Route,Date,Total_Market_Forecast,Total_Market_Lower_CI,Total_Market_Upper_CI,CebuPac_Forecast,CebuPac_Lower_CI,CebuPac_Upper_CI
Angeles City (CRK)-Cebu (CEB),2025-07-01,5874.15,280.5099797166931,11467.790020283306,3743.25,-2039.2227855832125,9525.722785583213
Angeles City (CRK)-Cebu (CEB),2025-08-01,5874.15,-2036.4515797175663,13784.751579717566,3743.25,-4434.401437425108,11920.90143742511
Angeles City (CRK)-Cebu (CEB),2025-09-01,5874.15,-3814.318714381292,15562.618714381291,3743.25,-6272.286658014458,13758.786658014458
Angeles City (CRK)-Cebu (CEB),2025-10-01,5874.15,-5313.130040566613,17061.430040566614,3743.25,-7821.695571166425,15308.195571166425
Angeles City (CRK)-Cebu (CEB),2025-11-01,5874.15,-6633.609327016775,18381.909327016772,3743.25,-9186.752226606628,16673.25222660663
Angeles City (CRK)-Cebu (CEB),2025-12-01,5874.15,-7827.413854505447,19575.713854505448,3743.25,-10420.85777620895,17907.357776208948
Angeles City (CRK)-Cebu (CEB),2026-01-01,5874.15,-8925.23041728792,20673.53041728792,3743.25,-11555.734953652101,19042.2349536521
Angeles City (CRK)-Cebu (CEB),2026-02-01,5874.15,-9947.053159435132,21695.35315943513,3743.25,-12612.05287485022,20098.55287485022
Angeles City (CRK)-Cebu (CEB),2026-03-01,5874.15,-10906.770060849916,22655.070060849917,3743.25,-13604.16835674964,21090.66835674964
Angeles City (CRK)-Cebu (CEB),2026-04-01,5874.15,-11814.492875165697,23562.792875165695,3743.25,-14542.534510381414,22029.034510381414
Angeles City (CRK)-Cebu (CEB),2026-05-01,5874.15,-12677.855159595694,24426.15515959569,3743.25,-15435.042590220728,22921.542590220728
Angeles City (CRK)-Cebu (CEB),2026-06-01,5874.15,-13502.787428762584,25251.087428762585,3743.25,-16287.82331602892,23774.32331602892
Angeles City (CRK)-Manila (MNL),2025-07-01,317.155,-121.4856491842736,755.7956491842735,187.22,-151.8985307804027,526.3385307804027
Angeles City (CRK)-Manila (MNL),2025-08-01,322.675,-115.96564918427356,761.3156491842735,192.74,-146.37853078040268,531.8585307804027
Angeles City (CRK)-Manila (MNL),2025-09-01,290.639,-148.00164918427356,729.2796491842736,160.704,-178.41453078040269,499.8225307804027
Angeles City (CRK)-Manila (MNL),2025-10-01,292.685,-145.95564918427357,731.3256491842735,162.75,-176.3685307804027,501.8685307804027
Angeles City (CRK)-Manila (MNL),2025-11-01,334.17500000000007,-104.46564918427333,772.8156491842735,204.24000000000004,-134.87853078040266,543.3585307804027
Angeles City (CRK)-Manila (MNL),2025-12-01,280.22299999999996,-158.41764918427344,718.8636491842733,-2.842170943040401e-14,-339.1185307804027,339.1185307804027
Angeles City (CRK)-Manila (MNL),2026-01-01,286.919,-151.72164918427342,725.5596491842734,156.984,-182.13453078040268,496.10253078040273
Angeles City (CRK)-Manila (MNL),2026-02-01,286.91900000000004,-151.72164918427336,725.5596491842734,156.984,-182.13453078040268,496.10253078040273
Angeles City (CRK)-Manila (MNL),2026-03-01,410.435,-28.205649184273398,849.0756491842734,0.0,-339.1185307804027,339.1185307804027
Angeles City (CRK)-Manila (MNL),2026-04-01,410.435,-28.205649184273398,849.0756491842734,0.0,-339.1185307804027,339.1185307804027
Angeles City (CRK)-Manila (MNL),2026-05-01,606.117,167.47635081572656,1044.7576491842733,0.0,-339.1185307804027,339.1185307804027
Angeles City (CRK)-Manila (MNL),2026-06-01,776.1210000000001,337.4803508157267,1214.7616491842734,162.75,-176.3685307804027,501.8685307804027
Bacolod City (BCD)-Cebu (CEB),2025-07-01,7872.379810578737,5893.394955375807,9851.364665781668,275.0966923879884,-971.85299319248,1522.046377968457
Bacolod City (BCD)-Cebu (CEB),2025-08-01,8308.499138829133,6189.884645984788,10427.113631673477,379.05211309014754,-953.9589521999039,1712.063178380199
Bacolod City (BCD)-Cebu (CEB),2025-09-01,8595.791909830075,6453.520719013046,10738.063100647105,418.3354988682701,-926.5157029644611,1763.1867007010014
Bacolod City (BCD)-Cebu (CEB),2025-10-01,8830.319061030626,6682.57527885671,10978.062843204543,433.1801735160133,-913.3532867600686,1779.7136337920954
Bacolod City (BCD)-Cebu (CEB),2025-11-01,9046.138458155723,6896.684054681252,11195.592861630194,2165.613780759187,818.8402680138788,3512.3872935044956
Bacolod City (BCD)-Cebu (CEB),2025-12-01,9255.325126169104,7105.160872711216,11405.489379626992,1074.7975775327359,-272.01021084586637,2421.605365911338
Bacolod City (BCD)-Cebu (CEB),2026-01-01,9462.16019733703,7311.599192797804,11612.721201876258,2694.170620844033,1347.357938028737,4040.9833036593286
Bacolod City (BCD)-Cebu (CEB),2026-02-01,9668.161523054116,7517.309543943149,11819.013502165082,2740.4773245723245,1393.6639428404264,4087.2907063042226
Bacolod City (BCD)-Cebu (CEB),2026-03-01,9873.86724900539,7722.761152359472,12024.97334565131,3015.9957123286786,1669.1822307925913,4362.809193864766
Bacolod City (BCD)-Cebu (CEB),2026-04-01,10079.468171720306,7928.120957338111,12230.8153861025,1377.3789379568448,30.565442168872778,2724.1924337448168
Bacolod City (BCD)-Cebu (CEB),2026-05-01,10285.03193703653,8133.4482194582915,12436.615654614769,442.1872723530248,-904.6262254700944,1789.000770176144
Bacolod City (BCD)-Cebu (CEB),2026-06-01,10490.58252840579,8338.763958627456,12642.401098184124,442.1934449064347,-904.6200532073003,1789.0069430201697
Bacolod City (BCD)-Davao City (DVO),2025-07-01,2210.7813475033345,624.9639626039268,3796.598732402742,2210.7813475033345,624.9639626039268,3796.598732402742
Bacolod City (BCD)-Davao City (DVO),2025-08-01,2354.7980633692364,350.6148765250282,4358.981250213445,2354.7980633692364,350.6148765250282,4358.981250213445
Bacolod City (BCD)-Davao City (DVO),2025-09-01,1363.895243606139,-852.8040169454721,3580.59450415775,1363.895243606139,-852.8040169454721,3580.59450415775
Bacolod City (BCD)-Davao City (DVO),2025-10-01,3030.122022233817,695.7104273116779,5364.533617155956,3030.122022233817,695.7104273116779,5364.533617155956
Bacolod City (BCD)-Davao City (DVO),2025-11-01,4260.896662810243,1858.9331563608534,6662.860169259631,4260.896662810243,1858.9331563608534,6662.860169259631
Bacolod City (BCD)-Davao City (DVO),2025-12-01,4565.931846032381,2124.5153846135,7007.348307451262,4565.931846032381,2124.5153846135,7007.348307451262
Bacolod City (BCD)-Davao City (DVO),2026-01-01,4397.876999648017,1933.1991019370384,6862.554897358996,4397.876999648017,1933.1991019370384,6862.554897358996
Bacolod City (BCD)-Davao City (DVO),2026-02-01,4351.674965108391,1873.2086795420764,6830.141250674706,4351.674965108391,1873.2086795420764,6830.141250674706
Bacolod City (BCD)-Davao City (DVO),2026-03-01,4302.329368050742,1815.664657933648,6788.994078167836,4302.329368050742,1815.664657933648,6788.994078167836
Bacolod City (BCD)-Davao City (DVO),2026-04-01,1902.6201605706453,-588.9280585487429,4394.168379690033,1902.6201605706453,-588.9280585487429,4394.168379690033
Bacolod City (BCD)-Davao City (DVO),2026-05-01,1993.5834715347735,-500.8767839523746,4488.043727021922,1993.5834715347735,-500.8767839523746,4488.043727021922
Bacolod City (BCD)-Davao City (DVO),2026-06-01,1879.1437807919076,-617.0540208036125,4375.3415823874275,1879.1437807919076,-617.0540208036125,4375.3415823874275
Bacolod City (BCD)-Manila (MNL),2025-07-01,77066.746,62602.77281814645,91530.71918185355,34903.75,26877.431270636866,42930.068729363134
Bacolod City (BCD)-Manila (MNL),2025-08-01,77066.746,56611.59896042198,97521.89303957802,34903.75,23552.82119700546,46254.67880299454
Bacolod City (BCD)-Manila (MNL),2025-09-01,77066.746,52014.409569715965,102119.08243028403,34903.75,21001.758163001374,48805.741836998626
Bacolod City (BCD)-Manila (MNL),2025-10-01,77066.746,48138.7996362929,105994.6923637071,34903.75,18851.112541273727,50956.38745872627
Bacolod City (BCD)-Manila (MNL),2025-11-01,77066.746,44724.31874064152,109409.17325935847,34903.75,16956.355712064287,52851.14428793571
Bacolod City (BCD)-Manila (MNL),2025-12-01,77066.746,41637.39205115876,112496.09994884123,34903.75,15243.364600116485,54564.13539988351
Bacolod City (BCD)-Manila (MNL),2026-01-01,77066.746,38798.66999090789,115334.82200909211,34903.75,13668.106698765205,56139.3933012348
Bacolod City (BCD)-Manila (MNL),2026-02-01,77066.746,36156.45192084395,117977.04007915605,34903.75,12201.89239401093,57605.60760598907
Bacolod City (BCD)-Manila (MNL),2026-03-01,77066.746,33674.82645443934,120458.66554556065,34903.75,10824.79381191059,58982.70618808941
Bacolod City (BCD)-Manila (MNL),2026-04-01,77066.746,31327.646729749962,122805.84527025004,34903.75,9522.3015887439,60285.198411256104
Bacolod City (BCD)-Manila (MNL),2026-05-01,77066.746,29095.173978028834,125038.31802197116,34903.75,8283.462326900368,61524.037673099636
Bacolod City (BCD)-Manila (MNL),2026-06-01,77066.746,26962.073139431945,127171.41886056805,34903.75,7099.7663260027475,62707.73367399725
Busuanga (USU)-Cebu (CEB),2025-07-01,7679.293985354032,6397.24446784323,8961.343502864835,63.03038089148746,15.324691440093588,110.73607034288133
Busuanga (USU)-Cebu (CEB),2025-08-01,6964.143990721228,5682.094473210426,8246.19350823203,25.1667286775533,-23.070178005937166,73.40363536104377
Busuanga (USU)-Cebu (CEB),2025-09-01,5264.519810714399,3982.470293203597,6546.5693282252005,68.67836767986144,13.267718043304264,124.08901731641862
Busuanga (USU)-Cebu (CEB),2025-10-01,6521.276677118277,5239.227159607475,7803.326194629079,41.390743456443644,-17.740536413022845,100.52202332591014
Busuanga (USU)-Cebu (CEB),2025-11-01,7056.119518367412,5774.07000085661,8338.169035878214,46.63509025659093,-12.982508835461687,106.25268934864354
Busuanga (USU)-Cebu (CEB),2025-12-01,8681.515920317777,7399.466402806976,9963.56543782858,56.99095248888261,-8.280820672368947,122.26272565013417
Busuanga (USU)-Cebu (CEB),2026-01-01,9131.324273078233,7849.274755567431,10413.373790589034,104.21635438616364,37.74097076085016,170.69173801147713
Busuanga (USU)-Cebu (CEB),2026-02-01,8389.873658990848,7107.824141480046,9671.923176501648,115.52160760397953,46.838882232949004,184.20433297501006
Busuanga (USU)-Cebu (CEB),2026-03-01,9074.906490407328,7792.856972896526,10356.956007918128,49.31649009425139,-22.299728818514083,120.93270900701687
Busuanga (USU)-Cebu (CEB),2026-04-01,8681.03343650828,7398.983918997478,9963.082954019083,167.5940624567488,94.62010275807624,240.56802215542132
Busuanga (USU)-Cebu (CEB),2026-05-01,8845.265589315222,7563.216071804421,10127.315106826023,51.90197367201257,-23.61084197283155,127.4147893168567
Busuanga (USU)-Cebu (CEB),2026-06-01,8828.410733908715,7546.361216397913,10110.460251419518,110.6145757963587,33.2182361856881,188.0109154070293
Busuanga (USU)-Manila (MNL),2025-07-01,9444.625874227084,8340.604152265381,10548.647596188786,11.232,-48.50045569474749,70.96445569474749
Busuanga (USU)-Manila (MNL),2025-08-01,9292.745743763404,8185.604446567785,10399.887040959024,11.232,-48.50045569474749,70.96445569474749
Busuanga (USU)-Manila (MNL),2025-09-01,9735.811377475578,9414.6546124084,10056.968142542757,72.0,12.267544305252514,131.7324556947475
Busuanga (USU)-Manila (MNL),2025-10-01,10505.431754270901,10183.326399160615,10827.537109381188,11.232,-48.50045569474749,70.96445569474749
Busuanga (USU)-Manila (MNL),2025-11-01,13619.909099863045,13296.936842463821,13942.88135726227,11.232,-48.50045569474749,70.96445569474749
Busuanga (USU)-Manila (MNL),2025-12-01,13402.163447742387,13078.39874372256,13725.928151762213,11.232,-48.50045569474749,70.96445569474749
Busuanga (USU)-Manila (MNL),2026-01-01,13411.962255327431,13087.473001738177,13736.451508916685,11.232,-48.50045569474749,70.96445569474749
Busuanga (USU)-Manila (MNL),2026-02-01,13023.812682928328,12698.660823348995,13348.964542507661,11.232,-48.50045569474749,70.96445569474749
Busuanga (USU)-Manila (MNL),2026-03-01,13285.65755543096,12959.899624667689,13611.415486194232,11.232,-48.50045569474749,70.96445569474749
Busuanga (USU)-Manila (MNL),2026-04-01,13172.571540555224,12846.259155704649,13498.883925405798,71.568,11.835544305252512,131.30045569474748
Busuanga (USU)-Manila (MNL),2026-05-01,13464.309552316223,13137.489856110593,13791.129248521853,11.232,-48.50045569474749,70.96445569474749
Busuanga (USU)-Manila (MNL),2026-06-01,13199.943613634638,12872.659675227453,13527.227552041822,137.232,77.49954430525251,196.96445569474747
Butuan (BXU)-Manila (MNL),2025-07-01,32438.56,25578.446071983613,39298.67392801639,23611.0,18205.574106033073,29016.425893966927
Butuan (BXU)-Manila (MNL),2025-08-01,32438.56,22736.893843574657,42140.22615642534,23611.0,15966.573390349262,31255.426609650738
Butuan (BXU)-Manila (MNL),2025-09-01,32438.56,20556.49413096471,44320.62586903529,23611.0,14248.527715100863,32973.47228489914
Butuan (BXU)-Manila (MNL),2025-10-01,32438.56,18718.33214396722,46158.78785603278,23611.0,12800.148212066146,34421.851787933854
Butuan (BXU)-Manila (MNL),2025-11-01,32438.56,17098.878923562253,47778.24107643775,23611.0,11524.10025375238,35697.89974624762
Butuan (BXU)-Manila (MNL),2025-12-01,32438.56,15634.781298999838,49242.33870100016,23611.0,10370.464717353421,36851.53528264658
Butuan (BXU)-Manila (MNL),2026-01-01,32438.56,14288.404580898183,50588.71541910182,23611.0,9309.587354174517,37912.41264582548
Butuan (BXU)-Manila (MNL),2026-02-01,32438.56,13035.227687149312,51841.89231285069,23611.0,8322.146780698522,38899.853219301476
Butuan (BXU)-Manila (MNL),2026-03-01,32438.56,11858.218215950834,53018.90178404917,23611.0,7394.7223180992205,39827.27768190078
Butuan (BXU)-Manila (MNL),2026-04-01,32438.56,10744.974979223822,54132.14502077618,23611.0,6517.5424518126965,40704.4575481873
Butuan (BXU)-Manila (MNL),2026-05-01,32438.56,9686.136081678484,55190.98391832152,23611.0,5683.230477640289,41538.76952235971
Butuan (BXU)-Manila (MNL),2026-06-01,32438.56,8674.42826192942,56202.691738070585,23611.0,4886.055430201726,42335.944569798274
Cagayan de Oro (CGY)-Cebu (CEB),2025-07-01,12019.896980676673,9582.80150627784,14456.992455075506,-325.38838152339827,-2579.587411568501,1928.8106485217047
Cagayan de Oro (CGY)-Cebu (CEB),2025-08-01,10964.369821030472,7518.709696230204,14410.02994583074,-185.53411473342078,-2780.429396410377,2409.361166943536
Cagayan de Oro (CGY)-Cebu (CEB),2025-09-01,10953.641729502031,7231.0540028926025,14676.22945611146,-105.79021773535216,-2802.1955444229666,2590.6151089522623
Cagayan de Oro (CGY)-Cebu (CEB),2025-10-01,9835.634613998285,6093.38128119505,13577.88794680152,258.58700820554094,-2470.0078876873067,2987.1819040983883
Cagayan de Oro (CGY)-Cebu (CEB),2025-11-01,10425.616427756271,6677.477486960517,14173.755368552025,-34.39449840248355,-2773.3733718998183,2704.5843750948516
Cagayan de Oro (CGY)-Cebu (CEB),2025-12-01,13700.22955182253,9933.765244768187,17466.69385887687,31.550286908501207,-2710.796153901107,2773.8967277181096
Cagayan de Oro (CGY)-Cebu (CEB),2026-01-01,13430.166396608573,9653.119978938788,17207.21281427836,1363.8954956042267,-1379.5449177009027,4107.335908909356
Cagayan de Oro (CGY)-Cebu (CEB),2026-02-01,11811.969172667728,8032.81425473531,15591.124090600148,1244.5655255137854,-1499.2304659942497,3988.3615170218204
Cagayan de Oro (CGY)-Cebu (CEB),2026-03-01,11101.66235733479,7322.500467513433,14880.824247156146,1365.0021326385581,-1378.9094544711606,4108.913719748277
Cagayan de Oro (CGY)-Cebu (CEB),2026-04-01,11290.586494139827,7511.146335431635,15070.026652848019,-2.0729921300653587,-2746.022160614024,2741.8761763538932
Cagayan de Oro (CGY)-Cebu (CEB),2026-05-01,11497.472933389141,7717.716540248723,15277.22932652956,-1.182005202215152,-2745.143392025585,2742.7793816211542
Cagayan de Oro (CGY)-Cebu (CEB),2026-06-01,12639.07629277061,8859.204258905866,16418.948326635353,1166.3693408629504,-1577.5960183732238,3910.3347000991243
Cagayan de Oro (CGY)-Manila (MNL),2025-07-01,79629.69264790916,68108.56833941651,91150.81695640182,40326.31805823017,32019.407661836347,48633.228454624
Cagayan de Oro (CGY)-Manila (MNL),2025-08-01,79248.96303172185,66188.8933570327,92309.032706411,39968.658345841744,28220.91300184353,51716.40368983996
Cagayan de Oro (CGY)-Manila (MNL),2025-09-01,75669.93510552988,62203.597577427565,89136.27263363218,40120.00829278279,25734.596126055058,54505.420459510526
Cagayan de Oro (CGY)-Manila (MNL),2025-10-01,80378.15710607774,66798.20597851438,93958.10823364109,40865.57065499511,24256.340835598457,57474.800474391755
Cagayan de Oro (CGY)-Manila (MNL),2025-11-01,74454.47968176207,60842.3212135445,88066.63814997963,41463.383216570386,22894.782106620518,60031.98432652025
Cagayan de Oro (CGY)-Manila (MNL),2025-12-01,81476.21683919705,67854.89290153791,95097.54077685619,41546.40187942801,21206.308979755013,61886.49477910101
Cagayan de Oro (CGY)-Manila (MNL),2026-01-01,81107.7640513005,67483.82899218697,94731.69911041403,41823.92250554266,19854.72108277299,63793.12392831233
Cagayan de Oro (CGY)-Manila (MNL),2026-02-01,68509.74685271917,54885.06768979142,82134.42601564691,40570.87832402277,17085.303109838187,64056.45353820735
Cagayan de Oro (CGY)-Manila (MNL),2026-03-01,73502.37639111595,59877.48515978803,87127.26762244386,41016.5459149099,16106.735094110438,65926.35673570936
Cagayan de Oro (CGY)-Manila (MNL),2026-04-01,84871.51405581116,71246.56238770857,98496.46572391375,42349.07473125675,16092.168837474928,68605.98062503856
Cagayan de Oro (CGY)-Manila (MNL),2026-05-01,87421.3559804966,73796.387102643,101046.32485835021,42607.49976969426,15069.316476277625,70145.68306311089
Cagayan de Oro (CGY)-Manila (MNL),2026-06-01,86765.85517079949,73140.88145616681,100390.82888543217,43778.55529449218,15016.115010526224,72540.99557845814
Caticlan (MPH)-Cebu (CEB),2025-07-01,15565.810179820932,10035.162069331747,21096.458290310118,9765.0,6217.371330808895,13312.628669191105
Caticlan (MPH)-Cebu (CEB),2025-08-01,15166.505642026477,8803.169587661852,21529.8416963911,9765.0,4747.895421766326,14782.104578233673
Caticlan (MPH)-Cebu (CEB),2025-09-01,12032.12320359163,5444.892837540331,18619.353569642928,9765.0,3620.3268985730465,15909.673101426954
Caticlan (MPH)-Cebu (CEB),2025-10-01,15747.653734251377,9080.53602545456,22414.771443048194,9765.0,2669.742661617792,16860.25733838221
Caticlan (MPH)-Cebu (CEB),2025-11-01,19234.524421232913,12541.389830810967,25927.659011654858,9765.0,1832.2611367615773,17697.738863238425
Caticlan (MPH)-Cebu (CEB),2025-12-01,21084.175020276187,14382.516410845066,27785.833629707307,9765.0,1075.119963612855,18454.880036387145
Caticlan (MPH)-Cebu (CEB),2026-01-01,20423.63732878682,13719.181178007286,27128.093479566352,9765.0,378.8567973173067,19151.143202682695
Caticlan (MPH)-Cebu (CEB),2026-02-01,17948.591184193847,11243.217916698635,24653.96445168906,9765.0,-269.2091564673483,19799.209156467346
Caticlan (MPH)-Cebu (CEB),2026-03-01,17991.795830104536,11286.126603973353,24697.46505623572,9765.0,-877.8860075733119,20407.88600757331
Caticlan (MPH)-Cebu (CEB),2026-04-01,18662.448041361145,11956.697877074874,25368.198205647415,9765.0,-1453.5868871559069,20983.586887155907
Caticlan (MPH)-Cebu (CEB),2026-05-01,20216.631589648736,13510.905088625743,26922.35809067173,9765.0,-2001.1531912147511,21531.15319121475
Caticlan (MPH)-Cebu (CEB),2026-06-01,18651.40454987299,11945.841814183133,25356.967285562845,9765.0,-2524.346202853905,22054.346202853907
Caticlan (MPH)-Manila (MNL),2025-07-01,113294.824,93805.37369265092,132784.27430734906,38745.53270776168,28583.036354708845,48908.029060814515
Caticlan (MPH)-Manila (MNL),2025-08-01,113294.824,85732.57905215044,140857.06894784953,36439.577467298965,25339.53698276703,47539.6179518309
Caticlan (MPH)-Manila (MNL),2025-09-01,113294.824,79538.10585608252,147051.54214391747,35424.2531330836,24168.22745365156,46680.27881251564
Caticlan (MPH)-Manila (MNL),2025-10-01,113294.824,74315.92338530184,152273.72461469815,34485.898982582396,23196.814811400487,45774.983153764304
Caticlan (MPH)-Manila (MNL),2025-11-01,113294.824,69715.0882686633,156874.5597313367,35423.99447468627,24128.5172578406,46719.47169153193
Caticlan (MPH)-Manila (MNL),2025-12-01,113294.824,65555.61537966598,161034.032620334,36292.43428905041,24995.719003387065,47589.14957471376
Caticlan (MPH)-Manila (MNL),2026-01-01,113294.824,61730.58529740299,164859.062702597,36488.32663191664,25191.371523703314,47785.28174012997
Caticlan (MPH)-Manila (MNL),2026-02-01,113294.824,58170.33410430089,168419.3138956991,33970.46575617716,22673.464218887508,45267.46729346681
Caticlan (MPH)-Manila (MNL),2026-03-01,113294.824,54826.47307795277,171763.1749220472,35461.061209418825,24164.05083148404,46758.07158735361
Caticlan (MPH)-Manila (MNL),2026-04-01,113294.824,51663.77068410825,174925.87731589173,37926.35216220914,26629.34086539927,49223.36345901902
Caticlan (MPH)-Manila (MNL),2026-05-01,113294.824,48655.62996024638,177934.0180397536,38713.32868438566,27416.321306998827,50010.3360617725
Caticlan (MPH)-Manila (MNL),2026-06-01,113294.824,45781.38771216506,180808.2602878349,39206.90161391384,27909.91614667905,50503.88708114863
Caticlan (MPH)-nan,2025-06-01,334.4981282306637,117.64463077240396,551.3516256889235,156.98400000000004,-302.2292251608523,616.1972251608524
Caticlan (MPH)-nan,2025-07-01,418.1311047078252,98.87383289254103,737.3883765231094,484.3440000000001,25.13077483914776,943.5572251608525
Caticlan (MPH)-nan,2025-08-01,217.4267355151585,-119.15568070890629,554.0091517392233,0.0,-459.21322516085235,459.21322516085235
Caticlan (MPH)-nan,2025-09-01,-53.241249439190895,-392.5837125968382,286.10121371845645,0.0,-459.21322516085235,459.21322516085235
Caticlan (MPH)-nan,2025-10-01,440.42990543329324,80.92085839609081,799.9389524704957,482.11199999999997,22.89877483914762,941.3252251608524
Caticlan (MPH)-nan,2025-11-01,144.95334808777432,-227.95822435324743,517.8649205287961,165.16800000000003,-294.0452251608523,624.3812251608524
Caticlan (MPH)-nan,2025-12-01,265.5353231114823,-108.3388874637057,639.4095336866703,151.218,-307.9952251608523,610.4312251608524
Caticlan (MPH)-nan,2026-01-01,351.0633045799184,-24.736644433752247,726.863253593589,156.984,-302.22922516085237,616.1972251608523
Caticlan (MPH)-nan,2026-02-01,185.9587479197126,-194.47178880963077,566.389284649056,156.98399999999998,-302.22922516085237,616.1972251608523
Caticlan (MPH)-nan,2026-03-01,338.9583269291721,-43.39103897771531,721.3076928360595,321.7799999999999,-137.43322516085243,780.9932251608523
Caticlan (MPH)-nan,2026-04-01,25.083564819646227,-357.2681494545184,407.4352790938108,0.0,-459.21322516085235,459.21322516085235
Caticlan (MPH)-nan,2026-05-01,131.05976480958117,-252.0703571411271,514.1898867602895,0.0,-459.21322516085235,459.21322516085235
Cauayan (CYZ)-Manila (MNL),2025-07-01,11372.210000000001,8811.181891364286,13933.238108635716,7323.75,5660.664589694794,8986.835410305206
Cauayan (CYZ)-Manila (MNL),2025-08-01,11270.096,7648.255315148654,14891.936684851345,7323.75,4971.792057361554,9675.707942638446
Cauayan (CYZ)-Manila (MNL),2025-09-01,10506.938,6071.107196230913,14942.768803769086,7323.75,4443.201572024851,10204.298427975149
Cauayan (CYZ)-Manila (MNL),2025-10-01,10663.922,5541.865782728569,15785.978217271433,7323.75,3997.579179389588,10649.920820610412
Cauayan (CYZ)-Manila (MNL),2025-11-01,12547.73,6821.097056802822,18274.36294319718,7323.75,3604.9779701694297,11042.52202983057
Cauayan (CYZ)-Manila (MNL),2025-12-01,13555.105999999998,7281.893916917408,19828.318083082588,7323.75,3250.0393460850446,11397.460653914955
Cauayan (CYZ)-Manila (MNL),2026-01-01,15272.767999999996,8496.924523903783,22048.61147609621,7323.75,2923.639595272609,11723.860404727391
Cauayan (CYZ)-Manila (MNL),2026-02-01,15231.663999999999,7987.982630297307,22475.345369702693,7323.75,2619.8341147231076,12027.665885276892
Cauayan (CYZ)-Manila (MNL),2026-03-01,17301.251999999997,9618.167674092849,24984.336325907145,7323.75,2334.4937690843817,12313.006230915618
Cauayan (CYZ)-Manila (MNL),2026-04-01,20053.946,11955.264024998,28152.627975002,7323.75,2064.612160039883,12582.887839960116
Cauayan (CYZ)-Manila (MNL),2026-05-01,20866.428,12372.458686101783,29360.39731389822,7323.75,1807.9196997033705,12839.58030029663
Cauayan (CYZ)-Manila (MNL),2026-06-01,17558.926,8687.264392461828,26430.58760753817,7323.75,1562.6531440497001,13084.8468559503
Cebu (CEB)-Angeles City (CRK),2025-07-01,4247.25,-376.69732827516145,8871.19732827516,3743.2499999999995,-1065.6993152711398,8552.199315271138
Cebu (CEB)-Angeles City (CRK),2025-08-01,4247.25,-2291.999023345571,10786.499023345572,3743.2499999999995,-3057.6313424212553,10544.131342421255
Cebu (CEB)-Angeles City (CRK),2025-09-01,4247.25,-3761.661704094946,12256.161704094946,3743.2499999999995,-4586.094545073178,12072.594545073178
Cebu (CEB)-Angeles City (CRK),2025-10-01,4247.25,-5000.644656550323,13495.144656550323,3743.2499999999995,-5874.648630542279,13361.148630542279
Cebu (CEB)-Angeles City (CRK),2025-11-01,4247.25,-6092.210550401796,14586.710550401796,3743.2499999999995,-7009.887569297336,14496.387569297336
Cebu (CEB)-Angeles City (CRK),2025-12-01,4247.25,-7079.0615517796905,15573.56155177969,3743.2499999999995,-8036.222021320844,15522.722021320844
Cebu (CEB)-Angeles City (CRK),2026-01-01,4247.25,-7986.564706077619,16481.064706077617,3743.2499999999995,-8980.033955721781,16466.53395572178
Cebu (CEB)-Angeles City (CRK),2026-02-01,4247.25,-8831.248046691142,17325.748046691144,3743.2499999999995,-9858.51268484251,17345.01268484251
Cebu (CEB)-Angeles City (CRK),2026-03-01,4247.25,-9624.591984825485,18119.091984825485,3743.2499999999995,-10683.597945813419,18170.097945813417
Cebu (CEB)-Angeles City (CRK),2026-04-01,4247.25,-10374.955337999807,18869.455337999807,3743.2499999999995,-11463.982988563948,18950.48298856395
Cebu (CEB)-Angeles City (CRK),2026-05-01,4247.25,-11088.64833825502,19583.14833825502,3743.2499999999995,-12206.230514590887,19692.730514590887
Cebu (CEB)-Angeles City (CRK),2026-06-01,4247.25,-11770.573408189894,20265.07340818989,3743.2499999999995,-12915.439090146356,20401.939090146356
Cebu (CEB)-Bacolod City (BCD),2025-07-01,8413.976455160477,6317.9202128668385,10510.032697454115,300.8564391419227,-971.2740222202433,1572.9869005040887
Cebu (CEB)-Bacolod City (BCD),2025-08-01,8118.826012343293,5719.111252248811,10518.540772437775,406.55094927787957,-941.799443135323,1754.901341691082
Cebu (CEB)-Bacolod City (BCD),2025-09-01,7154.370584932749,4754.655824838266,9554.085345027232,443.68271054162983,-913.7780995985215,1801.1435206817812
Cebu (CEB)-Bacolod City (BCD),2025-10-01,8539.29829471344,6139.583534618958,10939.013054807923,456.7275479014379,-901.8534364521952,1815.308532255071
Cebu (CEB)-Bacolod City (BCD),2025-11-01,9582.403647185827,7182.688887091344,11982.11840728031,2188.134357225648,829.4151847724561,3546.8535296788395
Cebu (CEB)-Bacolod City (BCD),2025-12-01,9969.79138062123,7570.076620526746,12369.506140715712,1096.8083536344013,-261.9278730470612,2455.5445803158636
Cebu (CEB)-Bacolod City (BCD),2026-01-01,10079.7788728275,7680.064112733018,12479.493632921984,2715.945964868215,1357.2076333653638,4074.684296371066
Cebu (CEB)-Bacolod City (BCD),2026-02-01,8882.62796765217,6482.913207557687,11282.342727746653,2762.14867094363,1403.4100796635325,4120.887262223727
Cebu (CEB)-Bacolod City (BCD),2026-03-01,9057.97409192928,6658.259331834797,11457.688852023763,3037.622478794052,1678.8838554521985,4396.361102135905
Cebu (CEB)-Bacolod City (BCD),2026-04-01,10797.25448355567,8397.539723461186,13196.969243650152,1398.9870031372072,40.24837583828571,2757.725630436129
Cebu (CEB)-Bacolod City (BCD),2026-05-01,10562.04226368433,8162.327503589848,12961.757023778813,463.7876188359225,-894.951008951381,1822.5262466232261
Cebu (CEB)-Bacolod City (BCD),2026-06-01,9783.07767532898,7383.3629152344965,12182.792435423462,463.79064563520853,-894.9479822123711,1822.529273482788
Cebu (CEB)-Butuan (BXU),2025-07-01,4133.64,2373.28442244128,5893.9955775587205,0.0,-143.2429408434213,143.2429408434213
Cebu (CEB)-Butuan (BXU),2025-08-01,4133.64,1644.121267617336,6623.158732382664,0.0,-143.2429408434213,143.2429408434213
Cebu (CEB)-Butuan (BXU),2025-09-01,4133.64,1084.6147002810421,7182.6652997189585,0.0,-143.2429408434213,143.2429408434213
Cebu (CEB)-Butuan (BXU),2025-10-01,4133.64,612.9288448825605,7654.35115511744,0.0,-143.2429408434213,143.2429408434213
Cebu (CEB)-Butuan (BXU),2025-11-01,4133.64,197.3652640077994,8069.914735992201,0.0,-143.2429408434213,143.2429408434213
Cebu (CEB)-Butuan (BXU),2025-12-01,4133.64,-178.33293088124174,8445.612930881241,0.0,-143.2429408434213,143.2429408434213
Cebu (CEB)-Butuan (BXU),2026-01-01,4133.64,-523.823077265848,8791.103077265849,160.89,17.647059156578678,304.1329408434213
Cebu (CEB)-Butuan (BXU),2026-02-01,4133.64,-845.3974647653286,9112.67746476533,0.0,-143.2429408434213,143.2429408434213
Cebu (CEB)-Butuan (BXU),2026-03-01,4133.64,-1147.4267326761592,9414.70673267616,302.808,159.56505915657868,446.0509408434213
Cebu (CEB)-Butuan (BXU),2026-04-01,4133.64,-1433.093116866744,9700.373116866744,0.0,-143.2429408434213,143.2429408434213
Cebu (CEB)-Butuan (BXU),2026-05-01,4133.64,-1704.7989483716474,9972.078948371647,0.0,-143.2429408434213,143.2429408434213
Cebu (CEB)-Butuan (BXU),2026-06-01,4133.64,-1964.4105994379152,10231.690599437916,0.0,-143.2429408434213,143.2429408434213
Cebu (CEB)-Cagayan de Oro (CGY),2025-07-01,11839.30215292137,8651.964209852438,15026.6400959903,-325.00207025476084,-2565.095089890624,1915.0909493811023
Cebu (CEB)-Cagayan de Oro (CGY),2025-08-01,10218.758246064732,5464.3498033402375,14973.166688789226,-126.73109557116575,-2709.360206134359,2455.898014992027
Cebu (CEB)-Cagayan de Oro (CGY),2025-09-01,9138.69546626567,4143.4358600012665,14133.955072530072,-106.99231860611073,-2792.845160099262,2578.860522887041
Cebu (CEB)-Cagayan de Oro (CGY),2025-10-01,9138.69546626567,4143.4358600012665,14133.955072530072,259.0943485631551,-2459.883003227905,2978.0717003542154
Cebu (CEB)-Cagayan de Oro (CGY),2025-11-01,9138.69546626567,4143.4358600012665,14133.955072530072,-35.22241021953551,-2765.016576837268,2694.571756398197
Cebu (CEB)-Cagayan de Oro (CGY),2025-12-01,9138.69546626567,4143.4358600012665,14133.955072530072,30.42250802228122,-2702.9232430013753,2763.768259045938
Cebu (CEB)-Cagayan de Oro (CGY),2026-01-01,9138.69546626567,4143.4358600012665,14133.955072530072,1349.2395786470347,-1385.2743626173624,4083.753519911432
Cebu (CEB)-Cagayan de Oro (CGY),2026-02-01,9138.69546626567,4143.4358600012665,14133.955072530072,1231.331521584426,-1503.566884618765,3966.229927787617
Cebu (CEB)-Cagayan de Oro (CGY),2026-03-01,9138.69546626567,4143.4358600012665,14133.955072530072,1350.644318541138,-1384.3806436320629,4085.669280714339
Cebu (CEB)-Cagayan de Oro (CGY),2026-04-01,9138.69546626567,4143.4358600012665,14133.955072530072,-2.1902074405882774,-2737.2568311953696,2732.8764163141927
Cebu (CEB)-Cagayan de Oro (CGY),2026-05-01,9138.69546626567,4143.4358600012665,14133.955072530072,-1.2566620090879046,-2736.3370008275347,2733.823676809359
Cebu (CEB)-Cagayan de Oro (CGY),2026-06-01,9138.69546626567,4143.4358600012665,14133.955072530072,1171.0916277003382,-1563.9932261711049,3906.1764815717816
Cebu (CEB)-Caticlan (MPH),2025-07-01,13625.35472377385,8996.584915844,18254.1245317037,9765.0,6029.923724980434,13500.076275019566
Cebu (CEB)-Caticlan (MPH),2025-08-01,13639.9078124392,8298.84084547592,18980.97477940248,9765.0,4482.804475369348,15047.195524630652
Cebu (CEB)-Caticlan (MPH),2025-09-01,10134.881619580641,4577.833446741717,15691.929792419565,9765.0,3295.6581215210044,16234.341878478996
Cebu (CEB)-Caticlan (MPH),2025-10-01,13427.431946211715,7800.625785531262,19054.238106892168,9765.0,2294.8474499608665,17235.152550039133
Cebu (CEB)-Caticlan (MPH),2025-11-01,17370.22266014372,11720.485259545803,23019.96006074164,9765.0,1413.1155479095487,18116.884452090453
Cebu (CEB)-Caticlan (MPH),2025-12-01,19182.464368254306,13525.146916540169,24839.781819968444,9765.0,615.9689758267705,18914.03102417323
Cebu (CEB)-Caticlan (MPH),2026-01-01,17562.935863269806,11903.10824323948,23222.763483300132,9765.0,-117.08295155926498,19647.082951559263
Cebu (CEB)-Caticlan (MPH),2026-02-01,15181.815681334112,9521.156311494648,20842.475051173577,9765.0,-799.3910492613013,20329.3910492613
Cebu (CEB)-Caticlan (MPH),2026-03-01,15918.058215919265,10257.123189526803,21578.993242311728,9765.0,-1440.228825058699,20970.2288250587
Cebu (CEB)-Caticlan (MPH),2026-04-01,16849.285419517466,11188.259029707599,22510.311809327333,9765.0,-2046.3482635193013,21576.3482635193
Cebu (CEB)-Caticlan (MPH),2026-05-01,18041.50455970224,12380.447887808157,23702.561231596323,9765.0,-2622.846567598199,22152.8465675982
Cebu (CEB)-Caticlan (MPH),2026-06-01,16408.341965922402,10747.275257065632,22069.408674779173,9765.0,-3173.683756957991,22703.68375695799
Cebu (CEB)-Davao City (DVO),2025-07-01,23803.918526017784,15422.247900605777,32185.58915142979,16859.630668868354,8469.694002507647,25249.56733522906
Cebu (CEB)-Davao City (DVO),2025-08-01,24989.79043353658,14616.295940041235,35363.28492703192,16341.174574892499,6144.475467689721,26537.873682095276
Cebu (CEB)-Davao City (DVO),2025-09-01,25299.154062289468,14371.1092796252,36227.19884495374,15983.074656288672,5028.917868841279,26937.231443736066
Cebu (CEB)-Davao City (DVO),2025-10-01,27088.977736491863,16090.9845454811,38086.970927502625,15735.733457691364,4438.093305066774,27033.373610315954
Cebu (CEB)-Davao City (DVO),2025-11-01,32645.394929837756,21624.764283958124,43666.02557571739,15564.89379717964,4107.014535501372,27022.773058857907
Cebu (CEB)-Davao City (DVO),2025-12-01,36361.23451933184,25106.662025569887,47615.80701309379,15446.894087591114,3913.3534978896714,26980.434677292556
Cebu (CEB)-Davao City (DVO),2026-01-01,34405.15680944158,22690.46293318517,46119.85068569799,15365.391165955296,3795.928965793675,26934.853366116917
Cebu (CEB)-Davao City (DVO),2026-02-01,28365.225137366993,16097.269674460927,40633.18060027306,15309.096737279682,3722.5365594151717,26895.656915144194
Cebu (CEB)-Davao City (DVO),2026-03-01,31412.04939887003,18646.257310190107,44177.84148754995,15270.213926255139,3675.505655187031,26864.92219732325
Cebu (CEB)-Davao City (DVO),2026-04-01,35299.22453733312,22178.892463679425,48419.55661098681,15243.357396599564,3644.763910293048,26841.95088290608
Cebu (CEB)-Davao City (DVO),2026-05-01,34484.624426553935,21167.99066100611,47801.258192101755,15224.8074727094,3624.360915124511,26825.25403029429
Cebu (CEB)-Davao City (DVO),2026-06-01,34329.15428473705,20936.8422839814,47721.4662854927,15211.994958183372,3610.664455346703,26813.32546102004
Cebu (CEB)-General Santos (GES),2025-07-01,3956.6748624305233,353.5043176273525,7559.845407233694,5709.51822893805,2566.6558515193915,8852.380606356708
Cebu (CEB)-General Santos (GES),2025-08-01,4318.191371314954,6.3738330541609685,8630.008909575747,2371.317808064172,-830.0840295675152,5572.719645695859
Cebu (CEB)-General Santos (GES),2025-09-01,4555.811607355336,-28.398141930992097,9140.021356641664,4224.323483030088,124.34447875703972,8324.302487303135
Cebu (CEB)-General Santos (GES),2025-10-01,4711.996387823928,14.989916732512938,9409.002858915343,3723.7606559665073,-376.218348306541,7823.739660239556
Cebu (CEB)-General Santos (GES),2025-11-01,4814.654671716369,69.74639648731227,9559.562946945425,5365.4467445236605,1265.4677402506122,9465.425748796708
Cebu (CEB)-General Santos (GES),2025-12-01,4882.1306653447,116.6764767197401,9647.58485396966,5198.300939473049,1098.3219352000006,9298.279943746096
Cebu (CEB)-General Santos (GES),2026-01-01,4926.48178386623,152.17856318113263,9700.785004551328,4974.657310437891,874.678306164843,9074.63631471094
Cebu (CEB)-General Santos (GES),2026-02-01,4955.633214002191,177.51204480078195,9733.7543832036,4393.282223782653,293.3032195096048,8493.2612280557
Cebu (CEB)-General Santos (GES),2026-03-01,4974.794080904776,195.0243994218472,9754.563762387705,6475.604107864193,2375.6251035911446,10575.583112137241
Cebu (CEB)-General Santos (GES),2026-04-01,4987.388276755417,206.90656982001838,9767.869983690816,4653.451394272808,553.4723899997598,8753.430398545857
Cebu (CEB)-General Santos (GES),2026-05-01,4995.6662826478805,214.87699451725985,9776.4555707785,3784.675959990095,-315.3030442829531,7884.6549642631435
Cebu (CEB)-General Santos (GES),2026-06-01,5001.107311385906,220.1851460910584,9782.029476680753,4931.355438873521,831.3764346004727,9031.33444314657
Cebu (CEB)-Iloilo (ILO),2025-07-01,6764.492,3557.870642800986,9971.113357199014,265.27682858650405,-3818.6509484645667,4349.204605637575
Cebu (CEB)-Iloilo (ILO),2025-08-01,6764.492,2229.6445872539334,11299.339412746067,1015.9773935129087,-4455.010334259608,6486.965121285425
Cebu (CEB)-Iloilo (ILO),2025-09-01,6764.492,1210.4608886958385,12318.523111304163,1257.94998681596,-5103.115493817672,7619.0154674495925
Cebu (CEB)-Iloilo (ILO),2025-10-01,6764.492,351.2492856019717,13177.73471439803,1072.1259549833185,-5915.847835275868,8060.099745242505
Cebu (CEB)-Iloilo (ILO),2025-11-01,6764.492,-405.73133279962985,13934.715332799631,283.96799379882214,-7164.639440855417,7732.575428453061
Cebu (CEB)-Iloilo (ILO),2025-12-01,6764.492,-1090.094123448458,14619.078123448458,601.467731110034,-7193.789466455928,8396.724928675996
Cebu (CEB)-Iloilo (ILO),2026-01-01,6764.492,-1719.4306598970088,15248.41465989701,1055.1328937265343,-7004.959766434312,9115.22555388738
Cebu (CEB)-Iloilo (ILO),2026-02-01,6764.492,-2305.2028254921333,15834.186825492134,972.3259376556425,-7292.164349754395,9236.816225065679
Cebu (CEB)-Iloilo (ILO),2026-03-01,6764.492,-2855.372071597043,16384.356071597045,900.1418538080279,-7523.233517255151,9323.517224871208
Cebu (CEB)-Iloilo (ILO),2026-04-01,6764.492,-3375.735082489251,16904.719082489253,-416.93401828873493,-8964.458901671853,8130.590865094382
Cebu (CEB)-Iloilo (ILO),2026-05-01,6764.492,-3870.6678865693266,17399.65188656933,-366.63360492600646,-9011.54046081705,8278.273250965038
Cebu (CEB)-Iloilo (ILO),2026-06-01,6764.492,-4343.570222608323,17872.554222608323,4394.889080320829,-4326.625316407562,13116.40347704922
Cebu (CEB)-Manila (MNL),2025-07-01,152230.64987878787,128177.04960601997,176284.25015155578,56613.375,46064.85507390127,67161.89492609873
Cebu (CEB)-Manila (MNL),2025-08-01,155653.51675757574,121636.58902792618,189670.4444872253,56613.375,41695.51505754835,71531.23494245166
Cebu (CEB)-Manila (MNL),2025-09-01,159076.3836363636,117414.32585897698,200738.44141375023,56613.375,38342.80254334431,74883.94745665569
Cebu (CEB)-Manila (MNL),2025-10-01,162499.25051515148,114392.04996961568,210606.45106068728,56613.375,35516.33514780256,77710.41485219744
Cebu (CEB)-Manila (MNL),2025-11-01,165922.11739393935,112136.63208042283,219707.60270745587,56613.375,33026.1673832322,80200.5826167678
Cebu (CEB)-Manila (MNL),2025-12-01,169344.98427272722,110425.93712757558,228264.03141787887,56613.375,30774.88363947721,82451.86636052279
Cebu (CEB)-Manila (MNL),2026-01-01,172767.8511515151,109128.00669401581,236407.69560901436,56613.375,28704.614575733347,84522.13542426666
Cebu (CEB)-Manila (MNL),2026-02-01,176190.71803030296,108156.86257100386,244224.57348960207,56613.375,26777.6551150967,86449.0948849033
Cebu (CEB)-Manila (MNL),2026-03-01,179613.58490909083,107452.78409078711,251774.38572739455,56613.375,24967.815221703833,88258.93477829617
Cebu (CEB)-Manila (MNL),2026-04-01,183036.4517878787,106972.28899868471,259100.61457707267,56613.375,23256.026089857012,89970.72391014299
Cebu (CEB)-Manila (MNL),2026-05-01,186459.31866666657,106682.55170470513,266236.08562862803,56613.375,21627.892311543066,91598.85768845693
Cebu (CEB)-Manila (MNL),2026-06-01,189882.18554545444,106558.06999068121,273206.3011002277,56613.375,20072.23008668863,93154.51991331138
Cebu (CEB)-Ozamiz (OZC),2025-07-01,1645.344,713.9840073328278,2576.7039926671723,10.272000000000002,-66.39928035630834,86.94328035630835
Cebu (CEB)-Ozamiz (OZC),2025-08-01,1902.952,971.5920073328277,2834.3119926671725,10.272000000000002,-66.39928035630834,86.94328035630835
Cebu (CEB)-Ozamiz (OZC),2025-09-01,2256.768,1325.4080073328278,3188.1279926671723,10.272000000000002,-66.39928035630834,86.94328035630835
Cebu (CEB)-Ozamiz (OZC),2025-10-01,2054.968,1123.6080073328276,2986.327992667172,10.272000000000002,-66.39928035630834,86.94328035630835
Cebu (CEB)-Ozamiz (OZC),2025-11-01,859.104,-72.25599266717222,1790.4639926671723,10.272000000000002,-66.39928035630834,86.94328035630835
Cebu (CEB)-Ozamiz (OZC),2025-12-01,714.272,-217.08799266717222,1645.6319926671722,10.272000000000002,-66.39928035630834,86.94328035630835
Cebu (CEB)-Ozamiz (OZC),2026-01-01,2100.462,1169.1020073328277,3031.8219926671723,10.272000000000002,-66.39928035630834,86.94328035630835
Cebu (CEB)-Ozamiz (OZC),2026-02-01,2233.9800000000005,1302.6200073328282,3165.3399926671727,10.272000000000002,-66.39928035630834,86.94328035630835
Cebu (CEB)-Ozamiz (OZC),2026-03-01,1665.8919999999998,734.5320073328276,2597.251992667172,10.272000000000002,-66.39928035630834,86.94328035630835
Cebu (CEB)-Ozamiz (OZC),2026-04-01,1121.596,190.23600733282774,2052.9559926671723,10.272000000000002,-66.39928035630834,86.94328035630835
Cebu (CEB)-Ozamiz (OZC),2026-05-01,956.496,25.136007332827717,1887.8559926671724,10.272000000000002,-66.39928035630834,86.94328035630835
Cebu (CEB)-Ozamiz (OZC),2026-06-01,1896.244,964.8840073328277,2827.603992667172,10.272000000000002,-66.39928035630834,86.94328035630835
Cebu (CEB)-Puerto Princesa City (PPS),2025-07-01,10235.4177236447,6951.390864068493,13519.444583220906,8526.0,5419.426129975782,11632.573870024218
Cebu (CEB)-Puerto Princesa City (PPS),2025-08-01,9920.821821266882,5196.217805683179,14645.425836850583,8526.0,4132.641100497879,12919.35889950212
Cebu (CEB)-Puerto Princesa City (PPS),2025-09-01,9516.224478469372,4255.504252954232,14776.944703984513,8526.0,3145.256219652182,13906.743780347817
Cebu (CEB)-Puerto Princesa City (PPS),2025-10-01,13612.232062443127,8226.734798231095,18997.729326655157,8526.0,2312.8522599515645,14739.147740048436
Cebu (CEB)-Puerto Princesa City (PPS),2025-11-01,15891.83856981331,10495.168350622482,21288.50878900414,8526.0,1579.4896495012536,15472.510350498746
Cebu (CEB)-Puerto Princesa City (PPS),2025-12-01,17276.76929720839,11879.743604797728,22673.79498961905,8526.0,916.4791701774375,16135.520829822563
Cebu (CEB)-Puerto Princesa City (PPS),2026-01-01,16532.63303167613,11132.234824736457,21933.031238615804,8526.0,306.7781104644273,16745.221889535573
Cebu (CEB)-Puerto Princesa City (PPS),2026-02-01,12128.820569698102,6725.595876063713,17532.04526333249,8526.0,-260.7177990042419,17312.71779900424
Cebu (CEB)-Puerto Princesa City (PPS),2026-03-01,14007.801988429486,8603.436314657316,19412.167662201657,8526.0,-793.7216100726528,17845.72161007265
Cebu (CEB)-Puerto Princesa City (PPS),2026-04-01,12422.62964473384,7018.02301435738,17827.236275110303,8526.0,-1297.8491488404088,18349.84914884041
Cebu (CEB)-Puerto Princesa City (PPS),2026-05-01,14114.00586138012,8709.385396286605,19518.626326473634,8526.0,-1777.339910392633,18829.339910392635
Cebu (CEB)-Puerto Princesa City (PPS),2026-06-01,13733.842844986073,8329.219060267445,19138.4666297047,8526.0,-2235.4875606956357,19287.487560695634
Cebu (CEB)-nan,2025-07-01,400.53599999999994,-154.23871377687897,955.3107137768789,94.87896774193551,-216.92619414289186,406.6841296267629
Cebu (CEB)-nan,2025-08-01,563.4360000000001,8.661286223121238,1118.210713776879,94.87896774193551,-216.92619414289186,406.6841296267629
Cebu (CEB)-nan,2025-09-01,336.6,-218.1747137768789,891.3747137768789,94.87896774193551,-216.92619414289186,406.6841296267629
Cebu (CEB)-nan,2025-10-01,280.5,-274.2747137768789,835.2747137768789,94.87896774193551,-216.92619414289186,406.6841296267629
Cebu (CEB)-nan,2025-11-01,233.736,-321.0387137768789,788.5107137768789,94.87896774193551,-216.92619414289186,406.6841296267629
Cebu (CEB)-nan,2025-12-01,117.44400000000002,-437.3307137768789,672.218713776879,94.87896774193551,-216.92619414289186,406.6841296267629
Cebu (CEB)-nan,2026-01-01,285.45,-269.3247137768789,840.2247137768788,94.87896774193551,-216.92619414289186,406.6841296267629
Cebu (CEB)-nan,2026-02-01,62.49599999999998,-492.27871377687893,617.2707137768789,94.87896774193551,-216.92619414289186,406.6841296267629
Cebu (CEB)-nan,2026-03-01,175.82399999999998,-378.95071377687896,730.5987137768789,94.87896774193551,-216.92619414289186,406.6841296267629
Cebu (CEB)-nan,2026-04-01,172.536,-382.2387137768789,727.3107137768789,94.87896774193551,-216.92619414289186,406.6841296267629
Cebu (CEB)-nan,2026-05-01,795.2040000000001,240.42928622312115,1349.978713776879,94.87896774193551,-216.92619414289186,406.6841296267629
Cebu (CEB)-nan,2026-06-01,740.8500000000001,186.07528622312122,1295.6247137768792,94.87896774193551,-216.92619414289186,406.6841296267629
Davao City (DVO)-Bacolod City (BCD),2025-07-01,2446.926200869157,959.2286462684731,3934.623755469841,2446.926200869157,959.2286462684731,3934.623755469841
Davao City (DVO)-Bacolod City (BCD),2025-08-01,2071.5519569989438,180.55987541382137,3962.544038584066,2071.5519569989438,180.55987541382137,3962.544038584066
Davao City (DVO)-Bacolod City (BCD),2025-09-01,1486.1040690512684,-615.0276399785987,3587.2357780811353,1486.1040690512684,-615.0276399785987,3587.2357780811353
Davao City (DVO)-Bacolod City (BCD),2025-10-01,3117.124629002738,896.4863884247925,5337.762869580683,3117.124629002738,896.4863884247925,5337.762869580683
Davao City (DVO)-Bacolod City (BCD),2025-11-01,4165.310179650433,1874.1946441322007,6456.425715168666,4165.310179650433,1874.1946441322007,6456.425715168666
Davao City (DVO)-Bacolod City (BCD),2025-12-01,4608.79897792701,2275.3517850538774,6942.246170800143,4608.79897792701,2275.3517850538774,6942.246170800143
Davao City (DVO)-Bacolod City (BCD),2026-01-01,4588.300336416952,2229.168962420049,6947.4317104138545,4588.300336416952,2229.168962420049,6947.4317104138545
Davao City (DVO)-Bacolod City (BCD),2026-02-01,4409.869992911959,2035.0640321003752,6784.675953723543,4409.869992911959,2035.0640321003752,6784.675953723543
Davao City (DVO)-Bacolod City (BCD),2026-03-01,4164.170730735043,1779.765792163906,6548.575669306181,4164.170730735043,1779.765792163906,6548.575669306181
Davao City (DVO)-Bacolod City (BCD),2026-04-01,1911.1197634827993,-479.17571547774264,4301.415242443341,1911.1197634827993,-479.17571547774264,4301.415242443341
Davao City (DVO)-Bacolod City (BCD),2026-05-01,1998.7894875410893,-395.12535599649937,4392.704331078678,1998.7894875410893,-395.12535599649937,4392.704331078678
Davao City (DVO)-Bacolod City (BCD),2026-06-01,1882.0979221950797,-514.0425023203034,4278.238346710463,1882.0979221950797,-514.0425023203034,4278.238346710463
Davao City (DVO)-Cebu (CEB),2025-07-01,22276.3639124434,12553.873082963417,31998.854741923387,16580.369492908096,8721.42597847982,24439.31300733637
Davao City (DVO)-Cebu (CEB),2025-08-01,23101.482300420987,10437.597203493317,35765.36739734866,15971.254349010513,6367.140153234352,25575.368544786674
Davao City (DVO)-Cebu (CEB),2025-09-01,20615.005946041583,6253.844596504579,34976.16729557859,15543.381894413491,5185.923734422588,25900.840054404394
Davao City (DVO)-Cebu (CEB),2025-10-01,18818.133011467726,3384.5602674592174,34251.705755476236,15242.823224616797,4533.146336928163,25952.50011230543
Davao City (DVO)-Cebu (CEB),2025-11-01,18258.402928602034,2119.846585521098,34396.95927168297,15031.696022995373,4152.422877615272,25910.96916837547
Davao City (DVO)-Cebu (CEB),2025-12-01,20677.925673547274,4065.9494767463657,37289.901870348185,14883.389885978448,3921.398769143485,25845.38100281341
Davao City (DVO)-Cebu (CEB),2026-01-01,18301.665082588755,1367.7250265445437,35235.605138632964,14779.212356470327,3776.634438335368,25781.790274605286
Davao City (DVO)-Cebu (CEB),2026-02-01,11161.499972989455,-5993.1489128667345,28316.148858845645,14706.032932660126,3683.48313492741,25728.58273039284
Davao City (DVO)-Cebu (CEB),2026-03-01,15843.352956241883,-1463.37800120652,33150.08391369029,14654.628103859923,3622.2368052560596,25687.019402463786
Davao City (DVO)-Cebu (CEB),2026-04-01,23045.5933593769,5633.707332270955,40457.479386482846,14618.51882222863,3581.274616947505,25655.763027509754
Davao City (DVO)-Cebu (CEB),2026-05-01,22906.96566088033,5422.202571897575,40391.72874986309,14593.153885697166,3553.515872920483,25632.79189847385
Davao City (DVO)-Cebu (CEB),2026-06-01,24095.72324213448,6560.373146000966,41631.073338268,14575.33630594538,3534.517296240978,25616.155315649783
Davao City (DVO)-Manila (MNL),2025-07-01,117604.45618181818,99140.20728166908,136068.7050819673,58919.875,44704.67146976819,73135.07853023181
Davao City (DVO)-Manila (MNL),2025-08-01,120240.35936363637,94127.968150013,146352.75057725975,58919.875,38816.541375652276,79023.20862434772
Davao City (DVO)-Manila (MNL),2025-09-01,122876.26254545455,90895.24532679853,154857.27976411057,58919.875,34298.42024570603,83541.32975429397
Davao City (DVO)-Manila (MNL),2025-10-01,125512.16572727273,88583.66792697451,162440.66352757096,58919.875,30489.467939536375,87350.28206046362
Davao City (DVO)-Manila (MNL),2025-11-01,128148.06890909091,86860.75321488178,169435.38460330004,58919.875,27133.71359240668,90706.03640759332
Davao City (DVO)-Manila (MNL),2025-12-01,130783.9720909091,85555.98380179828,176011.9603800199,58919.875,24099.87976112195,93739.87023887805
Davao City (DVO)-Manila (MNL),2026-01-01,133419.87527272728,84568.06453733485,182271.68600811972,58919.875,21309.98162283918,96529.76837716083
Davao City (DVO)-Manila (MNL),2026-02-01,136055.77845454545,83830.99602729871,188280.5608817922,58919.875,18713.207751304544,99126.54224869545
Davao City (DVO)-Manila (MNL),2026-03-01,138691.68163636362,83298.9349359163,194084.42833681093,58919.875,16274.26440930456,101565.48559069543
Davao City (DVO)-Manila (MNL),2026-04-01,141327.5848181818,82938.5030094517,199716.66662691187,58919.875,13967.454441601258,103872.29555839874
Davao City (DVO)-Manila (MNL),2026-05-01,143963.48799999995,82724.502362473,205202.4736375269,58919.875,11773.378571685578,106066.37142831442
Davao City (DVO)-Manila (MNL),2026-06-01,146599.39118181812,82637.35674450609,210561.42561913014,58919.875,9676.965491412062,108162.78450858794
Davao City (DVO)-Panglao (TAG),2025-07-01,3551.352,1822.4225984680745,5280.281401531925,1991.5,420.70297601068,3562.29702398932
Davao City (DVO)-Panglao (TAG),2025-08-01,3551.352,1106.2765919679528,5996.4274080320465,1991.5,-229.94245506099242,4212.942455060993
Davao City (DVO)-Panglao (TAG),2025-09-01,3551.352,556.7584338470529,6545.945566152946,1991.5,-729.2002539274908,4712.200253927491
Davao City (DVO)-Panglao (TAG),2025-10-01,3551.352,93.49319693614916,7009.21080306385,1991.5,-1150.09404797864,5133.09404797864
Davao City (DVO)-Panglao (TAG),2025-11-01,3551.352,-314.6516701234141,7417.355670123414,1991.5,-1520.9089244944876,5503.908924494488
Davao City (DVO)-Panglao (TAG),2025-12-01,3551.352,-683.6428350487095,7786.346835048709,1991.5,-1856.151198256181,5839.151198256181
Davao City (DVO)-Panglao (TAG),2026-01-01,3551.352,-1022.9652308412096,8125.669230841209,1991.5,-2164.4382856361008,6147.438285636101
Davao City (DVO)-Panglao (TAG),2026-02-01,3551.352,-1338.7988160640944,8441.502816064094,1991.5,-2451.384910121985,6434.384910121985
Davao City (DVO)-Panglao (TAG),2026-03-01,3551.352,-1635.436204595775,8738.140204595775,1991.5,-2720.8910719679598,6703.89107196796
Davao City (DVO)-Panglao (TAG),2026-04-01,3551.352,-1916.002822472692,9018.706822472692,1991.5,-2975.7963376204007,6958.796337620401
Davao City (DVO)-Panglao (TAG),2026-05-01,3551.352,-2182.8581138951076,9285.562113895106,1991.5,-3218.244350379464,7201.244350379464
Davao City (DVO)-Panglao (TAG),2026-06-01,3551.352,-2437.8351323058932,9540.539132305894,1991.5,-3449.9005078549817,7432.900507854982
Del Carmin (IAO)-Cebu (CEB),2025-07-01,12737.467850739578,11307.233529371442,14167.702172107714,14.332235294117648,-77.43695953598865,106.10143012422395
Del Carmin (IAO)-Cebu (CEB),2025-08-01,12450.930928597256,10879.98563114536,14021.876226049151,14.332235294117648,-77.43695953598865,106.10143012422395
Del Carmin (IAO)-Cebu (CEB),2025-09-01,12094.624141186927,10523.678843735031,13665.569438638822,14.332235294117648,-77.43695953598865,106.10143012422395
Del Carmin (IAO)-Cebu (CEB),2025-10-01,12748.442960173808,11177.497662721913,14319.388257625704,14.332235294117648,-77.43695953598865,106.10143012422395
Del Carmin (IAO)-Cebu (CEB),2025-11-01,12701.485446245359,11130.540148793463,14272.430743697254,14.332235294117648,-77.43695953598865,106.10143012422395
Del Carmin (IAO)-Cebu (CEB),2025-12-01,13001.927559892763,11430.982262440868,14572.872857344659,14.332235294117648,-77.43695953598865,106.10143012422395
Del Carmin (IAO)-Cebu (CEB),2026-01-01,13261.019456291695,11690.0741588398,14831.96475374359,14.332235294117648,-77.43695953598865,106.10143012422395
Del Carmin (IAO)-Cebu (CEB),2026-02-01,12309.040669539263,10738.095372087368,13879.985966991158,14.332235294117648,-77.43695953598865,106.10143012422395
Del Carmin (IAO)-Cebu (CEB),2026-03-01,13395.993999056274,11825.048701604379,14966.93929650817,14.332235294117648,-77.43695953598865,106.10143012422395
Del Carmin (IAO)-Cebu (CEB),2026-04-01,14351.955167722093,12781.009870270198,15922.900465173989,14.332235294117648,-77.43695953598865,106.10143012422395
Del Carmin (IAO)-Cebu (CEB),2026-05-01,14474.515713676637,12903.570416224742,16045.461011128533,14.332235294117648,-77.43695953598865,106.10143012422395
Del Carmin (IAO)-Cebu (CEB),2026-06-01,15442.138193017194,13871.192895565298,17013.08349046909,14.332235294117648,-77.43695953598865,106.10143012422395
Dipolog (DPL)-Manila (MNL),2025-07-01,10623.083600173894,7592.6793358956365,13653.48786445215,6795.846769640793,4696.2674004663495,8895.426138815237
Dipolog (DPL)-Manila (MNL),2025-08-01,9923.168335795172,5143.767717780665,14702.568953809678,6510.63887028724,3157.6557742256655,9863.621966348815
Dipolog (DPL)-Manila (MNL),2025-09-01,9942.07756015653,4629.688634028153,15254.466486284906,6030.884983510649,2164.7511432201486,9897.01882380115
Dipolog (DPL)-Manila (MNL),2025-10-01,9942.07756015653,4629.688634028153,15254.466486284906,6030.884983510649,2164.7511432201486,9897.01882380115
Dipolog (DPL)-Manila (MNL),2025-11-01,9942.07756015653,4629.688634028153,15254.466486284906,6030.884983510649,2164.7511432201486,9897.01882380115
Dipolog (DPL)-Manila (MNL),2025-12-01,9942.07756015653,4629.688634028153,15254.466486284906,6030.884983510649,2164.7511432201486,9897.01882380115
Dipolog (DPL)-Manila (MNL),2026-01-01,9942.07756015653,4629.688634028153,15254.466486284906,6030.884983510649,2164.7511432201486,9897.01882380115
Dipolog (DPL)-Manila (MNL),2026-02-01,9942.07756015653,4629.688634028153,15254.466486284906,6030.884983510649,2164.7511432201486,9897.01882380115
Dipolog (DPL)-Manila (MNL),2026-03-01,9942.07756015653,4629.688634028153,15254.466486284906,6030.884983510649,2164.7511432201486,9897.01882380115
Dipolog (DPL)-Manila (MNL),2026-04-01,9942.07756015653,4629.688634028153,15254.466486284906,6030.884983510649,2164.7511432201486,9897.01882380115
Dipolog (DPL)-Manila (MNL),2026-05-01,9942.07756015653,4629.688634028153,15254.466486284906,6030.884983510649,2164.7511432201486,9897.01882380115
Dipolog (DPL)-Manila (MNL),2026-06-01,9942.07756015653,4629.688634028153,15254.466486284906,6030.884983510649,2164.7511432201486,9897.01882380115
Dumaguete City (DGT)-Manila (MNL),2025-07-01,27346.47861551002,22987.336304421795,31705.620926598243,18384.700081943643,15026.15056668582,21743.249597201466
Dumaguete City (DGT)-Manila (MNL),2025-08-01,27346.47861551002,19985.862549442078,34707.09468157796,18384.700081943643,11789.836715836112,24979.563448051173
Dumaguete City (DGT)-Manila (MNL),2025-09-01,27346.47861551002,17893.68981771096,36799.26741330908,18384.700081943643,9683.861571270332,27085.538592616955
Dumaguete City (DGT)-Manila (MNL),2025-10-01,27346.47861551002,16187.098559273327,38505.85867174671,18384.700081943643,7996.391328349326,28773.008835537963
Dumaguete City (DGT)-Manila (MNL),2025-11-01,27346.47861551002,14708.903277524052,39984.05395349598,18384.700081943643,6547.076725408222,30222.323438479063
Dumaguete City (DGT)-Manila (MNL),2025-12-01,27346.47861551002,13386.361939528797,41306.59529149124,18384.700081943643,5256.802508364639,31512.597655522648
Dumaguete City (DGT)-Manila (MNL),2026-01-01,27346.47861551002,12178.703406510285,42514.25382450975,18384.700081943643,4082.4603037281304,32686.939860159157
Dumaguete City (DGT)-Manila (MNL),2026-02-01,27346.47861551002,11060.35102254045,43632.606208479585,18384.700081943643,2997.4836135644873,33771.9165503228
Dumaguete City (DGT)-Manila (MNL),2026-03-01,27346.47861551002,10014.009110034964,44678.94812098508,18384.700081943643,1984.1269634228374,34785.27320046445
Dumaguete City (DGT)-Manila (MNL),2026-04-01,27346.47861551002,9027.334357604286,45665.62287341575,18384.700081943643,1029.8400540685761,35739.56010981871
Dumaguete City (DGT)-Manila (MNL),2026-05-01,27346.47861551002,8091.15224783454,46601.8049831855,18384.700081943643,125.35905992632615,36644.04110396096
Dumaguete City (DGT)-Manila (MNL),2026-06-01,27346.47861551002,7198.423108602252,47494.53412241778,18384.700081943643,-736.3852044493105,37505.7853683366
General Santos (GES)-Cebu (CEB),2025-07-01,4020.0404281297683,421.41112085301756,7618.669735406519,5666.96564761424,2263.056036252669,9070.875258975811
General Santos (GES)-Cebu (CEB),2025-08-01,4354.107620732964,41.423622936595166,8666.791618529332,2485.519006008721,-982.2879487801802,5953.325960797622
General Santos (GES)-Cebu (CEB),2025-09-01,4574.748888878772,-14.749959239567943,9164.247736997113,4340.519302820516,121.66028816372454,8559.378317477307
General Santos (GES)-Cebu (CEB),2025-10-01,4720.475767443633,15.323457831313135,9425.628077055953,3818.8647740510905,-399.9942406057007,8037.723788707882
General Santos (GES)-Cebu (CEB),2025-11-01,4816.723959428389,62.00241438877583,9571.445504468003,5532.012001815245,1313.1529871584535,9750.871016472036
General Santos (GES)-Cebu (CEB),2025-12-01,4880.292976699362,104.10947775058412,9656.47647564814,5335.529412506667,1116.6703978498754,9554.388427163458
General Santos (GES)-Cebu (CEB),2026-01-01,4922.278388305194,136.7629014302529,9707.793875180136,5138.086983476467,919.2279688196759,9356.945998133258
General Santos (GES)-Cebu (CEB),2026-02-01,4950.00848172786,160.4278883318375,9739.589075123884,4263.23695937507,44.37794471827874,8482.095974031861
General Santos (GES)-Cebu (CEB),2026-03-01,4968.323369014162,176.97057417798806,9759.676163850338,6544.204498648482,2325.3454839916903,10763.063513305273
General Santos (GES)-Cebu (CEB),2026-04-01,4980.419797655682,188.29413794426273,9772.545457367101,4711.753029256349,492.8940145995575,8930.612043913141
General Santos (GES)-Cebu (CEB),2026-05-01,4988.409122601667,195.9463626144152,9780.87188258892,3873.489889558535,-345.36912509825606,8092.348904215327
General Santos (GES)-Cebu (CEB),2026-06-01,4993.685829883142,201.07602735246746,9786.295632413818,4929.904690256483,711.045675599692,9148.763704913275
General Santos (GES)-Iloilo (ILO),2025-07-01,4165.2246494783285,2464.5160041512895,5865.933294805367,4165.2246494783285,2464.5160041512895,5865.933294805367
General Santos (GES)-Iloilo (ILO),2025-08-01,1632.5314854632215,-97.46492506761888,3362.527895994062,1632.5314854632215,-97.46492506761888,3362.527895994062
General Santos (GES)-Iloilo (ILO),2025-09-01,2829.785901465873,577.1035336641376,5082.468269267609,2829.785901465873,577.1035336641376,5082.468269267609
General Santos (GES)-Iloilo (ILO),2025-10-01,1612.8345628127486,-700.6288398335105,3926.2979654590076,1612.8345628127486,-700.6288398335105,3926.2979654590076
General Santos (GES)-Iloilo (ILO),2025-11-01,4227.797616550884,1587.6640456784821,6867.931187423286,4227.797616550884,1587.6640456784821,6867.931187423286
General Santos (GES)-Iloilo (ILO),2025-12-01,3559.6136557107147,836.8413649789359,6282.385946442493,3559.6136557107147,836.8413649789359,6282.385946442493
General Santos (GES)-Iloilo (ILO),2026-01-01,3912.8009998672364,953.5908385767943,6872.0111611576785,3912.8009998672364,953.5908385767943,6872.0111611576785
General Santos (GES)-Iloilo (ILO),2026-02-01,3144.04306313402,89.3759983750474,6198.710127892993,3144.04306313402,89.3759983750474,6198.710127892993
General Santos (GES)-Iloilo (ILO),2026-03-01,3549.0131009024158,307.6249525015828,6790.401249303249,3549.0131009024158,307.6249525015828,6790.401249303249
General Santos (GES)-Iloilo (ILO),2026-04-01,3763.8306437661035,420.68751471942005,7106.9737728127875,3763.8306437661035,420.68751471942005,7106.9737728127875
General Santos (GES)-Iloilo (ILO),2026-05-01,3254.415329742101,-245.19481854066862,6754.025478024871,3254.415329742101,-245.19481854066862,6754.025478024871
General Santos (GES)-Iloilo (ILO),2026-06-01,3006.5554015862267,-596.8968118722723,6610.007615044726,3006.5554015862267,-596.8968118722723,6610.007615044726
General Santos (GES)-Manila (MNL),2025-07-01,39661.832,32310.258422490762,47013.40557750924,25430.564850716906,19008.59583815613,31852.533863277684
General Santos (GES)-Manila (MNL),2025-08-01,39661.832,29265.13694190274,50058.527058097265,26143.898319560787,18500.53851745446,33787.25812166711
General Santos (GES)-Manila (MNL),2025-09-01,39661.832,26928.5330481731,52395.130951826904,23414.57456558902,14309.073243691788,32520.07588748625
General Santos (GES)-Manila (MNL),2025-10-01,39661.832,24958.684844981522,54364.97915501848,25386.306468061044,15156.549045098824,35616.06389102327
General Santos (GES)-Manila (MNL),2025-11-01,39661.832,23223.21373909802,56100.450260901984,25863.16479930958,14578.597622556821,37147.731976062336
General Santos (GES)-Manila (MNL),2025-12-01,39661.832,21654.227928575285,57669.436071424716,24811.757871304413,12576.816950711993,37046.69879189684
General Santos (GES)-Manila (MNL),2026-01-01,39661.832,20211.396568917127,59112.26743108287,24879.702236934976,11758.468237624631,38000.936236245325
General Santos (GES)-Manila (MNL),2026-02-01,39661.832,18868.44188380548,60455.22211619452,25123.69739202696,11173.896642167358,39073.498141886565
General Santos (GES)-Manila (MNL),2026-03-01,39661.832,17607.111267472283,61716.55273252772,24844.448815213163,10112.091816215147,39576.805814211184
General Santos (GES)-Manila (MNL),2026-04-01,39661.832,16414.1151087584,62909.548891241604,22835.182926733756,7359.97122751887,38310.39462594864
General Santos (GES)-Manila (MNL),2026-05-01,39661.832,15279.420824711124,64044.24317528888,25294.593737594005,9110.513812463627,41478.67366272438
General Santos (GES)-Manila (MNL),2026-06-01,39661.832,14195.234096346205,65128.4299036538,23898.256512685726,7035.144551399419,40761.368473972034
Iloilo (ILO)-Cebu (CEB),2025-07-01,6701.492,3102.330798955527,10300.653201044473,335.9678655342177,-2673.1416173790076,3345.077348447443
Iloilo (ILO)-Cebu (CEB),2025-08-01,6701.492,1611.5094163158683,11791.474583684132,-776.8004589843422,-4726.163656192314,3172.56273822363
Iloilo (ILO)-Cebu (CEB),2025-09-01,6701.492,467.56193516035,12935.422064839651,-1896.306297151299,-6371.136633654958,2578.52403935236
Iloilo (ILO)-Cebu (CEB),2025-10-01,6701.492,-496.83040208894636,13899.814402088947,-996.449563685268,-6078.080538546618,4085.1814111760823
Iloilo (ILO)-Cebu (CEB),2025-11-01,6701.492,-1346.4771075152294,14749.46110751523,-332.9629759273821,-5939.668052875108,5273.742101020343
Iloilo (ILO)-Cebu (CEB),2025-12-01,6701.492,-2114.616444581621,15517.600444581622,-339.7979456976436,-6411.587038221343,5731.991146826056
Iloilo (ILO)-Cebu (CEB),2026-01-01,6701.492,-2820.9934663962194,16223.97746639622,-366.3987699401205,-6856.640183871435,6123.842643991194
Iloilo (ILO)-Cebu (CEB),2026-02-01,6701.492,-3478.473167368262,16881.457167368262,133.13582682905962,-6737.86150697513,7004.13316063325
Iloilo (ILO)-Cebu (CEB),2026-03-01,6701.492,-4095.991603133418,17498.97560313342,1163.2672656724908,-6057.133265522571,8383.667796867552
Iloilo (ILO)-Cebu (CEB),2026-04-01,6701.492,-4680.055061407731,18083.039061407733,1721.713849270302,-5821.444997617413,9264.872696158018
Iloilo (ILO)-Cebu (CEB),2026-05-01,6701.492,-5235.575263869414,18638.559263869414,1268.7478992342617,-6574.140129169475,9111.635927637997
Iloilo (ILO)-Cebu (CEB),2026-06-01,6701.492,-5766.368129679298,19169.352129679297,7994.874298507866,-127.56774911327284,16117.316346129006
Iloilo (ILO)-General Santos (GES),2025-07-01,4325.333186992709,2619.2074726405435,6031.458901344874,4325.333186992709,2619.2074726405435,6031.458901344874
Iloilo (ILO)-General Santos (GES),2025-08-01,1623.5304475334233,-103.7831294708385,3350.844024537685,1623.5304475334233,-103.7831294708385,3350.844024537685
Iloilo (ILO)-General Santos (GES),2025-09-01,3023.179312685511,749.1533666279638,5297.205258743058,3023.179312685511,749.1533666279638,5297.205258743058
Iloilo (ILO)-General Santos (GES),2025-10-01,1617.4381790851685,-702.8247252768224,3937.7010834471594,1617.4381790851685,-702.8247252768224,3937.7010834471594
Iloilo (ILO)-General Santos (GES),2025-11-01,4422.8330081051,1754.3159414720963,7091.350074738104,4422.8330081051,1754.3159414720963,7091.350074738104
Iloilo (ILO)-General Santos (GES),2025-12-01,3574.5218137516704,840.168807667666,6308.874819835675,3574.5218137516704,840.168807667666,6308.874819835675
Iloilo (ILO)-General Santos (GES),2026-01-01,4062.0101650638953,1074.3175760229833,7049.702754104807,4062.0101650638953,1074.3175760229833,7049.702754104807
Iloilo (ILO)-General Santos (GES),2026-02-01,3063.5063495242284,-3.3829004177832758,6130.39559946624,3063.5063495242284,-3.3829004177832758,6130.39559946624
Iloilo (ILO)-General Santos (GES),2026-03-01,3777.831123202188,511.75714675874315,7043.905099645633,3777.831123202188,511.75714675874315,7043.905099645633
Iloilo (ILO)-General Santos (GES),2026-04-01,3803.691255314926,450.2350945669873,7157.147416062864,3803.691255314926,450.2350945669873,7157.147416062864
Iloilo (ILO)-General Santos (GES),2026-05-01,3470.521294658752,-48.23215352421903,6989.274742841723,3470.521294658752,-48.23215352421903,6989.274742841723
Iloilo (ILO)-General Santos (GES),2026-06-01,3019.8242809031026,-590.6867741680962,6630.335335974301,3019.8242809031026,-590.6867741680962,6630.335335974301
Iloilo (ILO)-Manila (MNL),2025-07-01,91846.73910334548,76815.65486097019,106877.82334572077,34903.75,24624.680215032015,45182.819784967985
Iloilo (ILO)-Manila (MNL),2025-08-01,92658.63908022495,75387.88451436104,109929.39364608887,34903.75,20366.950101518778,49440.54989848122
Iloilo (ILO)-Manila (MNL),2025-09-01,80738.5924479002,62809.71953662427,98667.46535917613,34903.75,17099.878877889347,52707.62112211065
Iloilo (ILO)-Manila (MNL),2025-10-01,90522.7708754848,72388.21149175297,108657.33025921663,34903.75,14345.610430064025,55461.88956993597
Iloilo (ILO)-Manila (MNL),2025-11-01,87524.11018803346,69324.17990695435,105724.04046911257,34903.75,11919.051215347434,57888.448784652566
Iloilo (ILO)-Manila (MNL),2025-12-01,89130.16133802226,70909.34841553737,107350.97426050714,34903.75,9725.273996368425,60082.22600363157
Iloilo (ILO)-Manila (MNL),2026-01-01,86628.94890836209,68401.45427636015,104856.44354036402,34903.75,7707.887639896529,62099.61236010347
Iloilo (ILO)-Manila (MNL),2026-02-01,68938.56493663305,50708.931292610694,87168.1985806554,34903.75,5830.15020303756,63977.349796962444
Iloilo (ILO)-Manila (MNL),2026-03-01,85325.81410342961,67095.49558598905,103556.13262087018,34903.75,4066.5406450960363,65740.95935490396
Iloilo (ILO)-Manila (MNL),2026-04-01,79381.4715187953,61150.933705580064,97612.00933201052,34903.75,2398.4772516839475,67409.02274831606
Iloilo (ILO)-Manila (MNL),2026-05-01,80748.70266736287,62518.09463467899,98979.31070004674,34903.75,811.9323293820271,68995.56767061798
Iloilo (ILO)-Manila (MNL),2026-06-01,78097.77557498486,59867.145057597845,96328.40609237188,34903.75,-703.9922442212992,70511.4922442213
Iloilo (ILO)-Puerto Princesa City (PPS),2025-07-01,2278.5,604.9482787415702,3952.05172125843,2278.5,604.9482787415702,3952.05172125843
Iloilo (ILO)-Puerto Princesa City (PPS),2025-08-01,2278.5,-88.259541536509,4645.259541536509,2278.5,-88.259541536509,4645.259541536509
Iloilo (ILO)-Puerto Princesa City (PPS),2025-09-01,2278.5,-620.176610313948,5177.176610313948,2278.5,-620.176610313948,5177.176610313948
Iloilo (ILO)-Puerto Princesa City (PPS),2025-10-01,2278.5,-1068.6034425168596,5625.60344251686,2278.5,-1068.6034425168596,5625.60344251686
Iloilo (ILO)-Puerto Princesa City (PPS),2025-11-01,2278.5,-1463.675412595629,6020.675412595629,2278.5,-1463.675412595629,6020.675412595629
Iloilo (ILO)-Puerto Princesa City (PPS),2025-12-01,2278.5,-1820.8477752396566,6377.847775239657,2278.5,-1820.8477752396566,6377.847775239657
Iloilo (ILO)-Puerto Princesa City (PPS),2026-01-01,2278.5,-2149.301660653892,6706.301660653892,2278.5,-2149.301660653892,6706.301660653892
Iloilo (ILO)-Puerto Princesa City (PPS),2026-02-01,2278.5,-2455.019083073018,7012.019083073018,2278.5,-2455.019083073018,7012.019083073018
Iloilo (ILO)-Puerto Princesa City (PPS),2026-03-01,2278.5,-2742.155163775288,7299.155163775288,2278.5,-2742.155163775288,7299.155163775288
Iloilo (ILO)-Puerto Princesa City (PPS),2026-04-01,2278.5,-3013.7352212718697,7570.73522127187,2278.5,-3013.7352212718697,7570.73522127187
Iloilo (ILO)-Puerto Princesa City (PPS),2026-05-01,2278.5,-3272.043126667657,7829.043126667657,2278.5,-3272.043126667657,7829.043126667657
Iloilo (ILO)-Puerto Princesa City (PPS),2026-06-01,2278.5,-3518.853220627895,8075.853220627895,2278.5,-3518.853220627895,8075.853220627895
Laoag City (LAO)-Manila (MNL),2025-07-01,12837.991504731302,10592.915604529875,15083.06740493273,4882.5,3374.174331644813,6390.825668355187
Laoag City (LAO)-Manila (MNL),2025-08-01,12954.37915524716,9779.362368625314,16129.395941869005,4882.5,2749.4053833366315,7015.5946166633685
Laoag City (LAO)-Manila (MNL),2025-09-01,12626.863875090718,8744.272746544171,16509.455003637264,4882.5,2270.0033080485323,7494.996691951468
Laoag City (LAO)-Manila (MNL),2025-10-01,13033.426595910649,8727.849507861389,17339.00368395991,4882.5,1865.848663289626,7899.151336710374
Laoag City (LAO)-Manila (MNL),2025-11-01,17114.580968941737,12424.008056087578,21805.153881795894,4882.5,1509.781273349999,8255.21872665
Laoag City (LAO)-Manila (MNL),2025-12-01,19400.23300082344,14353.951752174336,24446.51424947254,4882.5,1187.8717465873883,8577.128253412611
Laoag City (LAO)-Manila (MNL),2026-01-01,18729.320735391564,13350.804710488976,24107.83676029415,4882.5,891.8453854368895,8873.154614563111
Laoag City (LAO)-Manila (MNL),2026-02-01,18240.86602168612,12549.476488382295,23932.255554989948,4882.5,616.3107666732631,9148.689233326737
Laoag City (LAO)-Manila (MNL),2026-03-01,19244.43263075649,13256.495172042787,25232.370089470198,4882.5,357.52299493443934,9407.47700506556
Laoag City (LAO)-Manila (MNL),2026-04-01,18706.785241513888,12436.308768459137,24977.261714568638,4882.5,112.75543470185312,9652.244565298148
Laoag City (LAO)-Manila (MNL),2026-05-01,19456.469619804044,12915.647394059062,25997.291845549025,4882.5,-120.05030359619013,9885.05030359619
Laoag City (LAO)-Manila (MNL),2026-06-01,21971.35654610672,15170.927472991852,28771.785619221584,4882.5,-342.4933839029354,10107.493383902936
Legazpi (DRP)-Manila (MNL),2025-07-01,37751.72553623069,30575.199676845332,44928.25139561605,26657.542733333332,22058.782301497602,31256.30316516906
Legazpi (DRP)-Manila (MNL),2025-08-01,33485.02006350795,24403.544948958915,42566.49517805699,27420.335466666664,20916.70609385982,33923.964839473505
Legazpi (DRP)-Manila (MNL),2025-09-01,33366.481260997934,23628.299552123513,43104.662969872355,28183.128199999996,20217.841480223116,36148.41491977687
Legazpi (DRP)-Manila (MNL),2025-10-01,33303.13609075691,23573.260295456043,43033.01188605778,28945.920933333327,19748.400069661864,38143.441797004794
Legazpi (DRP)-Manila (MNL),2025-11-01,33983.336573035114,24275.62703919415,43691.04610687608,29708.71366666666,19425.572728845676,39991.85460448764
Legazpi (DRP)-Manila (MNL),2025-12-01,35278.10809729511,25616.806126759086,44939.41006783114,30471.50639999999,19206.889892701227,41736.122907298755
Legazpi (DRP)-Manila (MNL),2026-01-01,37435.978025789555,27774.774498570005,47097.181553009104,31234.299133333323,19067.12269153197,43401.475575134675
Legazpi (DRP)-Manila (MNL),2026-02-01,36515.86985766685,26854.66744874896,46177.07226658473,31997.091866666655,18989.833121052965,45004.350612280345
Legazpi (DRP)-Manila (MNL),2026-03-01,37969.69049095071,28308.500459644398,47630.880522257015,32759.884599999987,18963.60330449279,46556.16589550718
Legazpi (DRP)-Manila (MNL),2026-04-01,42304.32275839393,32643.141348586578,51965.50416820128,33522.67733333332,18980.119955272894,48065.23471139374
Legazpi (DRP)-Manila (MNL),2026-05-01,45620.167214143774,35958.98618805857,55281.34824022898,34285.470066666654,19033.10721353476,49537.832919798544
Legazpi (DRP)-Manila (MNL),2026-06-01,45609.7977843914,35948.61349256513,55270.98207621767,35048.26279999999,19117.68936044623,50978.83623955375
Manila (MNL)-Bacolod City (BCD),2025-07-01,66037.158,51154.95468843488,80919.36131156511,29846.25,21225.54620107214,38466.95379892786
Manila (MNL)-Bacolod City (BCD),2025-08-01,66037.158,44990.544238790826,87083.77176120917,29846.25,17654.733770354953,42037.76622964504
Manila (MNL)-Bacolod City (BCD),2025-09-01,66037.158,40260.42573579943,91813.89026420057,29846.25,14914.753023254905,44777.7469767451
Manila (MNL)-Bacolod City (BCD),2025-10-01,66037.158,36272.751376869775,95801.56462313022,29846.25,12604.842402144273,47087.65759785572
Manila (MNL)-Bacolod City (BCD),2025-11-01,66037.158,32759.53974036793,99314.77625963205,29846.25,10569.77029170662,49122.72970829338
Manila (MNL)-Bacolod City (BCD),2025-12-01,66037.158,29583.353638307417,102490.96236169257,29846.25,8729.924468954221,50962.575531045775
Manila (MNL)-Bacolod City (BCD),2026-01-01,66037.158,26662.549076896816,105411.76692310318,29846.25,7038.01162168711,52654.48837831289
Manila (MNL)-Bacolod City (BCD),2026-02-01,66037.158,23943.93047758167,108130.38552241832,29846.25,5463.217540709906,54229.282459290094
Manila (MNL)-Bacolod City (BCD),2026-03-01,66037.158,21390.548065304676,110683.76793469532,29846.25,3984.138603216412,55708.361396783584
Manila (MNL)-Bacolod City (BCD),2026-04-01,66037.158,18975.498933753785,113098.8170662462,29846.25,2585.190961721739,57107.30903827826
Manila (MNL)-Bacolod City (BCD),2026-05-01,66037.158,16678.47356175394,115395.84243824605,29846.25,1254.6100701648757,58437.889929835124
Manila (MNL)-Bacolod City (BCD),2026-06-01,66037.158,14483.693471598868,117590.62252840112,29846.25,-16.743953490189597,59709.24395349019
Manila (MNL)-Butuan (BXU),2025-07-01,32438.56,25625.037125080064,39252.08287491994,23611.0,18182.318695229427,29039.681304770573
Manila (MNL)-Butuan (BXU),2025-08-01,32438.56,22802.783542748904,42074.3364572511,23611.0,15933.685272992185,31288.314727007815
Manila (MNL)-Butuan (BXU),2025-09-01,32438.56,20637.192202105907,44239.927797894095,23611.0,14208.24816203806,33013.75183796194
Manila (MNL)-Butuan (BXU),2025-10-01,32438.56,18811.514250160126,46065.60574983987,23611.0,12753.63739045885,34468.362609541146
Manila (MNL)-Butuan (BXU),2025-11-01,32438.56,17203.059685429223,47674.06031457078,23611.0,11472.099574350741,35749.90042564926
Manila (MNL)-Butuan (BXU),2025-12-01,32438.56,15748.905605665062,49128.21439433494,23611.0,10313.500827125677,36908.49917287432
Manila (MNL)-Butuan (BXU),2026-01-01,32438.56,14411.672920711997,50465.447079288,23611.0,9248.05932055142,37973.940679448584
Manila (MNL)-Butuan (BXU),2026-02-01,32438.56,13167.007085497808,51710.1129145022,23611.0,8256.370545984368,38965.62945401563
Manila (MNL)-Butuan (BXU),2026-03-01,32438.56,11997.991375240184,52879.12862475982,23611.0,7324.956085688278,39897.043914311726
Manila (MNL)-Butuan (BXU),2026-04-01,32438.56,10892.30882559445,53984.81117440555,23611.0,6444.002385750282,40777.99761424972
Manila (MNL)-Butuan (BXU),2026-05-01,32438.56,9840.661123386937,55036.45887661306,23611.0,5606.101005659017,41615.89899434098
Manila (MNL)-Butuan (BXU),2026-06-01,32438.56,8835.824404211806,56041.29559578819,23611.0,4805.496324076121,42416.50367592388
Manila (MNL)-Cagayan de Oro (CGY),2025-07-01,65445.467271542344,55233.65636760408,75657.2781754806,35080.1558359347,28446.455986026554,41713.85568584284
Manila (MNL)-Cagayan de Oro (CGY),2025-08-01,65579.35945079154,51137.677974052596,80021.04092753048,35040.40357837694,25658.93528192448,44421.871874829405
Manila (MNL)-Cagayan de Oro (CGY),2025-09-01,65300.971007578024,47615.32829659713,82986.61371855892,35303.42720319567,23815.480692363068,46791.373714028276
Manila (MNL)-Cagayan de Oro (CGY),2025-10-01,66088.03958998543,45667.474107202885,86508.60507276798,35619.211186488545,22355.35224899409,48883.070123982994
Manila (MNL)-Cagayan de Oro (CGY),2025-11-01,65727.60419425817,42897.42611407779,88557.78227443853,36071.91453341564,21243.32752076498,50900.501546066305
Manila (MNL)-Cagayan de Oro (CGY),2025-12-01,67026.1738059453,42017.48396203531,92034.86364985531,36256.29650058362,20013.019993987044,52499.5730071802
Manila (MNL)-Cagayan de Oro (CGY),2026-01-01,67139.04789740276,40126.97459221152,94151.12120259402,36382.958156610955,18838.697826014148,53927.21848720776
Manila (MNL)-Cagayan de Oro (CGY),2026-02-01,65322.46509469307,36445.66401179672,94199.26617758942,35311.50091166186,16556.285385687406,54066.716437636314
Manila (MNL)-Cagayan de Oro (CGY),2026-03-01,66031.47377244562,35403.264923129886,96659.68262176136,35548.06554571186,15655.475259282251,55440.65583214148
Manila (MNL)-Cagayan de Oro (CGY),2026-04-01,65313.74521741727,33029.00092768438,97598.48950715017,35676.382988770805,14708.021412773644,56644.74456476797
Manila (MNL)-Cagayan de Oro (CGY),2026-05-01,66294.7820050162,32434.447535469393,100155.116474563,36239.827801233994,14248.256096152192,58231.39950631579
Manila (MNL)-Cagayan de Oro (CGY),2026-06-01,66426.87466741864,31061.074988552093,101792.67434628519,36633.79110099365,13664.545032875634,59603.03716911167
Manila (MNL)-Caticlan (MPH),2025-07-01,69922.87245716283,48939.64530308789,90906.09961123776,39095.804710591095,27495.214504307878,50696.39491687431
Manila (MNL)-Caticlan (MPH),2025-08-01,70260.98978541137,49277.76263133643,91244.2169394863,36602.3635451143,21484.179030381154,51720.54805984744
Manila (MNL)-Caticlan (MPH),2025-09-01,69515.7528978119,48549.844608605024,90481.66118701876,34458.455431550305,18011.48488232258,50905.42598077803
Manila (MNL)-Caticlan (MPH),2025-10-01,69909.29352405232,48943.38523484545,90875.20181325919,34458.455431550305,18011.48488232258,50905.42598077803
Manila (MNL)-Caticlan (MPH),2025-11-01,70089.37084180508,49123.46255259821,91055.27913101195,34458.455431550305,18011.48488232258,50905.42598077803
Manila (MNL)-Caticlan (MPH),2025-12-01,72400.05800347579,51434.14971426892,93365.96629268266,34458.455431550305,18011.48488232258,50905.42598077803
Manila (MNL)-Caticlan (MPH),2026-01-01,72456.43667517304,51490.52838596617,93422.34496437991,34458.455431550305,18011.48488232258,50905.42598077803
Manila (MNL)-Caticlan (MPH),2026-02-01,69664.90051184705,48698.99222264018,90630.80880105392,34458.455431550305,18011.48488232258,50905.42598077803
Manila (MNL)-Caticlan (MPH),2026-03-01,71261.50427920424,50295.59598999737,92227.4125684111,34458.455431550305,18011.48488232258,50905.42598077803
Manila (MNL)-Caticlan (MPH),2026-04-01,74703.81648060375,53737.908191396884,95669.72476981062,34458.455431550305,18011.48488232258,50905.42598077803
Manila (MNL)-Caticlan (MPH),2026-05-01,76316.07203174874,55350.163742541874,97281.98032095561,34458.455431550305,18011.48488232258,50905.42598077803
Manila (MNL)-Caticlan (MPH),2026-06-01,76578.13902124595,55612.23073203908,97544.04731045282,34458.455431550305,18011.48488232258,50905.42598077803
Manila (MNL)-Cauayan (CYZ),2025-07-01,11286.464,9174.856005822625,13398.071994177375,7486.5,5796.211134757801,9176.788865242199
Manila (MNL)-Cauayan (CYZ),2025-08-01,11286.464,8300.199336218906,14272.728663781094,7486.5,5096.0705624462535,9876.929437553747
Manila (MNL)-Cauayan (CYZ),2025-09-01,11286.464,7629.0516684161785,14943.876331583822,7486.5,4558.833805932569,10414.166194067431
Manila (MNL)-Cauayan (CYZ),2025-10-01,11286.464,7063.248011645248,15509.679988354752,7486.5,4105.922269515602,10867.077730484398
Manila (MNL)-Cauayan (CYZ),2025-11-01,11286.464,6564.764983187407,16008.163016812592,7486.5,3706.8991957074622,11266.100804292539
Manila (MNL)-Cauayan (CYZ),2025-12-01,11286.464,6114.101877483557,16458.826122516442,7486.5,3346.154762248617,11626.845237751382
Manila (MNL)-Cauayan (CYZ),2026-01-01,11286.464,5699.674380950738,16873.25361904926,7486.5,3014.416018707574,11958.583981292426
Manila (MNL)-Cauayan (CYZ),2026-02-01,11286.464,5313.934672437815,17258.993327562184,7486.5,2705.641124892508,12267.358875107493
Manila (MNL)-Cauayan (CYZ),2026-03-01,11286.464,4951.640017467872,17621.28798253213,7486.5,2415.6334042734034,12557.366595726597
Manila (MNL)-Cauayan (CYZ),2026-04-01,11286.464,4608.973212979923,17963.954787020077,7486.5,2141.337282213235,12831.662717786765
Manila (MNL)-Cauayan (CYZ),2026-05-01,11286.464,4283.052578998674,18289.875421001325,7486.5,1880.4460466760256,13092.553953323975
Manila (MNL)-Cauayan (CYZ),2026-06-01,11286.464,3971.639336832358,18601.28866316764,7486.5,1631.1676118651367,13341.832388134862
Manila (MNL)-Cebu (CEB),2025-07-01,153199.68760255544,137624.2201153995,168775.15508971136,50425.375,40526.2420151285,60324.5079848715
Manila (MNL)-Cebu (CEB),2025-08-01,158059.86252623686,142215.21844086223,173904.5066116115,50425.375,36425.886877059864,64424.863122940136
Manila (MNL)-Cebu (CEB),2025-09-01,153751.92601973747,137783.05733693583,169720.7947025391,50425.375,33279.573719321605,67571.1762806784
Manila (MNL)-Cebu (CEB),2025-10-01,160962.41415659065,144929.29292166777,176995.53539151352,50425.375,30627.109030256994,70223.640969743
Manila (MNL)-Cebu (CEB),2025-11-01,183882.43263129867,167817.71233300446,199947.15292959288,50425.375,28290.24072751692,72560.50927248308
Manila (MNL)-Cebu (CEB),2025-12-01,195497.2741779085,179416.99001329808,211577.5583425189,50425.375,26177.550291110627,74673.19970888937
Manila (MNL)-Cebu (CEB),2026-01-01,193746.442472547,177658.48686669895,209834.39807839505,50425.375,24234.730926873486,76616.01907312652
Manila (MNL)-Cebu (CEB),2026-02-01,176115.36781302223,160023.62981184857,192207.10581419588,50425.375,22426.398754119728,78424.35124588027
Manila (MNL)-Cebu (CEB),2026-03-01,184588.63629198924,168495.03350923667,200682.2390747418,50425.375,20727.97604538549,80122.7739546145
Manila (MNL)-Cebu (CEB),2026-04-01,177483.549580296,161389.02821598685,193578.07094460516,50425.375,19121.56790690492,81729.18209309508
Manila (MNL)-Cebu (CEB),2026-05-01,179393.33493173472,163298.3627268991,195488.30713657034,50425.375,17593.665139350327,83257.08486064967
Manila (MNL)-Cebu (CEB),2026-06-01,176213.53316558502,160118.34294407163,192308.7233870984,50425.375,16133.772438643202,84716.97756135679
Manila (MNL)-Davao City (DVO),2025-07-01,107260.825,88068.95715166526,126452.69284833473,55489.875,40885.23766291248,70094.51233708752
Manila (MNL)-Davao City (DVO),2025-08-01,107260.825,80119.42520161287,134402.22479838712,55489.875,34835.79880435034,76143.95119564966
Manila (MNL)-Davao City (DVO),2025-09-01,107260.825,74019.53479453665,140502.11520546334,55489.875,30193.901106046982,80785.84889395302
Manila (MNL)-Davao City (DVO),2025-10-01,107260.825,68877.08930333053,145644.56069666945,55489.875,26280.60032582496,84699.14967417505
Manila (MNL)-Davao City (DVO),2025-11-01,107260.825,64346.50387593091,150175.14612406908,55489.875,22832.913127540793,88146.83687245921
Manila (MNL)-Davao City (DVO),2025-12-01,107260.825,60250.54156065381,154271.1084393462,55489.875,19715.965645735887,91263.78435426412
Manila (MNL)-Davao City (DVO),2026-01-01,107260.825,56483.91547849002,158037.73452150996,55489.875,16849.636617777818,94130.11338222219
Manila (MNL)-Davao City (DVO),2026-02-01,107260.825,52978.02540322574,161543.62459677426,55489.875,14181.722608700686,96798.02739129931
Manila (MNL)-Davao City (DVO),2026-03-01,107260.825,49685.22145499581,164836.4285450042,55489.875,11675.962988737432,99303.78701126257
Manila (MNL)-Davao City (DVO),2026-04-01,107260.825,46570.81004630729,167950.8399536927,55489.875,9305.956614067123,101673.79338593288
Manila (MNL)-Davao City (DVO),2026-05-01,107260.825,43608.600320988284,170913.04967901172,55489.875,7051.772753665449,103927.97724633454
Manila (MNL)-Davao City (DVO),2026-06-01,107260.825,40778.24458907331,173743.40541092667,55489.875,4897.927212093964,106081.82278790604
Manila (MNL)-Dipolog (DPL),2025-07-01,11216.29485617827,8112.281684501571,14320.30802785497,6281.17465648484,3895.754428627719,8666.594884341961
Manila (MNL)-Dipolog (DPL),2025-08-01,10415.272105574382,5467.955617897279,15362.588593251487,6097.92010483289,3196.7266970809874,8999.113512584792
Manila (MNL)-Dipolog (DPL),2025-09-01,10033.506585390127,4494.160360500615,15572.852810279639,6097.92010483289,3196.7266970809874,8999.113512584792
Manila (MNL)-Dipolog (DPL),2025-10-01,10033.506585390127,4494.160360500615,15572.852810279639,6097.92010483289,3196.7266970809874,8999.113512584792
Manila (MNL)-Dipolog (DPL),2025-11-01,10033.506585390127,4494.160360500615,15572.852810279639,6097.92010483289,3196.7266970809874,8999.113512584792
Manila (MNL)-Dipolog (DPL),2025-12-01,10033.506585390127,4494.160360500615,15572.852810279639,6097.92010483289,3196.7266970809874,8999.113512584792
Manila (MNL)-Dipolog (DPL),2026-01-01,10033.506585390127,4494.160360500615,15572.852810279639,6097.92010483289,3196.7266970809874,8999.113512584792
Manila (MNL)-Dipolog (DPL),2026-02-01,10033.506585390127,4494.160360500615,15572.852810279639,6097.92010483289,3196.7266970809874,8999.113512584792
Manila (MNL)-Dipolog (DPL),2026-03-01,10033.506585390127,4494.160360500615,15572.852810279639,6097.92010483289,3196.7266970809874,8999.113512584792
Manila (MNL)-Dipolog (DPL),2026-04-01,10033.506585390127,4494.160360500615,15572.852810279639,6097.92010483289,3196.7266970809874,8999.113512584792
Manila (MNL)-Dipolog (DPL),2026-05-01,10033.506585390127,4494.160360500615,15572.852810279639,6097.92010483289,3196.7266970809874,8999.113512584792
Manila (MNL)-Dipolog (DPL),2026-06-01,10033.506585390127,4494.160360500615,15572.852810279639,6097.92010483289,3196.7266970809874,8999.113512584792
Manila (MNL)-Dumaguete City (DGT),2025-07-01,29186.934,23868.960944709746,34504.907055290256,20506.5,15965.494001142655,25047.505998857345
Manila (MNL)-Dumaguete City (DGT),2025-08-01,29186.934,21666.184380873834,36707.68361912617,20506.5,14084.547729598362,26928.452270401638
Manila (MNL)-Dumaguete City (DGT),2025-09-01,29186.934,19975.934474954985,38397.93352504502,20506.5,12641.246892504021,28371.753107495977
Manila (MNL)-Dumaguete City (DGT),2025-10-01,29186.934,18550.987889419488,39822.88011058052,20506.5,11424.488002285312,29588.51199771469
Manila (MNL)-Dumaguete City (DGT),2025-11-01,29186.934,17295.584745858738,41078.283254141264,20506.5,10352.501900320645,30660.498099679353
Manila (MNL)-Dumaguete City (DGT),2025-12-01,29186.934,16160.6135486692,42213.2544513308,20506.5,9383.352383882055,31629.647616117945
Manila (MNL)-Dumaguete City (DGT),2026-01-01,29186.934,15116.899816759638,43256.968183240366,20506.5,8492.127424971011,32520.87257502899
Manila (MNL)-Dumaguete City (DGT),2026-02-01,29186.934,14145.434761747669,44228.433238252335,20506.5,7662.595459196722,33350.404540803276
Manila (MNL)-Dumaguete City (DGT),2026-03-01,29186.934,13233.014834129232,45140.85316587077,20506.5,6883.482003427969,34129.51799657203
Manila (MNL)-Dumaguete City (DGT),2026-04-01,29186.934,12370.026609878241,46003.84139012176,20506.5,6146.578175122824,34866.42182487718
Manila (MNL)-Dumaguete City (DGT),2026-05-01,29186.934,11549.212730382285,46824.65526961772,20506.5,5445.686931037148,35567.31306896285
Manila (MNL)-Dumaguete City (DGT),2026-06-01,29186.934,10764.934949909966,47608.93305009004,20506.5,4775.993785008042,36237.006214991954
Manila (MNL)-General Santos (GES),2025-07-01,39479.902,32162.88600393675,46796.917996063254,25782.998341411716,19229.411494986467,32336.585187836965
Manila (MNL)-General Santos (GES),2025-08-01,39479.902,29132.078742266473,49827.72525773353,26398.290504752258,18437.44806809807,34359.132941406446
Manila (MNL)-General Santos (GES),2025-09-01,39479.902,26806.458535024256,52153.34546497575,23673.394748370873,14193.643433090003,33153.146063651744
Manila (MNL)-General Santos (GES),2025-10-01,39479.902,24845.8700078735,54113.933992126505,25314.169291531816,14619.461206834376,36008.877376229255
Manila (MNL)-General Santos (GES),2025-11-01,39479.902,23118.556840349243,55841.24715965076,25850.33873000583,14039.623868384891,37661.05359162677
Manila (MNL)-General Santos (GES),2025-12-01,39479.902,21556.946369862628,57402.857630137376,24925.55077094421,12102.890604180437,37748.21093770798
Manila (MNL)-General Santos (GES),2026-01-01,39479.902,20120.897335335078,58838.90666466493,24929.323914787827,11166.813567525975,38691.83426204968
Manila (MNL)-General Santos (GES),2026-02-01,39479.902,18784.255484532943,60175.54851546706,25166.390223068127,10524.852979483558,39807.9274666527
Manila (MNL)-General Santos (GES),2026-03-01,39479.902,17528.85401181025,61430.94998818975,24918.444822830174,9447.562551198138,40389.327094462205
Manila (MNL)-General Santos (GES),2026-04-01,39479.902,16341.465776554502,62618.338223445506,22834.720962878935,6576.8019919885555,39092.639933769315
Manila (MNL)-General Santos (GES),2026-05-01,39479.902,15212.105356029617,63747.69864397039,25298.62061437422,8290.01847171463,42307.222757033815
Manila (MNL)-General Santos (GES),2026-06-01,39479.902,14133.01507004851,64826.78892995149,23935.891990950102,6208.40256867855,41663.38141322165
Manila (MNL)-Iloilo (ILO),2025-07-01,98397.27611675396,84206.66398535228,112587.88824815564,38928.75,27924.449032811655,49933.05096718835
Manila (MNL)-Iloilo (ILO),2025-08-01,96671.9122764917,81298.66817216761,112045.15638081578,38928.75,23366.318327766876,54491.18167223313
Manila (MNL)-Iloilo (ILO),2025-09-01,82639.6322764917,67266.38817216762,98012.87638081578,38928.75,19868.74162305045,57988.758376949554
Manila (MNL)-Iloilo (ILO),2025-10-01,95202.17627649171,79828.93217216762,110575.42038081579,38928.75,16920.14806562331,60937.35193437669
Manila (MNL)-Iloilo (ILO),2025-11-01,95902.6242764917,80529.38017216761,111275.86838081578,38928.75,14322.384992500178,63535.11500749982
Manila (MNL)-Iloilo (ILO),2025-12-01,101914.21627649172,86540.97217216763,117287.4603808158,38928.75,11973.82765437314,65883.67234562687
Manila (MNL)-Iloilo (ILO),2026-01-01,107608.08827649169,92234.8441721676,122981.33238081577,38928.75,9814.10628871209,68043.3937112879
Manila (MNL)-Iloilo (ILO),2026-02-01,91794.27827649169,76421.03417216761,107167.52238081578,38928.75,7803.886655533752,70053.61334446626
Manila (MNL)-Iloilo (ILO),2026-03-01,97979.0842764917,82605.84017216762,113352.32838081579,38928.75,5915.84709843497,71941.65290156503
Manila (MNL)-Iloilo (ILO),2026-04-01,92397.8182764917,77024.57417216762,107771.06238081578,38928.75,4130.094885691011,73727.40511430899
Manila (MNL)-Iloilo (ILO),2026-05-01,95106.3782764917,79733.13417216761,110479.62238081578,38928.75,2431.6126116912274,75425.88738830877
Manila (MNL)-Iloilo (ILO),2026-06-01,95208.1002764917,79834.85617216762,110581.34438081579,38928.75,808.7332461008991,77048.76675389911
Manila (MNL)-Kalibo (KLO),2025-07-01,18420.418027780313,14733.02499260035,22107.811062960274,4315.148488008163,2705.6587452734875,5924.638230742839
Manila (MNL)-Kalibo (KLO),2025-08-01,17920.840273086065,13603.995294793582,22237.68525137855,4226.233261261727,2141.5932589483837,6310.873263575071
Manila (MNL)-Kalibo (KLO),2025-09-01,16615.99697722247,12101.055823860843,21130.938130584094,4482.183321720688,2129.509462355612,6834.857181085763
Manila (MNL)-Kalibo (KLO),2025-10-01,17393.51981406123,12801.971382631404,21985.068245491057,4043.174906732055,1525.0474999379035,6561.3023135262065
Manila (MNL)-Kalibo (KLO),2025-11-01,18016.746195627507,13396.85066847497,22636.641722780045,7227.680168195417,4603.36517575007,9851.995160640763
Manila (MNL)-Kalibo (KLO),2025-12-01,18969.22977610014,14338.769173061772,23599.690379138505,7302.243588952202,4608.354927419869,9996.132250484536
Manila (MNL)-Kalibo (KLO),2026-01-01,19269.674267680355,14635.266906679404,23904.081628681306,7239.88656409115,4499.859383318637,9979.913744863663
Manila (MNL)-Kalibo (KLO),2026-02-01,18754.332999678663,14118.453359302266,23390.212640055062,6893.131015230267,4122.277475015691,9663.984555444842
Manila (MNL)-Kalibo (KLO),2026-03-01,18680.234615039037,14043.815038200613,23316.65419187746,6804.160367540753,4012.612675759465,9595.708059322042
Manila (MNL)-Kalibo (KLO),2026-04-01,17614.801517753724,12978.209289034203,22251.393746473244,3418.2515069521014,612.7684314171634,6223.734582487039
Manila (MNL)-Kalibo (KLO),2026-05-01,18250.008286256183,13613.430061494342,22886.586511018024,3190.6263492325625,375.740013479493,6005.5126849856315
Manila (MNL)-Kalibo (KLO),2026-06-01,17796.484519963302,13160.121604952057,22432.847434974545,3171.170961553306,349.9308881298948,5992.411034976717
Manila (MNL)-Laoag City (LAO),2025-07-01,13954.393090909092,11059.461805638533,16849.32437617965,4882.5,3369.808663256701,6395.191336743299
Manila (MNL)-Laoag City (LAO),2025-08-01,14345.852181818183,10251.801096050383,18439.903267585985,4882.5,2743.23139589334,7021.76860410666
Manila (MNL)-Laoag City (LAO),2025-09-01,14737.311272727275,9723.143202217994,19751.479343236555,4882.5,2262.4417485913245,7502.5582514086755
Manila (MNL)-Laoag City (LAO),2025-10-01,15128.770363636366,9338.907793095248,20918.632934177484,4882.5,1857.1173265134025,7907.882673486598
Manila (MNL)-Laoag City (LAO),2025-11-01,15520.229454545457,9046.96631048965,21993.492598601264,4882.5,1500.0193420669584,8264.980657933042
Manila (MNL)-Laoag City (LAO),2025-12-01,15911.688545454548,8820.58405612219,23002.793034786904,4882.5,1177.178086650315,8587.821913349686
Manila (MNL)-Laoag City (LAO),2026-01-01,16303.14763636364,8643.879392917155,23962.415879810123,4882.5,880.2949125753689,8884.70508742463
Manila (MNL)-Laoag City (LAO),2026-02-01,16694.60672727273,8506.50455573713,24882.70889880833,4882.5,603.9627917866801,9161.03720821332
Manila (MNL)-Laoag City (LAO),2026-03-01,17086.06581818182,8401.271962370143,25770.859673993502,4882.5,344.425989770104,9420.574010229895
Manila (MNL)-Laoag City (LAO),2026-04-01,17477.524909090913,8322.948377957287,26632.10144022454,4882.5,98.9499790864229,9666.050020913577
Manila (MNL)-Laoag City (LAO),2026-05-01,17868.984000000004,8267.583132896247,27470.384867103763,4882.5,-134.52958759867397,9899.529587598674
Manila (MNL)-Laoag City (LAO),2026-06-01,18260.443090909095,8232.106949890534,28288.779231927656,4882.5,-357.6165028173509,10122.616502817351
Manila (MNL)-Legazpi (DRP),2025-07-01,41329.79561253658,34237.844396044355,48421.74682902881,26747.343533333333,22362.59750249696,31132.089564169706
Manila (MNL)-Legazpi (DRP),2025-08-01,37553.865676339185,24606.013092733658,50501.71825994471,27599.937066666665,21398.969762296267,33800.90437103706
Manila (MNL)-Legazpi (DRP),2025-09-01,40295.13845500285,23413.254644347857,57177.02226565785,28452.5306,20857.927696305425,36047.13350369457
Manila (MNL)-Legazpi (DRP),2025-10-01,39944.16906685101,19885.527152052044,60002.81098164998,29305.12413333333,20535.63207166058,38074.61619500608
Manila (MNL)-Legazpi (DRP),2025-11-01,41595.71422875578,18798.779567801797,64392.64888970976,30157.717666666664,20353.127477644142,39962.307855689185
Manila (MNL)-Legazpi (DRP),2025-12-01,39710.08954754291,14470.213470084058,64949.96562500177,31010.311199999996,20269.920772757047,41750.70162724295
Manila (MNL)-Legazpi (DRP),2026-01-01,38983.333963504,11516.946161771593,66449.7217652364,31862.90473333333,20261.957173562732,43463.852293103926
Manila (MNL)-Legazpi (DRP),2026-02-01,39915.0977995064,10389.624503641528,69440.57109537127,32715.498266666662,20313.563657925864,45117.43287540746
Manila (MNL)-Legazpi (DRP),2026-03-01,40750.48782765899,9300.453045253664,72200.5226100643,33568.091799999995,20413.85370749087,46722.32989250912
Manila (MNL)-Legazpi (DRP),2026-04-01,46033.70357651106,12770.273171873305,79297.13398114883,34420.68533333333,20554.90091450749,48286.469752159166
Manila (MNL)-Legazpi (DRP),2026-05-01,48218.872518852215,13235.92071724098,83201.82432046345,35273.27886666666,20730.721481382297,49815.83625195103
Manila (MNL)-Legazpi (DRP),2026-06-01,48440.59892380555,11818.774403124866,85062.42344448622,36125.87239999999,20936.666592610847,51315.07820738914
Manila (MNL)-Manila (MNL),2025-07-01,-280.3979164833575,-3539.88569941132,2979.0898664446045,654.5790925713269,-1409.8922664277106,2719.050451570364
Manila (MNL)-Manila (MNL),2025-08-01,-103.12522738391505,-4329.134432010962,4122.883977243131,742.1008332322061,-1581.6460808044567,3065.847747268869
Manila (MNL)-Manila (MNL),2025-09-01,460.99199999999996,-4147.484238539647,5069.468238539647,906.2148332322062,-1417.5320808044567,3229.961747268869
Manila (MNL)-Manila (MNL),2025-10-01,608.0160000000001,-4000.460238539647,5216.492238539648,943.3508332322062,-1380.3960808044567,3267.097747268869
Manila (MNL)-Manila (MNL),2025-11-01,1845.9360000000001,-2762.540238539647,6454.412238539648,869.0788332322061,-1454.6680808044568,3192.8257472688692
Manila (MNL)-Manila (MNL),2025-12-01,4481.991999999999,-126.48423853964778,9090.468238539646,2448.2548332322062,124.50791919554331,4772.001747268869
Manila (MNL)-Manila (MNL),2026-01-01,7328.204,2719.7277614603527,11936.680238539648,4618.880833232206,2295.133919195543,6942.627747268869
Manila (MNL)-Manila (MNL),2026-02-01,7484.581999999999,2876.1057614603524,12093.058238539646,4908.998833232206,2585.2519191955435,7232.745747268869
Manila (MNL)-Manila (MNL),2026-03-01,1292.5680000000002,-3315.908238539647,5901.044238539647,1160.7268332322058,-1163.0200808044572,3484.4737472688685
Manila (MNL)-Manila (MNL),2026-04-01,683.2620000000001,-3925.214238539647,5291.738238539647,866.8468332322061,-1456.9000808044568,3190.5937472688693
Manila (MNL)-Manila (MNL),2026-05-01,345.84600000000023,-4262.630238539647,4954.3222385396475,753.8308332322061,-1569.9160808044567,3077.577747268869
Manila (MNL)-Manila (MNL),2026-06-01,968.1279999999999,-3640.3482385396474,5576.604238539647,1081.860833232206,-1241.886080804457,3405.607747268869
Manila (MNL)-Ozamiz (OZC),2025-07-01,11900.28,9542.343011066054,14258.216988933948,7486.5,6047.848482894841,8925.151517105158
Manila (MNL)-Ozamiz (OZC),2025-08-01,11900.28,8565.653531028436,15234.906468971565,7486.5,5451.9395129812565,9521.060487018744
Manila (MNL)-Ozamiz (OZC),2025-09-01,11900.28,7816.213334120432,15984.34666587957,7486.5,4994.682477987819,9978.317522012181
Manila (MNL)-Ozamiz (OZC),2025-10-01,11900.28,7184.406022132108,16616.153977867893,7486.5,4609.1969657896825,10363.803034210317
Manila (MNL)-Ozamiz (OZC),2025-11-01,11900.28,6627.772606082528,17172.787393917475,7486.5,4269.577411819664,10703.422588180336
Manila (MNL)-Ozamiz (OZC),2025-12-01,11900.28,6124.537531477248,17676.02246852275,7486.5,3962.5378654114566,11010.462134588543
Manila (MNL)-Ozamiz (OZC),2026-01-01,11900.28,5661.76512012032,18138.794879879682,7486.5,3680.1858624539645,11292.814137546036
Manila (MNL)-Ozamiz (OZC),2026-02-01,11900.28,5231.027062056871,18569.53293794313,7486.5,3417.379025962512,11555.620974037487
Manila (MNL)-Ozamiz (OZC),2026-03-01,11900.28,4826.469033198163,18974.09096680184,7486.5,3170.5454486845247,11802.454551315475
Manila (MNL)-Ozamiz (OZC),2026-04-01,11900.28,4443.828535809488,19356.731464190514,7486.5,2937.0844466910103,12035.91555330899
Manila (MNL)-Ozamiz (OZC),2026-05-01,11900.28,4079.88772840571,19720.672271594292,7486.5,2715.0327136866263,12257.967286313375
Manila (MNL)-Ozamiz (OZC),2026-06-01,11900.28,3732.1466682408654,20068.413331759137,7486.5,2502.8649559756395,12470.13504402436
Manila (MNL)-Pagadian (PAG),2025-07-01,8815.797602985744,5907.485253636911,11724.109952334577,8815.797602985744,5907.485253636911,11724.109952334577
Manila (MNL)-Pagadian (PAG),2025-08-01,8687.958066838264,5232.865687601656,12143.050446074873,8687.958066838264,5232.865687601656,12143.050446074873
Manila (MNL)-Pagadian (PAG),2025-09-01,8687.958066838264,5232.865687601656,12143.050446074873,8687.958066838264,5232.865687601656,12143.050446074873
Manila (MNL)-Pagadian (PAG),2025-10-01,8687.958066838264,5232.865687601656,12143.050446074873,8687.958066838264,5232.865687601656,12143.050446074873
Manila (MNL)-Pagadian (PAG),2025-11-01,8687.958066838264,5232.865687601656,12143.050446074873,8687.958066838264,5232.865687601656,12143.050446074873
Manila (MNL)-Pagadian (PAG),2025-12-01,8687.958066838264,5232.865687601656,12143.050446074873,8687.958066838264,5232.865687601656,12143.050446074873
Manila (MNL)-Pagadian (PAG),2026-01-01,8687.958066838264,5232.865687601656,12143.050446074873,8687.958066838264,5232.865687601656,12143.050446074873
Manila (MNL)-Pagadian (PAG),2026-02-01,8687.958066838264,5232.865687601656,12143.050446074873,8687.958066838264,5232.865687601656,12143.050446074873
Manila (MNL)-Pagadian (PAG),2026-03-01,8687.958066838264,5232.865687601656,12143.050446074873,8687.958066838264,5232.865687601656,12143.050446074873
Manila (MNL)-Pagadian (PAG),2026-04-01,8687.958066838264,5232.865687601656,12143.050446074873,8687.958066838264,5232.865687601656,12143.050446074873
Manila (MNL)-Pagadian (PAG),2026-05-01,8687.958066838264,5232.865687601656,12143.050446074873,8687.958066838264,5232.865687601656,12143.050446074873
Manila (MNL)-Pagadian (PAG),2026-06-01,8687.958066838264,5232.865687601656,12143.050446074873,8687.958066838264,5232.865687601656,12143.050446074873
Manila (MNL)-Panglao (TAG),2025-07-01,51953.126000000004,42025.666192001605,61880.5858079984,24587.5,17019.63898397631,32155.36101602369
Manila (MNL)-Panglao (TAG),2025-08-01,51953.126000000004,37913.57769961487,65992.67430038514,24587.5,13884.928312984668,35290.071687015334
Manila (MNL)-Panglao (TAG),2025-09-01,51953.126000000004,34758.26122244881,69147.9907775512,24587.5,11479.580215627146,37695.419784372854
Manila (MNL)-Panglao (TAG),2025-10-01,51953.126000000004,32098.206384003213,71808.04561599679,24587.5,9451.777967952623,39723.22203204738
Manila (MNL)-Panglao (TAG),2025-11-01,51953.126000000004,29754.65102541858,74151.60097458142,24587.5,7665.248323900403,41509.75167609959
Manila (MNL)-Panglao (TAG),2025-12-01,51953.126000000004,27635.915028415675,76270.33697158433,24587.5,6050.102066441294,43124.89793355871
Manila (MNL)-Panglao (TAG),2026-01-01,51953.126000000004,25687.536197447218,78218.71580255279,24587.5,4564.821794900719,44610.17820509928
Manila (MNL)-Panglao (TAG),2026-02-01,51953.126000000004,23874.029399229734,80032.22260077027,24587.5,3182.356625969336,45992.64337403067
Manila (MNL)-Panglao (TAG),2026-03-01,51953.126000000004,22170.746576004814,81735.5054239952,24587.5,1883.9169519289317,47291.08304807107
Manila (MNL)-Panglao (TAG),2026-04-01,51953.126000000004,20559.741626947205,83346.5103730528,24587.5,655.8221737691129,48519.17782623089
Manila (MNL)-Panglao (TAG),2026-05-01,51953.126000000004,19027.466695535666,84878.78530446434,24587.5,-512.2554557083713,49687.25545570837
Manila (MNL)-Panglao (TAG),2026-06-01,51953.126000000004,17563.39644489762,86342.85555510239,24587.5,-1628.3395687457087,50803.33956874571
Manila (MNL)-Puerto Princesa City (PPS),2025-07-01,72348.65090909091,60010.11992893485,84687.18188924696,38434.60134572324,33384.121113647954,43485.081577798526
Manila (MNL)-Puerto Princesa City (PPS),2025-08-01,74181.78981818182,56732.471966284524,91631.1076700791,42876.24758154746,34168.01258682849,51584.48257626643
Manila (MNL)-Puerto Princesa City (PPS),2025-09-01,76014.92872727272,54643.96617887981,97385.89127566564,44119.79890886482,32904.03753201878,55335.56028571085
Manila (MNL)-Puerto Princesa City (PPS),2025-10-01,77848.06763636363,53171.005676051514,102525.12959667575,43428.537310817286,30173.39324026673,56683.681381367845
Manila (MNL)-Puerto Princesa City (PPS),2025-11-01,79681.20654545454,52091.41253133849,107271.00055957059,41671.12664419579,26650.993975016343,56691.25931337524
Manila (MNL)-Puerto Princesa City (PPS),2025-12-01,81514.34545454544,51291.240377640715,111737.45053145017,42620.28130231514,26021.789609741023,59218.77299488925
Manila (MNL)-Puerto Princesa City (PPS),2026-01-01,83347.48436363635,50702.7998462774,115992.1688809953,43674.96012981054,25635.68443655855,61714.23582306253
Manila (MNL)-Puerto Princesa City (PPS),2026-02-01,85180.62327272726,50281.98756893267,120079.25897652184,47447.81901273404,28074.615648141687,66821.0223773264
Manila (MNL)-Puerto Princesa City (PPS),2026-03-01,87013.76218181817,49998.16924135,124029.35512228633,48791.4575280632,28170.435495327943,69412.47956079846
Manila (MNL)-Puerto Princesa City (PPS),2026-04-01,88846.90109090907,49829.04021306612,127864.76196875202,48573.420260011786,26775.895383474704,70370.94513654886
Manila (MNL)-Puerto Princesa City (PPS),2026-05-01,90680.03999999998,49757.762274646295,131602.31772535367,49861.14446846745,26947.44481494242,72774.84412199247
Manila (MNL)-Puerto Princesa City (PPS),2026-06-01,92513.17890909089,49771.25381230507,135255.1040058767,50982.58750803782,27004.6148481015,74960.56016797414
Manila (MNL)-Roxas City (RXS),2025-07-01,16194.09,12440.076080312607,19948.103919687393,9927.75,7110.047576777716,12745.452423222283
Manila (MNL)-Roxas City (RXS),2025-08-01,16194.09,10885.112601440704,21503.067398559295,9927.75,5942.917018347512,13912.58298165249
Manila (MNL)-Roxas City (RXS),2025-09-01,16194.09,9691.947158780642,22696.23284121936,9927.75,5047.346242369061,14808.153757630938
Manila (MNL)-Roxas City (RXS),2025-10-01,16194.09,8686.062160625212,23702.11783937479,9927.75,4292.345153555432,15563.154846444568
Manila (MNL)-Roxas City (RXS),2025-11-01,16194.09,7799.859687098549,24588.32031290145,9927.75,3627.175841309091,16228.32415869091
Manila (MNL)-Roxas City (RXS),2025-12-01,16194.09,6998.671409460454,25389.508590539546,9927.75,3025.81681610171,16829.68318389829
Manila (MNL)-Roxas City (RXS),2026-01-01,16194.09,6261.902750232355,26126.277249767645,9927.75,2472.810119569768,17382.689880430233
Manila (MNL)-Roxas City (RXS),2026-02-01,16194.09,5576.135202881407,26812.044797118593,9927.75,1958.0840366950233,17897.41596330498
Manila (MNL)-Roxas City (RXS),2026-03-01,16194.09,4932.048240937818,27456.131759062184,9927.75,1474.6427303331493,18380.85726966685
Manila (MNL)-Roxas City (RXS),2026-04-01,16194.09,4322.85564581142,28065.324354188582,9927.75,1017.3925740418636,18838.107425958136
Manila (MNL)-Roxas City (RXS),2026-05-01,16194.09,3743.434370625542,28644.745629374458,9927.75,582.4882912964895,19273.01170870351
Manila (MNL)-Roxas City (RXS),2026-06-01,16194.09,3189.804317561284,29198.375682438716,9927.75,166.9424847381215,19688.557515261877
Manila (MNL)-Tacloban (TAC),2025-07-01,47984.348,34138.38218805931,61830.31381194069,23761.5,16568.297113309727,30954.702886690273
Manila (MNL)-Tacloban (TAC),2025-08-01,47984.348,28403.195364599276,67565.50063540072,23761.5,13588.774920741318,33934.225079258686
Manila (MNL)-Tacloban (TAC),2025-09-01,47984.348,24002.431733857065,71966.26426614293,23761.5,11302.507131101333,36220.49286889867
Manila (MNL)-Tacloban (TAC),2025-10-01,47984.348,20292.416376118625,75676.27962388138,23761.5,9375.094226619454,38147.905773380546
Manila (MNL)-Tacloban (TAC),2025-11-01,47984.348,17023.827230362553,78944.86876963744,23761.5,7677.009369412834,39845.99063058717
Manila (MNL)-Tacloban (TAC),2025-12-01,47984.348,14068.796764724728,81899.89923527527,23761.5,6141.823311293825,41381.176688706175
Manila (MNL)-Tacloban (TAC),2026-01-01,47984.348,11351.36580010243,84617.33019989757,23761.5,4730.074031785611,42792.92596821439
Manila (MNL)-Tacloban (TAC),2026-02-01,47984.348,8822.042729198554,87146.65327080144,23761.5,3416.049841482636,44106.950158517364
Manila (MNL)-Tacloban (TAC),2026-03-01,47984.348,6446.450564177932,89522.24543582206,23761.5,2181.891339929178,45341.10866007082
Manila (MNL)-Tacloban (TAC),2026-04-01,47984.348,4199.559629444826,91769.13637055518,23761.5,1014.5952063606492,46508.40479363935
Manila (MNL)-Tacloban (TAC),2026-05-01,47984.348,2062.4745417041777,93906.22145829583,23761.5,-95.65501605298778,47618.65501605299
Manila (MNL)-Tacloban (TAC),2026-06-01,47984.348,20.515467714132683,95948.18053228586,23761.5,-1156.4857377973349,48679.48573779734
Manila (MNL)-Tuguegarao (TUG),2025-07-01,18446.503024858066,14992.586436366799,21900.41961334933,14484.75,10608.033359076282,18361.466640923718
Manila (MNL)-Tuguegarao (TUG),2025-08-01,20159.902755359828,15275.327072610067,25044.47843810959,14484.75,9002.24474892821,19967.25525107179
Manila (MNL)-Tuguegarao (TUG),2025-09-01,19076.11432809816,13093.75531172632,25058.47334447,14484.75,7770.079811372368,21199.42018862763
Manila (MNL)-Tuguegarao (TUG),2025-10-01,18821.850885325035,11947.441509638526,25696.260261011543,14484.75,6731.316718152562,22238.183281847436
Manila (MNL)-Tuguegarao (TUG),2025-11-01,20310.73603279388,12657.106007623446,27964.366057964315,14484.75,5816.148061389922,23153.351938610078
Manila (MNL)-Tuguegarao (TUG),2025-12-01,21084.253399838864,12723.71508823152,29444.79171144621,14484.75,4988.7723523804925,23980.727647619507
Manila (MNL)-Tuguegarao (TUG),2026-01-01,21445.97260586903,12433.80587652375,30458.139335214306,14484.75,4227.921864650154,24741.578135349846
Manila (MNL)-Tuguegarao (TUG),2026-02-01,21833.11518959937,12213.359607715714,31452.87077148303,14484.75,3519.739497856417,25449.76050214358
Manila (MNL)-Tuguegarao (TUG),2026-03-01,23223.218207799142,13032.033499785772,33414.40291581251,14484.75,2854.6000772288426,26114.899922771157
Manila (MNL)-Tuguegarao (TUG),2026-04-01,25995.81703445278,15263.585484094327,36728.04858481123,14484.75,2225.495571603924,26744.004428396074
Manila (MNL)-Tuguegarao (TUG),2026-05-01,27068.089943196526,15820.808389497732,38315.37149689532,14484.75,1627.1354835290822,27342.364516470916
Manila (MNL)-Tuguegarao (TUG),2026-06-01,27362.870217442232,15623.113378144537,39102.627056739926,14484.75,1055.4096227447371,27914.090377255263
Manila (MNL)-Virac (VRC),2025-07-01,4758.622919421487,4381.3122066047345,5135.933632238239,4758.622919421487,4381.3122066047345,5135.933632238239
Manila (MNL)-Virac (VRC),2025-08-01,4736.9756741121355,4345.167375099023,5128.783973125248,4736.9756741121355,4345.167375099023,5128.783973125248
Manila (MNL)-Virac (VRC),2025-09-01,4736.9756741121355,4345.167375099023,5128.783973125248,4736.9756741121355,4345.167375099023,5128.783973125248
Manila (MNL)-Virac (VRC),2025-10-01,4736.9756741121355,4345.167375099023,5128.783973125248,4736.9756741121355,4345.167375099023,5128.783973125248
Manila (MNL)-Virac (VRC),2025-11-01,4736.9756741121355,4345.167375099023,5128.783973125248,4736.9756741121355,4345.167375099023,5128.783973125248
Manila (MNL)-Virac (VRC),2025-12-01,4736.9756741121355,4345.167375099023,5128.783973125248,4736.9756741121355,4345.167375099023,5128.783973125248
Manila (MNL)-Virac (VRC),2026-01-01,4736.9756741121355,4345.167375099023,5128.783973125248,4736.9756741121355,4345.167375099023,5128.783973125248
Manila (MNL)-Virac (VRC),2026-02-01,4736.9756741121355,4345.167375099023,5128.783973125248,4736.9756741121355,4345.167375099023,5128.783973125248
Manila (MNL)-Virac (VRC),2026-03-01,4736.9756741121355,4345.167375099023,5128.783973125248,4736.9756741121355,4345.167375099023,5128.783973125248
Manila (MNL)-Virac (VRC),2026-04-01,4736.9756741121355,4345.167375099023,5128.783973125248,4736.9756741121355,4345.167375099023,5128.783973125248
Manila (MNL)-Virac (VRC),2026-05-01,4736.9756741121355,4345.167375099023,5128.783973125248,4736.9756741121355,4345.167375099023,5128.783973125248
Manila (MNL)-Virac (VRC),2026-06-01,4736.9756741121355,4345.167375099023,5128.783973125248,4736.9756741121355,4345.167375099023,5128.783973125248
Manila (MNL)-Zamboanga (ZAM),2025-07-01,5036.138121058652,3407.8016949612725,6664.474547156033,0.0,-408.3441055084032,408.3441055084032
Manila (MNL)-Zamboanga (ZAM),2025-08-01,4743.806655920017,2943.553503864478,6544.059807975556,0.0,-408.3441055084032,408.3441055084032
Manila (MNL)-Zamboanga (ZAM),2025-09-01,4754.389873379638,2918.1045197928474,6590.675226966428,156.984,-251.36010550840317,565.3281055084032
Manila (MNL)-Zamboanga (ZAM),2025-10-01,4605.934658349618,2761.7348814222432,6450.134435276993,156.984,-251.36010550840317,565.3281055084032
Manila (MNL)-Zamboanga (ZAM),2025-11-01,2946.9347985169943,1100.9802315160848,4792.889365517904,0.0,-408.3441055084032,408.3441055084032
Manila (MNL)-Zamboanga (ZAM),2025-12-01,2947.3422321445632,1100.9977966021959,4793.68666768693,0.0,-408.3441055084032,408.3441055084032
Manila (MNL)-Zamboanga (ZAM),2026-01-01,2759.3023331105187,912.8712397993252,4605.7334264217125,0.0,-408.3441055084032,408.3441055084032
Manila (MNL)-Zamboanga (ZAM),2026-02-01,2759.392906834984,912.9425497929199,4605.843263877048,0.0,-408.3441055084032,408.3441055084032
Manila (MNL)-Zamboanga (ZAM),2026-03-01,3200.8136114592035,1354.3589720589614,5047.268250859445,0.0,-408.3441055084032,408.3441055084032
Manila (MNL)-Zamboanga (ZAM),2026-04-01,7320.361746271375,5473.9061548913405,9166.817337651408,0.0,-408.3441055084032,408.3441055084032
Manila (MNL)-Zamboanga (ZAM),2026-05-01,6878.99323963816,5032.537436630213,8725.449042646107,0.0,-408.3441055084032,408.3441055084032
Manila (MNL)-Zamboanga (ZAM),2026-06-01,5632.983715667645,3786.527865614178,7479.439565721112,813.75,405.4058944915968,1222.0941055084031
Manila (MNL)-nan,2025-07-01,470.82551773453207,-1900.7270223740286,2842.378057843093,0.0,-1896.5275170345726,1896.5275170345726
Manila (MNL)-nan,2025-08-01,722.646353244109,-2064.580398701823,3509.873105190041,0.0,-2380.112337610931,2380.112337610931
Manila (MNL)-nan,2025-09-01,878.1386665966531,-2052.086761731098,3808.3640949244045,0.0,-2618.02847172114,2618.02847172114
Manila (MNL)-nan,2025-10-01,974.1508153245381,-2008.7913954921883,3957.0930261412645,0.0,-2745.5073514315427,2745.5073514315427
Manila (MNL)-nan,2025-11-01,1033.4356282171536,-1969.362307932878,4036.233564367185,0.0,-2816.1942266772207,2816.1942266772207
Manila (MNL)-nan,2025-12-01,1070.042339828969,-1940.291536122022,4080.37621577996,0.0,-2856.0461131514817,2856.0461131514817
Manila (MNL)-nan,2026-01-01,1092.6459590300267,-1920.5561943858472,4105.8481124459,0.0,-2878.7105824312225,2878.7105824312225
Manila (MNL)-nan,2026-02-01,1106.6030608425126,-1907.691966804693,4120.898088489718,0.0,-2891.6618938346237,2891.6618938346237
Manila (MNL)-nan,2026-03-01,1115.2211803246787,-1899.4904249755773,4129.932785624935,0.0,-2899.0825146342872,2899.0825146342872
Manila (MNL)-nan,2026-04-01,1120.5426277431138,-1894.3277916549023,4135.41304714113,0.0,-2903.3406775942617,2903.3406775942617
Manila (MNL)-nan,2026-05-01,1123.8284724898442,-1891.102496020482,4138.75944100017,0.0,-2905.7862349677116,2905.7862349677116
Manila (MNL)-nan,2026-06-01,1125.8573895965344,-1889.0966642543365,4140.8114434474055,0.0,-2907.1914639752617,2907.1914639752617
Ozamiz (OZC)-Cebu (CEB),2025-07-01,2541.6663635222963,1671.0960971108236,3412.236629933769,31.917552621515906,-35.437688027606455,99.27279327063827
Ozamiz (OZC)-Cebu (CEB),2025-08-01,2381.1125621537335,1299.719969171878,3462.505155135589,31.917552621515906,-35.437688027606455,99.27279327063827
Ozamiz (OZC)-Cebu (CEB),2025-09-01,2381.1125621537335,1299.719969171878,3462.505155135589,31.917552621516208,-35.43768802760577,99.27279327063819
Ozamiz (OZC)-Cebu (CEB),2025-10-01,2381.1125621537335,1299.719969171878,3462.505155135589,31.91755262151621,-35.43768802760576,99.27279327063818
Ozamiz (OZC)-Cebu (CEB),2025-11-01,2381.1125621537335,1299.719969171878,3462.505155135589,92.68555262151622,25.330311972394256,160.04079327063818
Ozamiz (OZC)-Cebu (CEB),2025-12-01,2381.1125621537335,1299.719969171878,3462.505155135589,59.85289148651971,-7.502349162602258,127.20813213564168
Ozamiz (OZC)-Cebu (CEB),2026-01-01,2381.1125621537335,1299.719969171878,3462.505155135589,176.2632962807889,108.90805563166693,243.61853692991087
Ozamiz (OZC)-Cebu (CEB),2026-02-01,2381.1125621537335,1299.719969171878,3462.505155135589,31.917552621516215,-35.43768802760575,99.27279327063818
Ozamiz (OZC)-Cebu (CEB),2026-03-01,2381.1125621537335,1299.719969171878,3462.505155135589,31.917552621516215,-35.43768802760575,99.27279327063818
Ozamiz (OZC)-Cebu (CEB),2026-04-01,2381.1125621537335,1299.719969171878,3462.505155135589,59.39386009671918,-7.961380552402787,126.74910074584115
Ozamiz (OZC)-Cebu (CEB),2026-05-01,2381.1125621537335,1299.719969171878,3462.505155135589,60.24634696349159,-7.1088936856303775,127.60158761261356
Ozamiz (OZC)-Cebu (CEB),2026-06-01,2381.1125621537335,1299.719969171878,3462.505155135589,60.607014484049145,-6.748226165072822,127.96225513317111
Ozamiz (OZC)-Manila (MNL),2025-07-01,11590.404,9752.225974951974,13428.582025048026,7323.75,5921.568652759817,8725.931347240183
Ozamiz (OZC)-Manila (MNL),2025-08-01,11590.404,8990.82770692089,14189.98029307911,7323.75,5340.766121826356,9306.733878173645
Ozamiz (OZC)-Manila (MNL),2025-09-01,11590.404,8406.586267260202,14774.2217327398,7323.75,4895.100665154625,9752.399334845375
Ozamiz (OZC)-Manila (MNL),2025-10-01,11590.404,7914.0479499039475,15266.760050096054,7323.75,4519.3873055196345,10128.112694480365
Ozamiz (OZC)-Manila (MNL),2025-11-01,11590.404,7480.112981246301,15700.6950187537,7323.75,4188.377190788715,10459.122809211285
Ozamiz (OZC)-Manila (MNL),2025-12-01,11590.404,7087.805782235419,16093.00221776458,7323.75,3889.121172413275,10758.378827586725
Ozamiz (OZC)-Manila (MNL),2026-01-01,11590.404,6727.042080259064,16453.765919740938,7323.75,3613.9268621889732,11033.573137811027
Ozamiz (OZC)-Manila (MNL),2026-02-01,11590.404,6391.25141384178,16789.55658615822,7323.75,3357.782243652711,11289.717756347289
Ozamiz (OZC)-Manila (MNL),2026-03-01,11590.404,6075.8699248559205,17104.93807514408,7323.75,3117.205958279452,11530.294041720548
Ozamiz (OZC)-Manila (MNL),2026-04-01,11590.404,5777.574695978194,17403.233304021807,7323.75,2889.66325011757,11757.83674988243
Ozamiz (OZC)-Manila (MNL),2026-05-01,11590.404,5493.857193039186,17686.950806960813,7323.75,2673.2405831692777,11974.259416830722
Ozamiz (OZC)-Manila (MNL),2026-06-01,11590.404,5222.768534520403,17958.039465479596,7323.75,2466.451330309251,12181.04866969075
Pagadian (PAG)-Cebu (CEB),2025-07-01,2098.7623117330922,1206.7578861154782,2990.7667373507065,0.0,-53.267359799796786,53.267359799796786
Pagadian (PAG)-Cebu (CEB),2025-08-01,1981.096362117697,1001.9867820864649,2960.2059421489294,0.0,-53.267359799796786,53.267359799796786
Pagadian (PAG)-Cebu (CEB),2025-09-01,1981.096362117697,1001.9867820864649,2960.2059421489294,0.0,-53.267359799796786,53.267359799796786
Pagadian (PAG)-Cebu (CEB),2025-10-01,1981.096362117697,1001.9867820864649,2960.2059421489294,0.0,-53.267359799796786,53.267359799796786
Pagadian (PAG)-Cebu (CEB),2025-11-01,1981.096362117697,1001.9867820864649,2960.2059421489294,0.0,-53.267359799796786,53.267359799796786
Pagadian (PAG)-Cebu (CEB),2025-12-01,1981.096362117697,1001.9867820864649,2960.2059421489294,0.0,-53.267359799796786,53.267359799796786
Pagadian (PAG)-Cebu (CEB),2026-01-01,1981.096362117697,1001.9867820864649,2960.2059421489294,0.0,-53.267359799796786,53.267359799796786
Pagadian (PAG)-Cebu (CEB),2026-02-01,1981.096362117697,1001.9867820864649,2960.2059421489294,0.0,-53.267359799796786,53.267359799796786
Pagadian (PAG)-Cebu (CEB),2026-03-01,1981.096362117697,1001.9867820864649,2960.2059421489294,0.0,-53.267359799796786,53.267359799796786
Pagadian (PAG)-Cebu (CEB),2026-04-01,1981.096362117697,1001.9867820864649,2960.2059421489294,0.0,-53.267359799796786,53.267359799796786
Pagadian (PAG)-Cebu (CEB),2026-05-01,1981.096362117697,1001.9867820864649,2960.2059421489294,0.0,-53.267359799796786,53.267359799796786
Pagadian (PAG)-Cebu (CEB),2026-06-01,1981.096362117697,1001.9867820864649,2960.2059421489294,0.0,-53.267359799796786,53.267359799796786
Pagadian (PAG)-Manila (MNL),2025-07-01,8688.067542395256,6273.656207079963,11102.47887771055,8688.067542395256,6273.656207079963,11102.47887771055
Pagadian (PAG)-Manila (MNL),2025-08-01,8620.583314693878,5882.472745625203,11358.693883762553,8620.583314693878,5882.472745625203,11358.693883762553
Pagadian (PAG)-Manila (MNL),2025-09-01,8620.583314693878,5882.472745625203,11358.693883762553,8620.583314693878,5882.472745625203,11358.693883762553
Pagadian (PAG)-Manila (MNL),2025-10-01,8620.583314693878,5882.472745625203,11358.693883762553,8620.583314693878,5882.472745625203,11358.693883762553
Pagadian (PAG)-Manila (MNL),2025-11-01,8620.583314693878,5882.472745625203,11358.693883762553,8620.583314693878,5882.472745625203,11358.693883762553
Pagadian (PAG)-Manila (MNL),2025-12-01,8620.583314693878,5882.472745625203,11358.693883762553,8620.583314693878,5882.472745625203,11358.693883762553
Pagadian (PAG)-Manila (MNL),2026-01-01,8620.583314693878,5882.472745625203,11358.693883762553,8620.583314693878,5882.472745625203,11358.693883762553
Pagadian (PAG)-Manila (MNL),2026-02-01,8620.583314693878,5882.472745625203,11358.693883762553,8620.583314693878,5882.472745625203,11358.693883762553
Pagadian (PAG)-Manila (MNL),2026-03-01,8620.583314693878,5882.472745625203,11358.693883762553,8620.583314693878,5882.472745625203,11358.693883762553
Pagadian (PAG)-Manila (MNL),2026-04-01,8620.583314693878,5882.472745625203,11358.693883762553,8620.583314693878,5882.472745625203,11358.693883762553
Pagadian (PAG)-Manila (MNL),2026-05-01,8620.583314693878,5882.472745625203,11358.693883762553,8620.583314693878,5882.472745625203,11358.693883762553
Pagadian (PAG)-Manila (MNL),2026-06-01,8620.583314693878,5882.472745625203,11358.693883762553,8620.583314693878,5882.472745625203,11358.693883762553
Panglao (TAG)-Davao City (DVO),2025-07-01,3497.5639999999994,1761.871529216834,5233.256470783164,1991.5000000000002,417.7546540507208,3565.24534594928
Panglao (TAG)-Davao City (DVO),2025-08-01,3497.5639999999994,1042.9241677095797,5952.203832290419,1991.5000000000002,-234.11201196300976,4217.11201196301
Panglao (TAG)-Davao City (DVO),2025-09-01,3497.5639999999994,491.25645428879807,6503.871545711201,1991.5000000000002,-734.3068973592119,4717.306897359213
Panglao (TAG)-Davao City (DVO),2025-10-01,3497.5639999999994,26.17905843366816,6968.94894156633,1991.5000000000002,-1155.9906918985596,5138.99069189856
Panglao (TAG)-Davao City (DVO),2025-11-01,3497.5639999999994,-383.5623527057264,7378.690352705726,1991.5000000000002,-1527.5015728165129,5510.5015728165135
Panglao (TAG)-Davao City (DVO),2025-12-01,3497.5639999999994,-753.9969038093559,7749.124903809355,1991.5000000000002,-1863.373082655525,5846.373082655526
Panglao (TAG)-Davao City (DVO),2026-01-01,3497.5639999999994,-1094.6466301794999,8089.774630179499,1991.5000000000002,-2172.238812327105,6155.238812327105
Panglao (TAG)-Davao City (DVO),2026-02-01,3497.5639999999994,-1411.71566458084,8406.84366458084,1991.5000000000002,-2459.72402392602,6442.72402392602
Panglao (TAG)-Davao City (DVO),2026-03-01,3497.5639999999994,-1709.5134123494972,8704.641412349496,1991.5000000000002,-2729.736037847839,6712.736037847839
Panglao (TAG)-Davao City (DVO),2026-04-01,3497.5639999999994,-1991.1775252800626,8986.305525280062,1991.5000000000002,-2985.1197502893647,6968.119750289365
Panglao (TAG)-Davao City (DVO),2026-05-01,3497.5639999999994,-2259.0766770326627,9254.204677032661,1991.5000000000002,-3228.0228280818164,7211.022828081816
Panglao (TAG)-Davao City (DVO),2026-06-01,3497.5639999999994,-2515.0510914224033,9510.179091422402,1991.5000000000002,-3460.1137947184243,7443.113794718424
Panglao (TAG)-Manila (MNL),2025-07-01,64055.512000503746,55862.18901961185,72248.83498139564,27031.972050330372,19733.811550768234,34330.132549892514
Panglao (TAG)-Manila (MNL),2025-08-01,61800.06803989703,53396.1958817005,70203.94019809355,26921.0612282874,17674.52683178059,36167.59562479421
Panglao (TAG)-Manila (MNL),2025-09-01,60387.97569205744,51837.493272534964,68938.45811157991,26899.257536634086,17585.601762995953,36212.91331027222
Panglao (TAG)-Manila (MNL),2025-10-01,63428.81440666798,54841.84083574232,72015.78797759365,26894.971201351775,17578.731114978378,36211.21128772517
Panglao (TAG)-Manila (MNL),2025-11-01,64372.50368780111,55768.401224485264,72976.60615111695,26894.128561011574,17577.78861391324,36210.46850810991
Panglao (TAG)-Manila (MNL),2025-12-01,68806.67698228188,60198.25153915765,77415.1024254061,26893.962908374495,17577.619102011948,36210.306714737046
Panglao (TAG)-Manila (MNL),2026-01-01,70444.98097705275,61834.989355259924,79054.97259884558,26893.93034312113,17577.586387610856,36210.274298631404
Panglao (TAG)-Manila (MNL),2026-02-01,65607.44820731334,56997.00285228657,74217.89356234012,26893.923941196324,17577.57997992199,36210.26790247066
Panglao (TAG)-Manila (MNL),2026-03-01,72123.92250682863,63513.342291347835,80734.50272230942,26893.92268265733,17577.57872116023,36210.26664415443
Panglao (TAG)-Manila (MNL),2026-04-01,72857.55857076363,64246.97951691955,81468.13762460773,26893.922435244174,17577.578473738467,36210.26639674988
Panglao (TAG)-Manila (MNL),2026-05-01,76553.75440652102,67943.35215691877,85164.15665612328,26893.92238660582,17577.578425099782,36210.26634811186
Panglao (TAG)-Manila (MNL),2026-06-01,72078.18690684455,63468.18365985191,80688.1901538372,26893.922377044124,17577.578415538068,36210.26633855018
Puerto Princesa City (PPS)-Cebu (CEB),2025-07-01,10379.280551661084,7082.447204446566,13676.113898875603,8526.0,5437.564175037529,11614.435824962471
Puerto Princesa City (PPS)-Cebu (CEB),2025-08-01,10040.04337843131,5318.195177124286,14761.891579738334,8526.0,4158.292169819135,12893.707830180865
Puerto Princesa City (PPS)-Cebu (CEB),2025-09-01,9647.566951769846,4416.641940134586,14878.491963405108,8526.0,3176.6722352490997,13875.3277647509
Puerto Princesa City (PPS)-Cebu (CEB),2025-10-01,13454.990733508928,8117.320224586571,18792.661242431284,8526.0,2349.128350075057,14702.871649924942
Puerto Princesa City (PPS)-Cebu (CEB),2025-11-01,15688.910999382975,10344.937439967496,21032.884558798454,8526.0,1620.0475512382718,15431.952448761727
Puerto Princesa City (PPS)-Cebu (CEB),2025-12-01,17160.328964679848,11814.884261227464,22505.77366813223,8526.0,960.9081255103229,16091.091874489677
Puerto Princesa City (PPS)-Cebu (CEB),2026-01-01,16589.485245328757,11239.340590352029,21939.629900305485,8526.0,354.76686696669003,16697.23313303331
Puerto Princesa City (PPS)-Cebu (CEB),2026-02-01,11954.364175089051,6601.067763630215,17307.660586547885,8526.0,-209.41566036173026,17261.41566036173
Puerto Princesa City (PPS)-Cebu (CEB),2026-03-01,13943.004230918134,8588.664566496172,19297.343895340095,8526.0,-739.3074748874151,17791.307474887413
Puerto Princesa City (PPS)-Cebu (CEB),2026-04-01,12360.365620985838,7005.871436856537,17714.85980511514,8526.0,-1240.491614142522,18292.49161414252
Puerto Princesa City (PPS)-Cebu (CEB),2026-05-01,14053.722311217269,8699.227417610564,19408.217204823974,8526.0,-1717.1828204922622,18769.182820492264
Puerto Princesa City (PPS)-Cebu (CEB),2026-06-01,13674.723601050004,8320.214887099639,19029.23231500037,8526.0,-2172.6555295018006,19224.6555295018
Puerto Princesa City (PPS)-Iloilo (ILO),2025-07-01,2278.5,612.4633840601887,3944.5366159398113,2278.5,612.4633840601887,3944.5366159398113
Puerto Princesa City (PPS)-Iloilo (ILO),2025-08-01,2278.5,-77.63157767225675,4634.631577672257,2278.5,-77.63157767225675,4634.631577672257
Puerto Princesa City (PPS)-Iloilo (ILO),2025-09-01,2278.5,-607.1600660778699,5164.1600660778695,2278.5,-607.1600660778699,5164.1600660778695
Puerto Princesa City (PPS)-Iloilo (ILO),2025-10-01,2278.5,-1053.5732318796227,5610.573231879623,2278.5,-1053.5732318796227,5610.573231879623
Puerto Princesa City (PPS)-Iloilo (ILO),2025-11-01,2278.5,-1446.871126245128,6003.871126245128,2278.5,-1446.871126245128,6003.871126245128
Puerto Princesa City (PPS)-Iloilo (ILO),2025-12-01,2278.5,-1802.439601845765,6359.439601845765,2278.5,-1802.439601845765,6359.439601845765
Puerto Princesa City (PPS)-Iloilo (ILO),2026-01-01,2278.5,-2129.4185609043698,6686.41856090437,2278.5,-2129.4185609043698,6686.41856090437
Puerto Princesa City (PPS)-Iloilo (ILO),2026-02-01,2278.5,-2433.7631553445135,6990.7631553445135,2278.5,-2433.7631553445135,6990.7631553445135
Puerto Princesa City (PPS)-Iloilo (ILO),2026-03-01,2278.5,-2719.6098478194344,7276.609847819434,2278.5,-2719.6098478194344,7276.609847819434
Puerto Princesa City (PPS)-Iloilo (ILO),2026-04-01,2278.5,-2989.9703716089916,7546.970371608992,2278.5,-2989.9703716089916,7546.970371608992
Puerto Princesa City (PPS)-Iloilo (ILO),2026-05-01,2278.5,-3247.118342065797,7804.118342065797,2278.5,-3247.118342065797,7804.118342065797
Puerto Princesa City (PPS)-Iloilo (ILO),2026-06-01,2278.5,-3492.82013215574,8049.82013215574,2278.5,-3492.82013215574,8049.82013215574
Puerto Princesa City (PPS)-Manila (MNL),2025-07-01,68180.44700544197,57841.330098010454,78519.56391287348,34304.00257645982,29386.85455093139,39221.15060198824
Puerto Princesa City (PPS)-Manila (MNL),2025-08-01,67978.20781939091,50822.60759471216,85133.80804406966,36255.249332723484,29301.351906825097,43209.14675862187
Puerto Princesa City (PPS)-Manila (MNL),2025-09-01,67912.6617388182,45270.94613155685,90554.37734607956,37718.334931020996,29201.584722468775,46235.08513957322
Puerto Princesa City (PPS)-Manila (MNL),2025-10-01,67891.41813730687,40660.81306396033,95122.02321065341,36690.79763010084,26856.501579043987,46525.09368115769
Puerto Princesa City (PPS)-Manila (MNL),2025-11-01,67884.5330482027,36678.29886757127,99090.76722883414,34299.384949815154,23304.30770930472,45294.46219032559
Puerto Princesa City (PPS)-Manila (MNL),2025-12-01,67882.30157855539,33136.35607109379,102628.24708601699,36131.536645374545,24087.03299309611,48176.04029765298
Puerto Princesa City (PPS)-Manila (MNL),2026-01-01,67881.57835526639,29919.772086415054,105843.38462411772,36540.413120301535,23530.86228506104,49549.96395554203
Puerto Princesa City (PPS)-Manila (MNL),2026-02-01,67881.34395730971,26954.146025760434,108808.54188885899,36490.188131270894,22582.39327947412,50397.98298306767
Puerto Princesa City (PPS)-Manila (MNL),2026-03-01,67881.26798851427,24189.039478456856,111573.49649857168,36745.54732619627,21994.10324961099,51496.99140278155
Puerto Princesa City (PPS)-Manila (MNL),2026-04-01,67881.2433668923,21588.710335458818,114173.77639832579,35762.741199188946,20213.353846319347,51312.128552058544
Puerto Princesa City (PPS)-Manila (MNL),2026-05-01,67881.23538698076,19126.846437593187,116635.62433636832,36873.72821091906,20565.393171604373,53182.06325023374
Puerto Princesa City (PPS)-Manila (MNL),2026-06-01,67881.2328006772,16783.448306513106,118979.0172948413,39969.661731301356,22936.161314196914,57003.1621484058
Roxas City (RXS)-Manila (MNL),2025-07-01,16031.34,12797.320522298654,19265.359477701346,9765.0,6636.832718535624,12893.167281464375
Roxas City (RXS)-Manila (MNL),2025-08-01,16031.34,11457.745793656004,20604.934206343998,9765.0,5341.103405181304,14188.896594818696
Roxas City (RXS)-Manila (MNL),2025-09-01,16031.34,10429.853951953908,21632.826048046092,9765.0,4346.855333929087,15183.144666070913
Roxas City (RXS)-Manila (MNL),2025-10-01,16031.34,9563.301044597309,22499.37895540269,9765.0,3508.6654370712467,16021.334562928754
Roxas City (RXS)-Manila (MNL),2025-11-01,16031.34,8799.852607301427,23262.82739269857,9765.0,2770.2053136549357,16759.794686345063
Roxas City (RXS)-Manila (MNL),2025-12-01,16031.34,8109.642461409545,23953.037538590455,9765.0,2102.5863303430706,17427.41366965693
Roxas City (RXS)-Manila (MNL),2026-01-01,16031.34,7474.928726863243,24587.751273136757,9765.0,1488.647313836269,18041.35268616373
Roxas City (RXS)-Manila (MNL),2026-02-01,16031.34,6884.151587312008,25178.528412687992,9765.0,917.2068103626061,18612.793189637392
Roxas City (RXS)-Manila (MNL),2026-03-01,16031.34,6329.281566895965,25733.398433104034,9765.0,380.49815560687057,19149.50184439313
Roxas City (RXS)-Manila (MNL),2026-04-01,16031.34,5804.472453115626,26258.207546884376,9765.0,-127.13351144445005,19657.133511444452
Roxas City (RXS)-Manila (MNL),2026-05-01,16031.34,5305.3108277634965,26757.369172236504,9765.0,-609.9571540834113,20139.95715408341
Roxas City (RXS)-Manila (MNL),2026-06-01,16031.34,4828.367903907814,27234.312096092188,9765.0,-1071.289332141827,20601.289332141827
Tacloban (TAC)-Cebu (CEB),2025-07-01,3696.5083719143777,2410.288762172687,4982.727981656069,0.0,-67.45007979606291,67.45007979606291
Tacloban (TAC)-Cebu (CEB),2025-08-01,3936.0830186887997,2290.521408948749,5581.64462842885,0.0,-67.45007979606291,67.45007979606291
Tacloban (TAC)-Cebu (CEB),2025-09-01,3748.8340996170205,2036.8969288014168,5460.771270432624,0.0,-67.45007979606291,67.45007979606291
Tacloban (TAC)-Cebu (CEB),2025-10-01,3748.8340996170205,2036.8969288014168,5460.771270432624,0.0,-67.45007979606291,67.45007979606291
Tacloban (TAC)-Cebu (CEB),2025-11-01,3748.8340996170205,2036.8969288014168,5460.771270432624,0.0,-67.45007979606291,67.45007979606291
Tacloban (TAC)-Cebu (CEB),2025-12-01,3748.8340996170205,2036.8969288014168,5460.771270432624,0.0,-67.45007979606291,67.45007979606291
Tacloban (TAC)-Cebu (CEB),2026-01-01,3748.8340996170205,2036.8969288014168,5460.771270432624,0.0,-67.45007979606291,67.45007979606291
Tacloban (TAC)-Cebu (CEB),2026-02-01,3748.8340996170205,2036.8969288014168,5460.771270432624,161.448,93.9979202039371,228.89807979606292
Tacloban (TAC)-Cebu (CEB),2026-03-01,3748.8340996170205,2036.8969288014168,5460.771270432624,0.0,-67.45007979606291,67.45007979606291
Tacloban (TAC)-Cebu (CEB),2026-04-01,3748.8340996170205,2036.8969288014168,5460.771270432624,0.0,-67.45007979606291,67.45007979606291
Tacloban (TAC)-Cebu (CEB),2026-05-01,3748.8340996170205,2036.8969288014168,5460.771270432624,0.0,-67.45007979606291,67.45007979606291
Tacloban (TAC)-Cebu (CEB),2026-06-01,3748.8340996170205,2036.8969288014168,5460.771270432624,0.0,-67.45007979606291,67.45007979606291
Tacloban (TAC)-Manila (MNL),2025-07-01,65546.27878257219,56649.3377916625,74443.21977348188,28481.25,22863.21554830351,34099.28445169649
Tacloban (TAC)-Manila (MNL),2025-08-01,61636.01739763007,47155.16724867877,76116.86754658137,28481.25,20536.14948453153,36426.35051546847
Tacloban (TAC)-Manila (MNL),2025-09-01,64032.13434360943,42767.93147154197,85296.3372156769,28481.25,18750.52889098932,38211.97110901068
Tacloban (TAC)-Manila (MNL),2025-10-01,66899.3345964135,41513.24279766368,92285.4263951633,28481.25,17245.18109660702,39717.31890339298
Tacloban (TAC)-Manila (MNL),2025-11-01,66927.58018377805,38723.15768788667,95132.00267966941,28481.25,15918.94306607089,41043.55693392911
Tacloban (TAC)-Manila (MNL),2025-12-01,67154.64209706344,35986.908187689114,98322.37600643776,28481.25,14719.932235966931,42242.56776403307
Tacloban (TAC)-Manila (MNL),2026-01-01,68600.98209840686,34507.42670308451,102694.53749372922,28481.25,13617.327983817973,43345.17201618203
Tacloban (TAC)-Manila (MNL),2026-02-01,69785.63693502263,33185.84182468887,106385.4320453564,28481.25,12591.048969063058,44371.45103093694
Tacloban (TAC)-Manila (MNL),2026-03-01,70471.83785094424,31584.834801306744,109358.84090058174,28481.25,11627.146644910528,45335.35335508947
Tacloban (TAC)-Manila (MNL),2026-04-01,71344.30603913077,30217.45378820809,112471.15829005344,28481.25,10715.46515934388,46247.034840656124
Tacloban (TAC)-Manila (MNL),2026-05-01,72409.21264687777,29146.03603544901,115672.38925830653,28481.25,9848.337664432718,47114.16233556728
Tacloban (TAC)-Manila (MNL),2026-06-01,73364.7452891823,28099.673996418154,118629.81658194645,28481.25,9019.807781978641,47942.69221802136
Tawi Tawi (TWT)-Zamboanga (ZAM),2025-07-01,1486.2164339631245,-1228.9230524211903,4201.35592034744,-388.3733040799377,-2985.0206236259883,2208.2740154661133
Tawi Tawi (TWT)-Zamboanga (ZAM),2025-08-01,-907.7809955843254,-4044.75278007725,2229.190788908599,-2833.2150747730952,-5809.657004239717,143.22685469352655
Tawi Tawi (TWT)-Zamboanga (ZAM),2025-09-01,731.0376405421712,-3018.103479711532,4480.178760795874,-899.4785068166216,-4461.606054812906,2662.649041179663
Tawi Tawi (TWT)-Zamboanga (ZAM),2025-10-01,624.9917879144086,-3555.784673708871,4805.7682495376885,-1243.1525495924802,-5205.854263829374,2719.5491646444134
Tawi Tawi (TWT)-Zamboanga (ZAM),2025-11-01,-519.0517537251158,-5126.179685399833,4088.076177949601,-2507.7214928216886,-6873.926560887461,1858.4835752440836
Tawi Tawi (TWT)-Zamboanga (ZAM),2025-12-01,1040.5419671273557,-3942.8414351981137,6023.925369452825,-474.06989412832127,-5193.159903218704,4245.0201149620625
Tawi Tawi (TWT)-Zamboanga (ZAM),2026-01-01,1571.8940454914991,-3766.6942966843753,6910.482387667374,-427.67387031556154,-5481.725672597592,4626.377931966469
Tawi Tawi (TWT)-Zamboanga (ZAM),2026-02-01,-337.0279087372495,-6006.461383745009,5332.4055662705105,-2163.768076038417,-7529.145276787571,3201.6091247107365
Tawi Tawi (TWT)-Zamboanga (ZAM),2026-03-01,1571.8397760838498,-4411.029442360987,7554.708994528686,-347.98755449126475,-6008.746376462559,5312.77126748003
Tawi Tawi (TWT)-Zamboanga (ZAM),2026-04-01,-1903.1991942881339,-8183.536110046928,4377.13772147066,-3395.503969058306,-9336.493065643801,2545.4851275271894
Tawi Tawi (TWT)-Zamboanga (ZAM),2026-05-01,-1427.4507653370192,-7991.928497981632,5137.026967307594,-3395.436612120299,-9604.224193320373,2813.350969079775
Tawi Tawi (TWT)-Zamboanga (ZAM),2026-06-01,-1716.0154612513697,-8552.77884796085,5120.747925458111,-3395.4662299385213,-9860.883623308047,3069.951163431005
Tokyo (NRT)-Angeles City (CRK),2025-07-01,4882.5,3041.256406023836,6723.7435939761635,4882.5,3041.256406023836,6723.7435939761635
Tokyo (NRT)-Angeles City (CRK),2025-08-01,4882.5,2278.5883377663286,7486.411662233671,4882.5,2278.5883377663286,7486.411662233671
Tokyo (NRT)-Angeles City (CRK),2025-09-01,4882.5,1693.372546122563,8071.627453877437,4882.5,1693.372546122563,8071.627453877437
Tokyo (NRT)-Angeles City (CRK),2025-10-01,4882.5,1200.012812047672,8564.987187952327,4882.5,1200.012812047672,8564.987187952327
Tokyo (NRT)-Angeles City (CRK),2025-11-01,4882.5,765.3541607332754,8999.645839266725,4882.5,765.3541607332754,8999.645839266725
Tokyo (NRT)-Angeles City (CRK),2025-12-01,4882.5,372.3927025901521,9392.607297409848,4882.5,372.3927025901521,9392.607297409848
Tokyo (NRT)-Angeles City (CRK),2026-01-01,4882.5,11.027347248284968,9753.972652751716,4882.5,11.027347248284968,9753.972652751716
Tokyo (NRT)-Angeles City (CRK),2026-02-01,4882.5,-325.3233244673429,10090.323324467343,4882.5,-325.3233244673429,10090.323324467343
Tokyo (NRT)-Angeles City (CRK),2026-03-01,4882.5,-641.2307819284924,10406.230781928492,4882.5,-641.2307819284924,10406.230781928492
Tokyo (NRT)-Angeles City (CRK),2026-04-01,4882.5,-940.0234841589618,10705.023484158963,4882.5,-940.0234841589618,10705.023484158963
Tokyo (NRT)-Angeles City (CRK),2026-05-01,4882.5,-1224.2141488644183,10989.21414886442,4882.5,-1224.2141488644183,10989.21414886442
Tokyo (NRT)-Angeles City (CRK),2026-06-01,4882.5,-1495.7549077548738,11260.754907754874,4882.5,-1495.7549077548738,11260.754907754874
Tuguegarao (TUG)-Manila (MNL),2025-07-01,27718.278,22275.429922852625,33161.126077147375,24152.122545454546,20046.96772932588,28257.277361583212
Tuguegarao (TUG)-Manila (MNL),2025-08-01,27718.278,20020.928431361863,35415.627568638134,24705.49509090909,18899.929474298704,30511.06070751948
Tuguegarao (TUG)-Manila (MNL),2025-09-01,27718.278,18290.98859250218,37145.567407497816,25258.867636363637,18148.530921892718,32369.204350834556
Tuguegarao (TUG)-Manila (MNL),2025-10-01,27718.278,16832.581845705252,38603.974154294745,25812.240181818182,17601.930549560853,34022.54981407551
Tuguegarao (TUG)-Manila (MNL),2025-11-01,27718.278,15547.699708294453,39888.856291705546,26365.612727272728,17186.207500248383,35545.01795429707
Tuguegarao (TUG)-Manila (MNL),2025-12-01,27718.278,14386.077463500364,41050.478536499635,26918.985272727274,16863.450658083148,36974.519887371396
Tuguegarao (TUG)-Manila (MNL),2026-01-01,27718.278,13317.85556396195,42118.700436038045,27472.35781818182,16611.13908128629,38333.57655507735
Tuguegarao (TUG)-Manila (MNL),2026-02-01,27718.278,12323.578862723723,43112.97713727628,28025.730363636365,16414.59913041559,39636.86159685714
Tuguegarao (TUG)-Manila (MNL),2026-03-01,27718.278,11389.733768557877,44046.82223144212,28579.10290909091,16263.638460704917,40894.5673574769
Tuguegarao (TUG)-Manila (MNL),2026-04-01,27718.278,10506.481117946438,44930.07488205356,29132.475454545456,16150.836087969148,42114.114821121766
Tuguegarao (TUG)-Manila (MNL),2026-05-01,27718.278,9666.393137194798,45770.1628628052,29685.848,16070.58976858081,43301.106231419195
Tuguegarao (TUG)-Manila (MNL),2026-06-01,27718.278,8863.699185004356,46572.85681499564,30239.220545454547,16018.54711651271,44459.893974396386
Zamboanga (ZAM)-Cebu (CEB),2025-07-01,2179.0447620671857,-1652.6183677185468,6010.707891852919,541.7428950729809,-3374.027746707421,4457.513536853383
Zamboanga (ZAM)-Cebu (CEB),2025-08-01,2730.1257049406668,-1893.334624654015,7353.5860345353485,967.9519135682667,-3782.38130132868,5718.285128465213
Zamboanga (ZAM)-Cebu (CEB),2025-09-01,3178.2770606072872,-1764.3082068820831,8120.862328096658,1487.8847020741025,-3608.88422360233,6584.653627750535
Zamboanga (ZAM)-Cebu (CEB),2025-10-01,2620.023296170001,-2461.4323545825905,7701.4789469225925,966.6249984071696,-4285.625948128165,6218.875944942503
Zamboanga (ZAM)-Cebu (CEB),2025-11-01,2281.9340198008977,-2861.601216694835,7425.46925629663,591.0509052151397,-4732.962186889081,5915.063997319359
Zamboanga (ZAM)-Cebu (CEB),2025-12-01,2343.4613090456196,-2828.134483048726,7515.057101139965,912.6723358490873,-4444.855976142332,6270.2006478405065
Zamboanga (ZAM)-Cebu (CEB),2026-01-01,2415.354443849774,-2768.9863795374004,7599.695267236948,968.2580112628566,-4405.0062339474,6341.522256473113
Zamboanga (ZAM)-Cebu (CEB),2026-02-01,3640.4668954390118,-1549.6751982973547,8830.608989175378,2074.98989017531,-3305.6807216139473,7455.660501964567
Zamboanga (ZAM)-Cebu (CEB),2026-03-01,3612.517851514138,-1580.2674361207282,8805.303139149004,1957.7620510812148,-3426.3984663557176,7341.922568518147
Zamboanga (ZAM)-Cebu (CEB),2026-04-01,5515.188691471515,321.198569395915,10709.178813547114,4350.18864496936,-1035.6172094578105,9735.994499396531
Zamboanga (ZAM)-Cebu (CEB),2026-05-01,5504.171461627509,309.6320348579811,10698.710888397038,4378.977008882461,-1007.6047451644736,9765.558762929395
Zamboanga (ZAM)-Cebu (CEB),2026-06-01,5588.711682064568,393.9217948476062,10783.501569281529,4398.748577890636,-988.1991144085805,9785.696270189852
Zamboanga (ZAM)-Manila (MNL),2025-07-01,31050.572,25369.943700322576,36731.200299677424,20457.5,15518.253290665802,25396.7467093342
Zamboanga (ZAM)-Manila (MNL),2025-08-01,31050.572,23016.95041579577,39084.19358420423,20457.5,13472.350315752898,27442.649684247102
Zamboanga (ZAM)-Manila (MNL),2025-09-01,31050.572,21211.4351660451,40889.7088339549,20457.5,11902.473748315782,29012.52625168422
Zamboanga (ZAM)-Manila (MNL),2025-10-01,31050.572,19689.31540064515,42411.82859935485,20457.5,10579.006581331603,30335.993418668397
Zamboanga (ZAM)-Manila (MNL),2025-11-01,31050.572,18348.300967012234,43752.84303298777,20457.5,9413.008600286588,31501.991399713414
Zamboanga (ZAM)-Manila (MNL),2025-12-01,31050.572,17135.931247376306,44965.212752623695,20457.5,8358.865848410316,32556.134151589686
Zamboanga (ZAM)-Manila (MNL),2026-01-01,31050.572,16021.042228457842,46080.10177154216,20457.5,7389.48154310758,33525.518456892416
Zamboanga (ZAM)-Manila (MNL),2026-02-01,31050.572,14983.328831591545,47117.81516840846,20457.5,6487.200631505793,34427.799368494205
Zamboanga (ZAM)-Manila (MNL),2026-03-01,31050.572,14008.68710096773,48092.45689903227,20457.5,5639.759871997407,35275.240128002595
Zamboanga (ZAM)-Manila (MNL),2026-04-01,31050.572,13086.848032209797,49014.2959677902,20457.5,4838.230473012285,36076.769526987715
Zamboanga (ZAM)-Manila (MNL),2026-05-01,31050.572,12210.059356495414,49891.08464350458,20457.5,4075.871918140865,36839.12808185913
Zamboanga (ZAM)-Manila (MNL),2026-06-01,31050.572,11372.298332090206,50728.845667909794,20457.5,3347.4474966315647,37567.55250336844
Zamboanga (ZAM)-Tawi Tawi (TWT),2025-07-01,1865.5466609338907,-2012.245531108574,5743.338852976355,985.4350345552019,-2352.2115617471713,4323.081630857575
Zamboanga (ZAM)-Tawi Tawi (TWT),2025-08-01,1668.4434287939596,-3014.1226156532284,6351.009473241147,1430.3941977928962,-2477.0307146579444,5337.819110243737
Zamboanga (ZAM)-Tawi Tawi (TWT),2025-09-01,2905.366845534226,-2102.8873745763794,7913.621065644831,2035.388518696324,-2059.3798645244206,6130.156901917068
Zamboanga (ZAM)-Tawi Tawi (TWT),2025-10-01,2041.2544518075874,-3109.3358318270502,7191.844735442225,1326.042398034059,-2824.746568500059,5476.831364568177
Zamboanga (ZAM)-Tawi Tawi (TWT),2025-11-01,1388.2272523666968,-3826.275090315873,6602.729595049267,982.0162173354636,-3193.832935296623,5157.865369967551
Zamboanga (ZAM)-Tawi Tawi (TWT),2025-12-01,1763.2570102026125,-3480.2657096047383,7006.779730009963,768.4193395975581,-3416.7075650535753,4953.546244248691
Zamboanga (ZAM)-Tawi Tawi (TWT),2026-01-01,2440.6106058188534,-2816.1539523504525,7697.375163988159,1386.0069415494643,-2802.563346584354,5574.577229683283
Zamboanga (ZAM)-Tawi Tawi (TWT),2026-02-01,3615.5534669944836,-1647.2665576877725,8878.373491676739,2964.695953428173,-1225.1526359830004,7154.544542839347
Zamboanga (ZAM)-Tawi Tawi (TWT),2026-03-01,3630.56870316147,-1635.0232374865273,8896.160643809468,2459.842445048348,-1730.4784046091027,6650.163294705799
Zamboanga (ZAM)-Tawi Tawi (TWT),2026-04-01,6242.385058508747,975.5236838771534,11509.246433140339,4908.777538757196,718.2888070566842,9099.266270457709
Zamboanga (ZAM)-Tawi Tawi (TWT),2026-05-01,6405.004056129788,1137.5612071771648,11672.446905082412,5498.712094031224,1308.181579572506,9689.242608489942
Zamboanga (ZAM)-Tawi Tawi (TWT),2026-06-01,6356.138476414966,1088.429253162646,11623.847699667287,5656.417724299492,1465.927160526804,9846.90828807218
nan-nan,2025-07-01,155.09879418629023,-99.73726743351247,409.93485580609297,0.0,-240.97565677242437,240.97565677242437
nan-nan,2025-08-01,196.08289765465202,-79.72746959961131,471.89326490891534,201.25,-39.72565677242437,442.2256567724244
nan-nan,2025-09-01,213.04973801782478,-66.197206235826,492.29668227147556,0.0,-240.97565677242437,240.97565677242437
nan-nan,2025-10-01,220.0737704486334,-59.7579128381613,499.9054537354281,0.0,-240.97565677242437,240.97565677242437
nan-nan,2025-11-01,222.98162073383673,-56.950155044459166,502.91339651213264,0.0,-240.97565677242437,240.97565677242437
nan-nan,2025-12-01,224.18542970887356,-55.76349676011441,504.1343561778615,0.0,-240.97565677242437,240.97565677242437
nan-nan,2026-01-01,224.68378963330065,-55.26807608956699,504.6356553561683,0.0,-240.97565677242437,240.97565677242437
nan-nan,2026-02-01,224.8901036078807,-55.0622658538972,504.8424730696586,0.0,-240.97565677242437,240.97565677242437
nan-nan,2026-03-01,224.97551468132514,-54.97694111330907,504.92797047595934,0.0,-240.97565677242437,240.97565677242437
nan-nan,2026-04-01,225.01087366019112,-54.941596930537685,504.96334425091993,199.64,-41.335656772424386,440.61565677242436
nan-nan,2026-05-01,225.02551177836506,-54.92696134818215,504.97798490491226,155.868,-85.10765677242438,396.84365677242437
nan-nan,2026-06-01,225.03157175267842,-54.92090180846827,504.9840453138251,0.0,-240.97565677242437,240.97565677242437
