Airline,ROUTE,Year,Month,Passenger,OwnShfli,RouteHHI,AirHHI_From,AirHHI_To,AirFli_From,AirFli_To
AirAsia,BCD-MNL,2022,9,6621.6,18.64,3687.33,3692.25,3934.0,206,2179
AirAsia,CEB-MNL,2022,9,2979.72,7.84,5438.22,3663.32,3934.0,550,2179
AirAsia,CGY-MNL,2022,9,662.16,2.92,4794.97,3658.86,3934.0,204,2179
AirAsia,ILO-MNL,2022,9,15446.84,41.19,3494.96,3268.97,3934.0,231,2179
AirAsia,KLO-MNL,2022,9,7283.76,86.27,7631.03,7631.68,3934.0,51,2179
AirAsia,MNL-BCD,2022,9,4469.58,20.95,3564.91,3801.79,3624.82,1813,133
AirAsia,MNL-CEB,2022,9,7945.92,19.18,3776.28,3801.79,2957.6,1813,594
AirAsia,MNL-CGY,2022,9,662.16,2.48,4995.7,3801.79,4014.46,1813,216
AirAsia,MNL-ILO,2022,9,12084.42,31.26,3559.86,3801.79,3335.66,1813,238
AirAsia,MNL-KLO,2022,9,7780.38,87.04,7743.92,3801.79,7778.51,1813,55
AirAsia,MNL-MPH,2022,9,9766.86,30.98,3181.36,3801.79,3299.33,1813,217
AirAsia,MNL-PPS,2022,9,2317.56,22.11,5259.83,3801.79,4140.78,1813,94
AirAsia,MNL-TAG,2022,9,5793.9,34.48,3335.98,3801.79,3346.23,1813,110
AirAsia,MPH-KLO,2022,9,165.54,100.0,10000.0,3340.7,7778.51,267,55
AirAsia,MPH-MNL,2022,9,13077.66,32.9,3255.85,3340.7,3934.0,267,2179
AirAsia,PPS-MNL,2022,9,4138.5,32.97,4083.54,3701.13,3934.0,90,2179
AirAsia,RXS-MNL,2022,9,1324.32,20.0,6800.0,6800.0,3934.0,40,2179
AirAsia,TAC-MNL,2022,9,7449.3,32.85,5213.14,4721.84,3934.0,158,2179
AirAsia,TAG-MNL,2022,9,5793.9,27.67,3605.1,3536.56,3934.0,130,2179
Cebgo,BXU-CEB,2022,9,364.608,100.0,10000.0,6265.71,2957.6,67,594
Cebgo,CEB-BXU,2022,9,425.376,100.0,10000.0,3663.32,6098.52,550,70
Cebgo,CEB-CGM,2022,9,121.536,100.0,10000.0,3663.32,10000.0,550,2
Cebgo,CEB-CGY,2022,9,3220.704,71.84,5953.97,3663.32,4014.46,550,216
Cebgo,CEB-CRK,2022,9,546.912,100.0,10000.0,3663.32,10000.0,550,9
Cebgo,CEB-CYP,2022,9,850.752,100.0,10000.0,3663.32,5897.73,550,20
Cebgo,CEB-IAO,2022,9,2369.952,67.37,5603.43,3663.32,5248.69,550,104
Cebgo,CEB-ILO,2022,9,1276.128,100.0,10000.0,3663.32,3335.66,550,238
Cebgo,CEB-PAG,2022,9,121.536,100.0,10000.0,3663.32,9314.17,550,23
Cebgo,CEB-TAC,2022,9,60.768,100.0,10000.0,3663.32,10000.0,550,1
Cebgo,CEB-USU,2022,9,1093.824,57.65,5117.04,3663.32,5117.08,550,32
Cebgo,CGY-CEB,2022,9,4010.688,76.89,6446.14,3658.86,2957.6,204,594
Cebgo,CRK-CEB,2022,9,546.912,100.0,10000.0,10000.0,2957.6,9,594
Cebgo,CYP-CEB,2022,9,486.144,100.0,10000.0,5331.9,2957.6,13,594
Cebgo,DPL-CEB,2022,9,60.768,100.0,10000.0,5041.55,2957.6,35,594
Cebgo,IAO-CEB,2022,9,1519.2,56.96,5096.88,5363.1,2957.6,71,594
Cebgo,ILO-CEB,2022,9,1276.128,100.0,10000.0,3268.97,2957.6,231,594
Cebgo,MNL-LGP,2022,9,60.768,0.45,4966.3,3801.79,4966.49,1813,99
Cebgo,MNL-MPH,2022,9,1215.36,4.06,3181.36,3801.79,3299.33,1813,217
Cebgo,MNL-WNP,2022,9,1154.592,100.0,10000.0,3801.79,10000.0,1813,19
Cebgo,MPH-MNL,2022,9,1154.592,3.06,3255.85,3340.7,3934.0,267,2179
Cebgo,OZC-CEB,2022,9,1093.824,100.0,10000.0,3970.39,2957.6,59,594
Cebgo,PAG-CEB,2022,9,911.52,100.0,10000.0,7744.08,2957.6,54,594
Cebgo,TAC-CEB,2022,9,121.536,10.03,8195.2,4721.84,2957.6,158,594
Cebgo,USU-CEB,2022,9,1033.056,62.07,5291.37,5102.04,2957.6,61,594
Cebgo,USU-MNL,2022,9,1033.056,52.94,5017.29,5102.04,3934.0,61,2179
Cebgo,WNP-MNL,2022,9,1154.592,100.0,10000.0,10000.0,3934.0,19,2179
Cebu Pacific,BCD-MNL,2022,9,15026.576,44.61,3687.33,3692.25,3934.0,206,2179
Cebu Pacific,BXU-MNL,2022,9,7535.232,79.52,6742.86,6265.71,3934.0,67,2179
Cebu Pacific,CEB-DVO,2022,9,3610.632,61.73,5275.19,3663.32,5260.19,550,227
Cebu Pacific,CEB-MNL,2022,9,25174.832,69.85,5438.22,3663.32,3934.0,550,2179
Cebu Pacific,CEB-MPH,2022,9,2040.792,100.0,10000.0,3663.32,3299.33,550,217
Cebu Pacific,CGY-MNL,2022,9,11738.352,54.63,4794.97,3658.86,3934.0,204,2179
Cebu Pacific,CYZ-MNL,2022,9,3767.616,100.0,10000.0,10000.0,3934.0,24,2179
Cebu Pacific,DGT-MNL,2022,9,3453.648,40.67,5174.1,5174.18,3934.0,56,2179
Cebu Pacific,DPL-MNL,2022,9,3139.68,58.82,5155.58,5041.55,3934.0,35,2179
Cebu Pacific,DVO-CEB,2022,9,3139.68,59.65,5186.24,5175.75,2957.6,219,594
Cebu Pacific,DVO-MNL,2022,9,17358.548,61.0,5242.0,5175.75,3934.0,219,2179
Cebu Pacific,GES-MNL,2022,9,10057.104,63.33,5355.38,5355.33,3934.0,59,2179
Cebu Pacific,ILO-MNL,2022,9,8369.104,23.53,3494.96,3268.97,3934.0,231,2179
Cebu Pacific,KLO-MNL,2022,9,1098.888,13.73,7631.03,7631.68,3934.0,51,2179
Cebu Pacific,LGP-MNL,2022,9,7064.28,53.84,5029.49,5029.49,3934.0,95,2179
Cebu Pacific,MNL-BCD,2022,9,7872.832,38.91,3564.91,3801.79,3624.82,1813,133
Cebu Pacific,MNL-BXU,2022,9,7535.232,78.56,6631.35,3801.79,6098.52,1813,70
Cebu Pacific,MNL-CEB,2022,9,19194.248,48.85,3776.28,3801.79,2957.6,1813,594
Cebu Pacific,MNL-CGY,2022,9,15109.288,59.57,4995.7,3801.79,4014.46,1813,216
Cebu Pacific,MNL-CYZ,2022,9,3924.6,100.0,10000.0,3801.79,10000.0,1813,25
Cebu Pacific,MNL-DGT,2022,9,6593.328,55.93,5070.33,3801.79,5070.28,1813,77
Cebu Pacific,MNL-DPL,2022,9,3139.68,57.14,5101.96,3801.79,5102.04,1813,35
Cebu Pacific,MNL-DVO,2022,9,18329.148,63.04,5340.08,3801.79,5260.19,1813,227
Cebu Pacific,MNL-GES,2022,9,10993.944,65.37,5472.47,3801.79,5472.59,1813,62
Cebu Pacific,MNL-ILO,2022,9,8757.344,23.88,3559.86,3801.79,3335.66,1813,238
Cebu Pacific,MNL-KLO,2022,9,1098.888,12.96,7743.92,3801.79,7778.51,1813,55
Cebu Pacific,MNL-LGP,2022,9,7064.28,52.12,4966.3,3801.79,4966.49,1813,99
Cebu Pacific,MNL-MPH,2022,9,11773.8,39.38,3181.36,3801.79,3299.33,1813,217
Cebu Pacific,MNL-OZC,2022,9,3924.6,100.0,10000.0,3801.79,10000.0,1813,25
Cebu Pacific,MNL-PAG,2022,9,3296.664,100.0,10000.0,3801.79,9314.17,1813,23
Cebu Pacific,MNL-PPS,2022,9,6802.64,68.42,5259.83,3801.79,4140.78,1813,94
Cebu Pacific,MNL-RXS,2022,9,3139.68,100.0,10000.0,3801.79,10000.0,1813,20
Cebu Pacific,MNL-TAG,2022,9,5204.104,32.66,3335.98,3801.79,3346.23,1813,110
Cebu Pacific,MPH-CEB,2022,9,2040.792,100.0,10000.0,3340.7,2957.6,267,594
Cebu Pacific,MPH-MNL,2022,9,14913.48,39.57,3255.85,3340.7,3934.0,267,2179
Cebu Pacific,OZC-MNL,2022,9,3767.616,58.54,5145.86,3970.39,3934.0,59,2179
Cebu Pacific,PAG-MNL,2022,9,6122.376,100.0,10000.0,7744.08,3934.0,54,2179
Cebu Pacific,PPS-MNL,2022,9,6294.552,52.88,4083.54,3701.13,3934.0,90,2179
Cebu Pacific,RXS-MNL,2022,9,5023.488,80.0,6800.0,6800.0,3934.0,40,2179
Cebu Pacific,TAC-MNL,2022,9,13814.592,64.23,5213.14,4721.84,3934.0,158,2179
Cebu Pacific,TAG-MNL,2022,9,9280.624,46.74,3605.1,3536.56,3934.0,130,2179
Cebu Pacific,TUG-MNL,2022,9,5337.456,100.0,10000.0,10000.0,3934.0,34,2179
Cebu Pacific,ZAM-MNL,2022,9,11412.568,74.41,6191.7,5966.84,3934.0,97,2179
Philippine Airlines,BCD-CEB,2022,9,934.048,100.0,10000.0,3692.25,2957.6,206,594
Philippine Airlines,BCD-MNL,2022,9,11846.896,36.74,3687.33,3692.25,3934.0,206,2179
Philippine Airlines,BXU-MNL,2022,9,1858.4,20.48,6742.86,6265.71,3934.0,67,2179
Philippine Airlines,CBO-MNL,2022,9,2404.608,100.0,10000.0,10000.0,3934.0,16,2179
Philippine Airlines,CEB-BCD,2022,9,1043.936,100.0,10000.0,3663.32,3624.82,550,133
Philippine Airlines,CEB-CGY,2022,9,1208.768,28.16,5953.97,3663.32,4014.46,550,216
Philippine Airlines,CEB-DVO,2022,9,2142.816,38.27,5275.19,3663.32,5260.19,550,227
Philippine Airlines,CEB-IAO,2022,9,1098.88,32.63,5603.43,3663.32,5248.69,550,104
Philippine Airlines,CEB-MNL,2022,9,7698.624,22.31,5438.22,3663.32,3934.0,550,2179
Philippine Airlines,CEB-PPS,2022,9,2087.872,100.0,10000.0,3663.32,4140.78,550,94
Philippine Airlines,CEB-USU,2022,9,769.216,42.35,5117.04,3663.32,5117.08,550,32
Philippine Airlines,CGY-CEB,2022,9,1153.824,23.11,6446.14,3658.86,2957.6,204,594
Philippine Airlines,CGY-MNL,2022,9,8731.248,42.45,4794.97,3658.86,3934.0,204,2179
Philippine Airlines,CYP-MNL,2022,9,274.72,100.0,10000.0,5331.9,3934.0,13,2179
Philippine Airlines,DGT-MNL,2022,9,4823.76,59.33,5174.1,5174.18,3934.0,56,2179
Philippine Airlines,DPL-MNL,2022,9,2104.032,41.18,5155.58,5041.55,3934.0,35,2179
Philippine Airlines,DVO-CEB,2022,9,2032.928,40.35,5186.24,5175.75,2957.6,219,594
Philippine Airlines,DVO-MNL,2022,9,10625.2,39.0,5242.0,5175.75,3934.0,219,2179
Philippine Airlines,DVO-TAG,2022,9,769.216,100.0,10000.0,5175.75,3346.23,219,110
Philippine Airlines,EUQ-MNL,2022,9,384.608,100.0,10000.0,10000.0,3934.0,7,2179
Philippine Airlines,GES-MNL,2022,9,5575.2,36.67,5355.38,5355.33,3934.0,59,2179
Philippine Airlines,IAO-CEB,2022,9,1098.88,43.04,5096.88,5363.1,2957.6,71,594
Philippine Airlines,IAO-MNL,2022,9,1428.544,100.0,10000.0,5363.1,3934.0,71,2179
Philippine Airlines,ILO-MNL,2022,9,12013.344,35.28,3494.96,3268.97,3934.0,231,2179
Philippine Airlines,LAO-MNL,2022,9,1016.464,100.0,10000.0,10000.0,3934.0,12,2179
Philippine Airlines,LGP-MNL,2022,9,5798.208,46.16,5029.49,5029.49,3934.0,95,2179
Philippine Airlines,MNL-BCD,2022,9,7777.808,40.15,3564.91,3801.79,3624.82,1813,133
Philippine Airlines,MNL-BSO,2022,9,879.104,100.0,10000.0,3801.79,10000.0,1813,16
Philippine Airlines,MNL-BXU,2022,9,1968.288,21.44,6631.35,3801.79,6098.52,1813,70
Philippine Airlines,MNL-CBO,2022,9,3060.704,100.0,10000.0,3801.79,10000.0,1813,21
Philippine Airlines,MNL-CEB,2022,9,12027.888,31.97,3776.28,3801.79,2957.6,1813,594
Philippine Airlines,MNL-CGY,2022,9,9217.664,37.96,4995.7,3801.79,4014.46,1813,216
Philippine Airlines,MNL-CRM,2022,9,329.664,100.0,10000.0,3801.79,10000.0,1813,6
Philippine Airlines,MNL-CYP,2022,9,329.664,100.0,10000.0,3801.79,5897.73,1813,20
Philippine Airlines,MNL-DGT,2022,9,4974.048,44.07,5070.33,3801.79,5070.28,1813,77
Philippine Airlines,MNL-DPL,2022,9,2254.32,42.86,5101.96,3801.79,5102.04,1813,35
Philippine Airlines,MNL-DVO,2022,9,10289.072,36.96,5340.08,3801.79,5260.19,1813,227
Philippine Airlines,MNL-EUQ,2022,9,439.552,100.0,10000.0,3801.79,10000.0,1813,8
Philippine Airlines,MNL-GES,2022,9,5575.2,34.63,5472.47,3801.79,5472.59,1813,62
Philippine Airlines,MNL-IAO,2022,9,2472.48,100.0,10000.0,3801.79,5248.69,1813,104
Philippine Airlines,MNL-ILO,2022,9,15746.304,44.86,3559.86,3801.79,3335.66,1813,238
Philippine Airlines,MNL-LAO,2022,9,644.784,100.0,10000.0,3801.79,10000.0,1813,10
Philippine Airlines,MNL-LGP,2022,9,6153.728,47.43,4966.3,3801.79,4966.49,1813,99
Philippine Airlines,MNL-MNL,2022,9,391.072,100.0,10000.0,3801.79,3934.0,1813,2179
Philippine Airlines,MNL-MPH,2022,9,7323.712,25.58,3181.36,3801.79,3299.33,1813,217
Philippine Airlines,MNL-PPS,2022,9,901.728,9.47,5259.83,3801.79,4140.78,1813,94
Philippine Airlines,MNL-TAG,2022,9,5014.448,32.87,3335.98,3801.79,3346.23,1813,110
Philippine Airlines,MPH-MNL,2022,9,8826.592,24.46,3255.85,3340.7,3934.0,267,2179
Philippine Airlines,OZC-MNL,2022,9,2554.896,41.46,5145.86,3970.39,3934.0,59,2179
Philippine Airlines,PPS-CEB,2022,9,1098.88,100.0,10000.0,3701.13,2957.6,90,594
Philippine Airlines,PPS-MNL,2022,9,1612.768,14.15,4083.54,3701.13,3934.0,90,2179
Philippine Airlines,TAC-CEB,2022,9,1043.936,89.97,8195.2,4721.84,2957.6,158,594
Philippine Airlines,TAC-MNL,2022,9,601.152,2.92,5213.14,4721.84,3934.0,158,2179
Philippine Airlines,TAG-DVO,2022,9,769.216,100.0,10000.0,3536.56,5260.19,130,227
Philippine Airlines,TAG-MNL,2022,9,4864.16,25.59,3605.1,3536.56,3934.0,130,2179
Philippine Airlines,USU-CEB,2022,9,604.384,37.93,5291.37,5102.04,2957.6,61,594
Philippine Airlines,USU-MNL,2022,9,879.104,47.06,5017.29,5102.04,3934.0,61,2179
Philippine Airlines,ZAM-CEB,2022,9,494.496,100.0,10000.0,5966.84,2957.6,97,594
Philippine Airlines,ZAM-MNL,2022,9,3757.2,25.59,6191.7,5966.84,3934.0,97,2179
AirAsia,BCD-MNL,2022,10,10936.8,19.91,3614.72,3631.88,3770.31,338,3440
AirAsia,CEB-MNL,2022,10,7499.52,14.09,4464.57,3321.96,3770.31,823,3440
AirAsia,CGY-MNL,2022,10,2343.6,7.35,4384.32,3419.79,3770.31,323,3440
AirAsia,ILO-MNL,2022,10,21141.12,40.7,3513.3,3291.41,3770.31,339,3440
AirAsia,KLO-MNL,2022,10,12186.72,91.76,8487.8,8488.58,3770.31,85,3440
AirAsia,MNL-BCD,2022,10,6874.56,20.27,3592.26,3720.46,3634.63,2796,223
AirAsia,MNL-CEB,2022,10,13124.16,22.91,3535.08,3720.46,2867.88,2796,908
AirAsia,MNL-CGY,2022,10,2343.6,6.43,4605.07,3720.46,3773.84,2796,328
AirAsia,MNL-ILO,2022,10,16717.68,33.19,3523.29,3720.46,3287.93,2796,332
AirAsia,MNL-KLO,2022,10,12499.2,93.02,8701.44,3720.46,8715.81,2796,87
AirAsia,MNL-MPH,2022,10,14061.6,28.83,3275.92,3720.46,3437.64,2796,386
AirAsia,MNL-PPS,2022,10,2812.32,15.65,4637.56,3720.46,4145.35,2796,158
AirAsia,MNL-TAC,2022,10,624.96,40.0,3400.0,3720.46,3179.68,2796,14
AirAsia,MNL-TAG,2022,10,8436.96,33.6,3396.38,3720.46,3446.22,2796,173
AirAsia,MPH-KLO,2022,10,156.24,100.0,10000.0,3385.69,8715.81,463,87
AirAsia,MPH-MNL,2022,10,18592.56,30.66,3270.23,3385.69,3770.31,463,3440
AirAsia,MPH-MPH,2022,10,156.24,50.0,5000.0,3385.69,3437.64,463,386
AirAsia,PPS-MNL,2022,10,7655.76,30.19,3348.47,3383.27,3770.31,182,3440
AirAsia,RXS-MNL,2022,10,2031.12,20.31,6283.66,6284.18,3770.31,64,3440
AirAsia,TAC-MNL,2022,10,11718.0,32.61,4673.31,4284.39,3770.31,263,3440
AirAsia,TAG-MNL,2022,10,7812.0,25.9,3556.33,3517.81,3770.31,198,3440
Cebgo,BXU-CEB,2022,10,546.912,82.65,7132.05,5950.78,2867.88,100,908
Cebgo,CEB-BXU,2022,10,546.912,82.65,7132.05,3321.96,5826.92,823,103
Cebgo,CEB-CGY,2022,10,4192.992,61.88,5282.27,3321.96,3773.84,823,328
Cebgo,CEB-CRK,2022,10,607.68,100.0,10000.0,3321.96,10000.0,823,10
Cebgo,CEB-CYP,2022,10,1215.36,100.0,10000.0,3321.96,5382.53,823,32
Cebgo,CEB-IAO,2022,10,3342.24,66.0,5512.0,3321.96,5291.01,823,153
Cebgo,CEB-ILO,2022,10,1883.808,100.0,10000.0,3321.96,3287.93,823,332
Cebgo,CEB-PAG,2022,10,546.912,100.0,10000.0,3321.96,8183.56,823,40
Cebgo,CEB-TAC,2022,10,60.768,26.09,6143.38,3321.96,3179.68,823,14
Cebgo,CEB-USU,2022,10,1458.432,66.16,5522.29,3321.96,5642.58,823,39
Cebgo,CGY-CEB,2022,10,5772.96,70.05,5804.0,3419.79,2867.88,323,908
Cebgo,CGY-DVO,2022,10,60.768,100.0,10000.0,3419.79,5046.04,323,350
Cebgo,CRK-CEB,2022,10,607.68,100.0,10000.0,10000.0,2867.88,10,908
Cebgo,CYP-CEB,2022,10,850.752,100.0,10000.0,5055.4,2867.88,26,908
Cebgo,DVO-CGY,2022,10,60.768,100.0,10000.0,5074.83,3773.84,343,328
Cebgo,IAO-CEB,2022,10,2066.112,56.25,5078.12,5553.2,2867.88,109,908
Cebgo,IAO-IAO,2022,10,60.768,100.0,10000.0,5553.2,5291.01,109,153
Cebgo,ILO-CEB,2022,10,1823.04,100.0,10000.0,3291.41,2867.88,339,908
Cebgo,MNL-CEB,2022,10,60.768,0.11,3535.08,3720.46,2867.88,2796,908
Cebgo,MNL-MBT,2022,10,60.768,100.0,10000.0,3720.46,10000.0,2796,1
Cebgo,MNL-MPH,2022,10,1397.664,2.85,3275.92,3720.46,3437.64,2796,386
Cebgo,MNL-USU,2022,10,60.768,100.0,10000.0,3720.46,5642.58,2796,39
Cebgo,MNL-WNP,2022,10,1458.432,100.0,10000.0,3720.46,10000.0,2796,24
Cebgo,MPH-MNL,2022,10,1458.432,2.39,3270.23,3385.69,3770.31,463,3440
Cebgo,OZC-CEB,2022,10,1579.968,100.0,10000.0,4376.84,2867.88,86,908
Cebgo,PAG-CEB,2022,10,2005.344,100.0,10000.0,7073.97,2867.88,92,908
Cebgo,TAC-CEB,2022,10,486.144,25.31,6219.19,4284.39,2867.88,263,908
Cebgo,USU-CEB,2022,10,1519.2,68.81,5707.63,5168.02,2867.88,90,908
Cebgo,USU-MNL,2022,10,1579.968,51.43,5004.09,5168.02,3770.31,90,3440
Cebgo,USU-USU,2022,10,60.768,100.0,10000.0,5168.02,5642.58,90,39
Cebgo,WNP-MNL,2022,10,1397.664,100.0,10000.0,10000.0,3770.31,23,3440
Cebu Pacific,BCD-DVO,2022,10,156.984,100.0,10000.0,3631.88,5046.04,338,350
Cebu Pacific,BCD-MNL,2022,10,23444.632,42.48,3614.72,3631.88,3770.31,338,3440
Cebu Pacific,BXU-MNL,2022,10,10517.928,77.28,6488.4,5950.78,3770.31,100,3440
Cebu Pacific,CEB-DVO,2022,10,4395.552,57.33,5107.46,3321.96,5046.04,823,350
Cebu Pacific,CEB-MNL,2022,10,32039.928,59.93,4464.57,3321.96,3770.31,823,3440
Cebu Pacific,CEB-MPH,2022,10,4552.536,87.82,7860.7,3321.96,3437.64,823,386
Cebu Pacific,CGY-MNL,2022,10,16245.312,50.7,4384.32,3419.79,3770.31,323,3440
Cebu Pacific,CYZ-MNL,2022,10,3924.6,100.0,10000.0,10000.0,3770.31,25,3440
Cebu Pacific,DGT-MNL,2022,10,6750.312,46.01,5031.84,5031.87,3770.31,96,3440
Cebu Pacific,DPL-MNL,2022,10,4395.552,53.85,5029.65,5029.59,3770.31,52,3440
Cebu Pacific,DVO-BCD,2022,10,156.984,100.0,10000.0,5074.83,3634.63,343,223
Cebu Pacific,DVO-CEB,2022,10,4552.536,58.02,5128.64,5074.83,2867.88,343,908
Cebu Pacific,DVO-MNL,2022,10,25805.3,57.54,5113.7,5074.83,3770.31,343,3440
Cebu Pacific,GES-MNL,2022,10,13264.304,60.87,5236.31,5236.21,3770.31,92,3440
Cebu Pacific,ILO-MNL,2022,10,11814.312,22.63,3513.3,3291.41,3770.31,339,3440
Cebu Pacific,KLO-MNL,2022,10,1098.888,8.24,8487.8,8488.58,3770.31,85,3440
Cebu Pacific,LGP-MNL,2022,10,11459.832,58.04,5129.28,5129.3,3770.31,141,3440
Cebu Pacific,MNL-BCD,2022,10,13998.584,41.08,3592.26,3720.46,3634.63,2796,223
Cebu Pacific,MNL-BXU,2022,10,10674.912,75.81,6332.31,3720.46,5826.92,2796,103
Cebu Pacific,MNL-CEB,2022,10,24952.016,43.35,3535.08,3720.46,2867.88,2796,908
Cebu Pacific,MNL-CGY,2022,10,20678.0,56.43,4605.07,3720.46,3773.84,2796,328
Cebu Pacific,MNL-CYZ,2022,10,4238.568,100.0,10000.0,3720.46,10000.0,2796,27
Cebu Pacific,MNL-DGT,2022,10,10988.88,57.46,5111.3,3720.46,5111.25,2796,125
Cebu Pacific,MNL-DPL,2022,10,4709.52,55.56,5061.83,3720.46,5061.73,2796,54
Cebu Pacific,MNL-DVO,2022,10,25623.84,56.19,5076.63,3720.46,5046.04,2796,350
Cebu Pacific,MNL-GES,2022,10,13635.664,61.42,5260.83,3720.46,5260.85,2796,93
Cebu Pacific,MNL-ILO,2022,10,11971.296,23.66,3523.29,3720.46,3287.93,2796,332
Cebu Pacific,MNL-KLO,2022,10,941.904,6.98,8701.44,3720.46,8715.81,2796,87
Cebu Pacific,MNL-LGP,2022,10,11773.8,57.75,5120.12,3720.46,5120.11,2796,147
Cebu Pacific,MNL-MPH,2022,10,20250.936,41.33,3275.92,3720.46,3437.64,2796,386
Cebu Pacific,MNL-OZC,2022,10,5808.408,100.0,10000.0,3720.46,10000.0,2796,37
Cebu Pacific,MNL-PAG,2022,10,4866.504,100.0,10000.0,3720.46,8183.56,2796,40
Cebu Pacific,MNL-PPS,2022,10,11301.16,62.61,4637.56,3720.46,4145.35,2796,158
Cebu Pacific,MNL-RXS,2022,10,4395.552,100.0,10000.0,3720.46,10000.0,2796,28
Cebu Pacific,MNL-TAC,2022,10,470.952,30.0,3400.0,3720.46,3179.68,2796,14
Cebu Pacific,MNL-TAG,2022,10,6959.624,27.59,3396.38,3720.46,3446.22,2796,173
Cebu Pacific,MNL-TUG,2022,10,156.984,100.0,10000.0,3720.46,10000.0,2796,1
Cebu Pacific,MPH-CEB,2022,10,4709.52,89.14,8063.88,3385.69,2867.88,463,908
Cebu Pacific,MPH-MNL,2022,10,24332.52,39.93,3270.23,3385.69,3770.31,463,3440
Cebu Pacific,MPH-MPH,2022,10,156.984,50.0,5000.0,3385.69,3437.64,463,386
Cebu Pacific,OZC-MNL,2022,10,5808.408,70.63,5851.19,4376.84,3770.31,86,3440
Cebu Pacific,PAG-MNL,2022,10,9262.056,100.0,10000.0,7073.97,3770.31,92,3440
Cebu Pacific,PPS-MNL,2022,10,8991.976,35.3,3348.47,3383.27,3770.31,182,3440
Cebu Pacific,RXS-MNL,2022,10,7692.216,76.56,6283.66,6284.18,3770.31,64,3440
Cebu Pacific,TAC-MNL,2022,10,21506.808,59.57,4673.31,4284.39,3770.31,263,3440
Cebu Pacific,TAG-MNL,2022,10,13762.264,45.42,3556.33,3517.81,3770.31,198,3440
Cebu Pacific,TUG-MNL,2022,10,8163.168,100.0,10000.0,10000.0,3770.31,52,3440
Cebu Pacific,ZAM-MNL,2022,10,15291.592,69.75,5780.12,5620.23,3770.31,144,3440
Cebu Pacific,ZAM-TWT,2022,10,313.968,66.67,5555.78,5620.23,5555.56,144,3
Philippine Airlines,BCD-CEB,2022,10,1593.376,100.0,10000.0,3631.88,2867.88,338,908
Philippine Airlines,BCD-MNL,2022,10,19865.488,37.6,3614.72,3631.88,3770.31,338,3440
Philippine Airlines,BXU-CEB,2022,10,109.888,17.35,7132.05,5950.78,2867.88,100,908
Philippine Airlines,BXU-MNL,2022,10,2960.512,22.72,6488.4,5950.78,3770.31,100,3440
Philippine Airlines,CBO-MNL,2022,10,3210.992,100.0,10000.0,10000.0,3770.31,22,3440
Philippine Airlines,CEB-BCD,2022,10,1648.32,100.0,10000.0,3321.96,3634.63,823,223
Philippine Airlines,CEB-BXU,2022,10,109.888,17.35,7132.05,3321.96,5826.92,823,103
Philippine Airlines,CEB-CGY,2022,10,2472.48,38.12,5282.27,3321.96,3773.84,823,328
Philippine Airlines,CEB-DVO,2022,10,3131.808,42.67,5107.46,3321.96,5046.04,823,350
Philippine Airlines,CEB-IAO,2022,10,1648.32,34.0,5512.0,3321.96,5291.01,823,153
Philippine Airlines,CEB-MNL,2022,10,13293.216,25.97,4464.57,3321.96,3770.31,823,3440
Philippine Airlines,CEB-MPH,2022,10,604.384,12.18,7860.7,3321.96,3437.64,823,386
Philippine Airlines,CEB-PPS,2022,10,2857.088,100.0,10000.0,3321.96,4145.35,823,158
Philippine Airlines,CEB-TAC,2022,10,164.832,73.91,6143.38,3321.96,3179.68,823,14
Philippine Airlines,CEB-USU,2022,10,714.272,33.84,5522.29,3321.96,5642.58,823,39
Philippine Airlines,CGY-CEB,2022,10,2362.592,29.95,5804.0,3419.79,2867.88,323,908
Philippine Airlines,CGY-MNL,2022,10,12868.208,41.95,4384.32,3419.79,3770.31,323,3440
Philippine Airlines,CYP-MNL,2022,10,659.328,100.0,10000.0,5055.4,3770.31,26,3440
Philippine Airlines,DGT-MNL,2022,10,7583.888,53.99,5031.84,5031.87,3770.31,96,3440
Philippine Airlines,DPL-MNL,2022,10,3606.912,46.15,5029.65,5029.59,3770.31,52,3440
Philippine Airlines,DVO-CEB,2022,10,3152.816,41.98,5128.64,5074.83,2867.88,343,908
Philippine Airlines,DVO-MNL,2022,10,18233.328,42.46,5113.7,5074.83,3770.31,343,3440
Philippine Airlines,DVO-TAG,2022,10,1043.936,100.0,10000.0,5074.83,3446.22,343,173
Philippine Airlines,EUQ-MNL,2022,10,549.44,100.0,10000.0,10000.0,3770.31,10,3440
Philippine Airlines,GES-MNL,2022,10,8164.032,39.13,5236.31,5236.21,3770.31,92,3440
Philippine Airlines,IAO-CEB,2022,10,1538.432,43.75,5078.12,5553.2,2867.88,109,908
Philippine Airlines,IAO-MNL,2022,10,2527.424,100.0,10000.0,5553.2,3770.31,109,3440
Philippine Airlines,ILO-MNL,2022,10,18323.824,36.67,3513.3,3291.41,3770.31,339,3440
Philippine Airlines,LAO-MNL,2022,10,1000.304,100.0,10000.0,10000.0,3770.31,13,3440
Philippine Airlines,LGP-MNL,2022,10,7931.328,41.96,5129.28,5129.3,3770.31,141,3440
Philippine Airlines,MNL-BCD,2022,10,12609.648,38.65,3592.26,3720.46,3634.63,2796,223
Philippine Airlines,MNL-BSO,2022,10,1263.712,100.0,10000.0,3720.46,10000.0,2796,23
Philippine Airlines,MNL-BXU,2022,10,3261.088,24.19,6332.31,3720.46,5826.92,2796,103
Philippine Airlines,MNL-CBO,2022,10,3361.28,100.0,10000.0,3720.46,10000.0,2796,23
Philippine Airlines,MNL-CEB,2022,10,18532.288,33.63,3535.08,3720.46,2867.88,2796,908
Philippine Airlines,MNL-CGY,2022,10,13029.808,37.14,4605.07,3720.46,3773.84,2796,328
Philippine Airlines,MNL-CRM,2022,10,714.272,100.0,10000.0,3720.46,10000.0,2796,13
Philippine Airlines,MNL-CYP,2022,10,659.328,100.0,10000.0,3720.46,5382.53,2796,32
Philippine Airlines,MNL-DGT,2022,10,7789.12,42.54,5111.3,3720.46,5111.25,2796,125
Philippine Airlines,MNL-DPL,2022,10,3606.912,44.44,5061.83,3720.46,5061.73,2796,54
Philippine Airlines,MNL-DVO,2022,10,19126.976,43.81,5076.63,3720.46,5046.04,2796,350
Philippine Airlines,MNL-EUQ,2022,10,659.328,100.0,10000.0,3720.46,10000.0,2796,12
Philippine Airlines,MNL-GES,2022,10,8199.584,38.58,5260.83,3720.46,5260.85,2796,93
Philippine Airlines,MNL-IAO,2022,10,3681.248,100.0,10000.0,3720.46,5291.01,2796,153
Philippine Airlines,MNL-ILO,2022,10,20906.192,43.15,3523.29,3720.46,3287.93,2796,332
Philippine Airlines,MNL-LAO,2022,10,904.96,100.0,10000.0,3720.46,10000.0,2796,13
Philippine Airlines,MNL-LGP,2022,10,8246.448,42.25,5120.12,3720.46,5120.11,2796,147
Philippine Airlines,MNL-MNL,2022,10,150.288,100.0,10000.0,3720.46,3770.31,2796,3440
Philippine Airlines,MNL-MPH,2022,10,12659.744,26.99,3275.92,3720.46,3437.64,2796,386
Philippine Airlines,MNL-PPS,2022,10,3757.2,21.74,4637.56,3720.46,4145.35,2796,158
Philippine Airlines,MNL-TAC,2022,10,450.864,30.0,3400.0,3720.46,3179.68,2796,14
Philippine Airlines,MNL-TAG,2022,10,9372.8,38.81,3396.38,3720.46,3446.22,2796,173
Philippine Airlines,MPH-CEB,2022,10,549.44,10.86,8063.88,3385.69,2867.88,463,908
Philippine Airlines,MPH-MNL,2022,10,15760.848,27.02,3270.23,3385.69,3770.31,463,3440
Philippine Airlines,OZC-MNL,2022,10,2312.496,29.37,5851.19,4376.84,3770.31,86,3440
Philippine Airlines,PPS-CEB,2022,10,1538.432,100.0,10000.0,3383.27,2867.88,182,908
Philippine Airlines,PPS-MNL,2022,10,8416.128,34.51,3348.47,3383.27,3770.31,182,3440
Philippine Airlines,RXS-MNL,2022,10,300.576,3.12,6283.66,6284.18,3770.31,64,3440
Philippine Airlines,TAC-CEB,2022,10,1373.6,74.69,6219.19,4284.39,2867.88,263,908
Philippine Airlines,TAC-MNL,2022,10,2705.184,7.83,4673.31,4284.39,3770.31,263,3440
Philippine Airlines,TAG-DVO,2022,10,1043.936,100.0,10000.0,3517.81,5046.04,198,350
Philippine Airlines,TAG-MNL,2022,10,8320.784,28.68,3556.33,3517.81,3770.31,198,3440
Philippine Airlines,USU-CEB,2022,10,659.328,31.19,5707.63,5168.02,2867.88,90,908
Philippine Airlines,USU-MNL,2022,10,1428.544,48.57,5004.09,5168.02,3770.31,90,3440
Philippine Airlines,ZAM-CEB,2022,10,659.328,100.0,10000.0,5620.23,2867.88,144,908
Philippine Airlines,ZAM-MNL,2022,10,6347.648,30.25,5780.12,5620.23,3770.31,144,3440
Philippine Airlines,ZAM-TWT,2022,10,150.288,33.33,5555.78,5620.23,5555.56,144,3
AirAsia,BCD-MNL,2022,11,13749.12,21.2,3596.11,3602.42,3719.57,438,4991
AirAsia,CEB-MNL,2022,11,26717.04,26.75,3405.91,3082.1,3719.57,1723,4991
AirAsia,CGY-MNL,2022,11,8593.2,18.72,3728.37,2971.41,3719.57,492,4991
AirAsia,ILO-MNL,2022,11,23007.6,32.19,3446.09,3183.09,3719.57,544,4991
AirAsia,KLO-MNL,2022,11,13436.64,74.78,6228.1,6228.36,3719.57,115,4991
AirAsia,MNL-BCD,2022,11,13749.12,24.1,3500.82,3795.28,3503.32,4675,390
AirAsia,MNL-CEB,2022,11,27185.76,26.72,3373.45,3795.28,2987.45,4675,1709
AirAsia,MNL-CGY,2022,11,8593.2,19.95,3813.57,3795.28,2960.18,4675,469
AirAsia,MNL-ILO,2022,11,18280.08,26.41,3583.27,3795.28,3315.22,4675,531
AirAsia,MNL-KLO,2022,11,13436.64,100.0,10000.0,3795.28,10000.0,4675,86
AirAsia,MNL-MPH,2022,11,14217.84,18.88,4310.83,3795.28,4528.72,4675,606
AirAsia,MNL-PPS,2022,11,14061.6,29.54,3396.46,3795.28,3342.57,4675,352
AirAsia,MNL-RXS,2022,11,2031.12,18.91,3664.66,3795.28,3664.49,4675,70
AirAsia,MNL-TAC,2022,11,9061.92,21.61,3543.55,3795.28,3361.3,4675,310
AirAsia,MNL-TAG,2022,11,9530.64,23.67,4094.68,3795.28,3989.61,4675,251
AirAsia,MPH-MNL,2022,11,22654.8,26.29,3670.37,3847.76,3719.57,672,4991
AirAsia,PPS-MNL,2022,11,9374.4,20.44,3594.86,3610.19,3719.57,305,4991
AirAsia,RXS-MNL,2022,11,2031.12,18.91,3664.66,3664.49,3719.57,70,4991
AirAsia,TAC-MNL,2022,11,21047.04,38.67,3546.62,3224.88,3719.57,406,4991
AirAsia,TAG-MNL,2022,11,9374.4,20.54,4512.82,4381.28,3719.57,280,4991
AirSWIFT,MNL-PPS,2022,11,486.144,1.02,3396.46,3795.28,3342.57,4675,352
Cebgo,BCD-CEB,2022,11,364.608,19.05,6915.8,3602.42,2987.45,438,1709
Cebgo,BXU-CEB,2022,11,2066.112,52.17,5009.42,4659.6,2987.45,231,1709
Cebgo,CEB-BCD,2022,11,364.608,17.48,7115.1,3082.1,3503.32,1723,390
Cebgo,CEB-BXU,2022,11,1154.592,33.46,5547.14,3082.1,4883.98,1723,227
Cebgo,CEB-CEB,2022,11,60.768,100.0,10000.0,3082.1,2987.45,1723,1709
Cebgo,CEB-CGM,2022,11,60.768,100.0,10000.0,3082.1,10000.0,1723,1
Cebgo,CEB-CGY,2022,11,7170.624,58.91,4642.52,3082.1,2960.18,1723,469
Cebgo,CEB-CRK,2022,11,243.072,100.0,10000.0,3082.1,10000.0,1723,4
Cebgo,CEB-CYP,2022,11,1033.056,100.0,10000.0,3082.1,5739.64,1723,25
Cebgo,CEB-DGT,2022,11,911.52,100.0,10000.0,3082.1,5253.92,1723,176
Cebgo,CEB-DPL,2022,11,60.768,100.0,10000.0,3082.1,5229.77,1723,72
Cebgo,CEB-IAO,2022,11,3585.312,58.13,5132.19,3082.1,5403.12,1723,200
Cebgo,CEB-ILO,2022,11,3220.704,51.43,5004.09,3082.1,3315.22,1723,531
Cebgo,CEB-OZC,2022,11,1762.272,100.0,10000.0,3082.1,4305.55,1723,100
Cebgo,CEB-PAG,2022,11,2491.488,100.0,10000.0,3082.1,6691.48,1723,101
Cebgo,CEB-TAC,2022,11,1336.896,51.43,5004.09,3082.1,3361.3,1723,310
Cebgo,CEB-USU,2022,11,1762.272,35.83,5401.58,3082.1,5104.48,1723,145
Cebgo,CGY-CEB,2022,11,7352.928,58.77,4584.0,2971.41,2987.45,492,1709
Cebgo,CGY-DVO,2022,11,1033.056,100.0,10000.0,2971.41,5582.83,492,604
Cebgo,CRK-CEB,2022,11,243.072,100.0,10000.0,10000.0,2987.45,4,1709
Cebgo,CYP-CEB,2022,11,972.288,100.0,10000.0,5642.58,2987.45,24,1709
Cebgo,DGT-CEB,2022,11,729.216,100.0,10000.0,4890.99,2987.45,140,1709
Cebgo,DVO-CGY,2022,11,1033.056,100.0,10000.0,5327.15,2960.18,613,469
Cebgo,DVO-IAO,2022,11,607.68,100.0,10000.0,5327.15,5403.12,613,200
Cebgo,IAO-CEB,2022,11,2430.72,52.06,5008.49,5459.17,2987.45,146,1709
Cebgo,IAO-DVO,2022,11,546.912,100.0,10000.0,5459.17,5582.83,146,604
Cebgo,ILO-CEB,2022,11,3220.704,50.96,5001.84,3183.09,2987.45,544,1709
Cebgo,MNL-CEB,2022,11,607.68,0.59,3373.45,3795.28,2987.45,4675,1709
Cebgo,MNL-MPH,2022,11,1762.272,2.33,4310.83,3795.28,4528.72,4675,606
Cebgo,MNL-SJI,2022,11,60.768,100.0,10000.0,3795.28,10000.0,4675,1
Cebgo,MNL-USU,2022,11,1883.808,52.25,5010.12,3795.28,5104.48,4675,145
Cebgo,MNL-WNP,2022,11,3403.008,100.0,10000.0,3795.28,10000.0,4675,56
Cebgo,MPH-MNL,2022,11,1701.504,1.97,3670.37,3847.76,3719.57,672,4991
Cebgo,OZC-CEB,2022,11,2977.632,100.0,10000.0,3855.56,2987.45,119,1709
Cebgo,PAG-CEB,2022,11,2430.72,100.0,10000.0,6706.66,2987.45,99,1709
Cebgo,TAC-CEB,2022,11,2430.72,67.92,5642.25,3224.88,2987.45,406,1709
Cebgo,USU-CEB,2022,11,1762.272,39.52,5219.66,5213.14,2987.45,190,1709
Cebgo,USU-MNL,2022,11,5043.744,73.92,6144.33,5213.14,3719.57,190,4991
Cebgo,WNP-MNL,2022,11,3463.776,100.0,10000.0,10000.0,3719.57,57,4991
Cebu Pacific,BCD-DVO,2022,11,2040.792,100.0,10000.0,3602.42,5582.83,438,604
Cebu Pacific,BCD-MNL,2022,11,28658.864,43.98,3596.11,3602.42,3719.57,438,4991
Cebu Pacific,BXU-MNL,2022,11,17425.224,67.29,5597.89,4659.6,3719.57,231,4991
Cebu Pacific,CEB-CGY,2022,11,941.904,7.74,4642.52,3082.1,2960.18,1723,469
Cebu Pacific,CEB-DVO,2022,11,21192.84,74.81,6231.07,3082.1,5582.83,1723,604
Cebu Pacific,CEB-GES,2022,11,4552.536,100.0,10000.0,3082.1,5956.03,1723,166
Cebu Pacific,CEB-MNL,2022,11,38709.216,38.57,3405.91,3082.1,3719.57,1723,4991
Cebu Pacific,CEB-MPH,2022,11,9105.072,76.96,6453.68,3082.1,4528.72,1723,606
Cebu Pacific,CEB-Not available,2022,11,156.984,100.0,10000.0,3082.1,10000.0,1723,2
Cebu Pacific,CEB-ZAM,2022,11,4709.52,98.8,9762.88,3082.1,5892.03,1723,85
Cebu Pacific,CGY-CEB,2022,11,1098.888,8.78,4584.0,2971.41,2987.45,492,1709
Cebu Pacific,CGY-MNL,2022,11,21574.328,46.78,3728.37,2971.41,3719.57,492,4991
Cebu Pacific,CYZ-MNL,2022,11,4552.536,100.0,10000.0,10000.0,3719.57,29,4991
Cebu Pacific,DGT-MNL,2022,11,12244.752,60.94,5239.37,4890.99,3719.57,140,4991
Cebu Pacific,DPL-MNL,2022,11,6593.328,60.87,5236.31,5236.29,3719.57,69,4991
Cebu Pacific,DVO-BCD,2022,11,2040.792,100.0,10000.0,5327.15,3503.32,613,390
Cebu Pacific,DVO-CEB,2022,11,19466.016,73.49,6103.56,5327.15,2987.45,613,1709
Cebu Pacific,DVO-MNL,2022,11,44358.108,63.02,5339.04,5327.15,3719.57,613,4991
Cebu Pacific,GES-CEB,2022,11,4238.568,100.0,10000.0,5848.68,2987.45,159,1709
Cebu Pacific,GES-ILO,2022,11,2354.76,100.0,10000.0,5848.68,3315.22,159,531
Cebu Pacific,GES-MNL,2022,11,18910.664,64.04,5394.24,5848.68,3719.57,159,4991
Cebu Pacific,ILO-GES,2022,11,2511.744,100.0,10000.0,3183.09,5956.03,544,166
Cebu Pacific,ILO-MNL,2022,11,29681.792,41.33,3446.09,3183.09,3719.57,544,4991
Cebu Pacific,KLO-MNL,2022,11,4552.536,25.22,6228.1,6228.36,3719.57,115,4991
Cebu Pacific,LGP-MNL,2022,11,10988.88,49.8,5000.08,5000.08,3719.57,145,4991
Cebu Pacific,MNL-BCD,2022,11,24300.448,42.4,3500.82,3795.28,3503.32,4675,390
Cebu Pacific,MNL-BXU,2022,11,17739.192,66.89,5570.54,3795.28,4883.98,4675,227
Cebu Pacific,MNL-CEB,2022,11,34144.864,33.41,3373.45,3795.28,2987.45,4675,1709
Cebu Pacific,MNL-CGY,2022,11,21768.448,50.31,3813.57,3795.28,2960.18,4675,469
Cebu Pacific,MNL-CYZ,2022,11,4552.536,100.0,10000.0,3795.28,10000.0,4675,29
Cebu Pacific,MNL-DGT,2022,11,17111.256,67.7,5626.58,3795.28,5253.92,4675,176
Cebu Pacific,MNL-DPL,2022,11,6907.296,61.97,5286.56,3795.28,5229.77,4675,72
Cebu Pacific,MNL-DVO,2022,11,45080.572,67.58,5618.11,3795.28,5582.83,4675,604
Cebu Pacific,MNL-GES,2022,11,20062.724,65.39,5473.7,3795.28,5956.03,4675,166
Cebu Pacific,MNL-ILO,2022,11,32147.96,46.23,3583.27,3795.28,3315.22,4675,531
Cebu Pacific,MNL-LGP,2022,11,10988.88,49.45,5000.6,3795.28,5000.61,4675,146
Cebu Pacific,MNL-MPH,2022,11,45368.376,59.95,4310.83,3795.28,4528.72,4675,606
Cebu Pacific,MNL-OZC,2022,11,7378.248,66.2,5524.88,3795.28,4305.55,4675,100
Cebu Pacific,MNL-PAG,2022,11,9419.04,100.0,10000.0,3795.28,6691.48,4675,101
Cebu Pacific,MNL-PPS,2022,11,20174.976,42.18,3396.46,3795.28,3342.57,4675,352
Cebu Pacific,MNL-RXS,2022,11,4709.52,43.65,3664.66,3795.28,3664.49,4675,70
Cebu Pacific,MNL-TAC,2022,11,17111.256,40.62,3543.55,3795.28,3361.3,4675,310
Cebu Pacific,MNL-TAG,2022,11,22571.936,55.79,4094.68,3795.28,3989.61,4675,251
Cebu Pacific,MNL-TUG,2022,11,9733.008,100.0,10000.0,3795.28,10000.0,4675,62
Cebu Pacific,MNL-VRC,2022,11,4709.52,100.0,10000.0,3795.28,10000.0,4675,30
Cebu Pacific,MPH-CEB,2022,11,8791.104,75.95,6346.8,3847.76,2987.45,672,1709
Cebu Pacific,MPH-MNL,2022,11,43327.584,50.04,3670.37,3847.76,3719.57,672,4991
Cebu Pacific,MPH-MPH,2022,11,156.984,100.0,10000.0,3847.76,4528.72,672,606
Cebu Pacific,Not available-Not available,2022,11,60.768,100.0,10000.0,10000.0,10000.0,1,2
Cebu Pacific,OZC-MNL,2022,11,7221.264,65.71,5493.61,3855.56,3719.57,119,4991
Cebu Pacific,PAG-MNL,2022,11,9262.056,100.0,10000.0,6706.66,3719.57,99,4991
Cebu Pacific,PPS-MNL,2022,11,19435.632,42.17,3594.86,3610.19,3719.57,305,4991
Cebu Pacific,RXS-MNL,2022,11,4709.52,43.65,3664.66,3664.49,3719.57,70,4991
Cebu Pacific,TAC-MNL,2022,11,21820.776,39.9,3546.62,3224.88,3719.57,406,4991
Cebu Pacific,TAG-MNL,2022,11,28127.144,61.34,4512.82,4381.28,3719.57,280,4991
Cebu Pacific,TUG-MNL,2022,11,9419.04,100.0,10000.0,10000.0,3719.57,60,4991
Cebu Pacific,TWT-ZAM,2022,11,4709.52,71.43,5918.49,5251.98,5892.03,49,85
Cebu Pacific,ZAM-CEB,2022,11,4395.552,75.39,6289.3,5588.79,2987.45,224,1709
Cebu Pacific,ZAM-MNL,2022,11,14741.304,64.07,5395.93,5588.79,3719.57,224,4991
Cebu Pacific,ZAM-TWT,2022,11,4552.536,70.73,5859.47,5588.79,5217.01,224,48
Philippine Airlines,BCD-CEB,2022,11,1483.488,80.95,6915.8,3602.42,2987.45,438,1709
Philippine Airlines,BCD-MNL,2022,11,21720.656,34.82,3596.11,3602.42,3719.57,438,4991
Philippine Airlines,BXU-CEB,2022,11,1813.152,47.83,5009.42,4659.6,2987.45,231,1709
Philippine Airlines,BXU-MNL,2022,11,8107.472,32.71,5597.89,4659.6,3719.57,231,4991
Philippine Airlines,CBO-MNL,2022,11,3606.912,100.0,10000.0,10000.0,3719.57,31,4991
Philippine Airlines,CBO-TWT,2022,11,1052.016,100.0,10000.0,10000.0,5217.01,31,48
Philippine Airlines,CEB-BCD,2022,11,1648.32,82.52,7115.1,3082.1,3503.32,1723,390
Philippine Airlines,CEB-BXU,2022,11,2197.76,66.54,5547.14,3082.1,4883.98,1723,227
Philippine Airlines,CEB-CGY,2022,11,3886.48,33.35,4642.52,3082.1,2960.18,1723,469
Philippine Airlines,CEB-DVO,2022,11,6830.832,25.19,6231.07,3082.1,5582.83,1723,604
Philippine Airlines,CEB-IAO,2022,11,2472.48,41.87,5132.19,3082.1,5403.12,1723,200
Philippine Airlines,CEB-ILO,2022,11,2912.032,48.57,5004.09,3082.1,3315.22,1723,531
Philippine Airlines,CEB-MNL,2022,11,33321.92,34.68,3405.91,3082.1,3719.57,1723,4991
Philippine Airlines,CEB-MPH,2022,11,2609.84,23.04,6453.68,3082.1,4528.72,1723,606
Philippine Airlines,CEB-PPS,2022,11,3186.752,100.0,10000.0,3082.1,3342.57,1723,352
Philippine Airlines,CEB-TAC,2022,11,1208.768,48.57,5004.09,3082.1,3361.3,1723,310
Philippine Airlines,CEB-USU,2022,11,3021.92,64.17,5401.58,3082.1,5104.48,1723,145
Philippine Airlines,CEB-ZAM,2022,11,54.944,1.2,9762.88,3082.1,5892.03,1723,85
Philippine Airlines,CGY-CEB,2022,11,3886.48,32.45,4584.0,2971.41,2987.45,492,1709
Philippine Airlines,CGY-MNL,2022,11,15229.184,34.49,3728.37,2971.41,3719.57,492,4991
Philippine Airlines,CRM-MNL,2022,11,494.496,100.0,10000.0,10000.0,3719.57,9,4991
Philippine Airlines,CYP-MNL,2022,11,439.552,100.0,10000.0,5642.58,3719.57,24,4991
Philippine Airlines,DGT-MNL,2022,11,7514.4,39.06,5239.37,4890.99,3719.57,140,4991
Philippine Airlines,DPL-MNL,2022,11,4057.776,39.13,5236.31,5236.29,3719.57,69,4991
Philippine Airlines,DVO-CEB,2022,11,6720.944,26.51,6103.56,5327.15,2987.45,613,1709
Philippine Airlines,DVO-MNL,2022,11,24923.568,36.98,5339.04,5327.15,3719.57,613,4991
Philippine Airlines,DVO-TAG,2022,11,1098.88,100.0,10000.0,5327.15,3989.61,613,251
Philippine Airlines,EUQ-MNL,2022,11,604.384,100.0,10000.0,10000.0,3719.57,11,4991
Philippine Airlines,GES-MNL,2022,11,10167.872,35.96,5394.24,5848.68,3719.57,159,4991
Philippine Airlines,IAO-CEB,2022,11,2142.816,47.94,5008.49,5459.17,2987.45,146,1709
Philippine Airlines,IAO-MNL,2022,11,3186.752,100.0,10000.0,5459.17,3719.57,146,4991
Philippine Airlines,ILO-CEB,2022,11,2966.976,49.04,5001.84,3183.09,2987.45,544,1709
Philippine Airlines,ILO-MNL,2022,11,18210.704,26.49,3446.09,3183.09,3719.57,544,4991
Philippine Airlines,LAO-MNL,2022,11,6323.408,100.0,10000.0,10000.0,3719.57,42,4991
Philippine Airlines,LGP-MNL,2022,11,10604.192,50.2,5000.08,5000.08,3719.57,145,4991
Philippine Airlines,MNL-BCD,2022,11,18383.616,33.5,3500.82,3795.28,3503.32,4675,390
Philippine Airlines,MNL-BSO,2022,11,1648.32,100.0,10000.0,3795.28,10000.0,4675,30
Philippine Airlines,MNL-BXU,2022,11,8408.048,33.11,5570.54,3795.28,4883.98,4675,227
Philippine Airlines,MNL-CBO,2022,11,3757.2,100.0,10000.0,3795.28,10000.0,4675,32
Philippine Airlines,MNL-CEB,2022,11,38433.328,39.28,3373.45,3795.28,2987.45,4675,1709
Philippine Airlines,MNL-CGY,2022,11,12318.768,29.74,3813.57,3795.28,2960.18,4675,469
Philippine Airlines,MNL-CRM,2022,11,659.328,100.0,10000.0,3795.28,10000.0,4675,12
Philippine Airlines,MNL-CYP,2022,11,439.552,100.0,10000.0,3795.28,5739.64,4675,25
Philippine Airlines,MNL-DGT,2022,11,7814.976,32.3,5626.58,3795.28,5253.92,4675,176
Philippine Airlines,MNL-DPL,2022,11,4057.776,38.03,5286.56,3795.28,5229.77,4675,72
Philippine Airlines,MNL-DVO,2022,11,20704.192,32.42,5618.11,3795.28,5582.83,4675,604
Philippine Airlines,MNL-EUQ,2022,11,659.328,100.0,10000.0,3795.28,10000.0,4675,12
Philippine Airlines,MNL-GES,2022,11,10167.872,34.61,5473.7,3795.28,5956.03,4675,166
Philippine Airlines,MNL-IAO,2022,11,4725.184,100.0,10000.0,3795.28,5403.12,4675,200
Philippine Airlines,MNL-ILO,2022,11,18210.704,27.36,3583.27,3795.28,3315.22,4675,531
Philippine Airlines,MNL-LAO,2022,11,6268.464,100.0,10000.0,3795.28,10000.0,4675,41
Philippine Airlines,MNL-LGP,2022,11,10754.48,50.55,5000.6,3795.28,5000.61,4675,146
Philippine Airlines,MNL-MNL,2022,11,150.288,100.0,10000.0,3795.28,3719.57,4675,4991
Philippine Airlines,MNL-MPH,2022,11,13648.736,18.84,4310.83,3795.28,4528.72,4675,606
Philippine Airlines,MNL-OZC,2022,11,3606.912,33.8,5524.88,3795.28,4305.55,4675,100
Philippine Airlines,MNL-PPS,2022,11,12488.448,27.27,3396.46,3795.28,3342.57,4675,352
Philippine Airlines,MNL-RXS,2022,11,3867.088,37.44,3664.66,3795.28,3664.49,4675,70
Philippine Airlines,MNL-TAC,2022,11,15234.032,37.77,3543.55,3795.28,3361.3,4675,310
Philippine Airlines,MNL-TAG,2022,11,7957.184,20.54,4094.68,3795.28,3989.61,4675,251
Philippine Airlines,MNL-USU,2022,11,1648.32,47.75,5010.12,3795.28,5104.48,4675,145
Philippine Airlines,MNL-ZAM,2022,11,1803.456,100.0,10000.0,3795.28,5892.03,4675,85
Philippine Airlines,MPH-CEB,2022,11,2664.784,24.05,6346.8,3847.76,2987.45,672,1709
Philippine Airlines,MPH-MNL,2022,11,17992.544,21.71,3670.37,3847.76,3719.57,672,4991
Philippine Airlines,OZC-MNL,2022,11,3606.912,34.29,5493.61,3855.56,3719.57,119,4991
Philippine Airlines,PPS-CEB,2022,11,1483.488,100.0,10000.0,3610.19,2987.45,305,1709
Philippine Airlines,PPS-MNL,2022,11,16502.592,37.4,3594.86,3610.19,3719.57,305,4991
Philippine Airlines,RXS-MNL,2022,11,3867.088,37.44,3664.66,3664.49,3719.57,70,4991
Philippine Airlines,TAC-CEB,2022,11,1098.88,32.08,5642.25,3224.88,2987.45,406,1709
Philippine Airlines,TAC-MNL,2022,11,11219.888,21.43,3546.62,3224.88,3719.57,406,4991
Philippine Airlines,TAG-DVO,2022,11,1153.824,100.0,10000.0,4381.28,5582.83,280,604
Philippine Airlines,TAG-MNL,2022,11,7957.184,18.12,4512.82,4381.28,3719.57,280,4991
Philippine Airlines,TWT-CBO,2022,11,1052.016,100.0,10000.0,5251.98,10000.0,49,32
Philippine Airlines,TWT-ZAM,2022,11,1803.456,28.57,5918.49,5251.98,5892.03,49,85
Philippine Airlines,USU-CEB,2022,11,2582.368,60.48,5219.66,5213.14,2987.45,190,1709
Philippine Airlines,USU-MNL,2022,11,1703.264,26.08,6144.33,5213.14,3719.57,190,4991
Philippine Airlines,ZAM-CEB,2022,11,1373.6,24.61,6289.3,5588.79,2987.45,224,1709
Philippine Airlines,ZAM-MNL,2022,11,7913.552,35.93,5395.93,5588.79,3719.57,224,4991
Philippine Airlines,ZAM-TWT,2022,11,1803.456,29.27,5859.47,5588.79,5217.01,224,48
AirAsia,BCD-MNL,2022,12,14530.32,20.28,3628.88,3670.84,3743.06,470,5427
AirAsia,CEB-MNL,2022,12,27342.0,24.3,3461.05,3062.14,3743.06,1932,5427
AirAsia,CGY-MNL,2022,12,9530.64,17.72,3708.07,2981.82,3743.06,572,5427
AirAsia,ILO-MNL,2022,12,23956.8,30.18,3443.47,3193.55,3743.06,599,5427
AirAsia,KLO-MNL,2022,12,13592.88,74.36,6186.82,6186.72,3743.06,117,5427
AirAsia,MNL-BCD,2022,12,14530.32,23.02,3526.66,3837.87,3557.3,5012,415
AirAsia,MNL-CEB,2022,12,27185.76,24.22,3407.71,3837.87,2988.38,5012,1956
AirAsia,MNL-CGY,2022,12,9686.88,19.02,3703.61,3837.87,2926.83,5012,559
AirAsia,MNL-DVO,2022,12,156.24,0.19,5746.63,3837.87,5497.84,5012,682
AirAsia,MNL-ILO,2022,12,18123.84,23.54,3643.18,3837.87,3379.22,5012,593
AirAsia,MNL-KLO,2022,12,13749.12,100.0,10000.0,3837.87,10000.0,5012,88
AirAsia,MNL-MPH,2022,12,14842.8,17.84,4097.22,3837.87,4162.79,5012,641
AirAsia,MNL-PPS,2022,12,14530.32,29.55,3440.66,3837.87,3389.0,5012,359
AirAsia,MNL-RXS,2022,12,2187.36,20.9,3656.19,3837.87,3655.6,5012,67
AirAsia,MNL-TAC,2022,12,9218.16,20.9,3572.36,3837.87,3333.02,5012,335
AirAsia,MNL-TAG,2022,12,9686.88,22.62,4042.31,3837.87,3947.44,5012,265
AirAsia,MPH-MNL,2022,12,28904.4,28.89,3550.22,3600.93,3743.06,749,5427
AirAsia,PPS-MNL,2022,12,9686.88,19.86,3612.93,3634.2,3743.06,325,5427
AirAsia,RXS-MNL,2022,12,2187.36,20.9,3656.19,3655.6,3743.06,67,5427
AirAsia,TAC-MNL,2022,12,22379.28,38.68,3549.57,3145.94,3743.06,451,5427
AirAsia,TAG-MNL,2022,12,9686.88,20.0,4476.13,4352.74,3743.06,294,5427
AirSWIFT,MNL-PPS,2022,12,122.688,0.25,3440.66,3837.87,3389.0,5012,359
Cebgo,BXU-CEB,2022,12,3251.232,61.59,5268.66,4534.32,2988.38,255,1956
Cebgo,CEB-BCD,2022,12,122.688,8.78,8398.18,3062.14,3557.3,1932,415
Cebgo,CEB-BXU,2022,12,1901.664,47.01,5017.88,3062.14,4856.35,1932,235
Cebgo,CEB-CEB,2022,12,184.032,53.73,5027.83,3062.14,2988.38,1932,1956
Cebgo,CEB-CGY,2022,12,8772.192,61.4,5025.73,3062.14,2926.83,1932,559
Cebgo,CEB-CRK,2022,12,306.72,100.0,10000.0,3062.14,10000.0,1932,5
Cebgo,CEB-CYP,2022,12,1042.848,100.0,10000.0,3062.14,5078.12,1932,31
Cebgo,CEB-DGT,2022,12,1840.32,100.0,10000.0,3062.14,5035.29,1932,197
Cebgo,CEB-IAO,2022,12,3619.296,55.54,5061.38,3062.14,5236.82,1932,188
Cebgo,CEB-ILO,2022,12,3741.984,50.23,5000.11,3062.14,3379.22,1932,593
Cebgo,CEB-MPH,2022,12,61.344,0.59,5211.34,3062.14,4162.79,1932,641
Cebgo,CEB-OZC,2022,12,1840.32,100.0,10000.0,3062.14,4133.31,1932,105
Cebgo,CEB-PAG,2022,12,2821.824,100.0,10000.0,3062.14,6470.38,1932,106
Cebgo,CEB-SUG,2022,12,674.784,100.0,10000.0,3062.14,10000.0,1932,11
Cebgo,CEB-TAC,2022,12,1840.32,58.0,5128.0,3062.14,3333.02,1932,335
Cebgo,CEB-USU,2022,12,1901.664,37.37,5319.03,3062.14,5112.91,1932,146
Cebgo,CGY-CEB,2022,12,8772.192,63.45,5134.01,2981.82,2988.38,572,1956
Cebgo,CGY-DVO,2022,12,1104.192,100.0,10000.0,2981.82,5497.84,572,682
Cebgo,CRK-CEB,2022,12,184.032,100.0,10000.0,10000.0,2988.38,3,1956
Cebgo,CYP-CEB,2022,12,858.816,100.0,10000.0,5004.08,2988.38,28,1956
Cebgo,DGT-CEB,2022,12,1840.32,100.0,10000.0,4572.4,2988.38,168,1956
Cebgo,DVO-CGY,2022,12,1104.192,100.0,10000.0,5256.74,2926.83,683,559
Cebgo,DVO-IAO,2022,12,736.128,100.0,10000.0,5256.74,5236.82,683,188
Cebgo,IAO-CEB,2022,12,2699.136,49.25,5001.12,5302.76,2988.38,154,1956
Cebgo,IAO-DVO,2022,12,736.128,100.0,10000.0,5302.76,5497.84,154,682
Cebgo,ILO-CEB,2022,12,3619.296,49.79,5000.09,3193.55,2988.38,599,1956
Cebgo,MNL-CEB,2022,12,1042.848,0.92,3407.71,3837.87,2988.38,5012,1956
Cebgo,MNL-MPH,2022,12,2024.352,2.4,4097.22,3837.87,4162.79,5012,641
Cebgo,MNL-USU,2022,12,1778.976,49.76,5000.12,3837.87,5112.91,5012,146
Cebgo,MNL-WNP,2022,12,3557.952,100.0,10000.0,3837.87,10000.0,5012,58
Cebgo,MPH-MNL,2022,12,1901.664,1.87,3550.22,3600.93,3743.06,749,5427
Cebgo,OZC-CEB,2022,12,3435.264,100.0,10000.0,3621.12,2988.38,127,1956
Cebgo,PAG-CEB,2022,12,3005.856,94.99,9048.2,6318.14,2988.38,108,1956
Cebgo,SUG-CEB,2022,12,613.44,100.0,10000.0,10000.0,2988.38,10,1956
Cebgo,TAC-CEB,2022,12,3496.608,71.55,5928.8,3145.94,2988.38,451,1956
Cebgo,USU-CEB,2022,12,1901.664,37.37,5319.03,5148.16,2988.38,201,1956
Cebgo,USU-MNL,2022,12,5152.896,74.15,6166.45,5148.16,3743.06,201,5427
Cebgo,WNP-MNL,2022,12,3373.92,100.0,10000.0,10000.0,3743.06,55,5427
Cebu Pacific,BCD-DVO,2022,12,2060.136,100.0,10000.0,3670.84,5497.84,470,682
Cebu Pacific,BCD-MNL,2022,12,32215.824,44.33,3628.88,3670.84,3743.06,470,5427
Cebu Pacific,BXU-MNL,2022,12,18858.168,70.66,5853.67,4534.32,3743.06,255,5427
Cebu Pacific,CEB-CEB,2022,12,158.472,46.27,5027.83,3062.14,2988.38,1932,1956
Cebu Pacific,CEB-CGY,2022,12,475.416,3.33,5025.73,3062.14,2926.83,1932,559
Cebu Pacific,CEB-DVO,2022,12,21552.192,66.32,5532.68,3062.14,5497.84,1932,682
Cebu Pacific,CEB-GES,2022,12,4754.16,100.0,10000.0,3062.14,5988.71,1932,170
Cebu Pacific,CEB-MNL,2022,12,45058.872,39.48,3461.05,3062.14,3743.06,1932,5427
Cebu Pacific,CEB-MPH,2022,12,6338.88,61.32,5211.34,3062.14,4162.79,1932,641
Cebu Pacific,CEB-ZAM,2022,12,4912.632,98.83,9768.74,3062.14,6216.11,1932,81
Cebu Pacific,CGY-CEB,2022,12,475.416,3.44,5134.01,2981.82,2988.38,572,1956
Cebu Pacific,CGY-MNL,2022,12,23605.512,43.27,3708.07,2981.82,3743.06,572,5427
Cebu Pacific,CYZ-MNL,2022,12,4595.688,100.0,10000.0,10000.0,3743.06,29,5427
Cebu Pacific,DGT-MNL,2022,12,13628.592,62.32,5303.56,4572.4,3743.06,168,5427
Cebu Pacific,DPL-MNL,2022,12,6814.296,67.19,5590.99,5590.82,3743.06,64,5427
Cebu Pacific,DRP-MNL,2022,12,3010.968,44.46,5061.38,5061.29,3743.06,44,5427
Cebu Pacific,DVO-BCD,2022,12,2060.136,100.0,10000.0,5256.74,3557.3,683,415
Cebu Pacific,DVO-CEB,2022,12,18541.224,62.76,5325.64,5256.74,2988.38,683,1956
Cebu Pacific,DVO-MNL,2022,12,56019.852,65.15,5459.05,5256.74,3743.06,683,5427
Cebu Pacific,GES-CEB,2022,12,4754.16,100.0,10000.0,5984.33,2988.38,166,1956
Cebu Pacific,GES-ILO,2022,12,2852.496,100.0,10000.0,5984.33,3379.22,166,593
Cebu Pacific,GES-MNL,2022,12,20045.004,65.29,5467.57,5984.33,3743.06,166,5427
Cebu Pacific,ILO-GES,2022,12,2852.496,100.0,10000.0,3193.55,5988.71,599,170
Cebu Pacific,ILO-MNL,2022,12,33660.816,41.81,3443.47,3193.55,3743.06,599,5427
Cebu Pacific,KLO-MNL,2022,12,4754.16,25.64,6186.82,6186.72,3743.06,117,5427
Cebu Pacific,LGP-MNL,2022,12,10142.208,58.95,5160.2,5160.35,3743.06,113,5427
Cebu Pacific,MNL-BCD,2022,12,27265.704,42.6,3526.66,3837.87,3557.3,5012,415
Cebu Pacific,MNL-BXU,2022,12,18858.168,70.66,5853.67,3837.87,4856.35,5012,235
Cebu Pacific,MNL-CEB,2022,12,39180.072,34.41,3407.71,3837.87,2988.38,5012,1956
Cebu Pacific,MNL-CGY,2022,12,23801.472,46.07,3703.61,3837.87,2926.83,5012,559
Cebu Pacific,MNL-CYZ,2022,12,5071.104,100.0,10000.0,3837.87,10000.0,5012,32
Cebu Pacific,MNL-DGT,2022,12,18224.28,68.86,5711.4,3837.87,5035.29,5012,197
Cebu Pacific,MNL-DPL,2022,12,6814.296,65.15,5459.05,3837.87,5459.14,5012,66
Cebu Pacific,MNL-DRP,2022,12,316.944,5.8,8907.28,3837.87,8906.67,5012,37
Cebu Pacific,MNL-DVO,2022,12,57358.344,69.47,5746.63,3837.87,5497.84,5012,682
Cebu Pacific,MNL-GES,2022,12,20990.724,65.63,5488.59,3837.87,5988.71,5012,170
Cebu Pacific,MNL-ILO,2022,12,36971.688,47.34,3643.18,3837.87,3379.22,5012,593
Cebu Pacific,MNL-LGP,2022,12,12836.232,68.53,5686.72,3837.87,5686.84,5012,122
Cebu Pacific,MNL-MPH,2022,12,48175.488,57.09,4097.22,3837.87,4162.79,5012,641
Cebu Pacific,MNL-OZC,2022,12,7289.712,61.86,5281.32,3837.87,4133.31,5012,105
Cebu Pacific,MNL-PAG,2022,12,9508.32,100.0,10000.0,3837.87,6470.38,5012,106
Cebu Pacific,MNL-PPS,2022,12,21083.592,42.27,3440.66,3837.87,3389.0,5012,359
Cebu Pacific,MNL-RXS,2022,12,4912.632,46.27,3656.19,3837.87,3655.6,5012,67
Cebu Pacific,MNL-TAC,2022,12,18541.224,41.44,3572.36,3837.87,3333.02,5012,335
Cebu Pacific,MNL-TAG,2022,12,23924.16,55.08,4042.31,3837.87,3947.44,5012,265
Cebu Pacific,MNL-TUG,2022,12,9508.32,100.0,10000.0,3837.87,10000.0,5012,60
Cebu Pacific,MNL-VRC,2022,12,5071.104,100.0,10000.0,3837.87,10000.0,5012,32
Cebu Pacific,MPH-CEB,2022,12,6338.88,61.34,5257.19,3600.93,2988.38,749,1956
Cebu Pacific,MPH-ILO,2022,12,158.472,100.0,10000.0,3600.93,3379.22,749,593
Cebu Pacific,MPH-MNL,2022,12,47858.544,47.17,3550.22,3600.93,3743.06,749,5427
Cebu Pacific,OZC-MNL,2022,12,6814.296,61.11,5246.86,3621.12,3743.06,127,5427
Cebu Pacific,PAG-CEB,2022,12,158.472,5.01,9048.2,6318.14,2988.38,108,1956
Cebu Pacific,PAG-MNL,2022,12,9191.376,100.0,10000.0,6318.14,3743.06,108,5427
Cebu Pacific,PPS-MNL,2022,12,20766.648,41.98,3612.93,3634.2,3743.06,325,5427
Cebu Pacific,RXS-MNL,2022,12,4912.632,46.27,3656.19,3655.6,3743.06,67,5427
Cebu Pacific,TAC-MNL,2022,12,23453.856,39.97,3549.57,3145.94,3743.06,451,5427
Cebu Pacific,TAG-MNL,2022,12,29923.944,60.93,4476.13,4352.74,3743.06,294,5427
Cebu Pacific,TUG-MNL,2022,12,9983.736,100.0,10000.0,10000.0,3743.06,63,5427
Cebu Pacific,TWT-ZAM,2022,12,4595.688,74.36,6186.82,5782.5,6216.11,46,81
Cebu Pacific,VRC-MNL,2022,12,158.472,100.0,10000.0,10000.0,3743.06,1,5427
Cebu Pacific,ZAM-CEB,2022,12,4912.632,73.87,6139.55,5769.87,2988.38,243,1956
Cebu Pacific,ZAM-MNL,2022,12,17419.992,67.39,5604.82,5769.87,3743.06,243,5427
Cebu Pacific,ZAM-TWT,2022,12,4595.688,74.36,6186.82,5769.87,5735.1,243,47
Philippine Airlines,BCD-CEB,2022,12,1208.768,100.0,10000.0,3670.84,2988.38,470,1956
Philippine Airlines,BCD-MNL,2022,12,24395.136,35.39,3628.88,3670.84,3743.06,470,5427
Philippine Airlines,BPA-CEB,2022,12,219.776,100.0,10000.0,10000.0,2988.38,4,1956
Philippine Airlines,BXU-CEB,2022,12,1923.04,38.41,5268.66,4534.32,2988.38,255,1956
Philippine Airlines,BXU-MNL,2022,12,7427.136,29.34,5853.67,4534.32,3743.06,255,5427
Philippine Airlines,CBO-CEB,2022,12,494.496,100.0,10000.0,10000.0,2988.38,42,1956
Philippine Airlines,CBO-MNL,2022,12,3757.2,100.0,10000.0,10000.0,3743.06,42,5427
Philippine Airlines,CBO-TWT,2022,12,439.552,100.0,10000.0,10000.0,5735.1,42,47
Philippine Airlines,CEB-BCD,2022,12,1208.768,91.22,8398.18,3062.14,3557.3,1932,415
Philippine Airlines,CEB-BPA,2022,12,219.776,100.0,10000.0,3062.14,10000.0,1932,4
Philippine Airlines,CEB-BXU,2022,12,2032.928,52.99,5017.88,3062.14,4856.35,1932,235
Philippine Airlines,CEB-CBO,2022,12,494.496,100.0,10000.0,3062.14,10000.0,1932,42
Philippine Airlines,CEB-CGY,2022,12,4780.128,35.28,5025.73,3062.14,2926.83,1932,559
Philippine Airlines,CEB-DVO,2022,12,10379.568,33.68,5532.68,3062.14,5497.84,1932,682
Philippine Airlines,CEB-IAO,2022,12,2747.2,44.46,5061.38,3062.14,5236.82,1932,188
Philippine Airlines,CEB-ILO,2022,12,3516.416,49.77,5000.11,3062.14,3379.22,1932,593
Philippine Airlines,CEB-MNL,2022,12,39194.464,36.22,3461.05,3062.14,3743.06,1932,5427
Philippine Airlines,CEB-MPH,2022,12,3734.576,38.09,5211.34,3062.14,4162.79,1932,641
Philippine Airlines,CEB-PPS,2022,12,3377.44,100.0,10000.0,3062.14,3389.0,1932,359
Philippine Airlines,CEB-TAC,2022,12,1263.712,42.0,5128.0,3062.14,3333.02,1932,335
Philippine Airlines,CEB-USU,2022,12,3021.92,62.63,5319.03,3062.14,5112.91,1932,146
Philippine Airlines,CEB-ZAM,2022,12,54.944,1.17,9768.74,3062.14,6216.11,1932,81
Philippine Airlines,CGY-CEB,2022,12,4340.576,33.11,5134.01,2981.82,2988.38,572,1956
Philippine Airlines,CGY-MNL,2022,12,20185.456,39.01,3708.07,2981.82,3743.06,572,5427
Philippine Airlines,CRM-MNL,2022,12,549.44,100.0,10000.0,10000.0,3743.06,10,5427
Philippine Airlines,CYP-MNL,2022,12,769.216,100.0,10000.0,5004.08,3743.06,28,5427
Philippine Airlines,DGT-MNL,2022,12,7814.976,37.68,5303.56,4572.4,3743.06,168,5427
Philippine Airlines,DPL-MNL,2022,12,3156.048,32.81,5590.99,5590.82,3743.06,64,5427
Philippine Airlines,DRP-MNL,2022,12,3566.512,55.54,5061.38,5061.29,3743.06,44,5427
Philippine Airlines,DVO-CEB,2022,12,10434.512,37.24,5325.64,5256.74,2988.38,683,1956
Philippine Airlines,DVO-MNL,2022,12,28414.128,34.85,5459.05,5256.74,3743.06,683,5427
Philippine Airlines,DVO-TAG,2022,12,1208.768,100.0,10000.0,5256.74,3947.44,683,265
Philippine Airlines,EUQ-MNL,2022,12,714.272,100.0,10000.0,10000.0,3743.06,13,5427
Philippine Airlines,GES-MNL,2022,12,10104.848,34.71,5467.57,5984.33,3743.06,166,5427
Philippine Airlines,IAO-CEB,2022,12,2637.312,50.75,5001.12,5302.76,2988.38,154,1956
Philippine Airlines,IAO-MNL,2022,12,2747.2,100.0,10000.0,5302.76,3743.06,154,5427
Philippine Airlines,ILO-CEB,2022,12,3461.472,50.21,5000.09,3193.55,2988.38,599,1956
Philippine Airlines,ILO-MNL,2022,12,21384.528,28.01,3443.47,3193.55,3743.06,599,5427
Philippine Airlines,LAO-MNL,2022,12,8505.008,100.0,10000.0,10000.0,3743.06,51,5427
Philippine Airlines,LGP-MNL,2022,12,6696.704,41.05,5160.2,5160.35,3743.06,113,5427
Philippine Airlines,MNL-BCD,2022,12,20869.024,34.38,3526.66,3837.87,3557.3,5012,415
Philippine Airlines,MNL-BSO,2022,12,1593.376,100.0,10000.0,3837.87,10000.0,5012,29
Philippine Airlines,MNL-BXU,2022,12,7427.136,29.34,5853.67,3837.87,4856.35,5012,235
Philippine Airlines,MNL-CBO,2022,12,3907.488,100.0,10000.0,3837.87,10000.0,5012,42
Philippine Airlines,MNL-CEB,2022,12,43672.4,40.45,3407.71,3837.87,2988.38,5012,1956
Philippine Airlines,MNL-CGY,2022,12,17110.208,34.92,3703.61,3837.87,2926.83,5012,559
Philippine Airlines,MNL-CRM,2022,12,659.328,100.0,10000.0,3837.87,10000.0,5012,12
Philippine Airlines,MNL-CYP,2022,12,769.216,100.0,10000.0,3837.87,5078.12,5012,31
Philippine Airlines,MNL-DGT,2022,12,7814.976,31.14,5711.4,3837.87,5035.29,5012,197
Philippine Airlines,MNL-DPL,2022,12,3456.624,34.85,5459.05,3837.87,5459.14,5012,66
Philippine Airlines,MNL-DRP,2022,12,4878.704,94.2,8907.28,3837.87,8906.67,5012,37
Philippine Airlines,MNL-DVO,2022,12,23760.048,30.34,5746.63,3837.87,5497.84,5012,682
Philippine Airlines,MNL-EUQ,2022,12,769.216,100.0,10000.0,3837.87,10000.0,5012,14
Philippine Airlines,MNL-GES,2022,12,10424.816,34.37,5488.59,3837.87,5988.71,5012,170
Philippine Airlines,MNL-IAO,2022,12,3681.248,100.0,10000.0,3837.87,5236.82,5012,188
Philippine Airlines,MNL-ILO,2022,12,21570.368,29.12,3643.18,3837.87,3379.22,5012,593
Philippine Airlines,MNL-LAO,2022,12,8655.296,100.0,10000.0,3837.87,10000.0,5012,52
Philippine Airlines,MNL-LGP,2022,12,5589.744,31.47,5686.72,3837.87,5686.84,5012,122
Philippine Airlines,MNL-MNL,2022,12,300.576,100.0,10000.0,3837.87,3743.06,5012,5427
Philippine Airlines,MNL-MPH,2022,12,18139.6,22.67,4097.22,3837.87,4162.79,5012,641
Philippine Airlines,MNL-OZC,2022,12,4263.008,38.14,5281.32,3837.87,4133.31,5012,105
Philippine Airlines,MNL-PPS,2022,12,13215.648,27.94,3440.66,3837.87,3389.0,5012,359
Philippine Airlines,MNL-RXS,2022,12,3306.336,32.84,3656.19,3837.87,3655.6,5012,67
Philippine Airlines,MNL-TAC,2022,12,15977.392,37.66,3572.36,3837.87,3333.02,5012,335
Philippine Airlines,MNL-TAG,2022,12,9182.112,22.29,4042.31,3837.87,3947.44,5012,265
Philippine Airlines,MNL-USU,2022,12,1703.264,50.24,5000.12,3837.87,5112.91,5012,146
Philippine Airlines,MNL-ZAM,2022,12,1502.88,100.0,10000.0,3837.87,6216.11,5012,81
Philippine Airlines,MPH-CEB,2022,12,3789.52,38.66,5257.19,3600.93,2988.38,749,1956
Philippine Airlines,MPH-MNL,2022,12,21235.856,22.07,3550.22,3600.93,3743.06,749,5427
Philippine Airlines,OZC-MNL,2022,12,4112.72,38.89,5246.86,3621.12,3743.06,127,5427
Philippine Airlines,PPS-CEB,2022,12,1688.72,100.0,10000.0,3634.2,2988.38,325,1956
Philippine Airlines,PPS-MNL,2022,12,17902.048,38.16,3612.93,3634.2,3743.06,325,5427
Philippine Airlines,RXS-MNL,2022,12,3306.336,32.84,3656.19,3655.6,3743.06,67,5427
Philippine Airlines,TAC-CEB,2022,12,1318.656,28.45,5928.8,3145.94,2988.38,451,1956
Philippine Airlines,TAC-MNL,2022,12,11884.064,21.35,3549.57,3145.94,3743.06,451,5427
Philippine Airlines,TAG-DVO,2022,12,1208.768,100.0,10000.0,4352.74,5497.84,294,682
Philippine Airlines,TAG-MNL,2022,12,8881.536,19.07,4476.13,4352.74,3743.06,294,5427
Philippine Airlines,TWT-CBO,2022,12,384.608,100.0,10000.0,5782.5,10000.0,46,42
Philippine Airlines,TWT-ZAM,2022,12,1502.88,25.64,6186.82,5782.5,6216.11,46,81
Philippine Airlines,USU-CEB,2022,12,3021.92,62.63,5319.03,5148.16,2988.38,201,1956
Philippine Airlines,USU-MNL,2022,12,1703.264,25.85,6166.45,5148.16,3743.06,201,5427
Philippine Airlines,ZAM-CEB,2022,12,1648.32,26.13,6139.55,5769.87,2988.38,243,1956
Philippine Airlines,ZAM-MNL,2022,12,7992.736,32.61,5604.82,5769.87,3743.06,243,5427
Philippine Airlines,ZAM-TWT,2022,12,1502.88,25.64,6186.82,5769.87,5735.1,243,47
AirAsia,BCD-MNL,2023,1,14563.8,19.45,3663.22,3706.23,3679.79,498,5337
AirAsia,CEB-MNL,2023,1,28965.78,25.59,3432.73,3189.91,3679.79,1848,5337
AirAsia,CGY-MNL,2023,1,9871.02,17.69,3701.94,3159.19,3679.79,528,5337
AirAsia,ILO-MNL,2023,1,25383.12,31.72,3459.86,3228.97,3679.79,586,5337
AirAsia,KLO-MNL,2023,1,14887.44,74.8,6230.08,6229.76,3679.79,123,5337
AirAsia,MNL-BCD,2023,1,14725.62,21.99,3560.21,3777.6,3607.22,4893,453
AirAsia,MNL-CEB,2023,1,29289.42,26.42,3376.31,3777.6,3114.0,4893,1826
AirAsia,MNL-CGY,2023,1,10194.66,19.76,3660.09,3777.6,3080.4,4893,498
AirAsia,MNL-ILO,2023,1,19580.22,25.36,3604.29,3777.6,3383.25,4893,577
AirAsia,MNL-KLO,2023,1,15049.26,100.0,10000.0,3777.6,10000.0,4893,93
AirAsia,MNL-MNL,2023,1,161.82,15.79,4815.15,3777.6,3679.79,4893,5337
AirAsia,MNL-MPH,2023,1,14078.34,17.24,4129.17,3777.6,4084.74,4893,624
AirAsia,MNL-PPS,2023,1,14725.62,28.42,3448.78,3777.6,3406.48,4893,358
AirAsia,MNL-RXS,2023,1,2265.48,20.29,3589.58,3777.6,3589.58,4893,69
AirAsia,MNL-TAC,2023,1,10032.84,22.61,3513.59,3777.6,3351.64,4893,322
AirAsia,MNL-TAG,2023,1,9871.02,23.24,4123.7,3777.6,4019.26,4893,255
AirAsia,MPH-MNL,2023,1,28642.14,27.78,3440.89,3450.67,3679.79,756,5337
AirAsia,PPS-MNL,2023,1,9871.02,19.07,3644.24,3666.0,3679.79,323,5337
AirAsia,RXS-MNL,2023,1,2103.66,19.4,3628.98,3628.87,3679.79,67,5337
AirAsia,TAC-MNL,2023,1,24311.28,41.7,3505.61,3266.08,3679.79,413,5337
AirAsia,TAG-MNL,2023,1,9547.38,20.1,4502.07,4374.07,3679.79,281,5337
AirSWIFT,MNL-ENI,2023,1,43.25,100.0,10000.0,3777.6,10000.0,4893,1
AirSWIFT,MNL-PPS,2023,1,124.56,0.24,3448.78,3777.6,3406.48,4893,358
Cebgo,BXU-CEB,2023,1,2491.2,52.71,5014.69,4634.32,3114.0,246,1826
Cebgo,CEB-BXU,2023,1,1307.88,34.08,5506.89,3189.91,4939.54,1848,231
Cebgo,CEB-CEB,2023,1,62.28,27.91,5975.94,3189.91,3114.0,1848,1826
Cebgo,CEB-CGY,2023,1,5667.48,48.18,4033.89,3189.91,3080.4,1848,498
Cebgo,CEB-CRK,2023,1,249.12,100.0,10000.0,3189.91,10000.0,1848,4
Cebgo,CEB-CYP,2023,1,1058.76,100.0,10000.0,3189.91,5200.0,1848,29
Cebgo,CEB-DGT,2023,1,373.68,100.0,10000.0,3189.91,5642.72,1848,165
Cebgo,CEB-IAO,2023,1,3425.4,49.67,5000.22,3189.91,5608.96,1848,214
Cebgo,CEB-ILO,2023,1,2927.16,42.62,5108.93,3189.91,3383.25,1848,577
Cebgo,CEB-OZC,2023,1,1681.56,100.0,10000.0,3189.91,4064.87,1848,99
Cebgo,CEB-PAG,2023,1,2553.48,100.0,10000.0,3189.91,6379.84,1848,92
Cebgo,CEB-SUG,2023,1,373.68,100.0,10000.0,3189.91,10000.0,1848,6
Cebgo,CEB-TAC,2023,1,1432.44,48.36,5005.38,3189.91,3351.64,1848,322
Cebgo,CEB-USU,2023,1,1806.12,33.48,5545.82,3189.91,5153.38,1848,148
Cebgo,CGY-CEB,2023,1,5978.88,49.76,4079.74,3159.19,3114.0,528,1826
Cebgo,CGY-DVO,2023,1,1058.76,100.0,10000.0,3159.19,5351.92,528,665
Cebgo,CRK-CEB,2023,1,249.12,100.0,10000.0,6800.0,3114.0,5,1826
Cebgo,CYP-CEB,2023,1,996.48,100.0,10000.0,5642.58,3114.0,24,1826
Cebgo,DGT-CEB,2023,1,373.68,100.0,10000.0,5165.96,3114.0,133,1826
Cebgo,DVO-CGY,2023,1,1058.76,100.0,10000.0,5129.46,3080.4,667,498
Cebgo,DVO-IAO,2023,1,747.36,100.0,10000.0,5129.46,5608.96,667,214
Cebgo,IAO-CEB,2023,1,2242.08,40.07,5197.21,5658.65,3114.0,160,1826
Cebgo,IAO-DVO,2023,1,809.64,100.0,10000.0,5658.65,5351.92,160,665
Cebgo,ILO-CEB,2023,1,3051.72,45.16,5046.85,3228.97,3114.0,586,1826
Cebgo,MNL-CEB,2023,1,622.8,0.56,3376.31,3777.6,3114.0,4893,1826
Cebgo,MNL-MPH,2023,1,1681.56,2.07,4129.17,3777.6,4084.74,4893,624
Cebgo,MNL-USU,2023,1,1868.4,53.15,5019.84,3777.6,5153.38,4893,148
Cebgo,MNL-WNP,2023,1,3176.28,100.0,10000.0,3777.6,10000.0,4893,51
Cebgo,MPH-MNL,2023,1,1743.84,1.7,3440.89,3450.67,3679.79,756,5337
Cebgo,OZC-CEB,2023,1,3176.28,100.0,10000.0,3614.32,3114.0,118,1826
Cebgo,OZC-OZC,2023,1,62.28,27.91,5975.94,3614.32,4064.87,118,99
Cebgo,PAG-CEB,2023,1,2491.2,100.0,10000.0,6426.88,3114.0,91,1826
Cebgo,SUG-CEB,2023,1,249.12,100.0,10000.0,10000.0,3114.0,4,1826
Cebgo,TAC-CEB,2023,1,1743.84,53.28,5021.52,3266.08,3114.0,413,1826
Cebgo,USU-CEB,2023,1,1806.12,34.23,5497.39,5101.58,3114.0,201,1826
Cebgo,USU-MNL,2023,1,5169.24,74.55,6205.4,5101.58,3679.79,201,5337
Cebgo,WNP-MNL,2023,1,2989.44,100.0,10000.0,10000.0,3679.79,48,5337
Cebu Pacific,BCD-CEB,2023,1,160.89,4.91,9066.22,3706.23,3114.0,498,1826
Cebu Pacific,BCD-DVO,2023,1,2091.57,100.0,10000.0,3706.23,5351.92,498,665
Cebu Pacific,BCD-MNL,2023,1,33333.64,44.79,3663.22,3706.23,3679.79,498,5337
Cebu Pacific,BXU-MNL,2023,1,18663.24,69.18,5735.74,4634.32,3679.79,246,5337
Cebu Pacific,CEB-BCD,2023,1,160.89,4.66,9111.43,3189.91,3607.22,1848,453
Cebu Pacific,CEB-CGY,2023,1,1448.01,12.31,4033.89,3189.91,3080.4,1848,498
Cebu Pacific,CEB-DVO,2023,1,20915.7,65.57,5484.85,3189.91,5351.92,1848,665
Cebu Pacific,CEB-GES,2023,1,4826.7,100.0,10000.0,3189.91,5903.57,1848,168
Cebu Pacific,CEB-MNL,2023,1,44322.6,39.38,3432.73,3189.91,3679.79,1848,5337
Cebu Pacific,CEB-MPH,2023,1,4826.7,44.62,5057.89,3189.91,4084.74,1848,624
Cebu Pacific,CEB-ZAM,2023,1,4826.7,98.8,9762.88,3189.91,6307.73,1848,84
Cebu Pacific,CGK-MNL,2023,1,160.89,100.0,10000.0,10000.0,3679.79,1,5337
Cebu Pacific,CGY-CEB,2023,1,1448.01,12.05,4079.74,3159.19,3114.0,528,1826
Cebu Pacific,CGY-MNL,2023,1,23313.48,42.03,3701.94,3159.19,3679.79,528,5337
Cebu Pacific,CYZ-MNL,2023,1,4826.7,100.0,10000.0,10000.0,3679.79,30,5337
Cebu Pacific,DGT-MNL,2023,1,12871.2,63.31,5354.31,5165.96,3679.79,133,5337
Cebu Pacific,DPL-MNL,2023,1,6757.38,61.76,5276.6,5276.82,3679.79,68,5337
Cebu Pacific,DRP-MNL,2023,1,11101.41,51.0,5002.0,5002.01,3679.79,141,5337
Cebu Pacific,DVO-BCD,2023,1,2091.57,100.0,10000.0,5129.46,3607.22,667,453
Cebu Pacific,DVO-CEB,2023,1,18341.46,62.8,5327.68,5129.46,3114.0,667,1826
Cebu Pacific,DVO-MNL,2023,1,49330.95,61.78,5277.54,5129.46,3679.79,667,5337
Cebu Pacific,GES-CEB,2023,1,4826.7,100.0,10000.0,5903.57,3114.0,168,1826
Cebu Pacific,GES-ILO,2023,1,2896.02,100.0,10000.0,5903.57,3383.25,168,577
Cebu Pacific,GES-MNL,2023,1,19209.055,63.87,5384.75,5903.57,3679.79,168,5337
Cebu Pacific,ILO-GES,2023,1,2896.02,100.0,10000.0,3228.97,5903.57,586,168
Cebu Pacific,ILO-MNL,2023,1,33387.27,41.97,3459.86,3228.97,3679.79,586,5337
Cebu Pacific,KLO-MNL,2023,1,4987.59,25.2,6230.08,6229.76,3679.79,123,5337
Cebu Pacific,LGP-MNL,2023,1,643.56,100.0,10000.0,10000.0,3679.79,4,5337
Cebu Pacific,MNL-BCD,2023,1,28714.54,43.12,3560.21,3777.6,3607.22,4893,453
Cebu Pacific,MNL-BXU,2023,1,18663.24,69.6,5768.32,3777.6,4939.54,4893,231
Cebu Pacific,MNL-CEB,2023,1,37461.42,33.98,3376.31,3777.6,3114.0,4893,1826
Cebu Pacific,MNL-CGK,2023,1,160.89,100.0,10000.0,3777.6,10000.0,4893,1
Cebu Pacific,MNL-CGY,2023,1,23152.59,45.14,3660.09,3777.6,3080.4,4893,498
Cebu Pacific,MNL-CYZ,2023,1,4826.7,100.0,10000.0,3777.6,10000.0,4893,30
Cebu Pacific,MNL-DGT,2023,1,17858.79,70.09,5807.22,3777.6,5642.72,4893,165
Cebu Pacific,MNL-DPL,2023,1,6918.27,63.24,5350.6,3777.6,5350.35,4893,68
Cebu Pacific,MNL-DRP,2023,1,5631.15,34.22,5498.02,3777.6,5498.25,4893,108
Cebu Pacific,MNL-DVO,2023,1,50727.925,66.73,5559.79,3777.6,5351.92,4893,665
Cebu Pacific,MNL-GES,2023,1,19209.055,63.87,5384.75,3777.6,5903.57,4893,168
Cebu Pacific,MNL-ILO,2023,1,35838.68,46.69,3604.29,3777.6,3383.25,4893,577
Cebu Pacific,MNL-LGP,2023,1,5952.93,100.0,10000.0,3777.6,10000.0,4893,37
Cebu Pacific,MNL-MNL,2023,1,198.95,19.52,4815.15,3777.6,3679.79,4893,5337
Cebu Pacific,MNL-MPH,2023,1,46497.21,57.26,4129.17,3777.6,4084.74,4893,624
Cebu Pacific,MNL-OZC,2023,1,6596.49,58.57,5146.89,3777.6,4064.87,4893,99
Cebu Pacific,MNL-PAG,2023,1,8205.39,100.0,10000.0,3777.6,6379.84,4893,92
Cebu Pacific,MNL-PPS,2023,1,21950.24,42.61,3448.78,3777.6,3406.48,4893,358
Cebu Pacific,MNL-RXS,2023,1,4504.92,40.58,3589.58,3777.6,3589.58,4893,69
Cebu Pacific,MNL-TAC,2023,1,16249.89,36.83,3513.59,3777.6,3351.64,4893,322
Cebu Pacific,MNL-TAG,2023,1,23747.71,56.24,4123.7,3777.6,4019.26,4893,255
Cebu Pacific,MNL-TUG,2023,1,9331.62,100.0,10000.0,3777.6,10000.0,4893,58
Cebu Pacific,MNL-VRC,2023,1,4665.81,100.0,10000.0,3777.6,10000.0,4893,29
Cebu Pacific,MNL-ZAM,2023,1,321.78,15.38,7397.09,3777.6,6307.73,4893,84
Cebu Pacific,MPH-CEB,2023,1,4665.81,44.21,5067.05,3450.67,3114.0,756,1826
Cebu Pacific,MPH-MNL,2023,1,45853.65,44.74,3440.89,3450.67,3679.79,756,5337
Cebu Pacific,Not available-Not available,2023,1,62.28,100.0,10000.0,10000.0,10000.0,1,1
Cebu Pacific,OZC-MNL,2023,1,6274.71,60.0,5200.0,3614.32,3679.79,118,5337
Cebu Pacific,OZC-OZC,2023,1,160.89,72.09,5975.94,3614.32,4064.87,118,99
Cebu Pacific,PAG-MNL,2023,1,8205.39,100.0,10000.0,6426.88,3679.79,91,5337
Cebu Pacific,PPS-MNL,2023,1,21751.29,42.27,3644.24,3666.0,3679.79,323,5337
Cebu Pacific,RXS-MNL,2023,1,4504.92,41.79,3628.98,3628.87,3679.79,67,5337
Cebu Pacific,TAC-MNL,2023,1,20272.14,34.97,3505.61,3266.08,3679.79,413,5337
Cebu Pacific,TAG-MNL,2023,1,28920.41,61.23,4502.07,4374.07,3679.79,281,5337
Cebu Pacific,TUG-MNL,2023,1,9009.84,100.0,10000.0,10000.0,3679.79,56,5337
Cebu Pacific,TWT-ZAM,2023,1,4987.59,77.5,6512.5,5987.41,6307.73,48,84
Cebu Pacific,VRC-MNL,2023,1,2413.35,100.0,10000.0,10000.0,3679.79,15,5337
Cebu Pacific,ZAM-CEB,2023,1,4665.81,74.61,6211.3,5574.56,3114.0,237,1826
Cebu Pacific,ZAM-MNL,2023,1,14386.68,62.83,5329.22,5574.56,3679.79,237,5337
Cebu Pacific,ZAM-TWT,2023,1,4987.59,73.81,6133.83,5574.56,5722.33,237,50
Philippine Airlines,BCD-CEB,2023,1,2850.764,95.09,9066.22,3706.23,3114.0,498,1826
Philippine Airlines,BCD-MNL,2023,1,24339.07,35.76,3663.22,3706.23,3679.79,498,5337
Philippine Airlines,BPA-CEB,2023,1,322.728,100.0,10000.0,10000.0,3114.0,6,1826
Philippine Airlines,BXU-CEB,2023,1,2043.944,47.29,5014.69,4634.32,3114.0,246,1826
Philippine Airlines,BXU-MNL,2023,1,7603.092,30.82,5735.74,4634.32,3679.79,246,5337
Philippine Airlines,CBO-CEB,2023,1,484.092,100.0,10000.0,10000.0,3114.0,45,1826
Philippine Airlines,CBO-MNL,2023,1,4119.528,100.0,10000.0,10000.0,3679.79,45,5337
Philippine Airlines,CBO-TWT,2023,1,430.304,100.0,10000.0,10000.0,5722.33,45,50
Philippine Airlines,CEB-BCD,2023,1,3012.128,95.34,9111.43,3189.91,3607.22,1848,453
Philippine Airlines,CEB-BPA,2023,1,376.516,100.0,10000.0,3189.91,10000.0,1848,7
Philippine Airlines,CEB-BXU,2023,1,2312.884,65.92,5506.89,3189.91,4939.54,1848,231
Philippine Airlines,CEB-CBO,2023,1,484.092,100.0,10000.0,3189.91,10000.0,1848,46
Philippine Airlines,CEB-CEB,2023,1,147.126,72.09,5975.94,3189.91,3114.0,1848,1826
Philippine Airlines,CEB-CGY,2023,1,4249.252,39.51,4033.89,3189.91,3080.4,1848,498
Philippine Airlines,CEB-DVO,2023,1,10042.536,34.43,5484.85,3189.91,5351.92,1848,665
Philippine Airlines,CEB-IAO,2023,1,3173.492,50.33,5000.22,3189.91,5608.96,1848,214
Philippine Airlines,CEB-ILO,2023,1,3603.796,57.38,5108.93,3189.91,3383.25,1848,577
Philippine Airlines,CEB-MNL,2023,1,36049.034,35.03,3432.73,3189.91,3679.79,1848,5337
Philippine Airlines,CEB-MPH,2023,1,5478.466,55.38,5057.89,3189.91,4084.74,1848,624
Philippine Airlines,CEB-PPS,2023,1,3227.28,100.0,10000.0,3189.91,3406.48,1848,358
Philippine Airlines,CEB-TAC,2023,1,1398.488,51.64,5005.38,3189.91,3351.64,1848,322
Philippine Airlines,CEB-USU,2023,1,3281.068,66.52,5545.82,3189.91,5153.38,1848,148
Philippine Airlines,CEB-ZAM,2023,1,53.788,1.2,9762.88,3189.91,6307.73,1848,84
Philippine Airlines,CGY-CEB,2023,1,4195.464,38.19,4079.74,3159.19,3114.0,528,1826
Philippine Airlines,CGY-MNL,2023,1,20434.694,40.28,3701.94,3159.19,3679.79,528,5337
Philippine Airlines,CRK-MNL,2023,1,56.952,100.0,10000.0,6800.0,3679.79,5,5337
Philippine Airlines,CRM-MNL,2023,1,537.88,100.0,10000.0,10000.0,3679.79,10,5337
Philippine Airlines,CYP-MNL,2023,1,430.304,100.0,10000.0,5642.58,3679.79,24,5337
Philippine Airlines,DGT-MNL,2023,1,6821.584,36.69,5354.31,5165.96,3679.79,133,5337
Philippine Airlines,DPL-MNL,2023,1,3825.276,38.24,5276.6,5276.82,3679.79,68,5337
Philippine Airlines,DRP-MNL,2023,1,9753.03,49.0,5002.0,5002.01,3679.79,141,5337
Philippine Airlines,DVO-CEB,2023,1,9934.96,37.2,5327.68,5129.46,3114.0,667,1826
Philippine Airlines,DVO-MNL,2023,1,27912.808,38.22,5277.54,5129.46,3679.79,667,5337
Philippine Airlines,DVO-TAG,2023,1,1075.76,100.0,10000.0,5129.46,4019.26,667,255
Philippine Airlines,EUQ-MNL,2023,1,699.244,100.0,10000.0,10000.0,3679.79,13,5337
Philippine Airlines,GES-MNL,2023,1,9934.96,36.13,5384.75,5903.57,3679.79,168,5337
Philippine Airlines,IAO-CEB,2023,1,3065.916,59.93,5197.21,5658.65,3114.0,160,1826
Philippine Airlines,IAO-MNL,2023,1,2904.552,100.0,10000.0,5658.65,3679.79,160,5337
Philippine Airlines,ILO-CEB,2023,1,3388.644,54.84,5046.85,3228.97,3114.0,586,1826
Philippine Airlines,ILO-MNL,2023,1,19139.036,26.31,3459.86,3228.97,3679.79,586,5337
Philippine Airlines,LAO-MNL,2023,1,8098.258,100.0,10000.0,10000.0,3679.79,47,5337
Philippine Airlines,MNL-BCD,2023,1,21249.424,34.89,3560.21,3777.6,3607.22,4893,453
Philippine Airlines,MNL-BSO,2023,1,1506.064,100.0,10000.0,3777.6,10000.0,4893,28
Philippine Airlines,MNL-BXU,2023,1,7455.966,30.4,5768.32,3777.6,4939.54,4893,231
Philippine Airlines,MNL-CBO,2023,1,4266.654,100.0,10000.0,3777.6,10000.0,4893,46
Philippine Airlines,MNL-CEB,2023,1,39347.504,39.03,3376.31,3777.6,3114.0,4893,1826
Philippine Airlines,MNL-CGY,2023,1,16462.292,35.1,3660.09,3777.6,3080.4,4893,498
Philippine Airlines,MNL-CRM,2023,1,537.88,100.0,10000.0,3777.6,10000.0,4893,10
Philippine Airlines,MNL-CYP,2023,1,645.456,100.0,10000.0,3777.6,5200.0,4893,29
Philippine Airlines,MNL-DGT,2023,1,6968.71,29.91,5807.22,3777.6,5642.72,4893,165
Philippine Airlines,MNL-DPL,2023,1,3678.15,36.76,5350.6,3777.6,5350.35,4893,68
Philippine Airlines,MNL-DRP,2023,1,9900.156,65.78,5498.02,3777.6,5498.25,4893,108
Philippine Airlines,MNL-DVO,2023,1,23124.094,33.27,5559.79,3777.6,5351.92,4893,665
Philippine Airlines,MNL-EUQ,2023,1,699.244,100.0,10000.0,3777.6,10000.0,4893,13
Philippine Airlines,MNL-GES,2023,1,9934.96,36.13,5384.75,3777.6,5903.57,4893,168
Philippine Airlines,MNL-IAO,2023,1,4733.344,100.0,10000.0,3777.6,5608.96,4893,214
Philippine Airlines,MNL-ILO,2023,1,19615.218,27.95,3604.29,3777.6,3383.25,4893,577
Philippine Airlines,MNL-LAO,2023,1,8280.188,100.0,10000.0,3777.6,10000.0,4893,48
Philippine Airlines,MNL-MNL,2023,1,602.742,64.69,4815.15,3777.6,3679.79,4893,5337
Philippine Airlines,MNL-MPH,2023,1,17395.672,23.43,4129.17,3777.6,4084.74,4893,624
Philippine Airlines,MNL-OZC,2023,1,4266.654,41.43,5146.89,3777.6,4064.87,4893,99
Philippine Airlines,MNL-PPS,2023,1,13534.01,28.73,3448.78,3777.6,3406.48,4893,358
Philippine Airlines,MNL-RXS,2023,1,3972.402,39.13,3589.58,3777.6,3589.58,4893,69
Philippine Airlines,MNL-TAC,2023,1,16368.954,40.57,3513.59,3777.6,3351.64,4893,322
Philippine Airlines,MNL-TAG,2023,1,7921.074,20.51,4123.7,3777.6,4019.26,4893,255
Philippine Airlines,MNL-USU,2023,1,1506.064,46.85,5019.84,3777.6,5153.38,4893,148
Philippine Airlines,MNL-ZAM,2023,1,1618.386,84.62,7397.09,3777.6,6307.73,4893,84
Philippine Airlines,MPH-CEB,2023,1,5385.128,55.79,5067.05,3450.67,3114.0,756,1826
Philippine Airlines,MPH-MNL,2023,1,24163.468,25.78,3440.89,3450.67,3679.79,756,5337
Philippine Airlines,OZC-MNL,2023,1,3825.276,40.0,5200.0,3614.32,3679.79,118,5337
Philippine Airlines,PPS-CEB,2023,1,1613.64,100.0,10000.0,3666.0,3114.0,323,1826
Philippine Airlines,PPS-MNL,2023,1,18186.672,38.65,3644.24,3666.0,3679.79,323,5337
Philippine Airlines,RXS-MNL,2023,1,3825.276,38.81,3628.98,3628.87,3679.79,67,5337
Philippine Airlines,TAC-CEB,2023,1,1398.488,46.72,5021.52,3266.08,3114.0,413,1826
Philippine Airlines,TAC-MNL,2023,1,12361.748,23.32,3505.61,3266.08,3679.79,413,5337
Philippine Airlines,TAG-DVO,2023,1,1129.548,100.0,10000.0,4374.07,5351.92,281,665
Philippine Airlines,TAG-MNL,2023,1,8068.2,18.68,4502.07,4374.07,3679.79,281,5337
Philippine Airlines,TWT-CBO,2023,1,430.304,100.0,10000.0,5987.41,10000.0,48,46
Philippine Airlines,TWT-ZAM,2023,1,1324.134,22.5,6512.5,5987.41,6307.73,48,84
Philippine Airlines,USU-CEB,2023,1,3173.492,65.77,5497.39,5101.58,3114.0,201,1826
Philippine Airlines,USU-MNL,2023,1,1613.64,25.45,6205.4,5101.58,3679.79,201,5337
Philippine Airlines,ZAM-CEB,2023,1,1452.276,25.39,6211.3,5574.56,3114.0,237,1826
Philippine Airlines,ZAM-MNL,2023,1,7781.858,37.17,5329.22,5574.56,3679.79,237,5337
Philippine Airlines,ZAM-TWT,2023,1,1618.386,26.19,6133.83,5574.56,5722.33,237,50
AirAsia,BCD-MNL,2023,2,13269.24,19.65,3724.74,3710.75,3699.49,446,4852
AirAsia,CEB-MNL,2023,2,26053.02,24.68,3458.89,3219.89,3699.49,1650,4852
AirAsia,CGY-MNL,2023,2,9061.92,17.75,3702.45,3235.93,3699.49,448,4852
AirAsia,ILO-MNL,2023,2,23364.72,32.1,3453.58,3179.49,3699.49,535,4852
AirAsia,KLO-MNL,2023,2,13431.06,74.77,6227.11,6227.58,3699.49,111,4852
AirAsia,MNL-BCD,2023,2,13269.24,22.02,3625.01,3790.51,3608.59,4408,403
AirAsia,MNL-CEB,2023,2,26214.84,25.03,3425.25,3790.51,3188.02,4408,1644
AirAsia,MNL-CGY,2023,2,9061.92,19.14,3695.13,3790.51,3161.39,4408,426
AirAsia,MNL-ILO,2023,2,17962.02,25.86,3596.09,3790.51,3329.81,4408,522
AirAsia,MNL-KLO,2023,2,13431.06,100.0,10000.0,3790.51,10000.0,4408,83
AirAsia,MNL-MPH,2023,2,12945.6,20.77,3789.8,3790.51,3806.74,4408,483
AirAsia,MNL-PPS,2023,2,13592.88,27.04,3524.9,3790.51,3470.49,4408,344
AirAsia,MNL-RXS,2023,2,1941.84,18.75,3657.24,3790.51,3657.23,4408,64
AirAsia,MNL-TAC,2023,2,8900.1,21.61,3540.45,3790.51,3429.35,4408,302
AirAsia,MNL-TAG,2023,2,9223.74,23.63,4030.91,3790.51,3929.22,4408,238
AirAsia,MPH-MNL,2023,2,30745.8,34.88,3355.53,3346.72,3699.49,642,4852
AirAsia,PPS-MNL,2023,2,9061.92,17.96,3714.49,3726.44,3699.49,310,4852
AirAsia,RXS-MNL,2023,2,1941.84,19.05,3640.62,3640.72,3699.49,63,4852
AirAsia,TAC-MNL,2023,2,22084.08,40.43,3513.86,3243.09,3699.49,398,4852
AirAsia,TAG-MNL,2023,2,4530.96,11.34,5185.12,5021.91,3699.49,236,4852
AirSWIFT,MNL-PPS,2023,2,62.496,0.12,3524.9,3790.51,3470.49,4408,344
Cebgo,BCD-CEB,2023,2,437.472,16.69,7219.11,3710.75,3188.02,446,1644
Cebgo,BXU-CEB,2023,2,1499.904,51.43,5004.09,4947.11,3188.02,207,1644
Cebgo,CEB-BCD,2023,2,437.472,15.97,7316.08,3219.89,3608.59,1650,403
Cebgo,CEB-BXU,2023,2,999.936,42.42,5114.91,3219.89,5116.27,1650,198
Cebgo,CEB-CGY,2023,2,4374.72,48.42,4369.64,3219.89,3161.39,1650,426
Cebgo,CEB-CRK,2023,2,187.488,100.0,10000.0,3219.89,10000.0,1650,3
Cebgo,CEB-CYP,2023,2,749.952,100.0,10000.0,3219.89,5025.89,1650,23
Cebgo,CEB-IAO,2023,2,3374.784,50.08,5000.01,3219.89,5547.45,1650,205
Cebgo,CEB-ILO,2023,2,3187.296,46.55,5023.8,3219.89,3329.81,1650,522
Cebgo,CEB-OZC,2023,2,1687.392,100.0,10000.0,3219.89,4113.43,1650,89
Cebgo,CEB-PAG,2023,2,2249.856,100.0,10000.0,3219.89,6167.67,1650,76
Cebgo,CEB-SUG,2023,2,437.472,100.0,10000.0,3219.89,10000.0,1650,7
Cebgo,CEB-TAC,2023,2,1062.432,34.62,5473.09,3219.89,3429.35,1650,302
Cebgo,CEB-USU,2023,2,1749.888,35.02,5448.8,3219.89,5138.77,1650,139
Cebgo,CGY-CEB,2023,2,4374.72,48.74,4368.71,3235.93,3188.02,448,1644
Cebgo,CGY-DVO,2023,2,749.952,100.0,10000.0,3235.93,5528.37,448,580
Cebgo,CRK-CEB,2023,2,187.488,100.0,10000.0,10000.0,3188.02,3,1644
Cebgo,CYP-CEB,2023,2,749.952,100.0,10000.0,5025.89,3188.02,23,1644
Cebgo,DVO-CGY,2023,2,749.952,100.0,10000.0,5271.83,3161.39,602,426
Cebgo,DVO-IAO,2023,2,749.952,100.0,10000.0,5271.83,5547.45,602,205
Cebgo,IAO-CEB,2023,2,2499.84,45.86,5034.28,5446.64,3188.02,154,1644
Cebgo,IAO-DVO,2023,2,749.952,100.0,10000.0,5446.64,5528.37,154,580
Cebgo,ILO-CEB,2023,2,3374.784,49.64,5000.26,3179.49,3188.02,535,1644
Cebgo,MNL-CEB,2023,2,374.976,0.36,3425.25,3790.51,3188.02,4408,1644
Cebgo,MNL-MBT,2023,2,62.496,100.0,10000.0,3790.51,10000.0,4408,1
Cebgo,MNL-USU,2023,2,1749.888,51.43,5004.09,3790.51,5138.77,4408,139
Cebgo,MNL-WNP,2023,2,2999.808,100.0,10000.0,3790.51,10000.0,4408,48
Cebgo,OZC-CEB,2023,2,2374.848,100.0,10000.0,3875.42,3188.02,99,1644
Cebgo,PAG-CEB,2023,2,2249.856,100.0,10000.0,6167.67,3188.02,76,1644
Cebgo,SUG-CEB,2023,2,312.48,100.0,10000.0,10000.0,3188.02,5,1644
Cebgo,TAC-CEB,2023,2,1687.392,43.59,5082.18,3243.09,3188.02,398,1644
Cebgo,USU-CEB,2023,2,1749.888,35.02,5448.8,5140.59,3188.02,186,1644
Cebgo,USU-MNL,2023,2,4874.688,76.76,6432.2,5140.59,3699.49,186,4852
Cebgo,WNP-MNL,2023,2,2874.816,100.0,10000.0,10000.0,3699.49,46,4852
Cebu Pacific,BCD-DVO,2023,2,1937.376,100.0,10000.0,3710.75,5528.37,446,580
Cebu Pacific,BCD-MNL,2023,2,32072.6,47.61,3724.74,3710.75,3699.49,446,4852
Cebu Pacific,BXU-MNL,2023,2,17759.28,69.08,5728.09,4947.11,3699.49,207,4852
Cebu Pacific,CEB-CGY,2023,2,645.792,7.15,4369.64,3219.89,3161.39,1650,426
Cebu Pacific,CEB-DVO,2023,2,19858.104,68.91,5715.18,3219.89,5528.37,1650,580
Cebu Pacific,CEB-GES,2023,2,3874.752,100.0,10000.0,3219.89,5908.81,1650,155
Cebu Pacific,CEB-MNL,2023,2,42441.728,40.3,3458.89,3219.89,3699.49,1650,4852
Cebu Pacific,CEB-MPH,2023,2,4520.544,37.84,5295.73,3219.89,3806.74,1650,483
Cebu Pacific,CEB-ZAM,2023,2,4520.544,100.0,10000.0,3219.89,6121.88,1650,76
Cebu Pacific,CGY-CEB,2023,2,645.792,7.2,4368.71,3235.93,3188.02,448,1644
Cebu Pacific,CGY-MNL,2023,2,21677.432,42.55,3702.45,3235.93,3699.49,448,4852
Cebu Pacific,CYZ-MNL,2023,2,5973.576,100.0,10000.0,10000.0,3699.49,37,4852
Cebu Pacific,DGT-MNL,2023,2,12592.944,62.4,5307.52,5307.52,3699.49,125,4852
Cebu Pacific,DPL-MNL,2023,2,6296.472,60.94,5239.37,5239.26,3699.49,64,4852
Cebu Pacific,DRP-MNL,2023,2,10817.016,51.97,5007.76,5007.75,3699.49,134,4852
Cebu Pacific,DVO-BCD,2023,2,1937.376,100.0,10000.0,5271.83,3608.59,602,403
Cebu Pacific,DVO-CEB,2023,2,18405.072,66.97,5575.96,5271.83,3188.02,602,1644
Cebu Pacific,DVO-MNL,2023,2,46641.112,63.74,5377.58,5271.83,3699.49,602,4852
Cebu Pacific,GES-CEB,2023,2,3874.752,100.0,10000.0,5948.25,3188.02,152,1644
Cebu Pacific,GES-ILO,2023,2,2583.168,100.0,10000.0,5948.25,3329.81,152,522
Cebu Pacific,GES-MNL,2023,2,18298.308,65.27,5466.35,5948.25,3699.49,152,4852
Cebu Pacific,ILO-GES,2023,2,2583.168,100.0,10000.0,3179.49,5908.81,535,155
Cebu Pacific,ILO-MNL,2023,2,30235.912,41.63,3453.58,3179.49,3699.49,535,4852
Cebu Pacific,KLO-MNL,2023,2,4520.544,25.23,6227.11,6227.58,3699.49,111,4852
Cebu Pacific,MNL-BCD,2023,2,27683.992,46.05,3625.01,3790.51,3608.59,4408,403
Cebu Pacific,MNL-BXU,2023,2,17759.28,69.08,5728.09,3790.51,5116.27,4408,198
Cebu Pacific,MNL-CEB,2023,2,36096.648,34.54,3425.25,3790.51,3188.02,4408,1644
Cebu Pacific,MNL-CGY,2023,2,21677.432,45.89,3695.13,3790.51,3161.39,4408,426
Cebu Pacific,MNL-CYZ,2023,2,5973.576,100.0,10000.0,3790.51,10000.0,4408,37
Cebu Pacific,MNL-DGT,2023,2,16144.8,67.57,5617.41,3790.51,5617.24,4408,148
Cebu Pacific,MNL-DPL,2023,2,6296.472,60.0,5200.0,3790.51,5200.0,4408,65
Cebu Pacific,MNL-DRP,2023,2,10817.016,51.42,5004.03,3790.51,5004.05,4408,136
Cebu Pacific,MNL-DVO,2023,2,46641.112,68.74,5702.38,3790.51,5528.37,4408,580
Cebu Pacific,MNL-GES,2023,2,18697.588,64.89,5443.42,3790.51,5908.81,4408,155
Cebu Pacific,MNL-ILO,2023,2,32249.672,46.53,3596.09,3790.51,3329.81,4408,522
Cebu Pacific,MNL-MPH,2023,2,31159.464,50.11,3789.8,3790.51,3806.74,4408,483
Cebu Pacific,MNL-OZC,2023,2,6296.472,62.9,5332.82,3790.51,4113.43,4408,89
Cebu Pacific,MNL-PAG,2023,2,6457.92,100.0,10000.0,3790.51,6167.67,4408,76
Cebu Pacific,MNL-PPS,2023,2,22484.672,44.83,3524.9,3790.51,3470.49,4408,344
Cebu Pacific,MNL-RXS,2023,2,4036.2,39.06,3657.24,3790.51,3657.23,4408,64
Cebu Pacific,MNL-TAC,2023,2,15821.904,38.5,3540.45,3790.51,3429.35,4408,302
Cebu Pacific,MNL-TAG,2023,2,21366.688,54.87,4030.91,3790.51,3929.22,4408,238
Cebu Pacific,MNL-TUG,2023,2,8879.64,100.0,10000.0,3790.51,10000.0,4408,55
Cebu Pacific,MNL-VRC,2023,2,4520.544,100.0,10000.0,3790.51,10000.0,4408,28
Cebu Pacific,MPH-CEB,2023,2,4520.544,37.84,5295.73,3346.72,3188.02,642,1644
Cebu Pacific,MPH-MNL,2023,2,31320.912,35.61,3355.53,3346.72,3699.49,642,4852
Cebu Pacific,OZC-MNL,2023,2,6296.472,63.93,5388.09,3875.42,3699.49,99,4852
Cebu Pacific,PAG-MNL,2023,2,6457.92,100.0,10000.0,6167.67,3699.49,76,4852
Cebu Pacific,PPS-MNL,2023,2,22484.672,44.67,3714.49,3726.44,3699.49,310,4852
Cebu Pacific,PPS-PPS,2023,2,199.64,100.0,10000.0,3726.44,3470.49,310,344
Cebu Pacific,RXS-MNL,2023,2,4036.2,39.68,3640.62,3640.72,3699.49,63,4852
Cebu Pacific,TAC-MNL,2023,2,20181.0,37.03,3513.86,3243.09,3699.49,398,4852
Cebu Pacific,TAG-MNL,2023,2,27118.056,68.06,5185.12,5021.91,3699.49,236,4852
Cebu Pacific,TUG-MNL,2023,2,8395.296,100.0,10000.0,10000.0,3699.49,52,4852
Cebu Pacific,TWT-ZAM,2023,2,4520.544,75.68,6318.92,5810.59,6121.88,45,76
Cebu Pacific,VRC-MNL,2023,2,4359.096,100.0,10000.0,10000.0,3699.49,27,4852
Cebu Pacific,ZAM-CEB,2023,2,4520.544,75.39,6289.3,5452.27,3188.02,218,1644
Cebu Pacific,ZAM-MNL,2023,2,12308.24,59.47,5179.36,5452.27,3699.49,218,4852
Cebu Pacific,ZAM-TWT,2023,2,4520.544,73.68,6121.48,5452.27,5678.47,218,46
Philippine Airlines,BCD-CEB,2023,2,1990.156,83.31,7219.11,3710.75,3188.02,446,1644
Philippine Airlines,BCD-MNL,2023,2,20099.31,32.74,3724.74,3710.75,3699.49,446,4852
Philippine Airlines,BPA-CEB,2023,2,430.304,100.0,10000.0,10000.0,3188.02,8,1644
Philippine Airlines,BXU-CEB,2023,2,1290.912,48.57,5004.09,4947.11,3188.02,207,1644
Philippine Airlines,BXU-MNL,2023,2,7243.978,30.92,5728.09,4947.11,3699.49,207,4852
Philippine Airlines,CBO-CEB,2023,2,376.516,100.0,10000.0,10000.0,3188.02,40,1644
Philippine Airlines,CBO-MNL,2023,2,3678.15,100.0,10000.0,10000.0,3699.49,40,4852
Philippine Airlines,CBO-TWT,2023,2,430.304,100.0,10000.0,10000.0,5678.47,40,46
Philippine Airlines,CEB-BCD,2023,2,2097.732,84.03,7316.08,3219.89,3608.59,1650,403
Philippine Airlines,CEB-BPA,2023,2,430.304,100.0,10000.0,3219.89,10000.0,1650,8
Philippine Airlines,CEB-BXU,2023,2,1237.124,57.58,5114.91,3219.89,5116.27,1650,198
Philippine Airlines,CEB-CBO,2023,2,430.304,100.0,10000.0,3219.89,10000.0,1650,40
Philippine Airlines,CEB-CEB,2023,2,53.788,100.0,10000.0,3219.89,3188.02,1650,1644
Philippine Airlines,CEB-CGY,2023,2,3657.584,44.43,4369.64,3219.89,3161.39,1650,426
Philippine Airlines,CEB-DVO,2023,2,8166.284,31.09,5715.18,3219.89,5528.37,1650,580
Philippine Airlines,CEB-IAO,2023,2,3065.916,49.92,5000.01,3219.89,5547.45,1650,205
Philippine Airlines,CEB-ILO,2023,2,3334.856,53.45,5023.8,3219.89,3329.81,1650,522
Philippine Airlines,CEB-MNL,2023,2,33601.68,35.01,3458.89,3219.89,3699.49,1650,4852
Philippine Airlines,CEB-MPH,2023,2,6767.796,62.16,5295.73,3219.89,3806.74,1650,483
Philippine Airlines,CEB-PPS,2023,2,3119.704,100.0,10000.0,3219.89,3470.49,1650,344
Philippine Airlines,CEB-TAC,2023,2,1828.792,65.38,5473.09,3219.89,3429.35,1650,302
Philippine Airlines,CEB-USU,2023,2,2958.34,64.98,5448.8,3219.89,5138.77,1650,139
Philippine Airlines,CGY-CEB,2023,2,3603.796,44.06,4368.71,3235.93,3188.02,448,1644
Philippine Airlines,CGY-MNL,2023,2,18436.628,39.71,3702.45,3235.93,3699.49,448,4852
Philippine Airlines,CRM-MNL,2023,2,591.668,100.0,10000.0,10000.0,3699.49,11,4852
Philippine Airlines,CYP-MNL,2023,2,591.668,100.0,10000.0,5025.89,3699.49,23,4852
Philippine Airlines,DGT-MNL,2023,2,6914.922,37.6,5307.52,5307.52,3699.49,125,4852
Philippine Airlines,DPL-MNL,2023,2,3678.15,39.06,5239.37,5239.26,3699.49,64,4852
Philippine Airlines,DRP-MNL,2023,2,9110.738,48.03,5007.76,5007.75,3699.49,134,4852
Philippine Airlines,DVO-CEB,2023,2,8273.86,33.03,5575.96,5271.83,3188.02,602,1644
Philippine Airlines,DVO-MNL,2023,2,24177.706,36.26,5377.58,5271.83,3699.49,602,4852
Philippine Airlines,DVO-TAG,2023,2,1075.76,100.0,10000.0,5271.83,3929.22,602,238
Philippine Airlines,EUQ-MNL,2023,2,591.668,100.0,10000.0,10000.0,3699.49,11,4852
Philippine Airlines,GES-MNL,2023,2,8871.856,34.73,5466.35,5948.25,3699.49,152,4852
Philippine Airlines,IAO-CEB,2023,2,2689.4,54.14,5034.28,5446.64,3188.02,154,1644
Philippine Airlines,IAO-MNL,2023,2,2796.976,100.0,10000.0,5446.64,3699.49,154,4852
Philippine Airlines,ILO-CEB,2023,2,3119.704,50.36,5000.26,3179.49,3188.02,535,1644
Philippine Airlines,ILO-MNL,2023,2,17383.016,26.27,3453.58,3179.49,3699.49,535,4852
Philippine Airlines,LAO-MNL,2023,2,7742.308,100.0,10000.0,10000.0,3699.49,46,4852
Philippine Airlines,MNL-BCD,2023,2,17490.592,31.93,3625.01,3790.51,3608.59,4408,403
Philippine Airlines,MNL-BSO,2023,2,1290.912,100.0,10000.0,3790.51,10000.0,4408,24
Philippine Airlines,MNL-BXU,2023,2,7243.978,30.92,5728.09,3790.51,5116.27,4408,198
Philippine Airlines,MNL-CBO,2023,2,3531.024,100.0,10000.0,3790.51,10000.0,4408,40
Philippine Airlines,MNL-CEB,2023,2,38159.422,40.07,3425.25,3790.51,3188.02,4408,1644
Philippine Airlines,MNL-CGY,2023,2,15052.73,34.97,3695.13,3790.51,3161.39,4408,426
Philippine Airlines,MNL-CRM,2023,2,645.456,100.0,10000.0,3790.51,10000.0,4408,12
Philippine Airlines,MNL-CYP,2023,2,591.668,100.0,10000.0,3790.51,5025.89,4408,23
Philippine Airlines,MNL-DGT,2023,2,7062.048,32.43,5617.41,3790.51,5617.24,4408,148
Philippine Airlines,MNL-DPL,2023,2,3825.276,40.0,5200.0,3790.51,5200.0,4408,65
Philippine Airlines,MNL-DRP,2023,2,9311.652,48.58,5004.03,3790.51,5004.05,4408,136
Philippine Airlines,MNL-DVO,2023,2,19327.294,31.26,5702.38,3790.51,5528.37,4408,580
Philippine Airlines,MNL-EUQ,2023,2,645.456,100.0,10000.0,3790.51,10000.0,4408,12
Philippine Airlines,MNL-GES,2023,2,9219.896,35.11,5443.42,3790.51,5908.81,4408,155
Philippine Airlines,MNL-IAO,2023,2,4410.616,100.0,10000.0,3790.51,5547.45,4408,205
Philippine Airlines,MNL-ILO,2023,2,17436.804,27.61,3596.09,3790.51,3329.81,4408,522
Philippine Airlines,MNL-LAO,2023,2,7742.308,100.0,10000.0,3790.51,10000.0,4408,46
Philippine Airlines,MNL-MPH,2023,2,16497.096,29.11,3789.8,3790.51,3806.74,4408,483
Philippine Airlines,MNL-OZC,2023,2,3383.898,37.1,5332.82,3790.51,4113.43,4408,89
Philippine Airlines,MNL-PPS,2023,2,12798.38,28.0,3524.9,3790.51,3470.49,4408,344
Philippine Airlines,MNL-RXS,2023,2,3972.402,42.19,3657.24,3790.51,3657.23,4408,64
Philippine Airlines,MNL-TAC,2023,2,14940.408,39.89,3540.45,3790.51,3429.35,4408,302
Philippine Airlines,MNL-TAG,2023,2,7626.822,21.49,4030.91,3790.51,3929.22,4408,238
Philippine Airlines,MNL-USU,2023,2,1506.064,48.57,5004.09,3790.51,5138.77,4408,139
Philippine Airlines,MNL-ZAM,2023,2,1618.386,100.0,10000.0,3790.51,6121.88,4408,76
Philippine Airlines,MPH-CEB,2023,2,6767.796,62.16,5295.73,3346.72,3188.02,642,1644
Philippine Airlines,MPH-MNL,2023,2,23652.482,29.51,3355.53,3346.72,3699.49,642,4852
Philippine Airlines,OZC-MNL,2023,2,3236.772,36.07,5388.09,3875.42,3699.49,99,4852
Philippine Airlines,PPS-CEB,2023,2,1452.276,100.0,10000.0,3726.44,3188.02,310,1644
Philippine Airlines,PPS-MNL,2023,2,17145.716,37.37,3714.49,3726.44,3699.49,310,4852
Philippine Airlines,RXS-MNL,2023,2,3825.276,41.27,3640.62,3640.72,3699.49,63,4852
Philippine Airlines,TAC-CEB,2023,2,1990.156,56.41,5082.18,3243.09,3188.02,398,1644
Philippine Airlines,TAC-MNL,2023,2,11192.65,22.54,3513.86,3243.09,3699.49,398,4852
Philippine Airlines,TAG-DVO,2023,2,1021.972,100.0,10000.0,5021.91,5528.37,236,580
Philippine Airlines,TAG-MNL,2023,2,7479.696,20.6,5185.12,5021.91,3699.49,236,4852
Philippine Airlines,TWT-CBO,2023,2,430.304,100.0,10000.0,5810.59,10000.0,45,40
Philippine Airlines,TWT-ZAM,2023,2,1324.134,24.32,6318.92,5810.59,6121.88,45,76
Philippine Airlines,USU-CEB,2023,2,2958.34,64.98,5448.8,5140.59,3188.02,186,1644
Philippine Airlines,USU-MNL,2023,2,1344.7,23.24,6432.2,5140.59,3699.49,186,4852
Philippine Airlines,ZAM-CEB,2023,2,1344.7,24.61,6289.3,5452.27,3188.02,218,1644
Philippine Airlines,ZAM-MNL,2023,2,7642.642,40.53,5179.36,5452.27,3699.49,218,4852
Philippine Airlines,ZAM-TWT,2023,2,1471.26,26.32,6121.48,5452.27,5678.47,218,46
AirAsia,BCD-MNL,2023,3,14887.44,21.21,3669.16,3676.26,3676.44,482,5333
AirAsia,CEB-MNL,2023,3,28803.96,25.46,3441.11,3156.9,3676.44,1708,5333
AirAsia,CGY-MNL,2023,3,8252.82,16.2,3833.72,3119.08,3676.44,482,5333
AirAsia,CRK-MNL,2023,3,200.1,50.0,5000.0,3952.76,3676.44,5,5333
AirAsia,ILO-MNL,2023,3,25353.54,32.85,3420.94,3199.84,3676.44,560,5333
AirAsia,KLO-MNL,2023,3,15049.26,75.61,6311.74,6311.72,3676.44,123,5333
AirAsia,MNL-BCD,2023,3,15049.26,23.81,3552.71,3763.64,3551.6,4846,436
AirAsia,MNL-CEB,2023,3,28965.78,26.48,3356.83,3763.64,3009.14,4846,1720
AirAsia,MNL-CGY,2023,3,8091.0,17.38,3922.36,3763.64,3104.74,4846,452
AirAsia,MNL-ILO,2023,3,19742.04,26.99,3518.04,3763.64,3303.08,4846,543
AirAsia,MNL-KLO,2023,3,15049.26,94.9,9032.02,3763.64,9031.65,4846,98
AirAsia,MNL-MPH,2023,3,14725.62,18.39,4217.65,3763.64,4280.23,4846,596
AirAsia,MNL-PPS,2023,3,15049.26,28.12,3526.21,3763.64,3461.21,4846,375
AirAsia,MNL-RXS,2023,3,2103.66,18.57,3661.29,3763.64,3661.22,4846,70
AirAsia,MNL-TAC,2023,3,9547.38,22.03,3537.04,3763.64,3421.85,4846,318
AirAsia,MNL-TAG,2023,3,10032.84,23.7,3927.81,3763.64,3856.97,4846,258
AirAsia,MPH-MNL,2023,3,32849.46,31.23,3466.97,3489.95,3676.44,753,5333
AirAsia,PPS-MNL,2023,3,10032.84,18.63,3696.1,3710.1,3676.44,338,5333
AirAsia,RXS-MNL,2023,3,2103.66,18.31,3672.7,3671.89,3676.44,71,5333
AirAsia,TAC-MNL,2023,3,23625.72,41.03,3574.79,3279.74,3676.44,420,5333
AirAsia,TAG-MNL,2023,3,6149.16,13.74,4815.71,4704.93,3676.44,266,5333
AirSWIFT,MNL-PPS,2023,3,117.216,0.23,3526.21,3763.64,3461.21,4846,375
Cebgo,BCD-CEB,2023,3,351.648,16.14,7293.0,3676.26,3009.14,482,1720
Cebgo,BXU-CEB,2023,3,1992.672,70.59,5847.9,4641.32,3009.14,193,1720
Cebgo,CEB-BCD,2023,3,410.256,17.48,7115.1,3156.9,3551.6,1708,436
Cebgo,CEB-BXU,2023,3,1172.16,72.58,6019.71,3156.9,4953.87,1708,173
Cebgo,CEB-CGY,2023,3,6036.624,62.58,5008.38,3156.9,3104.74,1708,452
Cebgo,CEB-CRK,2023,3,117.216,100.0,10000.0,3156.9,10000.0,1708,2
Cebgo,CEB-CYP,2023,3,879.12,100.0,10000.0,3156.9,5096.94,1708,27
Cebgo,CEB-DGT,2023,3,410.256,100.0,10000.0,3156.9,5619.33,1708,152
Cebgo,CEB-IAO,2023,3,3575.088,52.26,5010.22,3156.9,5436.81,1708,224
Cebgo,CEB-ILO,2023,3,2754.576,50.39,5000.3,3156.9,3303.08,1708,543
Cebgo,CEB-OZC,2023,3,937.728,100.0,10000.0,3156.9,4385.09,1708,85
Cebgo,CEB-PAG,2023,3,2344.32,100.0,10000.0,3156.9,6706.66,1708,99
Cebgo,CEB-SUG,2023,3,234.432,100.0,10000.0,3156.9,10000.0,1708,4
Cebgo,CEB-TAC,2023,3,879.12,31.21,5706.13,3156.9,3421.85,1708,318
Cebgo,CEB-USU,2023,3,1699.632,33.48,5545.82,3156.9,5135.11,1708,151
Cebgo,CGY-CEB,2023,3,6212.448,63.61,5075.28,3119.08,3009.14,482,1720
Cebgo,CGY-DVO,2023,3,820.512,100.0,10000.0,3119.08,5457.65,482,623
Cebgo,CRK-CEB,2023,3,117.216,43.64,5080.9,3952.76,3009.14,5,1720
Cebgo,CYP-CEB,2023,3,879.12,100.0,10000.0,5096.94,3009.14,27,1720
Cebgo,DGT-CEB,2023,3,351.648,100.0,10000.0,5072.72,3009.14,121,1720
Cebgo,DVO-CGY,2023,3,879.12,100.0,10000.0,5201.48,3104.74,645,452
Cebgo,DVO-IAO,2023,3,879.12,100.0,10000.0,5201.48,5436.81,645,224
Cebgo,IAO-CEB,2023,3,2930.4,48.15,5006.84,5272.09,3009.14,173,1720
Cebgo,IAO-DVO,2023,3,820.512,100.0,10000.0,5272.09,5457.65,173,623
Cebgo,ILO-CEB,2023,3,2754.576,50.9,5001.62,3199.84,3009.14,560,1720
Cebgo,MNL-CEB,2023,3,761.904,0.74,3356.83,3763.64,3009.14,4846,1720
Cebgo,MNL-MPH,2023,3,1816.848,2.43,4217.65,3763.64,4280.23,4846,596
Cebgo,MNL-USU,2023,3,1875.456,53.88,5030.11,3763.64,5135.11,4846,151
Cebgo,MNL-WNP,2023,3,3223.44,100.0,10000.0,3763.64,10000.0,4846,55
Cebgo,MPH-CEB,2023,3,234.432,2.56,5060.85,3489.95,3009.14,753,1720
Cebgo,MPH-MNL,2023,3,1816.848,1.85,3466.97,3489.95,3676.44,753,5333
Cebgo,OZC-CEB,2023,3,2285.712,100.0,10000.0,3773.77,3009.14,108,1720
Cebgo,PAG-CEB,2023,3,2227.104,100.0,10000.0,6805.26,3009.14,97,1720
Cebgo,SUG-CEB,2023,3,234.432,100.0,10000.0,10000.0,3009.14,4,1720
Cebgo,TAC-CEB,2023,3,1816.848,49.87,5000.03,3279.74,3009.14,420,1720
Cebgo,USU-CEB,2023,3,2344.32,43.06,5096.33,5302.77,3009.14,210,1720
Cebgo,USU-MNL,2023,3,5157.504,78.18,6588.22,5302.77,3676.44,210,5333
Cebgo,WNP-MNL,2023,3,3106.224,100.0,10000.0,10000.0,3676.44,53,5333
Cebu Pacific,BCD-DVO,2023,3,2271.06,100.0,10000.0,3676.26,5457.65,482,623
Cebu Pacific,BCD-MNL,2023,3,30866.88,46.99,3669.16,3676.26,3676.44,482,5333
Cebu Pacific,BXU-MNL,2023,3,14534.784,66.96,5575.28,4641.32,3676.44,193,5333
Cebu Pacific,CEB-CGY,2023,3,454.212,4.71,5008.38,3156.9,3104.74,1708,452
Cebu Pacific,CEB-DVO,2023,3,20742.348,80.58,6870.27,3156.9,5457.65,1708,623
Cebu Pacific,CEB-GES,2023,3,5183.552,100.0,10000.0,3156.9,5773.84,1708,174
Cebu Pacific,CEB-MNL,2023,3,42336.14,39.99,3441.11,3156.9,3676.44,1708,5333
Cebu Pacific,CEB-MPH,2023,3,5753.352,63.33,5355.38,3156.9,4280.23,1708,596
Cebu Pacific,CEB-PPS,2023,3,454.212,11.36,7986.1,3156.9,3461.21,1708,375
Cebu Pacific,CEB-ZAM,2023,3,4693.524,100.0,10000.0,3156.9,5809.22,1708,87
Cebu Pacific,CGY-CEB,2023,3,454.212,4.65,5075.28,3119.08,3009.14,482,1720
Cebu Pacific,CGY-MNL,2023,3,22580.36,47.38,3833.72,3119.08,3676.44,482,5333
Cebu Pacific,CRK-CEB,2023,3,151.404,56.36,5080.9,3952.76,3009.14,5,1720
Cebu Pacific,CRK-MNL,2023,3,187.22,50.0,5000.0,3952.76,3676.44,5,5333
Cebu Pacific,CYZ-MNL,2023,3,4390.716,100.0,10000.0,10000.0,3676.44,29,5333
Cebu Pacific,DGT-MNL,2023,3,10749.684,61.74,5275.66,5072.72,3676.44,121,5333
Cebu Pacific,DPL-MNL,2023,3,6056.16,58.82,5155.58,5155.71,3676.44,68,5333
Cebu Pacific,DRP-MNL,2023,3,10749.684,49.99,5000.0,5000.0,3676.44,149,5333
Cebu Pacific,DVO-BCD,2023,3,2271.06,100.0,10000.0,5201.48,3551.6,645,436
Cebu Pacific,DVO-CEB,2023,3,19076.904,79.06,6688.97,5201.48,3009.14,645,1720
Cebu Pacific,DVO-MNL,2023,3,43233.168,58.51,5144.84,5201.48,3676.44,645,5333
Cebu Pacific,GES-CEB,2023,3,5183.552,100.0,10000.0,5763.8,3009.14,173,1720
Cebu Pacific,GES-ILO,2023,3,2573.868,100.0,10000.0,5763.8,3303.08,173,543
Cebu Pacific,GES-MNL,2023,3,17184.354,61.14,5248.2,5763.8,3676.44,173,5333
Cebu Pacific,ILO-GES,2023,3,2573.868,100.0,10000.0,3199.84,5773.84,560,174
Cebu Pacific,ILO-MNL,2023,3,29017.472,40.18,3420.94,3199.84,3676.44,560,5333
Cebu Pacific,KLO-MNL,2023,3,4542.12,24.39,6311.74,6311.72,3676.44,123,5333
Cebu Pacific,MNL-BCD,2023,3,26341.04,44.55,3552.71,3763.64,3551.6,4846,436
Cebu Pacific,MNL-BXU,2023,3,14534.784,66.5,5544.5,3763.64,4953.87,4846,173
Cebu Pacific,MNL-CEB,2023,3,35389.464,34.57,3356.83,3763.64,3009.14,4846,1720
Cebu Pacific,MNL-CGY,2023,3,22428.956,51.49,3922.36,3763.64,3104.74,4846,452
Cebu Pacific,MNL-CYZ,2023,3,4542.12,100.0,10000.0,3763.64,10000.0,4846,30
Cebu Pacific,MNL-DGT,2023,3,15443.208,70.34,5827.43,3763.64,5619.33,4846,152
Cebu Pacific,MNL-DPL,2023,3,6358.968,59.15,5167.44,3763.64,5167.63,4846,71
Cebu Pacific,MNL-DRP,2023,3,10295.472,49.04,5001.84,3763.64,5001.83,4846,145
Cebu Pacific,MNL-DVO,2023,3,43161.536,62.99,5337.48,3763.64,5457.65,4846,623
Cebu Pacific,MNL-GES,2023,3,17335.758,61.34,5257.19,3763.64,5773.84,4846,174
Cebu Pacific,MNL-ILO,2023,3,30380.108,44.39,3518.04,3763.64,3303.08,4846,543
Cebu Pacific,MNL-KLO,2023,3,757.02,5.1,9032.02,3763.64,9031.65,4846,98
Cebu Pacific,MNL-MPH,2023,3,44058.564,58.81,4217.65,3763.64,4280.23,4846,596
Cebu Pacific,MNL-OZC,2023,3,6056.16,57.97,5127.04,3763.64,4385.09,4846,85
Cebu Pacific,MNL-PAG,2023,3,8932.836,100.0,10000.0,3763.64,6706.66,4846,99
Cebu Pacific,MNL-PPS,2023,3,22539.66,45.02,3526.21,3763.64,3461.21,4846,375
Cebu Pacific,MNL-RXS,2023,3,4239.312,40.0,3661.29,3763.64,3661.22,4846,70
Cebu Pacific,MNL-TAC,2023,3,16805.844,41.44,3537.04,3763.64,3421.85,4846,318
Cebu Pacific,MNL-TAG,2023,3,21085.856,53.23,3927.81,3763.64,3856.97,4846,258
Cebu Pacific,MNL-TUG,2023,3,9084.24,100.0,10000.0,3763.64,10000.0,4846,60
Cebu Pacific,MNL-VRC,2023,3,4693.524,100.0,10000.0,3763.64,10000.0,4846,31
Cebu Pacific,MPH-CEB,2023,3,5601.948,61.11,5060.85,3489.95,3009.14,753,1720
Cebu Pacific,MPH-MNL,2023,3,43907.16,44.61,3466.97,3489.95,3676.44,753,5333
Cebu Pacific,OZC-MNL,2023,3,6056.16,57.97,5127.04,3773.77,3676.44,108,5333
Cebu Pacific,PAG-MNL,2023,3,8932.836,100.0,10000.0,6805.26,3676.44,97,5333
Cebu Pacific,PPS-CEB,2023,3,454.212,20.93,6690.13,3710.1,3009.14,338,1720
Cebu Pacific,PPS-MNL,2023,3,22691.064,45.03,3696.1,3710.1,3676.44,338,5333
Cebu Pacific,RXS-MNL,2023,3,4390.716,40.85,3672.7,3671.89,3676.44,71,5333
Cebu Pacific,TAC-MNL,2023,3,20590.944,38.22,3574.79,3279.74,3676.44,420,5333
Cebu Pacific,TAG-MNL,2023,3,26969.448,64.42,4815.71,4704.93,3676.44,266,5333
Cebu Pacific,TUG-MNL,2023,3,8932.836,100.0,10000.0,10000.0,3676.44,59,5333
Cebu Pacific,TWT-ZAM,2023,3,4542.12,69.77,5781.71,5502.35,5809.22,50,87
Cebu Pacific,VRC-MNL,2023,3,3936.504,100.0,10000.0,10000.0,3676.44,26,5333
Cebu Pacific,ZAM-CEB,2023,3,4542.12,75.94,6345.77,5482.45,3009.14,236,1720
Cebu Pacific,ZAM-MNL,2023,3,12566.532,60.92,5238.49,5482.45,3676.44,236,5333
Cebu Pacific,ZAM-TWT,2023,3,4693.524,70.45,5836.41,5482.45,5516.06,236,52
Philippine Airlines,BCD-CEB,2023,3,1775.004,83.86,7293.0,3676.26,3009.14,482,1720
Philippine Airlines,BCD-MNL,2023,3,20295.478,31.8,3669.16,3676.26,3676.44,482,5333
Philippine Airlines,BPA-CEB,2023,3,484.092,100.0,10000.0,10000.0,3009.14,9,1720
Philippine Airlines,BXU-CEB,2023,3,806.82,29.41,5847.9,4641.32,3009.14,193,1720
Philippine Airlines,BXU-MNL,2023,3,6968.71,33.04,5575.28,4641.32,3676.44,193,5333
Philippine Airlines,CBO-CEB,2023,3,376.516,100.0,10000.0,10000.0,3009.14,43,1720
Philippine Airlines,CBO-MNL,2023,3,4119.528,100.0,10000.0,10000.0,3676.44,43,5333
Philippine Airlines,CBO-TWT,2023,3,430.304,100.0,10000.0,10000.0,5516.06,43,52
Philippine Airlines,CEB-BCD,2023,3,1882.58,82.52,7115.1,3156.9,3551.6,1708,436
Philippine Airlines,CEB-BPA,2023,3,484.092,100.0,10000.0,3156.9,10000.0,1708,9
Philippine Airlines,CEB-BXU,2023,3,430.304,27.42,6019.71,3156.9,4953.87,1708,173
Philippine Airlines,CEB-CBO,2023,3,430.304,100.0,10000.0,3156.9,10000.0,1708,43
Philippine Airlines,CEB-CGY,2023,3,3065.916,32.71,5008.38,3156.9,3104.74,1708,452
Philippine Airlines,CEB-DVO,2023,3,4856.74,19.42,6870.27,3156.9,5457.65,1708,623
Philippine Airlines,CEB-IAO,2023,3,3173.492,47.74,5010.22,3156.9,5436.81,1708,224
Philippine Airlines,CEB-ILO,2023,3,2635.612,49.61,5000.3,3156.9,3303.08,1708,543
Philippine Airlines,CEB-MNL,2023,3,35547.54,34.55,3441.11,3156.9,3676.44,1708,5333
Philippine Airlines,CEB-MPH,2023,3,3236.772,36.67,5355.38,3156.9,4280.23,1708,596
Philippine Airlines,CEB-PPS,2023,3,3442.432,88.64,7986.1,3156.9,3461.21,1708,375
Philippine Airlines,CEB-TAC,2023,3,1882.58,68.79,5706.13,3156.9,3421.85,1708,318
Philippine Airlines,CEB-USU,2023,3,3281.068,66.52,5545.82,3156.9,5135.11,1708,151
Philippine Airlines,CGY-CEB,2023,3,3012.128,31.74,5075.28,3119.08,3009.14,482,1720
Philippine Airlines,CGY-MNL,2023,3,16870.448,36.42,3833.72,3119.08,3676.44,482,5333
Philippine Airlines,CRM-MNL,2023,3,645.456,100.0,10000.0,10000.0,3676.44,12,5333
Philippine Airlines,CYP-MNL,2023,3,645.456,100.0,10000.0,5096.94,3676.44,27,5333
Philippine Airlines,DGT-MNL,2023,3,6473.544,38.26,5275.66,5072.72,3676.44,121,5333
Philippine Airlines,DPL-MNL,2023,3,4119.528,41.18,5155.58,5155.71,3676.44,68,5333
Philippine Airlines,DRP-MNL,2023,3,10449.11,50.01,5000.0,5000.0,3676.44,149,5333
Philippine Airlines,DVO-CEB,2023,3,4910.528,20.94,6688.97,5201.48,3009.14,645,1720
Philippine Airlines,DVO-MNL,2023,3,29787.478,41.49,5144.84,5201.48,3676.44,645,5333
Philippine Airlines,DVO-TAG,2023,3,914.396,100.0,10000.0,5201.48,3856.97,645,258
Philippine Airlines,EUQ-MNL,2023,3,591.668,100.0,10000.0,10000.0,3676.44,11,5333
Philippine Airlines,GES-MNL,2023,3,10615.22,38.86,5248.2,5763.8,3676.44,173,5333
Philippine Airlines,IAO-CEB,2023,3,3065.916,51.85,5006.84,5272.09,3009.14,173,1720
Philippine Airlines,IAO-IAO,2023,3,53.788,100.0,10000.0,5272.09,5436.81,173,224
Philippine Airlines,IAO-MNL,2023,3,2743.188,100.0,10000.0,5272.09,3676.44,173,5333
Philippine Airlines,ILO-CEB,2023,3,2581.824,49.1,5001.62,3199.84,3009.14,560,1720
Philippine Airlines,ILO-MNL,2023,3,18927.048,26.97,3420.94,3199.84,3676.44,560,5333
Philippine Airlines,LAO-MNL,2023,3,8547.546,100.0,10000.0,10000.0,3676.44,51,5333
Philippine Airlines,MNL-BCD,2023,3,18178.762,31.64,3552.71,3763.64,3551.6,4846,436
Philippine Airlines,MNL-BSO,2023,3,1613.64,100.0,10000.0,3763.64,10000.0,4846,30
Philippine Airlines,MNL-BXU,2023,3,7115.836,33.5,5544.5,3763.64,4953.87,4846,173
Philippine Airlines,MNL-CBO,2023,3,4119.528,100.0,10000.0,3763.64,10000.0,4846,43
Philippine Airlines,MNL-CEB,2023,3,38007.55,38.21,3356.83,3763.64,3009.14,4846,1720
Philippine Airlines,MNL-CGY,2023,3,13178.06,31.13,3922.36,3763.64,3104.74,4846,452
Philippine Airlines,MNL-CRM,2023,3,645.456,100.0,10000.0,3763.64,10000.0,4846,12
Philippine Airlines,MNL-CYP,2023,3,645.456,100.0,10000.0,3763.64,5096.94,4846,27
Philippine Airlines,MNL-DGT,2023,3,6326.418,29.66,5827.43,3763.64,5619.33,4846,152
Philippine Airlines,MNL-DPL,2023,3,4266.654,40.85,5167.44,3763.64,5167.63,4846,71
Philippine Airlines,MNL-DRP,2023,3,10395.322,50.96,5001.84,3763.64,5001.83,4846,145
Philippine Airlines,MNL-DVO,2023,3,24642.814,37.01,5337.48,3763.64,5457.65,4846,623
Philippine Airlines,MNL-EUQ,2023,3,699.244,100.0,10000.0,3763.64,10000.0,4846,13
Philippine Airlines,MNL-GES,2023,3,10615.22,38.66,5257.19,3763.64,5773.84,4846,174
Philippine Airlines,MNL-IAO,2023,3,4733.344,100.0,10000.0,3763.64,5436.81,4846,224
Philippine Airlines,MNL-ILO,2023,3,19034.624,28.62,3518.04,3763.64,3303.08,4846,543
Philippine Airlines,MNL-LAO,2023,3,8365.616,100.0,10000.0,3763.64,10000.0,4846,50
Philippine Airlines,MNL-MNL,2023,3,107.576,100.0,10000.0,3763.64,3676.44,4846,5333
Philippine Airlines,MNL-MPH,2023,3,14829.668,20.37,4217.65,3763.64,4280.23,4846,596
Philippine Airlines,MNL-OZC,2023,3,4266.654,42.03,5127.04,3763.64,4385.09,4846,85
Philippine Airlines,MNL-PPS,2023,3,12950.252,26.62,3526.21,3763.64,3461.21,4846,375
Philippine Airlines,MNL-RXS,2023,3,4266.654,41.43,3661.29,3763.64,3661.22,4846,70
Philippine Airlines,MNL-TAC,2023,3,14394.618,36.53,3537.04,3763.64,3421.85,4846,318
Philippine Airlines,MNL-TAG,2023,3,8884.512,23.08,3927.81,3763.64,3856.97,4846,258
Philippine Airlines,MNL-USU,2023,3,1559.852,46.12,5030.11,3763.64,5135.11,4846,151
Philippine Airlines,MNL-ZAM,2023,3,1912.638,100.0,10000.0,3763.64,5809.22,4846,87
Philippine Airlines,MPH-CEB,2023,3,3236.772,36.33,5060.85,3489.95,3009.14,753,1720
Philippine Airlines,MPH-MNL,2023,3,21342.762,22.32,3466.97,3489.95,3676.44,753,5333
Philippine Airlines,OZC-MNL,2023,3,4266.654,42.03,5127.04,3773.77,3676.44,108,5333
Philippine Airlines,PPS-CEB,2023,3,1667.428,79.07,6690.13,3710.1,3009.14,338,1720
Philippine Airlines,PPS-MNL,2023,3,17800.664,36.35,3696.1,3710.1,3676.44,338,5333
Philippine Airlines,RXS-MNL,2023,3,4266.654,40.85,3672.7,3671.89,3676.44,71,5333
Philippine Airlines,TAC-CEB,2023,3,1775.004,50.13,5000.03,3279.74,3009.14,420,1720
Philippine Airlines,TAC-MNL,2023,3,10863.594,20.75,3574.79,3279.74,3676.44,420,5333
Philippine Airlines,TAG-DVO,2023,3,914.396,100.0,10000.0,4704.93,5457.65,266,623
Philippine Airlines,TAG-MNL,2023,3,8884.512,21.84,4815.71,4704.93,3676.44,266,5333
Philippine Airlines,TWT-CBO,2023,3,376.516,100.0,10000.0,5502.35,10000.0,50,43
Philippine Airlines,TWT-ZAM,2023,3,1912.638,30.23,5781.71,5502.35,5809.22,50,87
Philippine Airlines,USU-CEB,2023,3,3012.128,56.94,5096.33,5302.77,3009.14,210,1720
Philippine Airlines,USU-MNL,2023,3,1398.488,21.82,6588.22,5302.77,3676.44,210,5333
Philippine Airlines,ZAM-CEB,2023,3,1398.488,24.06,6345.77,5482.45,3009.14,236,1720
Philippine Airlines,ZAM-MNL,2023,3,7832.482,39.08,5238.49,5482.45,3676.44,236,5333
Philippine Airlines,ZAM-TWT,2023,3,1912.638,29.55,5836.41,5482.45,5516.06,236,52
AirAsia,BCD-MNL,2023,4,13585.44,21.86,3736.43,3654.94,3712.79,472,5219
AirAsia,CEB-MNL,2023,4,23002.62,20.11,3597.11,3165.85,3712.79,1714,5219
AirAsia,CGY-MNL,2023,4,9108.42,19.11,3722.2,2980.31,3712.79,460,5219
AirAsia,ILO-MNL,2023,4,23752.94,35.65,3441.84,3162.06,3712.79,539,5219
AirAsia,KLO-MNL,2023,4,13739.82,74.79,6229.09,6229.08,3712.79,119,5219
AirAsia,MNL-BCD,2023,4,13431.06,23.09,3685.36,3820.82,3593.73,4764,438
AirAsia,MNL-CEB,2023,4,23002.62,21.97,3543.78,3820.82,2987.2,4764,1740
AirAsia,MNL-CGY,2023,4,9108.42,20.6,3816.34,3820.82,2973.92,4764,436
AirAsia,MNL-ILO,2023,4,18371.22,29.72,3475.22,3820.82,3211.83,4764,520
AirAsia,MNL-KLO,2023,4,13431.06,74.36,6186.82,3820.82,6186.72,4764,117
AirAsia,MNL-MNL,2023,4,154.38,100.0,10000.0,3820.82,3712.79,4764,5219
AirAsia,MNL-MPH,2023,4,14048.58,18.67,3928.92,3820.82,4064.68,4764,622
AirAsia,MNL-PPS,2023,4,13431.06,27.15,3763.12,3820.82,3726.33,4764,355
AirAsia,MNL-RXS,2023,4,2006.94,17.02,3869.31,3820.82,3869.22,4764,77
AirAsia,MNL-TAC,2023,4,7255.86,20.52,3634.52,3820.82,3326.58,4764,274
AirAsia,MNL-TAG,2023,4,9262.8,24.52,4060.25,3820.82,3975.76,4764,244
AirAsia,MPH-MNL,2023,4,25009.56,27.39,3436.46,3437.44,3712.79,753,5219
AirAsia,PPS-MNL,2023,4,8954.04,17.38,3809.49,3865.33,3712.79,341,5219
AirAsia,RXS-MNL,2023,4,2006.94,16.8,3856.46,3856.27,3712.79,78,5219
AirAsia,TAC-MNL,2023,4,19143.12,39.87,3615.23,3231.33,3712.79,372,5219
AirAsia,TAG-MNL,2023,4,11115.36,24.85,4396.01,4288.14,3712.79,283,5219
AirSWIFT,MNL-PPS,2023,4,60.336,0.12,3763.12,3820.82,3726.33,4764,355
Cebgo,BCD-CEB,2023,4,1568.736,50.73,4555.23,3654.94,2987.2,472,1740
Cebgo,BXU-CEB,2023,4,3197.808,81.19,6945.63,4788.82,2987.2,217,1740
Cebgo,CEB-BCD,2023,4,1568.736,47.25,4564.32,3165.85,3593.73,1714,438
Cebgo,CEB-BXU,2023,4,1568.736,73.35,6090.44,3165.85,5346.91,1714,185
Cebgo,CEB-CEB,2023,4,120.672,43.64,5080.9,3165.85,2987.2,1714,1740
Cebgo,CEB-CGY,2023,4,6455.952,68.35,5574.44,3165.85,2973.92,1714,436
Cebgo,CEB-CRK,2023,4,603.36,100.0,10000.0,3165.85,4625.34,1714,39
Cebgo,CEB-CYP,2023,4,1146.384,100.0,10000.0,3165.85,5230.95,1714,32
Cebgo,CEB-DGT,2023,4,120.672,100.0,10000.0,3165.85,5383.48,1714,136
Cebgo,CEB-IAO,2023,4,3620.16,55.96,5071.04,3165.85,5463.71,1714,215
Cebgo,CEB-ILO,2023,4,3077.136,53.47,5024.08,3165.85,3211.83,1714,520
Cebgo,CEB-OZC,2023,4,1749.744,100.0,10000.0,3165.85,4390.46,1714,94
Cebgo,CEB-PAG,2023,4,2534.112,100.0,10000.0,3165.85,6442.87,1714,96
Cebgo,CEB-SUG,2023,4,482.688,100.0,10000.0,3165.85,10000.0,1714,8
Cebgo,CEB-TAC,2023,4,1749.744,65.74,5495.5,3165.85,3326.58,1714,274
Cebgo,CEB-USU,2023,4,1749.744,38.52,5263.58,3165.85,5205.01,1714,148
Cebgo,CGY-CEB,2023,4,6455.952,68.35,5574.44,2980.31,2987.2,460,1740
Cebgo,CGY-DVO,2023,4,1146.384,100.0,10000.0,2980.31,4924.53,460,668
Cebgo,CRK-CEB,2023,4,603.36,79.47,6736.96,4566.17,2987.2,41,1740
Cebgo,CYP-CEB,2023,4,1025.712,100.0,10000.0,5291.32,2987.2,28,1740
Cebgo,DVO-CGY,2023,4,1086.048,100.0,10000.0,4871.62,2973.92,669,436
Cebgo,DVO-IAO,2023,4,724.032,100.0,10000.0,4871.62,5463.71,669,215
Cebgo,IAO-CEB,2023,4,4283.856,60.06,5202.41,5057.52,2987.2,192,1740
Cebgo,IAO-DVO,2023,4,724.032,100.0,10000.0,5057.52,4924.53,192,668
Cebgo,ILO-CEB,2023,4,3137.472,55.58,5062.27,3162.06,2987.2,539,1740
Cebgo,MNL-MPH,2023,4,1568.736,2.06,3928.92,3820.82,4064.68,4764,622
Cebgo,MNL-USU,2023,4,1689.408,51.43,5004.09,3820.82,5205.01,4764,148
Cebgo,MNL-WNP,2023,4,3187.752,100.0,10000.0,3820.82,10000.0,4764,53
Cebgo,MPH-CEB,2023,4,1568.736,12.58,3992.09,3437.44,2987.2,753,1740
Cebgo,MPH-MNL,2023,4,1684.38,1.83,3436.46,3437.44,3712.79,753,5219
Cebgo,OZC-CEB,2023,4,3077.136,100.0,10000.0,3958.16,2987.2,115,1740
Cebgo,PAG-CEB,2023,4,2594.448,100.0,10000.0,6362.42,2987.2,96,1740
Cebgo,SUG-CEB,2023,4,482.688,100.0,10000.0,10000.0,2987.2,8,1740
Cebgo,TAC-CEB,2023,4,2594.448,71.67,5939.18,3231.33,2987.2,372,1740
Cebgo,USU-CEB,2023,4,2353.104,46.77,5020.87,5179.74,2987.2,210,1740
Cebgo,USU-MNL,2023,4,5007.888,76.5,6404.5,5179.74,3712.79,210,5219
Cebgo,WNP-MNL,2023,4,3011.772,100.0,10000.0,10000.0,3712.79,50,5219
Cebu Pacific,BCD-CEB,2023,4,155.868,5.04,4555.23,3654.94,2987.2,472,1740
Cebu Pacific,BCD-DVO,2023,4,3117.36,100.0,10000.0,3654.94,4924.53,472,668
Cebu Pacific,BCD-MNL,2023,4,30876.948,49.21,3736.43,3654.94,3712.79,472,5219
Cebu Pacific,BXU-MNL,2023,4,17457.216,74.17,6168.38,4788.82,3712.79,217,5219
Cebu Pacific,CEB-BCD,2023,4,155.868,4.69,4564.32,3165.85,3593.73,1714,438
Cebu Pacific,CEB-CGY,2023,4,155.868,1.65,5574.44,3165.85,2973.92,1714,436
Cebu Pacific,CEB-DVO,2023,4,14064.992,62.86,5330.76,3165.85,4924.53,1714,668
Cebu Pacific,CEB-GES,2023,4,5611.248,100.0,10000.0,3165.85,5671.64,1714,179
Cebu Pacific,CEB-MNL,2023,4,47130.796,40.81,3597.11,3165.85,3712.79,1714,5219
Cebu Pacific,CEB-MPH,2023,4,5922.984,55.1,5052.02,3165.85,4064.68,1714,622
Cebu Pacific,CEB-PPS,2023,4,1714.548,42.93,5099.97,3165.85,3726.33,1714,355
Cebu Pacific,CEB-ZAM,2023,4,4831.908,100.0,10000.0,3165.85,6449.7,1714,78
Cebu Pacific,CGY-CEB,2023,4,155.868,1.65,5574.44,2980.31,2987.2,460,1740
Cebu Pacific,CGY-MNL,2023,4,22612.592,46.98,3722.2,2980.31,3712.79,460,5219
Cebu Pacific,CRK-CEB,2023,4,155.868,20.53,6736.96,4566.17,2987.2,41,1740
Cebu Pacific,CRK-MPH,2023,4,2338.02,100.0,10000.0,4566.17,4064.68,41,622
Cebu Pacific,CYZ-MNL,2023,4,4676.04,100.0,10000.0,10000.0,3712.79,30,5219
Cebu Pacific,DGT-MNL,2023,4,9196.212,55.14,5052.84,5052.84,3712.79,107,5219
Cebu Pacific,DPL-MNL,2023,4,5767.116,59.68,5187.4,5187.3,3712.79,62,5219
Cebu Pacific,DRP-MNL,2023,4,9507.948,53.02,5018.24,5018.28,3712.79,129,5219
Cebu Pacific,DVO-BCD,2023,4,3117.36,100.0,10000.0,4871.62,3593.73,669,438
Cebu Pacific,DVO-CEB,2023,4,11103.5,57.96,5126.72,4871.62,2987.2,669,1740
Cebu Pacific,DVO-MNL,2023,4,45543.624,51.79,5006.41,4871.62,3712.79,669,5219
Cebu Pacific,GES-CEB,2023,4,5767.116,100.0,10000.0,5688.59,2987.2,177,1740
Cebu Pacific,GES-ILO,2023,4,2649.756,100.0,10000.0,5688.59,3211.83,177,520
Cebu Pacific,GES-MNL,2023,4,16141.556,58.9,5158.42,5688.59,3712.79,177,5219
Cebu Pacific,ILO-GES,2023,4,2649.756,100.0,10000.0,3162.06,5671.64,539,179
Cebu Pacific,ILO-MNL,2023,4,26422.14,39.28,3441.84,3162.06,3712.79,539,5219
Cebu Pacific,KLO-MNL,2023,4,4676.04,25.21,6229.09,6229.08,3712.79,119,5219
Cebu Pacific,MNL-BCD,2023,4,28371.328,48.32,3685.36,3820.82,3593.73,4764,438
Cebu Pacific,MNL-BXU,2023,4,17301.348,74.5,6200.5,3820.82,5346.91,4764,185
Cebu Pacific,MNL-CEB,2023,4,38174.252,36.12,3543.78,3820.82,2987.2,4764,1740
Cebu Pacific,MNL-CGY,2023,4,22612.592,50.65,3816.34,3820.82,2973.92,4764,436
Cebu Pacific,MNL-CYZ,2023,4,4676.04,100.0,10000.0,3820.82,10000.0,4764,30
Cebu Pacific,MNL-DGT,2023,4,13560.516,64.93,5445.81,3820.82,5383.48,4764,136
Cebu Pacific,MNL-DPL,2023,4,5922.984,62.3,5302.58,3820.82,5302.34,4764,61
Cebu Pacific,MNL-DRP,2023,4,9507.948,52.69,5014.47,3820.82,5014.46,4764,131
Cebu Pacific,MNL-DVO,2023,4,45617.368,54.06,5032.97,3820.82,4924.53,4764,668
Cebu Pacific,MNL-GES,2023,4,16453.292,58.95,5160.2,3820.82,5671.64,4764,179
Cebu Pacific,MNL-ILO,2023,4,26807.62,42.96,3475.22,3820.82,3211.83,4764,520
Cebu Pacific,MNL-KLO,2023,4,4676.04,25.64,6186.82,3820.82,6186.72,4764,117
Cebu Pacific,MNL-MPH,2023,4,41305.02,54.37,3928.92,3820.82,4064.68,4764,622
Cebu Pacific,MNL-OZC,2023,4,7014.06,69.23,5739.59,3820.82,4390.46,4764,94
Cebu Pacific,MNL-PAG,2023,4,8416.872,100.0,10000.0,3820.82,6442.87,4764,96
Cebu Pacific,MNL-PPS,2023,4,25062.904,50.17,3763.12,3820.82,3726.33,4764,355
Cebu Pacific,MNL-RXS,2023,4,5922.984,49.76,3869.31,3820.82,3869.22,4764,77
Cebu Pacific,MNL-TAC,2023,4,16054.404,44.98,3634.52,3820.82,3326.58,4764,274
Cebu Pacific,MNL-TAG,2023,4,21055.588,55.21,4060.25,3820.82,3975.76,4764,244
Cebu Pacific,MNL-TUG,2023,4,9352.08,100.0,10000.0,3820.82,10000.0,4764,60
Cebu Pacific,MNL-VRC,2023,4,4520.172,100.0,10000.0,3820.82,10000.0,4764,29
Cebu Pacific,MPH-CEB,2023,4,5767.116,46.23,3992.09,3437.44,2987.2,753,1740
Cebu Pacific,MPH-CRK,2023,4,2338.02,100.0,10000.0,3437.44,4625.34,753,39
Cebu Pacific,MPH-MNL,2023,4,41305.02,44.81,3436.46,3437.44,3712.79,753,5219
Cebu Pacific,OZC-MNL,2023,4,7014.06,70.31,5824.99,3958.16,3712.79,115,5219
Cebu Pacific,PAG-MNL,2023,4,8261.004,100.0,10000.0,6362.42,3712.79,96,5219
Cebu Pacific,PPS-CEB,2023,4,1870.416,63.34,5355.91,3865.33,2987.2,341,1740
Cebu Pacific,PPS-MNL,2023,4,25062.904,48.18,3809.49,3865.33,3712.79,341,5219
Cebu Pacific,RXS-MNL,2023,4,5922.984,49.12,3856.46,3856.27,3712.79,78,5219
Cebu Pacific,TAC-MNL,2023,4,19639.368,40.51,3615.23,3231.33,3712.79,372,5219
Cebu Pacific,TAG-MNL,2023,4,26837.788,59.42,4396.01,4288.14,3712.79,283,5219
Cebu Pacific,TUG-MNL,2023,4,9040.344,100.0,10000.0,10000.0,3712.79,58,5219
Cebu Pacific,TWT-ZAM,2023,4,4520.172,76.32,6385.48,5981.32,6449.7,44,78
Cebu Pacific,ZAM-CEB,2023,4,4520.172,81.5,6984.5,6290.42,2987.2,235,1740
Cebu Pacific,ZAM-MNL,2023,4,17358.332,73.09,6066.3,6290.42,3712.79,235,5219
Cebu Pacific,ZAM-TWT,2023,4,4676.04,78.95,6676.21,6290.42,6148.74,235,45
Philippine Airlines,BCD-CEB,2023,4,1290.912,44.23,4555.23,3654.94,2987.2,472,1740
Philippine Airlines,BCD-MNL,2023,4,17134.642,28.93,3736.43,3654.94,3712.79,472,5219
Philippine Airlines,BPA-CEB,2023,4,376.516,100.0,10000.0,10000.0,2987.2,7,1740
Philippine Airlines,BXU-CEB,2023,4,699.244,18.81,6945.63,4788.82,2987.2,217,1740
Philippine Airlines,BXU-MNL,2023,4,5737.914,25.83,6168.38,4788.82,3712.79,217,5219
Philippine Airlines,CBO-CEB,2023,4,430.304,100.0,10000.0,10000.0,2987.2,31,1740
Philippine Airlines,CBO-MNL,2023,4,2354.016,100.0,10000.0,10000.0,3712.79,31,5219
Philippine Airlines,CBO-TWT,2023,4,376.516,100.0,10000.0,10000.0,6148.74,31,45
Philippine Airlines,CEB-BCD,2023,4,1506.064,48.06,4564.32,3165.85,3593.73,1714,438
Philippine Airlines,CEB-BPA,2023,4,430.304,100.0,10000.0,3165.85,10000.0,1714,8
Philippine Airlines,CEB-BXU,2023,4,537.88,26.65,6090.44,3165.85,5346.91,1714,185
Philippine Airlines,CEB-CBO,2023,4,430.304,100.0,10000.0,3165.85,10000.0,1714,31
Philippine Airlines,CEB-CEB,2023,4,147.126,56.36,5080.9,3165.85,2987.2,1714,1740
Philippine Airlines,CEB-CGY,2023,4,2675.162,30.0,5574.44,3165.85,2973.92,1714,436
Philippine Airlines,CEB-DVO,2023,4,7843.556,37.14,5330.76,3165.85,4924.53,1714,668
Philippine Airlines,CEB-IAO,2023,4,2689.4,44.04,5071.04,3165.85,5463.71,1714,215
Philippine Airlines,CEB-ILO,2023,4,2528.036,46.53,5024.08,3165.85,3211.83,1714,520
Philippine Airlines,CEB-MNL,2023,4,42609.588,39.08,3597.11,3165.85,3712.79,1714,5219
Philippine Airlines,CEB-MPH,2023,4,4556.16,44.9,5052.02,3165.85,4064.68,1714,622
Philippine Airlines,CEB-PPS,2023,4,2151.52,57.07,5099.97,3165.85,3726.33,1714,355
Philippine Airlines,CEB-TAC,2023,4,860.608,34.26,5495.5,3165.85,3326.58,1714,274
Philippine Airlines,CEB-USU,2023,4,2635.612,61.48,5263.58,3165.85,5205.01,1714,148
Philippine Airlines,CGY-CEB,2023,4,2675.162,30.0,5574.44,2980.31,2987.2,460,1740
Philippine Airlines,CGY-MNL,2023,4,15408.68,33.91,3722.2,2980.31,3712.79,460,5219
Philippine Airlines,CRK-MNL,2023,4,147.126,100.0,10000.0,4566.17,3712.79,41,5219
Philippine Airlines,CRK-USU,2023,4,753.032,100.0,10000.0,4566.17,5205.01,41,148
Philippine Airlines,CRM-MNL,2023,4,645.456,100.0,10000.0,10000.0,3712.79,12,5219
Philippine Airlines,CYP-MNL,2023,4,591.668,100.0,10000.0,5291.32,3712.79,28,5219
Philippine Airlines,DGT-MNL,2023,4,7062.048,44.86,5052.84,5052.84,3712.79,107,5219
Philippine Airlines,DPL-MNL,2023,4,3678.15,40.32,5187.4,5187.3,3712.79,62,5219
Philippine Airlines,DRP-MNL,2023,4,7951.132,46.98,5018.24,5018.28,3712.79,129,5219
Philippine Airlines,DVO-CEB,2023,4,7603.092,42.04,5126.72,4871.62,2987.2,669,1740
Philippine Airlines,DVO-MNL,2023,4,40011.944,48.21,5006.41,4871.62,3712.79,669,5219
Philippine Airlines,DVO-TAG,2023,4,806.82,100.0,10000.0,4871.62,3975.76,669,244
Philippine Airlines,EUQ-MNL,2023,4,699.244,100.0,10000.0,10000.0,3712.79,13,5219
Philippine Airlines,GES-MNL,2023,4,10632.622,41.1,5158.42,5688.59,3712.79,177,5219
Philippine Airlines,IAO-CEB,2023,4,2689.4,39.94,5202.41,5057.52,2987.2,192,1740
Philippine Airlines,IAO-MNL,2023,4,3173.492,100.0,10000.0,5057.52,3712.79,192,5219
Philippine Airlines,ILO-CEB,2023,4,2366.672,44.42,5062.27,3162.06,2987.2,539,1740
Philippine Airlines,ILO-MNL,2023,4,15913.338,25.06,3441.84,3162.06,3712.79,539,5219
Philippine Airlines,LAO-MNL,2023,4,7785.022,100.0,10000.0,10000.0,3712.79,50,5219
Philippine Airlines,MNL-BCD,2023,4,15843.73,28.59,3685.36,3820.82,3593.73,4764,438
Philippine Airlines,MNL-BSO,2023,4,1613.64,100.0,10000.0,3820.82,10000.0,4764,30
Philippine Airlines,MNL-BXU,2023,4,5590.788,25.5,6200.5,3820.82,5346.91,4764,185
Philippine Airlines,MNL-CBO,2023,4,2501.142,100.0,10000.0,3820.82,10000.0,4764,31
Philippine Airlines,MNL-CEB,2023,4,41805.932,41.91,3543.78,3820.82,2987.2,4764,1740
Philippine Airlines,MNL-CGY,2023,4,12118.12,28.75,3816.34,3820.82,2973.92,4764,436
Philippine Airlines,MNL-CRM,2023,4,753.032,100.0,10000.0,3820.82,10000.0,4764,14
Philippine Airlines,MNL-CYP,2023,4,699.244,100.0,10000.0,3820.82,5230.95,4764,32
Philippine Airlines,MNL-DGT,2023,4,6914.922,35.07,5445.81,3820.82,5383.48,4764,136
Philippine Airlines,MNL-DPL,2023,4,3383.898,37.7,5302.58,3820.82,5302.34,4764,61
Philippine Airlines,MNL-DRP,2023,4,8058.708,47.31,5014.47,3820.82,5014.46,4764,131
Philippine Airlines,MNL-DVO,2023,4,36593.242,45.94,5032.97,3820.82,4924.53,4764,668
Philippine Airlines,MNL-EUQ,2023,4,699.244,100.0,10000.0,3820.82,10000.0,4764,13
Philippine Airlines,MNL-GES,2023,4,10814.552,41.05,5160.2,3820.82,5671.64,4764,179
Philippine Airlines,MNL-IAO,2023,4,5002.284,100.0,10000.0,3820.82,5463.71,4764,215
Philippine Airlines,MNL-ILO,2023,4,16088.94,27.32,3475.22,3820.82,3211.83,4764,520
Philippine Airlines,MNL-LAO,2023,4,7897.344,100.0,10000.0,3820.82,10000.0,4764,51
Philippine Airlines,MNL-MPH,2023,4,17857.616,24.9,3928.92,3820.82,4064.68,4764,622
Philippine Airlines,MNL-OZC,2023,4,2942.52,30.77,5739.59,3820.82,4390.46,4764,94
Philippine Airlines,MNL-PPS,2023,4,10638.95,22.56,3763.12,3820.82,3726.33,4764,355
Philippine Airlines,MNL-RXS,2023,4,3731.938,33.22,3869.31,3820.82,3869.22,4764,77
Philippine Airlines,MNL-TAC,2023,4,11622.954,34.5,3634.52,3820.82,3326.58,4764,274
Philippine Airlines,MNL-TAG,2023,4,7297.766,20.27,4060.25,3820.82,3975.76,4764,244
Philippine Airlines,MNL-USU,2023,4,1506.064,48.57,5004.09,3820.82,5205.01,4764,148
Philippine Airlines,MNL-ZAM,2023,4,1324.134,100.0,10000.0,3820.82,6449.7,4764,78
Philippine Airlines,MPH-CEB,2023,4,4850.412,41.19,3992.09,3437.44,2987.2,753,1740
Philippine Airlines,MPH-MNL,2023,4,22605.198,25.98,3436.46,3437.44,3712.79,753,5219
Philippine Airlines,OZC-MNL,2023,4,2795.394,29.69,5824.99,3958.16,3712.79,115,5219
Philippine Airlines,PPS-CEB,2023,4,1021.972,36.66,5355.91,3865.33,2987.2,341,1740
Philippine Airlines,PPS-MNL,2023,4,16909.998,34.44,3809.49,3865.33,3712.79,341,5219
Philippine Airlines,RXS-MNL,2023,4,3879.064,34.08,3856.46,3856.27,3712.79,78,5219
Philippine Airlines,TAC-CEB,2023,4,968.184,28.33,5939.18,3231.33,2987.2,372,1740
Philippine Airlines,TAC-MNL,2023,4,8974.686,19.61,3615.23,3231.33,3712.79,372,5219
Philippine Airlines,TAG-DVO,2023,4,860.608,100.0,10000.0,4288.14,4924.53,283,668
Philippine Airlines,TAG-MNL,2023,4,6709.262,15.74,4396.01,4288.14,3712.79,283,5219
Philippine Airlines,TWT-CBO,2023,4,322.728,100.0,10000.0,5981.32,10000.0,44,31
Philippine Airlines,TWT-ZAM,2023,4,1324.134,23.68,6385.48,5981.32,6449.7,44,78
Philippine Airlines,USU-CEB,2023,4,2528.036,53.23,5020.87,5179.74,2987.2,210,1740
Philippine Airlines,USU-CRK,2023,4,753.032,100.0,10000.0,5179.74,4625.34,210,39
Philippine Airlines,USU-MNL,2023,4,1452.276,23.5,6404.5,5179.74,3712.79,210,5219
Philippine Airlines,ZAM-CEB,2023,4,968.184,18.5,6984.5,6290.42,2987.2,235,1740
Philippine Airlines,ZAM-MNL,2023,4,6032.166,26.91,6066.3,6290.42,3712.79,235,5219
Philippine Airlines,ZAM-TWT,2023,4,1177.008,21.05,6676.21,6290.42,6148.74,235,45
AirAsia,BCD-MNL,2023,5,14202.96,24.39,3658.6,3613.49,3632.94,429,5470
AirAsia,CEB-MNL,2023,5,23928.9,20.42,3588.21,3182.05,3632.94,1818,5470
AirAsia,CGY-MNL,2023,5,9571.56,19.03,3664.14,2986.39,3632.94,477,5470
AirAsia,DVO-MNL,2023,5,154.38,0.17,4990.23,4840.91,3632.94,719,5470
AirAsia,ILO-MNL,2023,5,24451.8,36.37,3538.27,3214.89,3632.94,539,5470
AirAsia,KLO-MNL,2023,5,14357.34,75.0,6250.0,6250.0,3632.94,124,5470
AirAsia,MNL-BCD,2023,5,14202.96,25.13,3591.45,3764.76,3542.34,4981,424
AirAsia,MNL-CEB,2023,5,23465.76,22.24,3493.45,3764.76,3010.62,4981,1840
AirAsia,MNL-CGY,2023,5,9571.56,20.33,3686.23,3764.76,2949.79,4981,455
AirAsia,MNL-ILO,2023,5,19297.5,30.76,3543.17,3764.76,3224.01,4981,519
AirAsia,MNL-KLO,2023,5,14357.34,75.0,6250.0,3764.76,6250.0,4981,124
AirAsia,MNL-MPH,2023,5,14357.34,18.27,3833.23,3764.76,4140.98,4981,709
AirAsia,MNL-PPS,2023,5,14511.72,26.76,3580.55,3764.76,3572.53,4981,397
AirAsia,MNL-RXS,2023,5,2006.94,16.46,3812.54,3764.76,3811.89,4981,79
AirAsia,MNL-TAC,2023,5,7564.62,18.66,3686.25,3764.76,3404.32,4981,322
AirAsia,MNL-TAG,2023,5,9571.56,21.43,3911.74,3764.76,3859.89,4981,283
AirAsia,MPH-MNL,2023,5,31030.38,31.05,3336.49,3405.79,3632.94,873,5470
AirAsia,PPS-MNL,2023,5,9571.56,17.08,3753.95,3803.66,3632.94,378,5470
AirAsia,RXS-MNL,2023,5,1852.56,15.58,3873.59,3874.18,3632.94,77,5470
AirAsia,TAC-MNL,2023,5,20686.92,37.89,3551.3,3153.7,3632.94,435,5470
AirAsia,TAG-MNL,2023,5,11424.12,22.08,4123.51,4056.02,3632.94,322,5470
Cebgo,BCD-CEB,2023,5,1181.952,36.5,5364.5,3613.49,3010.62,429,1840
Cebgo,BXU-CEB,2023,5,3110.4,76.79,6435.41,4702.27,3010.62,221,1840
Cebgo,CEB-BCD,2023,5,1244.16,35.79,5403.85,3182.05,3542.34,1818,424
Cebgo,CEB-BXU,2023,5,2052.864,69.96,5796.8,3182.05,5006.33,1818,203
Cebgo,CEB-CGY,2023,5,6594.048,71.17,5802.57,3182.05,2949.79,1818,455
Cebgo,CEB-CYP,2023,5,995.328,100.0,10000.0,3182.05,5000.02,1818,33
Cebgo,CEB-DGT,2023,5,124.416,100.0,10000.0,3182.05,5164.81,1818,138
Cebgo,CEB-IAO,2023,5,3919.104,54.36,5038.02,3182.05,5418.62,1818,222
Cebgo,CEB-ILO,2023,5,3608.064,56.65,5088.44,3182.05,3224.01,1818,519
Cebgo,CEB-OZC,2023,5,1741.824,100.0,10000.0,3182.05,4357.66,1818,97
Cebgo,CEB-PAG,2023,5,2363.904,100.0,10000.0,3182.05,6328.23,1818,84
Cebgo,CEB-SUG,2023,5,497.664,100.0,10000.0,3182.05,10000.0,1818,8
Cebgo,CEB-TAC,2023,5,1928.448,58.03,5128.96,3182.05,3404.32,1818,322
Cebgo,CEB-USU,2023,5,1804.032,34.62,5473.09,3182.05,5274.54,1818,157
Cebgo,CGY-CEB,2023,5,6594.048,72.08,5882.97,2986.39,3010.62,477,1840
Cebgo,CGY-DVO,2023,5,1057.536,100.0,10000.0,2986.39,4873.63,477,713
Cebgo,CYP-CEB,2023,5,995.328,100.0,10000.0,5004.08,3010.62,32,1840
Cebgo,DGT-CEB,2023,5,62.208,100.0,10000.0,4964.43,3010.62,107,1840
Cebgo,DVO-CGY,2023,5,1057.536,100.0,10000.0,4840.91,2949.79,719,455
Cebgo,DVO-IAO,2023,5,808.704,100.0,10000.0,4840.91,5418.62,719,222
Cebgo,IAO-CEB,2023,5,4665.6,60.89,5237.18,5020.12,3010.62,196,1840
Cebgo,IAO-DVO,2023,5,870.912,100.0,10000.0,5020.12,4873.63,196,713
Cebgo,ILO-CEB,2023,5,3421.44,55.34,5057.03,3214.89,3010.62,539,1840
Cebgo,ILO-ILO,2023,5,62.208,100.0,10000.0,3214.89,3224.01,539,519
Cebgo,MNL-CEB,2023,5,559.872,0.51,3493.45,3764.76,3010.62,4981,1840
Cebgo,MNL-MPH,2023,5,1804.032,2.21,3833.23,3764.76,4140.98,4981,709
Cebgo,MNL-USU,2023,5,1804.032,49.76,5000.12,3764.76,5274.54,4981,157
Cebgo,MNL-WNP,2023,5,3037.824,100.0,10000.0,3764.76,10000.0,4981,49
Cebgo,MPH-CEB,2023,5,1866.24,14.02,3893.26,3405.79,3010.62,873,1840
Cebgo,MPH-MNL,2023,5,1928.448,1.85,3336.49,3405.79,3632.94,873,5470
Cebgo,OZC-CEB,2023,5,2550.528,100.0,10000.0,4041.98,3010.62,110,1840
Cebgo,PAG-CEB,2023,5,2363.904,100.0,10000.0,6201.57,3010.62,81,1840
Cebgo,SUG-CEB,2023,5,435.456,100.0,10000.0,10000.0,3010.62,7,1840
Cebgo,TAC-CEB,2023,5,3297.024,70.28,5822.56,3153.7,3010.62,435,1840
Cebgo,USU-CEB,2023,5,2799.36,47.82,5009.5,5160.68,3010.62,224,1840
Cebgo,USU-MNL,2023,5,5220.288,75.39,6289.3,5160.68,3632.94,224,5470
Cebgo,WNP-MNL,2023,5,3105.216,100.0,10000.0,10000.0,3632.94,50,5470
Cebu Pacific,BCD-DVO,2023,5,3772.224,100.0,10000.0,3613.49,4873.63,429,713
Cebu Pacific,BCD-MNL,2023,5,29061.504,47.95,3658.6,3613.49,3632.94,429,5470
Cebu Pacific,BXU-MNL,2023,5,17838.144,72.2,5985.68,4702.27,3632.94,221,5470
Cebu Pacific,CEB-CGY,2023,5,160.704,1.73,5802.57,3182.05,2949.79,1818,455
Cebu Pacific,CEB-CRK,2023,5,2571.264,100.0,10000.0,3182.05,8803.94,1818,89
Cebu Pacific,CEB-DVO,2023,5,14302.656,65.09,5455.42,3182.05,4873.63,1818,713
Cebu Pacific,CEB-GES,2023,5,5142.528,100.0,10000.0,3182.05,5599.27,1818,174
Cebu Pacific,CEB-MNL,2023,5,46656.864,38.25,3588.21,3182.05,3632.94,1818,5470
Cebu Pacific,CEB-MPH,2023,5,5785.344,50.02,5000.0,3182.05,4140.98,1818,709
Cebu Pacific,CEB-PPS,2023,5,1928.448,39.16,5235.01,3182.05,3572.53,1818,397
Cebu Pacific,CEB-ZAM,2023,5,3696.192,100.0,10000.0,3182.05,5385.8,1818,72
Cebu Pacific,CGY-CEB,2023,5,160.704,1.76,5882.97,2986.39,3010.62,477,1840
Cebu Pacific,CGY-MNL,2023,5,22980.672,43.89,3664.14,2986.39,3632.94,477,5470
Cebu Pacific,CRK-CEB,2023,5,6910.272,100.0,10000.0,9299.97,3010.62,107,1840
Cebu Pacific,CRK-MPH,2023,5,8678.016,100.0,10000.0,9299.97,4140.98,107,709
Cebu Pacific,CYZ-MNL,2023,5,4499.712,100.0,10000.0,10000.0,3632.94,28,5470
Cebu Pacific,DGT-MNL,2023,5,8356.608,49.35,5000.84,4964.43,3632.94,107,5470
Cebu Pacific,DPL-MNL,2023,5,6749.568,63.64,5372.1,5371.9,3632.94,66,5470
Cebu Pacific,DRP-MNL,2023,5,8999.424,49.21,5001.25,5001.25,3632.94,136,5470
Cebu Pacific,DVO-BCD,2023,5,3772.224,100.0,10000.0,4840.91,3542.34,719,424
Cebu Pacific,DVO-CEB,2023,5,12052.8,62.4,5307.52,4840.91,3010.62,719,1840
Cebu Pacific,DVO-MNL,2023,5,45325.44,48.02,4990.23,4840.91,3632.94,719,5470
Cebu Pacific,GES-CEB,2023,5,5142.528,100.0,10000.0,5608.93,3010.62,175,1840
Cebu Pacific,GES-ILO,2023,5,2731.968,100.0,10000.0,5608.93,3224.01,175,519
Cebu Pacific,GES-MNL,2023,5,17601.408,58.88,5157.71,5608.93,3632.94,175,5470
Cebu Pacific,ILO-BCD,2023,5,160.704,100.0,10000.0,3214.89,3542.34,539,424
Cebu Pacific,ILO-GES,2023,5,2571.264,100.0,10000.0,3214.89,5599.27,539,174
Cebu Pacific,ILO-MNL,2023,5,29106.432,41.59,3538.27,3214.89,3632.94,539,5470
Cebu Pacific,KLO-MNL,2023,5,4981.824,25.0,6250.0,6250.0,3632.94,124,5470
Cebu Pacific,LAO-MNL,2023,5,1285.632,13.86,7612.2,7611.84,3632.94,57,5470
Cebu Pacific,MNL-BCD,2023,5,27235.008,46.3,3591.45,3764.76,3542.34,4981,424
Cebu Pacific,MNL-BXU,2023,5,17838.144,72.2,5985.68,3764.76,5006.33,4981,203
Cebu Pacific,MNL-CEB,2023,5,39350.016,35.83,3493.45,3764.76,3010.62,4981,1840
Cebu Pacific,MNL-CGY,2023,5,22980.672,46.88,3686.23,3764.76,2949.79,4981,455
Cebu Pacific,MNL-CYZ,2023,5,4499.712,100.0,10000.0,3764.76,10000.0,4981,28
Cebu Pacific,MNL-DGT,2023,5,13177.728,60.58,5223.87,3764.76,5164.81,4981,138
Cebu Pacific,MNL-DPL,2023,5,6749.568,62.69,5322.07,3764.76,5321.9,4981,67
Cebu Pacific,MNL-DRP,2023,5,8999.424,49.37,5000.79,3764.76,5000.79,4981,135
Cebu Pacific,MNL-DVO,2023,5,45004.032,50.07,5000.01,3764.76,4873.63,4981,713
Cebu Pacific,MNL-GES,2023,5,17601.408,58.88,5157.71,3764.76,5599.27,4981,174
Cebu Pacific,MNL-ILO,2023,5,29144.448,44.63,3543.17,3764.76,3224.01,4981,519
Cebu Pacific,MNL-KLO,2023,5,4981.824,25.0,6250.0,3764.76,6250.0,4981,124
Cebu Pacific,MNL-LAO,2023,5,1285.632,13.86,7612.2,3764.76,7611.84,4981,57
Cebu Pacific,MNL-MPH,2023,5,43068.672,52.65,3833.23,3764.76,4140.98,4981,709
Cebu Pacific,MNL-OZC,2023,5,7231.68,66.8,5564.48,3764.76,4357.66,4981,97
Cebu Pacific,MNL-PAG,2023,5,7392.384,100.0,10000.0,3764.76,6328.23,4981,84
Cebu Pacific,MNL-PPS,2023,5,26059.968,46.17,3580.55,3764.76,3572.53,4981,397
Cebu Pacific,MNL-RXS,2023,5,5946.048,46.84,3812.54,3764.76,3811.89,4981,79
Cebu Pacific,MNL-TAC,2023,5,18802.368,44.54,3686.25,3764.76,3404.32,4981,322
Cebu Pacific,MNL-TAG,2023,5,24553.152,52.82,3911.74,3764.76,3859.89,4981,283
Cebu Pacific,MNL-TUG,2023,5,8678.016,100.0,10000.0,3764.76,10000.0,4981,54
Cebu Pacific,MNL-VRC,2023,5,4981.824,100.0,10000.0,3764.76,10000.0,4981,31
Cebu Pacific,MPH-CEB,2023,5,5785.344,43.45,3893.26,3405.79,3010.62,873,1840
Cebu Pacific,MPH-CRK,2023,5,8517.312,100.0,10000.0,3405.79,8803.94,873,89
Cebu Pacific,MPH-MNL,2023,5,42907.968,41.24,3336.49,3405.79,3632.94,873,5470
Cebu Pacific,MPH-MPH,2023,5,160.704,100.0,10000.0,3405.79,4140.98,873,709
Cebu Pacific,NRT-CRK,2023,5,964.224,100.0,10000.0,10000.0,8803.94,6,89
Cebu Pacific,OZC-MNL,2023,5,7231.68,66.8,5564.48,4041.98,3632.94,110,5470
Cebu Pacific,OZC-OZC,2023,5,160.704,100.0,10000.0,4041.98,4357.66,110,97
Cebu Pacific,PAG-MNL,2023,5,6910.272,100.0,10000.0,6201.57,3632.94,81,5470
Cebu Pacific,PPS-CEB,2023,5,1928.448,56.77,5091.67,3803.66,3010.62,378,1840
Cebu Pacific,PPS-MNL,2023,5,26220.672,44.95,3753.95,3803.66,3632.94,378,5470
Cebu Pacific,RXS-MNL,2023,5,5946.048,48.05,3873.59,3874.18,3632.94,77,5470
Cebu Pacific,TAC-MNL,2023,5,23141.376,40.72,3551.3,3153.7,3632.94,435,5470
Cebu Pacific,TAG-MNL,2023,5,30316.032,56.29,4123.51,4056.02,3632.94,322,5470
Cebu Pacific,TUG-MNL,2023,5,8678.016,100.0,10000.0,10000.0,3632.94,54,5470
Cebu Pacific,TWT-ZAM,2023,5,3696.192,63.89,5385.86,5165.2,5385.8,44,72
Cebu Pacific,ZAM-CEB,2023,5,3696.192,74.09,6160.66,5539.1,3010.62,236,1840
Cebu Pacific,ZAM-MNL,2023,5,16459.2,65.9,5505.62,5539.1,3632.94,236,5470
Cebu Pacific,ZAM-TWT,2023,5,3696.192,62.16,5295.73,5539.1,5100.41,236,46
Philippine Airlines,BCD-CEB,2023,5,1882.58,63.5,5364.5,3613.49,3010.62,429,1840
Philippine Airlines,BCD-MNL,2023,5,15343.818,27.65,3658.6,3613.49,3632.94,429,5470
Philippine Airlines,BPA-CEB,2023,5,430.304,100.0,10000.0,10000.0,3010.62,8,1840
Philippine Airlines,BXU-CEB,2023,5,860.608,23.21,6435.41,4702.27,3010.62,221,1840
Philippine Airlines,BXU-MNL,2023,5,6286.868,27.8,5985.68,4702.27,3632.94,221,5470
Philippine Airlines,CBO-CEB,2023,5,376.516,100.0,10000.0,10000.0,3010.62,44,1840
Philippine Airlines,CBO-MNL,2023,5,4119.528,100.0,10000.0,10000.0,3632.94,44,5470
Philippine Airlines,CBO-TWT,2023,5,484.092,100.0,10000.0,10000.0,5100.41,44,46
Philippine Airlines,CEB-BCD,2023,5,2043.944,64.21,5403.85,3182.05,3542.34,1818,424
Philippine Airlines,CEB-BPA,2023,5,484.092,100.0,10000.0,3182.05,10000.0,1818,9
Philippine Airlines,CEB-BXU,2023,5,806.82,30.04,5796.8,3182.05,5006.33,1818,203
Philippine Airlines,CEB-CBO,2023,5,484.092,100.0,10000.0,3182.05,10000.0,1818,44
Philippine Airlines,CEB-CGY,2023,5,2298.646,27.1,5802.57,3182.05,2949.79,1818,455
Philippine Airlines,CEB-DVO,2023,5,7024.08,34.91,5455.42,3182.05,4873.63,1818,713
Philippine Airlines,CEB-IAO,2023,5,3012.128,45.64,5038.02,3182.05,5418.62,1818,222
Philippine Airlines,CEB-ILO,2023,5,2528.036,43.35,5088.44,3182.05,3224.01,1818,519
Philippine Airlines,CEB-MNL,2023,5,46150.104,41.33,3588.21,3182.05,3632.94,1818,5470
Philippine Airlines,CEB-MPH,2023,5,5291.79,49.98,5000.0,3182.05,4140.98,1818,709
Philippine Airlines,CEB-PPS,2023,5,2743.188,60.84,5235.01,3182.05,3572.53,1818,397
Philippine Airlines,CEB-TAC,2023,5,1276.674,41.97,5128.96,3182.05,3404.32,1818,322
Philippine Airlines,CEB-USU,2023,5,3119.704,65.38,5473.09,3182.05,5274.54,1818,157
Philippine Airlines,CGY-CEB,2023,5,2191.07,26.16,5882.97,2986.39,3010.62,477,1840
Philippine Airlines,CGY-MNL,2023,5,17780.098,37.09,3664.14,2986.39,3632.94,477,5470
Philippine Airlines,CRK-USU,2023,5,537.88,100.0,10000.0,9299.97,5274.54,107,157
Philippine Airlines,CRM-MNL,2023,5,914.396,100.0,10000.0,10000.0,3632.94,17,5470
Philippine Airlines,CYP-MNL,2023,5,860.608,100.0,10000.0,5004.08,3632.94,32,5470
Philippine Airlines,DGT-MNL,2023,5,7851.466,50.65,5000.84,4964.43,3632.94,107,5470
Philippine Airlines,DPL-MNL,2023,5,3531.024,36.36,5372.1,5371.9,3632.94,66,5470
Philippine Airlines,DRP-MNL,2023,5,8503.25,50.79,5001.25,5001.25,3632.94,136,5470
Philippine Airlines,DVO-CEB,2023,5,6647.564,37.6,5307.52,4840.91,3010.62,719,1840
Philippine Airlines,DVO-MNL,2023,5,44762.69,51.81,4990.23,4840.91,3632.94,719,5470
Philippine Airlines,DVO-TAG,2023,5,914.396,100.0,10000.0,4840.91,3859.89,719,283
Philippine Airlines,EUQ-MNL,2023,5,645.456,100.0,10000.0,10000.0,3632.94,12,5470
Philippine Airlines,GES-MNL,2023,5,11255.93,41.12,5157.71,5608.93,3632.94,175,5470
Philippine Airlines,IAO-CEB,2023,5,2743.188,39.11,5237.18,5020.12,3010.62,196,1840
Philippine Airlines,IAO-MNL,2023,5,3012.128,100.0,10000.0,5020.12,3632.94,196,5470
Philippine Airlines,ILO-CEB,2023,5,2528.036,44.66,5057.03,3214.89,3010.62,539,1840
Philippine Airlines,ILO-MNL,2023,5,14119.35,22.04,3538.27,3214.89,3632.94,539,5470
Philippine Airlines,LAO-MNL,2023,5,7313.586,86.14,7612.2,7611.84,3632.94,57,5470
Philippine Airlines,MNL-BCD,2023,5,15383.368,28.57,3591.45,3764.76,3542.34,4981,424
Philippine Airlines,MNL-BSO,2023,5,1452.276,100.0,10000.0,3764.76,10000.0,4981,27
Philippine Airlines,MNL-BXU,2023,5,6286.868,27.8,5985.68,3764.76,5006.33,4981,203
Philippine Airlines,MNL-CBO,2023,5,3972.402,100.0,10000.0,3764.76,10000.0,4981,44
Philippine Airlines,MNL-CEB,2023,5,41638.24,41.41,3493.45,3764.76,3010.62,4981,1840
Philippine Airlines,MNL-CGY,2023,5,14715.764,32.79,3686.23,3764.76,2949.79,4981,455
Philippine Airlines,MNL-CRM,2023,5,968.184,100.0,10000.0,3764.76,10000.0,4981,18
Philippine Airlines,MNL-CYP,2023,5,914.396,100.0,10000.0,3764.76,5000.02,4981,33
Philippine Airlines,MNL-DGT,2023,5,7851.466,39.42,5223.87,3764.76,5164.81,4981,138
Philippine Airlines,MNL-DPL,2023,5,3678.15,37.31,5322.07,3764.76,5321.9,4981,67
Philippine Airlines,MNL-DRP,2023,5,8449.462,50.63,5000.79,3764.76,5000.79,4981,135
Philippine Airlines,MNL-DVO,2023,5,41084.54,49.93,5000.01,3764.76,4873.63,4981,713
Philippine Airlines,MNL-EUQ,2023,5,699.244,100.0,10000.0,3764.76,10000.0,4981,13
Philippine Airlines,MNL-GES,2023,5,11255.93,41.12,5157.71,3764.76,5599.27,4981,174
Philippine Airlines,MNL-IAO,2023,5,4840.92,100.0,10000.0,3764.76,5418.62,4981,222
Philippine Airlines,MNL-ILO,2023,5,14707.854,24.6,3543.17,3764.76,3224.01,4981,519
Philippine Airlines,MNL-LAO,2023,5,7313.586,86.14,7612.2,3764.76,7611.84,4981,57
Philippine Airlines,MNL-MPH,2023,5,20132.532,26.88,3833.23,3764.76,4140.98,4981,709
Philippine Airlines,MNL-OZC,2023,5,3290.56,33.2,5564.48,3764.76,4357.66,4981,97
Philippine Airlines,MNL-PPS,2023,5,13991.208,27.07,3580.55,3764.76,3572.53,4981,397
Philippine Airlines,MNL-RXS,2023,5,4266.654,36.71,3812.54,3764.76,3811.89,4981,79
Philippine Airlines,MNL-TAC,2023,5,14220.598,36.8,3686.25,3764.76,3404.32,4981,322
Philippine Airlines,MNL-TAG,2023,5,10955.35,25.74,3911.74,3764.76,3859.89,4981,283
Philippine Airlines,MNL-USU,2023,5,1667.428,50.24,5000.12,3764.76,5274.54,4981,157
Philippine Airlines,MNL-ZAM,2023,5,1912.638,100.0,10000.0,3764.76,5385.8,4981,72
Philippine Airlines,MPH-CEB,2023,5,5184.214,42.53,3893.26,3405.79,3010.62,873,1840
Philippine Airlines,MPH-MNL,2023,5,24625.412,25.85,3336.49,3405.79,3632.94,873,5470
Philippine Airlines,OZC-MNL,2023,5,3290.56,33.2,5564.48,4041.98,3632.94,110,5470
Philippine Airlines,PPS-CEB,2023,5,1344.7,43.23,5091.67,3803.66,3010.62,378,1840
Philippine Airlines,PPS-MNL,2023,5,20278.076,37.97,3753.95,3803.66,3632.94,378,5470
Philippine Airlines,RXS-MNL,2023,5,4119.528,36.36,3873.59,3874.18,3632.94,77,5470
Philippine Airlines,TAC-CEB,2023,5,1276.674,29.72,5822.56,3153.7,3010.62,435,1840
Philippine Airlines,TAC-MNL,2023,5,11130.952,21.39,3551.3,3153.7,3632.94,435,5470
Philippine Airlines,TAG-DVO,2023,5,914.396,100.0,10000.0,4056.02,4873.63,322,713
Philippine Airlines,TAG-MNL,2023,5,10661.098,21.62,4123.51,4056.02,3632.94,322,5470
Philippine Airlines,TWT-CBO,2023,5,430.304,100.0,10000.0,5165.2,10000.0,44,44
Philippine Airlines,TWT-ZAM,2023,5,1912.638,36.11,5385.86,5165.2,5385.8,44,72
Philippine Airlines,USU-CEB,2023,5,2796.976,52.18,5009.5,5160.68,3010.62,224,1840
Philippine Airlines,USU-CRK,2023,5,753.032,100.0,10000.0,5160.68,8803.94,224,89
Philippine Airlines,USU-MNL,2023,5,1559.852,24.61,6289.3,5160.68,3632.94,224,5470
Philippine Airlines,ZAM-CEB,2023,5,1183.336,25.91,6160.66,5539.1,3010.62,236,1840
Philippine Airlines,ZAM-MNL,2023,5,7797.678,34.1,5505.62,5539.1,3632.94,236,5470
Philippine Airlines,ZAM-TWT,2023,5,2059.764,37.84,5295.73,5539.1,5100.41,236,46
AirAsia,BCD-MNL,2023,6,13585.44,23.2,3715.48,3609.95,3588.92,438,5336
AirAsia,CEB-MNL,2023,6,22848.24,19.64,3615.31,3282.2,3588.92,1885,5336
AirAsia,CGY-MNL,2023,6,9108.42,19.4,3712.45,3054.92,3588.92,464,5336
AirAsia,CRK-MNL,2023,6,154.38,100.0,10000.0,9056.21,3588.92,117,5336
AirAsia,ILO-MNL,2023,6,23870.8,35.37,3476.84,3193.87,3588.92,542,5336
AirAsia,KLO-MNL,2023,6,13739.82,74.79,6229.09,6229.08,3588.92,119,5336
AirAsia,MNL-BCD,2023,6,13739.82,23.83,3639.37,3702.17,3542.11,4819,437
AirAsia,MNL-CEB,2023,6,23002.62,22.42,3469.87,3702.17,3073.58,4819,1941
AirAsia,MNL-CGY,2023,6,9108.42,21.57,3547.06,3702.17,2870.95,4819,435
AirAsia,MNL-ILO,2023,6,18371.22,29.64,3517.4,3702.17,3241.85,4819,513
AirAsia,MNL-KLO,2023,6,13894.2,75.0,6250.0,3702.17,6250.0,4819,120
AirAsia,MNL-MPH,2023,6,13894.2,20.92,3424.48,3702.17,3764.44,4819,621
AirAsia,MNL-PPS,2023,6,13894.2,26.29,3465.74,3702.17,3574.14,4819,404
AirAsia,MNL-RXS,2023,6,2006.94,14.39,4305.85,3702.17,4306.2,4819,91
AirAsia,MNL-TAC,2023,6,7255.86,17.27,3725.66,3702.17,3501.05,4819,337
AirAsia,MNL-TAG,2023,6,9262.8,21.81,3741.45,3702.17,3708.07,4819,274
AirAsia,MPH-MNL,2023,6,32882.94,36.89,3252.41,3201.13,3588.92,798,5336
AirAsia,PPS-MNL,2023,6,9262.8,17.81,3700.88,3828.2,3588.92,369,5336
AirAsia,RXS-MNL,2023,6,1852.56,13.43,4371.87,4371.8,3588.92,90,5336
AirAsia,TAC-MNL,2023,6,20296.82,37.06,3490.95,3040.65,3588.92,458,5336
AirAsia,TAG-MNL,2023,6,11424.12,22.55,3914.08,3862.08,3588.92,321,5336
AirSWIFT,ENI-MNL,2023,6,43.75,100.0,10000.0,10000.0,3588.92,1,5336
AirSWIFT,MNL-ENI,2023,6,43.75,100.0,10000.0,3702.17,10000.0,4819,1
Cebgo,BCD-CEB,2023,6,1638.0,43.33,5088.98,3609.95,3073.58,438,1941
Cebgo,BXU-CEB,2023,6,2898.0,74.13,6164.51,4396.19,3073.58,202,1941
Cebgo,CEB-BCD,2023,6,1638.0,40.33,4741.74,3282.2,3542.11,1885,437
Cebgo,CEB-BXU,2023,6,1575.0,60.89,5237.18,3282.2,4758.61,1885,182
Cebgo,CEB-CEB,2023,6,126.0,100.0,10000.0,3282.2,3073.58,1885,1941
Cebgo,CEB-CGY,2023,6,6930.0,68.68,5497.82,3282.2,2870.95,1885,435
Cebgo,CEB-CYP,2023,6,1008.0,100.0,10000.0,3282.2,5000.02,1885,33
Cebgo,CEB-DGT,2023,6,126.0,100.0,10000.0,3282.2,5320.23,1885,132
Cebgo,CEB-IAO,2023,6,3969.0,53.92,5030.73,3282.2,5427.71,1885,223
Cebgo,CEB-ILO,2023,6,3591.0,56.75,5091.12,3282.2,3241.85,1885,513
Cebgo,CEB-OZC,2023,6,1638.0,100.0,10000.0,3282.2,4120.97,1885,92
Cebgo,CEB-PAG,2023,6,2394.0,100.0,10000.0,3282.2,6562.37,1885,90
Cebgo,CEB-SUG,2023,6,315.0,100.0,10000.0,3282.2,10000.0,1885,5
Cebgo,CEB-TAC,2023,6,1701.0,50.52,5000.54,3282.2,3501.05,1885,337
Cebgo,CEB-USU,2023,6,1764.0,37.7,5302.58,3282.2,5173.37,1885,150
Cebgo,CGY-CEB,2023,6,6930.0,69.09,5531.35,3054.92,3073.58,464,1941
Cebgo,CGY-DVO,2023,6,1008.0,100.0,10000.0,3054.92,4878.31,464,705
Cebgo,CYP-CEB,2023,6,882.0,100.0,10000.0,5023.39,3073.58,31,1941
Cebgo,DRP-MNL,2023,6,63.0,0.33,5021.14,5021.51,3588.92,139,5336
Cebgo,DVO-CGY,2023,6,1008.0,100.0,10000.0,4865.46,2870.95,735,435
Cebgo,DVO-IAO,2023,6,819.0,100.0,10000.0,4865.46,5427.71,735,223
Cebgo,IAO-CEB,2023,6,4347.0,56.61,5087.38,5080.17,3073.58,194,1941
Cebgo,IAO-DVO,2023,6,819.0,100.0,10000.0,5080.17,4878.31,194,705
Cebgo,ILO-CEB,2023,6,3465.0,54.82,5046.46,3193.87,3073.58,542,1941
Cebgo,MNL-CEB,2023,6,693.0,0.64,3469.87,3702.17,3073.58,4819,1941
Cebgo,MNL-DRP,2023,6,63.0,0.32,5028.0,3702.17,5027.56,4819,141
Cebgo,MNL-MPH,2023,6,1575.0,2.25,3424.48,3702.17,3764.44,4819,621
Cebgo,MNL-USU,2023,6,1827.0,50.53,5000.56,3702.17,5173.37,4819,150
Cebgo,MNL-WNP,2023,6,3276.0,100.0,10000.0,3702.17,10000.0,4819,52
Cebgo,MPH-CEB,2023,6,1827.0,14.53,4134.89,3201.13,3073.58,798,1941
Cebgo,MPH-MNL,2023,6,1575.0,1.68,3252.41,3201.13,3588.92,798,5336
Cebgo,OZC-CEB,2023,6,2520.0,100.0,10000.0,3816.59,3073.58,105,1941
Cebgo,PAG-CEB,2023,6,2457.0,100.0,10000.0,6475.29,3073.58,90,1941
Cebgo,SUG-CEB,2023,6,315.0,100.0,10000.0,10000.0,3073.58,5,1941
Cebgo,TAC-CEB,2023,6,4158.0,71.39,5915.06,3040.65,3073.58,458,1941
Cebgo,USU-CEB,2023,6,2583.0,46.98,5018.24,5145.21,3073.58,210,1941
Cebgo,USU-MNL,2023,6,4851.0,73.06,6063.53,5145.21,3588.92,210,5336
Cebgo,USU-USU,2023,6,126.0,100.0,10000.0,5145.21,5173.37,210,150
Cebgo,WNP-MNL,2023,6,3276.0,100.0,10000.0,10000.0,3588.92,52,5336
Cebu Pacific,BCD-DVO,2023,6,3417.75,100.0,10000.0,3609.95,4878.31,438,705
Cebu Pacific,BCD-MNL,2023,6,30292.5,49.08,3715.48,3609.95,3588.92,438,5336
Cebu Pacific,BXU-MNL,2023,6,15135.75,66.79,5563.81,4396.19,3588.92,202,5336
Cebu Pacific,CEB-BCD,2023,6,162.75,4.01,4741.74,3282.2,3542.11,1885,437
Cebu Pacific,CEB-CGY,2023,6,364.0,3.61,5497.82,3282.2,2870.95,1885,435
Cebu Pacific,CEB-CRK,2023,6,4882.5,100.0,10000.0,3282.2,9181.15,1885,101
Cebu Pacific,CEB-DVO,2023,6,18879.0,78.02,6570.24,3282.2,4878.31,1885,705
Cebu Pacific,CEB-GES,2023,6,5859.0,100.0,10000.0,3282.2,5197.56,1885,158
Cebu Pacific,CEB-MNL,2023,6,50004.5,40.78,3615.31,3282.2,3588.92,1885,5336
Cebu Pacific,CEB-MPH,2023,6,6835.5,64.7,5432.18,3282.2,3764.44,1885,621
Cebu Pacific,CEB-PPS,2023,6,4231.5,58.72,5152.08,3282.2,3574.14,1885,404
Cebu Pacific,CEB-ZAM,2023,6,4719.75,100.0,10000.0,3282.2,5761.45,1885,82
Cebu Pacific,CGY-CEB,2023,6,364.0,3.63,5531.35,3054.92,3073.58,464,1941
Cebu Pacific,CGY-MNL,2023,6,16670.5,33.67,3712.45,3054.92,3588.92,464,5336
Cebu Pacific,CRK-CEB,2023,6,9765.0,100.0,10000.0,9056.21,3073.58,117,1941
Cebu Pacific,CRK-MPH,2023,6,7161.0,100.0,10000.0,9056.21,3764.44,117,621
Cebu Pacific,CYZ-MNL,2023,6,4719.75,100.0,10000.0,10000.0,3588.92,29,5336
Cebu Pacific,DGT-MNL,2023,6,9276.75,55.34,5057.03,5057.03,3588.92,103,5336
Cebu Pacific,DPL-MNL,2023,6,6835.5,62.69,5322.07,5321.9,3588.92,67,5336
Cebu Pacific,DRP-MNL,2023,6,8625.75,44.64,5021.14,5021.51,3588.92,139,5336
Cebu Pacific,DVO-BCD,2023,6,3417.75,100.0,10000.0,4865.46,3542.11,735,437
Cebu Pacific,DVO-CEB,2023,6,16112.25,75.39,6289.3,4865.46,3073.58,735,1941
Cebu Pacific,DVO-MNL,2023,6,42479.5,46.34,5026.79,4865.46,3588.92,735,5336
Cebu Pacific,GES-CEB,2023,6,5859.0,100.0,10000.0,5211.88,3073.58,157,1941
Cebu Pacific,GES-ILO,2023,6,2805.25,100.0,10000.0,5211.88,3241.85,157,513
Cebu Pacific,GES-MNL,2023,6,11873.75,46.75,5021.12,5211.88,3588.92,157,5336
Cebu Pacific,ILO-GES,2023,6,2805.25,100.0,10000.0,3193.87,5197.56,542,158
Cebu Pacific,ILO-MNL,2023,6,28889.0,40.6,3476.84,3193.87,3588.92,542,5336
Cebu Pacific,ILO-PPS,2023,6,813.75,100.0,10000.0,3193.87,3574.14,542,404
Cebu Pacific,KLO-MNL,2023,6,4882.5,25.21,6229.09,6229.08,3588.92,119,5336
Cebu Pacific,LAO-MNL,2023,6,4394.25,34.05,5508.8,5508.97,3588.92,79,5336
Cebu Pacific,MNL-BCD,2023,6,28768.25,47.32,3639.37,3702.17,3542.11,4819,437
Cebu Pacific,MNL-BXU,2023,6,15135.75,66.32,5532.68,3702.17,4758.61,4819,182
Cebu Pacific,MNL-CEB,2023,6,39590.25,36.61,3469.87,3702.17,3073.58,4819,1941
Cebu Pacific,MNL-CGY,2023,6,16670.5,37.46,3547.06,3702.17,2870.95,4819,435
Cebu Pacific,MNL-CYZ,2023,6,4719.75,100.0,10000.0,3702.17,10000.0,4819,29
Cebu Pacific,MNL-DGT,2023,6,13508.25,63.85,5383.64,3702.17,5320.23,4819,132
Cebu Pacific,MNL-DPL,2023,6,6835.5,62.69,5322.07,3702.17,5321.9,4819,67
Cebu Pacific,MNL-DRP,2023,6,8625.75,44.37,5028.0,3702.17,5027.56,4819,141
Cebu Pacific,MNL-DVO,2023,6,38659.25,46.13,5029.95,3702.17,4878.31,4819,705
Cebu Pacific,MNL-GES,2023,6,11873.75,46.38,5026.21,3702.17,5197.56,4819,158
Cebu Pacific,MNL-ILO,2023,6,28889.0,44.21,3517.4,3702.17,3241.85,4819,513
Cebu Pacific,MNL-KLO,2023,6,4882.5,25.0,6250.0,3702.17,6250.0,4819,120
Cebu Pacific,MNL-LAO,2023,6,4394.25,33.62,5536.61,3702.17,5536.38,4819,80
Cebu Pacific,MNL-MPH,2023,6,29620.5,42.31,3424.48,3702.17,3764.44,4819,621
Cebu Pacific,MNL-OZC,2023,6,6510.0,61.19,5250.43,3702.17,4120.97,4819,92
Cebu Pacific,MNL-PAG,2023,6,8463.0,100.0,10000.0,3702.17,6562.37,4819,90
Cebu Pacific,MNL-PPS,2023,6,23530.5,42.24,3465.74,3702.17,3574.14,4819,404
Cebu Pacific,MNL-RXS,2023,6,8463.0,57.54,4305.85,3702.17,4306.2,4819,91
Cebu Pacific,MNL-TAC,2023,6,19041.75,42.99,3725.66,3702.17,3501.05,4819,337
Cebu Pacific,MNL-TAG,2023,6,22083.25,49.33,3741.45,3702.17,3708.07,4819,274
Cebu Pacific,MNL-TUG,2023,6,9439.5,100.0,10000.0,3702.17,10000.0,4819,58
Cebu Pacific,MNL-VRC,2023,6,4882.5,100.0,10000.0,3702.17,10000.0,4819,30
Cebu Pacific,MNL-ZAM,2023,6,162.75,7.14,8673.96,3702.17,5761.45,4819,82
Cebu Pacific,MPH-CEB,2023,6,6835.5,54.38,4134.89,3201.13,3073.58,798,1941
Cebu Pacific,MPH-CRK,2023,6,6998.25,100.0,10000.0,3201.13,9181.15,798,101
Cebu Pacific,MPH-MNL,2023,6,29620.5,31.52,3252.41,3201.13,3588.92,798,5336
Cebu Pacific,NRT-CRK,2023,6,2766.75,100.0,10000.0,10000.0,9181.15,17,101
Cebu Pacific,OZC-MNL,2023,6,6510.0,62.15,5295.24,3816.59,3588.92,105,5336
Cebu Pacific,PAG-MNL,2023,6,8300.25,100.0,10000.0,6475.29,3588.92,90,5336
Cebu Pacific,PPS-CEB,2023,6,4231.5,73.23,6079.27,3828.2,3073.58,369,1941
Cebu Pacific,PPS-ILO,2023,6,813.75,100.0,10000.0,3828.2,3241.85,369,513
Cebu Pacific,PPS-MNL,2023,6,23492.0,42.84,3700.88,3828.2,3588.92,369,5336
Cebu Pacific,RXS-MNL,2023,6,8463.0,58.19,4371.87,4371.8,3588.92,90,5336
Cebu Pacific,TAC-MNL,2023,6,22947.75,39.74,3490.95,3040.65,3588.92,458,5336
Cebu Pacific,TAG-MNL,2023,6,28292.25,52.97,3914.08,3862.08,3588.92,321,5336
Cebu Pacific,TUG-MNL,2023,6,9439.5,100.0,10000.0,10000.0,3588.92,58,5336
Cebu Pacific,TWT-ZAM,2023,6,4394.25,69.23,5739.59,5520.43,5761.45,44,82
Cebu Pacific,VRC-MNL,2023,6,162.75,100.0,10000.0,10000.0,3588.92,1,5336
Cebu Pacific,ZAM-CEB,2023,6,5533.5,80.87,6905.91,6000.44,3073.58,259,1941
Cebu Pacific,ZAM-MNL,2023,6,18095.0,70.29,5823.37,6000.44,3588.92,259,5336
Cebu Pacific,ZAM-TWT,2023,6,5370.75,71.74,5945.26,6000.44,5721.79,259,51
Philippine Airlines,BCD-CEB,2023,6,1936.368,56.67,5088.98,3609.95,3073.58,438,1941
Philippine Airlines,BCD-MNL,2023,6,15467.214,27.72,3715.48,3609.95,3588.92,438,5336
Philippine Airlines,BPA-CEB,2023,6,430.304,100.0,10000.0,10000.0,3073.58,8,1941
Philippine Airlines,BXU-CEB,2023,6,914.396,25.87,6164.51,4396.19,3073.58,202,1941
Philippine Airlines,BXU-MNL,2023,6,6802.6,33.21,5563.81,4396.19,3588.92,202,5336
Philippine Airlines,CBO-CEB,2023,6,322.728,100.0,10000.0,10000.0,3073.58,26,1941
Philippine Airlines,CBO-MNL,2023,6,2206.89,100.0,10000.0,10000.0,3588.92,26,5336
Philippine Airlines,CBO-TWT,2023,6,268.94,100.0,10000.0,10000.0,5721.79,26,51
Philippine Airlines,CEB-BCD,2023,6,2043.944,55.67,4741.74,3282.2,3542.11,1885,437
Philippine Airlines,CEB-BPA,2023,6,430.304,100.0,10000.0,3282.2,10000.0,1885,8
Philippine Airlines,CEB-BXU,2023,6,914.396,39.11,5237.18,3282.2,4758.61,1885,182
Philippine Airlines,CEB-CBO,2023,6,322.728,100.0,10000.0,3282.2,10000.0,1885,25
Philippine Airlines,CEB-CGY,2023,6,2528.036,27.71,5497.82,3282.2,2870.95,1885,435
Philippine Airlines,CEB-DVO,2023,6,4809.28,21.98,6570.24,3282.2,4878.31,1885,705
Philippine Airlines,CEB-IAO,2023,6,3065.916,46.08,5030.73,3282.2,5427.71,1885,223
Philippine Airlines,CEB-ILO,2023,6,2474.248,43.25,5091.12,3282.2,3241.85,1885,513
Philippine Airlines,CEB-MNL,2023,6,43868.86,39.58,3615.31,3282.2,3588.92,1885,5336
Philippine Airlines,CEB-MPH,2023,6,3371.242,35.3,5432.18,3282.2,3764.44,1885,621
Philippine Airlines,CEB-PPS,2023,6,2689.4,41.28,5152.08,3282.2,3574.14,1885,404
Philippine Airlines,CEB-TAC,2023,6,1506.064,49.48,5000.54,3282.2,3501.05,1885,337
Philippine Airlines,CEB-USU,2023,6,2635.612,62.3,5302.58,3282.2,5173.37,1885,150
Philippine Airlines,CGY-CEB,2023,6,2474.248,27.29,5531.35,3054.92,3073.58,464,1941
Philippine Airlines,CGY-MNL,2023,6,21002.632,46.93,3712.45,3054.92,3588.92,464,5336
Philippine Airlines,CRK-USU,2023,6,645.456,100.0,10000.0,9056.21,5173.37,117,150
Philippine Airlines,CRM-MNL,2023,6,860.608,100.0,10000.0,10000.0,3588.92,16,5336
Philippine Airlines,CYP-MNL,2023,6,914.396,100.0,10000.0,5023.39,3588.92,31,5336
Philippine Airlines,DGT-MNL,2023,6,6767.796,44.66,5057.03,5057.03,3588.92,103,5336
Philippine Airlines,DPL-MNL,2023,6,3678.15,37.31,5322.07,5321.9,3588.92,67,5336
Philippine Airlines,DRP-MNL,2023,6,9612.232,55.03,5021.14,5021.51,3588.92,139,5336
Philippine Airlines,DVO-CEB,2023,6,4755.492,24.61,6289.3,4865.46,3073.58,735,1941
Philippine Airlines,DVO-MNL,2023,6,44460.528,53.66,5026.79,4865.46,3588.92,735,5336
Philippine Airlines,DVO-TAG,2023,6,914.396,100.0,10000.0,4865.46,3708.07,735,274
Philippine Airlines,EUQ-MNL,2023,6,591.668,100.0,10000.0,10000.0,3588.92,11,5336
Philippine Airlines,GES-MNL,2023,6,12227.278,53.25,5021.12,5211.88,3588.92,157,5336
Philippine Airlines,IAO-CEB,2023,6,3012.128,43.39,5087.38,5080.17,3073.58,194,1941
Philippine Airlines,IAO-MNL,2023,6,3012.128,100.0,10000.0,5080.17,3588.92,194,5336
Philippine Airlines,ILO-CEB,2023,6,2581.824,45.18,5046.46,3193.87,3073.58,542,1941
Philippine Airlines,ILO-MNL,2023,6,15452.976,24.03,3476.84,3193.87,3588.92,542,5336
Philippine Airlines,LAO-MNL,2023,6,7694.848,65.95,5508.8,5508.97,3588.92,79,5336
Philippine Airlines,MNL-BCD,2023,6,15854.804,28.85,3639.37,3702.17,3542.11,4819,437
Philippine Airlines,MNL-BSO,2023,6,1398.488,100.0,10000.0,3702.17,10000.0,4819,26
Philippine Airlines,MNL-BXU,2023,6,6949.726,33.68,5532.68,3702.17,4758.61,4819,182
Philippine Airlines,MNL-CBO,2023,6,2059.764,100.0,10000.0,3702.17,10000.0,4819,25
Philippine Airlines,MNL-CEB,2023,6,39431.35,40.33,3469.87,3702.17,3073.58,4819,1941
Philippine Airlines,MNL-CGY,2023,6,16484.44,40.97,3547.06,3702.17,2870.95,4819,435
Philippine Airlines,MNL-CRM,2023,6,914.396,100.0,10000.0,3702.17,10000.0,4819,17
Philippine Airlines,MNL-CYP,2023,6,914.396,100.0,10000.0,3702.17,5000.02,4819,33
Philippine Airlines,MNL-DGT,2023,6,6914.922,36.15,5383.64,3702.17,5320.23,4819,132
Philippine Airlines,MNL-DPL,2023,6,3678.15,37.31,5322.07,3702.17,5321.9,4819,67
Philippine Airlines,MNL-DRP,2023,6,9719.808,55.31,5028.0,3702.17,5027.56,4819,141
Philippine Airlines,MNL-DVO,2023,6,40817.182,53.87,5029.95,3702.17,4878.31,4819,705
Philippine Airlines,MNL-EUQ,2023,6,645.456,100.0,10000.0,3702.17,10000.0,4819,12
Philippine Airlines,MNL-GES,2023,6,12409.208,53.62,5026.21,3702.17,5197.56,4819,158
Philippine Airlines,MNL-IAO,2023,6,4840.92,100.0,10000.0,3702.17,5427.71,4819,223
Philippine Airlines,MNL-ILO,2023,6,15452.976,26.16,3517.4,3702.17,3241.85,4819,513
Philippine Airlines,MNL-LAO,2023,6,7841.974,66.38,5536.61,3702.17,5536.38,4819,80
Philippine Airlines,MNL-MPH,2023,6,21844.256,34.52,3424.48,3702.17,3764.44,4819,621
Philippine Airlines,MNL-OZC,2023,6,3731.938,38.81,5250.43,3702.17,4120.97,4819,92
Philippine Airlines,MNL-PPS,2023,6,15850.058,31.47,3465.74,3702.17,3574.14,4819,404
Philippine Airlines,MNL-RXS,2023,6,3731.938,28.07,4305.85,3702.17,4306.2,4819,91
Philippine Airlines,MNL-TAC,2023,6,15913.338,39.74,3725.66,3702.17,3501.05,4819,337
Philippine Airlines,MNL-TAG,2023,6,11676.742,28.85,3741.45,3702.17,3708.07,4819,274
Philippine Airlines,MNL-USU,2023,6,1616.804,49.47,5000.56,3702.17,5173.37,4819,150
Philippine Airlines,MNL-ZAM,2023,6,1912.638,92.86,8673.96,3702.17,5761.45,4819,82
Philippine Airlines,MPH-CEB,2023,6,3532.606,31.09,4134.89,3201.13,3073.58,798,1941
Philippine Airlines,MPH-MNL,2023,6,25414.83,29.92,3252.41,3201.13,3588.92,798,5336
Philippine Airlines,OZC-MNL,2023,6,3584.812,37.85,5295.24,3816.59,3588.92,105,5336
Philippine Airlines,PPS-CEB,2023,6,1398.488,26.77,6079.27,3828.2,3073.58,369,1941
Philippine Airlines,PPS-MNL,2023,6,19504.478,39.35,3700.88,3828.2,3588.92,369,5336
Philippine Airlines,RXS-MNL,2023,6,3731.938,28.38,4371.87,4371.8,3588.92,90,5336
Philippine Airlines,TAC-CEB,2023,6,1506.064,28.61,5915.06,3040.65,3073.58,458,1941
Philippine Airlines,TAC-MNL,2023,6,12111.792,23.2,3490.95,3040.65,3588.92,458,5336
Philippine Airlines,TAG-DVO,2023,6,914.396,100.0,10000.0,3862.08,4878.31,321,705
Philippine Airlines,TAG-MNL,2023,6,11823.868,24.49,3914.08,3862.08,3588.92,321,5336
Philippine Airlines,TWT-CBO,2023,6,268.94,100.0,10000.0,5520.43,10000.0,44,25
Philippine Airlines,TWT-ZAM,2023,6,1765.512,30.77,5739.59,5520.43,5761.45,44,82
Philippine Airlines,USU-CEB,2023,6,2635.612,53.02,5018.24,5145.21,3073.58,210,1941
Philippine Airlines,USU-CRK,2023,6,591.668,100.0,10000.0,5145.21,9181.15,210,101
Philippine Airlines,USU-MNL,2023,6,1616.804,26.94,6063.53,5145.21,3588.92,210,5336
Philippine Airlines,ZAM-CEB,2023,6,1183.336,19.13,6905.91,6000.44,3073.58,259,1941
Philippine Airlines,ZAM-MNL,2023,6,6914.922,29.71,5823.37,6000.44,3588.92,259,5336
Philippine Airlines,ZAM-TWT,2023,6,1912.638,28.26,5945.26,6000.44,5721.79,259,51
AirAsia,BCD-MNL,2023,7,15395.22,21.77,3745.05,3636.03,3638.57,493,5933
AirAsia,CEB-MNL,2023,7,25493.16,18.59,3665.19,3302.34,3638.57,1895,5933
AirAsia,CGY-MNL,2023,7,10263.48,16.5,3761.56,3081.15,3638.57,533,5933
AirAsia,ILO-MNL,2023,7,26667.96,34.25,3481.94,3279.33,3638.57,573,5933
AirAsia,KLO-MNL,2023,7,15560.76,75.2,6270.08,6270.08,3638.57,125,5933
AirAsia,MNL-BCD,2023,7,15395.22,22.51,3659.56,3786.89,3537.1,5345,483
AirAsia,MNL-CEB,2023,7,25327.62,20.68,3528.12,3786.89,3118.53,5345,1950
AirAsia,MNL-CGY,2023,7,10263.48,18.35,3715.11,3786.89,2968.75,5345,498
AirAsia,MNL-ILO,2023,7,20692.5,28.68,3551.54,3786.89,3358.72,5345,542
AirAsia,MNL-KLO,2023,7,15560.76,75.2,6270.08,3786.89,6270.08,5345,125
AirAsia,MNL-MPH,2023,7,15395.22,19.19,3476.24,3786.89,3774.68,5345,686
AirAsia,MNL-PPS,2023,7,15395.22,27.36,3388.23,3786.89,3471.28,5345,395
AirAsia,MNL-RXS,2023,7,2152.02,12.75,4319.17,3786.89,4319.49,5345,102
AirAsia,MNL-TAC,2023,7,8111.46,15.5,3841.42,3786.89,3617.28,5345,369
AirAsia,MNL-TAG,2023,7,10263.48,20.95,3719.02,3786.89,3689.17,5345,288
AirAsia,MPH-MNL,2023,7,36749.88,34.44,3215.21,3194.67,3638.57,871,5933
AirAsia,PPS-MNL,2023,7,10263.48,18.01,3723.68,3773.15,3638.57,373,5933
AirAsia,RXS-MNL,2023,7,2152.02,12.87,4345.93,4345.65,3638.57,101,5933
AirAsia,TAC-MNL,2023,7,23065.24,34.86,3515.81,3119.86,3638.57,489,5933
AirAsia,TAG-MNL,2023,7,15395.22,25.54,3725.05,3688.41,3638.57,350,5933
AirAsia,TAG-TAG,2023,7,165.54,100.0,10000.0,3688.41,3689.17,350,288
Cebgo,BCD-CEB,2023,7,1918.08,42.64,4714.25,3636.03,3118.53,493,1950
Cebgo,BXU-CEB,2023,7,2493.504,73.35,6090.44,4572.68,3118.53,226,1950
Cebgo,CEB-BCD,2023,7,2045.952,45.25,5045.12,3302.34,3537.1,1895,483
Cebgo,CEB-BXU,2023,7,1470.528,61.88,5282.27,3302.34,4850.46,1895,211
Cebgo,CEB-CEB,2023,7,63.936,100.0,10000.0,3302.34,3118.53,1895,1950
Cebgo,CEB-CGY,2023,7,7864.128,75.61,6311.74,3302.34,2968.75,1895,498
Cebgo,CEB-CYP,2023,7,1086.912,100.0,10000.0,3302.34,5000.0,1895,35
Cebgo,CEB-DPL,2023,7,575.424,100.0,10000.0,3302.34,4516.64,1895,65
Cebgo,CEB-IAO,2023,7,3452.544,48.8,5002.88,3302.34,5648.0,1895,221
Cebgo,CEB-ILO,2023,7,2877.12,48.43,4733.66,3302.34,3358.72,1895,542
Cebgo,CEB-OZC,2023,7,1342.656,100.0,10000.0,3302.34,4347.95,1895,98
Cebgo,CEB-PAG,2023,7,2237.76,100.0,10000.0,3302.34,7025.79,1895,96
Cebgo,CEB-TAC,2023,7,1726.272,57.96,5126.72,3302.34,3617.28,1895,369
Cebgo,CEB-USU,2023,7,1918.08,38.85,5248.64,3302.34,5227.7,1895,158
Cebgo,CGY-CEB,2023,7,7672.32,75.16,6266.05,3081.15,3118.53,533,1950
Cebgo,CGY-DVO,2023,7,1150.848,100.0,10000.0,3081.15,4905.32,533,769
Cebgo,CYP-CEB,2023,7,1086.912,100.0,10000.0,5004.08,3118.53,34,1950
Cebgo,DPL-CEB,2023,7,575.424,100.0,10000.0,4494.08,3118.53,64,1950
Cebgo,DRP-MNL,2023,7,63.936,0.29,4973.51,4974.15,3638.57,154,5933
Cebgo,DVO-CGY,2023,7,1150.848,100.0,10000.0,4874.66,2968.75,787,498
Cebgo,DVO-IAO,2023,7,831.168,100.0,10000.0,4874.66,5648.0,787,221
Cebgo,IAO-CEB,2023,7,4155.84,53.84,5029.49,5170.51,3118.53,198,1950
Cebgo,IAO-DVO,2023,7,831.168,100.0,10000.0,5170.51,4905.32,198,769
Cebgo,ILO-CEB,2023,7,2941.056,44.53,3985.59,3279.33,3118.53,573,1950
Cebgo,ILO-MNL,2023,7,63.936,0.08,3481.94,3279.33,3638.57,573,5933
Cebgo,MNL-CEB,2023,7,703.296,0.58,3528.12,3786.89,3118.53,5345,1950
Cebgo,MNL-DRP,2023,7,63.936,0.29,4975.24,3786.89,4974.97,5345,155
Cebgo,MNL-IAO,2023,7,63.936,1.13,9776.55,3786.89,5648.0,5345,221
Cebgo,MNL-MPH,2023,7,1918.08,2.4,3476.24,3786.89,3774.68,5345,686
Cebgo,MNL-USU,2023,7,1918.08,51.43,5004.09,3786.89,5227.7,5345,158
Cebgo,MNL-WNP,2023,7,3516.48,100.0,10000.0,3786.89,10000.0,5345,55
Cebgo,MPH-CEB,2023,7,1854.144,13.82,4149.58,3194.67,3118.53,871,1950
Cebgo,MPH-MNL,2023,7,2045.952,1.92,3215.21,3194.67,3638.57,871,5933
Cebgo,OZC-CEB,2023,7,1854.144,100.0,10000.0,4098.51,3118.53,105,1950
Cebgo,PAG-CEB,2023,7,2301.696,100.0,10000.0,6908.81,3118.53,95,1950
Cebgo,TAC-CEB,2023,7,4091.904,76.57,6411.93,3119.86,3118.53,489,1950
Cebgo,USU-CEB,2023,7,2685.312,47.07,5017.17,5169.78,3118.53,230,1950
Cebgo,USU-MNL,2023,7,5818.176,76.26,6379.18,5169.78,3638.57,230,5933
Cebgo,WNP-MNL,2023,7,3452.544,100.0,10000.0,10000.0,3638.57,54,5933
Cebu Pacific,BCD-CEB,2023,7,165.168,3.67,4714.25,3636.03,3118.53,493,1950
Cebu Pacific,BCD-DVO,2023,7,3633.696,100.0,10000.0,3636.03,4905.32,493,769
Cebu Pacific,BCD-MNL,2023,7,34850.448,49.39,3745.05,3636.03,3638.57,493,5933
Cebu Pacific,BXU-MNL,2023,7,18333.648,64.45,5417.6,4572.68,3638.57,226,5933
Cebu Pacific,CEB-CRK,2023,7,5615.712,100.0,10000.0,3302.34,8825.64,1895,110
Cebu Pacific,CEB-DVO,2023,7,16351.632,74.87,6237.03,3302.34,4905.32,1895,769
Cebu Pacific,CEB-GES,2023,7,5120.208,100.0,10000.0,3302.34,5468.72,1895,188
Cebu Pacific,CEB-ILO,2023,7,165.168,2.78,4733.66,3302.34,3358.72,1895,542
Cebu Pacific,CEB-MNL,2023,7,58174.656,42.52,3665.19,3302.34,3638.57,1895,5933
Cebu Pacific,CEB-MPH,2023,7,7267.392,62.2,5297.68,3302.34,3774.68,1895,686
Cebu Pacific,CEB-PPS,2023,7,3964.032,60.16,5206.45,3302.34,3471.28,1895,395
Cebu Pacific,CEB-ZAM,2023,7,3468.528,100.0,10000.0,3302.34,5276.82,1895,68
Cebu Pacific,CGY-MNL,2023,7,26592.048,42.84,3761.56,3081.15,3638.57,533,5933
Cebu Pacific,CRK-CEB,2023,7,10240.416,100.0,10000.0,8880.63,3118.53,122,1950
Cebu Pacific,CRK-MNL,2023,7,165.168,100.0,10000.0,8880.63,3638.57,122,5933
Cebu Pacific,CRK-MPH,2023,7,6771.888,100.0,10000.0,8880.63,3774.68,122,686
Cebu Pacific,CYZ-MNL,2023,7,4624.704,100.0,10000.0,10000.0,3638.57,28,5933
Cebu Pacific,DGT-MNL,2023,7,12552.768,56.3,5079.38,5079.29,3638.57,135,5933
Cebu Pacific,DPL-MNL,2023,7,4129.2,45.45,5041.41,4494.08,3638.57,64,5933
Cebu Pacific,DRP-MNL,2023,7,10570.752,48.55,4973.51,4974.15,3638.57,154,5933
Cebu Pacific,DVO-BCD,2023,7,3633.696,100.0,10000.0,4874.66,3537.1,787,483
Cebu Pacific,DVO-CEB,2023,7,13582.848,71.45,5920.2,4874.66,3118.53,787,1950
Cebu Pacific,DVO-ILO,2023,7,165.168,100.0,10000.0,4874.66,3358.72,787,542
Cebu Pacific,DVO-MNL,2023,7,52483.464,48.73,5003.23,4874.66,3638.57,787,5933
Cebu Pacific,GES-CEB,2023,7,5120.208,100.0,10000.0,5449.33,3118.53,189,1950
Cebu Pacific,GES-ILO,2023,7,2973.024,100.0,10000.0,5449.33,3358.72,189,542
Cebu Pacific,GES-MNL,2023,7,18998.76,56.55,5085.8,5449.33,3638.57,189,5933
Cebu Pacific,ILO-CEB,2023,7,825.84,12.5,3985.59,3279.33,3118.53,573,1950
Cebu Pacific,ILO-GES,2023,7,2973.024,100.0,10000.0,3279.33,5468.72,573,188
Cebu Pacific,ILO-MNL,2023,7,32287.68,41.57,3481.94,3279.33,3638.57,573,5933
Cebu Pacific,ILO-PPS,2023,7,825.84,100.0,10000.0,3279.33,3471.28,573,395
Cebu Pacific,KLO-MNL,2023,7,5120.208,24.8,6270.08,6270.08,3638.57,125,5933
Cebu Pacific,LAO-MNL,2023,7,4459.536,33.83,5522.94,5522.82,3638.57,78,5933
Cebu Pacific,MNL-BCD,2023,7,32351.616,47.42,3659.56,3786.89,3537.1,5345,483
Cebu Pacific,MNL-BXU,2023,7,18498.816,64.65,5429.25,3786.89,4850.46,5345,211
Cebu Pacific,MNL-CEB,2023,7,48404.88,39.62,3528.12,3786.89,3118.53,5345,1950
Cebu Pacific,MNL-CGY,2023,7,25435.872,45.57,3715.11,3786.89,2968.75,5345,498
Cebu Pacific,MNL-CYZ,2023,7,4789.872,100.0,10000.0,3786.89,10000.0,5345,29
Cebu Pacific,MNL-DGT,2023,7,17507.808,64.24,5405.56,3786.89,5405.69,5345,165
Cebu Pacific,MNL-DPL,2023,7,4129.2,44.64,5057.46,3786.89,4516.64,5345,65
Cebu Pacific,MNL-DRP,2023,7,10570.752,48.42,4975.24,3786.89,4974.97,5345,155
Cebu Pacific,MNL-DVO,2023,7,50870.856,49.92,5000.01,3786.89,4905.32,5345,769
Cebu Pacific,MNL-GES,2023,7,18998.76,56.9,5095.22,3786.89,5468.72,5345,188
Cebu Pacific,MNL-ILO,2023,7,32618.016,45.31,3551.54,3786.89,3358.72,5345,542
Cebu Pacific,MNL-KLO,2023,7,5120.208,24.8,6270.08,3786.89,6270.08,5345,125
Cebu Pacific,MNL-LAO,2023,7,4624.704,34.65,5471.24,3786.89,5471.2,5345,79
Cebu Pacific,MNL-MPH,2023,7,34354.944,42.91,3476.24,3786.89,3774.68,5345,686
Cebu Pacific,MNL-OZC,2023,7,7597.728,60.24,5209.72,3786.89,4347.95,5345,98
Cebu Pacific,MNL-PAG,2023,7,10075.248,100.0,10000.0,3786.89,7025.79,5345,96
Cebu Pacific,MNL-PPS,2023,7,20860.896,37.15,3388.23,3786.89,3471.28,5345,395
Cebu Pacific,MNL-RXS,2023,7,9579.744,56.86,4319.17,3786.89,4319.49,5345,102
Cebu Pacific,MNL-TAC,2023,7,24114.528,46.19,3841.42,3786.89,3617.28,5345,369
Cebu Pacific,MNL-TAG,2023,7,23627.904,48.33,3719.02,3786.89,3689.17,5345,288
Cebu Pacific,MNL-TUG,2023,7,9249.408,100.0,10000.0,3786.89,10000.0,5345,56
Cebu Pacific,MNL-VRC,2023,7,4789.872,100.0,10000.0,3786.89,10000.0,5345,29
Cebu Pacific,MNL-ZAM,2023,7,165.168,7.14,8673.96,3786.89,5276.82,5345,68
Cebu Pacific,MPH-CEB,2023,7,7267.392,54.16,4149.58,3194.67,3118.53,871,1950
Cebu Pacific,MPH-CRK,2023,7,6771.888,100.0,10000.0,3194.67,8825.64,871,110
Cebu Pacific,MPH-MNL,2023,7,34354.944,32.26,3215.21,3194.67,3638.57,871,5933
Cebu Pacific,MPH-MPH,2023,7,165.168,73.23,6079.27,3194.67,3774.68,871,686
Cebu Pacific,NRT-CRK,2023,7,2973.024,100.0,10000.0,10000.0,8825.64,18,110
Cebu Pacific,OZC-MNL,2023,7,7432.56,59.71,5188.57,4098.51,3638.57,105,5933
Cebu Pacific,PAG-MNL,2023,7,9744.912,100.0,10000.0,6908.81,3638.57,95,5933
Cebu Pacific,PPS-CEB,2023,7,3964.032,75.13,6263.03,3773.15,3118.53,373,1950
Cebu Pacific,PPS-ILO,2023,7,825.84,100.0,10000.0,3773.15,3358.72,373,542
Cebu Pacific,PPS-MNL,2023,7,20860.896,36.68,3723.68,3773.15,3638.57,373,5933
Cebu Pacific,RXS-MNL,2023,7,9579.744,57.43,4345.93,4345.65,3638.57,101,5933
Cebu Pacific,TAC-MNL,2023,7,27748.224,42.03,3515.81,3119.86,3638.57,489,5933
Cebu Pacific,TAG-MNL,2023,7,29763.984,49.49,3725.05,3688.41,3638.57,350,5933
Cebu Pacific,TUG-MNL,2023,7,9249.408,100.0,10000.0,10000.0,3638.57,56,5933
Cebu Pacific,TWT-ZAM,2023,7,3303.36,60.61,5225.14,5224.98,5276.82,33,68
Cebu Pacific,ZAM-CEB,2023,7,4459.536,73.23,6079.27,5620.38,3118.53,273,1950
Cebu Pacific,ZAM-MNL,2023,7,19820.16,66.3,5531.38,5620.38,3638.57,273,5933
Cebu Pacific,ZAM-TWT,2023,7,4294.368,68.42,5678.59,5620.38,5678.67,273,38
Philippine Airlines,BCD-CEB,2023,7,2197.76,53.69,4714.25,3636.03,3118.53,493,1950
Philippine Airlines,BCD-MNL,2023,7,18516.128,28.84,3745.05,3636.03,3638.57,493,5933
Philippine Airlines,BPA-CEB,2023,7,439.552,100.0,10000.0,10000.0,3118.53,8,1950
Philippine Airlines,BXU-CEB,2023,7,824.16,26.65,6090.44,4572.68,3118.53,226,1950
Philippine Airlines,BXU-MNL,2023,7,9203.12,35.55,5417.6,4572.68,3638.57,226,5933
Philippine Airlines,CEB-BCD,2023,7,2252.704,54.75,5045.12,3302.34,3537.1,1895,483
Philippine Airlines,CEB-BPA,2023,7,494.496,100.0,10000.0,3302.34,10000.0,1895,9
Philippine Airlines,CEB-BXU,2023,7,824.16,38.12,5282.27,3302.34,4850.46,1895,211
Philippine Airlines,CEB-CGY,2023,7,2307.648,24.39,6311.74,3302.34,2968.75,1895,498
Philippine Airlines,CEB-DVO,2023,7,4993.44,25.13,6237.03,3302.34,4905.32,1895,769
Philippine Airlines,CEB-IAO,2023,7,3296.64,51.2,5002.88,3302.34,5648.0,1895,221
Philippine Airlines,CEB-ILO,2023,7,2637.312,48.79,4733.66,3302.34,3358.72,1895,542
Philippine Airlines,CEB-MNL,2023,7,48399.2,38.88,3665.19,3302.34,3638.57,1895,5933
Philippine Airlines,CEB-MPH,2023,7,4018.992,37.8,5297.68,3302.34,3774.68,1895,686
Philippine Airlines,CEB-PPS,2023,7,2388.448,39.84,5206.45,3302.34,3471.28,1895,395
Philippine Airlines,CEB-TAC,2023,7,1139.28,42.04,5126.72,3302.34,3617.28,1895,369
Philippine Airlines,CEB-USU,2023,7,2747.2,61.15,5248.64,3302.34,5227.7,1895,158
Philippine Airlines,CGY-CEB,2023,7,2307.648,24.84,6266.05,3081.15,3118.53,533,1950
Philippine Airlines,CGY-MNL,2023,7,22971.44,40.67,3761.56,3081.15,3638.57,533,5933
Philippine Airlines,CRK-USU,2023,7,988.992,100.0,10000.0,8880.63,5227.7,122,158
Philippine Airlines,CRM-MNL,2023,7,824.16,100.0,10000.0,10000.0,3638.57,15,5933
Philippine Airlines,CYP-MNL,2023,7,934.048,100.0,10000.0,5004.08,3638.57,34,5933
Philippine Airlines,DGT-MNL,2023,7,8866.992,43.7,5079.38,5079.29,3638.57,135,5933
Philippine Airlines,DPL-MNL,2023,7,4508.64,54.55,5041.41,4494.08,3638.57,64,5933
Philippine Airlines,DRP-MNL,2023,7,10133.936,51.15,4973.51,4974.15,3638.57,154,5933
Philippine Airlines,DVO-CEB,2023,7,4938.496,28.55,5920.2,4874.66,3118.53,787,1950
Philippine Airlines,DVO-MNL,2023,7,50236.592,51.27,5003.23,4874.66,3638.57,787,5933
Philippine Airlines,DVO-TAG,2023,7,714.272,100.0,10000.0,4874.66,3689.17,787,288
Philippine Airlines,EUQ-MNL,2023,7,659.328,100.0,10000.0,10000.0,3638.57,12,5933
Philippine Airlines,GES-MNL,2023,7,13280.288,43.45,5085.8,5449.33,3638.57,189,5933
Philippine Airlines,IAO-CEB,2023,7,3241.696,46.16,5029.49,5170.51,3118.53,198,1950
Philippine Airlines,IAO-MNL,2023,7,3351.584,100.0,10000.0,5170.51,3638.57,198,5933
Philippine Airlines,ILO-CEB,2023,7,2582.368,42.97,3985.59,3279.33,3118.53,573,1950
Philippine Airlines,ILO-MNL,2023,7,17031.024,24.1,3481.94,3279.33,3638.57,573,5933
Philippine Airlines,LAO-MNL,2023,7,7936.176,66.17,5522.94,5522.82,3638.57,78,5933
Philippine Airlines,MNL-BCD,2023,7,18666.416,30.07,3659.56,3786.89,3537.1,5345,483
Philippine Airlines,MNL-BSO,2023,7,1593.376,100.0,10000.0,3786.89,10000.0,5345,29
Philippine Airlines,MNL-BXU,2023,7,9203.12,35.35,5429.25,3786.89,4850.46,5345,211
Philippine Airlines,MNL-CEB,2023,7,43484.944,39.12,3528.12,3786.89,3118.53,5345,1950
Philippine Airlines,MNL-CGY,2023,7,18325.44,36.08,3715.11,3786.89,2968.75,5345,498
Philippine Airlines,MNL-CRM,2023,7,879.104,100.0,10000.0,3786.89,10000.0,5345,16
Philippine Airlines,MNL-CYP,2023,7,988.992,100.0,10000.0,3786.89,5000.0,5345,35
Philippine Airlines,MNL-DGT,2023,7,8866.992,35.76,5405.56,3786.89,5405.69,5345,165
Philippine Airlines,MNL-DPL,2023,7,4658.928,55.36,5057.46,3786.89,4516.64,5345,65
Philippine Airlines,MNL-DRP,2023,7,10188.88,51.29,4975.24,3786.89,4974.97,5345,155
Philippine Airlines,MNL-DVO,2023,7,46443.84,50.08,5000.01,3786.89,4905.32,5345,769
Philippine Airlines,MNL-EUQ,2023,7,659.328,100.0,10000.0,3786.89,10000.0,5345,12
Philippine Airlines,MNL-GES,2023,7,13094.448,43.1,5095.22,3786.89,5468.72,5345,188
Philippine Airlines,MNL-IAO,2023,7,5109.792,98.87,9776.55,3786.89,5648.0,5345,221
Philippine Airlines,MNL-ILO,2023,7,17031.024,26.0,3551.54,3786.89,3358.72,5345,542
Philippine Airlines,MNL-LAO,2023,7,7936.176,65.35,5471.24,3786.89,5471.2,5345,79
Philippine Airlines,MNL-MNL,2023,7,185.84,100.0,10000.0,3786.89,3638.57,5345,5933
Philippine Airlines,MNL-MPH,2023,7,25865.696,35.51,3476.24,3786.89,3774.68,5345,686
Philippine Airlines,MNL-OZC,2023,7,4563.584,39.76,5209.72,3786.89,4347.95,5345,98
Philippine Airlines,MNL-PPS,2023,7,18133.136,35.49,3388.23,3786.89,3471.28,5345,395
Philippine Airlines,MNL-RXS,2023,7,4658.928,30.39,4319.17,3786.89,4319.49,5345,102
Philippine Airlines,MNL-TAC,2023,7,18199.392,38.31,3841.42,3786.89,3617.28,5345,369
Philippine Airlines,MNL-TAG,2023,7,13668.128,30.73,3719.02,3786.89,3689.17,5345,288
Philippine Airlines,MNL-USU,2023,7,1648.32,48.57,5004.09,3786.89,5227.7,5345,158
Philippine Airlines,MNL-ZAM,2023,7,1953.744,92.86,8673.96,3786.89,5276.82,5345,68
Philippine Airlines,MPH-CEB,2023,7,3909.104,32.02,4149.58,3194.67,3118.53,871,1950
Philippine Airlines,MPH-MNL,2023,7,30400.192,31.38,3215.21,3194.67,3638.57,871,5933
Philippine Airlines,MPH-MPH,2023,7,54.944,26.77,6079.27,3194.67,3774.68,871,686
Philippine Airlines,OZC-MNL,2023,7,4563.584,40.29,5188.57,4098.51,3638.57,105,5933
Philippine Airlines,PPS-CEB,2023,7,1194.224,24.87,6263.03,3773.15,3118.53,373,1950
Philippine Airlines,PPS-MNL,2023,7,23451.392,45.32,3723.68,3773.15,3638.57,373,5933
Philippine Airlines,RXS-MNL,2023,7,4508.64,29.7,4345.93,4345.65,3638.57,101,5933
Philippine Airlines,TAC-CEB,2023,7,1139.28,23.43,6411.93,3119.86,3118.53,489,1950
Philippine Airlines,TAC-MNL,2023,7,13886.288,23.11,3515.81,3119.86,3638.57,489,5933
Philippine Airlines,TAG-DVO,2023,7,714.272,100.0,10000.0,3688.41,4905.32,350,769
Philippine Airlines,TAG-MNL,2023,7,13668.128,24.97,3725.05,3688.41,3638.57,350,5933
Philippine Airlines,TWT-ZAM,2023,7,1953.744,39.39,5225.14,5224.98,5276.82,33,68
Philippine Airlines,USU-CEB,2023,7,2747.2,52.93,5017.17,5169.78,3118.53,230,1950
Philippine Airlines,USU-CRK,2023,7,934.048,100.0,10000.0,5169.78,8825.64,230,110
Philippine Airlines,USU-MNL,2023,7,1648.32,23.74,6379.18,5169.78,3638.57,230,5933
Philippine Airlines,ZAM-CEB,2023,7,1483.488,26.77,6079.27,5620.38,3118.53,273,1950
Philippine Airlines,ZAM-MNL,2023,7,9167.568,33.7,5531.38,5620.38,3638.57,273,5933
Philippine Airlines,ZAM-TWT,2023,7,1803.456,31.58,5678.59,5620.38,5678.67,273,38
AirAsia,BCD-MNL,2023,8,15395.22,23.19,3622.97,3560.0,3653.33,462,5799
AirAsia,CEB-MNL,2023,8,25658.7,18.72,3654.16,3260.37,3653.33,1859,5799
AirAsia,CGY-MNL,2023,8,10263.48,16.59,3913.21,3145.4,3653.33,550,5799
AirAsia,ILO-MNL,2023,8,25984.44,32.52,3587.45,3363.65,3653.33,596,5799
AirAsia,KLO-MNL,2023,8,15395.22,75.0,6250.0,6250.0,3653.33,124,5799
AirAsia,MNL-BCD,2023,8,15560.76,23.97,3566.94,3799.43,3507.86,5218,453
AirAsia,MNL-CEB,2023,8,25658.7,21.45,3552.64,3799.43,3079.13,5218,1887
AirAsia,MNL-CGY,2023,8,10263.48,19.29,3839.08,3799.43,3000.83,5218,503
AirAsia,MNL-ILO,2023,8,20526.96,27.58,3674.84,3799.43,3442.96,5218,565
AirAsia,MNL-KLO,2023,8,15229.68,74.8,6230.08,3799.43,6229.76,5218,123
AirAsia,MNL-MPH,2023,8,15395.22,20.76,3444.51,3799.43,3722.15,5218,631
AirAsia,MNL-PPS,2023,8,15395.22,26.74,3495.42,3799.43,3550.78,5218,417
AirAsia,MNL-RXS,2023,8,2317.56,14.74,4255.75,3799.43,4255.96,5218,95
AirAsia,MNL-TAC,2023,8,7945.92,15.45,3851.69,3799.43,3618.06,5218,382
AirAsia,MNL-TAG,2023,8,10263.48,22.11,3754.91,3799.43,3710.63,5218,284
AirAsia,MPH-MNL,2023,8,36253.26,36.88,3246.62,3189.78,3653.33,806,5799
AirAsia,PPS-MNL,2023,8,10263.48,17.23,3722.65,3800.75,3653.33,389,5799
AirAsia,RXS-MNL,2023,8,2317.56,14.74,4255.75,4255.96,3653.33,95,5799
AirAsia,TAC-MNL,2023,8,22468.94,35.75,3493.3,3161.72,3653.33,469,5799
AirAsia,TAG-MNL,2023,8,15395.22,26.25,3755.75,3698.61,3653.33,352,5799
Cebgo,BCD-CEB,2023,8,1112.184,28.8,5371.4,3560.0,3079.13,462,1887
Cebgo,BXU-CEB,2023,8,3043.872,73.35,6090.44,4526.47,3079.13,248,1887
Cebgo,CEB-BCD,2023,8,1053.648,28.85,5894.65,3260.37,3507.86,1859,453
Cebgo,CEB-BXU,2023,8,1463.4,55.76,5066.36,3260.37,4938.48,1859,223
Cebgo,CEB-CEB,2023,8,175.608,100.0,10000.0,3260.37,3079.13,1859,1887
Cebgo,CEB-CGM,2023,8,58.536,100.0,10000.0,3260.37,10000.0,1859,1
Cebgo,CEB-CGY,2023,8,7082.856,67.84,5636.53,3260.37,3000.83,1859,503
Cebgo,CEB-CYP,2023,8,995.112,100.0,10000.0,3260.37,5017.3,1859,33
Cebgo,CEB-DPL,2023,8,117.072,100.0,10000.0,3260.37,5249.4,1859,68
Cebgo,CEB-IAO,2023,8,3629.232,53.53,5024.92,3260.37,5464.09,1859,224
Cebgo,CEB-ILO,2023,8,2751.192,45.56,4779.73,3260.37,3442.96,1859,565
Cebgo,CEB-OZC,2023,8,1287.792,100.0,10000.0,3260.37,4434.97,1859,96
Cebgo,CEB-PAG,2023,8,1756.08,100.0,10000.0,3260.37,7187.88,1859,87
Cebgo,CEB-SUG,2023,8,468.288,100.0,10000.0,3260.37,10000.0,1859,8
Cebgo,CEB-TAC,2023,8,1639.008,49.7,5000.18,3260.37,3618.06,1859,382
Cebgo,CEB-USU,2023,8,1814.616,45.07,5048.61,3260.37,5097.84,1859,149
Cebgo,CGM-CEB,2023,8,58.536,100.0,10000.0,10000.0,3079.13,1,1887
Cebgo,CGY-CEB,2023,8,6965.784,68.58,5690.43,3145.4,3079.13,550,1887
Cebgo,CGY-DVO,2023,8,1053.648,100.0,10000.0,3145.4,4869.45,550,751
Cebgo,CYP-CEB,2023,8,819.504,100.0,10000.0,5023.39,3079.13,31,1887
Cebgo,DVO-CGY,2023,8,995.112,100.0,10000.0,4872.08,3000.83,798,503
Cebgo,DVO-IAO,2023,8,760.968,100.0,10000.0,4872.08,5464.09,798,224
Cebgo,IAO-CEB,2023,8,4214.592,58.09,5130.9,5070.97,3079.13,197,1887
Cebgo,IAO-DVO,2023,8,702.432,100.0,10000.0,5070.97,4869.45,197,751
Cebgo,ILO-CEB,2023,8,2751.192,40.28,3921.84,3363.65,3079.13,596,1887
Cebgo,MNL-MPH,2023,8,1697.544,2.51,3444.51,3799.43,3722.15,5218,631
Cebgo,MNL-USU,2023,8,1814.616,51.43,5004.09,3799.43,5097.84,5218,149
Cebgo,MNL-WNP,2023,8,2985.336,100.0,10000.0,3799.43,10000.0,5218,51
Cebgo,MPH-CEB,2023,8,1580.472,11.28,4062.89,3189.78,3079.13,806,1887
Cebgo,MPH-MNL,2023,8,1756.08,1.96,3246.62,3189.78,3653.33,806,5799
Cebgo,OZC-CEB,2023,8,2224.368,100.0,10000.0,3983.45,3079.13,111,1887
Cebgo,PAG-CEB,2023,8,1814.616,100.0,10000.0,7126.65,3079.13,88,1887
Cebgo,SUG-CEB,2023,8,468.288,100.0,10000.0,10000.0,3079.13,8,1887
Cebgo,TAC-CEB,2023,8,2692.656,61.88,5282.27,3161.72,3079.13,469,1887
Cebgo,USU-CEB,2023,8,2458.512,54.58,5041.95,5311.83,3079.13,211,1887
Cebgo,USU-MNL,2023,8,5092.632,76.06,6358.25,5311.83,3653.33,211,5799
Cebgo,WNP-MNL,2023,8,2868.264,100.0,10000.0,10000.0,3653.33,49,5799
Cebu Pacific,BCD-CEB,2023,8,151.218,3.92,5371.4,3560.0,3079.13,462,1887
Cebu Pacific,BCD-DVO,2023,8,2908.914,100.0,10000.0,3560.0,4869.45,462,751
Cebu Pacific,BCD-MNL,2023,8,28277.766,46.63,3622.97,3560.0,3653.33,462,5799
Cebu Pacific,BXU-MNL,2023,8,17843.724,68.03,5650.16,4526.47,3653.33,248,5799
Cebu Pacific,CEB-CRK,2023,8,6351.156,100.0,10000.0,3260.37,8927.21,1859,113
Cebu Pacific,CEB-DVO,2023,8,9713.724,54.91,5048.22,3260.37,4869.45,1859,751
Cebu Pacific,CEB-GES,2023,8,2570.706,100.0,10000.0,3260.37,5179.22,1859,167
Cebu Pacific,CEB-ILO,2023,8,151.218,2.5,4779.73,3260.37,3442.96,1859,565
Cebu Pacific,CEB-MNL,2023,8,51495.42,41.14,3654.16,3260.37,3653.33,1859,5799
Cebu Pacific,CEB-MPH,2023,8,6199.938,50.09,5000.02,3260.37,3722.15,1859,631
Cebu Pacific,CEB-Not available,2023,8,302.436,100.0,10000.0,3260.37,10000.0,1859,2
Cebu Pacific,CEB-PPS,2023,8,1965.834,38.84,5249.09,3260.37,3550.78,1859,417
Cebu Pacific,CEB-ZAM,2023,8,453.654,100.0,10000.0,3260.37,6503.64,1859,31
Cebu Pacific,CGY-MNL,2023,8,28624.104,50.65,3913.21,3145.4,3653.33,550,5799
Cebu Pacific,CRK-CEB,2023,8,8165.772,100.0,10000.0,8875.87,3079.13,108,1887
Cebu Pacific,CRK-MNL,2023,8,151.218,100.0,10000.0,8875.87,3653.33,108,5799
Cebu Pacific,CRK-MPH,2023,8,5595.066,100.0,10000.0,8875.87,3722.15,108,631
Cebu Pacific,CYZ-MNL,2023,8,4082.886,100.0,10000.0,10000.0,3653.33,27,5799
Cebu Pacific,DGT-MNL,2023,8,9980.388,55.12,5052.43,5052.5,3653.33,121,5799
Cebu Pacific,DPL-MNL,2023,8,6351.156,63.64,5372.1,5371.9,3653.33,66,5799
Cebu Pacific,DRP-MNL,2023,8,6609.69,40.76,5170.76,5170.75,3653.33,130,5799
Cebu Pacific,DVO-BCD,2023,8,2908.914,100.0,10000.0,4872.08,3507.86,798,453
Cebu Pacific,DVO-CEB,2023,8,10203.15,56.13,5075.15,4872.08,3079.13,798,1887
Cebu Pacific,DVO-ILO,2023,8,302.436,100.0,10000.0,4872.08,3442.96,798,565
Cebu Pacific,DVO-MNL,2023,8,52163.706,50.08,5000.01,4872.08,3653.33,798,5799
Cebu Pacific,GES-CEB,2023,8,2570.706,100.0,10000.0,5179.22,3079.13,167,1887
Cebu Pacific,GES-ILO,2023,8,1512.18,100.0,10000.0,5179.22,3442.96,167,565
Cebu Pacific,GES-MNL,2023,8,16606.338,54.08,5033.29,5179.22,3653.33,167,5799
Cebu Pacific,ILO-CEB,2023,8,943.08,13.81,3921.84,3363.65,3079.13,596,1887
Cebu Pacific,ILO-GES,2023,8,1512.18,100.0,10000.0,3363.65,5179.22,596,167
Cebu Pacific,ILO-ILO,2023,8,186.99,100.0,10000.0,3363.65,3442.96,596,565
Cebu Pacific,ILO-MNL,2023,8,32835.444,44.99,3587.45,3363.65,3653.33,596,5799
Cebu Pacific,ILO-PPS,2023,8,1360.962,100.0,10000.0,3363.65,3550.78,596,417
Cebu Pacific,KLO-MNL,2023,8,4687.758,25.0,6250.0,6250.0,3653.33,124,5799
Cebu Pacific,LAO-MNL,2023,8,4385.322,36.57,5360.73,5360.49,3653.33,85,5799
Cebu Pacific,MNL-BCD,2023,8,26781.846,45.16,3566.94,3799.43,3507.86,5218,453
Cebu Pacific,MNL-BXU,2023,8,17843.724,67.88,5639.39,3799.43,4938.48,5218,223
Cebu Pacific,MNL-CEB,2023,8,40796.34,37.34,3552.64,3799.43,3079.13,5218,1887
Cebu Pacific,MNL-CGY,2023,8,24593.25,50.6,3839.08,3799.43,3000.83,5218,503
Cebu Pacific,MNL-CYZ,2023,8,4082.886,100.0,10000.0,3799.43,10000.0,5218,27
Cebu Pacific,MNL-DGT,2023,8,14214.492,64.06,5395.37,3799.43,5395.52,5218,148
Cebu Pacific,MNL-DPL,2023,8,6351.156,63.64,5372.1,3799.43,5249.4,5218,68
Cebu Pacific,MNL-DRP,2023,8,6609.69,41.04,5160.56,3799.43,5160.57,5218,128
Cebu Pacific,MNL-DVO,2023,8,49939.338,51.19,5002.83,3799.43,4869.45,5218,751
Cebu Pacific,MNL-GES,2023,8,16606.338,54.08,5033.29,3799.43,5179.22,5218,167
Cebu Pacific,MNL-ILO,2023,8,32835.444,48.29,3674.84,3799.43,3442.96,5218,565
Cebu Pacific,MNL-KLO,2023,8,4687.758,25.2,6230.08,3799.43,6229.76,5218,123
Cebu Pacific,MNL-LAO,2023,8,4385.322,36.87,5344.79,3799.43,5344.82,5218,85
Cebu Pacific,MNL-MNL,2023,8,151.218,100.0,10000.0,3799.43,3653.33,5218,5799
Cebu Pacific,MNL-MPH,2023,8,29789.946,43.97,3444.51,3799.43,3722.15,5218,631
Cebu Pacific,MNL-OZC,2023,8,6956.028,64.37,5412.99,3799.43,4434.97,5218,96
Cebu Pacific,MNL-PAG,2023,8,8619.426,100.0,10000.0,3799.43,7187.88,5218,87
Cebu Pacific,MNL-PPS,2023,8,22929.852,43.59,3495.42,3799.43,3550.78,5218,417
Cebu Pacific,MNL-RXS,2023,8,8165.772,56.84,4255.75,3799.43,4255.96,5218,95
Cebu Pacific,MNL-TAC,2023,8,21926.61,46.67,3851.69,3799.43,3618.06,5218,382
Cebu Pacific,MNL-TAG,2023,8,21087.594,49.73,3754.91,3799.43,3710.63,5218,284
Cebu Pacific,MNL-TUG,2023,8,6956.028,100.0,10000.0,3799.43,10000.0,5218,46
Cebu Pacific,MNL-VRC,2023,8,4687.758,100.0,10000.0,3799.43,10000.0,5218,31
Cebu Pacific,MPH-CEB,2023,8,6199.938,44.24,4062.89,3189.78,3079.13,806,1887
Cebu Pacific,MPH-CRK,2023,8,5595.066,100.0,10000.0,3189.78,8927.21,806,113
Cebu Pacific,MPH-MNL,2023,8,29638.728,33.01,3246.62,3189.78,3653.33,806,5799
Cebu Pacific,NRT-CRK,2023,8,2721.924,100.0,10000.0,10000.0,8927.21,18,113
Cebu Pacific,OZC-MNL,2023,8,6804.81,63.86,5384.2,3983.45,3653.33,111,5799
Cebu Pacific,PAG-MNL,2023,8,8619.426,100.0,10000.0,7126.65,3653.33,88,5799
Cebu Pacific,PPS-CEB,2023,8,1965.834,55.95,5070.8,3800.75,3079.13,389,1887
Cebu Pacific,PPS-ILO,2023,8,1360.962,100.0,10000.0,3800.75,3442.96,389,565
Cebu Pacific,PPS-MNL,2023,8,22742.862,41.8,3722.65,3800.75,3653.33,389,5799
Cebu Pacific,RXS-MNL,2023,8,8165.772,56.84,4255.75,4255.96,3653.33,95,5799
Cebu Pacific,TAC-MNL,2023,8,23438.79,40.82,3493.3,3161.72,3653.33,469,5799
Cebu Pacific,TAG-MNL,2023,8,26812.74,50.05,3755.75,3698.61,3653.33,352,5799
Cebu Pacific,TUG-MNL,2023,8,7107.246,100.0,10000.0,10000.0,3653.33,47,5799
Cebu Pacific,TWT-ZAM,2023,8,453.654,20.0,6800.0,6800.0,6503.64,15,31
Cebu Pacific,ZAM-CEB,2023,8,1209.744,44.77,5054.71,5142.86,3079.13,208,1887
Cebu Pacific,ZAM-MNL,2023,8,14588.472,62.71,5323.09,5142.86,3653.33,208,5799
Cebu Pacific,ZAM-TWT,2023,8,907.308,33.33,5555.78,5142.86,5555.56,208,18
Cebu Pacific,ZAM-ZAM,2023,8,151.218,100.0,10000.0,5142.86,6503.64,208,31
Philippine Airlines,BCD-CEB,2023,8,2582.368,67.28,5371.4,3560.0,3079.13,462,1887
Philippine Airlines,BCD-MNL,2023,8,18192.928,30.18,3622.97,3560.0,3653.33,462,5799
Philippine Airlines,BPA-CEB,2023,8,439.552,100.0,10000.0,10000.0,3079.13,8,1887
Philippine Airlines,BXU-CEB,2023,8,1098.88,26.65,6090.44,4526.47,3079.13,248,1887
Philippine Airlines,BXU-MNL,2023,8,8335.328,31.97,5650.16,4526.47,3653.33,248,5799
Philippine Airlines,CEB-BCD,2023,8,2582.368,71.15,5894.65,3260.37,3507.86,1859,453
Philippine Airlines,CEB-BPA,2023,8,439.552,100.0,10000.0,3260.37,10000.0,1859,8
Philippine Airlines,CEB-BXU,2023,8,1153.824,44.24,5066.36,3260.37,4938.48,1859,223
Philippine Airlines,CEB-CGY,2023,8,3337.04,32.16,5636.53,3260.37,3000.83,1859,503
Philippine Airlines,CEB-DVO,2023,8,7926.48,45.09,5048.22,3260.37,4869.45,1859,751
Philippine Airlines,CEB-IAO,2023,8,3131.808,46.47,5024.92,3260.37,5464.09,1859,224
Philippine Airlines,CEB-ILO,2023,8,3117.264,51.94,4779.73,3260.37,3442.96,1859,565
Philippine Airlines,CEB-MNL,2023,8,49934.4,40.14,3654.16,3260.37,3653.33,1859,5799
Philippine Airlines,CEB-MPH,2023,8,6139.184,49.91,5000.02,3260.37,3722.15,1859,631
Philippine Airlines,CEB-PPS,2023,8,3076.864,61.16,5249.09,3260.37,3550.78,1859,417
Philippine Airlines,CEB-TAC,2023,8,1648.32,50.3,5000.18,3260.37,3618.06,1859,382
Philippine Airlines,CEB-USU,2023,8,2197.76,54.93,5048.61,3260.37,5097.84,1859,149
Philippine Airlines,CGY-CEB,2023,8,3172.208,31.42,5690.43,3145.4,3079.13,550,1887
Philippine Airlines,CGY-MNL,2023,8,18394.928,32.75,3913.21,3145.4,3653.33,550,5799
Philippine Airlines,CRK-USU,2023,8,879.104,100.0,10000.0,8875.87,5097.84,108,149
Philippine Airlines,CRM-MNL,2023,8,879.104,100.0,10000.0,10000.0,3653.33,16,5799
Philippine Airlines,CYP-MNL,2023,8,934.048,100.0,10000.0,5023.39,3653.33,31,5799
Philippine Airlines,DGT-MNL,2023,8,8075.152,44.88,5052.43,5052.5,3653.33,121,5799
Philippine Airlines,DPL-MNL,2023,8,3606.912,36.36,5372.1,5371.9,3653.33,66,5799
Philippine Airlines,DRP-MNL,2023,8,9547.328,59.24,5170.76,5170.75,3653.33,130,5799
Philippine Airlines,DVO-CEB,2023,8,7926.48,43.87,5075.15,4872.08,3079.13,798,1887
Philippine Airlines,DVO-MNL,2023,8,51682.912,49.92,5000.01,4872.08,3653.33,798,5799
Philippine Airlines,DVO-TAG,2023,8,1153.824,100.0,10000.0,4872.08,3710.63,798,284
Philippine Airlines,EUQ-MNL,2023,8,659.328,100.0,10000.0,10000.0,3653.33,12,5799
Philippine Airlines,GES-MNL,2023,8,14015.568,45.92,5033.29,5179.22,3653.33,167,5799
Philippine Airlines,IAO-CEB,2023,8,3021.92,41.91,5130.9,5070.97,3079.13,197,1887
Philippine Airlines,IAO-MNL,2023,8,3186.752,100.0,10000.0,5070.97,3653.33,197,5799
Philippine Airlines,ILO-CEB,2023,8,3117.264,45.92,3921.84,3363.65,3079.13,596,1887
Philippine Airlines,ILO-MNL,2023,8,16310.288,22.49,3587.45,3363.65,3653.33,596,5799
Philippine Airlines,LAO-MNL,2023,8,7558.032,63.43,5360.73,5360.49,3653.33,85,5799
Philippine Airlines,MNL-BCD,2023,8,18192.928,30.87,3566.94,3799.43,3507.86,5218,453
Philippine Airlines,MNL-BSO,2023,8,1373.6,100.0,10000.0,3799.43,10000.0,5218,25
Philippine Airlines,MNL-BXU,2023,8,8390.272,32.12,5639.39,3799.43,4938.48,5218,223
Philippine Airlines,MNL-CEB,2023,8,44758.352,41.21,3552.64,3799.43,3079.13,5218,1887
Philippine Airlines,MNL-CGY,2023,8,14547.232,30.11,3839.08,3799.43,3000.83,5218,503
Philippine Airlines,MNL-CRM,2023,8,934.048,100.0,10000.0,3799.43,10000.0,5218,17
Philippine Airlines,MNL-CYP,2023,8,879.104,100.0,10000.0,3799.43,5017.3,5218,33
Philippine Airlines,MNL-DGT,2023,8,7924.864,35.94,5395.37,3799.43,5395.52,5218,148
Philippine Airlines,MNL-DPL,2023,8,3606.912,36.36,5372.1,3799.43,5249.4,5218,68
Philippine Airlines,MNL-DRP,2023,8,9437.44,58.96,5160.56,3799.43,5160.57,5218,128
Philippine Airlines,MNL-DVO,2023,8,47324.56,48.81,5002.83,3799.43,4869.45,5218,751
Philippine Airlines,MNL-EUQ,2023,8,769.216,100.0,10000.0,3799.43,10000.0,5218,14
Philippine Airlines,MNL-GES,2023,8,14015.568,45.92,5033.29,3799.43,5179.22,5218,167
Philippine Airlines,MNL-IAO,2023,8,5054.848,100.0,10000.0,3799.43,5464.09,5218,224
Philippine Airlines,MNL-ILO,2023,8,16310.288,24.13,3674.84,3799.43,3442.96,5218,565
Philippine Airlines,MNL-LAO,2023,8,7462.688,63.13,5344.79,3799.43,5344.82,5218,85
Philippine Airlines,MNL-MPH,2023,8,22068.096,32.77,3444.51,3799.43,3722.15,5218,631
Philippine Airlines,MNL-OZC,2023,8,3826.688,35.63,5412.99,3799.43,4434.97,5218,96
Philippine Airlines,MNL-PPS,2023,8,15511.984,29.67,3495.42,3799.43,3550.78,5218,417
Philippine Airlines,MNL-RXS,2023,8,4057.776,28.42,4255.75,3799.43,4255.96,5218,95
Philippine Airlines,MNL-TAC,2023,8,17685.504,37.88,3851.69,3799.43,3618.06,5218,382
Philippine Airlines,MNL-TAG,2023,8,11867.904,28.16,3754.91,3799.43,3710.63,5218,284
Philippine Airlines,MNL-USU,2023,8,1703.264,48.57,5004.09,3799.43,5097.84,5218,149
Philippine Airlines,MNL-ZAM,2023,8,1803.456,100.0,10000.0,3799.43,6503.64,5218,31
Philippine Airlines,MPH-CEB,2023,8,6194.128,44.48,4062.89,3189.78,3079.13,806,1887
Philippine Airlines,MPH-MNL,2023,8,25128.8,28.16,3246.62,3189.78,3653.33,806,5799
Philippine Airlines,OZC-MNL,2023,8,3826.688,36.14,5384.2,3983.45,3653.33,111,5799
Philippine Airlines,PPS-CEB,2023,8,1538.432,44.05,5070.8,3800.75,3079.13,389,1887
Philippine Airlines,PPS-MNL,2023,8,22150.512,40.97,3722.65,3800.75,3653.33,389,5799
Philippine Airlines,RXS-MNL,2023,8,4057.776,28.42,4255.75,4255.96,3653.33,95,5799
Philippine Airlines,TAC-CEB,2023,8,1648.32,38.12,5282.27,3161.72,3079.13,469,1887
Philippine Airlines,TAC-MNL,2023,8,13367.552,23.43,3493.3,3161.72,3653.33,469,5799
Philippine Airlines,TAG-DVO,2023,8,1208.768,100.0,10000.0,3698.61,4869.45,352,751
Philippine Airlines,TAG-MNL,2023,8,12619.344,23.7,3755.75,3698.61,3653.33,352,5799
Philippine Airlines,TWT-ZAM,2023,8,1803.456,80.0,6800.0,6800.0,6503.64,15,31
Philippine Airlines,USU-CEB,2023,8,2032.928,45.42,5041.95,5311.83,3079.13,211,1887
Philippine Airlines,USU-CRK,2023,8,879.104,100.0,10000.0,5311.83,8927.21,211,113
Philippine Airlines,USU-MNL,2023,8,1593.376,23.94,6358.25,5311.83,3653.33,211,5799
Philippine Airlines,ZAM-CEB,2023,8,1483.488,55.23,5054.71,5142.86,3079.13,208,1887
Philippine Airlines,ZAM-MNL,2023,8,8621.36,37.29,5323.09,5142.86,3653.33,208,5799
Philippine Airlines,ZAM-TWT,2023,8,1803.456,66.67,5555.78,5142.86,5555.56,208,18
AirAsia,BCD-MNL,2023,9,12746.58,23.34,3577.53,3503.27,3697.4,384,5215
AirAsia,CEB-MNL,2023,9,19699.26,16.04,3816.04,3285.79,3697.4,1726,5215
AirAsia,CGY-MNL,2023,9,9766.86,15.32,4051.41,3228.68,3697.4,536,5215
AirAsia,ILO-MNL,2023,9,21466.8,30.93,3926.48,3625.2,3697.4,514,5215
AirAsia,KLO-MNL,2023,9,12746.58,79.38,6726.37,6726.54,3697.4,97,5215
AirAsia,MNL-BCD,2023,9,12746.58,24.33,3499.76,3808.29,3421.45,4708,374
AirAsia,MNL-CEB,2023,9,19699.26,18.49,3672.51,3808.29,3101.34,4708,1762
AirAsia,MNL-CGY,2023,9,9932.4,18.12,3958.04,3808.29,3080.47,4708,480
AirAsia,MNL-ILO,2023,9,15560.76,24.44,4137.21,3808.29,3795.73,4708,491
AirAsia,MNL-KLO,2023,9,12746.58,79.38,6726.37,3808.29,6726.54,4708,97
AirAsia,MNL-MPH,2023,9,14236.44,24.15,3283.73,3808.29,3540.01,4708,517
AirAsia,MNL-PPS,2023,9,14401.98,26.16,3644.23,3808.29,3690.77,4708,385
AirAsia,MNL-RXS,2023,9,2152.02,15.85,3881.75,3808.29,3881.62,4708,82
AirAsia,MNL-TAC,2023,9,7945.92,17.32,3758.1,3808.29,3577.27,4708,334
AirAsia,MNL-TAG,2023,9,9766.86,24.91,3505.31,3808.29,3492.92,4708,254
AirAsia,MPH-MNL,2023,9,28803.96,37.9,3224.67,3140.18,3697.4,643,5215
AirAsia,PPS-MNL,2023,9,9766.86,17.65,3791.4,3887.34,3697.4,364,5215
AirAsia,RXS-MNL,2023,9,2152.02,16.05,3891.07,3891.18,3697.4,81,5215
AirAsia,TAC-MNL,2023,9,20030.34,34.96,3372.25,3058.63,3697.4,422,5215
AirAsia,TAG-MNL,2023,9,12912.12,26.83,3624.26,3582.77,3697.4,302,5215
Cebgo,BCD-CEB,2023,9,1033.056,33.33,5555.78,3503.27,3101.34,384,1762
Cebgo,BXU-CEB,2023,9,2066.112,63.16,5346.37,4379.55,3101.34,193,1762
Cebgo,CEB-BCD,2023,9,1093.824,34.62,5473.09,3285.79,3421.45,1726,374
Cebgo,CEB-BXU,2023,9,1276.128,49.15,5001.44,3285.79,4623.14,1726,181
Cebgo,CEB-CEB,2023,9,60.768,100.0,10000.0,3285.79,3101.34,1726,1762
Cebgo,CEB-CGY,2023,9,7839.072,82.49,7111.2,3285.79,3080.47,1726,480
Cebgo,CEB-CRK,2023,9,364.608,8.5,8444.5,3285.79,7695.8,1726,89
Cebgo,CEB-CYP,2023,9,1093.824,100.0,10000.0,3285.79,5043.9,1726,41
Cebgo,CEB-DGT,2023,9,60.768,100.0,10000.0,3285.79,5118.67,1726,141
Cebgo,CEB-DPL,2023,9,60.768,100.0,10000.0,3285.79,5028.8,1726,70
Cebgo,CEB-DRP,2023,9,60.768,100.0,10000.0,3285.79,4971.86,1726,148
Cebgo,CEB-IAO,2023,9,3524.544,50.58,5000.67,3285.79,5542.23,1726,220
Cebgo,CEB-ILO,2023,9,2977.632,54.68,5043.8,3285.79,3795.73,1726,491
Cebgo,CEB-OZC,2023,9,1276.128,100.0,10000.0,3285.79,4165.36,1726,88
Cebgo,CEB-PAG,2023,9,2126.88,100.0,10000.0,3285.79,6929.95,1726,93
Cebgo,CEB-SUG,2023,9,729.216,100.0,10000.0,3285.79,10000.0,1726,12
Cebgo,CEB-TAC,2023,9,1640.736,48.8,5002.88,3285.79,3577.27,1726,334
Cebgo,CEB-USU,2023,9,1823.04,54.05,5032.8,3285.79,5019.53,1726,132
Cebgo,CGY-CEB,2023,9,7899.84,81.62,6999.65,3228.68,3101.34,536,1762
Cebgo,CGY-DVO,2023,9,911.52,100.0,10000.0,3228.68,4860.34,536,690
Cebgo,CRK-CEB,2023,9,364.608,5.12,9028.43,7689.59,3101.34,92,1762
Cebgo,CRK-PPS,2023,9,243.072,100.0,10000.0,7689.59,3690.77,92,385
Cebgo,CYP-CEB,2023,9,972.288,100.0,10000.0,5148.63,3101.34,40,1762
Cebgo,DGT-CEB,2023,9,60.768,100.0,10000.0,4971.68,3101.34,111,1762
Cebgo,DRP-CEB,2023,9,60.768,100.0,10000.0,4973.7,3101.34,147,1762
Cebgo,DVO-CGY,2023,9,911.52,100.0,10000.0,4863.68,3080.47,739,480
Cebgo,DVO-IAO,2023,9,789.984,100.0,10000.0,4863.68,5542.23,739,220
Cebgo,IAO-CEB,2023,9,4192.992,54.91,5048.22,5106.03,3101.34,196,1762
Cebgo,IAO-DVO,2023,9,729.216,100.0,10000.0,5106.03,4860.34,196,690
Cebgo,ILO-CEB,2023,9,2734.56,53.15,5019.84,3625.2,3101.34,514,1762
Cebgo,ILO-ILO,2023,9,60.768,100.0,10000.0,3625.2,3795.73,514,491
Cebgo,MNL-MPH,2023,9,1823.04,3.26,3283.73,3808.29,3540.01,4708,517
Cebgo,MNL-USU,2023,9,1823.04,52.27,5010.31,3808.29,5019.53,4708,132
Cebgo,MNL-WNP,2023,9,3585.312,100.0,10000.0,3808.29,10000.0,4708,59
Cebgo,MPH-CEB,2023,9,1519.2,13.82,3964.11,3140.18,3101.34,643,1762
Cebgo,MPH-MNL,2023,9,1823.04,2.53,3224.67,3140.18,3697.4,643,5215
Cebgo,OZC-CEB,2023,9,2856.096,100.0,10000.0,3604.34,3101.34,114,1762
Cebgo,PAG-CEB,2023,9,2126.88,100.0,10000.0,6929.95,3101.34,93,1762
Cebgo,PPS-CRK,2023,9,243.072,100.0,10000.0,3887.34,7695.8,364,89
Cebgo,SUG-CEB,2023,9,729.216,100.0,10000.0,10000.0,3101.34,12,1762
Cebgo,TAC-CEB,2023,9,2795.328,61.88,5282.27,3058.63,3101.34,422,1762
Cebgo,USU-CEB,2023,9,2430.72,60.2,5208.08,5497.09,3101.34,197,1762
Cebgo,USU-MNL,2023,9,5286.816,77.33,6493.86,5497.09,3697.4,197,5215
Cebgo,WNP-MNL,2023,9,3463.776,100.0,10000.0,10000.0,3697.4,57,5215
Cebu Pacific,BCD-DVO,2023,9,2354.76,100.0,10000.0,3503.27,4860.34,384,690
Cebu Pacific,BCD-MNL,2023,9,23404.12,45.2,3577.53,3503.27,3697.4,384,5215
Cebu Pacific,BXU-MNL,2023,9,13215.352,61.22,5251.78,4379.55,3697.4,193,5215
Cebu Pacific,CEB-CRK,2023,9,3924.6,91.5,8444.5,3285.79,7695.8,1726,89
Cebu Pacific,CEB-DVO,2023,9,11773.8,67.49,5611.8,3285.79,4860.34,1726,690
Cebu Pacific,CEB-GES,2023,9,2982.696,100.0,10000.0,3285.79,5160.86,1726,159
Cebu Pacific,CEB-MNL,2023,9,53707.096,46.11,3816.04,3285.79,3697.4,1726,5215
Cebu Pacific,CEB-MPH,2023,9,5337.456,55.99,5071.76,3285.79,3540.01,1726,517
Cebu Pacific,CEB-Not available,2023,9,156.984,100.0,10000.0,3285.79,10000.0,1726,1
Cebu Pacific,CEB-PPS,2023,9,2391.896,51.03,5002.12,3285.79,3690.77,1726,385
Cebu Pacific,CEB-ZAM,2023,9,3139.68,100.0,10000.0,3285.79,5283.45,1726,63
Cebu Pacific,CGY-MNL,2023,9,32107.448,53.11,4051.41,3228.68,3697.4,536,5215
Cebu Pacific,CRK-CEB,2023,9,6750.312,94.88,9028.43,7689.59,3101.34,92,1762
Cebu Pacific,CRK-MNL,2023,9,194.12,100.0,10000.0,7689.59,3697.4,92,5215
Cebu Pacific,CRK-MPH,2023,9,3453.648,100.0,10000.0,7689.59,3540.01,92,517
Cebu Pacific,CYZ-MNL,2023,9,4395.552,100.0,10000.0,10000.0,3697.4,28,5215
Cebu Pacific,DGT-MNL,2023,9,8320.152,48.18,5006.62,4971.68,3697.4,111,5215
Cebu Pacific,DPL-MNL,2023,9,6122.376,57.35,5108.04,5108.13,3697.4,68,5215
Cebu Pacific,DRP-MNL,2023,9,9530.448,48.51,5004.44,4973.7,3697.4,147,5215
Cebu Pacific,DVO-BCD,2023,9,2354.76,100.0,10000.0,4863.68,3421.45,739,374
Cebu Pacific,DVO-CEB,2023,9,10988.88,65.67,5491.1,4863.68,3101.34,739,1762
Cebu Pacific,DVO-MNL,2023,9,47082.54,48.08,5007.37,4863.68,3697.4,739,5215
Cebu Pacific,GES-CEB,2023,9,3139.68,100.0,10000.0,5139.74,3101.34,159,1762
Cebu Pacific,GES-ILO,2023,9,1763.96,100.0,10000.0,5139.74,3795.73,159,491
Cebu Pacific,GES-MNL,2023,9,15145.58,51.43,5004.09,5139.74,3697.4,159,5215
Cebu Pacific,ILO-GES,2023,9,1763.96,100.0,10000.0,3625.2,5160.86,514,159
Cebu Pacific,ILO-MNL,2023,9,33984.504,51.63,3926.48,3625.2,3697.4,514,5215
Cebu Pacific,ILO-PPS,2023,9,1412.856,100.0,10000.0,3625.2,3690.77,514,385
Cebu Pacific,KLO-MNL,2023,9,3139.68,20.62,6726.37,6726.54,3697.4,97,5215
Cebu Pacific,LAO-MNL,2023,9,4709.52,43.88,5074.91,5074.87,3697.4,69,5215
Cebu Pacific,MNL-BCD,2023,9,21148.952,42.57,3499.76,3808.29,3421.45,4708,374
Cebu Pacific,MNL-BXU,2023,9,13215.352,61.38,5259.01,3808.29,4623.14,4708,181
Cebu Pacific,MNL-CEB,2023,9,43285.384,42.84,3672.51,3808.29,3101.34,4708,1762
Cebu Pacific,MNL-CGY,2023,9,27406.368,52.72,3958.04,3808.29,3080.47,4708,480
Cebu Pacific,MNL-CRK,2023,9,156.984,100.0,10000.0,3808.29,7695.8,4708,89
Cebu Pacific,MNL-CYZ,2023,9,4395.552,100.0,10000.0,3808.29,10000.0,4708,28
Cebu Pacific,MNL-DGT,2023,9,12872.688,58.57,5146.89,3808.29,5118.67,4708,141
Cebu Pacific,MNL-DPL,2023,9,6122.376,56.52,5085.02,3808.29,5028.8,4708,70
Cebu Pacific,MNL-DRP,2023,9,9687.432,48.92,5002.33,3808.29,4971.86,4708,148
Cebu Pacific,MNL-DVO,2023,9,42592.46,47.5,5012.5,3808.29,4860.34,4708,690
Cebu Pacific,MNL-GES,2023,9,15533.82,52.4,5011.52,3808.29,5160.86,4708,159
Cebu Pacific,MNL-ILO,2023,9,33984.504,56.29,4137.21,3808.29,3795.73,4708,491
Cebu Pacific,MNL-KLO,2023,9,3139.68,20.62,6726.37,3808.29,6726.54,4708,97
Cebu Pacific,MNL-LAO,2023,9,4709.52,42.04,5126.72,3808.29,5126.82,4708,72
Cebu Pacific,MNL-MPH,2023,9,23233.632,41.55,3283.73,3808.29,3540.01,4708,517
Cebu Pacific,MNL-OZC,2023,9,5965.392,56.72,5090.32,3808.29,4165.36,4708,88
Cebu Pacific,MNL-PAG,2023,9,9105.072,100.0,10000.0,3808.29,6929.95,4708,93
Cebu Pacific,MNL-PPS,2023,9,24919.944,47.73,3644.23,3808.29,3690.77,4708,385
Cebu Pacific,MNL-RXS,2023,9,6279.36,48.78,3881.75,3808.29,3881.62,4708,82
Cebu Pacific,MNL-TAC,2023,9,16012.368,36.81,3758.1,3808.29,3577.27,4708,334
Cebu Pacific,MNL-TAG,2023,9,16084.952,43.27,3505.31,3808.29,3492.92,4708,254
Cebu Pacific,MNL-TUG,2023,9,8320.152,100.0,10000.0,3808.29,10000.0,4708,53
Cebu Pacific,MNL-VRC,2023,9,4709.52,100.0,10000.0,3808.29,10000.0,4708,30
Cebu Pacific,MPH-CEB,2023,9,5337.456,48.55,3964.11,3140.18,3101.34,643,1762
Cebu Pacific,MPH-CRK,2023,9,3453.648,100.0,10000.0,3140.18,7695.8,643,89
Cebu Pacific,MPH-ILO,2023,9,156.984,100.0,10000.0,3140.18,3795.73,643,491
Cebu Pacific,MPH-MNL,2023,9,22919.664,31.8,3224.67,3140.18,3697.4,643,5215
Cebu Pacific,MPH-MPH,2023,9,313.968,100.0,10000.0,3140.18,3540.01,643,517
Cebu Pacific,NRT-CRK,2023,9,2511.744,100.0,10000.0,10000.0,7695.8,16,89
Cebu Pacific,OZC-MNL,2023,9,5965.392,56.72,5090.32,3604.34,3697.4,114,5215
Cebu Pacific,PAG-MNL,2023,9,9105.072,100.0,10000.0,6929.95,3697.4,93,5215
Cebu Pacific,PPS-CEB,2023,9,2391.896,68.69,5698.63,3887.34,3101.34,364,1762
Cebu Pacific,PPS-ILO,2023,9,1412.856,100.0,10000.0,3887.34,3795.73,364,491
Cebu Pacific,PPS-MNL,2023,9,25114.064,47.85,3791.4,3887.34,3697.4,364,5215
Cebu Pacific,RXS-MNL,2023,9,6279.36,49.38,3891.07,3891.18,3697.4,81,5215
Cebu Pacific,TAC-MNL,2023,9,19936.968,36.7,3372.25,3058.63,3697.4,422,5215
Cebu Pacific,TAG-MNL,2023,9,21565.888,47.25,3624.26,3582.77,3697.4,302,5215
Cebu Pacific,TUG-MNL,2023,9,8320.152,100.0,10000.0,10000.0,3697.4,53,5215
Cebu Pacific,TWT-ZAM,2023,9,2982.696,61.29,5254.93,5254.94,5283.45,31,63
Cebu Pacific,ZAM-CEB,2023,9,4081.584,72.48,6010.7,5396.55,3101.34,236,1762
Cebu Pacific,ZAM-MNL,2023,9,14239.968,61.41,5260.38,5396.55,3697.4,236,5215
Cebu Pacific,ZAM-TWT,2023,9,3767.616,66.67,5555.78,5396.55,5555.56,236,36
Philippine Airlines,BCD-CEB,2023,9,1977.984,66.67,5555.78,3503.27,3101.34,384,1762
Philippine Airlines,BCD-MNL,2023,9,15594.4,31.46,3577.53,3503.27,3697.4,384,5215
Philippine Airlines,BPA-CEB,2023,9,494.496,100.0,10000.0,10000.0,3101.34,9,1762
Philippine Airlines,BXU-CEB,2023,9,1153.824,36.84,5346.37,4379.55,3101.34,193,1762
Philippine Airlines,BXU-MNL,2023,9,8015.36,38.78,5251.78,4379.55,3697.4,193,5215
Philippine Airlines,CEB-BCD,2023,9,1977.984,65.38,5473.09,3285.79,3421.45,1726,374
Philippine Airlines,CEB-BPA,2023,9,604.384,100.0,10000.0,3285.79,10000.0,1726,11
Philippine Airlines,CEB-BXU,2023,9,1263.712,50.85,5001.44,3285.79,4623.14,1726,181
Philippine Airlines,CEB-CGY,2023,9,1593.376,17.51,7111.2,3285.79,3080.47,1726,480
Philippine Airlines,CEB-DVO,2023,9,5429.76,32.51,5611.8,3285.79,4860.34,1726,690
Philippine Airlines,CEB-IAO,2023,9,3296.64,49.42,5000.67,3285.79,5542.23,1726,220
Philippine Airlines,CEB-ILO,2023,9,2362.592,45.32,5043.8,3285.79,3795.73,1726,491
Philippine Airlines,CEB-MNL,2023,9,42206.688,37.85,3816.04,3285.79,3697.4,1726,5215
Philippine Airlines,CEB-MPH,2023,9,4015.76,44.01,5071.76,3285.79,3540.01,1726,517
Philippine Airlines,CEB-PPS,2023,9,2197.76,48.97,5002.12,3285.79,3690.77,1726,385
Philippine Airlines,CEB-TAC,2023,9,1648.32,51.2,5002.88,3285.79,3577.27,1726,334
Philippine Airlines,CEB-USU,2023,9,1483.488,45.95,5032.8,3285.79,5019.53,1726,132
Philippine Airlines,CGY-CEB,2023,9,1703.264,18.38,6999.65,3228.68,3101.34,536,1762
Philippine Airlines,CGY-MNL,2023,9,18267.264,31.56,4051.41,3228.68,3697.4,536,5215
Philippine Airlines,CRK-USU,2023,9,879.104,100.0,10000.0,7689.59,5019.53,92,132
Philippine Airlines,CRM-MNL,2023,9,1098.88,100.0,10000.0,10000.0,3697.4,20,5215
Philippine Airlines,CYP-MNL,2023,9,1318.656,100.0,10000.0,5148.63,3697.4,40,5215
Philippine Airlines,DGT-MNL,2023,9,8566.416,51.82,5006.62,4971.68,3697.4,111,5215
Philippine Airlines,DPL-MNL,2023,9,4358.352,42.65,5108.04,5108.13,3697.4,68,5215
Philippine Airlines,DRP-MNL,2023,9,9683.072,51.49,5004.44,4973.7,3697.4,147,5215
Philippine Airlines,DVO-CEB,2023,9,5499.248,34.33,5491.1,4863.68,3101.34,739,1762
Philippine Airlines,DVO-MNL,2023,9,48673.92,51.92,5007.37,4863.68,3697.4,739,5215
Philippine Airlines,DVO-TAG,2023,9,988.992,100.0,10000.0,4863.68,3492.92,739,254
Philippine Airlines,EUQ-MNL,2023,9,714.272,100.0,10000.0,10000.0,3697.4,13,5215
Philippine Airlines,GES-MNL,2023,9,13695.6,48.57,5004.09,5139.74,3697.4,159,5215
Philippine Airlines,IAO-CEB,2023,9,3296.64,45.09,5048.22,5106.03,3101.34,196,1762
Philippine Airlines,IAO-MNL,2023,9,3021.92,100.0,10000.0,5106.03,3697.4,196,5215
Philippine Airlines,ILO-CEB,2023,9,2307.648,46.85,5019.84,3625.2,3101.34,514,1762
Philippine Airlines,ILO-MNL,2023,9,10990.416,17.44,3926.48,3625.2,3697.4,514,5215
Philippine Airlines,LAO-MNL,2023,9,5765.888,56.12,5074.91,5074.87,3697.4,69,5215
Philippine Airlines,MNL-BCD,2023,9,15744.688,33.1,3499.76,3808.29,3421.45,4708,374
Philippine Airlines,MNL-BSO,2023,9,1648.32,100.0,10000.0,3808.29,10000.0,4708,30
Philippine Airlines,MNL-BXU,2023,9,7960.416,38.62,5259.01,3808.29,4623.14,4708,181
Philippine Airlines,MNL-CEB,2023,9,37410.4,38.67,3672.51,3808.29,3101.34,4708,1762
Philippine Airlines,MNL-CGY,2023,9,14510.064,29.16,3958.04,3808.29,3080.47,4708,480
Philippine Airlines,MNL-CRM,2023,9,1098.88,100.0,10000.0,3808.29,10000.0,4708,20
Philippine Airlines,MNL-CYP,2023,9,1263.712,100.0,10000.0,3808.29,5043.9,4708,41
Philippine Airlines,MNL-DGT,2023,9,8716.704,41.43,5146.89,3808.29,5118.67,4708,141
Philippine Airlines,MNL-DPL,2023,9,4508.64,43.48,5085.02,3808.29,5028.8,4708,70
Philippine Airlines,MNL-DRP,2023,9,9683.072,51.08,5002.33,3808.29,4971.86,4708,148
Philippine Airlines,MNL-DVO,2023,9,45067.008,52.5,5012.5,3808.29,4860.34,4708,690
Philippine Airlines,MNL-EUQ,2023,9,659.328,100.0,10000.0,3808.29,10000.0,4708,12
Philippine Airlines,MNL-GES,2023,9,13509.76,47.6,5011.52,3808.29,5160.86,4708,159
Philippine Airlines,MNL-IAO,2023,9,4890.016,100.0,10000.0,3808.29,5542.23,4708,220
Philippine Airlines,MNL-ILO,2023,9,11140.704,19.27,4137.21,3808.29,3795.73,4708,491
Philippine Airlines,MNL-LAO,2023,9,6216.752,57.96,5126.72,3808.29,5126.82,4708,72
Philippine Airlines,MNL-MNL,2023,9,54.944,100.0,10000.0,3808.29,3697.4,4708,5215
Philippine Airlines,MNL-MPH,2023,9,16614.096,31.04,3283.73,3808.29,3540.01,4708,517
Philippine Airlines,MNL-OZC,2023,9,4358.352,43.28,5090.32,3808.29,4165.36,4708,88
Philippine Airlines,MNL-PPS,2023,9,13052.432,26.11,3644.23,3808.29,3690.77,4708,385
Philippine Airlines,MNL-RXS,2023,9,4358.352,35.37,3881.75,3808.29,3881.62,4708,82
Philippine Airlines,MNL-TAC,2023,9,19097.888,45.86,3758.1,3808.29,3577.27,4708,334
Philippine Airlines,MNL-TAG,2023,9,11324.928,31.82,3505.31,3808.29,3492.92,4708,254
Philippine Airlines,MNL-USU,2023,9,1593.376,47.73,5010.31,3808.29,5019.53,4708,132
Philippine Airlines,MNL-ZAM,2023,9,1803.456,100.0,10000.0,3808.29,5283.45,4708,63
Philippine Airlines,MPH-CEB,2023,9,3960.816,37.63,3964.11,3140.18,3101.34,643,1762
Philippine Airlines,MPH-MNL,2023,9,19154.448,27.76,3224.67,3140.18,3697.4,643,5215
Philippine Airlines,OZC-MNL,2023,9,4358.352,43.28,5090.32,3604.34,3697.4,114,5215
Philippine Airlines,PPS-CEB,2023,9,1043.936,31.31,5698.63,3887.34,3101.34,364,1762
Philippine Airlines,PPS-MNL,2023,9,17334.832,34.5,3791.4,3887.34,3697.4,364,5215
Philippine Airlines,RXS-MNL,2023,9,4208.064,34.57,3891.07,3891.18,3697.4,81,5215
Philippine Airlines,TAC-CEB,2023,9,1648.32,38.12,5282.27,3058.63,3101.34,422,1762
Philippine Airlines,TAC-MNL,2023,9,14739.536,28.34,3372.25,3058.63,3697.4,422,5215
Philippine Airlines,TAG-DVO,2023,9,988.992,100.0,10000.0,3582.77,4860.34,302,690
Philippine Airlines,TAG-MNL,2023,9,11324.928,25.92,3624.26,3582.77,3697.4,302,5215
Philippine Airlines,TWT-ZAM,2023,9,1803.456,38.71,5254.93,5254.94,5283.45,31,63
Philippine Airlines,USU-CEB,2023,9,1538.432,39.8,5208.08,5497.09,3101.34,197,1762
Philippine Airlines,USU-CRK,2023,9,824.16,100.0,10000.0,5497.09,7695.8,197,89
Philippine Airlines,USU-MNL,2023,9,1483.488,22.67,6493.86,5497.09,3697.4,197,5215
Philippine Airlines,ZAM-CEB,2023,9,1483.488,27.52,6010.7,5396.55,3101.34,236,1762
Philippine Airlines,ZAM-MNL,2023,9,8566.416,38.59,5260.38,5396.55,3697.4,236,5215
Philippine Airlines,ZAM-TWT,2023,9,1803.456,33.33,5555.78,5396.55,5555.56,236,36
AirAsia,BCD-MNL,2023,10,14530.32,22.01,3769.2,3758.24,3703.18,472,5630
AirAsia,CEB-MNL,2023,10,24373.44,20.08,3634.83,3246.65,3703.18,1718,5630
AirAsia,CGY-MNL,2023,10,9686.88,17.12,3741.37,3182.32,3703.18,494,5630
AirAsia,ILO-MNL,2023,10,23237.76,31.33,3587.33,3440.21,3703.18,574,5630
AirAsia,KLO-MNL,2023,10,14530.32,75.0,6250.0,6250.0,3703.18,124,5630
AirAsia,MNL-BCD,2023,10,14686.56,22.67,3700.33,3839.42,3690.63,5113,469
AirAsia,MNL-CEB,2023,10,24685.92,22.76,3506.33,3839.42,3064.19,5113,1738
AirAsia,MNL-CGY,2023,10,9686.88,18.35,3771.9,3839.42,3148.58,5113,470
AirAsia,MNL-ILO,2023,10,19061.28,27.56,3631.59,3839.42,3461.52,5113,546
AirAsia,MNL-KLO,2023,10,14374.08,76.67,6422.58,3839.42,6422.22,5113,120
AirAsia,MNL-MPH,2023,10,12030.48,18.4,3727.77,3839.42,3995.26,5113,584
AirAsia,MNL-PPS,2023,10,14686.56,27.56,3545.33,3839.42,3609.17,5113,416
AirAsia,MNL-RXS,2023,10,2031.12,14.23,4274.14,3839.42,4274.42,5113,92
AirAsia,MNL-TAC,2023,10,7343.28,16.32,3804.61,3839.42,3551.18,5113,346
AirAsia,MNL-TAG,2023,10,9686.88,22.74,3806.21,3839.42,3750.72,5113,283
AirAsia,MPH-MNL,2023,10,29841.84,35.02,3304.23,3292.19,3703.18,739,5630
AirAsia,PPS-MNL,2023,10,9686.88,18.45,3717.73,3851.99,3703.18,376,5630
AirAsia,RXS-MNL,2023,10,2031.12,14.39,4305.85,4306.2,3703.18,91,5630
AirAsia,TAC-MNL,2023,10,21322.56,36.21,3546.75,3237.18,3703.18,445,5630
AirAsia,TAG-MNL,2023,10,13905.36,26.43,3886.67,3815.56,3703.18,341,5630
Cebgo,BCD-CEB,2023,10,668.448,20.66,5999.12,3758.24,3064.19,472,1738
Cebgo,BXU-CEB,2023,10,1701.504,60.94,5239.37,4783.9,3064.19,214,1738
Cebgo,CEB-BCD,2023,10,729.216,21.38,5957.22,3246.65,3690.63,1718,469
Cebgo,CEB-BXU,2023,10,729.216,40.07,5197.21,3246.65,5076.84,1718,197
Cebgo,CEB-CEB,2023,10,121.536,41.38,5148.61,3246.65,3064.19,1718,1738
Cebgo,CEB-CGY,2023,10,5165.28,59.92,4818.76,3246.65,3148.58,1718,470
Cebgo,CEB-CRK,2023,10,60.768,0.87,9827.51,3246.65,8745.57,1718,110
Cebgo,CEB-CYP,2023,10,1154.592,100.0,10000.0,3246.65,5002.3,1718,40
Cebgo,CEB-DRP,2023,10,60.768,100.0,10000.0,3246.65,4969.94,1718,144
Cebgo,CEB-IAO,2023,10,3767.616,56.28,5078.88,3246.65,5399.53,1718,217
Cebgo,CEB-ILO,2023,10,1944.576,36.88,5344.27,3246.65,3461.52,1718,546
Cebgo,CEB-OZC,2023,10,729.216,100.0,10000.0,3246.65,4906.98,1718,90
Cebgo,CEB-PAG,2023,10,2005.344,100.0,10000.0,3246.65,7136.58,1718,94
Cebgo,CEB-SUG,2023,10,729.216,100.0,10000.0,3246.65,10000.0,1718,12
Cebgo,CEB-TAC,2023,10,1762.272,51.43,5004.09,3246.65,3551.18,1718,346
Cebgo,CEB-USU,2023,10,1762.272,48.2,5006.48,3246.65,5065.84,1718,140
Cebgo,CEB-ZAM,2023,10,60.768,2.23,9563.95,3246.65,5014.24,1718,54
Cebgo,CGY-CEB,2023,10,5226.048,61.0,4873.5,3182.32,3064.19,494,1738
Cebgo,CGY-DVO,2023,10,1093.824,100.0,10000.0,3182.32,4847.33,494,690
Cebgo,CRK-CEB,2023,10,60.768,0.75,9851.12,8503.48,3064.19,98,1738
Cebgo,CYP-CEB,2023,10,1033.056,100.0,10000.0,5074.36,3064.19,40,1738
Cebgo,DRP-CEB,2023,10,60.768,100.0,10000.0,4971.42,3064.19,143,1738
Cebgo,DVO-CGY,2023,10,1093.824,100.0,10000.0,4844.33,3148.58,712,470
Cebgo,DVO-IAO,2023,10,789.984,100.0,10000.0,4844.33,5399.53,712,217
Cebgo,IAO-CEB,2023,10,4557.6,60.43,5217.57,5038.1,3064.19,199,1738
Cebgo,IAO-DVO,2023,10,789.984,100.0,10000.0,5038.1,4847.33,199,690
Cebgo,ILO-CEB,2023,10,1944.576,33.69,4098.32,3440.21,3064.19,574,1738
Cebgo,MNL-CEB,2023,10,121.536,0.11,3506.33,3839.42,3064.19,5113,1738
Cebgo,MNL-MPH,2023,10,1823.04,2.78,3727.77,3839.42,3995.26,5113,584
Cebgo,MNL-USU,2023,10,1883.808,53.09,5019.1,3839.42,5065.84,5113,140
Cebgo,MNL-WNP,2023,10,3403.008,100.0,10000.0,3839.42,10000.0,5113,56
Cebgo,MPH-CEB,2023,10,1519.2,15.15,3946.79,3292.19,3064.19,739,1738
Cebgo,MPH-MNL,2023,10,1762.272,2.06,3304.23,3292.19,3703.18,739,5630
Cebgo,MPH-MPH,2023,10,60.768,27.91,5975.94,3292.19,3995.26,739,584
Cebgo,OZC-CEB,2023,10,1701.504,100.0,10000.0,4368.14,3064.19,106,1738
Cebgo,PAG-CEB,2023,10,2005.344,100.0,10000.0,7105.59,3064.19,93,1738
Cebgo,SUG-CEB,2023,10,729.216,100.0,10000.0,10000.0,3064.19,12,1738
Cebgo,TAC-CEB,2023,10,2369.952,58.74,5152.78,3237.18,3064.19,445,1738
Cebgo,USU-CEB,2023,10,2309.184,58.97,5160.92,5365.77,3064.19,201,1738
Cebgo,USU-MNL,2023,10,5286.816,74.82,6232.06,5365.77,3703.18,201,5630
Cebgo,WNP-MNL,2023,10,3403.008,100.0,10000.0,10000.0,3703.18,56,5630
Cebu Pacific,BCD-CEB,2023,10,156.984,4.85,5999.12,3758.24,3064.19,472,1738
Cebu Pacific,BCD-DVO,2023,10,3296.664,100.0,10000.0,3758.24,4847.33,472,690
Cebu Pacific,BCD-MNL,2023,10,33189.456,50.03,3769.2,3758.24,3703.18,472,5630
Cebu Pacific,BXU-MNL,2023,10,17453.92,65.92,5506.89,4783.9,3703.18,214,5630
Cebu Pacific,CEB-BCD,2023,10,156.984,4.6,5957.22,3246.65,3690.63,1718,469
Cebu Pacific,CEB-CGY,2023,10,470.952,5.46,4818.76,3246.65,3148.58,1718,470
Cebu Pacific,CEB-CRK,2023,10,6907.296,99.13,9827.51,3246.65,8745.57,1718,110
Cebu Pacific,CEB-DVO,2023,10,7064.28,58.31,5138.11,3246.65,4847.33,1718,690
Cebu Pacific,CEB-GES,2023,10,1569.84,100.0,10000.0,3246.65,5240.0,1718,154
Cebu Pacific,CEB-MNL,2023,10,54046.384,44.32,3634.83,3246.65,3703.18,1718,5630
Cebu Pacific,CEB-MPH,2023,10,5023.488,59.84,5193.65,3246.65,3995.26,1718,584
Cebu Pacific,CEB-PPS,2023,10,2197.776,38.18,5279.42,3246.65,3609.17,1718,416
Cebu Pacific,CEB-ZAM,2023,10,2668.728,97.77,9563.95,3246.65,5014.24,1718,54
Cebu Pacific,CGY-CEB,2023,10,470.952,5.5,4873.5,3182.32,3064.19,494,1738
Cebu Pacific,CGY-MNL,2023,10,25043.168,44.06,3741.37,3182.32,3703.18,494,5630
Cebu Pacific,CRK-CEB,2023,10,8006.184,99.25,9851.12,8503.48,3064.19,98,1738
Cebu Pacific,CRK-CRK,2023,10,156.984,100.0,10000.0,8503.48,8745.57,98,110
Cebu Pacific,CRK-MPH,2023,10,4238.568,100.0,10000.0,8503.48,3995.26,98,584
Cebu Pacific,CYZ-MNL,2023,10,4709.52,100.0,10000.0,10000.0,3703.18,30,5630
Cebu Pacific,DGT-MNL,2023,10,11773.8,60.98,5241.12,5240.93,3703.18,123,5630
Cebu Pacific,DPL-MNL,2023,10,3453.648,57.89,5124.5,5124.65,3703.18,38,5630
Cebu Pacific,DRP-MNL,2023,10,9567.584,48.93,5002.29,4971.42,3703.18,143,5630
Cebu Pacific,DVO-BCD,2023,10,3296.664,100.0,10000.0,4844.33,3690.63,712,469
Cebu Pacific,DVO-CEB,2023,10,6907.296,59.48,5179.74,4844.33,3064.19,712,1738
Cebu Pacific,DVO-MNL,2023,10,48251.48,49.11,5001.58,4844.33,3703.18,712,5630
Cebu Pacific,GES-CEB,2023,10,1569.84,100.0,10000.0,5237.42,3064.19,156,1738
Cebu Pacific,GES-ILO,2023,10,941.904,100.0,10000.0,5237.42,3461.52,156,546
Cebu Pacific,GES-MNL,2023,10,17991.548,57.74,5119.82,5237.42,3703.18,156,5630
Cebu Pacific,ILO-BCD,2023,10,156.984,100.0,10000.0,3440.21,3690.63,574,469
Cebu Pacific,ILO-CEB,2023,10,784.92,13.6,4098.32,3440.21,3064.19,574,1738
Cebu Pacific,ILO-GES,2023,10,941.904,100.0,10000.0,3440.21,5240.0,574,154
Cebu Pacific,ILO-MNL,2023,10,33884.912,45.47,3587.33,3440.21,3703.18,574,5630
Cebu Pacific,ILO-PPS,2023,10,2197.776,100.0,10000.0,3440.21,3609.17,574,416
Cebu Pacific,KLO-MNL,2023,10,4866.504,25.0,6250.0,6250.0,3703.18,124,5630
Cebu Pacific,LAO-MNL,2023,10,4866.504,46.8,5020.48,5020.46,3703.18,66,5630
Cebu Pacific,MNL-BCD,2023,10,31628.056,48.59,3700.33,3839.42,3690.63,5113,469
Cebu Pacific,MNL-BXU,2023,10,17296.936,65.72,5494.24,3839.42,5076.84,5113,197
Cebu Pacific,MNL-CEB,2023,10,44876.324,41.19,3506.33,3839.42,3064.19,5113,1738
Cebu Pacific,MNL-CGY,2023,10,25431.408,47.96,3771.9,3839.42,3148.58,5113,470
Cebu Pacific,MNL-CYZ,2023,10,4709.52,100.0,10000.0,3839.42,10000.0,5113,30
Cebu Pacific,MNL-DGT,2023,10,16483.32,68.18,5661.02,3839.42,5661.16,5113,154
Cebu Pacific,MNL-DPL,2023,10,3610.632,58.97,5160.92,3839.42,5161.08,5113,39
Cebu Pacific,MNL-DRP,2023,10,9567.584,49.29,5001.01,3839.42,4969.94,5113,144
Cebu Pacific,MNL-DVO,2023,10,47392.288,50.6,5000.72,3839.42,4847.33,5113,690
Cebu Pacific,MNL-GES,2023,10,17797.428,57.77,5120.75,3839.42,5240.0,5113,154
Cebu Pacific,MNL-ILO,2023,10,32905.872,47.35,3631.59,3839.42,3461.52,5113,546
Cebu Pacific,MNL-KLO,2023,10,4395.552,23.33,6422.58,3839.42,6422.22,5113,120
Cebu Pacific,MNL-LAO,2023,10,4709.52,45.99,5032.16,3839.42,5032.22,5113,65
Cebu Pacific,MNL-MNL,2023,10,351.104,67.1,5584.82,3839.42,3703.18,5113,5630
Cebu Pacific,MNL-MPH,2023,10,33594.576,51.14,3727.77,3839.42,3995.26,5113,584
Cebu Pacific,MNL-OZC,2023,10,7692.216,64.47,5418.76,3839.42,4906.98,5113,90
Cebu Pacific,MNL-PAG,2023,10,9576.024,100.0,10000.0,3839.42,7136.58,5113,94
Cebu Pacific,MNL-PPS,2023,10,24209.296,45.22,3545.33,3839.42,3609.17,5113,416
Cebu Pacific,MNL-RXS,2023,10,8163.168,56.91,4274.14,3839.42,4274.42,5113,92
Cebu Pacific,MNL-TAC,2023,10,20878.872,46.19,3804.61,3839.42,3551.18,5113,346
Cebu Pacific,MNL-TAG,2023,10,21817.4,50.97,3806.21,3839.42,3750.72,5113,283
Cebu Pacific,MNL-TUG,2023,10,9733.008,96.88,9395.47,3839.42,9394.53,5113,64
Cebu Pacific,MNL-VRC,2023,10,4866.504,100.0,10000.0,3839.42,10000.0,5113,31
Cebu Pacific,MPH-CEB,2023,10,5023.488,50.09,3946.79,3292.19,3064.19,739,1738
Cebu Pacific,MPH-CRK,2023,10,4395.552,100.0,10000.0,3292.19,8745.57,739,110
Cebu Pacific,MPH-MNL,2023,10,32809.656,38.32,3304.23,3292.19,3703.18,739,5630
Cebu Pacific,MPH-MPH,2023,10,156.984,72.09,5975.94,3292.19,3995.26,739,584
Cebu Pacific,NRT-CRK,2023,10,2982.696,100.0,10000.0,10000.0,8745.57,19,110
Cebu Pacific,OZC-MNL,2023,10,7692.216,64.47,5418.76,4368.14,3703.18,106,5630
Cebu Pacific,OZC-OZC,2023,10,313.968,100.0,10000.0,4368.14,4906.98,106,90
Cebu Pacific,PAG-MNL,2023,10,9419.04,100.0,10000.0,7105.59,3703.18,93,5630
Cebu Pacific,PPS-CEB,2023,10,2197.776,57.76,5120.44,3851.99,3064.19,376,1738
Cebu Pacific,PPS-ILO,2023,10,2197.776,100.0,10000.0,3851.99,3461.52,376,546
Cebu Pacific,PPS-MNL,2023,10,24209.296,45.88,3717.73,3851.99,3703.18,376,5630
Cebu Pacific,RXS-MNL,2023,10,8163.168,57.54,4305.85,4306.2,3703.18,91,5630
Cebu Pacific,TAC-MNL,2023,10,24803.472,41.92,3546.75,3237.18,3703.18,445,5630
Cebu Pacific,TAG-MNL,2023,10,27649.44,52.3,3886.67,3815.56,3703.18,341,5630
Cebu Pacific,TUG-MNL,2023,10,10046.976,96.97,9412.36,9412.3,3703.18,66,5630
Cebu Pacific,TWT-ZAM,2023,10,2040.792,54.17,5034.78,5005.9,5014.24,32,54
Cebu Pacific,ZAM-CEB,2023,10,4709.52,76.65,6420.45,5779.56,3064.19,259,1738
Cebu Pacific,ZAM-MNL,2023,10,18193.264,68.22,5663.94,5779.56,3703.18,259,5630
Cebu Pacific,ZAM-TWT,2023,10,3924.6,69.44,5755.83,5779.56,5371.49,259,45
Philippine Airlines,BCD-CEB,2023,10,2307.648,74.49,5999.12,3758.24,3064.19,472,1738
Philippine Airlines,BCD-MNL,2023,10,17753.376,27.96,3769.2,3758.24,3703.18,472,5630
Philippine Airlines,BPA-CEB,2023,10,439.552,100.0,10000.0,10000.0,3064.19,8,1738
Philippine Airlines,BXU-CEB,2023,10,1043.936,39.06,5239.37,4783.9,3064.19,214,1738
Philippine Airlines,BXU-MNL,2023,10,8637.52,34.08,5506.89,4783.9,3703.18,214,5630
Philippine Airlines,CBO-CEB,2023,10,494.496,100.0,10000.0,10000.0,3064.19,46,1738
Philippine Airlines,CBO-MNL,2023,10,4208.064,100.0,10000.0,10000.0,3703.18,46,5630
Philippine Airlines,CBO-TWT,2023,10,494.496,100.0,10000.0,10000.0,5371.49,46,45
Philippine Airlines,CEB-BCD,2023,10,2417.536,74.02,5957.22,3246.65,3690.63,1718,469
Philippine Airlines,CEB-BPA,2023,10,439.552,100.0,10000.0,3246.65,10000.0,1718,8
Philippine Airlines,CEB-BXU,2023,10,1043.936,59.93,5197.21,3246.65,5076.84,1718,197
Philippine Airlines,CEB-CBO,2023,10,494.496,100.0,10000.0,3246.65,10000.0,1718,46
Philippine Airlines,CEB-CEB,2023,10,164.832,58.62,5148.61,3246.65,3064.19,1718,1738
Philippine Airlines,CEB-CGY,2023,10,2857.088,34.62,4818.76,3246.65,3148.58,1718,470
Philippine Airlines,CEB-DVO,2023,10,4835.072,41.69,5138.11,3246.65,4847.33,1718,690
Philippine Airlines,CEB-IAO,2023,10,2802.144,43.72,5078.88,3246.65,5399.53,1718,217
Philippine Airlines,CEB-ILO,2023,10,3186.752,63.12,5344.27,3246.65,3461.52,1718,546
Philippine Airlines,CEB-MNL,2023,10,41561.904,35.6,3634.83,3246.65,3703.18,1718,5630
Philippine Airlines,CEB-MPH,2023,10,3227.152,40.16,5193.65,3246.65,3995.26,1718,584
Philippine Airlines,CEB-PPS,2023,10,3406.528,61.82,5279.42,3246.65,3609.17,1718,416
Philippine Airlines,CEB-TAC,2023,10,1593.376,48.57,5004.09,3246.65,3551.18,1718,346
Philippine Airlines,CEB-USU,2023,10,1813.152,51.8,5006.48,3246.65,5065.84,1718,140
Philippine Airlines,CGY-CEB,2023,10,2747.2,33.5,4873.5,3182.32,3064.19,494,1738
Philippine Airlines,CGY-MNL,2023,10,21122.736,38.82,3741.37,3182.32,3703.18,494,5630
Philippine Airlines,CRK-USU,2023,10,988.992,100.0,10000.0,8503.48,5065.84,98,140
Philippine Airlines,CRM-MNL,2023,10,1098.88,100.0,10000.0,10000.0,3703.18,20,5630
Philippine Airlines,CYP-MNL,2023,10,1263.712,100.0,10000.0,5074.36,3703.18,40,5630
Philippine Airlines,DGT-MNL,2023,10,7213.824,39.02,5241.12,5240.93,3703.18,123,5630
Philippine Airlines,DPL-MNL,2023,10,2404.608,42.11,5124.5,5124.65,3703.18,38,5630
Philippine Airlines,DRP-MNL,2023,10,9558.64,51.07,5002.29,4971.42,3703.18,143,5630
Philippine Airlines,DVO-CEB,2023,10,4505.408,40.52,5179.74,4844.33,3064.19,712,1738
Philippine Airlines,DVO-MNL,2023,10,47859.456,50.89,5001.58,4844.33,3703.18,712,5630
Philippine Airlines,DVO-TAG,2023,10,1098.88,100.0,10000.0,4844.33,3750.72,712,283
Philippine Airlines,EUQ-MNL,2023,10,604.384,100.0,10000.0,10000.0,3703.18,11,5630
Philippine Airlines,GES-MNL,2023,10,12604.8,42.26,5119.82,5237.42,3703.18,156,5630
Philippine Airlines,IAO-CEB,2023,10,2857.088,39.57,5217.57,5038.1,3064.19,199,1738
Philippine Airlines,IAO-MNL,2023,10,3241.696,100.0,10000.0,5038.1,3703.18,199,5630
Philippine Airlines,ILO-CEB,2023,10,2912.032,52.71,4098.32,3440.21,3064.19,574,1738
Philippine Airlines,ILO-MNL,2023,10,16547.84,23.2,3587.33,3440.21,3703.18,574,5630
Philippine Airlines,LAO-MNL,2023,10,5295.632,53.2,5020.48,5020.46,3703.18,66,5630
Philippine Airlines,MNL-BCD,2023,10,17903.664,28.73,3700.33,3839.42,3690.63,5113,469
Philippine Airlines,MNL-BSO,2023,10,1538.432,100.0,10000.0,3839.42,10000.0,5113,28
Philippine Airlines,MNL-BXU,2023,10,8637.52,34.28,5494.24,3839.42,5076.84,5113,197
Philippine Airlines,MNL-CBO,2023,10,4358.352,100.0,10000.0,3839.42,10000.0,5113,46
Philippine Airlines,MNL-CEB,2023,10,37486.352,35.94,3506.33,3839.42,3064.19,5113,1738
Philippine Airlines,MNL-CGY,2023,10,17100.512,33.69,3771.9,3839.42,3148.58,5113,470
Philippine Airlines,MNL-CRM,2023,10,1098.88,100.0,10000.0,3839.42,10000.0,5113,20
Philippine Airlines,MNL-CYP,2023,10,1153.824,100.0,10000.0,3839.42,5002.3,5113,40
Philippine Airlines,MNL-DGT,2023,10,7364.112,31.82,5661.02,3839.42,5661.16,5113,154
Philippine Airlines,MNL-DPL,2023,10,2404.608,41.03,5160.92,3839.42,5161.08,5113,39
Philippine Airlines,MNL-DRP,2023,10,9422.896,50.71,5001.01,3839.42,4969.94,5113,144
Philippine Airlines,MNL-DVO,2023,10,44288.096,49.4,5000.72,3839.42,4847.33,5113,690
Philippine Airlines,MNL-EUQ,2023,10,714.272,100.0,10000.0,3839.42,10000.0,5113,13
Philippine Airlines,MNL-GES,2023,10,12454.512,42.23,5120.75,3839.42,5240.0,5113,154
Philippine Airlines,MNL-IAO,2023,10,4999.904,100.0,10000.0,3839.42,5399.53,5113,217
Philippine Airlines,MNL-ILO,2023,10,16698.128,25.1,3631.59,3839.42,3461.52,5113,546
Philippine Airlines,MNL-LAO,2023,10,5295.632,54.01,5032.16,3839.42,5032.22,5113,65
Philippine Airlines,MNL-MNL,2023,10,164.832,32.9,5584.82,3839.42,3703.18,5113,5630
Philippine Airlines,MNL-MPH,2023,10,17405.936,27.68,3727.77,3839.42,3995.26,5113,584
Philippine Airlines,MNL-OZC,2023,10,4057.776,35.53,5418.76,3839.42,4906.98,5113,90
Philippine Airlines,MNL-PPS,2023,10,13949.312,27.22,3545.33,3839.42,3609.17,5113,416
Philippine Airlines,MNL-RXS,2023,10,3962.432,28.86,4274.14,3839.42,4274.42,5113,92
Philippine Airlines,MNL-TAC,2023,10,16218.176,37.48,3804.61,3839.42,3551.18,5113,346
Philippine Airlines,MNL-TAG,2023,10,10770.64,26.29,3806.21,3839.42,3750.72,5113,283
Philippine Airlines,MNL-TUG,2023,10,300.576,3.12,9395.47,3839.42,9394.53,5113,64
Philippine Airlines,MNL-USU,2023,10,1593.376,46.91,5019.1,3839.42,5065.84,5113,140
Philippine Airlines,MNL-ZAM,2023,10,1803.456,100.0,10000.0,3839.42,5014.24,5113,54
Philippine Airlines,MPH-CEB,2023,10,3337.04,34.76,3946.79,3292.19,3064.19,739,1738
Philippine Airlines,MPH-MNL,2023,10,20166.064,24.6,3304.23,3292.19,3703.18,739,5630
Philippine Airlines,OZC-MNL,2023,10,4057.776,35.53,5418.76,4368.14,3703.18,106,5630
Philippine Airlines,PPS-CEB,2023,10,1538.432,42.24,5120.44,3851.99,3064.19,376,1738
Philippine Airlines,PPS-MNL,2023,10,18021.632,35.67,3717.73,3851.99,3703.18,376,5630
Philippine Airlines,RXS-MNL,2023,10,3812.144,28.07,4305.85,4306.2,3703.18,91,5630
Philippine Airlines,TAC-CEB,2023,10,1593.376,41.26,5152.78,3237.18,3064.19,445,1738
Philippine Airlines,TAC-MNL,2023,10,12389.872,21.87,3546.75,3237.18,3703.18,445,5630
Philippine Airlines,TAG-DVO,2023,10,1098.88,100.0,10000.0,3815.56,4847.33,341,690
Philippine Airlines,TAG-MNL,2023,10,10770.64,21.28,3886.67,3815.56,3703.18,341,5630
Philippine Airlines,TUG-MNL,2023,10,300.576,3.03,9412.36,9412.3,3703.18,66,5630
Philippine Airlines,TWT-CBO,2023,10,439.552,100.0,10000.0,5005.9,10000.0,32,46
Philippine Airlines,TWT-ZAM,2023,10,1653.168,45.83,5034.78,5005.9,5014.24,32,54
Philippine Airlines,USU-CEB,2023,10,1538.432,41.03,5160.92,5365.77,3064.19,201,1738
Philippine Airlines,USU-CRK,2023,10,934.048,100.0,10000.0,5365.77,8745.57,201,110
Philippine Airlines,USU-MNL,2023,10,1703.264,25.18,6232.06,5365.77,3703.18,201,5630
Philippine Airlines,ZAM-CEB,2023,10,1373.6,23.35,6420.45,5779.56,3064.19,259,1738
Philippine Airlines,ZAM-MNL,2023,10,8115.552,31.78,5663.94,5779.56,3703.18,259,5630
Philippine Airlines,ZAM-TWT,2023,10,1653.168,30.56,5755.83,5779.56,5371.49,259,45
AirAsia,BCD-MNL,2023,11,13124.16,22.89,3593.39,3645.81,3623.03,425,5665
AirAsia,CEB-MNL,2023,11,28591.92,21.98,3544.17,3356.53,3623.03,1765,5665
AirAsia,CGY-MNL,2023,11,9374.4,19.76,3655.33,3231.13,3623.03,426,5665
AirAsia,ILO-MNL,2023,11,21473.76,29.6,3546.71,3459.84,3623.03,589,5665
AirAsia,KLO-MNL,2023,11,12967.92,74.11,6162.58,6162.31,3623.03,112,5665
AirAsia,MNL-BCD,2023,11,12967.92,24.89,3452.42,3738.31,3492.07,5095,400
AirAsia,MNL-CEB,2023,11,29216.88,24.28,3435.44,3738.31,3174.71,5095,1771
AirAsia,MNL-CGY,2023,11,9530.64,20.15,3660.04,3738.31,3225.18,5095,425
AirAsia,MNL-ILO,2023,11,15936.48,23.34,3674.25,3738.31,3584.73,5095,564
AirAsia,MNL-KLO,2023,11,12967.92,100.0,10000.0,3738.31,9764.74,5095,84
AirAsia,MNL-MPH,2023,11,13124.16,19.65,3557.24,3738.31,3881.55,5095,624
AirAsia,MNL-PPS,2023,11,12811.68,25.51,3475.49,3738.31,3553.57,5095,398
AirAsia,MNL-RXS,2023,11,2031.12,14.13,4255.59,3738.31,4255.67,5095,92
AirAsia,MNL-TAC,2023,11,8593.2,17.78,3703.19,3738.31,3515.51,5095,360
AirAsia,MNL-TAG,2023,11,9061.92,23.65,3535.05,3738.31,3525.45,5095,258
AirAsia,MPH-MNL,2023,11,33747.84,38.66,3340.28,3330.71,3623.03,782,5665
AirAsia,PPS-MNL,2023,11,8124.48,15.61,3806.78,3875.85,3623.03,374,5665
AirAsia,RXS-MNL,2023,11,2031.12,14.29,4285.43,4285.71,3623.03,91,5665
AirAsia,TAC-MNL,2023,11,21984.48,36.41,3494.59,3216.61,3623.03,450,5665
AirAsia,TAG-MNL,2023,11,14061.6,29.37,3606.66,3569.67,3623.03,307,5665
Cebgo,BCD-CEB,2023,11,607.68,14.08,4098.68,3645.81,3174.71,425,1771
Cebgo,BXU-CEB,2023,11,1215.36,31.06,5717.45,4784.29,3174.71,224,1771
Cebgo,CEB-BCD,2023,11,607.68,13.37,4230.53,3356.53,3492.07,1765,400
Cebgo,CEB-CEB,2023,11,486.144,73.85,6137.64,3356.53,3174.71,1765,1771
Cebgo,CEB-CGY,2023,11,2795.328,40.02,5199.2,3356.53,3225.18,1765,425
Cebgo,CEB-CRK,2023,11,850.752,29.42,5847.07,3356.53,7607.86,1765,114
Cebgo,CEB-CYP,2023,11,911.52,100.0,10000.0,3356.53,5049.8,1765,28
Cebgo,CEB-DRP,2023,11,60.768,100.0,10000.0,3356.53,4981.45,1765,155
Cebgo,CEB-IAO,2023,11,3585.312,51.01,5002.04,3356.53,5502.43,1765,219
Cebgo,CEB-ILO,2023,11,1701.504,29.75,5820.12,3356.53,3584.73,1765,564
Cebgo,CEB-MNL,2023,11,60.768,0.05,3544.17,3356.53,3623.03,1765,5665
Cebgo,CEB-PAG,2023,11,1458.432,100.0,10000.0,3356.53,7559.09,1765,80
Cebgo,CEB-SUG,2023,11,729.216,100.0,10000.0,3356.53,10000.0,1765,12
Cebgo,CEB-TAC,2023,11,1519.2,49.5,5000.5,3356.53,3515.51,1765,360
Cebgo,CEB-USU,2023,11,1883.808,36.14,5384.2,3356.53,5161.22,1765,165
Cebgo,CGY-CEB,2023,11,2916.864,41.38,5148.61,3231.13,3174.71,426,1771
Cebgo,CGY-DVO,2023,11,972.288,100.0,10000.0,3231.13,4840.91,426,686
Cebgo,CRK-CEB,2023,11,850.752,84.42,7369.47,5929.37,3174.71,68,1771
Cebgo,CRK-PPS,2023,11,121.536,100.0,10000.0,5929.37,3553.57,68,398
Cebgo,CYP-CEB,2023,11,729.216,100.0,10000.0,5004.08,3174.71,24,1771
Cebgo,DGT-CEB,2023,11,60.768,100.0,10000.0,5212.59,3174.71,147,1771
Cebgo,DPL-CEB,2023,11,60.768,100.0,10000.0,8896.12,3174.71,18,1771
Cebgo,DVO-CGY,2023,11,1033.056,100.0,10000.0,4847.32,3225.18,721,425
Cebgo,DVO-IAO,2023,11,789.984,100.0,10000.0,4847.32,5502.43,721,219
Cebgo,IAO-CEB,2023,11,3889.152,52.53,4722.92,4926.83,3174.71,195,1771
Cebgo,IAO-DVO,2023,11,789.984,100.0,10000.0,4926.83,4840.91,195,686
Cebgo,ILO-CEB,2023,11,1701.504,25.99,4437.1,3459.84,3174.71,589,1771
Cebgo,MNL-CEB,2023,11,789.984,0.65,3435.44,3738.31,3174.71,5095,1771
Cebgo,MNL-MPH,2023,11,1823.04,2.72,3557.24,3738.31,3881.55,5095,624
Cebgo,MNL-USU,2023,11,1762.272,49.81,4703.72,3738.31,5161.22,5095,165
Cebgo,MNL-WNP,2023,11,3159.936,100.0,10000.0,3738.31,10000.0,5095,52
Cebgo,MPH-CEB,2023,11,972.288,8.01,4480.57,3330.71,3174.71,782,1771
Cebgo,MPH-MNL,2023,11,1823.04,2.08,3340.28,3330.71,3623.03,782,5665
Cebgo,OZC-CEB,2023,11,911.52,93.75,8828.12,4509.41,3174.71,88,1771
Cebgo,PAG-CEB,2023,11,1276.128,100.0,10000.0,7786.15,3174.71,77,1771
Cebgo,PPS-CRK,2023,11,121.536,100.0,10000.0,3875.85,7607.86,374,114
Cebgo,SUG-CEB,2023,11,729.216,100.0,10000.0,10000.0,3174.71,12,1771
Cebgo,TAC-CEB,2023,11,2248.416,58.32,5138.44,3216.61,3174.71,450,1771
Cebgo,USU-CEB,2023,11,1823.04,34.62,5473.09,5023.95,3174.71,221,1771
Cebgo,USU-MNL,2023,11,5165.28,75.63,6313.79,5023.95,3623.03,221,5665
Cebgo,WNP-MNL,2023,11,3099.168,100.0,10000.0,10000.0,3623.03,51,5665
Cebu Pacific,BCD-CEB,2023,11,1412.856,32.73,4098.68,3645.81,3174.71,425,1771
Cebu Pacific,BCD-DVO,2023,11,3296.664,100.0,10000.0,3645.81,4840.91,425,686
Cebu Pacific,BCD-MNL,2023,11,26212.952,45.5,3593.39,3645.81,3623.03,425,5665
Cebu Pacific,BXU-MNL,2023,11,16586.288,66.3,5531.38,4784.29,3623.03,224,5665
Cebu Pacific,CEB-BCD,2023,11,1412.856,31.08,4230.53,3356.53,3492.07,1765,400
Cebu Pacific,CEB-CRK,2023,11,2040.792,70.58,5847.07,3356.53,7607.86,1765,114
Cebu Pacific,CEB-DVO,2023,11,3767.616,42.18,5122.3,3356.53,4840.91,1765,686
Cebu Pacific,CEB-GES,2023,11,2668.728,100.0,10000.0,3356.53,5419.78,1765,168
Cebu Pacific,CEB-MNL,2023,11,46771.104,35.78,3544.17,3356.53,3623.03,1765,5665
Cebu Pacific,CEB-MPH,2023,11,6750.312,59.35,5174.84,3356.53,3881.55,1765,624
Cebu Pacific,CEB-PPS,2023,11,2040.792,38.84,5249.09,3356.53,3553.57,1765,398
Cebu Pacific,CGY-MNL,2023,11,21388.648,44.86,3655.33,3231.13,3623.03,426,5665
Cebu Pacific,CRK-CEB,2023,11,156.984,15.58,7369.47,5929.37,3174.71,68,1771
Cebu Pacific,CRK-KLO,2023,11,156.984,100.0,10000.0,5929.37,9764.74,68,84
Cebu Pacific,CRK-MPH,2023,11,5337.456,100.0,10000.0,5929.37,3881.55,68,624
Cebu Pacific,CYZ-MNL,2023,11,4238.568,100.0,10000.0,10000.0,3623.03,27,5665
Cebu Pacific,DGT-MNL,2023,11,13971.576,60.96,5240.24,5212.59,3623.03,147,5665
Cebu Pacific,DRP-MNL,2023,11,10084.112,47.16,5016.13,5016.11,3623.03,155,5665
Cebu Pacific,DVO-BCD,2023,11,3296.664,100.0,10000.0,4847.32,3492.07,721,400
Cebu Pacific,DVO-CEB,2023,11,3767.616,42.45,5114.0,4847.32,3174.71,721,1771
Cebu Pacific,DVO-MNL,2023,11,46956.784,47.9,5008.82,4847.32,3623.03,721,5665
Cebu Pacific,GES-CEB,2023,11,2668.728,100.0,10000.0,5419.78,3174.71,168,1771
Cebu Pacific,GES-ILO,2023,11,2668.728,100.0,10000.0,5419.78,3584.73,168,564
Cebu Pacific,GES-MNL,2023,11,17633.692,58.23,5135.47,5419.78,3623.03,168,5665
Cebu Pacific,IAO-CEB,2023,11,243.072,3.28,4722.92,4926.83,3174.71,195,1771
Cebu Pacific,ILO-CEB,2023,11,941.904,14.39,4437.1,3459.84,3174.71,589,1771
Cebu Pacific,ILO-GES,2023,11,2668.728,100.0,10000.0,3459.84,5419.78,589,168
Cebu Pacific,ILO-MNL,2023,11,32814.72,45.01,3546.71,3459.84,3623.03,589,5665
Cebu Pacific,ILO-PPS,2023,11,2040.792,100.0,10000.0,3459.84,3553.57,589,398
Cebu Pacific,KLO-MNL,2023,11,4552.536,25.89,6162.58,6162.31,3623.03,112,5665
Cebu Pacific,LAO-MNL,2023,11,4238.568,42.29,5118.89,5118.76,3623.03,64,5665
Cebu Pacific,MNL-BCD,2023,11,20954.832,40.02,3452.42,3738.31,3492.07,5095,400
Cebu Pacific,MNL-BXU,2023,11,16743.272,64.89,5443.42,3738.31,5153.05,5095,209
Cebu Pacific,MNL-CEB,2023,11,40865.636,33.81,3435.44,3738.31,3174.71,5095,1771
Cebu Pacific,MNL-CGY,2023,11,21702.616,45.67,3660.04,3738.31,3225.18,5095,425
Cebu Pacific,MNL-CYZ,2023,11,4709.52,100.0,10000.0,3738.31,10000.0,5095,30
Cebu Pacific,MNL-DGT,2023,11,18053.16,65.71,5493.61,3738.31,5493.88,5095,175
Cebu Pacific,MNL-DRP,2023,11,10241.096,47.8,5009.68,3738.31,4981.45,5095,155
Cebu Pacific,MNL-DVO,2023,11,45399.604,49.24,5001.16,3738.31,4840.91,5095,686
Cebu Pacific,MNL-GES,2023,11,17633.692,58.23,5135.47,3738.31,5419.78,5095,168
Cebu Pacific,MNL-ILO,2023,11,33008.84,48.12,3674.25,3738.31,3584.73,5095,564
Cebu Pacific,MNL-LAO,2023,11,4238.568,41.64,5139.78,3738.31,5139.72,5095,65
Cebu Pacific,MNL-MNL,2023,11,313.968,47.69,5010.67,3738.31,3623.03,5095,5665
Cebu Pacific,MNL-MPH,2023,11,31867.752,47.49,3557.24,3738.31,3881.55,5095,624
Cebu Pacific,MNL-OZC,2023,11,6750.312,58.9,5158.42,3738.31,5158.57,5095,73
Cebu Pacific,MNL-PAG,2023,11,8791.104,100.0,10000.0,3738.31,7559.09,5095,80
Cebu Pacific,MNL-PPS,2023,11,21311.0,42.23,3475.49,3738.31,3553.57,5095,398
Cebu Pacific,MNL-RXS,2023,11,8163.168,56.52,4255.59,3738.31,4255.67,5095,92
Cebu Pacific,MNL-TAC,2023,11,20878.872,42.98,3703.19,3738.31,3515.51,5095,360
Cebu Pacific,MNL-TAG,2023,11,16832.736,43.73,3535.05,3738.31,3525.45,5095,258
Cebu Pacific,MNL-TUG,2023,11,9105.072,67.16,5588.93,3738.31,5588.68,5095,87
Cebu Pacific,MNL-VRC,2023,11,4709.52,100.0,10000.0,3738.31,10000.0,5095,30
Cebu Pacific,MPH-CEB,2023,11,6750.312,55.64,4480.57,3330.71,3174.71,782,1771
Cebu Pacific,MPH-CRK,2023,11,5337.456,100.0,10000.0,3330.71,7607.86,782,114
Cebu Pacific,MPH-MNL,2023,11,31710.768,36.15,3340.28,3330.71,3623.03,782,5665
Cebu Pacific,NRT-CRK,2023,11,5337.456,100.0,10000.0,10000.0,7607.86,34,114
Cebu Pacific,OZC-CEB,2023,11,60.768,6.25,8828.12,4509.41,3174.71,88,1771
Cebu Pacific,OZC-MNL,2023,11,6750.312,59.72,5188.96,4509.41,3623.03,88,5665
Cebu Pacific,PAG-MNL,2023,11,8791.104,100.0,10000.0,7786.15,3623.03,77,5665
Cebu Pacific,PPS-CEB,2023,11,2040.792,55.95,5070.8,3875.85,3174.71,374,1771
Cebu Pacific,PPS-ILO,2023,11,2040.792,100.0,10000.0,3875.85,3584.73,374,564
Cebu Pacific,PPS-MNL,2023,11,21505.12,41.13,3806.78,3875.85,3623.03,374,5665
Cebu Pacific,RXS-MNL,2023,11,8163.168,57.14,4285.43,4285.71,3623.03,91,5665
Cebu Pacific,TAC-MNL,2023,11,24489.504,40.37,3494.59,3216.61,3623.03,450,5665
Cebu Pacific,TAG-MNL,2023,11,22359.248,46.49,3606.66,3569.67,3623.03,307,5665
Cebu Pacific,TUG-MNL,2023,11,17383.024,80.77,6893.59,6893.42,3623.03,139,5665
Cebu Pacific,ZAM-DVO,2023,11,941.904,100.0,10000.0,5244.0,4840.91,218,686
Cebu Pacific,ZAM-MNL,2023,11,18238.84,67.09,5584.14,5244.0,3623.03,218,5665
Philippine Airlines,BCD-CEB,2023,11,2197.76,53.19,4098.68,3645.81,3174.71,425,1771
Philippine Airlines,BCD-MNL,2023,11,17436.64,31.61,3593.39,3645.81,3623.03,425,5665
Philippine Airlines,BPA-CEB,2023,11,329.664,100.0,10000.0,10000.0,3174.71,6,1771
Philippine Airlines,BXU-CEB,2023,11,2582.368,68.94,5717.45,4784.29,3174.71,224,1771
Philippine Airlines,BXU-MNL,2023,11,8071.92,33.7,5531.38,4784.29,3623.03,224,5665
Philippine Airlines,CBO-CEB,2023,11,494.496,100.0,10000.0,10000.0,3174.71,46,1771
Philippine Airlines,CBO-MNL,2023,11,4263.008,100.0,10000.0,10000.0,3623.03,46,5665
Philippine Airlines,CBO-TWT,2023,11,439.552,100.0,10000.0,10000.0,10000.0,46,18
Philippine Airlines,CEB-BAG,2023,11,54.944,100.0,10000.0,3356.53,10000.0,1765,1
Philippine Airlines,CEB-BCD,2023,11,2417.536,55.55,4230.53,3356.53,3492.07,1765,400
Philippine Airlines,CEB-BPA,2023,11,439.552,100.0,10000.0,3356.53,10000.0,1765,8
Philippine Airlines,CEB-BXU,2023,11,2582.368,100.0,10000.0,3356.53,5153.05,1765,209
Philippine Airlines,CEB-CBO,2023,11,494.496,100.0,10000.0,3356.53,10000.0,1765,45
Philippine Airlines,CEB-CEB,2023,11,164.832,26.15,6137.64,3356.53,3174.71,1765,1771
Philippine Airlines,CEB-CGY,2023,11,4010.912,59.98,5199.2,3356.53,3225.18,1765,425
Philippine Airlines,CEB-DVO,2023,11,4944.96,57.82,5122.3,3356.53,4840.91,1765,686
Philippine Airlines,CEB-IAO,2023,11,3296.64,48.99,5002.04,3356.53,5502.43,1765,219
Philippine Airlines,CEB-ILO,2023,11,3846.08,70.25,5820.12,3356.53,3584.73,1765,564
Philippine Airlines,CEB-MNL,2023,11,52806.032,42.2,3544.17,3356.53,3623.03,1765,5665
Philippine Airlines,CEB-MPH,2023,11,4426.224,40.65,5174.84,3356.53,3881.55,1765,624
Philippine Airlines,CEB-PPS,2023,11,3076.864,61.16,5249.09,3356.53,3553.57,1765,398
Philippine Airlines,CEB-TAC,2023,11,1483.488,50.5,5000.5,3356.53,3515.51,1765,360
Philippine Airlines,CEB-USU,2023,11,3186.752,63.86,5384.2,3356.53,5161.22,1765,165
Philippine Airlines,CGY-CEB,2023,11,3955.968,58.62,5148.61,3231.13,3174.71,426,1771
Philippine Airlines,CGY-MNL,2023,11,16151.92,35.39,3655.33,3231.13,3623.03,426,5665
Philippine Airlines,CRK-USU,2023,11,879.104,100.0,10000.0,5929.37,5161.22,68,165
Philippine Airlines,CRM-MNL,2023,11,824.16,100.0,10000.0,10000.0,3623.03,15,5665
Philippine Airlines,CYP-MNL,2023,11,659.328,100.0,10000.0,5004.08,3623.03,24,5665
Philippine Airlines,DGT-MNL,2023,11,8566.416,39.04,5240.24,5212.59,3623.03,147,5665
Philippine Airlines,DPL-MNL,2023,11,934.048,100.0,10000.0,8896.12,3623.03,18,5665
Philippine Airlines,DRP-MNL,2023,11,10815.888,52.84,5016.13,5016.11,3623.03,155,5665
Philippine Airlines,DVO-CEB,2023,11,4890.016,57.55,5114.0,4847.32,3174.71,721,1771
Philippine Airlines,DVO-MNL,2023,11,48898.544,52.1,5008.82,4847.32,3623.03,721,5665
Philippine Airlines,DVO-TAG,2023,11,1153.824,100.0,10000.0,4847.32,3525.45,721,258
Philippine Airlines,EUQ-MNL,2023,11,659.328,100.0,10000.0,10000.0,3623.03,12,5665
Philippine Airlines,GES-MNL,2023,11,12110.304,41.77,5135.47,5419.78,3623.03,168,5665
Philippine Airlines,IAO-CEB,2023,11,3131.808,44.19,4722.92,4926.83,3174.71,195,1771
Philippine Airlines,IAO-IAO,2023,11,54.944,100.0,10000.0,4926.83,5502.43,195,219
Philippine Airlines,IAO-MNL,2023,11,3076.864,100.0,10000.0,4926.83,3623.03,195,5665
Philippine Airlines,ILO-CEB,2023,11,3736.192,59.62,4437.1,3459.84,3174.71,589,1771
Philippine Airlines,ILO-MNL,2023,11,17722.672,25.39,3546.71,3459.84,3623.03,589,5665
Philippine Airlines,LAO-MNL,2023,11,5536.416,57.71,5118.89,5118.76,3623.03,64,5665
Philippine Airlines,MNL-BCD,2023,11,17586.928,35.09,3452.42,3738.31,3492.07,5095,400
Philippine Airlines,MNL-BSO,2023,11,1648.32,100.0,10000.0,3738.31,10000.0,5095,30
Philippine Airlines,MNL-BXU,2023,11,8673.072,35.11,5443.42,3738.31,5153.05,5095,209
Philippine Airlines,MNL-CBO,2023,11,4263.008,100.0,10000.0,3738.31,10000.0,5095,45
Philippine Airlines,MNL-CEB,2023,11,47746.336,41.26,3435.44,3738.31,3174.71,5095,1771
Philippine Airlines,MNL-CGY,2023,11,15550.768,34.18,3660.04,3738.31,3225.18,5095,425
Philippine Airlines,MNL-CRM,2023,11,824.16,100.0,10000.0,3738.31,10000.0,5095,15
Philippine Airlines,MNL-CYP,2023,11,714.272,100.0,10000.0,3738.31,5049.8,5095,28
Philippine Airlines,MNL-DGT,2023,11,9017.28,34.29,5493.61,3738.31,5493.88,5095,175
Philippine Airlines,MNL-DPL,2023,11,988.992,100.0,10000.0,3738.31,10000.0,5095,18
Philippine Airlines,MNL-DRP,2023,11,10706.0,52.2,5009.68,3738.31,4981.45,5095,155
Philippine Airlines,MNL-DVO,2023,11,44805.216,50.76,5001.16,3738.31,4840.91,5095,686
Philippine Airlines,MNL-EUQ,2023,11,714.272,100.0,10000.0,3738.31,10000.0,5095,13
Philippine Airlines,MNL-GES,2023,11,12110.304,41.77,5135.47,3738.31,5419.78,5095,168
Philippine Airlines,MNL-IAO,2023,11,4725.184,100.0,10000.0,3738.31,5502.43,5095,219
Philippine Airlines,MNL-ILO,2023,11,18734.288,28.53,3674.25,3738.31,3584.73,5095,564
Philippine Airlines,MNL-LAO,2023,11,5686.704,58.36,5139.78,3738.31,5139.72,5095,65
Philippine Airlines,MNL-MNL,2023,11,329.664,52.31,5010.67,3738.31,3623.03,5095,5665
Philippine Airlines,MNL-MPH,2023,11,19366.144,30.14,3557.24,3738.31,3881.55,5095,624
Philippine Airlines,MNL-Not available,2023,11,185.84,100.0,10000.0,3738.31,10000.0,5095,1
Philippine Airlines,MNL-OZC,2023,11,4508.64,41.1,5158.42,3738.31,5158.57,5095,73
Philippine Airlines,MNL-PPS,2023,11,15589.552,32.27,3475.49,3738.31,3553.57,5095,398
Philippine Airlines,MNL-RXS,2023,11,4057.776,29.35,4255.59,3738.31,4255.67,5095,92
Philippine Airlines,MNL-TAC,2023,11,18247.872,39.24,3703.19,3738.31,3515.51,5095,360
Philippine Airlines,MNL-TAG,2023,11,12018.192,32.61,3535.05,3738.31,3525.45,5095,258
Philippine Airlines,MNL-TUG,2023,11,4263.008,32.84,5588.93,3738.31,5588.68,5095,87
Philippine Airlines,MNL-USU,2023,11,1593.376,47.04,4703.72,3738.31,5161.22,5095,165
Philippine Airlines,MNL-ZAM,2023,11,1953.744,100.0,10000.0,3738.31,10000.0,5095,23
Philippine Airlines,MPH-CEB,2023,11,4220.992,36.34,4480.57,3330.71,3174.71,782,1771
Philippine Airlines,MPH-MNL,2023,11,19413.008,23.12,3340.28,3330.71,3623.03,782,5665
Philippine Airlines,OZC-MNL,2023,11,4358.352,40.28,5188.96,4509.41,3623.03,88,5665
Philippine Airlines,PPS-CEB,2023,11,1538.432,44.05,5070.8,3875.85,3174.71,374,1771
Philippine Airlines,PPS-MNL,2023,11,21651.168,43.26,3806.78,3875.85,3623.03,374,5665
Philippine Airlines,RXS-MNL,2023,11,3907.488,28.57,4285.43,4285.71,3623.03,91,5665
Philippine Airlines,TAC-CEB,2023,11,1538.432,41.68,5138.44,3216.61,3174.71,450,1771
Philippine Airlines,TAC-MNL,2023,11,13482.288,23.22,3494.59,3216.61,3623.03,450,5665
Philippine Airlines,TAG-DVO,2023,11,769.216,100.0,10000.0,3569.67,4840.91,307,686
Philippine Airlines,TAG-MNL,2023,11,11116.464,24.14,3606.66,3569.67,3623.03,307,5665
Philippine Airlines,TUG-MNL,2023,11,3962.432,19.23,6893.59,6893.42,3623.03,139,5665
Philippine Airlines,TWT-CBO,2023,11,384.608,100.0,10000.0,10000.0,10000.0,17,45
Philippine Airlines,TWT-ZAM,2023,11,1502.88,100.0,10000.0,10000.0,10000.0,17,23
Philippine Airlines,USU-CEB,2023,11,3296.64,65.38,5473.09,5023.95,3174.71,221,1771
Philippine Airlines,USU-CRK,2023,11,934.048,100.0,10000.0,5023.95,7607.86,221,114
Philippine Airlines,USU-MNL,2023,11,1593.376,24.37,6313.79,5023.95,3623.03,221,5665
Philippine Airlines,ZAM-CEB,2023,11,1648.32,100.0,10000.0,5244.0,3174.71,218,1771
Philippine Airlines,ZAM-MNL,2023,11,8566.416,32.91,5584.14,5244.0,3623.03,218,5665
Philippine Airlines,ZAM-TWT,2023,11,1502.88,100.0,10000.0,5244.0,10000.0,218,18
Sunlight Air,MNL-CGM,2023,11,112.2,100.0,10000.0,3738.31,10000.0,5095,2
Sunlight Air,MNL-USU,2023,11,112.2,3.15,4703.72,3738.31,5161.22,5095,165
AirAsia,BCD-MNL,2023,12,13592.88,21.19,3697.16,3741.38,3675.3,470,6188
AirAsia,CEB-MNL,2023,12,31248.0,21.37,3542.62,3243.81,3675.3,1959,6188
AirAsia,CEB-TAG,2023,12,156.24,100.0,10000.0,3243.81,3648.28,1959,295
AirAsia,CGY-MNL,2023,12,9374.4,15.57,3819.19,3299.72,3675.3,535,6188
AirAsia,ILO-MNL,2023,12,22916.88,29.03,3485.46,3407.16,3675.3,645,6188
AirAsia,KLO-MNL,2023,12,13280.4,74.56,6206.39,6206.53,3675.3,114,6188
AirAsia,MNL-BCD,2023,12,13592.88,23.44,3516.45,3765.56,3558.84,5555,440
AirAsia,MNL-CEB,2023,12,29529.36,22.19,3478.81,3765.56,3102.64,5555,1966
AirAsia,MNL-CGY,2023,12,9374.4,16.93,3808.34,3765.56,3219.66,5555,509
AirAsia,MNL-ILO,2023,12,17342.64,23.7,3638.16,3765.56,3500.05,5555,599
AirAsia,MNL-KLO,2023,12,12811.68,100.0,10000.0,3765.56,10000.0,5555,82
AirAsia,MNL-MPH,2023,12,13749.12,20.15,3502.51,3765.56,3917.57,5555,656
AirAsia,MNL-PPS,2023,12,14374.08,24.66,3495.58,3765.56,3575.07,5555,454
AirAsia,MNL-RXS,2023,12,2031.12,12.26,4426.95,3765.56,4426.84,5555,106
AirAsia,MNL-TAC,2023,12,9686.88,18.15,3693.66,3765.56,3497.8,5555,399
AirAsia,MNL-TAG,2023,12,8905.68,20.12,3670.62,3765.56,3648.28,5555,295
AirAsia,MPH-MNL,2023,12,33435.36,37.13,3277.34,3283.66,3675.3,844,6188
AirAsia,PPS-MNL,2023,12,9530.64,16.37,3764.98,3839.77,3675.3,417,6188
AirAsia,RXS-MNL,2023,12,2031.12,12.38,4456.41,4456.24,3675.3,105,6188
AirAsia,TAC-MNL,2023,12,23436.0,34.92,3487.1,3225.88,3675.3,498,6188
AirAsia,TAG-MNL,2023,12,14061.6,25.81,3638.52,3598.6,3675.3,353,6188
Cebgo,BCD-CEB,2023,12,674.784,14.51,4156.42,3741.38,3102.64,470,1966
Cebgo,BXU-CEB,2023,12,1533.6,41.71,5137.45,4828.85,3102.64,249,1966
Cebgo,CEB-BCD,2023,12,674.784,13.99,4256.71,3243.81,3558.84,1959,440
Cebgo,CEB-BXU,2023,12,122.688,5.03,9044.6,3243.81,5213.47,1959,225
Cebgo,CEB-CEB,2023,12,184.032,61.36,5258.1,3243.81,3102.64,1959,1966
Cebgo,CEB-CGY,2023,12,5275.584,56.19,5076.63,3243.81,3219.66,1959,509
Cebgo,CEB-CRK,2023,12,306.72,10.22,8164.9,3243.81,8494.47,1959,132
Cebgo,CEB-CYP,2023,12,858.816,100.0,10000.0,3243.81,5021.48,1959,27
Cebgo,CEB-DPL,2023,12,61.344,100.0,10000.0,3243.81,5751.04,1959,43
Cebgo,CEB-DRP,2023,12,61.344,100.0,10000.0,3243.81,5303.64,1959,141
Cebgo,CEB-IAO,2023,12,3496.608,52.78,5015.46,3243.81,5621.59,1959,212
Cebgo,CEB-ILO,2023,12,2699.136,44.97,5050.6,3243.81,3500.05,1959,599
Cebgo,CEB-MNL,2023,12,184.032,0.12,3542.62,3243.81,3675.3,1959,6188
Cebgo,CEB-OZC,2023,12,1165.536,71.55,5928.8,3243.81,4359.47,1959,108
Cebgo,CEB-PAG,2023,12,2208.384,100.0,10000.0,3243.81,6940.87,1959,96
Cebgo,CEB-SUG,2023,12,736.128,100.0,10000.0,3243.81,10000.0,1959,12
Cebgo,CEB-TAC,2023,12,1717.632,50.55,5000.6,3243.81,3497.8,1959,399
Cebgo,CEB-USU,2023,12,1840.32,34.62,5473.09,3243.81,3957.92,1959,202
Cebgo,CGY-CEB,2023,12,5214.24,57.32,5107.16,3299.72,3102.64,535,1966
Cebgo,CGY-DVO,2023,12,858.816,100.0,10000.0,3299.72,4883.23,535,726
Cebgo,CRK-CEB,2023,12,306.72,11.87,7521.29,7695.09,3102.64,85,1966
Cebgo,CRK-PPS,2023,12,184.032,100.0,10000.0,7695.09,3575.07,85,454
Cebgo,CYP-CEB,2023,12,920.16,100.0,10000.0,5096.94,3102.64,27,1966
Cebgo,DRP-CEB,2023,12,61.344,100.0,10000.0,5319.51,3102.64,143,1966
Cebgo,DVO-CGY,2023,12,858.816,100.0,10000.0,4888.81,3219.66,759,509
Cebgo,DVO-IAO,2023,12,552.096,100.0,10000.0,4888.81,5621.59,759,212
Cebgo,GES-CEB,2023,12,61.344,1.67,5988.7,5390.83,3102.64,193,1966
Cebgo,IAO-CEB,2023,12,3987.36,55.58,5062.27,5148.63,3102.64,185,1966
Cebgo,IAO-DVO,2023,12,552.096,100.0,10000.0,5148.63,4883.23,185,726
Cebgo,ILO-CEB,2023,12,2637.792,39.3,4034.02,3407.16,3102.64,645,1966
Cebgo,MBT-MNL,2023,12,61.344,100.0,10000.0,10000.0,3675.3,1,6188
Cebgo,MNL-CEB,2023,12,736.128,0.55,3478.81,3765.56,3102.64,5555,1966
Cebgo,MNL-DRP,2023,12,61.344,0.32,5338.07,3765.56,5303.64,5555,141
Cebgo,MNL-MPH,2023,12,1840.32,2.66,3502.51,3765.56,3917.57,5555,656
Cebgo,MNL-USU,2023,12,1901.664,33.9,3335.94,3765.56,3957.92,5555,202
Cebgo,MNL-WNP,2023,12,3741.984,100.0,10000.0,3765.56,10000.0,5555,61
Cebgo,MPH-CEB,2023,12,1840.32,12.04,4302.4,3283.66,3102.64,844,1966
Cebgo,MPH-MNL,2023,12,1840.32,2.01,3277.34,3283.66,3675.3,844,6188
Cebgo,OZC-CEB,2023,12,1778.976,79.33,6720.5,4081.12,3102.64,116,1966
Cebgo,OZC-OZC,2023,12,61.344,100.0,10000.0,4081.12,4359.47,116,108
Cebgo,PAG-CEB,2023,12,2147.04,100.0,10000.0,6896.74,3102.64,92,1966
Cebgo,PPS-CRK,2023,12,184.032,100.0,10000.0,3839.77,8494.47,417,132
Cebgo,SUG-CEB,2023,12,613.44,100.0,10000.0,10000.0,3102.64,10,1966
Cebgo,TAC-CEB,2023,12,2392.416,58.74,5152.78,3225.88,3102.64,498,1966
Cebgo,USU-CEB,2023,12,2208.384,38.46,5266.34,5062.72,3102.64,227,1966
Cebgo,USU-MNL,2023,12,5336.928,75.43,6293.37,5062.72,3675.3,227,6188
Cebgo,WNP-MNL,2023,12,3803.328,100.0,10000.0,10000.0,3675.3,62,6188
Cebu Pacific,BCD-CEB,2023,12,1426.248,30.67,4156.42,3741.38,3102.64,470,1966
Cebu Pacific,BCD-DVO,2023,12,3486.384,100.0,10000.0,3741.38,4883.23,470,726
Cebu Pacific,BCD-MNL,2023,12,31126.968,47.85,3697.16,3741.38,3675.3,470,6188
Cebu Pacific,BXU-MNL,2023,12,19688.016,66.35,5534.64,4828.85,3675.3,249,6188
Cebu Pacific,CEB-BCD,2023,12,1426.248,29.57,4256.71,3243.81,3558.84,1959,440
Cebu Pacific,CEB-CRK,2023,12,2694.024,89.78,8164.9,3243.81,8494.47,1959,132
Cebu Pacific,CEB-DVO,2023,12,5388.048,50.54,5000.58,3243.81,4883.23,1959,726
Cebu Pacific,CEB-GES,2023,12,2694.024,72.09,5975.94,3243.81,5365.43,1959,195
Cebu Pacific,CEB-MNL,2023,12,60522.672,40.8,3542.62,3243.81,3675.3,1959,6188
Cebu Pacific,CEB-MPH,2023,12,8557.488,63.67,5373.74,3243.81,3917.57,1959,656
Cebu Pacific,CEB-PPS,2023,12,2377.08,40.61,5176.34,3243.81,3575.07,1959,454
Cebu Pacific,CEB-ZAM,2023,12,2535.552,100.0,10000.0,3243.81,5266.27,1959,52
Cebu Pacific,CGY-MNL,2023,12,27308.304,44.72,3819.19,3299.72,3675.3,535,6188
Cebu Pacific,CRK-CEB,2023,12,2218.608,85.88,7521.29,7695.09,3102.64,85,1966
Cebu Pacific,CRK-CRK,2023,12,316.944,100.0,10000.0,7695.09,8494.47,85,132
Cebu Pacific,CRK-MPH,2023,12,7131.24,100.0,10000.0,7695.09,3917.57,85,656
Cebu Pacific,CYZ-MNL,2023,12,4912.632,100.0,10000.0,10000.0,3675.3,31,6188
Cebu Pacific,DGT-MNL,2023,12,12519.288,56.43,5082.69,5082.65,3675.3,140,6188
Cebu Pacific,DPL-MNL,2023,12,3010.968,70.26,5820.94,5820.81,3675.3,41,6188
Cebu Pacific,DRP-MNL,2023,12,7168.728,36.72,5352.72,5319.51,3675.3,143,6188
Cebu Pacific,DVO-BCD,2023,12,3486.384,100.0,10000.0,4888.81,3558.84,759,440
Cebu Pacific,DVO-CEB,2023,12,5229.576,50.92,5001.69,4888.81,3102.64,759,1966
Cebu Pacific,DVO-MNL,2023,12,52064.016,48.32,5005.64,4888.81,3675.3,759,6188
Cebu Pacific,GES-CEB,2023,12,2694.024,73.16,5988.7,5390.83,3102.64,193,1966
Cebu Pacific,GES-ILO,2023,12,2694.024,100.0,10000.0,5390.83,3500.05,193,599
Cebu Pacific,GES-MNL,2023,12,21691.92,60.54,5222.18,5390.83,3675.3,193,6188
Cebu Pacific,ILO-CEB,2023,12,829.848,12.36,4034.02,3407.16,3102.64,645,1966
Cebu Pacific,ILO-CRK,2023,12,1743.192,100.0,10000.0,3407.16,8494.47,645,132
Cebu Pacific,ILO-GES,2023,12,2694.024,100.0,10000.0,3407.16,5365.43,645,195
Cebu Pacific,ILO-MNL,2023,12,34722.408,43.37,3485.46,3407.16,3675.3,645,6188
Cebu Pacific,ILO-PPS,2023,12,2377.08,100.0,10000.0,3407.16,3575.07,645,454
Cebu Pacific,KLO-MNL,2023,12,4595.688,25.44,6206.39,6206.53,3675.3,114,6188
Cebu Pacific,LAO-MNL,2023,12,4912.632,40.97,5163.08,5162.9,3675.3,74,6188
Cebu Pacific,MNL-BCD,2023,12,25043.688,42.58,3516.45,3765.56,3558.84,5555,440
Cebu Pacific,MNL-BXU,2023,12,19212.6,66.16,5522.29,3765.56,5213.47,5555,225
Cebu Pacific,MNL-CEB,2023,12,52990.14,39.26,3478.81,3765.56,3102.64,5555,1966
Cebu Pacific,MNL-CGY,2023,12,26674.416,47.51,3808.34,3765.56,3219.66,5555,509
Cebu Pacific,MNL-CYZ,2023,12,4912.632,100.0,10000.0,3765.56,10000.0,5555,31
Cebu Pacific,MNL-DGT,2023,12,16798.032,63.47,5362.88,3765.56,5363.05,5555,167
Cebu Pacific,MNL-DPL,2023,12,3169.44,71.32,5909.08,3765.56,5751.04,5555,43
Cebu Pacific,MNL-DRP,2023,12,6851.784,36.24,5338.07,3765.56,5303.64,5555,141
Cebu Pacific,MNL-DVO,2023,12,50091.636,49.47,5000.56,3765.56,4883.23,5555,726
Cebu Pacific,MNL-GES,2023,12,21691.92,59.92,5196.81,3765.56,5365.43,5555,195
Cebu Pacific,MNL-ILO,2023,12,35076.84,47.25,3638.16,3765.56,3500.05,5555,599
Cebu Pacific,MNL-LAO,2023,12,4912.632,40.97,5163.08,3765.56,5162.9,5555,74
Cebu Pacific,MNL-MNL,2023,12,195.96,63.19,4670.62,3765.56,3675.3,5555,6188
Cebu Pacific,MNL-MPH,2023,12,31852.872,46.02,3502.51,3765.56,3917.57,5555,656
Cebu Pacific,MNL-OZC,2023,12,7606.656,60.0,5200.0,3765.56,4359.47,5555,108
Cebu Pacific,MNL-PAG,2023,12,9508.32,100.0,10000.0,3765.56,6940.87,5555,96
Cebu Pacific,MNL-PPS,2023,12,25207.272,42.64,3495.58,3765.56,3575.07,5555,454
Cebu Pacific,MNL-RXS,2023,12,9825.264,58.49,4426.95,3765.56,4426.84,5555,106
Cebu Pacific,MNL-TAC,2023,12,23612.328,43.62,3693.66,3765.56,3497.8,5555,399
Cebu Pacific,MNL-TAG,2023,12,20686.56,46.08,3670.62,3765.56,3648.28,5555,295
Cebu Pacific,MNL-TUG,2023,12,9508.32,65.22,5463.3,3765.56,5463.14,5555,92
Cebu Pacific,MNL-VRC,2023,12,4754.16,100.0,10000.0,3765.56,10000.0,5555,30
Cebu Pacific,MPH-CEB,2023,12,8557.488,56.0,4302.4,3283.66,3102.64,844,1966
Cebu Pacific,MPH-CRK,2023,12,7131.24,100.0,10000.0,3283.66,8494.47,844,132
Cebu Pacific,MPH-MNL,2023,12,32011.344,35.05,3277.34,3283.66,3675.3,844,6188
Cebu Pacific,NRT-CRK,2023,12,5071.104,100.0,10000.0,10000.0,8494.47,32,132
Cebu Pacific,OZC-MNL,2023,12,7448.184,60.26,5210.54,4081.12,3675.3,116,6188
Cebu Pacific,PAG-MNL,2023,12,9032.904,100.0,10000.0,6896.74,3675.3,92,6188
Cebu Pacific,PPS-CEB,2023,12,2377.08,58.59,5147.58,3839.77,3102.64,417,1966
Cebu Pacific,PPS-ILO,2023,12,2377.08,100.0,10000.0,3839.77,3500.05,417,599
Cebu Pacific,PPS-MNL,2023,12,24656.88,41.74,3764.98,3839.77,3675.3,417,6188
Cebu Pacific,RXS-MNL,2023,12,9825.264,59.05,4456.41,4456.24,3675.3,105,6188
Cebu Pacific,TAC-MNL,2023,12,28049.544,41.2,3487.1,3225.88,3675.3,498,6188
Cebu Pacific,TAG-MNL,2023,12,26294.424,47.59,3638.52,3598.6,3675.3,353,6188
Cebu Pacific,TUG-MNL,2023,12,19016.64,79.47,6736.96,6736.99,3675.3,151,6188
Cebu Pacific,TWT-ZAM,2023,12,2535.552,69.57,5765.97,5274.58,5266.27,31,52
Cebu Pacific,ZAM-CEB,2023,12,2377.08,56.96,5096.88,5478.88,3102.64,255,1966
Cebu Pacific,ZAM-MNL,2023,12,19529.544,66.17,5522.94,5478.88,3675.3,255,6188
Cebu Pacific,ZAM-TWT,2023,12,2535.552,69.57,5765.97,5478.88,5274.58,255,31
Philippine Airlines,BCD-CEB,2023,12,2417.536,54.82,4156.42,3741.38,3102.64,470,1966
Philippine Airlines,BCD-MNL,2023,12,19097.888,30.96,3697.16,3741.38,3675.3,470,6188
Philippine Airlines,BPA-CEB,2023,12,494.496,100.0,10000.0,10000.0,3102.64,9,1966
Philippine Airlines,BXU-CEB,2023,12,2032.928,58.29,5137.45,4828.85,3102.64,249,1966
Philippine Airlines,BXU-MNL,2023,12,9468.144,33.65,5534.64,4828.85,3675.3,249,6188
Philippine Airlines,CBO-CEB,2023,12,439.552,100.0,10000.0,10000.0,3102.64,47,1966
Philippine Airlines,CBO-MNL,2023,12,4658.928,100.0,10000.0,10000.0,3675.3,47,6188
Philippine Airlines,CBO-TWT,2023,12,439.552,100.0,10000.0,10000.0,5274.58,47,31
Philippine Airlines,CEB-BCD,2023,12,2582.368,56.45,4256.71,3243.81,3558.84,1959,440
Philippine Airlines,CEB-BPA,2023,12,494.496,100.0,10000.0,3243.81,10000.0,1959,9
Philippine Airlines,CEB-BXU,2023,12,2197.76,94.97,9044.6,3243.81,5213.47,1959,225
Philippine Airlines,CEB-CBO,2023,12,439.552,100.0,10000.0,3243.81,10000.0,1959,47
Philippine Airlines,CEB-CEB,2023,12,109.888,38.64,5258.1,3243.81,3102.64,1959,1966
Philippine Airlines,CEB-CGY,2023,12,3901.024,43.81,5076.63,3243.81,3219.66,1959,509
Philippine Airlines,CEB-DVO,2023,12,4999.904,49.46,5000.58,3243.81,4883.23,1959,726
Philippine Airlines,CEB-GES,2023,12,988.992,27.91,5975.94,3243.81,5365.43,1959,195
Philippine Airlines,CEB-IAO,2023,12,2966.976,47.22,5015.46,3243.81,5621.59,1959,212
Philippine Airlines,CEB-ILO,2023,12,3131.808,55.03,5050.6,3243.81,3500.05,1959,599
Philippine Airlines,CEB-MNL,2023,12,53035.504,37.7,3542.62,3243.81,3675.3,1959,6188
Philippine Airlines,CEB-MPH,2023,12,4631.456,36.33,5373.74,3243.81,3917.57,1959,656
Philippine Airlines,CEB-OZC,2023,12,439.552,28.45,5928.8,3243.81,4359.47,1959,108
Philippine Airlines,CEB-PPS,2023,12,3296.64,59.39,5176.34,3243.81,3575.07,1959,454
Philippine Airlines,CEB-TAC,2023,12,1593.376,49.45,5000.6,3243.81,3497.8,1959,399
Philippine Airlines,CEB-USU,2023,12,3296.64,65.38,5473.09,3243.81,3957.92,1959,202
Philippine Airlines,CGY-CEB,2023,12,3681.248,42.68,5107.16,3299.72,3102.64,535,1966
Philippine Airlines,CGY-MNL,2023,12,22994.064,39.71,3819.19,3299.72,3675.3,535,6188
Philippine Airlines,CRK-CEB,2023,12,54.944,2.24,7521.29,7695.09,3102.64,85,1966
Philippine Airlines,CRK-USU,2023,12,824.16,100.0,10000.0,7695.09,3957.92,85,202
Philippine Airlines,CRM-MNL,2023,12,934.048,100.0,10000.0,10000.0,3675.3,17,6188
Philippine Airlines,CYP-MNL,2023,12,659.328,100.0,10000.0,5096.94,3675.3,27,6188
Philippine Airlines,DGT-MNL,2023,12,9167.568,43.57,5082.69,5082.65,3675.3,140,6188
Philippine Airlines,DPL-MNL,2023,12,1208.768,29.74,5820.94,5820.81,3675.3,41,6188
Philippine Airlines,DRP-MNL,2023,12,11717.616,63.28,5352.72,5319.51,3675.3,143,6188
Philippine Airlines,DVO-CEB,2023,12,4780.128,49.08,5001.69,4888.81,3102.64,759,1966
Philippine Airlines,DVO-MNL,2023,12,52809.264,51.68,5005.64,4888.81,3675.3,759,6188
Philippine Airlines,DVO-TAG,2023,12,1208.768,100.0,10000.0,4888.81,3648.28,759,295
Philippine Airlines,EUQ-MNL,2023,12,769.216,100.0,10000.0,10000.0,3675.3,14,6188
Philippine Airlines,GES-CEB,2023,12,879.104,25.17,5988.7,5390.83,3102.64,193,1966
Philippine Airlines,GES-MNL,2023,12,13406.336,39.46,5222.18,5390.83,3675.3,193,6188
Philippine Airlines,IAO-CEB,2023,12,3021.92,44.42,5062.27,5148.63,3102.64,185,1966
Philippine Airlines,IAO-MNL,2023,12,3076.864,100.0,10000.0,5148.63,3675.3,185,6188
Philippine Airlines,ILO-CEB,2023,12,3076.864,48.34,4034.02,3407.16,3102.64,645,1966
Philippine Airlines,ILO-MNL,2023,12,20956.288,27.6,3485.46,3407.16,3675.3,645,6188
Philippine Airlines,LAO-MNL,2023,12,6711.248,59.03,5163.08,5162.9,3675.3,74,6188
Philippine Airlines,MNL-BCD,2023,12,18947.6,33.97,3516.45,3765.56,3558.84,5555,440
Philippine Airlines,MNL-BSO,2023,12,1593.376,100.0,10000.0,3765.56,10000.0,5555,29
Philippine Airlines,MNL-BXU,2023,12,9317.856,33.84,5522.29,3765.56,5213.47,5555,225
Philippine Airlines,MNL-CBO,2023,12,4658.928,100.0,10000.0,3765.56,10000.0,5555,47
Philippine Airlines,MNL-CEB,2023,12,48657.76,38.01,3478.81,3765.56,3102.64,5555,1966
Philippine Airlines,MNL-CGY,2023,12,18936.288,35.56,3808.34,3765.56,3219.66,5555,509
Philippine Airlines,MNL-CRM,2023,12,988.992,100.0,10000.0,3765.56,10000.0,5555,18
Philippine Airlines,MNL-CYP,2023,12,714.272,100.0,10000.0,3765.56,5021.48,5555,27
Philippine Airlines,MNL-DGT,2023,12,9167.568,36.53,5362.88,3765.56,5363.05,5555,167
Philippine Airlines,MNL-DPL,2023,12,1208.768,28.68,5909.08,3765.56,5751.04,5555,43
Philippine Airlines,MNL-DRP,2023,12,11376.64,63.44,5338.07,3765.56,5303.64,5555,141
Philippine Airlines,MNL-DVO,2023,12,48530.096,50.53,5000.56,3765.56,4883.23,5555,726
Philippine Airlines,MNL-EUQ,2023,12,659.328,100.0,10000.0,3765.56,10000.0,5555,12
Philippine Airlines,MNL-GES,2023,12,13761.856,40.08,5196.81,3765.56,5365.43,5555,195
Philippine Airlines,MNL-IAO,2023,12,5054.848,100.0,10000.0,3765.56,5621.59,5555,212
Philippine Airlines,MNL-ILO,2023,12,20450.48,29.05,3638.16,3765.56,3500.05,5555,599
Philippine Airlines,MNL-LAO,2023,12,6711.248,59.03,5163.08,3765.56,5162.9,5555,74
Philippine Airlines,MNL-MNL,2023,12,54.944,18.68,4670.62,3765.56,3675.3,5555,6188
Philippine Airlines,MNL-MPH,2023,12,20458.56,31.17,3502.51,3765.56,3917.57,5555,656
Philippine Airlines,MNL-OZC,2023,12,4809.216,40.0,5200.0,3765.56,4359.47,5555,108
Philippine Airlines,MNL-PPS,2023,12,18335.136,32.7,3495.58,3765.56,3575.07,5555,454
Philippine Airlines,MNL-RXS,2023,12,4658.928,29.25,4426.95,3765.56,4426.84,5555,106
Philippine Airlines,MNL-TAC,2023,12,19627.936,38.23,3693.66,3765.56,3497.8,5555,399
Philippine Airlines,MNL-TAG,2023,12,14387.248,33.8,3670.62,3765.56,3648.28,5555,295
Philippine Airlines,MNL-TUG,2023,12,4809.216,34.78,5463.3,3765.56,5463.14,5555,92
Philippine Airlines,MNL-USU,2023,12,1703.264,32.02,3335.94,3765.56,3957.92,5555,202
Philippine Airlines,MNL-ZAM,2023,12,1953.744,100.0,10000.0,3765.56,5266.27,5555,52
Philippine Airlines,MPH-CEB,2023,12,4631.456,31.96,4302.4,3283.66,3102.64,844,1966
Philippine Airlines,MPH-MNL,2023,12,22352.512,25.81,3277.34,3283.66,3675.3,844,6188
Philippine Airlines,OZC-CEB,2023,12,439.552,20.67,6720.5,4081.12,3102.64,116,1966
Philippine Airlines,OZC-MNL,2023,12,4658.928,39.74,5210.54,4081.12,3675.3,116,6188
Philippine Airlines,PPS-CEB,2023,12,1593.376,41.41,5147.58,3839.77,3102.64,417,1966
Philippine Airlines,PPS-MNL,2023,12,23467.552,41.89,3764.98,3839.77,3675.3,417,6188
Philippine Airlines,RXS-MNL,2023,12,4508.64,28.57,4456.41,4456.24,3675.3,105,6188
Philippine Airlines,TAC-CEB,2023,12,1593.376,41.26,5152.78,3225.88,3102.64,498,1966
Philippine Airlines,TAC-MNL,2023,12,15419.872,23.88,3487.1,3225.88,3675.3,498,6188
Philippine Airlines,TAG-DVO,2023,12,1208.768,100.0,10000.0,3598.6,4883.23,353,726
Philippine Airlines,TAG-MNL,2023,12,13936.384,26.6,3638.52,3598.6,3675.3,353,6188
Philippine Airlines,TUG-MNL,2023,12,4658.928,20.53,6736.96,6736.99,3675.3,151,6188
Philippine Airlines,TWT-CBO,2023,12,439.552,100.0,10000.0,5274.58,10000.0,31,47
Philippine Airlines,TWT-ZAM,2023,12,1052.016,30.43,5765.97,5274.58,5266.27,31,52
Philippine Airlines,USU-CEB,2023,12,3351.584,61.54,5266.34,5062.72,3102.64,227,1966
Philippine Airlines,USU-CRK,2023,12,714.272,100.0,10000.0,5062.72,8494.47,227,132
Philippine Airlines,USU-MNL,2023,12,1648.32,24.57,6293.37,5062.72,3675.3,227,6188
Philippine Airlines,ZAM-CEB,2023,12,1703.264,43.04,5096.88,5478.88,3102.64,255,1966
Philippine Airlines,ZAM-MNL,2023,12,9468.144,33.83,5522.94,5478.88,3675.3,255,6188
Philippine Airlines,ZAM-TWT,2023,12,1052.016,30.43,5765.97,5478.88,5274.58,255,31
Sunlight Air,CGM-USU,2023,12,56.1,100.0,10000.0,10000.0,3957.92,1,202
Sunlight Air,MNL-CGM,2023,12,1178.1,100.0,10000.0,3765.56,10000.0,5555,21
Sunlight Air,MNL-CRK,2023,12,224.4,100.0,10000.0,3765.56,8494.47,5555,132
Sunlight Air,MNL-MNL,2023,12,56.1,18.13,4670.62,3765.56,3675.3,5555,6188
Sunlight Air,MNL-USU,2023,12,1907.4,34.08,3335.94,3765.56,3957.92,5555,202
AirAsia,BCD-MNL,2024,1,14078.34,20.46,3763.18,3806.25,3721.53,466,6095
AirAsia,CEB-MNL,2024,1,27994.86,19.1,3637.93,3339.23,3721.53,1902,6095
AirAsia,CGY-MNL,2024,1,9547.38,16.16,3777.0,3281.81,3721.53,506,6095
AirAsia,ILO-MNL,2024,1,23356.02,28.95,3478.43,3299.01,3721.53,593,6095
AirAsia,KLO-MNL,2024,1,13916.52,73.5,6104.5,6104.9,3721.53,117,6095
AirAsia,MNL-BCD,2024,1,14078.34,22.43,3563.78,3812.21,3587.66,5429,441
AirAsia,MNL-CEB,2024,1,27347.58,20.75,3526.82,3812.21,3148.88,5429,1927
AirAsia,MNL-CGY,2024,1,9547.38,17.71,3730.28,3812.21,3164.47,5429,473
AirAsia,MNL-ILO,2024,1,17314.74,23.0,3637.32,3812.21,3445.32,5429,568
AirAsia,MNL-KLO,2024,1,13916.52,100.0,10000.0,3812.21,10000.0,5429,86
AirAsia,MNL-MPH,2024,1,12136.5,17.98,3529.49,3812.21,3939.94,5429,637
AirAsia,MNL-PPS,2024,1,13916.52,23.66,3532.45,3812.21,3551.77,5429,423
AirAsia,MNL-RXS,2024,1,2103.66,12.5,4373.02,3812.21,4373.15,5429,104
AirAsia,MNL-TAC,2024,1,9061.92,17.08,3745.6,3812.21,3566.1,5429,384
AirAsia,MNL-TAG,2024,1,9061.92,19.49,3734.34,3812.21,3714.58,5429,293
AirAsia,MPH-MNL,2024,1,33658.56,36.75,3254.57,3257.07,3721.53,833,6095
AirAsia,PPS-MNL,2024,1,9385.56,15.69,3801.11,3842.63,3721.53,392,6095
AirAsia,RXS-MNL,2024,1,2103.66,12.62,4400.88,4400.98,3721.53,103,6095
AirAsia,TAC-MNL,2024,1,21596.88,33.12,3486.53,3238.76,3721.53,469,6095
AirAsia,TAG-MNL,2024,1,10680.12,19.6,3889.08,3846.79,3721.53,334,6095
Cebgo,BCD-CEB,2024,1,809.64,20.05,3729.06,3806.25,3148.88,466,1927
Cebgo,BXU-CEB,2024,1,1619.28,48.7,5003.38,4884.1,3148.88,236,1927
Cebgo,CEB-BCD,2024,1,934.2,21.53,3725.29,3339.23,3587.66,1902,441
Cebgo,CEB-BXU,2024,1,62.28,3.52,9320.78,3339.23,5198.69,1902,200
Cebgo,CEB-CEB,2024,1,249.12,100.0,10000.0,3339.23,3148.88,1902,1927
Cebgo,CEB-CGY,2024,1,4982.4,58.94,5159.85,3339.23,3164.47,1902,473
Cebgo,CEB-CRK,2024,1,560.52,15.49,7381.88,3339.23,7955.3,1902,103
Cebgo,CEB-CYP,2024,1,1058.76,100.0,10000.0,3339.23,5130.07,1902,30
Cebgo,CEB-IAO,2024,1,2553.48,40.8,5169.28,3339.23,6020.29,1902,213
Cebgo,CEB-ILO,2024,1,2864.88,51.03,4737.51,3339.23,3445.32,1902,568
Cebgo,CEB-OZC,2024,1,1432.44,66.99,5577.32,3339.23,4248.32,1902,113
Cebgo,CEB-PAG,2024,1,2242.08,100.0,10000.0,3339.23,6972.34,1902,97
Cebgo,CEB-SUG,2024,1,809.64,100.0,10000.0,3339.23,10000.0,1902,13
Cebgo,CEB-TAC,2024,1,1494.72,48.48,5004.62,3339.23,3566.1,1902,384
Cebgo,CEB-USU,2024,1,1806.12,32.77,5593.75,3339.23,4595.9,1902,185
Cebgo,CGY-CEB,2024,1,4920.12,58.23,5135.47,3281.81,3148.88,506,1927
Cebgo,CGY-DVO,2024,1,1058.76,100.0,10000.0,3281.81,4838.88,506,730
Cebgo,CRK-CEB,2024,1,498.24,11.02,8038.88,6898.25,3148.88,95,1927
Cebgo,CYP-CEB,2024,1,1058.76,100.0,10000.0,5200.0,3148.88,29,1927
Cebgo,DVO-CGY,2024,1,996.48,100.0,10000.0,4857.15,3164.47,772,473
Cebgo,DVO-DVO,2024,1,62.28,100.0,10000.0,4857.15,4838.88,772,730
Cebgo,DVO-IAO,2024,1,934.2,100.0,10000.0,4857.15,6020.29,772,213
Cebgo,IAO-CEB,2024,1,3923.64,53.92,5030.73,5159.61,3148.88,194,1927
Cebgo,IAO-DVO,2024,1,871.92,100.0,10000.0,5159.61,4838.88,194,730
Cebgo,ILO-CEB,2024,1,2802.6,49.57,4491.23,3299.01,3148.88,593,1927
Cebgo,MNL-CEB,2024,1,809.64,0.62,3526.82,3812.21,3148.88,5429,1927
Cebgo,MNL-MPH,2024,1,1930.68,2.88,3529.49,3812.21,3939.94,5429,637
Cebgo,MNL-USU,2024,1,1868.4,41.63,3591.94,3812.21,4595.9,5429,185
Cebgo,MNL-WNP,2024,1,3674.52,100.0,10000.0,3812.21,10000.0,5429,59
Cebgo,MPH-CEB,2024,1,1743.84,10.28,4518.67,3257.07,3148.88,833,1927
Cebgo,MPH-MNL,2024,1,1868.4,2.05,3254.57,3257.07,3721.53,833,6095
Cebgo,OZC-CEB,2024,1,1930.68,69.02,5433.38,4066.79,3148.88,122,1927
Cebgo,PAG-CEB,2024,1,1930.68,100.0,10000.0,7312.0,3148.88,94,1927
Cebgo,SUG-CEB,2024,1,622.8,100.0,10000.0,10000.0,3148.88,10,1927
Cebgo,TAC-CEB,2024,1,2179.8,58.77,5153.83,3238.76,3148.88,469,1927
Cebgo,USU-CEB,2024,1,2553.48,43.67,5080.14,5112.18,3148.88,230,1927
Cebgo,USU-MNL,2024,1,5480.64,76.89,6446.14,5112.18,3721.53,230,6095
Cebgo,WNP-MNL,2024,1,3736.8,100.0,10000.0,10000.0,3721.53,60,6095
Cebu Pacific,BCD-CEB,2024,1,1287.12,31.88,3729.06,3806.25,3148.88,466,1927
Cebu Pacific,BCD-DVO,2024,1,3700.47,100.0,10000.0,3806.25,4838.88,466,730
Cebu Pacific,BCD-MNL,2024,1,33717.7,49.29,3763.18,3806.25,3721.53,466,6095
Cebu Pacific,BXU-MNL,2024,1,19742.76,67.53,5614.6,4884.1,3721.53,236,6095
Cebu Pacific,CAN-MNL,2024,1,880.57,100.0,10000.0,10000.0,3721.53,5,6095
Cebu Pacific,CEB-BCD,2024,1,1287.12,29.67,3725.29,3339.23,3587.66,1902,441
Cebu Pacific,CEB-CRK,2024,1,3056.91,84.51,7381.88,3339.23,7955.3,1902,103
Cebu Pacific,CEB-DGT,2024,1,160.89,100.0,10000.0,3339.23,5230.53,1902,163
Cebu Pacific,CEB-DVO,2024,1,4665.81,43.99,5072.24,3339.23,4838.88,1902,730
Cebu Pacific,CEB-GES,2024,1,2252.46,57.76,5120.44,3339.23,5361.17,1902,197
Cebu Pacific,CEB-ILO,2024,1,160.89,2.87,4737.51,3339.23,3445.32,1902,568
Cebu Pacific,CEB-MNL,2024,1,58083.02,39.85,3637.93,3339.23,3721.53,1902,6095
Cebu Pacific,CEB-MPH,2024,1,9975.18,66.99,5577.32,3339.23,3939.94,1902,637
Cebu Pacific,CEB-PPS,2024,1,643.56,15.0,7450.0,3339.23,3551.77,1902,423
Cebu Pacific,CEB-ZAM,2024,1,2574.24,100.0,10000.0,3339.23,5053.51,1902,58
Cebu Pacific,CGY-MNL,2024,1,24155.99,41.12,3777.0,3281.81,3721.53,506,6095
Cebu Pacific,CRK-CEB,2024,1,4022.25,88.98,8038.88,6898.25,3148.88,95,1927
Cebu Pacific,CRK-CRK,2024,1,160.89,100.0,10000.0,6898.25,7955.3,95,103
Cebu Pacific,CRK-MPH,2024,1,5470.26,100.0,10000.0,6898.25,3939.94,95,637
Cebu Pacific,CYZ-MNL,2024,1,4826.7,100.0,10000.0,10000.0,3721.53,30,6095
Cebu Pacific,DGT-MNL,2024,1,11584.08,54.14,5034.28,5034.2,3721.53,133,6095
Cebu Pacific,DPL-MNL,2024,1,7079.16,59.46,5178.98,5178.96,3721.53,74,6095
Cebu Pacific,DRP-MNL,2024,1,6596.49,35.52,5419.34,5419.38,3721.53,137,6095
Cebu Pacific,DVO-BCD,2024,1,3700.47,100.0,10000.0,4857.15,3587.66,772,441
Cebu Pacific,DVO-CEB,2024,1,4665.81,44.48,5060.94,4857.15,3148.88,772,1927
Cebu Pacific,DVO-MNL,2024,1,50851.62,46.69,5021.91,4857.15,3721.53,772,6095
Cebu Pacific,GES-CEB,2024,1,2252.46,56.91,5095.5,5373.6,3148.88,199,1927
Cebu Pacific,GES-ILO,2024,1,2290.52,100.0,10000.0,5373.6,3445.32,199,568
Cebu Pacific,GES-MNL,2024,1,23729.545,62.19,5297.19,5373.6,3721.53,199,6095
Cebu Pacific,ILO-CEB,2024,1,321.78,5.69,4491.23,3299.01,3148.88,593,1927
Cebu Pacific,ILO-GES,2024,1,2290.52,100.0,10000.0,3299.01,5361.17,593,197
Cebu Pacific,ILO-MNL,2024,1,34608.65,43.15,3478.43,3299.01,3721.53,593,6095
Cebu Pacific,ILO-PPS,2024,1,643.56,100.0,10000.0,3299.01,3551.77,593,423
Cebu Pacific,KLO-MNL,2024,1,4987.59,26.5,6104.5,6104.9,3721.53,117,6095
Cebu Pacific,LAO-MNL,2024,1,4987.59,43.66,5080.39,5080.34,3721.53,71,6095
Cebu Pacific,MNL-BCD,2024,1,27389.36,43.89,3563.78,3812.21,3587.66,5429,441
Cebu Pacific,MNL-BXU,2024,1,17651.19,64.27,5407.27,3812.21,5198.69,5429,200
Cebu Pacific,MNL-CEB,2024,1,49543.74,37.81,3526.82,3812.21,3148.88,5429,1927
Cebu Pacific,MNL-CGY,2024,1,24155.99,45.07,3730.28,3812.21,3164.47,5429,473
Cebu Pacific,MNL-CYZ,2024,1,4987.59,100.0,10000.0,3812.21,10000.0,5429,31
Cebu Pacific,MNL-DGT,2024,1,15767.22,60.49,5220.08,3812.21,5230.53,5429,163
Cebu Pacific,MNL-DPL,2024,1,7240.05,60.0,5200.0,3812.21,5200.0,5429,75
Cebu Pacific,MNL-DRP,2024,1,6274.71,35.0,5450.0,3812.21,5450.03,5429,133
Cebu Pacific,MNL-DVO,2024,1,48709.88,48.11,5007.14,3812.21,4838.88,5429,730
Cebu Pacific,MNL-GES,2024,1,23348.945,61.81,5278.95,3812.21,5361.17,5429,197
Cebu Pacific,MNL-ILO,2024,1,35167.44,46.98,3637.32,3812.21,3445.32,5429,568
Cebu Pacific,MNL-LAO,2024,1,4987.59,43.06,5096.33,3812.21,5096.45,5429,72
Cebu Pacific,MNL-MNL,2024,1,321.78,43.87,5075.15,3812.21,3721.53,5429,6095
Cebu Pacific,MNL-MPH,2024,1,30408.21,45.3,3529.49,3812.21,3939.94,5429,637
Cebu Pacific,MNL-OZC,2024,1,7561.83,60.26,5210.54,3812.21,4248.32,5429,113
Cebu Pacific,MNL-PAG,2024,1,9814.29,100.0,10000.0,3812.21,6972.34,5429,97
Cebu Pacific,MNL-PPS,2024,1,25486.36,43.59,3532.45,3812.21,3551.77,5429,423
Cebu Pacific,MNL-RXS,2024,1,9653.4,57.69,4373.02,3812.21,4373.15,5429,104
Cebu Pacific,MNL-TAC,2024,1,23329.05,44.22,3745.6,3812.21,3566.1,5429,384
Cebu Pacific,MNL-TAG,2024,1,22093.83,47.79,3734.34,3812.21,3714.58,5429,293
Cebu Pacific,MNL-TUG,2024,1,9975.18,66.67,5555.78,3812.21,5555.56,5429,93
Cebu Pacific,MNL-VRC,2024,1,4826.7,100.0,10000.0,3812.21,10000.0,5429,30
Cebu Pacific,MPH-CEB,2024,1,9975.18,58.78,4518.67,3257.07,3148.88,833,1927
Cebu Pacific,MPH-CRK,2024,1,5470.26,100.0,10000.0,3257.07,7955.3,833,103
Cebu Pacific,MPH-MNL,2024,1,31212.66,34.28,3254.57,3257.07,3721.53,833,6095
Cebu Pacific,NRT-CRK,2024,1,3700.47,100.0,10000.0,10000.0,7955.3,23,103
Cebu Pacific,OZC-CEB,2024,1,160.89,5.75,5433.38,4066.79,3148.88,122,1927
Cebu Pacific,OZC-MNL,2024,1,7561.83,60.26,5210.54,4066.79,3721.53,122,6095
Cebu Pacific,PAG-MNL,2024,1,10136.07,100.0,10000.0,7312.0,3721.53,94,6095
Cebu Pacific,PPS-CEB,2024,1,643.56,26.09,6143.38,3842.63,3148.88,392,1927
Cebu Pacific,PPS-ILO,2024,1,643.56,100.0,10000.0,3842.63,3445.32,392,568
Cebu Pacific,PPS-MNL,2024,1,25609.19,43.07,3801.11,3842.63,3721.53,392,6095
Cebu Pacific,RXS-MNL,2024,1,9653.4,58.25,4400.88,4400.98,3721.53,103,6095
Cebu Pacific,TAC-MNL,2024,1,27351.3,42.19,3486.53,3238.76,3721.53,469,6095
Cebu Pacific,TAG-MNL,2024,1,28100.39,51.88,3889.08,3846.79,3721.53,334,6095
Cebu Pacific,TUG-MNL,2024,1,19306.8,80.54,6865.38,6865.01,3721.53,149,6095
Cebu Pacific,TWT-ZAM,2024,1,2574.24,57.14,5101.96,5006.04,5053.51,36,58
Cebu Pacific,ZAM-CEB,2024,1,2574.24,57.76,5120.44,5414.02,3148.88,260,1927
Cebu Pacific,ZAM-MNL,2024,1,19780.82,66.48,5543.18,5414.02,3721.53,260,6095
Cebu Pacific,ZAM-TWT,2024,1,2574.24,57.14,5101.96,5414.02,5006.04,260,36
Philippine Airlines,BCD-CEB,2024,1,1775.004,48.07,3729.06,3806.25,3148.88,466,1927
Philippine Airlines,BCD-MNL,2024,1,18923.884,30.25,3763.18,3806.25,3721.53,466,6095
Philippine Airlines,BPA-CEB,2024,1,484.092,100.0,10000.0,10000.0,3148.88,9,1927
Philippine Airlines,BXU-CEB,2024,1,1559.852,51.3,5003.38,4884.1,3148.88,236,1927
Philippine Airlines,BXU-MNL,2024,1,8680.434,32.47,5614.6,4884.1,3721.53,236,6095
Philippine Airlines,CBO-CEB,2024,1,484.092,100.0,10000.0,10000.0,3148.88,41,1927
Philippine Airlines,CBO-MNL,2024,1,3531.024,100.0,10000.0,10000.0,3721.53,41,6095
Philippine Airlines,CBO-TWT,2024,1,430.304,100.0,10000.0,10000.0,5006.04,41,36
Philippine Airlines,CEB-BCD,2024,1,1936.368,48.8,3725.29,3339.23,3587.66,1902,441
Philippine Airlines,CEB-BPA,2024,1,376.516,100.0,10000.0,3339.23,10000.0,1902,7
Philippine Airlines,CEB-BXU,2024,1,1559.852,96.48,9320.78,3339.23,5198.69,1902,200
Philippine Airlines,CEB-CBO,2024,1,484.092,100.0,10000.0,3339.23,10000.0,1902,42
Philippine Airlines,CEB-CGY,2024,1,3173.492,41.06,5159.85,3339.23,3164.47,1902,473
Philippine Airlines,CEB-DVO,2024,1,5432.588,56.01,5072.24,3339.23,4838.88,1902,730
Philippine Airlines,CEB-GES,2024,1,1506.064,42.24,5120.44,3339.23,5361.17,1902,197
Philippine Airlines,CEB-IAO,2024,1,3388.644,59.2,5169.28,3339.23,6020.29,1902,213
Philippine Airlines,CEB-ILO,2024,1,2366.672,46.1,4737.51,3339.23,3445.32,1902,568
Philippine Airlines,CEB-MNL,2024,1,54705.56,41.05,3637.93,3339.23,3721.53,1902,6095
Philippine Airlines,CEB-MPH,2024,1,4494.462,33.01,5577.32,3339.23,3939.94,1902,637
Philippine Airlines,CEB-OZC,2024,1,645.456,33.01,5577.32,3339.23,4248.32,1902,113
Philippine Airlines,CEB-PPS,2024,1,3334.856,85.0,7450.0,3339.23,3551.77,1902,423
Philippine Airlines,CEB-TAC,2024,1,1452.276,51.52,5004.62,3339.23,3566.1,1902,384
Philippine Airlines,CEB-USU,2024,1,3388.644,67.23,5593.75,3339.23,4595.9,1902,185
Philippine Airlines,CGY-CEB,2024,1,3227.28,41.77,5135.47,3281.81,3148.88,506,1927
Philippine Airlines,CGY-MNL,2024,1,22951.656,42.72,3777.0,3281.81,3721.53,506,6095
Philippine Airlines,CRK-USU,2024,1,968.184,100.0,10000.0,6898.25,4595.9,95,185
Philippine Airlines,CRM-MNL,2024,1,860.608,100.0,10000.0,10000.0,3721.53,16,6095
Philippine Airlines,CYP-MNL,2024,1,645.456,100.0,10000.0,5200.0,3721.53,29,6095
Philippine Airlines,DGT-MNL,2024,1,8974.686,45.86,5034.28,5034.2,3721.53,133,6095
Philippine Airlines,DPL-MNL,2024,1,4413.78,40.54,5178.98,5178.96,3721.53,74,6095
Philippine Airlines,DRP-MNL,2024,1,10950.604,64.48,5419.34,5419.38,3721.53,137,6095
Philippine Airlines,DVO-CEB,2024,1,5325.012,55.52,5060.94,4857.15,3148.88,772,1927
Philippine Airlines,DVO-MNL,2024,1,53091.92,53.31,5021.91,4857.15,3721.53,772,6095
Philippine Airlines,DVO-TAG,2024,1,1183.336,100.0,10000.0,4857.15,3714.58,772,293
Philippine Airlines,EUQ-MNL,2024,1,645.456,100.0,10000.0,10000.0,3721.53,12,6095
Philippine Airlines,GES-CEB,2024,1,1559.852,43.09,5095.5,5373.6,3148.88,199,1927
Philippine Airlines,GES-MNL,2024,1,13193.88,37.81,5297.19,5373.6,3721.53,199,6095
Philippine Airlines,IAO-CEB,2024,1,3065.916,46.08,5030.73,5159.61,3148.88,194,1927
Philippine Airlines,IAO-MNL,2024,1,3227.28,100.0,10000.0,5159.61,3721.53,194,6095
Philippine Airlines,ILO-CEB,2024,1,2312.884,44.74,4491.23,3299.01,3148.88,593,1927
Philippine Airlines,ILO-MNL,2024,1,20464.752,27.9,3478.43,3299.01,3721.53,593,6095
Philippine Airlines,LAO-MNL,2024,1,5885.04,56.34,5080.39,5080.34,3721.53,71,6095
Philippine Airlines,MNL-BCD,2024,1,19218.136,33.68,3563.78,3812.21,3587.66,5429,441
Philippine Airlines,MNL-BSO,2024,1,1613.64,100.0,10000.0,3812.21,10000.0,5429,30
Philippine Airlines,MNL-BXU,2024,1,8974.686,35.73,5407.27,3812.21,5198.69,5429,200
Philippine Airlines,MNL-CBO,2024,1,3678.15,100.0,10000.0,3812.21,10000.0,5429,42
Philippine Airlines,MNL-CEB,2024,1,48913.858,40.82,3526.82,3812.21,3148.88,5429,1927
Philippine Airlines,MNL-CGY,2024,1,18243.624,37.22,3730.28,3812.21,3164.47,5429,473
Philippine Airlines,MNL-CRM,2024,1,1021.972,100.0,10000.0,3812.21,10000.0,5429,19
Philippine Airlines,MNL-CYP,2024,1,699.244,100.0,10000.0,3812.21,5130.07,5429,30
Philippine Airlines,MNL-DGT,2024,1,9416.064,39.51,5220.08,3812.21,5230.53,5429,163
Philippine Airlines,MNL-DPL,2024,1,4413.78,40.0,5200.0,3812.21,5200.0,5429,75
Philippine Airlines,MNL-DRP,2024,1,10656.352,65.0,5450.0,3812.21,5450.03,5429,133
Philippine Airlines,MNL-DVO,2024,1,48035.848,51.89,5007.14,3812.21,4838.88,5429,730
Philippine Airlines,MNL-EUQ,2024,1,699.244,100.0,10000.0,3812.21,10000.0,5429,13
Philippine Airlines,MNL-GES,2024,1,13193.88,38.19,5278.95,3812.21,5361.17,5429,197
Philippine Airlines,MNL-IAO,2024,1,5056.072,100.0,10000.0,3812.21,6020.29,5429,213
Philippine Airlines,MNL-ILO,2024,1,20553.344,30.02,3637.32,3812.21,3445.32,5429,568
Philippine Airlines,MNL-LAO,2024,1,6032.166,56.94,5096.33,3812.21,5096.45,5429,72
Philippine Airlines,MNL-MNL,2024,1,376.516,56.13,5075.15,3812.21,3721.53,5429,6095
Philippine Airlines,MNL-MPH,2024,1,20777.988,33.85,3529.49,3812.21,3939.94,5429,637
Philippine Airlines,MNL-OZC,2024,1,4560.906,39.74,5210.54,3812.21,4248.32,5429,113
Philippine Airlines,MNL-PPS,2024,1,17507.994,32.75,3532.45,3812.21,3551.77,5429,423
Philippine Airlines,MNL-RXS,2024,1,4560.906,29.81,4373.02,3812.21,4373.15,5429,104
Philippine Airlines,MNL-TAC,2024,1,18673.928,38.71,3745.6,3812.21,3566.1,5429,384
Philippine Airlines,MNL-TAG,2024,1,13829.844,32.72,3734.34,3812.21,3714.58,5429,293
Philippine Airlines,MNL-TUG,2024,1,4560.906,33.33,5555.78,3812.21,5555.56,5429,93
Philippine Airlines,MNL-USU,2024,1,1559.852,38.01,3591.94,3812.21,4595.9,5429,185
Philippine Airlines,MNL-ZAM,2024,1,2059.764,100.0,10000.0,3812.21,5053.51,5429,58
Philippine Airlines,MPH-CEB,2024,1,4802.952,30.95,4518.67,3257.07,3148.88,833,1927
Philippine Airlines,MPH-MNL,2024,1,22416.94,26.92,3254.57,3257.07,3721.53,833,6095
Philippine Airlines,OZC-CEB,2024,1,645.456,25.23,5433.38,4066.79,3148.88,122,1927
Philippine Airlines,OZC-MNL,2024,1,4560.906,39.74,5210.54,4066.79,3721.53,122,6095
Philippine Airlines,PPS-CEB,2024,1,1667.428,73.91,6143.38,3842.63,3148.88,392,1927
Philippine Airlines,PPS-MNL,2024,1,22420.104,41.23,3801.11,3842.63,3721.53,392,6095
Philippine Airlines,RXS-MNL,2024,1,4413.78,29.13,4400.88,4400.98,3721.53,103,6095
Philippine Airlines,TAC-CEB,2024,1,1398.488,41.23,5153.83,3238.76,3148.88,469,1927
Philippine Airlines,TAC-MNL,2024,1,14633.5,24.69,3486.53,3238.76,3721.53,469,6095
Philippine Airlines,TAG-DVO,2024,1,1129.548,100.0,10000.0,3846.79,4838.88,334,730
Philippine Airlines,TAG-MNL,2024,1,14124.096,28.52,3889.08,3846.79,3721.53,334,6095
Philippine Airlines,TUG-MNL,2024,1,4266.654,19.46,6865.38,6865.01,3721.53,149,6095
Philippine Airlines,TWT-CBO,2024,1,430.304,100.0,10000.0,5006.04,10000.0,36,42
Philippine Airlines,TWT-ZAM,2024,1,1765.512,42.86,5101.96,5006.04,5053.51,36,58
Philippine Airlines,USU-CEB,2024,1,3012.128,56.33,5080.14,5112.18,3148.88,230,1927
Philippine Airlines,USU-CRK,2024,1,914.396,100.0,10000.0,5112.18,7955.3,230,103
Philippine Airlines,USU-MNL,2024,1,1506.064,23.11,6446.14,5112.18,3721.53,230,6095
Philippine Airlines,ZAM-CEB,2024,1,1721.216,42.24,5120.44,5414.02,3148.88,260,1927
Philippine Airlines,ZAM-MNL,2024,1,9121.812,33.52,5543.18,5414.02,3721.53,260,6095
Philippine Airlines,ZAM-TWT,2024,1,1765.512,42.86,5101.96,5414.02,5006.04,260,36
Sunlight Air,CRK-CGM,2024,1,448.8,100.0,10000.0,6898.25,10000.0,95,8
Sunlight Air,CRK-MNL,2024,1,56.1,100.0,10000.0,6898.25,3721.53,95,6095
Sunlight Air,MNL-USU,2024,1,897.6,20.35,3591.94,3812.21,4595.9,5429,185
AirAsia,BCD-MNL,2024,2,13107.42,22.21,3625.94,3663.59,3671.46,419,5710
AirAsia,CEB-MNL,2024,2,29936.7,22.55,3510.01,3236.67,3671.46,1661,5710
AirAsia,CGY-MNL,2024,2,9061.92,17.85,3763.38,3265.76,3671.46,429,5710
AirAsia,ILO-MNL,2024,2,21823.08,28.63,3524.4,3383.57,3671.46,557,5710
AirAsia,KLO-MNL,2024,2,11651.04,72.0,5968.0,5968.0,3671.46,100,5710
AirAsia,MNL-BCD,2024,2,13107.42,24.24,3473.27,3758.87,3493.45,5061,394
AirAsia,MNL-CEB,2024,2,31069.44,24.81,3402.46,3758.87,3035.49,5061,1718
AirAsia,MNL-CGY,2024,2,9061.92,19.43,3628.71,3758.87,3103.18,5061,405
AirAsia,MNL-ILO,2024,2,16020.18,23.02,3669.43,3758.87,3506.47,5061,524
AirAsia,MNL-KLO,2024,2,11651.04,100.0,10000.0,3758.87,10000.0,5061,72
AirAsia,MNL-MPH,2024,2,11003.76,16.86,3633.23,3758.87,4053.91,5061,608
AirAsia,MNL-PPS,2024,2,11812.86,21.71,3626.44,3758.87,3614.45,5061,377
AirAsia,MNL-RXS,2024,2,2103.66,13.13,4345.76,3758.87,4345.47,5061,99
AirAsia,MNL-TAC,2024,2,6796.44,14.0,3897.54,3758.87,3749.59,5061,349
AirAsia,MNL-TAG,2024,2,8900.1,20.51,3665.0,3758.87,3656.94,5061,268
AirAsia,MPH-MNL,2024,2,32202.18,35.91,3278.12,3314.85,3671.46,797,5710
AirAsia,PPS-MNL,2024,2,6958.26,12.82,3972.21,3990.89,3671.46,350,5710
AirAsia,RXS-MNL,2024,2,2103.66,13.13,4345.76,4345.47,3671.46,99,5710
AirAsia,TAC-MNL,2024,2,20874.78,34.22,3429.73,3196.84,3671.46,434,5710
AirAsia,TAG-MNL,2024,2,11812.86,22.83,3771.89,3753.53,3671.46,315,5710
Cebgo,BCD-CEB,2024,2,812.448,19.84,3648.76,3663.59,3035.49,419,1718
Cebgo,BXU-CEB,2024,2,1437.408,49.34,5000.87,4782.84,3035.49,212,1718
Cebgo,CEB-BCD,2024,2,812.448,19.56,3673.71,3236.67,3493.45,1661,394
Cebgo,CEB-BXU,2024,2,62.496,4.06,9220.97,3236.67,5129.53,1661,179
Cebgo,CEB-CEB,2024,2,124.992,67.92,5642.25,3236.67,3035.49,1661,1718
Cebgo,CEB-CGY,2024,2,4249.728,63.72,5376.48,3236.67,3103.18,1661,405
Cebgo,CEB-CYP,2024,2,999.936,100.0,10000.0,3236.67,5086.63,1661,29
Cebgo,CEB-DPL,2024,2,62.496,100.0,10000.0,3236.67,5050.79,1661,69
Cebgo,CEB-IAO,2024,2,2687.328,43.98,5072.48,3236.67,5861.34,1661,203
Cebgo,CEB-ILO,2024,2,2124.864,45.15,4694.3,3236.67,3506.47,1661,524
Cebgo,CEB-MNL,2024,2,62.496,0.05,3510.01,3236.67,3671.46,1661,5710
Cebgo,CEB-OZC,2024,2,937.44,59.67,4569.79,3236.67,4474.42,1661,96
Cebgo,CEB-PAG,2024,2,1874.88,100.0,10000.0,3236.67,6940.87,1661,80
Cebgo,CEB-SUG,2024,2,749.952,100.0,10000.0,3236.67,10000.0,1661,12
Cebgo,CEB-TAC,2024,2,1187.424,40.14,5194.44,3236.67,3749.59,1661,349
Cebgo,CEB-USU,2024,2,1874.88,35.39,5426.9,3236.67,4303.51,1661,178
Cebgo,CGY-CEB,2024,2,4312.224,65.2,5462.08,3265.76,3035.49,429,1718
Cebgo,CGY-DVO,2024,2,999.936,100.0,10000.0,3265.76,4864.83,429,619
Cebgo,CYP-CEB,2024,2,999.936,100.0,10000.0,5086.63,3035.49,29,1718
Cebgo,DVO-CGY,2024,2,1062.432,100.0,10000.0,4891.08,3103.18,673,405
Cebgo,DVO-IAO,2024,2,749.952,100.0,10000.0,4891.08,5861.34,673,203
Cebgo,IAO-CEB,2024,2,3374.784,51.9,5007.22,5261.41,3035.49,180,1718
Cebgo,IAO-DVO,2024,2,749.952,100.0,10000.0,5261.41,4864.83,180,619
Cebgo,IAO-IAO,2024,2,62.496,34.62,5473.09,5261.41,5861.34,180,203
Cebgo,ILO-CEB,2024,2,1937.376,39.53,4218.57,3383.57,3035.49,557,1718
Cebgo,MNL-CEB,2024,2,874.944,0.7,3402.46,3758.87,3035.49,5061,1718
Cebgo,MNL-IAO,2024,2,62.496,1.22,9758.98,3758.87,5861.34,5061,203
Cebgo,MNL-MPH,2024,2,1874.88,2.88,3633.23,3758.87,4053.91,5061,608
Cebgo,MNL-USU,2024,2,1812.384,39.31,3447.3,3758.87,4303.51,5061,178
Cebgo,MNL-WNP,2024,2,3437.28,100.0,10000.0,3758.87,10000.0,5061,55
Cebgo,MPH-CEB,2024,2,1624.896,11.02,4508.82,3314.85,3035.49,797,1718
Cebgo,MPH-MNL,2024,2,1812.384,2.03,3278.12,3314.85,3671.46,797,5710
Cebgo,OZC-CEB,2024,2,1687.392,78.14,6583.72,4105.13,3035.49,105,1718
Cebgo,PAG-CEB,2024,2,1812.384,100.0,10000.0,7042.83,3035.49,80,1718
Cebgo,SUG-CEB,2024,2,624.96,100.0,10000.0,10000.0,3035.49,10,1718
Cebgo,TAC-CEB,2024,2,1999.872,57.54,5113.7,3196.84,3035.49,434,1718
Cebgo,USU-CEB,2024,2,2499.84,41.38,5148.61,5072.92,3035.49,227,1718
Cebgo,USU-MNL,2024,2,5249.664,76.06,6358.25,5072.92,3671.46,227,5710
Cebgo,WNP-MNL,2024,2,3437.28,100.0,10000.0,10000.0,3671.46,55,5710
Cebu Pacific,BCD-CEB,2024,2,1453.032,35.48,3648.76,3663.59,3035.49,419,1718
Cebu Pacific,BCD-DVO,2024,2,3228.96,100.0,10000.0,3663.59,4864.83,419,619
Cebu Pacific,BCD-MNL,2024,2,27204.856,46.21,3625.94,3663.59,3671.46,419,5710
Cebu Pacific,BXU-MNL,2024,2,17228.064,64.79,5437.49,4782.84,3671.46,212,5710
Cebu Pacific,CAN-MNL,2024,2,2166.528,100.0,10000.0,10000.0,3671.46,12,5710
Cebu Pacific,CEB-BCD,2024,2,1453.032,34.98,3673.71,3236.67,3493.45,1661,394
Cebu Pacific,CEB-CRK,2024,2,2744.616,100.0,10000.0,3236.67,8204.32,1661,96
Cebu Pacific,CEB-DVO,2024,2,1614.48,25.96,6155.84,3236.67,4864.83,1661,619
Cebu Pacific,CEB-GES,2024,2,2098.824,73.23,6079.27,3236.67,5293.71,1661,170
Cebu Pacific,CEB-ILO,2024,2,161.448,3.43,4694.3,3236.67,3506.47,1661,524
Cebu Pacific,CEB-MNL,2024,2,48926.556,36.95,3510.01,3236.67,3671.46,1661,5710
Cebu Pacific,CEB-MPH,2024,2,8556.744,65.44,5476.79,3236.67,4053.91,1661,608
Cebu Pacific,CEB-OZC,2024,2,161.448,10.28,4569.79,3236.67,4474.42,1661,96
Cebu Pacific,CEB-PPS,2024,2,161.448,5.39,8980.1,3236.67,3614.45,1661,377
Cebu Pacific,CEB-ZAM,2024,2,807.24,100.0,10000.0,3236.67,5775.94,1661,33
Cebu Pacific,CGY-MNL,2024,2,17800.944,35.14,3763.38,3265.76,3671.46,429,5710
Cebu Pacific,CRK-CEB,2024,2,5327.784,100.0,10000.0,8809.27,3035.49,83,1718
Cebu Pacific,CRK-MPH,2024,2,5973.576,100.0,10000.0,8809.27,4053.91,83,608
Cebu Pacific,CYZ-MNL,2024,2,4681.992,100.0,10000.0,10000.0,3671.46,29,5710
Cebu Pacific,DGT-MNL,2024,2,13723.08,59.44,5178.23,5178.25,3671.46,143,5710
Cebu Pacific,DPL-MNL,2024,2,6457.92,58.82,5155.58,5155.71,3671.46,68,5710
Cebu Pacific,DRP-MNL,2024,2,8956.024,42.15,5123.24,5123.29,3671.46,147,5710
Cebu Pacific,DVO-BCD,2024,2,3228.96,100.0,10000.0,4891.08,3493.45,673,394
Cebu Pacific,DVO-CEB,2024,2,1775.928,28.1,5959.22,4891.08,3035.49,673,1718
Cebu Pacific,DVO-MNL,2024,2,42249.9,44.18,5067.74,4891.08,3671.46,673,5710
Cebu Pacific,GES-CEB,2024,2,1775.928,68.25,5666.12,5329.77,3035.49,169,1718
Cebu Pacific,GES-ILO,2024,2,2098.824,100.0,10000.0,5329.77,3506.47,169,524
Cebu Pacific,GES-MNL,2024,2,20233.948,60.11,5204.42,5329.77,3671.46,169,5710
Cebu Pacific,ILO-CEB,2024,2,484.344,9.88,4218.57,3383.57,3035.49,557,1718
Cebu Pacific,ILO-GES,2024,2,1937.376,100.0,10000.0,3383.57,5293.71,557,170
Cebu Pacific,ILO-MNL,2024,2,33888.456,44.57,3524.4,3383.57,3671.46,557,5710
Cebu Pacific,ILO-MPH,2024,2,161.448,100.0,10000.0,3383.57,4053.91,557,608
Cebu Pacific,ILO-PPS,2024,2,161.448,100.0,10000.0,3383.57,3614.45,557,377
Cebu Pacific,KLO-MNL,2024,2,4520.544,28.0,5968.0,5968.0,3671.46,100,5710
Cebu Pacific,LAO-MNL,2024,2,4520.544,41.79,5134.81,5134.77,3671.46,67,5710
Cebu Pacific,MNL-BCD,2024,2,21958.664,40.7,3473.27,3758.87,3493.45,5061,394
Cebu Pacific,MNL-BXU,2024,2,15452.136,62.27,5301.11,3758.87,5129.53,5061,179
Cebu Pacific,MNL-CEB,2024,2,43464.232,34.79,3402.46,3758.87,3035.49,5061,1718
Cebu Pacific,MNL-CGY,2024,2,18038.776,38.77,3628.71,3758.87,3103.18,5061,405
Cebu Pacific,MNL-CYZ,2024,2,4681.992,100.0,10000.0,3758.87,10000.0,5061,29
Cebu Pacific,MNL-DGT,2024,2,16629.144,63.58,5368.83,3758.87,5368.85,5061,162
Cebu Pacific,MNL-DPL,2024,2,6296.472,57.35,5108.04,3758.87,5050.79,5061,69
Cebu Pacific,MNL-DRP,2024,2,7825.888,39.21,5232.85,3758.87,5232.69,5061,139
Cebu Pacific,MNL-DVO,2024,2,38477.572,45.01,5049.8,3758.87,4864.83,5061,619
Cebu Pacific,MNL-GES,2024,2,20072.5,59.02,5162.72,3758.87,5293.71,5061,170
Cebu Pacific,MNL-ILO,2024,2,33242.664,47.87,3669.43,3758.87,3506.47,5061,524
Cebu Pacific,MNL-LAO,2024,2,4359.096,41.54,5143.14,3758.87,5143.2,5061,65
Cebu Pacific,MNL-MPH,2024,2,31159.464,47.85,3633.23,3758.87,4053.91,5061,608
Cebu Pacific,MNL-OZC,2024,2,6942.264,59.72,5188.96,3758.87,4474.42,5061,96
Cebu Pacific,MNL-PAG,2024,2,8072.4,100.0,10000.0,3758.87,6940.87,5061,80
Cebu Pacific,MNL-PPS,2024,2,24899.448,45.87,3626.44,3758.87,3614.45,5061,377
Cebu Pacific,MNL-RXS,2024,2,9202.536,57.58,4345.76,3758.87,4345.47,5061,99
Cebu Pacific,MNL-TAC,2024,2,21472.584,44.33,3897.54,3758.87,3749.59,5061,349
Cebu Pacific,MNL-TAG,2024,2,20038.648,46.29,3665.0,3758.87,3656.94,5061,268
Cebu Pacific,MNL-TUG,2024,2,9041.088,68.52,5685.98,3758.87,5685.78,5061,83
Cebu Pacific,MNL-VRC,2024,2,4681.992,100.0,10000.0,3758.87,10000.0,5061,29
Cebu Pacific,MPH-CEB,2024,2,8718.192,59.13,4508.82,3314.85,3035.49,797,1718
Cebu Pacific,MPH-CRK,2024,2,5650.68,100.0,10000.0,3314.85,8204.32,797,96
Cebu Pacific,MPH-ILO,2024,2,161.448,100.0,10000.0,3314.85,3506.47,797,524
Cebu Pacific,MPH-MNL,2024,2,32612.496,36.45,3278.12,3314.85,3671.46,797,5710
Cebu Pacific,NRT-CRK,2024,2,3551.856,100.0,10000.0,10000.0,8204.32,22,96
Cebu Pacific,OZC-MNL,2024,2,6942.264,61.43,5261.29,4105.13,3671.46,105,5710
Cebu Pacific,PAG-MNL,2024,2,8233.848,100.0,10000.0,7042.83,3671.46,80,5710
Cebu Pacific,PPS-CEB,2024,2,161.448,10.23,8163.31,3990.89,3035.49,350,1718
Cebu Pacific,PPS-ILO,2024,2,161.448,100.0,10000.0,3990.89,3506.47,350,524
Cebu Pacific,PPS-MNL,2024,2,24661.616,45.55,3972.21,3990.89,3671.46,350,5710
Cebu Pacific,RXS-MNL,2024,2,9202.536,57.58,4345.76,4345.47,3671.46,99,5710
Cebu Pacific,TAC-MNL,2024,2,24217.2,39.79,3429.73,3196.84,3671.46,434,5710
Cebu Pacific,TAG-DVO,2024,2,199.64,21.99,6569.12,3753.53,4864.83,315,619
Cebu Pacific,TAG-MNL,2024,2,25951.464,50.27,3771.89,3753.53,3671.46,315,5710
Cebu Pacific,TUG-MNL,2024,2,17833.928,80.52,6862.94,6862.42,3671.46,141,5710
Cebu Pacific,TWT-ZAM,2024,2,807.24,31.25,5703.12,6063.44,5775.94,23,33
Cebu Pacific,ZAM-CEB,2024,2,807.24,36.3,5375.38,5219.5,3035.49,209,1718
Cebu Pacific,ZAM-DVO,2024,2,161.448,100.0,10000.0,5219.5,4864.83,209,619
Cebu Pacific,ZAM-MNL,2024,2,17189.872,65.13,5457.83,5219.5,3671.46,209,5710
Cebu Pacific,ZAM-TWT,2024,2,807.24,31.25,5703.12,5219.5,6063.44,209,23
Philippine Airlines,BCD-CEB,2024,2,1667.428,44.68,3648.76,3663.59,3035.49,419,1718
Philippine Airlines,BCD-MNL,2024,2,16946.384,31.58,3625.94,3663.59,3671.46,419,5710
Philippine Airlines,BPA-CEB,2024,2,430.304,100.0,10000.0,10000.0,3035.49,8,1718
Philippine Airlines,BXU-CEB,2024,2,1344.7,50.66,5000.87,4782.84,3035.49,212,1718
Philippine Airlines,BXU-MNL,2024,2,8533.308,35.21,5437.49,4782.84,3671.46,212,5710
Philippine Airlines,CBO-CEB,2024,2,430.304,100.0,10000.0,10000.0,3035.49,32,1718
Philippine Airlines,CBO-MNL,2024,2,2501.142,100.0,10000.0,10000.0,3671.46,32,5710
Philippine Airlines,CBO-TWT,2024,2,376.516,100.0,10000.0,10000.0,6063.44,32,23
Philippine Airlines,CEB-BCD,2024,2,1721.216,45.47,3673.71,3236.67,3493.45,1661,394
Philippine Airlines,CEB-BPA,2024,2,430.304,100.0,10000.0,3236.67,10000.0,1661,8
Philippine Airlines,CEB-BXU,2024,2,1344.7,95.94,9220.97,3236.67,5129.53,1661,179
Philippine Airlines,CEB-CBO,2024,2,430.304,100.0,10000.0,3236.67,10000.0,1661,33
Philippine Airlines,CEB-CEB,2024,2,53.788,32.08,5642.25,3236.67,3035.49,1661,1718
Philippine Airlines,CEB-CGY,2024,2,2205.308,36.28,5376.48,3236.67,3103.18,1661,405
Philippine Airlines,CEB-DVO,2024,2,4195.464,74.04,6155.84,3236.67,4864.83,1661,619
Philippine Airlines,CEB-GES,2024,2,699.244,26.77,6079.27,3236.67,5293.71,1661,170
Philippine Airlines,CEB-IAO,2024,2,3119.704,56.02,5072.48,3236.67,5861.34,1661,203
Philippine Airlines,CEB-ILO,2024,2,2205.308,51.42,4694.3,3236.67,3506.47,1661,524
Philippine Airlines,CEB-MNL,2024,2,48815.774,40.45,3510.01,3236.67,3671.46,1661,5710
Philippine Airlines,CEB-MPH,2024,2,4117.946,34.56,5476.79,3236.67,4053.91,1661,608
Philippine Airlines,CEB-OZC,2024,2,430.304,30.06,4569.79,3236.67,4474.42,1661,96
Philippine Airlines,CEB-PPS,2024,2,2581.824,94.61,8980.1,3236.67,3614.45,1661,377
Philippine Airlines,CEB-TAC,2024,2,1613.64,59.86,5194.44,3236.67,3749.59,1661,349
Philippine Airlines,CEB-USU,2024,2,3119.704,64.61,5426.9,3236.67,4303.51,1661,178
Philippine Airlines,CGY-CEB,2024,2,2097.732,34.8,5462.08,3265.76,3035.49,429,1718
Philippine Airlines,CGY-MNL,2024,2,21700.294,47.01,3763.38,3265.76,3671.46,429,5710
Philippine Airlines,CRK-USU,2024,2,699.244,100.0,10000.0,8809.27,4303.51,83,178
Philippine Airlines,CRM-MNL,2024,2,806.82,100.0,10000.0,10000.0,3671.46,15,5710
Philippine Airlines,CYP-MNL,2024,2,699.244,100.0,10000.0,5086.63,3671.46,29,5710
Philippine Airlines,DGT-MNL,2024,2,8533.308,40.56,5178.23,5178.25,3671.46,143,5710
Philippine Airlines,DPL-MNL,2024,2,4119.528,41.18,5155.58,5155.71,3671.46,68,5710
Philippine Airlines,DRP-MNL,2024,2,11202.142,57.85,5123.24,5123.29,3671.46,147,5710
Philippine Airlines,DVO-CEB,2024,2,4141.676,71.9,5959.22,4891.08,3035.49,673,1718
Philippine Airlines,DVO-MNL,2024,2,48637.008,55.82,5067.74,4891.08,3671.46,673,5710
Philippine Airlines,DVO-TAG,2024,2,591.668,100.0,10000.0,4891.08,3656.94,673,268
Philippine Airlines,EUQ-MNL,2024,2,699.244,100.0,10000.0,10000.0,3671.46,13,5710
Philippine Airlines,GES-CEB,2024,2,753.032,31.75,5666.12,5329.77,3035.49,169,1718
Philippine Airlines,GES-MNL,2024,2,12238.352,39.89,5204.42,5329.77,3671.46,169,5710
Philippine Airlines,IAO-CEB,2024,2,2850.764,48.1,5007.22,5261.41,3035.49,180,1718
Philippine Airlines,IAO-IAO,2024,2,107.576,65.38,5473.09,5261.41,5861.34,180,203
Philippine Airlines,IAO-MNL,2024,2,3119.704,100.0,10000.0,5261.41,3671.46,180,5710
Philippine Airlines,ILO-CEB,2024,2,2259.096,50.58,4218.57,3383.57,3035.49,557,1718
Philippine Airlines,ILO-MNL,2024,2,18572.68,26.8,3524.4,3383.57,3671.46,557,5710
Philippine Airlines,LAO-MNL,2024,2,5737.914,58.21,5134.81,5134.77,3671.46,67,5710
Philippine Airlines,MNL-BCD,2024,2,17240.636,35.06,3473.27,3758.87,3493.45,5061,394
Philippine Airlines,MNL-BSO,2024,2,1452.276,100.0,10000.0,3758.87,10000.0,5061,27
Philippine Airlines,MNL-BXU,2024,2,8533.308,37.73,5301.11,3758.87,5129.53,5061,179
Philippine Airlines,MNL-CBO,2024,2,2648.268,100.0,10000.0,3758.87,10000.0,5061,33
Philippine Airlines,MNL-CEB,2024,2,45208.814,39.7,3402.46,3758.87,3035.49,5061,1718
Philippine Airlines,MNL-CGY,2024,2,17727.892,41.81,3628.71,3758.87,3103.18,5061,405
Philippine Airlines,MNL-CRM,2024,2,860.608,100.0,10000.0,3758.87,10000.0,5061,16
Philippine Airlines,MNL-CYP,2024,2,699.244,100.0,10000.0,3758.87,5086.63,5061,29
Philippine Airlines,MNL-DGT,2024,2,8680.434,36.42,5368.83,3758.87,5368.85,5061,162
Philippine Airlines,MNL-DPL,2024,2,4266.654,42.65,5108.04,3758.87,5050.79,5061,69
Philippine Airlines,MNL-DRP,2024,2,11055.016,60.79,5232.85,3758.87,5232.69,5061,139
Philippine Airlines,MNL-DVO,2024,2,42837.396,54.99,5049.8,3758.87,4864.83,5061,619
Philippine Airlines,MNL-EUQ,2024,2,699.244,100.0,10000.0,3758.87,10000.0,5061,13
Philippine Airlines,MNL-GES,2024,2,12698.714,40.98,5162.72,3758.87,5293.71,5061,170
Philippine Airlines,MNL-IAO,2024,2,4625.768,98.78,9758.98,3758.87,5861.34,5061,203
Philippine Airlines,MNL-ILO,2024,2,18425.554,29.12,3669.43,3758.87,3506.47,5061,524
Philippine Airlines,MNL-LAO,2024,2,5590.788,58.46,5143.14,3758.87,5143.2,5061,65
Philippine Airlines,MNL-MNL,2024,2,200.914,79.38,6726.37,3758.87,3671.46,5061,5710
Philippine Airlines,MNL-MPH,2024,2,19238.702,32.42,3633.23,3758.87,4053.91,5061,608
Philippine Airlines,MNL-OZC,2024,2,4266.654,40.28,5188.96,3758.87,4474.42,5061,96
Philippine Airlines,MNL-PPS,2024,2,16036.734,32.42,3626.44,3758.87,3614.45,5061,377
Philippine Airlines,MNL-RXS,2024,2,4266.654,29.29,4345.76,3758.87,4345.47,5061,99
Philippine Airlines,MNL-TAC,2024,2,18390.75,41.67,3897.54,3758.87,3749.59,5061,349
Philippine Airlines,MNL-TAG,2024,2,13094.214,33.19,3665.0,3758.87,3656.94,5061,268
Philippine Airlines,MNL-TUG,2024,2,3785.726,31.48,5685.98,3758.87,5685.78,5061,83
Philippine Airlines,MNL-USU,2024,2,1506.064,35.84,3447.3,3758.87,4303.51,5061,178
Philippine Airlines,MNL-ZAM,2024,2,1765.512,100.0,10000.0,3758.87,5775.94,5061,33
Philippine Airlines,MPH-CEB,2024,2,4010.37,29.85,4508.82,3314.85,3035.49,797,1718
Philippine Airlines,MPH-MNL,2024,2,20877.654,25.61,3278.12,3314.85,3671.46,797,5710
Philippine Airlines,OZC-CEB,2024,2,430.304,21.86,6583.72,4105.13,3035.49,105,1718
Philippine Airlines,OZC-MNL,2024,2,3972.402,38.57,5261.29,4105.13,3671.46,105,5710
Philippine Airlines,PPS-CEB,2024,2,1290.912,89.77,8163.31,3990.89,3035.49,350,1718
Philippine Airlines,PPS-MNL,2024,2,20539.106,41.63,3972.21,3990.89,3671.46,350,5710
Philippine Airlines,RXS-MNL,2024,2,4266.654,29.29,4345.76,4345.47,3671.46,99,5710
Philippine Airlines,TAC-CEB,2024,2,1344.7,42.46,5113.7,3196.84,3035.49,434,1718
Philippine Airlines,TAC-MNL,2024,2,14418.348,25.99,3429.73,3196.84,3671.46,434,5710
Philippine Airlines,TAG-DVO,2024,2,645.456,78.01,6569.12,3753.53,4864.83,315,619
Philippine Airlines,TAG-MNL,2024,2,12652.836,26.9,3771.89,3753.53,3671.46,315,5710
Philippine Airlines,TUG-MNL,2024,2,3932.852,19.48,6862.94,6862.42,3671.46,141,5710
Philippine Airlines,TWT-CBO,2024,2,376.516,100.0,10000.0,6063.44,10000.0,23,33
Philippine Airlines,TWT-ZAM,2024,2,1618.386,68.75,5703.12,6063.44,5775.94,23,33
Philippine Airlines,USU-CEB,2024,2,3227.28,58.62,5148.61,5072.92,3035.49,227,1718
Philippine Airlines,USU-CRK,2024,2,806.82,100.0,10000.0,5072.92,8204.32,227,96
Philippine Airlines,USU-MNL,2024,2,1506.064,23.94,6358.25,5072.92,3671.46,227,5710
Philippine Airlines,ZAM-CEB,2024,2,1290.912,63.7,5375.38,5219.5,3035.49,209,1718
Philippine Airlines,ZAM-MNL,2024,2,8386.182,34.87,5457.83,5219.5,3671.46,209,5710
Philippine Airlines,ZAM-TWT,2024,2,1618.386,68.75,5703.12,5219.5,6063.44,209,23
Sunlight Air,MNL-CRK,2024,2,392.7,100.0,10000.0,3758.87,8204.32,5061,96
Sunlight Air,MNL-MNL,2024,2,56.1,20.62,6726.37,3758.87,3671.46,5061,5710
Sunlight Air,MNL-SFS,2024,2,224.4,100.0,10000.0,3758.87,10000.0,5061,4
Sunlight Air,MNL-USU,2024,2,1122.0,24.85,3447.3,3758.87,4303.51,5061,178
AirAsia,BCD-MNL,2024,3,14887.44,21.67,3688.94,3727.52,3650.95,475,6231
AirAsia,CEB-MNL,2024,3,32849.46,22.45,3513.79,3355.58,3650.95,1953,6231
AirAsia,CGY-MNL,2024,3,9871.02,17.06,3737.14,3296.94,3650.95,483,6231
AirAsia,ILO-MNL,2024,3,25553.64,29.94,3528.32,3478.95,3650.95,620,6231
AirAsia,KLO-MNL,2024,3,14078.34,73.73,6126.23,6126.11,3650.95,118,6231
AirAsia,MNL-BCD,2024,3,14887.44,24.31,3500.3,3739.89,3530.48,5506,438
AirAsia,MNL-CEB,2024,3,34629.48,25.59,3381.46,3739.89,3135.88,5506,1982
AirAsia,MNL-CGY,2024,3,9871.02,18.79,3667.47,3739.89,3189.46,5506,448
AirAsia,MNL-ILO,2024,3,19742.04,24.66,3659.59,3739.89,3546.66,5506,582
AirAsia,MNL-KLO,2024,3,14725.62,98.91,9784.38,3739.89,9784.97,5506,92
AirAsia,MNL-MPH,2024,3,14240.16,19.5,3552.2,3739.89,4031.03,5506,691
AirAsia,MNL-PPS,2024,3,14887.44,24.54,3531.24,3739.89,3636.36,5506,446
AirAsia,MNL-RXS,2024,3,2103.66,12.46,4418.46,3739.89,4417.91,5506,105
AirAsia,MNL-TAC,2024,3,9385.56,17.7,3727.46,3739.89,3583.14,5506,377
AirAsia,MNL-TAG,2024,3,10032.84,21.32,3665.66,3739.89,3648.52,5506,294
AirAsia,MPH-MNL,2024,3,38513.16,38.48,3315.33,3352.15,3650.95,900,6231
AirAsia,MPH-MPH,2024,3,161.82,50.0,5000.0,3352.15,4031.03,900,691
AirAsia,PPS-MNL,2024,3,9871.02,15.87,3795.75,3904.66,3650.95,422,6231
AirAsia,RXS-MNL,2024,3,2103.66,12.58,4508.81,4508.99,3650.95,104,6231
AirAsia,TAC-MNL,2024,3,23664.0,35.18,3555.18,3317.55,3650.95,474,6231
AirAsia,TAG-MNL,2024,3,15049.26,26.25,3642.09,3610.68,3650.95,352,6231
Cebgo,BCD-CEB,2024,3,761.904,19.21,3826.78,3727.52,3135.88,475,1982
Cebgo,BXU-CEB,2024,3,1406.592,47.58,5011.71,4810.03,3135.88,225,1982
Cebgo,CEB-BCD,2024,3,761.904,18.69,3894.56,3355.58,3530.48,1953,438
Cebgo,CEB-BXU,2024,3,58.608,3.52,9320.78,3355.58,5211.39,1953,199
Cebgo,CEB-CEB,2024,3,117.216,100.0,10000.0,3355.58,3135.88,1953,1982
Cebgo,CEB-CGM,2024,3,293.04,100.0,10000.0,3355.58,6073.77,1953,7
Cebgo,CEB-CGY,2024,3,3692.304,57.16,5102.53,3355.58,3189.46,1953,448
Cebgo,CEB-CYP,2024,3,1054.944,100.0,10000.0,3355.58,5178.59,1953,31
Cebgo,CEB-DGT,2024,3,58.608,27.91,5975.94,3355.58,5520.53,1953,186
Cebgo,CEB-DRP,2024,3,58.608,100.0,10000.0,3355.58,5038.76,1953,148
Cebgo,CEB-IAO,2024,3,2578.752,41.38,5148.61,3355.58,5997.3,1953,211
Cebgo,CEB-ILO,2024,3,1582.416,38.85,5248.64,3355.58,3546.66,1953,582
Cebgo,CEB-MNL,2024,3,58.608,0.04,3513.79,3355.58,3650.95,1953,6231
Cebgo,CEB-MPH,2024,3,58.608,0.42,5591.94,3355.58,4031.03,1953,691
Cebgo,CEB-OZC,2024,3,879.12,59.08,5164.89,3355.58,4517.16,1953,105
Cebgo,CEB-PAG,2024,3,1758.24,100.0,10000.0,3355.58,7187.88,1953,87
Cebgo,CEB-SUG,2024,3,761.904,100.0,10000.0,3355.58,10000.0,1953,13
Cebgo,CEB-TAC,2024,3,1113.552,39.36,5226.42,3355.58,3583.14,1953,377
Cebgo,CEB-USU,2024,3,1816.848,33.21,5563.81,3355.58,4873.53,1953,183
Cebgo,CGM-CEB,2024,3,293.04,100.0,10000.0,10000.0,3135.88,5,1982
Cebgo,CGY-CEB,2024,3,3809.52,57.92,5125.45,3296.94,3135.88,483,1982
Cebgo,CGY-DVO,2024,3,1054.944,100.0,10000.0,3296.94,4831.43,483,679
Cebgo,CYP-CEB,2024,3,1054.944,100.0,10000.0,5258.26,3135.88,30,1982
Cebgo,DGT-CEB,2024,3,58.608,100.0,10000.0,5217.52,3135.88,155,1982
Cebgo,DRP-CEB,2024,3,58.608,100.0,10000.0,5043.93,3135.88,148,1982
Cebgo,DVO-CGY,2024,3,1054.944,100.0,10000.0,4844.08,3189.46,740,448
Cebgo,DVO-IAO,2024,3,703.296,100.0,10000.0,4844.08,5997.3,740,211
Cebgo,IAO-CEB,2024,3,3223.44,48.43,5004.93,5293.07,3135.88,186,1982
Cebgo,IAO-DVO,2024,3,761.904,100.0,10000.0,5293.07,4831.43,186,679
Cebgo,ILO-CEB,2024,3,1406.592,22.8,3506.1,3478.95,3135.88,620,1982
Cebgo,MNL-CEB,2024,3,820.512,0.65,3381.46,3739.89,3135.88,5506,1982
Cebgo,MNL-MPH,2024,3,1758.24,2.57,3552.2,3739.89,4031.03,5506,691
Cebgo,MNL-USU,2024,3,1816.848,46.52,4006.58,3739.89,4873.53,5506,183
Cebgo,MNL-WNP,2024,3,3633.696,100.0,10000.0,3739.89,10000.0,5506,62
Cebgo,MPH-CEB,2024,3,1523.808,9.89,4725.79,3352.15,3135.88,900,1982
Cebgo,MPH-MNL,2024,3,1816.848,1.94,3315.33,3352.15,3650.95,900,6231
Cebgo,OZC-CEB,2024,3,1582.416,76.06,6358.25,4194.64,3135.88,116,1982
Cebgo,PAG-CEB,2024,3,1641.024,100.0,10000.0,7315.11,3135.88,85,1982
Cebgo,SUG-CEB,2024,3,703.296,100.0,10000.0,10000.0,3135.88,12,1982
Cebgo,TAC-CEB,2024,3,1758.24,52.27,5010.31,3317.55,3135.88,474,1982
Cebgo,USU-CEB,2024,3,2520.144,40.46,5182.02,5050.95,3135.88,248,1982
Cebgo,USU-MNL,2024,3,5274.72,75.45,6295.41,5050.95,3650.95,248,6231
Cebgo,WNP-MNL,2024,3,3516.48,100.0,10000.0,10000.0,3650.95,60,6231
Cebu Pacific,BCD-CEB,2024,3,1211.232,30.54,3826.78,3727.52,3135.88,475,1982
Cebu Pacific,BCD-DVO,2024,3,3482.292,100.0,10000.0,3727.52,4831.43,475,679
Cebu Pacific,BCD-MNL,2024,3,30774.084,47.87,3688.94,3727.52,3650.95,475,6231
Cebu Pacific,BXU-MNL,2024,3,17422.856,65.36,5471.86,4810.03,3650.95,225,6231
Cebu Pacific,CAN-MNL,2024,3,3003.66,100.0,10000.0,10000.0,3650.95,17,6231
Cebu Pacific,CEB-BCD,2024,3,1211.232,29.71,3894.56,3355.58,3530.48,1953,438
Cebu Pacific,CEB-CRK,2024,3,8327.22,100.0,10000.0,3355.58,8836.7,1953,151
Cebu Pacific,CEB-DGT,2024,3,151.404,72.09,5975.94,3355.58,5520.53,1953,186
Cebu Pacific,CEB-DVO,2024,3,6510.372,55.84,5068.21,3355.58,4831.43,1953,679
Cebu Pacific,CEB-GES,2024,3,4542.12,76.38,6391.81,3355.58,5663.03,1953,205
Cebu Pacific,CEB-MNL,2024,3,50703.246,37.04,3513.79,3355.58,3650.95,1953,6231
Cebu Pacific,CEB-MPH,2024,3,9538.452,67.59,5591.94,3355.58,4031.03,1953,691
Cebu Pacific,CEB-PPS,2024,3,4693.524,61.09,5245.98,3355.58,3636.36,1953,446
Cebu Pacific,CEB-ZAM,2024,3,2876.676,100.0,10000.0,3355.58,5212.9,1953,63
Cebu Pacific,CGY-ILO,2024,3,757.02,100.0,10000.0,3296.94,3546.66,483,582
Cebu Pacific,CGY-MNL,2024,3,21536.812,39.78,3737.14,3296.94,3650.95,483,6231
Cebu Pacific,CRK-CEB,2024,3,8024.412,100.0,10000.0,8989.56,3135.88,127,1982
Cebu Pacific,CRK-CRK,2024,3,151.404,100.0,10000.0,8989.56,8836.7,127,151
Cebu Pacific,CRK-MNL,2024,3,187.22,100.0,10000.0,8989.56,3650.95,127,6231
Cebu Pacific,CRK-MPH,2024,3,7873.008,100.0,10000.0,8989.56,4031.03,127,691
Cebu Pacific,CRK-Not available,2024,3,454.212,100.0,10000.0,8989.56,10000.0,127,3
Cebu Pacific,CYZ-MNL,2024,3,4542.12,100.0,10000.0,10000.0,3650.95,30,6231
Cebu Pacific,DGT-MNL,2024,3,14231.976,61.04,5243.76,5217.52,3650.95,155,6231
Cebu Pacific,DPL-MNL,2024,3,6510.372,58.11,5131.54,5131.48,3650.95,74,6231
Cebu Pacific,DRP-MNL,2024,3,8765.152,43.94,5073.45,5043.93,3650.95,148,6231
Cebu Pacific,DVO-BCD,2024,3,3482.292,100.0,10000.0,4844.08,3530.48,740,438
Cebu Pacific,DVO-CEB,2024,3,6358.968,56.07,5073.69,4844.08,3135.88,740,1982
Cebu Pacific,DVO-MNL,2024,3,44323.114,47.87,5009.07,4844.08,3650.95,740,6231
Cebu Pacific,GES-CEB,2024,3,4542.12,76.38,6391.81,5643.25,3135.88,206,1982
Cebu Pacific,GES-ILO,2024,3,1968.252,100.0,10000.0,5643.25,3546.66,206,582
Cebu Pacific,GES-MNL,2024,3,22768.394,64.71,5432.77,5643.25,3650.95,206,6231
Cebu Pacific,ILO-CEB,2024,3,2271.06,36.82,3506.1,3478.95,3135.88,620,1982
Cebu Pacific,ILO-CGY,2024,3,757.02,100.0,10000.0,3478.95,3189.46,620,448
Cebu Pacific,ILO-GES,2024,3,1968.252,100.0,10000.0,3478.95,5663.03,620,205
Cebu Pacific,ILO-MNL,2024,3,35508.308,44.47,3528.32,3478.95,3650.95,620,6231
Cebu Pacific,KLO-MNL,2024,3,4693.524,26.27,6126.23,6126.11,3650.95,118,6231
Cebu Pacific,LAO-MNL,2024,3,4542.12,39.87,5205.23,5205.06,3650.95,75,6231
Cebu Pacific,MNL-BCD,2024,3,24400.464,42.58,3500.3,3739.89,3530.48,5506,438
Cebu Pacific,MNL-BXU,2024,3,16817.24,64.55,5423.4,3739.89,5211.39,5506,199
Cebu Pacific,MNL-CEB,2024,3,44521.73,35.16,3381.46,3739.89,3135.88,5506,1982
Cebu Pacific,MNL-CGY,2024,3,21385.408,43.51,3667.47,3739.89,3189.46,5506,448
Cebu Pacific,MNL-CYZ,2024,3,4542.12,100.0,10000.0,3739.89,10000.0,5506,30
Cebu Pacific,MNL-DGT,2024,3,18471.288,66.3,5531.38,3739.89,5520.53,5506,186
Cebu Pacific,MNL-DPL,2024,3,6661.776,58.67,5150.34,3739.89,5150.22,5506,75
Cebu Pacific,MNL-DRP,2024,3,8765.152,44.15,5068.44,3739.89,5038.76,5506,148
Cebu Pacific,MNL-DVO,2024,3,40713.838,50.33,5000.22,3739.89,4831.43,5506,679
Cebu Pacific,MNL-GES,2024,3,22772.464,65.03,5451.8,3739.89,5663.03,5506,205
Cebu Pacific,MNL-ILO,2024,3,35962.52,48.0,3659.59,3739.89,3546.66,5506,582
Cebu Pacific,MNL-KLO,2024,3,151.404,1.09,9784.38,3739.89,9784.97,5506,92
Cebu Pacific,MNL-LAO,2024,3,4542.12,39.35,5226.84,3739.89,5226.79,5506,76
Cebu Pacific,MNL-MNL,2024,3,677.248,68.42,5180.42,3739.89,3650.95,5506,6231
Cebu Pacific,MNL-MPH,2024,3,32097.648,46.99,3552.2,3739.89,4031.03,5506,691
Cebu Pacific,MNL-OZC,2024,3,7267.392,60.76,5231.56,3739.89,4517.16,5506,105
Cebu Pacific,MNL-PAG,2024,3,8630.028,100.0,10000.0,3739.89,7187.88,5506,87
Cebu Pacific,MNL-PPS,2024,3,25054.92,44.13,3531.24,3739.89,3636.36,5506,446
Cebu Pacific,MNL-RXS,2024,3,9235.644,58.45,4418.46,3739.89,4417.91,5506,105
Cebu Pacific,MNL-TAC,2024,3,22256.388,44.86,3727.46,3739.89,3583.14,5506,377
Cebu Pacific,MNL-TAG,2024,3,20664.204,46.93,3665.66,3739.89,3648.52,5506,294
Cebu Pacific,MNL-TUG,2024,3,8781.432,71.76,5947.0,3739.89,5946.76,5506,84
Cebu Pacific,MNL-VRC,2024,3,4844.928,100.0,10000.0,3739.89,10000.0,5506,32
Cebu Pacific,MPH-CEB,2024,3,9538.452,61.9,4725.79,3352.15,3135.88,900,1982
Cebu Pacific,MPH-CRK,2024,3,7873.008,100.0,10000.0,3352.15,8836.7,900,151
Cebu Pacific,MPH-MNL,2024,3,32854.668,35.08,3315.33,3352.15,3650.95,900,6231
Cebu Pacific,MPH-MPH,2024,3,151.404,50.0,5000.0,3352.15,4031.03,900,691
Cebu Pacific,NRT-CRK,2024,3,3028.08,100.0,10000.0,10000.0,8836.7,20,151
Cebu Pacific,OZC-MNL,2024,3,7418.796,61.25,5253.12,4194.64,3650.95,116,6231
Cebu Pacific,PAG-MNL,2024,3,8630.028,100.0,10000.0,7315.11,3650.95,85,6231
Cebu Pacific,PPS-CEB,2024,3,4693.524,75.85,6336.44,3904.66,3135.88,422,1982
Cebu Pacific,PPS-MNL,2024,3,25393.544,43.64,3795.75,3904.66,3650.95,422,6231
Cebu Pacific,RXS-MNL,2024,3,9387.048,59.98,4508.81,4508.99,3650.95,104,6231
Cebu Pacific,TAC-MNL,2024,3,26949.912,42.82,3555.18,3317.55,3650.95,474,6231
Cebu Pacific,TAG-MNL,2024,3,25575.88,47.68,3642.09,3610.68,3650.95,352,6231
Cebu Pacific,TUG-MNL,2024,3,15542.516,81.81,7023.75,7023.5,3650.95,135,6231
Cebu Pacific,TWT-ZAM,2024,3,2876.676,61.29,5254.93,5195.15,5212.9,33,63
Cebu Pacific,ZAM-CEB,2024,3,3028.08,70.4,5832.32,5580.45,3135.88,248,1982
Cebu Pacific,ZAM-MNL,2024,3,17777.76,67.32,5599.96,5580.45,3650.95,248,6231
Cebu Pacific,ZAM-TWT,2024,3,3028.08,62.5,5312.5,5580.45,5246.59,248,34
Philippine Airlines,BCD-CEB,2024,3,1936.368,50.25,3826.78,3727.52,3135.88,475,1982
Philippine Airlines,BCD-MNL,2024,3,19025.132,30.46,3688.94,3727.52,3650.95,475,6231
Philippine Airlines,BPA-CEB,2024,3,484.092,100.0,10000.0,10000.0,3135.88,9,1982
Philippine Airlines,BXU-CEB,2024,3,1506.064,52.42,5011.71,4810.03,3135.88,225,1982
Philippine Airlines,BXU-MNL,2024,3,8974.686,34.64,5471.86,4810.03,3650.95,225,6231
Philippine Airlines,CBO-CEB,2024,3,376.516,100.0,10000.0,10000.0,3135.88,26,1982
Philippine Airlines,CBO-MNL,2024,3,2501.142,100.0,10000.0,10000.0,3650.95,26,6231
Philippine Airlines,CBO-TWT,2024,3,107.576,100.0,10000.0,10000.0,5246.59,26,34
Philippine Airlines,CEB-BCD,2024,3,2043.944,51.6,3894.56,3355.58,3530.48,1953,438
Philippine Airlines,CEB-BPA,2024,3,484.092,100.0,10000.0,3355.58,10000.0,1953,9
Philippine Airlines,CEB-BXU,2024,3,1559.852,96.48,9320.78,3355.58,5211.39,1953,199
Philippine Airlines,CEB-CBO,2024,3,430.304,100.0,10000.0,3355.58,10000.0,1953,26
Philippine Airlines,CEB-CGY,2024,3,2689.4,42.84,5102.53,3355.58,3189.46,1953,448
Philippine Airlines,CEB-DVO,2024,3,5002.284,44.16,5068.21,3355.58,4831.43,1953,679
Philippine Airlines,CEB-GES,2024,3,1365.266,23.62,6391.81,3355.58,5663.03,1953,205
Philippine Airlines,CEB-IAO,2024,3,3550.008,58.62,5148.61,3355.58,5997.3,1953,211
Philippine Airlines,CEB-ILO,2024,3,2420.46,61.15,5248.64,3355.58,3546.66,1953,582
Philippine Airlines,CEB-MNL,2024,3,53838.624,40.47,3513.79,3355.58,3650.95,1953,6231
Philippine Airlines,CEB-MPH,2024,3,4386.886,31.99,5591.94,3355.58,4031.03,1953,691
Philippine Airlines,CEB-OZC,2024,3,591.668,40.92,5164.89,3355.58,4517.16,1953,105
Philippine Airlines,CEB-PPS,2024,3,2904.552,38.91,5245.98,3355.58,3636.36,1953,446
Philippine Airlines,CEB-TAC,2024,3,1667.428,60.64,5226.42,3355.58,3583.14,1953,377
Philippine Airlines,CEB-USU,2024,3,3550.008,66.79,5563.81,3355.58,4873.53,1953,183
Philippine Airlines,CGY-CEB,2024,3,2689.4,42.08,5125.45,3296.94,3135.88,483,1982
Philippine Airlines,CGY-MNL,2024,3,22711.192,43.17,3737.14,3296.94,3650.95,483,6231
Philippine Airlines,CRK-USU,2024,3,914.396,100.0,10000.0,8989.56,4873.53,127,183
Philippine Airlines,CRM-MNL,2024,3,914.396,100.0,10000.0,10000.0,3650.95,17,6231
Philippine Airlines,CYP-MNL,2024,3,645.456,100.0,10000.0,5258.26,3650.95,30,6231
Philippine Airlines,DGT-MNL,2024,3,8827.56,38.96,5243.76,5217.52,3650.95,155,6231
Philippine Airlines,DPL-MNL,2024,3,4560.906,41.89,5131.54,5131.48,3650.95,74,6231
Philippine Airlines,DRP-MNL,2024,3,10868.34,56.06,5073.45,5043.93,3650.95,148,6231
Philippine Airlines,DVO-CEB,2024,3,4840.92,43.93,5073.69,4844.08,3135.88,740,1982
Philippine Airlines,DVO-MNL,2024,3,46906.3,52.13,5009.07,4844.08,3650.95,740,6231
Philippine Airlines,DVO-TAG,2024,3,860.608,100.0,10000.0,4844.08,3648.52,740,294
Philippine Airlines,EUQ-MNL,2024,3,645.456,100.0,10000.0,10000.0,3650.95,12,6231
Philippine Airlines,GES-CEB,2024,3,1365.266,23.62,6391.81,5643.25,3135.88,206,1982
Philippine Airlines,GES-MNL,2024,3,12064.332,35.29,5432.77,5643.25,3650.95,206,6231
Philippine Airlines,IAO-CEB,2024,3,3334.856,51.57,5004.93,5293.07,3135.88,186,1982
Philippine Airlines,IAO-MNL,2024,3,3012.128,100.0,10000.0,5293.07,3650.95,186,6231
Philippine Airlines,ILO-CEB,2024,3,2420.46,40.38,3506.1,3478.95,3135.88,620,1982
Philippine Airlines,ILO-MNL,2024,3,19849.354,25.58,3528.32,3478.95,3650.95,620,6231
Philippine Airlines,LAO-MNL,2024,3,6655.474,60.13,5205.23,5205.06,3650.95,75,6231
Philippine Airlines,MNL-BCD,2024,3,18436.628,33.11,3500.3,3739.89,3530.48,5506,438
Philippine Airlines,MNL-BSO,2024,3,1667.428,100.0,10000.0,3739.89,10000.0,5506,31
Philippine Airlines,MNL-BXU,2024,3,8974.686,35.45,5423.4,3739.89,5211.39,5506,199
Philippine Airlines,MNL-CBO,2024,3,2354.016,100.0,10000.0,3739.89,10000.0,5506,26
Philippine Airlines,MNL-CEB,2024,3,47496.386,38.6,3381.46,3739.89,3135.88,5506,1982
Philippine Airlines,MNL-CGY,2024,3,18003.16,37.7,3667.47,3739.89,3189.46,5506,448
Philippine Airlines,MNL-CRM,2024,3,968.184,100.0,10000.0,3739.89,10000.0,5506,18
Philippine Airlines,MNL-CYP,2024,3,699.244,100.0,10000.0,3739.89,5178.59,5506,31
Philippine Airlines,MNL-DGT,2024,3,9121.812,33.7,5531.38,3739.89,5520.53,5506,186
Philippine Airlines,MNL-DPL,2024,3,4560.906,41.33,5150.34,3739.89,5150.22,5506,75
Philippine Airlines,MNL-DRP,2024,3,10775.002,55.85,5068.44,3739.89,5038.76,5506,148
Philippine Airlines,MNL-DVO,2024,3,39043.76,49.67,5000.22,3739.89,4831.43,5506,679
Philippine Airlines,MNL-EUQ,2024,3,645.456,100.0,10000.0,3739.89,10000.0,5506,12
Philippine Airlines,MNL-GES,2024,3,11898.222,34.97,5451.8,3739.89,5663.03,5506,205
Philippine Airlines,MNL-IAO,2024,3,4787.132,100.0,10000.0,3739.89,5997.3,5506,211
Philippine Airlines,MNL-ILO,2024,3,19903.142,27.34,3659.59,3739.89,3546.66,5506,582
Philippine Airlines,MNL-LAO,2024,3,6802.6,60.65,5226.84,3739.89,5226.79,5506,76
Philippine Airlines,MNL-MNL,2024,3,147.126,15.3,5180.42,3739.89,3650.95,5506,6231
Philippine Airlines,MNL-MPH,2024,3,20537.524,30.94,3552.2,3739.89,4031.03,5506,691
Philippine Airlines,MNL-OZC,2024,3,4560.906,39.24,5231.56,3739.89,4517.16,5506,105
Philippine Airlines,MNL-PPS,2024,3,17283.35,31.33,3531.24,3739.89,3636.36,5506,446
Philippine Airlines,MNL-RXS,2024,3,4467.568,29.1,4418.46,3739.89,4417.91,5506,105
Philippine Airlines,MNL-TAC,2024,3,18053.784,37.44,3727.46,3739.89,3583.14,5506,377
Philippine Airlines,MNL-TAG,2024,3,13589.38,31.76,3665.66,3739.89,3648.52,5506,294
Philippine Airlines,MNL-TUG,2024,3,3358.586,28.24,5947.0,3739.89,5946.76,5506,84
Philippine Airlines,MNL-USU,2024,3,1559.852,41.1,4006.58,3739.89,4873.53,5506,183
Philippine Airlines,MNL-ZAM,2024,3,1912.638,100.0,10000.0,3739.89,5212.9,5506,63
Philippine Airlines,MPH-CEB,2024,3,4225.522,28.22,4725.79,3352.15,3135.88,900,1982
Philippine Airlines,MPH-MNL,2024,3,22298.29,24.5,3315.33,3352.15,3650.95,900,6231
Philippine Airlines,OZC-CEB,2024,3,484.092,23.94,6358.25,4194.64,3135.88,116,1982
Philippine Airlines,OZC-MNL,2024,3,4560.906,38.75,5253.12,4194.64,3650.95,116,6231
Philippine Airlines,PPS-CEB,2024,3,1452.276,24.15,6336.44,3904.66,3135.88,422,1982
Philippine Airlines,PPS-MNL,2024,3,22896.286,40.49,3795.75,3904.66,3650.95,422,6231
Philippine Airlines,RXS-MNL,2024,3,4173.316,27.44,4508.81,4508.99,3650.95,104,6231
Philippine Airlines,TAC-CEB,2024,3,1559.852,47.73,5010.31,3317.55,3135.88,474,1982
Philippine Airlines,TAC-MNL,2024,3,13458.074,22.0,3555.18,3317.55,3650.95,474,6231
Philippine Airlines,TAG-DVO,2024,3,860.608,100.0,10000.0,3610.68,4831.43,352,679
Philippine Airlines,TAG-MNL,2024,3,13589.38,26.07,3642.09,3610.68,3650.95,352,6231
Philippine Airlines,TUG-MNL,2024,3,3358.586,18.19,7023.75,7023.5,3650.95,135,6231
Philippine Airlines,TWT-CBO,2024,3,107.576,100.0,10000.0,5195.15,10000.0,33,26
Philippine Airlines,TWT-ZAM,2024,3,1765.512,38.71,5254.93,5195.15,5212.9,33,63
Philippine Airlines,USU-CEB,2024,3,3603.796,59.54,5182.02,5050.95,3135.88,248,1982
Philippine Airlines,USU-CRK,2024,3,914.396,100.0,10000.0,5050.95,8836.7,248,151
Philippine Airlines,USU-MNL,2024,3,1667.428,24.55,6295.41,5050.95,3650.95,248,6231
Philippine Airlines,ZAM-CEB,2024,3,1237.124,29.6,5832.32,5580.45,3135.88,248,1982
Philippine Airlines,ZAM-MNL,2024,3,8386.182,32.68,5599.96,5580.45,3650.95,248,6231
Philippine Airlines,ZAM-TWT,2024,3,1765.512,37.5,5312.5,5580.45,5246.59,248,34
Sunlight Air,MNL-CGM,2024,3,112.2,100.0,10000.0,3739.89,6073.77,5506,7
Sunlight Air,MNL-CRK,2024,3,336.6,100.0,10000.0,3739.89,8836.7,5506,151
Sunlight Air,MNL-MNL,2024,3,168.3,16.28,5180.42,3739.89,3650.95,5506,6231
Sunlight Air,MNL-USU,2024,3,504.9,12.38,4006.58,3739.89,4873.53,5506,183
AirAsia,BCD-MNL,2024,4,10189.08,14.31,3909.38,3635.48,3710.29,569,6211
AirAsia,CEB-MNL,2024,4,27634.02,22.17,3550.77,3181.3,3710.29,2057,6211
AirAsia,CGY-MNL,2024,4,9262.8,13.29,3956.48,3568.92,3710.29,567,6211
AirAsia,ILO-MNL,2024,4,26320.96,29.46,3570.5,3503.23,3710.29,667,6211
AirAsia,KLO-MNL,2024,4,13894.2,75.0,6250.0,6250.0,3710.29,120,6211
AirAsia,MNL-BCD,2024,4,12659.16,19.53,3652.02,3809.3,3397.77,5464,529
AirAsia,MNL-CEB,2024,4,28251.54,24.93,3370.79,3809.3,3036.28,5464,2099
AirAsia,MNL-CGY,2024,4,9108.42,14.6,3902.06,3809.3,3465.77,5464,525
AirAsia,MNL-ILO,2024,4,18371.22,22.56,3758.31,3809.3,3684.41,5464,619
AirAsia,MNL-KLO,2024,4,13739.82,75.42,6292.35,3809.3,6292.73,5464,118
AirAsia,MNL-MNL,2024,4,154.38,32.29,5627.29,3809.3,3710.29,5464,6211
AirAsia,MNL-MPH,2024,4,15901.14,21.66,3500.11,3809.3,3950.61,5464,691
AirAsia,MNL-PPS,2024,4,13739.82,26.38,3615.57,3809.3,4012.87,5464,379
AirAsia,MNL-RXS,2024,4,2006.94,16.05,3830.11,3809.3,3764.72,5464,83
AirAsia,MNL-TAC,2024,4,9262.8,19.35,3675.74,3809.3,3425.11,5464,366
AirAsia,MNL-TAG,2024,4,9417.18,19.17,3924.0,3809.3,3920.29,5464,324
AirAsia,MPH-MNL,2024,4,36279.3,36.11,3283.38,3428.34,3710.29,869,6211
AirAsia,PPS-MNL,2024,4,9108.42,17.58,3763.26,4118.23,3710.29,372,6211
AirAsia,RXS-MNL,2024,4,2006.94,16.05,3830.11,3830.21,3710.29,81,6211
AirAsia,TAC-MNL,2024,4,22957.8,37.74,3565.67,3267.04,3710.29,458,6211
AirAsia,TAG-MNL,2024,4,13585.44,23.13,3905.08,3898.07,3710.29,379,6211
Cebgo,BCD-CEB,2024,4,3801.168,57.16,5102.53,3635.48,3036.28,569,2099
Cebgo,BXU-CEB,2024,4,2896.128,57.87,5123.87,4303.92,3036.28,245,2099
Cebgo,CEB-BCD,2024,4,3620.16,55.47,5059.84,3181.3,3397.77,2057,529
Cebgo,CEB-BXU,2024,4,2413.44,52.71,5014.69,3181.3,4407.54,2057,239
Cebgo,CEB-CEB,2024,4,60.336,21.43,6632.49,3181.3,3036.28,2057,2099
Cebgo,CEB-CGM,2024,4,1508.4,100.0,10000.0,3181.3,10000.0,2057,25
Cebgo,CEB-CGY,2024,4,3620.16,46.88,5019.47,3181.3,3465.77,2057,525
Cebgo,CEB-CRK,2024,4,784.368,11.87,7761.15,3181.3,8336.43,2057,145
Cebgo,CEB-CYP,2024,4,1508.4,100.0,10000.0,3181.3,5582.37,2057,38
Cebgo,CEB-DGT,2024,4,1025.712,86.81,7709.95,3181.3,5115.76,2057,187
Cebgo,CEB-DRP,2024,4,1568.736,100.0,10000.0,3181.3,4446.57,2057,189
Cebgo,CEB-DVO,2024,4,120.672,0.59,6065.38,3181.3,4937.92,2057,728
Cebgo,CEB-IAO,2024,4,3559.824,44.79,5054.29,3181.3,5638.32,2057,233
Cebgo,CEB-ILO,2024,4,1629.072,30.55,5756.6,3181.3,3684.41,2057,619
Cebgo,CEB-OZC,2024,4,301.68,30.61,5751.94,3181.3,4927.54,2057,96
Cebgo,CEB-PAG,2024,4,965.376,100.0,10000.0,3181.3,6738.99,2057,40
Cebgo,CEB-TAC,2024,4,1810.08,54.99,5049.8,3181.3,3425.11,2057,366
Cebgo,CEB-USU,2024,4,1810.08,30.91,5728.86,3181.3,5228.72,2057,182
Cebgo,CGM-CEB,2024,4,1448.064,100.0,10000.0,10000.0,3036.28,24,2099
Cebgo,CGY-CEB,2024,4,3499.488,46.73,5021.39,3568.92,3036.28,567,2099
Cebgo,CGY-DVO,2024,4,1025.712,100.0,10000.0,3568.92,4937.92,567,728
Cebgo,CRK-CEB,2024,4,724.032,16.76,6598.42,7348.26,3036.28,116,2099
Cebgo,CYP-CEB,2024,4,1508.4,100.0,10000.0,5707.43,3036.28,37,2099
Cebgo,DGT-CEB,2024,4,1086.048,100.0,10000.0,4730.86,3036.28,163,2099
Cebgo,DPL-CEB,2024,4,60.336,100.0,10000.0,5104.57,3036.28,74,2099
Cebgo,DRP-CEB,2024,4,1508.4,100.0,10000.0,4475.69,3036.28,186,2099
Cebgo,DVO-CGY,2024,4,1025.712,100.0,10000.0,4912.79,3465.77,817,525
Cebgo,DVO-IAO,2024,4,784.368,100.0,10000.0,4912.79,5638.32,817,233
Cebgo,DVO-TAG,2024,4,60.336,2.99,4725.42,4912.79,3920.29,817,324
Cebgo,IAO-CEB,2024,4,4223.52,49.37,5000.79,5216.0,3036.28,217,2099
Cebgo,IAO-DVO,2024,4,784.368,100.0,10000.0,5216.0,4937.92,217,728
Cebgo,ILO-CEB,2024,4,1568.736,27.13,4707.41,3503.23,3036.28,667,2099
Cebgo,MBT-MNL,2024,4,60.336,100.0,10000.0,10000.0,3710.29,1,6211
Cebgo,MNL-CEB,2024,4,965.376,0.84,3370.79,3809.3,3036.28,5464,2099
Cebgo,MNL-DRP,2024,4,60.336,0.24,4979.16,3809.3,4446.57,5464,189
Cebgo,MNL-MPH,2024,4,1810.08,2.44,3500.11,3809.3,3950.61,5464,691
Cebgo,MNL-USU,2024,4,1810.08,51.43,5004.09,3809.3,5228.72,5464,182
Cebgo,MNL-WNP,2024,4,3559.824,100.0,10000.0,3809.3,10000.0,5464,59
Cebgo,MPH-MNL,2024,4,1749.744,1.72,3283.38,3428.34,3710.29,869,6211
Cebgo,OZC-CEB,2024,4,1870.416,73.23,6079.27,4053.91,3036.28,120,2099
Cebgo,PAG-CEB,2024,4,905.04,100.0,10000.0,7086.69,3036.28,42,2099
Cebgo,TAC-CEB,2024,4,2353.104,61.36,5258.1,3267.04,3036.28,458,2099
Cebgo,USU-CEB,2024,4,2473.776,37.94,5290.89,5033.94,3036.28,241,2099
Cebgo,USU-MNL,2024,4,5188.896,77.13,6472.07,5033.94,3710.29,241,6211
Cebgo,WNP-MNL,2024,4,3559.824,100.0,10000.0,10000.0,3710.29,59,6211
Cebu Pacific,BCD-DVO,2024,4,3273.228,100.0,10000.0,3635.48,4937.92,569,728
Cebu Pacific,BCD-MNL,2024,4,33732.852,46.92,3909.38,3635.48,3710.29,569,6211
Cebu Pacific,BXU-MNL,2024,4,15972.28,63.86,5384.2,4303.92,3710.29,245,6211
Cebu Pacific,CEB-CRK,2024,4,5767.116,87.29,7761.15,3181.3,8336.43,2057,145
Cebu Pacific,CEB-DGT,2024,4,155.868,13.19,7709.95,3181.3,5115.76,2057,187
Cebu Pacific,CEB-DVO,2024,4,14963.328,73.41,6065.38,3181.3,4937.92,2057,728
Cebu Pacific,CEB-GES,2024,4,2805.624,62.93,5334.37,3181.3,5447.77,2057,224
Cebu Pacific,CEB-MNL,2024,4,54325.864,43.16,3550.77,3181.3,3710.29,2057,6211
Cebu Pacific,CEB-MPH,2024,4,8572.74,71.49,5923.64,3181.3,3950.61,2057,691
Cebu Pacific,CEB-PPS,2024,4,6739.196,100.0,10000.0,3181.3,4012.87,2057,379
Cebu Pacific,CGY-MNL,2024,4,32752.392,46.56,3956.48,3568.92,3710.29,567,6211
Cebu Pacific,CRK-CEB,2024,4,3429.096,79.39,6598.42,7348.26,3036.28,116,2099
Cebu Pacific,CRK-CRK,2024,4,779.34,100.0,10000.0,7348.26,8336.43,116,145
Cebu Pacific,CRK-MNL,2024,4,192.74,100.0,10000.0,7348.26,3710.29,116,6211
Cebu Pacific,CRK-MPH,2024,4,7949.268,100.0,10000.0,7348.26,3950.61,116,691
Cebu Pacific,CYZ-MNL,2024,4,4676.04,100.0,10000.0,10000.0,3710.29,30,6211
Cebu Pacific,DGT-MNL,2024,4,13404.648,59.31,5173.35,4730.86,3710.29,163,6211
Cebu Pacific,DPL-MNL,2024,4,6702.324,58.9,5158.42,5104.57,3710.29,74,6211
Cebu Pacific,DRP-MNL,2024,4,12447.652,50.23,5000.11,4475.69,3710.29,186,6211
Cebu Pacific,DVO-BCD,2024,4,3273.228,100.0,10000.0,4912.79,3397.77,817,529
Cebu Pacific,DVO-CEB,2024,4,15000.2,74.1,6161.62,4912.79,3036.28,817,2099
Cebu Pacific,DVO-MNL,2024,4,52036.448,50.23,5000.11,4912.79,3710.29,817,6211
Cebu Pacific,DVO-TAG,2024,4,935.208,46.27,4725.42,4912.79,3920.29,817,324
Cebu Pacific,GES-CEB,2024,4,2805.624,62.93,5334.37,5417.93,3036.28,225,2099
Cebu Pacific,GES-ILO,2024,4,2805.624,100.0,10000.0,5417.93,3684.41,225,619
Cebu Pacific,GES-MNL,2024,4,21781.296,61.82,5279.42,5417.93,3710.29,225,6211
Cebu Pacific,ILO-CEB,2024,4,623.472,10.78,4707.41,3503.23,3036.28,667,2099
Cebu Pacific,ILO-GES,2024,4,2805.624,100.0,10000.0,3503.23,5447.77,667,224
Cebu Pacific,ILO-MNL,2024,4,41159.208,45.63,3570.5,3503.23,3710.29,667,6211
Cebu Pacific,ILO-PPS,2024,4,2026.284,100.0,10000.0,3503.23,4012.87,667,379
Cebu Pacific,KLO-MNL,2024,4,4676.04,25.0,6250.0,6250.0,3710.29,120,6211
Cebu Pacific,LAO-MNL,2024,4,4052.568,32.98,5579.36,5579.14,3710.29,82,6211
Cebu Pacific,MNL-BCD,2024,4,28979.716,44.29,3652.02,3809.3,3397.77,5464,529
Cebu Pacific,MNL-BXU,2024,4,15972.28,63.46,5362.34,3809.3,4407.54,5464,239
Cebu Pacific,MNL-CEB,2024,4,45122.948,39.44,3370.79,3809.3,3036.28,5464,2099
Cebu Pacific,MNL-CGY,2024,4,29799.28,47.3,3902.06,3809.3,3465.77,5464,525
Cebu Pacific,MNL-CYZ,2024,4,4676.04,100.0,10000.0,3809.3,10000.0,5464,30
Cebu Pacific,MNL-DGT,2024,4,17301.348,65.68,5491.72,3809.3,5115.76,5464,187
Cebu Pacific,MNL-DPL,2024,4,6702.324,58.9,5158.42,3809.3,5158.57,5464,73
Cebu Pacific,MNL-DRP,2024,4,12796.26,51.12,4979.16,3809.3,4446.57,5464,189
Cebu Pacific,MNL-DVO,2024,4,44555.622,52.03,5008.24,3809.3,4937.92,5464,728
Cebu Pacific,MNL-GES,2024,4,21781.296,62.41,5308.02,3809.3,5447.77,5464,224
Cebu Pacific,MNL-ILO,2024,4,41040.212,49.92,3758.31,3809.3,3684.41,5464,619
Cebu Pacific,MNL-KLO,2024,4,4520.172,24.58,6292.35,3809.3,6292.73,5464,118
Cebu Pacific,MNL-LAO,2024,4,4052.568,32.57,5607.61,3809.3,5607.61,5464,83
Cebu Pacific,MNL-MPH,2024,4,34446.828,46.47,3500.11,3809.3,3950.61,5464,691
Cebu Pacific,MNL-OZC,2024,4,7637.532,62.03,5289.44,3809.3,4927.54,5464,96
Cebu Pacific,MNL-PAG,2024,4,3740.832,100.0,10000.0,3809.3,6738.99,5464,40
Cebu Pacific,MNL-PPS,2024,4,24747.816,47.05,3615.57,3809.3,4012.87,5464,379
Cebu Pacific,MNL-RXS,2024,4,5922.984,46.91,3830.11,3809.3,3764.72,5464,83
Cebu Pacific,MNL-TAC,2024,4,21881.856,45.28,3675.74,3809.3,3425.11,5464,366
Cebu Pacific,MNL-TAG,2024,4,26009.844,52.44,3924.0,3809.3,3920.29,5464,324
Cebu Pacific,MNL-TUG,2024,4,9352.08,70.59,5847.9,3809.3,5847.75,5464,85
Cebu Pacific,MNL-VRC,2024,4,4676.04,100.0,10000.0,3809.3,10000.0,5464,30
Cebu Pacific,MPH-CEB,2024,4,8572.74,70.82,5866.94,3428.34,3036.28,869,2099
Cebu Pacific,MPH-CRK,2024,4,8261.004,100.0,10000.0,3428.34,8336.43,869,145
Cebu Pacific,MPH-MNL,2024,4,36317.244,35.8,3283.38,3428.34,3710.29,869,6211
Cebu Pacific,NRT-CRK,2024,4,3117.36,100.0,10000.0,10000.0,8336.43,20,145
Cebu Pacific,OZC-MNL,2024,4,7325.796,61.04,5243.76,4053.91,3710.29,120,6211
Cebu Pacific,PAG-MNL,2024,4,4208.436,100.0,10000.0,7086.69,3710.29,42,6211
Cebu Pacific,PPS-CEB,2024,4,6895.064,100.0,10000.0,4118.23,3036.28,372,2099
Cebu Pacific,PPS-ILO,2024,4,2026.284,100.0,10000.0,4118.23,3684.41,372,619
Cebu Pacific,PPS-MNL,2024,4,24362.336,46.58,3763.26,4118.23,3710.29,372,6211
Cebu Pacific,RXS-MNL,2024,4,5922.984,46.91,3830.11,3830.21,3710.29,81,6211
Cebu Pacific,TAC-MNL,2024,4,25310.952,41.21,3565.67,3267.04,3710.29,458,6211
Cebu Pacific,TAG-DVO,2024,4,935.208,47.69,5010.67,3898.07,4937.92,379,728
Cebu Pacific,TAG-MNL,2024,4,31332.82,52.85,3905.08,3898.07,3710.29,379,6211
Cebu Pacific,TUG-MNL,2024,4,17145.48,81.48,6981.98,6982.17,3710.29,135,6211
Cebu Pacific,ZAM-CEB,2024,4,4676.04,73.89,6141.46,5544.95,3036.28,290,2099
Cebu Pacific,ZAM-MNL,2024,4,18999.136,62.87,5331.27,5544.95,3710.29,290,6211
Cebu Pacific,ZAM-TWT,2024,4,4676.04,76.92,6449.37,5544.95,6102.53,290,44
Philippine Airlines,BCD-CEB,2024,4,2689.4,42.84,5102.53,3635.48,3036.28,569,2099
Philippine Airlines,BCD-MNL,2024,4,26310.242,38.77,3909.38,3635.48,3710.29,569,6211
Philippine Airlines,BPA-CEB,2024,4,537.88,100.0,10000.0,10000.0,3036.28,10,2099
Philippine Airlines,BXU-CEB,2024,4,1990.156,42.13,5123.87,4303.92,3036.28,245,2099
Philippine Airlines,BXU-MNL,2024,4,8533.308,36.14,5384.2,4303.92,3710.29,245,6211
Philippine Airlines,CBO-CEB,2024,4,484.092,100.0,10000.0,10000.0,3036.28,38,2099
Philippine Airlines,CBO-MNL,2024,4,3531.024,100.0,10000.0,10000.0,3710.29,38,6211
Philippine Airlines,CBO-TWT,2024,4,268.94,100.0,10000.0,10000.0,6102.53,38,44
Philippine Airlines,CEB-BCD,2024,4,2743.188,44.53,5059.84,3181.3,3397.77,2057,529
Philippine Airlines,CEB-BPA,2024,4,484.092,100.0,10000.0,3181.3,10000.0,2057,9
Philippine Airlines,CEB-BXU,2024,4,2043.944,47.29,5014.69,3181.3,4407.54,2057,239
Philippine Airlines,CEB-CBO,2024,4,430.304,100.0,10000.0,3181.3,10000.0,2057,36
Philippine Airlines,CEB-CGY,2024,4,3872.736,53.12,5019.47,3181.3,3465.77,2057,525
Philippine Airlines,CEB-DVO,2024,4,5002.284,26.0,6065.38,3181.3,4937.92,2057,728
Philippine Airlines,CEB-GES,2024,4,1559.852,37.07,5334.37,3181.3,5447.77,2057,224
Philippine Airlines,CEB-IAO,2024,4,4141.676,55.21,5054.29,3181.3,5638.32,2057,233
Philippine Airlines,CEB-ILO,2024,4,3496.22,69.45,5756.6,3181.3,3684.41,2057,619
Philippine Airlines,CEB-MNL,2024,4,41095.614,34.59,3550.77,3181.3,3710.29,2057,6211
Philippine Airlines,CEB-MPH,2024,4,3227.28,28.51,5923.64,3181.3,3950.61,2057,691
Philippine Airlines,CEB-OZC,2024,4,645.456,69.39,5751.94,3181.3,4927.54,2057,96
Philippine Airlines,CEB-TAC,2024,4,1398.488,45.01,5049.8,3181.3,3425.11,2057,366
Philippine Airlines,CEB-USU,2024,4,3818.948,69.09,5728.86,3181.3,5228.72,2057,182
Philippine Airlines,CGY-CEB,2024,4,3765.16,53.27,5021.39,3568.92,3036.28,567,2099
Philippine Airlines,CGY-MNL,2024,4,26659.864,40.15,3956.48,3568.92,3710.29,567,6211
Philippine Airlines,CRK-USU,2024,4,914.396,81.41,6973.18,7348.26,5228.72,116,182
Philippine Airlines,CRM-MNL,2024,4,860.608,100.0,10000.0,10000.0,3710.29,16,6211
Philippine Airlines,CYP-MNL,2024,4,645.456,100.0,10000.0,5707.43,3710.29,37,6211
Philippine Airlines,DGT-MNL,2024,4,8680.434,40.69,5173.35,4730.86,3710.29,163,6211
Philippine Airlines,DPL-MNL,2024,4,4413.78,41.1,5158.42,5104.57,3710.29,74,6211
Philippine Airlines,DRP-MNL,2024,4,11640.356,49.77,5000.11,4475.69,3710.29,186,6211
Philippine Airlines,DVO-CEB,2024,4,4948.496,25.9,6161.62,4912.79,3036.28,817,2099
Philippine Airlines,DVO-MNL,2024,4,48659.156,49.77,5000.11,4912.79,3710.29,817,6211
Philippine Airlines,DVO-TAG,2024,4,968.184,50.75,4725.42,4912.79,3920.29,817,324
Philippine Airlines,EUQ-MNL,2024,4,699.244,100.0,10000.0,10000.0,3710.29,13,6211
Philippine Airlines,GES-CEB,2024,4,1559.852,37.07,5334.37,5417.93,3036.28,225,2099
Philippine Airlines,GES-MNL,2024,4,12698.714,38.18,5279.42,5417.93,3710.29,225,6211
Philippine Airlines,IAO-CEB,2024,4,4087.888,50.63,5000.79,5216.0,3036.28,217,2099
Philippine Airlines,IAO-MNL,2024,4,3119.704,100.0,10000.0,5216.0,3710.29,217,6211
Philippine Airlines,ILO-CEB,2024,4,3388.644,62.09,4707.41,3503.23,3036.28,667,2099
Philippine Airlines,ILO-MNL,2024,4,21206.71,24.91,3570.5,3503.23,3710.29,667,6211
Philippine Airlines,LAO-MNL,2024,4,7772.366,67.02,5579.36,5579.14,3710.29,82,6211
Philippine Airlines,MNL-BCD,2024,4,22342.586,36.18,3652.02,3809.3,3397.77,5464,529
Philippine Airlines,MNL-BSO,2024,4,1613.64,100.0,10000.0,3809.3,10000.0,5464,30
Philippine Airlines,MNL-BXU,2024,4,8680.434,36.54,5362.34,3809.3,4407.54,5464,239
Philippine Airlines,MNL-CBO,2024,4,3531.024,100.0,10000.0,3809.3,10000.0,5464,36
Philippine Airlines,MNL-CEB,2024,4,37305.142,34.54,3370.79,3809.3,3036.28,5464,2099
Philippine Airlines,MNL-CGY,2024,4,22652.658,38.1,3902.06,3809.3,3465.77,5464,525
Philippine Airlines,MNL-CRM,2024,4,914.396,100.0,10000.0,3809.3,10000.0,5464,17
Philippine Airlines,MNL-CYP,2024,4,699.244,100.0,10000.0,3809.3,5582.37,5464,38
Philippine Airlines,MNL-DGT,2024,4,8533.308,34.32,5491.72,3809.3,5115.76,5464,187
Philippine Airlines,MNL-DPL,2024,4,4413.78,41.1,5158.42,3809.3,5158.57,5464,73
Philippine Airlines,MNL-DRP,2024,4,11493.23,48.64,4979.16,3809.3,4446.57,5464,189
Philippine Airlines,MNL-DVO,2024,4,38768.492,47.97,5008.24,3809.3,4937.92,5464,728
Philippine Airlines,MNL-EUQ,2024,4,699.244,100.0,10000.0,3809.3,10000.0,5464,13
Philippine Airlines,MNL-GES,2024,4,12385.478,37.59,5308.02,3809.3,5447.77,5464,224
Philippine Airlines,MNL-IAO,2024,4,4518.192,100.0,10000.0,3809.3,5638.32,5464,233
Philippine Airlines,MNL-ILO,2024,4,21353.836,27.52,3758.31,3809.3,3684.41,5464,619
Philippine Airlines,MNL-LAO,2024,4,7919.492,67.43,5607.61,3809.3,5607.61,5464,83
Philippine Airlines,MNL-MNL,2024,4,308.49,67.71,5627.29,3809.3,3710.29,5464,6211
Philippine Airlines,MNL-MPH,2024,4,20584.984,29.42,3500.11,3809.3,3950.61,5464,691
Philippine Airlines,MNL-OZC,2024,4,4413.78,37.97,5289.44,3809.3,4927.54,5464,96
Philippine Airlines,MNL-PPS,2024,4,13190.716,26.57,3615.57,3809.3,4012.87,5464,379
Philippine Airlines,MNL-RXS,2024,4,4413.78,37.04,3830.11,3809.3,3764.72,5464,83
Philippine Airlines,MNL-TAC,2024,4,16133.236,35.37,3675.74,3809.3,3425.11,5464,366
Philippine Airlines,MNL-TAG,2024,4,13295.128,28.4,3924.0,3809.3,3920.29,5464,324
Philippine Airlines,MNL-TUG,2024,4,3678.15,29.41,5847.9,3809.3,5847.75,5464,85
Philippine Airlines,MNL-USU,2024,4,1613.64,48.57,5004.09,3809.3,5228.72,5464,182
Philippine Airlines,MNL-ZAM,2024,4,3972.402,100.0,10000.0,3809.3,10000.0,5464,36
Philippine Airlines,MPH-CEB,2024,4,3334.856,29.18,5866.94,3428.34,3036.28,869,2099
Philippine Airlines,MPH-MNL,2024,4,25239.228,26.36,3283.38,3428.34,3710.29,869,6211
Philippine Airlines,OZC-CEB,2024,4,645.456,26.77,6079.27,4053.91,3036.28,120,2099
Philippine Airlines,OZC-MNL,2024,4,4413.78,38.96,5243.76,4053.91,3710.29,120,6211
Philippine Airlines,PPS-MNL,2024,4,17696.252,35.84,3763.26,4118.23,3710.29,372,6211
Philippine Airlines,RXS-MNL,2024,4,4413.78,37.04,3830.11,3830.21,3710.29,81,6211
Philippine Airlines,TAC-CEB,2024,4,1398.488,38.64,5258.1,3267.04,3036.28,458,2099
Philippine Airlines,TAC-MNL,2024,4,12203.548,21.05,3565.67,3267.04,3710.29,458,6211
Philippine Airlines,TAG-DVO,2024,4,968.184,52.31,5010.67,3898.07,4937.92,379,728
Philippine Airlines,TAG-MNL,2024,4,13442.254,24.02,3905.08,3898.07,3710.29,379,6211
Philippine Airlines,TUG-MNL,2024,4,3678.15,18.52,6981.98,6982.17,3710.29,135,6211
Philippine Airlines,TWT-CBO,2024,4,215.152,100.0,10000.0,10000.0,10000.0,13,36
Philippine Airlines,TWT-ZAM,2024,4,1324.134,100.0,10000.0,10000.0,10000.0,13,36
Philippine Airlines,USU-CEB,2024,4,3818.948,62.06,5290.89,5033.94,3036.28,241,2099
Philippine Airlines,USU-CRK,2024,4,860.608,100.0,10000.0,5033.94,8336.43,241,145
Philippine Airlines,USU-MNL,2024,4,1452.276,22.87,6472.07,5033.94,3710.29,241,6211
Philippine Airlines,ZAM-CEB,2024,4,1559.852,26.11,6141.46,5544.95,3036.28,290,2099
Philippine Airlines,ZAM-MNL,2024,4,10593.072,37.13,5331.27,5544.95,3710.29,290,6211
Philippine Airlines,ZAM-TWT,2024,4,1324.134,23.08,6449.37,5544.95,6102.53,290,44
Sunlight Air,CEB-CEB,2024,4,224.4,78.57,6632.49,3181.3,3036.28,2057,2099
Sunlight Air,CEB-CRK,2024,4,56.1,0.84,7761.15,3181.3,8336.43,2057,145
Sunlight Air,CEB-MNL,2024,4,112.2,0.09,3550.77,3181.3,3710.29,2057,6211
Sunlight Air,CEB-RXS,2024,4,112.2,100.0,10000.0,3181.3,3764.72,2057,83
Sunlight Air,CEB-SUG,2024,4,112.2,100.0,10000.0,3181.3,10000.0,2057,2
Sunlight Air,CRK-CEB,2024,4,168.3,3.84,6598.42,7348.26,3036.28,116,2099
Sunlight Air,CRK-TAC,2024,4,56.1,100.0,10000.0,7348.26,3425.11,116,366
Sunlight Air,CRK-USU,2024,4,224.4,18.59,6973.18,7348.26,5228.72,116,182
Sunlight Air,MNL-CEB,2024,4,280.5,0.24,3370.79,3809.3,3036.28,5464,2099
AirAsia,BCD-MNL,2024,5,11269.74,15.55,3841.8,3600.51,3741.44,572,6365
AirAsia,CEB-CEB,2024,5,154.38,18.79,5009.66,3238.29,3077.92,2055,2065
AirAsia,CEB-MNL,2024,5,23620.14,18.95,3669.18,3238.29,3741.44,2055,6365
AirAsia,CGY-MNL,2024,5,9417.18,13.47,3962.32,3557.1,3741.44,575,6365
AirAsia,ILO-MNL,2024,5,27174.2,29.21,3554.26,3472.21,3741.44,673,6365
AirAsia,KLO-MNL,2024,5,13739.82,74.17,6168.38,6168.06,3741.44,120,6365
AirAsia,MNL-BCD,2024,5,14202.96,21.69,3559.47,3833.99,3317.73,5635,534
AirAsia,MNL-CEB,2024,5,24237.66,21.51,3437.48,3833.99,3077.92,5635,2065
AirAsia,MNL-CGY,2024,5,9571.56,14.93,3922.13,3833.99,3473.17,5635,535
AirAsia,MNL-ILO,2024,5,19297.5,22.45,3776.66,3833.99,3690.67,5635,631
AirAsia,MNL-KLO,2024,5,13585.44,73.95,6147.21,3833.99,6110.76,5635,120
AirAsia,MNL-MPH,2024,5,14820.48,19.78,3606.02,3833.99,4059.09,5635,707
AirAsia,MNL-PPS,2024,5,14357.34,26.45,3588.15,3833.99,3980.08,5635,395
AirAsia,MNL-RXS,2024,5,2006.94,17.81,3695.62,3833.99,3496.46,5635,79
AirAsia,MNL-TAC,2024,5,9725.94,19.74,3622.8,3833.99,3458.23,5635,372
AirAsia,MNL-TAG,2024,5,9725.94,19.42,3893.75,3833.99,3912.82,5635,332
AirAsia,MPH-MNL,2024,5,35816.16,35.31,3299.73,3472.4,3741.44,879,6365
AirAsia,PPS-MNL,2024,5,9417.18,16.99,3770.2,4090.96,3741.44,395,6365
AirAsia,RXS-MNL,2024,5,2006.94,17.57,3706.97,3707.09,3741.44,74,6365
AirAsia,TAC-MNL,2024,5,21995.0,35.87,3513.19,3265.86,3741.44,458,6365
AirAsia,TAG-MNL,2024,5,14202.96,23.49,3884.51,3887.33,3741.44,395,6365
Cebgo,BCD-CEB,2024,5,3670.272,51.88,4297.5,3600.51,3077.92,572,2065
Cebgo,BXU-CEB,2024,5,3110.4,61.6,5269.12,4379.72,3077.92,258,2065
Cebgo,CEB-BCD,2024,5,3670.272,51.03,4286.39,3238.29,3317.73,2055,534
Cebgo,CEB-BXU,2024,5,2177.28,53.66,5026.79,3238.29,4623.43,2055,243
Cebgo,CEB-CEB,2024,5,124.416,14.55,5009.66,3238.29,3077.92,2055,2065
Cebgo,CEB-CGM,2024,5,1430.784,100.0,10000.0,3238.29,10000.0,2055,23
Cebgo,CEB-CGY,2024,5,3794.688,49.46,5000.58,3238.29,3473.17,2055,535
Cebgo,CEB-CRK,2024,5,808.704,13.94,7110.3,3238.29,7879.84,2055,131
Cebgo,CEB-CYP,2024,5,1119.744,100.0,10000.0,3238.29,5319.41,2055,31
Cebgo,CEB-DGT,2024,5,2052.864,100.0,10000.0,3238.29,4706.92,2055,200
Cebgo,CEB-DRP,2024,5,622.08,100.0,10000.0,3238.29,4781.72,2055,178
Cebgo,CEB-DVO,2024,5,62.208,0.3,6074.63,3238.29,4908.3,2055,743
Cebgo,CEB-IAO,2024,5,3794.688,47.64,5011.14,3238.29,5546.89,2055,236
Cebgo,CEB-ILO,2024,5,1555.2,30.61,5751.94,3238.29,3690.67,2055,631
Cebgo,CEB-OZC,2024,5,1119.744,57.65,5117.04,3238.29,4336.88,2055,107
Cebgo,CEB-PAG,2024,5,933.12,100.0,10000.0,3238.29,7342.61,2055,46
Cebgo,CEB-SUG,2024,5,186.624,62.07,5291.37,3238.29,5291.32,2055,5
Cebgo,CEB-TAC,2024,5,1430.784,44.0,5072.0,3238.29,3458.23,2055,372
Cebgo,CEB-USU,2024,5,1928.448,33.21,5563.81,3238.29,5313.11,2055,177
Cebgo,CGM-CEB,2024,5,1555.2,100.0,10000.0,10000.0,3077.92,25,2065
Cebgo,CGY-CEB,2024,5,3794.688,49.46,5000.58,3557.1,3077.92,575,2065
Cebgo,CGY-DVO,2024,5,933.12,100.0,10000.0,3557.1,4908.3,575,743
Cebgo,CRK-CEB,2024,5,808.704,21.52,6389.8,7459.93,3077.92,98,2065
Cebgo,CYP-CEB,2024,5,1057.536,100.0,10000.0,5359.39,3077.92,29,2065
Cebgo,CYP-CYP,2024,5,62.208,100.0,10000.0,5359.39,5319.41,29,31
Cebgo,DGT-CEB,2024,5,2052.864,100.0,10000.0,4430.91,3077.92,181,2065
Cebgo,DPL-CEB,2024,5,62.208,100.0,10000.0,5117.66,3077.92,77,2065
Cebgo,DRP-CEB,2024,5,622.08,100.0,10000.0,4782.26,3077.92,175,2065
Cebgo,DVO-CGY,2024,5,933.12,100.0,10000.0,4897.97,3473.17,816,535
Cebgo,DVO-IAO,2024,5,808.704,100.0,10000.0,4897.97,5546.89,816,236
Cebgo,IAO-CEB,2024,5,4478.976,51.78,5006.34,5142.19,3077.92,214,2065
Cebgo,IAO-DVO,2024,5,808.704,100.0,10000.0,5142.19,4908.3,214,743
Cebgo,IAO-IAO,2024,5,62.208,100.0,10000.0,5142.19,5546.89,214,236
Cebgo,ILO-CEB,2024,5,1492.992,28.83,5474.3,3472.21,3077.92,673,2065
Cebgo,MNL-CEB,2024,5,1617.408,1.38,3437.48,3833.99,3077.92,5635,2065
Cebgo,MNL-IAO,2024,5,62.208,1.18,9766.78,3833.99,5546.89,5635,236
Cebgo,MNL-MNL,2024,5,124.416,41.38,5148.61,3833.99,3741.44,5635,6365
Cebgo,MNL-MPH,2024,5,1866.24,2.39,3606.02,3833.99,4059.09,5635,707
Cebgo,MNL-USU,2024,5,2052.864,52.99,5017.88,3833.99,5313.11,5635,177
Cebgo,MNL-WNP,2024,5,3048.192,100.0,10000.0,3833.99,10000.0,5635,49
Cebgo,MPH-MNL,2024,5,1804.032,1.71,3299.73,3472.4,3741.44,879,6365
Cebgo,OZC-CEB,2024,5,1679.616,70.43,5834.77,4162.62,3077.92,118,2065
Cebgo,PAG-CEB,2024,5,995.328,100.0,10000.0,7224.15,3077.92,47,2065
Cebgo,SUG-CEB,2024,5,186.624,100.0,10000.0,10000.0,3077.92,3,2065
Cebgo,TAC-CEB,2024,5,1928.448,51.43,5004.09,3265.86,3077.92,458,2065
Cebgo,USU-CEB,2024,5,2674.944,41.57,5142.13,5055.4,3077.92,247,2065
Cebgo,USU-MNL,2024,5,5598.72,74.86,6236.04,5055.4,3741.44,247,6365
Cebgo,WNP-MNL,2024,5,2985.984,100.0,10000.0,10000.0,3741.44,48,6365
Cebu Pacific,BCD-CEB,2024,5,642.816,9.09,4297.5,3600.51,3077.92,572,2065
Cebu Pacific,BCD-DVO,2024,5,2892.672,100.0,10000.0,3600.51,4908.3,572,743
Cebu Pacific,BCD-MNL,2024,5,34995.456,46.4,3841.8,3600.51,3741.44,572,6365
Cebu Pacific,BXU-MNL,2024,5,18273.6,64.71,5432.77,4379.72,3741.44,258,6365
Cebu Pacific,CEB-BCD,2024,5,642.816,8.94,4286.39,3238.29,3317.73,2055,534
Cebu Pacific,CEB-CRK,2024,5,4821.12,83.11,7110.3,3238.29,7879.84,2055,131
Cebu Pacific,CEB-DPL,2024,5,160.704,100.0,10000.0,3238.29,5189.75,2055,77
Cebu Pacific,CEB-DVO,2024,5,15211.584,73.35,6074.63,3238.29,4908.3,2055,743
Cebu Pacific,CEB-GES,2024,5,1683.072,50.57,5000.65,3238.29,5403.77,2055,214
Cebu Pacific,CEB-MNL,2024,5,57782.592,44.53,3669.18,3238.29,3741.44,2055,6365
Cebu Pacific,CEB-MPH,2024,5,8999.424,71.52,5926.22,3238.29,4059.09,2055,707
Cebu Pacific,CEB-PPS,2024,5,7269.696,100.0,10000.0,3238.29,3980.08,2055,395
Cebu Pacific,CGY-MNL,2024,5,34598.016,47.53,3962.32,3557.1,3741.44,575,6365
Cebu Pacific,CRK-CEB,2024,5,2892.672,76.97,6389.8,7459.93,3077.92,98,2065
Cebu Pacific,CRK-MNL,2024,5,160.704,100.0,10000.0,7459.93,3741.44,98,6365
Cebu Pacific,CRK-MPH,2024,5,7874.496,100.0,10000.0,7459.93,4059.09,98,707
Cebu Pacific,CYZ-MNL,2024,5,4981.824,100.0,10000.0,10000.0,3741.44,31,6365
Cebu Pacific,DGT-MNL,2024,5,13981.248,58.78,5154.18,4430.91,3741.44,181,6365
Cebu Pacific,DPL-MNL,2024,5,7231.68,59.21,5169.65,5117.66,3741.44,77,6365
Cebu Pacific,DRP-MNL,2024,5,13599.36,51.6,5005.12,4782.26,3741.44,175,6365
Cebu Pacific,DVO-BCD,2024,5,2731.968,100.0,10000.0,4897.97,3317.73,816,534
Cebu Pacific,DVO-CEB,2024,5,15410.304,74.03,6154.88,4897.97,3077.92,816,2065
Cebu Pacific,DVO-MNL,2024,5,52752.384,48.33,5005.58,4897.97,3741.44,816,6365
Cebu Pacific,DVO-TAG,2024,5,1124.928,54.48,5040.14,4897.97,3912.82,816,332
Cebu Pacific,GES-CEB,2024,5,1683.072,51.48,5004.38,5443.85,3077.92,212,2065
Cebu Pacific,GES-ILO,2024,5,1683.072,100.0,10000.0,5443.85,3690.67,212,631
Cebu Pacific,GES-MNL,2024,5,23197.536,64.47,5418.76,5443.85,3741.44,212,6365
Cebu Pacific,ILO-CEB,2024,5,160.704,3.1,5474.3,3472.21,3077.92,673,2065
Cebu Pacific,ILO-GES,2024,5,1683.072,100.0,10000.0,3472.21,5403.77,673,214
Cebu Pacific,ILO-MNL,2024,5,43853.184,45.28,3554.26,3472.21,3741.44,673,6365
Cebu Pacific,ILO-PPS,2024,5,2249.856,100.0,10000.0,3472.21,3980.08,673,395
Cebu Pacific,KLO-MNL,2024,5,4981.824,25.83,6168.38,6168.06,3741.44,120,6365
Cebu Pacific,LAO-MNL,2024,5,4178.304,32.9,5584.82,5584.96,3741.44,83,6365
Cebu Pacific,MNL-BCD,2024,5,28987.2,42.53,3559.47,3833.99,3317.73,5635,534
Cebu Pacific,MNL-BXU,2024,5,18595.008,65.48,5479.26,3833.99,4623.43,5635,243
Cebu Pacific,MNL-CEB,2024,5,50218.272,42.82,3437.48,3833.99,3077.92,5635,2065
Cebu Pacific,MNL-CGY,2024,5,32631.552,48.89,3922.13,3833.99,3473.17,5635,535
Cebu Pacific,MNL-CYZ,2024,5,4981.824,100.0,10000.0,3833.99,10000.0,5635,31
Cebu Pacific,MNL-DGT,2024,5,17195.328,64.07,5395.93,3833.99,4706.92,5635,200
Cebu Pacific,MNL-DPL,2024,5,7231.68,59.21,5169.65,3833.99,5189.75,5635,77
Cebu Pacific,MNL-DRP,2024,5,13599.36,51.06,5002.25,3833.99,4781.72,5635,178
Cebu Pacific,MNL-DVO,2024,5,46942.848,49.89,5000.02,3833.99,4908.3,5635,743
Cebu Pacific,MNL-GES,2024,5,23197.536,63.8,5380.88,3833.99,5403.77,5635,214
Cebu Pacific,MNL-ILO,2024,5,45016.128,50.3,3776.66,3833.99,3690.67,5635,631
Cebu Pacific,MNL-KLO,2024,5,4981.824,26.05,6147.21,3833.99,6110.76,5635,120
Cebu Pacific,MNL-LAO,2024,5,4178.304,32.9,5584.82,3833.99,5584.96,5635,83
Cebu Pacific,MNL-MPH,2024,5,37765.44,48.41,3606.02,3833.99,4059.09,5635,707
Cebu Pacific,MNL-OZC,2024,5,7070.976,58.67,5150.34,3833.99,4336.88,5635,107
Cebu Pacific,MNL-PAG,2024,5,4981.824,100.0,10000.0,3833.99,7342.61,5635,46
Cebu Pacific,MNL-PPS,2024,5,26196.48,46.36,3588.15,3833.99,3980.08,5635,395
Cebu Pacific,MNL-RXS,2024,5,4821.12,41.1,3695.62,3833.99,3496.46,5635,79
Cebu Pacific,MNL-TAC,2024,5,21855.744,42.61,3622.8,3833.99,3458.23,5635,372
Cebu Pacific,MNL-TAG,2024,5,27058.752,51.91,3893.75,3833.99,3912.82,5635,332
Cebu Pacific,MNL-TUG,2024,5,9963.648,71.26,5903.98,3833.99,5904.35,5635,87
Cebu Pacific,MNL-VRC,2024,5,4660.416,100.0,10000.0,3833.99,10000.0,5635,29
Cebu Pacific,MPH-CEB,2024,5,9320.832,72.23,5988.35,3472.4,3077.92,879,2065
Cebu Pacific,MPH-CRK,2024,5,8035.2,100.0,10000.0,3472.4,7879.84,879,131
Cebu Pacific,MPH-MNL,2024,5,39372.48,37.29,3299.73,3472.4,3741.44,879,6365
Cebu Pacific,MPH-MPH,2024,5,160.704,100.0,10000.0,3472.4,4059.09,879,707
Cebu Pacific,NRT-CRK,2024,5,2731.968,100.0,10000.0,10000.0,7879.84,17,131
Cebu Pacific,OZC-MNL,2024,5,7713.792,60.76,5231.56,4162.62,3741.44,118,6365
Cebu Pacific,PAG-MNL,2024,5,4981.824,100.0,10000.0,7224.15,3741.44,47,6365
Cebu Pacific,PPS-CEB,2024,5,7269.696,100.0,10000.0,4090.96,3077.92,395,2065
Cebu Pacific,PPS-ILO,2024,5,2249.856,100.0,10000.0,4090.96,3690.67,395,631
Cebu Pacific,PPS-MNL,2024,5,26395.2,45.76,3770.2,4090.96,3741.44,395,6365
Cebu Pacific,RXS-MNL,2024,5,4821.12,40.54,3706.97,3707.09,3741.44,74,6365
Cebu Pacific,TAC-MNL,2024,5,26355.456,41.29,3513.19,3265.86,3741.44,458,6365
Cebu Pacific,TAG-DVO,2024,5,1124.928,52.97,5017.64,3887.33,4908.3,395,743
Cebu Pacific,TAG-MNL,2024,5,33037.632,52.5,3884.51,3887.33,3741.44,395,6365
Cebu Pacific,TUG-MNL,2024,5,18320.256,81.43,6975.69,6975.51,3741.44,140,6365
Cebu Pacific,ZAM-CEB,2024,5,2731.968,64.14,5399.88,5382.94,3077.92,261,2065
Cebu Pacific,ZAM-MNL,2024,5,19643.904,64.94,5446.41,5382.94,3741.44,261,6365
Cebu Pacific,ZAM-TWT,2024,5,2731.968,56.67,5088.98,5382.94,5005.33,261,38
Philippine Airlines,BCD-CEB,2024,5,2528.036,39.03,4297.5,3600.51,3077.92,572,2065
Philippine Airlines,BCD-MNL,2024,5,26269.11,38.04,3841.8,3600.51,3741.44,572,6365
Philippine Airlines,BPA-CEB,2024,5,376.516,100.0,10000.0,10000.0,3077.92,7,2065
Philippine Airlines,BXU-CEB,2024,5,1775.004,38.4,5269.12,4379.72,3077.92,258,2065
Philippine Airlines,BXU-MNL,2024,5,9121.812,35.29,5432.77,4379.72,3741.44,258,6365
Philippine Airlines,CBO-CEB,2024,5,484.092,100.0,10000.0,10000.0,3077.92,48,2065
Philippine Airlines,CBO-MNL,2024,5,4560.906,100.0,10000.0,10000.0,3741.44,48,6365
Philippine Airlines,CBO-TWT,2024,5,430.304,100.0,10000.0,10000.0,5005.33,48,38
Philippine Airlines,CEB-BCD,2024,5,2635.612,40.03,4286.39,3238.29,3317.73,2055,534
Philippine Airlines,CEB-BPA,2024,5,376.516,100.0,10000.0,3238.29,10000.0,2055,7
Philippine Airlines,CEB-BXU,2024,5,1721.216,46.34,5026.79,3238.29,4623.43,2055,243
Philippine Airlines,CEB-CBO,2024,5,484.092,100.0,10000.0,3238.29,10000.0,2055,46
Philippine Airlines,CEB-CGY,2024,5,3550.008,50.54,5000.58,3238.29,3473.17,2055,535
Philippine Airlines,CEB-DVO,2024,5,5002.284,26.35,6074.63,3238.29,4908.3,2055,743
Philippine Airlines,CEB-GES,2024,5,1506.064,49.43,5000.65,3238.29,5403.77,2055,214
Philippine Airlines,CEB-IAO,2024,5,3818.948,52.36,5011.14,3238.29,5546.89,2055,236
Philippine Airlines,CEB-ILO,2024,5,3227.28,69.39,5751.94,3238.29,3690.67,2055,631
Philippine Airlines,CEB-MNL,2024,5,43275.61,36.43,3669.18,3238.29,3741.44,2055,6365
Philippine Airlines,CEB-MPH,2024,5,3281.068,28.48,5926.22,3238.29,4059.09,2055,707
Philippine Airlines,CEB-OZC,2024,5,753.032,42.35,5117.04,3238.29,4336.88,2055,107
Philippine Airlines,CEB-TAC,2024,5,1667.428,56.0,5072.0,3238.29,3458.23,2055,372
Philippine Airlines,CEB-USU,2024,5,3550.008,66.79,5563.81,3238.29,5313.11,2055,177
Philippine Airlines,CGY-CEB,2024,5,3550.008,50.54,5000.58,3557.1,3077.92,575,2065
Philippine Airlines,CGY-MNL,2024,5,25997.006,39.01,3962.32,3557.1,3741.44,575,6365
Philippine Airlines,CRK-USU,2024,5,860.608,100.0,10000.0,7459.93,5313.11,98,177
Philippine Airlines,CRM-MNL,2024,5,914.396,100.0,10000.0,10000.0,3741.44,17,6365
Philippine Airlines,CYP-MNL,2024,5,591.668,100.0,10000.0,5359.39,3741.44,29,6365
Philippine Airlines,DGT-MNL,2024,5,8974.686,41.22,5154.18,4430.91,3741.44,181,6365
Philippine Airlines,DPL-MNL,2024,5,4560.906,40.79,5169.65,5117.66,3741.44,77,6365
Philippine Airlines,DRP-MNL,2024,5,11679.906,48.4,5005.12,4782.26,3741.44,175,6365
Philippine Airlines,DVO-CEB,2024,5,4948.496,25.97,6154.88,4897.97,3077.92,816,2065
Philippine Airlines,DVO-MNL,2024,5,51625.406,51.67,5005.58,4897.97,3741.44,816,6365
Philippine Airlines,DVO-TAG,2024,5,860.608,45.52,5040.14,4897.97,3912.82,816,332
Philippine Airlines,EUQ-MNL,2024,5,591.668,100.0,10000.0,10000.0,3741.44,11,6365
Philippine Airlines,GES-CEB,2024,5,1452.276,48.52,5004.38,5443.85,3077.92,212,2065
Philippine Airlines,GES-MNL,2024,5,11702.054,35.53,5418.76,5443.85,3741.44,212,6365
Philippine Airlines,IAO-CEB,2024,5,3818.948,48.22,5006.34,5142.19,3077.92,214,2065
Philippine Airlines,IAO-MNL,2024,5,3065.916,100.0,10000.0,5142.19,3741.44,214,6365
Philippine Airlines,ILO-CEB,2024,5,3227.28,68.07,5474.3,3472.21,3077.92,673,2065
Philippine Airlines,ILO-MNL,2024,5,22617.854,25.51,3554.26,3472.21,3741.44,673,6365
Philippine Airlines,LAO-MNL,2024,5,7802.424,67.1,5584.82,5584.96,3741.44,83,6365
Philippine Airlines,MNL-BCD,2024,5,22331.512,35.78,3559.47,3833.99,3317.73,5635,534
Philippine Airlines,MNL-BSO,2024,5,1667.428,100.0,10000.0,3833.99,10000.0,5635,31
Philippine Airlines,MNL-BXU,2024,5,8974.686,34.52,5479.26,3833.99,4623.43,5635,243
Philippine Airlines,MNL-CBO,2024,5,4413.78,100.0,10000.0,3833.99,10000.0,5635,46
Philippine Airlines,MNL-CEB,2024,5,36238.874,33.75,3437.48,3833.99,3077.92,5635,2065
Philippine Airlines,MNL-CGY,2024,5,22103.704,36.18,3922.13,3833.99,3473.17,5635,535
Philippine Airlines,MNL-CRM,2024,5,968.184,100.0,10000.0,3833.99,10000.0,5635,18
Philippine Airlines,MNL-CYP,2024,5,645.456,100.0,10000.0,3833.99,5319.41,5635,31
Philippine Airlines,MNL-DGT,2024,5,8827.56,35.93,5395.93,3833.99,4706.92,5635,200
Philippine Airlines,MNL-DPL,2024,5,4560.906,40.79,5169.65,3833.99,5189.75,5635,77
Philippine Airlines,MNL-DRP,2024,5,11934.608,48.94,5002.25,3833.99,4781.72,5635,178
Philippine Airlines,MNL-DVO,2024,5,43163.288,50.11,5000.02,3833.99,4908.3,5635,743
Philippine Airlines,MNL-EUQ,2024,5,591.668,100.0,10000.0,3833.99,10000.0,5635,11
Philippine Airlines,MNL-GES,2024,5,12050.094,36.2,5380.88,3833.99,5403.77,5635,214
Philippine Airlines,MNL-IAO,2024,5,4787.132,98.82,9766.78,3833.99,5546.89,5635,236
Philippine Airlines,MNL-ILO,2024,5,22323.602,27.25,3776.66,3833.99,3690.67,5635,631
Philippine Airlines,MNL-LAO,2024,5,7802.424,67.1,5584.82,3833.99,5584.96,5635,83
Philippine Airlines,MNL-MNL,2024,5,161.364,58.62,5148.61,3833.99,3741.44,5635,6365
Philippine Airlines,MNL-MPH,2024,5,21015.288,29.42,3606.02,3833.99,4059.09,5635,707
Philippine Airlines,MNL-OZC,2024,5,4560.906,41.33,5150.34,3833.99,4336.88,5635,107
Philippine Airlines,MNL-PPS,2024,5,14065.562,27.19,3588.15,3833.99,3980.08,5635,395
Philippine Airlines,MNL-RXS,2024,5,4413.78,41.1,3695.62,3833.99,3496.46,5635,79
Philippine Airlines,MNL-TAC,2024,5,17682.014,37.65,3622.8,3833.99,3458.23,5635,372
Philippine Airlines,MNL-TAG,2024,5,13682.718,28.67,3893.75,3833.99,3912.82,5635,332
Philippine Airlines,MNL-TUG,2024,5,3678.15,28.74,5903.98,3833.99,5904.35,5635,87
Philippine Airlines,MNL-USU,2024,5,1667.428,47.01,5017.88,3833.99,5313.11,5635,177
Philippine Airlines,MNL-ZAM,2024,5,3678.15,100.0,10000.0,3833.99,10000.0,5635,38
Philippine Airlines,MPH-CEB,2024,5,3281.068,27.77,5988.35,3472.4,3077.92,879,2065
Philippine Airlines,MPH-MNL,2024,5,24826.326,25.68,3299.73,3472.4,3741.44,879,6365
Philippine Airlines,OZC-CEB,2024,5,645.456,29.57,5834.77,4162.62,3077.92,118,2065
Philippine Airlines,OZC-MNL,2024,5,4560.906,39.24,5231.56,4162.62,3741.44,118,6365
Philippine Airlines,PPS-MNL,2024,5,19670.588,37.25,3770.2,4090.96,3741.44,395,6365
Philippine Airlines,RXS-MNL,2024,5,4560.906,41.89,3706.97,3707.09,3741.44,74,6365
Philippine Airlines,TAC-CEB,2024,5,1667.428,48.57,5004.09,3265.86,3077.92,458,2065
Philippine Airlines,TAC-MNL,2024,5,13345.752,22.84,3513.19,3265.86,3741.44,458,6365
Philippine Airlines,TAG-DVO,2024,5,914.396,47.03,5017.64,3887.33,4908.3,395,743
Philippine Airlines,TAG-MNL,2024,5,13829.844,24.01,3884.51,3887.33,3741.44,395,6365
Philippine Airlines,TUG-MNL,2024,5,3825.276,18.57,6975.69,6975.51,3741.44,140,6365
Philippine Airlines,TWT-CBO,2024,5,376.516,100.0,10000.0,10000.0,10000.0,20,46
Philippine Airlines,TWT-ZAM,2024,5,1912.638,100.0,10000.0,10000.0,10000.0,20,38
Philippine Airlines,USU-CEB,2024,5,3442.432,58.43,5142.13,5055.4,3077.92,247,2065
Philippine Airlines,USU-CRK,2024,5,968.184,100.0,10000.0,5055.4,7879.84,247,131
Philippine Airlines,USU-MNL,2024,5,1721.216,25.14,6236.04,5055.4,3741.44,247,6365
Philippine Airlines,ZAM-CEB,2024,5,1398.488,35.86,5399.88,5382.94,3077.92,261,2065
Philippine Airlines,ZAM-MNL,2024,5,9710.316,35.06,5446.41,5382.94,3741.44,261,6365
Philippine Airlines,ZAM-TWT,2024,5,1912.638,43.33,5088.98,5382.94,5005.33,261,38
Sunlight Air,CEB-CEB,2024,5,561.0,66.67,5009.66,3238.29,3077.92,2055,2065
Sunlight Air,CEB-CRK,2024,5,168.3,2.95,7110.3,3238.29,7879.84,2055,131
Sunlight Air,CEB-KLO,2024,5,56.1,100.0,10000.0,3238.29,6110.76,2055,120
Sunlight Air,CEB-MNL,2024,5,112.2,0.09,3669.18,3238.29,3741.44,2055,6365
Sunlight Air,CEB-Not available,2024,5,112.2,100.0,10000.0,3238.29,10000.0,2055,4
Sunlight Air,CEB-RXS,2024,5,336.6,100.0,10000.0,3238.29,3496.46,2055,79
Sunlight Air,CEB-SFS,2024,5,56.1,100.0,10000.0,3238.29,10000.0,2055,2
Sunlight Air,CEB-SUG,2024,5,112.2,37.93,5291.37,3238.29,5291.32,2055,5
Sunlight Air,CRK-CEB,2024,5,56.1,1.52,6389.8,7459.93,3077.92,98,2065
Sunlight Air,MNL-CEB,2024,5,617.1,0.53,3437.48,3833.99,3077.92,5635,2065
Sunlight Air,Not available-CEB,2024,5,168.3,100.0,10000.0,10000.0,3077.92,6,2065
Sunlight Air,Not available-Not available,2024,5,112.2,100.0,10000.0,10000.0,10000.0,6,4
Sunlight Air,Not available-SFS,2024,5,56.1,100.0,10000.0,10000.0,10000.0,6,2
AirAsia,BCD-MNL,2024,6,11887.26,16.85,3760.17,3607.74,3744.02,540,6238
AirAsia,CEB-MNL,2024,6,25318.32,19.18,3678.77,3392.55,3744.02,2181,6238
AirAsia,CGY-MNL,2024,6,9262.8,14.92,3862.9,3594.85,3744.02,546,6238
AirAsia,ILO-MNL,2024,6,25939.16,31.76,3420.77,3553.95,3744.02,670,6238
AirAsia,KLO-KLO,2024,6,154.38,100.0,10000.0,6270.75,6270.75,121,121
AirAsia,KLO-MNL,2024,6,13894.2,75.0,6250.0,6270.75,3744.02,121,6238
AirAsia,MNL-BCD,2024,6,11887.26,19.64,3626.31,3866.39,3444.92,5505,481
AirAsia,MNL-CEB,2024,6,27170.88,23.03,3503.94,3866.39,3209.93,5505,2166
AirAsia,MNL-CGY,2024,6,9262.8,15.6,3862.07,3866.39,3574.13,5505,519
AirAsia,MNL-ILO,2024,6,18216.84,24.16,3600.01,3866.39,3804.7,5505,623
AirAsia,MNL-KLO,2024,6,13894.2,75.0,6250.0,3866.39,6270.75,5505,121
AirAsia,MNL-MPH,2024,6,14511.72,21.16,3431.93,3866.39,3976.35,5505,680
AirAsia,MNL-PPS,2024,6,13894.2,24.31,3880.91,3866.39,4323.23,5505,408
AirAsia,MNL-RXS,2024,6,2006.94,12.87,4345.93,3866.39,4199.89,5505,106
AirAsia,MNL-TAC,2024,6,9262.8,18.61,3695.05,3866.39,3507.08,5505,373
AirAsia,MNL-TAG,2024,6,8490.9,20.44,3721.43,3866.39,3941.58,5505,303
AirAsia,MPH-MNL,2024,6,34735.5,36.6,3256.48,3435.27,3744.02,854,6238
AirAsia,PPS-MNL,2024,6,8954.04,15.34,3991.21,4370.36,3744.02,408,6238
AirAsia,RXS-MNL,2024,6,2006.94,12.75,4372.98,4373.32,3744.02,102,6238
AirAsia,TAC-MNL,2024,6,22921.28,38.82,3493.7,3238.42,3744.02,442,6238
AirAsia,TAG-MNL,2024,6,13276.68,25.49,3692.18,3868.76,3744.02,366,6238
Cebgo,BCD-CEB,2024,6,2583.0,47.49,5012.6,3607.74,3209.93,540,2166
Cebgo,BXU-CEB,2024,6,3654.0,63.7,5375.38,4254.43,3209.93,262,2166
Cebgo,CEB-BCD,2024,6,2709.0,48.68,5003.48,3392.55,3444.92,2181,481
Cebgo,CEB-BXU,2024,6,2205.0,50.04,5000.0,3392.55,4538.29,2181,239
Cebgo,CEB-CEB,2024,6,63.0,7.71,6313.39,3392.55,3209.93,2181,2166
Cebgo,CEB-CGM,2024,6,1575.0,100.0,10000.0,3392.55,10000.0,2181,25
Cebgo,CEB-CGY,2024,6,2835.0,32.69,3777.08,3392.55,3574.13,2181,519
Cebgo,CEB-CYP,2024,6,1008.0,100.0,10000.0,3392.55,5086.63,2181,29
Cebgo,CEB-DGT,2024,6,1260.0,100.0,10000.0,3392.55,5183.13,2181,194
Cebgo,CEB-DRP,2024,6,630.0,100.0,10000.0,3392.55,4793.22,2181,178
Cebgo,CEB-DVO,2024,6,63.0,0.25,6493.2,3392.55,5027.74,2181,863
Cebgo,CEB-IAO,2024,6,5607.0,55.68,5064.52,3392.55,5203.53,2181,262
Cebgo,CEB-ILO,2024,6,1197.0,10.87,4359.59,3392.55,3804.7,2181,623
Cebgo,CEB-OZC,2024,6,1260.0,61.96,5286.08,3392.55,4332.57,2181,105
Cebgo,CEB-PAG,2024,6,1890.0,100.0,10000.0,3392.55,7282.69,2181,90
Cebgo,CEB-SUG,2024,6,882.0,93.85,8845.64,3392.55,8846.48,2181,15
Cebgo,CEB-TAC,2024,6,1512.0,47.58,5011.71,3392.55,3507.08,2181,373
Cebgo,CEB-USU,2024,6,1827.0,30.49,5761.28,3392.55,5392.67,2181,173
Cebgo,CGM-CEB,2024,6,1512.0,100.0,10000.0,10000.0,3209.93,24,2166
Cebgo,CGY-CEB,2024,6,2772.0,32.2,3784.66,3594.85,3209.93,546,2166
Cebgo,CGY-DVO,2024,6,1134.0,100.0,10000.0,3594.85,5027.74,546,863
Cebgo,CYP-CEB,2024,6,1008.0,100.0,10000.0,5331.9,3209.93,26,2166
Cebgo,DGT-CEB,2024,6,1260.0,100.0,10000.0,4921.76,3209.93,176,2166
Cebgo,DRP-CEB,2024,6,630.0,100.0,10000.0,4792.65,3209.93,174,2166
Cebgo,DVO-CGY,2024,6,1134.0,100.0,10000.0,4995.21,3574.13,914,519
Cebgo,DVO-IAO,2024,6,756.0,100.0,10000.0,4995.21,5203.53,914,262
Cebgo,IAO-CEB,2024,6,6048.0,58.88,5157.71,4893.92,3209.93,237,2166
Cebgo,IAO-DVO,2024,6,756.0,100.0,10000.0,4893.92,5027.74,237,863
Cebgo,ILO-CEB,2024,6,1323.0,10.6,4595.88,3553.95,3209.93,670,2166
Cebgo,MNL-MBT,2024,6,63.0,100.0,10000.0,3866.39,10000.0,5505,1
Cebgo,MNL-MPH,2024,6,1953.0,2.7,3431.93,3866.39,3976.35,5505,680
Cebgo,MNL-USU,2024,6,1953.0,54.87,5047.43,3866.39,5392.67,5505,173
Cebgo,MNL-WNP,2024,6,3024.0,100.0,10000.0,3866.39,10000.0,5505,48
Cebgo,MPH-MNL,2024,6,1890.0,1.89,3256.48,3435.27,3744.02,854,6238
Cebgo,OZC-CEB,2024,6,1449.0,63.5,5364.5,4309.05,3209.93,112,2166
Cebgo,PAG-CEB,2024,6,1890.0,100.0,10000.0,7282.69,3209.93,90,2166
Cebgo,SUG-CEB,2024,6,882.0,100.0,10000.0,10000.0,3209.93,14,2166
Cebgo,TAC-CEB,2024,6,2016.0,53.88,5030.11,3238.42,3209.93,442,2166
Cebgo,USU-CEB,2024,6,2961.0,42.62,5108.93,5082.18,3209.93,240,2166
Cebgo,USU-MNL,2024,6,5355.0,78.26,6597.26,5082.18,3744.02,240,6238
Cebgo,WNP-MNL,2024,6,3087.0,100.0,10000.0,10000.0,3744.02,49,6238
Cebu Pacific,BCD-DVO,2024,6,3580.5,100.0,10000.0,3607.74,5027.74,540,863
Cebu Pacific,BCD-MNL,2024,6,33230.75,44.68,3760.17,3607.74,3744.02,540,6238
Cebu Pacific,BXU-MNL,2024,6,17970.75,64.79,5437.49,4254.43,3744.02,262,6238
Cebu Pacific,CEB-CGY,2024,6,1627.5,18.77,3777.08,3392.55,3574.13,2181,519
Cebu Pacific,CEB-CRK,2024,6,7486.5,92.84,8670.53,3392.55,8470.66,2181,157
Cebu Pacific,CEB-DVO,2024,6,19204.5,77.43,6493.2,3392.55,5027.74,2181,863
Cebu Pacific,CEB-GES,2024,6,3580.5,66.73,5559.79,3392.55,5393.58,2181,230
Cebu Pacific,CEB-ILO,2024,6,6184.5,56.17,4359.59,3392.55,3804.7,2181,623
Cebu Pacific,CEB-MNL,2024,6,63455.0,45.61,3678.77,3392.55,3744.02,2181,6238
Cebu Pacific,CEB-MPH,2024,6,10416.0,73.85,6137.64,3392.55,3976.35,2181,680
Cebu Pacific,CEB-PPS,2024,6,7400.75,100.0,10000.0,3392.55,4323.23,2181,408
Cebu Pacific,CGY-CEB,2024,6,1627.5,18.91,3784.66,3594.85,3209.93,546,2166
Cebu Pacific,CGY-ILO,2024,6,2604.0,100.0,10000.0,3594.85,3804.7,546,623
Cebu Pacific,CGY-MNL,2024,6,29961.75,45.78,3862.9,3594.85,3744.02,546,6238
Cebu Pacific,CRK-CEB,2024,6,5045.25,97.76,9562.04,8674.48,3209.93,110,2166
Cebu Pacific,CRK-MNL,2024,6,162.75,100.0,10000.0,8674.48,3744.02,110,6238
Cebu Pacific,CRK-MPH,2024,6,9602.25,100.0,10000.0,8674.48,3976.35,110,680
Cebu Pacific,CYZ-MNL,2024,6,4394.25,100.0,10000.0,10000.0,3744.02,27,6238
Cebu Pacific,DGT-MNL,2024,6,16275.0,64.1,5397.62,4921.76,3744.02,176,6238
Cebu Pacific,DPL-MNL,2024,6,6835.5,59.15,5167.44,5167.63,3744.02,71,6238
Cebu Pacific,DRP-MNL,2024,6,14110.25,52.81,5015.79,4792.65,3744.02,174,6238
Cebu Pacific,DVO-BCD,2024,6,3255.0,100.0,10000.0,4995.21,3444.92,914,481
Cebu Pacific,DVO-CEB,2024,6,19204.5,78.01,6569.12,4995.21,3209.93,914,2166
Cebu Pacific,DVO-MNL,2024,6,61060.125,51.04,5002.16,4995.21,3744.02,914,6238
Cebu Pacific,DVO-TAG,2024,6,4882.5,84.55,7387.4,4995.21,3941.58,914,303
Cebu Pacific,GES-CEB,2024,6,3580.5,67.48,5611.1,5415.23,3209.93,231,2166
Cebu Pacific,GES-ILO,2024,6,2604.0,100.0,10000.0,5415.23,3804.7,231,623
Cebu Pacific,GES-MNL,2024,6,22413.125,61.42,5260.83,5415.23,3744.02,231,6238
Cebu Pacific,ILO-CEB,2024,6,7525.0,60.31,4595.88,3553.95,3209.93,670,2166
Cebu Pacific,ILO-CGY,2024,6,2604.0,100.0,10000.0,3553.95,3574.13,670,519
Cebu Pacific,ILO-GES,2024,6,2604.0,100.0,10000.0,3553.95,5393.58,670,230
Cebu Pacific,ILO-MNL,2024,6,34938.75,40.59,3420.77,3553.95,3744.02,670,6238
Cebu Pacific,ILO-PPS,2024,6,2278.5,100.0,10000.0,3553.95,4323.23,670,408
Cebu Pacific,KLO-MNL,2024,6,4882.5,25.0,6250.0,6270.75,3744.02,121,6238
Cebu Pacific,LAO-MNL,2024,6,4719.75,33.97,5513.92,5513.82,3744.02,86,6238
Cebu Pacific,MNL-BCD,2024,6,27184.5,42.6,3626.31,3866.39,3444.92,5505,481
Cebu Pacific,MNL-BXU,2024,6,17645.25,64.37,5412.99,3866.39,4538.29,5505,239
Cebu Pacific,MNL-CEB,2024,6,51914.625,41.74,3503.94,3866.39,3209.93,5505,2166
Cebu Pacific,MNL-CGY,2024,6,29760.5,47.54,3862.07,3866.39,3574.13,5505,519
Cebu Pacific,MNL-CYZ,2024,6,4719.75,100.0,10000.0,3866.39,10000.0,5505,29
Cebu Pacific,MNL-DGT,2024,6,19204.5,67.82,5635.1,3866.39,5183.13,5505,194
Cebu Pacific,MNL-DPL,2024,6,6835.5,60.0,5200.0,3866.39,5200.0,5505,70
Cebu Pacific,MNL-DRP,2024,6,14311.5,52.41,5011.62,3866.39,4793.22,5505,178
Cebu Pacific,MNL-DVO,2024,6,56641.375,52.14,5009.16,3866.39,5027.74,5505,863
Cebu Pacific,MNL-GES,2024,6,22049.125,61.03,5243.32,3866.39,5393.58,5505,230
Cebu Pacific,MNL-ILO,2024,6,36806.0,46.3,3600.01,3866.39,3804.7,5505,623
Cebu Pacific,MNL-KLO,2024,6,4882.5,25.0,6250.0,3866.39,6270.75,5505,121
Cebu Pacific,MNL-LAO,2024,6,4719.75,33.58,5539.23,3866.39,5539.35,5505,87
Cebu Pacific,MNL-MNL,2024,6,162.75,57.76,5120.44,3866.39,3744.02,5505,6238
Cebu Pacific,MNL-MPH,2024,6,32061.75,44.35,3431.93,3866.39,3976.35,5505,680
Cebu Pacific,MNL-OZC,2024,6,7323.75,62.5,5312.5,3866.39,4332.57,5505,105
Cebu Pacific,MNL-PAG,2024,6,9765.0,100.0,10000.0,3866.39,7282.69,5505,90
Cebu Pacific,MNL-PPS,2024,6,31599.75,52.43,3880.91,3866.39,4323.23,5505,408
Cebu Pacific,MNL-RXS,2024,6,9439.5,57.43,4345.93,3866.39,4199.89,5505,106
Cebu Pacific,MNL-TAC,2024,6,23598.75,44.97,3695.05,3866.39,3507.08,5505,373
Cebu Pacific,MNL-TAG,2024,6,21061.25,48.09,3721.43,3866.39,3941.58,5505,303
Cebu Pacific,MNL-TUG,2024,6,9765.0,72.29,5993.69,3866.39,5993.61,5505,83
Cebu Pacific,MNL-VRC,2024,6,4882.5,100.0,10000.0,3866.39,10000.0,5505,30
Cebu Pacific,MPH-CEB,2024,6,10741.5,74.74,6224.14,3435.27,3209.93,854,2166
Cebu Pacific,MPH-CRK,2024,6,10090.5,100.0,10000.0,3435.27,8470.66,854,157
Cebu Pacific,MPH-MNL,2024,6,34014.75,34.0,3256.48,3435.27,3744.02,854,6238
Cebu Pacific,MPH-MPH,2024,6,162.75,73.23,6079.27,3435.27,3976.35,854,680
Cebu Pacific,NRT-CRK,2024,6,2929.5,100.0,10000.0,10000.0,8470.66,18,157
Cebu Pacific,OZC-MNL,2024,6,7812.0,64.0,5392.0,4309.05,3744.02,112,6238
Cebu Pacific,PAG-MNL,2024,6,9765.0,100.0,10000.0,7282.69,3744.02,90,6238
Cebu Pacific,PPS-CEB,2024,6,7238.0,100.0,10000.0,4370.36,3209.93,408,2166
Cebu Pacific,PPS-ILO,2024,6,2278.5,100.0,10000.0,4370.36,3804.7,408,623
Cebu Pacific,PPS-MNL,2024,6,31762.5,51.61,3991.21,4370.36,3744.02,408,6238
Cebu Pacific,RXS-MNL,2024,6,9602.25,57.84,4372.98,4373.32,3744.02,102,6238
Cebu Pacific,TAC-MNL,2024,6,23761.5,38.18,3493.7,3238.42,3744.02,442,6238
Cebu Pacific,TAG-DVO,2024,6,4882.5,84.55,7387.4,3868.76,5027.74,366,863
Cebu Pacific,TAG-MNL,2024,6,26790.75,48.8,3692.18,3868.76,3744.02,366,6238
Cebu Pacific,TUG-MNL,2024,6,16600.5,82.93,7168.77,7168.35,3744.02,123,6238
Cebu Pacific,ZAM-CEB,2024,6,1464.75,45.07,5048.61,5424.74,3209.93,277,2166
Cebu Pacific,ZAM-MNL,2024,6,24164.0,67.96,5645.12,5424.74,3744.02,277,6238
Cebu Pacific,ZAM-TWT,2024,6,1464.75,46.47,5024.92,5424.74,5185.23,277,28
Philippine Airlines,BCD-CEB,2024,6,2581.824,52.51,5012.6,3607.74,3209.93,540,2166
Philippine Airlines,BCD-MNL,2024,6,25865.7,38.47,3760.17,3607.74,3744.02,540,6238
Philippine Airlines,BPA-CEB,2024,6,322.728,100.0,10000.0,10000.0,3209.93,6,2166
Philippine Airlines,BXU-CEB,2024,6,1882.58,36.3,5375.38,4254.43,3209.93,262,2166
Philippine Airlines,BXU-MNL,2024,6,8827.56,35.21,5437.49,4254.43,3744.02,262,6238
Philippine Airlines,CBO-CEB,2024,6,430.304,100.0,10000.0,10000.0,3209.93,46,2166
Philippine Airlines,CBO-MNL,2024,6,4413.78,100.0,10000.0,10000.0,3744.02,46,6238
Philippine Airlines,CBO-TWT,2024,6,430.304,100.0,10000.0,10000.0,5185.23,46,28
Philippine Airlines,CEB-BCD,2024,6,2581.824,51.32,5003.48,3392.55,3444.92,2181,481
Philippine Airlines,CEB-BPA,2024,6,430.304,100.0,10000.0,3392.55,10000.0,2181,8
Philippine Airlines,CEB-BXU,2024,6,1990.156,49.96,5000.0,3392.55,4538.29,2181,239
Philippine Airlines,CEB-CBO,2024,6,430.304,100.0,10000.0,3392.55,10000.0,2181,46
Philippine Airlines,CEB-CEB,2024,6,107.576,14.56,6313.39,3392.55,3209.93,2181,2166
Philippine Airlines,CEB-CGY,2024,6,3804.71,48.54,3777.08,3392.55,3574.13,2181,519
Philippine Airlines,CEB-DVO,2024,6,5002.284,22.31,6493.2,3392.55,5027.74,2181,863
Philippine Airlines,CEB-GES,2024,6,1613.64,33.27,5559.79,3392.55,5393.58,2181,230
Philippine Airlines,CEB-IAO,2024,6,4034.1,44.32,5064.52,3392.55,5203.53,2181,262
Philippine Airlines,CEB-ILO,2024,6,3281.068,32.96,4359.59,3392.55,3804.7,2181,623
Philippine Airlines,CEB-MNL,2024,6,44121.98,35.08,3678.77,3392.55,3744.02,2181,6238
Philippine Airlines,CEB-MPH,2024,6,3334.856,26.15,6137.64,3392.55,3976.35,2181,680
Philippine Airlines,CEB-OZC,2024,6,699.244,38.04,5286.08,3392.55,4332.57,2181,105
Philippine Airlines,CEB-TAC,2024,6,1506.064,52.42,5011.71,3392.55,3507.08,2181,373
Philippine Airlines,CEB-USU,2024,6,3765.16,69.51,5761.28,3392.55,5392.67,2181,173
Philippine Airlines,CEB-ZAM,2024,6,53.788,100.0,10000.0,3392.55,10000.0,2181,37
Philippine Airlines,CGY-CEB,2024,6,3804.71,48.89,3784.66,3594.85,3209.93,546,2166
Philippine Airlines,CGY-MNL,2024,6,23249.072,39.3,3862.9,3594.85,3744.02,546,6238
Philippine Airlines,CRK-USU,2024,6,860.608,100.0,10000.0,8674.48,5392.67,110,173
Philippine Airlines,CRM-MNL,2024,6,914.396,100.0,10000.0,10000.0,3744.02,17,6238
Philippine Airlines,CYP-MNL,2024,6,537.88,100.0,10000.0,5331.9,3744.02,26,6238
Philippine Airlines,DGT-MNL,2024,6,8239.056,35.9,5397.62,4921.76,3744.02,176,6238
Philippine Airlines,DPL-MNL,2024,6,4266.654,40.85,5167.44,5167.63,3744.02,71,6238
Philippine Airlines,DRP-MNL,2024,6,11399.892,47.19,5015.79,4792.65,3744.02,174,6238
Philippine Airlines,DVO-CEB,2024,6,4894.708,21.99,6569.12,4995.21,3209.93,914,2166
Philippine Airlines,DVO-MNL,2024,6,52959.032,48.96,5002.16,4995.21,3744.02,914,6238
Philippine Airlines,DVO-TAG,2024,6,806.82,15.45,7387.4,4995.21,3941.58,914,303
Philippine Airlines,EUQ-MNL,2024,6,645.456,100.0,10000.0,10000.0,3744.02,12,6238
Philippine Airlines,GES-CEB,2024,6,1559.852,32.52,5611.1,5415.23,3209.93,231,2166
Philippine Airlines,GES-MNL,2024,6,12725.608,38.58,5260.83,5415.23,3744.02,231,6238
Philippine Airlines,IAO-CEB,2024,6,3818.948,41.12,5157.71,4893.92,3209.93,237,2166
Philippine Airlines,IAO-MNL,2024,6,2958.34,100.0,10000.0,4893.92,3744.02,237,6238
Philippine Airlines,ILO-CEB,2024,6,3281.068,29.09,4595.88,3553.95,3209.93,670,2166
Philippine Airlines,ILO-MNL,2024,6,21518.364,27.65,3420.77,3553.95,3744.02,670,6238
Philippine Airlines,LAO-MNL,2024,6,8292.844,66.03,5513.92,5513.82,3744.02,86,6238
Philippine Airlines,MNL-BCD,2024,6,21780.976,37.76,3626.31,3866.39,3444.92,5505,481
Philippine Airlines,MNL-BSO,2024,6,1559.852,100.0,10000.0,3866.39,10000.0,5505,29
Philippine Airlines,MNL-BXU,2024,6,8827.56,35.63,5412.99,3866.39,4538.29,5505,239
Philippine Airlines,MNL-CBO,2024,6,4413.78,100.0,10000.0,3866.39,10000.0,5505,46
Philippine Airlines,MNL-CEB,2024,6,39450.334,35.09,3503.94,3866.39,3209.93,5505,2166
Philippine Airlines,MNL-CGY,2024,6,20863.416,36.86,3862.07,3866.39,3574.13,5505,519
Philippine Airlines,MNL-CRM,2024,6,914.396,100.0,10000.0,3866.39,10000.0,5505,17
Philippine Airlines,MNL-CYP,2024,6,699.244,100.0,10000.0,3866.39,5086.63,5505,29
Philippine Airlines,MNL-DGT,2024,6,8239.056,32.18,5635.1,3866.39,5183.13,5505,194
Philippine Airlines,MNL-DPL,2024,6,4119.528,40.0,5200.0,3866.39,5200.0,5505,70
Philippine Airlines,MNL-DRP,2024,6,11747.932,47.59,5011.62,3866.39,4793.22,5505,178
Philippine Airlines,MNL-DVO,2024,6,47009.13,47.86,5009.16,3866.39,5027.74,5505,863
Philippine Airlines,MNL-EUQ,2024,6,645.456,100.0,10000.0,3866.39,10000.0,5505,12
Philippine Airlines,MNL-GES,2024,6,12725.608,38.97,5243.32,3866.39,5393.58,5505,230
Philippine Airlines,MNL-IAO,2024,6,4625.768,100.0,10000.0,3866.39,5203.53,5505,262
Philippine Airlines,MNL-ILO,2024,6,21224.112,29.54,3600.01,3866.39,3804.7,5505,623
Philippine Airlines,MNL-LAO,2024,6,8439.97,66.42,5539.23,3866.39,5539.35,5505,87
Philippine Airlines,MNL-MNL,2024,6,107.576,42.24,5120.44,3866.39,3744.02,5505,6238
Philippine Airlines,MNL-MPH,2024,6,20771.66,31.78,3431.93,3866.39,3976.35,5505,680
Philippine Airlines,MNL-OZC,2024,6,3972.402,37.5,5312.5,3866.39,4332.57,5505,105
Philippine Airlines,MNL-PPS,2024,6,12671.82,23.26,3880.91,3866.39,4323.23,5505,408
Philippine Airlines,MNL-RXS,2024,6,4413.78,29.7,4345.93,3866.39,4199.89,5505,106
Philippine Airlines,MNL-TAC,2024,6,17275.44,36.42,3695.05,3866.39,3507.08,5505,373
Philippine Airlines,MNL-TAG,2024,6,12462.996,31.48,3721.43,3866.39,3941.58,5505,303
Philippine Airlines,MNL-TUG,2024,6,3383.898,27.71,5993.69,3866.39,5993.61,5505,83
Philippine Airlines,MNL-USU,2024,6,1452.276,45.13,5047.43,3866.39,5392.67,5505,173
Philippine Airlines,MNL-ZAM,2024,6,3678.15,100.0,10000.0,3866.39,10000.0,5505,37
Philippine Airlines,MPH-CEB,2024,6,3281.068,25.26,6224.14,3435.27,3209.93,854,2166
Philippine Airlines,MPH-MNL,2024,6,24891.188,27.52,3256.48,3435.27,3744.02,854,6238
Philippine Airlines,MPH-MPH,2024,6,53.788,26.77,6079.27,3435.27,3976.35,854,680
Philippine Airlines,OZC-CEB,2024,6,753.032,36.5,5364.5,4309.05,3209.93,112,2166
Philippine Airlines,OZC-MNL,2024,6,3972.402,36.0,5392.0,4309.05,3744.02,112,6238
Philippine Airlines,PPS-MNL,2024,6,18389.168,33.05,3991.21,4370.36,3744.02,408,6238
Philippine Airlines,RXS-MNL,2024,6,4413.78,29.41,4372.98,4373.32,3744.02,102,6238
Philippine Airlines,TAC-CEB,2024,6,1559.852,46.12,5030.11,3238.42,3209.93,442,2166
Philippine Airlines,TAC-MNL,2024,6,12939.178,23.0,3493.7,3238.42,3744.02,442,6238
Philippine Airlines,TAG-DVO,2024,6,806.82,15.45,7387.4,3868.76,5027.74,366,863
Philippine Airlines,TAG-MNL,2024,6,12757.248,25.71,3692.18,3868.76,3744.02,366,6238
Philippine Airlines,TUG-MNL,2024,6,3089.646,17.07,7168.77,7168.35,3744.02,123,6238
Philippine Airlines,TWT-CBO,2024,6,430.304,100.0,10000.0,10000.0,10000.0,19,46
Philippine Airlines,TWT-ZAM,2024,6,1525.048,100.0,10000.0,10000.0,10000.0,19,37
Philippine Airlines,USU-CEB,2024,6,3603.796,57.38,5108.93,5082.18,3209.93,240,2166
Philippine Airlines,USU-CRK,2024,6,860.608,100.0,10000.0,5082.18,8470.66,240,157
Philippine Airlines,USU-MNL,2024,6,1344.7,21.74,6597.26,5082.18,3744.02,240,6238
Philippine Airlines,ZAM-CEB,2024,6,1613.64,54.93,5048.61,5424.74,3209.93,277,2166
Philippine Airlines,ZAM-MNL,2024,6,10298.82,32.04,5645.12,5424.74,3744.02,277,6238
Philippine Airlines,ZAM-TWT,2024,6,1525.048,53.53,5024.92,5424.74,5185.23,277,28
Sunlight Air,CEB-CEB,2024,6,617.1,77.73,6313.39,3392.55,3209.93,2181,2166
Sunlight Air,CEB-CRK,2024,6,561.0,7.16,8670.53,3392.55,8470.66,2181,157
Sunlight Air,CEB-MNL,2024,6,168.3,0.12,3678.77,3392.55,3744.02,2181,6238
Sunlight Air,CEB-Not available,2024,6,448.8,100.0,10000.0,3392.55,10000.0,2181,17
Sunlight Air,CEB-RXS,2024,6,280.5,100.0,10000.0,3392.55,4199.89,2181,106
Sunlight Air,CEB-SUG,2024,6,56.1,6.15,8845.64,3392.55,8846.48,2181,15
Sunlight Air,CRK-CEB,2024,6,112.2,2.24,9562.04,8674.48,3209.93,110,2166
Sunlight Air,CRK-Not available,2024,6,56.1,100.0,10000.0,8674.48,10000.0,110,17
Sunlight Air,IAO-CRK,2024,6,168.3,100.0,10000.0,4893.92,8470.66,237,157
Sunlight Air,MNL-CEB,2024,6,168.3,0.14,3503.94,3866.39,3209.93,5505,2166
Sunlight Air,Not available-CEB,2024,6,785.4,100.0,10000.0,10000.0,3209.93,24,2166
Sunlight Air,Not available-CRK,2024,6,112.2,100.0,10000.0,10000.0,8470.66,24,157
Sunlight Air,Not available-Not available,2024,6,448.8,100.0,10000.0,10000.0,10000.0,24,17
AirAsia,BCD-MNL,2024,7,16057.38,19.6,3648.08,3452.66,3742.4,572,6308
AirAsia,CEB-MNL,2024,7,28307.34,20.3,3661.1,3321.45,3742.4,2127,6308
AirAsia,CGY-MNL,2024,7,10263.48,14.74,3862.21,3576.99,3742.4,543,6308
AirAsia,ILO-MNL,2024,7,28925.0,29.94,3544.26,3626.73,3742.4,707,6308
AirAsia,KLO-MNL,2024,7,15395.22,75.61,6311.74,6311.72,3742.4,123,6308
AirAsia,MNL-BCD,2024,7,16057.38,22.52,3539.62,3853.33,3316.32,5588,517
AirAsia,MNL-CEB,2024,7,30128.28,23.99,3468.94,3853.33,3104.54,5588,2132
AirAsia,MNL-CGY,2024,7,10263.48,15.57,3854.76,3853.33,3554.17,5588,511
AirAsia,MNL-ILO,2024,7,20195.88,22.49,3772.59,3853.33,3929.26,5588,671
AirAsia,MNL-KLO,2024,7,15395.22,76.23,6376.03,3853.33,6375.97,5588,122
AirAsia,MNL-MPH,2024,7,17547.24,23.69,3362.74,3853.33,3920.63,5588,682
AirAsia,MNL-PPS,2024,7,15395.22,25.5,3806.81,3853.33,4240.23,5588,404
AirAsia,MNL-RXS,2024,7,2152.02,12.58,4391.24,3853.33,4390.56,5588,104
AirAsia,MNL-TAC,2024,7,10263.48,19.14,3655.48,3853.33,3482.52,5588,382
AirAsia,MNL-TAG,2024,7,9932.4,21.26,3681.91,3853.33,3884.51,5588,319
AirAsia,MPH-MNL,2024,7,39729.6,38.78,3291.85,3368.66,3742.4,881,6308
AirAsia,PPS-MNL,2024,7,10263.48,16.41,3900.88,4272.87,3742.4,411,6308
AirAsia,RXS-MNL,2024,7,2152.02,12.95,4363.53,4363.38,3742.4,101,6308
AirAsia,TAC-MNL,2024,7,25366.78,37.29,3511.52,3271.17,3742.4,474,6308
AirAsia,TAG-MNL,2024,7,14733.06,25.77,3712.2,3875.96,3742.4,376,6308
Cebgo,BCD-CEB,2024,7,3388.608,64.42,5415.87,3452.66,3104.54,572,2132
Cebgo,BXU-CEB,2024,7,2749.248,59.49,5180.12,4451.58,3104.54,241,2132
Cebgo,CEB-BCD,2024,7,3388.608,62.31,5149.58,3321.45,3316.32,2127,517
Cebgo,CEB-BXU,2024,7,1342.656,42.57,5110.41,3321.45,4754.47,2127,213
Cebgo,CEB-CEB,2024,7,63.936,6.38,8805.41,3321.45,3104.54,2127,2132
Cebgo,CEB-CGM,2024,7,1662.336,100.0,10000.0,3321.45,10000.0,2127,26
Cebgo,CEB-CGY,2024,7,2941.056,43.22,5091.94,3321.45,3554.17,2127,511
Cebgo,CEB-CYP,2024,7,895.104,100.0,10000.0,3321.45,5021.48,2127,27
Cebgo,CEB-DGT,2024,7,1470.528,100.0,10000.0,3321.45,4961.91,2127,193
Cebgo,CEB-DPL,2024,7,63.936,100.0,10000.0,3321.45,5143.26,2127,71
Cebgo,CEB-DRP,2024,7,895.104,100.0,10000.0,3321.45,4713.34,2127,173
Cebgo,CEB-DVO,2024,7,63.936,0.26,6481.11,3321.45,5058.26,2127,874
Cebgo,CEB-IAO,2024,7,5946.048,59.51,5180.88,3321.45,5111.85,2127,269
Cebgo,CEB-ILO,2024,7,1278.72,11.24,4239.98,3321.45,3929.26,2127,671
Cebgo,CEB-OZC,2024,7,1150.848,67.92,5642.25,3321.45,4398.65,2127,103
Cebgo,CEB-PAG,2024,7,2237.76,100.0,10000.0,3321.45,6962.52,2127,94
Cebgo,CEB-SUG,2024,7,1854.144,94.05,8880.8,3321.45,8881.52,2127,31
Cebgo,CEB-TAC,2024,7,1470.528,40.37,4998.65,3321.45,3482.52,2127,382
Cebgo,CEB-USU,2024,7,1918.08,40.33,5187.02,3321.45,5213.37,2127,154
Cebgo,CGM-CEB,2024,7,1662.336,100.0,10000.0,10000.0,3104.54,26,2132
Cebgo,CGY-CEB,2024,7,2941.056,42.11,5029.8,3576.99,3104.54,543,2132
Cebgo,CGY-DVO,2024,7,1022.976,86.1,7606.42,3576.99,5058.26,543,874
Cebgo,CYP-CEB,2024,7,895.104,100.0,10000.0,5021.48,3104.54,27,2132
Cebgo,DGT-CEB,2024,7,1470.528,100.0,10000.0,4675.53,3104.54,170,2132
Cebgo,DPL-CEB,2024,7,63.936,100.0,10000.0,5143.26,3104.54,71,2132
Cebgo,DRP-CEB,2024,7,895.104,100.0,10000.0,4727.09,3104.54,172,2132
Cebgo,DVO-CGY,2024,7,959.04,100.0,10000.0,5042.84,3554.17,925,511
Cebgo,DVO-IAO,2024,7,895.104,100.0,10000.0,5042.84,5111.85,925,269
Cebgo,DVO-ZAM,2024,7,63.936,100.0,10000.0,5042.84,5793.04,925,56
Cebgo,IAO-CEB,2024,7,6393.6,61.26,5210.81,4258.2,3104.54,260,2132
Cebgo,IAO-DVO,2024,7,895.104,100.0,10000.0,4258.2,5058.26,260,874
Cebgo,ILO-CEB,2024,7,1470.528,13.04,4122.13,3626.73,3104.54,707,2132
Cebgo,MNL-CEB,2024,7,63.936,0.05,3468.94,3853.33,3104.54,5588,2132
Cebgo,MNL-MBT,2024,7,63.936,100.0,10000.0,3853.33,10000.0,5588,1
Cebgo,MNL-MPH,2024,7,1854.144,2.51,3362.74,3853.33,3920.63,5588,682
Cebgo,MNL-USU,2024,7,1854.144,51.43,5004.09,3853.33,5213.37,5588,154
Cebgo,MNL-WNP,2024,7,2429.568,100.0,10000.0,3853.33,10000.0,5588,38
Cebgo,MPH-CEB,2024,7,1598.4,11.25,5021.45,3368.66,3104.54,881,2132
Cebgo,MPH-MNL,2024,7,1918.08,1.88,3291.85,3368.66,3742.4,881,6308
Cebgo,OZC-CEB,2024,7,1662.336,77.48,6510.3,4180.36,3104.54,109,2132
Cebgo,PAG-CEB,2024,7,2237.76,100.0,10000.0,6929.95,3104.54,93,2132
Cebgo,SUG-CEB,2024,7,1726.272,100.0,10000.0,10000.0,3104.54,27,2132
Cebgo,TAC-CEB,2024,7,1918.08,48.3,5005.78,3271.17,3104.54,474,2132
Cebgo,USU-CEB,2024,7,3644.352,57.29,5106.29,5309.3,3104.54,221,2132
Cebgo,USU-MNL,2024,7,4987.008,76.06,6358.25,5309.3,3742.4,221,6308
Cebgo,WNP-MNL,2024,7,2621.376,100.0,10000.0,10000.0,3742.4,41,6308
Cebgo,ZAM-DVO,2024,7,63.936,100.0,10000.0,5638.52,5058.26,281,874
Cebu Pacific,BCD-DVO,2024,7,3468.528,100.0,10000.0,3452.66,5058.26,572,874
Cebu Pacific,BCD-MNL,2024,7,36123.84,44.19,3648.08,3452.66,3742.4,572,6308
Cebu Pacific,BXU-MNL,2024,7,18102.768,64.62,5427.49,4451.58,3742.4,241,6308
Cebu Pacific,CEB-CRK,2024,7,9744.912,88.31,7935.31,3321.45,7399.79,2127,223
Cebu Pacific,CEB-DVO,2024,7,19363.728,77.32,6481.11,3321.45,5058.26,2127,874
Cebu Pacific,CEB-GES,2024,7,1816.848,56.68,5089.24,3321.45,5487.93,2127,214
Cebu Pacific,CEB-ILO,2024,7,6111.216,53.72,4239.98,3321.45,3929.26,2127,671
Cebu Pacific,CEB-MNL,2024,7,63850.752,45.89,3661.1,3321.45,3742.4,2127,6308
Cebu Pacific,CEB-MPH,2024,7,9414.576,74.27,6178.07,3321.45,3920.63,2127,682
Cebu Pacific,CEB-PPS,2024,7,7471.632,100.0,10000.0,3321.45,4240.23,2127,404
Cebu Pacific,CEB-ZAM,2024,7,1321.344,100.0,10000.0,3321.45,5793.04,2127,56
Cebu Pacific,CGY-DVO,2024,7,165.168,13.9,7606.42,3576.99,5058.26,543,874
Cebu Pacific,CGY-ILO,2024,7,2973.024,100.0,10000.0,3576.99,3929.26,543,671
Cebu Pacific,CGY-MNL,2024,7,31197.216,44.9,3862.21,3576.99,3742.4,543,6308
Cebu Pacific,CRK-CEB,2024,7,7267.392,99.2,9841.28,8217.85,3104.54,152,2132
Cebu Pacific,CRK-MNL,2024,7,204.24,100.0,10000.0,8217.85,3742.4,152,6308
Cebu Pacific,CRK-MPH,2024,7,11892.096,99.51,9902.48,8217.85,3920.63,152,682
Cebu Pacific,CYZ-MNL,2024,7,4789.872,100.0,10000.0,10000.0,3742.4,29,6308
Cebu Pacific,DGT-MNL,2024,7,14699.952,60.54,5222.18,4675.53,3742.4,170,6308
Cebu Pacific,DPL-MNL,2024,7,6937.056,60.0,5200.0,5143.26,3742.4,71,6308
Cebu Pacific,DRP-MNL,2024,7,14193.792,54.91,5048.22,4727.09,3742.4,172,6308
Cebu Pacific,DVO-BCD,2024,7,3468.528,100.0,10000.0,5042.84,3316.32,925,517
Cebu Pacific,DVO-CEB,2024,7,19528.896,77.85,6551.24,5042.84,3104.54,925,2132
Cebu Pacific,DVO-MNL,2024,7,67856.52,53.1,5019.22,5042.84,3742.4,925,6308
Cebu Pacific,DVO-TAG,2024,7,5120.208,80.15,6818.05,5042.84,3884.51,925,319
Cebu Pacific,GES-CEB,2024,7,1816.848,55.63,5063.39,5426.2,3104.54,210,2132
Cebu Pacific,GES-ILO,2024,7,1156.176,100.0,10000.0,5426.2,3929.26,210,671
Cebu Pacific,GES-MNL,2024,7,26270.592,64.31,5409.55,5426.2,3742.4,210,6308
Cebu Pacific,IAO-IAO,2024,7,63.936,34.62,5473.09,4258.2,5111.85,260,269
Cebu Pacific,ILO-CEB,2024,7,5946.048,52.71,4122.13,3626.73,3104.54,707,2132
Cebu Pacific,ILO-CGY,2024,7,2973.024,100.0,10000.0,3626.73,3554.17,707,511
Cebu Pacific,ILO-GES,2024,7,1156.176,100.0,10000.0,3626.73,5487.93,707,214
Cebu Pacific,ILO-MNL,2024,7,43252.704,44.87,3544.26,3626.73,3742.4,707,6308
Cebu Pacific,ILO-PPS,2024,7,2312.352,100.0,10000.0,3626.73,4240.23,707,404
Cebu Pacific,KLO-MNL,2024,7,4955.04,24.39,6311.74,6311.72,3742.4,123,6308
Cebu Pacific,LAO-MNL,2024,7,3633.696,28.74,5903.98,5903.63,3742.4,79,6308
Cebu Pacific,MNL-BCD,2024,7,30357.168,42.67,3539.62,3853.33,3316.32,5588,517
Cebu Pacific,MNL-BXU,2024,7,17276.928,63.55,5367.2,3853.33,4754.47,5588,213
Cebu Pacific,MNL-CEB,2024,7,50670.168,40.43,3468.94,3853.33,3104.54,5588,2132
Cebu Pacific,MNL-CGY,2024,7,30992.976,47.12,3854.76,3853.33,3554.17,5588,511
Cebu Pacific,MNL-CYZ,2024,7,4789.872,100.0,10000.0,3853.33,10000.0,5588,29
Cebu Pacific,MNL-DGT,2024,7,18333.648,65.29,5467.57,3853.33,4961.91,5588,193
Cebu Pacific,MNL-DPL,2024,7,6937.056,60.0,5200.0,3853.33,5143.26,5588,71
Cebu Pacific,MNL-DRP,2024,7,13989.552,54.07,5033.13,3853.33,4713.34,5588,173
Cebu Pacific,MNL-DVO,2024,7,62993.832,53.71,5027.53,3853.33,5058.26,5588,874
Cebu Pacific,MNL-GES,2024,7,27500.472,65.36,5471.86,3853.33,5487.93,5588,214
Cebu Pacific,MNL-ILO,2024,7,45005.616,50.22,3772.59,3853.33,3929.26,5588,671
Cebu Pacific,MNL-KLO,2024,7,4789.872,23.77,6376.03,3853.33,6375.97,5588,122
Cebu Pacific,MNL-LAO,2024,7,3633.696,28.37,5935.71,3853.33,5935.43,5588,80
Cebu Pacific,MNL-MPH,2024,7,31712.256,42.9,3362.74,3853.33,3920.63,5588,682
Cebu Pacific,MNL-Not available,2024,7,204.24,100.0,10000.0,3853.33,10000.0,5588,1
Cebu Pacific,MNL-OZC,2024,7,7597.728,60.53,5221.76,3853.33,4398.65,5588,103
Cebu Pacific,MNL-PAG,2024,7,9744.912,100.0,10000.0,3853.33,6962.52,5588,94
Cebu Pacific,MNL-PPS,2024,7,30765.648,51.06,3806.81,3853.33,4240.23,5588,404
Cebu Pacific,MNL-RXS,2024,7,9910.08,58.05,4391.24,3853.33,4390.56,5588,104
Cebu Pacific,MNL-TAC,2024,7,23288.688,43.53,3655.48,3853.33,3482.52,5588,382
Cebu Pacific,MNL-TAG,2024,7,22107.648,47.43,3681.91,3853.33,3884.51,5588,319
Cebu Pacific,MNL-TUG,2024,7,9084.24,74.32,6182.92,3853.33,6183.35,5588,74
Cebu Pacific,MNL-VRC,2024,7,4955.04,100.0,10000.0,3853.33,10000.0,5588,30
Cebu Pacific,MPH-CEB,2024,7,9414.576,66.24,5021.45,3368.66,3104.54,881,2132
Cebu Pacific,MPH-CRK,2024,7,12387.6,100.0,10000.0,3368.66,7399.79,881,223
Cebu Pacific,MPH-ILO,2024,7,165.168,100.0,10000.0,3368.66,3929.26,881,671
Cebu Pacific,MPH-MNL,2024,7,33859.44,33.12,3291.85,3368.66,3742.4,881,6308
Cebu Pacific,MPH-MPH,2024,7,165.168,100.0,10000.0,3368.66,3920.63,881,682
Cebu Pacific,NRT-CRK,2024,7,2807.856,100.0,10000.0,10000.0,7399.79,17,223
Cebu Pacific,OZC-MNL,2024,7,7597.728,61.33,5256.74,4180.36,3742.4,109,6308
Cebu Pacific,PAG-MNL,2024,7,9579.744,100.0,10000.0,6929.95,3742.4,93,6308
Cebu Pacific,PPS-CEB,2024,7,7471.632,100.0,10000.0,4272.87,3104.54,411,2132
Cebu Pacific,PPS-ILO,2024,7,2312.352,100.0,10000.0,4272.87,3929.26,411,671
Cebu Pacific,PPS-MNL,2024,7,31261.152,50.1,3900.88,4272.87,3742.4,411,6308
Cebu Pacific,RXS-MNL,2024,7,9579.744,57.79,4363.53,4363.38,3742.4,101,6308
Cebu Pacific,TAC-MNL,2024,7,27252.72,40.15,3511.52,3271.17,3742.4,474,6308
Cebu Pacific,TAG-DVO,2024,7,5120.208,80.15,6818.05,3875.96,5058.26,376,874
Cebu Pacific,TAG-MNL,2024,7,28078.56,49.22,3712.2,3875.96,3742.4,376,6308
Cebu Pacific,TUG-MNL,2024,7,15195.456,82.88,7162.19,7162.57,3742.4,111,6308
Cebu Pacific,TWT-ZAM,2024,7,1321.344,40.0,5200.0,5456.21,5793.04,28,56
Cebu Pacific,ZAM-CEB,2024,7,3468.528,75.14,6264.04,5638.52,3104.54,281,2132
Cebu Pacific,ZAM-MNL,2024,7,23523.12,68.01,5648.72,5638.52,3742.4,281,6308
Cebu Pacific,ZAM-TWT,2024,7,3303.36,62.5,5312.5,5638.52,5105.59,281,40
Philippine Airlines,BCD-CEB,2024,7,1703.264,35.58,5415.87,3452.66,3104.54,572,2132
Philippine Airlines,BCD-MNL,2024,7,26932.256,36.21,3648.08,3452.66,3742.4,572,6308
Philippine Airlines,BPA-CEB,2024,7,439.552,100.0,10000.0,10000.0,3104.54,8,2132
Philippine Airlines,BSO-CRK,2024,7,714.272,100.0,10000.0,10000.0,7399.79,14,223
Philippine Airlines,BSO-MNL,2024,7,54.944,100.0,10000.0,10000.0,3742.4,14,6308
Philippine Airlines,BXU-CEB,2024,7,1703.264,40.51,5180.12,4451.58,3104.54,241,2132
Philippine Airlines,BXU-MNL,2024,7,9017.28,35.38,5427.49,4451.58,3742.4,241,6308
Philippine Airlines,CBO-CEB,2024,7,439.552,100.0,10000.0,10000.0,3104.54,48,2132
Philippine Airlines,CBO-MNL,2024,7,4809.216,100.0,10000.0,10000.0,3742.4,48,6308
Philippine Airlines,CBO-TWT,2024,7,439.552,100.0,10000.0,10000.0,5105.59,48,40
Philippine Airlines,CEB-BCD,2024,7,1758.208,35.53,5149.58,3321.45,3316.32,2127,517
Philippine Airlines,CEB-BPA,2024,7,494.496,100.0,10000.0,3321.45,10000.0,2127,9
Philippine Airlines,CEB-BXU,2024,7,1648.32,57.43,5110.41,3321.45,4754.47,2127,213
Philippine Airlines,CEB-CBO,2024,7,439.552,100.0,10000.0,3321.45,10000.0,2127,48
Philippine Airlines,CEB-CGY,2024,7,3516.416,56.78,5091.94,3321.45,3554.17,2127,511
Philippine Airlines,CEB-DVO,2024,7,5109.792,22.42,6481.11,3321.45,5058.26,2127,874
Philippine Airlines,CEB-GES,2024,7,1263.712,43.32,5089.24,3321.45,5487.93,2127,214
Philippine Airlines,CEB-IAO,2024,7,3681.248,40.49,5180.88,3321.45,5111.85,2127,269
Philippine Airlines,CEB-ILO,2024,7,3626.304,35.04,4239.98,3321.45,3929.26,2127,671
Philippine Airlines,CEB-MNL,2024,7,42806.224,33.81,3661.1,3321.45,3742.4,2127,6308
Philippine Airlines,CEB-MPH,2024,7,2966.976,25.73,6178.07,3321.45,3920.63,2127,682
Philippine Airlines,CEB-OZC,2024,7,494.496,32.08,5642.25,3321.45,4398.65,2127,103
Philippine Airlines,CEB-TAC,2024,7,1923.04,58.02,4998.65,3321.45,3482.52,2127,382
Philippine Airlines,CEB-USU,2024,7,2582.368,59.67,5187.02,3321.45,5213.37,2127,154
Philippine Airlines,CGY-CEB,2024,7,3626.304,57.06,5029.8,3576.99,3104.54,543,2132
Philippine Airlines,CGY-MNL,2024,7,25511.792,40.36,3862.21,3576.99,3742.4,543,6308
Philippine Airlines,CRK-BSO,2024,7,714.272,100.0,10000.0,8217.85,10000.0,152,36
Philippine Airlines,CRK-CRK,2024,7,54.944,100.0,10000.0,8217.85,7399.79,152,223
Philippine Airlines,CRK-USU,2024,7,1043.936,100.0,10000.0,8217.85,5213.37,152,154
Philippine Airlines,CRM-MNL,2024,7,934.048,100.0,10000.0,10000.0,3742.4,17,6308
Philippine Airlines,CYP-MNL,2024,7,714.272,100.0,10000.0,5021.48,3742.4,27,6308
Philippine Airlines,DGT-MNL,2024,7,8716.704,39.46,5222.18,4675.53,3742.4,170,6308
Philippine Airlines,DPL-MNL,2024,7,4208.064,40.0,5200.0,5143.26,3742.4,71,6308
Philippine Airlines,DRP-MNL,2024,7,10607.424,45.09,5048.22,4727.09,3742.4,172,6308
Philippine Airlines,DVO-CEB,2024,7,5054.848,22.15,6551.24,5042.84,3104.54,925,2132
Philippine Airlines,DVO-MNL,2024,7,54544.848,46.9,5019.22,5042.84,3742.4,925,6308
Philippine Airlines,DVO-TAG,2024,7,1153.824,19.85,6818.05,5042.84,3884.51,925,319
Philippine Airlines,EUQ-MNL,2024,7,659.328,100.0,10000.0,10000.0,3742.4,12,6308
Philippine Airlines,GES-CEB,2024,7,1318.656,44.37,5063.39,5426.2,3104.54,210,2132
Philippine Airlines,GES-MNL,2024,7,13264.128,35.69,5409.55,5426.2,3742.4,210,6308
Philippine Airlines,IAO-CEB,2024,7,3626.304,38.18,5210.81,4258.2,3104.54,260,2132
Philippine Airlines,IAO-IAO,2024,7,109.888,65.38,5473.09,4258.2,5111.85,260,269
Philippine Airlines,IAO-MNL,2024,7,3021.92,100.0,10000.0,4258.2,3742.4,260,6308
Philippine Airlines,ILO-CEB,2024,7,3516.416,34.26,4122.13,3626.73,3104.54,707,2132
Philippine Airlines,ILO-MNL,2024,7,22098.8,25.19,3544.26,3626.73,3742.4,707,6308
Philippine Airlines,LAO-MNL,2024,7,8196.352,71.26,5903.98,5903.63,3742.4,79,6308
Philippine Airlines,MNL-BCD,2024,7,22538.352,34.81,3539.62,3853.33,3316.32,5588,517
Philippine Airlines,MNL-BSO,2024,7,1263.712,100.0,10000.0,3853.33,10000.0,5588,36
Philippine Airlines,MNL-BXU,2024,7,9017.28,36.45,5367.2,3853.33,4754.47,5588,213
Philippine Airlines,MNL-CBO,2024,7,4809.216,100.0,10000.0,3853.33,10000.0,5588,48
Philippine Airlines,MNL-CEB,2024,7,40454.944,35.48,3468.94,3853.33,3104.54,5588,2132
Philippine Airlines,MNL-CGY,2024,7,22331.504,37.31,3854.76,3853.33,3554.17,5588,511
Philippine Airlines,MNL-CRM,2024,7,934.048,100.0,10000.0,3853.33,10000.0,5588,17
Philippine Airlines,MNL-CYP,2024,7,714.272,100.0,10000.0,3853.33,5021.48,5588,27
Philippine Airlines,MNL-DGT,2024,7,8866.992,34.71,5467.57,3853.33,4961.91,5588,193
Philippine Airlines,MNL-DPL,2024,7,4208.064,40.0,5200.0,3853.33,5143.26,5588,71
Philippine Airlines,MNL-DRP,2024,7,10812.656,45.93,5033.13,3853.33,4713.34,5588,173
Philippine Airlines,MNL-DVO,2024,7,49396.272,46.29,5027.53,3853.33,5058.26,5588,874
Philippine Airlines,MNL-ENI,2024,7,300.576,100.0,10000.0,3853.33,10000.0,5588,2
Philippine Airlines,MNL-EUQ,2024,7,659.328,100.0,10000.0,3853.33,10000.0,5588,12
Philippine Airlines,MNL-GES,2024,7,13264.128,34.64,5471.86,3853.33,5487.93,5588,214
Philippine Airlines,MNL-IAO,2024,7,5054.848,100.0,10000.0,3853.33,5111.85,5588,269
Philippine Airlines,MNL-ILO,2024,7,22249.088,27.29,3772.59,3853.33,3929.26,5588,671
Philippine Airlines,MNL-LAO,2024,7,8346.64,71.63,5935.71,3853.33,5935.43,5588,80
Philippine Airlines,MNL-MNL,2024,7,54.944,100.0,10000.0,3853.33,3742.4,5588,6308
Philippine Airlines,MNL-MPH,2024,7,20781.76,30.9,3362.74,3853.33,3920.63,5588,682
Philippine Airlines,MNL-OZC,2024,7,4508.64,39.47,5221.76,3853.33,4398.65,5588,103
Philippine Airlines,MNL-PPS,2024,7,12850.432,23.44,3806.81,3853.33,4240.23,5588,404
Philippine Airlines,MNL-RXS,2024,7,4563.584,29.38,4391.24,3853.33,4390.56,5588,104
Philippine Airlines,MNL-TAC,2024,7,18176.768,37.34,3655.48,3853.33,3482.52,5588,382
Philippine Airlines,MNL-TAG,2024,7,13280.288,31.31,3681.91,3853.33,3884.51,5588,319
Philippine Airlines,MNL-TUG,2024,7,2855.472,25.68,6182.92,3853.33,6183.35,5588,74
Philippine Airlines,MNL-USU,2024,7,1593.376,48.57,5004.09,3853.33,5213.37,5588,154
Philippine Airlines,MNL-ZAM,2024,7,4057.776,100.0,10000.0,3853.33,5793.04,5588,56
Philippine Airlines,MPH-CEB,2024,7,2912.032,22.52,5021.45,3368.66,3104.54,881,2132
Philippine Airlines,MPH-MNL,2024,7,24388.672,26.22,3291.85,3368.66,3742.4,881,6308
Philippine Airlines,OZC-CEB,2024,7,439.552,22.52,6510.3,4180.36,3104.54,109,2132
Philippine Airlines,OZC-MNL,2024,7,4358.352,38.67,5256.74,4180.36,3742.4,109,6308
Philippine Airlines,PPS-MNL,2024,7,19012.24,33.49,3900.88,4272.87,3742.4,411,6308
Philippine Airlines,RXS-MNL,2024,7,4413.296,29.26,4363.53,4363.38,3742.4,101,6308
Philippine Airlines,TAC-CEB,2024,7,1868.096,51.7,5005.78,3271.17,3104.54,474,2132
Philippine Airlines,TAC-MNL,2024,7,13933.152,22.56,3511.52,3271.17,3742.4,474,6308
Philippine Airlines,TAG-DVO,2024,7,1153.824,19.85,6818.05,3875.96,5058.26,376,874
Philippine Airlines,TAG-MNL,2024,7,12979.712,25.01,3712.2,3875.96,3742.4,376,6308
Philippine Airlines,TUG-MNL,2024,7,2855.472,17.12,7162.19,7162.57,3742.4,111,6308
Philippine Airlines,TWT-CBO,2024,7,439.552,100.0,10000.0,5456.21,10000.0,28,48
Philippine Airlines,TWT-ZAM,2024,7,1803.456,60.0,5200.0,5456.21,5793.04,28,56
Philippine Airlines,USU-CEB,2024,7,2472.48,42.71,5106.29,5309.3,3104.54,221,2132
Philippine Airlines,USU-CRK,2024,7,824.16,100.0,10000.0,5309.3,7399.79,221,223
Philippine Airlines,USU-MNL,2024,7,1428.544,23.94,6358.25,5309.3,3742.4,221,6308
Philippine Airlines,ZAM-CEB,2024,7,1043.936,24.86,6264.04,5638.52,3104.54,281,2132
Philippine Airlines,ZAM-MNL,2024,7,10069.296,31.99,5648.72,5638.52,3742.4,281,6308
Philippine Airlines,ZAM-TWT,2024,7,1803.456,37.5,5312.5,5638.52,5105.59,281,40
Sunlight Air,CEB-BCD,2024,7,112.2,2.16,5149.58,3321.45,3316.32,2127,517
Sunlight Air,CEB-CEB,2024,7,897.6,93.62,8805.41,3321.45,3104.54,2127,2132
Sunlight Air,CEB-CRK,2024,7,1234.2,11.69,7935.31,3321.45,7399.79,2127,223
Sunlight Air,CEB-MBO,2024,7,112.2,100.0,10000.0,3321.45,10000.0,2127,2
Sunlight Air,CEB-SUG,2024,7,112.2,5.95,8880.8,3321.45,8881.52,2127,31
Sunlight Air,CEB-TAC,2024,7,56.1,1.61,4998.65,3321.45,3482.52,2127,382
Sunlight Air,CGY-CEB,2024,7,56.1,0.84,5029.8,3576.99,3104.54,543,2132
Sunlight Air,CRK-CEB,2024,7,56.1,0.8,9841.28,8217.85,3104.54,152,2132
Sunlight Air,CRK-MPH,2024,7,56.1,0.49,9902.48,8217.85,3920.63,152,682
Sunlight Air,IAO-CEB,2024,7,56.1,0.56,5210.81,4258.2,3104.54,260,2132
Sunlight Air,IAO-CRK,2024,7,1178.1,100.0,10000.0,4258.2,7399.79,260,223
Sunlight Air,MNL-CEB,2024,7,56.1,0.05,3468.94,3853.33,3104.54,5588,2132
AirAsia,BCD-MNL,2024,8,16719.54,20.16,3674.79,3442.77,3819.73,591,6545
AirAsia,CEB-MNL,2024,8,27976.26,17.98,3823.29,3579.32,3819.73,2164,6545
AirAsia,CGY-MNL,2024,8,10263.48,14.05,3910.26,3609.32,3819.73,531,6545
AirAsia,ILO-MNL,2024,8,29256.08,29.16,3629.97,3896.46,3819.73,750,6545
AirAsia,KLO-MNL,2024,8,15395.22,75.61,6311.74,6311.72,3819.73,123,6545
AirAsia,MNL-BCD,2024,8,16885.08,23.47,3549.24,3937.18,3282.53,5789,528
AirAsia,MNL-CEB,2024,8,30459.36,21.78,3621.99,3937.18,3388.04,5789,2180
AirAsia,MNL-CGY,2024,8,10263.48,15.12,3927.25,3937.18,3614.14,5789,499
AirAsia,MNL-ILO,2024,8,20692.5,22.29,3910.23,3937.18,4228.62,5789,704
AirAsia,MNL-KLO,2024,8,15395.22,75.61,6311.74,3937.18,6311.72,5789,123
AirAsia,MNL-MPH,2024,8,17050.62,22.65,3416.93,3937.18,3949.21,5789,660
AirAsia,MNL-PPS,2024,8,15395.22,27.86,3618.58,3937.18,3988.97,5789,385
AirAsia,MNL-RXS,2024,8,2317.56,13.46,4341.63,3937.18,4341.72,5789,104
AirAsia,MNL-TAC,2024,8,8939.16,16.53,3782.42,3937.18,3573.82,5789,379
AirAsia,MNL-TAG,2024,8,9932.4,20.7,3758.98,3937.18,3960.42,5789,326
AirAsia,MPH-MNL,2024,8,39232.98,37.74,3284.72,3416.3,3819.73,868,6545
AirAsia,PPS-MNL,2024,8,10263.48,18.06,3740.78,4070.34,3819.73,382,6545
AirAsia,RXS-MNL,2024,8,2317.56,13.33,4369.54,4369.16,3819.73,105,6545
AirAsia,TAC-MNL,2024,8,24451.86,35.03,3526.35,3247.79,3819.73,486,6545
AirAsia,TAG-MNL,2024,8,13574.28,23.49,3776.11,3947.06,3819.73,377,6545
Cebgo,BCD-CEB,2024,8,3687.768,69.7,5776.18,3442.77,3388.04,591,2180
Cebgo,BXU-CEB,2024,8,2751.192,66.56,5548.47,4502.62,3388.04,249,2180
Cebgo,CEB-BCD,2024,8,3629.232,67.25,5532.24,3579.32,3282.53,2164,528
Cebgo,CEB-BXU,2024,8,1639.008,52.34,5010.95,3579.32,4744.27,2164,233
Cebgo,CEB-CEB,2024,8,175.608,16.1,5803.84,3579.32,3388.04,2164,2180
Cebgo,CEB-CGM,2024,8,1697.544,100.0,10000.0,3579.32,10000.0,2164,29
Cebgo,CEB-CGY,2024,8,2692.656,52.89,4697.85,3579.32,3614.14,2164,499
Cebgo,CEB-CYP,2024,8,819.504,100.0,10000.0,3579.32,5004.08,2164,28
Cebgo,CEB-DGT,2024,8,1463.4,100.0,10000.0,3579.32,4974.36,2164,193
Cebgo,CEB-DRP,2024,8,292.68,100.0,10000.0,3579.32,4872.03,2164,177
Cebgo,CEB-DVO,2024,8,58.536,0.21,7059.84,3579.32,5210.55,2164,927
Cebgo,CEB-IAO,2024,8,5560.92,65.95,5425.54,3579.32,5022.16,2164,261
Cebgo,CEB-ILO,2024,8,1229.256,9.56,5264.57,3579.32,4228.62,2164,704
Cebgo,CEB-OZC,2024,8,1463.4,76.79,6435.41,3579.32,4251.28,2164,113
Cebgo,CEB-PAG,2024,8,1990.224,100.0,10000.0,3579.32,7170.5,2164,98
Cebgo,CEB-SUG,2024,8,995.112,67.33,5600.66,3579.32,5600.43,2164,26
Cebgo,CEB-TAC,2024,8,1580.472,51.43,5004.09,3579.32,3573.82,2164,379
Cebgo,CEB-USU,2024,8,1814.616,49.12,5001.55,3579.32,5031.67,2164,139
Cebgo,CGM-CEB,2024,8,1756.08,100.0,10000.0,10000.0,3388.04,30,2180
Cebgo,CGY-CEB,2024,8,2692.656,54.91,5048.22,3609.32,3388.04,531,2180
Cebgo,CGY-DVO,2024,8,1053.648,100.0,10000.0,3609.32,5210.55,531,927
Cebgo,CYP-CEB,2024,8,819.504,100.0,10000.0,5021.48,3388.04,27,2180
Cebgo,DGT-CEB,2024,8,1521.936,100.0,10000.0,4609.6,3388.04,172,2180
Cebgo,DRP-CEB,2024,8,292.68,100.0,10000.0,4893.9,3388.04,173,2180
Cebgo,DVO-CGY,2024,8,995.112,100.0,10000.0,5175.37,3614.14,969,499
Cebgo,DVO-IAO,2024,8,760.968,100.0,10000.0,5175.37,5022.16,969,261
Cebgo,IAO-CEB,2024,8,5970.672,67.11,5509.47,4447.01,3388.04,248,2180
Cebgo,IAO-DVO,2024,8,760.968,100.0,10000.0,4447.01,5210.55,248,927
Cebgo,ILO-CEB,2024,8,1229.256,8.91,5460.64,3896.46,3388.04,750,2180
Cebgo,MNL-DRP,2024,8,58.536,0.22,4978.16,3937.18,4872.03,5789,177
Cebgo,MNL-MNL,2024,8,58.536,14.23,3893.9,3937.18,3819.73,5789,6545
Cebgo,MNL-MPH,2024,8,1814.616,2.64,3416.93,3937.18,3949.21,5789,660
Cebgo,MNL-USU,2024,8,1814.616,52.25,5010.12,3937.18,5031.67,5789,139
Cebgo,MNL-WNP,2024,8,3219.48,100.0,10000.0,3937.18,10000.0,5789,55
Cebgo,MPH-CEB,2024,8,1287.792,10.82,5645.97,3416.3,3388.04,868,2180
Cebgo,MPH-MNL,2024,8,1814.616,1.91,3284.72,3416.3,3819.73,868,6545
Cebgo,OZC-CEB,2024,8,1697.544,77.22,6481.86,4144.76,3388.04,118,2180
Cebgo,PAG-CEB,2024,8,1931.688,100.0,10000.0,7136.58,3388.04,94,2180
Cebgo,SUG-CEB,2024,8,936.576,100.0,10000.0,10000.0,3388.04,16,2180
Cebgo,TAC-CEB,2024,8,2399.976,63.46,5362.34,3247.79,3388.04,486,2180
Cebgo,USU-CEB,2024,8,3746.304,67.25,5595.12,5726.61,3388.04,230,2180
Cebgo,USU-MNL,2024,8,5385.312,77.06,6464.49,5726.61,3819.73,230,6545
Cebgo,WNP-MNL,2024,8,3278.016,100.0,10000.0,10000.0,3819.73,56,6545
Cebu Pacific,BCD-DVO,2024,8,3326.796,100.0,10000.0,3442.77,5210.55,591,927
Cebu Pacific,BCD-MNL,2024,8,35061.438,46.29,3674.79,3442.77,3819.73,591,6545
Cebu Pacific,BXU-MNL,2024,8,17827.464,65.9,5505.62,4502.62,3819.73,249,6545
Cebu Pacific,CEB-CGY,2024,8,186.99,3.67,4697.85,3579.32,3614.14,2164,499
Cebu Pacific,CEB-CRK,2024,8,9375.516,96.68,9358.04,3579.32,8135.55,2164,215
Cebu Pacific,CEB-DVO,2024,8,22916.844,82.15,7059.84,3579.32,5210.55,2164,927
Cebu Pacific,CEB-GES,2024,8,3931.668,71.75,5946.12,3579.32,5909.67,2164,244
Cebu Pacific,CEB-ILO,2024,8,8806.416,68.5,5264.57,3579.32,4228.62,2164,704
Cebu Pacific,CEB-MNL,2024,8,70546.449,49.63,3823.29,3579.32,3819.73,2164,6545
Cebu Pacific,CEB-MPH,2024,8,8770.644,81.1,6916.02,3579.32,3949.21,2164,660
Cebu Pacific,CEB-PPS,2024,8,6502.374,93.63,8807.15,3579.32,3988.97,2164,385
Cebu Pacific,CGY-ILO,2024,8,2721.924,100.0,10000.0,3609.32,4228.62,531,704
Cebu Pacific,CGY-MNL,2024,8,30734.652,46.07,3910.26,3609.32,3819.73,531,6545
Cebu Pacific,CRK-CEB,2024,8,7258.464,98.54,9712.26,7923.31,3388.04,137,2180
Cebu Pacific,CRK-MPH,2024,8,8165.772,100.0,10000.0,7923.31,3949.21,137,660
Cebu Pacific,CYZ-MNL,2024,8,4687.758,100.0,10000.0,10000.0,3819.73,31,6545
Cebu Pacific,DGT-MNL,2024,8,13307.184,60.54,5222.18,4609.6,3819.73,172,6545
Cebu Pacific,DPL-MNL,2024,8,6653.592,58.67,5150.34,5150.22,3819.73,75,6545
Cebu Pacific,DRP-DRP,2024,8,186.99,100.0,10000.0,4893.9,4872.03,173,177
Cebu Pacific,DRP-MNL,2024,8,13173.852,50.9,5001.62,4893.9,3819.73,173,6545
Cebu Pacific,DVO-BCD,2024,8,2873.142,100.0,10000.0,5175.37,3282.53,969,528
Cebu Pacific,DVO-CEB,2024,8,22765.626,82.39,7098.22,5175.37,3388.04,969,2180
Cebu Pacific,DVO-ILO,2024,8,302.436,100.0,10000.0,5175.37,4228.62,969,704
Cebu Pacific,DVO-MNL,2024,8,71087.094,55.79,5067.05,5175.37,3819.73,969,6545
Cebu Pacific,DVO-TAG,2024,8,4687.758,78.66,6642.79,5175.37,3960.42,969,326
Cebu Pacific,GES-CEB,2024,8,3931.668,74.77,6227.11,5908.94,3388.04,238,2180
Cebu Pacific,GES-ILO,2024,8,2721.924,100.0,10000.0,5908.94,4228.62,238,704
Cebu Pacific,GES-MNL,2024,8,29249.301,69.05,5725.8,5908.94,3819.73,238,6545
Cebu Pacific,ILO-CEB,2024,8,9713.724,70.37,5460.64,3896.46,3388.04,750,2180
Cebu Pacific,ILO-CGY,2024,8,2721.924,100.0,10000.0,3896.46,3614.14,750,499
Cebu Pacific,ILO-DVO,2024,8,302.436,100.0,10000.0,3896.46,5210.55,750,927
Cebu Pacific,ILO-GES,2024,8,2721.924,100.0,10000.0,3896.46,5909.67,750,244
Cebu Pacific,ILO-MNL,2024,8,43113.39,47.05,3629.97,3896.46,3819.73,750,6545
Cebu Pacific,ILO-PPS,2024,8,1965.834,100.0,10000.0,3896.46,3988.97,750,385
Cebu Pacific,KLO-MNL,2024,8,4536.54,24.39,6311.74,6311.72,3819.73,123,6545
Cebu Pacific,LAO-MNL,2024,8,4234.104,34.49,5481.12,5481.4,3819.73,85,6545
Cebu Pacific,MNL-BAG,2024,8,373.98,100.0,10000.0,3937.18,10000.0,5789,2
Cebu Pacific,MNL-BCD,2024,8,29033.856,44.18,3549.24,3937.18,3282.53,5789,528
Cebu Pacific,MNL-BXU,2024,8,17676.246,64.98,5448.8,3937.18,4744.27,5789,233
Cebu Pacific,MNL-CEB,2024,8,59175.018,46.33,3621.99,3937.18,3388.04,5789,2180
Cebu Pacific,MNL-CGY,2024,8,30619.206,49.38,3927.25,3937.18,3614.14,5789,499
Cebu Pacific,MNL-CYZ,2024,8,4687.758,100.0,10000.0,3937.18,10000.0,5789,31
Cebu Pacific,MNL-DGT,2024,8,16785.198,66.32,5532.68,3937.18,4974.36,5789,193
Cebu Pacific,MNL-DPL,2024,8,6804.81,60.81,5233.71,3937.18,5233.75,5789,74
Cebu Pacific,MNL-DRP,2024,8,13173.852,50.1,4978.16,3937.18,4872.03,5789,177
Cebu Pacific,MNL-DVO,2024,8,67275.75,56.43,5082.69,3937.18,5210.55,5789,927
Cebu Pacific,MNL-GES,2024,8,29814.336,69.45,5756.6,3937.18,5909.67,5789,244
Cebu Pacific,MNL-ILO,2024,8,44848.332,52.89,3910.23,3937.18,4228.62,5789,704
Cebu Pacific,MNL-KLO,2024,8,4536.54,24.39,6311.74,3937.18,6311.72,5789,123
Cebu Pacific,MNL-LAO,2024,8,4234.104,34.07,5507.53,3937.18,5507.79,5789,86
Cebu Pacific,MNL-MNL,2024,8,186.99,45.45,3893.9,3937.18,3819.73,5789,6545
Cebu Pacific,MNL-MPH,2024,8,30697.254,44.64,3416.93,3937.18,3949.21,5789,660
Cebu Pacific,MNL-OZC,2024,8,7409.682,61.25,5253.12,3937.18,4251.28,5789,113
Cebu Pacific,MNL-PAG,2024,8,9677.952,100.0,10000.0,3937.18,7170.5,5789,98
Cebu Pacific,MNL-PPS,2024,8,23734.722,47.02,3618.58,3937.18,3988.97,5789,385
Cebu Pacific,MNL-RXS,2024,8,9073.08,57.69,4341.63,3937.18,4341.72,5789,104
Cebu Pacific,MNL-TAC,2024,8,22380.264,45.31,3782.42,3937.18,3573.82,5789,379
Cebu Pacific,MNL-TAG,2024,8,21612.792,49.3,3758.98,3937.18,3960.42,5789,326
Cebu Pacific,MNL-TUG,2024,8,9375.516,72.94,6052.49,3937.18,6052.6,5789,85
Cebu Pacific,MNL-VRC,2024,8,4990.194,100.0,10000.0,3937.18,10000.0,5789,33
Cebu Pacific,MPH-CEB,2024,8,8619.426,72.45,5645.97,3416.3,3388.04,868,2180
Cebu Pacific,MPH-CRK,2024,8,10887.696,100.0,10000.0,3416.3,8135.55,868,215
Cebu Pacific,MPH-MNL,2024,8,32663.088,34.4,3284.72,3416.3,3819.73,868,6545
Cebu Pacific,MPH-MPH,2024,8,453.654,100.0,10000.0,3416.3,3949.21,868,660
Cebu Pacific,NRT-CRK,2024,8,4536.54,100.0,10000.0,10000.0,8135.55,30,215
Cebu Pacific,OZC-MNL,2024,8,7409.682,61.25,5253.12,4144.76,3819.73,118,6545
Cebu Pacific,PAG-MNL,2024,8,9224.298,100.0,10000.0,7136.58,3819.73,94,6545
Cebu Pacific,PPS-CEB,2024,8,6502.374,96.71,9363.65,4070.34,3388.04,382,2180
Cebu Pacific,PPS-ILO,2024,8,1965.834,100.0,10000.0,4070.34,4228.62,382,704
Cebu Pacific,PPS-MNL,2024,8,24037.158,46.3,3740.78,4070.34,3819.73,382,6545
Cebu Pacific,RXS-MNL,2024,8,9224.298,58.1,4369.54,4369.16,3819.73,105,6545
Cebu Pacific,TAC-MNL,2024,8,26916.804,42.21,3526.35,3247.79,3819.73,486,6545
Cebu Pacific,TAG-DVO,2024,8,4687.758,80.15,6818.05,3947.06,5210.55,377,927
Cebu Pacific,TAG-MNL,2024,8,26625.75,50.45,3776.11,3947.06,3819.73,377,6545
Cebu Pacific,TUG-MNL,2024,8,16331.544,82.44,7104.71,7105.06,3819.73,131,6545
Cebu Pacific,TWT-ZAM,2024,8,1209.744,44.44,5061.83,5308.72,6971.34,27,43
Cebu Pacific,VRC-MNL,2024,8,302.436,100.0,10000.0,10000.0,3819.73,2,6545
Cebu Pacific,ZAM-CEB,2024,8,4687.758,88.52,7967.58,6017.0,3388.04,316,2180
Cebu Pacific,ZAM-MNL,2024,8,23394.888,68.85,5710.64,6017.0,3819.73,316,6545
Cebu Pacific,ZAM-TWT,2024,8,5897.502,78.0,6568.0,6017.0,6075.0,316,59
Philippine Airlines,BCD-CEB,2024,8,1593.376,30.3,5776.18,3442.77,3388.04,591,2180
Philippine Airlines,BCD-MNL,2024,8,25258.08,33.55,3674.79,3442.77,3819.73,591,6545
Philippine Airlines,BPA-CEB,2024,8,384.608,100.0,10000.0,10000.0,3388.04,7,2180
Philippine Airlines,BSO-CRK,2024,8,879.104,100.0,10000.0,10000.0,8135.55,16,215
Philippine Airlines,BXU-CEB,2024,8,1373.6,33.44,5548.47,4502.62,3388.04,249,2180
Philippine Airlines,BXU-MNL,2024,8,9167.568,34.1,5505.62,4502.62,3819.73,249,6545
Philippine Airlines,CBO-CEB,2024,8,494.496,100.0,10000.0,10000.0,3388.04,49,2180
Philippine Airlines,CBO-MNL,2024,8,4658.928,100.0,10000.0,10000.0,3819.73,49,6545
Philippine Airlines,CBO-TWT,2024,8,494.496,100.0,10000.0,10000.0,6075.0,49,59
Philippine Airlines,CEB-BCD,2024,8,1703.264,31.76,5532.24,3579.32,3282.53,2164,528
Philippine Airlines,CEB-BPA,2024,8,494.496,100.0,10000.0,3579.32,10000.0,2164,9
Philippine Airlines,CEB-BXU,2024,8,1483.488,47.66,5010.95,3579.32,4744.27,2164,233
Philippine Airlines,CEB-CBO,2024,8,494.496,100.0,10000.0,3579.32,10000.0,2164,49
Philippine Airlines,CEB-CEB,2024,8,109.888,10.13,5803.84,3579.32,3388.04,2164,2180
Philippine Airlines,CEB-CGY,2024,8,2197.76,43.44,4697.85,3579.32,3614.14,2164,499
Philippine Airlines,CEB-DVO,2024,8,4890.016,17.64,7059.84,3579.32,5210.55,2164,927
Philippine Airlines,CEB-GES,2024,8,1538.432,28.25,5946.12,3579.32,5909.67,2164,244
Philippine Airlines,CEB-IAO,2024,8,2747.2,32.78,5425.54,3579.32,5022.16,2164,261
Philippine Airlines,CEB-ILO,2024,8,2802.144,21.93,5264.57,3579.32,4228.62,2164,704
Philippine Airlines,CEB-MNL,2024,8,45479.088,32.2,3823.29,3579.32,3819.73,2164,6545
Philippine Airlines,CEB-MPH,2024,8,1977.984,18.4,6916.02,3579.32,3949.21,2164,660
Philippine Airlines,CEB-OZC,2024,8,439.552,23.21,6435.41,3579.32,4251.28,2164,113
Philippine Airlines,CEB-PPS,2024,8,439.552,6.37,8807.15,3579.32,3988.97,2164,385
Philippine Airlines,CEB-TAC,2024,8,1483.488,48.57,5004.09,3579.32,3573.82,2164,379
Philippine Airlines,CEB-USU,2024,8,1868.096,50.88,5001.55,3579.32,5031.67,2164,139
Philippine Airlines,CGY-CEB,2024,8,2197.76,45.09,5048.22,3609.32,3388.04,531,2180
Philippine Airlines,CGY-MNL,2024,8,26444.224,39.88,3910.26,3609.32,3819.73,531,6545
Philippine Airlines,CRK-BSO,2024,8,879.104,100.0,10000.0,7923.31,10000.0,137,47
Philippine Airlines,CRK-CRK,2024,8,54.944,34.0,5512.0,7923.31,8135.55,137,215
Philippine Airlines,CRK-MNL,2024,8,150.288,100.0,10000.0,7923.31,3819.73,137,6545
Philippine Airlines,CRK-USU,2024,8,714.272,100.0,10000.0,7923.31,5031.67,137,139
Philippine Airlines,CRM-MNL,2024,8,934.048,100.0,10000.0,10000.0,3819.73,17,6545
Philippine Airlines,CYP-MNL,2024,8,714.272,100.0,10000.0,5021.48,3819.73,27,6545
Philippine Airlines,DGT-MNL,2024,8,8621.36,39.46,5222.18,4609.6,3819.73,172,6545
Philippine Airlines,DPL-MNL,2024,8,4658.928,41.33,5150.34,5150.22,3819.73,75,6545
Philippine Airlines,DRP-MNL,2024,8,12627.424,49.1,5001.62,4893.9,3819.73,173,6545
Philippine Airlines,DVO-CEB,2024,8,4835.072,17.61,7098.22,5175.37,3388.04,969,2180
Philippine Airlines,DVO-MNL,2024,8,55996.016,44.21,5067.05,5175.37,3819.73,969,6545
Philippine Airlines,DVO-TAG,2024,8,1263.712,21.34,6642.79,5175.37,3960.42,969,326
Philippine Airlines,EUQ-MNL,2024,8,769.216,100.0,10000.0,10000.0,3819.73,14,6545
Philippine Airlines,GES-CEB,2024,8,1318.656,25.23,6227.11,5908.94,3388.04,238,2180
Philippine Airlines,GES-MNL,2024,8,13031.424,30.95,5725.8,5908.94,3819.73,238,6545
Philippine Airlines,IAO-CEB,2024,8,2802.144,31.69,5509.47,4447.01,3388.04,248,2180
Philippine Airlines,IAO-MNL,2024,8,3626.304,100.0,10000.0,4447.01,3819.73,248,6545
Philippine Airlines,ILO-CEB,2024,8,2842.544,20.72,5460.64,3896.46,3388.04,750,2180
Philippine Airlines,ILO-MNL,2024,8,21664.096,23.79,3629.97,3896.46,3819.73,750,6545
Philippine Airlines,LAO-MNL,2024,8,7994.352,65.51,5481.12,5481.4,3819.73,85,6545
Philippine Airlines,MNL-BCD,2024,8,21130.816,32.35,3549.24,3937.18,3282.53,5789,528
Philippine Airlines,MNL-BSO,2024,8,1703.264,100.0,10000.0,3937.18,10000.0,5789,47
Philippine Airlines,MNL-BXU,2024,8,9468.144,35.02,5448.8,3937.18,4744.27,5789,233
Philippine Airlines,MNL-CBO,2024,8,4658.928,100.0,10000.0,3937.18,10000.0,5789,49
Philippine Airlines,MNL-CEB,2024,8,40159.216,31.64,3621.99,3937.18,3388.04,5789,2180
Philippine Airlines,MNL-CGY,2024,8,21880.64,35.5,3927.25,3937.18,3614.14,5789,499
Philippine Airlines,MNL-CRM,2024,8,988.992,100.0,10000.0,3937.18,10000.0,5789,18
Philippine Airlines,MNL-CYP,2024,8,769.216,100.0,10000.0,3937.18,5004.08,5789,28
Philippine Airlines,MNL-DGT,2024,8,8471.072,33.68,5532.68,3937.18,4974.36,5789,193
Philippine Airlines,MNL-DPL,2024,8,4358.352,39.19,5233.71,3937.18,5233.75,5789,74
Philippine Airlines,MNL-DRP,2024,8,12982.944,49.68,4978.16,3937.18,4872.03,5789,177
Philippine Airlines,MNL-DVO,2024,8,51618.272,43.57,5082.69,3937.18,5210.55,5789,927
Philippine Airlines,MNL-EUQ,2024,8,769.216,100.0,10000.0,3937.18,10000.0,5789,14
Philippine Airlines,MNL-GES,2024,8,13031.424,30.55,5756.6,3937.18,5909.67,5789,244
Philippine Airlines,MNL-IAO,2024,8,5549.344,100.0,10000.0,3937.18,5022.16,5789,261
Philippine Airlines,MNL-ILO,2024,8,20912.656,24.82,3910.23,3937.18,4228.62,5789,704
Philippine Airlines,MNL-LAO,2024,8,8144.64,65.93,5507.53,3937.18,5507.79,5789,86
Philippine Airlines,MNL-MNL,2024,8,164.832,40.32,3893.9,3937.18,3819.73,5789,6545
Philippine Airlines,MNL-MPH,2024,8,20550.672,30.07,3416.93,3937.18,3949.21,5789,660
Philippine Airlines,MNL-OZC,2024,8,4658.928,38.75,5253.12,3937.18,4251.28,5789,113
Philippine Airlines,MNL-PPS,2024,8,12606.416,25.13,3618.58,3937.18,3988.97,5789,385
Philippine Airlines,MNL-RXS,2024,8,4508.64,28.85,4341.63,3937.18,4341.72,5789,104
Philippine Airlines,MNL-TAC,2024,8,18734.288,38.16,3782.42,3937.18,3573.82,5789,379
Philippine Airlines,MNL-TAG,2024,8,13070.208,30.0,3758.98,3937.18,3960.42,5789,326
Philippine Airlines,MNL-TUG,2024,8,3456.624,27.06,6052.49,3937.18,6052.6,5789,85
Philippine Airlines,MNL-USU,2024,8,1648.32,47.75,5010.12,3937.18,5031.67,5789,139
Philippine Airlines,MNL-ZAM,2024,8,3757.2,100.0,10000.0,3937.18,6971.34,5789,43
Philippine Airlines,MPH-CEB,2024,8,1977.984,16.73,5645.97,3416.3,3388.04,868,2180
Philippine Airlines,MPH-MNL,2024,8,24484.016,25.95,3284.72,3416.3,3819.73,868,6545
Philippine Airlines,OZC-CEB,2024,8,497.728,22.78,6481.86,4144.76,3388.04,118,2180
Philippine Airlines,OZC-MNL,2024,8,4658.928,38.75,5253.12,4144.76,3819.73,118,6545
Philippine Airlines,PPS-CEB,2024,8,219.776,3.29,9363.65,4070.34,3388.04,382,2180
Philippine Airlines,PPS-MNL,2024,8,18394.928,35.65,3740.78,4070.34,3819.73,382,6545
Philippine Airlines,RXS-MNL,2024,8,4508.64,28.57,4369.54,4369.16,3819.73,105,6545
Philippine Airlines,TAC-CEB,2024,8,1373.6,36.54,5362.34,3247.79,3388.04,486,2180
Philippine Airlines,TAC-MNL,2024,8,14419.568,22.75,3526.35,3247.79,3819.73,486,6545
Philippine Airlines,TAG-DVO,2024,8,1153.824,19.85,6818.05,3947.06,5210.55,377,927
Philippine Airlines,TAG-MNL,2024,8,13671.36,26.06,3776.11,3947.06,3819.73,377,6545
Philippine Airlines,TUG-MNL,2024,8,3456.624,17.56,7104.71,7105.06,3819.73,131,6545
Philippine Airlines,TWT-CBO,2024,8,494.496,100.0,10000.0,5308.72,10000.0,27,49
Philippine Airlines,TWT-ZAM,2024,8,1502.88,55.56,5061.83,5308.72,6971.34,27,43
Philippine Airlines,USU-CEB,2024,8,1813.152,32.75,5595.12,5726.61,3388.04,230,2180
Philippine Airlines,USU-CRK,2024,8,659.328,100.0,10000.0,5726.61,8135.55,230,215
Philippine Airlines,USU-MNL,2024,8,1593.376,22.94,6464.49,5726.61,3819.73,230,6545
Philippine Airlines,ZAM-CEB,2024,8,604.384,11.48,7967.58,6017.0,3388.04,316,2180
Philippine Airlines,ZAM-MNL,2024,8,10520.16,31.15,5710.64,6017.0,3819.73,316,6545
Philippine Airlines,ZAM-TWT,2024,8,1653.168,22.0,6568.0,6017.0,6075.0,316,59
Sunlight Air,CEB-BCD,2024,8,56.1,0.99,5532.24,3579.32,3282.53,2164,528
Sunlight Air,CEB-CEB,2024,8,841.5,73.77,5803.84,3579.32,3388.04,2164,2180
Sunlight Air,CEB-CRK,2024,8,336.6,3.32,9358.04,3579.32,8135.55,2164,215
Sunlight Air,CEB-IAO,2024,8,112.2,1.27,5425.54,3579.32,5022.16,2164,261
Sunlight Air,CEB-MBO,2024,8,56.1,100.0,10000.0,3579.32,10000.0,2164,1
Sunlight Air,CEB-MNL,2024,8,280.5,0.19,3823.29,3579.32,3819.73,2164,6545
Sunlight Air,CEB-MPH,2024,8,56.1,0.5,6916.02,3579.32,3949.21,2164,660
Sunlight Air,CEB-SFS,2024,8,56.1,100.0,10000.0,3579.32,10000.0,2164,1
Sunlight Air,CEB-SUG,2024,8,504.9,32.67,5600.66,3579.32,5600.43,2164,26
Sunlight Air,CRK-CEB,2024,8,112.2,1.46,9712.26,7923.31,3388.04,137,2180
Sunlight Air,CRK-CRK,2024,8,112.2,66.0,5512.0,7923.31,8135.55,137,215
Sunlight Air,IAO-CEB,2024,8,112.2,1.21,5509.47,4447.01,3388.04,248,2180
Sunlight Air,IAO-CRK,2024,8,785.4,100.0,10000.0,4447.01,8135.55,248,215
Sunlight Air,MNL-CEB,2024,8,336.6,0.25,3621.99,3937.18,3388.04,5789,2180
AirAsia,BCD-MNL,2024,9,13905.36,18.37,3695.03,3582.19,3740.03,509,6030
AirAsia,CEB-MNL,2024,9,25327.62,17.9,3722.38,3423.72,3740.03,1897,6030
AirAsia,CGY-MNL,2024,9,9766.86,14.75,3952.59,3557.03,3740.03,535,6030
AirAsia,ILO-MNL,2024,9,27766.22,32.5,3426.59,3685.88,3740.03,612,6030
AirAsia,KLO-MNL,2024,9,13408.74,78.64,6640.5,6640.59,3740.03,103,6030
AirAsia,MNL-BCD,2024,9,13905.36,21.29,3569.81,3855.77,3440.42,5337,454
AirAsia,MNL-CEB,2024,9,27645.18,21.42,3505.4,3855.77,3258.58,5337,1862
AirAsia,MNL-CGY,2024,9,9766.86,15.19,3966.72,3855.77,3563.22,5337,508
AirAsia,MNL-ILO,2024,9,19202.64,25.17,3551.41,3855.77,3929.0,5337,563
AirAsia,MNL-KLO,2024,9,13408.74,79.41,6729.9,3855.77,6640.59,5337,103
AirAsia,MNL-MPH,2024,9,16057.38,22.42,3442.95,3855.77,3698.71,5337,577
AirAsia,MNL-PPS,2024,9,13739.82,27.05,3628.14,3855.77,3832.5,5337,383
AirAsia,MNL-RXS,2024,9,1986.48,13.79,4143.88,3855.77,4144.54,5337,87
AirAsia,MNL-TAC,2024,9,8773.62,16.74,3771.4,3855.77,3531.83,5337,365
AirAsia,MNL-TAG,2024,9,7614.84,17.18,3892.91,3855.77,4104.2,5337,303
AirAsia,MPH-MNL,2024,9,36418.8,37.14,3262.39,3312.47,3740.03,742,6030
AirAsia,MPH-MPH,2024,9,165.54,72.09,5975.94,3312.47,3698.71,742,577
AirAsia,PPS-MNL,2024,9,8773.62,16.65,3792.51,4024.62,3740.03,367,6030
AirAsia,RXS-MNL,2024,9,1986.48,13.48,4106.97,4106.8,3740.03,89,6030
AirAsia,TAC-MNL,2024,9,23916.08,35.27,3552.97,3266.38,3740.03,470,6030
AirAsia,TAG-MNL,2024,9,11091.18,21.2,3844.98,4049.93,3740.03,342,6030
Cebgo,BCD-CEB,2024,9,1701.504,45.86,5034.28,3582.19,3258.58,509,1862
Cebgo,BXU-CEB,2024,9,1762.272,56.13,5075.15,4679.66,3258.58,221,1862
Cebgo,CEB-BCD,2024,9,1762.272,46.73,5021.39,3423.72,3440.42,1897,454
Cebgo,CEB-BXU,2024,9,1762.272,56.13,5075.15,3423.72,4690.74,1897,220
Cebgo,CEB-CEB,2024,9,243.072,38.3,4321.69,3423.72,3258.58,1897,1862
Cebgo,CEB-CGM,2024,9,1883.808,100.0,10000.0,3423.72,10000.0,1897,31
Cebgo,CEB-CGY,2024,9,3524.544,52.75,5015.12,3423.72,3563.22,1897,508
Cebgo,CEB-CYP,2024,9,850.752,100.0,10000.0,3423.72,5055.4,1897,26
Cebgo,CEB-DGT,2024,9,789.984,100.0,10000.0,3423.72,5152.77,1897,182
Cebgo,CEB-DRP,2024,9,60.768,100.0,10000.0,3423.72,4980.88,1897,168
Cebgo,CEB-IAO,2024,9,4982.976,69.57,5719.72,3423.72,4973.06,1897,231
Cebgo,CEB-OZC,2024,9,1762.272,77.33,6493.86,3423.72,4135.84,1897,113
Cebgo,CEB-PAG,2024,9,1823.04,100.0,10000.0,3423.72,7342.61,1897,92
Cebgo,CEB-SUG,2024,9,789.984,93.41,8768.86,3423.72,8769.41,1897,14
Cebgo,CEB-TAC,2024,9,1762.272,59.39,5176.34,3423.72,3531.83,1897,365
Cebgo,CEB-USU,2024,9,486.144,25.31,6219.19,3423.72,5298.05,1897,96
Cebgo,CGM-CEB,2024,9,1823.04,100.0,10000.0,10000.0,3258.58,30,1862
Cebgo,CGY-CEB,2024,9,3585.312,54.1,5033.62,3557.03,3258.58,535,1862
Cebgo,CGY-DVO,2024,9,789.984,100.0,10000.0,3557.03,5002.83,535,831
Cebgo,CYP-CEB,2024,9,850.752,100.0,10000.0,5109.61,3258.58,25,1862
Cebgo,DGT-CEB,2024,9,668.448,100.0,10000.0,4901.16,3258.58,159,1862
Cebgo,DVO-CGY,2024,9,729.216,100.0,10000.0,4952.33,3563.22,871,508
Cebgo,DVO-IAO,2024,9,789.984,100.0,10000.0,4952.33,4973.06,871,231
Cebgo,IAO-CEB,2024,9,5712.192,72.9,6048.82,4404.43,3258.58,227,1862
Cebgo,IAO-DVO,2024,9,729.216,100.0,10000.0,4404.43,5002.83,227,831
Cebgo,MNL-CEB,2024,9,60.768,0.05,3505.4,3855.77,3258.58,5337,1862
Cebgo,MNL-MBT,2024,9,182.304,100.0,10000.0,3855.77,10000.0,5337,3
Cebgo,MNL-MPH,2024,9,1762.272,2.59,3442.95,3855.77,3698.71,5337,577
Cebgo,MNL-Not available,2024,9,60.768,100.0,10000.0,3855.77,10000.0,5337,1
Cebgo,MNL-USU,2024,9,1640.736,54.36,5038.02,3855.77,5298.05,5337,96
Cebgo,MNL-WNP,2024,9,3038.4,100.0,10000.0,3855.77,10000.0,5337,50
Cebgo,MPH-MNL,2024,9,1823.04,1.96,3262.39,3312.47,3740.03,742,6030
Cebgo,MPH-MPH,2024,9,60.768,27.91,5975.94,3312.47,3698.71,742,577
Cebgo,OZC-CEB,2024,9,1823.04,77.92,6559.05,4098.22,3258.58,115,1862
Cebgo,PAG-CEB,2024,9,1579.968,100.0,10000.0,7351.61,3258.58,80,1862
Cebgo,SUG-CEB,2024,9,729.216,100.0,10000.0,10000.0,3258.58,12,1862
Cebgo,TAC-CEB,2024,9,2491.488,66.37,5535.95,3266.38,3258.58,470,1862
Cebgo,USU-CEB,2024,9,1883.808,60.98,5241.12,5432.72,3258.58,159,1862
Cebgo,USU-MNL,2024,9,4314.528,75.76,6278.03,5432.72,3740.03,159,6030
Cebgo,WNP-MNL,2024,9,2977.632,100.0,10000.0,10000.0,3740.03,49,6030
Cebu Pacific,BCD-DVO,2024,9,2115.064,100.0,10000.0,3582.19,5002.83,509,831
Cebu Pacific,BCD-MNL,2024,9,31879.568,44.41,3695.03,3582.19,3740.03,509,6030
Cebu Pacific,BXU-MNL,2024,9,17102.816,64.31,5409.55,4679.66,3740.03,221,6030
Cebu Pacific,CEB-CRK,2024,9,5060.624,89.2,8073.28,3423.72,6904.27,1897,135
Cebu Pacific,CEB-DVO,2024,9,19212.816,76.65,6420.45,3423.72,5002.83,1897,831
Cebu Pacific,CEB-GES,2024,9,784.92,35.36,5428.66,3423.72,5047.22,1897,187
Cebu Pacific,CEB-ILO,2024,9,9822.472,79.18,6702.94,3423.72,3929.0,1897,563
Cebu Pacific,CEB-MNL,2024,9,62305.768,46.43,3722.38,3423.72,3740.03,1897,6030
Cebu Pacific,CEB-MPH,2024,9,4395.552,67.43,5607.61,3423.72,3698.71,1897,577
Cebu Pacific,CEB-PPS,2024,9,4746.656,65.27,5466.35,3423.72,3832.5,1897,383
Cebu Pacific,CEB-ZAM,2024,9,313.968,100.0,10000.0,3423.72,7714.68,1897,38
Cebu Pacific,CGY-ILO,2024,9,2226.472,100.0,10000.0,3557.03,3929.0,535,563
Cebu Pacific,CGY-MNL,2024,9,31221.248,49.74,3952.59,3557.03,3740.03,535,6030
Cebu Pacific,CRK-CEB,2024,9,3019.832,96.44,9313.35,6870.69,3258.58,83,1862
Cebu Pacific,CRK-MNL,2024,9,156.984,100.0,10000.0,6870.69,3740.03,83,6030
Cebu Pacific,CRK-MPH,2024,9,4866.504,100.0,10000.0,6870.69,3698.71,83,577
Cebu Pacific,CYZ-MNL,2024,9,3924.6,100.0,10000.0,10000.0,3740.03,25,6030
Cebu Pacific,DGT-MNL,2024,9,13814.592,59.46,5178.98,4901.16,3740.03,159,6030
Cebu Pacific,DPL-MNL,2024,9,6593.328,57.53,5113.4,5113.53,3740.03,73,6030
Cebu Pacific,DRP-MNL,2024,9,12548.592,47.39,5013.62,5013.66,3740.03,167,6030
Cebu Pacific,DVO-BCD,2024,9,2115.064,100.0,10000.0,4952.33,3440.42,871,454
Cebu Pacific,DVO-CEB,2024,9,18898.848,76.89,6446.14,4952.33,3258.58,871,1862
Cebu Pacific,DVO-MNL,2024,9,55223.764,48.29,5005.85,4952.33,3740.03,871,6030
Cebu Pacific,DVO-TAG,2024,9,4746.656,84.65,7401.25,4952.33,4104.2,871,303
Cebu Pacific,GES-CEB,2024,9,784.92,36.3,5375.38,5032.91,3258.58,183,1862
Cebu Pacific,GES-GES,2024,9,194.12,100.0,10000.0,5032.91,5047.22,183,187
Cebu Pacific,GES-ILO,2024,9,784.92,100.0,10000.0,5032.91,3929.0,183,563
Cebu Pacific,GES-MNL,2024,9,19612.028,53.88,5030.11,5032.91,3740.03,183,6030
Cebu Pacific,ILO-CEB,2024,9,9822.472,79.92,6790.41,3685.88,3258.58,612,1862
Cebu Pacific,ILO-CGY,2024,9,2226.472,100.0,10000.0,3685.88,3563.22,612,508
Cebu Pacific,ILO-GES,2024,9,784.92,100.0,10000.0,3685.88,5047.22,612,187
Cebu Pacific,ILO-KLO,2024,9,156.984,100.0,10000.0,3685.88,6640.59,612,103
Cebu Pacific,ILO-MNL,2024,9,32861.984,40.56,3426.59,3685.88,3740.03,612,6030
Cebu Pacific,ILO-PPS,2024,9,2040.792,100.0,10000.0,3685.88,3832.5,612,383
Cebu Pacific,KLO-MNL,2024,9,3453.648,21.36,6640.5,6640.59,3740.03,103,6030
Cebu Pacific,LAO-MNL,2024,9,2825.712,27.5,6012.5,6012.8,3740.03,68,6030
Cebu Pacific,MNL-BCD,2024,9,26287.224,42.43,3569.81,3855.77,3440.42,5337,454
Cebu Pacific,MNL-BXU,2024,9,17102.816,64.69,5431.59,3855.77,4690.74,5337,220
Cebu Pacific,MNL-CEB,2024,9,51765.052,42.3,3505.4,3855.77,3258.58,5337,1862
Cebu Pacific,MNL-CGY,2024,9,30944.416,50.76,3966.72,3855.77,3563.22,5337,508
Cebu Pacific,MNL-CYZ,2024,9,4081.584,100.0,10000.0,3855.77,10000.0,5337,26
Cebu Pacific,MNL-DGT,2024,9,17268.24,65.09,5455.42,3855.77,5152.77,5337,182
Cebu Pacific,MNL-DPL,2024,9,6750.312,58.9,5158.42,3855.77,5158.57,5337,73
Cebu Pacific,MNL-DRP,2024,9,12899.696,48.64,5003.7,3855.77,4980.88,5337,168
Cebu Pacific,MNL-DVO,2024,9,54298.74,50.63,5000.79,3855.77,5002.83,5337,831
Cebu Pacific,MNL-GES,2024,9,20429.864,54.83,5046.66,3855.77,5047.22,5337,187
Cebu Pacific,MNL-ILO,2024,9,32630.728,45.1,3551.41,3855.77,3929.0,5337,563
Cebu Pacific,MNL-KLO,2024,9,3296.664,20.59,6729.9,3855.77,6640.59,5337,103
Cebu Pacific,MNL-LAO,2024,9,2825.712,27.08,6050.65,3855.77,6050.38,5337,69
Cebu Pacific,MNL-MNL,2024,9,351.104,75.36,6286.26,3855.77,3740.03,5337,6030
Cebu Pacific,MNL-MPH,2024,9,30768.864,45.3,3442.95,3855.77,3698.71,5337,577
Cebu Pacific,MNL-OZC,2024,9,7378.248,62.67,5321.06,3855.77,4135.84,5337,113
Cebu Pacific,MNL-PAG,2024,9,9733.008,100.0,10000.0,3855.77,7342.61,5337,92
Cebu Pacific,MNL-PPS,2024,9,22801.504,47.34,3628.14,3855.77,3832.5,5337,383
Cebu Pacific,MNL-RXS,2024,9,7378.248,54.02,4143.88,3855.77,4144.54,5337,87
Cebu Pacific,MNL-TAC,2024,9,22448.712,45.17,3771.4,3855.77,3531.83,5337,365
Cebu Pacific,MNL-TAG,2024,9,21260.36,50.58,3892.91,3855.77,4104.2,5337,303
Cebu Pacific,MNL-TUG,2024,9,8320.152,73.61,6114.86,3855.77,6114.97,5337,72
Cebu Pacific,MNL-VRC,2024,9,4552.536,100.0,10000.0,3855.77,10000.0,5337,29
Cebu Pacific,MNL-ZAM,2024,9,156.984,4.0,9232.0,3855.77,7714.68,5337,38
Cebu Pacific,MPH-CEB,2024,9,4709.52,69.51,5761.28,3312.47,3258.58,742,1862
Cebu Pacific,MPH-CRK,2024,9,5337.456,100.0,10000.0,3312.47,6904.27,742,135
Cebu Pacific,MPH-MNL,2024,9,31553.784,33.93,3262.39,3312.47,3740.03,742,6030
Cebu Pacific,NRT-CRK,2024,9,2825.712,100.0,10000.0,10000.0,6904.27,18,135
Cebu Pacific,OZC-MNL,2024,9,7378.248,61.84,5280.37,4098.22,3740.03,115,6030
Cebu Pacific,PAG-MNL,2024,9,8477.136,100.0,10000.0,7351.61,3740.03,80,6030
Cebu Pacific,PPS-CEB,2024,9,4746.656,78.24,6595.0,4024.62,3258.58,367,1862
Cebu Pacific,PPS-ILO,2024,9,2040.792,100.0,10000.0,4024.62,3929.0,367,563
Cebu Pacific,PPS-MNL,2024,9,23115.472,46.24,3792.51,4024.62,3740.03,367,6030
Cebu Pacific,RXS-MNL,2024,9,7378.248,52.81,4106.97,4106.8,3740.03,89,6030
Cebu Pacific,TAC-MNL,2024,9,27472.2,42.72,3552.97,3266.38,3740.03,470,6030
Cebu Pacific,TAG-DVO,2024,9,4746.656,86.42,7652.83,4049.93,5002.83,342,831
Cebu Pacific,TAG-MNL,2024,9,25531.0,51.47,3844.98,4049.93,3740.03,342,6030
Cebu Pacific,TUG-MNL,2024,9,14128.56,82.57,7121.61,7121.45,3740.03,109,6030
Cebu Pacific,TWT-ZAM,2024,9,313.968,18.18,7025.02,7592.65,7714.68,20,38
Cebu Pacific,USU-MNL,2024,9,60.768,1.07,6278.03,5432.72,3740.03,159,6030
Cebu Pacific,VRC-MNL,2024,9,156.984,100.0,10000.0,10000.0,3740.03,1,6030
Cebu Pacific,ZAM-CEB,2024,9,4866.504,86.71,7695.25,5970.13,3258.58,300,1862
Cebu Pacific,ZAM-MNL,2024,9,23307.904,68.59,5691.18,5970.13,3740.03,300,6030
Cebu Pacific,ZAM-TWT,2024,9,4866.504,77.5,6512.5,5970.13,5933.94,300,49
Philippine Airlines,BCD-CEB,2024,9,1923.04,54.14,5034.28,3582.19,3258.58,509,1862
Philippine Airlines,BCD-MNL,2024,9,25574.816,37.22,3695.03,3582.19,3740.03,509,6030
Philippine Airlines,BPA-CEB,2024,9,714.272,100.0,10000.0,10000.0,3258.58,13,1862
Philippine Airlines,BSO-CRK,2024,9,604.384,100.0,10000.0,10000.0,6904.27,11,135
Philippine Airlines,BXU-CEB,2024,9,1318.656,43.87,5075.15,4679.66,3258.58,221,1862
Philippine Airlines,BXU-MNL,2024,9,9088.384,35.69,5409.55,4679.66,3740.03,221,6030
Philippine Airlines,CBO-CBO,2024,9,150.288,100.0,10000.0,10000.0,10000.0,63,61
Philippine Airlines,CBO-CEB,2024,9,494.496,100.0,10000.0,10000.0,3258.58,63,1862
Philippine Airlines,CBO-MNL,2024,9,6312.096,100.0,10000.0,10000.0,3740.03,63,6030
Philippine Airlines,CBO-TAG,2024,9,300.576,100.0,10000.0,10000.0,4104.2,63,303
Philippine Airlines,CBO-TWT,2024,9,494.496,100.0,10000.0,10000.0,5933.94,63,49
Philippine Airlines,CEB-BCD,2024,9,1923.04,53.27,5021.39,3423.72,3440.42,1897,454
Philippine Airlines,CEB-BPA,2024,9,714.272,100.0,10000.0,3423.72,10000.0,1897,13
Philippine Airlines,CEB-BXU,2024,9,1318.656,43.87,5075.15,3423.72,4690.74,1897,220
Philippine Airlines,CEB-CBO,2024,9,494.496,100.0,10000.0,3423.72,10000.0,1897,61
Philippine Airlines,CEB-CEB,2024,9,54.944,9.04,4321.69,3423.72,3258.58,1897,1862
Philippine Airlines,CEB-CGY,2024,9,3021.92,47.25,5015.12,3423.72,3563.22,1897,508
Philippine Airlines,CEB-DVO,2024,9,5604.288,23.35,6420.45,3423.72,5002.83,1897,831
Philippine Airlines,CEB-GES,2024,9,1373.6,64.64,5428.66,3423.72,5047.22,1897,187
Philippine Airlines,CEB-IAO,2024,9,2032.928,29.65,5719.72,3423.72,4973.06,1897,231
Philippine Airlines,CEB-ILO,2024,9,2472.48,20.82,6702.94,3423.72,3929.0,1897,563
Philippine Airlines,CEB-MNL,2024,9,45353.04,35.3,3722.38,3423.72,3740.03,1897,6030
Philippine Airlines,CEB-MPH,2024,9,2032.928,32.57,5607.61,3423.72,3698.71,1897,577
Philippine Airlines,CEB-OZC,2024,9,494.496,22.67,6493.86,3423.72,4135.84,1897,113
Philippine Airlines,CEB-PPS,2024,9,2417.536,34.73,5466.35,3423.72,3832.5,1897,383
Philippine Airlines,CEB-TAC,2024,9,1153.824,40.61,5176.34,3423.72,3531.83,1897,365
Philippine Airlines,CEB-USU,2024,9,1373.6,74.69,6219.19,3423.72,5298.05,1897,96
Philippine Airlines,CGY-CEB,2024,9,2912.032,45.9,5033.62,3557.03,3258.58,535,1862
Philippine Airlines,CGY-MNL,2024,9,21339.28,35.51,3952.59,3557.03,3740.03,535,6030
Philippine Airlines,CRK-BSO,2024,9,714.272,100.0,10000.0,6870.69,10000.0,83,35
Philippine Airlines,CRK-USU,2024,9,659.328,100.0,10000.0,6870.69,5298.05,83,96
Philippine Airlines,CRM-MNL,2024,9,879.104,100.0,10000.0,10000.0,3740.03,16,6030
Philippine Airlines,CYP-MNL,2024,9,604.384,100.0,10000.0,5109.61,3740.03,25,6030
Philippine Airlines,DGT-MNL,2024,9,9017.28,40.54,5178.98,4901.16,3740.03,159,6030
Philippine Airlines,DPL-MNL,2024,9,4658.928,42.47,5113.4,5113.53,3740.03,73,6030
Philippine Airlines,DRP-MNL,2024,9,13338.464,52.61,5013.62,5013.66,3740.03,167,6030
Philippine Airlines,DVO-CEB,2024,9,5439.456,23.11,6446.14,4952.33,3258.58,871,1862
Philippine Airlines,DVO-MNL,2024,9,56623.024,51.71,5005.85,4952.33,3740.03,871,6030
Philippine Airlines,DVO-TAG,2024,9,824.16,15.35,7401.25,4952.33,4104.2,871,303
Philippine Airlines,EUQ-MNL,2024,9,604.384,100.0,10000.0,10000.0,3740.03,11,6030
Philippine Airlines,GES-CEB,2024,9,1318.656,63.7,5375.38,5032.91,3258.58,183,1862
Philippine Airlines,GES-MNL,2024,9,16074.352,46.12,5030.11,5032.91,3740.03,183,6030
Philippine Airlines,IAO-CEB,2024,9,2032.928,27.1,6048.82,4404.43,3258.58,227,1862
Philippine Airlines,IAO-IAO,2024,9,54.944,100.0,10000.0,4404.43,4973.06,227,231
Philippine Airlines,IAO-MNL,2024,9,3681.248,100.0,10000.0,4404.43,3740.03,227,6030
Philippine Airlines,ILO-CEB,2024,9,2362.592,20.08,6790.41,3685.88,3258.58,612,1862
Philippine Airlines,ILO-MNL,2024,9,20888.416,26.93,3426.59,3685.88,3740.03,612,6030
Philippine Airlines,LAO-MNL,2024,9,7133.024,72.5,6012.5,6012.8,3740.03,68,6030
Philippine Airlines,MNL-BCD,2024,9,21517.04,36.28,3569.81,3855.77,3440.42,5337,454
Philippine Airlines,MNL-BSO,2024,9,1208.768,100.0,10000.0,3855.77,10000.0,5337,35
Philippine Airlines,MNL-BXU,2024,9,8938.096,35.31,5431.59,3855.77,4690.74,5337,220
Philippine Airlines,MNL-CBO,2024,9,6312.096,100.0,10000.0,3855.77,10000.0,5337,61
Philippine Airlines,MNL-CEB,2024,9,41536.048,35.45,3505.4,3855.77,3258.58,5337,1862
Philippine Airlines,MNL-CGY,2024,9,19870.336,34.05,3966.72,3855.77,3563.22,5337,508
Philippine Airlines,MNL-CRM,2024,9,934.048,100.0,10000.0,3855.77,10000.0,5337,17
Philippine Airlines,MNL-CYP,2024,9,659.328,100.0,10000.0,3855.77,5055.4,5337,26
Philippine Airlines,MNL-DGT,2024,9,8866.992,34.91,5455.42,3855.77,5152.77,5337,182
Philippine Airlines,MNL-DPL,2024,9,4508.64,41.1,5158.42,3855.77,5158.57,5337,73
Philippine Airlines,MNL-DRP,2024,9,13037.888,51.36,5003.7,3855.77,4980.88,5337,168
Philippine Airlines,MNL-DVO,2024,9,50679.376,49.37,5000.79,3855.77,5002.83,5337,831
Philippine Airlines,MNL-EUQ,2024,9,659.328,100.0,10000.0,3855.77,10000.0,5337,12
Philippine Airlines,MNL-GES,2024,9,16109.904,45.17,5046.66,3855.77,5047.22,5337,187
Philippine Airlines,MNL-IAO,2024,9,5219.68,100.0,10000.0,3855.77,4973.06,5337,231
Philippine Airlines,MNL-ILO,2024,9,20587.84,29.73,3551.41,3855.77,3929.0,5337,563
Philippine Airlines,MNL-LAO,2024,9,7283.312,72.92,6050.65,3855.77,6050.38,5337,69
Philippine Airlines,MNL-MNL,2024,9,109.888,24.64,6286.26,3855.77,3740.03,5337,6030
Philippine Airlines,MNL-MPH,2024,9,19304.736,29.69,3442.95,3855.77,3698.71,5337,577
Philippine Airlines,MNL-OZC,2024,9,4208.064,37.33,5321.06,3855.77,4135.84,5337,113
Philippine Airlines,MNL-PPS,2024,9,11803.264,25.6,3628.14,3855.77,3832.5,5337,383
Philippine Airlines,MNL-RXS,2024,9,4208.064,32.18,4143.88,3855.77,4144.54,5337,87
Philippine Airlines,MNL-TAC,2024,9,18125.056,38.09,3771.4,3855.77,3531.83,5337,365
Philippine Airlines,MNL-TAG,2024,9,12974.864,32.24,3892.91,3855.77,4104.2,5337,303
Philippine Airlines,MNL-TUG,2024,9,2855.472,26.39,6114.86,3855.77,6114.97,5337,72
Philippine Airlines,MNL-USU,2024,9,1318.656,45.64,5038.02,3855.77,5298.05,5337,96
Philippine Airlines,MNL-ZAM,2024,9,3606.912,96.0,9232.0,3855.77,7714.68,5337,38
Philippine Airlines,MPH-CEB,2024,9,1977.984,30.49,5761.28,3312.47,3258.58,742,1862
Philippine Airlines,MPH-MNL,2024,9,24018.608,26.98,3262.39,3312.47,3740.03,742,6030
Philippine Airlines,OZC-CEB,2024,9,494.496,22.08,6559.05,4098.22,3258.58,115,1862
Philippine Airlines,OZC-MNL,2024,9,4358.352,38.16,5280.37,4098.22,3740.03,115,6030
Philippine Airlines,PPS-CEB,2024,9,1263.712,21.76,6595.0,4024.62,3258.58,367,1862
Philippine Airlines,PPS-MNL,2024,9,17758.224,37.11,3792.51,4024.62,3740.03,367,6030
Philippine Airlines,RXS-MNL,2024,9,4508.64,33.71,4106.97,4106.8,3740.03,89,6030
Philippine Airlines,TAC-CEB,2024,9,1208.768,33.63,5535.95,3266.38,3258.58,470,1862
Philippine Airlines,TAC-MNL,2024,9,13545.312,22.0,3552.97,3266.38,3740.03,470,6030
Philippine Airlines,TAG-DVO,2024,9,714.272,13.58,7652.83,4049.93,5002.83,342,831
Philippine Airlines,TAG-MNL,2024,9,12974.864,27.32,3844.98,4049.93,3740.03,342,6030
Philippine Airlines,TAG-TAG,2024,9,150.288,100.0,10000.0,4049.93,4104.2,342,303
Philippine Airlines,TUG-MNL,2024,9,2855.472,17.43,7121.61,7121.45,3740.03,109,6030
Philippine Airlines,TWT-CBO,2024,9,494.496,100.0,10000.0,7592.65,10000.0,20,61
Philippine Airlines,TWT-ZAM,2024,9,1352.592,81.82,7025.02,7592.65,7714.68,20,38
Philippine Airlines,USU-CEB,2024,9,1153.824,39.02,5241.12,5432.72,3258.58,159,1862
Philippine Airlines,USU-CRK,2024,9,659.328,100.0,10000.0,5432.72,6904.27,159,135
Philippine Airlines,USU-MNL,2024,9,1263.712,23.18,6278.03,5432.72,3740.03,159,6030
Philippine Airlines,ZAM-CEB,2024,9,714.272,13.29,7695.25,5970.13,3258.58,300,1862
Philippine Airlines,ZAM-MNL,2024,9,10219.584,31.41,5691.18,5970.13,3740.03,300,6030
Philippine Airlines,ZAM-TWT,2024,9,1352.592,22.5,6512.5,5970.13,5933.94,300,49
Sunlight Air,CEB-CEB,2024,9,336.6,52.66,4321.69,3423.72,3258.58,1897,1862
Sunlight Air,CEB-CRK,2024,9,617.1,10.8,8073.28,3423.72,6904.27,1897,135
Sunlight Air,CEB-IAO,2024,9,56.1,0.78,5719.72,3423.72,4973.06,1897,231
Sunlight Air,CEB-MBO,2024,9,112.2,100.0,10000.0,3423.72,10000.0,1897,2
Sunlight Air,CEB-MNL,2024,9,504.9,0.37,3722.38,3423.72,3740.03,1897,6030
Sunlight Air,CEB-SUG,2024,9,56.1,6.59,8768.86,3423.72,8769.41,1897,14
Sunlight Air,CRK-BQA,2024,9,56.1,100.0,10000.0,6870.69,10000.0,83,1
Sunlight Air,CRK-CEB,2024,9,112.2,3.56,9313.35,6870.69,3258.58,83,1862
Sunlight Air,CRK-CRK,2024,9,56.1,100.0,10000.0,6870.69,6904.27,83,135
Sunlight Air,CRK-IAO,2024,9,112.2,100.0,10000.0,6870.69,4973.06,83,231
Sunlight Air,CRK-TAC,2024,9,56.1,100.0,10000.0,6870.69,3531.83,83,365
Sunlight Air,IAO-CRK,2024,9,897.6,100.0,10000.0,4404.43,6904.27,227,135
Sunlight Air,MNL-CEB,2024,9,953.7,0.77,3505.4,3855.77,3258.58,5337,1862
AirAsia,BCD-MNL,2024,10,14374.08,17.95,3744.17,3500.03,3802.6,623,6436
AirAsia,CEB-MNL,2024,10,24842.16,17.33,3755.09,3535.15,3802.6,2351,6436
AirAsia,CGY-MNL,2024,10,9218.16,13.26,3938.24,3678.94,3802.6,547,6436
AirAsia,ILO-MNL,2024,10,25811.52,28.16,3580.12,3951.83,3802.6,743,6436
AirAsia,KLO-MNL,2024,10,14217.84,77.12,6470.99,6470.84,3802.6,118,6436
AirAsia,MNL-BCD,2024,10,14374.08,20.57,3628.39,3934.2,3362.41,5690,565
AirAsia,MNL-CEB,2024,10,25935.84,20.0,3594.77,3934.2,3371.45,5690,2351
AirAsia,MNL-CGY,2024,10,9218.16,14.6,3923.58,3934.2,3638.02,5690,506
AirAsia,MNL-ILO,2024,10,18436.32,21.52,3831.15,3934.2,4213.48,5690,698
AirAsia,MNL-KLO,2024,10,14374.08,76.03,6355.12,3934.2,6355.44,5690,121
AirAsia,MNL-MPH,2024,10,15467.76,21.87,3452.46,3934.2,4052.31,5690,682
AirAsia,MNL-PPS,2024,10,14217.84,25.31,3677.87,3934.2,4107.33,5690,472
AirAsia,MNL-RXS,2024,10,2187.36,13.21,4342.07,3934.2,4341.4,5690,106
AirAsia,MNL-TAC,2024,10,8749.44,17.38,3733.3,3934.2,3563.05,5690,375
AirAsia,MNL-TAG,2024,10,7499.52,17.7,3952.61,3934.2,4183.69,5690,310
AirAsia,MPH-MNL,2024,10,36560.16,37.4,3267.25,3378.03,3802.6,881,6436
AirAsia,PPS-MNL,2024,10,9374.4,16.42,3830.15,4273.34,3802.6,442,6436
AirAsia,RXS-MNL,2024,10,2187.36,13.46,4288.1,4288.09,3802.6,104,6436
AirAsia,TAC-MNL,2024,10,23123.52,36.0,3527.94,3276.19,3802.6,477,6436
AirAsia,TAG-MNL,2024,10,11249.28,21.55,3987.23,4167.52,3802.6,367,6436
Cebgo,BCD-CEB,2024,10,4010.688,55.08,5051.61,3500.03,3371.45,623,2351
Cebgo,BXU-CEB,2024,10,2369.952,57.92,5125.45,4580.6,3371.45,242,2351
Cebgo,CEB-BCD,2024,10,4010.688,54.66,4975.67,3535.15,3362.41,2351,565
Cebgo,CEB-BXU,2024,10,1093.824,37.52,5311.5,3535.15,4927.4,2351,222
Cebgo,CEB-CEB,2024,10,303.84,25.6,4026.89,3535.15,3371.45,2351,2351
Cebgo,CEB-CGM,2024,10,2552.256,100.0,10000.0,3535.15,10000.0,2351,42
Cebgo,CEB-CGY,2024,10,2491.488,40.8,5169.28,3535.15,3638.02,2351,506
Cebgo,CEB-CYP,2024,10,850.752,100.0,10000.0,3535.15,5021.48,2351,27
Cebgo,CEB-DGT,2024,10,972.288,100.0,10000.0,3535.15,5149.15,2351,197
Cebgo,CEB-DRP,2024,10,546.912,100.0,10000.0,3535.15,4802.57,2351,173
Cebgo,CEB-IAO,2024,10,5651.424,62.17,5163.77,3535.15,4976.33,2351,262
Cebgo,CEB-ILO,2024,10,972.288,7.57,5152.73,3535.15,4213.48,2351,698
Cebgo,CEB-MBT,2024,10,60.768,16.22,7282.18,3535.15,7282.69,2351,3
Cebgo,CEB-MNL,2024,10,121.536,0.08,3755.09,3535.15,3802.6,2351,6436
Cebgo,CEB-MPH,2024,10,60.768,0.51,6440.52,3535.15,4052.31,2351,682
Cebgo,CEB-OZC,2024,10,1458.432,70.3,5489.13,3535.15,4212.92,2351,109
Cebgo,CEB-PAG,2024,10,2248.416,100.0,10000.0,3535.15,6790.24,2351,94
Cebgo,CEB-SUG,2024,10,2491.488,91.79,8492.81,3535.15,8492.98,2351,45
Cebgo,CEB-TAC,2024,10,1458.432,47.58,5011.71,3535.15,3563.05,2351,375
Cebgo,CEB-USU,2024,10,1701.504,52.34,5010.95,3535.15,5049.61,2351,133
Cebgo,CGM-CEB,2024,10,2309.184,100.0,10000.0,10000.0,3371.45,38,2351
Cebgo,CGY-CEB,2024,10,2491.488,41.18,5155.58,3678.94,3371.45,547,2351
Cebgo,CGY-DVO,2024,10,1093.824,100.0,10000.0,3678.94,5142.24,547,965
Cebgo,CYP-CEB,2024,10,789.984,100.0,10000.0,5023.46,3371.45,25,2351
Cebgo,DGT-CEB,2024,10,1033.056,100.0,10000.0,4789.9,3371.45,171,2351
Cebgo,DPL-CEB,2024,10,60.768,100.0,10000.0,5084.36,3371.45,73,2351
Cebgo,DRP-CEB,2024,10,546.912,100.0,10000.0,4803.21,3371.45,172,2351
Cebgo,DVO-CGY,2024,10,1033.056,100.0,10000.0,5094.15,3638.02,997,506
Cebgo,DVO-IAO,2024,10,972.288,100.0,10000.0,5094.15,4976.33,997,262
Cebgo,IAO-CEB,2024,10,6198.336,65.43,5432.74,4608.29,3371.45,253,2351
Cebgo,IAO-DVO,2024,10,972.288,100.0,10000.0,4608.29,5142.24,253,965
Cebgo,ILO-CEB,2024,10,911.52,6.92,5361.07,3951.83,3371.45,743,2351
Cebgo,ILO-MNL,2024,10,60.768,0.07,3580.12,3951.83,3802.6,743,6436
Cebgo,MBT-CEB,2024,10,60.768,100.0,10000.0,10000.0,3371.45,1,2351
Cebgo,MNL-CEB,2024,10,425.376,0.33,3594.77,3934.2,3371.45,5690,2351
Cebgo,MNL-MPH,2024,10,2005.344,2.82,3452.46,3934.2,4052.31,5690,682
Cebgo,MNL-USU,2024,10,1823.04,49.05,5001.8,3934.2,5049.61,5690,133
Cebgo,MNL-WNP,2024,10,2795.328,100.0,10000.0,3934.2,10000.0,5690,46
Cebgo,MPH-CEB,2024,10,1458.432,10.79,5239.49,3378.03,3371.45,881,2351
Cebgo,MPH-MNL,2024,10,1823.04,1.86,3267.25,3378.03,3802.6,881,6436
Cebgo,MPH-MPH,2024,10,60.768,27.91,5975.94,3378.03,4052.31,881,682
Cebgo,OZC-CEB,2024,10,1701.504,78.75,6653.12,4151.47,3371.45,115,2351
Cebgo,PAG-CEB,2024,10,2126.88,100.0,10000.0,6896.74,3371.45,92,2351
Cebgo,SUG-CEB,2024,10,2369.952,100.0,10000.0,10000.0,3371.45,39,2351
Cebgo,SWL-CEB,2024,10,243.072,100.0,10000.0,10000.0,3371.45,4,2351
Cebgo,TAC-CEB,2024,10,2248.416,60.11,5204.42,3276.19,3371.45,477,2351
Cebgo,USU-CEB,2024,10,3828.384,71.95,5963.6,5840.89,3371.45,215,2351
Cebgo,USU-MNL,2024,10,5226.048,77.13,6472.07,5840.89,3802.6,215,6436
Cebgo,WNP-MNL,2024,10,2916.864,100.0,10000.0,10000.0,3802.6,48,6436
Cebu Pacific,BCD-DVO,2024,10,3610.632,100.0,10000.0,3500.03,5142.24,623,965
Cebu Pacific,BCD-MNL,2024,10,37257.536,46.31,3744.17,3500.03,3802.6,623,6436
Cebu Pacific,BXU-MNL,2024,10,18184.824,65.79,5498.65,4580.6,3802.6,242,6436
Cebu Pacific,CAN-MNL,2024,10,313.968,100.0,10000.0,10000.0,3802.6,2,6436
Cebu Pacific,CEB-CEB,2024,10,156.984,13.23,4026.89,3535.15,3371.45,2351,2351
Cebu Pacific,CEB-CRK,2024,10,11773.8,97.24,9463.24,3535.15,8792.58,2351,247
Cebu Pacific,CEB-DVO,2024,10,21035.856,74.57,6207.37,3535.15,5142.24,2351,965
Cebu Pacific,CEB-GES,2024,10,5494.44,76.75,6431.12,3535.15,5495.02,2351,261
Cebu Pacific,CEB-ILO,2024,10,8542.968,66.51,5152.73,3535.15,4213.48,2351,698
Cebu Pacific,CEB-MNL,2024,10,68113.332,47.3,3755.09,3535.15,3802.6,2351,6436
Cebu Pacific,CEB-MPH,2024,10,9262.056,77.05,6440.52,3535.15,4052.31,2351,682
Cebu Pacific,CEB-OZC,2024,10,156.984,7.57,5489.13,3535.15,4212.92,2351,109
Cebu Pacific,CEB-PPS,2024,10,8352.224,72.94,6052.49,3535.15,4107.33,2351,472
Cebu Pacific,CEB-ZAM,2024,10,2668.728,100.0,10000.0,3535.15,5003.86,2351,72
Cebu Pacific,CGY-ILO,2024,10,3139.68,100.0,10000.0,3678.94,4213.48,547,698
Cebu Pacific,CGY-MNL,2024,10,30642.264,43.87,3938.24,3678.94,3802.6,547,6436
Cebu Pacific,CRK-CEB,2024,10,8791.104,99.37,9874.79,8759.94,3371.45,166,2351
Cebu Pacific,CRK-DVO,2024,10,1255.872,100.0,10000.0,8759.94,5142.24,166,965
Cebu Pacific,CRK-MPH,2024,10,10046.976,100.0,10000.0,8759.94,4052.31,166,682
Cebu Pacific,CRK-PPS,2024,10,1726.824,100.0,10000.0,8759.94,4107.33,166,472
Cebu Pacific,CYZ-MNL,2024,10,4081.584,100.0,10000.0,10000.0,3802.6,26,6436
Cebu Pacific,DGT-MNL,2024,10,14442.528,59.74,5189.74,4789.9,3802.6,171,6436
Cebu Pacific,DPL-MNL,2024,10,6593.328,58.33,5138.78,5084.36,3802.6,73,6436
Cebu Pacific,DRP-MNL,2024,10,13325.072,50.86,5001.48,4803.21,3802.6,172,6436
Cebu Pacific,DVO-BCD,2024,10,3610.632,100.0,10000.0,5094.15,3362.41,997,565
Cebu Pacific,DVO-CEB,2024,10,20878.872,75.2,6270.08,5094.15,3371.45,997,2351
Cebu Pacific,DVO-CRK,2024,10,1255.872,100.0,10000.0,5094.15,8792.58,997,247
Cebu Pacific,DVO-ILO,2024,10,784.92,100.0,10000.0,5094.15,4213.48,997,698
Cebu Pacific,DVO-MNL,2024,10,69566.7,53.98,5031.68,5094.15,3802.6,997,6436
Cebu Pacific,DVO-MPH,2024,10,784.92,100.0,10000.0,5094.15,4052.31,997,682
Cebu Pacific,DVO-PPS,2024,10,784.92,100.0,10000.0,5094.15,4107.33,997,472
Cebu Pacific,DVO-TAG,2024,10,4866.504,80.91,6910.86,5094.15,4183.69,997,310
Cebu Pacific,GES-CEB,2024,10,5494.44,77.37,6498.23,5540.09,3371.45,260,2351
Cebu Pacific,GES-ILO,2024,10,3139.68,100.0,10000.0,5540.09,4213.48,260,698
Cebu Pacific,GES-MNL,2024,10,25922.616,62.05,5290.41,5540.09,3802.6,260,6436
Cebu Pacific,HKG-DVO,2024,10,470.952,100.0,10000.0,10000.0,5142.24,3,965
Cebu Pacific,IAO-CEB,2024,10,60.768,0.64,5432.74,4608.29,3371.45,253,2351
Cebu Pacific,ILO-CEB,2024,10,9051.056,68.69,5361.07,3951.83,3371.45,743,2351
Cebu Pacific,ILO-CGY,2024,10,3139.68,100.0,10000.0,3951.83,3638.02,743,506
Cebu Pacific,ILO-CRK,2024,10,1726.824,100.0,10000.0,3951.83,8792.58,743,247
Cebu Pacific,ILO-DVO,2024,10,784.92,100.0,10000.0,3951.83,5142.24,743,965
Cebu Pacific,ILO-GES,2024,10,3139.68,100.0,10000.0,3951.83,5495.02,743,261
Cebu Pacific,ILO-MNL,2024,10,42505.528,46.16,3580.12,3951.83,3802.6,743,6436
Cebu Pacific,ILO-PPS,2024,10,2511.744,100.0,10000.0,3951.83,4107.33,743,472
Cebu Pacific,ILO-TAC,2024,10,470.952,100.0,10000.0,3951.83,3563.05,743,375
Cebu Pacific,ILO-ZAM,2024,10,313.968,100.0,10000.0,3951.83,5003.86,743,72
Cebu Pacific,KLO-MNL,2024,10,4238.568,22.88,6470.99,6470.84,3802.6,118,6436
Cebu Pacific,LAO-MNL,2024,10,4395.552,37.73,5301.11,5300.93,3802.6,75,6436
Cebu Pacific,MNL-BCD,2024,10,31425.496,44.75,3628.39,3934.2,3362.41,5690,565
Cebu Pacific,MNL-BXU,2024,10,18341.808,65.98,5510.72,3934.2,4927.4,5690,222
Cebu Pacific,MNL-CEB,2024,10,58043.568,44.56,3594.77,3934.2,3371.45,5690,2351
Cebu Pacific,MNL-CGY,2024,10,30679.4,48.35,3923.58,3934.2,3638.02,5690,506
Cebu Pacific,MNL-CYZ,2024,10,4081.584,100.0,10000.0,3934.2,10000.0,5690,26
Cebu Pacific,MNL-DGT,2024,10,18681.096,65.75,5496.12,3934.2,5149.15,5690,197
Cebu Pacific,MNL-DPL,2024,10,6593.328,57.53,5113.4,3934.2,5113.53,5690,73
Cebu Pacific,MNL-DRP,2024,10,13205.224,50.22,5000.1,3934.2,4802.57,5690,173
Cebu Pacific,MNL-DVO,2024,10,65754.352,54.87,5047.43,3934.2,5142.24,5690,965
Cebu Pacific,MNL-GES,2024,10,25571.512,61.27,5254.03,3934.2,5495.02,5690,261
Cebu Pacific,MNL-ILO,2024,10,44112.504,51.25,3831.15,3934.2,4213.48,5690,698
Cebu Pacific,MNL-KLO,2024,10,4552.536,23.97,6355.12,3934.2,6355.44,5690,121
Cebu Pacific,MNL-LAO,2024,10,4395.552,37.23,5326.15,3934.2,5326.05,5690,76
Cebu Pacific,MNL-MNL,2024,10,388.24,62.84,5329.73,3934.2,3802.6,5690,6436
Cebu Pacific,MNL-MPH,2024,10,32495.688,45.73,3452.46,3934.2,4052.31,5690,682
Cebu Pacific,MNL-OZC,2024,10,7064.28,59.21,5169.65,3934.2,4212.92,5690,109
Cebu Pacific,MNL-PAG,2024,10,8948.088,100.0,10000.0,3934.2,6790.24,5690,94
Cebu Pacific,MNL-PPS,2024,10,27360.792,48.48,3677.87,3934.2,4107.33,5690,472
Cebu Pacific,MNL-RXS,2024,10,9576.024,57.55,4342.07,3934.2,4341.4,5690,106
Cebu Pacific,MNL-TAC,2024,10,22448.712,44.39,3733.3,3934.2,3563.05,5690,375
Cebu Pacific,MNL-TAG,2024,10,22300.168,52.39,3952.61,3934.2,4183.69,5690,310
Cebu Pacific,MNL-TUG,2024,10,8320.152,72.6,6021.52,3934.2,6021.77,5690,73
Cebu Pacific,MNL-VRC,2024,10,4709.52,100.0,10000.0,3934.2,10000.0,5690,30
Cebu Pacific,MNL-ZAM,2024,10,156.984,4.17,9200.78,3934.2,5003.86,5690,72
Cebu Pacific,MPH-CEB,2024,10,9262.056,68.52,5239.49,3378.03,3371.45,881,2351
Cebu Pacific,MPH-CRK,2024,10,11302.848,100.0,10000.0,3378.03,8792.58,881,247
Cebu Pacific,MPH-DVO,2024,10,784.92,100.0,10000.0,3378.03,5142.24,881,965
Cebu Pacific,MPH-MNL,2024,10,32966.64,33.56,3267.25,3378.03,3802.6,881,6436
Cebu Pacific,MPH-MPH,2024,10,156.984,72.09,5975.94,3378.03,4052.31,881,682
Cebu Pacific,NRT-CRK,2024,10,4866.504,100.0,10000.0,10000.0,8792.58,31,247
Cebu Pacific,Not available-MNL,2024,10,194.12,100.0,10000.0,10000.0,3802.6,1,6436
Cebu Pacific,OZC-MNL,2024,10,7535.232,60.76,5231.56,4151.47,3802.6,115,6436
Cebu Pacific,PAG-MNL,2024,10,8948.088,100.0,10000.0,6896.74,3802.6,92,6436
Cebu Pacific,PPS-CEB,2024,10,8158.104,84.04,7317.44,4273.34,3371.45,442,2351
Cebu Pacific,PPS-CRK,2024,10,1726.824,100.0,10000.0,4273.34,8792.58,442,247
Cebu Pacific,PPS-DVO,2024,10,784.92,100.0,10000.0,4273.34,5142.24,442,965
Cebu Pacific,PPS-ILO,2024,10,2511.744,100.0,10000.0,4273.34,4213.48,442,698
Cebu Pacific,PPS-MNL,2024,10,27323.656,47.64,3830.15,4273.34,3802.6,442,6436
Cebu Pacific,RXS-MNL,2024,10,9262.056,56.73,4288.1,4288.09,3802.6,104,6436
Cebu Pacific,TAC-DVO,2024,10,313.968,100.0,10000.0,3276.19,5142.24,477,965
Cebu Pacific,TAC-ILO,2024,10,470.952,100.0,10000.0,3276.19,4213.48,477,698
Cebu Pacific,TAC-MNL,2024,10,26844.264,41.59,3527.94,3276.19,3802.6,477,6436
Cebu Pacific,TAG-DVO,2024,10,4866.504,80.91,6910.86,4167.52,5142.24,367,965
Cebu Pacific,TAG-MNL,2024,10,28400.6,54.16,3987.23,4167.52,3802.6,367,6436
Cebu Pacific,TUG-MNL,2024,10,14599.512,82.3,7086.58,7086.69,3802.6,113,6436
Cebu Pacific,TWT-ZAM,2024,10,2668.728,58.62,5148.61,5014.02,5003.86,38,72
Cebu Pacific,VRC-MNL,2024,10,470.952,100.0,10000.0,10000.0,3802.6,3,6436
Cebu Pacific,ZAM-CEB,2024,10,7535.232,88.54,7970.66,6160.7,3371.45,347,2351
Cebu Pacific,ZAM-DVO,2024,10,784.92,100.0,10000.0,6160.7,5142.24,347,965
Cebu Pacific,ZAM-ILO,2024,10,313.968,100.0,10000.0,6160.7,4213.48,347,698
Cebu Pacific,ZAM-MNL,2024,10,23745.096,68.36,5674.18,6160.7,3802.6,347,6436
Cebu Pacific,ZAM-TWT,2024,10,7221.264,79.31,6718.15,6160.7,6255.27,347,67
Philippine Airlines,BCD-CEB,2024,10,3131.808,44.92,5051.61,3500.03,3371.45,623,2351
Philippine Airlines,BCD-MNL,2024,10,27525.328,35.74,3744.17,3500.03,3802.6,623,6436
Philippine Airlines,BPA-CEB,2024,10,714.272,100.0,10000.0,10000.0,3371.45,13,2351
Philippine Airlines,BSO-CRK,2024,10,549.44,100.0,10000.0,10000.0,8792.58,10,247
Philippine Airlines,BXU-CEB,2024,10,1648.32,42.08,5125.45,4580.6,3371.45,242,2351
Philippine Airlines,BXU-MNL,2024,10,9052.832,34.21,5498.65,4580.6,3802.6,242,6436
Philippine Airlines,CBO-CBO,2024,10,54.944,100.0,10000.0,10000.0,10000.0,62,64
Philippine Airlines,CBO-CEB,2024,10,494.496,100.0,10000.0,10000.0,3371.45,62,2351
Philippine Airlines,CBO-MNL,2024,10,6462.384,100.0,10000.0,10000.0,3802.6,62,6436
Philippine Airlines,CBO-TWT,2024,10,494.496,100.0,10000.0,10000.0,6255.27,62,67
Philippine Airlines,CEB-BCD,2024,10,3131.808,44.58,4975.67,3535.15,3362.41,2351,565
Philippine Airlines,CEB-BPA,2024,10,659.328,100.0,10000.0,3535.15,10000.0,2351,12
Philippine Airlines,CEB-BXU,2024,10,1743.664,62.48,5311.5,3535.15,4927.4,2351,222
Philippine Airlines,CEB-CBO,2024,10,494.496,100.0,10000.0,3535.15,10000.0,2351,64
Philippine Airlines,CEB-CEB,2024,10,54.944,4.84,4026.89,3535.15,3371.45,2351,2351
Philippine Airlines,CEB-CGY,2024,10,3461.472,59.2,5169.28,3535.15,3638.02,2351,506
Philippine Airlines,CEB-DVO,2024,10,6868.0,25.43,6207.37,3535.15,5142.24,2351,965
Philippine Airlines,CEB-GES,2024,10,1593.376,23.25,6431.12,3535.15,5495.02,2351,261
Philippine Airlines,CEB-IAO,2024,10,3131.808,35.99,5163.77,3535.15,4976.33,2351,262
Philippine Airlines,CEB-ILO,2024,10,3186.752,25.92,5152.73,3535.15,4213.48,2351,698
Philippine Airlines,CEB-MBT,2024,10,300.576,83.78,7282.18,3535.15,7282.69,2351,3
Philippine Airlines,CEB-MNL,2024,10,48095.392,34.89,3755.09,3535.15,3802.6,2351,6436
Philippine Airlines,CEB-MPH,2024,10,2582.368,22.44,6440.52,3535.15,4052.31,2351,682
Philippine Airlines,CEB-OZC,2024,10,439.552,22.13,5489.13,3535.15,4212.92,2351,109
Philippine Airlines,CEB-PPS,2024,10,2966.976,27.06,6052.49,3535.15,4107.33,2351,472
Philippine Airlines,CEB-TAC,2024,10,1538.432,52.42,5011.71,3535.15,3563.05,2351,375
Philippine Airlines,CEB-USU,2024,10,1483.488,47.66,5010.95,3535.15,5049.61,2351,133
Philippine Airlines,CGY-CEB,2024,10,3406.528,58.82,5155.58,3678.94,3371.45,547,2351
Philippine Airlines,CGY-MNL,2024,10,28667.84,42.87,3938.24,3678.94,3802.6,547,6436
Philippine Airlines,CRK-BSO,2024,10,604.384,100.0,10000.0,8759.94,10000.0,166,31
Philippine Airlines,CRK-USU,2024,10,824.16,100.0,10000.0,8759.94,5049.61,166,133
Philippine Airlines,CRM-MNL,2024,10,879.104,100.0,10000.0,10000.0,3802.6,16,6436
Philippine Airlines,CYP-MNL,2024,10,659.328,100.0,10000.0,5023.46,3802.6,25,6436
Philippine Airlines,DGT-MNL,2024,10,9317.856,40.26,5189.74,4789.9,3802.6,171,6436
Philippine Airlines,DPL-MNL,2024,10,4508.64,41.67,5138.78,5084.36,3802.6,73,6436
Philippine Airlines,DRP-MNL,2024,10,12326.848,49.14,5001.48,4803.21,3802.6,172,6436
Philippine Airlines,DVO-CEB,2024,10,6593.28,24.8,6270.08,5094.15,3371.45,997,2351
Philippine Airlines,DVO-DVO,2024,10,54.944,100.0,10000.0,5094.15,5142.24,997,965
Philippine Airlines,DVO-MNL,2024,10,56779.776,46.02,5031.68,5094.15,3802.6,997,6436
Philippine Airlines,DVO-TAG,2024,10,1098.88,19.09,6910.86,5094.15,4183.69,997,310
Philippine Airlines,EUQ-MNL,2024,10,659.328,100.0,10000.0,10000.0,3802.6,12,6436
Philippine Airlines,GES-CEB,2024,10,1538.432,22.63,6498.23,5540.09,3371.45,260,2351
Philippine Airlines,GES-MNL,2024,10,15177.472,37.95,5290.41,5540.09,3802.6,260,6436
Philippine Airlines,IAO-CEB,2024,10,3076.864,33.93,5432.74,4608.29,3371.45,253,2351
Philippine Airlines,IAO-MNL,2024,10,3736.192,100.0,10000.0,4608.29,3802.6,253,6436
Philippine Airlines,ILO-CEB,2024,10,3076.864,24.39,5361.07,3951.83,3371.45,743,2351
Philippine Airlines,ILO-MNL,2024,10,22585.216,25.62,3580.12,3951.83,3802.6,743,6436
Philippine Airlines,LAO-MNL,2024,10,6943.952,62.27,5301.11,5300.93,3802.6,75,6436
Philippine Airlines,MNL-BCD,2024,10,23317.264,34.68,3628.39,3934.2,3362.41,5690,565
Philippine Airlines,MNL-BSO,2024,10,1098.88,100.0,10000.0,3934.2,10000.0,5690,31
Philippine Airlines,MNL-BXU,2024,10,9052.832,34.02,5510.72,3934.2,4927.4,5690,222
Philippine Airlines,MNL-CBO,2024,10,6762.96,100.0,10000.0,3934.2,10000.0,5690,64
Philippine Airlines,MNL-CEB,2024,10,43362.128,34.77,3594.77,3934.2,3371.45,5690,2351
Philippine Airlines,MNL-CGY,2024,10,22506.032,37.05,3923.58,3934.2,3638.02,5690,506
Philippine Airlines,MNL-CRM,2024,10,934.048,100.0,10000.0,3934.2,10000.0,5690,17
Philippine Airlines,MNL-CYP,2024,10,714.272,100.0,10000.0,3934.2,5021.48,5690,27
Philippine Airlines,MNL-DGT,2024,10,9317.856,34.25,5496.12,3934.2,5149.15,5690,197
Philippine Airlines,MNL-DPL,2024,10,4658.928,42.47,5113.4,3934.2,5113.53,5690,73
Philippine Airlines,MNL-DRP,2024,10,12532.08,49.78,5000.1,3934.2,4802.57,5690,173
Philippine Airlines,MNL-DVO,2024,10,51773.408,45.13,5047.43,3934.2,5142.24,5690,965
Philippine Airlines,MNL-EUQ,2024,10,769.216,100.0,10000.0,3934.2,10000.0,5690,14
Philippine Airlines,MNL-GES,2024,10,15478.048,38.73,5254.03,3934.2,5495.02,5690,261
Philippine Airlines,MNL-IAO,2024,10,5109.792,100.0,10000.0,3934.2,4976.33,5690,262
Philippine Airlines,MNL-ILO,2024,10,22434.928,27.23,3831.15,3934.2,4213.48,5690,698
Philippine Airlines,MNL-LAO,2024,10,7094.24,62.77,5326.15,3934.2,5326.05,5690,76
Philippine Airlines,MNL-MNL,2024,10,219.776,37.16,5329.73,3934.2,3802.6,5690,6436
Philippine Airlines,MNL-MPH,2024,10,20125.664,29.58,3452.46,3934.2,4052.31,5690,682
Philippine Airlines,MNL-OZC,2024,10,4658.928,40.79,5169.65,3934.2,4212.92,5690,109
Philippine Airlines,MNL-PPS,2024,10,14162.624,26.21,3677.87,3934.2,4107.33,5690,472
Philippine Airlines,MNL-RXS,2024,10,4658.928,29.25,4342.07,3934.2,4341.4,5690,106
Philippine Airlines,MNL-TAC,2024,10,18504.816,38.22,3733.3,3934.2,3563.05,5690,375
Philippine Airlines,MNL-TAG,2024,10,12191.104,29.91,3952.61,3934.2,4183.69,5690,310
Philippine Airlines,MNL-TUG,2024,10,3005.76,27.4,6021.52,3934.2,6021.77,5690,73
Philippine Airlines,MNL-USU,2024,10,1813.152,50.95,5001.8,3934.2,5049.61,5690,133
Philippine Airlines,MNL-ZAM,2024,10,3456.624,95.83,9200.78,3934.2,5003.86,5690,72
Philippine Airlines,MPH-CEB,2024,10,2677.712,20.69,5239.49,3378.03,3371.45,881,2351
Philippine Airlines,MPH-MNL,2024,10,25561.888,27.18,3267.25,3378.03,3802.6,881,6436
Philippine Airlines,OZC-CEB,2024,10,439.552,21.25,6653.12,4151.47,3371.45,115,2351
Philippine Airlines,OZC-MNL,2024,10,4658.928,39.24,5231.56,4151.47,3802.6,115,6436
Philippine Airlines,PPS-CEB,2024,10,1483.488,15.96,7317.44,4273.34,3371.45,442,2351
Philippine Airlines,PPS-MNL,2024,10,19729.744,35.93,3830.15,4273.34,3802.6,442,6436
Philippine Airlines,RXS-MNL,2024,10,4658.928,29.81,4288.1,4288.09,3802.6,104,6436
Philippine Airlines,TAC-CEB,2024,10,1428.544,39.89,5204.42,3276.19,3371.45,477,2351
Philippine Airlines,TAC-MNL,2024,10,13845.888,22.41,3527.94,3276.19,3802.6,477,6436
Philippine Airlines,TAG-AAV,2024,10,150.288,100.0,10000.0,4167.52,10000.0,367,1
Philippine Airlines,TAG-DVO,2024,10,1098.88,19.09,6910.86,4167.52,5142.24,367,965
Philippine Airlines,TAG-MNL,2024,10,12191.104,24.28,3987.23,4167.52,3802.6,367,6436
Philippine Airlines,TUG-MNL,2024,10,3005.76,17.7,7086.58,7086.69,3802.6,113,6436
Philippine Airlines,TWT-CBO,2024,10,494.496,100.0,10000.0,5014.02,10000.0,38,64
Philippine Airlines,TWT-ZAM,2024,10,1803.456,41.38,5148.61,5014.02,5003.86,38,72
Philippine Airlines,USU-CEB,2024,10,1428.544,28.05,5963.6,5840.89,3371.45,215,2351
Philippine Airlines,USU-CRK,2024,10,714.272,100.0,10000.0,5840.89,8792.58,215,247
Philippine Airlines,USU-MNL,2024,10,1483.488,22.87,6472.07,5840.89,3802.6,215,6436
Philippine Airlines,ZAM-CEB,2024,10,934.048,11.46,7970.66,6160.7,3371.45,347,2351
Philippine Airlines,ZAM-MNL,2024,10,10520.16,31.64,5674.18,6160.7,3802.6,347,6436
Philippine Airlines,ZAM-TWT,2024,10,1803.456,20.69,6718.15,6160.7,6255.27,347,67
Sunlight Air,CEB-BCD,2024,10,56.1,0.76,4975.67,3535.15,3362.41,2351,565
Sunlight Air,CEB-CEB,2024,10,673.2,56.33,4026.89,3535.15,3371.45,2351,2351
Sunlight Air,CEB-CRK,2024,10,336.6,2.76,9463.24,3535.15,8792.58,2351,247
Sunlight Air,CEB-IAO,2024,10,168.3,1.84,5163.77,3535.15,4976.33,2351,262
Sunlight Air,CEB-MBO,2024,10,112.2,100.0,10000.0,3535.15,10000.0,2351,2
Sunlight Air,CEB-MNL,2024,10,561.0,0.39,3755.09,3535.15,3802.6,2351,6436
Sunlight Air,CEB-SUG,2024,10,224.4,8.21,8492.81,3535.15,8492.98,2351,45
Sunlight Air,CRK-CEB,2024,10,56.1,0.63,9874.79,8759.94,3371.45,166,2351
Sunlight Air,IAO-CRK,2024,10,561.0,100.0,10000.0,4608.29,8792.58,253,247
Sunlight Air,MNL-CEB,2024,10,448.8,0.34,3594.77,3934.2,3371.45,5690,2351
AirAsia,BCD-MNL,2024,11,16873.92,21.95,3565.29,3411.62,3768.05,614,6517
AirAsia,CEB-MNL,2024,11,32185.44,20.29,3529.02,3285.04,3768.05,2639,6517
AirAsia,CGY-MNL,2024,11,9374.4,14.8,3911.5,3405.36,3768.05,602,6517
AirAsia,ILO-MNL,2024,11,24356.64,27.54,3616.96,4276.64,3768.05,839,6517
AirAsia,KLO-MNL,2024,11,12811.68,73.21,6030.79,6031.57,3768.05,112,6517
AirAsia,MNL-BCD,2024,11,16873.92,25.4,3460.71,3898.58,3269.85,5842,553
AirAsia,MNL-CEB,2024,11,32966.64,21.25,3409.64,3898.58,3198.22,5842,2789
AirAsia,MNL-CGY,2024,11,9374.4,15.72,3963.21,3898.58,3421.24,5842,572
AirAsia,MNL-ILO,2024,11,19530.0,22.63,3880.33,3898.58,4414.12,5842,783
AirAsia,MNL-KLO,2024,11,12811.68,73.87,6139.55,3898.58,6139.92,5842,111
AirAsia,MNL-MPH,2024,11,13592.88,19.75,3563.39,3898.58,4341.75,5842,721
AirAsia,MNL-PPS,2024,11,14061.6,21.45,3871.03,3898.58,4644.68,5842,597
AirAsia,MNL-RXS,2024,11,2031.12,12.5,4428.39,3898.58,4398.67,5842,105
AirAsia,MNL-TAC,2024,11,9374.4,18.92,3681.46,3898.58,3582.13,5842,379
AirAsia,MNL-TAG,2024,11,9374.4,21.83,3945.6,3898.58,4165.58,5842,306
AirAsia,MPH-MNL,2024,11,35778.96,37.12,3263.73,3575.28,3768.05,937,6517
AirAsia,MPH-MPH,2024,11,156.24,50.0,5000.0,3575.28,4341.75,937,721
AirAsia,PPS-MNL,2024,11,9374.4,13.91,4015.82,4752.29,3768.05,563,6517
AirAsia,RXS-MNL,2024,11,2031.12,12.75,4372.98,4373.32,3768.05,102,6517
AirAsia,TAC-MNL,2024,11,23197.44,36.37,3550.18,3335.12,3768.05,505,6517
AirAsia,TAG-MNL,2024,11,12967.92,24.87,4033.89,4209.92,3768.05,357,6517
Cebgo,BCD-CEB,2024,11,3646.08,45.18,3616.09,3411.62,3198.22,614,2789
Cebgo,BXU-CEB,2024,11,3159.936,67.1,5584.82,4509.36,3198.22,254,2789
Cebgo,CEB-BCD,2024,11,3706.848,45.29,3538.31,3285.04,3269.85,2639,553
Cebgo,CEB-BXU,2024,11,1762.272,53.21,5020.61,3285.04,4808.56,2639,234
Cebgo,CEB-CEB,2024,11,303.84,17.44,5794.94,3285.04,3198.22,2639,2789
Cebgo,CEB-CGM,2024,11,3099.168,100.0,10000.0,3285.04,10000.0,2639,51
Cebgo,CEB-CGY,2024,11,6259.104,62.39,5307.02,3285.04,3421.24,2639,572
Cebgo,CEB-CYP,2024,11,1640.736,100.0,10000.0,3285.04,5835.16,2639,39
Cebgo,CEB-DGT,2024,11,2430.72,100.0,10000.0,3285.04,4748.19,2639,216
Cebgo,CEB-DPL,2024,11,1215.36,100.0,10000.0,3285.04,4308.68,2639,93
Cebgo,CEB-DRP,2024,11,2856.096,100.0,10000.0,3285.04,4364.64,2639,219
Cebgo,CEB-IAO,2024,11,5104.512,63.56,5367.75,3285.04,4912.41,2639,255
Cebgo,CEB-ILO,2024,11,2673.792,25.51,3543.85,3285.04,4414.12,2639,783
Cebgo,CEB-MBT,2024,11,789.984,100.0,10000.0,3285.04,10000.0,2639,13
Cebgo,CEB-MNL,2024,11,243.072,0.15,3529.02,3285.04,3768.05,2639,6517
Cebgo,CEB-OZC,2024,11,364.608,41.38,5148.61,3285.04,4848.82,2639,91
Cebgo,CEB-PAG,2024,11,1458.432,100.0,10000.0,3285.04,7677.98,2639,84
Cebgo,CEB-SUG,2024,11,2734.56,90.76,8322.76,3285.04,8322.15,2639,50
Cebgo,CEB-TAC,2024,11,1336.896,47.26,5015.02,3285.04,3582.13,2639,379
Cebgo,CEB-USU,2024,11,1336.896,37.39,5318.02,3285.04,5127.19,2639,138
Cebgo,CGM-CEB,2024,11,3038.4,100.0,10000.0,10000.0,3198.22,50,2789
Cebgo,CGY-CEB,2024,11,6137.568,63.03,5339.56,3405.36,3198.22,602,2789
Cebgo,CGY-DVO,2024,11,972.288,100.0,10000.0,3405.36,5353.23,602,1116
Cebgo,CYP-CEB,2024,11,1519.2,100.0,10000.0,5707.43,3198.22,37,2789
Cebgo,DGT-CEB,2024,11,2309.184,100.0,10000.0,4419.69,3198.22,183,2789
Cebgo,DPL-CEB,2024,11,2309.184,100.0,10000.0,3854.65,3198.22,111,2789
Cebgo,DRP-CEB,2024,11,2916.864,100.0,10000.0,4347.66,3198.22,220,2789
Cebgo,DVO-CEB,2024,11,121.536,0.4,6054.02,5214.98,3198.22,1094,2789
Cebgo,DVO-CGY,2024,11,789.984,100.0,10000.0,5214.98,3421.24,1094,572
Cebgo,DVO-IAO,2024,11,1762.272,100.0,10000.0,5214.98,4912.41,1094,255
Cebgo,IAO-CEB,2024,11,6502.176,68.13,5547.68,4705.15,3198.22,250,2789
Cebgo,IAO-DVO,2024,11,1701.504,100.0,10000.0,4705.15,5353.23,250,1116
Cebgo,IAO-IAO,2024,11,60.768,51.43,5004.09,4705.15,4912.41,250,255
Cebgo,ILO-CEB,2024,11,2613.024,19.35,4260.67,4276.64,3198.22,839,2789
Cebgo,MBT-CEB,2024,11,729.216,100.0,10000.0,10000.0,3198.22,12,2789
Cebgo,MNL-CEB,2024,11,2005.344,1.29,3409.64,3898.58,3198.22,5842,2789
Cebgo,MNL-MPH,2024,11,1762.272,2.55,3563.39,3898.58,4341.75,5842,721
Cebgo,MNL-USU,2024,11,1883.808,52.25,5010.12,3898.58,5127.19,5842,138
Cebgo,MNL-WNP,2024,11,2856.096,100.0,10000.0,3898.58,10000.0,5842,47
Cebgo,MPH-CEB,2024,11,486.144,2.77,5293.96,3575.28,3198.22,937,2789
Cebgo,MPH-MNL,2024,11,1762.272,1.82,3263.73,3575.28,3768.05,937,6517
Cebgo,OZC-CEB,2024,11,1579.968,73.24,5945.17,4196.06,3198.22,113,2789
Cebgo,PAG-CEB,2024,11,1276.128,100.0,10000.0,7898.37,3198.22,81,2789
Cebgo,SUG-CEB,2024,11,2673.792,100.0,10000.0,10000.0,3198.22,44,2789
Cebgo,SWL-CEB,2024,11,911.52,100.0,10000.0,10000.0,3198.22,15,2789
Cebgo,TAC-CEB,2024,11,2795.328,66.08,5517.13,3335.12,3198.22,505,2789
Cebgo,USU-CEB,2024,11,3463.776,64.65,5429.25,5887.37,3198.22,239,2789
Cebgo,USU-MNL,2024,11,6684.48,82.91,7166.14,5887.37,3768.05,239,6517
Cebgo,WNP-MNL,2024,11,2977.632,100.0,10000.0,10000.0,3768.05,49,6517
Cebu Pacific,BCD-CEB,2024,11,1726.824,21.4,3616.09,3411.62,3198.22,614,2789
Cebu Pacific,BCD-DVO,2024,11,4709.52,100.0,10000.0,3411.62,5353.23,614,1116
Cebu Pacific,BCD-MNL,2024,11,33486.544,43.36,3565.29,3411.62,3768.05,614,6517
Cebu Pacific,BXU-MNL,2024,11,19006.88,67.9,5640.82,4509.36,3768.05,254,6517
Cebu Pacific,CAN-MNL,2024,11,1883.808,100.0,10000.0,10000.0,3768.05,12,6517
Cebu Pacific,CEB-BCD,2024,11,1726.824,21.1,3538.31,3285.04,3269.85,2639,553
Cebu Pacific,CEB-CRK,2024,11,11554.36,98.57,9718.09,3285.04,9173.26,2639,325
Cebu Pacific,CEB-DVO,2024,11,23502.024,74.39,6189.74,3285.04,5353.23,2639,1116
Cebu Pacific,CEB-GES,2024,11,10236.032,92.24,8568.44,3285.04,5893.47,2639,280
Cebu Pacific,CEB-ILO,2024,11,4709.52,44.93,3543.85,3285.04,4414.12,2639,783
Cebu Pacific,CEB-MNL,2024,11,65892.768,41.35,3529.02,3285.04,3768.05,2639,6517
Cebu Pacific,CEB-MPH,2024,11,11145.864,67.69,5625.87,3285.04,4341.75,2639,721
Cebu Pacific,CEB-PPS,2024,11,10376.136,75.08,6258.01,3285.04,4644.68,2639,597
Cebu Pacific,CEB-ZAM,2024,11,4709.52,100.0,10000.0,3285.04,6275.91,2639,97
Cebu Pacific,CGY-ILO,2024,11,4709.52,100.0,10000.0,3405.36,4414.12,602,783
Cebu Pacific,CGY-MNL,2024,11,30689.528,48.21,3911.5,3405.36,3768.05,602,6517
Cebu Pacific,CRK-CEB,2024,11,11277.528,99.51,9902.48,9099.28,3198.22,232,2789
Cebu Pacific,CRK-CRK,2024,11,156.984,73.23,6079.27,9099.28,9173.26,232,325
Cebu Pacific,CRK-DVO,2024,11,4552.536,100.0,10000.0,9099.28,5353.23,232,1116
Cebu Pacific,CRK-MNL,2024,11,156.984,100.0,10000.0,9099.28,3768.05,232,6517
Cebu Pacific,CRK-MPH,2024,11,11773.8,100.0,10000.0,9099.28,4341.75,232,721
Cebu Pacific,CRK-PPS,2024,11,4552.536,100.0,10000.0,9099.28,4644.68,232,597
Cebu Pacific,CYZ-MNL,2024,11,5965.392,100.0,10000.0,10000.0,3768.05,38,6517
Cebu Pacific,DGT-MNL,2024,11,13971.576,61.38,5259.01,4419.69,3768.05,183,6517
Cebu Pacific,DPL-MNL,2024,11,6750.312,58.9,5158.42,3854.65,3768.05,111,6517
Cebu Pacific,DRP-MNL,2024,11,16005.616,61.08,5245.53,4347.66,3768.05,220,6517
Cebu Pacific,DVO-BCD,2024,11,4552.536,100.0,10000.0,5214.98,3269.85,1094,553
Cebu Pacific,DVO-CEB,2024,11,22403.136,73.18,6054.02,5214.98,3198.22,1094,2789
Cebu Pacific,DVO-CRK,2024,11,4552.536,100.0,10000.0,5214.98,9173.26,1094,325
Cebu Pacific,DVO-ILO,2024,11,4709.52,100.0,10000.0,5214.98,4414.12,1094,783
Cebu Pacific,DVO-MNL,2024,11,64762.652,53.27,5021.39,5214.98,3768.05,1094,6517
Cebu Pacific,DVO-MPH,2024,11,4709.52,100.0,10000.0,5214.98,4341.75,1094,721
Cebu Pacific,DVO-PPS,2024,11,4709.52,100.0,10000.0,5214.98,4644.68,1094,597
Cebu Pacific,DVO-TAG,2024,11,4552.536,82.35,7093.04,5214.98,4165.58,1094,306
Cebu Pacific,GES-CEB,2024,11,10273.168,92.27,8573.51,5926.7,3198.22,281,2789
Cebu Pacific,GES-ILO,2024,11,4395.552,100.0,10000.0,5926.7,4414.12,281,783
Cebu Pacific,GES-MNL,2024,11,26426.484,63.03,5339.56,5926.7,3768.05,281,6517
Cebu Pacific,HKG-DVO,2024,11,2668.728,100.0,10000.0,10000.0,5353.23,17,1116
Cebu Pacific,IAO-CEB,2024,11,60.768,0.64,5547.68,4705.15,3198.22,250,2789
Cebu Pacific,ILO-CEB,2024,11,7849.2,58.13,4260.67,4276.64,3198.22,839,2789
Cebu Pacific,ILO-CGY,2024,11,4709.52,100.0,10000.0,4276.64,3421.24,839,572
Cebu Pacific,ILO-CRK,2024,11,4552.536,100.0,10000.0,4276.64,9173.26,839,325
Cebu Pacific,ILO-DVO,2024,11,4709.52,100.0,10000.0,4276.64,5353.23,839,1116
Cebu Pacific,ILO-GES,2024,11,4238.568,100.0,10000.0,4276.64,5893.47,839,280
Cebu Pacific,ILO-MNL,2024,11,41786.44,47.03,3616.96,4276.64,3768.05,839,6517
Cebu Pacific,ILO-PPS,2024,11,4709.52,100.0,10000.0,4276.64,4644.68,839,597
Cebu Pacific,ILO-TAC,2024,11,2511.744,100.0,10000.0,4276.64,3582.13,839,379
Cebu Pacific,ILO-ZAM,2024,11,2040.792,100.0,10000.0,4276.64,6275.91,839,97
Cebu Pacific,KLO-MNL,2024,11,4552.536,25.89,6030.79,6031.57,3768.05,112,6517
Cebu Pacific,LAO-MNL,2024,11,4395.552,38.31,5273.31,5273.53,3768.05,75,6517
Cebu Pacific,MNL-BCD,2024,11,27608.928,41.36,3460.71,3898.58,3269.85,5842,553
Cebu Pacific,MNL-BXU,2024,11,19006.88,66.78,5563.14,3898.58,4808.56,5842,234
Cebu Pacific,MNL-CEB,2024,11,63411.408,40.68,3409.64,3898.58,3198.22,5842,2789
Cebu Pacific,MNL-CGY,2024,11,30689.528,51.21,3963.21,3898.58,3421.24,5842,572
Cebu Pacific,MNL-CYZ,2024,11,6436.344,100.0,10000.0,3898.58,10000.0,5842,41
Cebu Pacific,MNL-DGT,2024,11,18367.128,66.48,5543.18,3898.58,4748.19,5842,216
Cebu Pacific,MNL-DPL,2024,11,6750.312,58.9,5158.42,3898.58,4308.68,5842,93
Cebu Pacific,MNL-DRP,2024,11,16042.752,61.13,5247.75,3898.58,4364.64,5842,219
Cebu Pacific,MNL-DVO,2024,11,60834.676,53.19,5020.35,3898.58,5353.23,5842,1116
Cebu Pacific,MNL-GES,2024,11,26232.364,62.62,5318.53,3898.58,5893.47,5842,280
Cebu Pacific,MNL-ILO,2024,11,45425.768,52.39,3880.33,3898.58,4414.12,5842,783
Cebu Pacific,MNL-KLO,2024,11,4552.536,26.13,6139.55,3898.58,6139.92,5842,111
Cebu Pacific,MNL-LAO,2024,11,4395.552,37.79,5298.17,3898.58,5298.25,5842,76
Cebu Pacific,MNL-MNL,2024,11,313.968,16.4,7257.92,3898.58,3768.05,5842,6517
Cebu Pacific,MNL-MPH,2024,11,32809.656,47.44,3563.39,3898.58,4341.75,5842,721
Cebu Pacific,MNL-OZC,2024,11,7221.264,60.53,5221.76,3898.58,4848.82,5842,91
Cebu Pacific,MNL-PAG,2024,11,9419.04,100.0,10000.0,3898.58,7677.98,5842,84
Cebu Pacific,MNL-PPS,2024,11,34278.216,52.05,3871.03,3898.58,4644.68,5842,597
Cebu Pacific,MNL-RXS,2024,11,9576.024,58.65,4428.39,3898.58,4398.67,5842,105
Cebu Pacific,MNL-TAC,2024,11,22291.728,44.77,3681.46,3898.58,3582.13,5842,379
Cebu Pacific,MNL-TAG,2024,11,23071.584,53.46,3945.6,3898.58,4165.58,5842,306
Cebu Pacific,MNL-TUG,2024,11,8477.136,69.23,5739.59,3898.58,5739.64,5842,78
Cebu Pacific,MNL-VRC,2024,11,4709.52,100.0,10000.0,3898.58,10000.0,5842,30
Cebu Pacific,MPH-CEB,2024,11,11459.832,65.34,5293.96,3575.28,3198.22,937,2789
Cebu Pacific,MPH-CRK,2024,11,16169.352,100.0,10000.0,3575.28,9173.26,937,325
Cebu Pacific,MPH-DVO,2024,11,4709.52,100.0,10000.0,3575.28,5353.23,937,1116
Cebu Pacific,MPH-MNL,2024,11,32495.688,33.56,3263.73,3575.28,3768.05,937,6517
Cebu Pacific,MPH-MPH,2024,11,156.984,50.0,5000.0,3575.28,4341.75,937,721
Cebu Pacific,NRT-CRK,2024,11,4552.536,100.0,10000.0,10000.0,9173.26,29,325
Cebu Pacific,OZC-CEB,2024,11,60.768,2.82,5945.17,4196.06,3198.22,113,2789
Cebu Pacific,OZC-MNL,2024,11,7378.248,61.04,5243.76,4196.06,3768.05,113,6517
Cebu Pacific,PAG-MNL,2024,11,9419.04,100.0,10000.0,7898.37,3768.05,81,6517
Cebu Pacific,PPS-CEB,2024,11,10219.152,85.99,7590.56,4752.29,3198.22,563,2789
Cebu Pacific,PPS-CRK,2024,11,4238.568,100.0,10000.0,4752.29,9173.26,563,325
Cebu Pacific,PPS-DVO,2024,11,4709.52,100.0,10000.0,4752.29,5353.23,563,1116
Cebu Pacific,PPS-ILO,2024,11,4709.52,100.0,10000.0,4752.29,4414.12,563,783
Cebu Pacific,PPS-MNL,2024,11,34315.352,50.68,4015.82,4752.29,3768.05,563,6517
Cebu Pacific,RXS-MNL,2024,11,9262.056,57.84,4372.98,4373.32,3768.05,102,6517
Cebu Pacific,SIN-ILO,2024,11,470.952,100.0,10000.0,10000.0,4414.12,3,783
Cebu Pacific,TAC-DVO,2024,11,1883.808,100.0,10000.0,3335.12,5353.23,505,1116
Cebu Pacific,TAC-ILO,2024,11,2511.744,100.0,10000.0,3335.12,4414.12,505,783
Cebu Pacific,TAC-MNL,2024,11,26844.264,41.89,3550.18,3335.12,3768.05,505,6517
Cebu Pacific,TAG-DVO,2024,11,4552.536,83.22,7207.14,4209.92,5353.23,357,1116
Cebu Pacific,TAG-MNL,2024,11,28701.064,54.78,4033.89,4209.92,3768.05,357,6517
Cebu Pacific,TUG-MNL,2024,11,14756.496,80.34,6841.03,6841.26,3768.05,117,6517
Cebu Pacific,TWT-ZAM,2024,11,4709.52,73.17,6073.7,5669.68,6275.91,49,97
Cebu Pacific,VRC-MNL,2024,11,313.968,100.0,10000.0,10000.0,3768.05,2,6517
Cebu Pacific,ZAM-CEB,2024,11,9419.04,91.12,8381.71,6870.84,3198.22,381,2789
Cebu Pacific,ZAM-DVO,2024,11,4238.568,100.0,10000.0,6870.84,5353.23,381,1116
Cebu Pacific,ZAM-ILO,2024,11,2040.792,100.0,10000.0,6870.84,4414.12,381,783
Cebu Pacific,ZAM-MNL,2024,11,23652.256,72.2,5985.68,6870.84,3768.05,381,6517
Cebu Pacific,ZAM-TWT,2024,11,9419.04,84.51,7381.88,6870.84,6942.34,381,79
Philippine Airlines,BCD-CEB,2024,11,2582.368,33.42,3616.09,3411.62,3198.22,614,2789
Philippine Airlines,BCD-MNL,2024,11,25654.0,34.69,3565.29,3411.62,3768.05,614,6517
Philippine Airlines,BPA-CEB,2024,11,714.272,100.0,10000.0,10000.0,3198.22,13,2789
Philippine Airlines,BSO-CRK,2024,11,384.608,100.0,10000.0,10000.0,9173.26,7,325
Philippine Airlines,BXU-CEB,2024,11,1483.488,32.9,5584.82,4509.36,3198.22,254,2789
Philippine Airlines,BXU-MNL,2024,11,8601.968,32.1,5640.82,4509.36,3768.05,254,6517
Philippine Airlines,CBO-CEB,2024,11,439.552,100.0,10000.0,10000.0,3198.22,58,2789
Philippine Airlines,CBO-MNL,2024,11,6312.096,100.0,10000.0,10000.0,3768.05,58,6517
Philippine Airlines,CBO-TWT,2024,11,439.552,100.0,10000.0,10000.0,6942.34,58,79
Philippine Airlines,CEB-BCD,2024,11,2527.424,32.25,3538.31,3285.04,3269.85,2639,553
Philippine Airlines,CEB-BPA,2024,11,659.328,100.0,10000.0,3285.04,10000.0,2639,12
Philippine Airlines,CEB-BXU,2024,11,1483.488,46.79,5020.61,3285.04,4808.56,2639,234
Philippine Airlines,CEB-CBO,2024,11,439.552,100.0,10000.0,3285.04,10000.0,2639,58
Philippine Airlines,CEB-CEB,2024,11,150.288,9.01,5794.94,3285.04,3198.22,2639,2789
Philippine Airlines,CEB-CGY,2024,11,3611.76,37.61,5307.02,3285.04,3421.24,2639,572
Philippine Airlines,CEB-DVO,2024,11,7745.488,25.61,6189.74,3285.04,5353.23,2639,1116
Philippine Airlines,CEB-GES,2024,11,824.16,7.76,8568.44,3285.04,5893.47,2639,280
Philippine Airlines,CEB-IAO,2024,11,2802.144,36.44,5367.75,3285.04,4912.41,2639,255
Philippine Airlines,CEB-ILO,2024,11,2966.976,29.57,3543.85,3285.04,4414.12,2639,783
Philippine Airlines,CEB-MNL,2024,11,57233.872,37.51,3529.02,3285.04,3768.05,2639,6517
Philippine Airlines,CEB-MPH,2024,11,5093.632,32.31,5625.87,3285.04,4341.75,2639,721
Philippine Airlines,CEB-OZC,2024,11,494.496,58.62,5148.61,3285.04,4848.82,2639,91
Philippine Airlines,CEB-PPS,2024,11,3296.64,24.92,6258.01,3285.04,4644.68,2639,597
Philippine Airlines,CEB-TAC,2024,11,1428.544,52.74,5015.02,3285.04,3582.13,2639,379
Philippine Airlines,CEB-USU,2024,11,2142.816,62.61,5318.02,3285.04,5127.19,2639,138
Philippine Airlines,CGY-CEB,2024,11,3446.928,36.97,5339.56,3405.36,3198.22,602,2789
Philippine Airlines,CGY-MNL,2024,11,22543.2,36.99,3911.5,3405.36,3768.05,602,6517
Philippine Airlines,CRK-BSO,2024,11,384.608,100.0,10000.0,9099.28,10000.0,232,20
Philippine Airlines,CRK-CRK,2024,11,54.944,26.77,6079.27,9099.28,9173.26,232,325
Philippine Airlines,CRK-USU,2024,11,824.16,93.92,8857.93,9099.28,5127.19,232,138
Philippine Airlines,CRM-MNL,2024,11,769.216,100.0,10000.0,10000.0,3768.05,14,6517
Philippine Airlines,CYP-MNL,2024,11,659.328,100.0,10000.0,5707.43,3768.05,37,6517
Philippine Airlines,DGT-MNL,2024,11,8416.128,38.62,5259.01,4419.69,3768.05,183,6517
Philippine Airlines,DPL-MNL,2024,11,4508.64,41.1,5158.42,3854.65,3768.05,111,6517
Philippine Airlines,DRP-MNL,2024,11,9763.872,38.92,5245.53,4347.66,3768.05,220,6517
Philippine Airlines,DVO-CEB,2024,11,7745.488,26.43,6054.02,5214.98,3198.22,1094,2789
Philippine Airlines,DVO-MNL,2024,11,54392.944,46.73,5021.39,5214.98,3768.05,1094,6517
Philippine Airlines,DVO-TAG,2024,11,934.048,17.65,7093.04,5214.98,4165.58,1094,306
Philippine Airlines,EUQ-MNL,2024,11,659.328,100.0,10000.0,10000.0,3768.05,12,6517
Philippine Airlines,GES-CEB,2024,11,824.16,7.73,8573.51,5926.7,3198.22,281,2789
Philippine Airlines,GES-MNL,2024,11,14838.112,36.97,5339.56,5926.7,3768.05,281,6517
Philippine Airlines,IAO-CEB,2024,11,2747.2,30.07,5547.68,4705.15,3198.22,250,2789
Philippine Airlines,IAO-IAO,2024,11,54.944,48.57,5004.09,4705.15,4912.41,250,255
Philippine Airlines,IAO-MNL,2024,11,2802.144,100.0,10000.0,4705.15,3768.05,250,6517
Philippine Airlines,ILO-CEB,2024,11,2912.032,22.52,4260.67,4276.64,3198.22,839,2789
Philippine Airlines,ILO-MNL,2024,11,21630.16,25.43,3616.96,4276.64,3768.05,839,6517
Philippine Airlines,KLO-MNL,2024,11,150.288,0.89,6030.79,6031.57,3768.05,112,6517
Philippine Airlines,LAO-MNL,2024,11,6777.504,61.69,5273.31,5273.53,3768.05,75,6517
Philippine Airlines,MNL-BCD,2024,11,21240.704,33.24,3460.71,3898.58,3269.85,5842,553
Philippine Airlines,MNL-BSO,2024,11,714.272,100.0,10000.0,3898.58,10000.0,5842,20
Philippine Airlines,MNL-BXU,2024,11,9052.832,33.22,5563.14,3898.58,4808.56,5842,234
Philippine Airlines,MNL-CBO,2024,11,6312.096,100.0,10000.0,3898.58,10000.0,5842,58
Philippine Airlines,MNL-CEB,2024,11,53835.424,36.07,3409.64,3898.58,3198.22,5842,2789
Philippine Airlines,MNL-CGY,2024,11,18973.456,33.07,3963.21,3898.58,3421.24,5842,572
Philippine Airlines,MNL-CRM,2024,11,934.048,100.0,10000.0,3898.58,10000.0,5842,17
Philippine Airlines,MNL-CYP,2024,11,659.328,100.0,10000.0,3898.58,5835.16,5842,39
Philippine Airlines,MNL-DGT,2024,11,8866.992,33.52,5543.18,3898.58,4748.19,5842,216
Philippine Airlines,MNL-DPL,2024,11,4508.64,41.1,5158.42,3898.58,4308.68,5842,93
Philippine Airlines,MNL-DRP,2024,11,9763.872,38.87,5247.75,3898.58,4364.64,5842,219
Philippine Airlines,MNL-DVO,2024,11,51244.976,46.81,5020.35,3898.58,5353.23,5842,1116
Philippine Airlines,MNL-EUQ,2024,11,659.328,100.0,10000.0,3898.58,10000.0,5842,12
Philippine Airlines,MNL-GES,2024,11,14988.4,37.38,5318.53,3898.58,5893.47,5842,280
Philippine Airlines,MNL-IAO,2024,11,4725.184,100.0,10000.0,3898.58,4912.41,5842,255
Philippine Airlines,MNL-ILO,2024,11,20728.432,24.97,3880.33,3898.58,4414.12,5842,783
Philippine Airlines,MNL-LAO,2024,11,6927.792,62.21,5298.17,3898.58,5298.25,5842,76
Philippine Airlines,MNL-MNL,2024,11,1531.968,83.6,7257.92,3898.58,3768.05,5842,6517
Philippine Airlines,MNL-MPH,2024,11,20041.632,30.27,3563.39,3898.58,4341.75,5842,721
Philippine Airlines,MNL-OZC,2024,11,4508.64,39.47,5221.76,3898.58,4848.82,5842,91
Philippine Airlines,MNL-PPS,2024,11,16701.36,26.49,3871.03,3898.58,4644.68,5842,597
Philippine Airlines,MNL-RXS,2024,11,4508.64,28.85,4428.39,3898.58,4398.67,5842,105
Philippine Airlines,MNL-TAC,2024,11,17313.824,36.32,3681.46,3898.58,3582.13,5842,379
Philippine Airlines,MNL-TAG,2024,11,10211.504,24.72,3945.6,3898.58,4165.58,5842,306
Philippine Airlines,MNL-TUG,2024,11,3606.912,30.77,5739.59,3898.58,5739.64,5842,78
Philippine Airlines,MNL-USU,2024,11,1648.32,47.75,5010.12,3898.58,5127.19,5842,138
Philippine Airlines,MNL-ZAM,2024,11,1953.744,100.0,10000.0,3898.58,6275.91,5842,97
Philippine Airlines,MPH-CEB,2024,11,5353.808,31.89,5293.96,3575.28,3198.22,937,2789
Philippine Airlines,MPH-MNL,2024,11,25492.4,27.5,3263.73,3575.28,3768.05,937,6517
Philippine Airlines,OZC-CEB,2024,11,494.496,23.94,5945.17,4196.06,3198.22,113,2789
Philippine Airlines,OZC-MNL,2024,11,4508.64,38.96,5243.76,4196.06,3768.05,113,6517
Philippine Airlines,PPS-CEB,2024,11,1593.376,14.01,7590.56,4752.29,3198.22,563,2789
Philippine Airlines,PPS-MNL,2024,11,22952.048,35.41,4015.82,4752.29,3768.05,563,6517
Philippine Airlines,RXS-MNL,2024,11,4508.64,29.41,4372.98,4373.32,3768.05,102,6517
Philippine Airlines,TAC-CEB,2024,11,1373.6,33.92,5517.13,3335.12,3198.22,505,2789
Philippine Airlines,TAC-MNL,2024,11,13335.232,21.74,3550.18,3335.12,3768.05,505,6517
Philippine Airlines,TAG-DVO,2024,11,879.104,16.78,7207.14,4209.92,5353.23,357,1116
Philippine Airlines,TAG-MNL,2024,11,10211.504,20.36,4033.89,4209.92,3768.05,357,6517
Philippine Airlines,TUG-MNL,2024,11,3456.624,19.66,6841.03,6841.26,3768.05,117,6517
Philippine Airlines,TWT-CBO,2024,11,439.552,100.0,10000.0,5669.68,10000.0,49,58
Philippine Airlines,TWT-ZAM,2024,11,1653.168,26.83,6073.7,5669.68,6275.91,49,97
Philippine Airlines,USU-CEB,2024,11,1813.152,35.35,5429.25,5887.37,3198.22,239,2789
Philippine Airlines,USU-CRK,2024,11,824.16,100.0,10000.0,5887.37,9173.26,239,325
Philippine Airlines,USU-MNL,2024,11,1318.656,17.09,7166.14,5887.37,3768.05,239,6517
Philippine Airlines,ZAM-CEB,2024,11,879.104,8.88,8381.71,6870.84,3198.22,381,2789
Philippine Airlines,ZAM-MNL,2024,11,8716.704,27.8,5985.68,6870.84,3768.05,381,6517
Philippine Airlines,ZAM-TWT,2024,11,1653.168,15.49,7381.88,6870.84,6942.34,381,79
Sunlight Air,CEB-BCD,2024,11,112.2,1.36,3538.31,3285.04,3269.85,2639,553
Sunlight Air,CEB-CEB,2024,11,1290.3,73.55,5794.94,3285.04,3198.22,2639,2789
Sunlight Air,CEB-CRK,2024,11,168.3,1.43,9718.09,3285.04,9173.26,2639,325
Sunlight Air,CEB-MNL,2024,11,1122.0,0.7,3529.02,3285.04,3768.05,2639,6517
Sunlight Air,CEB-RXS,2024,11,56.1,100.0,10000.0,3285.04,4398.67,2639,105
Sunlight Air,CEB-SUG,2024,11,280.5,9.24,8322.76,3285.04,8322.15,2639,50
Sunlight Air,CRK-CEB,2024,11,56.1,0.49,9902.48,9099.28,3198.22,232,2789
Sunlight Air,CRK-IAO,2024,11,168.3,100.0,10000.0,9099.28,4912.41,232,255
Sunlight Air,CRK-USU,2024,11,56.1,6.08,8857.93,9099.28,5127.19,232,138
Sunlight Air,IAO-CEB,2024,11,112.2,1.17,5547.68,4705.15,3198.22,250,2789
Sunlight Air,IAO-CRK,2024,11,504.9,100.0,10000.0,4705.15,9173.26,250,325
Sunlight Air,MNL-CEB,2024,11,1122.0,0.71,3409.64,3898.58,3198.22,5842,2789
Sunlight Air,MNL-CRK,2024,11,56.1,100.0,10000.0,3898.58,9173.26,5842,325
AirAsia,BCD-MNL,2024,12,18905.04,23.26,3497.64,3258.13,3702.77,656,6807
AirAsia,CEB-MNL,2024,12,35935.2,21.22,3462.95,3125.27,3702.77,2928,6807
AirAsia,CGY-MNL,2024,12,9686.88,13.98,3919.38,3273.77,3702.77,697,6807
AirAsia,ILO-MNL,2024,12,26239.92,29.3,3568.59,4391.08,3702.77,912,6807
AirAsia,KLO-MNL,2024,12,14061.6,74.38,6188.77,6188.78,3702.77,121,6807
AirAsia,MNL-BCD,2024,12,19061.28,26.76,3407.91,3818.65,3136.19,6235,600
AirAsia,MNL-CEB,2024,12,35778.96,21.51,3410.34,3818.65,3055.72,6235,3143
AirAsia,MNL-CGY,2024,12,9686.88,14.77,3934.86,3818.65,3251.32,6235,677
AirAsia,MNL-ILO,2024,12,23748.48,25.82,3650.86,3818.65,4352.13,6235,901
AirAsia,MNL-KLO,2024,12,14217.84,74.59,6209.34,3818.65,6209.35,6235,122
AirAsia,MNL-MNL,2024,12,468.72,10.33,4028.7,3818.65,3702.77,6235,6807
AirAsia,MNL-MPH,2024,12,14530.32,19.48,3512.04,3818.65,4248.91,6235,777
AirAsia,MNL-PPS,2024,12,14217.84,21.46,3802.44,3818.65,4355.75,6235,604
AirAsia,MNL-RXS,2024,12,2031.12,12.15,4399.27,3818.65,4342.16,6235,109
AirAsia,MNL-TAC,2024,12,9374.4,17.39,3736.86,3818.65,3621.73,6235,419
AirAsia,MNL-TAG,2024,12,9686.88,20.7,3801.01,3818.65,4230.29,6235,367
AirAsia,MPH-MNL,2024,12,38435.04,38.29,3287.94,3490.42,3702.77,985,6807
AirAsia,PPS-MNL,2024,12,9686.88,14.46,3973.63,4614.73,3702.77,562,6807
AirAsia,RXS-MNL,2024,12,1718.64,11.34,4475.34,4475.5,3702.77,97,6807
AirAsia,TAC-MNL,2024,12,23115.12,35.54,3626.79,3381.93,3702.77,530,6807
AirAsia,TAG-MNL,2024,12,14217.84,24.86,3834.15,4194.55,3702.77,428,6807
Cebgo,BCD-CEB,2024,12,4846.176,55.55,4521.75,3258.13,3055.72,656,3143
Cebgo,BXU-CEB,2024,12,4294.08,70.51,5841.32,4323.38,3055.72,289,3143
Cebgo,CEB-BCD,2024,12,4846.176,54.47,4444.79,3125.27,3136.19,2928,600
Cebgo,CEB-BXU,2024,12,2760.48,61.36,5258.1,3125.27,4652.22,2928,261
Cebgo,CEB-CEB,2024,12,368.064,26.8,3950.87,3125.27,3055.72,2928,3143
Cebgo,CEB-CGM,2024,12,3435.264,100.0,10000.0,3125.27,10000.0,2928,56
Cebgo,CEB-CGY,2024,12,9569.664,64.1,5323.76,3125.27,3251.32,2928,677
Cebgo,CEB-CYP,2024,12,1901.664,100.0,10000.0,3125.27,5935.74,2928,44
Cebgo,CEB-DGT,2024,12,2821.824,100.0,10000.0,3125.27,4720.12,2928,231
Cebgo,CEB-DPL,2024,12,1717.632,100.0,10000.0,3125.27,4078.11,2928,101
Cebgo,CEB-DRP,2024,12,3373.92,100.0,10000.0,3125.27,4458.95,2928,251
Cebgo,CEB-DVO,2024,12,61.344,0.18,5444.82,3125.27,5124.76,2928,1181
Cebgo,CEB-IAO,2024,12,5582.304,58.98,5161.28,3125.27,5109.29,2928,296
Cebgo,CEB-ILO,2024,12,3067.2,25.04,3602.12,3125.27,4352.13,2928,901
Cebgo,CEB-MBT,2024,12,736.128,100.0,10000.0,3125.27,10000.0,2928,12
Cebgo,CEB-PAG,2024,12,1594.944,100.0,10000.0,3125.27,7596.9,2928,88
Cebgo,CEB-SUG,2024,12,2883.168,98.09,9625.3,3125.27,9624.71,2928,48
Cebgo,CEB-TAC,2024,12,1594.944,45.48,5040.86,3125.27,3621.73,2928,419
Cebgo,CEB-USU,2024,12,1717.632,30.68,5746.52,3125.27,5425.68,2928,173
Cebgo,CGM-CEB,2024,12,3251.232,100.0,10000.0,10000.0,3055.72,53,3143
Cebgo,CGY-CEB,2024,12,9569.664,64.86,5368.73,3273.77,3055.72,697,3143
Cebgo,CGY-CGY,2024,12,61.344,100.0,10000.0,3273.77,3251.32,697,677
Cebgo,CGY-DVO,2024,12,981.504,100.0,10000.0,3273.77,5124.76,697,1181
Cebgo,CYP-CEB,2024,12,1533.6,100.0,10000.0,5582.37,3055.72,38,3143
Cebgo,DGT-CEB,2024,12,2821.824,100.0,10000.0,4283.55,3055.72,201,3143
Cebgo,DGT-ILO,2024,12,61.344,100.0,10000.0,4283.55,4352.13,201,901
Cebgo,DPL-CEB,2024,12,2883.168,100.0,10000.0,3690.54,3055.72,118,3143
Cebgo,DRP-CEB,2024,12,3189.888,100.0,10000.0,4494.63,3055.72,243,3143
Cebgo,DVO-CEB,2024,12,61.344,0.18,5444.82,5053.84,3055.72,1137,3143
Cebgo,DVO-CGY,2024,12,1104.192,87.45,7805.0,5053.84,3251.32,1137,677
Cebgo,DVO-IAO,2024,12,1840.32,100.0,10000.0,5053.84,5109.29,1137,296
Cebgo,IAO-CEB,2024,12,6686.496,62.89,5211.33,4575.75,3055.72,292,3143
Cebgo,IAO-DVO,2024,12,1901.664,100.0,10000.0,4575.75,5124.76,292,1181
Cebgo,IAO-IAO,2024,12,61.344,26.09,6143.38,4575.75,5109.29,292,296
Cebgo,ILO-CEB,2024,12,2637.792,19.23,4085.5,4391.08,3055.72,912,3143
Cebgo,MBT-CEB,2024,12,736.128,100.0,10000.0,10000.0,3055.72,12,3143
Cebgo,MNL-CEB,2024,12,1288.224,0.76,3410.34,3818.65,3055.72,6235,3143
Cebgo,MNL-MNL,2024,12,61.344,1.33,4028.7,3818.65,3702.77,6235,6807
Cebgo,MNL-MPH,2024,12,1963.008,2.6,3512.04,3818.65,4248.91,6235,777
Cebgo,MNL-USU,2024,12,1778.976,49.79,4847.36,3818.65,5425.68,6235,173
Cebgo,MNL-WNP,2024,12,3251.232,100.0,10000.0,3818.65,10000.0,6235,53
Cebgo,MPH-CEB,2024,12,1226.88,6.11,4786.39,3490.42,3055.72,985,3143
Cebgo,MPH-MNL,2024,12,1901.664,1.87,3287.94,3490.42,3702.77,985,6807
Cebgo,OZC-CEB,2024,12,1656.288,68.64,5547.92,4191.65,3055.72,117,3143
Cebgo,PAG-CEB,2024,12,1594.944,100.0,10000.0,7568.65,3055.72,87,3143
Cebgo,SUG-CEB,2024,12,2576.448,100.0,10000.0,10000.0,3055.72,42,3143
Cebgo,SWL-CEB,2024,12,1226.88,100.0,10000.0,10000.0,3055.72,20,3143
Cebgo,TAC-CEB,2024,12,3312.576,64.12,5398.75,3381.93,3055.72,530,3143
Cebgo,USU-CEB,2024,12,4048.704,51.05,5002.2,5340.99,3055.72,303,3143
Cebgo,USU-MNL,2024,12,7422.624,80.52,6862.94,5340.99,3702.77,303,6807
Cebgo,WNP-MNL,2024,12,3189.888,100.0,10000.0,10000.0,3702.77,52,6807
Cebu Pacific,BCD-CEB,2024,12,633.888,7.27,4521.75,3258.13,3055.72,656,3143
Cebu Pacific,BCD-DVO,2024,12,4912.632,100.0,10000.0,3258.13,5124.76,656,1181
Cebu Pacific,BCD-MNL,2024,12,33665.928,40.83,3497.64,3258.13,3702.77,656,6807
Cebu Pacific,BXU-MNL,2024,12,20454.816,67.55,5616.0,4323.38,3702.77,289,6807
Cebu Pacific,CAN-MNL,2024,12,1622.208,100.0,10000.0,10000.0,3702.77,10,6807
Cebu Pacific,CEB-BCD,2024,12,633.888,7.13,4444.79,3125.27,3136.19,2928,600
Cebu Pacific,CEB-CGY,2024,12,158.472,1.06,5323.76,3125.27,3251.32,2928,677
Cebu Pacific,CEB-CRK,2024,12,10237.632,100.0,10000.0,3125.27,8217.71,2928,362
Cebu Pacific,CEB-DVO,2024,12,22819.968,65.11,5444.82,3125.27,5124.76,2928,1181
Cebu Pacific,CEB-GES,2024,12,8969.856,84.22,7342.02,3125.27,5578.68,2928,299
Cebu Pacific,CEB-ILO,2024,12,5704.992,46.58,3602.12,3125.27,4352.13,2928,901
Cebu Pacific,CEB-MNL,2024,12,65893.68,38.36,3462.95,3125.27,3702.77,2928,6807
Cebu Pacific,CEB-MPH,2024,12,12202.344,67.29,5597.89,3125.27,4248.91,2928,777
Cebu Pacific,CEB-PPS,2024,12,9402.672,52.76,5015.24,3125.27,4355.75,2928,604
Cebu Pacific,CEB-ZAM,2024,12,4912.632,100.0,10000.0,3125.27,6323.88,2928,103
Cebu Pacific,CGY-CEB,2024,12,158.472,1.07,5368.73,3273.77,3055.72,697,3143
Cebu Pacific,CGY-ILO,2024,12,4912.632,100.0,10000.0,3273.77,4352.13,697,901
Cebu Pacific,CGY-MNL,2024,12,32684.424,46.49,3919.38,3273.77,3702.77,697,6807
Cebu Pacific,CRK-CEB,2024,12,12773.184,96.19,9267.03,8002.34,3055.72,298,3143
Cebu Pacific,CRK-CRK,2024,12,158.472,17.78,6091.9,8002.34,8217.71,298,362
Cebu Pacific,CRK-DVO,2024,12,4912.632,100.0,10000.0,8002.34,5124.76,298,1181
Cebu Pacific,CRK-MPH,2024,12,12836.232,100.0,10000.0,8002.34,4248.91,298,777
Cebu Pacific,CRK-PPS,2024,12,4912.632,100.0,10000.0,8002.34,4355.75,298,604
Cebu Pacific,CYZ-MNL,2024,12,6972.768,100.0,10000.0,10000.0,3702.77,44,6807
Cebu Pacific,DGT-MNL,2024,12,14737.896,60.39,5215.9,4283.55,3702.77,201,6807
Cebu Pacific,DPL-MNL,2024,12,6655.824,59.15,5167.44,3690.54,3702.77,118,6807
Cebu Pacific,DRP-ILO,2024,12,2060.136,100.0,10000.0,4494.63,4352.13,243,901
Cebu Pacific,DRP-MNL,2024,12,17016.144,61.37,5258.55,4494.63,3702.77,243,6807
Cebu Pacific,DVO-BCD,2024,12,4912.632,100.0,10000.0,5053.84,3136.19,1137,600
Cebu Pacific,DVO-CEB,2024,12,22819.968,65.11,5444.82,5053.84,3055.72,1137,3143
Cebu Pacific,DVO-CRK,2024,12,4912.632,100.0,10000.0,5053.84,8217.71,1137,362
Cebu Pacific,DVO-DVO,2024,12,158.472,100.0,10000.0,5053.84,5124.76,1137,1181
Cebu Pacific,DVO-ILO,2024,12,4595.688,100.0,10000.0,5053.84,4352.13,1137,901
Cebu Pacific,DVO-MNL,2024,12,61079.88,50.35,5000.24,5053.84,3702.77,1137,6807
Cebu Pacific,DVO-MPH,2024,12,4754.16,100.0,10000.0,5053.84,4248.91,1137,777
Cebu Pacific,DVO-PPS,2024,12,4912.632,100.0,10000.0,5053.84,4355.75,1137,604
Cebu Pacific,DVO-TAG,2024,12,4912.632,74.52,6202.46,5053.84,4230.29,1137,367
Cebu Pacific,GES-CEB,2024,12,8969.856,83.77,7280.83,5566.59,3055.72,299,3143
Cebu Pacific,GES-ILO,2024,12,4912.632,100.0,10000.0,5566.59,4352.13,299,901
Cebu Pacific,GES-MNL,2024,12,24828.984,58.69,5151.03,5566.59,3702.77,299,6807
Cebu Pacific,HKG-DVO,2024,12,2852.496,100.0,10000.0,10000.0,5124.76,18,1181
Cebu Pacific,IAO-CEB,2024,12,122.688,1.15,5211.33,4575.75,3055.72,292,3143
Cebu Pacific,ILO-CEB,2024,12,7606.656,55.44,4085.5,4391.08,3055.72,912,3143
Cebu Pacific,ILO-CGY,2024,12,4912.632,100.0,10000.0,4391.08,3251.32,912,677
Cebu Pacific,ILO-CRK,2024,12,4791.648,100.0,10000.0,4391.08,8217.71,912,362
Cebu Pacific,ILO-DRP,2024,12,1901.664,100.0,10000.0,4391.08,4458.95,912,251
Cebu Pacific,ILO-DVO,2024,12,4754.16,96.77,9374.87,4391.08,5124.76,912,1181
Cebu Pacific,ILO-GES,2024,12,4912.632,100.0,10000.0,4391.08,5578.68,912,299
Cebu Pacific,ILO-MNL,2024,12,41444.688,45.63,3568.59,4391.08,3702.77,912,6807
Cebu Pacific,ILO-PPS,2024,12,5108.592,100.0,10000.0,4391.08,4355.75,912,604
Cebu Pacific,ILO-TAC,2024,12,2852.496,100.0,10000.0,4391.08,3621.73,912,419
Cebu Pacific,ILO-TAG,2024,12,4912.632,100.0,10000.0,4391.08,4230.29,912,367
Cebu Pacific,ILO-ZAM,2024,12,2852.496,100.0,10000.0,4391.08,6323.88,912,103
Cebu Pacific,KLO-MNL,2024,12,4912.632,25.62,6188.77,6188.78,3702.77,121,6807
Cebu Pacific,LAO-MNL,2024,12,4912.632,34.79,5462.69,5462.47,3702.77,91,6807
Cebu Pacific,MNL-BCD,2024,12,28049.544,38.83,3407.91,3818.65,3136.19,6235,600
Cebu Pacific,MNL-BXU,2024,12,20454.816,68.27,5667.59,3818.65,4652.22,6235,261
Cebu Pacific,MNL-CEB,2024,12,64392.456,38.17,3410.34,3818.65,3055.72,6235,3143
Cebu Pacific,MNL-CGY,2024,12,32684.424,49.12,3934.86,3818.65,3251.32,6235,677
Cebu Pacific,MNL-CYZ,2024,12,7606.656,100.0,10000.0,3818.65,10000.0,6235,48
Cebu Pacific,MNL-DGT,2024,12,19650.528,67.03,5580.04,3818.65,4720.12,6235,231
Cebu Pacific,MNL-DPL,2024,12,6814.296,58.9,5158.42,3818.65,4078.11,6235,101
Cebu Pacific,MNL-DRP,2024,12,17408.064,61.09,5245.98,3818.65,4458.95,6235,251
Cebu Pacific,MNL-DVO,2024,12,57856.764,49.14,5001.48,3818.65,5124.76,6235,1181
Cebu Pacific,MNL-GES,2024,12,25024.944,58.88,5157.71,3818.65,5578.68,6235,299
Cebu Pacific,MNL-ILO,2024,12,44672.064,47.88,3650.86,3818.65,4352.13,6235,901
Cebu Pacific,MNL-KLO,2024,12,4912.632,25.41,6209.34,3818.65,6209.35,6235,122
Cebu Pacific,MNL-LAO,2024,12,4912.632,34.79,5462.69,3818.65,5462.47,6235,91
Cebu Pacific,MNL-MNL,2024,12,1893.144,41.15,4028.7,3818.65,3702.77,6235,6807
Cebu Pacific,MNL-MPH,2024,12,34546.896,45.67,3512.04,3818.65,4248.91,6235,777
Cebu Pacific,MNL-OZC,2024,12,7606.656,61.54,5266.34,3818.65,5128.13,6235,91
Cebu Pacific,MNL-PAG,2024,12,9825.264,100.0,10000.0,3818.65,7596.9,6235,88
Cebu Pacific,MNL-PPS,2024,12,34015.248,50.62,3802.44,3818.65,4355.75,6235,604
Cebu Pacific,MNL-RXS,2024,12,9825.264,57.94,4399.27,3818.65,4342.16,6235,109
Cebu Pacific,MNL-TAC,2024,12,24404.688,44.64,3736.86,3818.65,3621.73,6235,419
Cebu Pacific,MNL-TAG,2024,12,23886.672,50.32,3801.01,3818.65,4230.29,6235,367
Cebu Pacific,MNL-TUG,2024,12,9191.376,67.44,5608.31,3818.65,5608.44,6235,86
Cebu Pacific,MNL-VRC,2024,12,5071.104,100.0,10000.0,3818.65,10000.0,6235,32
Cebu Pacific,MPH-CEB,2024,12,12043.872,60.01,4786.39,3490.42,3055.72,985,3143
Cebu Pacific,MPH-CRK,2024,12,14737.896,100.0,10000.0,3490.42,8217.71,985,362
Cebu Pacific,MPH-DVO,2024,12,4754.16,100.0,10000.0,3490.42,5124.76,985,1181
Cebu Pacific,MPH-MNL,2024,12,34229.952,33.62,3287.94,3490.42,3702.77,985,6807
Cebu Pacific,NRT-CRK,2024,12,4912.632,100.0,10000.0,10000.0,8217.71,31,362
Cebu Pacific,OZC-CEB,2024,12,61.344,2.54,5547.92,4191.65,3055.72,117,3143
Cebu Pacific,OZC-MNL,2024,12,7606.656,62.34,5304.55,4191.65,3702.77,117,6807
Cebu Pacific,PAG-MNL,2024,12,9666.792,100.0,10000.0,7568.65,3702.77,87,6807
Cebu Pacific,PPS-CEB,2024,12,9402.672,69.67,5773.82,4614.73,3055.72,562,3143
Cebu Pacific,PPS-CRK,2024,12,4912.632,100.0,10000.0,4614.73,8217.71,562,362
Cebu Pacific,PPS-DVO,2024,12,4912.632,100.0,10000.0,4614.73,5124.76,562,1181
Cebu Pacific,PPS-ILO,2024,12,4754.16,100.0,10000.0,4614.73,4352.13,562,901
Cebu Pacific,PPS-MNL,2024,12,34015.248,50.05,3973.63,4614.73,3702.77,562,6807
Cebu Pacific,RXS-MNL,2024,12,9032.904,58.76,4475.34,4475.5,3702.77,97,6807
Cebu Pacific,SIN-ILO,2024,12,1901.664,100.0,10000.0,10000.0,4352.13,12,901
Cebu Pacific,TAC-DVO,2024,12,2060.136,100.0,10000.0,3381.93,5124.76,530,1181
Cebu Pacific,TAC-ILO,2024,12,2852.496,100.0,10000.0,3381.93,4352.13,530,901
Cebu Pacific,TAC-MNL,2024,12,29158.848,44.2,3626.79,3381.93,3702.77,530,6807
Cebu Pacific,TAC-TAC,2024,12,158.472,100.0,10000.0,3381.93,3621.73,530,419
Cebu Pacific,TAG-DRP,2024,12,158.472,100.0,10000.0,4194.55,4458.95,428,251
Cebu Pacific,TAG-DVO,2024,12,4912.632,74.52,6202.46,4194.55,5124.76,428,1181
Cebu Pacific,TAG-ILO,2024,12,4912.632,100.0,10000.0,4194.55,4352.13,428,901
Cebu Pacific,TAG-MNL,2024,12,29923.944,51.59,3834.15,4194.55,3702.77,428,6807
Cebu Pacific,TUG-MNL,2024,12,18065.808,80.28,6833.76,6833.96,3702.77,142,6807
Cebu Pacific,TWT-ZAM,2024,12,4595.688,70.73,5859.47,5479.08,6323.88,50,103
Cebu Pacific,ZAM-CEB,2024,12,9032.904,84.32,7355.72,6942.02,3055.72,395,3143
Cebu Pacific,ZAM-DVO,2024,12,4754.16,100.0,10000.0,6942.02,5124.76,395,1181
Cebu Pacific,ZAM-ILO,2024,12,2852.496,100.0,10000.0,6942.02,4352.13,395,901
Cebu Pacific,ZAM-MNL,2024,12,25418.568,75.52,6302.54,6942.02,3702.77,395,6807
Cebu Pacific,ZAM-TWT,2024,12,8874.432,82.35,7093.04,6942.02,6677.01,395,76
Philippine Airlines,BCD-CEB,2024,12,3076.864,37.19,4521.75,3258.13,3055.72,656,3143
Philippine Airlines,BCD-MNL,2024,12,28082.848,35.91,3497.64,3258.13,3702.77,656,6807
Philippine Airlines,BPA-CEB,2024,12,549.44,100.0,10000.0,10000.0,3055.72,10,3143
Philippine Airlines,BSO-CRK,2024,12,988.992,100.0,10000.0,10000.0,8217.71,18,362
Philippine Airlines,BXU-CEB,2024,12,1703.264,29.49,5841.32,4323.38,3055.72,289,3143
Philippine Airlines,BXU-MNL,2024,12,9317.856,32.45,5616.0,4323.38,3702.77,289,6807
Philippine Airlines,CBO-CEB,2024,12,384.608,100.0,10000.0,10000.0,3055.72,58,3143
Philippine Airlines,CBO-MNL,2024,12,6462.384,100.0,10000.0,10000.0,3702.77,58,6807
Philippine Airlines,CBO-TWT,2024,12,439.552,100.0,10000.0,10000.0,6677.01,58,76
Philippine Airlines,CEB-BCD,2024,12,3186.752,37.77,4444.79,3125.27,3136.19,2928,600
Philippine Airlines,CEB-BPA,2024,12,604.384,100.0,10000.0,3125.27,10000.0,2928,11
Philippine Airlines,CEB-BXU,2024,12,1648.32,38.64,5258.1,3125.27,4652.22,2928,261
Philippine Airlines,CEB-CBO,2024,12,439.552,100.0,10000.0,3125.27,10000.0,2928,63
Philippine Airlines,CEB-CEB,2024,12,260.176,19.98,3950.87,3125.27,3055.72,2928,3143
Philippine Airlines,CEB-CGY,2024,12,4932.032,34.84,5323.76,3125.27,3251.32,2928,677
Philippine Airlines,CEB-DVO,2024,12,11539.856,34.72,5444.82,3125.27,5124.76,2928,1181
Philippine Airlines,CEB-GES,2024,12,1593.376,15.78,7342.02,3125.27,5578.68,2928,299
Philippine Airlines,CEB-IAO,2024,12,3681.248,41.02,5161.28,3125.27,5109.29,2928,296
Philippine Airlines,CEB-ILO,2024,12,3296.64,28.38,3602.12,3125.27,4352.13,2928,901
Philippine Airlines,CEB-MNL,2024,12,63925.728,39.24,3462.95,3125.27,3702.77,2928,6807
Philippine Airlines,CEB-MPH,2024,12,5625.296,32.71,5597.89,3125.27,4248.91,2928,777
Philippine Airlines,CEB-OZC,2024,12,714.272,100.0,10000.0,3125.27,5128.13,2928,91
Philippine Airlines,CEB-PPS,2024,12,7983.04,47.24,5015.24,3125.27,4355.75,2928,604
Philippine Airlines,CEB-TAC,2024,12,1813.152,54.52,5040.86,3125.27,3621.73,2928,419
Philippine Airlines,CEB-USU,2024,12,3681.248,69.32,5746.52,3125.27,5425.68,2928,173
Philippine Airlines,CGY-CEB,2024,12,4767.2,34.07,5368.73,3273.77,3055.72,697,3143
Philippine Airlines,CGY-MNL,2024,12,26358.576,39.53,3919.38,3273.77,3702.77,697,6807
Philippine Airlines,CRK-BSO,2024,12,934.048,100.0,10000.0,8002.34,10000.0,298,45
Philippine Airlines,CRK-CRK,2024,12,54.944,6.5,6091.9,8002.34,8217.71,298,362
Philippine Airlines,CRK-IAO,2024,12,714.272,100.0,10000.0,8002.34,5109.29,298,296
Philippine Airlines,CRK-USU,2024,12,934.048,100.0,10000.0,8002.34,5425.68,298,173
Philippine Airlines,CRM-MNL,2024,12,824.16,100.0,10000.0,10000.0,3702.77,15,6807
Philippine Airlines,CYP-MNL,2024,12,714.272,100.0,10000.0,5582.37,3702.77,38,6807
Philippine Airlines,DGT-MNL,2024,12,9167.568,39.61,5215.9,4283.55,3702.77,201,6807
Philippine Airlines,DPL-MNL,2024,12,4358.352,40.85,5167.44,3690.54,3702.77,118,6807
Philippine Airlines,DRP-MNL,2024,12,10159.792,38.63,5258.55,4494.63,3702.77,243,6807
Philippine Airlines,DVO-CEB,2024,12,11539.856,34.72,5444.82,5053.84,3055.72,1137,3143
Philippine Airlines,DVO-CGY,2024,12,150.288,12.55,7805.0,5053.84,3251.32,1137,677
Philippine Airlines,DVO-MNL,2024,12,57122.368,49.65,5000.24,5053.84,3702.77,1137,6807
Philippine Airlines,DVO-TAG,2024,12,1593.376,25.48,6202.46,5053.84,4230.29,1137,367
Philippine Airlines,EUQ-MNL,2024,12,714.272,100.0,10000.0,10000.0,3702.77,13,6807
Philippine Airlines,GES-CEB,2024,12,1648.32,16.23,7280.83,5566.59,3055.72,299,3143
Philippine Airlines,GES-MNL,2024,12,16572.08,41.31,5151.03,5566.59,3702.77,299,6807
Philippine Airlines,IAO-CEB,2024,12,3571.36,35.42,5211.33,4575.75,3055.72,292,3143
Philippine Airlines,IAO-CRK,2024,12,659.328,52.92,5017.05,4575.75,8217.71,292,362
Philippine Airlines,IAO-IAO,2024,12,164.832,73.91,6143.38,4575.75,5109.29,292,296
Philippine Airlines,IAO-MNL,2024,12,3131.808,100.0,10000.0,4575.75,3702.77,292,6807
Philippine Airlines,ILO-CEB,2024,12,3296.64,25.34,4085.5,4391.08,3055.72,912,3143
Philippine Airlines,ILO-DVO,2024,12,150.288,3.23,9374.87,4391.08,5124.76,912,1181
Philippine Airlines,ILO-MNL,2024,12,21586.528,25.06,3568.59,4391.08,3702.77,912,6807
Philippine Airlines,LAO-MNL,2024,12,8731.248,65.21,5462.69,5462.47,3702.77,91,6807
Philippine Airlines,MNL-BCD,2024,12,23574.208,34.41,3407.91,3818.65,3136.19,6235,600
Philippine Airlines,MNL-BSO,2024,12,1538.432,100.0,10000.0,3818.65,10000.0,6235,45
Philippine Airlines,MNL-BXU,2024,12,9017.28,31.73,5667.59,3818.65,4652.22,6235,261
Philippine Airlines,MNL-CBO,2024,12,6913.248,100.0,10000.0,3818.65,10000.0,6235,63
Philippine Airlines,MNL-CEB,2024,12,61753.824,38.59,3410.34,3818.65,3055.72,6235,3143
Philippine Airlines,MNL-CGY,2024,12,22785.6,36.11,3934.86,3818.65,3251.32,6235,677
Philippine Airlines,MNL-CRM,2024,12,988.992,100.0,10000.0,3818.65,10000.0,6235,18
Philippine Airlines,MNL-CYP,2024,12,714.272,100.0,10000.0,3818.65,5935.74,6235,44
Philippine Airlines,MNL-DGT,2024,12,9167.568,32.97,5580.04,3818.65,4720.12,6235,231
Philippine Airlines,MNL-DPL,2024,12,4508.64,41.1,5158.42,3818.65,4078.11,6235,101
Philippine Airlines,MNL-DRP,2024,12,10515.312,38.91,5245.98,3818.65,4458.95,6235,251
Philippine Airlines,MNL-DVO,2024,12,56794.32,50.86,5001.48,3818.65,5124.76,6235,1181
Philippine Airlines,MNL-EUQ,2024,12,714.272,100.0,10000.0,3818.65,10000.0,6235,13
Philippine Airlines,MNL-GES,2024,12,16572.08,41.12,5157.71,3818.65,5578.68,6235,299
Philippine Airlines,MNL-IAO,2024,12,4999.904,100.0,10000.0,3818.65,5109.29,6235,296
Philippine Airlines,MNL-ILO,2024,12,23275.248,26.3,3650.86,3818.65,4352.13,6235,901
Philippine Airlines,MNL-LAO,2024,12,8731.248,65.21,5462.69,3818.65,5462.47,6235,91
Philippine Airlines,MNL-MNL,2024,12,2058.784,47.19,4028.7,3818.65,3702.77,6235,6807
Philippine Airlines,MNL-MPH,2024,12,23131.424,32.25,3512.04,3818.65,4248.91,6235,777
Philippine Airlines,MNL-OZC,2024,12,4508.64,38.46,5266.34,3818.65,5128.13,6235,91
Philippine Airlines,MNL-PPS,2024,12,17793.776,27.92,3802.44,3818.65,4355.75,6235,604
Philippine Airlines,MNL-RXS,2024,12,4809.216,29.91,4399.27,3818.65,4342.16,6235,109
Philippine Airlines,MNL-TAC,2024,12,19682.88,37.97,3736.86,3818.65,3621.73,6235,419
Philippine Airlines,MNL-TAG,2024,12,13049.2,28.99,3801.01,3818.65,4230.29,6235,367
Philippine Airlines,MNL-TUG,2024,12,4208.064,32.56,5608.31,3818.65,5608.44,6235,86
Philippine Airlines,MNL-USU,2024,12,1648.32,48.64,4847.36,3818.65,5425.68,6235,173
Philippine Airlines,MNL-ZAM,2024,12,1953.744,100.0,10000.0,3818.65,6323.88,6235,103
Philippine Airlines,MPH-CEB,2024,12,6449.456,33.88,4786.39,3490.42,3055.72,985,3143
Philippine Airlines,MPH-MNL,2024,12,25330.8,26.23,3287.94,3490.42,3702.77,985,6807
Philippine Airlines,OZC-CEB,2024,12,659.328,28.81,5547.92,4191.65,3055.72,117,3143
Philippine Airlines,OZC-MNL,2024,12,4358.352,37.66,5304.55,4191.65,3702.77,117,6807
Philippine Airlines,PPS-CEB,2024,12,3881.632,30.33,5773.82,4614.73,3055.72,562,3143
Philippine Airlines,PPS-MNL,2024,12,22877.712,35.49,3973.63,4614.73,3702.77,562,6807
Philippine Airlines,RXS-MNL,2024,12,4358.352,29.9,4475.34,4475.5,3702.77,97,6807
Philippine Airlines,TAC-CEB,2024,12,1758.208,35.88,5398.75,3381.93,3055.72,530,3143
Philippine Airlines,TAC-MNL,2024,12,12671.056,20.25,3626.79,3381.93,3702.77,530,6807
Philippine Airlines,TAG-DVO,2024,12,1593.376,25.48,6202.46,4194.55,5124.76,428,1181
Philippine Airlines,TAG-MNL,2024,12,12953.856,23.55,3834.15,4194.55,3702.77,428,6807
Philippine Airlines,TBH-MNL,2024,12,150.288,100.0,10000.0,10000.0,3702.77,3,6807
Philippine Airlines,TBH-MPH,2024,12,300.576,100.0,10000.0,10000.0,4248.91,3,777
Philippine Airlines,TUG-MNL,2024,12,4208.064,19.72,6833.76,6833.96,3702.77,142,6807
Philippine Airlines,TWT-CBO,2024,12,494.496,100.0,10000.0,5479.08,10000.0,50,63
Philippine Airlines,TWT-ZAM,2024,12,1803.456,29.27,5859.47,5479.08,6323.88,50,103
Philippine Airlines,USU-CEB,2024,12,3681.248,48.95,5002.2,5340.99,3055.72,303,3143
Philippine Airlines,USU-CRK,2024,12,934.048,100.0,10000.0,5340.99,8217.71,303,362
Philippine Airlines,USU-MNL,2024,12,1703.264,19.48,6862.94,5340.99,3702.77,303,6807
Philippine Airlines,USU-USU,2024,12,54.944,100.0,10000.0,5340.99,5425.68,303,173
Philippine Airlines,ZAM-CEB,2024,12,1593.376,15.68,7355.72,6942.02,3055.72,395,3143
Philippine Airlines,ZAM-MNL,2024,12,7814.976,24.48,6302.54,6942.02,3702.77,395,6807
Philippine Airlines,ZAM-TWT,2024,12,1803.456,17.65,7093.04,6942.02,6677.01,395,76
Sunlight Air,CEB-BCD,2024,12,56.1,0.63,4444.79,3125.27,3136.19,2928,600
Sunlight Air,CEB-CEB,2024,12,729.3,53.23,3950.87,3125.27,3055.72,2928,3143
Sunlight Air,CEB-MNL,2024,12,2019.6,1.18,3462.95,3125.27,3702.77,2928,6807
Sunlight Air,CEB-RXS,2024,12,112.2,100.0,10000.0,3125.27,4342.16,2928,109
Sunlight Air,CEB-SUG,2024,12,56.1,1.91,9625.3,3125.27,9624.71,2928,48
Sunlight Air,CRK-CEB,2024,12,504.9,3.81,9267.03,8002.34,3055.72,298,3143
Sunlight Air,CRK-CRK,2024,12,673.2,75.72,6091.9,8002.34,8217.71,298,362
Sunlight Air,CRK-MBO,2024,12,56.1,100.0,10000.0,8002.34,10000.0,298,3
Sunlight Air,CRK-MNL,2024,12,280.5,100.0,10000.0,8002.34,3702.77,298,6807
Sunlight Air,CRK-TAC,2024,12,56.1,100.0,10000.0,8002.34,3621.73,298,419
Sunlight Air,IAO-CEB,2024,12,56.1,0.53,5211.33,4575.75,3055.72,292,3143
Sunlight Air,IAO-CRK,2024,12,617.1,47.08,5017.05,4575.75,8217.71,292,362
Sunlight Air,MNL-CEB,2024,12,1626.9,0.97,3410.34,3818.65,3055.72,6235,3143
Sunlight Air,MNL-CRK,2024,12,673.2,100.0,10000.0,3818.65,8217.71,6235,362
Sunlight Air,MNL-MBO,2024,12,112.2,100.0,10000.0,3818.65,10000.0,6235,3
Sunlight Air,MNL-USU,2024,12,56.1,1.57,4847.36,3818.65,5425.68,6235,173
AirAsia,BCD-MNL,2025,1,21522.06,25.23,3486.85,3282.1,3717.97,665,6775
AirAsia,CEB-MNL,2025,1,37704.06,21.66,3437.95,3239.03,3717.97,2827,6775
AirAsia,CGY-MNL,2025,1,9061.92,12.64,3982.8,3602.28,3717.97,657,6775
AirAsia,ILO-MNL,2025,1,27359.76,30.8,3586.72,4440.67,3717.97,844,6775
AirAsia,KLO-MNL,2025,1,15049.26,75.0,6250.0,6250.0,3717.97,124,6775
AirAsia,MNL-BCD,2025,1,20227.5,25.69,3430.78,3836.87,3209.42,6330,632
AirAsia,MNL-CEB,2025,1,37865.88,22.2,3413.56,3836.87,3150.85,6330,3074
AirAsia,MNL-CGY,2025,1,10032.84,14.95,3909.28,3836.87,3539.37,6330,626
AirAsia,MNL-ILO,2025,1,25405.74,25.39,3661.57,3836.87,4460.23,6330,900
AirAsia,MNL-KLO,2025,1,15049.26,75.0,6250.0,3836.87,6250.0,6330,124
AirAsia,MNL-MNL,2025,1,200.1,2.61,4792.05,3836.87,3717.97,6330,6775
AirAsia,MNL-MPH,2025,1,15049.26,19.75,3513.77,3836.87,4153.81,6330,738
AirAsia,MNL-PPS,2025,1,16505.64,22.72,3709.97,3836.87,4456.36,6330,602
AirAsia,MNL-RXS,2025,1,2103.66,12.04,4374.78,3836.87,4374.14,6330,108
AirAsia,MNL-TAC,2025,1,10032.84,17.94,3698.2,3836.87,3582.66,6330,419
AirAsia,MNL-TAG,2025,1,10032.84,20.14,3768.53,3836.87,4175.84,6330,368
AirAsia,MPH-MNL,2025,1,39969.54,38.16,3281.79,3427.23,3717.97,998,6775
AirAsia,PPS-MNL,2025,1,10680.12,15.31,3957.55,4764.57,3717.97,557,6775
AirAsia,RXS-MNL,2025,1,2103.66,12.5,4488.09,4487.8,3717.97,104,6775
AirAsia,TAC-CEB,2025,1,161.82,3.45,4840.85,3380.9,3150.85,512,3074
AirAsia,TAC-MNL,2025,1,24311.28,36.5,3601.91,3380.9,3717.97,512,6775
AirAsia,TAG-MNL,2025,1,15858.36,25.72,3741.34,4077.26,3717.97,435,6775
Cebgo,BCD-CEB,2025,1,4795.56,46.9,3650.28,3282.1,3150.85,665,3074
Cebgo,BXU-CEB,2025,1,3487.68,65.67,5491.1,4645.22,3150.85,266,3074
Cebgo,CEB-BCD,2025,1,4795.56,46.64,3644.63,3239.03,3209.42,2827,632
Cebgo,CEB-BXU,2025,1,1992.96,50.11,4629.64,3239.03,4916.71,2827,252
Cebgo,CEB-CGM,2025,1,3425.4,100.0,10000.0,3239.03,10000.0,2827,55
Cebgo,CEB-CGY,2025,1,5916.6,38.82,3392.53,3239.03,3539.37,2827,626
Cebgo,CEB-CYP,2025,1,1743.84,100.0,10000.0,3239.03,5897.73,2827,40
Cebgo,CEB-DGT,2025,1,2678.04,94.33,8930.3,3239.03,4740.49,2827,224
Cebgo,CEB-DPL,2025,1,1681.56,100.0,10000.0,3239.03,4141.4,2827,103
Cebgo,CEB-DRP,2025,1,2553.48,100.0,10000.0,3239.03,4574.31,2827,255
Cebgo,CEB-IAO,2025,1,5916.6,57.62,5069.29,3239.03,4707.02,2827,319
Cebgo,CEB-ILO,2025,1,1432.44,12.31,4418.84,3239.03,4460.23,2827,900
Cebgo,CEB-MBT,2025,1,747.36,100.0,10000.0,3239.03,10000.0,2827,12
Cebgo,CEB-OZC,2025,1,1307.88,60.14,5205.64,3239.03,4315.93,2827,113
Cebgo,CEB-PAG,2025,1,2553.48,100.0,10000.0,3239.03,6723.29,2827,102
Cebgo,CEB-SUG,2025,1,2553.48,100.0,10000.0,3239.03,10000.0,2827,41
Cebgo,CEB-TAC,2025,1,1619.28,45.68,4585.32,3239.03,3582.66,2827,419
Cebgo,CEB-USU,2025,1,1930.68,31.02,5720.48,3239.03,5244.62,2827,186
Cebgo,CGM-CEB,2025,1,3363.12,100.0,10000.0,10000.0,3150.85,54,3074
Cebgo,CGY-CEB,2025,1,5854.32,38.56,3388.46,3602.28,3150.85,657,3074
Cebgo,CGY-DVO,2025,1,1058.76,100.0,10000.0,3602.28,5304.68,657,1133
Cebgo,CYP-CEB,2025,1,1806.12,100.0,10000.0,5455.25,3150.85,42,3074
Cebgo,DGT-CEB,2025,1,2678.04,100.0,10000.0,4304.61,3150.85,194,3074
Cebgo,DPL-CEB,2025,1,2242.08,100.0,10000.0,3973.65,3150.85,109,3074
Cebgo,DRP-CEB,2025,1,2428.92,100.0,10000.0,4767.67,3150.85,230,3074
Cebgo,DVO-CGY,2025,1,996.48,100.0,10000.0,5174.48,3539.37,1118,626
Cebgo,DVO-IAO,2025,1,1930.68,100.0,10000.0,5174.48,4707.02,1118,319
Cebgo,IAO-CEB,2025,1,7286.76,63.91,5351.39,4827.05,3150.85,295,3074
Cebgo,IAO-DVO,2025,1,1930.68,100.0,10000.0,4827.05,5304.68,295,1133
Cebgo,ILO-CEB,2025,1,1432.44,12.21,4414.2,4440.67,3150.85,844,3074
Cebgo,MBT-CEB,2025,1,685.08,100.0,10000.0,10000.0,3150.85,11,3074
Cebgo,MNL-CEB,2025,1,435.96,0.26,3413.56,3836.87,3150.85,6330,3074
Cebgo,MNL-MPH,2025,1,1930.68,2.55,3513.77,3836.87,4153.81,6330,738
Cebgo,MNL-USU,2025,1,1868.4,47.66,4468.64,3836.87,5244.62,6330,186
Cebgo,MNL-WNP,2025,1,2740.32,100.0,10000.0,3836.87,10000.0,6330,44
Cebgo,MPH-CEB,2025,1,1681.56,9.27,4505.22,3427.23,3150.85,998,3074
Cebgo,MPH-MNL,2025,1,1930.68,1.85,3281.79,3427.23,3717.97,998,6775
Cebgo,MPH-MPH,2025,1,62.28,16.22,7282.18,3427.23,4153.81,998,738
Cebgo,OZC-CEB,2025,1,2678.04,76.33,6243.69,3853.36,3150.85,135,3074
Cebgo,PAG-CEB,2025,1,2553.48,100.0,10000.0,6723.29,3150.85,102,3074
Cebgo,SUG-CEB,2025,1,2428.92,93.79,8835.13,7234.12,3150.85,42,3074
Cebgo,SWL-CEB,2025,1,1183.32,100.0,10000.0,10000.0,3150.85,19,3074
Cebgo,TAC-CEB,2025,1,2678.04,57.44,4840.85,3380.9,3150.85,512,3074
Cebgo,USU-CEB,2025,1,4608.72,52.09,4941.7,5310.89,3150.85,310,3074
Cebgo,USU-MNL,2025,1,7286.76,80.5,6860.5,5310.89,3717.97,310,6775
Cebgo,WNP-MNL,2025,1,2678.04,100.0,10000.0,10000.0,3717.97,43,6775
Cebu Pacific,BCD-CEB,2025,1,2252.46,22.03,3650.28,3282.1,3150.85,665,3074
Cebu Pacific,BCD-DVO,2025,1,4665.81,100.0,10000.0,3282.1,5304.68,665,1133
Cebu Pacific,BCD-MNL,2025,1,36160.46,42.63,3486.85,3282.1,3717.97,665,6775
Cebu Pacific,BXU-MNL,2025,1,21739.18,71.07,5887.89,4645.22,3717.97,266,6775
Cebu Pacific,CAN-MNL,2025,1,2328.58,100.0,10000.0,10000.0,3717.97,14,6775
Cebu Pacific,CEB-BCD,2025,1,2252.46,21.9,3644.63,3239.03,3209.42,2827,632
Cebu Pacific,CEB-BXU,2025,1,160.89,4.05,4629.64,3239.03,4916.71,2827,252
Cebu Pacific,CEB-CGY,2025,1,4259.26,27.94,3392.53,3239.03,3539.37,2827,626
Cebu Pacific,CEB-CRK,2025,1,12886.77,100.0,10000.0,3239.03,8624.9,2827,340
Cebu Pacific,CEB-DGT,2025,1,160.89,5.67,8930.3,3239.03,4740.49,2827,224
Cebu Pacific,CEB-DVO,2025,1,21720.15,74.03,6154.88,3239.03,5304.68,2827,1133
Cebu Pacific,CEB-GES,2025,1,9990.75,87.17,7763.22,3239.03,5685.99,2827,283
Cebu Pacific,CEB-ILO,2025,1,6795.44,58.38,4418.84,3239.03,4460.23,2827,900
Cebu Pacific,CEB-MNL,2025,1,69459.5,40.13,3437.95,3239.03,3717.97,2827,6775
Cebu Pacific,CEB-MPH,2025,1,10457.85,70.36,5829.06,3239.03,4153.81,2827,738
Cebu Pacific,CEB-PPS,2025,1,11193.1,77.63,6526.83,3239.03,4456.36,2827,602
Cebu Pacific,CEB-TAC,2025,1,160.89,4.54,4585.32,3239.03,3582.66,2827,419
Cebu Pacific,CEB-ZAM,2025,1,4826.7,100.0,10000.0,3239.03,6433.02,2827,99
Cebu Pacific,CGY-CEB,2025,1,4259.26,28.06,3388.46,3602.28,3150.85,657,3074
Cebu Pacific,CGY-ILO,2025,1,4826.7,100.0,10000.0,3602.28,4460.23,657,900
Cebu Pacific,CGY-MNL,2025,1,32492.86,45.57,3982.8,3602.28,3717.97,657,6775
Cebu Pacific,CRK-CEB,2025,1,16540.53,98.64,9731.7,7967.72,3150.85,292,3074
Cebu Pacific,CRK-CRK,2025,1,321.78,41.33,5150.34,7967.72,8624.9,292,340
Cebu Pacific,CRK-DVO,2025,1,4826.7,100.0,10000.0,7967.72,5304.68,292,1133
Cebu Pacific,CRK-MPH,2025,1,9170.73,100.0,10000.0,7967.72,4153.81,292,738
Cebu Pacific,CRK-PPS,2025,1,4987.59,100.0,10000.0,7967.72,4456.36,292,602
Cebu Pacific,CYZ-MNL,2025,1,7883.61,89.93,8188.81,8189.59,3717.97,64,6775
Cebu Pacific,DGT-MNL,2025,1,14480.1,59.6,5184.32,4304.61,3717.97,194,6775
Cebu Pacific,DPL-MNL,2025,1,7240.05,61.64,5270.98,3973.65,3717.97,109,6775
Cebu Pacific,DRP-ILO,2025,1,2091.57,100.0,10000.0,4767.67,4460.23,230,900
Cebu Pacific,DRP-MNL,2025,1,17893.39,63.22,5349.54,4767.67,3717.97,230,6775
Cebu Pacific,DVO-BCD,2025,1,4826.7,100.0,10000.0,5174.48,3209.42,1118,632
Cebu Pacific,DVO-CEB,2025,1,21919.1,74.05,6156.8,5174.48,3150.85,1118,3074
Cebu Pacific,DVO-CRK,2025,1,4665.81,100.0,10000.0,5174.48,8624.9,1118,340
Cebu Pacific,DVO-ILO,2025,1,4987.59,100.0,10000.0,5174.48,4460.23,1118,900
Cebu Pacific,DVO-MNL,2025,1,67148.22,52.6,5013.52,5174.48,3717.97,1118,6775
Cebu Pacific,DVO-MPH,2025,1,4826.7,100.0,10000.0,5174.48,4153.81,1118,738
Cebu Pacific,DVO-PPS,2025,1,5063.71,100.0,10000.0,5174.48,4456.36,1118,602
Cebu Pacific,DVO-TAG,2025,1,4987.59,75.85,6336.44,5174.48,4175.84,1118,368
Cebu Pacific,GES-CEB,2025,1,9990.75,87.17,7763.22,5706.31,3150.85,283,3074
Cebu Pacific,GES-ILO,2025,1,4826.7,100.0,10000.0,5706.31,4460.23,283,900
Cebu Pacific,GES-MNL,2025,1,25827.17,60.35,5214.24,5706.31,3717.97,283,6775
Cebu Pacific,HKG-DVO,2025,1,2896.02,100.0,10000.0,10000.0,5304.68,18,1133
Cebu Pacific,ILO-CEB,2025,1,6833.5,58.23,4414.2,4440.67,3150.85,844,3074
Cebu Pacific,ILO-CGY,2025,1,4665.81,100.0,10000.0,4440.67,3539.37,844,626
Cebu Pacific,ILO-CRK,2025,1,4382.09,100.0,10000.0,4440.67,8624.9,844,340
Cebu Pacific,ILO-DRP,2025,1,2252.46,100.0,10000.0,4440.67,4574.31,844,255
Cebu Pacific,ILO-DVO,2025,1,4987.59,100.0,10000.0,4440.67,5304.68,844,1133
Cebu Pacific,ILO-GES,2025,1,4504.92,100.0,10000.0,4440.67,5685.99,844,283
Cebu Pacific,ILO-MNL,2025,1,40315.92,45.64,3586.72,4440.67,3717.97,844,6775
Cebu Pacific,ILO-PPS,2025,1,4542.98,100.0,10000.0,4440.67,4456.36,844,602
Cebu Pacific,ILO-TAC,2025,1,2574.24,100.0,10000.0,4440.67,3582.66,844,419
Cebu Pacific,ILO-TAG,2025,1,4826.7,100.0,10000.0,4440.67,4175.84,844,368
Cebu Pacific,ILO-ZAM,2025,1,2735.13,100.0,10000.0,4440.67,6433.02,844,99
Cebu Pacific,KLO-MNL,2025,1,4987.59,25.0,6250.0,6250.0,3717.97,124,6775
Cebu Pacific,LAO-MNL,2025,1,4826.7,37.28,5323.6,5323.62,3717.97,80,6775
Cebu Pacific,MNL-BCD,2025,1,30818.22,39.37,3430.78,3836.87,3209.42,6330,632
Cebu Pacific,MNL-BXU,2025,1,22137.08,69.63,5770.67,3836.87,4916.71,6330,252
Cebu Pacific,MNL-CEB,2025,1,65890.51,38.86,3413.56,3836.87,3150.85,6330,3074
Cebu Pacific,MNL-CGY,2025,1,32293.91,48.4,3909.28,3836.87,3539.37,6330,626
Cebu Pacific,MNL-CYZ,2025,1,7883.61,89.34,8095.27,3836.87,8094.55,6330,65
Cebu Pacific,MNL-DGT,2025,1,19306.8,66.67,5555.78,3836.87,4740.49,6330,224
Cebu Pacific,MNL-DPL,2025,1,7240.05,59.21,5169.65,3836.87,4141.4,6330,103
Cebu Pacific,MNL-DRP,2025,1,18253.23,57.73,5119.51,3836.87,4574.31,6330,255
Cebu Pacific,MNL-DVO,2025,1,65433.79,53.54,5025.06,3836.87,5304.68,6330,1133
Cebu Pacific,MNL-GES,2025,1,25827.17,60.12,5204.83,3836.87,5685.99,6330,283
Cebu Pacific,MNL-ILO,2025,1,47855.26,48.1,3661.57,3836.87,4460.23,6330,900
Cebu Pacific,MNL-KLO,2025,1,4987.59,25.0,6250.0,3836.87,6250.0,6330,124
Cebu Pacific,MNL-LAO,2025,1,4826.7,30.78,5738.82,3836.87,5738.99,6330,97
Cebu Pacific,MNL-MNL,2025,1,4063.77,53.37,4792.05,3836.87,3717.97,6330,6775
Cebu Pacific,MNL-MPH,2025,1,34752.24,45.87,3513.77,3836.87,4153.81,6330,738
Cebu Pacific,MNL-OZC,2025,1,7722.72,60.76,5231.56,3836.87,4315.93,6330,113
Cebu Pacific,MNL-PAG,2025,1,9814.29,100.0,10000.0,3836.87,6723.29,6330,102
Cebu Pacific,MNL-PPS,2025,1,35274.7,48.83,3709.97,3836.87,4456.36,6330,602
Cebu Pacific,MNL-RXS,2025,1,9975.18,57.41,4374.78,3836.87,4374.14,6330,108
Cebu Pacific,MNL-TAC,2025,1,23972.61,43.11,3698.2,3836.87,3582.66,6330,419
Cebu Pacific,MNL-TAG,2025,1,24403.38,49.26,3768.53,3836.87,4175.84,6330,368
Cebu Pacific,MNL-TUG,2025,1,9975.18,71.26,5903.98,3836.87,5904.35,6330,87
Cebu Pacific,MNL-VRC,2025,1,4344.03,100.0,10000.0,3836.87,10000.0,6330,27
Cebu Pacific,MPH-CEB,2025,1,10457.85,57.68,4505.22,3427.23,3150.85,998,3074
Cebu Pacific,MPH-CRK,2025,1,13836.54,99.59,9918.34,3427.23,8624.9,998,340
Cebu Pacific,MPH-DVO,2025,1,4826.7,100.0,10000.0,3427.23,5304.68,998,1133
Cebu Pacific,MPH-MNL,2025,1,34752.24,33.37,3281.79,3427.23,3717.97,998,6775
Cebu Pacific,MPH-MPH,2025,1,321.78,83.78,7282.18,3427.23,4153.81,998,738
Cebu Pacific,NRT-CRK,2025,1,4826.7,100.0,10000.0,10000.0,8624.9,30,340
Cebu Pacific,OZC-CEB,2025,1,124.56,3.55,6243.69,3853.36,3150.85,135,3074
Cebu Pacific,OZC-MNL,2025,1,7722.72,61.54,5266.34,3853.36,3717.97,135,6775
Cebu Pacific,PAG-MNL,2025,1,9814.29,100.0,10000.0,6723.29,3717.97,102,6775
Cebu Pacific,PPS-CEB,2025,1,11155.04,86.57,7674.73,4764.57,3150.85,557,3074
Cebu Pacific,PPS-CRK,2025,1,4987.59,100.0,10000.0,4764.57,8624.9,557,340
Cebu Pacific,PPS-DVO,2025,1,4864.76,100.0,10000.0,4764.57,5304.68,557,1133
Cebu Pacific,PPS-ILO,2025,1,5025.65,100.0,10000.0,4764.57,4460.23,557,900
Cebu Pacific,PPS-MNL,2025,1,35113.81,50.62,3957.55,4764.57,3717.97,557,6775
Cebu Pacific,RXS-MNL,2025,1,9975.18,59.62,4488.09,4487.8,3717.97,104,6775
Cebu Pacific,SIN-ILO,2025,1,2451.41,100.0,10000.0,10000.0,4460.23,16,900
Cebu Pacific,SIN-PPS,2025,1,160.89,100.0,10000.0,10000.0,4456.36,16,602
Cebu Pacific,TAC-DVO,2025,1,1769.79,100.0,10000.0,3380.9,5304.68,512,1133
Cebu Pacific,TAC-ILO,2025,1,2574.24,100.0,10000.0,3380.9,4460.23,512,900
Cebu Pacific,TAC-MNL,2025,1,28477.53,43.0,3601.91,3380.9,3717.97,512,6775
Cebu Pacific,TAG-DRP,2025,1,160.89,100.0,10000.0,4077.26,4574.31,435,255
Cebu Pacific,TAG-DVO,2025,1,4987.59,75.85,6336.44,4077.26,5304.68,435,1133
Cebu Pacific,TAG-ILO,2025,1,4826.7,100.0,10000.0,4077.26,4460.23,435,900
Cebu Pacific,TAG-MNL,2025,1,30532.77,49.81,3741.34,4077.26,3717.97,435,6775
Cebu Pacific,TUG-MNL,2025,1,16893.45,82.68,7135.96,7135.59,3717.97,127,6775
Cebu Pacific,TWT-ZAM,2025,1,4665.81,72.5,6012.5,5577.29,6433.02,49,99
Cebu Pacific,USU-CEB,2025,1,62.28,0.7,4941.7,5310.89,3150.85,310,3074
Cebu Pacific,ZAM-CEB,2025,1,9246.85,84.88,7433.23,6792.34,3150.85,366,3074
Cebu Pacific,ZAM-DVO,2025,1,3378.69,100.0,10000.0,6792.34,5304.68,366,1133
Cebu Pacific,ZAM-GES,2025,1,160.89,100.0,10000.0,6792.34,5685.99,366,283
Cebu Pacific,ZAM-ILO,2025,1,2574.24,100.0,10000.0,6792.34,4460.23,366,900
Cebu Pacific,ZAM-MNL,2025,1,24501.99,74.55,6205.4,6792.34,3717.97,366,6775
Cebu Pacific,ZAM-TWT,2025,1,7722.72,80.0,6800.0,6792.34,6335.51,366,69
Philippine Airlines,BCD-CEB,2025,1,2904.552,31.07,3650.28,3282.1,3150.85,665,3074
Philippine Airlines,BCD-MNL,2025,1,24929.156,32.14,3486.85,3282.1,3717.97,665,6775
Philippine Airlines,BPA-CEB,2025,1,699.244,100.0,10000.0,10000.0,3150.85,13,3074
Philippine Airlines,BSO-CRK,2025,1,806.82,100.0,10000.0,10000.0,8624.9,15,340
Philippine Airlines,BXU-CEB,2025,1,1667.428,34.33,5491.1,4645.22,3150.85,266,3074
Philippine Airlines,BXU-MNL,2025,1,8091.93,28.93,5887.89,4645.22,3717.97,266,6775
Philippine Airlines,CBO-CEB,2025,1,484.092,100.0,10000.0,10000.0,3150.85,53,3074
Philippine Airlines,CBO-MNL,2025,1,5149.41,100.0,10000.0,10000.0,3717.97,53,6775
Philippine Airlines,CBO-TWT,2025,1,484.092,100.0,10000.0,10000.0,6335.51,53,69
Philippine Airlines,CEB-BCD,2025,1,2958.34,31.46,3644.63,3239.03,3209.42,2827,632
Philippine Airlines,CEB-BPA,2025,1,753.032,100.0,10000.0,3239.03,10000.0,2827,14
Philippine Airlines,CEB-BXU,2025,1,1667.428,45.85,4629.64,3239.03,4916.71,2827,252
Philippine Airlines,CEB-CBO,2025,1,484.092,100.0,10000.0,3239.03,10000.0,2827,66
Philippine Airlines,CEB-CGY,2025,1,4633.678,33.24,3392.53,3239.03,3539.37,2827,626
Philippine Airlines,CEB-DVO,2025,1,6968.71,25.97,6154.88,3239.03,5304.68,2827,1133
Philippine Airlines,CEB-GES,2025,1,1344.7,12.83,7763.22,3239.03,5685.99,2827,283
Philippine Airlines,CEB-IAO,2025,1,3926.524,41.82,5069.29,3239.03,4707.02,2827,319
Philippine Airlines,CEB-ILO,2025,1,3119.704,29.31,4418.84,3239.03,4460.23,2827,900
Philippine Airlines,CEB-MNL,2025,1,58287.208,36.83,3437.95,3239.03,3717.97,2827,6775
Philippine Airlines,CEB-MPH,2025,1,4027.772,29.64,5829.06,3239.03,4153.81,2827,738
Philippine Airlines,CEB-OZC,2025,1,792.582,39.86,5205.64,3239.03,4315.93,2827,113
Philippine Airlines,CEB-PPS,2025,1,2948.848,22.37,6526.83,3239.03,4456.36,2827,602
Philippine Airlines,CEB-TAC,2025,1,1613.64,49.78,4585.32,3239.03,3582.66,2827,419
Philippine Airlines,CEB-USU,2025,1,3926.524,68.98,5720.48,3239.03,5244.62,2827,186
Philippine Airlines,CGY-CEB,2025,1,4633.678,33.38,3388.46,3602.28,3150.85,657,3074
Philippine Airlines,CGY-MNL,2025,1,27245.204,41.79,3982.8,3602.28,3717.97,657,6775
Philippine Airlines,CRK-BSO,2025,1,968.184,100.0,10000.0,7967.72,10000.0,292,46
Philippine Airlines,CRK-IAO,2025,1,645.456,48.75,5003.12,7967.72,4707.02,292,319
Philippine Airlines,CRK-USU,2025,1,914.396,100.0,10000.0,7967.72,5244.62,292,186
Philippine Airlines,CRM-MNL,2025,1,591.668,100.0,10000.0,10000.0,3717.97,11,6775
Philippine Airlines,CYP-MNL,2025,1,591.668,100.0,10000.0,5455.25,3717.97,42,6775
Philippine Airlines,CYP-TAC,2025,1,294.252,100.0,10000.0,5455.25,3582.66,42,419
Philippine Airlines,CYZ-MNL,2025,1,806.82,10.07,8188.81,8189.59,3717.97,64,6775
Philippine Airlines,DGT-MNL,2025,1,8974.686,40.4,5184.32,4304.61,3717.97,194,6775
Philippine Airlines,DPL-MNL,2025,1,4119.528,38.36,5270.98,3973.65,3717.97,109,6775
Philippine Airlines,DRP-MNL,2025,1,9518.894,36.78,5349.54,4767.67,3717.97,230,6775
Philippine Airlines,DVO-CEB,2025,1,7022.498,25.95,6156.8,5174.48,3150.85,1118,3074
Philippine Airlines,DVO-MNL,2025,1,55322.54,47.4,5013.52,5174.48,3717.97,1118,6775
Philippine Airlines,DVO-TAG,2025,1,1452.276,24.15,6336.44,5174.48,4175.84,1118,368
Philippine Airlines,EUQ-MNL,2025,1,645.456,100.0,10000.0,10000.0,3717.97,12,6775
Philippine Airlines,GES-CEB,2025,1,1344.7,12.83,7763.22,5706.31,3150.85,283,3074
Philippine Airlines,GES-MNL,2025,1,15516.256,39.65,5214.24,5706.31,3717.97,283,6775
Philippine Airlines,IAO-CEB,2025,1,3711.372,35.59,5351.39,4827.05,3150.85,295,3074
Philippine Airlines,IAO-CRK,2025,1,699.244,72.82,6041.5,4827.05,8624.9,295,340
Philippine Airlines,IAO-MNL,2025,1,3173.492,100.0,10000.0,4827.05,3717.97,295,6775
Philippine Airlines,ILO-CEB,2025,1,3173.492,29.57,4414.2,4440.67,3150.85,844,3074
Philippine Airlines,ILO-MNL,2025,1,19033.042,23.56,3586.72,4440.67,3717.97,844,6775
Philippine Airlines,LAO-MNL,2025,1,7425.908,62.72,5323.6,5323.62,3717.97,80,6775
Philippine Airlines,MNL-BCD,2025,1,25006.674,34.94,3430.78,3836.87,3209.42,6330,632
Philippine Airlines,MNL-BSO,2025,1,1506.064,100.0,10000.0,3836.87,10000.0,6330,46
Philippine Airlines,MNL-BXU,2025,1,8827.56,30.37,5770.67,3836.87,4916.71,6330,252
Philippine Airlines,MNL-CBO,2025,1,7062.048,100.0,10000.0,3836.87,10000.0,6330,66
Philippine Airlines,MNL-CEB,2025,1,58211.272,37.54,3413.56,3836.87,3150.85,6330,3074
Philippine Airlines,MNL-CGY,2025,1,22364.734,36.65,3909.28,3836.87,3539.37,6330,626
Philippine Airlines,MNL-CRM,2025,1,860.608,100.0,10000.0,3836.87,10000.0,6330,16
Philippine Airlines,MNL-CYP,2025,1,645.456,100.0,10000.0,3836.87,5897.73,6330,40
Philippine Airlines,MNL-CYZ,2025,1,860.608,10.66,8095.27,3836.87,8094.55,6330,65
Philippine Airlines,MNL-DGT,2025,1,8827.56,33.33,5555.78,3836.87,4740.49,6330,224
Philippine Airlines,MNL-DPL,2025,1,4560.906,40.79,5169.65,3836.87,4141.4,6330,103
Philippine Airlines,MNL-DRP,2025,1,12220.95,42.27,5119.51,3836.87,4574.31,6330,255
Philippine Airlines,MNL-DVO,2025,1,51922.822,46.46,5025.06,3836.87,5304.68,6330,1133
Philippine Airlines,MNL-EUQ,2025,1,753.032,100.0,10000.0,3836.87,10000.0,6330,14
Philippine Airlines,MNL-GES,2025,1,15663.382,39.88,5204.83,3836.87,5685.99,6330,283
Philippine Airlines,MNL-IAO,2025,1,5056.072,100.0,10000.0,3836.87,4707.02,6330,319
Philippine Airlines,MNL-ILO,2025,1,24128.664,26.52,3661.57,3836.87,4460.23,6330,900
Philippine Airlines,MNL-LAO,2025,1,9927.05,69.22,5738.82,3836.87,5738.99,6330,97
Philippine Airlines,MNL-MNL,2025,1,3064.334,44.01,4792.05,3836.87,3717.97,6330,6775
Philippine Airlines,MNL-MPH,2025,1,22056.244,31.83,3513.77,3836.87,4153.81,6330,738
Philippine Airlines,MNL-OZC,2025,1,4560.906,39.24,5231.56,3836.87,4315.93,6330,113
Philippine Airlines,MNL-PPS,2025,1,18792.578,28.45,3709.97,3836.87,4456.36,6330,602
Philippine Airlines,MNL-RXS,2025,1,4855.158,30.56,4374.78,3836.87,4374.14,6330,108
Philippine Airlines,MNL-TAC,2025,1,19811.386,38.96,3698.2,3836.87,3582.66,6330,419
Philippine Airlines,MNL-TAG,2025,1,13864.648,30.6,3768.53,3836.87,4175.84,6330,368
Philippine Airlines,MNL-TUG,2025,1,3678.15,28.74,5903.98,3836.87,5904.35,6330,87
Philippine Airlines,MNL-USU,2025,1,1667.428,46.51,4468.64,3836.87,5244.62,6330,186
Philippine Airlines,MNL-ZAM,2025,1,1765.512,100.0,10000.0,3836.87,6433.02,6330,99
Philippine Airlines,MPH-CEB,2025,1,5480.048,33.05,4505.22,3427.23,3150.85,998,3074
Philippine Airlines,MPH-MNL,2025,1,25346.804,26.62,3281.79,3427.23,3717.97,998,6775
Philippine Airlines,OZC-CEB,2025,1,645.456,20.12,6243.69,3853.36,3150.85,135,3074
Philippine Airlines,OZC-MNL,2025,1,4413.78,38.46,5266.34,3853.36,3717.97,135,6775
Philippine Airlines,PPS-CEB,2025,1,1582.0,13.43,7674.73,4764.57,3150.85,557,3074
Philippine Airlines,PPS-MNL,2025,1,21613.284,34.07,3957.55,4764.57,3717.97,557,6775
Philippine Airlines,RXS-MNL,2025,1,4266.654,27.88,4488.09,4487.8,3717.97,104,6775
Philippine Airlines,SUG-BXU,2025,1,294.252,100.0,10000.0,7234.12,4916.71,42,252
Philippine Airlines,SUG-CEB,2025,1,147.126,6.21,8835.13,7234.12,3150.85,42,3074
Philippine Airlines,TAC-CEB,2025,1,1667.428,39.11,4840.85,3380.9,3150.85,512,3074
Philippine Airlines,TAC-MNL,2025,1,12420.282,20.51,3601.91,3380.9,3717.97,512,6775
Philippine Airlines,TAG-DVO,2025,1,1452.276,24.15,6336.44,4077.26,5304.68,435,1133
Philippine Airlines,TAG-MNL,2025,1,13717.522,24.47,3741.34,4077.26,3717.97,435,6775
Philippine Airlines,TBH-MNL,2025,1,147.126,100.0,10000.0,10000.0,3717.97,2,6775
Philippine Airlines,TBH-MPH,2025,1,147.126,100.0,10000.0,10000.0,4153.81,2,738
Philippine Airlines,TUG-MNL,2025,1,3236.772,17.32,7135.96,7135.59,3717.97,127,6775
Philippine Airlines,TWT-CBO,2025,1,484.092,100.0,10000.0,5577.29,10000.0,49,66
Philippine Airlines,TWT-ZAM,2025,1,1618.386,27.5,6012.5,5577.29,6433.02,49,99
Philippine Airlines,USU-CEB,2025,1,3818.948,47.2,4941.7,5310.89,3150.85,310,3074
Philippine Airlines,USU-CRK,2025,1,914.396,100.0,10000.0,5310.89,8624.9,310,340
Philippine Airlines,USU-MNL,2025,1,1613.64,19.5,6860.5,5310.89,3717.97,310,6775
Philippine Airlines,ZAM-CEB,2025,1,1506.064,15.12,7433.23,6792.34,3150.85,366,3074
Philippine Airlines,ZAM-MNL,2025,1,7650.552,25.45,6205.4,6792.34,3717.97,366,6775
Philippine Airlines,ZAM-TWT,2025,1,1765.512,20.0,6800.0,6792.34,6335.51,366,69
Sunlight Air,CEB-CEB,2025,1,729.3,100.0,10000.0,3239.03,3150.85,2827,3074
Sunlight Air,CEB-IAO,2025,1,56.1,0.56,5069.29,3239.03,4707.02,2827,319
Sunlight Air,CEB-MNL,2025,1,2356.2,1.39,3437.95,3239.03,3717.97,2827,6775
Sunlight Air,CRK-CEB,2025,1,224.4,1.36,9731.7,7967.72,3150.85,292,3074
Sunlight Air,CRK-CRK,2025,1,448.8,58.67,5150.34,7967.72,8624.9,292,340
Sunlight Air,CRK-IAO,2025,1,729.3,51.25,5003.12,7967.72,4707.02,292,319
Sunlight Air,CRK-MNL,2025,1,280.5,100.0,10000.0,7967.72,3717.97,292,6775
Sunlight Air,IAO-CEB,2025,1,56.1,0.5,5351.39,4827.05,3150.85,295,3074
Sunlight Air,IAO-CRK,2025,1,280.5,27.18,6041.5,4827.05,8624.9,295,340
Sunlight Air,MNL-CEB,2025,1,1907.4,1.14,3413.56,3836.87,3150.85,6330,3074
Sunlight Air,MNL-CRK,2025,1,168.3,100.0,10000.0,3836.87,8624.9,6330,340
Sunlight Air,MNL-USU,2025,1,224.4,5.83,4468.64,3836.87,5244.62,6330,186
Sunlight Air,MPH-CRK,2025,1,56.1,0.41,9918.34,3427.23,8624.9,998,340
AirAsia,BCD-MNL,2025,2,19580.22,25.51,3449.29,3387.37,3684.46,568,6079
AirAsia,CEB-MNL,2025,2,33173.1,22.1,3444.17,3140.8,3684.46,2344,6079
AirAsia,CGY-MNL,2025,2,4530.96,7.86,4306.39,3745.17,3684.46,556,6079
AirAsia,ILO-MNL,2025,2,22560.84,31.95,3523.42,4383.37,3684.46,693,6079
AirAsia,KLO-MNL,2025,2,13592.88,75.0,6250.0,6250.0,3684.46,112,6079
AirAsia,MNL-BCD,2025,2,17800.2,26.12,3421.69,3802.13,3352.2,5624,521
AirAsia,MNL-CEB,2025,2,33334.92,22.81,3422.66,3802.13,3044.74,5624,2513
AirAsia,MNL-CGY,2025,2,9061.92,15.32,3854.44,3802.13,3413.18,5624,563
AirAsia,MNL-ILO,2025,2,22007.52,26.3,3628.77,3802.13,4445.85,5624,766
AirAsia,MNL-KLO,2025,2,13754.7,75.22,6272.1,3802.13,6272.22,5624,113
AirAsia,MNL-MNL,2025,2,200.1,2.57,4800.98,3802.13,3684.46,5624,6079
AirAsia,MNL-MPH,2025,2,13592.88,19.53,3530.04,3802.13,4088.67,5624,644
AirAsia,MNL-PPS,2025,2,17800.2,26.15,3591.59,3802.13,4169.16,5624,521
AirAsia,MNL-RXS,2025,2,1941.84,12.5,4409.53,3802.13,4409.72,5624,96
AirAsia,MNL-TAC,2025,2,9061.92,19.19,3668.31,3802.13,3578.23,5624,354
AirAsia,MNL-TAG,2025,2,8900.1,20.84,3765.07,3802.13,4152.27,5624,306
AirAsia,MPH-MNL,2025,2,36247.68,37.92,3272.95,3358.06,3684.46,844,6079
AirAsia,PPS-MNL,2025,2,11003.76,16.99,3820.98,4430.38,3684.46,472,6079
AirAsia,RXS-MNL,2025,2,1941.84,12.9,4515.39,4514.97,3684.46,93,6079
AirAsia,TAC-MNL,2025,2,22322.46,37.19,3594.36,3413.82,3684.46,460,6079
AirAsia,TAG-MNL,2025,2,16020.18,28.82,3677.89,3960.34,3684.46,378,6079
Cebgo,BCD-CEB,2025,2,2312.352,32.08,3344.26,3387.37,3044.74,568,2513
Cebgo,BXU-CEB,2025,2,3187.296,65.85,5502.44,4610.45,3044.74,237,2513
Cebgo,CEB-BCD,2025,2,2249.856,31.49,3347.85,3140.8,3352.2,2344,521
Cebgo,CEB-BXU,2025,2,1624.896,49.58,5000.35,3140.8,4862.82,2344,221
Cebgo,CEB-CGM,2025,2,2937.312,100.0,10000.0,3140.8,10000.0,2344,47
Cebgo,CEB-CGY,2025,2,5812.128,42.11,3450.41,3140.8,3413.18,2344,563
Cebgo,CEB-CYP,2025,2,1562.4,100.0,10000.0,3140.8,5835.16,2344,39
Cebgo,CEB-DGT,2025,2,2312.352,97.58,9527.71,3140.8,4753.07,2344,203
Cebgo,CEB-DPL,2025,2,1562.4,100.0,10000.0,3140.8,4120.56,2344,92
Cebgo,CEB-DRP,2025,2,2187.36,100.0,10000.0,3140.8,4753.47,2344,221
Cebgo,CEB-IAO,2025,2,5249.664,57.07,4946.41,3140.8,4855.75,2344,277
Cebgo,CEB-ILO,2025,2,1124.928,11.21,4628.29,3140.8,4445.85,2344,766
Cebgo,CEB-MBT,2025,2,687.456,100.0,10000.0,3140.8,10000.0,2344,11
Cebgo,CEB-OZC,2025,2,1749.888,76.71,6426.85,3140.8,4088.0,2344,109
Cebgo,CEB-PAG,2025,2,2812.32,100.0,10000.0,3140.8,6304.86,2344,101
Cebgo,CEB-SUG,2025,2,1687.392,90.76,8322.76,3140.8,8322.15,2344,30
Cebgo,CEB-TAC,2025,2,1249.92,43.06,5096.33,3140.8,3578.23,2344,354
Cebgo,CEB-USU,2025,2,1749.888,35.02,5448.8,3140.8,5147.11,2344,157
Cebgo,CGM-CEB,2025,2,3062.304,100.0,10000.0,10000.0,3044.74,49,2513
Cebgo,CGY-CEB,2025,2,5624.64,41.49,3434.04,3745.17,3044.74,556,2513
Cebgo,CGY-CGY,2025,2,124.992,100.0,10000.0,3745.17,3413.18,556,563
Cebgo,CGY-DVO,2025,2,999.936,100.0,10000.0,3745.17,5056.2,556,933
Cebgo,CYP-CEB,2025,2,1437.408,100.0,10000.0,6019.77,3044.74,35,2513
Cebgo,CYP-CYP,2025,2,124.992,100.0,10000.0,6019.77,5835.16,35,39
Cebgo,DGT-CEB,2025,2,2437.344,100.0,10000.0,4307.73,3044.74,174,2513
Cebgo,DPL-CEB,2025,2,2312.352,100.0,10000.0,3820.47,3044.74,105,2513
Cebgo,DRP-CEB,2025,2,2187.36,100.0,10000.0,4917.19,3044.74,207,2513
Cebgo,DVO-CGY,2025,2,937.44,100.0,10000.0,4972.5,3413.18,930,563
Cebgo,DVO-IAO,2025,2,1687.392,100.0,10000.0,4972.5,4855.75,930,277
Cebgo,IAO-CEB,2025,2,6687.072,65.76,5496.76,4368.28,3044.74,281,2513
Cebgo,IAO-DVO,2025,2,1687.392,100.0,10000.0,4368.28,5056.2,281,933
Cebgo,IAO-IAO,2025,2,124.992,41.38,5148.61,4368.28,4855.75,281,277
Cebgo,ILO-CEB,2025,2,1124.928,11.53,4624.75,4383.37,3044.74,693,2513
Cebgo,MBT-CEB,2025,2,562.464,100.0,10000.0,10000.0,3044.74,9,2513
Cebgo,MNL-CEB,2025,2,437.472,0.3,3422.66,3802.13,3044.74,5624,2513
Cebgo,MNL-DRP,2025,2,124.992,0.46,5291.8,3802.13,4753.47,5624,221
Cebgo,MNL-MPH,2025,2,1624.896,2.34,3530.04,3802.13,4088.67,5624,644
Cebgo,MNL-USU,2025,2,1687.392,48.05,4547.36,3802.13,5147.11,5624,157
Cebgo,MNL-WNP,2025,2,2624.832,100.0,10000.0,3802.13,10000.0,5624,42
Cebgo,MPH-CEB,2025,2,1562.4,11.38,4983.34,3358.06,3044.74,844,2513
Cebgo,MPH-MNL,2025,2,1749.888,1.83,3272.95,3358.06,3684.46,844,6079
Cebgo,OZC-CEB,2025,2,2624.832,84.75,7415.12,3793.58,3044.74,119,2513
Cebgo,PAG-CEB,2025,2,2562.336,100.0,10000.0,6477.97,3044.74,97,2513
Cebgo,PAG-PAG,2025,2,62.496,100.0,10000.0,6477.97,6304.86,97,101
Cebgo,SUG-CEB,2025,2,1687.392,100.0,10000.0,5996.49,3044.74,31,2513
Cebgo,SWL-CEB,2025,2,937.44,100.0,10000.0,10000.0,3044.74,15,2513
Cebgo,TAC-CEB,2025,2,2187.36,55.48,4728.62,3413.82,3044.74,460,2513
Cebgo,USU-CEB,2025,2,4312.224,58.39,5071.49,5494.24,3044.74,273,2513
Cebgo,USU-MNL,2025,2,6749.568,80.9,6909.62,5494.24,3684.46,273,6079
Cebgo,WNP-MNL,2025,2,2499.84,100.0,10000.0,10000.0,3684.46,40,6079
Cebu Pacific,BCD-CEB,2025,2,2298.464,31.89,3344.26,3387.37,3044.74,568,2513
Cebu Pacific,BCD-DVO,2025,2,4558.736,100.0,10000.0,3387.37,5056.2,568,933
Cebu Pacific,BCD-MNL,2025,2,31180.296,40.72,3449.29,3387.37,3684.46,568,6079
Cebu Pacific,BXU-MNL,2025,2,19057.808,71.09,5889.58,4610.45,3684.46,237,6079
Cebu Pacific,CAN-MNL,2025,2,1937.376,100.0,10000.0,10000.0,3684.46,12,6079
Cebu Pacific,CEB-BCD,2025,2,2298.464,32.17,3347.85,3140.8,3352.2,2344,521
Cebu Pacific,CEB-CGY,2025,2,3874.752,28.07,3450.41,3140.8,3413.18,2344,563
Cebu Pacific,CEB-CRK,2025,2,11164.216,98.98,9798.08,3140.8,7949.2,2344,268
Cebu Pacific,CEB-DGT,2025,2,57.288,2.42,9527.71,3140.8,4753.07,2344,203
Cebu Pacific,CEB-DVO,2025,2,13153.672,71.92,5960.97,3140.8,5056.2,2344,933
Cebu Pacific,CEB-GES,2025,2,6966.568,90.08,8212.81,3140.8,5629.7,2344,239
Cebu Pacific,CEB-ILO,2025,2,6135.024,61.14,4628.29,3140.8,4445.85,2344,766
Cebu Pacific,CEB-MNL,2025,2,58026.668,38.75,3444.17,3140.8,3684.46,2344,6079
Cebu Pacific,CEB-MPH,2025,2,9041.088,75.4,6267.16,3140.8,4088.67,2344,644
Cebu Pacific,CEB-PPS,2025,2,7641.872,84.36,7361.22,3140.8,4169.16,2344,521
Cebu Pacific,CEB-ZAM,2025,2,3067.512,100.0,10000.0,3140.8,5968.0,2344,75
Cebu Pacific,CGY-CEB,2025,2,3874.752,28.58,3434.04,3745.17,3044.74,556,2513
Cebu Pacific,CGY-ILO,2025,2,3228.96,100.0,10000.0,3745.17,4445.85,556,766
Cebu Pacific,CGY-MNL,2025,2,26812.52,46.63,4306.39,3745.17,3684.46,556,6079
Cebu Pacific,CRK-CEB,2025,2,13101.592,93.08,8711.77,7735.41,3044.74,223,2513
Cebu Pacific,CRK-CRK,2025,2,322.896,52.99,5017.88,7735.41,7949.2,223,268
Cebu Pacific,CRK-DVO,2025,2,3228.96,100.0,10000.0,7735.41,5056.2,223,933
Cebu Pacific,CRK-MPH,2025,2,7103.712,100.0,10000.0,7735.41,4088.67,223,644
Cebu Pacific,CRK-PPS,2025,2,2744.616,100.0,10000.0,7735.41,4169.16,223,521
Cebu Pacific,CYZ-MNL,2025,2,7103.712,80.73,6888.67,6888.17,3684.46,71,6079
Cebu Pacific,DGT-MNL,2025,2,13077.288,60.0,5200.0,4307.73,3684.46,174,6079
Cebu Pacific,DPL-MNL,2025,2,6457.92,58.82,5155.58,3820.47,3684.46,105,6079
Cebu Pacific,DRP-ILO,2025,2,1937.376,100.0,10000.0,4917.19,4445.85,207,766
Cebu Pacific,DRP-MNL,2025,2,16549.288,66.0,5512.0,4917.19,3684.46,207,6079
Cebu Pacific,DVO-BCD,2025,2,4596.928,100.0,10000.0,4972.5,3352.2,930,521
Cebu Pacific,DVO-CEB,2025,2,13153.672,72.63,6024.23,4972.5,3044.74,930,2513
Cebu Pacific,DVO-CRK,2025,2,3228.96,100.0,10000.0,4972.5,7949.2,930,268
Cebu Pacific,DVO-ILO,2025,2,4520.544,100.0,10000.0,4972.5,4445.85,930,766
Cebu Pacific,DVO-MNL,2025,2,53097.296,47.82,5009.5,4972.5,3684.46,930,6079
Cebu Pacific,DVO-MPH,2025,2,3228.96,100.0,10000.0,4972.5,4088.67,930,644
Cebu Pacific,DVO-PPS,2025,2,3267.152,100.0,10000.0,4972.5,4169.16,930,521
Cebu Pacific,DVO-TAG,2025,2,4520.544,82.72,7141.2,4972.5,4152.27,930,306
Cebu Pacific,GES-CEB,2025,2,7128.016,89.61,8137.9,5631.27,3044.74,241,2513
Cebu Pacific,GES-ILO,2025,2,4520.544,100.0,10000.0,5631.27,4445.85,241,766
Cebu Pacific,GES-MNL,2025,2,25373.376,60.19,5207.67,5631.27,3684.46,241,6079
Cebu Pacific,HKG-DVO,2025,2,2583.168,100.0,10000.0,10000.0,5056.2,16,933
Cebu Pacific,ILO-CEB,2025,2,5973.576,61.24,4624.75,4383.37,3044.74,693,2513
Cebu Pacific,ILO-CGY,2025,2,3067.512,100.0,10000.0,4383.37,3413.18,693,563
Cebu Pacific,ILO-CRK,2025,2,2098.824,100.0,10000.0,4383.37,7949.2,693,268
Cebu Pacific,ILO-DRP,2025,2,1937.376,100.0,10000.0,4383.37,4753.47,693,221
Cebu Pacific,ILO-DVO,2025,2,4520.544,100.0,10000.0,4383.37,5056.2,693,933
Cebu Pacific,ILO-GES,2025,2,4520.544,100.0,10000.0,4383.37,5629.7,693,239
Cebu Pacific,ILO-MNL,2025,2,30787.96,43.7,3523.42,4383.37,3684.46,693,6079
Cebu Pacific,ILO-Not available,2025,2,161.448,100.0,10000.0,4383.37,10000.0,693,1
Cebu Pacific,ILO-PPS,2025,2,4720.184,100.0,10000.0,4383.37,4169.16,693,521
Cebu Pacific,ILO-TAC,2025,2,2583.168,100.0,10000.0,4383.37,3578.23,693,354
Cebu Pacific,ILO-TAG,2025,2,3228.96,100.0,10000.0,4383.37,4152.27,693,306
Cebu Pacific,ILO-ZAM,2025,2,2583.168,100.0,10000.0,4383.37,5968.0,693,75
Cebu Pacific,KLO-MNL,2025,2,4520.544,25.0,6250.0,6250.0,3684.46,112,6079
Cebu Pacific,LAO-MNL,2025,2,4520.544,37.51,5312.0,5312.23,3684.46,73,6079
Cebu Pacific,MNL-BCD,2025,2,26664.96,39.21,3421.69,3802.13,3352.2,5624,521
Cebu Pacific,MNL-BXU,2025,2,19057.808,68.61,5692.66,3802.13,4862.82,5624,221
Cebu Pacific,MNL-CEB,2025,2,55813.268,38.28,3422.66,3802.13,3044.74,5624,2513
Cebu Pacific,MNL-CGY,2025,2,27411.44,46.44,3854.44,3802.13,3413.18,5624,563
Cebu Pacific,MNL-CYZ,2025,2,7103.712,81.27,6955.63,3802.13,6955.76,5624,70
Cebu Pacific,MNL-DGT,2025,2,17550.96,66.4,5537.92,3802.13,4753.07,5624,203
Cebu Pacific,MNL-DPL,2025,2,6457.92,59.7,5188.18,3802.13,4120.56,5624,92
Cebu Pacific,MNL-DRP,2025,2,16948.568,62.76,5291.8,3802.13,4753.47,5624,221
Cebu Pacific,MNL-DVO,2025,2,49737.268,48.09,5007.3,3802.13,5056.2,5624,933
Cebu Pacific,MNL-GES,2025,2,25373.376,60.19,5207.67,3802.13,5629.7,5624,239
Cebu Pacific,MNL-ILO,2025,2,39551.288,47.38,3628.77,3802.13,4445.85,5624,766
Cebu Pacific,MNL-KLO,2025,2,4520.544,24.78,6272.1,3802.13,6272.22,5624,113
Cebu Pacific,MNL-LAO,2025,2,4520.544,31.58,5678.59,3802.13,5678.39,5624,87
Cebu Pacific,MNL-MNL,2025,2,4353.888,56.07,4800.98,3802.13,3684.46,5624,6079
Cebu Pacific,MNL-MPH,2025,2,31805.256,45.81,3530.04,3802.13,4088.67,5624,644
Cebu Pacific,MNL-OZC,2025,2,7103.712,61.11,5246.86,3802.13,4088.0,5624,109
Cebu Pacific,MNL-PAG,2025,2,8879.64,100.0,10000.0,3802.13,6304.86,5624,101
Cebu Pacific,MNL-PPS,2025,2,31527.496,46.42,3591.59,3802.13,4169.16,5624,521
Cebu Pacific,MNL-RXS,2025,2,9041.088,58.33,4409.53,3802.13,4409.72,5624,96
Cebu Pacific,MNL-TAC,2025,2,20988.24,44.54,3668.31,3802.13,3578.23,5624,354
Cebu Pacific,MNL-TAG,2025,2,21094.136,49.52,3765.07,3802.13,4152.27,5624,306
Cebu Pacific,MNL-TUG,2025,2,9041.088,68.74,5702.38,3802.13,5702.63,5624,84
Cebu Pacific,MNL-VRC,2025,2,4197.648,100.0,10000.0,3802.13,10000.0,5624,26
Cebu Pacific,MPH-CEB,2025,2,9041.088,65.84,4983.34,3358.06,3044.74,844,2513
Cebu Pacific,MPH-CRK,2025,2,8879.64,99.36,9872.82,3358.06,7949.2,844,268
Cebu Pacific,MPH-DVO,2025,2,3390.408,100.0,10000.0,3358.06,5056.2,844,933
Cebu Pacific,MPH-MNL,2025,2,31482.36,33.01,3272.95,3358.06,3684.46,844,6079
Cebu Pacific,NRT-CRK,2025,2,4520.544,100.0,10000.0,10000.0,7949.2,28,268
Cebu Pacific,OZC-MNL,2025,2,6942.264,62.32,5303.56,3793.58,3684.46,119,6079
Cebu Pacific,PAG-MNL,2025,2,8879.64,100.0,10000.0,6477.97,3684.46,97,6079
Cebu Pacific,PPS-CEB,2025,2,7641.872,93.5,8784.5,4430.38,3044.74,472,2513
Cebu Pacific,PPS-CRK,2025,2,2583.168,100.0,10000.0,4430.38,7949.2,472,268
Cebu Pacific,PPS-DVO,2025,2,3267.152,100.0,10000.0,4430.38,5056.2,472,933
Cebu Pacific,PPS-ILO,2025,2,4520.544,100.0,10000.0,4430.38,4445.85,472,766
Cebu Pacific,PPS-MNL,2025,2,31090.024,48.1,3820.98,4430.38,3684.46,472,6079
Cebu Pacific,RXS-MNL,2025,2,9041.088,60.22,4515.39,4514.97,3684.46,93,6079
Cebu Pacific,SIN-ILO,2025,2,1937.376,100.0,10000.0,10000.0,4445.85,12,766
Cebu Pacific,TAC-CEB,2025,2,161.448,4.1,4728.62,3413.82,3044.74,460,2513
Cebu Pacific,TAC-DVO,2025,2,1937.376,100.0,10000.0,3413.82,5056.2,460,933
Cebu Pacific,TAC-ILO,2025,2,2583.168,100.0,10000.0,3413.82,4445.85,460,766
Cebu Pacific,TAC-MNL,2025,2,25347.336,42.33,3594.36,3413.82,3684.46,460,6079
Cebu Pacific,TAG-DVO,2025,2,4520.544,82.72,7141.2,3960.34,5056.2,378,933
Cebu Pacific,TAG-ILO,2025,2,3228.96,100.0,10000.0,3960.34,4445.85,378,766
Cebu Pacific,TAG-MNL,2025,2,26684.056,48.12,3677.89,3960.34,3684.46,378,6079
Cebu Pacific,TUG-MNL,2025,2,16455.544,81.29,6958.13,6957.88,3684.46,133,6079
Cebu Pacific,TWT-ZAM,2025,2,3067.512,67.86,5637.96,5261.72,5968.0,36,75
Cebu Pacific,USU-CEB,2025,2,62.496,0.85,5071.49,5494.24,3044.74,273,2513
Cebu Pacific,ZAM-CEB,2025,2,6296.472,86.96,7732.08,6488.61,3044.74,302,2513
Cebu Pacific,ZAM-DVO,2025,2,1775.928,100.0,10000.0,6488.61,5056.2,302,933
Cebu Pacific,ZAM-ILO,2025,2,2583.168,100.0,10000.0,6488.61,4445.85,302,766
Cebu Pacific,ZAM-MNL,2025,2,22055.88,71.67,5939.18,6488.61,3684.46,302,6079
Cebu Pacific,ZAM-TWT,2025,2,5650.68,77.78,6543.46,6488.61,6113.22,302,52
Philippine Airlines,BCD-CEB,2025,2,2366.672,36.03,3344.26,3387.37,3044.74,568,2513
Philippine Airlines,BCD-MNL,2025,2,23568.636,33.77,3449.29,3387.37,3684.46,568,6079
Philippine Airlines,BPA-CEB,2025,2,484.092,100.0,10000.0,10000.0,3044.74,9,2513
Philippine Airlines,BSO-CRK,2025,2,753.032,100.0,10000.0,10000.0,7949.2,14,268
Philippine Airlines,BXU-CEB,2025,2,1506.064,34.15,5502.44,4610.45,3044.74,237,2513
Philippine Airlines,BXU-MNL,2025,2,7062.048,28.91,5889.58,4610.45,3684.46,237,6079
Philippine Airlines,CBO-CEB,2025,2,430.304,100.0,10000.0,10000.0,3044.74,52,2513
Philippine Airlines,CBO-MNL,2025,2,5443.662,100.0,10000.0,10000.0,3684.46,52,6079
Philippine Airlines,CBO-TWT,2025,2,376.516,100.0,10000.0,10000.0,6113.22,52,52
Philippine Airlines,CEB-BCD,2025,2,2366.672,36.35,3347.85,3140.8,3352.2,2344,521
Philippine Airlines,CEB-BPA,2025,2,537.88,100.0,10000.0,3140.8,10000.0,2344,10
Philippine Airlines,CEB-BXU,2025,2,1506.064,50.42,5000.35,3140.8,4862.82,2344,221
Philippine Airlines,CEB-CBO,2025,2,430.304,100.0,10000.0,3140.8,10000.0,2344,57
Philippine Airlines,CEB-CEB,2025,2,53.788,9.34,8306.47,3140.8,3044.74,2344,2513
Philippine Airlines,CEB-CGY,2025,2,3750.922,29.82,3450.41,3140.8,3413.18,2344,563
Philippine Airlines,CEB-DVO,2025,2,4679.556,28.08,5960.97,3140.8,5056.2,2344,933
Philippine Airlines,CEB-GES,2025,2,699.244,9.92,8212.81,3140.8,5629.7,2344,239
Philippine Airlines,CEB-IAO,2025,2,3442.432,41.06,4946.41,3140.8,4855.75,2344,277
Philippine Airlines,CEB-ILO,2025,2,2528.036,27.65,4628.29,3140.8,4445.85,2344,766
Philippine Airlines,CEB-MNL,2025,2,52012.996,38.12,3444.17,3140.8,3684.46,2344,6079
Philippine Airlines,CEB-MPH,2025,2,2635.612,24.12,6267.16,3140.8,4088.67,2344,644
Philippine Airlines,CEB-OZC,2025,2,484.092,23.29,6426.85,3140.8,4088.0,2344,109
Philippine Airlines,CEB-PPS,2025,2,1290.912,15.64,7361.22,3140.8,4169.16,2344,521
Philippine Airlines,CEB-TAC,2025,2,1506.064,56.94,5096.33,3140.8,3578.23,2344,354
Philippine Airlines,CEB-USU,2025,2,2958.34,64.98,5448.8,3140.8,5147.11,2344,157
Philippine Airlines,CGY-CEB,2025,2,3697.134,29.93,3434.04,3745.17,3044.74,556,2513
Philippine Airlines,CGY-MNL,2025,2,23840.74,45.5,4306.39,3745.17,3684.46,556,6079
Philippine Airlines,CRK-BSO,2025,2,699.244,100.0,10000.0,7735.41,10000.0,223,39
Philippine Airlines,CRK-IAO,2025,2,591.668,73.91,6143.38,7735.41,4855.75,223,277
Philippine Airlines,CRK-USU,2025,2,806.82,100.0,10000.0,7735.41,5147.11,223,157
Philippine Airlines,CRM-MNL,2025,2,753.032,100.0,10000.0,10000.0,3684.46,14,6079
Philippine Airlines,CYP-MNL,2025,2,537.88,100.0,10000.0,6019.77,3684.46,35,6079
Philippine Airlines,CYZ-MNL,2025,2,1545.614,19.27,6888.67,6888.17,3684.46,71,6079
Philippine Airlines,DGT-MNL,2025,2,7944.804,40.0,5200.0,4307.73,3684.46,174,6079
Philippine Airlines,DPL-MNL,2025,2,4119.528,41.18,5155.58,3820.47,3684.46,105,6079
Philippine Airlines,DRP-MNL,2025,2,7767.62,34.0,5512.0,4917.19,3684.46,207,6079
Philippine Airlines,DVO-CEB,2025,2,4518.192,27.37,6024.23,4972.5,3044.74,930,2513
Philippine Airlines,DVO-MNL,2025,2,52791.34,52.18,5009.5,4972.5,3684.46,930,6079
Philippine Airlines,DVO-TAG,2025,2,860.608,17.28,7141.2,4972.5,4152.27,930,306
Philippine Airlines,EUQ-MNL,2025,2,484.092,100.0,10000.0,10000.0,3684.46,9,6079
Philippine Airlines,GES-CEB,2025,2,753.032,10.39,8137.9,5631.27,3044.74,241,2513
Philippine Airlines,GES-MNL,2025,2,15294.776,39.81,5207.67,5631.27,3684.46,241,6079
Philippine Airlines,IAO-CEB,2025,2,3173.492,34.24,5496.76,4368.28,3044.74,281,2513
Philippine Airlines,IAO-CRK,2025,2,591.668,34.0,5512.0,4368.28,7949.2,281,268
Philippine Airlines,IAO-IAO,2025,2,161.364,58.62,5148.61,4368.28,4855.75,281,277
Philippine Airlines,IAO-MNL,2025,2,2687.818,100.0,10000.0,4368.28,3684.46,281,6079
Philippine Airlines,ILO-BCD,2025,2,147.126,100.0,10000.0,4383.37,3352.2,693,521
Philippine Airlines,ILO-CEB,2025,2,2420.46,27.23,4624.75,4383.37,3044.74,693,2513
Philippine Airlines,ILO-ILO,2025,2,53.788,100.0,10000.0,4383.37,4445.85,693,766
Philippine Airlines,ILO-MNL,2025,2,15634.906,24.35,3523.42,4383.37,3684.46,693,6079
Philippine Airlines,LAO-MNL,2025,2,6864.298,62.49,5312.0,5312.23,3684.46,73,6079
Philippine Airlines,MNL-BCD,2025,2,21481.978,34.67,3421.69,3802.13,3352.2,5624,521
Philippine Airlines,MNL-BSO,2025,2,1398.488,100.0,10000.0,3802.13,10000.0,5624,39
Philippine Airlines,MNL-BXU,2025,2,7944.804,31.39,5692.66,3802.13,4862.82,5624,221
Philippine Airlines,MNL-CBO,2025,2,6032.166,100.0,10000.0,3802.13,10000.0,5624,57
Philippine Airlines,MNL-CEB,2025,2,50362.97,37.9,3422.66,3802.13,3044.74,5624,2513
Philippine Airlines,MNL-CGY,2025,2,20575.492,38.25,3854.44,3802.13,3413.18,5624,563
Philippine Airlines,MNL-CRM,2025,2,860.608,100.0,10000.0,3802.13,10000.0,5624,16
Philippine Airlines,MNL-CYP,2025,2,645.456,100.0,10000.0,3802.13,5835.16,5624,39
Philippine Airlines,MNL-CYZ,2025,2,1491.826,18.73,6955.63,3802.13,6955.76,5624,70
Philippine Airlines,MNL-DGT,2025,2,8091.93,33.6,5537.92,3802.13,4753.07,5624,203
Philippine Airlines,MNL-DPL,2025,2,3972.402,40.3,5188.18,3802.13,4120.56,5624,92
Philippine Airlines,MNL-DRP,2025,2,9052.204,36.78,5291.8,3802.13,4753.47,5624,221
Philippine Airlines,MNL-DVO,2025,2,48928.096,51.91,5007.3,3802.13,5056.2,5624,933
Philippine Airlines,MNL-EUQ,2025,2,645.456,100.0,10000.0,3802.13,10000.0,5624,12
Philippine Airlines,MNL-GES,2025,2,15294.776,39.81,5207.67,3802.13,5629.7,5624,239
Philippine Airlines,MNL-IAO,2025,2,4249.252,100.0,10000.0,3802.13,4855.75,5624,277
Philippine Airlines,MNL-ILO,2025,2,20017.046,26.31,3628.77,3802.13,4445.85,5624,766
Philippine Airlines,MNL-LAO,2025,2,8924.062,68.42,5678.59,3802.13,5678.39,5624,87
Philippine Airlines,MNL-MNL,2025,2,2874.494,40.62,4800.98,3802.13,3684.46,5624,6079
Philippine Airlines,MNL-MPH,2025,2,20448.932,32.32,3530.04,3802.13,4088.67,5624,644
Philippine Airlines,MNL-OZC,2025,2,4119.528,38.89,5246.86,3802.13,4088.0,5624,109
Philippine Airlines,MNL-PPS,2025,2,16984.352,27.44,3591.59,3802.13,4169.16,5624,521
Philippine Airlines,MNL-RXS,2025,2,4119.528,29.17,4409.53,3802.13,4409.72,5624,96
Philippine Airlines,MNL-TAC,2025,2,15579.536,36.28,3668.31,3802.13,3578.23,5624,354
Philippine Airlines,MNL-TAG,2025,2,11505.886,29.64,3765.07,3802.13,4152.27,5624,306
Philippine Airlines,MNL-TUG,2025,2,3746.176,31.26,5702.38,3802.13,5702.63,5624,84
Philippine Airlines,MNL-USU,2025,2,1506.064,47.06,4547.36,3802.13,5147.11,5624,157
Philippine Airlines,MNL-ZAM,2025,2,1765.512,100.0,10000.0,3802.13,5968.0,5624,75
Philippine Airlines,MPH-CEB,2025,2,2850.764,22.78,4983.34,3358.06,3044.74,844,2513
Philippine Airlines,MPH-MNL,2025,2,23671.466,27.24,3272.95,3358.06,3684.46,844,6079
Philippine Airlines,MPH-MPH,2025,2,53.788,100.0,10000.0,3358.06,4088.67,844,644
Philippine Airlines,OZC-CEB,2025,2,430.304,15.25,7415.12,3793.58,3044.74,119,2513
Philippine Airlines,OZC-MNL,2025,2,3825.276,37.68,5303.56,3793.58,3684.46,119,6079
Philippine Airlines,PPS-CEB,2025,2,484.092,6.5,8784.5,4430.38,3044.74,472,2513
Philippine Airlines,PPS-MNL,2025,2,20559.672,34.91,3820.98,4430.38,3684.46,472,6079
Philippine Airlines,RXS-MNL,2025,2,3678.15,26.88,4515.39,4514.97,3684.46,93,6079
Philippine Airlines,SUG-BXU,2025,2,441.378,100.0,10000.0,5996.49,4862.82,31,221
Philippine Airlines,SUG-TAG,2025,2,147.126,100.0,10000.0,5996.49,4152.27,31,306
Philippine Airlines,TAC-CEB,2025,2,1452.276,40.42,4728.62,3413.82,3044.74,460,2513
Philippine Airlines,TAC-MNL,2025,2,11173.666,20.48,3594.36,3413.82,3684.46,460,6079
Philippine Airlines,TAG-DVO,2025,2,860.608,17.28,7141.2,3960.34,5056.2,378,933
Philippine Airlines,TAG-MNL,2025,2,11653.012,23.06,3677.89,3960.34,3684.46,378,6079
Philippine Airlines,TBH-MNL,2025,2,441.378,100.0,10000.0,10000.0,3684.46,4,6079
Philippine Airlines,TBH-MPH,2025,2,147.126,100.0,10000.0,10000.0,4088.67,4,644
Philippine Airlines,TUG-MNL,2025,2,3451.924,18.71,6958.13,6957.88,3684.46,133,6079
Philippine Airlines,TWT-CBO,2025,2,430.304,100.0,10000.0,5261.72,10000.0,36,57
Philippine Airlines,TWT-ZAM,2025,2,1324.134,32.14,5637.96,5261.72,5968.0,36,75
Philippine Airlines,USU-CEB,2025,2,2743.188,40.76,5071.49,5494.24,3044.74,273,2513
Philippine Airlines,USU-CRK,2025,2,860.608,100.0,10000.0,5494.24,7949.2,273,268
Philippine Airlines,USU-MNL,2025,2,1452.276,19.1,6909.62,5494.24,3684.46,273,6079
Philippine Airlines,USU-USU,2025,2,53.788,100.0,10000.0,5494.24,5147.11,273,157
Philippine Airlines,ZAM-CEB,2025,2,860.608,13.04,7732.08,6488.61,3044.74,302,2513
Philippine Airlines,ZAM-MNL,2025,2,7944.804,28.33,5939.18,6488.61,3684.46,302,6079
Philippine Airlines,ZAM-TWT,2025,2,1471.26,22.22,6543.46,6488.61,6113.22,302,52
Sunlight Air,CEB-CEB,2025,2,561.0,90.66,8306.47,3140.8,3044.74,2344,2513
Sunlight Air,CEB-CRK,2025,2,112.2,1.02,9798.08,3140.8,7949.2,2344,268
Sunlight Air,CEB-IAO,2025,2,168.3,1.87,4946.41,3140.8,4855.75,2344,277
Sunlight Air,CEB-MNL,2025,2,1514.7,1.03,3444.17,3140.8,3684.46,2344,6079
Sunlight Air,CEB-MPH,2025,2,56.1,0.48,6267.16,3140.8,4088.67,2344,644
Sunlight Air,CEB-SUG,2025,2,168.3,9.24,8322.76,3140.8,8322.15,2344,30
Sunlight Air,CRK-CEB,2025,2,953.7,6.92,8711.77,7735.41,3044.74,223,2513
Sunlight Air,CRK-CRK,2025,2,280.5,47.01,5017.88,7735.41,7949.2,223,268
Sunlight Air,CRK-IAO,2025,2,224.4,26.09,6143.38,7735.41,4855.75,223,277
Sunlight Air,IAO-CRK,2025,2,1234.2,66.0,5512.0,4368.28,7949.2,281,268
Sunlight Air,MNL-CEB,2025,2,1009.8,0.71,3422.66,3802.13,3044.74,5624,2513
Sunlight Air,MNL-MNL,2025,2,56.1,0.74,4800.98,3802.13,3684.46,5624,6079
Sunlight Air,MNL-USU,2025,2,168.3,4.89,4547.36,3802.13,5147.11,5624,157
Sunlight Air,MPH-CRK,2025,2,56.1,0.64,9872.82,3358.06,7949.2,844,268
AirAsia,BCD-MNL,2025,3,20551.14,23.96,3483.12,3410.88,3672.22,628,6757
AirAsia,CEB-MNL,2025,3,36894.96,22.41,3489.16,3271.97,3672.22,2445,6757
AirAsia,CGY-MNL,2025,3,5178.24,7.98,4307.56,4024.86,3672.22,578,6757
AirAsia,ILO-MNL,2025,3,26406.24,29.32,3521.1,4357.61,3672.22,831,6757
AirAsia,KLO-MNL,2025,3,14240.16,73.95,6147.21,6147.16,3672.22,119,6757
AirAsia,MNL-BCD,2025,3,19094.76,25.61,3449.23,3785.14,3367.27,6139,564
AirAsia,MNL-CEB,2025,3,37218.6,23.19,3418.36,3785.14,3113.13,6139,2617
AirAsia,MNL-CGY,2025,3,9871.02,15.21,3881.35,3785.14,3693.49,6139,571
AirAsia,MNL-ILO,2025,3,24434.82,26.33,3624.26,3785.14,4453.42,6139,841
AirAsia,MNL-KLO,2025,3,14563.8,74.38,6188.77,3785.14,6188.78,6139,121
AirAsia,MNL-MPH,2025,3,15211.08,19.82,3520.77,3785.14,4158.55,6139,716
AirAsia,MNL-PPS,2025,3,19256.58,25.76,3589.38,3785.14,4129.26,6139,579
AirAsia,MNL-RXS,2025,3,2265.48,13.08,4367.39,3785.14,4368.07,6139,107
AirAsia,MNL-TAC,2025,3,9709.2,19.94,3602.87,3785.14,3536.0,6139,360
AirAsia,MNL-TAG,2025,3,10032.84,18.92,3661.31,3785.14,3882.85,6139,368
AirAsia,MPH-MNL,2025,3,39807.72,37.29,3264.53,3400.66,3672.22,941,6757
AirAsia,PPS-MNL,2025,3,12298.32,16.86,3810.48,4373.4,3672.22,536,6757
AirAsia,RXS-MNL,2025,3,1941.84,11.65,4551.54,4551.8,3672.22,103,6757
AirAsia,TAC-MNL,2025,3,24549.66,39.31,3484.22,3321.57,3672.22,470,6757
AirAsia,TAG-MNL,2025,3,17638.38,26.39,3501.88,3696.58,3672.22,446,6757
Cebgo,BCD-CEB,2025,3,2578.752,35.27,3355.03,3410.88,3113.13,628,2617
Cebgo,BXU-CEB,2025,3,1934.064,54.65,5043.24,4797.13,3113.13,237,2617
Cebgo,CEB-BCD,2025,3,2578.752,34.74,3344.71,3271.97,3367.27,2445,564
Cebgo,CEB-BXU,2025,3,703.296,26.37,4701.98,3271.97,5097.0,2445,224
Cebgo,CEB-CGM,2025,3,2344.32,100.0,10000.0,3271.97,10000.0,2445,40
Cebgo,CEB-CGY,2025,3,3223.44,28.57,3374.32,3271.97,3693.49,2445,571
Cebgo,CEB-CYP,2025,3,1347.984,100.0,10000.0,3271.97,5783.29,2445,35
Cebgo,CEB-DGT,2025,3,1875.456,100.0,10000.0,3271.97,4751.92,2445,201
Cebgo,CEB-DPL,2025,3,1406.592,90.28,8244.96,3271.97,4212.47,2445,98
Cebgo,CEB-DRP,2025,3,2285.712,100.0,10000.0,3271.97,4759.81,2445,245
Cebgo,CEB-IAO,2025,3,5391.936,53.7,5027.38,3271.97,5135.32,2445,307
Cebgo,CEB-ILO,2025,3,996.336,10.11,4711.17,3271.97,4453.42,2445,841
Cebgo,CEB-MBT,2025,3,703.296,100.0,10000.0,3271.97,10000.0,2445,14
Cebgo,CEB-OZC,2025,3,1289.376,76.89,6446.14,3271.97,4317.15,2445,108
Cebgo,CEB-PAG,2025,3,1816.848,100.0,10000.0,3271.97,7224.15,2445,94
Cebgo,CEB-SUG,2025,3,1992.672,100.0,10000.0,3271.97,10000.0,2445,34
Cebgo,CEB-TAC,2025,3,996.336,40.91,5165.26,3271.97,3536.0,2445,360
Cebgo,CEB-USU,2025,3,1816.848,32.24,5630.84,3271.97,5327.61,2445,196
Cebgo,CGM-CEB,2025,3,2637.36,100.0,10000.0,10000.0,3113.13,45,2617
Cebgo,CGY-CEB,2025,3,3223.44,28.16,3375.94,4024.86,3113.13,578,2617
Cebgo,CGY-DVO,2025,3,937.728,100.0,10000.0,4024.86,5129.16,578,1027
Cebgo,CRK-ENI,2025,3,117.216,100.0,10000.0,7235.31,5080.99,226,3
Cebgo,CRK-IAO,2025,3,117.216,14.01,7590.56,7235.31,5135.32,226,307
Cebgo,CRK-MBT,2025,3,117.216,100.0,10000.0,7235.31,10000.0,226,14
Cebgo,CRK-TAG,2025,3,117.216,100.0,10000.0,7235.31,3882.85,226,368
Cebgo,CRK-USU,2025,3,117.216,6.41,7770.34,7235.31,5327.61,226,196
Cebgo,CYP-CEB,2025,3,1289.376,100.0,10000.0,5577.34,3113.13,35,2617
Cebgo,CYP-CYP,2025,3,58.608,100.0,10000.0,5577.34,5783.29,35,35
Cebgo,DGT-CEB,2025,3,1992.672,100.0,10000.0,4306.02,3113.13,174,2617
Cebgo,DPL-CEB,2025,3,1523.808,100.0,10000.0,4131.03,3113.13,99,2617
Cebgo,DRP-CEB,2025,3,2344.32,100.0,10000.0,4685.26,3113.13,241,2617
Cebgo,DVO-CGY,2025,3,996.336,100.0,10000.0,4997.91,3693.49,1017,571
Cebgo,DVO-IAO,2025,3,1699.632,100.0,10000.0,4997.91,5135.32,1017,307
Cebgo,ENI-CRK,2025,3,117.216,100.0,10000.0,10000.0,7667.15,2,291
Cebgo,IAO-CEB,2025,3,7560.432,62.77,5326.15,4593.0,3113.13,331,2617
Cebgo,IAO-CRK,2025,3,117.216,7.64,4324.51,4593.0,7667.15,331,291
Cebgo,IAO-DVO,2025,3,1816.848,100.0,10000.0,4593.0,5129.16,331,1027
Cebgo,IAO-IAO,2025,3,58.608,100.0,10000.0,4593.0,5135.32,331,307
Cebgo,ILO-CEB,2025,3,820.512,8.22,4939.65,4357.61,3113.13,831,2617
Cebgo,MBT-CEB,2025,3,586.08,100.0,10000.0,10000.0,3113.13,12,2617
Cebgo,MBT-CRK,2025,3,117.216,100.0,10000.0,10000.0,7667.15,12,291
Cebgo,MNL-CEB,2025,3,468.864,0.31,3418.36,3785.14,3113.13,6139,2617
Cebgo,MNL-MPH,2025,3,1758.24,2.45,3520.77,3785.14,4158.55,6139,716
Cebgo,MNL-USU,2025,3,1816.848,50.66,4857.35,3785.14,5327.61,6139,196
Cebgo,MNL-WNP,2025,3,2813.184,100.0,10000.0,3785.14,10000.0,6139,48
Cebgo,MPH-CEB,2025,3,1523.808,11.06,5305.58,3400.66,3113.13,941,2617
Cebgo,MPH-MNL,2025,3,1816.848,1.82,3264.53,3400.66,3672.22,941,6757
Cebgo,OZC-CEB,2025,3,2461.536,86.4,7649.92,3885.15,3113.13,123,2617
Cebgo,PAG-CEB,2025,3,1699.632,100.0,10000.0,7312.97,3113.13,91,2617
Cebgo,PAG-PAG,2025,3,58.608,100.0,10000.0,7312.97,7224.15,91,94
Cebgo,SUG-CEB,2025,3,1875.456,100.0,10000.0,10000.0,3113.13,32,2617
Cebgo,SWL-CEB,2025,3,820.512,100.0,10000.0,10000.0,3113.13,14,2617
Cebgo,TAC-CEB,2025,3,1699.632,53.21,5020.61,3321.57,3113.13,470,2617
Cebgo,TAG-CRK,2025,3,117.216,100.0,10000.0,3696.58,7667.15,446,291
Cebgo,USU-CEB,2025,3,4454.208,54.94,5048.81,5317.4,3113.13,320,2617
Cebgo,USU-CRK,2025,3,117.216,7.27,8651.71,5317.4,7667.15,320,291
Cebgo,USU-MNL,2025,3,6915.744,80.12,6814.43,5317.4,3672.22,320,6757
Cebgo,WNP-MNL,2025,3,2930.4,100.0,10000.0,10000.0,3672.22,50,6757
Cebu Pacific,BCD-CEB,2025,3,2573.868,35.2,3355.03,3410.88,3113.13,628,2617
Cebu Pacific,BCD-DVO,2025,3,4462.348,100.0,10000.0,3410.88,5129.16,628,1027
Cebu Pacific,BCD-MNL,2025,3,32913.276,41.02,3483.12,3410.88,3672.22,628,6757
Cebu Pacific,BXU-MNL,2025,3,19094.812,67.76,5630.84,4797.13,3672.22,237,6757
Cebu Pacific,CAN-MNL,2025,3,1211.232,100.0,10000.0,10000.0,3672.22,8,6757
Cebu Pacific,CEB-BCD,2025,3,2573.868,34.68,3344.71,3271.97,3367.27,2445,564
Cebu Pacific,CEB-BXU,2025,3,302.808,11.36,4701.98,3271.97,5097.0,2445,224
Cebu Pacific,CEB-CEB,2025,3,53.724,4.76,9093.32,3271.97,3113.13,2445,2617
Cebu Pacific,CEB-CGY,2025,3,4239.312,37.58,3374.32,3271.97,3693.49,2445,571
Cebu Pacific,CEB-CRK,2025,3,9212.852,99.42,9884.67,3271.97,7667.15,2445,291
Cebu Pacific,CEB-DVO,2025,3,17821.716,81.72,7012.32,3271.97,5129.16,2445,1027
Cebu Pacific,CEB-GES,2025,3,6987.376,92.66,8639.75,3271.97,5620.21,2445,264
Cebu Pacific,CEB-ILO,2025,3,6091.976,61.81,4711.17,3271.97,4453.42,2445,841
Cebu Pacific,CEB-MNL,2025,3,57587.244,37.39,3489.16,3271.97,3672.22,2445,6757
Cebu Pacific,CEB-MPH,2025,3,9538.452,78.21,6591.61,3271.97,4158.55,2445,716
Cebu Pacific,CEB-PPS,2025,3,9162.384,81.33,6963.14,3271.97,4129.26,2445,579
Cebu Pacific,CEB-ZAM,2025,3,3785.1,100.0,10000.0,3271.97,5998.19,2445,94
Cebu Pacific,CGY-CEB,2025,3,4239.312,37.03,3375.94,4024.86,3113.13,578,2617
Cebu Pacific,CGY-ILO,2025,3,4542.12,100.0,10000.0,4024.86,4453.42,578,841
Cebu Pacific,CGY-MNL,2025,3,29290.976,48.25,4307.56,4024.86,3672.22,578,6757
Cebu Pacific,CGY-TAC,2025,3,151.404,100.0,10000.0,4024.86,3536.0,578,360
Cebu Pacific,CRK-CEB,2025,3,9800.56,98.38,9681.25,7235.31,3113.13,226,2617
Cebu Pacific,CRK-CRK,2025,3,53.724,16.67,7221.78,7235.31,7667.15,226,291
Cebu Pacific,CRK-DVO,2025,3,3099.712,100.0,10000.0,7235.31,5129.16,226,1027
Cebu Pacific,CRK-MPH,2025,3,7721.604,100.0,10000.0,7235.31,4158.55,226,716
Cebu Pacific,CRK-PPS,2025,3,2422.464,100.0,10000.0,7235.31,4129.26,226,579
Cebu Pacific,CYZ-MNL,2025,3,8932.836,82.94,7170.09,7169.47,3672.22,87,6757
Cebu Pacific,DGT-MNL,2025,3,11809.512,55.71,5065.21,4306.02,3672.22,174,6757
Cebu Pacific,DPL-MNL,2025,3,6510.372,58.9,5158.42,4131.03,3672.22,99,6757
Cebu Pacific,DRP-ILO,2025,3,1816.848,100.0,10000.0,4685.26,4453.42,241,841
Cebu Pacific,DRP-MNL,2025,3,17069.58,61.73,5275.19,4685.26,3672.22,241,6757
Cebu Pacific,DVO-BCD,2025,3,4310.944,100.0,10000.0,4997.91,3367.27,1017,564
Cebu Pacific,DVO-CEB,2025,3,17670.312,81.18,6944.38,4997.91,3113.13,1017,2617
Cebu Pacific,DVO-CRK,2025,3,3099.712,100.0,10000.0,4997.91,7667.15,1017,291
Cebu Pacific,DVO-ILO,2025,3,4577.936,100.0,10000.0,4997.91,4453.42,1017,841
Cebu Pacific,DVO-MNL,2025,3,55149.314,47.19,5015.79,4997.91,3672.22,1017,6757
Cebu Pacific,DVO-MPH,2025,3,4390.716,100.0,10000.0,4997.91,4158.55,1017,716
Cebu Pacific,DVO-PPS,2025,3,2271.06,100.0,10000.0,4997.91,4129.26,1017,579
Cebu Pacific,DVO-TAG,2025,3,4542.12,83.68,7268.68,4997.91,3882.85,1017,368
Cebu Pacific,GES-CEB,2025,3,6987.376,92.66,8639.75,5584.09,3113.13,265,2617
Cebu Pacific,GES-ILO,2025,3,4729.34,100.0,10000.0,5584.09,4453.42,265,841
Cebu Pacific,GES-MNL,2025,3,25619.022,59.06,5164.17,5584.09,3672.22,265,6757
Cebu Pacific,HKG-DVO,2025,3,2725.272,100.0,10000.0,10000.0,5129.16,18,1027
Cebu Pacific,ILO-CEB,2025,3,6394.784,64.06,4939.65,4357.61,3113.13,831,2617
Cebu Pacific,ILO-CGY,2025,3,4542.12,100.0,10000.0,4357.61,3693.49,831,571
Cebu Pacific,ILO-CRK,2025,3,2725.272,100.0,10000.0,4357.61,7667.15,831,291
Cebu Pacific,ILO-DRP,2025,3,1968.252,100.0,10000.0,4357.61,4759.81,831,245
Cebu Pacific,ILO-DVO,2025,3,4577.936,100.0,10000.0,4357.61,5129.16,831,1027
Cebu Pacific,ILO-GES,2025,3,4729.34,100.0,10000.0,4357.61,5620.21,831,264
Cebu Pacific,ILO-MNL,2025,3,37393.532,44.37,3521.1,4357.61,3672.22,831,6757
Cebu Pacific,ILO-PPS,2025,3,4693.524,100.0,10000.0,4357.61,4129.26,831,579
Cebu Pacific,ILO-TAC,2025,3,2573.868,100.0,10000.0,4357.61,3536.0,831,360
Cebu Pacific,ILO-TAG,2025,3,2725.272,100.0,10000.0,4357.61,3882.85,831,368
Cebu Pacific,ILO-ZAM,2025,3,2725.272,100.0,10000.0,4357.61,5998.19,831,94
Cebu Pacific,KLO-MNL,2025,3,4693.524,26.05,6147.21,6147.16,3672.22,119,6757
Cebu Pacific,LAO-MNL,2025,3,4542.12,34.55,5477.41,5477.34,3672.22,90,6757
Cebu Pacific,MNL-BCD,2025,3,28483.488,40.83,3449.23,3785.14,3367.27,6139,564
Cebu Pacific,MNL-BXU,2025,3,19094.812,65.99,5511.36,3785.14,5097.0,6139,224
Cebu Pacific,MNL-CEB,2025,3,54214.028,36.11,3418.36,3785.14,3113.13,6139,2617
Cebu Pacific,MNL-CGY,2025,3,28952.352,47.69,3881.35,3785.14,3693.49,6139,571
Cebu Pacific,MNL-CYZ,2025,3,9084.24,83.17,7200.5,3785.14,7200.74,6139,88
Cebu Pacific,MNL-DGT,2025,3,16503.036,64.5,5420.5,3785.14,4751.92,6139,201
Cebu Pacific,MNL-DPL,2025,3,6661.776,60.27,5210.95,3785.14,4212.47,6139,98
Cebu Pacific,MNL-DRP,2025,3,17631.24,62.58,5316.51,3785.14,4759.81,6139,245
Cebu Pacific,MNL-DVO,2025,3,51878.662,47.66,5010.95,3785.14,5129.16,6139,1027
Cebu Pacific,MNL-GES,2025,3,25806.242,59.7,5188.18,3785.14,5620.21,6139,264
Cebu Pacific,MNL-ILO,2025,3,41038.624,47.26,3624.26,3785.14,4453.42,6139,841
Cebu Pacific,MNL-KLO,2025,3,4693.524,25.62,6188.77,3785.14,6188.78,6139,121
Cebu Pacific,MNL-LAO,2025,3,4542.12,33.4,5551.12,3785.14,5551.31,6139,93
Cebu Pacific,MNL-MNL,2025,3,605.616,47.15,3635.99,3785.14,3672.22,6139,6757
Cebu Pacific,MNL-MPH,2025,3,33006.072,45.97,3520.77,3785.14,4158.55,6139,716
Cebu Pacific,MNL-OZC,2025,3,7267.392,60.76,5231.56,3785.14,4317.15,6139,108
Cebu Pacific,MNL-PAG,2025,3,9387.048,100.0,10000.0,3785.14,7224.15,6139,94
Cebu Pacific,MNL-PPS,2025,3,32418.364,46.34,3589.38,3785.14,4129.26,6139,579
Cebu Pacific,MNL-RXS,2025,3,9387.048,57.94,4367.39,3785.14,4368.07,6139,107
Cebu Pacific,MNL-SJI,2025,3,302.808,100.0,10000.0,3785.14,10000.0,6139,2
Cebu Pacific,MNL-TAC,2025,3,18017.076,39.55,3602.87,3785.14,3536.0,6139,360
Cebu Pacific,MNL-TAG,2025,3,21538.44,43.4,3661.31,3785.14,3882.85,6139,368
Cebu Pacific,MNL-TUG,2025,3,9841.26,70.86,5870.28,3785.14,5870.21,6139,93
Cebu Pacific,MNL-VRC,2025,3,4390.716,100.0,10000.0,3785.14,10000.0,6139,29
Cebu Pacific,MPH-CEB,2025,3,9538.452,69.25,5305.58,3400.66,3113.13,941,2617
Cebu Pacific,MPH-CRK,2025,3,9538.452,100.0,10000.0,3400.66,7667.15,941,291
Cebu Pacific,MPH-DVO,2025,3,4390.716,100.0,10000.0,3400.66,5129.16,941,1027
Cebu Pacific,MPH-MNL,2025,3,33308.88,33.35,3264.53,3400.66,3672.22,941,6757
Cebu Pacific,NRT-CRK,2025,3,4693.524,100.0,10000.0,10000.0,7667.15,31,291
Cebu Pacific,OZC-MNL,2025,3,7115.988,63.51,5365.04,3885.15,3672.22,123,6757
Cebu Pacific,PAG-MNL,2025,3,9235.644,100.0,10000.0,7312.97,3672.22,91,6757
Cebu Pacific,PPS-CEB,2025,3,9162.384,90.19,8230.47,4373.4,3113.13,536,2617
Cebu Pacific,PPS-CRK,2025,3,2422.464,100.0,10000.0,4373.4,7667.15,536,291
Cebu Pacific,PPS-DVO,2025,3,2271.06,100.0,10000.0,4373.4,5129.16,536,1027
Cebu Pacific,PPS-ILO,2025,3,4693.524,100.0,10000.0,4373.4,4453.42,536,841
Cebu Pacific,PPS-MNL,2025,3,32418.364,47.49,3810.48,4373.4,3672.22,536,6757
Cebu Pacific,RXS-MNL,2025,3,9387.048,60.19,4551.54,4551.8,3672.22,103,6757
Cebu Pacific,SIN-ILO,2025,3,1968.252,100.0,10000.0,10000.0,4453.42,13,841
Cebu Pacific,SJI-MNL,2025,3,302.808,100.0,10000.0,10000.0,3672.22,2,6757
Cebu Pacific,TAC-DVO,2025,3,1968.252,100.0,10000.0,3321.57,5129.16,470,1027
Cebu Pacific,TAC-ILO,2025,3,2573.868,100.0,10000.0,3321.57,4453.42,470,841
Cebu Pacific,TAC-MNL,2025,3,21802.176,37.32,3484.22,3321.57,3672.22,470,6757
Cebu Pacific,TAG-DVO,2025,3,4542.12,83.68,7268.68,3696.58,5129.16,446,1027
Cebu Pacific,TAG-ILO,2025,3,2725.272,100.0,10000.0,3696.58,4453.42,446,841
Cebu Pacific,TAG-MNL,2025,3,27342.26,43.72,3501.88,3696.58,3672.22,446,6757
Cebu Pacific,TUG-MNL,2025,3,16421.636,82.67,7134.66,7135.12,3672.22,135,6757
Cebu Pacific,TWT-ZAM,2025,3,3785.1,69.44,5755.83,5702.85,5998.19,37,94
Cebu Pacific,VRC-MNL,2025,3,151.404,100.0,10000.0,10000.0,3672.22,1,6757
Cebu Pacific,ZAM-CEB,2025,3,6813.18,91.8,8494.48,6602.73,3113.13,341,2617
Cebu Pacific,ZAM-DVO,2025,3,4239.312,100.0,10000.0,6602.73,5129.16,341,1027
Cebu Pacific,ZAM-ILO,2025,3,2725.272,100.0,10000.0,6602.73,4453.42,341,841
Cebu Pacific,ZAM-MNL,2025,3,22718.74,70.76,5861.96,6602.73,3672.22,341,6757
Cebu Pacific,ZAM-TWT,2025,3,5601.948,77.08,6466.65,6602.73,6404.57,341,49
Philippine Airlines,BCD-CEB,2025,3,2097.732,29.53,3355.03,3410.88,3113.13,628,2617
Philippine Airlines,BCD-MNL,2025,3,27306.902,35.02,3483.12,3410.88,3672.22,628,6757
Philippine Airlines,BPA-CEB,2025,3,591.668,100.0,10000.0,10000.0,3113.13,11,2617
Philippine Airlines,BSO-CRK,2025,3,860.608,100.0,10000.0,10000.0,7667.15,16,291
Philippine Airlines,BXU-CEB,2025,3,1559.852,45.35,5043.24,4797.13,3113.13,237,2617
Philippine Airlines,BXU-MNL,2025,3,8827.56,32.24,5630.84,4797.13,3672.22,237,6757
Philippine Airlines,CBO-CEB,2025,3,215.152,100.0,10000.0,10000.0,3113.13,49,2617
Philippine Airlines,CBO-MNL,2025,3,6473.544,100.0,10000.0,10000.0,3672.22,49,6757
Philippine Airlines,CBO-TWT,2025,3,53.788,100.0,10000.0,10000.0,6404.57,49,49
Philippine Airlines,CEB-BCD,2025,3,2205.308,30.58,3344.71,3271.97,3367.27,2445,564
Philippine Airlines,CEB-BPA,2025,3,591.668,100.0,10000.0,3271.97,10000.0,2445,11
Philippine Airlines,CEB-BXU,2025,3,1613.64,62.27,4701.98,3271.97,5097.0,2445,224
Philippine Airlines,CEB-CBO,2025,3,268.94,100.0,10000.0,3271.97,10000.0,2445,52
Philippine Airlines,CEB-CGY,2025,3,3711.372,33.85,3374.32,3271.97,3693.49,2445,571
Philippine Airlines,CEB-CRM,2025,3,537.88,100.0,10000.0,3271.97,10000.0,2445,26
Philippine Airlines,CEB-DPL,2025,3,147.126,9.72,8244.96,3271.97,4212.47,2445,98
Philippine Airlines,CEB-DVO,2025,3,3872.736,18.28,7012.32,3271.97,5129.16,2445,1027
Philippine Airlines,CEB-ENI,2025,3,147.126,100.0,10000.0,3271.97,5080.99,2445,3
Philippine Airlines,CEB-GES,2025,3,537.88,7.34,8639.75,3271.97,5620.21,2445,264
Philippine Airlines,CEB-IAO,2025,3,4518.192,46.3,5027.38,3271.97,5135.32,2445,307
Philippine Airlines,CEB-ILO,2025,3,2689.4,28.08,4711.17,3271.97,4453.42,2445,841
Philippine Airlines,CEB-MNL,2025,3,59658.802,39.86,3489.16,3271.97,3672.22,2445,6757
Philippine Airlines,CEB-MPH,2025,3,2581.824,21.79,6591.61,3271.97,4158.55,2445,716
Philippine Airlines,CEB-OZC,2025,3,376.516,23.11,6446.14,3271.97,4317.15,2445,108
Philippine Airlines,CEB-PPS,2025,3,2043.944,18.67,6963.14,3271.97,4129.26,2445,579
Philippine Airlines,CEB-TAC,2025,3,1398.488,59.09,5165.26,3271.97,3536.0,2445,360
Philippine Airlines,CEB-USU,2025,3,3711.372,67.76,5630.84,3271.97,5327.61,2445,196
Philippine Airlines,CGY-CEB,2025,3,3872.736,34.81,3375.94,4024.86,3113.13,578,2617
Philippine Airlines,CGY-CGY,2025,3,147.126,100.0,10000.0,4024.86,3693.49,578,571
Philippine Airlines,CGY-MNL,2025,3,25822.986,43.77,4307.56,4024.86,3672.22,578,6757
Philippine Airlines,CRK-BSO,2025,3,860.608,100.0,10000.0,7235.31,10000.0,226,47
Philippine Airlines,CRK-IAO,2025,3,699.244,85.99,7590.56,7235.31,5135.32,226,307
Philippine Airlines,CRK-USU,2025,3,1559.852,87.72,7770.34,7235.31,5327.61,226,196
Philippine Airlines,CRM-CEB,2025,3,537.88,100.0,10000.0,10000.0,3113.13,24,2617
Philippine Airlines,CRM-MNL,2025,3,753.032,100.0,10000.0,10000.0,3672.22,24,6757
Philippine Airlines,CYP-MNL,2025,3,645.456,100.0,10000.0,5577.34,3672.22,35,6757
Philippine Airlines,CYZ-MNL,2025,3,1786.078,17.06,7170.09,7169.47,3672.22,87,6757
Philippine Airlines,DGT-MNL,2025,3,9121.812,44.29,5065.21,4306.02,3672.22,174,6757
Philippine Airlines,DPL-MNL,2025,3,4413.78,41.1,5158.42,4131.03,3672.22,99,6757
Philippine Airlines,DRP-MNL,2025,3,10283.0,38.27,5275.19,4685.26,3672.22,241,6757
Philippine Airlines,DVO-CEB,2025,3,3980.312,18.82,6944.38,4997.91,3113.13,1017,2617
Philippine Airlines,DVO-MNL,2025,3,59983.112,52.81,5015.79,4997.91,3672.22,1017,6757
Philippine Airlines,DVO-TAG,2025,3,860.608,16.32,7268.68,4997.91,3882.85,1017,368
Philippine Airlines,EUQ-MNL,2025,3,645.456,100.0,10000.0,10000.0,3672.22,12,6757
Philippine Airlines,GES-CEB,2025,3,537.88,7.34,8639.75,5584.09,3113.13,265,2617
Philippine Airlines,GES-MNL,2025,3,17259.62,40.94,5164.17,5584.09,3672.22,265,6757
Philippine Airlines,IAO-CEB,2025,3,4356.828,37.23,5326.15,4593.0,3113.13,331,2617
Philippine Airlines,IAO-CRK,2025,3,699.244,46.87,4324.51,4593.0,7667.15,331,291
Philippine Airlines,IAO-MNL,2025,3,3119.704,95.22,9089.7,4593.0,3672.22,331,6757
Philippine Airlines,ILO-CEB,2025,3,2689.4,27.72,4939.65,4357.61,3113.13,831,2617
Philippine Airlines,ILO-MNL,2025,3,21551.586,26.32,3521.1,4357.61,3672.22,831,6757
Philippine Airlines,LAO-MNL,2025,3,8360.87,65.45,5477.41,5477.34,3672.22,90,6757
Philippine Airlines,MNL-BCD,2025,3,22745.996,33.56,3449.23,3785.14,3367.27,6139,564
Philippine Airlines,MNL-BSO,2025,3,1667.428,100.0,10000.0,3785.14,10000.0,6139,47
Philippine Airlines,MNL-BXU,2025,3,9563.19,34.01,5511.36,3785.14,5097.0,6139,224
Philippine Airlines,MNL-CBO,2025,3,6767.796,100.0,10000.0,3785.14,10000.0,6139,52
Philippine Airlines,MNL-CEB,2025,3,57926.512,39.7,3418.36,3785.14,3113.13,6139,2617
Philippine Airlines,MNL-CGY,2025,3,21880.642,37.09,3881.35,3785.14,3693.49,6139,571
Philippine Airlines,MNL-CRM,2025,3,860.608,100.0,10000.0,3785.14,10000.0,6139,26
Philippine Airlines,MNL-CYP,2025,3,591.668,100.0,10000.0,3785.14,5783.29,6139,35
Philippine Airlines,MNL-CYZ,2025,3,1786.078,16.83,7200.5,3785.14,7200.74,6139,88
Philippine Airlines,MNL-DGT,2025,3,8827.56,35.5,5420.5,3785.14,4751.92,6139,201
Philippine Airlines,MNL-DPL,2025,3,4266.654,39.73,5210.95,3785.14,4212.47,6139,98
Philippine Airlines,MNL-DRP,2025,3,10243.45,37.42,5316.51,3785.14,4759.81,6139,245
Philippine Airlines,MNL-DVO,2025,3,55352.598,52.34,5010.95,3785.14,5129.16,6139,1027
Philippine Airlines,MNL-EUQ,2025,3,645.456,100.0,10000.0,3785.14,10000.0,6139,12
Philippine Airlines,MNL-GES,2025,3,16930.564,40.3,5188.18,3785.14,5620.21,6139,264
Philippine Airlines,MNL-IAO,2025,3,4625.768,100.0,10000.0,3785.14,5135.32,6139,307
Philippine Airlines,MNL-ILO,2025,3,22287.216,26.41,3624.26,3785.14,4453.42,6139,841
Philippine Airlines,MNL-LAO,2025,3,8802.248,66.6,5551.12,3785.14,5551.31,6139,93
Philippine Airlines,MNL-MNL,2025,3,294.252,23.57,3635.99,3785.14,3672.22,6139,6757
Philippine Airlines,MNL-MPH,2025,3,22163.82,31.76,3520.77,3785.14,4158.55,6139,716
Philippine Airlines,MNL-OZC,2025,3,4560.906,39.24,5231.56,3785.14,4317.15,6139,108
Philippine Airlines,MNL-PPS,2025,3,18963.434,27.9,3589.38,3785.14,4129.26,6139,579
Philippine Airlines,MNL-RXS,2025,3,4560.906,28.97,4367.39,3785.14,4368.07,6139,107
Philippine Airlines,MNL-TAC,2025,3,17933.552,40.51,3602.87,3785.14,3536.0,6139,360
Philippine Airlines,MNL-TAG,2025,3,18172.434,37.68,3661.31,3785.14,3882.85,6139,368
Philippine Airlines,MNL-TUG,2025,3,3932.852,29.14,5870.28,3785.14,5870.21,6139,93
Philippine Airlines,MNL-USU,2025,3,1667.428,47.84,4857.35,3785.14,5327.61,6139,196
Philippine Airlines,MNL-ZAM,2025,3,2206.89,100.0,10000.0,3785.14,5998.19,6139,94
Philippine Airlines,MPH-CEB,2025,3,2635.612,19.69,5305.58,3400.66,3113.13,941,2617
Philippine Airlines,MPH-MNL,2025,3,26724.726,27.54,3264.53,3400.66,3672.22,941,6757
Philippine Airlines,Not available-CEB,2025,3,147.126,100.0,10000.0,10000.0,3113.13,1,2617
Philippine Airlines,OZC-CEB,2025,3,376.516,13.6,7649.92,3885.15,3113.13,123,2617
Philippine Airlines,OZC-MNL,2025,3,3972.402,36.49,5365.04,3885.15,3672.22,123,6757
Philippine Airlines,PPS-CEB,2025,3,968.184,9.81,8230.47,4373.4,3113.13,536,2617
Philippine Airlines,PPS-MNL,2025,3,23646.154,35.65,3810.48,4373.4,3672.22,536,6757
Philippine Airlines,RXS-MNL,2025,3,4266.654,28.16,4551.54,4551.8,3672.22,103,6757
Philippine Airlines,TAC-CEB,2025,3,1452.276,46.79,5020.61,3321.57,3113.13,470,2617
Philippine Airlines,TAC-MNL,2025,3,13268.234,23.37,3484.22,3321.57,3672.22,470,6757
Philippine Airlines,TAG-DVO,2025,3,860.608,16.32,7268.68,3696.58,5129.16,446,1027
Philippine Airlines,TAG-MNL,2025,3,18172.434,29.9,3501.88,3696.58,3672.22,446,6757
Philippine Airlines,TUG-MNL,2025,3,3344.348,17.33,7134.66,7135.12,3672.22,135,6757
Philippine Airlines,TWT-CBO,2025,3,53.788,100.0,10000.0,5702.85,10000.0,37,52
Philippine Airlines,TWT-ZAM,2025,3,1618.386,30.56,5755.83,5702.85,5998.19,37,94
Philippine Airlines,USU-CEB,2025,3,3550.008,45.06,5048.81,5317.4,3113.13,320,2617
Philippine Airlines,USU-CRK,2025,3,1452.276,92.73,8651.71,5317.4,7667.15,320,291
Philippine Airlines,USU-MNL,2025,3,1667.428,19.88,6814.43,5317.4,3672.22,320,6757
Philippine Airlines,ZAM-CEB,2025,3,591.668,8.2,8494.48,6602.73,3113.13,341,2617
Philippine Airlines,ZAM-MNL,2025,3,9121.812,29.24,5861.96,6602.73,3672.22,341,6757
Philippine Airlines,ZAM-TWT,2025,3,1618.386,22.92,6466.65,6602.73,6404.57,341,49
Sunlight Air,CEB-CEB,2025,3,1122.0,95.24,9093.32,3271.97,3113.13,2445,2617
Sunlight Air,CEB-CRK,2025,3,56.1,0.58,9884.67,3271.97,7667.15,2445,291
Sunlight Air,CEB-MNL,2025,3,561.0,0.35,3489.16,3271.97,3672.22,2445,6757
Sunlight Air,CRK-CEB,2025,3,168.3,1.62,9681.25,7235.31,3113.13,226,2617
Sunlight Air,CRK-CRK,2025,3,280.5,83.33,7221.78,7235.31,7667.15,226,291
Sunlight Air,CRK-USU,2025,3,112.2,5.87,7770.34,7235.31,5327.61,226,196
Sunlight Air,IAO-CRK,2025,3,729.3,45.49,4324.51,4593.0,7667.15,331,291
Sunlight Air,IAO-MNL,2025,3,168.3,4.78,9089.7,4593.0,3672.22,331,6757
Sunlight Air,MNL-CEB,2025,3,1065.9,0.68,3418.36,3785.14,3113.13,6139,2617
Sunlight Air,MNL-MNL,2025,3,392.7,29.28,3635.99,3785.14,3672.22,6139,6757
Sunlight Air,MNL-USU,2025,3,56.1,1.5,4857.35,3785.14,5327.61,6139,196
AirAsia,BCD-MNL,2025,4,16209.9,20.67,3623.77,3377.89,3758.62,620,6882
AirAsia,CEB-MNL,2025,4,30412.86,20.31,3501.96,3076.11,3758.62,2544,6882
AirAsia,CGY-MNL,2025,4,9262.8,12.79,4063.68,3504.47,3758.62,654,6882
AirAsia,ILO-MNL,2025,4,23814.36,29.7,3422.52,3952.16,3758.62,799,6882
AirAsia,KLO-MNL,2025,4,9725.94,67.74,5629.42,5629.55,3758.62,93,6882
AirAsia,MNL-BCD,2025,4,18525.6,25.77,3472.49,3803.46,3210.42,6296,578
AirAsia,MNL-CEB,2025,4,35198.64,23.84,3311.21,3803.46,2844.0,6296,2765
AirAsia,MNL-CGY,2025,4,9108.42,14.53,3991.2,3803.46,3382.73,6296,599
AirAsia,MNL-ILO,2025,4,23157.0,27.92,3496.54,3803.46,3963.21,6296,802
AirAsia,MNL-KLO,2025,4,13739.82,74.79,6229.09,3803.46,6229.08,6296,119
AirAsia,MNL-MPH,2025,4,18371.22,21.89,3593.13,3803.46,4268.25,6296,816
AirAsia,MNL-PPS,2025,4,18062.46,24.8,3725.78,3803.46,4255.77,6296,581
AirAsia,MNL-RXS,2025,4,2006.94,12.62,4400.88,3803.46,4400.98,6296,103
AirAsia,MNL-TAC,2025,4,9262.8,18.47,3670.53,3803.46,3689.87,6296,382
AirAsia,MNL-TAG,2025,4,9262.8,17.24,3787.49,3803.46,3823.68,6296,420
AirAsia,MPH-MNL,2025,4,38749.38,35.54,3306.94,3518.34,3758.62,1002,6882
AirAsia,PPS-MNL,2025,4,11269.74,15.96,3914.72,4473.99,3758.62,542,6882
AirAsia,RXS-MNL,2025,4,2006.94,12.87,4402.8,4402.51,3758.62,101,6882
AirAsia,TAC-MNL,2025,4,23230.04,36.35,3492.34,3306.61,3758.62,511,6882
AirAsia,TAG-MNL,2025,4,13894.2,21.76,3709.84,3757.57,3758.62,480,6882
Cebgo,BCD-CEB,2025,4,3921.84,48.39,4080.37,3377.89,2844.0,620,2765
Cebgo,BXU-CEB,2025,4,3077.136,64.29,5408.41,5076.17,2844.0,283,2765
Cebgo,CEB-BCD,2025,4,3921.84,48.05,4079.57,3076.11,3210.42,2544,578
Cebgo,CEB-BXU,2025,4,1689.408,47.52,5012.3,3076.11,5327.14,2544,262
Cebgo,CEB-CGM,2025,4,2775.456,100.0,10000.0,3076.11,10000.0,2544,46
Cebgo,CEB-CGY,2025,4,6697.296,59.8,5192.08,3076.11,3382.73,2544,599
Cebgo,CEB-CRK,2025,4,543.024,6.73,8248.48,3076.11,5411.33,2544,452
Cebgo,CEB-CYP,2025,4,1327.392,100.0,10000.0,3076.11,5402.23,2544,35
Cebgo,CEB-DGT,2025,4,1870.416,92.31,8580.27,3076.11,4952.78,2544,213
Cebgo,CEB-DPL,2025,4,1749.744,100.0,10000.0,3076.11,4065.55,2544,101
Cebgo,CEB-DRP,2025,4,2715.12,100.0,10000.0,3076.11,4704.78,2544,280
Cebgo,CEB-IAO,2025,4,5430.24,56.99,4954.1,3076.11,4916.74,2544,321
Cebgo,CEB-ILO,2025,4,3439.152,53.84,4816.14,3076.11,3963.21,2544,802
Cebgo,CEB-MBT,2025,4,784.368,100.0,10000.0,3076.11,10000.0,2544,43
Cebgo,CEB-MNL,2025,4,181.008,0.12,3501.96,3076.11,3758.62,2544,6882
Cebgo,CEB-MPH,2025,4,60.336,0.4,6421.48,3076.11,4268.25,2544,816
Cebgo,CEB-OZC,2025,4,422.352,36.31,5374.83,3076.11,4781.95,2544,96
Cebgo,CEB-PAG,2025,4,2292.768,100.0,10000.0,3076.11,6837.5,2544,98
Cebgo,CEB-SUG,2025,4,2051.424,97.37,9487.83,3076.11,9029.1,2544,36
Cebgo,CEB-TAC,2025,4,422.352,15.63,7362.59,3076.11,3689.87,2544,382
Cebgo,CEB-USU,2025,4,1810.08,31.52,5683.02,3076.11,5059.51,2544,216
Cebgo,CGM-CEB,2025,4,2594.448,100.0,10000.0,10000.0,2844.0,43,2765
Cebgo,CGY-CEB,2025,4,6636.96,60.51,5220.92,3504.47,2844.0,654,2765
Cebgo,CGY-DVO,2025,4,965.376,100.0,10000.0,3504.47,5204.98,654,1033
Cebgo,CRK-CEB,2025,4,543.024,4.6,6301.27,4637.15,2844.0,419,2765
Cebgo,CRK-ENI,2025,4,1689.408,100.0,10000.0,4637.15,10000.0,419,28
Cebgo,CRK-IAO,2025,4,1810.08,72.58,6019.71,4637.15,4916.74,419,321
Cebgo,CRK-MBT,2025,4,1810.08,100.0,10000.0,4637.15,10000.0,419,43
Cebgo,CRK-TAG,2025,4,1810.08,100.0,10000.0,4637.15,3823.68,419,420
Cebgo,CRK-USU,2025,4,1810.08,53.15,5019.84,4637.15,5059.51,419,216
Cebgo,CYP-CEB,2025,4,1327.392,100.0,10000.0,5402.23,2844.0,35,2765
Cebgo,DGT-CEB,2025,4,1930.752,100.0,10000.0,4521.11,2844.0,184,2765
Cebgo,DPL-CEB,2025,4,2292.768,100.0,10000.0,3878.73,2844.0,109,2765
Cebgo,DRP-CEB,2025,4,2715.12,100.0,10000.0,4723.6,2844.0,280,2765
Cebgo,DVO-CGY,2025,4,965.376,100.0,10000.0,5064.61,3382.73,1030,599
Cebgo,DVO-IAO,2025,4,1810.08,100.0,10000.0,5064.61,4916.74,1030,321
Cebgo,ENI-CRK,2025,4,1689.408,100.0,10000.0,10000.0,5411.33,28,452
Cebgo,IAO-CEB,2025,4,8024.688,66.5,5484.55,4661.14,2844.0,354,2765
Cebgo,IAO-CRK,2025,4,1810.08,51.87,3888.62,4661.14,5411.33,354,452
Cebgo,IAO-DVO,2025,4,1810.08,100.0,10000.0,4661.14,5204.98,354,1033
Cebgo,ILO-CEB,2025,4,3378.816,38.37,3373.57,3952.16,2844.0,799,2765
Cebgo,MBT-CEB,2025,4,663.696,100.0,10000.0,10000.0,2844.0,39,2765
Cebgo,MBT-CRK,2025,4,1689.408,100.0,10000.0,10000.0,5411.33,39,452
Cebgo,MNL-CEB,2025,4,2353.104,1.58,3311.21,3803.46,2844.0,6296,2765
Cebgo,MNL-MPH,2025,4,1810.08,2.14,3593.13,3803.46,4268.25,6296,816
Cebgo,MNL-USU,2025,4,1749.744,50.61,4847.82,3803.46,5059.51,6296,216
Cebgo,MNL-WNP,2025,4,3258.144,100.0,10000.0,3803.46,10000.0,6296,54
Cebgo,MPH-CEB,2025,4,1568.736,9.78,5401.51,3518.34,2844.0,1002,2765
Cebgo,MPH-MNL,2025,4,1810.08,1.64,3306.94,3518.34,3758.62,1002,6882
Cebgo,OZC-CEB,2025,4,1870.416,70.01,5675.46,4038.62,2844.0,121,2765
Cebgo,PAG-CEB,2025,4,2292.768,100.0,10000.0,6837.5,2844.0,98,2765
Cebgo,SUG-CEB,2025,4,1991.088,100.0,10000.0,9474.07,2844.0,34,2765
Cebgo,SWL-CEB,2025,4,784.368,100.0,10000.0,10000.0,2844.0,13,2765
Cebgo,TAC-CEB,2025,4,2292.768,52.78,5015.46,3306.61,2844.0,511,2765
Cebgo,TAG-CRK,2025,4,1810.08,100.0,10000.0,3757.57,5411.33,480,452
Cebgo,USU-CEB,2025,4,3439.152,46.26,4859.11,5176.51,2844.0,327,2765
Cebgo,USU-CRK,2025,4,1749.744,50.61,4847.82,5176.51,5411.33,327,452
Cebgo,USU-MNL,2025,4,6697.296,79.63,6727.58,5176.51,3758.62,327,6882
Cebgo,WNP-MNL,2025,4,3439.152,100.0,10000.0,10000.0,3758.62,57,6882
Cebu Pacific,BCD-CEB,2025,4,935.208,11.54,4080.37,3377.89,2844.0,620,2765
Cebu Pacific,BCD-DVO,2025,4,2026.284,100.0,10000.0,3377.89,5204.98,620,1033
Cebu Pacific,BCD-MNL,2025,4,35360.248,44.66,3623.77,3377.89,3758.62,620,6882
Cebu Pacific,BXU-MNL,2025,4,26353.424,74.46,6196.58,5076.17,3758.62,283,6882
Cebu Pacific,CEB-BCD,2025,4,935.208,11.46,4079.57,3076.11,3210.42,2544,578
Cebu Pacific,CEB-CRK,2025,4,7309.036,90.53,8248.48,3076.11,5411.33,2544,452
Cebu Pacific,CEB-DGT,2025,4,155.868,7.69,8580.27,3076.11,4952.78,2544,213
Cebu Pacific,CEB-DVO,2025,4,21938.84,80.54,6865.38,3076.11,5204.98,2544,1033
Cebu Pacific,CEB-GES,2025,4,4676.04,80.4,6848.32,3076.11,5291.01,2544,243
Cebu Pacific,CEB-ILO,2025,4,155.868,2.44,4816.14,3076.11,3963.21,2544,802
Cebu Pacific,CEB-MNL,2025,4,57417.246,37.98,3501.96,3076.11,3758.62,2544,6882
Cebu Pacific,CEB-MPH,2025,4,11534.232,76.83,6421.48,3076.11,4268.25,2544,816
Cebu Pacific,CEB-PPS,2025,4,7587.252,77.8,6545.68,3076.11,4255.77,2544,581
Cebu Pacific,CGY-ILO,2025,4,3273.228,100.0,10000.0,3504.47,3963.21,654,802
Cebu Pacific,CGY-MNL,2025,4,36984.292,50.58,4063.68,3504.47,3758.62,654,6882
Cebu Pacific,CRK-CEB,2025,4,9097.328,77.11,6301.27,4637.15,2844.0,419,2765
Cebu Pacific,CRK-DVO,2025,4,3596.696,100.0,10000.0,4637.15,5204.98,419,1033
Cebu Pacific,CRK-MPH,2025,4,11378.364,100.0,10000.0,4637.15,4268.25,419,816
Cebu Pacific,CRK-PPS,2025,4,2026.284,100.0,10000.0,4637.15,4255.77,419,581
Cebu Pacific,CYZ-MNL,2025,4,9352.08,68.18,5661.02,5661.16,3758.62,88,6882
Cebu Pacific,DGT-MNL,2025,4,14339.856,60.53,5221.76,4521.11,3758.62,184,6882
Cebu Pacific,DMK-ILO,2025,4,2026.284,100.0,10000.0,10000.0,3963.21,13,802
Cebu Pacific,DPL-MNL,2025,4,6702.324,60.56,5223.03,3878.73,3758.62,109,6882
Cebu Pacific,DRP-ILO,2025,4,2026.284,100.0,10000.0,4723.6,3963.21,280,802
Cebu Pacific,DRP-MNL,2025,4,22381.304,61.47,5263.12,4723.6,3758.62,280,6882
Cebu Pacific,DVO-BCD,2025,4,2026.284,100.0,10000.0,5064.61,3210.42,1030,578
Cebu Pacific,DVO-CEB,2025,4,21746.1,80.24,6828.92,5064.61,2844.0,1030,2765
Cebu Pacific,DVO-CRK,2025,4,3596.696,100.0,10000.0,5064.61,5411.33,1030,452
Cebu Pacific,DVO-DGT,2025,4,192.74,100.0,10000.0,5064.61,4952.78,1030,213
Cebu Pacific,DVO-ILO,2025,4,4208.436,100.0,10000.0,5064.61,3963.21,1030,802
Cebu Pacific,DVO-MNL,2025,4,57152.438,49.44,5000.63,5064.61,3758.62,1030,6882
Cebu Pacific,DVO-MPH,2025,4,3117.36,100.0,10000.0,5064.61,4268.25,1030,816
Cebu Pacific,DVO-PPS,2025,4,4208.436,100.0,10000.0,5064.61,4255.77,1030,581
Cebu Pacific,DVO-TAG,2025,4,5118.504,75.59,6309.7,5064.61,3823.68,1030,420
Cebu Pacific,GES-CEB,2025,4,4676.04,80.4,6848.32,5242.44,2844.0,247,2765
Cebu Pacific,GES-ILO,2025,4,4593.916,100.0,10000.0,5242.44,3963.21,247,802
Cebu Pacific,GES-MNL,2025,4,19787.694,53.17,5020.1,5242.44,3758.62,247,6882
Cebu Pacific,HKG-DVO,2025,4,2686.628,100.0,10000.0,10000.0,5204.98,17,1033
Cebu Pacific,ILO-CEB,2025,4,2805.624,31.86,3373.57,3952.16,2844.0,799,2765
Cebu Pacific,ILO-CGY,2025,4,3273.228,100.0,10000.0,3952.16,3382.73,799,599
Cebu Pacific,ILO-CRK,2025,4,4925.764,100.0,10000.0,3952.16,5411.33,799,452
Cebu Pacific,ILO-DRP,2025,4,2026.284,100.0,10000.0,3952.16,4704.78,799,280
Cebu Pacific,ILO-DVO,2025,4,4208.436,100.0,10000.0,3952.16,5204.98,799,1033
Cebu Pacific,ILO-GES,2025,4,4593.916,100.0,10000.0,3952.16,5291.01,799,243
Cebu Pacific,ILO-MNL,2025,4,33219.996,41.04,3422.52,3952.16,3758.62,799,6882
Cebu Pacific,ILO-PPS,2025,4,4208.436,100.0,10000.0,3952.16,4255.77,799,581
Cebu Pacific,ILO-TAC,2025,4,2493.888,100.0,10000.0,3952.16,3689.87,799,382
Cebu Pacific,ILO-TAG,2025,4,2493.888,100.0,10000.0,3952.16,3823.68,799,420
Cebu Pacific,ILO-ZAM,2025,4,2493.888,100.0,10000.0,3952.16,6437.72,799,69
Cebu Pacific,KLO-MNL,2025,4,4676.04,32.26,5629.42,5629.55,3758.62,93,6882
Cebu Pacific,LAO-MNL,2025,4,4676.04,34.09,5506.26,5506.2,3758.62,88,6882
Cebu Pacific,MNL-BCD,2025,4,30684.208,42.28,3472.49,3803.46,3210.42,6296,578
Cebu Pacific,MNL-BXU,2025,4,26160.684,73.67,6120.54,3803.46,5327.14,6296,262
Cebu Pacific,MNL-CEB,2025,4,51482.53,34.54,3311.21,3803.46,2844.0,6296,2765
Cebu Pacific,MNL-CGY,2025,4,32103.78,50.72,3991.2,3803.46,3382.73,6296,599
Cebu Pacific,MNL-CYZ,2025,4,9352.08,65.93,5507.53,3803.46,5507.79,6296,91
Cebu Pacific,MNL-DGT,2025,4,18704.16,66.67,5555.78,3803.46,4952.78,6296,213
Cebu Pacific,MNL-DPL,2025,4,6702.324,59.72,5188.96,3803.46,4065.55,6296,101
Cebu Pacific,MNL-DRP,2025,4,22225.436,61.04,5243.76,3803.46,4704.78,6296,280
Cebu Pacific,MNL-DVO,2025,4,54408.826,50.42,5000.35,3803.46,5204.98,6296,1033
Cebu Pacific,MNL-GES,2025,4,19787.694,54.35,5037.84,3803.46,5291.01,6296,243
Cebu Pacific,MNL-ILO,2025,4,36660.824,43.78,3496.54,3803.46,3963.21,6296,802
Cebu Pacific,MNL-KLO,2025,4,4676.04,25.21,6229.09,3803.46,6229.08,6296,119
Cebu Pacific,MNL-LAO,2025,4,4676.04,32.97,5580.04,3803.46,5580.24,6296,91
Cebu Pacific,MNL-MNL,2025,4,311.736,45.26,3592.28,3803.46,3758.62,6296,6882
Cebu Pacific,MNL-MPH,2025,4,41149.152,48.56,3593.13,3803.46,4268.25,6296,816
Cebu Pacific,MNL-Not available,2025,4,192.74,100.0,10000.0,3803.46,10000.0,6296,1
Cebu Pacific,MNL-OZC,2025,4,7169.928,60.53,5221.76,3803.46,4781.95,6296,96
Cebu Pacific,MNL-PAG,2025,4,9352.08,100.0,10000.0,3803.46,6837.5,6296,98
Cebu Pacific,MNL-PPS,2025,4,36401.044,49.5,3725.78,3803.46,4255.77,6296,581
Cebu Pacific,MNL-RXS,2025,4,9352.08,58.25,4400.88,3803.46,4400.98,6296,103
Cebu Pacific,MNL-SJI,2025,4,4676.04,100.0,10000.0,3803.46,10000.0,6296,30
Cebu Pacific,MNL-TAC,2025,4,21509.784,42.47,3670.53,3803.46,3689.87,6296,382
Cebu Pacific,MNL-TAG,2025,4,25557.324,47.11,3787.49,3803.46,3823.68,6296,420
Cebu Pacific,MNL-TUG,2025,4,13716.384,76.52,6406.62,3803.46,6406.81,6296,115
Cebu Pacific,MNL-VRC,2025,4,4676.04,100.0,10000.0,3803.46,10000.0,6296,30
Cebu Pacific,MPH-CEB,2025,4,11222.496,69.97,5401.51,3518.34,2844.0,1002,2765
Cebu Pacific,MPH-CRK,2025,4,11378.364,98.09,9625.3,3518.34,5411.33,1002,452
Cebu Pacific,MPH-DVO,2025,4,3117.36,100.0,10000.0,3518.34,5204.98,1002,1033
Cebu Pacific,MPH-MNL,2025,4,40993.284,37.24,3306.94,3518.34,3758.62,1002,6882
Cebu Pacific,NRT-CRK,2025,4,4868.78,100.0,10000.0,10000.0,5411.33,31,452
Cebu Pacific,OZC-CEB,2025,4,60.336,2.26,5675.46,4038.62,2844.0,121,2765
Cebu Pacific,OZC-MNL,2025,4,7169.928,60.53,5221.76,4038.62,3758.62,121,6882
Cebu Pacific,PAG-MNL,2025,4,9352.08,100.0,10000.0,6837.5,3758.62,98,6882
Cebu Pacific,PPS-CEB,2025,4,7587.252,88.09,7901.7,4473.99,2844.0,542,2765
Cebu Pacific,PPS-CRK,2025,4,2026.284,100.0,10000.0,4473.99,5411.33,542,452
Cebu Pacific,PPS-DVO,2025,4,4208.436,100.0,10000.0,4473.99,5204.98,542,1033
Cebu Pacific,PPS-ILO,2025,4,4208.436,100.0,10000.0,4473.99,3963.21,542,802
Cebu Pacific,PPS-MNL,2025,4,35666.956,50.04,3914.72,4473.99,3758.62,542,6882
Cebu Pacific,RXS-MNL,2025,4,9196.212,58.42,4402.8,4402.51,3758.62,101,6882
Cebu Pacific,SIN-ILO,2025,4,2026.284,100.0,10000.0,10000.0,3963.21,13,802
Cebu Pacific,SJI-MNL,2025,4,4676.04,100.0,10000.0,10000.0,3758.62,30,6882
Cebu Pacific,TAC-DVO,2025,4,2026.284,100.0,10000.0,3306.61,5204.98,511,1033
Cebu Pacific,TAC-ILO,2025,4,2493.888,100.0,10000.0,3306.61,3963.21,511,802
Cebu Pacific,TAC-MNL,2025,4,26029.956,40.35,3492.34,3306.61,3758.62,511,6882
Cebu Pacific,TAG-DVO,2025,4,5118.504,74.96,6246.0,3757.57,5204.98,480,1033
Cebu Pacific,TAG-ILO,2025,4,2493.888,100.0,10000.0,3757.57,3963.21,480,802
Cebu Pacific,TAG-MNL,2025,4,31265.78,48.49,3709.84,3757.57,3758.62,480,6882
Cebu Pacific,TUG-MNL,2025,4,22289.124,84.12,7328.35,7328.03,3758.62,170,6882
Cebu Pacific,USU-CEB,2025,4,120.672,1.62,4859.11,5176.51,2844.0,327,2765
Cebu Pacific,USU-MNL,2025,4,60.336,0.72,6727.58,5176.51,3758.62,327,6882
Cebu Pacific,ZAM-DVO,2025,4,2981.604,100.0,10000.0,5172.55,5204.98,271,1033
Cebu Pacific,ZAM-ILO,2025,4,2493.888,100.0,10000.0,5172.55,3963.21,271,802
Cebu Pacific,ZAM-MNL,2025,4,19857.248,58.6,5147.92,5172.55,3758.62,271,6882
Philippine Airlines,BCD-CEB,2025,4,3065.916,40.07,4080.37,3377.89,2844.0,620,2765
Philippine Airlines,BCD-MNL,2025,4,25916.324,34.67,3623.77,3377.89,3758.62,620,6882
Philippine Airlines,BPA-CEB,2025,4,699.244,100.0,10000.0,10000.0,2844.0,13,2765
Philippine Airlines,BSO-CRK,2025,4,753.032,100.0,10000.0,10000.0,5411.33,14,452
Philippine Airlines,BXU-CEB,2025,4,1613.64,35.71,5408.41,5076.17,2844.0,283,2765
Philippine Airlines,BXU-MNL,2025,4,8533.308,25.54,6196.58,5076.17,3758.62,283,6882
Philippine Airlines,CBO-CEB,2025,4,430.304,100.0,10000.0,10000.0,2844.0,62,2765
Philippine Airlines,CBO-MNL,2025,4,6767.796,100.0,10000.0,10000.0,3758.62,62,6882
Philippine Airlines,CBO-TWT,2025,4,430.304,100.0,10000.0,10000.0,10000.0,62,19
Philippine Airlines,CEB-BCD,2025,4,3119.704,40.49,4079.57,3076.11,3210.42,2544,578
Philippine Airlines,CEB-BPA,2025,4,699.244,100.0,10000.0,3076.11,10000.0,2544,13
Philippine Airlines,CEB-BXU,2025,4,1760.766,52.48,5012.3,3076.11,5327.14,2544,262
Philippine Airlines,CEB-CBO,2025,4,430.304,100.0,10000.0,3076.11,10000.0,2544,63
Philippine Airlines,CEB-CGY,2025,4,4249.252,40.2,5192.08,3076.11,3382.73,2544,599
Philippine Airlines,CEB-CRM,2025,4,699.244,100.0,10000.0,3076.11,10000.0,2544,29
Philippine Airlines,CEB-DVO,2025,4,5002.284,19.46,6865.38,3076.11,5204.98,2544,1033
Philippine Airlines,CEB-GES,2025,4,1075.76,19.6,6848.32,3076.11,5291.01,2544,243
Philippine Airlines,CEB-IAO,2025,4,3711.372,41.27,4954.1,3076.11,4916.74,2544,321
Philippine Airlines,CEB-ILO,2025,4,2635.612,43.72,4816.14,3076.11,3963.21,2544,802
Philippine Airlines,CEB-MNL,2025,4,57886.962,40.57,3501.96,3076.11,3758.62,2544,6882
Philippine Airlines,CEB-MPH,2025,4,3227.28,22.77,6421.48,3076.11,4268.25,2544,816
Philippine Airlines,CEB-OZC,2025,4,699.244,63.69,5374.83,3076.11,4781.95,2544,96
Philippine Airlines,CEB-PPS,2025,4,2043.944,22.2,6545.68,3076.11,4255.77,2544,581
Philippine Airlines,CEB-TAC,2025,4,2151.52,84.37,7362.59,3076.11,3689.87,2544,382
Philippine Airlines,CEB-USU,2025,4,3711.372,68.48,5683.02,3076.11,5059.51,2544,216
Philippine Airlines,CGY-CEB,2025,4,4087.888,39.49,5220.92,3504.47,2844.0,654,2765
Philippine Airlines,CGY-MNL,2025,4,25277.196,36.63,4063.68,3504.47,3758.62,654,6882
Philippine Airlines,CRK-BSO,2025,4,860.608,100.0,10000.0,4637.15,10000.0,419,46
Philippine Airlines,CRK-IAO,2025,4,645.456,27.42,6019.71,4637.15,4916.74,419,321
Philippine Airlines,CRK-USU,2025,4,1506.064,46.85,5019.84,4637.15,5059.51,419,216
Philippine Airlines,CRM-CEB,2025,4,699.244,100.0,10000.0,10000.0,2844.0,29,2765
Philippine Airlines,CRM-MNL,2025,4,860.608,100.0,10000.0,10000.0,3758.62,29,6882
Philippine Airlines,CYP-MNL,2025,4,699.244,100.0,10000.0,5402.23,3758.62,35,6882
Philippine Airlines,CYZ-MNL,2025,4,4119.528,31.82,5661.02,5661.16,3758.62,88,6882
Philippine Airlines,DGT-MNL,2025,4,8827.56,39.47,5221.76,4521.11,3758.62,184,6882
Philippine Airlines,DPL-MNL,2025,4,4119.528,39.44,5223.03,3878.73,3758.62,109,6882
Philippine Airlines,DRP-MNL,2025,4,13241.34,38.53,5263.12,4723.6,3758.62,280,6882
Philippine Airlines,DVO-CEB,2025,4,5056.072,19.76,6828.92,5064.61,2844.0,1030,2765
Philippine Airlines,DVO-MNL,2025,4,55164.34,50.56,5000.63,5064.61,3758.62,1030,6882
Philippine Airlines,DVO-TAG,2025,4,1559.852,24.41,6309.7,5064.61,3823.68,1030,420
Philippine Airlines,EUQ-MNL,2025,4,645.456,100.0,10000.0,10000.0,3758.62,12,6882
Philippine Airlines,GES-CEB,2025,4,1075.76,19.6,6848.32,5242.44,2844.0,247,2765
Philippine Airlines,GES-MNL,2025,4,16452.8,46.83,5020.1,5242.44,3758.62,247,6882
Philippine Airlines,IAO-CEB,2025,4,3711.372,32.58,5484.55,4661.14,2844.0,354,2765
Philippine Airlines,IAO-CRK,2025,4,645.456,19.6,3888.62,4661.14,5411.33,354,452
Philippine Airlines,IAO-MNL,2025,4,3227.28,100.0,10000.0,4661.14,3758.62,354,6882
Philippine Airlines,ILO-CEB,2025,4,2474.248,29.77,3373.57,3952.16,2844.0,799,2765
Philippine Airlines,ILO-MNL,2025,4,22361.57,29.26,3422.52,3952.16,3758.62,799,6882
Philippine Airlines,LAO-MNL,2025,4,8533.308,65.91,5506.26,5506.2,3758.62,88,6882
Philippine Airlines,MNL-BCD,2025,4,21890.134,31.95,3472.49,3803.46,3210.42,6296,578
Philippine Airlines,MNL-BSO,2025,4,1613.64,100.0,10000.0,3803.46,10000.0,6296,46
Philippine Airlines,MNL-BXU,2025,4,8827.56,26.33,6120.54,3803.46,5327.14,6296,262
Philippine Airlines,MNL-CBO,2025,4,6914.922,100.0,10000.0,3803.46,10000.0,6296,63
Philippine Airlines,MNL-CEB,2025,4,55327.286,39.33,3311.21,3803.46,2844.0,6296,2765
Philippine Airlines,MNL-CGY,2025,4,20759.004,34.75,3991.2,3803.46,3382.73,6296,599
Philippine Airlines,MNL-CRM,2025,4,860.608,100.0,10000.0,3803.46,10000.0,6296,29
Philippine Airlines,MNL-CYP,2025,4,699.244,100.0,10000.0,3803.46,5402.23,6296,35
Philippine Airlines,MNL-CYZ,2025,4,4560.906,34.07,5507.53,3803.46,5507.79,6296,91
Philippine Airlines,MNL-DGT,2025,4,8827.56,33.33,5555.78,3803.46,4952.78,6296,213
Philippine Airlines,MNL-DPL,2025,4,4266.654,40.28,5188.96,3803.46,4065.55,6296,101
Philippine Airlines,MNL-DRP,2025,4,13388.466,38.96,5243.76,3803.46,4704.78,6296,280
Philippine Airlines,MNL-DVO,2025,4,50506.932,49.58,5000.35,3803.46,5204.98,6296,1033
Philippine Airlines,MNL-EUQ,2025,4,645.456,100.0,10000.0,3803.46,10000.0,6296,12
Philippine Airlines,MNL-GES,2025,4,15690.276,45.65,5037.84,3803.46,5291.01,6296,243
Philippine Airlines,MNL-IAO,2025,4,4679.556,100.0,10000.0,3803.46,4916.74,6296,321
Philippine Airlines,MNL-ILO,2025,4,22361.57,28.29,3496.54,3803.46,3963.21,6296,802
Philippine Airlines,MNL-LAO,2025,4,8974.686,67.03,5580.04,3803.46,5580.24,6296,91
Philippine Airlines,MNL-MNL,2025,4,147.126,22.63,3592.28,3803.46,3758.62,6296,6882
Philippine Airlines,MNL-MPH,2025,4,21920.192,27.41,3593.13,3803.46,4268.25,6296,816
Philippine Airlines,MNL-OZC,2025,4,4413.78,39.47,5221.76,3803.46,4781.95,6296,96
Philippine Airlines,MNL-PPS,2025,4,17840.214,25.7,3725.78,3803.46,4255.77,6296,581
Philippine Airlines,MNL-RXS,2025,4,4413.78,29.13,4400.88,3803.46,4400.98,6296,103
Philippine Airlines,MNL-TAC,2025,4,18672.346,39.06,3670.53,3803.46,3689.87,6296,382
Philippine Airlines,MNL-TAG,2025,4,18253.116,35.65,3787.49,3803.46,3823.68,6296,420
Philippine Airlines,MNL-TUG,2025,4,3972.402,23.48,6406.62,3803.46,6406.81,6296,115
Philippine Airlines,MNL-USU,2025,4,1559.852,47.79,4847.82,3803.46,5059.51,6296,216
Philippine Airlines,MNL-ZAM,2025,4,6326.418,100.0,10000.0,3803.46,6437.72,6296,69
Philippine Airlines,MPH-CEB,2025,4,3065.916,20.25,5401.51,3518.34,2844.0,1002,2765
Philippine Airlines,MPH-MNL,2025,4,26574.436,25.58,3306.94,3518.34,3758.62,1002,6882
Philippine Airlines,OZC-CEB,2025,4,699.244,27.73,5675.46,4038.62,2844.0,121,2765
Philippine Airlines,OZC-MNL,2025,4,4413.78,39.47,5221.76,4038.62,3758.62,121,6882
Philippine Airlines,PPS-CEB,2025,4,968.184,11.91,7901.7,4473.99,2844.0,542,2765
Philippine Airlines,PPS-MNL,2025,4,22872.556,34.0,3914.72,4473.99,3758.62,542,6882
Philippine Airlines,RXS-MNL,2025,4,4266.654,28.71,4402.8,4402.51,3758.62,101,6882
Philippine Airlines,TAC-CEB,2025,4,1936.368,47.22,5015.46,3306.61,2844.0,511,2765
Philippine Airlines,TAC-MNL,2025,4,14188.958,23.3,3492.34,3306.61,3758.62,511,6882
Philippine Airlines,TAG-DVO,2025,4,1613.64,25.04,6246.0,3757.57,5204.98,480,1033
Philippine Airlines,TAG-MNL,2025,4,18105.99,29.75,3709.84,3757.57,3758.62,480,6882
Philippine Airlines,TUG-MNL,2025,4,3972.402,15.88,7328.35,7328.03,3758.62,170,6882
Philippine Airlines,TWT-CBO,2025,4,430.304,100.0,10000.0,10000.0,10000.0,18,63
Philippine Airlines,TWT-ZAM,2025,4,1471.26,100.0,10000.0,10000.0,6437.72,18,69
Philippine Airlines,USU-CEB,2025,4,3657.584,52.12,4859.11,5176.51,2844.0,327,2765
Philippine Airlines,USU-CRK,2025,4,1559.852,47.79,4847.82,5176.51,5411.33,327,452
Philippine Airlines,USU-MNL,2025,4,1559.852,19.65,6727.58,5176.51,3758.62,327,6882
Philippine Airlines,ZAM-CEB,2025,4,1559.852,100.0,10000.0,5172.55,2844.0,271,2765
Philippine Airlines,ZAM-MNL,2025,4,13241.34,41.4,5147.92,5172.55,3758.62,271,6882
Philippine Airlines,ZAM-TWT,2025,4,1618.386,100.0,10000.0,5172.55,10000.0,271,19
Sunlight Air,BSI-CEB,2025,4,56.1,100.0,10000.0,10000.0,2844.0,1,2765
Sunlight Air,CEB-CEB,2025,4,561.0,100.0,10000.0,3076.11,2844.0,2544,2765
Sunlight Air,CEB-CRK,2025,4,224.4,2.74,8248.48,3076.11,5411.33,2544,452
Sunlight Air,CEB-IAO,2025,4,168.3,1.74,4954.1,3076.11,4916.74,2544,321
Sunlight Air,CEB-MNL,2025,4,1570.8,1.02,3501.96,3076.11,3758.62,2544,6882
Sunlight Air,CEB-SUG,2025,4,56.1,2.63,9487.83,3076.11,9029.1,2544,36
Sunlight Air,CRK-CEB,2025,4,2187.9,18.28,6301.27,4637.15,2844.0,419,2765
Sunlight Air,CRK-CRK,2025,4,280.5,100.0,10000.0,4637.15,5411.33,419,452
Sunlight Air,IAO-CEB,2025,4,112.2,0.92,5484.55,4661.14,2844.0,354,2765
Sunlight Air,IAO-CRK,2025,4,1009.8,28.53,3888.62,4661.14,5411.33,354,452
Sunlight Air,MNL-CEB,2025,4,1065.9,0.71,3311.21,3803.46,2844.0,6296,2765
Sunlight Air,MNL-MNL,2025,4,224.4,32.12,3592.28,3803.46,3758.62,6296,6882
Sunlight Air,MNL-USU,2025,4,56.1,1.6,4847.82,3803.46,5059.51,6296,216
Sunlight Air,MPH-CRK,2025,4,224.4,1.91,9625.3,3518.34,5411.33,1002,452
Sunlight Air,SUG-SUG,2025,4,56.1,100.0,10000.0,9474.07,9029.1,34,36
Sunlight Air,USU-CRK,2025,4,56.1,1.6,4847.82,5176.51,5411.33,327,452
AirAsia,BCD-MNL,2025,5,20841.3,24.44,3501.37,3290.41,3752.0,633,7182
AirAsia,CEB-MNL,2025,5,31184.76,20.34,3512.26,3110.19,3752.0,2533,7182
AirAsia,CGY-MNL,2025,5,9571.56,12.92,4034.77,3549.77,3752.0,668,7182
AirAsia,ILO-MNL,2025,5,24333.94,30.2,3399.67,3856.97,3752.0,779,7182
AirAsia,KLO-MNL,2025,5,14202.96,74.8,6230.08,6229.76,3752.0,123,7182
AirAsia,MNL-BCD,2025,5,15438.0,21.82,3603.99,3853.81,3351.25,6498,542
AirAsia,MNL-CEB,2025,5,32728.56,22.07,3346.24,3853.81,2900.83,6498,2732
AirAsia,MNL-CGY,2025,5,9417.18,14.38,4002.05,3853.81,3472.67,6498,613
AirAsia,MNL-ILO,2025,5,23311.38,27.58,3491.91,3853.81,3965.8,6498,801
AirAsia,MNL-KLO,2025,5,14511.72,75.2,6270.08,3853.81,6270.08,6498,125
AirAsia,MNL-MPH,2025,5,18988.74,21.69,3590.53,3853.81,4208.96,6498,845
AirAsia,MNL-PPS,2025,5,18834.36,25.64,3640.1,3853.81,4059.53,6498,589
AirAsia,MNL-RXS,2025,5,2161.32,13.08,4367.39,3853.81,4368.07,6498,107
AirAsia,MNL-TAC,2025,5,9725.94,17.82,3706.63,3853.81,3724.5,6498,397
AirAsia,MNL-TAG,2025,5,9725.94,17.1,3821.52,3853.81,3786.11,6498,429
AirAsia,MPH-MNL,2025,5,40138.8,35.51,3312.05,3499.1,3752.0,1038,7182
AirAsia,PPS-MNL,2025,5,11732.88,16.66,3862.83,4366.31,3752.0,545,7182
AirAsia,RXS-MNL,2025,5,2161.32,13.21,4342.07,4341.4,3752.0,106,7182
AirAsia,TAC-MNL,2025,5,24038.46,35.03,3504.08,3425.38,3752.0,517,7182
AirAsia,TAG-MNL,2025,5,14357.34,21.45,3750.36,3723.59,3752.0,491,7182
Cebgo,BCD-CEB,2025,5,3483.648,54.25,5036.12,3290.41,2900.83,633,2732
Cebgo,BXU-CEB,2025,5,3172.608,65.06,5453.61,5130.92,2900.83,289,2732
Cebgo,CEB-BCD,2025,5,3483.648,53.76,5028.28,3110.19,3351.25,2533,542
Cebgo,CEB-BXU,2025,5,1866.24,49.25,5001.12,3110.19,5351.12,2533,272
Cebgo,CEB-CEB,2025,5,62.208,100.0,10000.0,3110.19,2900.83,2533,2732
Cebgo,CEB-CGM,2025,5,2612.736,100.0,10000.0,3110.19,10000.0,2533,42
Cebgo,CEB-CGY,2025,5,5971.968,52.26,5010.22,3110.19,3472.67,2533,613
Cebgo,CEB-CRK,2025,5,559.872,6.53,7414.86,3110.19,4942.19,2533,482
Cebgo,CEB-CYP,2025,5,1679.616,100.0,10000.0,3110.19,5586.67,2533,41
Cebgo,CEB-DGT,2025,5,2052.864,100.0,10000.0,3110.19,5262.18,2533,246
Cebgo,CEB-DPL,2025,5,1866.24,92.07,8539.77,3110.19,4008.26,2533,107
Cebgo,CEB-DRP,2025,5,2550.528,100.0,10000.0,3110.19,4754.16,2533,313
Cebgo,CEB-IAO,2025,5,5785.344,57.11,5006.73,3110.19,4875.07,2533,354
Cebgo,CEB-ILO,2025,5,2674.944,41.67,4859.63,3110.19,3965.8,2533,801
Cebgo,CEB-MBT,2025,5,808.704,100.0,10000.0,3110.19,10000.0,2533,44
Cebgo,CEB-OZC,2025,5,311.04,30.61,5751.94,3110.19,4907.67,2533,97
Cebgo,CEB-PAG,2025,5,2052.864,100.0,10000.0,3110.19,7196.75,2533,96
Cebgo,CEB-SUG,2025,5,2177.28,84.51,7264.35,3110.19,7263.91,2533,42
Cebgo,CEB-TAC,2025,5,373.248,16.56,7236.47,3110.19,3724.5,2533,397
Cebgo,CEB-USU,2025,5,1928.448,34.98,5451.2,3110.19,5048.56,2533,213
Cebgo,CGM-CEB,2025,5,2488.32,100.0,10000.0,10000.0,2900.83,40,2732
Cebgo,CGY-CEB,2025,5,5971.968,51.47,5004.32,3549.77,2900.83,668,2732
Cebgo,CGY-DVO,2025,5,1119.744,100.0,10000.0,3549.77,5018.6,668,1043
Cebgo,CRK-CEB,2025,5,497.664,4.12,6040.31,4260.66,2900.83,469,2732
Cebgo,CRK-ENI,2025,5,1928.448,100.0,10000.0,4260.66,10000.0,469,31
Cebgo,CRK-IAO,2025,5,1928.448,49.96,4479.27,4260.66,4875.07,469,354
Cebgo,CRK-MBT,2025,5,1928.448,100.0,10000.0,4260.66,10000.0,469,44
Cebgo,CRK-TAG,2025,5,1804.032,100.0,10000.0,4260.66,3786.11,469,429
Cebgo,CRK-USU,2025,5,1866.24,53.15,5019.84,4260.66,5048.56,469,213
Cebgo,CYP-CEB,2025,5,1741.824,100.0,10000.0,5642.58,2900.83,42,2732
Cebgo,DGT-CEB,2025,5,2052.864,100.0,10000.0,4811.71,2900.83,212,2732
Cebgo,DPL-CEB,2025,5,2052.864,100.0,10000.0,3950.15,2900.83,109,2732
Cebgo,DPL-DPL,2025,5,62.208,100.0,10000.0,3950.15,4008.26,109,107
Cebgo,DRP-CEB,2025,5,2426.112,100.0,10000.0,4799.07,2900.83,306,2732
Cebgo,DVO-CGY,2025,5,1119.744,100.0,10000.0,4927.41,3472.67,1035,613
Cebgo,DVO-IAO,2025,5,1928.448,100.0,10000.0,4927.41,4875.07,1035,354
Cebgo,ENI-CRK,2025,5,1804.032,100.0,10000.0,10000.0,4942.19,29,482
Cebgo,IAO-CEB,2025,5,8149.248,65.27,5264.55,4538.58,2900.83,373,2732
Cebgo,IAO-CRK,2025,5,1866.24,40.57,3606.52,4538.58,4942.19,373,482
Cebgo,IAO-DVO,2025,5,1928.448,100.0,10000.0,4538.58,5018.6,373,1043
Cebgo,ILO-CEB,2025,5,2674.944,29.02,3384.87,3856.97,2900.83,779,2732
Cebgo,MBT-CEB,2025,5,808.704,100.0,10000.0,10000.0,2900.83,42,2732
Cebgo,MBT-CRK,2025,5,1804.032,100.0,10000.0,10000.0,4942.19,42,482
Cebgo,MNL-CEB,2025,5,2612.736,1.69,3346.24,3853.81,2900.83,6498,2732
Cebgo,MNL-MPH,2025,5,1866.24,2.05,3590.53,3853.81,4208.96,6498,845
Cebgo,MNL-USU,2025,5,1990.656,52.22,5009.86,3853.81,5048.56,6498,213
Cebgo,MNL-WNP,2025,5,3048.192,100.0,10000.0,3853.81,10000.0,6498,49
Cebgo,MPH-CEB,2025,5,1617.408,8.6,4925.12,3499.1,2900.83,1038,2732
Cebgo,MPH-MNL,2025,5,1804.032,1.53,3312.05,3499.1,3752.0,1038,7182
Cebgo,OZC-CEB,2025,5,1804.032,71.8,5822.91,4156.66,2900.83,120,2732
Cebgo,PAG-CEB,2025,5,1990.656,100.0,10000.0,7193.99,2900.83,93,2732
Cebgo,PPS-CRK,2025,5,62.208,2.69,9476.47,4366.31,4942.19,545,482
Cebgo,SUG-CEB,2025,5,2177.28,100.0,10000.0,10000.0,2900.83,35,2732
Cebgo,SWL-CEB,2025,5,1057.536,100.0,10000.0,10000.0,2900.83,17,2732
Cebgo,TAC-CEB,2025,5,1368.576,42.9,5100.82,3425.38,2900.83,517,2732
Cebgo,TAG-CRK,2025,5,1804.032,100.0,10000.0,3723.59,4942.19,491,482
Cebgo,USU-CEB,2025,5,4230.144,53.33,5022.18,5470.67,2900.83,342,2732
Cebgo,USU-CRK,2025,5,1866.24,50.61,5000.74,5470.67,4942.19,342,482
Cebgo,USU-MNL,2025,5,7527.168,81.54,6989.54,5470.67,3752.0,342,7182
Cebgo,WNP-MNL,2025,5,3172.608,100.0,10000.0,10000.0,3752.0,51,7182
Cebu Pacific,BCD-DVO,2025,5,2089.152,100.0,10000.0,3290.41,5018.6,633,1043
Cebu Pacific,BCD-MNL,2025,5,37945.152,42.75,3501.37,3290.41,3752.0,633,7182
Cebu Pacific,BXU-MNL,2025,5,28650.24,74.51,6201.48,5130.92,3752.0,289,7182
Cebu Pacific,CEB-CRK,2025,5,7328.448,85.49,7414.86,3110.19,4942.19,2533,482
Cebu Pacific,CEB-DVO,2025,5,17447.616,64.59,5425.74,3110.19,5018.6,2533,1043
Cebu Pacific,CEB-GES,2025,5,5256.576,74.89,6239.02,3110.19,5508.65,2533,263
Cebu Pacific,CEB-ILO,2025,5,160.704,2.5,4859.63,3110.19,3965.8,2533,801
Cebu Pacific,CEB-MNL,2025,5,59281.632,37.15,3512.26,3110.19,3752.0,2533,7182
Cebu Pacific,CEB-MPH,2025,5,12052.8,71.67,5939.18,3110.19,4208.96,2533,845
Cebu Pacific,CEB-PPS,2025,5,8173.44,63.71,5375.93,3110.19,4059.53,2533,589
Cebu Pacific,CEB-SJI,2025,5,57.024,33.33,5555.78,3110.19,9567.14,2533,34
Cebu Pacific,CEB-SUG,2025,5,171.072,6.64,7264.35,3110.19,7263.91,2533,42
Cebu Pacific,CGY-ILO,2025,5,3856.896,100.0,10000.0,3549.77,3965.8,668,801
Cebu Pacific,CGY-MNL,2025,5,38330.496,49.72,4034.77,3549.77,3752.0,668,7182
Cebu Pacific,CRK-CEB,2025,5,9021.888,74.65,6040.31,4260.66,2900.83,469,2732
Cebu Pacific,CRK-CRK,2025,5,57.024,49.25,5001.12,4260.66,4942.19,469,482
Cebu Pacific,CRK-DVO,2025,5,4304.448,100.0,10000.0,4260.66,5018.6,469,1043
Cebu Pacific,CRK-MPH,2025,5,12109.824,99.53,9906.44,4260.66,4208.96,469,845
Cebu Pacific,CRK-PPS,2025,5,2249.856,100.0,10000.0,4260.66,4059.53,469,589
Cebu Pacific,CYZ-MNL,2025,5,9963.648,67.86,5637.96,5637.91,3752.0,92,7182
Cebu Pacific,DGT-MNL,2025,5,18802.368,65.36,5471.86,4811.71,3752.0,212,7182
Cebu Pacific,DMK-ILO,2025,5,2249.856,100.0,10000.0,10000.0,3965.8,14,801
Cebu Pacific,DPL-MNL,2025,5,7070.976,58.67,5150.34,3950.15,3752.0,109,7182
Cebu Pacific,DRP-ILO,2025,5,2089.152,100.0,10000.0,4799.07,3965.8,306,801
Cebu Pacific,DRP-MNL,2025,5,26352.0,60.29,5211.77,4799.07,3752.0,306,7182
Cebu Pacific,DVO-BCD,2025,5,2089.152,100.0,10000.0,4927.41,3351.25,1035,542
Cebu Pacific,DVO-CEB,2025,5,17286.912,64.52,5421.66,4927.41,2900.83,1035,2732
Cebu Pacific,DVO-CRK,2025,5,4304.448,100.0,10000.0,4927.41,4942.19,1035,482
Cebu Pacific,DVO-DGT,2025,5,198.72,100.0,10000.0,4927.41,5262.18,1035,246
Cebu Pacific,DVO-ILO,2025,5,3856.896,100.0,10000.0,4927.41,3965.8,1035,801
Cebu Pacific,DVO-MNL,2025,5,58839.264,48.97,5002.12,4927.41,3752.0,1035,7182
Cebu Pacific,DVO-MPH,2025,5,3053.376,100.0,10000.0,4927.41,4208.96,1035,845
Cebu Pacific,DVO-PPS,2025,5,4017.6,100.0,10000.0,4927.41,4059.53,1035,589
Cebu Pacific,DVO-TAG,2025,5,3205.44,65.29,5467.57,4927.41,3786.11,1035,429
Cebu Pacific,GES-CEB,2025,5,5256.576,74.89,6239.02,5451.43,2900.83,267,2732
Cebu Pacific,GES-ILO,2025,5,4660.416,100.0,10000.0,5451.43,3965.8,267,801
Cebu Pacific,GES-MNL,2025,5,26981.856,59.87,5194.83,5451.43,3752.0,267,7182
Cebu Pacific,HKG-DVO,2025,5,2731.968,100.0,10000.0,10000.0,5018.6,17,1043
Cebu Pacific,ILO-CEB,2025,5,2960.064,32.11,3384.87,3856.97,2900.83,779,2732
Cebu Pacific,ILO-CGY,2025,5,4017.6,100.0,10000.0,3856.97,3472.67,779,613
Cebu Pacific,ILO-CRK,2025,5,2922.048,100.0,10000.0,3856.97,4942.19,779,482
Cebu Pacific,ILO-DRP,2025,5,2089.152,100.0,10000.0,3856.97,4754.16,779,313
Cebu Pacific,ILO-DVO,2025,5,3856.896,100.0,10000.0,3856.97,5018.6,779,1043
Cebu Pacific,ILO-GES,2025,5,4660.416,100.0,10000.0,3856.97,5508.65,779,263
Cebu Pacific,ILO-MNL,2025,5,33526.656,39.98,3399.67,3856.97,3752.0,779,7182
Cebu Pacific,ILO-PPS,2025,5,4017.6,100.0,10000.0,3856.97,4059.53,779,589
Cebu Pacific,ILO-TAC,2025,5,2410.56,100.0,10000.0,3856.97,3724.5,779,397
Cebu Pacific,ILO-TAG,2025,5,2410.56,100.0,10000.0,3856.97,3786.11,779,429
Cebu Pacific,ILO-ZAM,2025,5,2448.576,100.0,10000.0,3856.97,6484.9,779,68
Cebu Pacific,KLO-MNL,2025,5,4981.824,25.2,6230.08,6229.76,3752.0,123,7182
Cebu Pacific,LAO-MNL,2025,5,4981.824,34.44,5484.23,5483.95,3752.0,90,7182
Cebu Pacific,MNL-BCD,2025,5,33217.344,45.11,3603.99,3853.81,3351.25,6498,542
Cebu Pacific,MNL-BXU,2025,5,28650.24,73.89,6141.46,3853.81,5351.12,6498,272
Cebu Pacific,MNL-CEB,2025,5,53285.472,34.52,3346.24,3853.81,2900.83,6498,2732
Cebu Pacific,MNL-CGY,2025,5,34689.6,50.89,4002.05,3853.81,3472.67,6498,613
Cebu Pacific,MNL-CYZ,2025,5,10124.352,68.21,5663.21,3853.81,5663.01,6498,93
Cebu Pacific,MNL-DGT,2025,5,24105.6,70.75,5861.12,3853.81,5262.18,6498,246
Cebu Pacific,MNL-DPL,2025,5,7070.976,58.67,5150.34,3853.81,4008.26,6498,107
Cebu Pacific,MNL-DRP,2025,5,26512.704,59.56,5182.79,3853.81,4754.16,6498,313
Cebu Pacific,MNL-DVO,2025,5,54970.272,49.42,5000.67,3853.81,5018.6,6498,1043
Cebu Pacific,MNL-GES,2025,5,26981.856,60.95,5239.8,3853.81,5508.65,6498,263
Cebu Pacific,MNL-ILO,2025,5,38351.232,43.59,3491.91,3853.81,3965.8,6498,801
Cebu Pacific,MNL-KLO,2025,5,4981.824,24.8,6270.08,3853.81,6270.08,6498,125
Cebu Pacific,MNL-LAO,2025,5,4981.824,33.7,5531.38,3853.81,5531.66,6498,92
Cebu Pacific,MNL-MNL,2025,5,198.72,55.29,5055.97,3853.81,3752.0,6498,7182
Cebu Pacific,MNL-MPH,2025,5,44032.896,48.33,3590.53,3853.81,4208.96,6498,845
Cebu Pacific,MNL-OZC,2025,5,7874.496,61.25,5253.12,3853.81,4907.67,6498,97
Cebu Pacific,MNL-PAG,2025,5,10124.352,100.0,10000.0,3853.81,7196.75,6498,96
Cebu Pacific,MNL-PPS,2025,5,36414.144,47.62,3640.1,3853.81,4059.53,6498,589
Cebu Pacific,MNL-RXS,2025,5,9963.648,57.94,4367.39,3853.81,4368.07,6498,107
Cebu Pacific,MNL-SJI,2025,5,4981.824,100.0,10000.0,3853.81,9567.14,6498,34
Cebu Pacific,MNL-TAC,2025,5,24748.416,43.57,3706.63,3853.81,3724.5,6498,397
Cebu Pacific,MNL-TAG,2025,5,28562.112,48.24,3821.52,3853.81,3786.11,6498,429
Cebu Pacific,MNL-TUG,2025,5,14784.768,74.8,6230.08,3853.81,6229.76,6498,123
Cebu Pacific,MNL-VRC,2025,5,4981.824,100.0,10000.0,3853.81,10000.0,6498,31
Cebu Pacific,MPH-CEB,2025,5,12052.8,64.06,4925.12,3499.1,2900.83,1038,2732
Cebu Pacific,MPH-CRK,2025,5,12052.8,99.06,9813.77,3499.1,4942.19,1038,482
Cebu Pacific,MPH-DVO,2025,5,3053.376,100.0,10000.0,3499.1,5018.6,1038,1043
Cebu Pacific,MPH-MNL,2025,5,43872.192,37.28,3312.05,3499.1,3752.0,1038,7182
Cebu Pacific,NRT-CRK,2025,5,4859.136,100.0,10000.0,10000.0,4942.19,30,482
Cebu Pacific,OZC-CEB,2025,5,62.208,2.48,5822.91,4156.66,2900.83,120,2732
Cebu Pacific,OZC-MNL,2025,5,7874.496,62.03,5289.44,4156.66,3752.0,120,7182
Cebu Pacific,PAG-MNL,2025,5,9802.944,100.0,10000.0,7193.99,3752.0,93,7182
Cebu Pacific,PPS-CEB,2025,5,8173.44,78.27,6598.39,4366.31,2900.83,545,2732
Cebu Pacific,PPS-CRK,2025,5,2249.856,97.31,9476.47,4366.31,4942.19,545,482
Cebu Pacific,PPS-DVO,2025,5,4017.6,100.0,10000.0,4366.31,5018.6,545,1043
Cebu Pacific,PPS-ILO,2025,5,4017.6,100.0,10000.0,4366.31,3965.8,545,801
Cebu Pacific,PPS-MNL,2025,5,36054.72,49.17,3862.83,4366.31,3752.0,545,7182
Cebu Pacific,RXS-MNL,2025,5,9802.944,57.55,4342.07,4341.4,3752.0,106,7182
Cebu Pacific,SIN-ILO,2025,5,2249.856,100.0,10000.0,10000.0,3965.8,14,801
Cebu Pacific,SJI-MNL,2025,5,4981.824,100.0,10000.0,10000.0,3752.0,31,7182
Cebu Pacific,TAC-DVO,2025,5,2249.856,100.0,10000.0,3425.38,5018.6,517,1043
Cebu Pacific,TAC-ILO,2025,5,2410.56,100.0,10000.0,3425.38,3965.8,517,801
Cebu Pacific,TAC-MNL,2025,5,29730.24,41.62,3504.08,3425.38,3752.0,517,7182
Cebu Pacific,TAG-DVO,2025,5,3205.44,63.77,5379.23,3723.59,5018.6,491,1043
Cebu Pacific,TAG-ILO,2025,5,2410.56,100.0,10000.0,3723.59,3965.8,491,801
Cebu Pacific,TAG-MNL,2025,5,34418.304,49.39,3750.36,3723.59,3752.0,491,7182
Cebu Pacific,TUG-MNL,2025,5,24748.416,83.24,7209.8,7210.23,3752.0,185,7182
Cebu Pacific,ZAM-DVO,2025,5,3348.864,100.0,10000.0,5393.43,5018.6,291,1043
Cebu Pacific,ZAM-ILO,2025,5,2448.576,100.0,10000.0,5393.43,3965.8,291,801
Cebu Pacific,ZAM-MNL,2025,5,25187.328,64.04,5394.24,5393.43,3752.0,291,7182
Philippine Airlines,BCD-CEB,2025,5,2689.4,45.75,5036.12,3290.41,2900.83,633,2732
Philippine Airlines,BCD-MNL,2025,5,26659.864,32.81,3501.37,3290.41,3752.0,633,7182
Philippine Airlines,BPA-CEB,2025,5,699.244,100.0,10000.0,10000.0,2900.83,13,2732
Philippine Airlines,BSO-CRK,2025,5,1559.852,100.0,10000.0,10000.0,4942.19,29,482
Philippine Airlines,BXU-CEB,2025,5,1559.852,34.94,5453.61,5130.92,2900.83,289,2732
Philippine Airlines,BXU-MNL,2025,5,8974.686,25.49,6201.48,5130.92,3752.0,289,7182
Philippine Airlines,CBO-CEB,2025,5,484.092,100.0,10000.0,10000.0,2900.83,66,2732
Philippine Airlines,CBO-MNL,2025,5,7062.048,100.0,10000.0,10000.0,3752.0,66,7182
Philippine Airlines,CBO-TWT,2025,5,484.092,100.0,10000.0,10000.0,10000.0,66,18
Philippine Airlines,CEB-BCD,2025,5,2743.188,46.24,5028.28,3110.19,3351.25,2533,542
Philippine Airlines,CEB-BPA,2025,5,699.244,100.0,10000.0,3110.19,10000.0,2533,13
Philippine Airlines,CEB-BXU,2025,5,1760.766,50.75,5001.12,3110.19,5351.12,2533,272
Philippine Airlines,CEB-CBO,2025,5,484.092,100.0,10000.0,3110.19,10000.0,2533,68
Philippine Airlines,CEB-CGY,2025,5,4994.374,47.74,5010.22,3110.19,3472.67,2533,613
Philippine Airlines,CEB-CRM,2025,5,699.244,100.0,10000.0,3110.19,10000.0,2533,29
Philippine Airlines,CEB-DPL,2025,5,147.126,7.93,8539.77,3110.19,4008.26,2533,107
Philippine Airlines,CEB-DVO,2025,5,8757.952,35.41,5425.74,3110.19,5018.6,2533,1043
Philippine Airlines,CEB-GES,2025,5,1613.64,25.11,6239.02,3110.19,5508.65,2533,263
Philippine Airlines,CEB-IAO,2025,5,3872.736,41.76,5006.73,3110.19,4875.07,2533,354
Philippine Airlines,CEB-ILO,2025,5,3281.068,55.83,4859.63,3110.19,3965.8,2533,801
Philippine Airlines,CEB-MNL,2025,5,60541.558,41.44,3512.26,3110.19,3752.0,2533,7182
Philippine Airlines,CEB-MPH,2025,5,4361.574,28.33,5939.18,3110.19,4208.96,2533,845
Philippine Airlines,CEB-OZC,2025,5,645.456,69.39,5751.94,3110.19,4907.67,2533,97
Philippine Airlines,CEB-PPS,2025,5,4261.908,36.29,5375.93,3110.19,4059.53,2533,589
Philippine Airlines,CEB-TAC,2025,5,1721.216,83.44,7236.47,3110.19,3724.5,2533,397
Philippine Airlines,CEB-USU,2025,5,3281.068,65.02,5451.2,3110.19,5048.56,2533,213
Philippine Airlines,CEB-ZAM,2025,5,107.576,100.0,10000.0,3110.19,6484.9,2533,68
Philippine Airlines,CGY-CEB,2025,5,5155.738,48.53,5004.32,3549.77,2900.83,668,2732
Philippine Airlines,CGY-MNL,2025,5,26368.776,37.36,4034.77,3549.77,3752.0,668,7182
Philippine Airlines,CRK-BSO,2025,5,1559.852,100.0,10000.0,4260.66,10000.0,469,60
Philippine Airlines,CRK-CRK,2025,5,53.788,50.75,5001.12,4260.66,4942.19,469,482
Philippine Airlines,CRK-IAO,2025,5,1559.852,44.14,4479.27,4260.66,4875.07,469,354
Philippine Airlines,CRK-MNL,2025,5,476.182,100.0,10000.0,4260.66,3752.0,469,7182
Philippine Airlines,CRK-USU,2025,5,1506.064,46.85,5019.84,4260.66,5048.56,469,213
Philippine Airlines,CRM-CEB,2025,5,753.032,100.0,10000.0,10000.0,2900.83,31,2732
Philippine Airlines,CRM-MNL,2025,5,914.396,100.0,10000.0,10000.0,3752.0,31,7182
Philippine Airlines,CYP-MNL,2025,5,753.032,100.0,10000.0,5642.58,3752.0,42,7182
Philippine Airlines,CYZ-MNL,2025,5,4320.442,32.14,5637.96,5637.91,3752.0,92,7182
Philippine Airlines,DGT-MNL,2025,5,9121.812,34.64,5471.86,4811.71,3752.0,212,7182
Philippine Airlines,DPL-MNL,2025,5,4560.906,41.33,5150.34,3950.15,3752.0,109,7182
Philippine Airlines,DRP-MNL,2025,5,15889.608,39.71,5211.77,4799.07,3752.0,306,7182
Philippine Airlines,DVO-CEB,2025,5,8704.164,35.48,5421.66,4927.41,2900.83,1035,2732
Philippine Airlines,DVO-MNL,2025,5,56135.688,51.03,5002.12,4927.41,3752.0,1035,7182
Philippine Airlines,DVO-TAG,2025,5,1559.852,34.71,5467.57,4927.41,3786.11,1035,429
Philippine Airlines,EUQ-MNL,2025,5,753.032,100.0,10000.0,10000.0,3752.0,14,7182
Philippine Airlines,GES-CEB,2025,5,1613.64,25.11,6239.02,5451.43,2900.83,267,2732
Philippine Airlines,GES-MNL,2025,5,16557.212,40.13,5194.83,5451.43,3752.0,267,7182
Philippine Airlines,IAO-CEB,2025,5,3603.796,31.53,5264.55,4538.58,2900.83,373,2732
Philippine Airlines,IAO-CRK,2025,5,1667.428,39.59,3606.52,4538.58,4942.19,373,482
Philippine Airlines,IAO-MNL,2025,5,3227.28,100.0,10000.0,4538.58,3752.0,373,7182
Philippine Airlines,ILO-CEB,2025,5,3281.068,38.88,3384.87,3856.97,2900.83,779,2732
Philippine Airlines,ILO-MNL,2025,5,22896.286,29.82,3399.67,3856.97,3752.0,779,7182
Philippine Airlines,LAO-MNL,2025,5,8680.434,65.56,5484.23,5483.95,3752.0,90,7182
Philippine Airlines,MNL-BCD,2025,5,22288.798,33.06,3603.99,3853.81,3351.25,6498,542
Philippine Airlines,MNL-BSO,2025,5,1667.428,100.0,10000.0,3853.81,10000.0,6498,60
Philippine Airlines,MNL-BXU,2025,5,9268.938,26.11,6141.46,3853.81,5351.12,6498,272
Philippine Airlines,MNL-CBO,2025,5,7356.3,100.0,10000.0,3853.81,10000.0,6498,68
Philippine Airlines,MNL-CEB,2025,5,57651.244,40.79,3346.24,3853.81,2900.83,6498,2732
Philippine Airlines,MNL-CGY,2025,5,21668.654,34.72,4002.05,3853.81,3472.67,6498,613
Philippine Airlines,MNL-CRM,2025,5,860.608,100.0,10000.0,3853.81,10000.0,6498,29
Philippine Airlines,MNL-CYP,2025,5,753.032,100.0,10000.0,3853.81,5586.67,6498,41
Philippine Airlines,MNL-CYZ,2025,5,4320.442,31.79,5663.21,3853.81,5663.01,6498,93
Philippine Airlines,MNL-DGT,2025,5,9121.812,29.25,5861.12,3853.81,5262.18,6498,246
Philippine Airlines,MNL-DPL,2025,5,4560.906,41.33,5150.34,3853.81,4008.26,6498,107
Philippine Airlines,MNL-DRP,2025,5,16478.112,40.44,5182.79,3853.81,4754.16,6498,313
Philippine Airlines,MNL-DVO,2025,5,51509.92,50.58,5000.67,3853.81,5018.6,6498,1043
Philippine Airlines,MNL-EUQ,2025,5,699.244,100.0,10000.0,3853.81,10000.0,6498,13
Philippine Airlines,MNL-GES,2025,5,15829.492,39.05,5239.8,3853.81,5508.65,6498,263
Philippine Airlines,MNL-IAO,2025,5,4948.496,100.0,10000.0,3853.81,4875.07,6498,354
Philippine Airlines,MNL-ILO,2025,5,23225.342,28.83,3491.91,3853.81,3965.8,6498,801
Philippine Airlines,MNL-LAO,2025,5,8974.686,66.3,5531.38,3853.81,5531.66,6498,92
Philippine Airlines,MNL-MNL,2025,5,147.126,44.71,5055.97,3853.81,3752.0,6498,7182
Philippine Airlines,MNL-MPH,2025,5,23298.114,27.93,3590.53,3853.81,4208.96,6498,845
Philippine Airlines,MNL-OZC,2025,5,4560.906,38.75,5253.12,3853.81,4907.67,6498,97
Philippine Airlines,MNL-PPS,2025,5,18718.224,26.74,3640.1,3853.81,4059.53,6498,589
Philippine Airlines,MNL-RXS,2025,5,4560.906,28.97,4367.39,3853.81,4368.07,6498,107
Philippine Airlines,MNL-TAC,2025,5,20077.162,38.61,3706.63,3853.81,3724.5,6498,397
Philippine Airlines,MNL-TAG,2025,5,18792.578,34.67,3821.52,3853.81,3786.11,6498,429
Philippine Airlines,MNL-TUG,2025,5,4560.906,25.2,6230.08,3853.81,6229.76,6498,123
Philippine Airlines,MNL-USU,2025,5,1667.428,47.78,5009.86,3853.81,5048.56,6498,213
Philippine Airlines,MNL-ZAM,2025,5,5885.04,100.0,10000.0,3853.81,6484.9,6498,68
Philippine Airlines,MPH-CEB,2025,5,4709.614,27.34,4925.12,3499.1,2900.83,1038,2732
Philippine Airlines,MPH-MNL,2025,5,27658.106,25.67,3312.05,3499.1,3752.0,1038,7182
Philippine Airlines,OZC-CEB,2025,5,591.668,25.72,5822.91,4156.66,2900.83,120,2732
Philippine Airlines,OZC-MNL,2025,5,4413.78,37.97,5289.44,4156.66,3752.0,120,7182
Philippine Airlines,PPS-CEB,2025,5,2077.166,21.73,6598.39,4366.31,2900.83,545,2732
Philippine Airlines,PPS-MNL,2025,5,22942.164,34.17,3862.83,4366.31,3752.0,545,7182
Philippine Airlines,RXS-MNL,2025,5,4560.906,29.25,4342.07,4341.4,3752.0,106,7182
Philippine Airlines,TAC-CEB,2025,5,1667.428,57.1,5100.82,3425.38,2900.83,517,2732
Philippine Airlines,TAC-MNL,2025,5,15264.718,23.34,3504.08,3425.38,3752.0,517,7182
Philippine Airlines,TAG-DVO,2025,5,1667.428,36.23,5379.23,3723.59,5018.6,491,1043
Philippine Airlines,TAG-MNL,2025,5,18610.648,29.17,3750.36,3723.59,3752.0,491,7182
Philippine Airlines,TUG-MNL,2025,5,4560.906,16.76,7209.8,7210.23,3752.0,185,7182
Philippine Airlines,TWT-CBO,2025,5,484.092,100.0,10000.0,10000.0,10000.0,20,68
Philippine Airlines,TWT-ZAM,2025,5,1618.386,100.0,10000.0,10000.0,6484.9,20,68
Philippine Airlines,USU-CEB,2025,5,3388.644,46.67,5022.18,5470.67,2900.83,342,2732
Philippine Airlines,USU-CRK,2025,5,1667.428,49.39,5000.74,5470.67,4942.19,342,482
Philippine Airlines,USU-MNL,2025,5,1559.852,18.46,6989.54,5470.67,3752.0,342,7182
Philippine Airlines,ZAM-CEB,2025,5,1667.428,100.0,10000.0,5393.43,2900.83,291,2732
Philippine Airlines,ZAM-MNL,2025,5,12947.088,35.96,5394.24,5393.43,3752.0,291,7182
Philippine Airlines,ZAM-TWT,2025,5,1324.134,100.0,10000.0,5393.43,10000.0,291,18
Sunlight Air,CEB-CRK,2025,5,673.2,7.98,7414.86,3110.19,4942.19,2533,482
Sunlight Air,CEB-IAO,2025,5,112.2,1.13,5006.73,3110.19,4875.07,2533,354
Sunlight Air,CEB-MNL,2025,5,1683.0,1.07,3512.26,3110.19,3752.0,2533,7182
Sunlight Air,CEB-SJI,2025,5,112.2,66.67,5555.78,3110.19,9567.14,2533,34
Sunlight Air,CEB-SUG,2025,5,224.4,8.85,7264.35,3110.19,7263.91,2533,42
Sunlight Air,CRK-CEB,2025,5,2524.5,21.23,6040.31,4260.66,2900.83,469,2732
Sunlight Air,CRK-IAO,2025,5,224.4,5.91,4479.27,4260.66,4875.07,469,354
Sunlight Air,CRK-MPH,2025,5,56.1,0.47,9906.44,4260.66,4208.96,469,845
Sunlight Air,IAO-CEB,2025,5,392.7,3.2,5264.55,4538.58,2900.83,373,2732
Sunlight Air,IAO-CRK,2025,5,897.6,19.83,3606.52,4538.58,4942.19,373,482
Sunlight Air,MNL-CEB,2025,5,1402.5,0.92,3346.24,3853.81,2900.83,6498,2732
Sunlight Air,MPH-CRK,2025,5,112.2,0.94,9813.77,3499.1,4942.19,1038,482
AirAsia,BCD-MNL,2025,6,15746.76,20.56,3602.85,3355.8,3748.31,593,6875
AirAsia,CEB-MNL,2025,6,30567.24,20.55,3463.09,2986.89,3748.31,2509,6875
AirAsia,CGY-MNL,2025,6,9262.8,12.53,4136.5,3506.71,3748.31,661,6875
AirAsia,CRK-MNL,2025,6,154.38,23.6,3900.7,3491.34,3748.31,363,6875
AirAsia,ILO-MNL,2025,6,20280.22,26.19,3479.06,3715.02,3748.31,710,6875
AirAsia,KLO-MNL,2025,6,13894.2,75.0,6250.0,6250.0,3748.31,120,6875
AirAsia,MNL-BCD,2025,6,13894.2,21.18,3583.01,3829.06,3304.7,6211,526
AirAsia,MNL-CEB,2025,6,31956.66,22.6,3334.06,3829.06,2805.38,6211,2644
AirAsia,MNL-CGY,2025,6,9262.8,14.36,4051.63,3829.06,3386.82,6211,603
AirAsia,MNL-ILO,2025,6,22848.24,27.16,3502.1,3829.06,3821.42,6211,776
AirAsia,MNL-KLO,2025,6,13894.2,75.0,6250.0,3829.06,6250.0,6211,120
AirAsia,MNL-MPH,2025,6,18525.6,21.32,3623.84,3829.06,4033.32,6211,782
AirAsia,MNL-PPS,2025,6,17599.32,25.31,3690.96,3829.06,4081.87,6211,546
AirAsia,MNL-RXS,2025,6,1852.56,11.65,4491.29,3829.06,4491.47,6211,103
AirAsia,MNL-TAC,2025,6,9108.42,17.46,3718.73,3829.06,3718.28,6211,382
AirAsia,MNL-TAG,2025,6,9262.8,17.96,3723.86,3829.06,3688.89,6211,378
AirAsia,MPH-MNL,2025,6,39212.52,34.93,3310.75,3388.08,3748.31,976,6875
AirAsia,PPS-MNL,2025,6,11115.36,16.33,3893.85,4340.78,3748.31,504,6875
AirAsia,RXS-MNL,2025,6,1852.56,11.76,4463.04,4463.67,3748.31,102,6875
AirAsia,TAC-MNL,2025,6,22884.76,34.88,3485.53,3337.8,3748.31,505,6875
AirAsia,TAG-MNL,2025,6,13894.2,22.57,3630.51,3606.36,3748.31,435,6875
Cebgo,BCD-CEB,2025,6,3843.0,52.26,5010.22,3355.8,2805.38,593,2644
Cebgo,BXU-CEB,2025,6,3465.0,66.76,5561.8,4716.48,2805.38,264,2644
Cebgo,CEB-BCD,2025,6,3843.0,51.84,5006.77,2986.89,3304.7,2509,526
Cebgo,CEB-BXU,2025,6,2520.0,58.54,5145.86,2986.89,4910.58,2509,250
Cebgo,CEB-CGM,2025,6,2772.0,100.0,10000.0,2986.89,10000.0,2509,44
Cebgo,CEB-CGY,2025,6,7371.0,56.09,4944.49,2986.89,3386.82,2509,603
Cebgo,CEB-CRK,2025,6,504.0,11.87,7907.79,2986.89,4209.88,2509,369
Cebgo,CEB-CYP,2025,6,945.0,100.0,10000.0,2986.89,5096.94,2509,27
Cebgo,CEB-DGT,2025,6,2646.0,100.0,10000.0,2986.89,4844.2,2509,227
Cebgo,CEB-DPL,2025,6,1890.0,100.0,10000.0,2986.89,4028.11,2509,103
Cebgo,CEB-DRP,2025,6,2583.0,87.65,7835.05,2986.89,4765.48,2509,302
Cebgo,CEB-IAO,2025,6,5670.0,57.67,5020.52,2986.89,4920.89,2509,340
Cebgo,CEB-ILO,2025,6,3591.0,50.57,5000.65,2986.89,3821.42,2509,776
Cebgo,CEB-MBT,2025,6,819.0,100.0,10000.0,2986.89,10000.0,2509,30
Cebgo,CEB-MPH,2025,6,63.0,0.47,6052.67,2986.89,4033.32,2509,782
Cebgo,CEB-Not available,2025,6,63.0,100.0,10000.0,2986.89,10000.0,2509,1
Cebgo,CEB-OZC,2025,6,1197.0,60.75,5231.12,2986.89,4351.24,2509,108
Cebgo,CEB-PAG,2025,6,2268.0,100.0,10000.0,2986.89,6940.87,2509,96
Cebgo,CEB-SUG,2025,6,2079.0,94.74,9003.34,2986.89,9002.77,2509,35
Cebgo,CEB-TAC,2025,6,441.0,19.81,6822.87,2986.89,3718.28,2509,382
Cebgo,CEB-USU,2025,6,1890.0,35.0,5450.0,2986.89,4961.95,2509,209
Cebgo,CGM-CEB,2025,6,2646.0,100.0,10000.0,10000.0,2805.38,42,2644
Cebgo,CGY-CEB,2025,6,7497.0,56.76,4964.57,3506.71,2805.38,661,2644
Cebgo,CGY-DVO,2025,6,819.0,100.0,10000.0,3506.71,4990.16,661,990
Cebgo,CRK-CEB,2025,6,504.0,8.51,4867.68,3491.34,2805.38,363,2644
Cebgo,CRK-ENI,2025,6,1512.0,100.0,10000.0,3491.34,10000.0,363,24
Cebgo,CRK-IAO,2025,6,1890.0,49.86,4712.79,3491.34,4920.89,363,340
Cebgo,CRK-MBT,2025,6,1071.0,100.0,10000.0,3491.34,10000.0,363,30
Cebgo,CRK-TAG,2025,6,1260.0,100.0,10000.0,3491.34,3688.89,363,378
Cebgo,CRK-USU,2025,6,1890.0,51.48,4719.46,3491.34,4961.95,363,209
Cebgo,CYP-CEB,2025,6,1008.0,100.0,10000.0,5145.75,2805.38,28,2644
Cebgo,DGT-CEB,2025,6,2646.0,100.0,10000.0,4730.91,2805.38,219,2644
Cebgo,DPL-CEB,2025,6,2205.0,100.0,10000.0,3890.89,2805.38,107,2644
Cebgo,DRP-CEB,2025,6,2583.0,83.06,7185.93,4765.06,2805.38,304,2644
Cebgo,DVO-CGY,2025,6,756.0,100.0,10000.0,4921.15,3386.82,990,603
Cebgo,DVO-IAO,2025,6,1890.0,100.0,10000.0,4921.15,4920.89,990,340
Cebgo,ENI-CRK,2025,6,1512.0,100.0,10000.0,10000.0,4209.88,24,369
Cebgo,IAO-CEB,2025,6,8568.0,67.32,5514.77,4695.68,2805.38,366,2644
Cebgo,IAO-CRK,2025,6,1890.0,42.15,3686.54,4695.68,4209.88,366,369
Cebgo,IAO-DVO,2025,6,1890.0,100.0,10000.0,4695.68,4990.16,366,990
Cebgo,ILO-CEB,2025,6,3528.0,50.12,5000.03,3715.02,2805.38,710,2644
Cebgo,MBT-CEB,2025,6,756.0,100.0,10000.0,10000.0,2805.38,29,2644
Cebgo,MBT-CRK,2025,6,1071.0,100.0,10000.0,10000.0,4209.88,29,369
Cebgo,MNL-CEB,2025,6,2268.0,1.52,3334.06,3829.06,2805.38,6211,2644
Cebgo,MNL-MPH,2025,6,1764.0,1.93,3623.84,3829.06,4033.32,6211,782
Cebgo,MNL-USU,2025,6,1890.0,51.43,5004.09,3829.06,4961.95,6211,209
Cebgo,MNL-WNP,2025,6,3528.0,100.0,10000.0,3829.06,10000.0,6211,56
Cebgo,MPH-CEB,2025,6,1701.0,11.27,4872.57,3388.08,2805.38,976,2644
Cebgo,MPH-MNL,2025,6,1827.0,1.54,3310.75,3388.08,3748.31,976,6875
Cebgo,OZC-CEB,2025,6,2016.0,72.18,5868.37,4004.78,2805.38,119,2644
Cebgo,PAG-CEB,2025,6,2142.0,100.0,10000.0,6952.05,2805.38,91,2644
Cebgo,SUG-CEB,2025,6,1953.0,97.13,9442.47,9442.08,2805.38,32,2644
Cebgo,SWL-CEB,2025,6,693.0,100.0,10000.0,10000.0,2805.38,11,2644
Cebgo,TAC-CEB,2025,6,2016.0,53.88,5030.11,3337.8,2805.38,505,2644
Cebgo,TAG-CRK,2025,6,1260.0,100.0,10000.0,3606.36,4209.88,435,369
Cebgo,USU-CEB,2025,6,4095.0,53.82,4953.9,5360.56,2805.38,319,2644
Cebgo,USU-CRK,2025,6,1890.0,52.27,5010.31,5360.56,4209.88,319,369
Cebgo,USU-MNL,2025,6,6741.0,79.55,6689.9,5360.56,3748.31,319,6875
Cebgo,WNP-MNL,2025,6,3591.0,100.0,10000.0,10000.0,3748.31,57,6875
Cebu Pacific,BCD-DVO,2025,6,1953.0,100.0,10000.0,3355.8,4990.16,593,990
Cebu Pacific,BCD-MNL,2025,6,34903.75,43.24,3602.85,3355.8,3748.31,593,6875
Cebu Pacific,BXU-MNL,2025,6,23611.0,70.74,5860.3,4716.48,3748.31,264,6875
Cebu Pacific,CEB-CGY,2025,6,201.25,1.53,4944.49,2986.89,3386.82,2509,603
Cebu Pacific,CEB-CRK,2025,6,3743.25,88.13,7907.79,2986.89,4209.88,2509,369
Cebu Pacific,CEB-DRP,2025,6,364.0,12.35,7835.05,2986.89,4765.48,2509,302
Cebu Pacific,CEB-DVO,2025,6,17610.25,71.32,5909.08,2986.89,4990.16,2509,990
Cebu Pacific,CEB-GES,2025,6,2115.75,59.7,5188.18,2986.89,5165.04,2509,219
Cebu Pacific,CEB-MNL,2025,6,56613.375,36.1,3463.09,2986.89,3748.31,2509,6875
Cebu Pacific,CEB-MPH,2025,6,9765.0,73.21,6052.67,2986.89,4033.32,2509,782
Cebu Pacific,CEB-PPS,2025,6,8526.0,73.37,6092.31,2986.89,4081.87,2509,546
Cebu Pacific,CGY-CEB,2025,6,201.25,1.52,4964.57,3506.71,2805.38,661,2644
Cebu Pacific,CGY-ILO,2025,6,1953.0,100.0,10000.0,3506.71,3821.42,661,776
Cebu Pacific,CGY-MNL,2025,6,40911.5,52.49,4136.5,3506.71,3748.31,661,6875
Cebu Pacific,CRK-CEB,2025,6,3743.25,63.21,4867.68,3491.34,2805.38,363,2644
Cebu Pacific,CRK-DVO,2025,6,1464.75,100.0,10000.0,3491.34,4990.16,363,990
Cebu Pacific,CRK-ILO,2025,6,2278.5,100.0,10000.0,3491.34,3821.42,363,776
Cebu Pacific,CRK-MNL,2025,6,162.75,23.6,3900.7,3491.34,3748.31,363,6875
Cebu Pacific,CRK-MPH,2025,6,6835.5,96.73,9367.39,3491.34,4033.32,363,782
Cebu Pacific,CRK-PPS,2025,6,1991.5,100.0,10000.0,3491.34,4081.87,363,546
Cebu Pacific,CRK-TBH,2025,6,57.75,100.0,10000.0,3491.34,10000.0,363,1
Cebu Pacific,CYZ-MNL,2025,6,7323.75,64.44,5417.03,5417.26,3748.31,73,6875
Cebu Pacific,DGT-MNL,2025,6,19204.5,66.67,5555.78,4730.91,3748.31,219,6875
Cebu Pacific,DMK-ILO,2025,6,1953.0,100.0,10000.0,10000.0,3821.42,12,776
Cebu Pacific,DPL-MNL,2025,6,6835.5,58.33,5138.78,3890.89,3748.31,107,6875
Cebu Pacific,DRP-CEB,2025,6,526.75,16.94,7185.93,4765.06,2805.38,304,2644
Cebu Pacific,DRP-ILO,2025,6,2115.75,100.0,10000.0,4765.06,3821.42,304,776
Cebu Pacific,DRP-MNL,2025,6,25894.75,59.57,5183.17,4765.06,3748.31,304,6875
Cebu Pacific,DVO-BCD,2025,6,1953.0,100.0,10000.0,4921.15,3304.7,990,526
Cebu Pacific,DVO-CEB,2025,6,17447.5,71.65,5937.45,4921.15,2805.38,990,2644
Cebu Pacific,DVO-CRK,2025,6,1302.0,100.0,10000.0,4921.15,4209.88,990,369
Cebu Pacific,DVO-ILO,2025,6,5344.5,100.0,10000.0,4921.15,3821.42,990,776
Cebu Pacific,DVO-MNL,2025,6,58919.875,48.73,5003.23,4921.15,3748.31,990,6875
Cebu Pacific,DVO-MPH,2025,6,1953.0,100.0,10000.0,4921.15,4033.32,990,782
Cebu Pacific,DVO-PPS,2025,6,2278.5,100.0,10000.0,4921.15,4081.87,990,546
Cebu Pacific,DVO-TAG,2025,6,1991.5,53.58,5025.63,4921.15,3688.89,990,378
Cebu Pacific,GES-CEB,2025,6,2115.75,57.76,5120.44,5150.78,2805.38,222,2644
Cebu Pacific,GES-ILO,2025,6,2115.75,100.0,10000.0,5150.78,3821.42,222,776
Cebu Pacific,GES-MNL,2025,6,23444.75,56.65,5088.44,5150.78,3748.31,222,6875
Cebu Pacific,HKG-DVO,2025,6,2968.0,100.0,10000.0,10000.0,4990.16,18,990
Cebu Pacific,ILO-CGY,2025,6,1953.0,100.0,10000.0,3715.02,3386.82,710,603
Cebu Pacific,ILO-CRK,2025,6,2278.5,100.0,10000.0,3715.02,4209.88,710,369
Cebu Pacific,ILO-DRP,2025,6,2115.75,100.0,10000.0,3715.02,4765.48,710,302
Cebu Pacific,ILO-DVO,2025,6,5344.5,100.0,10000.0,3715.02,4990.16,710,990
Cebu Pacific,ILO-GES,2025,6,2115.75,100.0,10000.0,3715.02,5165.04,710,219
Cebu Pacific,ILO-MNL,2025,6,34903.75,42.76,3479.06,3715.02,3748.31,710,6875
Cebu Pacific,ILO-PPS,2025,6,2278.5,100.0,10000.0,3715.02,4081.87,710,546
Cebu Pacific,ILO-TAC,2025,6,1953.0,100.0,10000.0,3715.02,3718.28,710,382
Cebu Pacific,ILO-TAG,2025,6,2154.25,100.0,10000.0,3715.02,3688.89,710,378
Cebu Pacific,ILO-ZAM,2025,6,2115.75,100.0,10000.0,3715.02,5596.69,710,55
Cebu Pacific,KLO-MNL,2025,6,4882.5,25.0,6250.0,6250.0,3748.31,120,6875
Cebu Pacific,LAO-MNL,2025,6,4882.5,34.48,5481.74,5481.57,3748.31,87,6875
Cebu Pacific,MNL-BCD,2025,6,29846.25,43.16,3583.01,3829.06,3304.7,6211,526
Cebu Pacific,MNL-BXU,2025,6,23611.0,70.74,5860.3,3829.06,4910.58,6211,250
Cebu Pacific,MNL-CEB,2025,6,50425.375,33.83,3334.06,3829.06,2805.38,6211,2644
Cebu Pacific,MNL-CGY,2025,6,35546.0,52.28,4051.63,3829.06,3386.82,6211,603
Cebu Pacific,MNL-CYZ,2025,6,7486.5,64.04,5394.24,3829.06,5394.35,6211,75
Cebu Pacific,MNL-DGT,2025,6,20506.5,68.11,5655.94,3829.06,4844.2,6211,227
Cebu Pacific,MNL-DPL,2025,6,6998.25,58.9,5158.42,3829.06,4028.11,6211,103
Cebu Pacific,MNL-DRP,2025,6,25894.75,59.79,5191.69,3829.06,4765.48,6211,302
Cebu Pacific,MNL-DVO,2025,6,55489.875,49.21,5001.25,3829.06,4990.16,6211,990
Cebu Pacific,MNL-GES,2025,6,23444.75,56.93,5096.05,3829.06,5165.04,6211,219
Cebu Pacific,MNL-ILO,2025,6,38928.75,43.89,3502.1,3829.06,3821.42,6211,776
Cebu Pacific,MNL-KLO,2025,6,4882.5,25.0,6250.0,3829.06,6250.0,6211,120
Cebu Pacific,MNL-LAO,2025,6,4882.5,33.71,5530.73,3829.06,5530.87,6211,89
Cebu Pacific,MNL-MNL,2025,6,526.75,51.9,5007.22,3829.06,3748.31,6211,6875
Cebu Pacific,MNL-MPH,2025,6,44756.25,48.87,3623.84,3829.06,4033.32,6211,782
Cebu Pacific,MNL-OZC,2025,6,7486.5,60.53,5221.76,3829.06,4351.24,6211,108
Cebu Pacific,MNL-PAG,2025,6,9765.0,100.0,10000.0,3829.06,6940.87,6211,96
Cebu Pacific,MNL-PPS,2025,6,35742.0,48.77,3690.96,3829.06,4081.87,6211,546
Cebu Pacific,MNL-RXS,2025,6,9927.75,59.22,4491.29,3829.06,4491.47,6211,103
Cebu Pacific,MNL-SJI,2025,6,2766.75,100.0,10000.0,3829.06,9599.44,6211,18
Cebu Pacific,MNL-TAC,2025,6,23761.5,43.2,3718.73,3829.06,3718.28,6211,382
Cebu Pacific,MNL-TAG,2025,6,24587.5,45.22,3723.86,3829.06,3688.89,6211,378
Cebu Pacific,MNL-TUG,2025,6,14484.75,75.42,6292.35,3829.06,6292.73,6211,118
Cebu Pacific,MNL-VRC,2025,6,4882.5,100.0,10000.0,3829.06,10000.0,6211,30
Cebu Pacific,MNL-ZAM,2025,6,813.75,16.13,7294.35,3829.06,5596.69,6211,55
Cebu Pacific,MPH-CEB,2025,6,9765.0,64.7,4872.57,3388.08,2805.38,976,2644
Cebu Pacific,MPH-CRK,2025,6,6835.5,95.95,9222.8,3388.08,4209.88,976,369
Cebu Pacific,MPH-DVO,2025,6,1953.0,100.0,10000.0,3388.08,4990.16,976,990
Cebu Pacific,MPH-MNL,2025,6,44756.25,37.82,3310.75,3388.08,3748.31,976,6875
Cebu Pacific,NRT-CRK,2025,6,4882.5,100.0,10000.0,10000.0,4209.88,30,369
Cebu Pacific,Not available-MNL,2025,6,201.25,100.0,10000.0,10000.0,3748.31,1,6875
Cebu Pacific,OZC-CEB,2025,6,63.0,2.26,5868.37,4004.78,2805.38,119,2644
Cebu Pacific,OZC-MNL,2025,6,7323.75,60.81,5233.71,4004.78,3748.31,119,6875
Cebu Pacific,PAG-MNL,2025,6,9276.75,100.0,10000.0,6952.05,3748.31,91,6875
Cebu Pacific,PPS-CEB,2025,6,8526.0,85.15,7471.05,4340.78,2805.38,504,2644
Cebu Pacific,PPS-CRK,2025,6,2030.0,100.0,10000.0,4340.78,4209.88,504,369
Cebu Pacific,PPS-DVO,2025,6,2278.5,100.0,10000.0,4340.78,4990.16,504,990
Cebu Pacific,PPS-ILO,2025,6,2278.5,100.0,10000.0,4340.78,3821.42,504,776
Cebu Pacific,PPS-MNL,2025,6,35742.0,49.82,3893.85,4340.78,3748.31,504,6875
Cebu Pacific,RXS-MNL,2025,6,9765.0,58.82,4463.04,4463.67,3748.31,102,6875
Cebu Pacific,SIN-ILO,2025,6,1953.0,100.0,10000.0,10000.0,3821.42,12,776
Cebu Pacific,SJI-MNL,2025,6,2766.75,100.0,10000.0,10000.0,3748.31,17,6875
Cebu Pacific,TAC-DVO,2025,6,1953.0,100.0,10000.0,3337.8,4990.16,505,990
Cebu Pacific,TAC-ILO,2025,6,1953.0,100.0,10000.0,3337.8,3821.42,505,776
Cebu Pacific,TAC-MNL,2025,6,28481.25,41.18,3485.53,3337.8,3748.31,505,6875
Cebu Pacific,TAG-DVO,2025,6,1991.5,54.45,5039.6,3606.36,4990.16,435,990
Cebu Pacific,TAG-ILO,2025,6,2154.25,100.0,10000.0,3606.36,3821.42,435,776
Cebu Pacific,TAG-MNL,2025,6,30222.5,46.57,3630.51,3606.36,3748.31,435,6875
Cebu Pacific,TUG-MNL,2025,6,23598.75,83.82,7287.58,7286.91,3748.31,173,6875
Cebu Pacific,USU-CEB,2025,6,63.0,0.83,4953.9,5360.56,2805.38,319,2644
Cebu Pacific,USU-MNL,2025,6,126.0,1.49,6689.9,5360.56,3748.31,319,6875
Cebu Pacific,ZAM-DVO,2025,6,1464.75,100.0,10000.0,5271.52,4990.16,247,990
Cebu Pacific,ZAM-ILO,2025,6,2115.75,100.0,10000.0,5271.52,3821.42,247,776
Cebu Pacific,ZAM-MNL,2025,6,20457.5,63.58,5368.83,5271.52,3748.31,247,6875
Philippine Airlines,BCD-CEB,2025,6,3173.492,47.74,5010.22,3355.8,2805.38,593,2644
Philippine Airlines,BCD-MNL,2025,6,26416.236,36.2,3602.85,3355.8,3748.31,593,6875
Philippine Airlines,BPA-CEB,2025,6,699.244,100.0,10000.0,10000.0,2805.38,13,2644
Philippine Airlines,BSO-CRK,2025,6,1452.276,100.0,10000.0,10000.0,4209.88,27,369
Philippine Airlines,BXU-CEB,2025,6,1559.852,33.24,5561.8,4716.48,2805.38,264,2644
Philippine Airlines,BXU-MNL,2025,6,8827.56,29.26,5860.3,4716.48,3748.31,264,6875
Philippine Airlines,CBO-CEB,2025,6,484.092,100.0,10000.0,10000.0,2805.38,63,2644
Philippine Airlines,CBO-MNL,2025,6,6914.922,100.0,10000.0,10000.0,3748.31,63,6875
Philippine Airlines,CBO-TWT,2025,6,376.516,100.0,10000.0,10000.0,10000.0,63,17
Philippine Airlines,CEB-BCD,2025,6,3227.28,48.16,5006.77,2986.89,3304.7,2509,526
Philippine Airlines,CEB-BPA,2025,6,699.244,100.0,10000.0,2986.89,10000.0,2509,13
Philippine Airlines,CEB-BXU,2025,6,1613.64,41.46,5145.86,2986.89,4910.58,2509,250
Philippine Airlines,CEB-CBO,2025,6,631.218,100.0,10000.0,2986.89,10000.0,2509,65
Philippine Airlines,CEB-CGY,2025,6,5035.506,42.38,4944.49,2986.89,3386.82,2509,603
Philippine Airlines,CEB-CRM,2025,6,645.456,100.0,10000.0,2986.89,10000.0,2509,30
Philippine Airlines,CEB-DVO,2025,6,6400.772,28.68,5909.08,2986.89,4990.16,2509,990
Philippine Airlines,CEB-GES,2025,6,1290.912,40.3,5188.18,2986.89,5165.04,2509,219
Philippine Airlines,CEB-IAO,2025,6,3657.584,41.15,5020.52,2986.89,4920.89,2509,340
Philippine Airlines,CEB-ILO,2025,6,3173.492,49.43,5000.65,2986.89,3821.42,2509,776
Philippine Airlines,CEB-MNL,2025,6,59046.568,41.65,3463.09,2986.89,3748.31,2509,6875
Philippine Airlines,CEB-MPH,2025,6,3173.492,26.32,6052.67,2986.89,4033.32,2509,782
Philippine Airlines,CEB-OZC,2025,6,699.244,39.25,5231.12,2986.89,4351.24,2509,108
Philippine Airlines,CEB-PPS,2025,6,2796.976,26.63,6092.31,2986.89,4081.87,2509,546
Philippine Airlines,CEB-TAC,2025,6,1613.64,80.19,6822.87,2986.89,3718.28,2509,382
Philippine Airlines,CEB-USU,2025,6,3173.492,65.0,5450.0,2986.89,4961.95,2509,209
Philippine Airlines,CGY-CEB,2025,6,4981.718,41.72,4964.57,3506.71,2805.38,661,2644
Philippine Airlines,CGY-MNL,2025,6,24653.888,34.99,4136.5,3506.71,3748.31,661,6875
Philippine Airlines,CRK-BSO,2025,6,1452.276,100.0,10000.0,3491.34,10000.0,363,58
Philippine Airlines,CRK-IAO,2025,6,1613.64,47.09,4712.79,3491.34,4920.89,363,340
Philippine Airlines,CRK-MNL,2025,6,329.056,52.79,3900.7,3491.34,3748.31,363,6875
Philippine Airlines,CRK-USU,2025,6,1506.064,45.38,4719.46,3491.34,4961.95,363,209
Philippine Airlines,CRM-CEB,2025,6,645.456,100.0,10000.0,10000.0,2805.38,30,2644
Philippine Airlines,CRM-MNL,2025,6,968.184,100.0,10000.0,10000.0,3748.31,30,6875
Philippine Airlines,CYP-MNL,2025,6,645.456,100.0,10000.0,5145.75,3748.31,28,6875
Philippine Airlines,CYZ-MNL,2025,6,3652.838,35.56,5417.03,5417.26,3748.31,73,6875
Philippine Airlines,DGT-MNL,2025,6,8680.434,33.33,5555.78,4730.91,3748.31,219,6875
Philippine Airlines,DPL-MNL,2025,6,4413.78,41.67,5138.78,3890.89,3748.31,107,6875
Philippine Airlines,DRP-MNL,2025,6,15889.608,40.43,5183.17,4765.06,3748.31,304,6875
Philippine Airlines,DVO-CEB,2025,6,6239.408,28.35,5937.45,4921.15,2805.38,990,2644
Philippine Airlines,DVO-MNL,2025,6,56048.678,51.27,5003.23,4921.15,3748.31,990,6875
Philippine Airlines,DVO-TAG,2025,6,1559.852,46.42,5025.63,4921.15,3688.89,990,378
Philippine Airlines,EUQ-MNL,2025,6,537.88,100.0,10000.0,10000.0,3748.31,10,6875
Philippine Airlines,GES-CEB,2025,6,1398.488,42.24,5120.44,5150.78,2805.38,222,2644
Philippine Airlines,GES-MNL,2025,6,16217.082,43.35,5088.44,5150.78,3748.31,222,6875
Philippine Airlines,IAO-CEB,2025,6,3603.796,31.32,5514.77,4695.68,2805.38,366,2644
Philippine Airlines,IAO-CRK,2025,6,1613.64,39.81,3686.54,4695.68,4209.88,366,369
Philippine Airlines,IAO-MNL,2025,6,3012.128,100.0,10000.0,4695.68,3748.31,366,6875
Philippine Airlines,ILO-CEB,2025,6,3173.492,49.88,5000.03,3715.02,2805.38,710,2644
Philippine Airlines,ILO-MNL,2025,6,22918.434,31.06,3479.06,3715.02,3748.31,710,6875
Philippine Airlines,LAO-MNL,2025,6,8386.182,65.52,5481.74,5481.57,3748.31,87,6875
Philippine Airlines,MNL-BCD,2025,6,22296.708,35.66,3583.01,3829.06,3304.7,6211,526
Philippine Airlines,MNL-BSO,2025,6,1667.428,100.0,10000.0,3829.06,10000.0,6211,58
Philippine Airlines,MNL-BXU,2025,6,8827.56,29.26,5860.3,3829.06,4910.58,6211,250
Philippine Airlines,MNL-CBO,2025,6,6914.922,100.0,10000.0,3829.06,10000.0,6211,65
Philippine Airlines,MNL-CEB,2025,6,55158.012,40.93,3334.06,3829.06,2805.38,6211,2644
Philippine Airlines,MNL-CGY,2025,6,20499.556,33.35,4051.63,3829.06,3386.82,6211,603
Philippine Airlines,MNL-CRM,2025,6,968.184,100.0,10000.0,3829.06,10000.0,6211,30
Philippine Airlines,MNL-CYP,2025,6,645.456,100.0,10000.0,3829.06,5096.94,6211,27
Philippine Airlines,MNL-CYZ,2025,6,3799.964,35.96,5394.24,3829.06,5394.35,6211,75
Philippine Airlines,MNL-DGT,2025,6,8680.434,31.89,5655.94,3829.06,4844.2,6211,227
Philippine Airlines,MNL-DPL,2025,6,4413.78,41.1,5158.42,3829.06,4028.11,6211,103
Philippine Airlines,MNL-DRP,2025,6,15742.482,40.21,5191.69,3829.06,4765.48,6211,302
Philippine Airlines,MNL-DVO,2025,6,51770.95,50.79,5001.25,3829.06,4990.16,6211,990
Philippine Airlines,MNL-EUQ,2025,6,537.88,100.0,10000.0,3829.06,10000.0,6211,10
Philippine Airlines,MNL-GES,2025,6,16035.152,43.07,5096.05,3829.06,5165.04,6211,219
Philippine Airlines,MNL-IAO,2025,6,4733.344,100.0,10000.0,3829.06,4920.89,6211,340
Philippine Airlines,MNL-ILO,2025,6,23212.686,28.95,3502.1,3829.06,3821.42,6211,776
Philippine Airlines,MNL-LAO,2025,6,8680.434,66.29,5530.73,3829.06,5530.87,6211,89
Philippine Airlines,MNL-MNL,2025,6,441.378,48.1,5007.22,3829.06,3748.31,6211,6875
Philippine Airlines,MNL-MPH,2025,6,23086.126,27.88,3623.84,3829.06,4033.32,6211,782
Philippine Airlines,MNL-OZC,2025,6,4413.78,39.47,5221.76,3829.06,4351.24,6211,108
Philippine Airlines,MNL-PPS,2025,6,17174.192,25.92,3690.96,3829.06,4081.87,6211,546
Philippine Airlines,MNL-RXS,2025,6,4413.78,29.13,4491.29,3829.06,4491.47,6211,103
Philippine Airlines,MNL-TAC,2025,6,19563.012,39.34,3718.73,3829.06,3718.28,6211,382
Philippine Airlines,MNL-TAG,2025,6,18102.826,36.83,3723.86,3829.06,3688.89,6211,378
Philippine Airlines,MNL-TUG,2025,6,4266.654,24.58,6292.35,3829.06,6292.73,6211,118
Philippine Airlines,MNL-USU,2025,6,1613.64,48.57,5004.09,3829.06,4961.95,6211,209
Philippine Airlines,MNL-ZAM,2025,6,3825.276,83.87,7294.35,3829.06,5596.69,6211,55
Philippine Airlines,MPH-CEB,2025,6,3227.28,23.65,4872.57,3388.08,2805.38,976,2644
Philippine Airlines,MPH-MNL,2025,6,27442.954,25.65,3310.75,3388.08,3748.31,976,6875
Philippine Airlines,OZC-CEB,2025,6,645.456,25.56,5868.37,4004.78,2805.38,119,2644
Philippine Airlines,OZC-MNL,2025,6,4266.654,39.19,5233.71,4004.78,3748.31,119,6875
Philippine Airlines,PPS-CEB,2025,6,1344.7,14.85,7471.05,4340.78,2805.38,504,2644
Philippine Airlines,PPS-MNL,2025,6,21947.086,33.84,3893.85,4340.78,3748.31,504,6875
Philippine Airlines,RXS-MNL,2025,6,4413.78,29.41,4463.04,4463.67,3748.31,102,6875
Philippine Airlines,TAC-CEB,2025,6,1559.852,46.12,5030.11,3337.8,2805.38,505,2644
Philippine Airlines,TAC-MNL,2025,6,14967.302,23.94,3485.53,3337.8,3748.31,505,6875
Philippine Airlines,TAG-DVO,2025,6,1506.064,45.55,5039.6,3606.36,4990.16,435,990
Philippine Airlines,TAG-MNL,2025,6,18102.826,30.86,3630.51,3606.36,3748.31,435,6875
Philippine Airlines,TUG-MNL,2025,6,4119.528,16.18,7287.58,7286.91,3748.31,173,6875
Philippine Airlines,TWT-CBO,2025,6,430.304,100.0,10000.0,10000.0,10000.0,19,65
Philippine Airlines,TWT-ZAM,2025,6,1618.386,100.0,10000.0,10000.0,5596.69,19,55
Philippine Airlines,USU-CEB,2025,6,3119.704,45.35,4953.9,5360.56,2805.38,319,2644
Philippine Airlines,USU-CRK,2025,6,1559.852,47.73,5010.31,5360.56,4209.88,319,369
Philippine Airlines,USU-MNL,2025,6,1452.276,18.96,6689.9,5360.56,3748.31,319,6875
Philippine Airlines,ZAM-CEB,2025,6,1452.276,100.0,10000.0,5271.52,2805.38,247,2644
Philippine Airlines,ZAM-MNL,2025,6,10593.072,36.42,5368.83,5271.52,3748.31,247,6875
Philippine Airlines,ZAM-TWT,2025,6,1471.26,100.0,10000.0,5271.52,10000.0,247,17
Sunlight Air,CEB-CEB,2025,6,112.2,100.0,10000.0,2986.89,2805.38,2509,2644
Sunlight Air,CEB-IAO,2025,6,112.2,1.17,5020.52,2986.89,4920.89,2509,340
Sunlight Air,CEB-MNL,2025,6,2580.6,1.69,3463.09,2986.89,3748.31,2509,6875
Sunlight Air,CEB-SJI,2025,6,56.1,100.0,10000.0,2986.89,9599.44,2509,18
Sunlight Air,CEB-SUG,2025,6,112.2,5.26,9003.34,2986.89,9002.77,2509,35
Sunlight Air,CRK-CEB,2025,6,1626.9,28.28,4867.68,3491.34,2805.38,363,2644
Sunlight Air,CRK-CRK,2025,6,336.6,100.0,10000.0,3491.34,4209.88,363,369
Sunlight Air,CRK-IAO,2025,6,112.2,3.05,4712.79,3491.34,4920.89,363,340
Sunlight Air,CRK-MBO,2025,6,56.1,100.0,10000.0,3491.34,10000.0,363,1
Sunlight Air,CRK-MPH,2025,6,224.4,3.27,9367.39,3491.34,4033.32,363,782
Sunlight Air,CRK-USU,2025,6,112.2,3.15,4719.46,3491.34,4961.95,363,209
Sunlight Air,IAO-CEB,2025,6,168.3,1.36,5514.77,4695.68,2805.38,366,2644
Sunlight Air,IAO-CRK,2025,6,785.4,18.03,3686.54,4695.68,4209.88,366,369
Sunlight Air,MNL-CEB,2025,6,1626.9,1.12,3334.06,3829.06,2805.38,6211,2644
Sunlight Air,MPH-CEB,2025,6,56.1,0.38,4872.57,3388.08,2805.38,976,2644
Sunlight Air,MPH-CRK,2025,6,280.5,4.05,9222.8,3388.08,4209.88,976,369
Sunlight Air,MPH-MNL,2025,6,56.1,0.05,3310.75,3388.08,3748.31,976,6875
Sunlight Air,SUG-CEB,2025,6,56.1,2.87,9442.47,9442.08,2805.38,32,2644
AirAsia,BCD-MNL,2025,7,17547.24,21.8,3536.67,3292.55,3628.53,588,6973
AirAsia,CEB-MNL,2025,7,36915.42,22.46,3398.31,2865.51,3628.53,2476,6973
AirAsia,CGY-MNL,2025,7,10263.48,13.14,4022.37,3418.34,3628.53,646,6973
AirAsia,ILO-MNL,2025,7,25566.14,31.85,3339.68,3395.57,3628.53,696,6973
AirAsia,KLO-MNL,2025,7,15395.22,76.23,6376.03,6396.32,3628.53,123,6973
AirAsia,KLO-MPH,2025,7,165.54,100.0,10000.0,6396.32,3949.21,123,771
AirAsia,MNL-BCD,2025,7,15395.22,22.33,3523.17,3728.05,3252.27,6337,522
AirAsia,MNL-CEB,2025,7,37246.5,23.61,3286.97,3728.05,2715.47,6337,2632
AirAsia,MNL-CGY,2025,7,10263.48,14.98,3960.35,3728.05,3308.01,6337,591
AirAsia,MNL-ILO,2025,7,25327.62,28.75,3428.88,3728.05,3652.33,6337,764
AirAsia,MNL-KLO,2025,7,15395.22,76.23,6376.03,3728.05,6375.97,6337,122
AirAsia,MNL-MPH,2025,7,20030.34,21.8,3556.47,3728.05,3949.21,6337,771
AirAsia,MNL-PPS,2025,7,20030.34,27.58,3573.11,3728.05,4030.11,6337,544
AirAsia,MNL-RXS,2025,7,2317.56,13.33,4314.1,3728.05,4314.74,6337,105
AirAsia,MNL-TAC,2025,7,10097.94,18.19,3677.91,3728.05,3532.54,6337,393
AirAsia,MNL-TAG,2025,7,10263.48,18.98,3649.97,3728.05,3554.34,6337,381
AirAsia,MPH-MNL,2025,7,42047.16,35.38,3294.41,3320.57,3628.53,967,6973
AirAsia,PPS-MNL,2025,7,12581.04,17.93,3774.9,4280.1,3628.53,510,6973
AirAsia,RXS-MNL,2025,7,2317.56,13.33,4314.1,4314.74,3628.53,105,6973
AirAsia,TAC-MNL,2025,7,25532.32,36.8,3457.16,3229.34,3628.53,503,6973
AirAsia,TAG-MNL,2025,7,15395.22,24.62,3484.71,3398.76,3628.53,427,6973
AirSWIFT,CEB-ENI,2025,7,1342.656,100.0,10000.0,2865.51,8106.57,2476,238
AirSWIFT,ENI-CEB,2025,7,1278.72,100.0,10000.0,8216.15,2715.47,232,2632
AirSWIFT,ENI-MNL,2025,7,8199.792,100.0,10000.0,8216.15,3628.53,232,6973
AirSWIFT,ENI-MPH,2025,7,1083.36,100.0,10000.0,8216.15,3949.21,232,771
AirSWIFT,ENI-TAG,2025,7,438.672,100.0,10000.0,8216.15,3554.34,232,381
AirSWIFT,ENI-USU,2025,7,1220.112,100.0,10000.0,8216.15,4070.48,232,176
AirSWIFT,MNL-ENI,2025,7,8372.064,100.0,10000.0,3728.05,8106.57,6337,238
AirSWIFT,MPH-ENI,2025,7,1019.424,100.0,10000.0,3320.57,8106.57,967,238
AirSWIFT,PPS-ENI,2025,7,88.8,100.0,10000.0,4280.1,8106.57,510,238
AirSWIFT,TAG-ENI,2025,7,438.672,100.0,10000.0,3398.76,8106.57,427,238
AirSWIFT,USU-ENI,2025,7,1156.176,100.0,10000.0,5167.51,8106.57,279,238
Cebgo,BCD-CEB,2025,7,4027.968,55.72,5065.44,3292.55,2715.47,588,2632
Cebgo,BXU-CEB,2025,7,3900.096,67.57,5617.41,4728.07,2715.47,284,2632
Cebgo,CEB-BCD,2025,7,3964.032,53.97,5031.52,2865.51,3252.27,2476,522
Cebgo,CEB-BXU,2025,7,2941.056,61.88,5282.27,2865.51,4903.46,2476,269
Cebgo,CEB-CEB,2025,7,127.872,23.76,6377.08,2865.51,2715.47,2476,2632
Cebgo,CEB-CGM,2025,7,3004.992,100.0,10000.0,2865.51,10000.0,2476,47
Cebgo,CEB-CGY,2025,7,7544.448,58.58,5147.23,2865.51,3308.01,2476,591
Cebgo,CEB-CRK,2025,7,575.424,12.81,7766.19,2865.51,4379.2,2476,355
Cebgo,CEB-CYP,2025,7,959.04,100.0,10000.0,2865.51,5049.8,2476,28
Cebgo,CEB-DGT,2025,7,2749.248,100.0,10000.0,2865.51,4909.01,2476,241
Cebgo,CEB-DPL,2025,7,1022.976,100.0,10000.0,2865.51,4362.19,2476,87
Cebgo,CEB-DRP,2025,7,2749.248,100.0,10000.0,2865.51,4608.19,2476,310
Cebgo,CEB-IAO,2025,7,5178.816,55.81,4907.62,2865.51,4994.66,2476,321
Cebgo,CEB-ILO,2025,7,3836.16,49.0,4565.12,2865.51,3652.33,2476,764
Cebgo,CEB-MBT,2025,7,703.296,100.0,10000.0,2865.51,10000.0,2476,28
Cebgo,CEB-MNL,2025,7,255.744,0.16,3398.31,2865.51,3628.53,2476,6973
Cebgo,CEB-OZC,2025,7,1790.208,69.52,5762.06,2865.51,4134.92,2476,120
Cebgo,CEB-PAG,2025,7,2877.12,100.0,10000.0,2865.51,6380.66,2476,101
Cebgo,CEB-SUG,2025,7,2365.632,100.0,10000.0,2865.51,10000.0,2476,37
Cebgo,CEB-TAC,2025,7,1662.336,48.7,5003.38,2865.51,3532.54,2476,393
Cebgo,CEB-USU,2025,7,1086.912,39.13,5236.31,2865.51,4070.48,2476,176
Cebgo,CGM-CEB,2025,7,2749.248,100.0,10000.0,10000.0,2715.47,43,2632
Cebgo,CGY-CEB,2025,7,7608.384,58.78,5154.18,3418.34,2715.47,646,2632
Cebgo,CGY-DVO,2025,7,895.104,100.0,10000.0,3418.34,5014.07,646,986
Cebgo,CRK-CEB,2025,7,575.424,7.53,5025.09,4019.34,2715.47,354,2632
Cebgo,CRK-ENI,2025,7,1470.528,100.0,10000.0,4019.34,8106.57,354,238
Cebgo,CRK-IAO,2025,7,1982.016,53.97,5031.52,4019.34,4994.66,354,321
Cebgo,CRK-MBT,2025,7,1086.912,100.0,10000.0,4019.34,10000.0,354,28
Cebgo,CRK-TAG,2025,7,1214.784,100.0,10000.0,4019.34,3554.34,354,381
Cebgo,CRK-USU,2025,7,1982.016,58.8,5154.88,4019.34,4070.48,354,176
Cebgo,CYP-CEB,2025,7,1022.976,100.0,10000.0,5086.63,2715.47,29,2632
Cebgo,DGT-CEB,2025,7,2749.248,100.0,10000.0,4504.35,2715.47,211,2632
Cebgo,DPL-CEB,2025,7,1662.336,100.0,10000.0,4057.97,2715.47,96,2632
Cebgo,DRP-CEB,2025,7,2685.312,100.0,10000.0,4601.4,2715.47,306,2632
Cebgo,DVO-CGY,2025,7,831.168,100.0,10000.0,4945.45,3308.01,992,591
Cebgo,DVO-IAO,2025,7,1406.592,100.0,10000.0,4945.45,4994.66,992,321
Cebgo,ENI-CRK,2025,7,1342.656,100.0,10000.0,8216.15,4379.2,232,355
Cebgo,IAO-CEB,2025,7,8055.936,66.61,5429.76,4497.93,2715.47,353,2632
Cebgo,IAO-CRK,2025,7,1982.016,41.41,3503.78,4497.93,4379.2,353,355
Cebgo,IAO-DVO,2025,7,1406.592,100.0,10000.0,4497.93,5014.07,353,986
Cebgo,ILO-CEB,2025,7,3708.288,48.67,4742.77,3395.57,2715.47,696,2632
Cebgo,MBT-CEB,2025,7,639.36,100.0,10000.0,10000.0,2715.47,26,2632
Cebgo,MBT-CRK,2025,7,1022.976,100.0,10000.0,10000.0,4379.2,26,355
Cebgo,MNL-CEB,2025,7,2621.376,1.67,3286.97,3728.05,2715.47,6337,2632
Cebgo,MNL-MPH,2025,7,1918.08,2.09,3556.47,3728.05,3949.21,6337,771
Cebgo,MNL-USU,2025,7,1854.144,52.3,5010.58,3728.05,4070.48,6337,176
Cebgo,MNL-WNP,2025,7,2749.248,100.0,10000.0,3728.05,10000.0,6337,43
Cebgo,MPH-CEB,2025,7,1854.144,14.29,5493.27,3320.57,2715.47,967,2632
Cebgo,MPH-CRK,2025,7,255.744,3.18,8576.21,3320.57,4379.2,967,355
Cebgo,MPH-MNL,2025,7,1918.08,1.62,3294.41,3320.57,3628.53,967,6973
Cebgo,OZC-CEB,2025,7,2557.44,75.0,6090.62,3878.76,2715.47,132,2632
Cebgo,PAG-CEB,2025,7,2877.12,100.0,10000.0,6380.66,2715.47,101,2632
Cebgo,PPS-CRK,2025,7,63.936,2.89,9438.7,4280.1,4379.2,510,355
Cebgo,SUG-CEB,2025,7,2301.696,95.15,9077.04,9077.8,2715.47,38,2632
Cebgo,SWL-CEB,2025,7,639.36,100.0,10000.0,10000.0,2715.47,10,2632
Cebgo,TAC-CEB,2025,7,2749.248,61.92,5284.17,3229.34,2715.47,503,2632
Cebgo,TAG-CEB,2025,7,63.936,100.0,10000.0,3398.76,2715.47,427,2632
Cebgo,TAG-CRK,2025,7,1214.784,100.0,10000.0,3398.76,4379.2,427,355
Cebgo,USU-CEB,2025,7,2685.312,62.17,5188.62,5167.51,2715.47,279,2632
Cebgo,USU-CRK,2025,7,1918.08,56.96,5096.88,5167.51,4379.2,279,355
Cebgo,USU-MNL,2025,7,7032.96,81.18,6944.38,5167.51,3628.53,279,6973
Cebgo,WNP-MNL,2025,7,2813.184,100.0,10000.0,10000.0,3628.53,44,6973
Cebu Pacific,BCD-DVO,2025,7,2390.496,100.0,10000.0,3292.55,5014.07,588,986
Cebu Pacific,BCD-MNL,2025,7,32610.912,40.61,3536.67,3292.55,3628.53,588,6973
Cebu Pacific,BXU-MNL,2025,7,25769.76,71.48,5922.78,4728.07,3628.53,284,6973
Cebu Pacific,CEB-CRK,2025,7,3916.08,87.19,7766.19,2865.51,4379.2,2476,355
Cebu Pacific,CEB-DVO,2025,7,15316.224,68.25,5666.12,2865.51,5014.07,2476,986
Cebu Pacific,CEB-GES,2025,7,1486.512,38.54,5262.66,2865.51,5102.07,2476,215
Cebu Pacific,CEB-ILO,2025,7,369.408,4.72,4565.12,2865.51,3652.33,2476,764
Cebu Pacific,CEB-MNL,2025,7,57732.432,35.2,3398.31,2865.51,3628.53,2476,6973
Cebu Pacific,CEB-MPH,2025,7,9414.576,83.41,7232.46,2865.51,3949.21,2476,771
Cebu Pacific,CEB-PPS,2025,7,9469.632,79.68,6761.8,2865.51,4030.11,2476,544
Cebu Pacific,CEB-SJI,2025,7,58.608,100.0,10000.0,2865.51,10000.0,2476,15
Cebu Pacific,CGY-ILO,2025,7,1651.68,100.0,10000.0,3418.34,3652.33,646,764
Cebu Pacific,CGY-MNL,2025,7,38681.28,49.65,4022.37,3418.34,3628.53,646,6973
Cebu Pacific,CRK-CEB,2025,7,4955.04,64.85,5025.09,4019.34,2715.47,354,2632
Cebu Pacific,CRK-DVO,2025,7,1982.016,100.0,10000.0,4019.34,5014.07,354,986
Cebu Pacific,CRK-ILO,2025,7,2642.688,100.0,10000.0,4019.34,3652.33,354,764
Cebu Pacific,CRK-MPH,2025,7,7491.168,98.46,9696.74,4019.34,3949.21,354,771
Cebu Pacific,CRK-PPS,2025,7,2147.184,100.0,10000.0,4019.34,4030.11,354,544
Cebu Pacific,CRK-TBH,2025,7,58.608,100.0,10000.0,4019.34,10000.0,354,1
Cebu Pacific,CYZ-MNL,2025,7,7267.392,67.97,5645.84,5646.09,3628.53,66,6973
Cebu Pacific,DGT-MNL,2025,7,17507.808,63.1,5343.22,4504.35,3628.53,211,6973
Cebu Pacific,DMK-ILO,2025,7,1651.68,100.0,10000.0,10000.0,3652.33,10,764
Cebu Pacific,DPL-MNL,2025,7,6606.72,57.14,5101.96,4057.97,3628.53,96,6973
Cebu Pacific,DRP-ILO,2025,7,1982.016,100.0,10000.0,4601.4,3652.33,306,764
Cebu Pacific,DRP-MNL,2025,7,24741.456,55.73,5065.67,4601.4,3628.53,306,6973
Cebu Pacific,DVO-BCD,2025,7,2390.496,100.0,10000.0,4945.45,3252.27,992,522
Cebu Pacific,DVO-CEB,2025,7,15442.32,68.43,5679.33,4945.45,2715.47,992,2632
Cebu Pacific,DVO-CRK,2025,7,1982.016,100.0,10000.0,4945.45,4379.2,992,355
Cebu Pacific,DVO-ILO,2025,7,5276.496,100.0,10000.0,4945.45,3652.33,992,764
Cebu Pacific,DVO-MNL,2025,7,64466.136,48.91,5002.38,4945.45,3628.53,992,6973
Cebu Pacific,DVO-MPH,2025,7,2312.352,100.0,10000.0,4945.45,3949.21,992,771
Cebu Pacific,DVO-PPS,2025,7,2807.856,100.0,10000.0,4945.45,4030.11,992,544
Cebu Pacific,DVO-TAG,2025,7,2390.496,57.72,5119.2,4945.45,3554.34,992,381
Cebu Pacific,GES-CEB,2025,7,1486.512,38.54,5262.66,5102.07,2715.47,215,2632
Cebu Pacific,GES-ILO,2025,7,1486.512,100.0,10000.0,5102.07,3652.33,215,764
Cebu Pacific,GES-MNL,2025,7,27215.424,57.31,5106.87,5102.07,3628.53,215,6973
Cebu Pacific,HKG-DVO,2025,7,2021.088,100.0,10000.0,10000.0,5014.07,12,986
Cebu Pacific,ILO-CEB,2025,7,204.24,2.68,4742.77,3395.57,2715.47,696,2632
Cebu Pacific,ILO-CGY,2025,7,1651.68,100.0,10000.0,3395.57,3308.01,696,591
Cebu Pacific,ILO-CRK,2025,7,2477.52,100.0,10000.0,3395.57,4379.2,696,355
Cebu Pacific,ILO-DRP,2025,7,2147.184,100.0,10000.0,3395.57,4608.19,696,310
Cebu Pacific,ILO-DVO,2025,7,5276.496,100.0,10000.0,3395.57,5014.07,696,986
Cebu Pacific,ILO-GES,2025,7,1486.512,100.0,10000.0,3395.57,5102.07,696,215
Cebu Pacific,ILO-MNL,2025,7,28282.8,35.31,3339.68,3395.57,3628.53,696,6973
Cebu Pacific,ILO-PPS,2025,7,2807.856,100.0,10000.0,3395.57,4030.11,696,544
Cebu Pacific,ILO-TAC,2025,7,1651.68,100.0,10000.0,3395.57,3532.54,696,393
Cebu Pacific,ILO-TAG,2025,7,1486.512,100.0,10000.0,3395.57,3554.34,696,381
Cebu Pacific,ILO-ZAM,2025,7,1982.016,100.0,10000.0,3395.57,5678.67,696,38
Cebu Pacific,KLO-MNL,2025,7,4789.872,23.77,6376.03,6396.32,3628.53,123,6973
Cebu Pacific,LAO-MNL,2025,7,4294.368,31.33,5697.14,5697.49,3628.53,83,6973
Cebu Pacific,MNL-BCD,2025,7,28043.04,40.77,3523.17,3728.05,3252.27,6337,522
Cebu Pacific,MNL-BXU,2025,7,25769.76,71.16,5895.49,3728.05,4903.46,6337,269
Cebu Pacific,MNL-CEB,2025,7,53017.152,33.69,3286.97,3728.05,2715.47,6337,2632
Cebu Pacific,MNL-CGY,2025,7,34383.36,50.29,3960.35,3728.05,3308.01,6337,591
Cebu Pacific,MNL-CYZ,2025,7,7267.392,67.97,5645.84,3728.05,5646.09,6337,66
Cebu Pacific,MNL-DGT,2025,7,22462.848,68.69,5698.63,3728.05,4909.01,6337,241
Cebu Pacific,MNL-DPL,2025,7,6606.72,56.34,5080.39,3728.05,4362.19,6337,87
Cebu Pacific,MNL-DRP,2025,7,25071.792,56.06,5073.45,3728.05,4608.19,6337,310
Cebu Pacific,MNL-DVO,2025,7,62071.2,50.08,5000.01,3728.05,5014.07,6337,986
Cebu Pacific,MNL-GES,2025,7,27215.424,57.31,5106.87,3728.05,5102.07,6337,215
Cebu Pacific,MNL-ILO,2025,7,36304.992,41.31,3428.88,3728.05,3652.33,6337,764
Cebu Pacific,MNL-KLO,2025,7,4789.872,23.77,6376.03,3728.05,6375.97,6337,122
Cebu Pacific,MNL-LAO,2025,7,4294.368,31.33,5697.14,3728.05,5697.49,6337,83
Cebu Pacific,MNL-MNL,2025,7,165.168,100.0,10000.0,3728.05,3628.53,6337,6973
Cebu Pacific,MNL-MPH,2025,7,43604.352,47.57,3556.47,3728.05,3949.21,6337,771
Cebu Pacific,MNL-OZC,2025,7,7928.064,60.76,5231.56,3728.05,4134.92,6337,120
Cebu Pacific,MNL-PAG,2025,7,9249.408,100.0,10000.0,3728.05,6380.66,6337,101
Cebu Pacific,MNL-PPS,2025,7,33305.328,45.96,3573.11,3728.05,4030.11,6337,544
Cebu Pacific,MNL-RXS,2025,7,9910.08,57.14,4314.1,3728.05,4314.74,6337,105
Cebu Pacific,MNL-SJI,2025,7,2312.352,100.0,10000.0,3728.05,10000.0,6337,15
Cebu Pacific,MNL-TAC,2025,7,22958.352,41.45,3677.91,3728.05,3532.54,6337,393
Cebu Pacific,MNL-TAG,2025,7,22910.4,42.46,3649.97,3728.05,3554.34,6337,381
Cebu Pacific,MNL-TUG,2025,7,12883.104,74.74,6224.14,3728.05,6223.87,6337,105
Cebu Pacific,MNL-VRC,2025,7,4955.04,100.0,10000.0,3728.05,10000.0,6337,30
Cebu Pacific,MPH-CEB,2025,7,9249.408,71.28,5493.27,3320.57,2715.47,967,2632
Cebu Pacific,MPH-CRK,2025,7,7432.56,92.45,8576.21,3320.57,4379.2,967,355
Cebu Pacific,MPH-DVO,2025,7,2312.352,100.0,10000.0,3320.57,5014.07,967,986
Cebu Pacific,MPH-MNL,2025,7,43604.352,36.77,3294.41,3320.57,3628.53,967,6973
Cebu Pacific,NRT-CRK,2025,7,3468.528,100.0,10000.0,10000.0,4379.2,21,355
Cebu Pacific,OZC-CEB,2025,7,127.872,3.75,6090.62,3878.76,2715.47,132,2632
Cebu Pacific,OZC-MNL,2025,7,7762.896,60.26,5210.54,3878.76,3628.53,132,6973
Cebu Pacific,PAG-MNL,2025,7,9249.408,100.0,10000.0,6380.66,3628.53,101,6973
Cebu Pacific,PPS-CEB,2025,7,9673.872,88.9,8026.42,4280.1,2715.47,510,2632
Cebu Pacific,PPS-CRK,2025,7,2147.184,97.11,9438.7,4280.1,4379.2,510,355
Cebu Pacific,PPS-DVO,2025,7,2807.856,100.0,10000.0,4280.1,5014.07,510,986
Cebu Pacific,PPS-ILO,2025,7,2807.856,100.0,10000.0,4280.1,3652.33,510,764
Cebu Pacific,PPS-MNL,2025,7,33305.328,47.58,3774.9,4280.1,3628.53,510,6973
Cebu Pacific,RXS-MNL,2025,7,9910.08,57.14,4314.1,4314.74,3628.53,105,6973
Cebu Pacific,SIN-ILO,2025,7,1486.512,100.0,10000.0,10000.0,3652.33,9,764
Cebu Pacific,SJI-MNL,2025,7,2312.352,100.0,10000.0,10000.0,3628.53,14,6973
Cebu Pacific,TAC-DVO,2025,7,1651.68,100.0,10000.0,3229.34,5014.07,503,986
Cebu Pacific,TAC-ILO,2025,7,1651.68,100.0,10000.0,3229.34,3652.33,503,764
Cebu Pacific,TAC-MNL,2025,7,26922.384,38.89,3457.16,3229.34,3628.53,503,6973
Cebu Pacific,TAG-DVO,2025,7,2390.496,59.45,5178.6,3398.76,5014.07,427,986
Cebu Pacific,TAG-ILO,2025,7,1486.512,100.0,10000.0,3398.76,3652.33,427,764
Cebu Pacific,TAG-MNL,2025,7,26217.312,42.02,3484.71,3398.76,3628.53,427,6973
Cebu Pacific,TUG-MNL,2025,7,21592.608,83.22,7207.14,7206.73,3628.53,159,6973
Cebu Pacific,USU-CEB,2025,7,63.936,1.48,5188.62,5167.51,2715.47,279,2632
Cebu Pacific,VRC-MNL,2025,7,3964.032,100.0,10000.0,10000.0,3628.53,24,6973
Cebu Pacific,ZAM-DVO,2025,7,1816.848,100.0,10000.0,5325.29,5014.07,241,986
Cebu Pacific,ZAM-ILO,2025,7,1982.016,100.0,10000.0,5325.29,3652.33,241,764
Cebu Pacific,ZAM-MNL,2025,7,19363.728,66.15,5521.65,5325.29,3628.53,241,6973
Philippine Airlines,BCD-CEB,2025,7,2912.032,44.28,5065.44,3292.55,2715.47,588,2632
Philippine Airlines,BCD-MNL,2025,7,27459.072,37.58,3536.67,3292.55,3628.53,588,6973
Philippine Airlines,BPA-CEB,2025,7,659.328,100.0,10000.0,10000.0,2715.47,12,2632
Philippine Airlines,BSO-CRK,2025,7,824.16,100.0,10000.0,10000.0,4379.2,15,355
Philippine Airlines,BXU-CEB,2025,7,1703.264,32.43,5617.41,4728.07,2715.47,284,2632
Philippine Airlines,BXU-MNL,2025,7,9353.408,28.52,5922.78,4728.07,3628.53,284,6973
Philippine Airlines,CBO-CEB,2025,7,384.608,100.0,10000.0,10000.0,2715.47,60,2632
Philippine Airlines,CBO-MNL,2025,7,7063.536,100.0,10000.0,10000.0,3628.53,60,6973
Philippine Airlines,CBO-TWT,2025,7,329.664,100.0,10000.0,10000.0,10000.0,60,19
Philippine Airlines,CEB-BCD,2025,7,3076.864,46.03,5031.52,2865.51,3252.27,2476,522
Philippine Airlines,CEB-BPA,2025,7,714.272,100.0,10000.0,2865.51,10000.0,2476,13
Philippine Airlines,CEB-BXU,2025,7,1648.32,38.12,5282.27,2865.51,4903.46,2476,269
Philippine Airlines,CEB-CBO,2025,7,494.496,100.0,10000.0,2865.51,10000.0,2476,63
Philippine Airlines,CEB-CGY,2025,7,4854.464,41.42,5147.23,2865.51,3308.01,2476,591
Philippine Airlines,CEB-CRM,2025,7,714.272,100.0,10000.0,2865.51,10000.0,2476,30
Philippine Airlines,CEB-DVO,2025,7,6483.392,31.75,5666.12,2865.51,5014.07,2476,986
Philippine Airlines,CEB-GES,2025,7,2157.36,61.46,5262.66,2865.51,5102.07,2476,215
Philippine Airlines,CEB-IAO,2025,7,3571.36,42.3,4907.62,2865.51,4994.66,2476,321
Philippine Airlines,CEB-ILO,2025,7,3296.64,46.28,4565.12,2865.51,3652.33,2476,764
Philippine Airlines,CEB-MNL,2025,7,60666.256,40.65,3398.31,2865.51,3628.53,2476,6973
Philippine Airlines,CEB-MPH,2025,7,1703.264,16.59,7232.46,2865.51,3949.21,2476,771
Philippine Airlines,CEB-OZC,2025,7,714.272,30.48,5762.06,2865.51,4134.92,2476,120
Philippine Airlines,CEB-PPS,2025,7,2197.76,20.32,6761.8,2865.51,4030.11,2476,544
Philippine Airlines,CEB-TAC,2025,7,1593.376,51.3,5003.38,2865.51,3532.54,2476,393
Philippine Airlines,CEB-USU,2025,7,1538.432,60.87,5236.31,2865.51,4070.48,2476,176
Philippine Airlines,CGY-CEB,2025,7,4854.464,41.22,5154.18,3418.34,2715.47,646,2632
Philippine Airlines,CGY-MNL,2025,7,26377.968,37.21,4022.37,3418.34,3628.53,646,6973
Philippine Airlines,CRK-BSO,2025,7,934.048,100.0,10000.0,4019.34,10000.0,354,36
Philippine Airlines,CRK-IAO,2025,7,1538.432,46.03,5031.52,4019.34,4994.66,354,321
Philippine Airlines,CRK-USU,2025,7,1263.712,41.2,5154.88,4019.34,4070.48,354,176
Philippine Airlines,CRM-CEB,2025,7,714.272,100.0,10000.0,10000.0,2715.47,30,2632
Philippine Airlines,CRM-MNL,2025,7,934.048,100.0,10000.0,10000.0,3628.53,30,6973
Philippine Airlines,CYP-MNL,2025,7,714.272,100.0,10000.0,5086.63,3628.53,29,6973
Philippine Airlines,CYZ-MNL,2025,7,3115.648,32.03,5645.84,5646.09,3628.53,66,6973
Philippine Airlines,DGT-MNL,2025,7,9317.856,36.9,5343.22,4504.35,3628.53,211,6973
Philippine Airlines,DPL-MNL,2025,7,4508.64,42.86,5101.96,4057.97,3628.53,96,6973
Philippine Airlines,DRP-MNL,2025,7,17884.272,44.27,5065.67,4601.4,3628.53,306,6973
Philippine Airlines,DVO-CEB,2025,7,6483.392,31.57,5679.33,4945.45,2715.47,992,2632
Philippine Airlines,DVO-MNL,2025,7,61281.952,51.09,5002.38,4945.45,3628.53,992,6973
Philippine Airlines,DVO-TAG,2025,7,1593.376,42.28,5119.2,4945.45,3554.34,992,381
Philippine Airlines,EUQ-MNL,2025,7,604.384,100.0,10000.0,10000.0,3628.53,11,6973
Philippine Airlines,GES-CEB,2025,7,2157.36,61.46,5262.66,5102.07,2715.47,215,2632
Philippine Airlines,GES-MNL,2025,7,18443.408,42.69,5106.87,5102.07,3628.53,215,6973
Philippine Airlines,IAO-CEB,2025,7,3461.472,31.45,5429.76,4497.93,2715.47,353,2632
Philippine Airlines,IAO-CRK,2025,7,1538.432,35.32,3503.78,4497.93,4379.2,353,355
Philippine Airlines,IAO-MNL,2025,7,3296.64,100.0,10000.0,4497.93,3628.53,353,6973
Philippine Airlines,ILO-CEB,2025,7,3372.592,48.65,4742.77,3395.57,2715.47,696,2632
Philippine Airlines,ILO-MNL,2025,7,23937.808,32.84,3339.68,3395.57,3628.53,696,6973
Philippine Airlines,LAO-MNL,2025,7,8566.416,68.67,5697.14,5697.49,3628.53,83,6973
Philippine Airlines,MNL-BCD,2025,7,23100.72,36.91,3523.17,3728.05,3252.27,6337,522
Philippine Airlines,MNL-BSO,2025,7,1043.936,100.0,10000.0,3728.05,10000.0,6337,36
Philippine Airlines,MNL-BXU,2025,7,9503.696,28.84,5895.49,3728.05,4903.46,6337,269
Philippine Airlines,MNL-CBO,2025,7,7063.536,100.0,10000.0,3728.05,10000.0,6337,63
Philippine Airlines,MNL-CEB,2025,7,57117.52,39.88,3286.97,3728.05,2715.47,6337,2632
Philippine Airlines,MNL-CGY,2025,7,21612.384,34.74,3960.35,3728.05,3308.01,6337,591
Philippine Airlines,MNL-CRM,2025,7,934.048,100.0,10000.0,3728.05,10000.0,6337,30
Philippine Airlines,MNL-CYP,2025,7,714.272,100.0,10000.0,3728.05,5049.8,6337,28
Philippine Airlines,MNL-CYZ,2025,7,3115.648,32.03,5645.84,3728.05,5646.09,6337,66
Philippine Airlines,MNL-DGT,2025,7,9317.856,31.31,5698.63,3728.05,4909.01,6337,241
Philippine Airlines,MNL-DPL,2025,7,4658.928,43.66,5080.39,3728.05,4362.19,6337,87
Philippine Airlines,MNL-DRP,2025,7,17884.272,43.94,5073.45,3728.05,4608.19,6337,310
Philippine Airlines,MNL-DVO,2025,7,56303.056,49.92,5000.01,3728.05,5014.07,6337,986
Philippine Airlines,MNL-EUQ,2025,7,659.328,100.0,10000.0,3728.05,10000.0,6337,12
Philippine Airlines,MNL-GES,2025,7,18443.408,42.69,5106.87,3728.05,5102.07,6337,215
Philippine Airlines,MNL-IAO,2025,7,4999.904,100.0,10000.0,3728.05,4994.66,6337,321
Philippine Airlines,MNL-ILO,2025,7,23937.808,29.93,3428.88,3728.05,3652.33,6337,764
Philippine Airlines,MNL-LAO,2025,7,8566.416,68.67,5697.14,3728.05,5697.49,6337,83
Philippine Airlines,MNL-MPH,2025,7,23798.832,28.53,3556.47,3728.05,3949.21,6337,771
Philippine Airlines,MNL-OZC,2025,7,4658.928,39.24,5231.56,3728.05,4134.92,6337,120
Philippine Airlines,MNL-PPS,2025,7,17451.184,26.46,3573.11,3728.05,4030.11,6337,544
Philippine Airlines,MNL-RXS,2025,7,4658.928,29.52,4314.1,3728.05,4314.74,6337,105
Philippine Airlines,MNL-TAC,2025,7,20338.976,40.36,3677.91,3728.05,3532.54,6337,393
Philippine Airlines,MNL-TAG,2025,7,18934.672,38.56,3649.97,3728.05,3554.34,6337,381
Philippine Airlines,MNL-TUG,2025,7,3962.432,25.26,6224.14,3728.05,6223.87,6337,105
Philippine Airlines,MNL-USU,2025,7,1538.432,47.7,5010.58,3728.05,4070.48,6337,176
Philippine Airlines,MNL-ZAM,2025,7,1953.744,100.0,10000.0,3728.05,5678.67,6337,38
Philippine Airlines,MPH-CEB,2025,7,1703.264,14.43,5493.27,3320.57,2715.47,967,2632
Philippine Airlines,MPH-MNL,2025,7,28307.472,26.23,3294.41,3320.57,3628.53,967,6973
Philippine Airlines,OZC-CEB,2025,7,659.328,21.25,6090.62,3878.76,2715.47,132,2632
Philippine Airlines,OZC-MNL,2025,7,4658.928,39.74,5210.54,3878.76,3628.53,132,6973
Philippine Airlines,PPS-CEB,2025,7,1098.88,11.1,8026.42,4280.1,2715.47,510,2632
Philippine Airlines,PPS-MNL,2025,7,21971.136,34.49,3774.9,4280.1,3628.53,510,6973
Philippine Airlines,RXS-MNL,2025,7,4658.928,29.52,4314.1,4314.74,3628.53,105,6973
Philippine Airlines,TAC-CEB,2025,7,1538.432,38.08,5284.17,3229.34,2715.47,503,2632
Philippine Airlines,TAC-MNL,2025,7,15308.368,24.3,3457.16,3229.34,3628.53,503,6973
Philippine Airlines,TAG-DVO,2025,7,1483.488,40.55,5178.6,3398.76,5014.07,427,986
Philippine Airlines,TAG-MNL,2025,7,18934.672,33.36,3484.71,3398.76,3628.53,427,6973
Philippine Airlines,TUG-MNL,2025,7,3962.432,16.78,7207.14,7206.73,3628.53,159,6973
Philippine Airlines,TWT-CBO,2025,7,384.608,100.0,10000.0,10000.0,10000.0,20,63
Philippine Airlines,TWT-ZAM,2025,7,1953.744,100.0,10000.0,10000.0,5678.67,20,38
Philippine Airlines,USU-CEB,2025,7,1428.544,36.35,5188.62,5167.51,2715.47,279,2632
Philippine Airlines,USU-CRK,2025,7,1318.656,43.04,5096.88,5167.51,4379.2,279,355
Philippine Airlines,USU-MNL,2025,7,1483.488,18.82,6944.38,5167.51,3628.53,279,6973
Philippine Airlines,ZAM-CEB,2025,7,1538.432,100.0,10000.0,5325.29,2715.47,241,2632
Philippine Airlines,ZAM-MNL,2025,7,9017.28,33.85,5521.65,5325.29,3628.53,241,6973
Philippine Airlines,ZAM-TWT,2025,7,1953.744,100.0,10000.0,5325.29,10000.0,241,19
Sunlight Air,BSI-CRK,2025,7,56.1,100.0,10000.0,10000.0,4379.2,1,355
Sunlight Air,CEB-CEB,2025,7,392.7,76.24,6377.08,2865.51,2715.47,2476,2632
Sunlight Air,CEB-IAO,2025,7,168.3,1.89,4907.62,2865.51,4994.66,2476,321
Sunlight Air,CEB-MNL,2025,7,2412.3,1.54,3398.31,2865.51,3628.53,2476,6973
Sunlight Air,CRK-CEB,2025,7,2019.6,27.62,5025.09,4019.34,2715.47,354,2632
Sunlight Air,CRK-MPH,2025,7,112.2,1.54,9696.74,4019.34,3949.21,354,771
Sunlight Air,IAO-CEB,2025,7,224.4,1.94,5429.76,4497.93,2715.47,353,2632
Sunlight Air,IAO-CRK,2025,7,1065.9,23.27,3503.78,4497.93,4379.2,353,355
Sunlight Air,MNL-CEB,2025,7,1739.1,1.15,3286.97,3728.05,2715.47,6337,2632
Sunlight Air,MPH-CRK,2025,7,336.6,4.37,8576.21,3320.57,4379.2,967,355
Sunlight Air,SUG-CEB,2025,7,112.2,4.85,9077.04,9077.8,2715.47,38,2632
AirAsia,BCD-MNL,2025,8,16719.54,20.11,3616.55,3346.17,3675.15,588,7196
AirAsia,CEB-MNL,2025,8,35591.1,19.7,3536.46,2927.62,3675.15,2535,7196
AirAsia,CGY-MNL,2025,8,8111.46,10.72,4207.84,3484.62,3675.15,662,7196
AirAsia,ILO-MNL,2025,8,23910.74,28.66,3390.59,3475.7,3675.15,703,7196
AirAsia,KLO-MNL,2025,8,14070.9,74.56,6206.39,6206.53,3675.15,114,7196
AirAsia,MNL-BCD,2025,8,14567.52,20.49,3613.65,3779.26,3309.66,6510,517
AirAsia,MNL-CEB,2025,8,35591.1,21.08,3351.6,3779.26,2723.64,6510,2736
AirAsia,MNL-CGY,2025,8,8111.46,12.16,4152.35,3779.26,3372.58,6510,612
AirAsia,MNL-ILO,2025,8,21023.58,24.28,3550.67,3779.26,3775.35,6510,731
AirAsia,MNL-KLO,2025,8,14070.9,74.56,6206.39,3779.26,6206.53,6510,114
AirAsia,MNL-MPH,2025,8,20195.88,22.48,3635.35,3779.26,3921.83,6510,768
AirAsia,MNL-PPS,2025,8,18209.4,26.22,3674.61,3779.26,4097.88,6510,505
AirAsia,MNL-RXS,2025,8,2152.02,12.62,4346.27,3779.26,4346.31,6510,103
AirAsia,MNL-TAC,2025,8,10263.48,18.36,3674.63,3779.26,3705.6,6510,359
AirAsia,MNL-TAG,2025,8,11422.26,20.63,3596.85,3779.26,3453.04,6510,377
AirAsia,MPH-MNL,2025,8,41053.92,35.98,3363.85,3257.16,3675.15,972,7196
AirAsia,PPS-MNL,2025,8,12415.5,19.3,3948.87,4467.64,3675.15,462,7196
AirAsia,RXS-MNL,2025,8,2152.02,12.62,4346.27,4346.31,3675.15,103,7196
AirAsia,TAC-MNL,2025,8,26755.18,36.5,3430.81,3242.92,3675.15,506,7196
AirAsia,TAG-MNL,2025,8,14401.98,22.24,3639.29,3515.85,3675.15,429,7196
AirSWIFT,CEB-ENI,2025,8,1760.958,100.0,10000.0,2927.62,8350.01,2535,360
AirSWIFT,ENI-CEB,2025,8,1720.308,100.0,10000.0,8330.71,2723.64,355,2736
AirSWIFT,ENI-MNL,2025,8,12126.708,100.0,10000.0,8330.71,3675.15,355,7196
AirSWIFT,ENI-MPH,2025,8,1689.414,100.0,10000.0,8330.71,3921.83,355,768
AirSWIFT,ENI-TAG,2025,8,707.31,100.0,10000.0,8330.71,3453.04,355,377
AirSWIFT,ENI-USU,2025,8,1684.536,100.0,10000.0,8330.71,3152.83,355,216
AirSWIFT,MNL-ENI,2025,8,12009.636,100.0,10000.0,3779.26,8350.01,6510,360
AirSWIFT,MPH-ENI,2025,8,1788.6,100.0,10000.0,3257.16,8350.01,972,360
AirSWIFT,PPS-ENI,2025,8,175.608,100.0,10000.0,4467.64,8350.01,462,360
AirSWIFT,PPS-MNL,2025,8,58.536,0.1,3948.87,4467.64,3675.15,462,7196
AirSWIFT,TAG-ENI,2025,8,707.31,100.0,10000.0,3515.85,8350.01,429,360
AirSWIFT,USU-ENI,2025,8,1743.072,100.0,10000.0,4176.04,8350.01,350,360
Cebgo,BCD-CEB,2025,8,3746.304,61.18,5249.98,3346.17,2723.64,588,2736
Cebgo,BXU-CEB,2025,8,4624.344,72.96,6054.32,4652.45,2723.64,310,2736
Cebgo,CEB-BCD,2025,8,3687.768,59.33,5174.1,2927.62,3309.66,2535,517
Cebgo,CEB-BXU,2025,8,3043.872,63.98,5390.88,2927.62,4941.57,2535,282
Cebgo,CEB-CGM,2025,8,2458.512,100.0,10000.0,2927.62,10000.0,2535,42
Cebgo,CEB-CGY,2025,8,8195.04,64.38,5413.57,2927.62,3372.58,2535,612
Cebgo,CEB-CRK,2025,8,526.824,13.92,5908.43,2927.62,3678.38,2535,427
Cebgo,CEB-CYP,2025,8,1053.648,100.0,10000.0,2927.62,5178.59,2535,31
Cebgo,CEB-DGT,2025,8,2575.584,100.0,10000.0,2927.62,4920.73,2535,244
Cebgo,CEB-DPL,2025,8,1756.08,100.0,10000.0,2927.62,3979.34,2535,101
Cebgo,CEB-DRP,2025,8,2224.368,63.45,5361.8,2927.62,4648.03,2535,319
Cebgo,CEB-DVO,2025,8,58.536,0.28,5289.13,2927.62,5051.23,2535,966
Cebgo,CEB-IAO,2025,8,4507.272,46.46,3966.37,2927.62,4139.86,2535,353
Cebgo,CEB-ILO,2025,8,3687.768,57.16,5102.53,2927.62,3775.35,2535,731
Cebgo,CEB-MBT,2025,8,702.432,100.0,10000.0,2927.62,10000.0,2535,30
Cebgo,CEB-OZC,2025,8,878.04,54.99,5049.8,2927.62,4500.64,2535,105
Cebgo,CEB-PAG,2025,8,2868.264,100.0,10000.0,2927.62,6318.14,2535,108
Cebgo,CEB-SUG,2025,8,2165.832,97.58,9527.71,2927.62,9528.17,2535,38
Cebgo,CEB-TAC,2025,8,117.072,6.81,8730.75,2927.62,3705.6,2535,359
Cebgo,CEB-USU,2025,8,1053.648,40.5,5180.5,2927.62,3152.83,2535,216
Cebgo,CGM-CEB,2025,8,2399.976,100.0,10000.0,10000.0,2723.64,41,2736
Cebgo,CGY-CEB,2025,8,8195.04,64.11,5398.18,3484.62,2723.64,662,2736
Cebgo,CGY-DVO,2025,8,760.968,100.0,10000.0,3484.62,5051.23,662,966
Cebgo,CRK-CEB,2025,8,526.824,10.23,4768.02,3234.42,2723.64,390,2736
Cebgo,CRK-ENI,2025,8,1814.616,100.0,10000.0,3234.42,8350.01,390,360
Cebgo,CRK-IAO,2025,8,1639.008,39.44,3394.65,3234.42,4139.86,390,353
Cebgo,CRK-MBT,2025,8,1053.648,100.0,10000.0,3234.42,10000.0,390,30
Cebgo,CRK-TAG,2025,8,1053.648,100.0,10000.0,3234.42,3453.04,390,377
Cebgo,CRK-USU,2025,8,1697.544,41.84,3447.96,3234.42,3152.83,390,216
Cebgo,CYP-CEB,2025,8,1053.648,100.0,10000.0,5117.08,2723.64,32,2736
Cebgo,DGT-CEB,2025,8,2692.656,100.0,10000.0,4527.08,2723.64,217,2736
Cebgo,DPL-CEB,2025,8,1814.616,100.0,10000.0,3955.58,2723.64,102,2736
Cebgo,DRP-CEB,2025,8,2165.832,62.83,5329.22,4659.02,2723.64,316,2736
Cebgo,DVO-CEB,2025,8,58.536,0.27,5328.22,4955.0,2723.64,970,2736
Cebgo,DVO-CGY,2025,8,819.504,100.0,10000.0,4955.0,3372.58,970,612
Cebgo,DVO-IAO,2025,8,819.504,100.0,10000.0,4955.0,4139.86,970,353
Cebgo,ENI-CRK,2025,8,1814.616,100.0,10000.0,8330.71,3678.38,355,427
Cebgo,IAO-CEB,2025,8,7024.32,58.13,4380.31,3896.3,2723.64,382,2736
Cebgo,IAO-CRK,2025,8,1580.472,36.49,3350.81,3896.3,3678.38,382,427
Cebgo,IAO-DVO,2025,8,702.432,100.0,10000.0,3896.3,5051.23,382,966
Cebgo,ILO-CEB,2025,8,3804.84,56.96,5096.88,3475.7,2723.64,703,2736
Cebgo,MBT-CEB,2025,8,643.896,100.0,10000.0,10000.0,2723.64,29,2736
Cebgo,MBT-CRK,2025,8,1053.648,100.0,10000.0,10000.0,3678.38,29,427
Cebgo,MNL-CEB,2025,8,2458.512,1.59,3351.6,3779.26,2723.64,6510,2736
Cebgo,MNL-MPH,2025,8,1873.152,2.28,3635.35,3779.26,3921.83,6510,768
Cebgo,MNL-USU,2025,8,1873.152,52.17,5009.42,3779.26,3152.83,6510,216
Cebgo,MNL-WNP,2025,8,3160.944,100.0,10000.0,3779.26,10000.0,6510,54
Cebgo,MPH-CEB,2025,8,1697.544,13.58,5009.07,3257.16,2723.64,972,2736
Cebgo,MPH-CRK,2025,8,760.968,8.37,5952.99,3257.16,3678.38,972,427
Cebgo,MPH-MNL,2025,8,1873.152,1.8,3363.85,3257.16,3675.15,972,7196
Cebgo,OZC-CEB,2025,8,1814.616,66.91,5149.72,4086.9,2723.64,124,2736
Cebgo,PAG-CEB,2025,8,2926.8,100.0,10000.0,6280.03,2723.64,109,2736
Cebgo,PPS-CRK,2025,8,175.608,11.43,7975.29,4467.64,3678.38,462,427
Cebgo,SUG-CEB,2025,8,2517.048,100.0,10000.0,10000.0,2723.64,43,2736
Cebgo,SWL-CEB,2025,8,702.432,100.0,10000.0,10000.0,2723.64,12,2736
Cebgo,TAC-CEB,2025,8,2107.296,57.65,5117.04,3242.92,2723.64,506,2736
Cebgo,TAG-CRK,2025,8,1053.648,100.0,10000.0,3515.85,3678.38,429,427
Cebgo,USU-CEB,2025,8,2575.584,51.65,3893.07,4176.04,2723.64,350,2736
Cebgo,USU-CRK,2025,8,1697.544,46.42,3614.03,4176.04,3678.38,350,427
Cebgo,USU-MNL,2025,8,7199.928,80.25,6805.3,4176.04,3675.15,350,7196
Cebgo,WNP-MNL,2025,8,3512.16,100.0,10000.0,10000.0,3675.15,60,7196
Cebu Pacific,BCD-DVO,2025,8,1360.962,100.0,10000.0,3346.17,5051.23,588,966
Cebu Pacific,BCD-MNL,2025,8,32785.038,43.18,3616.55,3346.17,3675.15,588,7196
Cebu Pacific,BXU-MNL,2025,8,25196.496,72.81,6040.59,4652.45,3675.15,310,7196
Cebu Pacific,CEB-CRK,2025,8,2829.24,74.74,5908.43,2927.62,3678.38,2535,427
Cebu Pacific,CEB-DRP,2025,8,1281.288,36.55,5361.8,2927.62,4648.03,2535,319
Cebu Pacific,CEB-DVO,2025,8,12947.838,62.45,5289.13,2927.62,5051.23,2535,966
Cebu Pacific,CEB-GES,2025,8,1965.834,49.09,5001.66,2927.62,5134.89,2535,218
Cebu Pacific,CEB-MNL,2025,8,61212.396,37.1,3536.46,2927.62,3675.15,2535,7196
Cebu Pacific,CEB-MPH,2025,8,8468.208,76.95,6452.6,2927.62,3921.83,2535,768
Cebu Pacific,CEB-Not available,2025,8,107.316,100.0,10000.0,2927.62,10000.0,2535,2
Cebu Pacific,CEB-PPS,2025,8,7834.068,78.85,6664.64,2927.62,4097.88,2535,505
Cebu Pacific,CGY-ILO,2025,8,2117.052,100.0,10000.0,3484.62,3775.35,662,731
Cebu Pacific,CGY-MNL,2025,8,35915.088,51.97,4207.84,3484.62,3675.15,662,7196
Cebu Pacific,CRK-CEB,2025,8,3229.236,62.69,4768.02,3234.42,2723.64,390,2736
Cebu Pacific,CRK-DVO,2025,8,1512.18,100.0,10000.0,3234.42,5051.23,390,966
Cebu Pacific,CRK-ILO,2025,8,1058.526,100.0,10000.0,3234.42,3775.35,390,731
Cebu Pacific,CRK-MNL,2025,8,186.99,55.29,5055.97,3234.42,3675.15,390,7196
Cebu Pacific,CRK-MPH,2025,8,6956.028,91.94,8517.93,3234.42,3921.83,390,768
Cebu Pacific,CRK-PPS,2025,8,1360.962,100.0,10000.0,3234.42,4097.88,390,505
Cebu Pacific,CRK-TBH,2025,8,53.658,20.0,6800.0,3234.42,6800.0,390,5
Cebu Pacific,CYZ-MNL,2025,8,6956.028,68.28,5668.32,5668.62,3675.15,68,7196
Cebu Pacific,DGT-MNL,2025,8,16633.98,64.33,5410.7,4527.08,3675.15,217,7196
Cebu Pacific,DMK-ILO,2025,8,1360.962,100.0,10000.0,10000.0,3775.35,9,731
Cebu Pacific,DPL-MNL,2025,8,6199.938,57.75,5120.12,3955.58,3675.15,102,7196
Cebu Pacific,DRP-CEB,2025,8,1281.288,37.17,5329.22,4659.02,2723.64,316,2736
Cebu Pacific,DRP-ILO,2025,8,1396.734,100.0,10000.0,4659.02,3775.35,316,731
Cebu Pacific,DRP-MNL,2025,8,22985.136,54.13,5034.11,4659.02,3675.15,316,7196
Cebu Pacific,DVO-BCD,2025,8,1360.962,100.0,10000.0,4955.0,3309.66,970,517
Cebu Pacific,DVO-CEB,2025,8,13552.71,63.19,5328.22,4955.0,2723.64,970,2736
Cebu Pacific,DVO-CRK,2025,8,1512.18,100.0,10000.0,4955.0,3678.38,970,427
Cebu Pacific,DVO-ILO,2025,8,4902.39,100.0,10000.0,4955.0,3775.35,970,731
Cebu Pacific,DVO-MNL,2025,8,64798.539,50.2,5000.08,4955.0,3675.15,970,7196
Cebu Pacific,DVO-MPH,2025,8,1360.962,100.0,10000.0,4955.0,3921.83,970,768
Cebu Pacific,DVO-PPS,2025,8,2037.378,100.0,10000.0,4955.0,4097.88,970,505
Cebu Pacific,DVO-TAG,2025,8,1360.962,55.17,5053.46,4955.0,3453.04,970,377
Cebu Pacific,GES-CEB,2025,8,1965.834,49.09,5001.66,5140.44,2723.64,218,2736
Cebu Pacific,GES-ILO,2025,8,1965.834,100.0,10000.0,5140.44,3775.35,218,731
Cebu Pacific,GES-MNL,2025,8,23909.517,57.31,5106.87,5140.44,3675.15,218,7196
Cebu Pacific,HKG-DVO,2025,8,2117.052,100.0,10000.0,10000.0,5051.23,14,966
Cebu Pacific,ILO-CGY,2025,8,2117.052,100.0,10000.0,3475.7,3372.58,703,612
Cebu Pacific,ILO-CRK,2025,8,1663.398,100.0,10000.0,3475.7,3678.38,703,427
Cebu Pacific,ILO-DRP,2025,8,1396.734,100.0,10000.0,3475.7,4648.03,703,319
Cebu Pacific,ILO-DVO,2025,8,4866.618,100.0,10000.0,3475.7,5051.23,703,966
Cebu Pacific,ILO-GES,2025,8,1965.834,100.0,10000.0,3475.7,5134.89,703,218
Cebu Pacific,ILO-MNL,2025,8,29845.23,39.17,3390.59,3475.7,3675.15,703,7196
Cebu Pacific,ILO-PPS,2025,8,2152.824,100.0,10000.0,3475.7,4097.88,703,505
Cebu Pacific,ILO-TAC,2025,8,1360.962,100.0,10000.0,3475.7,3705.6,703,359
Cebu Pacific,ILO-TAG,2025,8,1360.962,100.0,10000.0,3475.7,3453.04,703,377
Cebu Pacific,ILO-ZAM,2025,8,1360.962,100.0,10000.0,3475.7,5075.41,703,57
Cebu Pacific,KLO-MNL,2025,8,4385.322,25.44,6206.39,6206.53,3675.15,114,7196
Cebu Pacific,LAO-MNL,2025,8,4536.54,34.74,5465.74,5465.98,3675.15,87,7196
Cebu Pacific,MNL-BCD,2025,8,28451.748,43.81,3613.65,3779.26,3309.66,6510,517
Cebu Pacific,MNL-BXU,2025,8,25009.506,72.66,6026.95,3779.26,4941.57,6510,282
Cebu Pacific,MNL-CEB,2025,8,54874.248,35.57,3351.6,3779.26,2723.64,6510,2736
Cebu Pacific,MNL-CGY,2025,8,31980.168,52.48,4152.35,3779.26,3372.58,6510,612
Cebu Pacific,MNL-CYZ,2025,8,6956.028,68.28,5668.32,3779.26,5668.62,6510,68
Cebu Pacific,MNL-DGT,2025,8,20868.084,69.0,5722.0,3779.26,4920.73,6510,244
Cebu Pacific,MNL-DPL,2025,8,6199.938,57.75,5120.12,3779.26,3979.34,6510,101
Cebu Pacific,MNL-DRP,2025,8,23136.354,53.98,5031.68,3779.26,4648.03,6510,319
Cebu Pacific,MNL-DVO,2025,8,64985.529,52.47,5012.2,3779.26,5051.23,6510,966
Cebu Pacific,MNL-GES,2025,8,23718.462,57.11,5101.1,3779.26,5134.89,6510,218
Cebu Pacific,MNL-ILO,2025,8,35383.386,44.73,3550.67,3779.26,3775.35,6510,731
Cebu Pacific,MNL-KLO,2025,8,4385.322,25.44,6206.39,3779.26,6206.53,6510,114
Cebu Pacific,MNL-LAO,2025,8,4536.54,34.34,5490.47,3779.26,5490.57,6510,88
Cebu Pacific,MNL-MPH,2025,8,40828.86,49.75,3635.35,3779.26,3921.83,6510,768
Cebu Pacific,MNL-OZC,2025,8,7107.246,61.04,5243.76,3779.26,4500.64,6510,105
Cebu Pacific,MNL-PAG,2025,8,8921.862,100.0,10000.0,3779.26,6318.14,6510,108
Cebu Pacific,MNL-PPS,2025,8,30715.14,48.42,3674.61,3779.26,4097.88,6510,505
Cebu Pacific,MNL-RXS,2025,8,8921.862,57.28,4346.27,3779.26,4346.31,6510,103
Cebu Pacific,MNL-SJI,2025,8,3024.36,100.0,10000.0,3779.26,9657.43,6510,21
Cebu Pacific,MNL-TAC,2025,8,20111.994,39.38,3674.63,3779.26,3705.6,6510,359
Cebu Pacific,MNL-TAG,2025,8,21723.36,42.96,3596.85,3779.26,3453.04,6510,377
Cebu Pacific,MNL-TUG,2025,8,10887.696,71.29,5906.53,3779.26,5906.28,6510,101
Cebu Pacific,MNL-VRC,2025,8,4687.758,100.0,10000.0,3779.26,10000.0,6510,31
Cebu Pacific,MNL-ZAM,2025,8,3478.014,63.89,5385.86,3779.26,5075.41,6510,57
Cebu Pacific,MPH-CEB,2025,8,8316.99,66.56,5009.07,3257.16,2723.64,972,2736
Cebu Pacific,MPH-CRK,2025,8,6804.81,74.84,5952.99,3257.16,3678.38,972,427
Cebu Pacific,MPH-DVO,2025,8,1360.962,100.0,10000.0,3257.16,5051.23,972,966
Cebu Pacific,MPH-MNL,2025,8,40828.86,39.17,3363.85,3257.16,3675.15,972,7196
Cebu Pacific,NRT-CRK,2025,8,4687.758,100.0,10000.0,10000.0,3678.38,31,427
Cebu Pacific,OZC-CEB,2025,8,234.144,8.63,5149.72,4086.9,2723.64,124,2736
Cebu Pacific,OZC-MNL,2025,8,7107.246,61.04,5243.76,4086.9,3675.15,124,7196
Cebu Pacific,PAG-MNL,2025,8,8921.862,100.0,10000.0,6280.03,3675.15,109,7196
Cebu Pacific,PPS-CEB,2025,8,7834.068,88.18,7915.42,4467.64,2723.64,462,2736
Cebu Pacific,PPS-CRK,2025,8,1360.962,88.57,7975.29,4467.64,3678.38,462,427
Cebu Pacific,PPS-DVO,2025,8,2188.596,100.0,10000.0,4467.64,5051.23,462,966
Cebu Pacific,PPS-ILO,2025,8,2152.824,100.0,10000.0,4467.64,3775.35,462,731
Cebu Pacific,PPS-MNL,2025,8,31204.566,53.11,3948.87,4467.64,3675.15,462,7196
Cebu Pacific,RXS-MNL,2025,8,8921.862,57.28,4346.27,4346.31,3675.15,103,7196
Cebu Pacific,SIN-ILO,2025,8,1360.962,100.0,10000.0,10000.0,3775.35,9,731
Cebu Pacific,SJI-MNL,2025,8,3024.36,100.0,10000.0,9657.43,3675.15,21,7196
Cebu Pacific,TAC-DVO,2025,8,1360.962,100.0,10000.0,3242.92,5051.23,506,966
Cebu Pacific,TAC-ILO,2025,8,1360.962,100.0,10000.0,3242.92,3775.35,506,731
Cebu Pacific,TAC-MNL,2025,8,25555.842,38.17,3430.81,3242.92,3675.15,506,7196
Cebu Pacific,TAG-DVO,2025,8,1360.962,53.97,5031.52,3515.85,5051.23,429,966
Cebu Pacific,TAG-ILO,2025,8,1360.962,100.0,10000.0,3515.85,3775.35,429,731
Cebu Pacific,TAG-MNL,2025,8,27599.724,46.65,3639.29,3515.85,3675.15,429,7196
Cebu Pacific,TUG-MNL,2025,8,20414.43,82.32,7089.16,7088.79,3675.15,164,7196
Cebu Pacific,USU-CEB,2025,8,58.536,1.17,3893.07,4176.04,2723.64,350,2736
Cebu Pacific,USU-MNL,2025,8,58.536,0.65,6805.3,4176.04,3675.15,350,7196
Cebu Pacific,VRC-MNL,2025,8,4082.886,100.0,10000.0,10000.0,3675.15,27,7196
Cebu Pacific,ZAM-DVO,2025,8,1512.18,100.0,10000.0,5285.88,5051.23,245,966
Cebu Pacific,ZAM-ILO,2025,8,1360.962,100.0,10000.0,5285.88,3775.35,245,731
Cebu Pacific,ZAM-MNL,2025,8,18297.378,66.12,5519.71,5285.88,3675.15,245,7196
Philippine Airlines,BCD-CEB,2025,8,2362.592,38.82,5249.98,3346.17,2723.64,588,2736
Philippine Airlines,BCD-MNL,2025,8,27699.856,36.71,3616.55,3346.17,3675.15,588,7196
Philippine Airlines,BPA-CEB,2025,8,714.272,100.0,10000.0,10000.0,2723.64,13,2736
Philippine Airlines,BSO-CRK,2025,8,824.16,100.0,10000.0,10000.0,3678.38,15,427
Philippine Airlines,BXU-CEB,2025,8,1703.264,27.04,6054.32,4652.45,2723.64,310,2736
Philippine Airlines,BXU-MNL,2025,8,9353.408,27.19,6040.59,4652.45,3675.15,310,7196
Philippine Airlines,CBO-CEB,2025,8,439.552,100.0,10000.0,10000.0,2723.64,72,2736
Philippine Airlines,CBO-MNL,2025,8,8265.84,100.0,10000.0,10000.0,3675.15,72,7196
Philippine Airlines,CBO-TWT,2025,8,494.496,100.0,10000.0,10000.0,10000.0,72,22
Philippine Airlines,CEB-BCD,2025,8,2512.88,40.67,5174.1,2927.62,3309.66,2535,517
Philippine Airlines,CEB-BPA,2025,8,714.272,100.0,10000.0,2927.62,10000.0,2535,13
Philippine Airlines,CEB-BXU,2025,8,1703.264,36.02,5390.88,2927.62,4941.57,2535,282
Philippine Airlines,CEB-CBO,2025,8,494.496,100.0,10000.0,2927.62,10000.0,2535,74
Philippine Airlines,CEB-CGY,2025,8,4505.408,35.62,5413.57,2927.62,3372.58,2535,612
Philippine Airlines,CEB-CRM,2025,8,714.272,100.0,10000.0,2927.62,10000.0,2535,32
Philippine Airlines,CEB-DVO,2025,8,7679.232,37.27,5289.13,2927.62,5051.23,2535,966
Philippine Airlines,CEB-GES,2025,8,2026.464,50.91,5001.66,2927.62,5134.89,2535,218
Philippine Airlines,CEB-IAO,2025,8,3901.024,40.46,3966.37,2927.62,4139.86,2535,353
Philippine Airlines,CEB-ILO,2025,8,2747.2,42.84,5102.53,2927.62,3775.35,2535,731
Philippine Airlines,CEB-MNL,2025,8,69003.2,42.08,3536.46,2927.62,3675.15,2535,7196
Philippine Airlines,CEB-MPH,2025,8,2520.96,23.05,6452.6,2927.62,3921.83,2535,768
Philippine Airlines,CEB-OZC,2025,8,714.272,45.01,5049.8,2927.62,4500.64,2535,105
Philippine Airlines,CEB-PPS,2025,8,2087.872,21.15,6664.64,2927.62,4097.88,2535,505
Philippine Airlines,CEB-TAC,2025,8,1593.376,93.19,8730.75,2927.62,3705.6,2535,359
Philippine Airlines,CEB-USU,2025,8,1538.432,59.5,5180.5,2927.62,3152.83,2535,216
Philippine Airlines,CGY-CEB,2025,8,4560.352,35.89,5398.18,3484.62,2723.64,662,2736
Philippine Airlines,CGY-MNL,2025,8,25626.528,37.31,4207.84,3484.62,3675.15,662,7196
Philippine Airlines,CRK-BSO,2025,8,824.16,100.0,10000.0,3234.42,10000.0,390,43
Philippine Airlines,CRK-IAO,2025,8,1318.656,31.92,3394.65,3234.42,4139.86,390,353
Philippine Airlines,CRK-MNL,2025,8,150.288,44.71,5055.97,3234.42,3675.15,390,7196
Philippine Airlines,CRK-USU,2025,8,1098.88,27.25,3447.96,3234.42,3152.83,390,216
Philippine Airlines,CRM-CEB,2025,8,714.272,100.0,10000.0,10000.0,2723.64,30,2736
Philippine Airlines,CRM-MNL,2025,8,934.048,100.0,10000.0,10000.0,3675.15,30,7196
Philippine Airlines,CYP-MNL,2025,8,769.216,100.0,10000.0,5117.08,3675.15,32,7196
Philippine Airlines,CYZ-MNL,2025,8,3210.992,31.72,5668.32,5668.62,3675.15,68,7196
Philippine Airlines,DGT-MNL,2025,8,9167.568,35.67,5410.7,4527.08,3675.15,217,7196
Philippine Airlines,DPL-MNL,2025,8,4508.64,42.25,5120.12,3955.58,3675.15,102,7196
Philippine Airlines,DRP-MNL,2025,8,19361.296,45.87,5034.11,4659.02,3675.15,316,7196
Philippine Airlines,DVO-CBO,2025,8,150.288,100.0,10000.0,4955.0,10000.0,970,74
Philippine Airlines,DVO-CEB,2025,8,7789.12,36.54,5328.22,4955.0,2723.64,970,2736
Philippine Airlines,DVO-MNL,2025,8,63877.248,49.8,5000.08,4955.0,3675.15,970,7196
Philippine Airlines,DVO-TAG,2025,8,1098.88,44.83,5053.46,4955.0,3453.04,970,377
Philippine Airlines,EUQ-MNL,2025,8,714.272,100.0,10000.0,10000.0,3675.15,13,7196
Philippine Airlines,GES-CEB,2025,8,2026.464,50.91,5001.66,5140.44,2723.64,218,2736
Philippine Airlines,GES-MNL,2025,8,17700.048,42.69,5106.87,5140.44,3675.15,218,7196
Philippine Airlines,IAO-CEB,2025,8,3461.472,28.83,4380.31,3896.3,2723.64,382,2736
Philippine Airlines,IAO-CRK,2025,8,1318.656,30.63,3350.81,3896.3,3678.38,382,427
Philippine Airlines,IAO-MNL,2025,8,4340.576,100.0,10000.0,3896.3,3675.15,382,7196
Philippine Airlines,ILO-CEB,2025,8,2857.088,43.04,5096.88,3475.7,2723.64,703,2736
Philippine Airlines,ILO-MNL,2025,8,24361.2,32.17,3390.59,3475.7,3675.15,703,7196
Philippine Airlines,LAO-MNL,2025,8,8471.072,65.26,5465.74,5465.98,3675.15,87,7196
Philippine Airlines,MNL-BCD,2025,8,23040.928,35.7,3613.65,3779.26,3309.66,6510,517
Philippine Airlines,MNL-BSO,2025,8,1538.432,100.0,10000.0,3779.26,10000.0,6510,43
Philippine Airlines,MNL-BXU,2025,8,9353.408,27.34,6026.95,3779.26,4941.57,6510,282
Philippine Airlines,MNL-CBO,2025,8,8416.128,100.0,10000.0,3779.26,10000.0,6510,74
Philippine Airlines,MNL-CEB,2025,8,62044.704,40.47,3351.6,3779.26,2723.64,6510,2736
Philippine Airlines,MNL-CGY,2025,8,21418.464,35.36,4152.35,3779.26,3372.58,6510,612
Philippine Airlines,MNL-CRM,2025,8,1043.936,100.0,10000.0,3779.26,10000.0,6510,32
Philippine Airlines,MNL-CYP,2025,8,714.272,100.0,10000.0,3779.26,5178.59,6510,31
Philippine Airlines,MNL-CYZ,2025,8,3210.992,31.72,5668.32,3779.26,5668.62,6510,68
Philippine Airlines,MNL-DGT,2025,8,9317.856,31.0,5722.0,3779.26,4920.73,6510,244
Philippine Airlines,MNL-DPL,2025,8,4508.64,42.25,5120.12,3779.26,3979.34,6510,101
Philippine Airlines,MNL-DRP,2025,8,19606.928,46.02,5031.68,3779.26,4648.03,6510,319
Philippine Airlines,MNL-DVO,2025,8,58515.36,47.53,5012.2,3779.26,5051.23,6510,966
Philippine Airlines,MNL-EUQ,2025,8,659.328,100.0,10000.0,3779.26,10000.0,6510,12
Philippine Airlines,MNL-GES,2025,8,17700.048,42.89,5101.1,3779.26,5134.89,6510,218
Philippine Airlines,MNL-IAO,2025,8,5109.792,100.0,10000.0,3779.26,4139.86,6510,353
Philippine Airlines,MNL-ILO,2025,8,24361.2,30.99,3550.67,3779.26,3775.35,6510,731
Philippine Airlines,MNL-LAO,2025,8,8621.36,65.66,5490.47,3779.26,5490.57,6510,88
Philippine Airlines,MNL-MNL,2025,8,150.288,100.0,10000.0,3779.26,3675.15,6510,7196
Philippine Airlines,MNL-MPH,2025,8,20789.84,25.49,3635.35,3779.26,3921.83,6510,768
Philippine Airlines,MNL-OZC,2025,8,4508.64,38.96,5243.76,3779.26,4500.64,6510,105
Philippine Airlines,MNL-PPS,2025,8,15983.856,25.35,3674.61,3779.26,4097.88,6510,505
Philippine Airlines,MNL-RXS,2025,8,4658.928,30.1,4346.27,3779.26,4346.31,6510,103
Philippine Airlines,MNL-TAC,2025,8,21455.632,42.27,3674.63,3779.26,3705.6,6510,359
Philippine Airlines,MNL-TAG,2025,8,18297.968,36.41,3596.85,3779.26,3453.04,6510,377
Philippine Airlines,MNL-TUG,2025,8,4358.352,28.71,5906.53,3779.26,5906.28,6510,101
Philippine Airlines,MNL-USU,2025,8,1706.496,47.83,5009.42,3779.26,3152.83,6510,216
Philippine Airlines,MNL-ZAM,2025,8,1953.744,36.11,5385.86,3779.26,5075.41,6510,57
Philippine Airlines,MPH-CEB,2025,8,2466.016,19.86,5009.07,3257.16,2723.64,972,2736
Philippine Airlines,MPH-MNL,2025,8,23890.944,23.06,3363.85,3257.16,3675.15,972,7196
Philippine Airlines,OZC-CEB,2025,8,659.328,24.46,5149.72,4086.9,2723.64,124,2736
Philippine Airlines,OZC-MNL,2025,8,4508.64,38.96,5243.76,4086.9,3675.15,124,7196
Philippine Airlines,PPS-CEB,2025,8,1043.936,11.82,7915.42,4467.64,2723.64,462,2736
Philippine Airlines,PPS-MNL,2025,8,16054.96,27.49,3948.87,4467.64,3675.15,462,7196
Philippine Airlines,RXS-MNL,2025,8,4658.928,30.1,4346.27,4346.31,3675.15,103,7196
Philippine Airlines,TAC-CEB,2025,8,1538.432,42.35,5117.04,3242.92,2723.64,506,2736
Philippine Airlines,TAC-MNL,2025,8,16853.264,25.33,3430.81,3242.92,3675.15,506,7196
Philippine Airlines,TAG-CEB,2025,8,54.944,100.0,10000.0,3515.85,2723.64,429,2736
Philippine Airlines,TAG-DVO,2025,8,1153.824,46.03,5031.52,3515.85,5051.23,429,966
Philippine Airlines,TAG-MNL,2025,8,18297.968,31.12,3639.29,3515.85,3675.15,429,7196
Philippine Airlines,TUG-MNL,2025,8,4358.352,17.68,7089.16,7088.79,3675.15,164,7196
Philippine Airlines,TWT-CBO,2025,8,439.552,100.0,10000.0,10000.0,10000.0,20,74
Philippine Airlines,TWT-ZAM,2025,8,1803.456,100.0,10000.0,10000.0,5075.41,20,57
Philippine Airlines,USU-CEB,2025,8,1538.432,31.04,3893.07,4176.04,2723.64,350,2736
Philippine Airlines,USU-CRK,2025,8,1098.88,30.24,3614.03,4176.04,3678.38,350,427
Philippine Airlines,USU-MNL,2025,8,1703.264,19.1,6805.3,4176.04,3675.15,350,7196
Philippine Airlines,ZAM-CEB,2025,8,1648.32,100.0,10000.0,5285.88,2723.64,245,2736
Philippine Airlines,ZAM-MNL,2025,8,9317.856,33.88,5519.71,5285.88,3675.15,245,7196
Philippine Airlines,ZAM-TWT,2025,8,1953.744,100.0,10000.0,5285.88,10000.0,245,22
Sunlight Air,CEB-CEB,2025,8,224.4,100.0,10000.0,2927.62,2723.64,2535,2736
Sunlight Air,CEB-CRK,2025,8,448.8,11.34,5908.43,2927.62,3678.38,2535,427
Sunlight Air,CEB-IAO,2025,8,1326.0,13.07,3966.37,2927.62,4139.86,2535,353
Sunlight Air,CEB-MNL,2025,8,1922.7,1.11,3536.46,2927.62,3675.15,2535,7196
Sunlight Air,CEB-SJI,2025,8,56.1,100.0,10000.0,2927.62,9657.43,2535,21
Sunlight Air,CEB-SUG,2025,8,56.1,2.42,9527.71,2927.62,9528.17,2535,38
Sunlight Air,CRK-CEB,2025,8,1458.6,27.08,4768.02,3234.42,2723.64,390,2736
Sunlight Air,CRK-CGK,2025,8,56.1,100.0,10000.0,3234.42,10000.0,390,1
Sunlight Air,CRK-CRK,2025,8,448.8,100.0,10000.0,3234.42,3678.38,390,427
Sunlight Air,CRK-IAO,2025,8,1244.4,28.64,3394.65,3234.42,4139.86,390,353
Sunlight Air,CRK-MPH,2025,8,637.5,8.06,8517.93,3234.42,3921.83,390,768
Sunlight Air,CRK-TBH,2025,8,224.4,80.0,6800.0,3234.42,6800.0,390,5
Sunlight Air,CRK-USU,2025,8,1310.7,30.9,3447.96,3234.42,3152.83,390,216
Sunlight Air,IAO-CEB,2025,8,1647.3,13.04,4380.31,3896.3,2723.64,382,2736
Sunlight Air,IAO-CRK,2025,8,1489.2,32.88,3350.81,3896.3,3678.38,382,427
Sunlight Air,MNL-CEB,2025,8,2075.7,1.29,3351.6,3779.26,2723.64,6510,2736
Sunlight Air,MPH-CRK,2025,8,1596.3,16.79,5952.99,3257.16,3678.38,972,427
Sunlight Air,SJI-CRK,2025,8,56.1,100.0,10000.0,9657.43,3678.38,21,427
Sunlight Air,USU-CEB,2025,8,841.5,16.14,3893.07,4176.04,2723.64,350,2736
Sunlight Air,USU-CRK,2025,8,892.5,23.34,3614.03,4176.04,3678.38,350,427
AirAsia,BCD-MNL,2025,9,4469.58,12.69,4461.46,3836.33,4016.09,282,3261
AirAsia,CEB-MNL,2025,9,13243.2,16.81,3663.15,3056.47,4016.09,1423,3261
AirAsia,CGY-MNL,2025,9,3972.96,9.12,4732.47,3776.36,4016.09,381,3261
AirAsia,ILO-MNL,2025,9,9975.12,25.86,3925.91,4403.21,4016.09,400,3261
AirAsia,KLO-MNL,2025,9,3972.96,61.54,5266.34,5266.27,4016.09,39,3261
AirAsia,MNL-BCD,2025,9,4966.2,13.16,4103.27,4072.74,3638.37,3252,292
AirAsia,MNL-CEB,2025,9,12912.12,19.82,3479.7,4072.74,2890.9,3252,1474
AirAsia,MNL-CGY,2025,9,3972.96,11.53,4366.33,4072.74,3453.34,3252,327
AirAsia,MNL-ILO,2025,9,6456.06,17.09,4836.89,4072.74,5227.06,3252,386
AirAsia,MNL-KLO,2025,9,3972.96,61.54,5266.34,4072.74,5266.27,3252,39
AirAsia,MNL-MPH,2025,9,5959.44,14.39,4406.63,4072.74,4653.97,3252,370
AirAsia,MNL-PPS,2025,9,13408.74,32.3,3530.08,4072.74,4032.05,3252,325
AirAsia,MNL-RXS,2025,9,2152.02,15.29,3920.52,4072.74,3921.11,3252,85
AirAsia,MNL-TAC,2025,9,6952.68,13.52,3927.97,4072.74,3954.09,3252,334
AirAsia,MNL-TAG,2025,9,3641.88,15.6,4151.41,4072.74,4028.25,3252,181
AirAsia,MPH-MNL,2025,9,16554.0,31.52,3510.38,3525.36,4016.09,456,3261
AirAsia,PPS-MNL,2025,9,3972.96,13.4,4510.06,5432.14,4016.09,248,3261
AirAsia,RXS-MNL,2025,9,662.16,10.81,4915.14,4916.0,4016.09,37,3261
AirAsia,TAC-MNL,2025,9,8960.52,30.11,3840.96,3528.16,4016.09,219,3261
AirAsia,TAG-MNL,2025,9,4966.2,19.15,4044.3,3958.54,4016.09,196,3261
AirSWIFT,CEB-ENI,2025,9,1033.056,100.0,10000.0,3056.47,8331.04,1423,185
AirSWIFT,ENI-CEB,2025,9,972.288,100.0,10000.0,8450.21,2890.9,189,1474
AirSWIFT,ENI-MNL,2025,9,7109.856,100.0,10000.0,8450.21,4016.09,189,3261
AirSWIFT,ENI-MPH,2025,9,1033.056,100.0,10000.0,8450.21,4653.97,189,370
AirSWIFT,ENI-TAG,2025,9,425.376,100.0,10000.0,8450.21,4028.25,189,181
AirSWIFT,ENI-USU,2025,9,972.288,100.0,10000.0,8450.21,3234.63,189,129
AirSWIFT,MNL-ENI,2025,9,6806.016,100.0,10000.0,4072.74,8331.04,3252,185
AirSWIFT,MPH-ENI,2025,9,972.288,100.0,10000.0,3525.36,8331.04,456,185
AirSWIFT,TAG-ENI,2025,9,425.376,100.0,10000.0,3958.54,8331.04,196,185
AirSWIFT,USU-ENI,2025,9,972.288,100.0,10000.0,4046.41,8331.04,200,185
Cebgo,BCD-CEB,2025,9,2856.096,59.41,5177.1,3836.33,2890.9,282,1474
Cebgo,BXU-CEB,2025,9,2187.648,70.43,5834.77,4885.15,2890.9,129,1474
Cebgo,CEB-BCD,2025,9,2673.792,57.81,5121.99,3056.47,3638.37,1423,292
Cebgo,CEB-BXU,2025,9,1397.664,60.35,5214.24,3056.47,5247.59,1423,113
Cebgo,CEB-CGM,2025,9,1336.896,100.0,10000.0,3056.47,10000.0,1423,22
Cebgo,CEB-CGY,2025,9,4375.296,57.22,5104.26,3056.47,3453.34,1423,327
Cebgo,CEB-CRK,2025,9,303.84,21.2,6658.88,3056.47,3366.42,1423,243
Cebgo,CEB-CYP,2025,9,729.216,100.0,10000.0,3056.47,5419.2,1423,19
Cebgo,CEB-DGT,2025,9,1883.808,100.0,10000.0,3056.47,4597.12,1423,110
Cebgo,CEB-DPL,2025,9,972.288,86.1,7606.42,3056.47,4990.85,1423,55
Cebgo,CEB-DRP,2025,9,546.912,19.99,6801.2,3056.47,5438.41,1423,157
Cebgo,CEB-IAO,2025,9,2916.864,49.81,3989.59,3056.47,4012.64,1423,217
Cebgo,CEB-ILO,2025,9,2005.344,45.57,4676.11,3056.47,5227.06,1423,386
Cebgo,CEB-MBT,2025,9,729.216,100.0,10000.0,3056.47,10000.0,1423,21
Cebgo,CEB-OZC,2025,9,789.984,63.24,5350.6,3056.47,4689.78,1423,67
Cebgo,CEB-PAG,2025,9,2066.112,100.0,10000.0,3056.47,6540.52,1423,80
Cebgo,CEB-SUG,2025,9,1701.504,96.83,9386.1,3056.47,9386.09,1423,29
Cebgo,CEB-TAC,2025,9,182.304,9.87,8220.83,3056.47,3954.09,1423,334
Cebgo,CEB-USU,2025,9,425.376,34.62,5473.09,3056.47,3234.63,1423,129
Cebgo,CGM-CEB,2025,9,1397.664,100.0,10000.0,10000.0,2890.9,23,1474
Cebgo,CGY-CEB,2025,9,4679.136,58.85,5156.65,3776.36,2890.9,381,1474
Cebgo,CGY-DVO,2025,9,425.376,100.0,10000.0,3776.36,5601.36,381,525
Cebgo,CRK-CEB,2025,9,303.84,23.17,6439.7,3096.33,2890.9,216,1474
Cebgo,CRK-ENI,2025,9,972.288,100.0,10000.0,3096.33,8331.04,216,185
Cebgo,CRK-IAO,2025,9,850.752,33.11,3343.32,3096.33,4012.64,216,217
Cebgo,CRK-MBT,2025,9,546.912,100.0,10000.0,3096.33,10000.0,216,21
Cebgo,CRK-PPS,2025,9,364.608,31.72,5668.32,3096.33,4032.05,216,325
Cebgo,CRK-TAG,2025,9,972.288,100.0,10000.0,3096.33,4028.25,216,181
Cebgo,CRK-USU,2025,9,1336.896,50.35,3788.36,3096.33,3234.63,216,129
Cebgo,CYP-CEB,2025,9,729.216,100.0,10000.0,5419.2,2890.9,19,1474
Cebgo,DGT-CEB,2025,9,1944.576,100.0,10000.0,3870.49,2890.9,93,1474
Cebgo,DGT-ILO,2025,9,425.376,100.0,10000.0,3870.49,5227.06,93,386
Cebgo,DPL-CEB,2025,9,1276.128,100.0,10000.0,4643.48,2890.9,59,1474
Cebgo,DRP-CEB,2025,9,546.912,19.99,6801.2,5410.49,2890.9,158,1474
Cebgo,DVO-CGY,2025,9,425.376,100.0,10000.0,5298.32,3453.34,536,327
Cebgo,DVO-IAO,2025,9,972.288,100.0,10000.0,5298.32,4012.64,536,217
Cebgo,ENI-CRK,2025,9,972.288,100.0,10000.0,8450.21,3366.42,189,243
Cebgo,IAO-CEB,2025,9,4618.368,60.77,4627.56,4084.0,2890.9,249,1474
Cebgo,IAO-CRK,2025,9,850.752,33.38,3348.75,4084.0,3366.42,249,243
Cebgo,IAO-DVO,2025,9,1033.056,100.0,10000.0,4084.0,5601.36,249,525
Cebgo,ILO-CEB,2025,9,2248.416,47.25,4688.76,4403.21,2890.9,400,1474
Cebgo,ILO-DGT,2025,9,425.376,100.0,10000.0,4403.21,4597.12,400,110
Cebgo,MBT-CEB,2025,9,668.448,100.0,10000.0,10000.0,2890.9,20,1474
Cebgo,MBT-CRK,2025,9,546.912,100.0,10000.0,10000.0,3366.42,20,243
Cebgo,MNL-CEB,2025,9,1458.432,2.36,3479.7,4072.74,2890.9,3252,1474
Cebgo,MNL-MPH,2025,9,972.288,2.48,4406.63,4072.74,4653.97,3252,370
Cebgo,MNL-USU,2025,9,972.288,37.7,5302.58,4072.74,3234.63,3252,129
Cebgo,MNL-WNP,2025,9,1944.576,100.0,10000.0,4072.74,10000.0,3252,32
Cebgo,MPH-CEB,2025,9,668.448,11.47,5673.96,3525.36,2890.9,456,1474
Cebgo,MPH-MNL,2025,9,1093.824,2.2,3510.38,3525.36,4016.09,456,3261
Cebgo,OZC-CEB,2025,9,1397.664,72.89,5896.12,3693.47,2890.9,60,1474
Cebgo,PAG-CEB,2025,9,1701.504,100.0,10000.0,6334.1,2890.9,62,1474
Cebgo,PPS-CRK,2025,9,364.608,31.72,5668.32,5432.14,3366.42,248,243
Cebgo,PPS-ENI,2025,9,60.768,100.0,10000.0,5432.14,8331.04,248,185
Cebgo,SUG-CEB,2025,9,1276.128,100.0,10000.0,10000.0,2890.9,21,1474
Cebgo,SWL-CEB,2025,9,425.376,100.0,10000.0,10000.0,2890.9,7,1474
Cebgo,TAC-CEB,2025,9,1276.128,56.67,5088.98,3528.16,2890.9,219,1474
Cebgo,TAG-CRK,2025,9,972.288,100.0,10000.0,3958.54,3366.42,196,243
Cebgo,USU-CEB,2025,9,1276.128,45.19,3546.39,4046.41,2890.9,200,1474
Cebgo,USU-CRK,2025,9,1336.896,49.97,3773.92,4046.41,3366.42,200,243
Cebgo,USU-MNL,2025,9,4132.224,80.9,6909.62,4046.41,4016.09,200,3261
Cebgo,WNP-MNL,2025,9,2066.112,100.0,10000.0,10000.0,4016.09,34,3261
Cebu Pacific,BCD-DVO,2025,9,1255.872,100.0,10000.0,3836.33,5601.36,282,525
Cebu Pacific,BCD-MNL,2025,9,19796.864,59.29,4461.46,3836.33,4016.09,282,3261
Cebu Pacific,BXU-MNL,2025,9,11044.584,79.63,6755.87,4885.15,4016.09,129,3261
Cebu Pacific,CEB-CRK,2025,9,1129.272,78.8,6658.88,3056.47,3366.42,1423,243
Cebu Pacific,CEB-DPL,2025,9,156.984,13.9,7606.42,3056.47,4990.85,1423,55
Cebu Pacific,CEB-DRP,2025,9,2189.336,80.01,6801.2,3056.47,5438.41,1423,157
Cebu Pacific,CEB-DVO,2025,9,12325.776,77.32,6492.76,3056.47,5601.36,1423,525
Cebu Pacific,CEB-GES,2025,9,1883.808,73.23,6079.27,3056.47,5641.66,1423,98
Cebu Pacific,CEB-ILO,2025,9,156.984,3.57,4676.11,3056.47,5227.06,1423,386
Cebu Pacific,CEB-MNL,2025,9,33491.608,44.83,3663.15,3056.47,4016.09,1423,3261
Cebu Pacific,CEB-MPH,2025,9,4395.552,82.72,7141.2,3056.47,4653.97,1423,370
Cebu Pacific,CEB-PPS,2025,9,5489.376,85.67,7544.7,3056.47,4032.05,1423,325
Cebu Pacific,CEB-SJI,2025,9,55.704,100.0,10000.0,3056.47,10000.0,1423,6
Cebu Pacific,CEB-SUG,2025,9,55.704,3.17,9386.1,3056.47,9386.09,1423,29
Cebu Pacific,CGY-ILO,2025,9,627.936,100.0,10000.0,3776.36,5227.06,381,386
Cebu Pacific,CGY-MNL,2025,9,25434.784,61.56,4732.47,3776.36,4016.09,381,3261
Cebu Pacific,CRK-CEB,2025,9,1007.736,76.83,6439.7,3096.33,2890.9,216,1474
Cebu Pacific,CRK-CRK,2025,9,111.408,100.0,10000.0,3096.33,3366.42,216,243
Cebu Pacific,CRK-DVO,2025,9,784.92,100.0,10000.0,3096.33,5601.36,216,525
Cebu Pacific,CRK-ILO,2025,9,784.92,100.0,10000.0,3096.33,5227.06,216,386
Cebu Pacific,CRK-MPH,2025,9,2825.712,84.16,7333.81,3096.33,4653.97,216,370
Cebu Pacific,CRK-Not available,2025,9,111.408,100.0,10000.0,3096.33,5004.88,216,4
Cebu Pacific,CRK-PPS,2025,9,784.92,68.28,5668.32,3096.33,4032.05,216,325
Cebu Pacific,CRK-TBH,2025,9,111.408,100.0,10000.0,3096.33,10000.0,216,2
Cebu Pacific,CYZ-MNL,2025,9,2354.76,50.0,5000.0,5000.0,4016.09,30,3261
Cebu Pacific,DGT-MNL,2025,9,5651.424,66.67,5555.78,3870.49,4016.09,93,3261
Cebu Pacific,DMK-ILO,2025,9,627.936,100.0,10000.0,10000.0,5227.06,4,386
Cebu Pacific,DPL-MNL,2025,9,4552.536,76.32,6385.48,4643.48,4016.09,59,3261
Cebu Pacific,DRP-CEB,2025,9,2189.336,80.01,6801.2,5410.49,2890.9,158,1474
Cebu Pacific,DRP-ILO,2025,9,1920.944,100.0,10000.0,5410.49,5227.06,158,386
Cebu Pacific,DRP-MNL,2025,9,13159.648,61.72,5274.72,5410.49,4016.09,158,3261
Cebu Pacific,DVO-BCD,2025,9,1098.888,100.0,10000.0,5298.32,3638.37,536,292
Cebu Pacific,DVO-CEB,2025,9,13110.696,78.65,6641.65,5298.32,2890.9,536,1474
Cebu Pacific,DVO-CRK,2025,9,627.936,100.0,10000.0,5298.32,3366.42,536,243
Cebu Pacific,DVO-ILO,2025,9,2697.424,100.0,10000.0,5298.32,5227.06,536,386
Cebu Pacific,DVO-MNL,2025,9,34978.736,56.82,5093.02,5298.32,4016.09,536,3261
Cebu Pacific,DVO-MPH,2025,9,1255.872,100.0,10000.0,5298.32,4653.97,536,370
Cebu Pacific,DVO-PPS,2025,9,2780.136,100.0,10000.0,5298.32,4032.05,536,325
Cebu Pacific,DVO-TAG,2025,9,1098.888,65.69,5492.35,5298.32,4028.25,536,181
Cebu Pacific,GES-CEB,2025,9,2040.792,74.77,6227.11,5621.49,2890.9,100,1474
Cebu Pacific,GES-ILO,2025,9,1883.808,100.0,10000.0,5621.49,5227.06,100,386
Cebu Pacific,GES-MNL,2025,9,9475.588,62.33,5304.06,5621.49,4016.09,100,3261
Cebu Pacific,HKG-DVO,2025,9,1883.808,100.0,10000.0,10000.0,5601.36,12,525
Cebu Pacific,ILO-CEB,2025,9,156.984,3.3,4688.76,4403.21,2890.9,400,1474
Cebu Pacific,ILO-CGY,2025,9,627.936,100.0,10000.0,4403.21,3453.34,400,327
Cebu Pacific,ILO-CRK,2025,9,784.92,100.0,10000.0,4403.21,3366.42,400,243
Cebu Pacific,ILO-DRP,2025,9,1920.944,100.0,10000.0,4403.21,5438.41,400,157
Cebu Pacific,ILO-DVO,2025,9,2697.424,100.0,10000.0,4403.21,5601.36,400,525
Cebu Pacific,ILO-GES,2025,9,1883.808,100.0,10000.0,4403.21,5641.66,400,98
Cebu Pacific,ILO-MNL,2025,9,19396.808,53.02,3925.91,4403.21,4016.09,400,3261
Cebu Pacific,ILO-PPS,2025,9,2623.152,100.0,10000.0,4403.21,4032.05,400,325
Cebu Pacific,ILO-TAC,2025,9,1883.808,100.0,10000.0,4403.21,3954.09,400,334
Cebu Pacific,ILO-TAG,2025,9,2040.792,100.0,10000.0,4403.21,4028.25,400,181
Cebu Pacific,ILO-ZAM,2025,9,1883.808,100.0,10000.0,4403.21,5000.0,400,48
Cebu Pacific,KLO-MNL,2025,9,2354.76,38.46,5266.34,5266.27,4016.09,39,3261
Cebu Pacific,LAO-MNL,2025,9,2511.744,57.14,5101.96,5102.04,4016.09,28,3261
Cebu Pacific,MNL-BCD,2025,9,18726.672,52.35,4103.27,4072.74,3638.37,3252,292
Cebu Pacific,MNL-BXU,2025,9,10656.344,79.97,6796.4,4072.74,5247.59,3252,113
Cebu Pacific,MNL-CEB,2025,9,29232.784,47.32,3479.7,4072.74,2890.9,3252,1474
Cebu Pacific,MNL-CGY,2025,9,18586.568,56.87,4366.33,4072.74,3453.34,3252,327
Cebu Pacific,MNL-CRK,2025,9,55.704,100.0,10000.0,4072.74,3366.42,3252,243
Cebu Pacific,MNL-CYZ,2025,9,2354.76,48.39,5005.18,4072.74,5005.2,3252,31
Cebu Pacific,MNL-DGT,2025,9,8477.136,75.0,6250.0,4072.74,4597.12,3252,110
Cebu Pacific,MNL-DPL,2025,9,4552.536,76.32,6385.48,4072.74,4990.85,3252,55
Cebu Pacific,MNL-DRP,2025,9,13159.648,62.17,5296.22,4072.74,5438.41,3252,157
Cebu Pacific,MNL-DVO,2025,9,34016.576,61.26,5253.58,4072.74,5601.36,3252,525
Cebu Pacific,MNL-GES,2025,9,9475.588,62.98,5336.96,4072.74,5641.66,3252,98
Cebu Pacific,MNL-ILO,2025,9,23279.208,64.99,4836.89,4072.74,5227.06,3252,386
Cebu Pacific,MNL-KLO,2025,9,2354.76,38.46,5266.34,4072.74,5266.27,3252,39
Cebu Pacific,MNL-LAO,2025,9,2511.744,38.34,5271.91,4072.74,5271.88,3252,43
Cebu Pacific,MNL-MNL,2025,9,194.12,100.0,10000.0,4072.74,4016.09,3252,3261
Cebu Pacific,MNL-MPH,2025,9,23861.568,60.77,4406.63,4072.74,4653.97,3252,370
Cebu Pacific,MNL-OZC,2025,9,2511.744,34.78,5463.3,4072.74,4689.78,3252,67
Cebu Pacific,MNL-PAG,2025,9,7221.264,100.0,10000.0,4072.74,6540.52,3252,80
Cebu Pacific,MNL-PPS,2025,9,17219.288,43.74,3530.08,4072.74,4032.05,3252,325
Cebu Pacific,MNL-RXS,2025,9,6593.328,49.41,3920.52,4072.74,3921.11,3252,85
Cebu Pacific,MNL-SJI,2025,9,784.92,100.0,10000.0,4072.74,10000.0,3252,6
Cebu Pacific,MNL-TAC,2025,9,20250.936,41.54,3927.97,4072.74,3954.09,3252,334
Cebu Pacific,MNL-TAG,2025,9,12254.88,55.36,4151.41,4072.74,4028.25,3252,181
Cebu Pacific,MNL-TUG,2025,9,10046.976,81.47,6980.72,4072.74,6980.38,3252,83
Cebu Pacific,MNL-VRC,2025,9,2354.76,100.0,10000.0,4072.74,10000.0,3252,15
Cebu Pacific,MNL-ZAM,2025,9,1883.808,48.0,5008.0,4072.74,5000.0,3252,48
Cebu Pacific,MPH-CEB,2025,9,4238.568,72.76,5673.96,3525.36,2890.9,456,1474
Cebu Pacific,MPH-CRK,2025,9,2668.728,73.71,6124.33,3525.36,3366.42,456,243
Cebu Pacific,MPH-DVO,2025,9,1255.872,100.0,10000.0,3525.36,5601.36,456,525
Cebu Pacific,MPH-MNL,2025,9,22762.68,45.7,3510.38,3525.36,4016.09,456,3261
Cebu Pacific,NRT-CRK,2025,9,2982.696,100.0,10000.0,10000.0,3366.42,19,243
Cebu Pacific,Not available-CEB,2025,9,55.704,100.0,10000.0,5144.18,2890.9,3,1474
Cebu Pacific,Not available-Not available,2025,9,55.704,26.19,6133.83,5144.18,5004.88,3,4
Cebu Pacific,OZC-CEB,2025,9,60.768,3.17,5896.12,3693.47,2890.9,60,1474
Cebu Pacific,OZC-MNL,2025,9,2982.696,67.86,5637.96,3693.47,4016.09,60,3261
Cebu Pacific,PAG-MNL,2025,9,5337.456,100.0,10000.0,6334.1,4016.09,62,3261
Cebu Pacific,PPS-CEB,2025,9,5683.496,92.53,8617.6,5432.14,2890.9,248,1474
Cebu Pacific,PPS-CRK,2025,9,784.92,68.28,5668.32,5432.14,3366.42,248,243
Cebu Pacific,PPS-DVO,2025,9,2780.136,100.0,10000.0,5432.14,5601.36,248,525
Cebu Pacific,PPS-ILO,2025,9,2623.152,100.0,10000.0,5432.14,5227.06,248,386
Cebu Pacific,PPS-MNL,2025,9,16959.336,60.34,4510.06,5432.14,4016.09,248,3261
Cebu Pacific,RXS-MNL,2025,9,3767.616,64.86,4915.14,4916.0,4016.09,37,3261
Cebu Pacific,SIN-ILO,2025,9,627.936,100.0,10000.0,10000.0,5227.06,4,386
Cebu Pacific,SJI-MNL,2025,9,784.92,100.0,10000.0,10000.0,4016.09,5,3261
Cebu Pacific,TAC-DVO,2025,9,627.936,100.0,10000.0,3528.16,5601.36,219,525
Cebu Pacific,TAC-ILO,2025,9,470.952,100.0,10000.0,3528.16,5227.06,219,386
Cebu Pacific,TAC-MNL,2025,9,14285.544,50.63,3840.96,3528.16,4016.09,219,3261
Cebu Pacific,TAG-DVO,2025,9,1255.872,68.63,5694.15,3958.54,5601.36,196,525
Cebu Pacific,TAG-ILO,2025,9,2040.792,100.0,10000.0,3958.54,5227.06,196,386
Cebu Pacific,TAG-MNL,2025,9,13456.736,54.72,4044.3,3958.54,4016.09,196,3261
Cebu Pacific,TUG-MNL,2025,9,6382.328,91.39,8426.26,8427.05,4016.09,54,3261
Cebu Pacific,VRC-MNL,2025,9,1255.872,100.0,10000.0,10000.0,4016.09,8,3261
Cebu Pacific,ZAM-CEB,2025,9,313.968,25.48,6202.46,5780.48,2890.9,153,1474
Cebu Pacific,ZAM-DVO,2025,9,784.92,100.0,10000.0,5780.48,5601.36,153,525
Cebu Pacific,ZAM-ILO,2025,9,1883.808,100.0,10000.0,5780.48,5227.06,153,386
Cebu Pacific,ZAM-MNL,2025,9,10695.168,72.38,6001.73,5780.48,4016.09,153,3261
Cebu Pacific,ZAM-TWT,2025,9,2197.776,53.85,5029.65,5780.48,5009.7,153,35
Philippine Airlines,BCD-CEB,2025,9,1868.096,40.59,5177.1,3836.33,2890.9,282,1474
Philippine Airlines,BCD-MNL,2025,9,8957.488,28.02,4461.46,3836.33,4016.09,282,3261
Philippine Airlines,BPA-CEB,2025,9,549.44,100.0,10000.0,10000.0,2890.9,10,1474
Philippine Airlines,BSO-CRK,2025,9,604.384,100.0,10000.0,10000.0,3366.42,11,243
Philippine Airlines,BXU-CEB,2025,9,879.104,29.57,5834.77,4885.15,2890.9,129,1474
Philippine Airlines,BXU-MNL,2025,9,2705.184,20.37,6755.87,4885.15,4016.09,129,3261
Philippine Airlines,CBO-CEB,2025,9,494.496,100.0,10000.0,10000.0,2890.9,36,1474
Philippine Airlines,CBO-MNL,2025,9,2705.184,100.0,10000.0,10000.0,4016.09,36,3261
Philippine Airlines,CBO-TWT,2025,9,494.496,100.0,10000.0,10000.0,5009.7,36,35
Philippine Airlines,CEB-BCD,2025,9,1868.096,42.19,5121.99,3056.47,3638.37,1423,292
Philippine Airlines,CEB-BPA,2025,9,549.44,100.0,10000.0,3056.47,10000.0,1423,10
Philippine Airlines,CEB-BXU,2025,9,879.104,39.65,5214.24,3056.47,5247.59,1423,113
Philippine Airlines,CEB-CBO,2025,9,494.496,100.0,10000.0,3056.47,10000.0,1423,35
Philippine Airlines,CEB-CGY,2025,9,3131.808,42.78,5104.26,3056.47,3453.34,1423,327
Philippine Airlines,CEB-CRM,2025,9,329.664,100.0,10000.0,3056.47,10000.0,1423,15
Philippine Airlines,CEB-DVO,2025,9,3461.472,22.68,6492.76,3056.47,5601.36,1423,525
Philippine Airlines,CEB-GES,2025,9,659.328,26.77,6079.27,3056.47,5641.66,1423,98
Philippine Airlines,CEB-IAO,2025,9,2032.928,36.26,3989.59,3056.47,4012.64,1423,217
Philippine Airlines,CEB-ILO,2025,9,2142.816,50.86,4676.11,3056.47,5227.06,1423,386
Philippine Airlines,CEB-MNL,2025,9,26460.384,37.0,3663.15,3056.47,4016.09,1423,3261
Philippine Airlines,CEB-MPH,2025,9,879.104,17.28,7141.2,3056.47,4653.97,1423,370
Philippine Airlines,CEB-OZC,2025,9,439.552,36.76,5350.6,3056.47,4689.78,1423,67
Philippine Airlines,CEB-PPS,2025,9,879.104,14.33,7544.7,3056.47,4032.05,1423,325
Philippine Airlines,CEB-TAC,2025,9,1593.376,90.13,8220.83,3056.47,3954.09,1423,334
Philippine Airlines,CEB-USU,2025,9,769.216,65.38,5473.09,3056.47,3234.63,1423,129
Philippine Airlines,CGY-CEB,2025,9,3131.808,41.15,5156.65,3776.36,2890.9,381,1474
Philippine Airlines,CGY-MNL,2025,9,11598.032,29.32,4732.47,3776.36,4016.09,381,3261
Philippine Airlines,CRK-BSO,2025,9,604.384,100.0,10000.0,3096.33,10000.0,216,22
Philippine Airlines,CRK-IAO,2025,9,879.104,35.74,3343.32,3096.33,4012.64,216,217
Philippine Airlines,CRK-USU,2025,9,549.44,21.61,3788.36,3096.33,3234.63,216,129
Philippine Airlines,CRM-CEB,2025,9,329.664,100.0,10000.0,10000.0,2890.9,21,1474
Philippine Airlines,CRM-MNL,2025,9,824.16,100.0,10000.0,10000.0,4016.09,21,3261
Philippine Airlines,CYP-MNL,2025,9,384.608,100.0,10000.0,5419.2,4016.09,19,3261
Philippine Airlines,CYZ-MNL,2025,9,2254.32,50.0,5000.0,5000.0,4016.09,30,3261
Philippine Airlines,DGT-MNL,2025,9,2705.184,33.33,5555.78,3870.49,4016.09,93,3261
Philippine Airlines,DPL-MNL,2025,9,1352.592,23.68,6385.48,4643.48,4016.09,59,3261
Philippine Airlines,DRP-MNL,2025,9,7814.976,38.28,5274.72,5410.49,4016.09,158,3261
Philippine Airlines,DVO-CEB,2025,9,3406.528,21.35,6641.65,5298.32,2890.9,536,1474
Philippine Airlines,DVO-MNL,2025,9,25443.92,43.18,5093.02,5298.32,4016.09,536,3261
Philippine Airlines,DVO-TAG,2025,9,549.44,34.31,5492.35,5298.32,4028.25,536,181
Philippine Airlines,EUQ-MNL,2025,9,384.608,100.0,10000.0,10000.0,4016.09,7,3261
Philippine Airlines,GES-CEB,2025,9,659.328,25.23,6227.11,5621.49,2890.9,100,1474
Philippine Airlines,GES-MNL,2025,9,5481.472,37.67,5304.06,5621.49,4016.09,100,3261
Philippine Airlines,IAO-CEB,2025,9,2087.872,28.7,4627.56,4084.0,2890.9,249,1474
Philippine Airlines,IAO-CRK,2025,9,879.104,36.03,3348.75,4084.0,3366.42,249,243
Philippine Airlines,IAO-MNL,2025,9,3076.864,100.0,10000.0,4084.0,4016.09,249,3261
Philippine Airlines,ILO-CEB,2025,9,2252.704,49.45,4688.76,4403.21,2890.9,400,1474
Philippine Airlines,ILO-MNL,2025,9,7398.048,21.12,3925.91,4403.21,4016.09,400,3261
Philippine Airlines,LAO-MNL,2025,9,1803.456,42.86,5101.96,5102.04,4016.09,28,3261
Philippine Airlines,MNL-BCD,2025,9,11812.96,34.49,4103.27,4072.74,3638.37,3252,292
Philippine Airlines,MNL-BSO,2025,9,604.384,100.0,10000.0,4072.74,10000.0,3252,22
Philippine Airlines,MNL-BXU,2025,9,2554.896,20.03,6796.4,4072.74,5247.59,3252,113
Philippine Airlines,MNL-CBO,2025,9,2705.184,100.0,10000.0,4072.74,10000.0,3252,35
Philippine Airlines,MNL-CEB,2025,9,17140.912,28.98,3479.7,4072.74,2890.9,3252,1474
Philippine Airlines,MNL-CGY,2025,9,9889.92,31.61,4366.33,4072.74,3453.34,3252,327
Philippine Airlines,MNL-CRM,2025,9,494.496,100.0,10000.0,4072.74,10000.0,3252,15
Philippine Airlines,MNL-CYP,2025,9,384.608,100.0,10000.0,4072.74,5419.2,3252,19
Philippine Airlines,MNL-CYZ,2025,9,2404.608,51.61,5005.18,4072.74,5005.2,3252,31
Philippine Airlines,MNL-DGT,2025,9,2705.184,25.0,6250.0,4072.74,4597.12,3252,110
Philippine Airlines,MNL-DPL,2025,9,1352.592,23.68,6385.48,4072.74,4990.85,3252,55
Philippine Airlines,MNL-DRP,2025,9,7664.688,37.83,5296.22,4072.74,5438.41,3252,157
Philippine Airlines,MNL-DVO,2025,9,20595.92,38.74,5253.58,4072.74,5601.36,3252,525
Philippine Airlines,MNL-EUQ,2025,9,384.608,100.0,10000.0,4072.74,10000.0,3252,7
Philippine Airlines,MNL-GES,2025,9,5331.184,37.02,5336.96,4072.74,5641.66,3252,98
Philippine Airlines,MNL-IAO,2025,9,2912.032,100.0,10000.0,4072.74,4012.64,3252,217
Philippine Airlines,MNL-ILO,2025,9,6145.648,17.92,4836.89,4072.74,5227.06,3252,386
Philippine Airlines,MNL-LAO,2025,9,3867.088,61.66,5271.91,4072.74,5271.88,3252,43
Philippine Airlines,MNL-MPH,2025,9,8408.048,22.37,4406.63,4072.74,4653.97,3252,370
Philippine Airlines,MNL-OZC,2025,9,4508.64,65.22,5463.3,4072.74,4689.78,3252,67
Philippine Airlines,MNL-PPS,2025,9,9026.976,23.95,3530.08,4072.74,4032.05,3252,325
Philippine Airlines,MNL-RXS,2025,9,4508.64,35.29,3920.52,4072.74,3921.11,3252,85
Philippine Airlines,MNL-TAC,2025,9,20977.296,44.94,3927.97,4072.74,3954.09,3252,334
Philippine Airlines,MNL-TAG,2025,9,6153.728,29.04,4151.41,4072.74,4028.25,3252,181
Philippine Airlines,MNL-TUG,2025,9,2188.064,18.53,6980.72,4072.74,6980.38,3252,83
Philippine Airlines,MNL-USU,2025,9,1538.432,62.3,5302.58,4072.74,3234.63,3252,129
Philippine Airlines,MNL-ZAM,2025,9,1953.744,52.0,5008.0,4072.74,5000.0,3252,48
Philippine Airlines,MPH-CEB,2025,9,879.104,15.76,5673.96,3525.36,2890.9,456,1474
Philippine Airlines,MPH-MNL,2025,9,9815.584,20.58,3510.38,3525.36,4016.09,456,3261
Philippine Airlines,Not available-Not available,2025,9,150.288,73.81,6133.83,5144.18,5004.88,3,4
Philippine Airlines,OZC-CEB,2025,9,439.552,23.94,5896.12,3693.47,2890.9,60,1474
Philippine Airlines,OZC-MNL,2025,9,1352.592,32.14,5637.96,3693.47,4016.09,60,3261
Philippine Airlines,PPS-CEB,2025,9,439.552,7.47,8617.6,5432.14,2890.9,248,1474
Philippine Airlines,PPS-MNL,2025,9,7065.152,26.26,4510.06,5432.14,4016.09,248,3261
Philippine Airlines,RXS-MNL,2025,9,1352.592,24.32,4915.14,4916.0,4016.09,37,3261
Philippine Airlines,TAC-CEB,2025,9,934.048,43.33,5088.98,3528.16,2890.9,219,1474
Philippine Airlines,TAC-MNL,2025,9,5203.52,19.26,3840.96,3528.16,4016.09,219,3261
Philippine Airlines,TAG-DVO,2025,9,549.44,31.37,5694.15,3958.54,5601.36,196,525
Philippine Airlines,TAG-MNL,2025,9,6153.728,26.14,4044.3,3958.54,4016.09,196,3261
Philippine Airlines,TUG-MNL,2025,9,575.296,8.61,8426.26,8427.05,4016.09,54,3261
Philippine Airlines,TWT-CBO,2025,9,439.552,100.0,10000.0,10000.0,10000.0,19,35
Philippine Airlines,TWT-ZAM,2025,9,1653.168,100.0,10000.0,10000.0,5000.0,19,48
Philippine Airlines,USU-CEB,2025,9,769.216,28.45,3546.39,4046.41,2890.9,200,1474
Philippine Airlines,USU-CRK,2025,9,549.44,21.45,3773.92,4046.41,3366.42,200,243
Philippine Airlines,USU-MNL,2025,9,934.048,19.1,6909.62,4046.41,4016.09,200,3261
Philippine Airlines,ZAM-CEB,2025,9,879.104,74.52,6202.46,5780.48,2890.9,153,1474
Philippine Airlines,ZAM-MNL,2025,9,3907.488,27.62,6001.73,5780.48,4016.09,153,3261
Philippine Airlines,ZAM-TWT,2025,9,1803.456,46.15,5029.65,5780.48,5009.7,153,35
Sunlight Air,CEB-IAO,2025,9,821.1,13.92,3989.59,3056.47,4012.64,1423,217
Sunlight Air,CEB-MNL,2025,9,1020.0,1.36,3663.15,3056.47,4016.09,1423,3261
Sunlight Air,CRK-IAO,2025,9,805.8,31.14,3343.32,3096.33,4012.64,216,217
Sunlight Air,CRK-MPH,2025,9,535.5,15.84,7333.81,3096.33,4653.97,216,370
Sunlight Air,CRK-USU,2025,9,749.7,28.04,3788.36,3096.33,3234.63,216,129
Sunlight Air,IAO-CEB,2025,9,805.8,10.53,4627.56,4084.0,2890.9,249,1474
Sunlight Air,IAO-CRK,2025,9,785.4,30.6,3348.75,4084.0,3366.42,249,243
Sunlight Air,MNL-CEB,2025,9,938.4,1.51,3479.7,4072.74,2890.9,3252,1474
Sunlight Air,MPH-CRK,2025,9,958.8,26.29,6124.33,3525.36,3366.42,456,243
Sunlight Air,USU-CEB,2025,9,749.7,26.36,3546.39,4046.41,2890.9,200,1474
Sunlight Air,USU-CRK,2025,9,770.1,28.58,3773.92,4046.41,3366.42,200,243
AirAsia,BCD-MNL,2025,10,312.48,2.27,6274.04,4632.32,4460.47,145,1353
AirAsia,CEB-MNL,2025,10,4218.48,13.54,3929.08,3858.03,4460.47,726,1353
AirAsia,CGY-MNL,2025,10,2499.84,13.46,4210.41,3862.34,4460.47,154,1353
AirAsia,ILO-MNL,2025,10,312.48,1.5,5989.62,6573.37,4460.47,273,1353
AirAsia,MNL-BCD,2025,10,3124.8,10.6,4337.09,4385.11,3854.92,1892,239
AirAsia,MNL-CEB,2025,10,4218.48,17.88,4195.26,4385.11,3975.14,1892,688
AirAsia,MNL-CGY,2025,10,2499.84,30.05,5796.01,4385.11,4952.37,1892,100
AirAsia,MNL-ILO,2025,10,3593.52,19.13,6905.91,4385.11,6782.39,1892,241
AirAsia,MNL-PPS,2025,10,10468.08,32.62,3433.5,4385.11,4059.57,1892,255
AirAsia,MNL-RXS,2025,10,1874.88,16.22,3772.63,4385.11,3772.83,1892,74
AirAsia,MNL-TAC,2025,10,6405.84,13.1,3947.61,4385.11,3933.56,1892,349
AirAsia,MPH-MNL,2025,10,12186.72,33.25,3447.5,3590.2,4460.47,301,1353
AirAsia,TAC-MNL,2025,10,2499.84,76.39,6392.86,4818.07,4460.47,32,1353
AirAsia,TAG-MNL,2025,10,3593.52,21.08,5029.54,5511.91,4460.47,118,1353
Cebgo,BCD-CEB,2025,10,1762.272,44.56,4022.3,4632.32,3975.14,145,688
Cebgo,BXU-CEB,2025,10,1215.36,87.59,7826.02,6655.78,3975.14,51,688
Cebgo,CEB-BCD,2025,10,1883.808,45.79,4000.67,3858.03,3854.92,726,239
Cebgo,CEB-CGM,2025,10,850.752,100.0,10000.0,3858.03,10000.0,726,14
Cebgo,CEB-CGY,2025,10,789.984,20.14,4388.04,3858.03,4952.37,726,100
Cebgo,CEB-DGT,2025,10,789.984,100.0,10000.0,3858.03,7934.68,726,51
Cebgo,CEB-DRP,2025,10,182.304,100.0,10000.0,3858.03,6057.48,726,64
Cebgo,CEB-IAO,2025,10,60.768,33.33,5555.78,3858.03,5555.56,726,3
Cebgo,CEB-MBT,2025,10,850.752,100.0,10000.0,3858.03,10000.0,726,14
Cebgo,CEB-OZC,2025,10,1033.056,51.17,4283.95,3858.03,7013.42,726,65
Cebgo,CEB-PAG,2025,10,1154.592,100.0,10000.0,3858.03,6837.5,726,49
Cebgo,CEB-SUG,2025,10,2369.952,100.0,10000.0,3858.03,10000.0,726,39
Cebgo,CEB-TAC,2025,10,486.144,18.63,6968.15,3858.03,3933.56,726,349
Cebgo,CGM-CEB,2025,10,850.752,100.0,10000.0,10000.0,3975.14,14,688
Cebgo,CGY-CEB,2025,10,789.984,20.14,4388.04,3862.34,3975.14,154,688
Cebgo,CRK-Not available,2025,10,60.768,100.0,10000.0,5664.16,5976.2,70,2
Cebgo,CRK-USU,2025,10,2248.416,92.5,8612.5,5664.16,3779.68,70,93
Cebgo,DGT-CEB,2025,10,729.216,100.0,10000.0,8058.78,3975.14,50,688
Cebgo,DPL-CEB,2025,10,486.144,100.0,10000.0,7033.54,3975.14,22,688
Cebgo,DRP-CEB,2025,10,121.536,100.0,10000.0,6067.75,3975.14,62,688
Cebgo,IAO-CEB,2025,10,2005.344,100.0,10000.0,10000.0,3975.14,33,688
Cebgo,ILO-CEB,2025,10,60.768,1.24,5088.43,6573.37,3975.14,273,688
Cebgo,MBT-CEB,2025,10,850.752,100.0,10000.0,10000.0,3975.14,14,688
Cebgo,MPH-CEB,2025,10,607.68,8.89,6990.54,3590.2,3975.14,301,688
Cebgo,MPH-CRK,2025,10,121.536,16.22,7282.18,3590.2,6461.05,301,95
Cebgo,OZC-CEB,2025,10,972.288,54.75,5045.12,5045.18,3975.14,30,688
Cebgo,SJI-CRK,2025,10,60.768,100.0,10000.0,10000.0,6461.05,1,95
Cebgo,SUG-CEB,2025,10,182.304,100.0,10000.0,10000.0,3975.14,3,688
Cebgo,TAC-CEB,2025,10,364.608,51.43,5004.09,4818.07,3975.14,32,688
Cebgo,USU-CEB,2025,10,1519.2,68.81,5707.63,7251.77,3975.14,77,688
Cebgo,USU-CRK,2025,10,2369.952,97.5,9512.5,7251.77,6461.05,77,95
Cebu Pacific,BCD-CEB,2025,10,470.952,11.91,4022.3,4632.32,3975.14,145,688
Cebu Pacific,BCD-MNL,2025,10,10550.0,76.19,6274.04,4632.32,4460.47,145,1353
Cebu Pacific,BXU-MNL,2025,10,5398.224,100.0,10000.0,6655.78,4460.47,51,1353
Cebu Pacific,CAN-MNL,2025,10,388.24,100.0,10000.0,10000.0,4460.47,2,1353
Cebu Pacific,CEB-BCD,2025,10,508.088,12.35,4000.67,3858.03,3854.92,726,239
Cebu Pacific,CEB-BXU,2025,10,545.224,76.0,6352.0,3858.03,8237.84,726,37
Cebu Pacific,CEB-CGY,2025,10,784.92,20.01,4388.04,3858.03,4952.37,726,100
Cebu Pacific,CEB-CRK,2025,10,2780.136,100.0,10000.0,3858.03,6461.05,726,95
Cebu Pacific,CEB-DVO,2025,10,11326.48,98.01,9609.92,3858.03,5875.39,726,204
Cebu Pacific,CEB-GES,2025,10,3094.104,100.0,10000.0,3858.03,8526.69,726,75
Cebu Pacific,CEB-IAO,2025,10,121.536,66.67,5555.78,3858.03,5555.56,726,3
Cebu Pacific,CEB-ILO,2025,10,1173.16,28.61,5915.06,3858.03,6782.39,726,241
Cebu Pacific,CEB-MNL,2025,10,14159.788,45.24,3929.08,3858.03,4460.47,726,1353
Cebu Pacific,CEB-MPH,2025,10,5651.424,94.26,8917.9,3858.03,5787.28,726,213
Cebu Pacific,CEB-OZC,2025,10,182.304,9.03,4283.95,3858.03,7013.42,726,65
Cebu Pacific,CEB-PPS,2025,10,2937.12,100.0,10000.0,3858.03,4059.57,726,255
Cebu Pacific,CEB-TAG,2025,10,194.12,100.0,10000.0,3858.03,8193.46,726,121
Cebu Pacific,CEB-USU,2025,10,121.536,15.0,7450.0,3858.03,3779.68,726,93
Cebu Pacific,CEB-ZAM,2025,10,941.904,100.0,10000.0,3858.03,5000.0,726,64
Cebu Pacific,CGY-CEB,2025,10,784.92,20.01,4388.04,3862.34,3975.14,154,688
Cebu Pacific,CGY-MNL,2025,10,10296.8,55.2,4210.41,3862.34,4460.47,154,1353
Cebu Pacific,CRK-CEB,2025,10,2503.304,100.0,10000.0,5664.16,3975.14,70,688
Cebu Pacific,CRK-MPH,2025,10,470.952,100.0,10000.0,5664.16,5787.28,70,213
Cebu Pacific,CRK-PPS,2025,10,1801.096,100.0,10000.0,5664.16,4059.57,70,255
Cebu Pacific,CRK-USU,2025,10,182.304,7.5,8612.5,5664.16,3779.68,70,93
Cebu Pacific,DGT-MNL,2025,10,5965.392,100.0,10000.0,8058.78,4460.47,50,1353
Cebu Pacific,DPL-MNL,2025,10,2197.776,100.0,10000.0,7033.54,4460.47,22,1353
Cebu Pacific,DRP-ILO,2025,10,2040.792,100.0,10000.0,6067.75,6782.39,62,241
Cebu Pacific,DRP-MNL,2025,10,5786.464,68.44,5680.07,6067.75,4460.47,62,1353
Cebu Pacific,DVO-CEB,2025,10,11520.6,98.05,9617.6,5313.29,3975.14,225,688
Cebu Pacific,DVO-MNL,2025,10,11061.464,42.06,5126.09,5313.29,4460.47,225,1353
Cebu Pacific,DVO-PPS,2025,10,2825.712,100.0,10000.0,5313.29,4059.57,225,255
Cebu Pacific,DVO-TAG,2025,10,388.24,100.0,10000.0,5313.29,8193.46,225,121
Cebu Pacific,GES-CEB,2025,10,3094.104,100.0,10000.0,8172.49,3975.14,76,688
Cebu Pacific,GES-ILO,2025,10,2668.728,100.0,10000.0,8172.49,6782.39,76,241
Cebu Pacific,GES-MNL,2025,10,6996.76,82.88,7162.19,8172.49,4460.47,76,1353
Cebu Pacific,HKG-DVO,2025,10,2668.728,100.0,10000.0,10000.0,5875.39,17,204
Cebu Pacific,ILO-CEB,2025,10,1920.944,39.13,5088.43,6573.37,3975.14,273,688
Cebu Pacific,ILO-CRK,2025,10,582.36,100.0,10000.0,6573.37,6461.05,273,95
Cebu Pacific,ILO-DRP,2025,10,1883.808,100.0,10000.0,6573.37,6057.48,273,64
Cebu Pacific,ILO-GES,2025,10,2668.728,100.0,10000.0,6573.37,8526.69,273,75
Cebu Pacific,ILO-MNL,2025,10,15340.544,73.08,5989.62,6573.37,4460.47,273,1353
Cebu Pacific,ILO-MPH,2025,10,156.984,100.0,10000.0,6573.37,5787.28,273,213
Cebu Pacific,ILO-PPS,2025,10,2825.712,100.0,10000.0,6573.37,4059.57,273,255
Cebu Pacific,ILO-TAC,2025,10,1569.84,100.0,10000.0,6573.37,3933.56,273,349
Cebu Pacific,ILO-TAG,2025,10,2354.76,100.0,10000.0,6573.37,8193.46,273,121
Cebu Pacific,ILO-ZAM,2025,10,2040.792,100.0,10000.0,6573.37,5000.0,273,64
Cebu Pacific,KLO-MNL,2025,10,784.92,100.0,10000.0,10000.0,4460.47,5,1353
Cebu Pacific,LAO-MNL,2025,10,4709.52,100.0,10000.0,10000.0,4460.47,30,1353
Cebu Pacific,MNL-BCD,2025,10,16410.736,55.39,4337.09,4385.11,3854.92,1892,239
Cebu Pacific,MNL-BXU,2025,10,5398.224,91.98,8524.64,4385.11,8237.84,1892,37
Cebu Pacific,MNL-CEB,2025,10,13494.716,56.93,4195.26,4385.11,3975.14,1892,688
Cebu Pacific,MNL-DGT,2025,10,5965.392,100.0,10000.0,4385.11,7934.68,1892,51
Cebu Pacific,MNL-DPL,2025,10,2197.776,100.0,10000.0,4385.11,10000.0,1892,14
Cebu Pacific,MNL-DRP,2025,10,6174.704,69.82,5785.66,4385.11,6057.48,1892,64
Cebu Pacific,MNL-DVO,2025,10,7327.608,42.71,5106.29,4385.11,5875.39,1892,204
Cebu Pacific,MNL-GES,2025,10,6996.76,86.3,7635.38,4385.11,8526.69,1892,75
Cebu Pacific,MNL-ILO,2025,10,15266.272,80.87,6905.91,4385.11,6782.39,1892,241
Cebu Pacific,MNL-LAO,2025,10,4709.52,53.57,5025.49,4385.11,5025.51,1892,56
Cebu Pacific,MNL-MPH,2025,10,16169.352,63.36,5356.98,4385.11,5787.28,1892,213
Cebu Pacific,MNL-PAG,2025,10,4709.52,100.0,10000.0,4385.11,6837.5,1892,49
Cebu Pacific,MNL-PPS,2025,10,13134.328,40.74,3433.5,4385.11,4059.57,1892,255
Cebu Pacific,MNL-RXS,2025,10,4866.504,41.89,3772.63,4385.11,3772.83,1892,74
Cebu Pacific,MNL-TAC,2025,10,21192.84,43.14,3947.61,4385.11,3933.56,1892,349
Cebu Pacific,MNL-TAG,2025,10,15997.176,88.33,7938.38,4385.11,8193.46,1892,121
Cebu Pacific,MNL-TUG,2025,10,10674.912,71.58,5931.39,4385.11,5931.3,1892,95
Cebu Pacific,MNL-USU,2025,10,121.536,5.37,6456.58,4385.11,3779.68,1892,93
Cebu Pacific,MNL-VRC,2025,10,4866.504,100.0,10000.0,4385.11,10000.0,1892,31
Cebu Pacific,MNL-ZAM,2025,10,941.904,25.0,6250.0,4385.11,5000.0,1892,64
Cebu Pacific,MPH-CEB,2025,10,5651.424,82.71,6990.54,3590.2,3975.14,301,688
Cebu Pacific,MPH-CRK,2025,10,627.936,83.78,7282.18,3590.2,6461.05,301,95
Cebu Pacific,MPH-MNL,2025,10,15070.464,40.93,3447.5,3590.2,4460.47,301,1353
Cebu Pacific,NRT-CRK,2025,10,2705.864,100.0,10000.0,10000.0,6461.05,17,95
Cebu Pacific,Not available-ZAM,2025,10,156.984,100.0,10000.0,10000.0,5000.0,1,64
Cebu Pacific,PPS-CEB,2025,10,2974.256,100.0,10000.0,7249.27,3975.14,175,688
Cebu Pacific,PPS-CRK,2025,10,1801.096,100.0,10000.0,7249.27,6461.05,175,95
Cebu Pacific,PPS-DVO,2025,10,2825.712,100.0,10000.0,7249.27,5875.39,175,204
Cebu Pacific,PPS-ILO,2025,10,2825.712,100.0,10000.0,7249.27,6782.39,175,241
Cebu Pacific,PPS-MNL,2025,10,14786.88,74.85,6235.04,7249.27,4460.47,175,1353
Cebu Pacific,TAG-DVO,2025,10,388.24,100.0,10000.0,5511.91,5875.39,118,204
Cebu Pacific,TAG-ILO,2025,10,2354.76,100.0,10000.0,5511.91,6782.39,118,241
Cebu Pacific,TAG-MNL,2025,10,11404.128,66.58,5029.54,5511.91,4460.47,118,1353
Cebu Pacific,TWT-ZAM,2025,10,941.904,30.0,5800.0,6213.9,5000.0,30,64
Cebu Pacific,USU-CRK,2025,10,60.768,2.5,9512.5,7251.77,6461.05,77,95
Cebu Pacific,ZAM-CEB,2025,10,1098.888,100.0,10000.0,5612.5,3975.14,80,688
Cebu Pacific,ZAM-ILO,2025,10,2040.792,100.0,10000.0,5612.5,6782.39,80,241
Cebu Pacific,ZAM-MNL,2025,10,941.904,25.0,6250.0,5612.5,4460.47,80,1353
Cebu Pacific,ZAM-TWT,2025,10,4395.552,77.78,6543.46,5612.5,5849.33,80,46
Philippine Airlines,BCD-CEB,2025,10,1648.32,43.53,4022.3,4632.32,3975.14,145,688
Philippine Airlines,BCD-MNL,2025,10,2855.472,21.54,6274.04,4632.32,4460.47,145,1353
Philippine Airlines,BXU-CEB,2025,10,164.832,12.41,7826.02,6655.78,3975.14,51,688
Philippine Airlines,CBO-CEB,2025,10,549.44,100.0,10000.0,10000.0,3975.14,20,688
Philippine Airlines,CBO-TWT,2025,10,549.44,100.0,10000.0,10000.0,5849.33,20,46
Philippine Airlines,CEB-BCD,2025,10,1648.32,41.85,4000.67,3858.03,3854.92,726,239
Philippine Airlines,CEB-BXU,2025,10,164.832,24.0,6352.0,3858.03,8237.84,726,37
Philippine Airlines,CEB-CBO,2025,10,549.44,100.0,10000.0,3858.03,10000.0,726,20
Philippine Airlines,CEB-CEB,2025,10,54.944,100.0,10000.0,3858.03,3975.14,726,688
Philippine Airlines,CEB-CGY,2025,10,2247.856,59.85,4388.04,3858.03,4952.37,726,100
Philippine Airlines,CEB-DVO,2025,10,219.776,1.99,9609.92,3858.03,5875.39,726,204
Philippine Airlines,CEB-ILO,2025,10,2802.144,71.39,5915.06,3858.03,6782.39,726,241
Philippine Airlines,CEB-MNL,2025,10,12352.704,41.22,3929.08,3858.03,4460.47,726,1353
Philippine Airlines,CEB-MPH,2025,10,329.664,5.74,8917.9,3858.03,5787.28,726,213
Philippine Airlines,CEB-OZC,2025,10,769.216,39.8,4283.95,3858.03,7013.42,726,65
Philippine Airlines,CEB-TAC,2025,10,2032.928,81.37,6968.15,3858.03,3933.56,726,349
Philippine Airlines,CEB-USU,2025,10,659.328,85.0,7450.0,3858.03,3779.68,726,93
Philippine Airlines,CGY-CEB,2025,10,2247.856,59.85,4388.04,3862.34,3975.14,154,688
Philippine Airlines,CGY-MNL,2025,10,5596.208,31.34,4210.41,3862.34,4460.47,154,1353
Philippine Airlines,CRM-MNL,2025,10,988.992,100.0,10000.0,10000.0,4460.47,18,1353
Philippine Airlines,CYZ-MNL,2025,10,3606.912,100.0,10000.0,10000.0,4460.47,24,1353
Philippine Airlines,DRP-MNL,2025,10,2554.896,31.56,5680.07,6067.75,4460.47,62,1353
Philippine Airlines,DVO-CEB,2025,10,219.776,1.95,9617.6,5313.29,3975.14,225,688
Philippine Airlines,DVO-MNL,2025,10,14587.632,57.94,5126.09,5313.29,4460.47,225,1353
Philippine Airlines,GES-MNL,2025,10,1383.296,17.12,7162.19,8172.49,4460.47,76,1353
Philippine Airlines,ILO-CEB,2025,10,2802.144,59.63,5088.43,6573.37,3975.14,273,688
Philippine Airlines,ILO-MNL,2025,10,5109.792,25.43,5989.62,6573.37,4460.47,273,1353
Philippine Airlines,MNL-BCD,2025,10,9645.904,34.01,4337.09,4385.11,3854.92,1892,239
Philippine Airlines,MNL-BXU,2025,10,450.864,8.02,8524.64,4385.11,8237.84,1892,37
Philippine Airlines,MNL-CEB,2025,10,5717.408,25.19,4195.26,4385.11,3975.14,1892,688
Philippine Airlines,MNL-CGY,2025,10,5596.208,69.95,5796.01,4385.11,4952.37,1892,100
Philippine Airlines,MNL-CYZ,2025,10,3606.912,100.0,10000.0,4385.11,10000.0,1892,24
Philippine Airlines,MNL-DRP,2025,10,2554.896,30.18,5785.66,4385.11,6057.48,1892,64
Philippine Airlines,MNL-DVO,2025,10,9411.584,57.29,5106.29,4385.11,5875.39,1892,204
Philippine Airlines,MNL-GES,2025,10,1063.328,13.7,7635.38,4385.11,8526.69,1892,75
Philippine Airlines,MNL-LAO,2025,10,3907.488,46.43,5025.49,4385.11,5025.51,1892,56
Philippine Airlines,MNL-MPH,2025,10,8951.024,36.64,5356.98,4385.11,5787.28,1892,213
Philippine Airlines,MNL-Not available,2025,10,150.288,100.0,10000.0,4385.11,5976.2,1892,2
Philippine Airlines,MNL-OZC,2025,10,4658.928,100.0,10000.0,4385.11,7013.42,1892,65
Philippine Airlines,MNL-PPS,2025,10,8222.208,26.64,3433.5,4385.11,4059.57,1892,255
Philippine Airlines,MNL-RXS,2025,10,4658.928,41.89,3772.63,4385.11,3772.83,1892,74
Philippine Airlines,MNL-TAC,2025,10,20578.144,43.76,3947.61,4385.11,3933.56,1892,349
Philippine Airlines,MNL-TAG,2025,10,2023.232,11.67,7938.38,4385.11,8193.46,1892,121
Philippine Airlines,MNL-TUG,2025,10,4057.776,28.42,5931.39,4385.11,5931.3,1892,95
Philippine Airlines,MNL-USU,2025,10,1703.264,78.54,6456.58,4385.11,3779.68,1892,93
Philippine Airlines,MNL-ZAM,2025,10,2705.184,75.0,6250.0,4385.11,5000.0,1892,64
Philippine Airlines,MPH-CEB,2025,10,549.44,8.4,6990.54,3590.2,3975.14,301,688
Philippine Airlines,MPH-MNL,2025,10,9101.312,25.82,3447.5,3590.2,4460.47,301,1353
Philippine Airlines,OZC-CEB,2025,10,769.216,45.25,5045.12,5045.18,3975.14,30,688
Philippine Airlines,PPS-MNL,2025,10,4757.504,25.15,6235.04,7249.27,4460.47,175,1353
Philippine Airlines,TAC-CEB,2025,10,329.664,48.57,5004.09,4818.07,3975.14,32,688
Philippine Airlines,TAC-MNL,2025,10,743.36,23.61,6392.86,4818.07,4460.47,32,1353
Philippine Airlines,TAG-MNL,2025,10,2023.232,12.34,5029.54,5511.91,4460.47,118,1353
Philippine Airlines,TWT-CBO,2025,10,549.44,100.0,10000.0,6213.9,10000.0,30,20
Philippine Airlines,TWT-ZAM,2025,10,2104.032,70.0,5800.0,6213.9,5000.0,30,64
Philippine Airlines,USU-CEB,2025,10,659.328,31.19,5707.63,7251.77,3975.14,77,688
Philippine Airlines,ZAM-MNL,2025,10,2705.184,75.0,6250.0,5612.5,4460.47,80,1353
Philippine Airlines,ZAM-TWT,2025,10,1202.304,22.22,6543.46,5612.5,5849.33,80,46
Sunlight Air,MNL-USU,2025,10,367.2,16.1,6456.58,4385.11,3779.68,1892,93
AirAsia,BCD-MNL,2025,11,1093.68,17.19,4669.54,3666.6,4095.04,69,548
AirAsia,CEB-MNL,2025,11,3281.04,19.48,3667.48,4218.02,4095.04,332,548
AirAsia,CGY-MNL,2025,11,1093.68,15.63,3886.78,3771.49,4095.04,67,548
AirAsia,ILO-MNL,2025,11,624.96,7.27,6377.94,7048.2,4095.04,106,548
AirAsia,MNL-BCD,2025,11,1874.88,24.91,3760.05,4284.08,3230.41,509,69
AirAsia,MNL-CEB,2025,11,2812.32,19.79,3880.98,4284.08,4187.88,509,375
AirAsia,MNL-CGY,2025,11,1093.68,30.43,5765.97,4284.08,3886.96,509,49
AirAsia,MNL-ILO,2025,11,1093.68,14.28,7551.84,4284.08,7598.49,509,99
AirAsia,MNL-PPS,2025,11,2343.6,37.83,3386.73,4284.08,4251.88,509,59
AirAsia,MNL-RXS,2025,11,468.72,18.75,3671.88,4284.08,3671.88,509,16
AirAsia,MPH-MNL,2025,11,4374.72,38.89,3383.48,3190.19,4095.04,122,548
AirAsia,TAC-MNL,2025,11,1093.68,58.6,5147.92,3827.32,4095.04,26,548
AirAsia,TAG-MNL,2025,11,1718.64,31.96,3886.62,4352.67,4095.04,39,548
Cebgo,BCD-CEB,2025,11,972.288,47.33,3632.35,3666.6,4187.88,69,375
Cebgo,BXU-CEB,2025,11,486.144,62.88,5331.79,3838.08,4187.88,17,375
Cebgo,CEB-BCD,2025,11,729.216,47.37,3653.45,4218.02,3230.41,332,69
Cebgo,CEB-CGM,2025,11,243.072,100.0,10000.0,4218.02,10000.0,332,4
Cebgo,CEB-CGY,2025,11,425.376,15.62,3835.02,4218.02,3886.96,332,49
Cebgo,CEB-DGT,2025,11,182.304,100.0,10000.0,4218.02,8135.59,332,13
Cebgo,CEB-DRP,2025,11,364.608,100.0,10000.0,4218.02,6368.38,332,21
Cebgo,CEB-MBT,2025,11,182.304,100.0,10000.0,4218.02,10000.0,332,3
Cebgo,CEB-OZC,2025,11,243.072,51.43,5004.09,4218.02,7153.81,332,14
Cebgo,CEB-PAG,2025,11,364.608,100.0,10000.0,4218.02,6258.67,332,13
Cebgo,CEB-SUG,2025,11,425.376,100.0,10000.0,4218.02,10000.0,332,7
Cebgo,CEB-TAC,2025,11,243.072,27.8,5985.68,4218.02,4877.66,332,48
Cebgo,CGM-CEB,2025,11,303.84,100.0,10000.0,10000.0,4187.88,5,375
Cebgo,CGY-CEB,2025,11,425.376,15.62,3835.02,3771.49,4187.88,67,375
Cebgo,CRK-SJI,2025,11,182.304,100.0,10000.0,6257.88,10000.0,46,3
Cebgo,CRK-USU,2025,11,1154.592,100.0,10000.0,6257.88,3869.61,46,44
Cebgo,DGT-CEB,2025,11,243.072,100.0,10000.0,8097.94,4187.88,17,375
Cebgo,DPL-CEB,2025,11,182.304,100.0,10000.0,5351.94,4187.88,5,375
Cebgo,DRP-CEB,2025,11,425.376,100.0,10000.0,6334.38,4187.88,27,375
Cebgo,IAO-CEB,2025,11,668.448,100.0,10000.0,10000.0,4187.88,11,375
Cebgo,MBT-CEB,2025,11,303.84,100.0,10000.0,10000.0,4187.88,5,375
Cebgo,MPH-CEB,2025,11,425.376,10.96,5681.44,3190.19,4187.88,122,375
Cebgo,MPH-CRK,2025,11,486.144,34.04,5509.44,3190.19,6609.68,122,69
Cebgo,OZC-CEB,2025,11,303.84,56.96,5096.88,5096.94,4187.88,9,375
Cebgo,SJI-CRK,2025,11,182.304,100.0,10000.0,10000.0,6609.68,3,69
Cebgo,TAC-CEB,2025,11,425.376,48.09,5007.3,3827.32,4187.88,26,375
Cebgo,USU-CEB,2025,11,486.144,34.62,5473.09,5398.53,4187.88,43,375
Cebgo,USU-CRK,2025,11,1154.592,100.0,10000.0,5398.53,6609.68,43,69
Cebu Pacific,BCD-CEB,2025,11,508.088,24.73,3632.35,3666.6,4187.88,69,375
Cebu Pacific,BCD-MNL,2025,11,4036.008,63.15,4669.54,3666.6,4095.04,69,548
Cebu Pacific,BXU-MNL,2025,11,776.48,100.0,10000.0,3838.08,4095.04,17,548
Cebu Pacific,CAN-MNL,2025,11,388.24,100.0,10000.0,10000.0,4095.04,2,548
Cebu Pacific,CEB-BCD,2025,11,351.104,22.81,3653.45,4218.02,3230.41,332,69
Cebu Pacific,CEB-BXU,2025,11,508.088,68.88,5712.91,4218.02,5300.17,332,11
Cebu Pacific,CEB-CGY,2025,11,1255.872,46.13,3835.02,4218.02,3886.96,332,49
Cebu Pacific,CEB-CRK,2025,11,3288.224,100.0,10000.0,4218.02,6609.68,332,69
Cebu Pacific,CEB-DVO,2025,11,4572.792,98.76,9755.08,4218.02,5927.86,332,83
Cebu Pacific,CEB-GES,2025,11,1561.4,100.0,10000.0,4218.02,7057.75,332,30
Cebu Pacific,CEB-ILO,2025,11,1569.84,64.58,5425.15,4218.02,7598.49,332,99
Cebu Pacific,CEB-MNL,2025,11,7625.54,45.07,3667.48,4218.02,4095.04,332,548
Cebu Pacific,CEB-MPH,2025,11,2040.792,85.56,7529.03,4218.02,5579.21,332,62
Cebu Pacific,CEB-PPS,2025,11,979.04,100.0,10000.0,4218.02,4251.88,332,59
Cebu Pacific,CEB-ZAM,2025,11,941.904,100.0,10000.0,4218.02,6088.89,332,30
Cebu Pacific,CGY-CEB,2025,11,1255.872,46.13,3835.02,3771.49,4187.88,67,375
Cebu Pacific,CGY-MNL,2025,11,3419.888,48.64,3886.78,3771.49,4095.04,67,548
Cebu Pacific,CRK-CEB,2025,11,3131.24,100.0,10000.0,6257.88,4187.88,46,375
Cebu Pacific,CRK-MPH,2025,11,313.968,100.0,10000.0,6257.88,5579.21,46,62
Cebu Pacific,CRK-PPS,2025,11,582.36,100.0,10000.0,6257.88,4251.88,46,59
Cebu Pacific,DGT-MNL,2025,11,2040.792,100.0,10000.0,8097.94,4095.04,17,548
Cebu Pacific,DPL-MNL,2025,11,313.968,100.0,10000.0,5351.94,4095.04,5,548
Cebu Pacific,DRP-ILO,2025,11,470.952,100.0,10000.0,6334.38,7598.49,27,99
Cebu Pacific,DRP-MNL,2025,11,2717.68,85.23,7482.31,6334.38,4095.04,27,548
Cebu Pacific,DVO-CEB,2025,11,4572.792,98.76,9755.08,5617.14,4187.88,96,375
Cebu Pacific,DVO-MNL,2025,11,5592.344,50.6,5000.72,5617.14,4095.04,96,548
Cebu Pacific,DVO-PPS,2025,11,941.904,100.0,10000.0,5617.14,4251.88,96,59
Cebu Pacific,DVO-TAG,2025,11,388.24,100.0,10000.0,5617.14,7283.07,96,28
Cebu Pacific,GES-CEB,2025,11,1561.4,100.0,10000.0,5932.61,4187.88,38,375
Cebu Pacific,GES-ILO,2025,11,1255.872,100.0,10000.0,5932.61,7598.49,38,99
Cebu Pacific,GES-MNL,2025,11,2292.304,53.07,5018.85,5932.61,4095.04,38,548
Cebu Pacific,HKG-DVO,2025,11,784.92,100.0,10000.0,10000.0,5927.86,5,83
Cebu Pacific,ILO-CEB,2025,11,2197.776,71.85,5954.84,7048.2,4187.88,106,375
Cebu Pacific,ILO-CRK,2025,11,1127.584,100.0,10000.0,7048.2,6609.68,106,69
Cebu Pacific,ILO-DRP,2025,11,313.968,100.0,10000.0,7048.2,6368.38,106,21
Cebu Pacific,ILO-GES,2025,11,941.904,100.0,10000.0,7048.2,7057.75,106,30
Cebu Pacific,ILO-MNL,2025,11,6753.688,78.19,6377.94,7048.2,4095.04,106,548
Cebu Pacific,ILO-PPS,2025,11,941.904,100.0,10000.0,7048.2,4251.88,106,59
Cebu Pacific,ILO-TAG,2025,11,470.952,100.0,10000.0,7048.2,7283.07,106,28
Cebu Pacific,ILO-ZAM,2025,11,470.952,100.0,10000.0,7048.2,6088.89,106,30
Cebu Pacific,KLO-MNL,2025,11,1412.856,100.0,10000.0,10000.0,4095.04,9,548
Cebu Pacific,LAO-MNL,2025,11,1098.888,100.0,10000.0,10000.0,4095.04,7,548
Cebu Pacific,MNL-BCD,2025,11,3796.312,50.19,3760.05,4284.08,3230.41,509,69
Cebu Pacific,MNL-BXU,2025,11,388.24,55.29,5055.97,4284.08,5300.17,509,11
Cebu Pacific,MNL-CEB,2025,11,7394.284,51.79,3880.98,4284.08,4187.88,509,375
Cebu Pacific,MNL-DGT,2025,11,1569.84,100.0,10000.0,4284.08,8135.59,509,13
Cebu Pacific,MNL-DPL,2025,11,313.968,100.0,10000.0,4284.08,10000.0,509,2
Cebu Pacific,MNL-DRP,2025,11,2135.32,87.18,7764.7,4284.08,6368.38,509,21
Cebu Pacific,MNL-DVO,2025,11,2994.512,42.92,5100.25,4284.08,5927.86,509,83
Cebu Pacific,MNL-GES,2025,11,1941.2,66.67,5555.78,4284.08,7057.75,509,30
Cebu Pacific,MNL-ILO,2025,11,6596.704,85.72,7551.84,4284.08,7598.49,509,99
Cebu Pacific,MNL-LAO,2025,11,1098.888,58.33,5138.78,4284.08,5138.89,509,12
Cebu Pacific,MNL-MPH,2025,11,3767.616,58.54,5145.86,4284.08,5579.21,509,62
Cebu Pacific,MNL-PAG,2025,11,1098.888,100.0,10000.0,4284.08,6258.67,509,13
Cebu Pacific,MNL-PPS,2025,11,2143.76,34.44,3386.73,4284.08,4251.88,509,59
Cebu Pacific,MNL-RXS,2025,11,1098.888,43.75,3671.88,4284.08,3671.88,509,16
Cebu Pacific,MNL-TAC,2025,11,3767.616,68.32,5671.24,4284.08,4877.66,509,48
Cebu Pacific,MNL-TAG,2025,11,3197.072,80.29,6834.97,4284.08,7283.07,509,28
Cebu Pacific,MNL-TUG,2025,11,1255.872,61.54,5266.34,4284.08,5266.27,509,13
Cebu Pacific,MNL-VRC,2025,11,941.904,100.0,10000.0,4284.08,10000.0,509,6
Cebu Pacific,MNL-ZAM,2025,11,1098.888,53.85,5029.65,4284.08,6088.89,509,30
Cebu Pacific,MPH-CEB,2025,11,2825.712,72.78,5681.44,3190.19,4187.88,122,375
Cebu Pacific,MPH-CRK,2025,11,941.904,65.96,5509.44,3190.19,6609.68,122,69
Cebu Pacific,MPH-MNL,2025,11,3296.664,29.17,3383.48,3190.19,4095.04,122,548
Cebu Pacific,NRT-CRK,2025,11,470.952,100.0,10000.0,10000.0,6609.68,3,69
Cebu Pacific,PPS-CEB,2025,11,1293.008,100.0,10000.0,6280.24,4187.88,67,375
Cebu Pacific,PPS-CRK,2025,11,776.48,100.0,10000.0,6280.24,6609.68,67,69
Cebu Pacific,PPS-DVO,2025,11,1412.856,100.0,10000.0,6280.24,5927.86,67,83
Cebu Pacific,PPS-ILO,2025,11,1412.856,100.0,10000.0,6280.24,7598.49,67,99
Cebu Pacific,PPS-MNL,2025,11,3668.024,56.63,5087.91,6280.24,4095.04,67,548
Cebu Pacific,TAG-DVO,2025,11,388.24,100.0,10000.0,4352.67,5927.86,39,83
Cebu Pacific,TAG-ILO,2025,11,627.936,100.0,10000.0,4352.67,7598.49,39,99
Cebu Pacific,TAG-MNL,2025,11,2734.56,50.61,3886.62,4352.67,4095.04,39,548
Cebu Pacific,TWT-ZAM,2025,11,941.904,75.0,6250.0,5700.82,6088.89,10,30
Cebu Pacific,ZAM-CEB,2025,11,1255.872,100.0,10000.0,6179.59,4187.88,35,375
Cebu Pacific,ZAM-ILO,2025,11,784.92,100.0,10000.0,6179.59,7598.49,35,99
Cebu Pacific,ZAM-MNL,2025,11,1412.856,50.0,5000.0,6179.59,4095.04,35,548
Cebu Pacific,ZAM-TWT,2025,11,627.936,100.0,10000.0,6179.59,8465.38,35,5
Philippine Airlines,BCD-CEB,2025,11,549.44,27.94,3632.35,3666.6,4187.88,69,375
Philippine Airlines,BCD-MNL,2025,11,1202.304,19.65,4669.54,3666.6,4095.04,69,548
Philippine Airlines,BXU-CEB,2025,11,274.72,37.12,5331.79,3838.08,4187.88,17,375
Philippine Airlines,CBO-CEB,2025,11,164.832,100.0,10000.0,10000.0,4187.88,4,375
Philippine Airlines,CBO-TWT,2025,11,54.944,100.0,10000.0,10000.0,8465.38,4,5
Philippine Airlines,CEB-BCD,2025,11,439.552,29.82,3653.45,4218.02,3230.41,332,69
Philippine Airlines,CEB-BXU,2025,11,219.776,31.12,5712.91,4218.02,5300.17,332,11
Philippine Airlines,CEB-CBO,2025,11,109.888,100.0,10000.0,4218.02,10000.0,332,4
Philippine Airlines,CEB-CGY,2025,11,997.072,38.25,3835.02,4218.02,3886.96,332,49
Philippine Airlines,CEB-DVO,2025,11,54.944,1.24,9755.08,4218.02,5927.86,332,83
Philippine Airlines,CEB-ILO,2025,11,824.16,35.42,5425.15,4218.02,7598.49,332,99
Philippine Airlines,CEB-MNL,2025,11,5741.648,35.45,3667.48,4218.02,4095.04,332,548
Philippine Airlines,CEB-MPH,2025,11,329.664,14.44,7529.03,4218.02,5579.21,332,62
Philippine Airlines,CEB-OZC,2025,11,219.776,48.57,5004.09,4218.02,7153.81,332,14
Philippine Airlines,CEB-TAC,2025,11,604.384,72.2,5985.68,4218.02,4877.66,332,48
Philippine Airlines,CEB-USU,2025,11,659.328,100.0,10000.0,4218.02,3869.61,332,44
Philippine Airlines,CGY-CEB,2025,11,997.072,38.25,3835.02,3771.49,4187.88,67,375
Philippine Airlines,CGY-MNL,2025,11,2404.608,35.73,3886.78,3771.49,4095.04,67,548
Philippine Airlines,CRM-MNL,2025,11,219.776,100.0,10000.0,10000.0,4095.04,4,548
Philippine Airlines,CYZ-MNL,2025,11,1202.304,100.0,10000.0,10000.0,4095.04,8,548
Philippine Airlines,DRP-MNL,2025,11,450.864,14.77,7482.31,6334.38,4095.04,27,548
Philippine Airlines,DVO-CEB,2025,11,54.944,1.24,9755.08,5617.14,4187.88,96,375
Philippine Airlines,DVO-MNL,2025,11,5227.76,49.4,5000.72,5617.14,4095.04,96,548
Philippine Airlines,GES-MNL,2025,11,1940.816,46.93,5018.85,5932.61,4095.04,38,548
Philippine Airlines,ILO-CEB,2025,11,824.16,28.15,5954.84,7048.2,4187.88,106,375
Philippine Airlines,ILO-MNL,2025,11,1202.304,14.54,6377.94,7048.2,4095.04,106,548
Philippine Airlines,MNL-BCD,2025,11,1803.456,24.91,3760.05,4284.08,3230.41,509,69
Philippine Airlines,MNL-BXU,2025,11,300.576,44.71,5055.97,4284.08,5300.17,509,11
Philippine Airlines,MNL-CEB,2025,11,3883.248,28.41,3880.98,4284.08,4187.88,509,375
Philippine Airlines,MNL-CGY,2025,11,2404.608,69.57,5765.97,4284.08,3886.96,509,49
Philippine Airlines,MNL-CYZ,2025,11,901.728,100.0,10000.0,4284.08,10000.0,509,6
Philippine Airlines,MNL-DRP,2025,11,300.576,12.82,7764.7,4284.08,6368.38,509,21
Philippine Airlines,MNL-DVO,2025,11,3812.144,57.08,5100.25,4284.08,5927.86,509,83
Philippine Airlines,MNL-GES,2025,11,929.2,33.33,5555.78,4284.08,7057.75,509,30
Philippine Airlines,MNL-LAO,2025,11,751.44,41.67,5138.78,4284.08,5138.89,509,12
Philippine Airlines,MNL-MPH,2025,11,2554.896,41.46,5145.86,4284.08,5579.21,509,62
Philippine Airlines,MNL-OZC,2025,11,901.728,100.0,10000.0,4284.08,7153.81,509,14
Philippine Airlines,MNL-PPS,2025,11,1653.168,27.74,3386.73,4284.08,4251.88,509,59
Philippine Airlines,MNL-RXS,2025,11,901.728,37.5,3671.88,4284.08,3671.88,509,16
Philippine Airlines,MNL-TAC,2025,11,1672.56,31.68,5671.24,4284.08,4877.66,509,48
Philippine Airlines,MNL-TAG,2025,11,751.44,19.71,6834.97,4284.08,7283.07,509,28
Philippine Airlines,MNL-TUG,2025,11,751.44,38.46,5266.34,4284.08,5266.27,509,13
Philippine Airlines,MNL-USU,2025,11,329.664,47.89,5008.9,4284.08,3869.61,509,44
Philippine Airlines,MNL-ZAM,2025,11,901.728,46.15,5029.65,4284.08,6088.89,509,30
Philippine Airlines,MPH-CEB,2025,11,604.384,16.26,5681.44,3190.19,4187.88,122,375
Philippine Airlines,MPH-MNL,2025,11,3456.624,31.94,3383.48,3190.19,4095.04,122,548
Philippine Airlines,OZC-CEB,2025,11,219.776,43.04,5096.88,5096.94,4187.88,9,375
Philippine Airlines,PPS-MNL,2025,11,2689.024,43.37,5087.91,6280.24,4095.04,67,548
Philippine Airlines,TAC-CEB,2025,11,439.552,51.91,5007.3,3827.32,4187.88,26,375
Philippine Airlines,TAC-MNL,2025,11,743.36,41.4,5147.92,3827.32,4095.04,26,548
Philippine Airlines,TAG-MNL,2025,11,901.728,17.43,3886.62,4352.67,4095.04,39,548
Philippine Airlines,TWT-CBO,2025,11,109.888,100.0,10000.0,5700.82,10000.0,10,4
Philippine Airlines,TWT-ZAM,2025,11,300.576,25.0,6250.0,5700.82,6088.89,10,30
Philippine Airlines,USU-CEB,2025,11,879.104,65.38,5473.09,5398.53,4187.88,43,375
Philippine Airlines,ZAM-MNL,2025,11,1352.592,50.0,5000.0,6179.59,4095.04,35,548
Sunlight Air,MNL-USU,2025,11,377.4,52.11,5008.9,4284.08,3869.61,509,44
