Route,Date,Total_Market_Forecast,Total_Market_Lower_CI,Total_Market_Upper_CI,CebuPac_Forecast,CebuPac_Lower_CI,CebuPac_Upper_CI
Angeles City (CRK)-Angeles City (CRK),2025-10-01,387.20251403194317,0.0,883.5112983260306,33.89601913241839,0.0,376.27828689652677
Angeles City (CRK)-Angeles City (CRK),2025-11-01,392.2271907855706,0.0,888.5359750796579,23.477944722088182,0.0,365.86021248619653
Angeles City (CRK)-Angeles City (CRK),2025-12-01,397.0897811923069,0.0,893.3985654863942,13.395937228220191,0.0,355.77820499232854
Angeles City (CRK)-Angeles City (CRK),2026-01-01,402.1144579459343,0.0,898.4232422400216,2.9778628178900135,0.0,345.36013058199836
Angeles City (CRK)-Angeles City (CRK),2026-02-01,407.13913469956185,0.0,903.4479189936492,0.0,0.0,342.38226776410835
Angeles City (CRK)-Angeles City (CRK),2026-03-01,411.67755241251564,0.0,907.986336706603,0.0,0.0,342.38226776410835
Angeles City (CRK)-Angeles City (CRK),2026-04-01,416.70222916614307,0.0,913.0110134602304,0.0,0.0,342.38226776410835
Angeles City (CRK)-Angeles City (CRK),2026-05-01,421.56481957287934,0.0,917.8736038669667,0.0,0.0,342.38226776410835
Angeles City (CRK)-Angeles City (CRK),2026-06-01,426.58949632650683,0.0,922.8982806205942,0.0,0.0,342.38226776410835
Angeles City (CRK)-Angeles City (CRK),2026-07-01,431.45208673324305,0.0,927.7608710273304,0.0,0.0,342.38226776410835
Angeles City (CRK)-Angeles City (CRK),2026-08-01,436.47676348687054,0.0,932.7855477809578,0.0,0.0,342.38226776410835
Angeles City (CRK)-Angeles City (CRK),2026-09-01,441.501440240498,0.0,937.8102245345854,0.0,0.0,342.38226776410835
Angeles City (CRK)-Busuanga (USU),2025-12-01,2640.7668370321517,1182.8692590654744,4098.664414998829,21.66775335635932,0.0,81.31717034604542
Angeles City (CRK)-Busuanga (USU),2026-01-01,2716.6318685848537,1258.7342906181764,4174.529446551531,22.6530750386473,0.0,82.3024920283334
Angeles City (CRK)-Busuanga (USU),2026-02-01,2792.4969001375557,1334.5993221708784,4250.394478104233,23.638396720935287,0.0,83.28781371062138
Angeles City (CRK)-Busuanga (USU),2026-03-01,2861.020154443222,1403.1225764765447,4318.917732409899,24.528364692034106,0.0,84.1777816817202
Angeles City (CRK)-Busuanga (USU),2026-04-01,2936.885185995924,1478.9876080292468,4394.782763962601,25.513686374322088,0.0,85.16310336400818
Angeles City (CRK)-Busuanga (USU),2026-05-01,3010.302958466281,1552.4053804996036,4468.200536432958,26.46722348621368,0.0,86.11664047589977
Angeles City (CRK)-Busuanga (USU),2026-06-01,3086.167990018983,1628.2704120523056,4544.06556798566,27.45254516850166,0.0,87.10196215818776
Angeles City (CRK)-Busuanga (USU),2026-07-01,3159.5857624893397,1701.6881845226624,4617.483340456017,28.406082280393253,0.0,88.05549927007935
Angeles City (CRK)-Busuanga (USU),2026-08-01,3235.4507940420417,1777.5532160753644,4693.348372008719,29.391403962681242,0.0,89.04082095236734
Angeles City (CRK)-Busuanga (USU),2026-09-01,3311.315825594743,1853.4182476280655,4769.21340356142,30.376725644969216,0.0,90.02614263465532
Angeles City (CRK)-Busuanga (USU),2026-10-01,3384.7335980650996,1926.8360200984223,4842.631176031777,31.330262756860808,0.0,90.9796797465469
Angeles City (CRK)-Busuanga (USU),2026-11-01,3460.5986296178016,2002.7010516511243,4918.496207584479,32.31558443914879,0.0,91.96500142883488
Angeles City (CRK)-Caticlan (MPH),2025-12-01,7524.782271301962,1434.6175085323093,13614.947034071614,7357.199750295108,1230.105710306576,13484.29379028364
Angeles City (CRK)-Caticlan (MPH),2026-01-01,7547.464058174998,1457.2992954053452,13637.62882094465,7372.669268940095,1245.575228951563,13499.763308928628
Angeles City (CRK)-Caticlan (MPH),2026-02-01,7570.145845048034,1479.981082278381,13660.310607817686,7388.138787585082,1261.0447475965502,13515.232827573614
Angeles City (CRK)-Caticlan (MPH),2026-03-01,7590.6326202881955,1500.4678575185426,13680.797383057848,7402.111256038619,1275.017216050087,13529.20529602715
Angeles City (CRK)-Caticlan (MPH),2026-04-01,7613.314407161231,1523.1496443915785,13703.479169930884,7417.580774683606,1290.4867346950741,13544.674814672138
Angeles City (CRK)-Caticlan (MPH),2026-05-01,7635.264523489976,1545.0997607203235,13725.42928625963,7432.55127659811,1305.457236609578,13559.645316586642
Angeles City (CRK)-Caticlan (MPH),2026-06-01,7657.946310363012,1567.7815475933594,13748.111073132666,7448.020795243097,1320.9267552545653,13575.11483523163
Angeles City (CRK)-Caticlan (MPH),2026-07-01,7679.8964266917565,1589.7316639221035,13770.061189461409,7462.991297157601,1335.8972571690692,13590.085337146134
Angeles City (CRK)-Caticlan (MPH),2026-08-01,7702.578213564793,1612.4134507951403,13792.742976334446,7478.4608158025885,1351.3667758140564,13605.55485579112
Angeles City (CRK)-Caticlan (MPH),2026-09-01,7725.260000437829,1635.0952376681762,13815.424763207482,7493.930334447576,1366.8362944590435,13621.024374436107
Angeles City (CRK)-Caticlan (MPH),2026-10-01,7747.210116766573,1657.0453539969203,13837.374879536226,7508.900836362079,1381.8067963735466,13635.99487635061
Angeles City (CRK)-Caticlan (MPH),2026-11-01,7769.891903639609,1679.7271408699562,13860.056666409262,7524.370355007066,1397.2763150185338,13651.464394995597
Angeles City (CRK)-Cebu (CEB),2025-12-01,9531.862529427783,1861.9710091631378,17201.754049692427,8389.433443315007,607.2199786123765,16171.646908017638
Angeles City (CRK)-Cebu (CEB),2026-01-01,9717.476984252127,2047.5854639874824,17387.368504516773,8545.290234092601,763.0767693899707,16327.503698795232
Angeles City (CRK)-Cebu (CEB),2026-02-01,9903.091439076472,2233.199918811827,17572.982959341116,8701.147024870192,918.9335601675612,16483.36048957282
Angeles City (CRK)-Cebu (CEB),2026-03-01,10070.743204724267,2400.8516844596224,17740.63472498891,8841.920900411245,1059.7074357086149,16624.134365113874
Angeles City (CRK)-Cebu (CEB),2026-04-01,10256.35765954861,2586.4661392839653,17926.249179813254,8997.777691188838,1215.5642264862072,16779.99115589147
Angeles City (CRK)-Cebu (CEB),2026-05-01,10435.984551314106,2766.0930310494614,18105.87607157875,9148.606843554251,1366.3933788516206,16930.82030825688
Angeles City (CRK)-Cebu (CEB),2026-06-01,10621.599006138451,2951.707485873806,18291.490526403097,9304.463634331845,1522.2501696292147,17086.677099034474
Angeles City (CRK)-Cebu (CEB),2026-07-01,10801.225897903947,3131.334377639302,18471.117418168593,9455.292786697257,1673.0793219946263,17237.506251399886
Angeles City (CRK)-Cebu (CEB),2026-08-01,10986.840352728292,3316.948832463647,18656.731872992936,9611.149577474851,1828.9361127722204,17393.36304217748
Angeles City (CRK)-Cebu (CEB),2026-09-01,11172.454807552636,3502.5632872879914,18842.346327817282,9767.006368252445,1984.7929035498146,17549.219832955074
Angeles City (CRK)-Cebu (CEB),2026-10-01,11352.08169931813,3682.1901790534857,19021.973219582775,9917.835520617857,2135.622055915226,17700.048985320485
Angeles City (CRK)-Cebu (CEB),2026-11-01,11537.696154142477,3867.804633877832,19207.58767440712,10073.69231139545,2291.4788466928203,17855.90577609808
Angeles City (CRK)-Davao City (DVO),2025-10-01,1452.4052738069254,0.0,3812.990572258833,1452.4052738069254,0.0,3812.990572258833
Angeles City (CRK)-Davao City (DVO),2025-11-01,1216.0507351875303,0.0,3576.6360336394378,1216.0507351875303,0.0,3576.6360336394378
Angeles City (CRK)-Davao City (DVO),2025-12-01,987.3205365235999,0.0,3347.9058349755073,987.3205365235999,0.0,3347.9058349755073
Angeles City (CRK)-Davao City (DVO),2026-01-01,750.9659979042049,0.0,3111.5512963561123,750.9659979042049,0.0,3111.5512963561123
Angeles City (CRK)-Davao City (DVO),2026-02-01,514.6114592848098,0.0,2875.1967577367172,514.6114592848098,0.0,2875.1967577367172
Angeles City (CRK)-Davao City (DVO),2026-03-01,301.1299405318082,0.0,2661.7152389837156,301.1299405318082,0.0,2661.7152389837156
Angeles City (CRK)-Davao City (DVO),2026-04-01,64.77540191241314,0.0,2425.3607003643206,64.77540191241314,0.0,2425.3607003643206
Angeles City (CRK)-Davao City (DVO),2026-05-01,0.0,0.0,2360.5852984519074,0.0,0.0,2360.5852984519074
Angeles City (CRK)-Davao City (DVO),2026-06-01,0.0,0.0,2360.5852984519074,0.0,0.0,2360.5852984519074
Angeles City (CRK)-Davao City (DVO),2026-07-01,0.0,0.0,2360.5852984519074,0.0,0.0,2360.5852984519074
Angeles City (CRK)-Davao City (DVO),2026-08-01,0.0,0.0,2360.5852984519074,0.0,0.0,2360.5852984519074
Angeles City (CRK)-Davao City (DVO),2026-09-01,0.0,0.0,2360.5852984519074,0.0,0.0,2360.5852984519074
Angeles City (CRK)-Manila (MNL),2025-09-01,366.0631302542906,145.0387331355882,587.087527372993,119.20456767035043,0.0,287.0039568825934
Angeles City (CRK)-Manila (MNL),2025-10-01,374.37987798251174,153.3554808638093,595.4042751012141,119.85768513013113,0.0,287.65707434237413
Angeles City (CRK)-Manila (MNL),2025-11-01,382.9738506350069,161.94945351630446,603.9982477537094,120.53257317190453,0.0,288.3319623841475
Angeles City (CRK)-Manila (MNL),2025-12-01,391.290598363228,170.26620124452558,612.3149954819305,121.18569063168523,0.0,288.9850798439282
Angeles City (CRK)-Manila (MNL),2026-01-01,399.8845710157233,178.86017389702084,620.9089681344258,121.86057867345862,0.0,289.6599678857016
Angeles City (CRK)-Manila (MNL),2026-02-01,408.47854366821844,187.454146549516,629.5029407869208,122.535466715232,0.0,290.33485592747496
Angeles City (CRK)-Manila (MNL),2026-03-01,416.2408415478915,195.21644442918904,637.2652386665939,123.14504301102733,0.0,290.94443222327027
Angeles City (CRK)-Manila (MNL),2026-04-01,424.83481420038663,203.8104170816842,645.8592113190891,123.81993105280073,0.0,291.6193202650437
Angeles City (CRK)-Manila (MNL),2026-05-01,433.15156192860786,212.12716480990542,654.1759590473102,124.47304851258143,0.0,292.2724377248244
Angeles City (CRK)-Manila (MNL),2026-06-01,441.7455345811029,220.72113746240046,662.7699316998053,125.14793655435481,0.0,292.94732576659777
Angeles City (CRK)-Manila (MNL),2026-07-01,450.06228230932413,229.0378851906217,671.0866794280266,125.80105401413552,0.0,293.6004432263785
Angeles City (CRK)-Manila (MNL),2026-08-01,458.6562549618193,237.63185784311685,679.6806520805217,126.4759420559089,0.0,294.2753312681519
Angeles City (CRK)-Puerto Princesa City (PPS),2025-12-01,2560.9417023450446,0.0,5400.0382929017305,2563.589280649455,0.0,5496.480826304465
Angeles City (CRK)-Puerto Princesa City (PPS),2026-01-01,2607.8182985584453,0.0,5446.914889115132,2615.857158490156,0.0,5548.748704145166
Angeles City (CRK)-Puerto Princesa City (PPS),2026-02-01,2654.6948947718465,0.0,5493.791485328533,2668.1250363308573,0.0,5601.016581985867
Angeles City (CRK)-Puerto Princesa City (PPS),2026-03-01,2697.0350461904018,0.0,5536.131636747088,2715.3347324450388,0.0,5648.226278100048
Angeles City (CRK)-Puerto Princesa City (PPS),2026-04-01,2743.911642403803,0.0,5583.008232960489,2767.6026102857395,0.0,5700.494155940749
Angeles City (CRK)-Puerto Princesa City (PPS),2026-05-01,2789.276090352255,0.0,5628.372680908941,2818.184427550934,0.0,5751.075973205943
Angeles City (CRK)-Puerto Princesa City (PPS),2026-06-01,2836.152686565656,0.0,5675.249277122342,2870.452305391635,0.0,5803.343851046645
Angeles City (CRK)-Puerto Princesa City (PPS),2026-07-01,2881.517134514108,42.420543957421614,5720.613725070794,2921.03412265683,0.0,5853.92566831184
Angeles City (CRK)-Puerto Princesa City (PPS),2026-08-01,2928.393730727509,89.29714017082279,5767.4903212841955,2973.3020004975306,40.41045484252072,5906.193546152541
Angeles City (CRK)-Puerto Princesa City (PPS),2026-09-01,2975.2703269409103,136.17373638422396,5814.366917497597,3025.569878338232,92.67833268322192,5958.461423993242
Angeles City (CRK)-Puerto Princesa City (PPS),2026-10-01,3020.6347748893622,181.53818433267588,5859.731365446049,3076.1516956034266,143.2601499484167,6009.043241258436
Angeles City (CRK)-Puerto Princesa City (PPS),2026-11-01,3067.5113711027634,228.41478054607705,5906.60796165945,3128.4195734441273,195.52802778911746,6061.311119099137
Bacolod City (BCD)-Cebu (CEB),2025-12-01,7357.803670152468,4239.756863967279,10475.850476337657,868.3829566270135,0.0,2272.0443845051113
Bacolod City (BCD)-Cebu (CEB),2026-01-01,7493.944746582545,4375.897940397355,10611.991552767735,886.9748004401529,0.0,2290.6362283182507
Bacolod City (BCD)-Cebu (CEB),2026-02-01,7630.085823012621,4512.039016827432,10748.132629197811,905.5666442532922,0.0,2309.22807213139
Bacolod City (BCD)-Cebu (CEB),2026-03-01,7753.051956562369,4635.005150377179,10871.098762747559,922.3592773748373,0.0,2326.020705252935
Bacolod City (BCD)-Cebu (CEB),2026-04-01,7889.193032992445,4771.1462268072555,11007.239839177635,940.9511211879767,0.0,2344.6125490660743
Bacolod City (BCD)-Cebu (CEB),2026-05-01,8020.942461795747,4902.895655610557,11138.989267980936,958.943228103918,0.0,2362.6046559820156
Bacolod City (BCD)-Cebu (CEB),2026-06-01,8157.083538225824,5039.036732040635,11275.130344411013,977.5350719170574,0.0,2381.196499795155
Bacolod City (BCD)-Cebu (CEB),2026-07-01,8288.832967029124,5170.786160843934,11406.879773214314,995.5271788329987,0.0,2399.1886067110963
Bacolod City (BCD)-Cebu (CEB),2026-08-01,8424.974043459202,5306.927237274012,11543.020849644392,1014.1190226461381,0.0,2417.7804505242357
Bacolod City (BCD)-Cebu (CEB),2026-09-01,8561.115119889279,5443.068313704089,11679.161926074468,1032.7108664592774,0.0,2436.372294337375
Bacolod City (BCD)-Cebu (CEB),2026-10-01,8692.864548692578,5574.817742507388,11810.911354877768,1050.7029733752186,0.0,2454.364401253316
Bacolod City (BCD)-Cebu (CEB),2026-11-01,8829.005625122656,5710.958818937466,11947.052431307846,1069.294817188358,0.0,2472.9562450664553
Bacolod City (BCD)-Davao City (DVO),2025-10-01,3307.468876885776,1276.752078880289,5338.185674891263,3307.468876885776,1276.752078880289,5338.185674891263
Bacolod City (BCD)-Davao City (DVO),2025-11-01,3326.064277290418,1295.347479284931,5356.781075295905,3326.064277290418,1295.347479284931,5356.781075295905
Bacolod City (BCD)-Davao City (DVO),2025-12-01,3344.059826069104,1313.343028063617,5374.776624074591,3344.059826069104,1313.343028063617,5374.776624074591
Bacolod City (BCD)-Davao City (DVO),2026-01-01,3362.6552264737466,1331.9384284682596,5393.372024479233,3362.6552264737466,1331.9384284682596,5393.372024479233
Bacolod City (BCD)-Davao City (DVO),2026-02-01,3381.2506268783886,1350.5338288729017,5411.9674248838755,3381.2506268783886,1350.5338288729017,5411.9674248838755
Bacolod City (BCD)-Davao City (DVO),2026-03-01,3398.046472405162,1367.3296743996752,5428.763270410649,3398.046472405162,1367.3296743996752,5428.763270410649
Bacolod City (BCD)-Davao City (DVO),2026-04-01,3416.641872809804,1385.9250748043173,5447.358670815291,3416.641872809804,1385.9250748043173,5447.358670815291
Bacolod City (BCD)-Davao City (DVO),2026-05-01,3434.6374215884903,1403.9206235830034,5465.354219593977,3434.6374215884903,1403.9206235830034,5465.354219593977
Bacolod City (BCD)-Davao City (DVO),2026-06-01,3453.232821993133,1422.516023987646,5483.94961999862,3453.232821993133,1422.516023987646,5483.94961999862
Bacolod City (BCD)-Davao City (DVO),2026-07-01,3471.228370771819,1440.511572766332,5501.945168777305,3471.228370771819,1440.511572766332,5501.945168777305
Bacolod City (BCD)-Davao City (DVO),2026-08-01,3489.823771176461,1459.106973170974,5520.540569181948,3489.823771176461,1459.106973170974,5520.540569181948
Bacolod City (BCD)-Davao City (DVO),2026-09-01,3508.419171581103,1477.702373575616,5539.13596958659,3508.419171581103,1477.702373575616,5539.13596958659
Bacolod City (BCD)-Manila (MNL),2025-12-01,65301.17017425968,31735.5351011546,98866.80524736475,29491.170985713765,15686.080969819084,43296.26100160844
Bacolod City (BCD)-Manila (MNL),2026-01-01,65327.87351525673,31762.238442151654,98893.50858836182,29462.28738435494,15657.197368460258,43267.37740024962
Bacolod City (BCD)-Manila (MNL),2026-02-01,65354.57685625378,31788.9417831487,98920.21192935886,29433.403782996116,15628.313767101436,43238.4937988908
Bacolod City (BCD)-Manila (MNL),2026-03-01,65378.696002960794,31813.060929855717,98944.33107606586,29407.315368865566,15602.225352970885,43212.40538476025
Bacolod City (BCD)-Manila (MNL),2026-04-01,65405.39934395784,31839.764270852764,98971.03441706291,29378.431767506743,15573.341751612063,43183.521783401426
Bacolod City (BCD)-Manila (MNL),2026-05-01,65431.24128685821,31865.606213753133,98996.8763599633,29350.47989522401,15545.389879329328,43155.56991111869
Bacolod City (BCD)-Manila (MNL),2026-06-01,65457.944627855264,31892.309554750187,99023.57970096034,29321.596293865186,15516.506277970506,43126.68630975987
Bacolod City (BCD)-Manila (MNL),2026-07-01,65483.786570755634,31918.151497650557,99049.42164386071,29293.644421582456,15488.554405687775,43098.734437477135
Bacolod City (BCD)-Manila (MNL),2026-08-01,65510.48991175269,31944.85483864761,99076.12498485777,29264.76082022363,15459.670804328949,43069.85083611831
Bacolod City (BCD)-Manila (MNL),2026-09-01,65537.19325274974,31971.558179644664,99102.82832585482,29235.877218864807,15430.787202970127,43040.96723475949
Bacolod City (BCD)-Manila (MNL),2026-10-01,65563.03519565011,31997.400122545034,99128.67026875519,29207.925346582077,15402.835330687396,43013.015362476755
Bacolod City (BCD)-Manila (MNL),2026-11-01,65589.73853664716,32024.10346354208,99155.37360975223,29179.04174522325,15373.95172932857,42984.13176111793
Busuanga (USU)-Angeles City (CRK),2025-12-01,2577.0463696208353,1134.823912713684,4019.2688265279867,7.222584452119773,0.0,27.105723448681807
Busuanga (USU)-Angeles City (CRK),2026-01-01,2650.977954835331,1208.7554979281795,4093.200411742482,7.551025012882435,0.0,27.43416400944447
Busuanga (USU)-Angeles City (CRK),2026-02-01,2724.9095400498263,1282.687083142675,4167.131996956978,7.879465573645095,0.0,27.76260457020713
Busuanga (USU)-Angeles City (CRK),2026-03-01,2791.686455727435,1349.4639988202835,4233.908912634586,8.176121564011368,0.0,28.059260560573403
Busuanga (USU)-Angeles City (CRK),2026-04-01,2865.6180409419303,1423.395584034779,4307.840497849082,8.50456212477403,0.0,28.387701121336065
Busuanga (USU)-Angeles City (CRK),2026-05-01,2937.164736310796,1494.9422794036445,4379.387193217947,8.822407828737894,0.0,28.70554682529993
Busuanga (USU)-Angeles City (CRK),2026-06-01,3011.0963215252914,1568.87386461814,4453.318778432443,9.150848389500553,0.0,29.033987386062588
Busuanga (USU)-Angeles City (CRK),2026-07-01,3082.643016894158,1640.4205599870065,4524.865473801309,9.468694093464418,0.0,29.351833090026453
Busuanga (USU)-Angeles City (CRK),2026-08-01,3156.5746021086534,1714.352145201502,4598.797059015805,9.79713465422708,0.0,29.680273650789115
Busuanga (USU)-Angeles City (CRK),2026-09-01,3230.506187323148,1788.2837304159966,4672.728644230299,10.125575214989738,0.0,30.008714211551773
Busuanga (USU)-Angeles City (CRK),2026-10-01,3302.0528826920145,1859.830425784863,4744.275339599166,10.443420918953603,0.0,30.326559915515638
Busuanga (USU)-Angeles City (CRK),2026-11-01,3375.98446790651,1933.7620109993586,4818.206924813661,10.771861479716264,0.0,30.6550004762783
Busuanga (USU)-Cebu (CEB),2025-12-01,5851.7494723159925,2612.2044367375984,9091.294507894387,32.95834143694117,0.0,80.70061037209862
Busuanga (USU)-Cebu (CEB),2026-01-01,5884.834454548836,2645.289418970442,9124.37949012723,34.0736304810364,0.0,81.81589941619384
Busuanga (USU)-Cebu (CEB),2026-02-01,5917.91943678168,2678.3744012032857,9157.464472360074,35.18891952513164,0.0,82.93118846028909
Busuanga (USU)-Cebu (CEB),2026-03-01,5947.802646540378,2708.257610961984,9187.347682118772,36.19627737141121,0.0,83.93854630656867
Busuanga (USU)-Cebu (CEB),2026-04-01,5980.887628773221,2741.342593194827,9220.432664351614,37.31156641550645,0.0,85.05383535066389
Busuanga (USU)-Cebu (CEB),2026-05-01,6012.905353514683,2773.360317936289,9252.450389093077,38.39087839366313,0.0,86.13314732882057
Busuanga (USU)-Cebu (CEB),2026-06-01,6045.990335747527,2806.4453001691327,9285.535371325921,39.506167437758364,0.0,87.24843637291582
Busuanga (USU)-Cebu (CEB),2026-07-01,6078.008060488988,2838.463024910594,9317.553096067382,40.585479415915046,0.0,88.3277483510725
Busuanga (USU)-Cebu (CEB),2026-08-01,6111.093042721832,2871.5480071434376,9350.638078300226,41.70076846001028,0.0,89.44303739516772
Busuanga (USU)-Cebu (CEB),2026-09-01,6144.1780249546755,2904.6329893762813,9383.72306053307,42.816057504105515,0.0,90.55832643926297
Busuanga (USU)-Cebu (CEB),2026-10-01,6176.195749696137,2936.6507141177426,9415.740785274531,43.8953694822622,0.0,91.63763841741965
Busuanga (USU)-Cebu (CEB),2026-11-01,6209.2807319289805,2969.7356963505863,9448.825767507375,45.01065852635743,0.0,92.75292746151487
Busuanga (USU)-Manila (MNL),2025-10-01,8548.636665301838,6320.237084484233,10777.036246119442,26.425686202838186,0.0,72.28358384823875
Busuanga (USU)-Manila (MNL),2025-11-01,8633.634946541964,6405.235365724359,10862.03452735957,27.399213072974412,0.0,73.25711071837497
Busuanga (USU)-Manila (MNL),2025-12-01,8715.891347742088,6487.491766924483,10944.290928559694,28.34133585052559,0.0,74.19923349592615
Busuanga (USU)-Manila (MNL),2026-01-01,8800.889628982215,6572.49004816461,11029.28920979982,29.314862720661814,0.0,75.17276036606238
Busuanga (USU)-Manila (MNL),2026-02-01,8885.887910222344,6657.488329404739,11114.287491039948,30.288389590798033,0.0,76.14628723619859
Busuanga (USU)-Manila (MNL),2026-03-01,8962.660551342458,6734.260970524853,11191.060132160062,31.16770418317914,0.0,77.02560182857971
Busuanga (USU)-Manila (MNL),2026-04-01,9047.658832582585,6819.25925176498,11276.058413400191,32.14123105331535,0.0,77.99912869871591
Busuanga (USU)-Manila (MNL),2026-05-01,9129.915233782709,6901.515652965104,11358.314814600315,33.08335383086654,0.0,78.9412514762671
Busuanga (USU)-Manila (MNL),2026-06-01,9214.913515022836,6986.513934205231,11443.31309584044,34.056880701002754,0.0,79.91477834640332
Busuanga (USU)-Manila (MNL),2026-07-01,9297.16991622296,7068.770335405355,11525.569497040564,34.999003478553945,0.0,80.85690112395451
Busuanga (USU)-Manila (MNL),2026-08-01,9382.168197463086,7153.768616645481,11610.567778280692,35.97253034869016,0.0,81.83042799409071
Busuanga (USU)-Manila (MNL),2026-09-01,9467.166478703213,7238.766897885608,11695.566059520817,36.94605721882638,0.0,82.80395486422694
Butuan (BXU)-Manila (MNL),2025-12-01,26560.067823905392,12110.522742035522,41009.61290577526,19093.955149862304,8980.847097189057,29207.06320253555
Butuan (BXU)-Manila (MNL),2026-01-01,26640.735868751777,12191.190786881907,41090.28095062164,19174.878723091086,9061.770670417838,29287.986775764333
Butuan (BXU)-Manila (MNL),2026-02-01,26721.40391359816,12271.858831728288,41170.94899546803,19255.802296319864,9142.694243646616,29368.91034899311
Butuan (BXU)-Manila (MNL),2026-03-01,26794.26537345941,12344.72029158954,41243.81045532928,19328.894556010375,9215.786503337127,29442.002608683622
Butuan (BXU)-Manila (MNL),2026-04-01,26874.933418305794,12425.388336435924,41324.47850017567,19409.818129239156,9296.710076565909,29522.926181912404
Butuan (BXU)-Manila (MNL),2026-05-01,26952.99926815713,12503.454186287261,41402.544350027005,19488.131264621847,9375.023211948599,29601.239317295094
Butuan (BXU)-Manila (MNL),2026-06-01,27033.667313003516,12584.122231133646,41483.212394873386,19569.05483785063,9455.94678517738,29682.162890523876
Butuan (BXU)-Manila (MNL),2026-07-01,27111.733162854856,12662.188080984986,41561.27824472473,19647.36797323332,9534.25992056007,29760.476025906566
Butuan (BXU)-Manila (MNL),2026-08-01,27192.401207701238,12742.856125831368,41641.946289571104,19728.291546462096,9615.183493788849,29841.399599135344
Butuan (BXU)-Manila (MNL),2026-09-01,27273.069252547622,12823.524170677752,41722.61433441749,19809.215119690878,9696.10706701763,29922.323172364126
Butuan (BXU)-Manila (MNL),2026-10-01,27351.135102398963,12901.590020529093,41800.68018426883,19887.52825507357,9774.42020240032,30000.636307746816
Butuan (BXU)-Manila (MNL),2026-11-01,27431.803147245348,12982.258065375478,41881.34822911522,19968.45182830235,9855.343775629102,30081.559880975597
Cagayan de Oro (CGY)-Cebu (CEB),2025-12-01,9115.983783023665,3475.3484053908132,14756.619160656515,945.3784729097331,0.0,3089.496304533355
Cagayan de Oro (CGY)-Cebu (CEB),2026-01-01,9114.986276820531,3474.3508991876797,14755.621654453382,965.211398962275,0.0,3109.329230585897
Cagayan de Oro (CGY)-Cebu (CEB),2026-02-01,9113.9887706174,3473.353392984548,14754.624148250252,985.0443250148166,0.0,3129.1621566384392
Cagayan de Oro (CGY)-Cebu (CEB),2026-03-01,9113.087797272634,3472.4524196397824,14753.723174905484,1002.957935642919,0.0,3147.0757672665413
Cagayan de Oro (CGY)-Cebu (CEB),2026-04-01,9112.090291069502,3471.4549134366507,14752.725668702355,1022.7908616954606,0.0,3166.908693319083
Cagayan de Oro (CGY)-Cebu (CEB),2026-05-01,9111.124962485826,3470.489584852975,14751.760340118679,1041.984015939856,0.0,3186.1018475634783
Cagayan de Oro (CGY)-Cebu (CEB),2026-06-01,9110.127456282695,3469.4920786498433,14750.762833915545,1061.8169419923977,0.0,3205.93477361602
Cagayan de Oro (CGY)-Cebu (CEB),2026-07-01,9109.162127699017,3468.5267500661657,14749.79750533187,1081.0100962367933,0.0,3225.1279278604156
Cagayan de Oro (CGY)-Cebu (CEB),2026-08-01,9108.164621495886,3467.529243863034,14748.799999128736,1100.8430222893348,0.0,3244.960853912957
Cagayan de Oro (CGY)-Cebu (CEB),2026-09-01,9107.167115292754,3466.5317376599023,14747.802492925606,1120.6759483418766,0.0,3264.793779965499
Cagayan de Oro (CGY)-Cebu (CEB),2026-10-01,9106.201786709076,3465.5664090762248,14746.837164341927,1139.8691025862718,0.0,3283.986934209894
Cagayan de Oro (CGY)-Cebu (CEB),2026-11-01,9105.204280505945,3464.568902873093,14745.839658138797,1159.7020286388138,0.0,3303.819860262436
Cagayan de Oro (CGY)-Davao City (DVO),2025-10-01,946.9216474347994,536.374751746263,1357.4685431233358,7.331093982869852,0.0,60.445556439124324
Cagayan de Oro (CGY)-Davao City (DVO),2025-11-01,946.5259973330651,535.9791016445288,1357.0728930216014,7.482075087865056,0.0,60.59653754411953
Cagayan de Oro (CGY)-Davao City (DVO),2025-12-01,946.1431101378384,535.5962144493021,1356.6900058263748,7.628185834634609,0.0,60.74264829088908
Cagayan de Oro (CGY)-Davao City (DVO),2026-01-01,945.7474600361041,535.2005643475677,1356.2943557246406,7.779166939629812,0.0,60.89362939588428
Cagayan de Oro (CGY)-Davao City (DVO),2026-02-01,945.3518099343698,534.8049142458335,1355.8987056229062,7.930148044625016,0.0,61.044610500879486
Cagayan de Oro (CGY)-Davao City (DVO),2026-03-01,944.9944485521582,534.4475528636219,1355.5413442406946,8.066518074943264,0.0,61.18098053119773
Cagayan de Oro (CGY)-Davao City (DVO),2026-04-01,944.598798450424,534.0519027618877,1355.1456941389604,8.217499179938468,0.0,61.33196163619294
Cagayan de Oro (CGY)-Davao City (DVO),2026-05-01,944.2159112551973,533.6690155666608,1354.7628069437337,8.36360992670802,0.0,61.478072382962495
Cagayan de Oro (CGY)-Davao City (DVO),2026-06-01,943.8202611534631,533.2733654649267,1354.3671568419995,8.514591031703224,0.0,61.6290534879577
Cagayan de Oro (CGY)-Davao City (DVO),2026-07-01,943.4373739582363,532.8904782697,1353.9842696467726,8.660701778472776,0.0,61.77516423472725
Cagayan de Oro (CGY)-Davao City (DVO),2026-08-01,943.0417238565021,532.4948281679658,1353.5886195450385,8.81168288346798,0.0,61.92614533972245
Cagayan de Oro (CGY)-Davao City (DVO),2026-09-01,942.6460737547678,532.0991780662314,1353.1929694433043,8.962663988463184,0.0,62.077126444717656
Cagayan de Oro (CGY)-Iloilo (ILO),2025-10-01,2808.143277672028,283.2709120357872,5333.015643308268,2808.143277672028,283.2709120357872,5333.015643308268
Cagayan de Oro (CGY)-Iloilo (ILO),2025-11-01,2792.479581113444,267.6072154772032,5317.351946749684,2792.479581113444,267.6072154772032,5317.351946749684
Cagayan de Oro (CGY)-Iloilo (ILO),2025-12-01,2777.3211650890075,252.4487994527667,5302.193530725248,2777.3211650890075,252.4487994527667,5302.193530725248
Cagayan de Oro (CGY)-Iloilo (ILO),2026-01-01,2761.6574685304236,236.78510289418273,5286.529834166664,2761.6574685304236,236.78510289418273,5286.529834166664
Cagayan de Oro (CGY)-Iloilo (ILO),2026-02-01,2745.9937719718396,221.12140633559875,5270.86613760808,2745.9937719718396,221.12140633559875,5270.86613760808
Cagayan de Oro (CGY)-Iloilo (ILO),2026-03-01,2731.845917015699,206.97355137945806,5256.71828265194,2731.845917015699,206.97355137945806,5256.71828265194
Cagayan de Oro (CGY)-Iloilo (ILO),2026-04-01,2716.182220457115,191.30985482087408,5241.054586093356,2716.182220457115,191.30985482087408,5241.054586093356
Cagayan de Oro (CGY)-Iloilo (ILO),2026-05-01,2701.0238044326784,176.15143879643756,5225.89617006892,2701.0238044326784,176.15143879643756,5225.89617006892
Cagayan de Oro (CGY)-Iloilo (ILO),2026-06-01,2685.3601078740944,160.48774223785358,5210.232473510336,2685.3601078740944,160.48774223785358,5210.232473510336
Cagayan de Oro (CGY)-Iloilo (ILO),2026-07-01,2670.2016918496583,145.32932621341752,5195.074057485899,2670.2016918496583,145.32932621341752,5195.074057485899
Cagayan de Oro (CGY)-Iloilo (ILO),2026-08-01,2654.537995291074,129.66562965483308,5179.410360927315,2654.537995291074,129.66562965483308,5179.410360927315
Cagayan de Oro (CGY)-Iloilo (ILO),2026-09-01,2638.87429873249,114.0019330962491,5163.746664368731,2638.87429873249,114.0019330962491,5163.746664368731
Cagayan de Oro (CGY)-Manila (MNL),2025-12-01,62021.77700206984,32823.63499105086,91219.91901308882,31592.695960423567,17016.238912267043,46169.15300858009
Cagayan de Oro (CGY)-Manila (MNL),2026-01-01,62361.09742739626,33162.95541637728,91559.23943841524,31855.92074106155,17279.463692905025,46432.37778921807
Cagayan de Oro (CGY)-Manila (MNL),2026-02-01,62700.41785272267,33502.27584170369,91898.55986374166,32119.14552169953,17542.688473543007,46695.602569856055
Cagayan de Oro (CGY)-Manila (MNL),2026-03-01,63006.90081753363,33808.75880651465,92205.0428285526,32356.896936469326,17780.4398883128,46933.35398462585
Cagayan de Oro (CGY)-Manila (MNL),2026-04-01,63346.22124286005,34148.07923184107,92544.36325387903,32620.121717107308,18043.664668950783,47196.57876526383
Cagayan de Oro (CGY)-Manila (MNL),2026-05-01,63674.59584801465,34476.45383699567,92872.73785903363,32874.85537578922,18298.398327632698,47451.31242394575
Cagayan de Oro (CGY)-Manila (MNL),2026-06-01,64013.91627334106,34815.774262322084,93212.05828436004,33138.08015642721,18561.623108270687,47714.537204583736
Cagayan de Oro (CGY)-Manila (MNL),2026-07-01,64342.29087849567,35144.14886747669,93540.43288951465,33392.813815109126,18816.356766952602,47969.27086326565
Cagayan de Oro (CGY)-Manila (MNL),2026-08-01,64681.61130382208,35483.4692928031,93879.75331484106,33656.03859574711,19079.581547590584,48232.49564390363
Cagayan de Oro (CGY)-Manila (MNL),2026-09-01,65020.9317291485,35822.78971812952,94219.07374016749,33919.26337638509,19342.806328228566,48495.720424541614
Cagayan de Oro (CGY)-Manila (MNL),2026-10-01,65349.306334303095,36151.164323284116,94547.44834532207,34173.99703506701,19597.539986910488,48750.454083223536
Cagayan de Oro (CGY)-Manila (MNL),2026-11-01,65688.62675962952,36490.48474861054,94886.7687706485,34437.221815704994,19860.76476754847,49013.67886386152
Caticlan (MPH)-Angeles City (CRK),2025-12-01,9090.692440312203,1929.6038193367094,16251.781061287697,8533.396424645329,1195.2692708186805,15871.523578471977
Caticlan (MPH)-Angeles City (CRK),2026-01-01,9163.796837525322,2002.7082165498286,16324.885458500816,8582.23124691339,1244.104093086742,15920.358400740039
Caticlan (MPH)-Angeles City (CRK),2026-02-01,9236.901234738438,2075.8126137629442,16397.98985571393,8631.066069181452,1292.9389153548036,15969.1932230081
Caticlan (MPH)-Angeles City (CRK),2026-03-01,9302.931012866415,2141.842391890921,16464.01963384191,8675.174940907444,1337.0477870807954,16013.302094734092
Caticlan (MPH)-Angeles City (CRK),2026-04-01,9376.035410079532,2214.9467891040385,16537.124031055027,8724.009763175505,1385.882609348857,16062.136917002153
Caticlan (MPH)-Angeles City (CRK),2026-05-01,9446.781600930935,2285.692979955442,16607.87022190643,8771.26926859621,1433.1421147695619,16109.396422422858
Caticlan (MPH)-Angeles City (CRK),2026-06-01,9519.885998144051,2358.7973771685574,16680.974619119545,8820.104090864272,1481.9769370376234,16158.23124469092
Caticlan (MPH)-Angeles City (CRK),2026-07-01,9590.632188995456,2429.5435680199625,16751.72080997095,8867.363596284977,1529.2364424583284,16205.490750111625
Caticlan (MPH)-Angeles City (CRK),2026-08-01,9663.736586208572,2502.647965233078,16824.825207184065,8916.198418553038,1578.07126472639,16254.325572379686
Caticlan (MPH)-Angeles City (CRK),2026-09-01,9736.840983421689,2575.7523624461955,16897.929604397184,8965.0332408211,1626.9060869944515,16303.160394647748
Caticlan (MPH)-Angeles City (CRK),2026-10-01,9807.587174273092,2646.498553297599,16968.675795248586,9012.292746241805,1674.1655924151564,16350.419900068453
Caticlan (MPH)-Angeles City (CRK),2026-11-01,9880.69157148621,2719.6029505107163,17041.7801924617,9061.127568509866,1723.000414683218,16399.254722336515
Caticlan (MPH)-Caticlan (MPH),2025-03-01,235.7090330058471,20.560200615394535,450.85786539629964,160.55711758295257,0.0,379.3847078800283
Caticlan (MPH)-Caticlan (MPH),2025-04-01,236.2946895444669,21.14585715401435,451.44352193491943,160.01611237750282,0.0,378.8437026745786
Caticlan (MPH)-Caticlan (MPH),2025-05-01,236.86145393667965,21.712621546227098,452.01028632713223,159.49255895287405,0.0,378.3201492499498
Caticlan (MPH)-Caticlan (MPH),2025-06-01,237.44711047529947,22.298278084846913,452.595942865752,158.95155374742433,0.0,377.7791440445001
Caticlan (MPH)-Caticlan (MPH),2025-07-01,238.01387486751221,22.86504247705966,453.16270725796477,158.42800032279555,0.0,377.2555906198713
Caticlan (MPH)-Caticlan (MPH),2025-08-01,238.59953140613203,23.450699015679476,453.7483637965846,157.8869951173458,0.0,376.71458541442155
Caticlan (MPH)-Caticlan (MPH),2025-09-01,239.18518794475187,24.03635555429932,454.3340203352044,157.34598991189608,0.0,376.1735802089718
Caticlan (MPH)-Caticlan (MPH),2025-10-01,239.7519523369646,24.603119946512038,454.90078472741715,156.8224364872673,0.0,375.650026784343
Caticlan (MPH)-Caticlan (MPH),2025-11-01,240.3376088755844,25.188776485131854,455.486441266037,156.2814312818176,0.0,375.10902157889336
Caticlan (MPH)-Caticlan (MPH),2025-12-01,240.90437326779715,25.7555408773446,456.0532056582497,155.75787785718882,0.0,374.58546815426456
Caticlan (MPH)-Caticlan (MPH),2026-01-01,241.49002980641697,26.341197415964416,456.6388621968695,155.21687265173907,0.0,374.04446294881484
Caticlan (MPH)-Caticlan (MPH),2026-02-01,242.07568634503681,26.92685395458426,457.22451873548937,154.67586744628935,0.0,373.50345774336506
Caticlan (MPH)-Cebu (CEB),2025-12-01,13715.612114238018,6377.990368394649,21053.23386008139,9594.73654128093,5066.375856529492,14123.097226032369
Caticlan (MPH)-Cebu (CEB),2026-01-01,13794.728531842808,6457.106785999438,21132.35027768618,9692.978644034978,5164.61795928354,14221.339328786416
Caticlan (MPH)-Cebu (CEB),2026-02-01,13873.844949447599,6536.22320360423,21211.46669529097,9791.220746789026,5262.860062037587,14319.581431540464
Caticlan (MPH)-Cebu (CEB),2026-03-01,13945.304939542248,6607.683193698878,21282.926685385617,9879.955549276554,5351.594864525116,14408.316234027992
Caticlan (MPH)-Cebu (CEB),2026-04-01,14024.421357147037,6686.799611303668,21362.043102990407,9978.197652030602,5449.836967279163,14506.55833678204
Caticlan (MPH)-Cebu (CEB),2026-05-01,14100.985632248448,6763.363886405079,21438.607378091816,10073.270654695809,5544.9099699443705,14601.631339447247
Caticlan (MPH)-Cebu (CEB),2026-06-01,14180.102049853238,6842.480304009869,21517.723795696606,10171.512757449857,5643.152072698418,14699.873442201295
Caticlan (MPH)-Cebu (CEB),2026-07-01,14256.666324954647,6919.044579111278,21594.288070798015,10266.585760115064,5738.225075363625,14794.946444866502
Caticlan (MPH)-Cebu (CEB),2026-08-01,14335.782742559437,6998.1609967160675,21673.404488402804,10364.827862869111,5836.467178117673,14893.18854762055
Caticlan (MPH)-Cebu (CEB),2026-09-01,14414.899160164228,7077.277414320859,21752.520906007598,10463.06996562316,5934.7092808717225,14991.4306503746
Caticlan (MPH)-Cebu (CEB),2026-10-01,14491.463435265638,7153.841689422268,21829.085181109007,10558.142968288368,6029.78228353693,15086.503653039807
Caticlan (MPH)-Cebu (CEB),2026-11-01,14570.579852870427,7232.958107027058,21908.201598713797,10656.385071042416,6128.024386290977,15184.745755793854
Caticlan (MPH)-Davao City (DVO),2025-10-01,1654.8310689733075,0.0,4029.6851765969855,1654.8310689733075,0.0,4029.6851765969855
Caticlan (MPH)-Davao City (DVO),2025-11-01,1445.1418282055324,0.0,3819.9959358292103,1445.1418282055324,0.0,3819.9959358292103
Caticlan (MPH)-Davao City (DVO),2025-12-01,1242.2167564947827,0.0,3617.0708641184606,1242.2167564947827,0.0,3617.0708641184606
Caticlan (MPH)-Davao City (DVO),2026-01-01,1032.5275157270075,0.0,3407.3816233506855,1032.5275157270075,0.0,3407.3816233506855
Caticlan (MPH)-Davao City (DVO),2026-02-01,822.8382749592324,0.0,3197.6923825829103,822.8382749592324,0.0,3197.6923825829103
Caticlan (MPH)-Davao City (DVO),2026-03-01,633.4415413625325,0.0,3008.2956489862104,633.4415413625325,0.0,3008.2956489862104
Caticlan (MPH)-Davao City (DVO),2026-04-01,423.7523005947578,0.0,2798.6064082184357,423.7523005947578,0.0,2798.6064082184357
Caticlan (MPH)-Davao City (DVO),2026-05-01,220.82722888400804,0.0,2595.681336507686,220.82722888400804,0.0,2595.681336507686
Caticlan (MPH)-Davao City (DVO),2026-06-01,11.137988116232918,0.0,2385.992095739911,11.137988116232918,0.0,2385.992095739911
Caticlan (MPH)-Davao City (DVO),2026-07-01,0.0,0.0,2374.854107623678,0.0,0.0,2374.854107623678
Caticlan (MPH)-Davao City (DVO),2026-08-01,0.0,0.0,2374.854107623678,0.0,0.0,2374.854107623678
Caticlan (MPH)-Davao City (DVO),2026-09-01,0.0,0.0,2374.854107623678,0.0,0.0,2374.854107623678
Caticlan (MPH)-Manila (MNL),2025-12-01,89531.83810057165,46731.57810213291,132332.09809901039,30852.95737790763,13427.837057414188,48278.07769840107
Caticlan (MPH)-Manila (MNL),2026-01-01,89538.84741844918,46738.58742001044,132339.1074168879,30716.88208005038,13291.761759556939,48142.002400543824
Caticlan (MPH)-Manila (MNL),2026-02-01,89545.8567363267,46745.596737887965,132346.11673476544,30580.806782193133,13155.68646169969,48005.927102686575
Caticlan (MPH)-Manila (MNL),2026-03-01,89552.1877331193,46751.927734680554,132352.44773155803,30457.900061547876,13032.779741054434,47883.020382041315
Caticlan (MPH)-Manila (MNL),2026-04-01,89559.19705099682,46758.93705255808,132359.45704943556,30321.82476369063,12896.704443197188,47746.94508418407
Caticlan (MPH)-Manila (MNL),2026-05-01,89565.98026184604,46765.7202634073,132366.24026028477,30190.13899157071,12765.018671077269,47615.259312064154
Caticlan (MPH)-Manila (MNL),2026-06-01,89572.98957972357,46772.729581284824,132373.2495781623,30054.063693713462,12628.94337322002,47479.184014206905
Caticlan (MPH)-Manila (MNL),2026-07-01,89579.77279057278,46779.51279213404,132380.03278901151,29922.377921593543,12497.2576011001,47347.498242086986
Caticlan (MPH)-Manila (MNL),2026-08-01,89586.7821084503,46786.52211001155,132387.04210688904,29786.302623736294,12361.182303242851,47211.42294422974
Caticlan (MPH)-Manila (MNL),2026-09-01,89593.79142632782,46793.53142788908,132394.05142476657,29650.227325879045,12225.107005385602,47075.34764637249
Caticlan (MPH)-Manila (MNL),2026-10-01,89600.57463717704,46800.314638738295,132400.83463561579,29518.54155375913,12093.421233265686,46943.661874252575
Caticlan (MPH)-Manila (MNL),2026-11-01,89607.58395505456,46807.32395661582,132407.8439534933,29382.46625590188,11957.345935408437,46807.58657639532
Cauayan (CYZ)-Manila (MNL),2025-12-01,8258.014035549271,3392.436331717043,13123.5917393815,5785.766728009746,1922.8911159601394,9648.642340059352
Cauayan (CYZ)-Manila (MNL),2026-01-01,8380.561981695759,3514.98427786353,13246.139685527987,5821.128121785063,1958.2525097354564,9684.00373383467
Cauayan (CYZ)-Manila (MNL),2026-02-01,8503.109927842244,3637.532224010016,13368.687631674473,5856.48951556038,1993.6139035107735,9719.365127609986
Cauayan (CYZ)-Manila (MNL),2026-03-01,8613.798395329395,3748.2206914971666,13479.376099161624,5888.428838970344,2025.5532269207379,9751.30445101995
Cauayan (CYZ)-Manila (MNL),2026-04-01,8736.34634147588,3870.7686376436523,13601.92404530811,5923.790232745661,2060.914620696055,9786.665844795269
Cauayan (CYZ)-Manila (MNL),2026-05-01,8854.941128069257,3989.363424237028,13720.518831901485,5958.010936399194,2095.135324349588,9820.886548448801
Cauayan (CYZ)-Manila (MNL),2026-06-01,8977.489074215744,4111.9113703835155,13843.066778047973,5993.37233017451,2130.496718124904,9856.247942224116
Cauayan (CYZ)-Manila (MNL),2026-07-01,9096.083860809118,4230.5061569768895,13961.661564641347,6027.593033828044,2164.7174217784377,9890.46864587765
Cauayan (CYZ)-Manila (MNL),2026-08-01,9218.631806955605,4353.054103123377,14084.209510787834,6062.954427603361,2200.078815553755,9925.830039652967
Cauayan (CYZ)-Manila (MNL),2026-09-01,9341.179753102093,4475.602049269864,14206.757456934321,6098.315821378678,2235.440209329072,9961.191433428285
Cauayan (CYZ)-Manila (MNL),2026-10-01,9459.774539695467,4594.196835863238,14325.352243527695,6132.53652503221,2269.660912982604,9995.412137081817
Cauayan (CYZ)-Manila (MNL),2026-11-01,9582.322485841954,4716.744782009726,14447.900189674183,6167.897918807528,2305.022306757922,10030.773530857135
Cebu (CEB)-Angeles City (CRK),2025-12-01,8803.917662452492,2427.0719763603392,15180.763348544644,8343.424527323778,1892.6256647664222,14794.223389881132
Cebu (CEB)-Angeles City (CRK),2026-01-01,8984.33596931165,2607.4902832194985,15361.181655403803,8519.463232146281,2068.664369588926,14970.262094703638
Cebu (CEB)-Angeles City (CRK),2026-02-01,9164.754276170812,2787.9085900786595,15541.599962262964,8695.501936968783,2244.703074411428,15146.30079952614
Cebu (CEB)-Angeles City (CRK),2026-03-01,9327.712746882313,2950.8670607901604,15704.558432974465,8854.504638098788,2403.7057755414326,15305.303500656144
Cebu (CEB)-Angeles City (CRK),2026-04-01,9508.131053741472,3131.2853676493196,15884.976739833624,9030.54334292129,2579.7444803639346,15481.342205478646
Cebu (CEB)-Angeles City (CRK),2026-05-01,9682.72941521808,3305.883729125928,16059.575101310233,9200.903379846292,2750.104517288936,15651.702242403648
Cebu (CEB)-Angeles City (CRK),2026-06-01,9863.14772207724,3486.302035985087,16239.993408169392,9376.942084668795,2926.14322211144,15827.74094722615
Cebu (CEB)-Angeles City (CRK),2026-07-01,10037.746083553848,3660.9003974616953,16414.591769646002,9547.302121593799,3096.5032590364435,15998.100984151155
Cebu (CEB)-Angeles City (CRK),2026-08-01,10218.164390413007,3841.3187043208545,16595.01007650516,9723.3408264163,3272.5419638589456,16174.139688973657
Cebu (CEB)-Angeles City (CRK),2026-09-01,10398.582697272166,4021.7370111800137,16775.42838336432,9899.379531238805,3448.5806686814494,16350.178393796159
Cebu (CEB)-Angeles City (CRK),2026-10-01,10573.181058748774,4196.335372656622,16950.02674484093,10069.739568163806,3618.940705606451,16520.53843072116
Cebu (CEB)-Angeles City (CRK),2026-11-01,10753.599365607934,4376.753679515781,17130.445051700088,10245.77827298631,3794.979410428955,16696.577135543666
Cebu (CEB)-Bacolod City (BCD),2025-12-01,7341.160148279465,4126.091934352109,10556.22836220682,856.3372960560807,0.0,2266.866392223563
Cebu (CEB)-Bacolod City (BCD),2026-01-01,7472.317764753987,4257.249550826631,10687.385978681343,874.6729209374197,0.0,2285.2020171049016
Cebu (CEB)-Bacolod City (BCD),2026-02-01,7603.475381228507,4388.407167301151,10818.543595155863,893.0085458187586,0.0,2303.5376419862405
Cebu (CEB)-Bacolod City (BCD),2026-03-01,7721.9403251409785,4506.872111213623,10937.008539068334,909.5697553890004,0.0,2320.0988515564823
Cebu (CEB)-Bacolod City (BCD),2026-04-01,7853.097941615499,4638.029727688143,11068.166155542855,927.9053802703394,0.0,2338.4344764378216
Cebu (CEB)-Bacolod City (BCD),2026-05-01,7980.024667236003,4764.956453308647,11195.092881163358,945.6495333813127,0.0,2356.1786295487946
Cebu (CEB)-Bacolod City (BCD),2026-06-01,8111.182283710523,4896.114069783167,11326.250497637879,963.9851582626516,0.0,2374.5142544301334
Cebu (CEB)-Bacolod City (BCD),2026-07-01,8238.109009331029,5023.040795403673,11453.177223258384,981.7293113736249,0.0,2392.258407541107
Cebu (CEB)-Bacolod City (BCD),2026-08-01,8369.266625805549,5154.198411878193,11584.334839732905,1000.0649362549639,0.0,2410.5940324224457
Cebu (CEB)-Bacolod City (BCD),2026-09-01,8500.42424228007,5285.356028352715,11715.492456207427,1018.4005611363029,0.0,2428.929657303785
Cebu (CEB)-Bacolod City (BCD),2026-10-01,8627.350967900575,5412.282753973219,11842.41918182793,1036.1447142472762,0.0,2446.673810414758
Cebu (CEB)-Bacolod City (BCD),2026-11-01,8758.508584375095,5543.440370447739,11973.57679830245,1054.480339128615,0.0,2465.009435296097
Cebu (CEB)-Busuanga (USU),2025-12-01,3532.8859332260445,816.4531421223378,6249.318724329751,11.970982813550044,0.0,48.33425712792027
Cebu (CEB)-Busuanga (USU),2026-01-01,3501.147712142688,784.7149210389812,6217.580503246394,12.42173238077455,0.0,48.78500669514477
Cebu (CEB)-Busuanga (USU),2026-02-01,3469.409491059332,752.9766999556255,6185.842282163039,12.872481947999056,0.0,49.23575626236928
Cebu (CEB)-Busuanga (USU),2026-03-01,3440.7427107259778,724.3099196222711,6157.175501829684,13.279610589363124,0.0,49.642884903733346
Cebu (CEB)-Busuanga (USU),2026-04-01,3409.0044896426216,692.5716985389149,6125.437280746328,13.73036015658763,0.0,50.09363447095785
Cebu (CEB)-Busuanga (USU),2026-05-01,3378.290082142599,661.8572910388925,6094.722873246306,14.16656941519199,0.0,50.52984372956222
Cebu (CEB)-Busuanga (USU),2026-06-01,3346.551861059243,630.1190699555364,6062.98465216295,14.617318982416492,0.0,50.980593296786715
Cebu (CEB)-Busuanga (USU),2026-07-01,3315.8374535592206,599.404662455514,6032.270244662927,15.053528241020857,0.0,51.41680255539108
Cebu (CEB)-Busuanga (USU),2026-08-01,3284.0992324758645,567.6664413721578,6000.532023579572,15.504277808245359,0.0,51.86755212261558
Cebu (CEB)-Busuanga (USU),2026-09-01,3252.361011392508,535.9282202888012,5968.793802496215,15.955027375469864,0.0,52.318301689840084
Cebu (CEB)-Busuanga (USU),2026-10-01,3221.646603892486,505.21381278877925,5938.079394996193,16.391236634074225,0.0,52.75451094844445
Cebu (CEB)-Busuanga (USU),2026-11-01,3189.9083828091298,473.4755917054231,5906.341173912837,16.84198620129873,0.0,53.205260515668954
Cebu (CEB)-Butuan (BXU),2025-12-01,3362.722837263807,1238.2927113707533,5487.152963156861,137.06025096309867,0.0,357.8701633160528
Cebu (CEB)-Butuan (BXU),2026-01-01,3392.7622845165206,1268.332158623467,5517.192410409574,142.05724184370445,0.0,362.8671541966586
Cebu (CEB)-Butuan (BXU),2026-02-01,3422.801731769234,1298.3716058761802,5547.231857662287,147.0542327243101,0.0,367.86414507726425
Cebu (CEB)-Butuan (BXU),2026-03-01,3449.9341357394264,1325.5040098463728,5574.36426163248,151.5676438422766,0.0,372.37755619523074
Cebu (CEB)-Butuan (BXU),2026-04-01,3479.9735829921397,1355.543457099086,5604.403708885193,156.56463472288232,0.0,377.37454707583646
Cebu (CEB)-Butuan (BXU),2026-05-01,3509.044015817346,1384.6138899242924,5633.4741417104,161.40043234927504,0.0,382.2103447022292
Cebu (CEB)-Butuan (BXU),2026-06-01,3539.083463070059,1414.6533371770056,5663.513588963113,166.3974232298807,0.0,387.20733558283484
Cebu (CEB)-Butuan (BXU),2026-07-01,3568.153895895266,1443.7237700022124,5692.58402178832,171.23322085627342,0.0,392.04313320922756
Cebu (CEB)-Butuan (BXU),2026-08-01,3598.1933431479792,1473.7632172549256,5722.623469041033,176.23021173687914,0.0,397.0401240898333
Cebu (CEB)-Butuan (BXU),2026-09-01,3628.2327904006925,1503.8026645076388,5752.662916293746,181.22720261748486,0.0,402.037114970439
Cebu (CEB)-Butuan (BXU),2026-10-01,3657.3032232258993,1532.8730973328456,5781.733349118953,186.06300024387753,0.0,406.87291259683167
Cebu (CEB)-Butuan (BXU),2026-11-01,3687.3426704786125,1562.9125445855589,5811.772796371666,191.05999112448325,0.0,411.8699034774374
Cebu (CEB)-Cagayan de Oro (CGY),2025-12-01,9232.351418273174,3461.802652632413,15002.900183913935,959.9716415126663,0.0,3093.6312525173116
Cebu (CEB)-Cagayan de Oro (CGY),2026-01-01,9238.832443144427,3468.283677503666,15009.381208785187,980.5082709269323,0.0,3114.1678819315775
Cebu (CEB)-Cagayan de Oro (CGY),2026-02-01,9245.313468015682,3474.7647023749205,15015.862233656444,1001.044900341198,0.0,3134.7045113458435
Cebu (CEB)-Cagayan de Oro (CGY),2026-03-01,9251.167296931651,3480.61853129089,15021.716062572414,1019.5941140056962,0.0,3153.2537250103414
Cebu (CEB)-Cagayan de Oro (CGY),2026-04-01,9257.648321802906,3487.099556162145,15028.197087443667,1040.130743419962,0.0,3173.7903544246074
Cebu (CEB)-Cagayan de Oro (CGY),2026-05-01,9263.920281355731,3493.37151571497,15034.469046996492,1060.0049009176387,0.0,3193.664511922284
Cebu (CEB)-Cagayan de Oro (CGY),2026-06-01,9270.401306226984,3499.852540586223,15040.950071867745,1080.5415303319044,0.0,3214.20114133655
Cebu (CEB)-Cagayan de Oro (CGY),2026-07-01,9276.673265779811,3506.12450013905,15047.222031420573,1100.4156878295812,0.0,3234.0752988342265
Cebu (CEB)-Cagayan de Oro (CGY),2026-08-01,9283.154290651064,3512.6055250103027,15053.703056291826,1120.952317243847,0.0,3254.6119282484924
Cebu (CEB)-Cagayan de Oro (CGY),2026-09-01,9289.635315522317,3519.0865498815556,15060.18408116308,1141.4889466581128,0.0,3275.1485576627583
Cebu (CEB)-Cagayan de Oro (CGY),2026-10-01,9295.907275075144,3525.3585094343825,15066.456040715904,1161.3631041557894,0.0,3295.022715160435
Cebu (CEB)-Cagayan de Oro (CGY),2026-11-01,9302.388299946397,3531.8395343056354,15072.937065587157,1181.8997335700553,0.0,3315.559344574701
Cebu (CEB)-Caticlan (MPH),2025-12-01,11994.57088382691,5321.337462558653,18667.804305095167,9521.371109092903,4875.408302131704,14167.333916054102
Cebu (CEB)-Caticlan (MPH),2026-01-01,12044.096476607825,5370.863055339569,18717.32989787608,9616.532814477887,4970.570007516688,14262.495621439086
Cebu (CEB)-Caticlan (MPH),2026-02-01,12093.622069388739,5420.388648120483,18766.855490656995,9711.694519862867,5065.731712901668,14357.657326824066
Cebu (CEB)-Caticlan (MPH),2026-03-01,12138.354862868275,5465.121441600018,18811.58828413653,9797.64702795253,5151.68422099133,14443.609834913728
Cebu (CEB)-Caticlan (MPH),2026-04-01,12187.880455649189,5514.647034380932,18861.113876917443,9892.80873333751,5246.845926376311,14538.771540298709
Cebu (CEB)-Caticlan (MPH),2026-05-01,12235.808448662978,5562.5750273947215,18909.041869931236,9984.900706290719,5338.9378993295195,14630.863513251918
Cebu (CEB)-Caticlan (MPH),2026-06-01,12285.334041443894,5612.100620175637,18958.567462712148,10080.0624116757,5434.099604714502,14726.0252186369
Cebu (CEB)-Caticlan (MPH),2026-07-01,12333.262034457683,5660.028613189426,19006.49545572594,10172.15438462891,5526.191577667711,14818.117191590109
Cebu (CEB)-Caticlan (MPH),2026-08-01,12382.787627238597,5709.55420597034,19056.021048506853,10267.31609001389,5621.353283052691,14913.278896975089
Cebu (CEB)-Caticlan (MPH),2026-09-01,12432.313220019512,5759.079798751256,19105.54664128777,10362.477795398874,5716.514988437675,15008.440602360073
Cebu (CEB)-Caticlan (MPH),2026-10-01,12480.2412130333,5807.007791765043,19153.474634301558,10454.569768352081,5808.606961390882,15100.53257531328
Cebu (CEB)-Caticlan (MPH),2026-11-01,12529.766805814215,5856.533384545959,19203.00022708247,10549.731473737063,5903.768666775864,15195.694280698262
Cebu (CEB)-Cebu (CEB),2025-11-01,785.4863756991522,0.0,1584.9809510841515,4.081776406571148,0.0,78.84451484173545
Cebu (CEB)-Cebu (CEB),2025-12-01,801.6974873401334,2.2029119551340273,1601.192062725133,3.6983027172179774,0.0,78.46104115238228
Cebu (CEB)-Cebu (CEB),2026-01-01,818.4489693691474,18.954393984148055,1617.9435447541468,3.302046571553033,0.0,78.06478500671733
Cebu (CEB)-Cebu (CEB),2026-02-01,835.2004513981614,35.70587601316197,1634.6950267831608,2.9057904258880924,0.0,77.66852886105238
Cebu (CEB)-Cebu (CEB),2026-03-01,850.3308222630773,50.83624687807787,1649.8253976480767,2.547881649158466,0.0,77.31062008432276
Cebu (CEB)-Cebu (CEB),2026-04-01,867.0823042920912,67.58772890709179,1666.5768796770906,2.151625503493525,0.0,76.91436393865781
Cebu (CEB)-Cebu (CEB),2026-05-01,883.2934159330725,83.79884054807314,1682.7879913180718,1.768151814140353,0.0,76.53089024930465
Cebu (CEB)-Cebu (CEB),2026-06-01,900.0448979620865,100.55032257708706,1699.5394733470857,1.3718956684754104,0.0,76.13463410363971
Cebu (CEB)-Cebu (CEB),2026-07-01,916.2560096030678,116.76143421806842,1715.7505849880672,0.9884219791222364,0.0,75.75116041428653
Cebu (CEB)-Cebu (CEB),2026-08-01,933.0074916320817,133.51291624708233,1732.5020670170811,0.5921658334572975,0.0,75.3549042686216
Cebu (CEB)-Cebu (CEB),2026-09-01,949.7589736610958,150.26439827609636,1749.253549046095,0.1959096877923514,0.0,74.95864812295665
Cebu (CEB)-Cebu (CEB),2026-10-01,965.970085302077,166.4755099170776,1765.4646606870765,0.0,0.0,74.7627384351643
Cebu (CEB)-Davao City (DVO),2025-12-01,20849.437365498292,5157.215993790036,36541.65873720655,15957.68865512732,3315.1918457542706,28600.18546450037
Cebu (CEB)-Davao City (DVO),2026-01-01,20873.625817409342,5181.404445701086,36565.8471891176,16025.006398455698,3382.5095890826487,28667.503207828748
Cebu (CEB)-Davao City (DVO),2026-02-01,20897.81426932039,5205.592897612136,36590.03564102865,16092.324141784073,3449.8273324110232,28734.820951157122
Cebu (CEB)-Davao City (DVO),2026-03-01,20919.661903304564,5227.440531596309,36611.88327501282,16153.12726479035,3510.6304554173003,28795.6240741634
Cebu (CEB)-Davao City (DVO),2026-04-01,20943.850355215614,5251.6289835073585,36636.07172692387,16220.445008118724,3577.9481987456747,28862.941817491774
Cebu (CEB)-Davao City (DVO),2026-05-01,20967.258534484372,5275.037162776116,36659.47990619263,16285.591211339733,3643.094401966684,28928.088020712785
Cebu (CEB)-Davao City (DVO),2026-06-01,20991.446986395422,5299.225614687166,36683.66835810368,16352.90895466811,3710.4121452950603,28995.40576404116
Cebu (CEB)-Davao City (DVO),2026-07-01,21014.85516566418,5322.6337939559235,36707.076537372435,16418.05515788912,3775.5583485160714,29060.55196726217
Cebu (CEB)-Davao City (DVO),2026-08-01,21039.04361757523,5346.822245866973,36731.26498928349,16485.372901217495,3842.876091844446,29127.869710590545
Cebu (CEB)-Davao City (DVO),2026-09-01,21063.23206948628,5371.010697778023,36755.453441194535,16552.690644545874,3910.193835172824,29195.187453918923
Cebu (CEB)-Davao City (DVO),2026-10-01,21086.640248755037,5394.418877046781,36778.86162046329,16617.83684776688,3975.3400383938315,29260.33365713993
Cebu (CEB)-Davao City (DVO),2026-11-01,21110.828700666087,5418.607328957831,36803.050072374346,16685.154591095255,4042.657781722206,29327.651400468305
Cebu (CEB)-Del Carmin (IAO),2025-11-01,8731.660092748833,5254.326514586326,12208.993670911339,12.7997309488434,0.0,49.43521832317377
Cebu (CEB)-Del Carmin (IAO),2025-12-01,8804.38500265732,5327.051424494814,12281.718580819826,13.284479101265074,0.0,49.919966475595444
Cebu (CEB)-Del Carmin (IAO),2026-01-01,8879.534076229425,5402.200498066919,12356.867654391932,13.785385525434144,0.0,50.42087289976452
Cebu (CEB)-Del Carmin (IAO),2026-02-01,8954.683149801529,5477.3495716390225,12432.016727964035,14.286291949603207,0.0,50.92177932393358
Cebu (CEB)-Del Carmin (IAO),2026-03-01,9022.559732382786,5545.22615422028,12499.893310545292,14.738723558530108,0.0,51.37421093286048
Cebu (CEB)-Del Carmin (IAO),2026-04-01,9097.70880595489,5620.375227792383,12575.042384117396,15.23962998269917,0.0,51.875117357029545
Cebu (CEB)-Del Carmin (IAO),2026-05-01,9170.433715863379,5693.100137700872,12647.767294025885,15.724378135120851,0.0,52.359865509451225
Cebu (CEB)-Del Carmin (IAO),2026-06-01,9245.582789435482,5768.249211272976,12722.916367597989,16.225284559289914,0.0,52.860771933620285
Cebu (CEB)-Del Carmin (IAO),2026-07-01,9318.307699343972,5840.974121181465,12795.641277506478,16.710032711711595,0.0,53.34552008604197
Cebu (CEB)-Del Carmin (IAO),2026-08-01,9393.456772916077,5916.123194753571,12870.790351078584,17.21093913588066,0.0,53.84642651021103
Cebu (CEB)-Del Carmin (IAO),2026-09-01,9468.60584648818,5991.272268325674,12945.939424650687,17.711845560049728,0.0,54.347332934380105
Cebu (CEB)-Del Carmin (IAO),2026-10-01,9541.33075639667,6063.997178234164,13018.664334559176,18.196593712471405,0.0,54.83208108680178
Cebu (CEB)-Dipolog (DPL),2025-10-01,1806.9262803225242,951.746450918954,2662.1061097260945,26.69462995878433,0.0,121.17922097824781
Cebu (CEB)-Dipolog (DPL),2025-11-01,1870.8299883347245,1015.6501589311542,2726.0098177382947,27.457394051971033,0.0,121.94198507143452
Cebu (CEB)-Dipolog (DPL),2025-12-01,1932.6722864110475,1077.4924570074772,2787.8521158146177,28.19555285182913,0.0,122.68014387129261
Cebu (CEB)-Dipolog (DPL),2026-01-01,1996.5759944232477,1141.3961650196775,2851.755823826818,28.95831694501583,0.0,123.4429079644793
Cebu (CEB)-Dipolog (DPL),2026-02-01,2060.479702435448,1205.2998730318777,2915.659531839018,29.72108103820253,0.0,124.205672057666
Cebu (CEB)-Dipolog (DPL),2026-03-01,2118.199180640016,1263.0193512364458,2973.3790100435863,30.410029251403422,0.0,124.89462027086691
Cebu (CEB)-Dipolog (DPL),2026-04-01,2182.102888652216,1326.9230592486456,3037.282718055786,31.172793344590122,0.0,125.6573843640536
Cebu (CEB)-Dipolog (DPL),2026-05-01,2243.9451867285393,1388.765357324969,3099.1250161321095,31.910952144448224,0.0,126.3955431639117
Cebu (CEB)-Dipolog (DPL),2026-06-01,2307.848894740739,1452.6690653371688,3163.0287241443093,32.67371623763492,0.0,127.1583072570984
Cebu (CEB)-Dipolog (DPL),2026-07-01,2369.6911928170625,1514.5113634134923,3224.8710222206328,33.41187503749302,0.0,127.8964660569565
Cebu (CEB)-Dipolog (DPL),2026-08-01,2433.5949008292623,1578.415071425692,3288.7747302328326,34.17463913067972,0.0,128.6592301501432
Cebu (CEB)-Dipolog (DPL),2026-09-01,2497.4986088414626,1642.3187794378923,3352.678438245033,34.93740322386642,0.0,129.4219942433299
Cebu (CEB)-Dumaguete City (DGT),2025-12-01,2208.4714538292483,678.0610543875773,3738.8818532709192,32.25916626378388,0.0,146.94206762794792
Cebu (CEB)-Dumaguete City (DGT),2026-01-01,2258.844614654475,728.4342152128042,3789.255014096146,32.50738566343437,0.0,147.1902870275984
Cebu (CEB)-Dumaguete City (DGT),2026-02-01,2309.2177754797012,778.8073760380303,3839.628174921372,32.755605063084865,0.0,147.4385064272489
Cebu (CEB)-Dumaguete City (DGT),2026-03-01,2354.716114289584,824.3057148479129,3885.126513731255,32.979803230511116,0.0,147.66270459467515
Cebu (CEB)-Dumaguete City (DGT),2026-04-01,2405.08927511481,874.6788756731389,3935.499674556481,33.228022630161604,0.0,147.91092399432563
Cebu (CEB)-Dumaguete City (DGT),2026-05-01,2453.837495268255,923.4270958265843,3984.247894709926,33.46823495240402,0.0,148.15113631656806
Cebu (CEB)-Dumaguete City (DGT),2026-06-01,2504.210656093481,973.8002566518098,4034.6210555351518,33.71645435205451,0.0,148.39935571621857
Cebu (CEB)-Dumaguete City (DGT),2026-07-01,2552.9588762469266,1022.5484768052556,4083.3692756885976,33.95666667429692,0.0,148.63956803846096
Cebu (CEB)-Dumaguete City (DGT),2026-08-01,2603.332037072153,1072.921637630482,4133.742436513824,34.204886073947414,0.0,148.88778743811145
Cebu (CEB)-Dumaguete City (DGT),2026-09-01,2653.7051978973795,1123.2947984557086,4184.1155973390505,34.4531054735979,0.0,149.13600683776195
Cebu (CEB)-Dumaguete City (DGT),2026-10-01,2702.4534180508244,1172.0430186091535,4232.863817492495,34.693317795840315,0.0,149.37621916000435
Cebu (CEB)-Dumaguete City (DGT),2026-11-01,2752.826578876051,1222.41617943438,4283.236978317722,34.94153719549081,0.0,149.62443855965483
Cebu (CEB)-General Santos (GES),2025-12-01,5401.475296360579,761.3654836847172,10041.585109036441,3890.333541264812,0.0,8435.40436442473
Cebu (CEB)-General Santos (GES),2026-01-01,5429.616217547423,789.5064048715612,10069.726030223284,3879.255713171321,0.0,8424.326536331238
Cebu (CEB)-General Santos (GES),2026-02-01,5457.757138734267,817.6473260584053,10097.866951410128,3868.1778850778305,0.0,8413.248708237748
Cebu (CEB)-General Santos (GES),2026-03-01,5483.174744967545,843.0649322916834,10123.284557643407,3858.1721048643553,0.0,8403.242928024274
Cebu (CEB)-General Santos (GES),2026-04-01,5511.315666154389,871.2058534785274,10151.42547883025,3847.094276770865,0.0,8392.165099930782
Cebu (CEB)-General Santos (GES),2026-05-01,5538.548815690045,898.4390030141831,10178.658628365905,3836.3737979707125,0.0,8381.444621130631
Cebu (CEB)-General Santos (GES),2026-06-01,5566.689736876889,926.5799242010271,10206.79954955275,3825.295969877222,0.0,8370.366793037141
Cebu (CEB)-General Santos (GES),2026-07-01,5593.922886412544,953.8130737366828,10234.032699088406,3814.5754910770697,0.0,8359.646314236988
Cebu (CEB)-General Santos (GES),2026-08-01,5622.063807599388,981.9539949235268,10262.17362027525,3803.497662983579,0.0,8348.568486143497
Cebu (CEB)-General Santos (GES),2026-09-01,5650.204728786232,1010.0949161103708,10290.314541462094,3792.4198348900886,0.0,8337.490658050006
Cebu (CEB)-General Santos (GES),2026-10-01,5677.437878321888,1037.3280656460265,10317.54769099775,3781.6993560899364,0.0,8326.770179249856
Cebu (CEB)-General Santos (GES),2026-11-01,5705.578799508732,1065.4689868328705,10345.688612184593,3770.6215279964454,0.0,8315.692351156364
Cebu (CEB)-Iloilo (ILO),2025-12-01,8454.17286922917,2955.525129016264,13952.820609442078,3878.492520137197,0.0,9455.204263845988
Cebu (CEB)-Iloilo (ILO),2026-01-01,8536.402278698562,3037.7545384856558,14035.050018911468,3980.4753363412347,0.0,9557.187080050026
Cebu (CEB)-Iloilo (ILO),2026-02-01,8618.631688167956,3119.983947955049,14117.279428380862,4082.4581525452704,0.0,9659.169896254061
Cebu (CEB)-Iloilo (ILO),2026-03-01,8692.903412849988,3194.2556726370813,14191.551153062894,4174.571663955368,0.0,9751.28340766416
Cebu (CEB)-Iloilo (ILO),2026-04-01,8775.132822319378,3276.485082106471,14273.780562532284,4276.554480159405,0.0,9853.266223868195
Cebu (CEB)-Iloilo (ILO),2026-05-01,8854.709670192984,3356.0619299800774,14353.35741040589,4375.247528098796,0.0,9951.959271807587
Cebu (CEB)-Iloilo (ILO),2026-06-01,8936.939079662377,3438.291339449471,14435.586819875283,4477.230344302832,0.0,10053.942088011623
Cebu (CEB)-Iloilo (ILO),2026-07-01,9016.515927535982,3517.8681873230753,14515.16366774889,4575.923392242223,0.0,10152.635135951014
Cebu (CEB)-Iloilo (ILO),2026-08-01,9098.745337005374,3600.097596792467,14597.39307721828,4677.906208446259,0.0,10254.617952155051
Cebu (CEB)-Iloilo (ILO),2026-09-01,9180.974746474767,3682.3270062618603,14679.622486687673,4779.889024650296,0.0,10356.600768359087
Cebu (CEB)-Iloilo (ILO),2026-10-01,9260.551594348373,3761.9038541354666,14759.19933456128,4878.5820725896865,0.0,10455.293816298477
Cebu (CEB)-Iloilo (ILO),2026-11-01,9342.781003817765,3844.1332636048583,14841.428744030673,4980.564888793723,0.0,10557.276632502515
Cebu (CEB)-Legazpi (DRP),2025-12-01,2749.3598567440363,806.042330743903,4692.677382744169,487.8996150513975,0.0,1368.3460241535254
Cebu (CEB)-Legazpi (DRP),2026-01-01,2849.6708926427073,906.353366642574,4792.988418642841,513.4690851830509,0.0,1393.9154942851787
Cebu (CEB)-Legazpi (DRP),2026-02-01,2949.9819285413787,1006.6644025412454,4893.299454541512,539.0385553147041,0.0,1419.484964416832
Cebu (CEB)-Legazpi (DRP),2026-03-01,3040.5854448369523,1097.267918836819,4983.902970837085,562.1335605949072,0.0,1442.579969697035
Cebu (CEB)-Legazpi (DRP),2026-04-01,3140.8964807356238,1197.5789547354905,5084.214006735757,587.7030307265604,0.0,1468.1494398286882
Cebu (CEB)-Legazpi (DRP),2026-05-01,3237.971676766596,1294.6541507664626,5181.289202766729,612.4476792410637,0.0,1492.8940883431915
Cebu (CEB)-Legazpi (DRP),2026-06-01,3338.2827126652674,1394.965186665134,5281.600238665401,638.017149372717,0.0,1518.4635584748448
Cebu (CEB)-Legazpi (DRP),2026-07-01,3435.357908696239,1492.0403826961058,5378.675434696373,662.7617978872202,0.0,1543.2082069893481
Cebu (CEB)-Legazpi (DRP),2026-08-01,3535.6689445949105,1592.3514185947772,5478.986470595044,688.3312680188735,0.0,1568.7776771210015
Cebu (CEB)-Legazpi (DRP),2026-09-01,3635.979980493582,1692.6624544934486,5579.297506493715,713.900738150527,0.0,1594.3471472526548
Cebu (CEB)-Legazpi (DRP),2026-10-01,3733.055176524554,1789.7376505244208,5676.372702524687,738.6453866650302,0.0,1619.0917957671581
Cebu (CEB)-Legazpi (DRP),2026-11-01,3833.3662124232255,1890.0486864230922,5776.683738423359,764.2148567966835,0.0,1644.6612658988115
Cebu (CEB)-Manila (MNL),2025-12-01,137769.75212404926,69150.6945946617,206388.80965343682,55419.4604110535,28507.179193343254,82331.74162876375
Cebu (CEB)-Manila (MNL),2026-01-01,138569.1207643851,69950.06323499753,207188.17829377265,55628.66758802039,28716.386370310145,82540.94880573064
Cebu (CEB)-Manila (MNL),2026-02-01,139368.4894047209,70749.43187533334,207987.54693410845,55837.87476498728,28925.593547277036,82750.15598269753
Cebu (CEB)-Manila (MNL),2026-03-01,140090.49978954034,71471.44226015278,208709.5573189279,56026.83608611867,29114.55486840842,82939.11730382891
Cebu (CEB)-Manila (MNL),2026-04-01,140889.86842987617,72270.8109004886,209508.92595926372,56236.04326308556,29323.76204537531,83148.3244807958
Cebu (CEB)-Manila (MNL),2026-05-01,141663.45098503985,73044.39345565229,210282.5085144274,56438.501821440615,29526.22060373037,83350.78303915086
Cebu (CEB)-Manila (MNL),2026-06-01,142462.81962537565,73843.76209598809,211081.8771547632,56647.70899840751,29735.42778069726,83559.99021611776
Cebu (CEB)-Manila (MNL),2026-07-01,143236.40218053936,74617.3446511518,211855.45970992692,56850.167556762564,29937.88633905232,83762.44877447281
Cebu (CEB)-Manila (MNL),2026-08-01,144035.77082087516,75416.7132914876,212654.82835026272,57059.374733729455,30147.09351601921,83971.6559514397
Cebu (CEB)-Manila (MNL),2026-09-01,144835.139461211,76216.08193182343,213454.19699059855,57268.581910696346,30356.3006929861,84180.86312840659
Cebu (CEB)-Manila (MNL),2026-10-01,145608.72201637467,76989.66448698711,214227.77954576223,57471.040469051404,30558.75925134116,84383.32168676166
Cebu (CEB)-Manila (MNL),2026-11-01,146408.0906567105,77789.03312732294,215027.14818609806,57680.247646018295,30767.96642830805,84592.52886372854
Cebu (CEB)-Ozamiz (OZC),2025-12-01,1558.3398215349603,617.7288547255173,2498.950788344403,28.870316744555893,0.0,117.93736941244806
Cebu (CEB)-Ozamiz (OZC),2026-01-01,1558.0119551669784,617.4009883575354,2498.6229219764214,29.679057722367684,0.0,118.74611039025986
Cebu (CEB)-Ozamiz (OZC),2026-02-01,1557.6840887989968,617.0731219895538,2498.2950556084397,30.48779870017947,0.0,119.55485136807164
Cebu (CEB)-Ozamiz (OZC),2026-03-01,1557.387951434368,616.776984624925,2497.998918243811,31.218274422073993,0.0,120.28532708996616
Cebu (CEB)-Ozamiz (OZC),2026-04-01,1557.0600850663861,616.4491182569432,2497.671051875829,32.02701539988578,0.0,121.09406806777795
Cebu (CEB)-Ozamiz (OZC),2026-05-01,1556.7427950328554,616.1318282234124,2497.3537618422984,32.80966795905848,0.0,121.87672062695066
Cebu (CEB)-Ozamiz (OZC),2026-06-01,1556.4149286648737,615.8039618554308,2497.0258954743167,33.61840893687027,0.0,122.68546160476244
Cebu (CEB)-Ozamiz (OZC),2026-07-01,1556.097638631343,615.4866718219,2496.708605440786,34.40106149604297,0.0,123.46811416393514
Cebu (CEB)-Ozamiz (OZC),2026-08-01,1555.7697722633611,615.1588054539181,2496.3807390728043,35.20980247385475,0.0,124.27685514174692
Cebu (CEB)-Ozamiz (OZC),2026-09-01,1555.4419058953793,614.8309390859363,2496.052872704822,36.018543451666545,0.0,125.08559611955872
Cebu (CEB)-Ozamiz (OZC),2026-10-01,1555.1246158618485,614.5136490524055,2495.7355826712915,36.80119601083924,0.0,125.86824867873142
Cebu (CEB)-Ozamiz (OZC),2026-11-01,1554.7967494938666,614.1857826844237,2495.40771630331,37.609936988651036,0.0,126.67698965654321
Cebu (CEB)-Puerto Princesa City (PPS),2025-12-01,9902.459922449936,4656.289657096316,15148.630187803556,9050.538759957777,4255.018285453767,13846.059234461787
Cebu (CEB)-Puerto Princesa City (PPS),2026-01-01,10116.19514730223,4870.0248819486105,15362.36541265585,9281.50734904363,4485.98687453962,14077.02782354764
Cebu (CEB)-Puerto Princesa City (PPS),2026-02-01,10329.930372154524,5083.7601068009035,15576.100637508145,9512.475938129479,4716.955463625469,14307.996412633489
Cebu (CEB)-Puerto Princesa City (PPS),2026-03-01,10522.981542988853,5276.811277635233,15769.151808342474,9721.092728271538,4925.572253767528,14516.613202775548
Cebu (CEB)-Puerto Princesa City (PPS),2026-04-01,10736.716767841146,5490.546502487526,15982.887033194766,9952.061317357387,5156.540842853377,14747.581791861398
Cebu (CEB)-Puerto Princesa City (PPS),2026-05-01,10943.557308020787,5697.3870426671665,16189.727573374406,10175.57930679531,5380.058832291299,14971.09978129932
Cebu (CEB)-Puerto Princesa City (PPS),2026-06-01,11157.29253287308,5911.1222675194595,16403.4627982267,10406.547895881158,5611.027421377148,15202.068370385168
Cebu (CEB)-Puerto Princesa City (PPS),2026-07-01,11364.133073052719,6117.962807699098,16610.30333840634,10630.06588531908,5834.54541081507,15425.58635982309
Cebu (CEB)-Puerto Princesa City (PPS),2026-08-01,11577.868297905012,6331.698032551391,16824.038563258633,10861.034474404929,6065.513999900919,15656.554948908939
Cebu (CEB)-Puerto Princesa City (PPS),2026-09-01,11791.603522757307,6545.433257403686,17037.773788110928,11092.003063490782,6296.482588986772,15887.523537994792
Cebu (CEB)-Puerto Princesa City (PPS),2026-10-01,11998.444062936946,6752.273797583325,17244.614328290565,11315.5210529287,6520.00057842469,16111.04152743271
Cebu (CEB)-Puerto Princesa City (PPS),2026-11-01,12212.179287789239,6966.009022435618,17458.34955314286,11546.489642014552,6750.969167510542,16342.010116518562
Cebu (CEB)-Surigao (SUG),2025-12-01,2444.820852321505,1219.377812523448,3670.2638921195617,19.7870557820835,0.0,76.09078068199092
Cebu (CEB)-Surigao (SUG),2026-01-01,2508.9021961433664,1283.4591563453096,3734.345235941423,20.531482443434317,0.0,76.83520734334174
Cebu (CEB)-Surigao (SUG),2026-02-01,2572.9835399652284,1347.5405001671716,3798.426579763285,21.275909104785143,0.0,77.57963400469256
Cebu (CEB)-Surigao (SUG),2026-03-01,2630.8634634172327,1405.4204236191758,3856.3065032152895,21.94829447632782,0.0,78.25201937623524
Cebu (CEB)-Surigao (SUG),2026-04-01,2694.9448072390946,1469.5017674410378,3920.3878470371515,22.69272113767865,0.0,78.99644603758607
Cebu (CEB)-Surigao (SUG),2026-05-01,2756.9590109376704,1531.5159711396136,3982.4020507357272,23.41313403576009,0.0,79.71685893566752
Cebu (CEB)-Surigao (SUG),2026-06-01,2821.0403547595324,1595.5973149614756,4046.4833945575892,24.157560697110917,0.0,80.46128559701833
Cebu (CEB)-Surigao (SUG),2026-07-01,2883.054558458108,1657.6115186600514,4108.497598256165,24.87797359519236,0.0,81.18169849509978
Cebu (CEB)-Surigao (SUG),2026-08-01,2947.13590227997,1721.6928624819134,4172.5789420780275,25.622400256543184,0.0,81.92612515645061
Cebu (CEB)-Surigao (SUG),2026-09-01,3011.217246101832,1785.7742063037754,4236.660285899889,26.366826917894013,0.0,82.67055181780144
Cebu (CEB)-Surigao (SUG),2026-10-01,3073.231449800408,1847.7884100023512,4298.674489598465,27.087239815975455,0.0,83.39096471588287
Cebu (CEB)-Surigao (SUG),2026-11-01,3137.31279362227,1911.8697538242131,4362.755833420327,27.831666477326277,0.0,84.1353913772337
Cebu (CEB)-Tacloban (TAC),2025-12-01,2650.777336016194,1101.9784180729287,4199.57625395946,10.007434528676043,0.0,59.427328137798035
Cebu (CEB)-Tacloban (TAC),2026-01-01,2649.467650763292,1100.6687328200267,4198.266568706557,10.306861827420018,0.0,59.72675543654201
Cebu (CEB)-Tacloban (TAC),2026-02-01,2648.15796551039,1099.3590475671247,4196.956883453656,10.606289126163986,0.0,60.02618273528598
Cebu (CEB)-Tacloban (TAC),2026-03-01,2646.97502399164,1098.1761060483743,4195.773941934905,10.87673958954564,0.0,60.296633198667635
Cebu (CEB)-Tacloban (TAC),2026-04-01,2645.665338738738,1096.8664207954723,4194.464256682003,11.176166888289611,0.0,60.5960604974116
Cebu (CEB)-Tacloban (TAC),2026-05-01,2644.39790139722,1095.5989834539544,4193.1968193404855,11.465935241912813,0.0,60.8858288510348
Cebu (CEB)-Tacloban (TAC),2026-06-01,2643.088216144318,1094.2892982010524,4191.887134087583,11.765362540656785,0.0,61.18525614977878
Cebu (CEB)-Tacloban (TAC),2026-07-01,2641.8207788028,1093.0218608595344,4190.6196967460655,12.055130894279984,0.0,61.475024503401976
Cebu (CEB)-Tacloban (TAC),2026-08-01,2640.511093549898,1091.7121756066324,4189.310011493163,12.354558193023955,0.0,61.77445180214595
Cebu (CEB)-Tacloban (TAC),2026-09-01,2639.201408296996,1090.4024903537304,4188.0003262402615,12.653985491767926,0.0,62.07387910088992
Cebu (CEB)-Tacloban (TAC),2026-10-01,2637.933970955478,1089.1350530122124,4186.732888898743,12.943753845391125,0.0,62.363647454513114
Cebu (CEB)-Tacloban (TAC),2026-11-01,2636.624285702576,1087.8253677593104,4185.423203645842,13.243181144135097,0.0,62.66307475325709
Cebu (CEB)-Zamboanga (ZAM),2025-12-01,1278.1313900829973,0.0,4178.863923568264,1271.1192701091722,0.0,4184.043985789314
Cebu (CEB)-Zamboanga (ZAM),2026-01-01,1197.0840345563447,0.0,4097.816568041611,1190.3950442443297,0.0,4103.319759924472
Cebu (CEB)-Zamboanga (ZAM),2026-02-01,1116.036679029693,0.0,4016.7692125149597,1109.6708183794876,0.0,4022.59553405963
Cebu (CEB)-Zamboanga (ZAM),2026-03-01,1042.8326159733615,0.0,3943.565149458628,1036.758614372533,0.0,3949.6833300526755
Cebu (CEB)-Zamboanga (ZAM),2026-04-01,961.7852604467098,0.0,3862.5177939319765,956.0343885076913,0.0,3868.959104187834
Cebu (CEB)-Zamboanga (ZAM),2026-05-01,883.3523357434974,0.0,3784.084869228764,877.9141699288111,0.0,3790.8388856089537
Cebu (CEB)-Zamboanga (ZAM),2026-06-01,802.3049802168457,0.0,3703.0375137021124,797.189944063969,0.0,3710.1146597441116
Cebu (CEB)-Zamboanga (ZAM),2026-07-01,723.8720555136333,0.0,3624.6045889989,719.0697254850893,0.0,3631.994441165232
Cebu (CEB)-Zamboanga (ZAM),2026-08-01,642.8246999869812,0.0,3543.557233472248,638.3454996202472,0.0,3551.2702153003897
Cebu (CEB)-Zamboanga (ZAM),2026-09-01,561.777344460329,0.0,3462.5098779455957,557.6212737554047,0.0,3470.545989435547
Cebu (CEB)-Zamboanga (ZAM),2026-10-01,483.34441975711707,0.0,3384.0769532423838,479.50105517652537,0.0,3392.425770856668
Cebu (CEB)-Zamboanga (ZAM),2026-11-01,402.29706423046446,0.0,3303.029597715731,398.77682931168283,0.0,3311.7015449918254
Davao City (DVO)-Angeles City (CRK),2025-10-01,1372.4774911659579,0.0,3747.700157419503,1372.4774911659579,0.0,3747.700157419503
Davao City (DVO)-Angeles City (CRK),2025-11-01,1129.8718816900773,0.0,3505.0945479436223,1129.8718816900773,0.0,3505.0945479436223
Davao City (DVO)-Angeles City (CRK),2025-12-01,895.0922596166447,0.0,3270.3149258701897,895.0922596166447,0.0,3270.3149258701897
Davao City (DVO)-Angeles City (CRK),2026-01-01,652.4866501407641,0.0,3027.709316394309,652.4866501407641,0.0,3027.709316394309
Davao City (DVO)-Angeles City (CRK),2026-02-01,409.88104066488404,0.0,2785.103706918429,409.88104066488404,0.0,2785.103706918429
Davao City (DVO)-Angeles City (CRK),2026-03-01,190.75339339634684,0.0,2565.976059649892,190.75339339634684,0.0,2565.976059649892
Davao City (DVO)-Angeles City (CRK),2026-04-01,0.0,0.0,2375.222666253545,0.0,0.0,2375.222666253545
Davao City (DVO)-Angeles City (CRK),2026-05-01,0.0,0.0,2375.222666253545,0.0,0.0,2375.222666253545
Davao City (DVO)-Angeles City (CRK),2026-06-01,0.0,0.0,2375.222666253545,0.0,0.0,2375.222666253545
Davao City (DVO)-Angeles City (CRK),2026-07-01,0.0,0.0,2375.222666253545,0.0,0.0,2375.222666253545
Davao City (DVO)-Angeles City (CRK),2026-08-01,0.0,0.0,2375.222666253545,0.0,0.0,2375.222666253545
Davao City (DVO)-Angeles City (CRK),2026-09-01,0.0,0.0,2375.222666253545,0.0,0.0,2375.222666253545
Davao City (DVO)-Bacolod City (BCD),2025-10-01,3241.454424743446,1206.9545717046424,5275.95427778225,3241.454424743446,1206.9545717046424,5275.95427778225
Davao City (DVO)-Bacolod City (BCD),2025-11-01,3258.2604416113536,1223.76058857255,5292.760294650157,3258.2604416113536,1223.76058857255,5292.760294650157
Davao City (DVO)-Bacolod City (BCD),2025-12-01,3274.5243289028767,1240.024475864073,5309.024181941681,3274.5243289028767,1240.024475864073,5309.024181941681
Davao City (DVO)-Bacolod City (BCD),2026-01-01,3291.3303457707834,1256.8304927319798,5325.830198809587,3291.3303457707834,1256.8304927319798,5325.830198809587
Davao City (DVO)-Bacolod City (BCD),2026-02-01,3308.136362638691,1273.6365095998874,5342.636215677495,3308.136362638691,1273.6365095998874,5342.636215677495
Davao City (DVO)-Bacolod City (BCD),2026-03-01,3323.3159907774457,1288.816137738642,5357.815843816249,3323.3159907774457,1288.816137738642,5357.815843816249
Davao City (DVO)-Bacolod City (BCD),2026-04-01,3340.122007645353,1305.6221546065492,5374.621860684157,3340.122007645353,1305.6221546065492,5374.621860684157
Davao City (DVO)-Bacolod City (BCD),2026-05-01,3356.385894936876,1321.8860418980723,5390.88574797568,3356.385894936876,1321.8860418980723,5390.88574797568
Davao City (DVO)-Bacolod City (BCD),2026-06-01,3373.1919118047836,1338.69205876598,5407.691764843587,3373.1919118047836,1338.69205876598,5407.691764843587
Davao City (DVO)-Bacolod City (BCD),2026-07-01,3389.4557990963062,1354.9559460575026,5423.95565213511,3389.4557990963062,1354.9559460575026,5423.95565213511
Davao City (DVO)-Bacolod City (BCD),2026-08-01,3406.2618159642134,1371.7619629254098,5440.761669003017,3406.2618159642134,1371.7619629254098,5440.761669003017
Davao City (DVO)-Bacolod City (BCD),2026-09-01,3423.067832832121,1388.5679797933174,5457.567685870925,3423.067832832121,1388.5679797933174,5457.567685870925
Davao City (DVO)-Caticlan (MPH),2025-10-01,1652.1046602590513,0.0,4026.3960900216875,1652.1046602590513,0.0,4026.3960900216875
Davao City (DVO)-Caticlan (MPH),2025-11-01,1444.0971152174861,0.0,3818.3885449801223,1444.0971152174861,0.0,3818.3885449801223
Davao City (DVO)-Caticlan (MPH),2025-12-01,1242.799490983714,0.0,3617.09092074635,1242.799490983714,0.0,3617.09092074635
Davao City (DVO)-Caticlan (MPH),2026-01-01,1034.7919459421491,0.0,3409.0833757047853,1034.7919459421491,0.0,3409.0833757047853
Davao City (DVO)-Caticlan (MPH),2026-02-01,826.7844009005844,0.0,3201.0758306632206,826.7844009005844,0.0,3201.0758306632206
Davao City (DVO)-Caticlan (MPH),2026-03-01,638.9066182823967,0.0,3013.198048045033,638.9066182823967,0.0,3013.198048045033
Davao City (DVO)-Caticlan (MPH),2026-04-01,430.8990732408324,0.0,2805.1905030034686,430.8990732408324,0.0,2805.1905030034686
Davao City (DVO)-Caticlan (MPH),2026-05-01,229.60144900706064,0.0,2603.892878769697,229.60144900706064,0.0,2603.892878769697
Davao City (DVO)-Caticlan (MPH),2026-06-01,21.593903965494974,0.0,2395.885333728131,21.593903965494974,0.0,2395.885333728131
Davao City (DVO)-Caticlan (MPH),2026-07-01,0.0,0.0,2374.291429762636,0.0,0.0,2374.291429762636
Davao City (DVO)-Caticlan (MPH),2026-08-01,0.0,0.0,2374.291429762636,0.0,0.0,2374.291429762636
Davao City (DVO)-Caticlan (MPH),2026-09-01,0.0,0.0,2374.291429762636,0.0,0.0,2374.291429762636
Davao City (DVO)-Cebu (CEB),2025-12-01,21428.302685650433,6471.973462538594,36384.63190876227,16571.312100086703,4718.966158515324,28423.658041658084
Davao City (DVO)-Cebu (CEB),2026-01-01,21514.540932679964,6558.211709568124,36470.8701557918,16698.80575949743,4846.459817926052,28551.15170106881
Davao City (DVO)-Cebu (CEB),2026-02-01,21600.779179709498,6644.4499565976585,36557.10840282134,16826.299418908162,4973.953477336783,28678.64536047954
Davao City (DVO)-Cebu (CEB),2026-03-01,21678.67178992972,6722.342566817879,36635.00101304156,16941.454982246883,5089.109040675505,28793.800923818264
Davao City (DVO)-Cebu (CEB),2026-04-01,21764.91003695925,6808.580813847409,36721.23926007109,17068.948641657615,5216.602700086236,28921.29458322899
Davao City (DVO)-Cebu (CEB),2026-05-01,21848.366405052344,6892.0371819405045,36804.69562816418,17192.329602377675,5339.983660806296,29044.67554394905
Davao City (DVO)-Cebu (CEB),2026-06-01,21934.604652081875,6978.275428970035,36890.93387519372,17319.823261788406,5467.477320217027,29172.169203359786
Davao City (DVO)-Cebu (CEB),2026-07-01,22018.06102017497,7061.73179706313,36974.390243286805,17443.204222508466,5590.858280937087,29295.550164079847
Davao City (DVO)-Cebu (CEB),2026-08-01,22104.2992672045,7147.970044092661,37060.62849031634,17570.697881919194,5718.351940347815,29423.043823490574
Davao City (DVO)-Cebu (CEB),2026-09-01,22190.53751423403,7234.208291122191,37146.866737345874,17698.191541329925,5845.845599758546,29550.5374829013
Davao City (DVO)-Cebu (CEB),2026-10-01,22273.993882327126,7317.6646592152865,37230.32310543896,17821.572502049985,5969.226560478606,29673.91844362136
Davao City (DVO)-Cebu (CEB),2026-11-01,22360.232129356657,7403.902906244817,37316.561352468496,17949.066161460716,6096.720219889337,29801.412103032097
Davao City (DVO)-Iloilo (ILO),2025-10-01,5283.171305894957,2805.7914843002095,7760.551127489705,5283.171305894957,2805.7914843002095,7760.551127489705
Davao City (DVO)-Iloilo (ILO),2025-11-01,5479.925016189738,3002.5451945949903,7957.304837784486,5479.925016189738,3002.5451945949903,7957.304837784486
Davao City (DVO)-Iloilo (ILO),2025-12-01,5670.331832604039,3192.9520110092913,8147.711654198787,5670.331832604039,3192.9520110092913,8147.711654198787
Davao City (DVO)-Iloilo (ILO),2026-01-01,5867.085542898818,3389.7057213040703,8344.465364493566,5867.085542898818,3389.7057213040703,8344.465364493566
Davao City (DVO)-Iloilo (ILO),2026-02-01,6063.839253193599,3586.459431598851,8541.219074788347,6063.839253193599,3586.459431598851,8541.219074788347
Davao City (DVO)-Iloilo (ILO),2026-03-01,6241.552281846947,3764.1724602521995,8718.932103441695,6241.552281846947,3764.1724602521995,8718.932103441695
Davao City (DVO)-Iloilo (ILO),2026-04-01,6438.305992141726,3960.9261705469785,8915.685813736474,6438.305992141726,3960.9261705469785,8915.685813736474
Davao City (DVO)-Iloilo (ILO),2026-05-01,6628.712808556029,4151.332986961281,9106.092630150777,6628.712808556029,4151.332986961281,9106.092630150777
Davao City (DVO)-Iloilo (ILO),2026-06-01,6825.466518850808,4348.08669725606,9302.846340445556,6825.466518850808,4348.08669725606,9302.846340445556
Davao City (DVO)-Iloilo (ILO),2026-07-01,7015.873335265111,4538.4935136703625,9493.253156859859,7015.873335265111,4538.4935136703625,9493.253156859859
Davao City (DVO)-Iloilo (ILO),2026-08-01,7212.627045559888,4735.24722396514,9690.006867154636,7212.627045559888,4735.24722396514,9690.006867154636
Davao City (DVO)-Iloilo (ILO),2026-09-01,7409.380755854669,4932.0009342599205,9886.760577449417,7409.380755854669,4932.0009342599205,9886.760577449417
Davao City (DVO)-Manila (MNL),2025-12-01,108398.99498414627,54515.51940313021,162282.4705651623,54240.350422646516,26032.008542899115,82448.69230239392
Davao City (DVO)-Manila (MNL),2026-01-01,109118.9558630024,55235.48028198634,163002.43144401844,54470.36682988777,26262.024950140367,82678.70870963516
Davao City (DVO)-Manila (MNL),2026-02-01,109838.91674185851,55955.441160842456,163722.39232287457,54700.38323712901,26492.04135738161,82908.72511687642
Davao City (DVO)-Manila (MNL),2026-03-01,110489.20398727694,56605.72840626088,164372.67956829298,54908.1399920566,26699.798112309196,83116.48187180399
Davao City (DVO)-Manila (MNL),2026-04-01,111209.16486613307,57325.68928511701,165092.6404471491,55138.15639929784,26929.81451955044,83346.49827904525
Davao City (DVO)-Manila (MNL),2026-05-01,111905.90120050995,58022.42561949389,165789.37678152602,55360.752922434534,27152.411042687134,83569.09480218193
Davao City (DVO)-Manila (MNL),2026-06-01,112625.86207936608,58742.386498350024,166509.33766038215,55590.76932967578,27382.42744992838,83799.11120942318
Davao City (DVO)-Manila (MNL),2026-07-01,113322.59841374296,59439.122832726905,167206.073994759,55813.36585281247,27605.023973065072,84021.70773255988
Davao City (DVO)-Manila (MNL),2026-08-01,114042.5592925991,60159.083711583036,167926.03487361514,56043.382260053724,27835.040380306324,84251.72413980112
Davao City (DVO)-Manila (MNL),2026-09-01,114762.5201714552,60879.04459043914,168645.99575247127,56273.39866729497,28065.056787547568,84481.74054704237
Davao City (DVO)-Manila (MNL),2026-10-01,115459.2565058321,61575.78092481605,169342.73208684818,56495.99519043166,28287.65331068426,84704.33707017906
Davao City (DVO)-Manila (MNL),2026-11-01,116179.2173846882,62295.74180367215,170062.69296570425,56726.01159767291,28517.669717925506,84934.35347742031
Davao City (DVO)-Panglao (TAG),2025-12-01,4828.746568200867,1148.3534873677936,8509.13964903394,3837.8677154349116,508.7655076390247,7166.9699232307985
Davao City (DVO)-Panglao (TAG),2026-01-01,4937.167560830545,1256.7744799974716,8617.560641663618,3947.321062549051,618.2188547531641,7276.423270344938
Davao City (DVO)-Panglao (TAG),2026-02-01,5045.588553460222,1365.1954726271488,8725.981634293295,4056.7744096631905,727.6722018673036,7385.876617459077
Davao City (DVO)-Panglao (TAG),2026-03-01,5143.517191964448,1463.1241111313748,8823.910272797522,4155.635497379188,826.5332895833008,7484.737705175075
Davao City (DVO)-Panglao (TAG),2026-04-01,5251.938184594125,1571.545103761052,8932.331265427198,4265.088844493326,935.9866366974393,7594.191052289213
Davao City (DVO)-Panglao (TAG),2026-05-01,5356.861725848653,1676.4686450155796,9037.254806681725,4371.011438474752,1041.9092306788652,7700.113646270639
Davao City (DVO)-Panglao (TAG),2026-06-01,5465.28271847833,1784.8896376452567,9145.675799311404,4480.464785588891,1151.3625777930038,7809.566993384778
Davao City (DVO)-Panglao (TAG),2026-07-01,5570.206259732858,1889.8131788997844,9250.599340565932,4586.387379570317,1257.2851717744297,7915.4895873662035
Davao City (DVO)-Panglao (TAG),2026-08-01,5678.627252362535,1998.2341715294615,9359.020333195607,4695.840726684455,1366.7385188885683,8024.942934480342
Davao City (DVO)-Panglao (TAG),2026-09-01,5787.048244992213,2106.6551641591395,9467.441325825286,4805.294073798595,1476.1918660027077,8134.3962815944815
Davao City (DVO)-Panglao (TAG),2026-10-01,5891.97178624674,2211.5787054136663,9572.364867079814,4911.21666778002,1582.1144599841327,8240.318875575907
Davao City (DVO)-Panglao (TAG),2026-11-01,6000.392778876418,2319.9996980433443,9680.785859709491,5020.670014894159,1691.5678070982722,8349.772222690046
Davao City (DVO)-Puerto Princesa City (PPS),2025-12-01,2050.120353330849,0.0,4418.026025697896,2050.120353330849,0.0,4418.026025697896
Davao City (DVO)-Puerto Princesa City (PPS),2026-01-01,1912.3388255916716,0.0,4280.24449795872,1912.3388255916716,0.0,4280.24449795872
Davao City (DVO)-Puerto Princesa City (PPS),2026-02-01,1774.5572978524938,0.0,4142.462970219542,1774.5572978524938,0.0,4142.462970219542
Davao City (DVO)-Puerto Princesa City (PPS),2026-03-01,1650.10946634614,0.0,4018.0151387131878,1650.10946634614,0.0,4018.0151387131878
Davao City (DVO)-Puerto Princesa City (PPS),2026-04-01,1512.3279386069626,0.0,3880.2336109740104,1512.3279386069626,0.0,3880.2336109740104
Davao City (DVO)-Puerto Princesa City (PPS),2026-05-01,1378.9909762787265,0.0,3746.8966486457743,1378.9909762787265,0.0,3746.8966486457743
Davao City (DVO)-Puerto Princesa City (PPS),2026-06-01,1241.2094485395487,0.0,3609.1151209065965,1241.2094485395487,0.0,3609.1151209065965
Davao City (DVO)-Puerto Princesa City (PPS),2026-07-01,1107.8724862113127,0.0,3475.7781585783605,1107.8724862113127,0.0,3475.7781585783605
Davao City (DVO)-Puerto Princesa City (PPS),2026-08-01,970.0909584721348,0.0,3337.9966308391827,970.0909584721348,0.0,3337.9966308391827
Davao City (DVO)-Puerto Princesa City (PPS),2026-09-01,832.3094307329575,0.0,3200.2151031000053,832.3094307329575,0.0,3200.2151031000053
Davao City (DVO)-Puerto Princesa City (PPS),2026-10-01,698.9724684047219,0.0,3066.8781407717697,698.9724684047219,0.0,3066.8781407717697
Davao City (DVO)-Puerto Princesa City (PPS),2026-11-01,561.1909406655441,0.0,2929.096613032592,561.1909406655441,0.0,2929.096613032592
Del Carmin (IAO)-Cebu (CEB),2025-12-01,10268.250486686804,5427.537307922971,15108.963665450636,14.76849101913734,0.0,100.93155299164229
Del Carmin (IAO)-Cebu (CEB),2026-01-01,10394.737134366987,5554.023955603155,15235.45031313082,14.884235425122057,0.0,101.047297397627
Del Carmin (IAO)-Cebu (CEB),2026-02-01,10521.22378204717,5680.510603283336,15361.936960811003,14.999979831106774,0.0,101.16304180361172
Del Carmin (IAO)-Cebu (CEB),2026-03-01,10635.469786403464,5794.7566076396315,15476.182965167296,15.104523165544585,0.0,101.26758513804953
Del Carmin (IAO)-Cebu (CEB),2026-04-01,10761.956434083646,5921.243255319813,15602.66961284748,15.220267571529302,0.0,101.38332954403425
Del Carmin (IAO)-Cebu (CEB),2026-05-01,10884.362867322532,6043.649688558699,15725.076046086364,15.332278286998385,0.0,101.49534025950334
Del Carmin (IAO)-Cebu (CEB),2026-06-01,11010.849515002716,6170.136336238883,15851.562693766547,15.4480226929831,0.0,101.61108466548805
Del Carmin (IAO)-Cebu (CEB),2026-07-01,11133.255948241604,6292.542769477771,15973.969127005435,15.560033408452183,0.0,101.72309538095713
Del Carmin (IAO)-Cebu (CEB),2026-08-01,11259.742595921785,6419.029417157953,16100.455774685619,15.675777814436898,0.0,101.83883978694185
Del Carmin (IAO)-Cebu (CEB),2026-09-01,11386.229243601969,6545.516064838136,16226.942422365802,15.791522220421617,0.0,101.95458419292656
Del Carmin (IAO)-Cebu (CEB),2026-10-01,11508.635676840855,6667.922498077022,16349.348855604687,15.903532935890698,0.0,102.06659490839564
Del Carmin (IAO)-Cebu (CEB),2026-11-01,11635.122324521039,6794.409145757206,16475.83550328487,16.019277341875416,0.0,102.18233931438036
Dipolog (DPL)-Manila (MNL),2025-12-01,9191.056068667382,3348.052856470679,15034.059280864083,5698.042029334303,2157.2761844215206,9238.807874247086
Dipolog (DPL)-Manila (MNL),2026-01-01,9181.240370520807,3338.2371583241047,15024.24358271751,5695.5134254381,2154.7475805253175,9236.279270350882
Dipolog (DPL)-Manila (MNL),2026-02-01,9171.424672374233,3328.42146017753,15014.427884570934,5692.984821541897,2152.2189766291144,9233.75066645468
Dipolog (DPL)-Manila (MNL),2026-03-01,9162.558880499908,3319.5556683032055,15005.562092696611,5690.700921248552,2149.9350763357693,9231.466766161335
Dipolog (DPL)-Manila (MNL),2026-04-01,9152.743182353333,3309.739970156631,14995.746394550035,5688.172317352349,2147.406472439566,9228.93816226513
Dipolog (DPL)-Manila (MNL),2026-05-01,9143.244119630843,3300.2409074341404,14986.247331827544,5685.725281323766,2144.959436410983,9226.491126236548
Dipolog (DPL)-Manila (MNL),2026-06-01,9133.428421484268,3290.425209287566,14976.431633680972,5683.196677427562,2142.430832514779,9223.962522340344
Dipolog (DPL)-Manila (MNL),2026-07-01,9123.929358761778,3280.926146565075,14966.932570958481,5680.749641398978,2139.983796486196,9221.51548631176
Dipolog (DPL)-Manila (MNL),2026-08-01,9114.113660615203,3271.1104484185007,14957.116872811905,5678.221037502775,2137.4551925899927,9218.986882415558
Dipolog (DPL)-Manila (MNL),2026-09-01,9104.297962468629,3261.294750271926,14947.301174665332,5675.692433606571,2134.9265886937887,9216.458278519354
Dipolog (DPL)-Manila (MNL),2026-10-01,9094.798899746138,3251.7956875494356,14937.802111942841,5673.245397577988,2132.4795526652056,9214.011242490771
Dipolog (DPL)-Manila (MNL),2026-11-01,9084.983201599563,3241.979989402861,14927.986413796265,5670.716793681785,2129.9509487690025,9211.482638594567
Dumaguete City (DGT)-Manila (MNL),2025-12-01,21103.564716560006,10134.83440615034,32072.295026969674,13931.317719906145,6782.4601057629725,21080.175334049316
Dumaguete City (DGT)-Manila (MNL),2026-01-01,21165.800285162997,10197.06997475333,32134.530595572665,14019.287153563684,6870.429539420512,21168.144767706857
Dumaguete City (DGT)-Manila (MNL),2026-02-01,21228.03585376599,10259.305543356322,32196.766164175657,14107.256587221222,6958.3989730780495,21256.114201364395
Dumaguete City (DGT)-Manila (MNL),2026-03-01,21284.2486254074,10315.518314997733,32252.978935817067,14186.712849879643,7037.855235736471,21335.570464022814
Dumaguete City (DGT)-Manila (MNL),2026-04-01,21346.48419401039,10377.753883600724,32315.21450442006,14274.68228353718,7125.824669394008,21423.53989768035
Dumaguete City (DGT)-Manila (MNL),2026-05-01,21406.71216362619,10437.981853216525,32375.44247403586,14359.813993528347,7210.956379385175,21508.67160767152
Dumaguete City (DGT)-Manila (MNL),2026-06-01,21468.94773222918,10500.217421819512,32437.678042638843,14447.783427185885,7298.925813042712,21596.641041329058
Dumaguete City (DGT)-Manila (MNL),2026-07-01,21529.17570184498,10560.445391435313,32497.906012254643,14532.915137177051,7384.057523033879,21681.772751320223
Dumaguete City (DGT)-Manila (MNL),2026-08-01,21591.41127044797,10622.680960038304,32560.141580857635,14620.884570834589,7472.026956691417,21769.74218497776
Dumaguete City (DGT)-Manila (MNL),2026-09-01,21653.64683905096,10684.916528641295,32622.377149460626,14708.854004492128,7559.996390348956,21857.7116186353
Dumaguete City (DGT)-Manila (MNL),2026-10-01,21713.87480866676,10745.144498257092,32682.605119076426,14793.985714483293,7645.128100340121,21942.843328626466
Dumaguete City (DGT)-Manila (MNL),2026-11-01,21776.11037726975,10807.380066860083,32744.840687679418,14881.95514814083,7733.0975339976585,22030.812762284004
General Santos (GES)-Cebu (CEB),2025-12-01,5437.966661328816,777.5644048112163,10098.368917846416,3925.044405602548,0.0,8495.949617249495
General Santos (GES)-Cebu (CEB),2026-01-01,5468.172096933046,807.7698404154462,10128.574353450647,3915.7807943358994,0.0,8486.686005982847
General Santos (GES)-Cebu (CEB),2026-02-01,5498.377532537277,837.975276019677,10158.779789054877,3906.517183069251,0.0,8477.422394716199
General Santos (GES)-Cebu (CEB),2026-03-01,5525.65986147013,865.2576049525296,10186.06211798773,3898.1500503122784,0.0,8469.055261959225
General Santos (GES)-Cebu (CEB),2026-04-01,5555.865297074361,895.4630405567605,10216.26755359196,3888.88643904563,0.0,8459.791650692578
General Santos (GES)-Cebu (CEB),2026-05-01,5585.096363788131,924.6941072705313,10245.49862030573,3879.9216539488734,0.0,8450.82686559582
General Santos (GES)-Cebu (CEB),2026-06-01,5615.301799392361,954.8995428747612,10275.704055909962,3870.658042682225,0.0,8441.563254329172
General Santos (GES)-Cebu (CEB),2026-07-01,5644.532866106133,984.1306095885329,10304.935122623734,3861.6932575854685,0.0,8432.598469232416
General Santos (GES)-Cebu (CEB),2026-08-01,5674.738301710363,1014.3360451927629,10335.140558227962,3852.4296463188202,0.0,8423.334857965769
General Santos (GES)-Cebu (CEB),2026-09-01,5704.943737314594,1044.5414807969937,10365.345993832194,3843.1660350521715,0.0,8414.071246699119
General Santos (GES)-Cebu (CEB),2026-10-01,5734.174804028365,1073.7725475107645,10394.577060545966,3834.2012499554153,0.0,8405.106461602363
General Santos (GES)-Cebu (CEB),2026-11-01,5764.380239632595,1103.9779831149945,10424.782496150194,3824.9376386887666,0.0,8395.842850335714
General Santos (GES)-Iloilo (ILO),2025-12-01,3024.950387561966,865.1816102512121,5184.71916487272,3024.950387561966,865.1816102512121,5184.71916487272
General Santos (GES)-Iloilo (ILO),2026-01-01,3043.275031705364,883.5062543946101,5203.043809016119,3043.275031705364,883.5062543946101,5203.043809016119
General Santos (GES)-Iloilo (ILO),2026-02-01,3061.5996758487618,901.8308985380077,5221.368453159515,3061.5996758487618,901.8308985380077,5221.368453159515
General Santos (GES)-Iloilo (ILO),2026-03-01,3078.150967333121,918.382190022367,5237.919744643876,3078.150967333121,918.382190022367,5237.919744643876
General Santos (GES)-Iloilo (ILO),2026-04-01,3096.4756114765187,936.7068341657646,5256.244388787272,3096.4756114765187,936.7068341657646,5256.244388787272
General Santos (GES)-Iloilo (ILO),2026-05-01,3114.209138066904,954.4403607561499,5273.977915377658,3114.209138066904,954.4403607561499,5273.977915377658
General Santos (GES)-Iloilo (ILO),2026-06-01,3132.533782210302,972.7650048995479,5292.3025595210565,3132.533782210302,972.7650048995479,5292.3025595210565
General Santos (GES)-Iloilo (ILO),2026-07-01,3150.267308800687,990.4985314899327,5310.03608611144,3150.267308800687,990.4985314899327,5310.03608611144
General Santos (GES)-Iloilo (ILO),2026-08-01,3168.5919529440844,1008.8231756333303,5328.360730254839,3168.5919529440844,1008.8231756333303,5328.360730254839
General Santos (GES)-Iloilo (ILO),2026-09-01,3186.9165970874824,1027.1478197767283,5346.6853743982365,3186.9165970874824,1027.1478197767283,5346.6853743982365
General Santos (GES)-Iloilo (ILO),2026-10-01,3204.6501236778677,1044.8813463671136,5364.418900988621,3204.6501236778677,1044.8813463671136,5364.418900988621
General Santos (GES)-Iloilo (ILO),2026-11-01,3222.9747678212652,1063.2059905105111,5382.74354513202,3222.9747678212652,1063.2059905105111,5382.74354513202
General Santos (GES)-Manila (MNL),2025-12-01,36028.9837461265,18091.157738748254,53966.80975350474,22007.267249165827,10626.450822261986,33388.08367606967
General Santos (GES)-Manila (MNL),2026-01-01,36222.984621750365,18285.15861437212,54160.81062912861,22117.265388081258,10736.448961177417,33498.0818149851
General Santos (GES)-Manila (MNL),2026-02-01,36416.98549737423,18479.15948999599,54354.81150475248,22227.26352699669,10846.447100092848,33608.07995390053
General Santos (GES)-Manila (MNL),2026-03-01,36592.212094711926,18654.38608733368,54530.03810209017,22326.616684726756,10945.800257822915,33707.4331116306
General Santos (GES)-Manila (MNL),2026-04-01,36786.2129703358,18848.386962957557,54724.038977714044,22436.614823642187,11055.798396738346,33817.431250546026
General Santos (GES)-Manila (MNL),2026-05-01,36973.95575319761,19036.129745819366,54911.781760575854,22543.06463549583,11162.24820859199,33923.88106239967
General Santos (GES)-Manila (MNL),2026-06-01,37167.95662882148,19230.130621443233,55105.78263619972,22653.06277441126,11272.24634750742,34033.8792013151
General Santos (GES)-Manila (MNL),2026-07-01,37355.699411683294,19417.87340430505,55293.52541906154,22759.512586264904,11378.696159361063,34140.329013168746
General Santos (GES)-Manila (MNL),2026-08-01,37549.70028730716,19611.874279928918,55487.526294685405,22869.510725180335,11488.694298276494,34250.32715208417
General Santos (GES)-Manila (MNL),2026-09-01,37743.70116293103,19805.875155552785,55681.52717030927,22979.508864095766,11598.692437191925,34360.32529099961
General Santos (GES)-Manila (MNL),2026-10-01,37931.443945792846,19993.6179384146,55869.26995317109,23085.95867594941,11705.142249045568,34466.77510285325
General Santos (GES)-Manila (MNL),2026-11-01,38125.44482141671,20187.61881403847,56063.27082879496,23195.95681486484,11815.140387960999,34576.77324176868
Hong Kong (HKG)-Davao City (DVO),2025-12-01,2088.5222236864656,631.5390232100299,3545.5054241629014,2088.5222236864656,631.5390232100299,3545.5054241629014
Hong Kong (HKG)-Davao City (DVO),2026-01-01,2061.173968705216,604.1907682287801,3518.1571691816516,2061.173968705216,604.1907682287801,3518.1571691816516
Hong Kong (HKG)-Davao City (DVO),2026-02-01,2033.825713723966,576.8425132475302,3490.808914200402,2033.825713723966,576.8425132475302,3490.808914200402
Hong Kong (HKG)-Davao City (DVO),2026-03-01,2009.1240640634824,552.1408635870466,3466.107264539918,2009.1240640634824,552.1408635870466,3466.107264539918
Hong Kong (HKG)-Davao City (DVO),2026-04-01,1981.7758090822326,524.7926086057969,3438.7590095586684,1981.7758090822326,524.7926086057969,3438.7590095586684
Hong Kong (HKG)-Davao City (DVO),2026-05-01,1955.3097558745715,498.3265553981357,3412.292956351007,1955.3097558745715,498.3265553981357,3412.292956351007
Hong Kong (HKG)-Davao City (DVO),2026-06-01,1927.9615008933217,470.978300416886,3384.9447013697572,1927.9615008933217,470.978300416886,3384.9447013697572
Hong Kong (HKG)-Davao City (DVO),2026-07-01,1901.4954476856606,444.5122472092248,3358.4786481620963,1901.4954476856606,444.5122472092248,3358.4786481620963
Hong Kong (HKG)-Davao City (DVO),2026-08-01,1874.1471927044108,417.1639922279751,3331.1303931808466,1874.1471927044108,417.1639922279751,3331.1303931808466
Hong Kong (HKG)-Davao City (DVO),2026-09-01,1846.798937723161,389.81573724672535,3303.782138199597,1846.798937723161,389.81573724672535,3303.782138199597
Hong Kong (HKG)-Davao City (DVO),2026-10-01,1820.3328845155002,363.3496840390644,3277.316084991936,1820.3328845155002,363.3496840390644,3277.316084991936
Hong Kong (HKG)-Davao City (DVO),2026-11-01,1792.9846295342504,336.0014290578147,3249.967830010686,1792.9846295342504,336.0014290578147,3249.967830010686
Iloilo (ILO)-Angeles City (CRK),2025-12-01,1869.4848507079,0.0,4462.69559980734,1869.4848507079,0.0,4462.69559980734
Iloilo (ILO)-Angeles City (CRK),2026-01-01,1784.7009381994135,0.0,4377.911687298853,1784.7009381994135,0.0,4377.911687298853
Iloilo (ILO)-Angeles City (CRK),2026-02-01,1699.917025690927,0.0,4293.127774790367,1699.917025690927,0.0,4293.127774790367
Iloilo (ILO)-Angeles City (CRK),2026-03-01,1623.3380079413264,0.0,4216.548757040766,1623.3380079413264,0.0,4216.548757040766
Iloilo (ILO)-Angeles City (CRK),2026-04-01,1538.5540954328399,0.0,4131.764844532279,1538.5540954328399,0.0,4131.764844532279
Iloilo (ILO)-Angeles City (CRK),2026-05-01,1456.5051478439818,0.0,4049.7158969434217,1456.5051478439818,0.0,4049.7158969434217
Iloilo (ILO)-Angeles City (CRK),2026-06-01,1371.7212353354953,0.0,3964.931984434935,1371.7212353354953,0.0,3964.931984434935
Iloilo (ILO)-Angeles City (CRK),2026-07-01,1289.6722877466377,0.0,3882.8830368460776,1289.6722877466377,0.0,3882.8830368460776
Iloilo (ILO)-Angeles City (CRK),2026-08-01,1204.8883752381512,0.0,3798.099124337591,1204.8883752381512,0.0,3798.099124337591
Iloilo (ILO)-Angeles City (CRK),2026-09-01,1120.1044627296642,0.0,3713.315211829104,1120.1044627296642,0.0,3713.315211829104
Iloilo (ILO)-Angeles City (CRK),2026-10-01,1038.0555151408066,0.0,3631.2662642402465,1038.0555151408066,0.0,3631.2662642402465
Iloilo (ILO)-Angeles City (CRK),2026-11-01,953.2716026323205,0.0,3546.4823517317604,953.2716026323205,0.0,3546.4823517317604
Iloilo (ILO)-Cagayan de Oro (CGY),2025-10-01,2807.790447966452,296.98725731711784,5318.593638615786,2807.790447966452,296.98725731711784,5318.593638615786
Iloilo (ILO)-Cagayan de Oro (CGY),2025-11-01,2793.149586418502,282.3463957691679,5303.952777067836,2793.149586418502,282.3463957691679,5303.952777067836
Iloilo (ILO)-Cagayan de Oro (CGY),2025-12-01,2778.9810107269377,268.1778200776034,5289.784201376272,2778.9810107269377,268.1778200776034,5289.784201376272
Iloilo (ILO)-Cagayan de Oro (CGY),2026-01-01,2764.3401491789878,253.53695852965348,5275.1433398283225,2764.3401491789878,253.53695852965348,5275.1433398283225
Iloilo (ILO)-Cagayan de Oro (CGY),2026-02-01,2749.699287631038,238.89609698170352,5260.502478280372,2749.699287631038,238.89609698170352,5260.502478280372
Iloilo (ILO)-Cagayan de Oro (CGY),2026-03-01,2736.4752836522443,225.67209300291006,5247.278474301578,2736.4752836522443,225.67209300291006,5247.278474301578
Iloilo (ILO)-Cagayan de Oro (CGY),2026-04-01,2721.8344221042944,211.0312314549601,5232.637612753629,2721.8344221042944,211.0312314549601,5232.637612753629
Iloilo (ILO)-Cagayan de Oro (CGY),2026-05-01,2707.66584641273,196.86265576339565,5218.469037062065,2707.66584641273,196.86265576339565,5218.469037062065
Iloilo (ILO)-Cagayan de Oro (CGY),2026-06-01,2693.02498486478,182.2217942154457,5203.828175514114,2693.02498486478,182.2217942154457,5203.828175514114
Iloilo (ILO)-Cagayan de Oro (CGY),2026-07-01,2678.8564091732155,168.05321852388124,5189.659599822549,2678.8564091732155,168.05321852388124,5189.659599822549
Iloilo (ILO)-Cagayan de Oro (CGY),2026-08-01,2664.2155476252656,153.4123569759313,5175.0187382746,2664.2155476252656,153.4123569759313,5175.0187382746
Iloilo (ILO)-Cagayan de Oro (CGY),2026-09-01,2649.5746860773156,138.77149542798134,5160.37787672665,2649.5746860773156,138.77149542798134,5160.37787672665
Iloilo (ILO)-Cebu (CEB),2025-12-01,9453.455633956544,3735.390461271746,15171.520806641343,4891.99788465617,0.0,10644.727017324243
Iloilo (ILO)-Cebu (CEB),2026-01-01,9561.219561765112,3843.154389080314,15279.28473444991,5016.832362237194,0.0,10769.561494905265
Iloilo (ILO)-Cebu (CEB),2026-02-01,9668.983489573679,3950.9183168888803,15387.048662258476,5141.666839818217,0.0,10894.39597248629
Iloilo (ILO)-Cebu (CEB),2026-03-01,9766.318650174964,4048.253477490166,15484.383822859763,5254.420561504303,0.0,11007.149694172374
Iloilo (ILO)-Cebu (CEB),2026-04-01,9874.08257798353,4156.017405298732,15592.14775066833,5379.255039085327,0.0,11131.9841717534
Iloilo (ILO)-Cebu (CEB),2026-05-01,9978.370250056338,4260.3050773715395,15696.435422741135,5500.062598034705,0.0,11252.791730702778
Iloilo (ILO)-Cebu (CEB),2026-06-01,10086.134177864904,4368.069005180106,15804.199350549701,5624.897075615729,0.0,11377.6262082838
Iloilo (ILO)-Cebu (CEB),2026-07-01,10190.42184993771,4472.356677252911,15908.487022622507,5745.704634565107,0.0,11498.433767233179
Iloilo (ILO)-Cebu (CEB),2026-08-01,10298.185777746276,4580.120605061477,16016.250950431073,5870.539112146129,117.80997947805645,11623.2682448142
Iloilo (ILO)-Cebu (CEB),2026-09-01,10405.949705554844,4687.884532870045,16124.014878239643,5995.373589727153,242.6444570590802,11748.102722395226
Iloilo (ILO)-Cebu (CEB),2026-10-01,10510.23737762765,4792.172204942853,16228.302550312448,6116.181148676531,363.4520160084585,11868.910281344604
Iloilo (ILO)-Cebu (CEB),2026-11-01,10618.001305436217,4899.936132751419,16336.066478121014,6241.015626257555,488.28649358948223,11993.744758925626
Iloilo (ILO)-Davao City (DVO),2025-10-01,5361.656324261417,2654.8219378860363,8068.490710636797,5366.058974509408,2684.0109106864566,8048.107038332359
Iloilo (ILO)-Davao City (DVO),2025-11-01,5568.364725360863,2861.530338985483,8275.199111736243,5575.065766480573,2893.017702657622,8257.113830303524
Iloilo (ILO)-Davao City (DVO),2025-12-01,5768.405113521618,3061.5707271462375,8475.239499896998,5777.330403872023,3095.2823400490724,8459.378467694974
Iloilo (ILO)-Davao City (DVO),2026-01-01,5975.1135146210645,3268.279128245684,8681.947900996445,5986.337195843189,3304.289132020238,8668.38525966614
Iloilo (ILO)-Davao City (DVO),2026-02-01,6181.821915720511,3474.987529345131,8888.656302095891,6195.343987814354,3513.2959239914026,8877.392051637304
Iloilo (ILO)-Davao City (DVO),2026-03-01,6368.526278003882,3661.6918916285017,9075.360664379263,6384.124316046374,3702.0762522234227,9066.172379869324
Iloilo (ILO)-Davao City (DVO),2026-04-01,6575.234679103329,3868.4002927279485,9282.069065478709,6593.131108017539,3911.083044194588,9275.17917184049
Iloilo (ILO)-Davao City (DVO),2026-05-01,6775.275067264083,4068.440680888703,9482.109453639463,6795.39574540899,4113.347681586039,9477.44380923194
Iloilo (ILO)-Davao City (DVO),2026-06-01,6981.983468363531,4275.149081988151,9688.81785473891,7004.402537380155,4322.354473557204,9686.450601203105
Iloilo (ILO)-Davao City (DVO),2026-07-01,7182.023856524285,4475.1894701489055,9888.858242899665,7206.6671747716055,4524.619110948654,9888.715238594556
Iloilo (ILO)-Davao City (DVO),2026-08-01,7388.732257623731,4681.897871248351,10095.566643999111,7415.67396674277,4733.625902919819,10097.722030565721
Iloilo (ILO)-Davao City (DVO),2026-09-01,7595.440658723179,4888.606272347799,10302.275045098559,7624.680758713936,4942.632694890985,10306.728822536887
Iloilo (ILO)-General Santos (GES),2025-12-01,2955.8474348131726,804.4906764064503,5107.204193219895,2955.8474348131726,804.4906764064503,5107.204193219895
Iloilo (ILO)-General Santos (GES),2026-01-01,2971.8565512165505,820.4997928098283,5123.213309623273,2971.8565512165505,820.4997928098283,5123.213309623273
Iloilo (ILO)-General Santos (GES),2026-02-01,2987.8656676199284,836.5089092132062,5139.22242602665,2987.8656676199284,836.5089092132062,5139.22242602665
Iloilo (ILO)-General Santos (GES),2026-03-01,3002.3255146939473,850.968756287225,5153.68227310067,3002.3255146939473,850.968756287225,5153.68227310067
Iloilo (ILO)-General Santos (GES),2026-04-01,3018.334631097325,866.9778726906029,5169.691389504047,3018.334631097325,866.9778726906029,5169.691389504047
Iloilo (ILO)-General Santos (GES),2026-05-01,3033.827324390917,882.4705659841948,5185.184082797639,3033.827324390917,882.4705659841948,5185.184082797639
Iloilo (ILO)-General Santos (GES),2026-06-01,3049.8364407942945,898.4796823875722,5201.193199201017,3049.8364407942945,898.4796823875722,5201.193199201017
Iloilo (ILO)-General Santos (GES),2026-07-01,3065.3291340878864,913.9723756811641,5216.685892494608,3065.3291340878864,913.9723756811641,5216.685892494608
Iloilo (ILO)-General Santos (GES),2026-08-01,3081.3382504912643,929.981492084542,5232.695008897987,3081.3382504912643,929.981492084542,5232.695008897987
Iloilo (ILO)-General Santos (GES),2026-09-01,3097.347366894642,945.9906084879199,5248.704125301365,3097.347366894642,945.9906084879199,5248.704125301365
Iloilo (ILO)-General Santos (GES),2026-10-01,3112.8400601882336,961.4833017815113,5264.196818594955,3112.8400601882336,961.4833017815113,5264.196818594955
Iloilo (ILO)-General Santos (GES),2026-11-01,3128.8491765916115,977.4924181848892,5280.205934998334,3128.8491765916115,977.4924181848892,5280.205934998334
Iloilo (ILO)-Legazpi (DRP),2025-12-01,1295.6982217322857,487.9575168999995,2103.438926564572,1295.6982217322857,487.9575168999995,2103.438926564572
Iloilo (ILO)-Legazpi (DRP),2026-01-01,1212.09354067309,404.3528358408039,2019.8342455053762,1212.09354067309,404.3528358408039,2019.8342455053762
Iloilo (ILO)-Legazpi (DRP),2026-02-01,1128.4888596138942,320.74815478160804,1936.2295644461803,1128.4888596138942,320.74815478160804,1936.2295644461803
Iloilo (ILO)-Legazpi (DRP),2026-03-01,1052.9749541410724,245.23424930878627,1860.7156589733586,1052.9749541410724,245.23424930878627,1860.7156589733586
Iloilo (ILO)-Legazpi (DRP),2026-04-01,969.3702730818768,161.62956824959065,1777.110977914163,969.3702730818768,161.62956824959065,1777.110977914163
Iloilo (ILO)-Legazpi (DRP),2026-05-01,888.462517218139,80.7218123858529,1696.2032220504252,888.462517218139,80.7218123858529,1696.2032220504252
Iloilo (ILO)-Legazpi (DRP),2026-06-01,804.8578361589434,0.0,1612.5985409912296,804.8578361589434,0.0,1612.5985409912296
Iloilo (ILO)-Legazpi (DRP),2026-07-01,723.9500802952059,0.0,1531.690785127492,723.9500802952059,0.0,1531.690785127492
Iloilo (ILO)-Legazpi (DRP),2026-08-01,640.34539923601,0.0,1448.0861040682962,640.34539923601,0.0,1448.0861040682962
Iloilo (ILO)-Legazpi (DRP),2026-09-01,556.7407181768144,0.0,1364.4814230091006,556.7407181768144,0.0,1364.4814230091006
Iloilo (ILO)-Legazpi (DRP),2026-10-01,475.8329623130767,0.0,1283.5736671453628,475.8329623130767,0.0,1283.5736671453628
Iloilo (ILO)-Legazpi (DRP),2026-11-01,392.22828125388105,0.0,1199.9689860861672,392.22828125388105,0.0,1199.9689860861672
Iloilo (ILO)-Manila (MNL),2025-12-01,70978.54994552798,34622.30830158695,107334.79158946901,33220.25254400678,15936.876020035987,50503.62906797757
Iloilo (ILO)-Manila (MNL),2026-01-01,70884.02139606033,34527.7797521193,107240.26304000136,33293.07024816274,16009.693724191948,50576.446772133524
Iloilo (ILO)-Manila (MNL),2026-02-01,70789.49284659268,34433.25120265165,107145.73449053371,33365.887952318706,16082.511428347916,50649.26447628949
Iloilo (ILO)-Manila (MNL),2026-03-01,70704.11222126706,34347.87057732603,107060.35386520809,33431.658781878934,16148.282257908144,50715.03530584973
Iloilo (ILO)-Manila (MNL),2026-04-01,70609.58367179942,34253.342027858394,106965.82531574045,33504.4764860349,16221.099962064112,50787.853010005696
Iloilo (ILO)-Manila (MNL),2026-05-01,70518.10443037911,34161.86278643808,106874.34607432014,33574.945231992286,16291.568708021496,50858.32175596307
Iloilo (ILO)-Manila (MNL),2026-06-01,70423.57588091146,34067.33423697043,106779.8175248525,33647.762936148254,16364.386412177464,50931.13946011904
Iloilo (ILO)-Manila (MNL),2026-07-01,70332.09663949115,33975.85499555012,106688.33828343218,33718.23168210564,16434.855158134847,51001.60820607643
Iloilo (ILO)-Manila (MNL),2026-08-01,70237.5680900235,33881.32644608247,106593.80973396453,33791.049386261606,16507.672862290816,51074.4259102324
Iloilo (ILO)-Manila (MNL),2026-09-01,70143.03954055585,33786.79789661482,106499.28118449688,33863.86709041757,16580.490566446777,51147.24361438835
Iloilo (ILO)-Manila (MNL),2026-10-01,70051.56029913556,33695.318655194525,106407.80194307659,33934.33583637496,16650.959312404168,51217.712360345744
Iloilo (ILO)-Manila (MNL),2026-11-01,69957.0317496679,33600.790105726875,106313.27339360894,34007.153540530926,16723.777016560136,51290.53006450171
Iloilo (ILO)-Panglao (TAG),2025-12-01,504.2277989934105,0.0,1721.7508648488053,504.2277989934105,0.0,1721.7508648488053
Iloilo (ILO)-Panglao (TAG),2026-01-01,185.5411889831148,0.0,1403.0642548385097,185.5411889831148,0.0,1403.0642548385097
Iloilo (ILO)-Panglao (TAG),2026-02-01,0.0,0.0,1217.5230658553949,0.0,0.0,1217.5230658553949
Iloilo (ILO)-Panglao (TAG),2026-03-01,0.0,0.0,1217.5230658553949,0.0,0.0,1217.5230658553949
Iloilo (ILO)-Panglao (TAG),2026-04-01,0.0,0.0,1217.5230658553949,0.0,0.0,1217.5230658553949
Iloilo (ILO)-Panglao (TAG),2026-05-01,0.0,0.0,1217.5230658553949,0.0,0.0,1217.5230658553949
Iloilo (ILO)-Panglao (TAG),2026-06-01,0.0,0.0,1217.5230658553949,0.0,0.0,1217.5230658553949
Iloilo (ILO)-Panglao (TAG),2026-07-01,0.0,0.0,1217.5230658553949,0.0,0.0,1217.5230658553949
Iloilo (ILO)-Panglao (TAG),2026-08-01,0.0,0.0,1217.5230658553949,0.0,0.0,1217.5230658553949
Iloilo (ILO)-Panglao (TAG),2026-09-01,0.0,0.0,1217.5230658553949,0.0,0.0,1217.5230658553949
Iloilo (ILO)-Panglao (TAG),2026-10-01,0.0,0.0,1217.5230658553949,0.0,0.0,1217.5230658553949
Iloilo (ILO)-Panglao (TAG),2026-11-01,0.0,0.0,1217.5230658553949,0.0,0.0,1217.5230658553949
Iloilo (ILO)-Puerto Princesa City (PPS),2025-12-01,3699.2316317179684,1440.1609721715167,5958.30229126442,3699.2316317179684,1440.1609721715167,5958.30229126442
Iloilo (ILO)-Puerto Princesa City (PPS),2026-01-01,3778.1762819816313,1519.1056224351796,6037.246941528083,3778.1762819816313,1519.1056224351796,6037.246941528083
Iloilo (ILO)-Puerto Princesa City (PPS),2026-02-01,3857.1209322452933,1598.0502726988416,6116.191591791745,3857.1209322452933,1598.0502726988416,6116.191591791745
Iloilo (ILO)-Puerto Princesa City (PPS),2026-03-01,3928.4257776447303,1669.3551180982786,6187.496437191182,3928.4257776447303,1669.3551180982786,6187.496437191182
Iloilo (ILO)-Puerto Princesa City (PPS),2026-04-01,4007.370427908393,1748.2997683619415,6266.441087454845,4007.370427908393,1748.2997683619415,6266.441087454845
Iloilo (ILO)-Puerto Princesa City (PPS),2026-05-01,4083.7684765506474,1824.6978170041957,6342.839136097099,4083.7684765506474,1824.6978170041957,6342.839136097099
Iloilo (ILO)-Puerto Princesa City (PPS),2026-06-01,4162.713126814309,1903.6424672678577,6421.783786360761,4162.713126814309,1903.6424672678577,6421.783786360761
Iloilo (ILO)-Puerto Princesa City (PPS),2026-07-01,4239.111175456564,1980.040515910112,6498.181835003015,4239.111175456564,1980.040515910112,6498.181835003015
Iloilo (ILO)-Puerto Princesa City (PPS),2026-08-01,4318.0558257202265,2058.985166173775,6577.126485266678,4318.0558257202265,2058.985166173775,6577.126485266678
Iloilo (ILO)-Puerto Princesa City (PPS),2026-09-01,4397.0004759838885,2137.929816437437,6656.07113553034,4397.0004759838885,2137.929816437437,6656.07113553034
Iloilo (ILO)-Puerto Princesa City (PPS),2026-10-01,4473.398524626143,2214.327865079691,6732.469184172594,4473.398524626143,2214.327865079691,6732.469184172594
Iloilo (ILO)-Puerto Princesa City (PPS),2026-11-01,4552.343174889806,2293.272515343354,6811.413834436257,4552.343174889806,2293.272515343354,6811.413834436257
Iloilo (ILO)-Tacloban (TAC),2025-12-01,1254.4585334825379,0.0,2697.6908566034,1254.4585334825379,0.0,2697.6908566034
Iloilo (ILO)-Tacloban (TAC),2026-01-01,1163.9825064272877,0.0,2607.2148295481493,1163.9825064272877,0.0,2607.2148295481493
Iloilo (ILO)-Tacloban (TAC),2026-02-01,1073.5064793720378,0.0,2516.7388024928996,1073.5064793720378,0.0,2516.7388024928996
Iloilo (ILO)-Tacloban (TAC),2026-03-01,991.7861968705217,0.0,2435.0185199913835,991.7861968705217,0.0,2435.0185199913835
Iloilo (ILO)-Tacloban (TAC),2026-04-01,901.310169815272,0.0,2344.542492936134,901.310169815272,0.0,2344.542492936134
Iloilo (ILO)-Tacloban (TAC),2026-05-01,813.7527242779336,0.0,2256.9850473987954,813.7527242779336,0.0,2256.9850473987954
Iloilo (ILO)-Tacloban (TAC),2026-06-01,723.2766972226834,0.0,2166.509020343545,723.2766972226834,0.0,2166.509020343545
Iloilo (ILO)-Tacloban (TAC),2026-07-01,635.719251685345,0.0,2078.9515748062067,635.719251685345,0.0,2078.9515748062067
Iloilo (ILO)-Tacloban (TAC),2026-08-01,545.2432246300948,0.0,1988.4755477509566,545.2432246300948,0.0,1988.4755477509566
Iloilo (ILO)-Tacloban (TAC),2026-09-01,454.7671975748451,0.0,1897.999520695707,454.7671975748451,0.0,1897.999520695707
Iloilo (ILO)-Tacloban (TAC),2026-10-01,367.2097520375064,0.0,1810.4420751583682,367.2097520375064,0.0,1810.4420751583682
Iloilo (ILO)-Tacloban (TAC),2026-11-01,276.7337249822567,0.0,1719.9660481031185,276.7337249822567,0.0,1719.9660481031185
Iloilo (ILO)-Zamboanga (ZAM),2025-12-01,1652.639946237583,198.89605866343322,3106.383833811733,1652.639946237583,198.89605866343322,3106.383833811733
Iloilo (ILO)-Zamboanga (ZAM),2026-01-01,1605.0088657204087,151.26497814625895,3058.7527532945587,1605.0088657204087,151.26497814625895,3058.7527532945587
Iloilo (ILO)-Zamboanga (ZAM),2026-02-01,1557.3777852032345,103.63389762908469,3011.1216727773844,1557.3777852032345,103.63389762908469,3011.1216727773844
Iloilo (ILO)-Zamboanga (ZAM),2026-03-01,1514.356164090948,60.61227651679815,2968.1000516650975,1514.356164090948,60.61227651679815,2968.1000516650975
Iloilo (ILO)-Zamboanga (ZAM),2026-04-01,1466.7250835737736,12.981195999623878,2920.468971147923,1466.7250835737736,12.981195999623878,2920.468971147923
Iloilo (ILO)-Zamboanga (ZAM),2026-05-01,1420.6304895248954,0.0,2874.374377099045,1420.6304895248954,0.0,2874.374377099045
Iloilo (ILO)-Zamboanga (ZAM),2026-06-01,1372.9994090077212,0.0,2826.7432965818707,1372.9994090077212,0.0,2826.7432965818707
Iloilo (ILO)-Zamboanga (ZAM),2026-07-01,1326.9048149588427,0.0,2780.6487025329925,1326.9048149588427,0.0,2780.6487025329925
Iloilo (ILO)-Zamboanga (ZAM),2026-08-01,1279.2737344416682,0.0,2733.0176220158182,1279.2737344416682,0.0,2733.0176220158182
Iloilo (ILO)-Zamboanga (ZAM),2026-09-01,1231.6426539244942,0.0,2685.386541498644,1231.6426539244942,0.0,2685.386541498644
Iloilo (ILO)-Zamboanga (ZAM),2026-10-01,1185.5480598756158,0.0,2639.2919474497658,1185.5480598756158,0.0,2639.2919474497658
Iloilo (ILO)-Zamboanga (ZAM),2026-11-01,1137.9169793584415,0.0,2591.6608669325915,1137.9169793584415,0.0,2591.6608669325915
Kalibo (KLO)-Manila (MNL),2025-12-01,14557.839477800462,5797.7058181238335,23317.973137477093,4065.828420524299,1759.158744529927,6372.498096518671
Kalibo (KLO)-Manila (MNL),2026-01-01,14435.004307217758,5674.870647541129,23195.137966894385,4057.5388330890937,1750.8691570947217,6364.208509083466
Kalibo (KLO)-Manila (MNL),2026-02-01,14312.169136635053,5552.035476958425,23072.302796311684,4049.2492456538885,1742.5795696595164,6355.918921648261
Kalibo (KLO)-Manila (MNL),2026-03-01,14201.22124062487,5441.08758094824,22961.3549003015,4041.7618763575742,1735.0922003632022,6348.431552351946
Kalibo (KLO)-Manila (MNL),2026-04-01,14078.386070042165,5318.252410365536,22838.51972971879,4033.472288922369,1726.802612927997,6340.141964916741
Kalibo (KLO)-Manila (MNL),2026-05-01,13959.513324316966,5199.379664640337,22719.646983993596,4025.4501075334606,1718.7804315390886,6332.119783527833
Kalibo (KLO)-Manila (MNL),2026-06-01,13836.678153734263,5076.544494057634,22596.81181341089,4017.160520098256,1710.4908441038838,6323.830196092627
Kalibo (KLO)-Manila (MNL),2026-07-01,13717.805408009064,4957.6717483324355,22477.939067685693,4009.1383387093474,1702.4686627149754,6315.80801470372
Kalibo (KLO)-Manila (MNL),2026-08-01,13594.970237426362,4834.836577749733,22355.103897102992,4000.848751274142,1694.1790752797701,6307.518427268515
Kalibo (KLO)-Manila (MNL),2026-09-01,13472.135066843655,4712.001407167027,22232.268726520284,3992.559163838937,1685.8894878445649,6299.228839833309
Kalibo (KLO)-Manila (MNL),2026-10-01,13353.262321118458,4593.1286614418295,22113.39598079509,3984.536982450029,1677.867306455657,6291.206658444401
Kalibo (KLO)-Manila (MNL),2026-11-01,13230.427150535754,4470.293490859125,21990.56081021238,3976.2473950148237,1669.5777190204517,6282.917071009196
Laoag City (LAO)-Manila (MNL),2025-12-01,11824.833280455316,5404.880844512021,18244.785716398612,5364.07409503035,2384.5176036348566,8343.630586425843
Laoag City (LAO)-Manila (MNL),2026-01-01,11920.2389325846,5500.286496641305,18340.191368527892,5467.148133973158,2487.591642577665,8446.704625368651
Laoag City (LAO)-Manila (MNL),2026-02-01,12015.644584713882,5595.692148770588,18435.597020657176,5570.222172915966,2590.6656815204733,8549.77866431146
Laoag City (LAO)-Manila (MNL),2026-03-01,12101.817431798396,5681.864995855101,18521.769867741692,5663.321304864309,2683.764813468816,8642.877796259803
Laoag City (LAO)-Manila (MNL),2026-04-01,12197.223083927678,5777.270647984384,18617.175519870972,5766.395343807117,2786.8388524116235,8745.95183520261
Laoag City (LAO)-Manila (MNL),2026-05-01,12289.551134375371,5869.598698432077,18709.503570318666,5866.144413751771,2886.587922356278,8845.700905147263
Laoag City (LAO)-Manila (MNL),2026-06-01,12384.956786504656,5965.004350561361,18804.90922244795,5969.218452694578,2989.6619612990853,8948.774944090072
Laoag City (LAO)-Manila (MNL),2026-07-01,12477.284836952349,6057.332401009055,18897.237272895643,6068.967522639232,3089.4110312437388,9048.524014034725
Laoag City (LAO)-Manila (MNL),2026-08-01,12572.690489081633,6152.738053138339,18992.642925024928,6172.041561582039,3192.485070186546,9151.598052977533
Laoag City (LAO)-Manila (MNL),2026-09-01,12668.096141210915,6248.143705267621,19088.048577154208,6275.115600524848,3295.5591091293545,9254.67209192034
Laoag City (LAO)-Manila (MNL),2026-10-01,12760.424191658609,6340.471755715314,19180.3766276019,6374.864670469501,3395.308179074008,9354.421161864993
Laoag City (LAO)-Manila (MNL),2026-11-01,12855.829843787891,6435.877407844597,19275.782279731186,6477.938709412309,3498.3822180168163,9457.495200807803
Legazpi (DRP)-Cebu (CEB),2025-12-01,2742.462664868001,813.5265366450324,4671.39879309097,518.1725313076546,0.0,1435.879537572846
Legazpi (DRP)-Cebu (CEB),2026-01-01,2838.3814711951563,909.4453429721877,4767.317599418125,545.6930895706403,0.0,1463.4000958358315
Legazpi (DRP)-Cebu (CEB),2026-02-01,2934.300277522312,1005.3641492993436,4863.2364057452805,573.2136478336258,0.0,1490.920654098817
Legazpi (DRP)-Cebu (CEB),2026-03-01,3020.9366187210335,1092.000490498065,4949.872746944002,598.0709262647096,0.0,1515.777932529901
Legazpi (DRP)-Cebu (CEB),2026-04-01,3116.8554250481893,1187.9192968252207,5045.791553271158,625.5914845276952,0.0,1543.2984907928867
Legazpi (DRP)-Cebu (CEB),2026-05-01,3209.680076332534,1280.7439481095655,5138.616204555503,652.2242828467135,0.0,1569.9312891119048
Legazpi (DRP)-Cebu (CEB),2026-06-01,3305.59888265969,1376.6627544367213,5234.535010882659,679.7448411096992,0.0,1597.4518473748906
Legazpi (DRP)-Cebu (CEB),2026-07-01,3398.423533944034,1469.4874057210652,5327.359662167002,706.3776394287174,0.0,1624.084645693909
Legazpi (DRP)-Cebu (CEB),2026-08-01,3494.34234027119,1565.4062120482215,5423.278468494159,733.8981976917031,0.0,1651.6052039568945
Legazpi (DRP)-Cebu (CEB),2026-09-01,3590.261146598346,1661.3250183753773,5519.197274821315,761.4187559546889,0.0,1679.1257622198802
Legazpi (DRP)-Cebu (CEB),2026-10-01,3683.0857978826903,1754.1496696597217,5612.021926105659,788.0515542737071,0.0,1705.7585605388986
Legazpi (DRP)-Cebu (CEB),2026-11-01,3779.0046042098465,1850.068475986878,5707.940732432815,815.5721125366929,0.0,1733.2791188018841
Legazpi (DRP)-Iloilo (ILO),2025-12-01,1366.4367257410568,626.8107000871377,2106.0627513949757,1366.4367257410568,626.8107000871377,2106.0627513949757
Legazpi (DRP)-Iloilo (ILO),2026-01-01,1293.9774785729192,554.351452919,2033.6035042268381,1293.9774785729192,554.351452919,2033.6035042268381
Legazpi (DRP)-Iloilo (ILO),2026-02-01,1221.5182314047815,481.89220575086244,1961.1442570587005,1221.5182314047815,481.89220575086244,1961.1442570587005
Legazpi (DRP)-Iloilo (ILO),2026-03-01,1156.0711694464637,416.4451437925446,1895.697195100383,1156.0711694464637,416.4451437925446,1895.697195100383
Legazpi (DRP)-Iloilo (ILO),2026-04-01,1083.6119222783261,343.985896624407,1823.2379479322453,1083.6119222783261,343.985896624407,1823.2379479322453
Legazpi (DRP)-Iloilo (ILO),2026-05-01,1013.4900701801284,273.86404452620934,1753.1160958340474,1013.4900701801284,273.86404452620934,1753.1160958340474
Legazpi (DRP)-Iloilo (ILO),2026-06-01,941.0308230119908,201.40479735807173,1680.6568486659098,941.0308230119908,201.40479735807173,1680.6568486659098
Legazpi (DRP)-Iloilo (ILO),2026-07-01,870.9089709137932,131.28294525987405,1610.5349965677124,870.9089709137932,131.28294525987405,1610.5349965677124
Legazpi (DRP)-Iloilo (ILO),2026-08-01,798.4497237456555,58.823698091736446,1538.0757493995748,798.4497237456555,58.823698091736446,1538.0757493995748
Legazpi (DRP)-Iloilo (ILO),2026-09-01,725.9904765775179,0.0,1465.6165022314372,725.9904765775179,0.0,1465.6165022314372
Legazpi (DRP)-Iloilo (ILO),2026-10-01,655.86862447932,0.0,1395.4946501332392,655.86862447932,0.0,1395.4946501332392
Legazpi (DRP)-Iloilo (ILO),2026-11-01,583.4093773111824,0.0,1323.0354029651016,583.4093773111824,0.0,1323.0354029651016
Legazpi (DRP)-Manila (MNL),2025-12-01,30453.834374026053,14781.304358467325,46126.36438958478,18738.34515131841,9134.865708069528,28341.824594567297
Legazpi (DRP)-Manila (MNL),2026-01-01,30845.117617488235,15172.587601929506,46517.64763304696,19062.35968794915,9458.880244700265,28665.83913119803
Legazpi (DRP)-Manila (MNL),2026-02-01,31236.40086095042,15563.870845391692,46908.93087650915,19386.374224579886,9782.894781331002,28989.85366782877
Legazpi (DRP)-Manila (MNL),2026-03-01,31589.81798407755,15917.28796851882,47262.34799963627,19679.032515730225,10075.553072481342,29282.511958979107
Legazpi (DRP)-Manila (MNL),2026-04-01,31981.101227539737,16308.571211981009,47653.63124309847,20003.047052360966,10399.567609112082,29606.526495609847
Legazpi (DRP)-Manila (MNL),2026-05-01,32359.762430890234,16687.232415331506,48032.29244644896,20316.609507164903,10713.13006391602,29920.08895041379
Legazpi (DRP)-Manila (MNL),2026-06-01,32751.04567435242,17078.51565879369,48423.575689911144,20640.62404379564,11037.144600546757,30244.103487044522
Legazpi (DRP)-Manila (MNL),2026-07-01,33129.70687770292,17457.17686214419,48802.23689326165,20954.186498599578,11350.707055350695,30557.665941848463
Legazpi (DRP)-Manila (MNL),2026-08-01,33520.9901211651,17848.460105606373,49193.52013672383,21278.201035230315,11674.721591981432,30881.680478479197
Legazpi (DRP)-Manila (MNL),2026-09-01,33912.27336462728,18239.743349068554,49584.803380186015,21602.215571861056,11998.736128612172,31205.695015109937
Legazpi (DRP)-Manila (MNL),2026-10-01,34290.93456797778,18618.404552419055,49963.46458353651,21915.778026664993,12312.29858341611,31519.25746991388
Legazpi (DRP)-Manila (MNL),2026-11-01,34682.21781143997,19009.687795881244,50354.747826998704,22239.79256329573,12636.313120046847,31843.272006544612
Manila (MNL)-Bacolod City (BCD),2025-12-01,60148.303163272554,32149.114647231938,88147.49167931317,26285.22492463628,14166.986654811886,38403.46319446067
Manila (MNL)-Bacolod City (BCD),2026-01-01,60250.33803217346,32251.149516132842,88249.52654821408,26311.144785684082,14192.906515859688,38429.38305550848
Manila (MNL)-Bacolod City (BCD),2026-02-01,60352.37290107436,32353.184385033746,88351.56141711498,26337.064646731884,14218.82637690749,38455.30291655628
Manila (MNL)-Bacolod City (BCD),2026-03-01,60444.53342782357,32445.34491178295,88443.72194386419,26360.476134129898,14242.237864305504,38478.71440395429
Manila (MNL)-Bacolod City (BCD),2026-04-01,60546.56829672448,32547.379780683863,88545.75681276509,26386.395995177696,14268.157725353301,38504.63426500209
Manila (MNL)-Bacolod City (BCD),2026-05-01,60645.311718241486,32646.12320220087,88644.50023428211,26411.47973167557,14293.241461851174,38529.71800149996
Manila (MNL)-Bacolod City (BCD),2026-06-01,60747.34658714239,32748.158071101774,88746.535103183,26437.39959272337,14319.161322898975,38555.63786254777
Manila (MNL)-Bacolod City (BCD),2026-07-01,60846.0900086594,32846.90149261878,88845.27852470001,26462.48332922124,14344.245059396844,38580.72159904563
Manila (MNL)-Bacolod City (BCD),2026-08-01,60948.1248775603,32948.936361519685,88947.31339360093,26488.40319026904,14370.164920444646,38606.64146009344
Manila (MNL)-Bacolod City (BCD),2026-09-01,61050.159746461206,33050.97123042059,89049.34826250182,26514.323051316842,14396.084781492447,38632.561321141235
Manila (MNL)-Bacolod City (BCD),2026-10-01,61148.90316797821,33149.7146519376,89148.09168401883,26539.40678781471,14421.168517990316,38657.64505763911
Manila (MNL)-Bacolod City (BCD),2026-11-01,61250.938036879124,33251.74952083851,89250.12655291974,26565.326648862512,14447.088379038118,38683.564918686905
Manila (MNL)-Busuanga (USU),2025-12-01,3216.1321788441,1584.4542637910874,4847.810093897113,12.271424165506083,0.0,49.067459938379976
Manila (MNL)-Busuanga (USU),2026-01-01,3209.4845945103834,1577.8066794573708,4841.162509563396,12.745125431603949,0.0,49.541161204477845
Manila (MNL)-Busuanga (USU),2026-02-01,3202.8370101766664,1571.1590951236537,4834.514925229679,13.218826697701815,0.0,50.01486247057571
Manila (MNL)-Busuanga (USU),2026-03-01,3196.83274045589,1565.1548254028773,4828.510655508902,13.64668590579021,0.0,50.4427216786641
Manila (MNL)-Busuanga (USU),2026-04-01,3190.1851561221733,1558.5072410691607,4821.863071175186,14.120387171888076,0.0,50.91642294476197
Manila (MNL)-Busuanga (USU),2026-05-01,3183.75200999277,1552.0740949397575,4815.4299250457825,14.578807751982787,0.0,51.37484352485668
Manila (MNL)-Busuanga (USU),2026-06-01,3177.1044256590535,1545.426510606041,4808.782340712066,15.052509018080652,0.0,51.84854479095455
Manila (MNL)-Busuanga (USU),2026-07-01,3170.6712795296503,1538.9933644766377,4802.349194582663,15.510929598175363,0.0,52.30696537104926
Manila (MNL)-Busuanga (USU),2026-08-01,3164.023695195933,1532.3457801429206,4795.701610248946,15.984630864273232,0.0,52.78066663714712
Manila (MNL)-Busuanga (USU),2026-09-01,3157.3761108622166,1525.698195809204,4789.054025915229,16.458332130371097,0.0,53.25436790324499
Manila (MNL)-Busuanga (USU),2026-10-01,3150.9429647328134,1519.2650496798008,4782.620879785826,16.916752710465808,0.0,53.7127884833397
Manila (MNL)-Busuanga (USU),2026-11-01,3144.2953803990968,1512.6174653460841,4775.97329545211,17.39045397656367,0.0,54.18648974943756
Manila (MNL)-Butuan (BXU),2025-12-01,26614.981673409668,12179.412226117944,41050.55112070139,18887.012191456142,8711.822052489468,29062.202330422817
Manila (MNL)-Butuan (BXU),2026-01-01,26699.017628910817,12263.448181619093,41134.587076202544,18965.088373075952,8789.898234109278,29140.278512042627
Manila (MNL)-Butuan (BXU),2026-02-01,26783.053584411966,12347.484137120242,41218.62303170369,19043.164554695762,8867.974415729088,29218.354693662437
Manila (MNL)-Butuan (BXU),2026-03-01,26858.957028090423,12423.387580798699,41294.52647538215,19113.684976803976,8938.494837837301,29288.87511577065
Manila (MNL)-Butuan (BXU),2026-04-01,26942.992983591572,12507.423536299848,41378.56243088329,19191.761158423786,9016.571019457111,29366.95129739046
Manila (MNL)-Butuan (BXU),2026-05-01,27024.31810181849,12588.748654526767,41459.887549110215,19267.31875353973,9092.128614573056,29442.508892506405
Manila (MNL)-Butuan (BXU),2026-06-01,27108.354057319637,12672.784610027913,41543.92350461136,19345.39493515954,9170.204796192866,29520.585074126215
Manila (MNL)-Butuan (BXU),2026-07-01,27189.679175546557,12754.109728254833,41625.24862283828,19420.952530275485,9245.76239130881,29596.14266924216
Manila (MNL)-Butuan (BXU),2026-08-01,27273.715131047706,12838.145683755982,41709.28457833943,19499.02871189529,9323.838572928616,29674.218850861966
Manila (MNL)-Butuan (BXU),2026-09-01,27357.751086548855,12922.18163925713,41793.32053384058,19577.1048935151,9401.914754548427,29752.295032481776
Manila (MNL)-Butuan (BXU),2026-10-01,27439.076204775774,13003.50675748405,41874.6456520675,19652.662488631046,9477.472349664371,29827.85262759772
Manila (MNL)-Butuan (BXU),2026-11-01,27523.11216027692,13087.542712985196,41958.681607568644,19730.738670250856,9555.548531284181,29905.92880921753
Manila (MNL)-Cagayan de Oro (CGY),2025-12-01,54714.476146802044,26807.607080430786,82621.3452131733,27246.970591101024,12056.235583330954,42437.70559887109
Manila (MNL)-Cagayan de Oro (CGY),2026-01-01,54903.97006181188,26997.10099544062,82810.83912818314,27354.496837443807,12163.761829673736,42545.23184521388
Manila (MNL)-Cagayan de Oro (CGY),2026-02-01,55093.463976821724,27186.594910450465,83000.33304319298,27462.023083786593,12271.288076016523,42652.758091556665
Manila (MNL)-Cagayan de Oro (CGY),2026-03-01,55264.619771024154,27357.750704652895,83171.48883739542,27559.143564354268,12368.408556584198,42749.87857212434
Manila (MNL)-Cagayan de Oro (CGY),2026-04-01,55454.113686034,27547.24461966274,83360.98275240525,27666.669810697054,12475.934802926984,42857.40481846713
Manila (MNL)-Cagayan de Oro (CGY),2026-05-01,55637.49489410804,27730.625827736778,83544.3639604793,27770.727468448138,12579.992460678068,42961.46247621821
Manila (MNL)-Cagayan de Oro (CGY),2026-06-01,55826.98880911787,27920.119742746614,83733.85787548914,27878.25371479092,12687.51870702085,43068.98872256099
Manila (MNL)-Cagayan de Oro (CGY),2026-07-01,56010.37001719191,28103.500950820653,83917.23908356317,27982.311372542004,12791.576364771934,43173.04638031207
Manila (MNL)-Cagayan de Oro (CGY),2026-08-01,56199.86393220175,28292.99486583049,84106.732998573,28089.837618884787,12899.102611114717,43280.57262665486
Manila (MNL)-Cagayan de Oro (CGY),2026-09-01,56389.35784721159,28482.488780840333,84296.22691358285,28197.363865227573,13006.628857457503,43388.098872997645
Manila (MNL)-Cagayan de Oro (CGY),2026-10-01,56572.73905528562,28665.869988914365,84479.60812165689,28301.421522978653,13110.686515208583,43492.156530748725
Manila (MNL)-Cagayan de Oro (CGY),2026-11-01,56762.23297029546,28855.3639039242,84669.10203666672,28408.94776932144,13218.21276155137,43599.68277709151
Manila (MNL)-Caticlan (MPH),2025-12-01,65084.57904273816,31961.00460320594,98208.15348227037,30963.03055127358,12905.13546743101,49020.925635116146
Manila (MNL)-Caticlan (MPH),2026-01-01,64967.14601573481,31843.571576202594,98090.72045526703,30849.319773020517,12791.424689177948,48907.21485686309
Manila (MNL)-Caticlan (MPH),2026-02-01,64849.71298873146,31726.13854919924,97973.28742826368,30735.608994767455,12677.713910924886,48793.50407861003
Manila (MNL)-Caticlan (MPH),2026-03-01,64743.644448212304,31620.070008680086,97867.21888774453,30632.90248537759,12575.007401535022,48690.79756922016
Manila (MNL)-Caticlan (MPH),2026-04-01,64626.21142120895,31502.636981676733,97749.78586074116,30519.19170712453,12461.29662328196,48577.0867909671
Manila (MNL)-Caticlan (MPH),2026-05-01,64512.566556367005,31388.992116834786,97636.14099589922,30409.149018492535,12351.253934649965,48467.0441023351
Manila (MNL)-Caticlan (MPH),2026-06-01,64395.13352936365,31271.559089831433,97518.70796889588,30295.43824023947,12237.5431563969,48353.333324082036
Manila (MNL)-Caticlan (MPH),2026-07-01,64281.4886645217,31157.91422498948,97405.06310405392,30185.395551607475,12127.500467764905,48243.290635450045
Manila (MNL)-Caticlan (MPH),2026-08-01,64164.05563751835,31040.481197986133,97287.63007705056,30071.684773354413,12013.789689511843,48129.57985719698
Manila (MNL)-Caticlan (MPH),2026-09-01,64046.622610515,30923.04817098278,97170.19705004722,29957.97399510135,11900.07891125878,48015.86907894392
Manila (MNL)-Caticlan (MPH),2026-10-01,63932.97774567305,30809.403306140834,97056.55218520528,29847.931306469356,11790.036222626786,47905.82639031192
Manila (MNL)-Caticlan (MPH),2026-11-01,63815.5447186697,30691.97027913748,96939.11915820191,29734.22052821629,11676.32544437372,47792.11561205886
Manila (MNL)-Cauayan (CYZ),2025-12-01,8360.399711038557,3367.75487686262,13353.044545214494,5860.17487179874,1940.3186179383479,9780.031125659132
Manila (MNL)-Cauayan (CYZ),2026-01-01,8482.42276041311,3489.7779262371732,13475.067594589047,5894.159152388411,1974.3028985280184,9814.015406248804
Manila (MNL)-Cauayan (CYZ),2026-02-01,8604.445809787661,3611.8009756117244,13597.090643963598,5928.143432978081,2008.287179117689,9847.999686838473
Manila (MNL)-Cauayan (CYZ),2026-03-01,8714.660176964677,3722.01534278874,13707.305011140614,5958.838912220364,2038.982658359972,9878.695166080757
Manila (MNL)-Cauayan (CYZ),2026-04-01,8836.683226339228,3844.038392163291,13829.328060515165,5992.823192810035,2072.9669389496426,9912.679446670427
Manila (MNL)-Cauayan (CYZ),2026-05-01,8954.770048314602,3962.125214138665,13947.414882490539,6025.71120628391,2105.8549524235173,9945.567460144302
Manila (MNL)-Cauayan (CYZ),2026-06-01,9076.793097689153,4084.148263513216,14069.43793186509,6059.69548687358,2139.839233013188,9979.551740733972
Manila (MNL)-Cauayan (CYZ),2026-07-01,9194.879919664527,4202.23508548859,14187.524753840464,6092.583500347455,2172.7272464870625,10012.439754207848
Manila (MNL)-Cauayan (CYZ),2026-08-01,9316.90296903908,4324.258134863143,14309.547803215017,6126.5677809371255,2206.711527076733,10046.424034797517
Manila (MNL)-Cauayan (CYZ),2026-09-01,9438.926018413631,4446.281184237694,14431.570852589568,6160.552061526796,2240.6958076664037,10080.408315387189
Manila (MNL)-Cauayan (CYZ),2026-10-01,9557.012840389005,4564.368006213068,14549.657674564942,6193.440075000671,2273.5838211402784,10113.296328861063
Manila (MNL)-Cauayan (CYZ),2026-11-01,9679.035889763558,4686.391055587621,14671.680723939495,6227.424355590341,2307.568101729949,10147.280609450734
Manila (MNL)-Cebu (CEB),2025-12-01,128499.66259840269,62193.91445989824,194805.41073690716,50833.16494863201,26472.279877880952,75194.05001938307
Manila (MNL)-Cebu (CEB),2026-01-01,129228.97029699085,62923.2221584864,195534.7184354953,51154.74771683816,26793.862646087102,75515.63278758922
Manila (MNL)-Cebu (CEB),2026-02-01,129958.277995579,63652.52985707455,196264.02613408345,51476.33048504431,27115.44541429325,75837.21555579537
Manila (MNL)-Cebu (CEB),2026-03-01,130617.00752978768,64311.25939128322,196922.7556682921,51766.792340198255,27405.907269447198,76127.67741094931
Manila (MNL)-Cebu (CEB),2026-04-01,131346.31522837584,65040.56708987139,197652.0633668803,52088.375108404405,27727.490037653348,76449.26017915546
Manila (MNL)-Cebu (CEB),2026-05-01,132052.09687217083,65746.34873366638,198357.8450106753,52399.58423892649,28038.69916817543,76760.46930967754
Manila (MNL)-Cebu (CEB),2026-06-01,132781.40457075898,66475.65643225453,199087.15270926344,52721.16700713264,28360.28193638158,77082.0520778837
Manila (MNL)-Cebu (CEB),2026-07-01,133487.18621455398,67181.43807604953,199792.93435305843,53032.37613765472,28671.49106690366,77393.26120840578
Manila (MNL)-Cebu (CEB),2026-08-01,134216.49391314213,67910.74577463767,200522.24205164658,53353.95890586087,28993.07383510981,77714.84397661193
Manila (MNL)-Cebu (CEB),2026-09-01,134945.8016117303,68640.05347322585,201251.54975023476,53675.541674067026,29314.65660331597,78036.42674481808
Manila (MNL)-Cebu (CEB),2026-10-01,135651.5832555253,69345.83511702085,201957.33139402975,53986.75080458911,29625.86573383805,78347.63587534017
Manila (MNL)-Cebu (CEB),2026-11-01,136380.89095411345,70075.142815609,202686.6390926179,54308.33357279526,29947.4485020442,78669.21864354631
Manila (MNL)-Davao City (DVO),2025-12-01,99343.51998871936,47323.88165611588,151363.15832132284,50189.35164054722,22431.91272776571,77946.79055332873
Manila (MNL)-Davao City (DVO),2026-01-01,99942.41930494513,47922.78097234165,151962.0576375486,50328.884295596545,22571.445382815036,78086.32320837805
Manila (MNL)-Davao City (DVO),2026-02-01,100541.31862117088,48521.680288567404,152560.95695377435,50468.41695064587,22710.978037864363,78225.85586342738
Manila (MNL)-Davao City (DVO),2026-03-01,101082.25993905221,49062.62160644873,153101.8982716557,50594.44644552914,22837.00753274763,78351.88535831065
Manila (MNL)-Davao City (DVO),2026-04-01,101681.15925527796,49661.520922674485,153700.79758788145,50733.97910057847,22976.540187796963,78491.41801335997
Manila (MNL)-Davao City (DVO),2026-05-01,102260.73923872225,50241.10090611877,154280.37757132572,50869.01070223911,23111.5717894576,78626.44961502063
Manila (MNL)-Davao City (DVO),2026-06-01,102859.638554948,50840.000222344526,154879.27688755147,51008.54335728844,23251.104444506935,78765.98227006994
Manila (MNL)-Davao City (DVO),2026-07-01,103439.21853839228,51419.5802057888,155458.85687099575,51143.57495894908,23386.136046167572,78901.0138717306
Manila (MNL)-Davao City (DVO),2026-08-01,104038.11785461803,52018.47952201455,156057.7561872215,51283.107613998414,23525.668701216906,79040.54652677992
Manila (MNL)-Davao City (DVO),2026-09-01,104637.0171708438,52617.37883824032,156656.65550344728,51422.64026904774,23665.201356266232,79180.07918182925
Manila (MNL)-Davao City (DVO),2026-10-01,105216.59715428807,53196.958821684595,157236.23548689156,51557.671870708386,23800.232957926877,79315.11078348989
Manila (MNL)-Davao City (DVO),2026-11-01,105815.49647051384,53795.85813791036,157835.1348031173,51697.20452575771,23939.765612976204,79454.64343853922
Manila (MNL)-Dipolog (DPL),2025-12-01,9201.323121777954,3345.006386262173,15057.639857293736,5703.274672042577,2151.8727009039185,9254.676643181236
Manila (MNL)-Dipolog (DPL),2026-01-01,9187.337299808672,3331.0205642928913,15043.654035324453,5697.756285958344,2146.354314819686,9249.158257097002
Manila (MNL)-Dipolog (DPL),2026-02-01,9173.35147783939,3317.034742323608,15029.66821335517,5692.2378998741115,2140.8359287354533,9243.639871012769
Manila (MNL)-Dipolog (DPL),2026-03-01,9160.719122512295,3304.402386996514,15017.035858028077,5687.253551152869,2135.8515800142104,9238.655522291527
Manila (MNL)-Dipolog (DPL),2026-04-01,9146.733300543014,3290.4165650272325,15003.050036058794,5681.735165068636,2130.333193929978,9233.137136207293
Manila (MNL)-Dipolog (DPL),2026-05-01,9133.198634121127,3276.8818986053457,14989.515369636909,5676.394791438734,2124.9928203000754,9227.796762577393
Manila (MNL)-Dipolog (DPL),2026-06-01,9119.212812151845,3262.896076636064,14975.529547667626,5670.876405354501,2119.474434215843,9222.27837649316
Manila (MNL)-Dipolog (DPL),2026-07-01,9105.678145729958,3249.3614102141773,14961.99488124574,5665.536031724599,2114.1340605859405,9216.938002863257
Manila (MNL)-Dipolog (DPL),2026-08-01,9091.692323760677,3235.375588244896,14948.009059276457,5660.017645640366,2108.615674501708,9211.419616779025
Manila (MNL)-Dipolog (DPL),2026-09-01,9077.706501791396,3221.3897662756144,14934.023237307178,5654.4992595561325,2103.0972884174744,9205.901230694792
Manila (MNL)-Dipolog (DPL),2026-10-01,9064.171835369509,3207.8550998537276,14920.488570885289,5649.15888592623,2097.756914787572,9200.560857064887
Manila (MNL)-Dipolog (DPL),2026-11-01,9050.186013400227,3193.869277884446,14906.50274891601,5643.640499841998,2092.2385287033394,9195.042470980656
Manila (MNL)-Dumaguete City (DGT),2025-12-01,24102.101415701633,11589.326150931014,36614.876680472255,16944.22488547527,8383.89522187603,25504.554549074506
Manila (MNL)-Dumaguete City (DGT),2026-01-01,24115.60373290514,11602.828468134521,36628.378997675754,16986.99825021378,8426.66858661454,25547.327913813016
Manila (MNL)-Dumaguete City (DGT),2026-02-01,24129.106050108647,11616.330785338028,36641.88131487927,17029.77161495229,8469.44195135305,25590.101278551527
Manila (MNL)-Dumaguete City (DGT),2026-03-01,24141.301691453747,11628.52642668313,36654.076956224366,17068.405621812875,8508.075958213636,25628.735285412113
Manila (MNL)-Dumaguete City (DGT),2026-04-01,24154.804008657255,11642.028743886636,36667.57927342787,17111.178986551386,8550.849322952146,25671.508650150623
Manila (MNL)-Dumaguete City (DGT),2026-05-01,24167.870767241293,11655.095502470675,36680.64603201191,17152.57256533059,8592.24290173135,25712.90222892983
Manila (MNL)-Dumaguete City (DGT),2026-06-01,24181.3730844448,11668.597819674182,36694.14834921542,17195.3459300691,8635.01626646986,25755.67559366834
Manila (MNL)-Dumaguete City (DGT),2026-07-01,24194.43984302884,11681.66457825822,36707.21510779946,17236.739508848303,8676.409845249063,25797.06917244754
Manila (MNL)-Dumaguete City (DGT),2026-08-01,24207.942160232345,11695.166895461727,36720.717425002964,17279.51287358681,8719.18320998757,25839.84253718605
Manila (MNL)-Dumaguete City (DGT),2026-09-01,24221.44447743585,11708.66921266523,36734.219742206464,17322.28623832532,8761.95657472608,25882.61590192456
Manila (MNL)-Dumaguete City (DGT),2026-10-01,24234.51123601989,11721.735971249273,36747.286500790506,17363.679817104523,8803.350153505284,25924.00948070376
Manila (MNL)-Dumaguete City (DGT),2026-11-01,24248.013553223394,11735.238288452776,36760.78881799401,17406.453181843033,8846.123518243794,25966.78284544227
Manila (MNL)-General Santos (GES),2025-12-01,35596.17367251551,17416.477345239295,53775.86999979173,21860.821578432224,10405.316434131677,33316.326722732774
Manila (MNL)-General Santos (GES),2026-01-01,35763.117551213254,17583.421223937035,53942.81387848947,21956.226260256415,10500.721115955868,33411.731404556966
Manila (MNL)-General Santos (GES),2026-02-01,35930.06142991099,17750.36510263477,54109.75775718721,22051.630942080606,10596.12579778006,33507.13608638116
Manila (MNL)-General Santos (GES),2026-03-01,36080.849449379915,17901.153122103697,54260.54577665613,22137.802912760522,10682.297768459975,33593.30805706107
Manila (MNL)-General Santos (GES),2026-04-01,36247.79332807765,18068.09700080143,54427.48965535387,22233.207594584714,10777.702450284167,33688.71273888526
Manila (MNL)-General Santos (GES),2026-05-01,36409.351920365785,18229.655593089567,54589.048247642,22325.53470602748,10870.029561726933,33781.03985032803
Manila (MNL)-General Santos (GES),2026-06-01,36576.29579906352,18396.5994717873,54755.99212633974,22420.93938785167,10965.434243551124,33876.44453215222
Manila (MNL)-General Santos (GES),2026-07-01,36737.854391351655,18558.158064075436,54917.55071862787,22513.266499294437,11057.76135499389,33968.771643594984
Manila (MNL)-General Santos (GES),2026-08-01,36904.79827004939,18725.10194277317,55084.49459732561,22608.67118111863,11153.166036818082,34064.176325419176
Manila (MNL)-General Santos (GES),2026-09-01,37071.74214874713,18892.04582147091,55251.43847602335,22704.07586294282,11248.570718642273,34159.58100724337
Manila (MNL)-General Santos (GES),2026-10-01,37233.30074103526,19053.60441375904,55412.99706831148,22796.402974385586,11340.89783008504,34251.90811868613
Manila (MNL)-General Santos (GES),2026-11-01,37400.244619733,19220.54829245678,55579.94094700922,22891.807656209778,11436.30251190923,34347.31280051032
Manila (MNL)-Iloilo (ILO),2025-12-01,72963.1338329749,36339.192826684644,109587.07483926514,37260.236822654704,18885.47272346001,55635.000921849394
Manila (MNL)-Iloilo (ILO),2026-01-01,73079.65404788297,36455.71304159272,109703.59505417323,37438.29480289006,19063.530703695364,55813.058902084755
Manila (MNL)-Iloilo (ILO),2026-02-01,73196.17426279104,36572.23325650079,109820.11526908129,37616.3527831254,19241.58868393071,55991.1168823201
Manila (MNL)-Iloilo (ILO),2026-03-01,73301.4183278693,36677.47732157904,109925.35933415956,37777.17934591862,19402.41524672393,56151.94344511331
Manila (MNL)-Iloilo (ILO),2026-04-01,73417.93854277737,36793.99753648711,110041.87954906761,37955.23732615397,19580.473226959275,56330.00142534866
Manila (MNL)-Iloilo (ILO),2026-05-01,73530.7000410755,36906.759034785246,110154.64104736576,38127.551500575275,19752.78740138058,56502.315599769965
Manila (MNL)-Iloilo (ILO),2026-06-01,73647.22025598357,37023.27924969332,110271.16126227382,38305.60948081063,19930.845381615934,56680.373580005325
Manila (MNL)-Iloilo (ILO),2026-07-01,73759.9817542817,37136.04074799145,110383.92276057196,38477.923655231934,20103.15955603724,56852.68775442663
Manila (MNL)-Iloilo (ILO),2026-08-01,73876.50196918978,37252.56096289952,110500.44297548002,38655.98163546728,20281.217536272587,57030.74573466198
Manila (MNL)-Iloilo (ILO),2026-09-01,73993.02218409783,37369.08117780758,110616.96319038808,38834.039615702626,20459.275516507932,57208.80371489732
Manila (MNL)-Iloilo (ILO),2026-10-01,74105.78368239597,37481.84267610571,110729.72468868623,39006.35379012393,20631.58969092924,57381.11788931863
Manila (MNL)-Iloilo (ILO),2026-11-01,74222.30389730404,37598.362891013785,110846.24490359428,39184.41177035928,20809.647671164585,57559.175869553976
Manila (MNL)-Kalibo (KLO),2025-10-01,18708.861278005792,12500.840837093125,24916.88171891846,5171.3185487123965,1754.4007965562619,8588.236300868532
Manila (MNL)-Kalibo (KLO),2025-11-01,18815.557387522316,12607.536946609649,25023.577828434984,5280.255631479106,1863.3378793229717,8697.173383635241
Manila (MNL)-Kalibo (KLO),2025-12-01,18918.811687054436,12710.791246141769,25126.832127967104,5385.678614801729,1968.7608626455944,8802.596366957863
Manila (MNL)-Kalibo (KLO),2026-01-01,19025.50779657096,12817.487355658293,25233.528237483628,5494.615697568439,2077.6979454123043,8911.533449724573
Manila (MNL)-Kalibo (KLO),2026-02-01,19132.20390608748,12924.183465174814,25340.22434700015,5603.552780335147,2186.6350281790124,9020.470532491281
Manila (MNL)-Kalibo (KLO),2026-03-01,19228.574585650797,13020.55414473813,25436.595026563464,5701.9475647695945,2285.02981261346,9118.865316925729
Manila (MNL)-Kalibo (KLO),2026-04-01,19335.27069516732,13127.250254254654,25543.291136079988,5810.884647536304,2393.9668953801697,9227.802399692438
Manila (MNL)-Kalibo (KLO),2026-05-01,19438.52499469944,13230.504553786774,25646.545435612108,5916.307630858926,2499.3898787027915,9333.22538301506
Manila (MNL)-Kalibo (KLO),2026-06-01,19545.221104215965,13337.200663303298,25753.241545128632,6025.244713625636,2608.3269614695014,9442.16246578177
Manila (MNL)-Kalibo (KLO),2026-07-01,19648.475403748085,13440.454962835418,25856.495844660752,6130.66769694826,2713.749944792125,9547.585449104394
Manila (MNL)-Kalibo (KLO),2026-08-01,19755.17151326461,13547.151072351942,25963.191954177277,6239.604779714968,2822.687027558833,9656.522531871102
Manila (MNL)-Kalibo (KLO),2026-09-01,19861.867622781134,13653.847181868467,26069.8880636938,6348.5418624816775,2931.624110325543,9765.459614637812
Manila (MNL)-Laoag City (LAO),2025-12-01,12953.49838687007,6947.128788783952,18959.86798495619,5359.213249704413,2385.7282056954173,8332.698293713409
Manila (MNL)-Laoag City (LAO),2026-01-01,13087.64398214274,7081.274384056622,19094.013580228857,5462.239895889366,2488.7548518803706,8435.724939898362
Manila (MNL)-Laoag City (LAO),2026-02-01,13221.78957741541,7215.419979329292,19228.159175501525,5565.26654207432,2591.781498065324,8538.751586083315
Manila (MNL)-Laoag City (LAO),2026-03-01,13342.9533408875,7336.583742801382,19349.322938973615,5658.322867660729,2684.837823651733,8631.807911669724
Manila (MNL)-Laoag City (LAO),2026-04-01,13477.098936160168,7470.72933807405,19483.468534246284,5761.349513845682,2787.864469836686,8734.834557854678
Manila (MNL)-Laoag City (LAO),2026-05-01,13606.91725416598,7600.547656079862,19613.286852252095,5861.05271983112,2887.5676758221243,8834.537763840115
Manila (MNL)-Laoag City (LAO),2026-06-01,13741.062849438647,7734.69325135253,19747.432447524763,5964.079366016073,2990.5943220070776,8937.564410025068
Manila (MNL)-Laoag City (LAO),2026-07-01,13870.881167444459,7864.511569358341,19877.250765530574,6063.782572001513,3090.2975279925167,9037.267616010507
Manila (MNL)-Laoag City (LAO),2026-08-01,14005.026762717127,7998.657164631009,20011.396360803243,6166.809218186465,3193.324174177469,9140.29426219546
Manila (MNL)-Laoag City (LAO),2026-09-01,14139.172357989799,8132.802759903681,20145.54195607592,6269.835864371418,3296.3508203624224,9243.320908380414
Manila (MNL)-Laoag City (LAO),2026-10-01,14268.990675995607,8262.621077909489,20275.360274081722,6369.539070356856,3396.0540263478606,9343.024114365853
Manila (MNL)-Laoag City (LAO),2026-11-01,14403.136271268279,8396.766673182161,20409.505869354398,6472.56571654181,3499.080672532814,9446.050760550806
Manila (MNL)-Legazpi (DRP),2025-12-01,31301.312961144336,15265.863176101508,47336.76274618717,19320.71254745894,9454.891205802514,29186.533889115366
Manila (MNL)-Legazpi (DRP),2026-01-01,31740.45619224084,15705.00640719801,47775.90597728367,19688.16932581023,9822.347984153805,29553.990667466656
Manila (MNL)-Legazpi (DRP),2026-02-01,32179.599423337342,16144.149638294513,48215.04920838017,20055.62610416152,10189.804762505095,29921.447445817947
Manila (MNL)-Legazpi (DRP),2026-03-01,32576.244922392245,16540.795137349414,48611.694707435076,20387.522549123976,10521.70120746755,30253.3438907804
Manila (MNL)-Legazpi (DRP),2026-04-01,33015.38815348875,16979.938368445917,49050.83793853158,20754.979327475266,10889.15798581884,30620.80066913169
Manila (MNL)-Legazpi (DRP),2026-05-01,33440.36547390472,17404.91568886189,49475.81525894755,21110.582661363616,11244.76131970719,30976.40400302004
Manila (MNL)-Legazpi (DRP),2026-06-01,33879.50870500122,17844.058919958392,49914.95849004405,21478.039439714907,11612.21809805848,31343.86078137133
Manila (MNL)-Legazpi (DRP),2026-07-01,34304.486025417194,18269.036240374364,50339.935810460025,21833.64277360325,11967.821431946822,31699.464115259674
Manila (MNL)-Legazpi (DRP),2026-08-01,34743.6292565137,18708.179471470867,50779.07904155653,22201.099551954543,12335.278210298116,32066.92089361097
Manila (MNL)-Legazpi (DRP),2026-09-01,35182.7724876102,19147.32270256737,51218.22227265303,22568.556330305833,12702.734988649407,32434.377671962262
Manila (MNL)-Legazpi (DRP),2026-10-01,35607.74980802617,19572.30002298334,51643.199593069,22924.15966419418,13058.338322537753,32789.981005850605
Manila (MNL)-Legazpi (DRP),2026-11-01,36046.893039122675,20011.443254079844,52082.342824165506,23291.61644254547,13425.795100889043,33157.437784201895
Manila (MNL)-Manila (MNL),2025-10-01,1925.9009476502583,0.0,5250.130446544381,1031.7049445797306,0.0,2873.540417064024
Manila (MNL)-Manila (MNL),2025-11-01,1978.9104206239035,0.0,5303.1399195180265,1063.4674664921552,0.0,2905.302938976449
Manila (MNL)-Manila (MNL),2025-12-01,2030.2099105983984,0.0,5354.439409492521,1094.2053909235335,0.0,2936.040863407827
Manila (MNL)-Manila (MNL),2026-01-01,2083.2193835720436,0.0,5407.448882466167,1125.967912835958,0.0,2967.8033853202514
Manila (MNL)-Manila (MNL),2026-02-01,2136.2288565456884,0.0,5460.458355439811,1157.730434748382,0.0,2999.5659072326757
Manila (MNL)-Manila (MNL),2026-03-01,2184.108380521884,0.0,5508.337879416007,1186.4191642176688,0.0,3028.254636701962
Manila (MNL)-Manila (MNL),2026-04-01,2237.117853495529,0.0,5561.347352389652,1218.181686130093,0.0,3060.017158614387
Manila (MNL)-Manila (MNL),2026-05-01,2288.417343470024,0.0,5612.646842364147,1248.9196105614717,0.0,3090.7550830457653
Manila (MNL)-Manila (MNL),2026-06-01,2341.426816443669,0.0,5665.656315337792,1280.682132473896,0.0,3122.5176049581896
Manila (MNL)-Manila (MNL),2026-07-01,2392.7263064181643,0.0,5716.955805312287,1311.4200569052746,0.0,3153.2555293895684
Manila (MNL)-Manila (MNL),2026-08-01,2445.735779391809,0.0,5769.965278285932,1343.1825788176986,0.0,3185.0180513019923
Manila (MNL)-Manila (MNL),2026-09-01,2498.7452523654547,0.0,5822.974751259578,1374.9451007301232,0.0,3216.780573214417
Manila (MNL)-Ozamiz (OZC),2025-12-01,10583.789857934364,5590.456682393535,15577.123033475193,5850.487598877202,2347.207275722579,9353.767922031824
Manila (MNL)-Ozamiz (OZC),2026-01-01,10584.912465776159,5591.57929023533,15578.245641316988,5812.950123552677,2309.669800398054,9316.230446707299
Manila (MNL)-Ozamiz (OZC),2026-02-01,10586.035073617953,5592.7018980771245,15579.368249158782,5775.412648228152,2272.132325073529,9278.692971382774
Manila (MNL)-Ozamiz (OZC),2026-03-01,10587.04904199119,5593.71586645036,15580.382217532018,5741.5078318060005,2238.227508651378,9244.788154960623
Manila (MNL)-Ozamiz (OZC),2026-04-01,10588.171649832984,5594.838474292155,15581.504825373813,5703.970356481475,2200.6900333268527,9207.250679636098
Manila (MNL)-Ozamiz (OZC),2026-05-01,10589.258044518592,5595.924868977763,15582.591220059421,5667.643767457742,2164.363444303119,9170.924090612365
Manila (MNL)-Ozamiz (OZC),2026-06-01,10590.380652360389,5597.04747681956,15583.713827901218,5630.106292133217,2126.825968978594,9133.38661528784
Manila (MNL)-Ozamiz (OZC),2026-07-01,10591.467047045997,5598.133871505168,15584.800222586826,5593.779703109483,2090.4993799548606,9097.060026264106
Manila (MNL)-Ozamiz (OZC),2026-08-01,10592.589654887792,5599.256479346963,15585.92283042862,5556.242227784958,2052.9619046303355,9059.52255093958
Manila (MNL)-Ozamiz (OZC),2026-09-01,10593.712262729587,5600.379087188758,15587.045438270416,5518.704752460433,2015.4244293058105,9021.985075615055
Manila (MNL)-Ozamiz (OZC),2026-10-01,10594.798657415196,5601.4654818743675,15588.131832956025,5482.3781634367,1979.097840282077,8985.658486591323
Manila (MNL)-Ozamiz (OZC),2026-11-01,10595.921265256991,5602.588089716162,15589.25444079782,5444.840688112175,1941.5603649575519,8948.121011266798
Manila (MNL)-Pagadian (PAG),2025-12-01,8380.887003903228,4227.793354337744,12533.980653468712,8380.887003903228,4227.793354337744,12533.980653468712
Manila (MNL)-Pagadian (PAG),2026-01-01,8387.862955638764,4234.76930607328,12540.956605204248,8387.862955638764,4234.76930607328,12540.956605204248
Manila (MNL)-Pagadian (PAG),2026-02-01,8394.838907374302,4241.745257808818,12547.932556939786,8394.838907374302,4241.745257808818,12547.932556939786
Manila (MNL)-Pagadian (PAG),2026-03-01,8401.1397670064,4248.046117440916,12554.233416571884,8401.1397670064,4248.046117440916,12554.233416571884
Manila (MNL)-Pagadian (PAG),2026-04-01,8408.115718741936,4255.022069176452,12561.20936830742,8408.115718741936,4255.022069176452,12561.20936830742
Manila (MNL)-Pagadian (PAG),2026-05-01,8414.866639776326,4261.772990210842,12567.96028934181,8414.866639776326,4261.772990210842,12567.96028934181
Manila (MNL)-Pagadian (PAG),2026-06-01,8421.842591511864,4268.74894194638,12574.936241077348,8421.842591511864,4268.74894194638,12574.936241077348
Manila (MNL)-Pagadian (PAG),2026-07-01,8428.593512546253,4275.499862980769,12581.687162111737,8428.593512546253,4275.499862980769,12581.687162111737
Manila (MNL)-Pagadian (PAG),2026-08-01,8435.56946428179,4282.475814716307,12588.663113847275,8435.56946428179,4282.475814716307,12588.663113847275
Manila (MNL)-Pagadian (PAG),2026-09-01,8442.545416017327,4289.451766451843,12595.63906558281,8442.545416017327,4289.451766451843,12595.63906558281
Manila (MNL)-Pagadian (PAG),2026-10-01,8449.296337051717,4296.202687486233,12602.389986617201,8449.296337051717,4296.202687486233,12602.389986617201
Manila (MNL)-Pagadian (PAG),2026-11-01,8456.272288787255,4303.178639221771,12609.36593835274,8456.272288787255,4303.178639221771,12609.36593835274
Manila (MNL)-Panglao (TAG),2025-12-01,42361.052356138425,21518.563970879786,63203.54074139707,21341.385109473016,10822.183766317912,31860.586452628122
Manila (MNL)-Panglao (TAG),2026-01-01,42426.32257536248,21583.83419010384,63268.81096062112,21376.355387508927,10857.154044353823,31895.55673066403
Manila (MNL)-Panglao (TAG),2026-02-01,42491.59279458654,21649.1044093279,63334.081179845176,21411.32566554484,10892.124322389735,31930.527008699944
Manila (MNL)-Panglao (TAG),2026-03-01,42550.54654098246,21708.058155723822,63393.034926241104,21442.91172312566,10923.710379970556,31962.113066280763
Manila (MNL)-Panglao (TAG),2026-04-01,42615.816760206515,21773.328374947876,63458.30514546516,21477.88200116157,10958.680658006468,31997.083344316678
Manila (MNL)-Panglao (TAG),2026-05-01,42678.981488487865,21836.493103229226,63521.46987374651,21511.724205712453,10992.522862557349,32030.925548867555
Manila (MNL)-Panglao (TAG),2026-06-01,42744.25170771192,21901.76332245328,63586.74009297056,21546.69448374836,11027.493140593257,32065.895826903463
Manila (MNL)-Panglao (TAG),2026-07-01,42807.41643599326,21964.928050734623,63649.9048212519,21580.536688299242,11061.335345144138,32099.738031454348
Manila (MNL)-Panglao (TAG),2026-08-01,42872.68665521732,22030.198269958684,63715.175040475966,21615.506966335153,11096.30562318005,32134.708309490255
Manila (MNL)-Panglao (TAG),2026-09-01,42937.95687444138,22095.46848918274,63780.44525970002,21650.477244371064,11131.27590121596,32169.67858752617
Manila (MNL)-Panglao (TAG),2026-10-01,43001.12160272272,22158.63321746408,63843.609987981356,21684.319448921946,11165.118105766842,32203.520792077048
Manila (MNL)-Panglao (TAG),2026-11-01,43066.39182194678,22223.903436688142,63908.880207205424,21719.289726957857,11200.088383802753,32238.491070112963
Manila (MNL)-Puerto Princesa City (PPS),2025-12-01,61590.20391179607,33646.77951789809,89533.62830569404,29878.696429568008,15901.295277082883,43856.09758205313
Manila (MNL)-Puerto Princesa City (PPS),2026-01-01,62028.17040886392,34084.746014965946,89971.5948027619,30126.431242845807,16149.030090360682,44103.83239533093
Manila (MNL)-Puerto Princesa City (PPS),2026-02-01,62466.136905931766,34522.71251203379,90409.56129982974,30374.166056123606,16396.764903638483,44351.56720860873
Manila (MNL)-Puerto Princesa City (PPS),2026-03-01,62861.71954844467,34918.29515454669,90805.14394234265,30597.926532632584,16620.52538014746,44575.32768511771
Manila (MNL)-Puerto Princesa City (PPS),2026-04-01,63299.68604551251,35356.261651614535,91243.11043941049,30845.661345910383,16868.26019342526,44823.062498395506
Manila (MNL)-Puerto Princesa City (PPS),2026-05-01,63723.52459106205,35780.10019716408,91666.94898496002,31085.404713598575,17108.00356111345,45062.8058660837
Manila (MNL)-Puerto Princesa City (PPS),2026-06-01,64161.4910881299,36218.06669423192,92104.91548202788,31333.139526876374,17355.73837439125,45310.5406793615
Manila (MNL)-Puerto Princesa City (PPS),2026-07-01,64585.32963367943,36641.90523978145,92528.75402757741,31572.88289456457,17595.481742079442,45550.284047049696
Manila (MNL)-Puerto Princesa City (PPS),2026-08-01,65023.29613074729,37079.87173684931,92966.72052464526,31820.617707842364,17843.21655535724,45798.01886032749
Manila (MNL)-Puerto Princesa City (PPS),2026-09-01,65461.26262781514,37517.838233917166,93404.6870217131,32068.352521120163,18090.95136863504,46045.753673605286
Manila (MNL)-Puerto Princesa City (PPS),2026-10-01,65885.10117336467,37941.676779466696,93828.52556726265,32308.095888808355,18330.694736323232,46285.49704129348
Manila (MNL)-Puerto Princesa City (PPS),2026-11-01,66323.06767043252,38379.64327653454,94266.4920643305,32555.830702086158,18578.42954960103,46533.231854571284
Manila (MNL)-Roxas City (RXS),2025-12-01,16125.151972748026,9593.235912942499,22657.068032553554,9242.476501136749,4955.570236086056,13529.382766187442
Manila (MNL)-Roxas City (RXS),2026-01-01,16259.867124623916,9727.95106481839,22791.78318442944,9330.397591068298,5043.491326017605,13617.303856118991
Manila (MNL)-Roxas City (RXS),2026-02-01,16394.582276499805,9862.666216694277,22926.498336305332,9418.31868099985,5131.412415949157,13705.224946050543
Manila (MNL)-Roxas City (RXS),2026-03-01,16516.260478194155,9984.344418388628,23048.176537999683,9497.73127835738,5210.825013306687,13784.637543408073
Manila (MNL)-Roxas City (RXS),2026-04-01,16650.975630070043,10119.059570264515,23182.89168987557,9585.65236828893,5298.746103238236,13872.558633339622
Manila (MNL)-Roxas City (RXS),2026-05-01,16781.34513188542,10249.429072079893,23313.261191690948,9670.737294029139,5383.831028978446,13957.643559079832
Manila (MNL)-Roxas City (RXS),2026-06-01,16916.06028376131,10384.144223955784,23447.97634356684,9758.65838396069,5471.752118909997,14045.564649011383
Manila (MNL)-Roxas City (RXS),2026-07-01,17046.429785576685,10514.513725771158,23578.345845382213,9843.743309700902,5556.837044650209,14130.649574751595
Manila (MNL)-Roxas City (RXS),2026-08-01,17181.144937452576,10649.228877647049,23713.060997258104,9931.664399632451,5644.758134581758,14218.570664683144
Manila (MNL)-Roxas City (RXS),2026-09-01,17315.860089328464,10783.944029522936,23847.77614913399,10019.585489564002,5732.679224513309,14306.491754614695
Manila (MNL)-Roxas City (RXS),2026-10-01,17446.22959114384,10914.313531338314,23978.14565094937,10104.670415304212,5817.764150253519,14391.576680354905
Manila (MNL)-Roxas City (RXS),2026-11-01,17580.94474301973,11049.028683214201,24112.860802825257,10192.591505235763,5905.68524018507,14479.497770286456
Manila (MNL)-Tacloban (TAC),2025-12-01,45861.889110193195,27404.376678606073,64319.40154178032,22595.8495441719,13352.061671561665,31839.637416782134
Manila (MNL)-Tacloban (TAC),2026-01-01,46108.93125537813,27651.418823791006,64566.44368696525,22732.39433542459,13488.606462814356,31976.18220803482
Manila (MNL)-Tacloban (TAC),2026-02-01,46355.97340056306,27898.460968975938,64813.48583215018,22868.939126677284,13625.15125406705,32112.726999287515
Manila (MNL)-Tacloban (TAC),2026-03-01,46579.10824137525,28121.59580978813,65036.620672962374,22992.26990587326,13748.482033263028,32236.057778483497
Manila (MNL)-Tacloban (TAC),2026-04-01,46826.150386560184,28368.637954973063,65283.662818147306,23128.814697125956,13885.026824515722,32372.60256973619
Manila (MNL)-Tacloban (TAC),2026-05-01,47065.22343028754,28607.710998700415,65522.73586187466,23260.954817693077,14017.166945082843,32504.742690303312
Manila (MNL)-Tacloban (TAC),2026-06-01,47312.26557547247,28854.753143885348,65769.77800705959,23397.49960894577,14153.711736335537,32641.287481556006
Manila (MNL)-Tacloban (TAC),2026-07-01,47551.33861919982,29093.8261876127,66008.85105078694,23529.63972951289,14285.851856902658,32773.42760212313
Manila (MNL)-Tacloban (TAC),2026-08-01,47798.380764384754,29340.868332797632,66255.89319597188,23666.184520765586,14422.396648155353,32909.97239337582
Manila (MNL)-Tacloban (TAC),2026-09-01,48045.42290956968,29587.910477982557,66502.9353411568,23802.729312018277,14558.941439408043,33046.51718462851
Manila (MNL)-Tacloban (TAC),2026-10-01,48284.49595329703,29826.98352170991,66742.00838488416,23934.869432585398,14691.081559975164,33178.65730519563
Manila (MNL)-Tacloban (TAC),2026-11-01,48531.538098481964,30074.025666894842,66989.05053006909,24071.414223838092,14827.626351227858,33315.20209644832
Manila (MNL)-Tuguegarao (TUG),2025-12-01,15515.291563126346,9321.280916453652,21709.30220979904,10784.386016440229,5968.570058367378,15600.201974513078
Manila (MNL)-Tuguegarao (TUG),2026-01-01,15713.17190046459,9519.161253791895,21907.182547137283,10860.68352835649,6044.86757028364,15676.49948642934
Manila (MNL)-Tuguegarao (TUG),2026-02-01,15911.052237802836,9717.041591130142,22105.06288447553,10936.98104027275,6121.1650821999,15752.796998345602
Manila (MNL)-Tuguegarao (TUG),2026-03-01,16089.78286507609,9895.772218403396,22283.793511748783,11005.894922003567,6190.078963930716,15821.710880076418
Manila (MNL)-Tuguegarao (TUG),2026-04-01,16287.663202414335,10093.652555741639,22481.67384908703,11082.192433919827,6266.376475846976,15898.008391992676
Manila (MNL)-Tuguegarao (TUG),2026-05-01,16479.16030306425,10285.149656391557,22673.170949736945,11156.028735774273,6340.212777701422,15971.844693847124
Manila (MNL)-Tuguegarao (TUG),2026-06-01,16677.040640402494,10483.0299937298,22871.051287075188,11232.326247690533,6416.510289617682,16048.142205763383
Manila (MNL)-Tuguegarao (TUG),2026-07-01,16868.53774105241,10674.527094379715,23062.548387725103,11306.162549544979,6490.346591472128,16121.97850761783
Manila (MNL)-Tuguegarao (TUG),2026-08-01,17066.418078390656,10872.407431717962,23260.42872506335,11382.460061461241,6566.64410338839,16198.276019534092
Manila (MNL)-Tuguegarao (TUG),2026-09-01,17264.298415728903,11070.287769056209,23458.309062401597,11458.757573377501,6642.94161530465,16274.57353145035
Manila (MNL)-Tuguegarao (TUG),2026-10-01,17455.795516378814,11261.78486970612,23649.806163051508,11532.593875231947,6716.777917159096,16348.409833304799
Manila (MNL)-Tuguegarao (TUG),2026-11-01,17653.67585371706,11459.665207044367,23847.686500389755,11608.891387148207,6793.075429075357,16424.707345221057
Manila (MNL)-Virac (VRC),2025-12-01,4084.5022684312053,2731.0319932194384,5437.972543642973,4084.5022684312053,2731.0319932194384,5437.972543642973
Manila (MNL)-Virac (VRC),2026-01-01,4058.0366128155174,2704.5663376037505,5411.506888027285,4058.0366128155174,2704.5663376037505,5411.506888027285
Manila (MNL)-Virac (VRC),2026-02-01,4031.5709571998295,2678.1006819880627,5385.041232411597,4031.5709571998295,2678.1006819880627,5385.041232411597
Manila (MNL)-Virac (VRC),2026-03-01,4007.66649406308,2654.196218851313,5361.136769274846,4007.66649406308,2654.196218851313,5361.136769274846
Manila (MNL)-Virac (VRC),2026-04-01,3981.200838447392,2627.730563235625,5334.671113659158,3981.200838447392,2627.730563235625,5334.671113659158
Manila (MNL)-Virac (VRC),2026-05-01,3955.5889136580167,2602.11863844625,5309.059188869784,3955.5889136580167,2602.11863844625,5309.059188869784
Manila (MNL)-Virac (VRC),2026-06-01,3929.1232580423293,2575.6529828305625,5282.593533254096,3929.1232580423293,2575.6529828305625,5282.593533254096
Manila (MNL)-Virac (VRC),2026-07-01,3903.511333252954,2550.041058041187,5256.981608464721,3903.511333252954,2550.041058041187,5256.981608464721
Manila (MNL)-Virac (VRC),2026-08-01,3877.0456776372666,2523.5754024254998,5230.515952849033,3877.0456776372666,2523.5754024254998,5230.515952849033
Manila (MNL)-Virac (VRC),2026-09-01,3850.5800220215788,2497.109746809812,5204.050297233345,3850.5800220215788,2497.109746809812,5204.050297233345
Manila (MNL)-Virac (VRC),2026-10-01,3824.968097232204,2471.497822020437,5178.43837244397,3824.968097232204,2471.497822020437,5178.43837244397
Manila (MNL)-Virac (VRC),2026-11-01,3798.502441616516,2445.032166404749,5151.9727168282825,3798.502441616516,2445.032166404749,5151.9727168282825
Manila (MNL)-Zamboanga (ZAM),2025-12-01,4048.0986006626918,1950.839687101628,6145.357514223755,795.361481211508,0.0,1949.5854606475104
Manila (MNL)-Zamboanga (ZAM),2026-01-01,4118.520495503396,2021.2615819423322,6215.77940906446,824.684974108341,0.0,1978.9089535443431
Manila (MNL)-Zamboanga (ZAM),2026-02-01,4188.9423903441,2091.6834767830364,6286.2013039051635,854.0084670051734,0.0,2008.2324464411759
Manila (MNL)-Zamboanga (ZAM),2026-03-01,4252.549263103445,2155.290349542381,6349.808176664508,880.4942025248932,0.0,2034.7181819608954
Manila (MNL)-Zamboanga (ZAM),2026-04-01,4322.971157944148,2225.7122443830845,6420.2300715052115,909.8176954217257,0.0,2064.041674857728
Manila (MNL)-Zamboanga (ZAM),2026-05-01,4391.1213787577335,2293.8624651966697,6488.380292318798,938.1952691928544,0.0,2092.4192486288566
Manila (MNL)-Zamboanga (ZAM),2026-06-01,4461.543273598438,2364.284360037374,6558.802187159501,967.5187620896869,0.0,2121.7427415256893
Manila (MNL)-Zamboanga (ZAM),2026-07-01,4529.693494412022,2432.4345808509584,6626.952407973085,995.8963358608154,0.0,2150.120315296818
Manila (MNL)-Zamboanga (ZAM),2026-08-01,4600.115389252725,2502.8564756916617,6697.374302813789,1025.219828757648,0.0,2179.4438081936505
Manila (MNL)-Zamboanga (ZAM),2026-09-01,4670.53728409343,2573.278370532366,6767.796197654494,1054.5433216544807,0.0,2208.7673010904828
Manila (MNL)-Zamboanga (ZAM),2026-10-01,4738.687504907014,2641.4285913459503,6835.946418468078,1082.9208954256092,0.0,2237.1448748616112
Manila (MNL)-Zamboanga (ZAM),2026-11-01,4809.109399747718,2711.8504861866545,6906.368313308782,1112.2443883224419,0.0,2266.4683677584444
Ozamiz (OZC)-Cebu (CEB),2025-12-01,2318.604648216597,1079.7011290747002,3557.5081673584937,69.56340558597303,0.0,162.36535215910266
Ozamiz (OZC)-Cebu (CEB),2026-01-01,2317.202632793181,1078.299113651284,3556.106151935078,71.69922703243373,0.0,164.50117360556334
Ozamiz (OZC)-Cebu (CEB),2026-02-01,2315.8006173697645,1076.8970982278677,3554.704136511661,73.83504847889441,0.0,166.63699505202402
Ozamiz (OZC)-Cebu (CEB),2026-03-01,2314.534280858292,1075.630761716395,3553.437800000189,75.76417752731051,0.0,168.5661241004401
Ozamiz (OZC)-Cebu (CEB),2026-04-01,2313.1322654348755,1074.2287462929787,3552.035784576772,77.89999897377119,0.0,170.7019455469008
Ozamiz (OZC)-Cebu (CEB),2026-05-01,2311.7754763154408,1072.871957173544,3550.678995457338,79.96692295421704,0.0,172.76886952734665
Ozamiz (OZC)-Cebu (CEB),2026-06-01,2310.3734608920245,1071.4699417501276,3549.276980033921,82.10274440067772,0.0,174.90469097380733
Ozamiz (OZC)-Cebu (CEB),2026-07-01,2309.0166717725897,1070.1131526306929,3547.9201909144867,84.16966838112356,0.0,176.97161495425317
Ozamiz (OZC)-Cebu (CEB),2026-08-01,2307.6146563491734,1068.7111372072766,3546.51817549107,86.30548982758424,0.0,179.10743640071385
Ozamiz (OZC)-Cebu (CEB),2026-09-01,2306.212640925757,1067.3091217838603,3545.116160067654,88.44131127404493,0.0,181.24325784717456
Ozamiz (OZC)-Cebu (CEB),2026-10-01,2304.855851806322,1065.952332664425,3543.759370948219,90.50823525449076,0.0,183.31018182762037
Ozamiz (OZC)-Cebu (CEB),2026-11-01,2303.453836382906,1064.5503172410092,3542.357355524803,92.64405670095145,0.0,185.44600327408108
Ozamiz (OZC)-Manila (MNL),2025-10-01,11811.72295296866,8723.59566186549,14899.85024407183,7396.786706544896,5489.826310037577,9303.747103052216
Ozamiz (OZC)-Manila (MNL),2025-11-01,11858.196149541645,8770.068858438475,14946.323440644815,7421.281243336177,5514.320846828858,9328.241639843496
Ozamiz (OZC)-Manila (MNL),2025-12-01,11903.17021074131,8815.04291963814,14991.29750184448,7444.985633779352,5538.025237272032,9351.946030286672
Ozamiz (OZC)-Manila (MNL),2026-01-01,11949.643407314295,8861.516116211125,15037.770698417466,7469.480170570633,5562.519774063314,9376.440567077952
Ozamiz (OZC)-Manila (MNL),2026-02-01,11996.116603887282,8907.989312784111,15084.243894990452,7493.974707361914,5587.014310854594,9400.935103869233
Ozamiz (OZC)-Manila (MNL),2026-03-01,12038.092394340303,8949.965103237133,15126.219685443473,7516.098805108877,5609.138408601558,9423.059201616197
Ozamiz (OZC)-Manila (MNL),2026-04-01,12084.565590913287,8996.438299810117,15172.692882016458,7540.5933419001585,5633.632945392839,9447.553738407478
Ozamiz (OZC)-Manila (MNL),2026-05-01,12129.539652112953,9041.412361009783,15217.666943216123,7564.297732343333,5657.337335836014,9471.258128850654
Ozamiz (OZC)-Manila (MNL),2026-06-01,12176.01284868594,9087.88555758277,15264.14013978911,7588.792269134615,5681.8318726272955,9495.752665641934
Ozamiz (OZC)-Manila (MNL),2026-07-01,12220.986909885603,9132.859618782433,15309.114200988774,7612.49665957779,5705.53626307047,9519.45705608511
Ozamiz (OZC)-Manila (MNL),2026-08-01,12267.46010645859,9179.33281535542,15355.58739756176,7636.99119636907,5730.030799861751,9543.95159287639
Ozamiz (OZC)-Manila (MNL),2026-09-01,12313.933303031576,9225.806011928405,15402.060594134746,7661.485733160352,5754.525336653032,9568.44612966767
Pagadian (PAG)-Cebu (CEB),2025-10-01,2003.1447830858544,970.1067829673857,3036.182783204323,0.0,0.0,48.96918482609878
Pagadian (PAG)-Cebu (CEB),2025-11-01,2001.5241111019031,968.4861109834344,3034.5621112203717,0.0,0.0,48.96918482609878
Pagadian (PAG)-Cebu (CEB),2025-12-01,1999.9557188593699,966.9177187409011,3032.9937189778384,0.0,0.0,48.96918482609878
Pagadian (PAG)-Cebu (CEB),2026-01-01,1998.3350468754186,965.2970467569498,3031.3730469938873,0.0,0.0,48.96918482609878
Pagadian (PAG)-Cebu (CEB),2026-02-01,1996.7143748914673,963.6763747729985,3029.7523750099363,0.0,0.0,48.96918482609878
Pagadian (PAG)-Cebu (CEB),2026-03-01,1995.2505421317694,962.2125420133007,3028.288542250238,0.0,0.0,48.96918482609878
Pagadian (PAG)-Cebu (CEB),2026-04-01,1993.629870147818,960.5918700293494,3026.6678702662866,0.0,0.0,48.96918482609878
Pagadian (PAG)-Cebu (CEB),2026-05-01,1992.0614779052846,959.0234777868159,3025.0994780237534,0.0,0.0,48.96918482609878
Pagadian (PAG)-Cebu (CEB),2026-06-01,1990.4408059213333,957.4028058028646,3023.4788060398023,0.0,0.0,48.96918482609878
Pagadian (PAG)-Cebu (CEB),2026-07-01,1988.8724136788,955.8344135603313,3021.910413797269,0.0,0.0,48.96918482609878
Pagadian (PAG)-Cebu (CEB),2026-08-01,1987.2517416948488,954.21374157638,3020.2897418133175,0.0,0.0,48.96918482609878
Pagadian (PAG)-Cebu (CEB),2026-09-01,1985.6310697108975,952.5930695924287,3018.669069829366,0.0,0.0,48.96918482609878
Pagadian (PAG)-Manila (MNL),2025-10-01,8916.020006420087,6194.5788927722515,11637.461120067923,8916.020006420087,6194.5788927722515,11637.461120067923
Pagadian (PAG)-Manila (MNL),2025-11-01,8935.044649694728,6213.603536046892,11656.485763342564,8935.044649694728,6213.603536046892,11656.485763342564
Pagadian (PAG)-Manila (MNL),2025-12-01,8953.455594799218,6232.014481151382,11674.896708447053,8953.455594799218,6232.014481151382,11674.896708447053
Pagadian (PAG)-Manila (MNL),2026-01-01,8972.480238073857,6251.039124426021,11693.921351721692,8972.480238073857,6251.039124426021,11693.921351721692
Pagadian (PAG)-Manila (MNL),2026-02-01,8991.504881348497,6270.063767700662,11712.945994996333,8991.504881348497,6270.063767700662,11712.945994996333
Pagadian (PAG)-Manila (MNL),2026-03-01,9008.688430112688,6287.247316464853,11730.129543760524,9008.688430112688,6287.247316464853,11730.129543760524
Pagadian (PAG)-Manila (MNL),2026-04-01,9027.713073387327,6306.271959739492,11749.154187035163,9027.713073387327,6306.271959739492,11749.154187035163
Pagadian (PAG)-Manila (MNL),2026-05-01,9046.124018491817,6324.682904843981,11767.565132139653,9046.124018491817,6324.682904843981,11767.565132139653
Pagadian (PAG)-Manila (MNL),2026-06-01,9065.148661766458,6343.707548118622,11786.589775414293,9065.148661766458,6343.707548118622,11786.589775414293
Pagadian (PAG)-Manila (MNL),2026-07-01,9083.559606870947,6362.118493223112,11805.000720518783,9083.559606870947,6362.118493223112,11805.000720518783
Pagadian (PAG)-Manila (MNL),2026-08-01,9102.584250145586,6381.143136497751,11824.025363793422,9102.584250145586,6381.143136497751,11824.025363793422
Pagadian (PAG)-Manila (MNL),2026-09-01,9121.608893420227,6400.167779772391,11843.050007068063,9121.608893420227,6400.167779772391,11843.050007068063
Panglao (TAG)-Davao City (DVO),2025-12-01,4831.920942662318,1174.8332968390068,8489.00858848563,3856.229772051689,546.2393747650658,7166.220169338312
Panglao (TAG)-Davao City (DVO),2026-01-01,4940.624844038265,1283.5371982149536,8597.712489861577,3966.152356321605,656.1619590349819,7276.142753608228
Panglao (TAG)-Davao City (DVO),2026-02-01,5049.328745414212,1392.2410995909004,8706.416391237522,4076.0749405915194,766.0845433048962,7386.065337878143
Panglao (TAG)-Davao City (DVO),2026-03-01,5147.512914398939,1490.4252685756273,8804.60056022225,4175.35985541596,865.3694581293366,7485.350252702583
Panglao (TAG)-Davao City (DVO),2026-04-01,5256.216815774885,1599.1291699515732,8913.304461598196,4285.282439685875,975.2920423992518,7595.272836972498
Panglao (TAG)-Davao City (DVO),2026-05-01,5361.414139687093,1704.3264938637813,9018.501785510405,4391.659134140632,1081.6687368540088,7701.649531427255
Panglao (TAG)-Davao City (DVO),2026-06-01,5470.118041063039,1813.030395239727,9127.205686886351,4501.581718410547,1191.591321123924,7811.57211569717
Panglao (TAG)-Davao City (DVO),2026-07-01,5575.315364975247,1918.2277191519352,9232.403010798558,4607.958412865305,1297.9680155786818,7917.948810151928
Panglao (TAG)-Davao City (DVO),2026-08-01,5684.0192663511925,2026.931620527881,9341.106912174504,4717.880997135219,1407.8905998485961,8027.8713944218425
Panglao (TAG)-Davao City (DVO),2026-09-01,5792.72316772714,2135.6355219038287,9449.810813550452,4827.803581405135,1517.8131841185123,8137.793978691759
Panglao (TAG)-Davao City (DVO),2026-10-01,5897.920491639346,2240.832845816035,9555.008137462657,4934.180275859892,1624.1898785732692,8244.170673146516
Panglao (TAG)-Davao City (DVO),2026-11-01,6006.624393015294,2349.5367471919826,9663.712038838607,5044.102860129808,1734.1124628431844,8354.09325741643
Panglao (TAG)-Iloilo (ILO),2025-12-01,556.7800033628669,0.0,1762.420232342351,556.7800033628669,0.0,1762.420232342351
Panglao (TAG)-Iloilo (ILO),2026-01-01,244.27567378433469,0.0,1449.9159027638188,244.27567378433469,0.0,1449.9159027638188
Panglao (TAG)-Iloilo (ILO),2026-02-01,0.0,0.0,1205.6402289794842,0.0,0.0,1205.6402289794842
Panglao (TAG)-Iloilo (ILO),2026-03-01,0.0,0.0,1205.6402289794842,0.0,0.0,1205.6402289794842
Panglao (TAG)-Iloilo (ILO),2026-04-01,0.0,0.0,1205.6402289794842,0.0,0.0,1205.6402289794842
Panglao (TAG)-Iloilo (ILO),2026-05-01,0.0,0.0,1205.6402289794842,0.0,0.0,1205.6402289794842
Panglao (TAG)-Iloilo (ILO),2026-06-01,0.0,0.0,1205.6402289794842,0.0,0.0,1205.6402289794842
Panglao (TAG)-Iloilo (ILO),2026-07-01,0.0,0.0,1205.6402289794842,0.0,0.0,1205.6402289794842
Panglao (TAG)-Iloilo (ILO),2026-08-01,0.0,0.0,1205.6402289794842,0.0,0.0,1205.6402289794842
Panglao (TAG)-Iloilo (ILO),2026-09-01,0.0,0.0,1205.6402289794842,0.0,0.0,1205.6402289794842
Panglao (TAG)-Iloilo (ILO),2026-10-01,0.0,0.0,1205.6402289794842,0.0,0.0,1205.6402289794842
Panglao (TAG)-Iloilo (ILO),2026-11-01,0.0,0.0,1205.6402289794842,0.0,0.0,1205.6402289794842
Panglao (TAG)-Manila (MNL),2025-12-01,51917.29933099314,26038.65381058989,77795.94485139639,24773.305467389946,11875.789940763341,37670.820994016554
Panglao (TAG)-Manila (MNL),2026-01-01,52051.88136556875,26173.235845165498,77930.526885972,24724.224895856238,11826.709369229633,37621.74042248284
Panglao (TAG)-Manila (MNL),2026-02-01,52186.463400144356,26307.817879741106,78065.1089205476,24675.14432432253,11777.628797695925,37572.65985094913
Panglao (TAG)-Manila (MNL),2026-03-01,52308.021366857814,26429.375846454564,78186.66688726106,24630.81348551789,11733.297958891286,37528.329012144495
Panglao (TAG)-Manila (MNL),2026-04-01,52442.60340143342,26563.957881030172,78321.24892183667,24581.732913984182,11684.217387357578,37479.24844061078
Panglao (TAG)-Manila (MNL),2026-05-01,52572.84408005498,26694.19855965173,78451.48960045823,24534.235586693496,11636.720060066891,37431.751113320104
Panglao (TAG)-Manila (MNL),2026-06-01,52707.42611463059,26828.780594227337,78586.07163503383,24485.15501515979,11587.639488533187,37382.6705417864
Panglao (TAG)-Manila (MNL),2026-07-01,52837.666793252145,26959.021272848895,78716.31231365539,24437.657687869105,11540.1421612425,37335.173214495706
Panglao (TAG)-Manila (MNL),2026-08-01,52972.24882782775,27093.603307424502,78850.894348231,24388.577116335397,11491.061589708792,37286.092642962
Panglao (TAG)-Manila (MNL),2026-09-01,53106.83086240336,27228.18534200011,78985.4763828066,24339.49654480169,11441.981018175084,37237.0120714283
Panglao (TAG)-Manila (MNL),2026-10-01,53237.07154102492,27358.426020621668,79115.71706142816,24291.999217511002,11394.483690884397,37189.5147441376
Panglao (TAG)-Manila (MNL),2026-11-01,53371.653575600525,27493.008055197275,79250.29909600377,24242.918645977297,11345.403119350693,37140.4341726039
Puerto Princesa City (PPS)-Angeles City (CRK),2025-12-01,2610.6919816178065,0.0,5336.026949240522,2577.275351471253,0.0,5411.938060327201
Puerto Princesa City (PPS)-Angeles City (CRK),2026-01-01,2661.995213253484,0.0,5387.330180876201,2632.218226648268,0.0,5466.880935504216
Puerto Princesa City (PPS)-Angeles City (CRK),2026-02-01,2713.2984448891616,0.0,5438.633412511877,2687.161101825282,0.0,5521.82381068123
Puerto Princesa City (PPS)-Angeles City (CRK),2026-03-01,2759.6368476568705,34.30188003415424,5484.971815279587,2736.786924565811,0.0,5571.449633421759
Puerto Princesa City (PPS)-Angeles City (CRK),2026-04-01,2810.940079292548,85.60511166983179,5536.275046915264,2791.729799742826,0.0,5626.392508598774
Puerto Princesa City (PPS)-Angeles City (CRK),2026-05-01,2860.588367972236,135.25340034951978,5585.923335594953,2844.900324107679,10.237615251730858,5679.563032963627
Puerto Princesa City (PPS)-Angeles City (CRK),2026-06-01,2911.8915996079136,186.55663198519733,5637.226567230629,2899.843199284693,65.18049042874509,5734.505908140642
Puerto Princesa City (PPS)-Angeles City (CRK),2026-07-01,2961.5398882876016,236.20492066488532,5686.874855910318,2953.0137236495457,118.35101479359764,5787.676432505494
Puerto Princesa City (PPS)-Angeles City (CRK),2026-08-01,3012.843119923279,287.50815230056287,5738.178087545995,3007.9565988265604,173.29388997061233,5842.619307682508
Puerto Princesa City (PPS)-Angeles City (CRK),2026-09-01,3064.146351558957,338.8113839362409,5789.481319181674,3062.899474003575,228.236765147627,5897.562182859523
Puerto Princesa City (PPS)-Angeles City (CRK),2026-10-01,3113.794640238645,388.45967261592887,5839.129607861361,3116.069998368428,281.40728951248,5950.732707224376
Puerto Princesa City (PPS)-Angeles City (CRK),2026-11-01,3165.0978718743227,439.7629042516064,5890.432839497039,3171.0128735454427,336.3501646894947,6005.675582401391
Puerto Princesa City (PPS)-Cebu (CEB),2025-12-01,9923.822282127103,4773.0297448657275,15074.614819388478,9096.736896180842,4387.305289012119,13806.168503349567
Puerto Princesa City (PPS)-Cebu (CEB),2026-01-01,10139.04237699412,4988.249839732745,15289.834914255496,9329.392461295902,4619.960854127178,14038.824068464626
Puerto Princesa City (PPS)-Cebu (CEB),2026-02-01,10354.262471861137,5203.4699345997615,15505.055009122512,9562.048026410957,4852.616419242234,14271.479633579682
Puerto Princesa City (PPS)-Cebu (CEB),2026-03-01,10548.654815611992,5397.862278350616,15699.447352873367,9772.188536837464,5062.756929668741,14481.620144006189
Puerto Princesa City (PPS)-Cebu (CEB),2026-04-01,10763.874910479008,5613.082373217632,15914.667447740383,10004.84410195252,5295.412494783796,14714.275709121244
Puerto Princesa City (PPS)-Cebu (CEB),2026-05-01,10972.15242164064,5821.359884379264,16122.944958902015,10229.994648838063,5520.563041669339,14939.426256006787
Puerto Princesa City (PPS)-Cebu (CEB),2026-06-01,11187.372516507656,6036.57997924628,16338.165053769031,10462.650213953119,5753.218606784395,15172.081821121843
Puerto Princesa City (PPS)-Cebu (CEB),2026-07-01,11395.650027669286,6244.8574904079105,16546.44256493066,10687.800760838662,5978.369153669938,15397.232368007386
Puerto Princesa City (PPS)-Cebu (CEB),2026-08-01,11610.870122536304,6460.077585274928,16761.66265979768,10920.456325953717,6211.024718784994,15629.887933122442
Puerto Princesa City (PPS)-Cebu (CEB),2026-09-01,11826.090217403322,6675.297680141946,16976.882754664697,11153.111891068776,6443.680283900053,15862.5434982375
Puerto Princesa City (PPS)-Cebu (CEB),2026-10-01,12034.36772856495,6883.575191303575,17185.160265826325,11378.262437954316,6668.830830785592,16087.69404512304
Puerto Princesa City (PPS)-Cebu (CEB),2026-11-01,12249.587823431968,7098.795286170593,17400.380360693343,11610.918003069375,6901.486395900652,16320.3496102381
Puerto Princesa City (PPS)-Davao City (DVO),2025-12-01,2222.1113947173053,0.0,4486.0301707274775,2222.1113947173053,0.0,4486.0301707274775
Puerto Princesa City (PPS)-Davao City (DVO),2026-01-01,2103.58027122147,0.0,4367.499047231642,2103.58027122147,0.0,4367.499047231642
Puerto Princesa City (PPS)-Davao City (DVO),2026-02-01,1985.0491477256348,0.0,4248.967923735808,1985.0491477256348,0.0,4248.967923735808
Puerto Princesa City (PPS)-Davao City (DVO),2026-03-01,1877.9887781164932,0.0,4141.907554126666,1877.9887781164932,0.0,4141.907554126666
Puerto Princesa City (PPS)-Davao City (DVO),2026-04-01,1759.457654620658,0.0,4023.376430630831,1759.457654620658,0.0,4023.376430630831
Puerto Princesa City (PPS)-Davao City (DVO),2026-05-01,1644.7501157537213,0.0,3908.668891763894,1644.7501157537213,0.0,3908.668891763894
Puerto Princesa City (PPS)-Davao City (DVO),2026-06-01,1526.2189922578855,0.0,3790.137768268058,1526.2189922578855,0.0,3790.137768268058
Puerto Princesa City (PPS)-Davao City (DVO),2026-07-01,1411.5114533909486,0.0,3675.4302294011213,1411.5114533909486,0.0,3675.4302294011213
Puerto Princesa City (PPS)-Davao City (DVO),2026-08-01,1292.9803298951128,0.0,3556.8991059052855,1292.9803298951128,0.0,3556.8991059052855
Puerto Princesa City (PPS)-Davao City (DVO),2026-09-01,1174.449206399278,0.0,3438.3679824094506,1174.449206399278,0.0,3438.3679824094506
Puerto Princesa City (PPS)-Davao City (DVO),2026-10-01,1059.7416675323407,0.0,3323.6604435425133,1059.7416675323407,0.0,3323.6604435425133
Puerto Princesa City (PPS)-Davao City (DVO),2026-11-01,941.2105440365053,0.0,3205.129320046678,941.2105440365053,0.0,3205.129320046678
Puerto Princesa City (PPS)-Iloilo (ILO),2025-12-01,3758.5362355329444,1579.097134137157,5937.975336928732,3758.5362355329444,1579.097134137157,5937.975336928732
Puerto Princesa City (PPS)-Iloilo (ILO),2026-01-01,3840.508387004512,1661.0692856087244,6019.947488400299,3840.508387004512,1661.0692856087244,6019.947488400299
Puerto Princesa City (PPS)-Iloilo (ILO),2026-02-01,3922.4805384760793,1743.0414370802919,6101.919639871867,3922.4805384760793,1743.0414370802919,6101.919639871867
Puerto Princesa City (PPS)-Iloilo (ILO),2026-03-01,3996.5199010955594,1817.080799699772,6175.959002491347,3996.5199010955594,1817.080799699772,6175.959002491347
Puerto Princesa City (PPS)-Iloilo (ILO),2026-04-01,4078.492052567127,1899.0529511713394,6257.931153962914,4078.492052567127,1899.0529511713394,6257.931153962914
Puerto Princesa City (PPS)-Iloilo (ILO),2026-05-01,4157.819941087998,1978.3808396922104,6337.259042483785,4157.819941087998,1978.3808396922104,6337.259042483785
Puerto Princesa City (PPS)-Iloilo (ILO),2026-06-01,4239.792092559565,2060.352991163778,6419.231193955353,4239.792092559565,2060.352991163778,6419.231193955353
Puerto Princesa City (PPS)-Iloilo (ILO),2026-07-01,4319.119981080436,2139.680879684649,6498.559082476224,4319.119981080436,2139.680879684649,6498.559082476224
Puerto Princesa City (PPS)-Iloilo (ILO),2026-08-01,4401.092132552004,2221.6530311562165,6580.531233947791,4401.092132552004,2221.6530311562165,6580.531233947791
Puerto Princesa City (PPS)-Iloilo (ILO),2026-09-01,4483.0642840235705,2303.625182627783,6662.503385419358,4483.0642840235705,2303.625182627783,6662.503385419358
Puerto Princesa City (PPS)-Iloilo (ILO),2026-10-01,4562.3921725444425,2382.953071148655,6741.83127394023,4562.3921725444425,2382.953071148655,6741.83127394023
Puerto Princesa City (PPS)-Iloilo (ILO),2026-11-01,4644.36432401601,2464.9252226202225,6823.803425411797,4644.36432401601,2464.9252226202225,6823.803425411797
Puerto Princesa City (PPS)-Manila (MNL),2025-12-01,57446.1611267528,28719.220363090502,86173.1018904151,30338.803340005834,16637.618121774773,44039.988558236895
Puerto Princesa City (PPS)-Manila (MNL),2026-01-01,57711.667049878866,28984.72628621657,86438.60781354117,30611.173086450763,16909.9878682197,44312.358304681824
Puerto Princesa City (PPS)-Manila (MNL),2026-02-01,57977.172973004934,29250.232209342637,86704.11373666723,30883.542832895688,17182.357614664626,44584.728051126745
Puerto Princesa City (PPS)-Manila (MNL),2026-03-01,58216.984774538156,29490.04401087586,86943.92553820045,31129.55421678143,17428.36899855037,44830.739435012496
Puerto Princesa City (PPS)-Manila (MNL),2026-04-01,58482.49069766422,29755.549934001927,87209.43146132652,31401.923963226356,17700.738744995295,45103.10918145742
Puerto Princesa City (PPS)-Manila (MNL),2026-05-01,58739.43191359268,30012.49114993038,87466.37267725497,31665.507588818225,17964.322370587164,45366.69280704929
Puerto Princesa City (PPS)-Manila (MNL),2026-06-01,59004.937836718746,30277.99707305645,87731.87860038104,31937.877335263154,18236.692117032093,45639.062553494216
Puerto Princesa City (PPS)-Manila (MNL),2026-07-01,59261.8790526472,30534.938288984904,87988.8198163095,32201.460960855024,18500.275742623962,45902.646179086085
Puerto Princesa City (PPS)-Manila (MNL),2026-08-01,59527.38497577327,30800.44421211097,88254.32573943556,32473.83070729995,18772.645489068887,46175.01592553101
Puerto Princesa City (PPS)-Manila (MNL),2026-09-01,59792.890898899335,31065.95013523704,88519.83166256163,32746.200453744877,19045.015235513816,46447.385671975935
Puerto Princesa City (PPS)-Manila (MNL),2026-10-01,60049.83211482779,31322.891351165494,88776.77287849008,33009.78407933674,19308.598861105682,46710.969297567804
Puerto Princesa City (PPS)-Manila (MNL),2026-11-01,60315.338037953865,31588.39727429157,89042.27880161616,33282.15382578167,19580.96860755061,46983.33904401273
Roxas City (RXS)-Manila (MNL),2025-10-01,16382.142494828906,11641.418387493397,21122.866602164417,9780.57189167139,6429.151067208133,13131.992716134648
Roxas City (RXS)-Manila (MNL),2025-11-01,16525.25636930647,11784.53226197096,21265.980476641977,9887.768689435483,6536.347864972226,13239.18951389874
Roxas City (RXS)-Manila (MNL),2025-12-01,16663.75366718798,11923.02955985247,21404.47777452349,9991.507525981378,6640.086701518121,13342.928350444636
Roxas City (RXS)-Manila (MNL),2026-01-01,16806.86754166554,12066.14343433003,21547.59164900105,10098.704323745469,6747.283499282212,13450.125148208726
Roxas City (RXS)-Manila (MNL),2026-02-01,16949.9814161431,12209.25730880759,21690.70552347861,10205.90112150956,6854.480297046302,13557.321945972817
Roxas City (RXS)-Manila (MNL),2026-03-01,17079.24556083251,12338.521453497002,21819.96966816802,10302.724035619063,6951.303211155806,13654.14486008232
Roxas City (RXS)-Manila (MNL),2026-04-01,17222.35943531007,12481.635327974562,21963.08354264558,10409.920833383152,7058.500008919895,13761.34165784641
Roxas City (RXS)-Manila (MNL),2026-05-01,17360.85673319158,12620.132625856071,22101.580840527087,10513.65966992905,7162.238845465792,13865.080494392307
Roxas City (RXS)-Manila (MNL),2026-06-01,17503.97060766914,12763.246500333631,22244.694715004647,10620.856467693138,7269.435643229881,13972.277292156396
Roxas City (RXS)-Manila (MNL),2026-07-01,17642.46790555065,12901.74379821514,22383.19201288616,10724.595304239036,7373.174479775778,14076.016128702293
Roxas City (RXS)-Manila (MNL),2026-08-01,17785.58178002821,13044.8576726927,22526.30588736372,10831.792102003124,7480.371277539867,14183.212926466382
Roxas City (RXS)-Manila (MNL),2026-09-01,17928.695654505773,13187.971547170264,22669.41976184128,10938.988899767217,7587.56807530396,14290.409724230474
Tacloban (TAC)-Cebu (CEB),2025-12-01,3242.9638187755204,1225.8605680762587,5260.067069474782,10.707571539417824,0.0,60.196973573779104
Tacloban (TAC)-Cebu (CEB),2026-01-01,3224.42464786603,1207.3213971667685,5241.527898565292,11.041911160098085,0.0,60.53131319445936
Tacloban (TAC)-Cebu (CEB),2026-02-01,3205.8854769565396,1188.782226257278,5222.988727655801,11.376250780778342,0.0,60.86565281513962
Tacloban (TAC)-Cebu (CEB),2026-03-01,3189.140419360871,1172.0371686616093,5206.243670060133,11.678234954295995,0.0,61.16763698865727
Tacloban (TAC)-Cebu (CEB),2026-04-01,3170.601248451381,1153.497997752119,5187.704499150643,12.012574574976252,0.0,61.50197660933753
Tacloban (TAC)-Cebu (CEB),2026-05-01,3152.660115313164,1135.5568646139025,5169.763366012426,12.336129046602313,0.0,61.825531080963586
Tacloban (TAC)-Cebu (CEB),2026-06-01,3134.120944403674,1117.0176937044123,5151.2241951029355,12.67046866728257,0.0,62.15987070164385
Tacloban (TAC)-Cebu (CEB),2026-07-01,3116.1798112654574,1099.0765605661957,5133.283061964719,12.994023138908627,0.0,62.48342517326991
Tacloban (TAC)-Cebu (CEB),2026-08-01,3097.640640355967,1080.5373896567055,5114.743891055229,13.328362759588885,0.0,62.81776479395016
Tacloban (TAC)-Cebu (CEB),2026-09-01,3079.1014694464766,1061.9982187472149,5096.204720145738,13.662702380269145,0.0,63.15210441463042
Tacloban (TAC)-Cebu (CEB),2026-10-01,3061.1603363082604,1044.0570856089987,5078.263587007522,13.986256851895202,0.0,63.47565888625648
Tacloban (TAC)-Cebu (CEB),2026-11-01,3042.62116539877,1025.517914699508,5059.724416098032,14.320596472575463,0.0,63.809998506936736
Tacloban (TAC)-Davao City (DVO),2025-10-01,1598.6923515620697,478.67187560374055,2718.7128275203986,1598.6923515620697,478.67187560374055,2718.7128275203986
Tacloban (TAC)-Davao City (DVO),2025-11-01,1590.6093624264145,470.5888864680853,2710.6298383847434,1590.6093624264145,470.5888864680853,2710.6298383847434
Tacloban (TAC)-Davao City (DVO),2025-12-01,1582.7871148757804,462.76663891745125,2702.8075908341098,1582.7871148757804,462.76663891745125,2702.8075908341098
Tacloban (TAC)-Davao City (DVO),2026-01-01,1574.704125740125,454.6836497817958,2694.724601698454,1574.704125740125,454.6836497817958,2694.724601698454
Tacloban (TAC)-Davao City (DVO),2026-02-01,1566.6211366044697,446.60066064614057,2686.641612562799,1566.6211366044697,446.60066064614057,2686.641612562799
Tacloban (TAC)-Davao City (DVO),2026-03-01,1559.3203722238777,439.29989626554857,2679.340848182207,1559.3203722238777,439.29989626554857,2679.340848182207
Tacloban (TAC)-Davao City (DVO),2026-04-01,1551.2373830882225,431.21690712989334,2671.257859046552,1551.2373830882225,431.21690712989334,2671.257859046552
Tacloban (TAC)-Davao City (DVO),2026-05-01,1543.4151355375884,423.39465957925927,2663.4356114959173,1543.4151355375884,423.39465957925927,2663.4356114959173
Tacloban (TAC)-Davao City (DVO),2026-06-01,1535.332146401933,415.3116704436038,2655.352622360262,1535.332146401933,415.3116704436038,2655.352622360262
Tacloban (TAC)-Davao City (DVO),2026-07-01,1527.5098988512989,407.48942289296974,2647.530374809628,1527.5098988512989,407.48942289296974,2647.530374809628
Tacloban (TAC)-Davao City (DVO),2026-08-01,1519.4269097156434,399.4064337573143,2639.4473856739723,1519.4269097156434,399.4064337573143,2639.4473856739723
Tacloban (TAC)-Davao City (DVO),2026-09-01,1511.3439205799882,391.32344462165906,2631.364396538317,1511.3439205799882,391.32344462165906,2631.364396538317
Tacloban (TAC)-Iloilo (ILO),2025-10-01,1479.4403066163727,12.525725575697834,2946.3548876570476,1479.4403066163727,12.525725575697834,2946.3548876570476
Tacloban (TAC)-Iloilo (ILO),2025-11-01,1399.0437554411894,0.0,2865.9583364818645,1399.0437554411894,0.0,2865.9583364818645
Tacloban (TAC)-Iloilo (ILO),2025-12-01,1321.2406414006896,0.0,2788.1552224413645,1321.2406414006896,0.0,2788.1552224413645
Tacloban (TAC)-Iloilo (ILO),2026-01-01,1240.8440902255065,0.0,2707.7586712661814,1240.8440902255065,0.0,2707.7586712661814
Tacloban (TAC)-Iloilo (ILO),2026-02-01,1160.4475390503235,0.0,2627.3621200909984,1160.4475390503235,0.0,2627.3621200909984
Tacloban (TAC)-Iloilo (ILO),2026-03-01,1087.8312992791903,0.0,2554.745880319865,1087.8312992791903,0.0,2554.745880319865
Tacloban (TAC)-Iloilo (ILO),2026-04-01,1007.4347481040072,0.0,2474.349329144682,1007.4347481040072,0.0,2474.349329144682
Tacloban (TAC)-Iloilo (ILO),2026-05-01,929.6316340635078,0.0,2396.546215104183,929.6316340635078,0.0,2396.546215104183
Tacloban (TAC)-Iloilo (ILO),2026-06-01,849.2350828883243,0.0,2316.149663928999,849.2350828883243,0.0,2316.149663928999
Tacloban (TAC)-Iloilo (ILO),2026-07-01,771.4319688478249,0.0,2238.3465498885,771.4319688478249,0.0,2238.3465498885
Tacloban (TAC)-Iloilo (ILO),2026-08-01,691.0354176726416,0.0,2157.9499987133167,691.0354176726416,0.0,2157.9499987133167
Tacloban (TAC)-Iloilo (ILO),2026-09-01,610.6388664974586,0.0,2077.5534475381337,610.6388664974586,0.0,2077.5534475381337
Tacloban (TAC)-Manila (MNL),2025-12-01,54568.45600636275,23545.407381259047,85591.50463146645,22280.493339436052,9622.718464930449,34938.26821394166
Tacloban (TAC)-Manila (MNL),2026-01-01,54515.7812974656,23492.732672361893,85538.8299225693,22238.772495536185,9580.997621030581,34896.547370041786
Tacloban (TAC)-Manila (MNL),2026-02-01,54463.106588568444,23440.05796346474,85486.15521367214,22197.05165163632,9539.276777130717,34854.82652614192
Tacloban (TAC)-Manila (MNL),2026-03-01,54415.52943214521,23392.480807041506,85438.57805724892,22159.36830875902,9501.593434253418,34817.14318326463
Tacloban (TAC)-Manila (MNL),2026-04-01,54362.85472324805,23339.806098144345,85385.90334835176,22117.647464859154,9459.87259035355,34775.422339364755
Tacloban (TAC)-Manila (MNL),2026-05-01,54311.87919850887,23288.830573405165,85334.92782361257,22077.27245463348,9419.497580127876,34735.04732913908
Tacloban (TAC)-Manila (MNL),2026-06-01,54259.204489611715,23236.15586450801,85282.25311471542,22035.55161073361,9377.776736228008,34693.32648523922
Tacloban (TAC)-Manila (MNL),2026-07-01,54208.228964872535,23185.18033976883,85231.27758997623,21995.176600507937,9337.401726002334,34652.95147501354
Tacloban (TAC)-Manila (MNL),2026-08-01,54155.554255975374,23132.50563087167,85178.60288107907,21953.45575660807,9295.680882102466,34611.23063111367
Tacloban (TAC)-Manila (MNL),2026-09-01,54102.87954707822,23079.830921974517,85125.92817218193,21911.734912708205,9253.960038202602,34569.50978721381
Tacloban (TAC)-Manila (MNL),2026-10-01,54051.90402233904,23028.855397235337,85074.95264744274,21871.359902482527,9213.585027976924,34529.13477698813
Tacloban (TAC)-Manila (MNL),2026-11-01,53999.22931344189,22976.180688338183,85022.2779385456,21829.639058582663,9171.86418407706,34487.41393308827
Tawi Tawi (TWT)-Zamboanga (ZAM),2025-12-01,1897.6734162738876,0.0,4983.466868909882,342.19327379234755,0.0,3371.482132122563
Tawi Tawi (TWT)-Zamboanga (ZAM),2026-01-01,1794.7069733357457,0.0,4880.500425971739,242.12268316541213,0.0,3271.4115414956277
Tawi Tawi (TWT)-Zamboanga (ZAM),2026-02-01,1691.7405303976052,0.0,4777.533983033599,142.05209253847715,0.0,3171.3409508686927
Tawi Tawi (TWT)-Zamboanga (ZAM),2026-03-01,1598.738581937348,0.0,4684.532034573342,51.66575261737398,0.0,3080.9546109475896
Tawi Tawi (TWT)-Zamboanga (ZAM),2026-04-01,1495.7721389992075,0.0,4581.565591635201,0.0,0.0,3029.2888583302156
Tawi Tawi (TWT)-Zamboanga (ZAM),2026-05-01,1396.1271942203603,0.0,4481.920646856353,0.0,0.0,3029.2888583302156
Tawi Tawi (TWT)-Zamboanga (ZAM),2026-06-01,1293.1607512822193,0.0,4378.954203918212,0.0,0.0,3029.2888583302156
Tawi Tawi (TWT)-Zamboanga (ZAM),2026-07-01,1193.515806503373,0.0,4279.309259139367,0.0,0.0,3029.2888583302156
Tawi Tawi (TWT)-Zamboanga (ZAM),2026-08-01,1090.549363565232,0.0,4176.342816201226,0.0,0.0,3029.2888583302156
Tawi Tawi (TWT)-Zamboanga (ZAM),2026-09-01,987.5829206270901,0.0,4073.3763732630837,0.0,0.0,3029.2888583302156
Tawi Tawi (TWT)-Zamboanga (ZAM),2026-10-01,887.9379758482437,0.0,3973.7314284842373,0.0,0.0,3029.2888583302156
Tawi Tawi (TWT)-Zamboanga (ZAM),2026-11-01,784.9715329101027,0.0,3870.7649855460963,0.0,0.0,3029.2888583302156
Tokyo (NRT)-Angeles City (CRK),2025-12-01,4107.847574507825,1831.7240731825855,6383.971075833064,4107.847574507825,1831.7240731825855,6383.971075833064
Tokyo (NRT)-Angeles City (CRK),2026-01-01,4139.632337557482,1863.5088362322426,6415.755838882722,4139.632337557482,1863.5088362322426,6415.755838882722
Tokyo (NRT)-Angeles City (CRK),2026-02-01,4171.417100607138,1895.2935992818989,6447.540601932378,4171.417100607138,1895.2935992818989,6447.540601932378
Tokyo (NRT)-Angeles City (CRK),2026-03-01,4200.125918845539,1924.0024175202993,6476.249420170778,4200.125918845539,1924.0024175202993,6476.249420170778
Tokyo (NRT)-Angeles City (CRK),2026-04-01,4231.910681895195,1955.7871805699556,6508.034183220434,4231.910681895195,1955.7871805699556,6508.034183220434
Tokyo (NRT)-Angeles City (CRK),2026-05-01,4262.670130007767,1986.5466286825272,6538.7936313330065,4262.670130007767,1986.5466286825272,6538.7936313330065
Tokyo (NRT)-Angeles City (CRK),2026-06-01,4294.454893057424,2018.3313917321843,6570.578394382663,4294.454893057424,2018.3313917321843,6570.578394382663
Tokyo (NRT)-Angeles City (CRK),2026-07-01,4325.214341169995,2049.090839844756,6601.337842495235,4325.214341169995,2049.090839844756,6601.337842495235
Tokyo (NRT)-Angeles City (CRK),2026-08-01,4356.9991042196525,2080.875602894413,6633.1226055448915,4356.9991042196525,2080.875602894413,6633.1226055448915
Tokyo (NRT)-Angeles City (CRK),2026-09-01,4388.783867269309,2112.6603659440693,6664.907368594548,4388.783867269309,2112.6603659440693,6664.907368594548
Tokyo (NRT)-Angeles City (CRK),2026-10-01,4419.54331538188,2143.419814056641,6695.66681670712,4419.54331538188,2143.419814056641,6695.66681670712
Tokyo (NRT)-Angeles City (CRK),2026-11-01,4451.3280784315375,2175.204577106298,6727.4515797567765,4451.3280784315375,2175.204577106298,6727.4515797567765
Tuguegarao (TUG)-Manila (MNL),2025-10-01,25615.109704224924,16407.648386544613,34822.571021905234,20931.31545870427,13879.572289953037,27983.058627455503
Tuguegarao (TUG)-Manila (MNL),2025-11-01,26109.209557264174,16901.748239583867,35316.67087494448,21293.884303257764,14242.141134506532,28345.627472008997
Tuguegarao (TUG)-Manila (MNL),2025-12-01,26587.37070536667,17379.909387686363,35794.832023046976,21644.757378632108,14593.014209880876,28696.50054738334
Tuguegarao (TUG)-Manila (MNL),2026-01-01,27081.47055840592,17874.00924072561,36288.93187608623,22007.3262231856,14955.583054434366,29059.06939193683
Tuguegarao (TUG)-Manila (MNL),2026-02-01,27575.570411445166,18368.109093764855,36783.031729125476,22369.895067739086,15318.151898987853,29421.63823649032
Tuguegarao (TUG)-Manila (MNL),2026-03-01,28021.854149674164,18814.392831993857,37229.31546735447,22697.376604755143,15645.63343600391,29749.119773506376
Tuguegarao (TUG)-Manila (MNL),2026-04-01,28515.95400271341,19308.492685033103,37723.41532039372,23059.94544930863,16008.202280557398,30111.688618059863
Tuguegarao (TUG)-Manila (MNL),2026-05-01,28994.115150815913,19786.653833135606,38201.57646849622,23410.818524682978,16359.075355931745,30462.56169343421
Tuguegarao (TUG)-Manila (MNL),2026-06-01,29488.215003855155,20280.753686174845,38695.676321535466,23773.387369236465,16721.644200485232,30825.130537987698
Tuguegarao (TUG)-Manila (MNL),2026-07-01,29966.37615195766,20758.914834277348,39173.83746963797,24124.260444610816,17072.517275859584,31176.00361336205
Tuguegarao (TUG)-Manila (MNL),2026-08-01,30460.476004996905,21253.014687316594,39667.937322677215,24486.829289164303,17435.08612041307,31538.572457915536
Tuguegarao (TUG)-Manila (MNL),2026-09-01,30954.575858036154,21747.114540355848,40162.03717571646,24849.398133717794,17797.65496496656,31901.141302469026
Virac (VRC)-Manila (MNL),2025-10-01,1501.0596787755437,0.0,4864.382664086455,1501.0596787755437,0.0,4864.382664086455
Virac (VRC)-Manila (MNL),2025-11-01,1490.8526272736178,0.0,4854.1756125845295,1490.8526272736178,0.0,4854.1756125845295
Virac (VRC)-Manila (MNL),2025-12-01,1480.9748354975604,0.0,4844.297820808472,1480.9748354975604,0.0,4844.297820808472
Virac (VRC)-Manila (MNL),2026-01-01,1470.7677839956345,0.0,4834.0907693065465,1470.7677839956345,0.0,4834.0907693065465
Virac (VRC)-Manila (MNL),2026-02-01,1460.5607324937087,0.0,4823.883717804621,1460.5607324937087,0.0,4823.883717804621
Virac (VRC)-Manila (MNL),2026-03-01,1451.3414601693885,0.0,4814.664445480301,1451.3414601693885,0.0,4814.664445480301
Virac (VRC)-Manila (MNL),2026-04-01,1441.1344086674626,0.0,4804.457393978375,1441.1344086674626,0.0,4804.457393978375
Virac (VRC)-Manila (MNL),2026-05-01,1431.256616891405,0.0,4794.579602202317,1431.256616891405,0.0,4794.579602202317
Virac (VRC)-Manila (MNL),2026-06-01,1421.049565389479,0.0,4784.372550700391,1421.049565389479,0.0,4784.372550700391
Virac (VRC)-Manila (MNL),2026-07-01,1411.171773613422,0.0,4774.494758924334,1411.171773613422,0.0,4774.494758924334
Virac (VRC)-Manila (MNL),2026-08-01,1400.9647221114958,0.0,4764.287707422408,1400.9647221114958,0.0,4764.287707422408
Virac (VRC)-Manila (MNL),2026-09-01,1390.75767060957,0.0,4754.080655920482,1390.75767060957,0.0,4754.080655920482
Zamboanga (ZAM)-Cebu (CEB),2025-12-01,3997.761102851804,0.0,9355.883285572905,2958.7648314855396,0.0,8288.075392755814
Zamboanga (ZAM)-Cebu (CEB),2026-01-01,3966.167687161186,0.0,9324.289869882286,2935.857891749372,0.0,8265.168453019647
Zamboanga (ZAM)-Cebu (CEB),2026-02-01,3934.574271470569,0.0,9292.69645419167,2912.950952013204,0.0,8242.26151328348
Zamboanga (ZAM)-Cebu (CEB),2026-03-01,3906.0382831048496,0.0,9264.160465825951,2892.260812896666,0.0,8221.571374166942
Zamboanga (ZAM)-Cebu (CEB),2026-04-01,3874.4448674142322,0.0,9232.567050135334,2869.353873160498,0.0,8198.664434430773
Zamboanga (ZAM)-Cebu (CEB),2026-05-01,3843.870594165247,0.0,9201.992776886349,2847.1858669642065,0.0,8176.496428234483
Zamboanga (ZAM)-Cebu (CEB),2026-06-01,3812.277178474629,0.0,9170.39936119573,2824.278927228039,0.0,8153.5894884983145
Zamboanga (ZAM)-Cebu (CEB),2026-07-01,3781.7029052256444,0.0,9139.825087946745,2802.1109210317477,0.0,8131.421482302023
Zamboanga (ZAM)-Cebu (CEB),2026-08-01,3750.109489535027,0.0,9108.231672256128,2779.20398129558,0.0,8108.514542565856
Zamboanga (ZAM)-Cebu (CEB),2026-09-01,3718.516073844409,0.0,9076.638256565511,2756.2970415594123,0.0,8085.607602829688
Zamboanga (ZAM)-Cebu (CEB),2026-10-01,3687.941800595424,0.0,9046.063983316526,2734.129035363121,0.0,8063.439596633397
Zamboanga (ZAM)-Cebu (CEB),2026-11-01,3656.348384904806,0.0,9014.470567625907,2711.2220956269534,0.0,8040.532656897229
Zamboanga (ZAM)-Davao City (DVO),2025-10-01,2768.030056408517,0.0,5590.991231505925,2769.819210874275,0.0,5602.66964603503
Zamboanga (ZAM)-Davao City (DVO),2025-11-01,2837.4947698522,14.53359475479283,5660.455944949607,2839.9639564171794,7.113521256424065,5672.814391577935
Zamboanga (ZAM)-Davao City (DVO),2025-12-01,2904.7186860880224,81.75751099061517,5727.67986118543,2907.8459682328935,74.99553307213819,5740.696403393649
Zamboanga (ZAM)-Davao City (DVO),2026-01-01,2974.1833995317056,151.22222443429837,5797.144574629113,2977.9907137757978,145.14027861504246,5810.8411489365535
Zamboanga (ZAM)-Davao City (DVO),2026-02-01,3043.6481129753884,220.6869378779811,5866.609288072796,3048.135459318702,215.28502415794674,5880.985894479458
Zamboanga (ZAM)-Davao City (DVO),2026-03-01,3106.3904347954895,283.4292596980822,5929.351609892897,3111.492003680035,278.64156851927964,5944.34243884079
Zamboanga (ZAM)-Davao City (DVO),2026-04-01,3175.855148239172,352.89397314176495,5998.816323336579,3181.636749222939,348.7863140621839,6014.4871843836945
Zamboanga (ZAM)-Davao City (DVO),2026-05-01,3243.0790644749945,420.1178893775873,6066.040239572401,3249.518761038653,416.6683258778976,6082.369196199408
Zamboanga (ZAM)-Davao City (DVO),2026-06-01,3312.5437779186777,489.5826028212705,6135.504953016085,3319.663506581557,486.81307142080186,6152.513941742312
Zamboanga (ZAM)-Davao City (DVO),2026-07-01,3379.7676941544996,556.8065190570924,6202.728869251907,3387.5455183972717,554.6950832365164,6220.395953558027
Zamboanga (ZAM)-Davao City (DVO),2026-08-01,3449.2324075981833,626.271232500776,6272.1935826955905,3457.690263940176,624.8398287794207,6290.540699100931
Zamboanga (ZAM)-Davao City (DVO),2026-09-01,3518.697121041866,695.7359459444588,6341.658296139273,3527.8350094830803,694.984574322325,6360.685444643836
Zamboanga (ZAM)-Iloilo (ILO),2025-12-01,1749.68604751597,379.6354728473684,3119.7366221845714,1749.68604751597,379.6354728473684,3119.7366221845714
Zamboanga (ZAM)-Iloilo (ILO),2026-01-01,1713.7485182988019,343.69794363020037,3083.7990929674033,1713.7485182988019,343.69794363020037,3083.7990929674033
Zamboanga (ZAM)-Iloilo (ILO),2026-02-01,1677.8109890816336,307.7604144130321,3047.8615637502353,1677.8109890816336,307.7604144130321,3047.8615637502353
Zamboanga (ZAM)-Iloilo (ILO),2026-03-01,1645.3512852725787,275.3007106039772,3015.40185994118,1645.3512852725787,275.3007106039772,3015.40185994118
Zamboanga (ZAM)-Iloilo (ILO),2026-04-01,1609.4137560554107,239.36318138680917,2979.464330724012,1609.4137560554107,239.36318138680917,2979.464330724012
Zamboanga (ZAM)-Iloilo (ILO),2026-05-01,1574.6355019742805,204.584927305679,2944.6860766428817,1574.6355019742805,204.584927305679,2944.6860766428817
Zamboanga (ZAM)-Iloilo (ILO),2026-06-01,1538.697972757112,168.6473980885105,2908.7485474257137,1538.697972757112,168.6473980885105,2908.7485474257137
Zamboanga (ZAM)-Iloilo (ILO),2026-07-01,1503.9197186759818,133.86914400738033,2873.9702933445833,1503.9197186759818,133.86914400738033,2873.9702933445833
Zamboanga (ZAM)-Iloilo (ILO),2026-08-01,1467.9821894588135,97.93161479021205,2838.0327641274152,1467.9821894588135,97.93161479021205,2838.0327641274152
Zamboanga (ZAM)-Iloilo (ILO),2026-09-01,1432.0446602416455,61.994085573044,2802.095234910247,1432.0446602416455,61.994085573044,2802.095234910247
Zamboanga (ZAM)-Iloilo (ILO),2026-10-01,1397.2664061605153,27.215831491913832,2767.316980829117,1397.2664061605153,27.215831491913832,2767.316980829117
Zamboanga (ZAM)-Iloilo (ILO),2026-11-01,1361.328876943347,0.0,2731.3794516119488,1361.328876943347,0.0,2731.3794516119488
Zamboanga (ZAM)-Manila (MNL),2025-12-01,27826.182817022363,13182.669547838585,42469.69608620614,19116.81317079313,8374.429733403189,29859.196608183076
Zamboanga (ZAM)-Manila (MNL),2026-01-01,27904.25024867626,13260.736979492482,42547.76351786004,19175.313736329503,8432.93029893956,29917.697173719447
Zamboanga (ZAM)-Manila (MNL),2026-02-01,27982.317680330154,13338.804411146375,42625.83094951393,19233.814301865877,8491.430864475935,29976.19773925582
Zamboanga (ZAM)-Manila (MNL),2026-03-01,28052.83019924335,13409.316930059573,42696.343468427134,19286.653522350345,8544.270084960403,30029.03695974029
Zamboanga (ZAM)-Manila (MNL),2026-04-01,28130.89763089725,13487.38436171347,42774.41090008103,19345.15408788672,8602.770650496777,30087.53752527666
Zamboanga (ZAM)-Manila (MNL),2026-05-01,28206.446758304246,13562.933489120467,42849.96002748802,19401.76753840579,8659.384101015849,30144.150975795732
Zamboanga (ZAM)-Manila (MNL),2026-06-01,28284.514189958143,13641.000920774364,42928.02745914192,19460.268103942166,8717.884666552223,30202.65154133211
Zamboanga (ZAM)-Manila (MNL),2026-07-01,28360.063317365137,13716.550048181358,43003.576586548916,19516.881554461237,8774.498117071294,30259.26499185118
Zamboanga (ZAM)-Manila (MNL),2026-08-01,28438.130749019034,13794.617479835255,43081.64401820282,19575.382119997612,8832.99868260767,30317.765557387553
Zamboanga (ZAM)-Manila (MNL),2026-09-01,28516.19818067293,13872.684911489152,43159.71144985671,19633.882685533987,8891.499248144044,30376.26612292393
Zamboanga (ZAM)-Manila (MNL),2026-10-01,28591.747308079925,13948.234038896146,43235.2605772637,19690.496136053058,8948.112698663115,30432.879573443002
Zamboanga (ZAM)-Manila (MNL),2026-11-01,28669.81473973382,14026.301470550043,43313.3280089176,19748.996701589433,9006.61326419949,30491.380138979373
Zamboanga (ZAM)-Tawi Tawi (TWT),2025-12-01,4489.118562698028,0.0,9661.34338848248,2964.5057260842295,0.0,7867.650294145684
Zamboanga (ZAM)-Tawi Tawi (TWT),2026-01-01,4457.929970616225,0.0,9630.154796400679,2935.315068695018,0.0,7838.459636756472
Zamboanga (ZAM)-Tawi Tawi (TWT),2026-02-01,4426.7413785344215,0.0,9598.966204318875,2906.1244113058065,0.0,7809.268979367261
Zamboanga (ZAM)-Tawi Tawi (TWT),2026-03-01,4398.571037299244,0.0,9570.795863083698,2879.7586562445836,0.0,7782.903224306037
Zamboanga (ZAM)-Tawi Tawi (TWT),2026-04-01,4367.382445217441,0.0,9539.607271001894,2850.567998855372,0.0,7753.712566916826
Zamboanga (ZAM)-Tawi Tawi (TWT),2026-05-01,4337.19993675118,0.0,9509.424762535633,2822.31897557549,0.0,7725.463543636944
Zamboanga (ZAM)-Tawi Tawi (TWT),2026-06-01,4306.011344669377,0.0,9478.23617045383,2793.128318186278,0.0,7696.2728862477325
Zamboanga (ZAM)-Tawi Tawi (TWT),2026-07-01,4275.828836203116,0.0,9448.05366198757,2764.8792949063964,0.0,7668.023862967851
Zamboanga (ZAM)-Tawi Tawi (TWT),2026-08-01,4244.640244121313,0.0,9416.865069905765,2735.6886375171853,0.0,7638.8332055786395
Zamboanga (ZAM)-Tawi Tawi (TWT),2026-09-01,4213.45165203951,0.0,9385.676477823963,2706.4979801279733,0.0,7609.6425481894275
Zamboanga (ZAM)-Tawi Tawi (TWT),2026-10-01,4183.269143573249,0.0,9355.493969357702,2678.2489568480914,0.0,7581.393524909546
Zamboanga (ZAM)-Tawi Tawi (TWT),2026-11-01,4152.0805514914455,0.0,9324.305377275898,2649.0582994588804,0.0,7552.202867520335
