Route,Date,Total_Market_Forecast,Total_Market_Lower_CI,Total_Market_Upper_CI,CebuPac_Forecast,CebuPac_Lower_CI,CebuPac_Upper_CI
Angeles City (CRK)-Caticlan (MPH),2025-12-01,4187.190896972859,-369.13628507152316,8743.518079017242,4155.873985874638,-419.72497706380364,8731.47294881308
Angeles City (CRK)-Caticlan (MPH),2026-01-01,7061.998909081811,1159.7355742336658,12964.262243929956,7011.697482731032,1074.8910118694384,12948.503953592626
Angeles City (CRK)-Caticlan (MPH),2026-02-01,7061.998909081811,1159.7355742336658,12964.262243929956,7011.697482731032,1074.8910118694384,12948.503953592626
Angeles City (CRK)-Caticlan (MPH),2026-03-01,7061.998909081811,1159.7355742336658,12964.262243929956,7011.697482731032,1074.8910118694384,12948.503953592626
Angeles City (CRK)-Caticlan (MPH),2026-04-01,7061.998909081811,1159.7355742336658,12964.262243929956,7011.697482731032,1074.8910118694384,12948.503953592626
Angeles City (CRK)-Caticlan (MPH),2026-05-01,7061.998909081811,1159.7355742336658,12964.262243929956,7011.697482731032,1074.8910118694384,12948.503953592626
Angeles City (CRK)-Caticlan (MPH),2026-06-01,7061.998909081811,1159.7355742336658,12964.262243929956,7011.697482731032,1074.8910118694384,12948.503953592626
Angeles City (CRK)-Caticlan (MPH),2026-07-01,7061.998909081811,1159.7355742336658,12964.262243929956,7011.697482731032,1074.8910118694384,12948.503953592626
Angeles City (CRK)-Caticlan (MPH),2026-08-01,7061.998909081811,1159.7355742336658,12964.262243929956,7011.697482731032,1074.8910118694384,12948.503953592626
Angeles City (CRK)-Caticlan (MPH),2026-09-01,7061.998909081811,1159.7355742336658,12964.262243929956,7011.697482731032,1074.8910118694384,12948.503953592626
Angeles City (CRK)-Caticlan (MPH),2026-10-01,7061.998909081811,1159.7355742336658,12964.262243929956,7011.697482731032,1074.8910118694384,12948.503953592626
Angeles City (CRK)-Caticlan (MPH),2026-11-01,7061.998909081811,1159.7355742336658,12964.262243929956,7011.697482731032,1074.8910118694384,12948.503953592626
Angeles City (CRK)-Cebu (CEB),2025-12-01,3737.831515599646,-1453.4192565586409,8929.082287757934,3661.1961403519117,-1560.8359832599554,8883.228263963778
Angeles City (CRK)-Cebu (CEB),2026-01-01,4201.752283944777,-2333.6963257427915,10737.200893632347,4058.465865442923,-2467.9075188023044,10584.83924968815
Angeles City (CRK)-Cebu (CEB),2026-02-01,4556.558564229095,-2649.838098666878,11762.955227125069,4356.2701976449935,-2799.4758374973517,11512.016232787339
Angeles City (CRK)-Cebu (CEB),2026-03-01,4827.914160095717,-2743.4221956530155,12399.250515844451,4579.512530692154,-2906.719137996546,12065.744199380853
Angeles City (CRK)-Cebu (CEB),2026-04-01,5035.4467306835995,-2741.4154858987768,12812.308947265976,4746.861134709516,-2918.8337934599367,12412.556062878968
Angeles City (CRK)-Cebu (CEB),2026-05-01,5194.167496022024,-2700.4307487744927,13088.76574081854,4872.31025936386,-2892.4123962099593,12637.032914937678
Angeles City (CRK)-Cebu (CEB),2026-06-01,5315.557026726783,-2647.1002542753768,13278.214307728944,4966.350379799573,-2853.4697270516153,12786.17048665076
Angeles City (CRK)-Cebu (CEB),2026-07-01,5408.395655203042,-2593.8022755876327,13410.593585993716,5036.845445236899,-2813.7665048059635,12887.457395279762
Angeles City (CRK)-Cebu (CEB),2026-08-01,5479.398573554508,-2545.837091631117,13504.634238740135,5089.6904886926895,-2778.1717891661237,12957.552766551504
Angeles City (CRK)-Cebu (CEB),2026-09-01,5533.701556021708,-2504.97869096858,13572.381803011995,5129.304589346686,-2748.234785172129,13006.8439638655
Angeles City (CRK)-Cebu (CEB),2026-10-01,5575.2324391642305,-2471.3013728217875,13621.76625115025,5159.000410714263,-2723.9717122629,13041.972533691427
Angeles City (CRK)-Cebu (CEB),2026-11-01,5606.99522964521,-2444.1287226809354,13658.119181971357,5181.2612166428735,-2704.7621504797225,13067.28458376547
Angeles City (CRK)-Manila (MNL),2025-09-01,324.9108888888889,-88.82918740692418,738.650965184702,36.367795004768396,-82.55653513220338,155.29212514174017
Angeles City (CRK)-Manila (MNL),2025-10-01,292.8748888888889,-120.86518740692418,706.614965184702,58.88311123644726,-60.04121890052451,177.80744137341904
Angeles City (CRK)-Manila (MNL),2025-11-01,294.9208888888889,-118.81918740692419,708.660965184702,57.445155904632585,-61.47917423233919,176.36948604160438
Angeles City (CRK)-Manila (MNL),2025-12-01,336.4108888888889,-77.32918740692446,750.1509651847023,28.2854458767778,-90.63888426019398,147.20977601374958
Angeles City (CRK)-Manila (MNL),2026-01-01,282.4588888888889,-131.28118740692446,696.1989651847023,171.8279663898909,52.903636252919114,290.75229652686266
Angeles City (CRK)-Manila (MNL),2026-02-01,289.1548888888889,-124.58518740692449,702.8949651847022,61.4975754761103,-57.42675466086148,180.42190561308206
Angeles City (CRK)-Manila (MNL),2026-03-01,289.1548888888889,-124.58518740692449,702.8949651847022,61.4975754761103,-57.42675466086148,180.42190561308206
Angeles City (CRK)-Manila (MNL),2026-04-01,412.6708888888889,-1.0691874069244705,826.4109651847023,171.8279663898909,52.903636252919114,290.75229652686266
Angeles City (CRK)-Manila (MNL),2026-05-01,412.6708888888889,-1.0691874069244705,826.4109651847023,171.8279663898909,52.903636252919114,290.75229652686266
Angeles City (CRK)-Manila (MNL),2026-06-01,608.3528888888889,194.6128125930755,1022.0929651847023,171.8279663898909,52.903636252919114,290.75229652686266
Angeles City (CRK)-Manila (MNL),2026-07-01,778.356888888889,364.6168125930756,1192.0969651847024,57.445155904632585,-61.47917423233919,176.36948604160438
Angeles City (CRK)-Manila (MNL),2026-08-01,469.4488888888889,55.70881259307555,883.1889651847023,40.408969568763695,-78.51536056820808,159.33329970573547
Bacolod City (BCD)-Cebu (CEB),2025-12-01,2029.8160000000003,-356.56285927732824,4416.194859277329,6.152923198589292,-1325.8122507336893,1338.1180971308677
Bacolod City (BCD)-Cebu (CEB),2026-01-01,2029.8160000000003,-1345.0333477504332,5404.665347750433,1929.1321204207698,430.8650581838465,3427.399182657693
Bacolod City (BCD)-Cebu (CEB),2026-02-01,2029.8160000000003,-2103.513430376592,6163.145430376593,2131.9273166496228,592.5532057347773,3671.301427564468
Bacolod City (BCD)-Cebu (CEB),2026-03-01,2029.8160000000003,-2742.941718554656,6802.573718554657,2488.089851399153,937.9930893279295,4038.186613470376
Bacolod City (BCD)-Cebu (CEB),2026-04-01,2029.8160000000003,-3306.2893494125105,7365.921349412511,891.0261979527681,-661.9028325455811,2443.9552284511174
Bacolod City (BCD)-Cebu (CEB),2026-05-01,2029.8160000000003,-3815.594538194436,7875.226538194436,-22.756747073479183,-1576.436305352471,1530.9228112055127
Bacolod City (BCD)-Cebu (CEB),2026-06-01,2029.8160000000003,-4283.948995629813,8343.580995629813,-11.721331257894064,-1565.5999420010553,1542.1572794852673
Bacolod City (BCD)-Cebu (CEB),2026-07-01,2029.8160000000003,-4719.882695500866,8779.514695500868,-6.0373130664794585,-1559.9687276945729,1547.8941015616138
Bacolod City (BCD)-Cebu (CEB),2026-08-01,2029.8160000000003,-5129.320577831984,9188.952577831986,-3.109642434014128,-1557.0550655111222,1550.8357806430938
Bacolod City (BCD)-Cebu (CEB),2026-09-01,2029.8160000000003,-5516.576555390795,9576.208555390796,-1.6016853790655412,-1555.550824844534,1552.347454086403
Bacolod City (BCD)-Cebu (CEB),2026-10-01,2029.8160000000003,-5884.907283859227,9944.539283859227,470.12701895862665,-1083.823106454701,2024.0771443719543
Bacolod City (BCD)-Cebu (CEB),2026-11-01,2029.8160000000003,-6236.842860753184,10296.474860753186,507.6630765240656,-1046.287310458874,2061.6134635070052
Bacolod City (BCD)-Davao City (DVO),2025-10-01,2259.910662396083,690.387566425765,3829.433758366401,2259.910662396083,690.387566425765,3829.433758366401
Bacolod City (BCD)-Davao City (DVO),2025-11-01,3155.059626427553,958.9806353379317,5351.138617517175,3155.059626427553,958.9806353379317,5351.138617517175
Bacolod City (BCD)-Davao City (DVO),2025-12-01,3290.483854678567,610.5355116267524,5970.432197730381,3290.483854678567,610.5355116267524,5970.432197730381
Bacolod City (BCD)-Davao City (DVO),2026-01-01,3272.876758561551,183.947606290958,6361.805910832144,3272.876758561551,183.947606290958,6361.805910832144
Bacolod City (BCD)-Davao City (DVO),2026-02-01,3052.8768320841555,-396.88308623886905,6502.63675040718,3052.8768320841555,-396.88308623886905,6502.63675040718
Bacolod City (BCD)-Davao City (DVO),2026-03-01,3181.1856725851903,-595.0828136838995,6957.45415885428,3181.1856725851903,-595.0828136838995,6957.45415885428
Bacolod City (BCD)-Davao City (DVO),2026-04-01,2456.567470105234,-1620.1424615320411,6533.277401742509,2456.567470105234,-1620.1424615320411,6533.277401742509
Bacolod City (BCD)-Davao City (DVO),2026-05-01,2538.390978279296,-1818.0897175382534,6894.871674096846,2538.390978279296,-1818.0897175382534,6894.871674096846
Bacolod City (BCD)-Davao City (DVO),2026-06-01,2600.580241082841,-2018.7578326407001,7219.918314806382,2600.580241082841,-2018.7578326407001,7219.918314806382
Bacolod City (BCD)-Davao City (DVO),2026-07-01,2783.0141071733156,-2085.008533044463,7651.036747391094,2783.0141071733156,-2085.008533044463,7651.036747391094
Bacolod City (BCD)-Davao City (DVO),2026-08-01,2175.927712404313,-2928.678502769766,7280.533927578392,2175.927712404313,-2928.678502769766,7280.533927578392
Bacolod City (BCD)-Davao City (DVO),2026-09-01,1630.7826100168757,-3699.917606494533,6961.482826528285,1630.7826100168757,-3699.917606494533,6961.482826528285
Bacolod City (BCD)-Manila (MNL),2025-12-01,12203.433369931401,-4479.783408910505,28886.650148773308,4031.4860375068006,-3481.3633462776174,11544.335421291218
Bacolod City (BCD)-Manila (MNL),2026-01-01,16360.502509202764,-6059.8759582070925,38780.88097661262,6159.384452497167,-5555.323777457571,17874.092682451905
Bacolod City (BCD)-Manila (MNL),2026-02-01,7271.2712555609905,-18872.606136050927,33415.14864717291,3364.781068364075,-10451.20382939717,17180.76596612532
Bacolod City (BCD)-Manila (MNL),2026-03-01,18896.092838976147,-9900.727983118115,47692.91366107041,5481.363814983255,-10421.908138366078,21384.635768332588
Bacolod City (BCD)-Manila (MNL),2026-04-01,22958.313652443794,-7810.830775669474,53727.45808055706,7415.280222774894,-9923.05334156111,24753.6137871109
Bacolod City (BCD)-Manila (MNL),2026-05-01,34774.64981331036,2503.3620772041468,67045.93754941657,9766.244316788341,-8941.484991192765,28473.973624769445
Bacolod City (BCD)-Manila (MNL),2026-06-01,25742.505474226782,-7690.474696484023,59175.48564493759,8057.975064557562,-11714.925961714256,27830.87609082938
Bacolod City (BCD)-Manila (MNL),2026-07-01,26236.45477325954,-8104.2989408223,60577.20848734138,6639.939069289363,-14121.082444234644,27400.96058281337
Bacolod City (BCD)-Manila (MNL),2026-08-01,29316.175092103593,-5739.170485973678,64371.520670180864,8274.640229385563,-13301.446583923384,29850.72704269451
Bacolod City (BCD)-Manila (MNL),2026-09-01,-10283.334518772324,-45904.2338031994,25337.56476565475,2426.702450564314,-19897.773386398843,24751.17828752747
Bacolod City (BCD)-Manila (MNL),2026-10-01,-32359.452584999664,-68429.75454612655,3710.849376127233,-3514.2884635166947,-26482.58908247615,19454.01215544276
Bacolod City (BCD)-Manila (MNL),2026-11-01,-35745.0981294612,-72173.59950101096,683.403242088556,-4740.630058166437,-28292.340757410915,18811.080641078042
Busuanga (USU)-Cebu (CEB),2025-12-01,5084.836623602279,2737.2004835124944,7432.472763692064,15.959999999999999,-45.96446876458188,77.88446876458188
Busuanga (USU)-Cebu (CEB),2026-01-01,6701.295719022094,3867.299850408101,9535.291587636088,78.24000000000001,16.315531235418128,140.1644687645819
Busuanga (USU)-Cebu (CEB),2026-02-01,5908.404244211307,2877.911071512614,8938.89741691,78.456,16.53153123541812,140.38046876458188
Busuanga (USU)-Cebu (CEB),2026-03-01,7186.338008383234,4070.120017906448,10302.555998860022,15.959999999999999,-45.96446876458188,77.88446876458188
Busuanga (USU)-Cebu (CEB),2026-04-01,6664.351090528164,3509.7106564539604,9818.991524602367,136.632,74.70753123541812,198.5564687645819
Busuanga (USU)-Cebu (CEB),2026-05-01,7244.805635576796,4072.751235513529,10416.860035640062,15.959999999999999,-45.96446876458188,77.88446876458188
Busuanga (USU)-Cebu (CEB),2026-06-01,7024.813553277008,3844.8282258135546,10204.798880740462,78.96000000000001,17.035531235418127,140.8844687645819
Busuanga (USU)-Cebu (CEB),2026-07-01,4006.785064573003,823.1798289516423,7190.390300194364,79.896,17.97153123541812,141.82046876458188
Busuanga (USU)-Cebu (CEB),2026-08-01,4898.4154769795605,1713.1563751104095,8083.6745788487115,74.49600000000001,12.571531235418128,136.4204687645819
Busuanga (USU)-Cebu (CEB),2026-09-01,2716.8494786908595,-469.16558295795085,5902.8645403396695,15.959999999999999,-45.96446876458188,77.88446876458188
Busuanga (USU)-Cebu (CEB),2026-10-01,2125.6521178560447,-1060.7085537207358,5312.012789432825,15.959999999999999,-45.96446876458188,77.88446876458188
Busuanga (USU)-Cebu (CEB),2026-11-01,1329.4928234774907,-1857.025868983737,4516.011515938719,15.959999999999999,-45.96446876458188,77.88446876458188
Busuanga (USU)-Manila (MNL),2025-10-01,6727.433510401721,4949.077287024383,8505.78973377906,47.44148498298794,2.9391923522896164,91.94377761368625
Busuanga (USU)-Manila (MNL),2025-11-01,8145.389442034129,6043.186105540053,10247.592778528206,8.991736155068878,-36.30282826943134,54.286300579569094
Busuanga (USU)-Manila (MNL),2025-12-01,9362.877658172743,7145.077174082275,11580.678142263212,40.15398129685137,-18.75566278778838,99.06362538149112
Busuanga (USU)-Manila (MNL),2026-01-01,9395.699633416618,7133.603595969869,11657.795670863366,14.898015994643107,-45.646574580771,75.44260657005721
Busuanga (USU)-Manila (MNL),2026-02-01,8941.362080571445,6661.903217214996,11220.820943927894,35.36713753720798,-33.6712171774018,104.40549225181776
Busuanga (USU)-Manila (MNL),2026-03-01,9353.837603839529,7067.515854166058,11640.159353513001,18.77759396954797,-52.47236097687171,90.02754891596764
Busuanga (USU)-Manila (MNL),2026-04-01,9129.747639972924,6840.704486583654,11418.790793362194,32.22286836547127,-45.173509180751765,109.6192459116943
Busuanga (USU)-Manila (MNL),2026-05-01,9908.31998464524,7618.196320460906,12198.443648829576,21.325919763818483,-58.61397629521095,101.26581582284791
Busuanga (USU)-Manila (MNL),2026-06-01,9197.616106853504,6907.063219839015,11488.168993867992,30.157534897167228,-54.64024324712639,114.95531304146084
Busuanga (USU)-Manila (MNL),2026-07-01,9286.71464364284,6995.99121797889,11577.438069306789,22.999803984151416,-64.49955782859398,110.4991657968968
Busuanga (USU)-Manila (MNL),2026-08-01,9769.517704169188,7478.726514807791,12060.308893530584,28.80090729872891,-62.774381973725845,120.37619657118367
Busuanga (USU)-Manila (MNL),2026-09-01,6520.0466198255,4229.228503649253,8810.864736001746,24.09930562141427,-70.22500944238539,118.42362068521393
Butuan (BXU)-Manila (MNL),2025-12-01,-94.55290820887512,-8835.002005063881,8645.896188646133,1817.3432833417537,-4934.26263032833,8568.949197011836
Butuan (BXU)-Manila (MNL),2026-01-01,6718.618861829965,-7997.701992085477,21434.939715745408,5157.727784032943,-5165.898639964166,15481.354208030054
Butuan (BXU)-Manila (MNL),2026-02-01,9367.974626183586,-7331.679143875441,26067.628396242613,7657.369753876211,-4205.656642123621,19520.396149876044
Butuan (BXU)-Manila (MNL),2026-03-01,13097.919405251976,-4948.821095933947,31144.659906437897,9527.875971381727,-3115.564781293575,22171.31672405703
Butuan (BXU)-Manila (MNL),2026-04-01,14953.23465780322,-3680.3202679376736,33586.789583544116,10927.593831754417,-2132.501142183026,23987.68880569186
Butuan (BXU)-Manila (MNL),2026-05-01,16877.860027570317,-2126.641940951511,35882.36199609215,11975.016219507332,-1312.6864964657652,25262.71893548043
Butuan (BXU)-Manila (MNL),2026-06-01,18006.392629994436,-1179.0820502660645,37191.86731025494,12758.812504048492,-654.6563512080029,26172.281359304987
Butuan (BXU)-Manila (MNL),2026-07-01,19022.15043387508,-272.362367804064,38316.663235554224,13345.334830517466,-138.04660280734606,26828.716263842278
Butuan (BXU)-Manila (MNL),2026-08-01,19679.62079167129,328.75986045389436,39030.48172288868,13784.235149683898,261.8628274934599,27306.607471874337
Butuan (BXU)-Manila (MNL),2026-09-01,20226.245377175463,842.5020087029225,39609.98874564801,14112.668495647216,568.5115746678348,27656.825416626598
Butuan (BXU)-Manila (MNL),2026-10-01,20601.287960674632,1200.0165041440414,40002.55941720522,14358.43833911766,802.098044239594,27914.778633995724
Butuan (BXU)-Manila (MNL),2026-11-01,20899.16211250333,1487.86470207815,40310.45952292851,14542.350285641603,979.1924792510326,28105.508092032174
Cagayan de Oro (CGY)-Cebu (CEB),2025-12-01,4380.436072439521,1309.2711209704762,7451.601023908566,772.0479081754651,-1286.0080973677964,2830.1039137187267
Cagayan de Oro (CGY)-Cebu (CEB),2026-01-01,7129.032232523041,2296.3920209455373,11961.672444100544,1636.9357022662443,-740.9087765819081,4014.780181114397
Cagayan de Oro (CGY)-Cebu (CEB),2026-02-01,9456.096963793112,3917.0717711150983,14995.122156471127,1349.935761011844,-1125.7930607049607,3825.664582728649
Cagayan de Oro (CGY)-Cebu (CEB),2026-03-01,10648.65322842201,5007.3399525181185,16289.966504325901,1351.4988434640227,-1156.1586235212644,3859.15631044931
Cagayan de Oro (CGY)-Cebu (CEB),2026-04-01,10713.552940966483,5063.699629845691,16363.406252087276,81.52126938174297,-2436.73898108603,2599.781519849516
Cagayan de Oro (CGY)-Cebu (CEB),2026-05-01,10083.150824197037,4343.153367352962,15823.14828104111,47.177621813749404,-2474.623659017853,2568.9789026453514
Cagayan de Oro (CGY)-Cebu (CEB),2026-06-01,9278.65495457599,3444.060524399125,15113.249384752855,1247.5039582917016,-1275.4821438161734,3770.4900603995766
Cagayan de Oro (CGY)-Cebu (CEB),2026-07-01,8676.164473924395,2803.379608961188,14548.949338887602,15.800333979126444,-2507.58245418912,2539.1831221473735
Cagayan de Oro (CGY)-Cebu (CEB),2026-08-01,8422.636607779088,2546.77698240498,14298.496233153197,9.143898109676627,-2514.371730892323,2532.659527111676
Cagayan de Oro (CGY)-Cebu (CEB),2026-09-01,8472.936811069565,2594.711303255426,14351.162318883704,5.291715526431587,-2518.2684018518935,2528.851832904757
Cagayan de Oro (CGY)-Cebu (CEB),2026-10-01,8684.829390660805,2798.1356450385692,14571.523136283042,227.21434111043106,-2296.3606757669777,2750.78935798784
Cagayan de Oro (CGY)-Cebu (CEB),2026-11-01,8912.350092318247,3018.7949627882863,14805.905221848208,360.4153663843085,-2163.1646404888843,2883.9953732575013
Cagayan de Oro (CGY)-Davao City (DVO),2025-10-01,729.2160000000001,159.22899063193677,1299.2030093680635,0.0,-53.95388856641861,53.95388856641861
Cagayan de Oro (CGY)-Davao City (DVO),2025-11-01,607.6800000000001,-198.40335902479546,1413.7633590247956,0.0,-53.95388856641861,53.95388856641861
Cagayan de Oro (CGY)-Davao City (DVO),2025-12-01,616.8960000000001,-370.3504598797234,1604.1424598797234,0.0,-53.95388856641861,53.95388856641861
Cagayan de Oro (CGY)-Davao City (DVO),2026-01-01,694.152,-445.8220187361269,1834.126018736127,0.0,-53.95388856641861,53.95388856641861
Cagayan de Oro (CGY)-Davao City (DVO),2026-02-01,635.3280000000001,-639.2016992387995,1909.8576992387998,0.0,-53.95388856641861,53.95388856641861
Cagayan de Oro (CGY)-Davao City (DVO),2026-03-01,573.1199999999999,-823.0573329667309,1969.2973329667307,0.0,-53.95388856641861,53.95388856641861
Cagayan de Oro (CGY)-Davao City (DVO),2026-04-01,600.768,-907.2758773253393,2108.811877325339,0.0,-53.95388856641861,53.95388856641861
Cagayan de Oro (CGY)-Davao City (DVO),2026-05-01,755.1360000000001,-857.0307180495914,2367.3027180495915,0.0,-53.95388856641861,53.95388856641861
Cagayan de Oro (CGY)-Davao City (DVO),2026-06-01,454.39200000000005,-1255.5690281041907,2164.353028104191,0.0,-53.95388856641861,53.95388856641861
Cagayan de Oro (CGY)-Davao City (DVO),2026-07-01,530.4960000000002,-1271.961186310812,2332.9531863108123,0.0,-53.95388856641861,53.95388856641861
Cagayan de Oro (CGY)-Davao City (DVO),2026-08-01,396.36000000000024,-1494.0730454506552,2286.7930454506554,0.0,-53.95388856641861,53.95388856641861
Cagayan de Oro (CGY)-Davao City (DVO),2026-09-01,60.768000000000086,-1913.7249197594474,2035.2609197594475,0.0,-53.95388856641861,53.95388856641861
Cagayan de Oro (CGY)-Manila (MNL),2025-12-01,10649.235343356415,-8201.482611684785,29499.953298397617,7070.315991755848,-1894.928583484365,16035.56056699606
Cagayan de Oro (CGY)-Manila (MNL),2026-01-01,9689.330036881604,-23214.71322989557,42593.37330365878,14817.748745072342,946.6468610966112,28688.850629048073
Cagayan de Oro (CGY)-Manila (MNL),2026-02-01,-4370.019040188263,-49212.02513793218,40471.98705755565,22139.68921771825,6119.646159564512,38159.73227587198
Cagayan de Oro (CGY)-Manila (MNL),2026-03-01,546.9280639499542,-54525.2457794432,55619.10190734311,26911.24700327884,10357.087499671936,43465.406506885745
Cagayan de Oro (CGY)-Manila (MNL),2026-04-01,11696.74274031122,-52310.8050471747,75704.29052779714,28884.480543014914,12304.881230464394,45464.07985556543
Cagayan de Oro (CGY)-Manila (MNL),2026-05-01,14407.855670700954,-57559.39019581076,86375.10153721267,28828.871347236876,12219.071367129887,45438.671327343865
Cagayan de Oro (CGY)-Manila (MNL),2026-06-01,14949.952882605612,-64230.413417929194,94130.31918314041,27776.82429910905,11086.163429264157,44467.485168953935
Cagayan de Oro (CGY)-Manila (MNL),2026-07-01,15437.921514123102,-70371.16524363126,101247.00827187745,26562.55915022556,9810.164897095026,43314.95340335609
Cagayan de Oro (CGY)-Manila (MNL),2026-08-01,9765.439480475394,-82203.817085435,101734.6960463858,25654.88313920658,8879.596544767897,42430.16973364526
Cagayan de Oro (CGY)-Manila (MNL),2026-09-01,-18883.0793053024,-116628.28287838242,78862.12426777763,25190.261869895985,8411.998201864444,41968.525537927526
Cagayan de Oro (CGY)-Manila (MNL),2026-10-01,-41496.53218908721,-144696.2385730971,61703.17419492269,25095.45812281327,8317.069308519425,41873.84693710711
Cagayan de Oro (CGY)-Manila (MNL),2026-11-01,-52971.43023618473,-161352.0186550869,55409.158182717445,25215.7894806337,8435.762019410813,41995.81694185658
Caticlan (MPH)-Angeles City (CRK),2025-12-01,3460.0759422966253,-1778.8446236590266,8698.996508252278,2812.7664537028795,-2303.6677483458598,7929.200655751619
Caticlan (MPH)-Angeles City (CRK),2026-01-01,4810.082973071923,-1479.6334948998392,11099.799441043686,4125.885067539308,-2125.0361852569195,10376.806320335534
Caticlan (MPH)-Angeles City (CRK),2026-02-01,5706.979588126785,-994.3276898647055,12408.286866118275,5047.535128232408,-1692.4262795072636,11787.49653597208
Caticlan (MPH)-Angeles City (CRK),2026-03-01,6302.845772345761,-572.2958428896109,13177.987387581134,5694.421727375087,-1273.8501826978354,12662.69363744801
Caticlan (MPH)-Angeles City (CRK),2026-04-01,6698.718054095833,-251.76772477210034,13649.203832963767,6148.4576896097005,-929.5805947044473,13226.495973923847
Caticlan (MPH)-Angeles City (CRK),2026-05-01,6961.721506227322,-21.761112779890937,13945.204125234533,6467.135886492308,-664.3558865971645,13598.62765958178
Caticlan (MPH)-Angeles City (CRK),2026-06-01,7136.451637691161,138.45436290492398,14134.448912477397,6690.809343256671,-466.8686594244318,13848.487345937774
Caticlan (MPH)-Angeles City (CRK),2026-07-01,7252.536117168284,248.14193036174402,14256.930303974825,6847.800991101814,-322.7420737961902,14018.34405599982
Caticlan (MPH)-Angeles City (CRK),2026-08-01,7329.65851307436,322.4427144746787,14336.87431167404,6957.990093777051,-218.88225664942092,14134.862444203522
Caticlan (MPH)-Angeles City (CRK),2026-09-01,7380.8958875888875,372.43504716088864,14389.356728016886,7035.329484216154,-144.65883480843604,14215.317803240745
Caticlan (MPH)-Angeles City (CRK),2026-10-01,7414.936175319824,405.9258686063067,14423.946482033341,7089.612359457648,-91.91049391678825,14271.135212832085
Caticlan (MPH)-Angeles City (CRK),2026-11-01,7437.551330756338,428.2985142823709,14446.804147230305,7127.71235646763,-54.566339837078885,14309.99105277234
Caticlan (MPH)-Cebu (CEB),2025-12-01,5276.528740105707,249.02717723231763,10304.030302979096,2825.7120000000004,-880.418353807208,6531.842353807209
Caticlan (MPH)-Cebu (CEB),2026-01-01,7425.159888254828,649.8192928917115,14200.500483617943,2825.7120000000004,-2415.54781027675,8066.971810276751
Caticlan (MPH)-Cebu (CEB),2026-02-01,8806.240535780242,1428.6776411423189,16183.803430418164,2825.7120000000004,-3593.4940722673027,9244.918072267305
Caticlan (MPH)-Cebu (CEB),2026-03-01,9693.960960299024,2081.481383014103,17306.440537583945,2825.7120000000004,-4586.548707614415,10237.972707614415
Caticlan (MPH)-Cebu (CEB),2026-04-01,10264.563085178415,2557.1161434874703,17972.01002686936,2825.7120000000004,-5461.4474045882625,11112.871404588263
Caticlan (MPH)-Cebu (CEB),2026-05-01,10631.330341990571,2884.986911815371,18377.67377216577,2825.7120000000004,-6252.416287068146,11903.840287068146
Caticlan (MPH)-Cebu (CEB),2026-06-01,10867.078185898354,3104.721326148492,18629.435045648213,2825.7120000000004,-6979.787242561694,12631.211242561694
Caticlan (MPH)-Cebu (CEB),2026-07-01,11018.610376613055,3249.6471037022657,18787.573649523845,2825.7120000000004,-7656.807620553501,13308.231620553503
Caticlan (MPH)-Cebu (CEB),2026-08-01,11116.01107577609,3344.3199612856206,18887.70219026656,2825.7120000000004,-8292.679061421626,13944.103061421625
Caticlan (MPH)-Cebu (CEB),2026-09-01,11178.617550035477,3405.799690170181,18951.435409900772,2825.7120000000004,-8894.101223516467,14545.525223516466
Caticlan (MPH)-Cebu (CEB),2026-10-01,11218.85925931346,3445.575925213535,18992.142593413384,2825.7120000000004,-9466.131807725618,15117.555807725617
Caticlan (MPH)-Cebu (CEB),2026-11-01,11244.725516514023,3471.249876953636,19018.20115607441,2825.7120000000004,-10012.700144534607,15664.12414453461
Caticlan (MPH)-Manila (MNL),2025-12-01,31642.047256401478,7868.199346133457,55415.8951666695,17100.61242972304,5668.858235186446,28532.366624259637
Caticlan (MPH)-Manila (MNL),2026-01-01,58245.76991314834,24701.616182171674,91789.923644125,31307.12295484893,19304.910481238934,43309.33542845892
Caticlan (MPH)-Manila (MNL),2026-02-01,93732.48691741872,52553.44525762684,134911.5285772106,47079.0675994958,35077.57887120621,59080.55632778539
Caticlan (MPH)-Manila (MNL),2026-03-01,125363.55745729235,82321.43016776169,168405.684746823,56995.43232027005,43858.717238156714,70132.14740238339
Caticlan (MPH)-Manila (MNL),2026-04-01,144125.58848767524,101064.54971430002,187186.62726105045,58606.91022903211,43305.678564645146,73908.14189341907
Caticlan (MPH)-Manila (MNL),2026-05-01,144273.3570828208,100023.66337836313,188523.05078727845,51637.87885404466,34523.642279160835,68752.11542892849
Caticlan (MPH)-Manila (MNL),2026-06-01,128835.48855913315,81705.75460326382,175965.22251500248,39026.202925168735,21246.5636306907,56805.84221964677
Caticlan (MPH)-Manila (MNL),2026-07-01,106116.51894261393,56044.7405759167,156188.29730931117,25393.340751473297,7608.281063349728,43178.400439596866
Caticlan (MPH)-Manila (MNL),2026-08-01,80713.4558849589,29201.14869348678,132225.763076431,15473.97543705459,-2700.3079616819177,33648.2588357911
Caticlan (MPH)-Manila (MNL),2026-09-01,47558.38374075774,-4139.443394536989,99256.21087605247,12452.9938980323,-6838.578772605264,31744.566568669863
Caticlan (MPH)-Manila (MNL),2026-10-01,38906.168007793676,-12924.718368563932,90737.05438415128,16973.601190622474,-3489.098110249917,37436.30049149487
Caticlan (MPH)-Manila (MNL),2026-11-01,37733.966273432794,-14964.77696537035,90432.70951223595,27058.01987719671,6036.241827312762,48079.79792708066
Caticlan (MPH)-nan,2025-08-01,274.01114285714283,-37.55020768068721,585.5724933949729,189.42771428571422,-168.96417104851577,547.8195996199443
Caticlan (MPH)-nan,2025-09-01,274.01114285714283,-37.55020768068721,585.5724933949729,189.42771428571422,-168.96417104851577,547.8195996199443
Caticlan (MPH)-nan,2025-10-01,274.01114285714283,-37.55020768068721,585.5724933949729,189.42771428571422,-168.96417104851577,547.8195996199443
Caticlan (MPH)-nan,2025-11-01,274.01114285714283,-37.55020768068721,585.5724933949729,189.42771428571422,-168.96417104851577,547.8195996199443
Caticlan (MPH)-nan,2025-12-01,274.01114285714283,-37.55020768068721,585.5724933949729,189.42771428571422,-168.96417104851577,547.8195996199443
Caticlan (MPH)-nan,2026-01-01,274.01114285714283,-37.55020768068721,585.5724933949729,189.42771428571422,-168.96417104851577,547.8195996199443
Caticlan (MPH)-nan,2026-02-01,274.01114285714283,-37.55020768068721,585.5724933949729,189.42771428571422,-168.96417104851577,547.8195996199443
Caticlan (MPH)-nan,2026-03-01,274.01114285714283,-37.55020768068721,585.5724933949729,189.42771428571422,-168.96417104851577,547.8195996199443
Caticlan (MPH)-nan,2026-04-01,274.01114285714283,-37.55020768068721,585.5724933949729,189.42771428571422,-168.96417104851577,547.8195996199443
Caticlan (MPH)-nan,2026-05-01,274.01114285714283,-37.55020768068721,585.5724933949729,189.42771428571422,-168.96417104851577,547.8195996199443
Caticlan (MPH)-nan,2026-06-01,274.01114285714283,-37.55020768068721,585.5724933949729,189.42771428571422,-168.96417104851577,547.8195996199443
Caticlan (MPH)-nan,2026-07-01,274.01114285714283,-37.55020768068721,585.5724933949729,189.42771428571422,-168.96417104851577,547.8195996199443
Cauayan (CYZ)-Manila (MNL),2025-12-01,807.5975064787317,-2075.8937327442577,3691.088745701721,-123.7102827730514,-2154.8860561646934,1907.4654906185906
Cauayan (CYZ)-Manila (MNL),2026-01-01,1961.2319592030826,-1970.793627836149,5893.257546242314,150.39214400411765,-2627.096671422921,2927.8809594311565
Cauayan (CYZ)-Manila (MNL),2026-02-01,2253.1389542115458,-2243.00935838645,6749.2872668095415,-1063.6038945335322,-4789.182051046981,2661.9742619799163
Cauayan (CYZ)-Manila (MNL),2026-03-01,5517.72479150025,792.1452303663045,10243.304352634195,2322.1898935566496,-2146.7482799029203,6791.12806701622
Cauayan (CYZ)-Manila (MNL),2026-04-01,10202.005845167767,5444.046752491525,14959.964937844008,4248.693325090132,-832.7889892394105,9330.175639419675
Cauayan (CYZ)-Manila (MNL),2026-05-01,13480.079201233642,8715.154502593514,18245.003899873773,6986.898121838066,1493.5321594844827,12480.264084191649
Cauayan (CYZ)-Manila (MNL),2026-06-01,12913.647759316289,7994.751989621924,17832.543529010654,5767.5772653213935,42.27774541705912,11492.876785225728
Cauayan (CYZ)-Manila (MNL),2026-07-01,15049.291403706893,9739.466229377278,20359.116578036508,8181.919739474814,2372.1046348113523,13991.734844138276
Cauayan (CYZ)-Manila (MNL),2026-08-01,17264.517972456222,11368.822561818284,23160.21338309416,10490.95818068485,4674.158292199156,16307.758069170543
Cauayan (CYZ)-Manila (MNL),2026-09-01,13585.08989709286,7035.197163290979,20134.982630894738,6493.426087000264,659.6741009356874,12327.178073064839
Cauayan (CYZ)-Manila (MNL),2026-10-01,13711.88760930338,6571.386807218083,20852.388411388674,4987.623913228708,-955.450985647426,10930.698812104842
Cauayan (CYZ)-Manila (MNL),2026-11-01,11568.485464653586,3991.791077992726,19145.179851314446,5554.583384546233,-634.9713334532362,11744.138102545701
Cebu (CEB)-Angeles City (CRK),2025-12-01,3288.224,-1071.1460868258346,7647.594086825835,3288.224,-1225.3798145691599,7801.82781456916
Cebu (CEB)-Angeles City (CRK),2026-01-01,3288.224,-2876.8563001926723,9453.304300192673,3288.224,-3094.975729742643,9671.423729742644
Cebu (CEB)-Angeles City (CRK),2026-02-01,3288.224,-4262.426479378294,10838.874479378293,3288.224,-4529.567132070479,11106.015132070479
Cebu (CEB)-Angeles City (CRK),2026-03-01,3288.224,-5430.516173651669,12006.96417365167,3288.224,-5738.98362913832,12315.43162913832
Cebu (CEB)-Angeles City (CRK),2026-04-01,3288.224,-6459.623853221727,13036.071853221727,3288.224,-6804.500952878998,13380.948952878998
Cebu (CEB)-Angeles City (CRK),2026-05-01,3288.224,-7390.0083126756945,13966.456312675695,3288.224,-7767.802246774183,14344.250246774183
Cebu (CEB)-Angeles City (CRK),2026-06-01,3288.224,-8245.58512263521,14822.03312263521,3288.224,-8653.649210022493,15230.097210022494
Cebu (CEB)-Angeles City (CRK),2026-07-01,3288.224,-9041.936600385345,15618.384600385345,3288.224,-9478.175459485286,16054.623459485287
Cebu (CEB)-Angeles City (CRK),2026-08-01,3288.224,-9789.886260477502,16366.334260477503,3288.224,-10252.58744370748,16829.03544370748
Cebu (CEB)-Angeles City (CRK),2026-09-01,3288.224,-10497.314637975624,17073.762637975626,3288.224,-10985.044509662835,17561.492509662836
Cebu (CEB)-Angeles City (CRK),2026-10-01,3288.224,-11170.170900300336,17746.61890030034,3288.224,-11681.706305242773,18258.154305242773
Cebu (CEB)-Angeles City (CRK),2026-11-01,3288.224,-11813.076958756588,18389.52495875659,3288.224,-12347.358264140956,18923.806264140956
Cebu (CEB)-Bacolod City (BCD),2025-12-01,1519.8719999999998,-928.8128655631731,3968.556865563173,109.36529634943932,-936.4440381115863,1155.174630810465
Cebu (CEB)-Bacolod City (BCD),2026-01-01,1519.8719999999998,-1943.0913468571785,4982.835346857179,844.9881802593761,-372.9893912577247,2062.965751776477
Cebu (CEB)-Bacolod City (BCD),2026-02-01,1519.8719999999998,-2721.3745988803817,5761.118598880381,892.5943727844617,-381.12441563260813,2166.3131612015313
Cebu (CEB)-Bacolod City (BCD),2026-03-01,1519.8719999999998,-3377.497731126346,6417.241731126345,1065.7799100022678,-227.22174354890763,2358.7815635534434
Cebu (CEB)-Bacolod City (BCD),2026-04-01,1519.8719999999998,-3955.5538148741884,6995.297814874188,647.8209367273254,-651.9825196786354,1947.624393133286
Cebu (CEB)-Bacolod City (BCD),2026-05-01,1519.8719999999998,-4478.156461505398,7517.900461505396,213.80138388898618,-1088.4156036897784,1516.018371467751
Cebu (CEB)-Bacolod City (BCD),2026-06-01,1519.8719999999998,-4958.7391934477855,7998.483193447784,318.5787893059486,-984.4923036561212,1621.6498822680182
Cebu (CEB)-Bacolod City (BCD),2026-07-01,1519.8719999999998,-5406.054693714357,8445.798693714356,316.53052920344624,-986.8310754538826,1619.8921338607752
Cebu (CEB)-Bacolod City (BCD),2026-08-01,1519.8719999999998,-5826.182596689519,8865.926596689518,320.6032446103318,-982.8233760510241,1624.0298652716876
Cebu (CEB)-Bacolod City (BCD),2026-09-01,1519.8719999999998,-6223.5494471628335,9263.293447162834,324.4663922301828,-978.875371496117,1627.8081559564826
Cebu (CEB)-Bacolod City (BCD),2026-10-01,1519.8719999999998,-6601.4969288949,9641.240928894898,524.6771943935732,-778.6784173586207,1828.0328061457672
Cebu (CEB)-Bacolod City (BCD),2026-11-01,1519.8719999999998,-6962.621197760764,10002.365197760762,288.08933989427123,-1015.2712061400118,1591.4498859285543
Cebu (CEB)-Butuan (BXU),2025-12-01,2099.574255068468,518.9021413287144,3680.2463688082216,317.8885602251738,54.12831034911045,581.6488101012371
Cebu (CEB)-Butuan (BXU),2026-01-01,3280.9683264643654,1187.8934026089937,5374.043250319737,359.7790442640527,48.648583022824766,670.9095055052805
Cebu (CEB)-Butuan (BXU),2026-02-01,3594.1167529965605,1468.5725881256167,5719.660917867504,124.43622349998542,-203.37819777775405,452.2506447777249
Cebu (CEB)-Butuan (BXU),2026-03-01,3252.456943385864,1091.2107919467226,5413.703094825006,380.6623321792058,46.54384870210271,714.780815656309
Cebu (CEB)-Butuan (BXU),2026-04-01,2793.285924553839,567.5836990399594,5018.988150067718,48.71006905051914,-287.8439578503536,385.26409595139194
Cebu (CEB)-Butuan (BXU),2026-05-01,2572.142943785385,331.4891955898929,4812.796691980877,30.475771360351604,-307.0268528912839,367.9783956119871
Cebu (CEB)-Butuan (BXU),2026-06-01,2618.628740952866,377.3757275206276,4859.881754385104,19.06736447129978,-318.80585917274493,356.94058811534444
Cebu (CEB)-Butuan (BXU),2026-07-01,2773.8129877762276,525.4094761536185,5022.216499398837,11.929620536344338,-326.08856212196287,349.9478031946515
Cebu (CEB)-Butuan (BXU),2026-08-01,2884.3735092133784,632.2946697293155,5136.452348697441,7.46384464173759,-330.6110647239179,345.53875400739304
Cebu (CEB)-Butuan (BXU),2026-09-01,2899.75602713598,647.6004388616502,5151.911615410309,4.669802921750448,-333.42730929778753,342.7669151412884
Cebu (CEB)-Butuan (BXU),2026-10-01,2855.696373113112,602.9713936939147,5108.421352532308,548.1456925558773,210.03988951380643,886.2514955979482
Cebu (CEB)-Butuan (BXU),2026-11-01,2809.4648910123533,556.1019659008448,5062.827816123861,509.9159759411921,171.80677097174544,848.0251809106387
Cebu (CEB)-Cagayan de Oro (CGY),2025-12-01,4657.014466577644,1390.7178617969325,7923.311071358356,775.9405512557271,-1268.9225422208426,2820.8036447322966
Cebu (CEB)-Cagayan de Oro (CGY),2026-01-01,7631.930540033984,2615.228343148172,12648.632736919795,1623.5061086444716,-742.8482832316968,3989.86050052064
Cebu (CEB)-Cagayan de Oro (CGY),2026-02-01,9944.590296510221,4325.287601431016,15563.892991589426,1337.511157782863,-1128.3787406109768,3803.4010561767027
Cebu (CEB)-Cagayan de Oro (CGY),2026-03-01,10903.52432893887,5237.265760549864,16569.782897327877,1336.419852488637,-1162.3278532941808,3835.1675582714547
Cebu (CEB)-Cagayan de Oro (CGY),2026-04-01,10671.038346152161,4969.906511116362,16372.170181187961,84.12855445129057,-2425.6653808468327,2593.922489749414
Cebu (CEB)-Cagayan de Oro (CGY),2026-05-01,9840.09213666588,4022.3373304523866,15657.846942879374,48.994015632879915,-2464.535288113824,2562.523319379584
Cebu (CEB)-Cagayan de Oro (CGY),2026-06-01,9007.161144920847,3106.857791408912,14907.464498432782,1255.0160723653653,-1259.7788431888725,3769.810987919603
Cebu (CEB)-Cagayan de Oro (CGY),2026-07-01,8521.359044603048,2602.383603429842,14440.334485776255,16.616603460407884,-2498.6074070315385,2531.8406139523545
Cebu (CEB)-Cagayan de Oro (CGY),2026-08-01,8441.383327938027,2522.347964119943,14360.418691756111,144.09132202759253,-2371.2782018686926,2659.4608459238775
Cebu (CEB)-Cagayan de Oro (CGY),2026-09-01,8631.81244076668,2704.90599424005,14558.718887293311,5.63561706452862,-2509.783256631933,2521.05449076099
Cebu (CEB)-Cagayan de Oro (CGY),2026-10-01,8900.50430634178,2963.829937504356,14837.178675179202,223.9768198790947,-2291.4587908673443,2739.412430625534
Cebu (CEB)-Cagayan de Oro (CGY),2026-11-01,9102.541253052306,3161.8456472245443,15043.236858880067,355.023033561557,-2160.4182536267895,2870.4643207499034
Cebu (CEB)-Caticlan (MPH),2025-12-01,3515.8918501785956,-1023.4282744353277,8055.211974792519,3905.8826658634853,322.8156733149567,7488.949658412013
Cebu (CEB)-Caticlan (MPH),2026-01-01,5704.025977675177,-529.5092747586641,11937.561230109019,5117.252605759644,844.7614560775555,9389.743755441734
Cebu (CEB)-Caticlan (MPH),2026-02-01,7156.019568073802,308.12062176490235,14003.918514382702,5904.033194039865,1372.0559477832012,10436.010440296528
Cebu (CEB)-Caticlan (MPH),2026-03-01,8119.527864967261,1017.9384538057129,15221.117276128809,6415.044466242669,1777.9567758528055,11052.132156632531
Cebu (CEB)-Caticlan (MPH),2026-04-01,8758.888978074978,1548.4211301042724,15969.356826045683,6746.944520982357,2066.224254763846,11427.664787200869
Cebu (CEB)-Caticlan (MPH),2026-05-01,9183.153755319072,1925.2610385722282,16441.046472065915,6962.512459163747,2263.507478682015,11661.517439645479
Cebu (CEB)-Caticlan (MPH),2026-06-01,9464.685737042293,2186.0082595146587,16743.363214569927,7102.523089798388,2395.826082875322,11809.220096721456
Cebu (CEB)-Caticlan (MPH),2026-07-01,9651.503641766452,2363.6927399611895,16939.314543571716,7193.459510381559,2483.521422128363,11903.397598634754
Cebu (CEB)-Caticlan (MPH),2026-08-01,9775.471545206414,2483.6425204657335,17067.300569947096,7252.52240118489,2541.217745191315,11963.827057178467
Cebu (CEB)-Caticlan (MPH),2026-09-01,9857.73368761718,2564.136051560131,17151.33132367423,7290.883544582389,2579.0025266449247,12002.764562519853
Cebu (CEB)-Caticlan (MPH),2026-10-01,9912.32088225572,2617.944603746014,17206.697160765427,7315.798974605337,2603.6748419681617,12027.923107242514
Cebu (CEB)-Caticlan (MPH),2026-11-01,9948.543641974607,2653.82452762901,17243.262756320204,7331.981460273085,2619.7547744923886,12044.208146053781
Cebu (CEB)-Cebu (CEB),2025-11-01,713.5549146422379,-69.31392732330733,1496.4237566077832,156.984,58.88336696969364,255.08463303030638
Cebu (CEB)-Cebu (CEB),2025-12-01,1354.5219812007706,342.03551308892406,2367.008449312617,0.0,-98.10063303030637,98.10063303030637
Cebu (CEB)-Cebu (CEB),2026-01-01,1037.76187823993,-103.47352090634536,2178.9972773862055,0.0,-98.10063303030637,98.10063303030637
Cebu (CEB)-Cebu (CEB),2026-02-01,467.0366795431472,-753.1813301865569,1687.2546892728515,0.0,-98.10063303030637,98.10063303030637
Cebu (CEB)-Cebu (CEB),2026-03-01,399.6949571161555,-870.8903952862039,1670.280309518515,0.0,-98.10063303030637,98.10063303030637
Cebu (CEB)-Cebu (CEB),2026-04-01,999.3172610917935,-304.05233406827494,2302.686856251862,53.724000000000004,-44.376633030306365,151.82463303030636
Cebu (CEB)-Cebu (CEB),2026-05-01,416.3215059167052,-908.6435785546765,1741.286590388087,0.0,-98.10063303030637,98.10063303030637
Cebu (CEB)-Cebu (CEB),2026-06-01,-56.44884258866017,-1395.7438780888274,1282.846192911507,0.0,-98.10063303030637,98.10063303030637
Cebu (CEB)-Cebu (CEB),2026-07-01,14.884594677877658,-1333.9635896361513,1363.7327789919066,0.0,-98.10063303030637,98.10063303030637
Cebu (CEB)-Cebu (CEB),2026-08-01,440.75959385129624,-914.4764645227809,1795.9956522253733,0.0,-98.10063303030637,98.10063303030637
Cebu (CEB)-Cebu (CEB),2026-09-01,158.94253050521306,-1200.5733333393673,1518.4583943497933,0.0,-98.10063303030637,98.10063303030637
Cebu (CEB)-Cebu (CEB),2026-10-01,1.2596103240657754,-1361.127425234482,1363.6466458826135,0.0,-98.10063303030637,98.10063303030637
Cebu (CEB)-Davao City (DVO),2025-12-01,6550.413577057017,-2349.740017630349,15450.567171744384,7225.879259866013,-1085.3957462699036,15537.15426600193
Cebu (CEB)-Davao City (DVO),2026-01-01,11774.792104453538,-1572.1825072529318,25121.766716160007,9128.134660342712,-1098.7350203532424,19355.004341038664
Cebu (CEB)-Davao City (DVO),2026-02-01,16758.51331326116,1612.898186554694,31904.128439967622,10492.045928314166,-591.4920851455008,21575.58394177383
Cebu (CEB)-Davao City (DVO),2026-03-01,20005.48249093116,4442.858794085565,35568.10618777676,11469.966110027583,-29.160732690235818,22969.0929527454
Cebu (CEB)-Davao City (DVO),2026-04-01,21418.54315806928,5834.509343136728,37002.57697300183,12171.13187077736,464.0974439187994,23878.166297635922
Cebu (CEB)-Davao City (DVO),2026-05-01,21554.223944028778,5955.437281836987,37153.01060622057,12673.865563404937,861.3731100110781,24486.358016798797
Cebu (CEB)-Davao City (DVO),2026-06-01,21077.66157831339,5438.6454731420745,36716.677683484704,13034.32407386143,1167.9820204035987,24900.66612731926
Cebu (CEB)-Davao City (DVO),2026-07-01,20484.764199430938,4816.84424554303,36152.68415331884,13292.771716551582,1398.8412975988485,25186.702135504318
Cebu (CEB)-Davao City (DVO),2026-08-01,20034.036779746435,4355.943330556051,35712.13022893682,13478.077880990608,1569.9895836212327,25386.166178359985
Cebu (CEB)-Davao City (DVO),2026-09-01,19793.908420790343,4114.432657890997,35473.38418368969,13610.94183061568,1695.5817331911167,25526.301928040244
Cebu (CEB)-Davao City (DVO),2026-10-01,19725.9303974585,4046.4438625928306,35405.416932324166,13706.204873609495,1787.108182471422,25625.30156474757
Cebu (CEB)-Davao City (DVO),2026-11-01,19756.71369841659,4076.819289483734,35436.60810734945,13774.50818226508,1853.4910217111956,25695.525342818968
Cebu (CEB)-General Santos (GES),2025-12-01,2487.2752064598744,-974.6184704052812,5949.16888332503,2258.8889793006274,-1080.361924435832,5598.139883037087
Cebu (CEB)-General Santos (GES),2026-01-01,3133.031605048667,-1087.7020634272267,7353.765273524561,2748.314642376191,-1331.0121120300114,6827.641396782394
Cebu (CEB)-General Santos (GES),2026-02-01,3583.417708282592,-960.8647545810127,8127.700171146196,3091.742978573187,-1306.4629689927356,7489.94892613911
Cebu (CEB)-General Santos (GES),2026-03-01,3897.5417997039594,-796.0723380044992,8591.155937412419,3332.725483172312,-1214.2807570306404,7879.731723375265
Cebu (CEB)-General Santos (GES),2026-04-01,4116.629254007695,-647.9345050284992,8881.193013043889,3501.8220934460664,-1116.6891152383755,8120.333302130508
Cebu (CEB)-General Santos (GES),2026-05-01,4269.432919642193,-529.2645943507841,9068.130433635171,3620.476614253042,-1032.838397360812,8273.791625866896
Cebu (CEB)-General Santos (GES),2026-06-01,4376.00661782835,-439.2075659416214,9191.22080159832,3703.736091099682,-966.6202629154777,8374.092445114842
Cebu (CEB)-General Santos (GES),2026-07-01,4450.336988751792,-372.89117564201297,9273.565153145597,3762.158985041104,-916.5653488651128,8440.88331894732
Cebu (CEB)-General Santos (GES),2026-08-01,4502.179086151526,-324.9426179720085,9329.30079027506,3803.1541325698076,-879.6849179461419,8485.993183085757
Cebu (CEB)-General Santos (GES),2026-09-01,4538.336622154831,-290.67793463448197,9367.351178944144,3831.9202892512144,-852.9434300406751,8516.784008543103
Cebu (CEB)-General Santos (GES),2026-10-01,4563.554880585809,-266.380174148916,9393.489935320533,3852.105404322208,-833.7548962293245,8537.96570487374
Cebu (CEB)-General Santos (GES),2026-11-01,4581.143483919659,-249.23927776550772,9411.526245604826,3866.269231452184,-820.0816860761902,8552.620148980559
Cebu (CEB)-Iloilo (ILO),2025-12-01,2306.911481726158,-781.2260604647813,5395.049023917098,1381.5763646573776,-1755.7173894069977,4518.870118721753
Cebu (CEB)-Iloilo (ILO),2026-01-01,2222.991054519623,-2065.5945020210343,6511.57661106028,1215.8903145415425,-2963.346919911528,5395.127548994613
Cebu (CEB)-Iloilo (ILO),2026-02-01,2142.123470111052,-3016.827873798104,7301.074814020209,1070.0742244983053,-3764.2401388104868,5904.388587807098
Cebu (CEB)-Iloilo (ILO),2026-03-01,2064.197672712726,-3788.17085278455,7916.566198210003,941.7451823089813,-4344.451103767476,6227.941468385438
Cebu (CEB)-Iloilo (ILO),2026-04-01,1989.1066465051806,-4440.530882973716,8418.744175984077,828.8060473730072,-4782.434165063834,6440.046259809849
Cebu (CEB)-Iloilo (ILO),2026-05-01,1916.7472686719364,-5005.954773870654,8839.449311214526,729.4111794422677,-5121.188750405814,6580.01110929035
Cebu (CEB)-Iloilo (ILO),2026-06-01,1847.020167780511,-5503.972224380662,9198.012559941684,641.9362773494739,-5387.528749925793,6671.401304624741
Cebu (CEB)-Iloilo (ILO),2026-07-01,1779.8295873152194,-5947.633685366465,9507.292859996904,564.9518348380575,-5599.484282984766,6729.387952660882
Cebu (CEB)-Iloilo (ILO),2026-08-01,1715.0832541743564,-6346.231496463472,9776.398004812185,497.19977971135825,-5769.778364605294,6764.17792402801
Cebu (CEB)-Iloilo (ILO),2026-09-01,1652.6922519511636,-6706.696186011873,10012.0806899142,437.5729145403782,-5907.688548774797,6782.834377855554
Cebu (CEB)-Iloilo (ILO),2026-10-01,1592.5708988245613,-7034.382415677067,10219.524213326189,385.09682295216646,-6020.140059550395,6790.333705454728
Cebu (CEB)-Iloilo (ILO),2026-11-01,1534.63662989195,-7333.543328127466,10402.816587911366,338.9139458131783,-6112.392621138532,6790.2205127648895
Cebu (CEB)-Manila (MNL),2025-12-01,26340.882212761106,-14370.237476455979,67052.00190197819,4288.0100000000075,-12246.396646330437,20822.41664633045
Cebu (CEB)-Manila (MNL),2026-01-01,23533.49067030189,-45045.608654189724,92112.58999479351,4515.387999999999,-18867.79412503236,27898.57012503236
Cebu (CEB)-Manila (MNL),2026-02-01,-1336.776693948757,-92679.4843745798,90005.93098668227,-10255.886000000004,-38894.31838444886,18382.546384448855
Cebu (CEB)-Manila (MNL),2026-03-01,10699.888201112117,-99790.54150747802,121190.31790970225,-14033.752,-47102.56529266089,19035.06129266089
Cebu (CEB)-Manila (MNL),2026-04-01,-6556.734699992829,-133655.6596092043,120542.19020921865,-17542.192,-54514.2492288192,19429.8652288192
Cebu (CEB)-Manila (MNL),2026-05-01,-2876.983898171972,-144754.65235952244,139000.68456317848,-19016.248,-59517.107483192434,21484.611483192435
Cebu (CEB)-Manila (MNL),2026-06-01,-1510.3239702505898,-156799.71454954764,153779.06660904648,-25022.946999999996,-68768.87506220385,18722.981062203853
Cebu (CEB)-Manila (MNL),2026-07-01,739.5197900494913,-166902.9966124785,168382.0361925775,-27242.332000000002,-74008.69625006472,19524.032250064716
Cebu (CEB)-Manila (MNL),2026-08-01,16791.031323122355,-162358.47787365827,195940.54051990298,-27100.809999999998,-76704.02993899133,22502.40993899134
Cebu (CEB)-Manila (MNL),2026-09-01,-65730.01294858157,-255691.97650103434,124231.9506038712,-58160.04,-110446.42476183033,-5873.655238169667
Cebu (CEB)-Manila (MNL),2026-10-01,-100807.2660804346,-300998.961301451,99384.42914058185,-80830.30200000001,-135668.72497703665,-25991.879022963367
Cebu (CEB)-Manila (MNL),2026-11-01,-108246.71461594506,-318170.37027739116,101676.94104550101,-90702.992,-147979.8567688977,-33426.127231102284
Cebu (CEB)-Ozamiz (OZC),2025-12-01,341.56390236991786,-529.8977178347891,1213.0255225746248,1.0936230911815427e-29,-91.43645013216734,91.43645013216734
Cebu (CEB)-Ozamiz (OZC),2026-01-01,2322.1577033749454,1365.7572146820435,3278.5581920678474,1.0586963570479017e-28,-91.43645013216735,91.43645013216735
Cebu (CEB)-Ozamiz (OZC),2026-02-01,2233.98,1239.5245852366415,3228.4354147633585,92.12662921952978,0.6901790873624236,183.56307935169713
Cebu (CEB)-Ozamiz (OZC),2026-03-01,1665.8919999999998,671.4365852366413,2660.3474147633583,-3.765799212758564e-31,-91.43645013216734,91.43645013216734
Cebu (CEB)-Ozamiz (OZC),2026-04-01,1121.596,127.14058523664164,2116.0514147633585,2.710379364221266e-29,-91.43645013216734,91.43645013216734
Cebu (CEB)-Ozamiz (OZC),2026-05-01,956.4960000000002,-37.95941476335827,1950.9514147633586,-2.4601393925790105e-29,-91.43645013216735,91.43645013216735
Cebu (CEB)-Ozamiz (OZC),2026-06-01,1896.244,901.7885852366414,2890.6994147633586,-2.728913779039856e-29,-91.43645013216734,91.43645013216734
Cebu (CEB)-Ozamiz (OZC),2026-07-01,2504.4799999999996,1510.024585236641,3498.935414763358,3.1452882286701327e-29,-91.43645013216734,91.43645013216734
Cebu (CEB)-Ozamiz (OZC),2026-08-01,1592.312,597.8565852366414,2586.7674147633584,8.218978875317694e-29,-91.43645013216735,91.43645013216735
Cebu (CEB)-Ozamiz (OZC),2026-09-01,1229.536,235.08058523664158,2223.9914147633585,-9.847954567277632e-30,-91.43645013216735,91.43645013216735
Cebu (CEB)-Ozamiz (OZC),2026-10-01,1984.576,990.1205852366415,2979.0314147633585,167.85571787920264,76.4192677470353,259.29216801137
Cebu (CEB)-Ozamiz (OZC),2026-11-01,462.848,-531.6074147633583,1457.3034147633584,-1.2423343073673652e-30,-91.43645013216735,91.43645013216735
Cebu (CEB)-Puerto Princesa City (PPS),2025-12-01,979.04,-2391.9195258015784,4349.999525801579,979.04,-2237.1474420991144,4195.227442099114
Cebu (CEB)-Puerto Princesa City (PPS),2026-01-01,979.04,-3788.21667959937,5746.29667959937,979.04,-3569.335899750601,5527.415899750601
Cebu (CEB)-Puerto Princesa City (PPS),2026-02-01,979.04,-4859.633168946623,6817.713168946623,979.04,-4591.560056380653,6549.640056380653
Cebu (CEB)-Puerto Princesa City (PPS),2026-03-01,979.04,-5762.879051603157,7720.959051603157,979.04,-5453.334884198229,7411.414884198229
Cebu (CEB)-Puerto Princesa City (PPS),2026-04-01,979.04,-6558.654649092787,8516.734649092787,979.04,-6212.573748914789,8170.653748914789
Cebu (CEB)-Puerto Princesa City (PPS),2026-05-01,979.04,-7278.0907817882135,9236.170781788212,979.04,-6898.978150289847,8857.058150289846
Cebu (CEB)-Puerto Princesa City (PPS),2026-06-01,979.04,-7939.680584935198,9897.760584935197,979.04,-7530.192141563203,9488.272141563204
Cebu (CEB)-Puerto Princesa City (PPS),2026-07-01,979.04,-8555.473359198739,10513.55335919874,979.04,-8117.711799501202,10075.791799501203
Cebu (CEB)-Puerto Princesa City (PPS),2026-08-01,979.04,-9133.838577404735,11091.918577404736,979.04,-8669.522326297345,10627.602326297343
Cebu (CEB)-Puerto Princesa City (PPS),2026-09-01,979.04,-9680.870001774125,11638.950001774123,979.04,-9191.437699064114,11149.517699064112
Cebu (CEB)-Puerto Princesa City (PPS),2026-10-01,979.04,-10201.1679305582,12159.247930558198,979.04,-9687.847000895643,11645.927000895645
Cebu (CEB)-Puerto Princesa City (PPS),2026-11-01,979.04,-10698.306337893246,12656.386337893247,979.04,-10162.160112761307,12120.240112761305
Cebu (CEB)-Surigao (SUG),2025-12-01,508.0988421785337,-738.1073281128376,1754.305012469905,0.0,-73.51458802043982,73.51458802043982
Cebu (CEB)-Surigao (SUG),2026-01-01,539.6792714467881,-1133.59020963887,2212.948752532446,0.0,-73.51458802043982,73.51458802043982
Cebu (CEB)-Surigao (SUG),2026-02-01,377.80375437180146,-1571.756582890195,2327.364091633798,0.0,-73.51458802043982,73.51458802043982
Cebu (CEB)-Surigao (SUG),2026-03-01,496.9133473752445,-1648.8663282286693,2642.6930229791583,0.0,-73.51458802043982,73.51458802043982
Cebu (CEB)-Surigao (SUG),2026-04-01,129.3244178775144,-2161.8550115844732,2420.503847339502,0.0,-73.51458802043982,73.51458802043982
Cebu (CEB)-Surigao (SUG),2026-05-01,452.8074677896989,-1948.7394585005145,2854.3543940799123,171.072,97.55741197956019,244.58658802043982
Cebu (CEB)-Surigao (SUG),2026-06-01,852.3749531533408,-1634.2345727138481,3338.9844790205298,0.0,-73.51458802043982,73.51458802043982
Cebu (CEB)-Surigao (SUG),2026-07-01,1683.1945771827636,-869.6544714341408,4236.043625799668,0.0,-73.51458802043982,73.51458802043982
Cebu (CEB)-Surigao (SUG),2026-08-01,1350.1674047650185,-1254.6412539585995,3954.9760634886366,0.0,-73.51458802043982,73.51458802043982
Cebu (CEB)-Surigao (SUG),2026-09-01,787.1964504776467,-1858.5880006953669,3432.9809016506606,55.704,-17.810588020439816,129.21858802043982
Cebu (CEB)-Surigao (SUG),2026-10-01,2331.63556149558,-346.5913719408609,5009.862494932021,0.0,-73.51458802043982,73.51458802043982
Cebu (CEB)-Surigao (SUG),2026-11-01,2020.591920335914,-683.3987658940218,4724.582606565849,0.0,-73.51458802043982,73.51458802043982
Cebu (CEB)-Zamboanga (ZAM),2025-12-01,1719.0212933387888,-1000.4852253050453,4438.5278119826235,1727.7719551287323,-1016.4490039750222,4471.992914232487
Cebu (CEB)-Zamboanga (ZAM),2026-01-01,2188.2207136342827,-988.5274327835396,5364.968860052105,2196.359729415636,-998.6669968305118,5391.386455661785
Cebu (CEB)-Zamboanga (ZAM),2026-02-01,2471.508832291105,-856.3321636707601,5799.349828252971,2475.7635411860065,-864.9134538923936,5816.440536264407
Cebu (CEB)-Zamboanga (ZAM),2026-03-01,2642.549448926097,-738.6916948845455,6023.790592736739,2642.363043596444,-748.5905764992685,6033.316663692157
Cebu (CEB)-Zamboanga (ZAM),2026-04-01,2745.818490626775,-654.6804329249339,6146.317414178484,2741.70096610917,-666.9490790207024,6150.351011239043
Cebu (CEB)-Zamboanga (ZAM),2026-05-01,2808.169148520713,-599.3228820076238,6215.66117904905,2800.9329728461007,-613.9866783605016,6215.852624052703
Cebu (CEB)-Zamboanga (ZAM),2026-06-01,2845.814550044578,-564.2231609341188,6255.852261023275,2836.2511125186347,-580.8948331476367,6253.397058184906
Cebu (CEB)-Zamboanga (ZAM),2026-07-01,2868.54368079896,-542.4215527325532,6279.508914330473,2857.310182751872,-560.6269397850169,6275.247305288762
Cebu (CEB)-Zamboanga (ZAM),2026-08-01,2882.2668279547233,-529.0364592763285,6293.570115185776,2869.8670287013015,-548.3513410266391,6288.085398429243
Cebu (CEB)-Zamboanga (ZAM),2026-09-01,2890.5524403652385,-520.8740716642787,6301.978952394756,2877.354271891594,-540.9640855692342,6295.6726293524225
Cebu (CEB)-Zamboanga (ZAM),2026-10-01,2895.555037235917,-515.916393702691,6307.026468174525,2881.818674084338,-536.5352318419414,6300.172580010618
Cebu (CEB)-Zamboanga (ZAM),2026-11-01,2898.575450720232,-512.9123546821074,6310.063256122571,2884.4806534580566,-533.8858911140401,6302.847198030153
Cebu (CEB)-nan,2025-09-01,336.6,-204.0181280967256,877.2181280967256,97.55872727272725,-205.54062531557815,400.65807986103266
Cebu (CEB)-nan,2025-10-01,280.5,-260.1181280967256,821.1181280967256,97.55872727272725,-205.54062531557815,400.65807986103266
Cebu (CEB)-nan,2025-11-01,233.736,-306.88212809672564,774.3541280967256,97.55872727272725,-205.54062531557815,400.65807986103266
Cebu (CEB)-nan,2025-12-01,117.44400000000002,-423.1741280967256,658.0621280967257,97.55872727272725,-205.54062531557815,400.65807986103266
Cebu (CEB)-nan,2026-01-01,285.45,-255.16812809672564,826.0681280967256,97.55872727272725,-205.54062531557815,400.65807986103266
Cebu (CEB)-nan,2026-02-01,62.49599999999998,-478.12212809672565,603.1141280967256,97.55872727272725,-205.54062531557815,400.65807986103266
Cebu (CEB)-nan,2026-03-01,175.82399999999998,-364.7941280967257,716.4421280967256,97.55872727272725,-205.54062531557815,400.65807986103266
Cebu (CEB)-nan,2026-04-01,172.536,-368.0821280967256,713.1541280967256,97.55872727272725,-205.54062531557815,400.65807986103266
Cebu (CEB)-nan,2026-05-01,795.2040000000001,254.58587190327444,1335.8221280967257,97.55872727272725,-205.54062531557815,400.65807986103266
Cebu (CEB)-nan,2026-06-01,740.85,200.2318719032744,1281.4681280967256,97.55872727272725,-205.54062531557815,400.65807986103266
Cebu (CEB)-nan,2026-07-01,181.15199999999996,-359.4661280967257,721.7701280967256,97.55872727272725,-205.54062531557815,400.65807986103266
Cebu (CEB)-nan,2026-08-01,726.846,186.22787190327438,1267.4641280967257,97.55872727272725,-205.54062531557815,400.65807986103266
Davao City (DVO)-Bacolod City (BCD),2025-10-01,2594.456,1052.958235161689,4135.953764838311,2594.456,1052.958235161689,4135.953764838311
Davao City (DVO)-Bacolod City (BCD),2025-11-01,3536.3600000000006,1356.352954597849,5716.367045402152,3536.3600000000006,1356.352954597849,5716.367045402152
Davao City (DVO)-Bacolod City (BCD),2025-12-01,3896.456000000001,1226.5035515461846,6566.408448453818,3896.456000000001,1226.5035515461846,6566.408448453818
Davao City (DVO)-Bacolod City (BCD),2026-01-01,3810.524,727.5284703233774,6893.519529676622,3810.524,727.5284703233774,6893.519529676622
Davao City (DVO)-Bacolod City (BCD),2026-02-01,3580.7520000000013,133.85821065755226,7027.64578934245,3580.7520000000013,133.85821065755226,7027.64578934245
Davao City (DVO)-Bacolod City (BCD),2026-03-01,3294.7680000000014,-481.1149634946373,7070.65096349464,3294.7680000000014,-481.1149634946373,7070.65096349464
Davao City (DVO)-Bacolod City (BCD),2026-04-01,1010.1080000000011,-3068.3117323240963,5088.527732324099,1010.1080000000011,-3068.3117323240963,5088.527732324099
Davao City (DVO)-Bacolod City (BCD),2026-05-01,1072.976000000002,-3287.038090804301,5432.9900908043055,1072.976000000002,-3287.038090804301,5432.9900908043055
Davao City (DVO)-Bacolod City (BCD),2026-06-01,936.824000000002,-3687.669294514932,5561.317294514936,936.824000000002,-3687.669294514932,5561.317294514936
Davao City (DVO)-Bacolod City (BCD),2026-07-01,1374.320000000002,-3500.32394494768,6248.963944947684,1374.320000000002,-3500.32394494768,6248.963944947684
Davao City (DVO)-Bacolod City (BCD),2026-08-01,344.7860000000019,-4767.78370114018,5457.355701140184,344.7860000000019,-4767.78370114018,5457.355701140184
Davao City (DVO)-Bacolod City (BCD),2026-09-01,82.71200000000209,-5257.192896907631,5422.616896907635,82.71200000000209,-5257.192896907631,5422.616896907635
Davao City (DVO)-Cebu (CEB),2025-12-01,6188.688720940106,-2365.089686279366,14742.467128159577,7031.2742863769745,-782.2399263566331,14844.788499110582
Davao City (DVO)-Cebu (CEB),2026-01-01,11057.709145434408,-1772.6977221081852,23888.116012977,8806.28408260759,-830.9042637471593,18443.47242896234
Davao City (DVO)-Cebu (CEB),2026-02-01,15815.66670756779,1231.1519761877244,30400.181438947857,10087.83074827738,-374.70611620481395,20550.367612759575
Davao City (DVO)-Cebu (CEB),2026-03-01,18996.54664107544,3985.5540507393816,34007.5392314115,11013.099926947296,145.1533591849784,21881.04649470961
Davao City (DVO)-Cebu (CEB),2026-04-01,20463.043717931047,5423.502749565125,35502.58468629697,11681.1388489237,607.7456443269202,22754.53205352048
Davao City (DVO)-Cebu (CEB),2026-05-01,20705.528331950307,5656.832090583752,35754.22457331686,12163.459033755666,984.4684888719112,23342.449578639418
Davao City (DVO)-Cebu (CEB),2026-06-01,20332.535933234794,5251.075314267549,35413.996552202036,12511.691379272443,1278.0490953911958,23745.333663153688
Davao City (DVO)-Cebu (CEB),2026-07-01,19809.03326883094,4701.903199417462,34916.16333824441,12763.113090985302,1501.0873488406141,24025.13883312999
Davao City (DVO)-Cebu (CEB),2026-08-01,19387.579932706827,4270.521743357698,34504.638122055956,12944.638092710275,1667.8450745035298,24221.43111091702
Davao City (DVO)-Cebu (CEB),2026-09-01,19146.321457767986,4027.577118560883,34265.06579697509,13075.698079641252,1791.214904114433,24360.18125516807
Davao City (DVO)-Cebu (CEB),2026-10-01,19061.69931859801,3942.9503390235186,34180.4482981725,13170.322621776622,1881.8328325964012,24458.812410956845
Davao City (DVO)-Cebu (CEB),2026-11-01,19073.053568313884,3954.060418378156,34192.046718249614,13238.640986397277,1948.0632112936219,24529.21876150093
Davao City (DVO)-Manila (MNL),2025-12-01,6622.619115654564,-23204.24399353611,36449.48222484524,1300.5125361644923,-18637.78721027257,21238.812282601557
Davao City (DVO)-Manila (MNL),2026-01-01,9513.248187992533,-42404.82743021207,61431.323806197135,1622.365466404056,-26574.64844566728,29819.37937847539
Davao City (DVO)-Manila (MNL),2026-02-01,-7654.104311921879,-78276.94556023303,62968.736936389265,-14105.591105444762,-48639.73928281142,20428.55707192189
Davao City (DVO)-Manila (MNL),2026-03-01,1341.1214666655019,-85282.95661096455,87965.19954429555,-15465.808794535316,-55342.408287409446,24410.79069833881
Davao City (DVO)-Manila (MNL),2026-04-01,-1580.0992663362345,-102169.34131322504,99009.14278055256,-15056.280049265444,-59639.673638065535,29527.11353953465
Davao City (DVO)-Manila (MNL),2026-05-01,1033.2348050122846,-111993.2652576838,114059.73486770836,-17098.835682092977,-65937.49639952701,31739.825035341048
Davao City (DVO)-Manila (MNL),2026-06-01,1007.7909328724478,-123289.69590493581,125305.27777068071,-17807.22137509511,-70559.00406962977,34944.56131943954
Davao City (DVO)-Manila (MNL),2026-07-01,11779.237000402432,-122877.50820420294,146435.9822050078,-15280.334254015734,-71674.3620781584,41113.69357012694
Davao City (DVO)-Manila (MNL),2026-08-01,14703.500386446913,-129581.93152457828,158988.9322974721,-17440.467490152918,-77255.3667294641,42374.43174915826
Davao City (DVO)-Manila (MNL),2026-09-01,-53551.08982257666,-206866.20145927166,99764.02181411833,-46217.73454109796,-109268.17441099675,16832.705328800832
Davao City (DVO)-Manila (MNL),2026-10-01,-88325.26959272606,-250168.87267311767,73518.33348766553,-61323.1532416233,-127451.01245819326,4804.70597494665
Davao City (DVO)-Manila (MNL),2026-11-01,-103154.52482782937,-273099.9019739369,66790.85231827812,-69998.67731765854,-139066.97367239185,-930.3809629252355
Davao City (DVO)-Panglao (TAG),2025-12-01,388.24,-1365.8928576478231,2142.3728576478234,388.24,-1136.099082967674,1912.579082967674
Davao City (DVO)-Panglao (TAG),2026-01-01,388.24,-2092.4784774898244,2868.958477489825,388.24,-1767.5010047882508,2543.981004788251
Davao City (DVO)-Panglao (TAG),2026-02-01,388.24,-2650.0072326720137,3426.487232672014,388.24,-2251.992739662961,3028.4727396629614
Davao City (DVO)-Panglao (TAG),2026-03-01,388.24,-3120.0257152956465,3896.505715295646,388.24,-2660.4381659353476,3436.918165935348
Davao City (DVO)-Panglao (TAG),2026-04-01,388.24,-3534.1203112664944,4310.600311266494,388.24,-3020.2858102754108,3796.7658102754103
Davao City (DVO)-Panglao (TAG),2026-05-01,388.24,-3908.490442287287,4684.9704422872865,388.24,-3345.612948252833,4122.092948252834
Davao City (DVO)-Panglao (TAG),2026-06-01,388.24,-4252.759307903205,5029.2393079032045,388.24,-3644.7821272687197,4421.262127268719
Davao City (DVO)-Panglao (TAG),2026-07-01,388.24,-4573.1969549796495,5349.676954979649,388.24,-3923.242009576503,4699.722009576502
Davao City (DVO)-Panglao (TAG),2026-08-01,388.24,-4874.158572943469,5650.638572943469,388.24,-4184.777248903022,4961.257248903022
Davao City (DVO)-Panglao (TAG),2026-09-01,388.24,-5158.81514870703,5935.2951487070295,388.24,-4432.14342859023,5208.623428590229
Davao City (DVO)-Panglao (TAG),2026-10-01,388.24,-5429.5605212517285,6206.040521251728,388.24,-4667.4207914782055,5443.900791478205
Davao City (DVO)-Panglao (TAG),2026-11-01,388.24,-5688.254465344028,6464.734465344028,388.24,-4892.2254793259235,5668.705479325923
Del Carmin (IAO)-Cebu (CEB),2025-12-01,1959.7149078832044,-1146.5207284936264,5065.950544260035,12.494769230769235,-73.70319870269434,98.69273716423281
Del Carmin (IAO)-Cebu (CEB),2026-01-01,3125.7976727177393,-2036.247301601652,8287.84264703713,12.494769230769235,-73.70319870269434,98.69273716423281
Del Carmin (IAO)-Cebu (CEB),2026-02-01,2904.794687484551,-3384.476914906627,9194.06628987573,12.494769230769235,-73.70319870269434,98.69273716423281
Del Carmin (IAO)-Cebu (CEB),2026-03-01,4755.295494208409,-2270.186824665656,11780.777813082474,12.494769230769235,-73.70319870269434,98.69273716423281
Del Carmin (IAO)-Cebu (CEB),2026-04-01,6176.145096377353,-1360.5225715014976,13712.812764256203,12.494769230769235,-73.70319870269434,98.69273716423281
Del Carmin (IAO)-Cebu (CEB),2026-05-01,6818.34093993624,-1084.460799688828,14721.142679561308,12.494769230769235,-73.70319870269434,98.69273716423281
Del Carmin (IAO)-Cebu (CEB),2026-06-01,8139.542896578575,-30.345724527440325,16309.43151768459,12.494769230769235,-73.70319870269434,98.69273716423281
Del Carmin (IAO)-Cebu (CEB),2026-07-01,8327.07340069424,-39.94645030148786,16694.09325168997,12.494769230769235,-73.70319870269434,98.69273716423281
Del Carmin (IAO)-Cebu (CEB),2026-08-01,8255.199531633021,-258.47236772130236,16768.871430987347,12.494769230769235,-73.70319870269434,98.69273716423281
Del Carmin (IAO)-Cebu (CEB),2026-09-01,5671.2465157499255,-2952.1265023412243,14294.619533841076,12.494769230769235,-73.70319870269434,98.69273716423281
Del Carmin (IAO)-Cebu (CEB),2026-10-01,3980.676449491745,-4725.079808727748,12686.43270771124,12.494769230769235,-73.70319870269434,98.69273716423281
Del Carmin (IAO)-Cebu (CEB),2026-11-01,3577.9043157054803,-5189.896388215555,12345.705019626515,12.494769230769235,-73.70319870269434,98.69273716423281
Dipolog (DPL)-Manila (MNL),2025-12-01,3885.4334076359382,519.4645990422277,7251.402216229649,1324.4434978933018,-1117.5891777122188,3766.4761734988224
Dipolog (DPL)-Manila (MNL),2026-01-01,6731.684103551477,1364.1416878869586,12099.226519215996,3002.719806360238,-600.2292207433097,6605.668833463786
Dipolog (DPL)-Manila (MNL),2026-02-01,9189.407842054145,3196.250829376282,15182.564854732007,3975.431080877278,58.97077909105883,7891.891382663497
Dipolog (DPL)-Manila (MNL),2026-03-01,9189.407842054145,3196.250829376282,15182.564854732007,4539.204291998196,522.9155814261417,8555.49300257025
Dipolog (DPL)-Manila (MNL),2026-04-01,9189.407842054145,3196.250829376282,15182.564854732007,4865.961308087479,816.6900414685683,8915.23257470639
Dipolog (DPL)-Manila (MNL),2026-05-01,9189.407842054145,3196.250829376282,15182.564854732007,5055.346233545868,995.0554538415972,9115.63701325014
Dipolog (DPL)-Manila (MNL),2026-06-01,9189.407842054145,3196.250829376282,15182.564854732007,5165.111741935378,1101.1259483177805,9229.097535552975
Dipolog (DPL)-Manila (MNL),2026-07-01,9189.407842054145,3196.250829376282,15182.564854732007,5228.730674661124,1163.5043909634287,9293.95695835882
Dipolog (DPL)-Manila (MNL),2026-08-01,9189.407842054145,3196.250829376282,15182.564854732007,5265.603538100162,1199.960628999419,9331.246447200905
Dipolog (DPL)-Manila (MNL),2026-09-01,9189.407842054145,3196.250829376282,15182.564854732007,5286.974661442565,1221.1918074691075,9352.757515416022
Dipolog (DPL)-Manila (MNL),2026-10-01,9189.407842054145,3196.250829376282,15182.564854732007,5299.3611394732525,1233.5312757458346,9365.19100320067
Dipolog (DPL)-Manila (MNL),2026-11-01,9189.407842054145,3196.250829376282,15182.564854732007,5306.540211698262,1240.6945563904428,9372.385867006082
Dumaguete City (DGT)-Manila (MNL),2025-12-01,1485.9291930660288,-7147.809785574322,10119.66817170638,5726.441325000067,-479.2275653620627,11932.110215362198
Dumaguete City (DGT)-Manila (MNL),2026-01-01,549.4292366697182,-11660.521520912698,12759.379994252136,7673.647434973413,-103.2590741662716,15450.553944113097
Dumaguete City (DGT)-Manila (MNL),2026-02-01,-1125.078745419128,-16079.15331571204,13828.995824873782,7936.298205257751,-608.525988925584,16481.122399441087
Dumaguete City (DGT)-Manila (MNL),2026-03-01,-728.4803772263285,-17995.958334507028,16538.99758005437,7926.464874181864,-1026.9958915053212,16879.92563986905
Dumaguete City (DGT)-Manila (MNL),2026-04-01,125.13923161180696,-19180.488024617614,19430.76648784123,11406.947049909302,2228.5076701989656,20585.38642961964
Dumaguete City (DGT)-Manila (MNL),2026-05-01,3369.339038608321,-17778.916031438523,24517.59410865517,16587.109047223392,7282.757170656585,25891.460923790197
Dumaguete City (DGT)-Manila (MNL),2026-06-01,3402.2853661573245,-19440.44085596984,26245.011588284488,17531.29012155997,8155.863304105527,26906.71693901441
Dumaguete City (DGT)-Manila (MNL),2026-07-01,-476.05164475353286,-24895.953159918365,23943.849870411297,16244.013853586448,6828.27948115477,25659.748226018128
Dumaguete City (DGT)-Manila (MNL),2026-08-01,-1435.478943558109,-27336.695879479154,24465.737992362938,15679.422137839729,6240.7696185792665,25118.07465710019
Dumaguete City (DGT)-Manila (MNL),2026-09-01,-12711.528622074089,-40000.10896414593,14577.051719997755,4930.435764061598,-4521.266548578264,14382.13807670146
Dumaguete City (DGT)-Manila (MNL),2026-10-01,-13985.27038935497,-42590.44656013016,14619.905781420224,5420.821516671571,-4038.3175726077716,14879.960605950913
Dumaguete City (DGT)-Manila (MNL),2026-11-01,-17977.962098774296,-47841.74602573942,11885.821828190827,1629.4718195443888,-7833.907295518875,11092.850934607653
General Santos (GES)-Cebu (CEB),2025-12-01,2473.5337296776265,-977.7033273438674,5924.77078669912,2268.965542456863,-1099.5508759732124,5637.481960886938
General Santos (GES)-Cebu (CEB),2026-01-01,3112.7467674384056,-1101.5865485160243,7327.080083392835,2762.031490751747,-1343.6881084060215,6867.751089909515
General Santos (GES)-Cebu (CEB),2026-02-01,3560.700060194909,-981.6953995620356,8103.095519951854,3105.6237303113135,-1313.94546865654,7525.1929292791665
General Santos (GES)-Cebu (CEB),2026-03-01,3874.6206792021985,-820.5021678820303,8569.743526286427,3345.0554483072883,-1219.140609782834,7909.251506397411
General Santos (GES)-Cebu (CEB),2026-04-01,4094.6127110310326,-673.7245342671649,8862.94995632923,3511.903068777382,-1120.895198684805,8144.701336239569
General Santos (GES)-Cebu (CEB),2026-05-01,4248.780647566144,-555.104003535922,9052.66529866821,3628.170573724243,-1037.5769531779388,8293.918100626424
General Santos (GES)-Cebu (CEB),2026-06-01,4356.819799975023,-464.42639112639426,9178.06599107644,3709.191403799499,-972.4725654843082,8390.855373083306
General Santos (GES)-Cebu (CEB),2026-07-01,4432.532420352285,-397.2172562405567,9262.282096945128,3765.6506432842007,-923.7228286349591,8455.02411520336
General Santos (GES)-Cebu (CEB),2026-08-01,4485.590971410674,-348.3293310464951,9319.511273867844,3804.994176548795,-888.1184444086743,8498.106797506265
General Santos (GES)-Cebu (CEB),2026-09-01,4522.77380600797,-313.19339405587925,9358.74100607182,3832.410656541617,-862.5166126487429,8527.337925731976
General Santos (GES)-Cebu (CEB),2026-10-01,4548.831117433011,-288.14100680544016,9385.803241671463,3851.515788003544,-844.2924173535575,8547.323993360646
General Santos (GES)-Cebu (CEB),2026-11-01,4567.091787606633,-270.37378332497246,9404.557358538239,3864.8291691623613,-831.4067572148128,8561.065095539536
General Santos (GES)-Iloilo (ILO),2025-12-01,1762.8632840885668,12.249749027748521,3513.476819149385,1762.8632840885668,12.249749027748521,3513.476819149385
General Santos (GES)-Iloilo (ILO),2026-01-01,2078.5872194539015,16.274154510904737,4140.900284396898,2078.5872194539015,16.274154510904737,4140.900284396898
General Santos (GES)-Iloilo (ILO),2026-02-01,2275.201256994556,104.01789126408585,4446.384622725026,2275.201256994556,104.01789126408585,4446.384622725026
General Santos (GES)-Iloilo (ILO),2026-03-01,2397.6407537444825,185.67837246166027,4609.603135027304,2397.6407537444825,185.67837246166027,4609.603135027304
General Santos (GES)-Iloilo (ILO),2026-04-01,2473.8887701724825,246.31293880649264,4701.464601538472,2473.8887701724825,246.31293880649264,4701.464601538472
General Santos (GES)-Iloilo (ILO),2026-05-01,2521.371487461649,287.77004324266954,4754.972931680628,2521.371487461649,287.77004324266954,4754.972931680628
General Santos (GES)-Iloilo (ILO),2026-06-01,2550.9408919758225,315.00705134684904,4786.874732604796,2550.9408919758225,315.00705134684904,4786.874732604796
General Santos (GES)-Iloilo (ILO),2026-07-01,2569.3549536226765,332.51725116337093,4806.192656081982,2569.3549536226765,332.51725116337093,4806.192656081982
General Santos (GES)-Iloilo (ILO),2026-08-01,2580.822133023317,343.6340061915339,4818.0102598551,2580.822133023317,343.6340061915339,4818.0102598551
General Santos (GES)-Iloilo (ILO),2026-09-01,2587.9632084649174,350.6391998837512,4825.287217046083,2587.9632084649174,350.6391998837512,4825.287217046083
General Santos (GES)-Iloilo (ILO),2026-10-01,2592.4102443645897,355.03354230658897,4829.7869464225905,2592.4102443645897,355.03354230658897,4829.7869464225905
General Santos (GES)-Iloilo (ILO),2026-11-01,2595.1795931069055,357.78245655969886,4832.576729654113,2595.1795931069055,357.78245655969886,4832.576729654113
General Santos (GES)-Manila (MNL),2025-12-01,5171.538831259195,-6025.105649317824,16368.183311836214,694.8039999999994,-7678.5591616591,9068.1671616591
General Santos (GES)-Manila (MNL),2026-01-01,6265.035749305891,-9569.410728195988,22099.48222680777,1692.989999999997,-10148.733745893558,13534.713745893554
General Santos (GES)-Manila (MNL),2026-02-01,5579.2588144634365,-13813.898300181601,24972.415929108472,1239.1959999999988,-13263.894426219133,15742.286426219129
General Santos (GES)-Manila (MNL),2026-03-01,8209.197617340302,-14184.091343813732,30602.486578494336,1484.8419999999992,-15261.8843233182,18231.5683233182
General Santos (GES)-Manila (MNL),2026-04-01,1619.00435964966,-23417.453818818376,26655.4625381177,-4346.486000000004,-23069.89522976231,14376.923229762302
General Santos (GES)-Manila (MNL),2026-05-01,8256.110583575048,-19169.95522518824,35682.17639233834,2847.6759999999986,-17662.791177082487,23358.143177082486
General Santos (GES)-Manila (MNL),2026-06-01,7216.47884724864,-22407.057966762117,36840.0156612594,-689.430000000003,-22843.26656297951,21464.4065629795
General Santos (GES)-Manila (MNL),2026-07-01,9614.315466691025,-22054.57748831273,41283.208421694784,3081.244,-20602.203491787113,26764.69149178711
General Santos (GES)-Manila (MNL),2026-08-01,7081.360668067415,-26508.572773663647,40671.29410979847,-224.6630000000032,-25344.7524849773,24895.42648497729
General Santos (GES)-Manila (MNL),2026-09-01,-16338.751992464753,-51720.71149700387,19043.207512074358,-14658.592000000004,-41137.49126659144,11820.30726659143
General Santos (GES)-Manila (MNL),2026-10-01,-21218.871748172067,-58297.01514722151,15859.271650877374,-17137.420000000006,-44908.72384060724,10633.883840607232
General Santos (GES)-Manila (MNL),2026-11-01,-21949.94883387668,-60650.005390167426,16750.10772241407,-21841.876000000004,-50848.05685243826,7164.304852438254
Iloilo (ILO)-Cebu (CEB),2025-12-01,2906.8978728884827,-546.6480220802068,6360.443767857172,1975.5383187557832,-1266.4095130196306,5217.4861505311965
Iloilo (ILO)-Cebu (CEB),2026-01-01,2796.2389817003354,-1995.7519759184247,7588.229939319095,1775.7731674531096,-2583.394808355377,6134.941143261596
Iloilo (ILO)-Cebu (CEB),2026-02-01,2689.792619033812,-3069.992390632364,8449.577628699988,1596.2081384644966,-3489.44450933665,6681.860786265643
Iloilo (ILO)-Cebu (CEB),2026-03-01,2587.3984236530914,-3941.336338180181,9116.133185486364,1434.8006085453883,-4169.472382717165,7039.073599807941
Iloilo (ILO)-Cebu (CEB),2026-04-01,2488.9021389043924,-4678.238337834926,9656.04261564371,1289.7145031866444,-4700.891719442634,7280.320725815924
Iloilo (ILO)-Cebu (CEB),2026-05-01,2394.155380328628,-5316.772364314068,10105.083124971323,1159.299410540607,-5126.138339871996,7444.73716095321
Iloilo (ILO)-Cebu (CEB),2026-06-01,2303.0154121205096,-5878.956323056779,10484.987147297797,1042.0718073333956,-5471.846009936724,7555.989624603515
Iloilo (ILO)-Cebu (CEB),2026-07-01,2215.344932097338,-6379.525403893345,10810.21526808802,936.6981832007522,-5756.133720964578,7629.530087366083
Iloilo (ILO)-Cebu (CEB),2026-08-01,2131.011864853535,-6828.986411647518,11091.010141354589,841.9798714800827,-5991.991789098079,7675.951532058244
Iloilo (ILO)-Cebu (CEB),2026-09-01,2049.8891627893045,-7235.185975918181,11334.96430149679,756.8394139029513,-6189.07678929449,7702.755617100393
Iloilo (ILO)-Cebu (CEB),2026-10-01,1971.854614713674,-7604.193822443752,11547.9030518711,680.3083040810111,-6354.756600993023,7715.373209155046
Iloilo (ILO)-Cebu (CEB),2026-11-01,1896.7906617335764,-7940.83622361437,11734.417547081523,611.515970362675,-6494.763044677555,7717.794985402905
Iloilo (ILO)-General Santos (GES),2025-12-01,1570.4789720628926,-200.39604414090945,3341.3539882666946,1570.4789720628926,-200.39604414090945,3341.3539882666946
Iloilo (ILO)-General Santos (GES),2026-01-01,1956.1106087219948,-121.4692053852657,4033.690422829255,1956.1106087219948,-121.4692053852657,4033.690422829255
Iloilo (ILO)-General Santos (GES),2026-02-01,2192.6961646252585,10.816516863028937,4374.5758123874875,2192.6961646252585,10.816516863028937,4374.5758123874875
Iloilo (ILO)-General Santos (GES),2026-03-01,2337.8417386424026,117.97428935346034,4557.709187931345,2337.8417386424026,117.97428935346034,4557.709187931345
Iloilo (ILO)-General Santos (GES),2026-04-01,2426.8887541135437,192.89061764497228,4660.886890582115,2426.8887541135437,192.89061764497228,4660.886890582115
Iloilo (ILO)-General Santos (GES),2026-05-01,2481.5192243708107,242.22562040086223,4720.812828340759,2481.5192243708107,242.22562040086223,4720.812828340759
Iloilo (ILO)-General Santos (GES),2026-06-01,2515.035095337844,273.75160298188666,4756.3185876938005,2515.035095337844,273.75160298188666,4756.3185876938005
Iloilo (ILO)-General Santos (GES),2026-07-01,2535.5971297005153,293.56513267786977,4777.629126723161,2535.5971297005153,293.56513267786977,4777.629126723161
Iloilo (ILO)-General Santos (GES),2026-08-01,2548.2119669382982,305.89830946202574,4790.525624414571,2548.2119669382982,305.89830946202574,4790.525624414571
Iloilo (ILO)-General Santos (GES),2026-09-01,2555.9511874711,313.5315266733096,4798.370848268891,2555.9511874711,313.5315266733096,4798.370848268891
Iloilo (ILO)-General Santos (GES),2026-10-01,2560.6992102419326,318.2396527889932,4803.158767694872,2560.6992102419326,318.2396527889932,4803.158767694872
Iloilo (ILO)-General Santos (GES),2026-11-01,2563.612128944378,321.1375552130521,4806.086702675704,2563.612128944378,321.1375552130521,4806.086702675704
Iloilo (ILO)-Manila (MNL),2025-12-01,811.1589631291554,-19189.857876645357,20812.175802903672,7819.539803492193,-3259.4985618903756,18898.57816887476
Iloilo (ILO)-Manila (MNL),2026-01-01,-6125.253796869189,-37070.57807717758,24820.07048343921,8224.224286216213,-6574.720001017533,23023.16857344996
Iloilo (ILO)-Manila (MNL),2026-02-01,-27423.293186712734,-70712.84882872608,15866.262455300617,8610.253353929116,-8899.793156232916,26120.299864091146
Iloilo (ILO)-Manila (MNL),2026-03-01,-13014.420078910085,-67181.40168403236,41152.561526212194,8978.486996386117,-10676.156460331087,28633.13045310332
Iloilo (ILO)-Manila (MNL),2026-04-01,-20396.580342168552,-84871.8952194087,44078.734535071606,9329.7455589615,-12090.554077987586,30750.045195910585
Iloilo (ILO)-Manila (MNL),2026-05-01,-19881.505366802998,-93772.26863503635,54009.25790143035,9664.81157020172,-13244.161423767528,32573.78456417097
Iloilo (ILO)-Manila (MNL),2026-06-01,-23117.192800306715,-105763.54786925678,59529.162268643355,9984.431485130734,-14199.629804467784,34168.49277472925
Iloilo (ILO)-Manila (MNL),2026-07-01,-23791.83049939989,-114558.61078994111,66974.94979114133,10289.317348191282,-14999.177252241756,35577.81194862432
Iloilo (ILO)-Manila (MNL),2026-08-01,-23700.776328090244,-122060.68010431866,74659.12744813817,10580.148379526798,-15672.95863494001,36833.255393993604
Iloilo (ILO)-Manila (MNL),2026-09-01,-65199.00125896199,-170685.1275173495,40287.12499942552,10857.572488137837,-16243.444366968793,37958.58934324447
Iloilo (ILO)-Manila (MNL),2026-10-01,-81305.31896664444,-193517.00409238093,30906.36615909204,11122.20771528401,-16727.922968034814,38972.338398602835
Iloilo (ILO)-Manila (MNL),2026-11-01,-93550.44499078332,-212136.7212589627,25035.83127739605,11374.64361134701,-17140.030677330287,39889.31790002431
Iloilo (ILO)-Puerto Princesa City (PPS),2025-12-01,941.904,-767.3305496281948,2651.1385496281946,941.904,-767.3305496281948,2651.1385496281946
Iloilo (ILO)-Puerto Princesa City (PPS),2026-01-01,941.904,-1475.3186813608613,3359.1266813608613,941.904,-1475.3186813608613,3359.1266813608613
Iloilo (ILO)-Puerto Princesa City (PPS),2026-02-01,941.904,-2018.5770820081407,3902.3850820081407,941.904,-2018.5770820081407,3902.3850820081407
Iloilo (ILO)-Puerto Princesa City (PPS),2026-03-01,941.904,-2476.565099256389,4360.373099256389,941.904,-2476.565099256389,4360.373099256389
Iloilo (ILO)-Puerto Princesa City (PPS),2026-04-01,941.904,-2880.0606424598805,4763.86864245988,941.904,-2880.0606424598805,4763.86864245988
Iloilo (ILO)-Puerto Princesa City (PPS),2026-05-01,941.904,-3244.8484973248874,5128.656497324888,941.904,-3244.8484973248874,5128.656497324888
Iloilo (ILO)-Puerto Princesa City (PPS),2026-06-01,941.904,-3580.3055505956904,5464.11355059569,941.904,-3580.3055505956904,5464.11355059569
Iloilo (ILO)-Puerto Princesa City (PPS),2026-07-01,941.904,-3892.5413627217226,5776.349362721723,941.904,-3892.5413627217226,5776.349362721723
Iloilo (ILO)-Puerto Princesa City (PPS),2026-08-01,941.904,-4185.799648884582,6069.607648884583,941.904,-4185.799648884582,6069.607648884583
Iloilo (ILO)-Puerto Princesa City (PPS),2026-09-01,941.904,-4463.1702322772,6346.978232277199,941.904,-4463.1702322772,6346.978232277199
Iloilo (ILO)-Puerto Princesa City (PPS),2026-10-01,941.904,-4726.9856798288165,6610.793679828816,941.904,-4726.9856798288165,6610.793679828816
Iloilo (ILO)-Puerto Princesa City (PPS),2026-11-01,941.904,-4979.05816401628,6862.866164016281,941.904,-4979.05816401628,6862.866164016281
Kalibo (KLO)-Manila (MNL),2025-12-01,1808.8399105381402,-3847.217497608871,7464.897318685152,1601.686922388206,-60.84501826871224,3264.2188630451246
Kalibo (KLO)-Manila (MNL),2026-01-01,1832.4441957702286,-6166.42890039209,9831.317291932548,1807.6428862903765,-543.5323320650994,4158.818104645852
Kalibo (KLO)-Manila (MNL),2026-02-01,-1316.988899544017,-11113.567700980977,8479.589901892945,1383.825070354021,-1495.7647200698473,4263.414860777889
Kalibo (KLO)-Manila (MNL),2026-03-01,-911.722322696585,-12223.837138990608,10400.392493597437,1498.9378059946225,-1826.1260753192146,4824.00168730846
Kalibo (KLO)-Manila (MNL),2026-04-01,-5496.3838217742705,-18143.712671032263,7150.94502748372,1524.9288911914539,-2192.605542882062,5242.46332526497
Kalibo (KLO)-Manila (MNL),2026-05-01,-2467.7818579127515,-16322.236463761663,11386.672747936162,1802.4105675751143,-2269.9443681134185,5874.765503263647
Kalibo (KLO)-Manila (MNL),2026-06-01,-3523.69922823648,-18488.220531298026,11440.822074825064,1712.2796580928302,-2686.36640358697,6110.925719772631
Kalibo (KLO)-Manila (MNL),2026-07-01,-3122.4675170619957,-19120.213709386633,12875.278675262643,1768.6000247571694,-2933.7504119537825,6470.950461468121
Kalibo (KLO)-Manila (MNL),2026-08-01,-5529.609133473258,-22497.781357914293,11438.563090967775,1389.637792732688,-3597.9580292380665,6377.233614703442
Kalibo (KLO)-Manila (MNL),2026-09-01,-17007.1999681937,-34893.22395460686,878.8240182194604,161.87868719330368,-5091.354386997847,5415.1117613844535
Kalibo (KLO)-Manila (MNL),2026-10-01,-22938.10541638443,-41697.12563191812,-4179.085200850743,279.44099974169376,-5220.903575058988,5779.785574542377
Kalibo (KLO)-Manila (MNL),2026-11-01,-23202.88084368916,-42796.038446563085,-3609.723240815234,1150.954852737446,-4585.866841485131,6887.776546960024
Laoag City (LAO)-Manila (MNL),2025-12-01,2687.630186872877,-454.7678895393251,5830.028263285079,1308.0378461538478,-764.6225982096264,3380.6982905173218
Laoag City (LAO)-Manila (MNL),2026-01-01,659.7078303727067,-3784.314147664554,5103.7298084099675,914.1756923076939,-2017.0088183053774,3845.360202920765
Laoag City (LAO)-Manila (MNL),2026-02-01,-890.4765857892829,-6333.269711741924,4552.316540163359,300.08953846153946,-3289.863658014284,3890.042734937363
Laoag City (LAO)-Manila (MNL),2026-03-01,-80.0498317702619,-6364.845984594666,6204.746321054142,13.73538461538601,-4131.585504111563,4159.056273342334
Laoag City (LAO)-Manila (MNL),2026-04-01,143.09446388940677,-6883.521247332855,7169.710175111669,-160.2747692307679,-4794.884417102417,4474.3348786408815
Laoag City (LAO)-Manila (MNL),2026-05-01,-337.60840922041416,-8034.880265133692,7359.663446692864,-162.42092307692104,-5239.381421817675,4914.539575663833
Laoag City (LAO)-Manila (MNL),2026-06-01,-1963.8006280106076,-10277.804458565039,6350.203202543824,-569.675076923075,-6053.419164989453,4914.069011143303
Laoag City (LAO)-Manila (MNL),2026-07-01,-3695.0960132106966,-12583.139969285217,5192.947942863825,-1465.7372307692287,-7328.10625199537,4396.631790456913
Laoag City (LAO)-Manila (MNL),2026-08-01,-3836.852905170952,-13264.047134407558,5590.341324065654,-1531.4953846153826,-7749.476717705806,4686.48594847504
Laoag City (LAO)-Manila (MNL),2026-09-01,-12184.607763614302,-22121.743000008697,-2247.4725272199066,-3864.221538461537,-10418.549358786817,2690.1062818637433
Laoag City (LAO)-Manila (MNL),2026-10-01,-11633.735535025617,-22055.89089641945,-1211.5801736317844,-1974.3756923076915,-8848.612704072628,4899.861319457245
Laoag City (LAO)-Manila (MNL),2026-11-01,-15125.406788851555,-26010.99304075684,-4239.820536946272,-5892.937846153845,-13072.844239105492,1286.9685467978015
Legazpi (DRP)-Cebu (CEB),2025-12-01,2812.8719160949695,248.31334601312346,5377.430486176816,363.39763636363637,-991.8949911381198,1718.6902638653926
Legazpi (DRP)-Cebu (CEB),2026-01-01,3617.742491455626,616.283017755587,6619.201965155665,363.39763636363637,-991.8949911381198,1718.6902638653926
Legazpi (DRP)-Cebu (CEB),2026-02-01,3376.1824914556264,374.72301775558753,6377.641965155665,363.39763636363637,-991.8949911381198,1718.6902638653926
Legazpi (DRP)-Cebu (CEB),2026-03-01,3533.1424914556264,531.6830177555876,6534.601965155665,363.39763636363637,-991.8949911381198,1718.6902638653926
Legazpi (DRP)-Cebu (CEB),2026-04-01,3903.9424914556257,902.4830177555868,6905.401965155665,363.39763636363637,-991.8949911381198,1718.6902638653926
Legazpi (DRP)-Cebu (CEB),2026-05-01,3614.934491455626,613.475017755587,6616.393965155665,363.39763636363637,-991.8949911381198,1718.6902638653926
Legazpi (DRP)-Cebu (CEB),2026-06-01,4298.572491455626,1297.113017755587,7300.031965155665,890.1476363636364,-465.14499113811985,2245.440263865393
Legazpi (DRP)-Cebu (CEB),2026-07-01,3874.1344914556257,872.6750177555869,6875.593965155665,363.39763636363637,-991.8949911381198,1718.6902638653926
Legazpi (DRP)-Cebu (CEB),2026-08-01,4635.942491455626,1634.4830177555868,7637.401965155665,1644.6856363636364,289.39300886188016,2999.9782638653924
Legazpi (DRP)-Cebu (CEB),2026-09-01,3925.0704914556263,923.6110177555875,6926.529965155665,2552.733636363637,1197.4410088618806,3908.026263865393
Legazpi (DRP)-Cebu (CEB),2026-10-01,1310.3584914556263,-1691.1009822444125,4311.817965155666,363.39763636363637,-991.8949911381198,1718.6902638653926
Legazpi (DRP)-Cebu (CEB),2026-11-01,1614.1984914556258,-1387.260982244413,4615.657965155665,363.39763636363637,-991.8949911381198,1718.6902638653926
Legazpi (DRP)-Manila (MNL),2025-12-01,16735.733765449513,6645.639040037835,26825.82849086119,1416.956411926401,-4195.182734072367,7029.095557925168
Legazpi (DRP)-Manila (MNL),2026-01-01,39302.76031769797,25784.0084808173,52821.51215457864,865.6364582994729,-8899.109745039379,10630.382661638327
Legazpi (DRP)-Manila (MNL),2026-02-01,58084.01549610298,43646.88325575327,72521.14773645268,631.9559945528591,-12647.144420147672,13911.056409253391
Legazpi (DRP)-Manila (MNL),2026-03-01,69205.73201910022,54716.558078605216,83694.90595959523,532.9090459024496,-15751.836632706187,16817.654724511085
Legazpi (DRP)-Manila (MNL),2026-04-01,68791.0922173502,52614.469987476245,84967.71444722416,490.92736767540526,-18416.71980331782,19398.574538668632
Legazpi (DRP)-Manila (MNL),2026-05-01,55083.015789423385,36221.8668915617,73944.16468728507,473.13316673560877,-20770.370578733513,21716.636912204733
Legazpi (DRP)-Manila (MNL),2026-06-01,33555.75003103821,13183.515552571338,53927.984509505084,465.5909816573124,-22894.741496174633,23825.923459489255
Legazpi (DRP)-Manila (MNL),2026-07-01,18242.830891367605,-2232.8417311478734,38718.503513883086,462.39417861188565,-24843.574629611663,25768.362986835433
Legazpi (DRP)-Manila (MNL),2026-08-01,14632.347279779871,-6296.973798077655,35561.6683576374,461.0391933383662,-26653.39961625568,27575.47800293241
Legazpi (DRP)-Manila (MNL),2026-09-01,16391.683732593214,-6351.614685979654,39134.982151166085,460.46487422475013,-28349.980916293596,29270.9106647431
Legazpi (DRP)-Manila (MNL),2026-10-01,30759.11130252375,6180.482941766277,55337.73966328122,460.2214454209758,-29952.131971787505,30872.574862629455
Legazpi (DRP)-Manila (MNL),2026-11-01,48735.854489532256,23571.52628493113,73900.18269413339,460.11826657649345,-31474.022812461877,32394.259345614864
Manila (MNL)-Bacolod City (BCD),2025-12-01,9568.390977396713,-8917.218489415092,28054.00044420852,545.3147540699097,-7068.294885461875,8158.924393601694
Manila (MNL)-Bacolod City (BCD),2026-01-01,11776.772645418305,-13911.991590392967,37465.53688122958,-3438.0474884187406,-13985.606217838282,7109.5112410008005
Manila (MNL)-Bacolod City (BCD),2026-02-01,8951.195438526815,-21971.349795540107,39873.74067259373,-7833.455443104731,-23287.152871829163,7620.241985619701
Manila (MNL)-Bacolod City (BCD),2026-03-01,10806.246746043043,-24295.022915308495,45907.51640739458,-5574.622586579531,-26630.844304863836,15481.599131704774
Manila (MNL)-Bacolod City (BCD),2026-04-01,11478.147457792282,-27109.448832080703,50065.74374766527,-3358.756601379232,-28032.3926537976,21314.879451039138
Manila (MNL)-Bacolod City (BCD),2026-05-01,11833.24952391891,-29738.634226795337,53405.13327463315,-1185.2143045668972,-28435.37980717121,26064.95119803742
Manila (MNL)-Bacolod City (BCD),2026-06-01,10633.393971777974,-33536.429201097955,54803.2171446539,-1074.3131519435722,-30242.206350905446,28093.5800470183
Manila (MNL)-Bacolod City (BCD),2026-07-01,11173.832188485385,-35284.6592162237,57632.32359319447,-573.6590066582081,-31204.788546664284,30057.47053334787
Manila (MNL)-Bacolod City (BCD),2026-08-01,11383.040726098605,-37109.55124219487,59875.63269439208,539.2299463939404,-31226.003319649863,32304.463212437746
Manila (MNL)-Bacolod City (BCD),2026-09-01,1826.358708055417,-48486.42595123469,52139.14336734553,-1753.9687948446533,-34407.589771752304,30899.652182063
Manila (MNL)-Bacolod City (BCD),2026-10-01,114.8227986912816,-51835.54874450859,52065.194341891154,-1717.6926251020716,-35072.47787362166,31637.09262341752
Manila (MNL)-Bacolod City (BCD),2026-11-01,-6596.916166405965,-60027.03961918321,46833.20728637128,-5122.39288023038,-39033.62892867318,28788.84316821242
Manila (MNL)-Butuan (BXU),2025-12-01,6588.798880293649,-2362.4636655822105,15540.061426169508,-3246.546045210307,-8336.697083498333,1843.604993077719
Manila (MNL)-Butuan (BXU),2026-01-01,15365.542883357311,2072.119986765154,28658.965779949467,-5253.115835991557,-11779.404883597244,1273.1732116141302
Manila (MNL)-Butuan (BXU),2026-02-01,22373.5449705609,7440.53286118609,37306.55707993571,-7602.129807923542,-17513.47035568705,2309.2107398399676
Manila (MNL)-Butuan (BXU),2026-03-01,26157.980915453598,10908.43297512193,41407.52885578526,-2419.6576901378576,-15745.336859024575,10906.02147874886
Manila (MNL)-Butuan (BXU),2026-04-01,27191.072618342372,11937.204338034826,42444.94089864992,3347.9813556681256,-12670.7478286078,19366.71053994405
Manila (MNL)-Butuan (BXU),2026-05-01,26639.41047366799,11354.195808642737,41924.62513869324,10065.604492183087,-7777.102350544832,27908.311334911006
Manila (MNL)-Butuan (BXU),2026-06-01,25573.478086459316,10238.374301351492,40908.58187156714,11311.092687643511,-7594.267800887752,30216.453176174775
Manila (MNL)-Butuan (BXU),2026-07-01,24648.901881809405,9286.156933207794,40011.64683041102,13972.511529453615,-5458.546305628588,33403.56936453582
Manila (MNL)-Butuan (BXU),2026-08-01,24108.631666056142,8738.97864438282,39478.284687729465,17101.67595741521,-2557.503835052612,36760.855749883034
Manila (MNL)-Butuan (BXU),2026-09-01,23927.3361219711,8557.386255035439,39297.28598890676,14138.059405917373,-5569.504299064234,33845.62311089898
Manila (MNL)-Butuan (BXU),2026-10-01,23968.9701256673,8598.692436661959,39339.24781467264,11376.036063701693,-8346.660393637354,31098.73252104074
Manila (MNL)-Butuan (BXU),2026-11-01,24095.448154058937,8724.411229630965,39466.485078486905,11865.606901217297,-7857.022942676578,31588.23674511117
Manila (MNL)-Cagayan de Oro (CGY),2025-12-01,9062.202218574994,-6705.132436210244,24829.53687336023,7460.623113289936,-1319.519941764418,16240.76616834429
Manila (MNL)-Cagayan de Oro (CGY),2026-01-01,8346.124686978363,-19441.159377370954,36133.408751327675,16240.157997688148,2681.1085110691183,29799.207484307175
Manila (MNL)-Cagayan de Oro (CGY),2026-02-01,390.7703537006783,-37724.968856863845,38506.50956426521,22967.937998687143,7266.422979804809,38669.453017569474
Manila (MNL)-Cagayan de Oro (CGY),2026-03-01,4194.556076559224,-42828.057163872225,51217.16931699067,26644.151893168157,10357.489805878342,42930.81398045797
Manila (MNL)-Cagayan de Oro (CGY),2026-04-01,5438.730451943641,-49386.82706076906,60264.287964656345,27720.42751517918,11384.586087281656,44056.268943076706
Manila (MNL)-Cagayan de Oro (CGY),2026-05-01,9232.577119287334,-52551.38358516047,71016.53782373514,27211.188164297193,10864.357201001902,43558.01912759249
Manila (MNL)-Cagayan de Oro (CGY),2026-06-01,8760.814753824654,-59329.30913908426,76850.93864673357,26092.032747194018,9692.227257211722,42491.838237176315
Manila (MNL)-Cagayan de Oro (CGY),2026-07-01,9709.569436211288,-64173.503015397844,83592.64188782041,25021.01590073866,8572.84476815605,41469.18703332127
Manila (MNL)-Cagayan de Oro (CGY),2026-08-01,4959.484028248023,-74304.02846554277,84222.99652203883,24301.265532077654,7831.298163328382,40771.23290082693
Manila (MNL)-Cagayan de Oro (CGY),2026-09-01,-24101.59009486205,-108406.99533083179,60203.81514110768,23971.626435199047,7497.090841802354,40446.16202859574
Manila (MNL)-Cagayan de Oro (CGY),2026-10-01,-48455.18414179362,-137519.2880457574,40608.91976217013,23931.385629819662,7456.7819685412505,40405.98929109807
Manila (MNL)-Cagayan de Oro (CGY),2026-11-01,-53053.03168466396,-146634.92404978618,40528.86068045825,24043.261945060076,7568.132172779879,40518.39171734027
Manila (MNL)-Caticlan (MPH),2025-12-01,14977.869575635668,-8744.691506452109,38700.430657723446,9034.156022396128,-2238.3695691978282,20306.681613990084
Manila (MNL)-Caticlan (MPH),2026-01-01,20241.501136220963,-10388.679627542733,50871.68189998466,16429.40475209367,1221.2270462073575,31637.58245797998
Manila (MNL)-Caticlan (MPH),2026-02-01,26577.52307582995,-7899.266039153612,61054.312190813514,28441.010472155584,10387.816836990718,46494.204107320445
Manila (MNL)-Caticlan (MPH),2026-03-01,30511.666858989658,-6305.135912520491,67328.4696304998,37474.51377689446,18839.26915951491,56109.75839427402
Manila (MNL)-Caticlan (MPH),2026-04-01,44101.137987637216,5809.294639491236,82392.9813357832,43135.00737339004,24495.20309834173,61774.81164843835
Manila (MNL)-Caticlan (MPH),2026-05-01,49991.22551399208,10756.99305959246,89225.45796839171,43719.104322713196,24768.052429383235,62670.15621604316
Manila (MNL)-Caticlan (MPH),2026-06-01,54314.91898841417,14481.120815033893,94148.71716179444,40783.53738635694,21190.01863849205,60377.05613422183
Manila (MNL)-Caticlan (MPH),2026-07-01,54466.14076087432,14262.657591559582,94669.62393018906,35827.28817646473,15649.083310543112,56005.493042386355
Manila (MNL)-Caticlan (MPH),2026-08-01,54831.94496399826,14421.783569646788,95242.10635834973,30973.45687935057,10546.74829618193,51400.16546251922
Manila (MNL)-Caticlan (MPH),2026-09-01,33347.35645953224,-7141.424657097807,73836.13757616229,27570.152698561404,7116.925897275778,48023.379499847026
Manila (MNL)-Caticlan (MPH),2026-10-01,26377.79914451599,-14228.996427595372,66984.59471662735,26314.03217205593,5841.019144574471,46787.04519953739
Manila (MNL)-Caticlan (MPH),2026-11-01,18711.330729869747,-21973.691298756727,59396.35275849622,27022.51465840554,6444.7322692591515,47600.297047551925
Manila (MNL)-Cauayan (CYZ),2025-12-01,1770.9308002370035,-937.788059727643,4479.6496602016505,666.20097465645,-1521.5415895611372,2853.943538874037
Manila (MNL)-Cauayan (CYZ),2026-01-01,2274.642064231517,-900.3460422787693,5449.630170741803,876.5818424974132,-2398.3507521786523,4151.514437173479
Manila (MNL)-Cauayan (CYZ),2026-02-01,2804.729837658235,-697.8483822765088,6307.308057592978,476.0002225670869,-3617.6813737843395,4569.681818918513
Manila (MNL)-Cauayan (CYZ),2026-03-01,6511.311074172654,2917.98661393145,10104.635534413857,4615.6341002738145,-58.95361891097491,9290.221819458604
Manila (MNL)-Cauayan (CYZ),2026-04-01,11727.28790792869,8134.57316086183,15320.002654995551,6675.830284136895,1641.4017725881213,11710.25879568567
Manila (MNL)-Cauayan (CYZ),2026-05-01,14885.233517290317,11255.261531957705,18515.205502622928,9704.12915001535,4494.905806222357,14913.352493808343
Manila (MNL)-Cauayan (CYZ),2026-06-01,14526.221567062243,10711.612958812268,18340.830175312218,8199.781302035604,2941.17223525341,13458.3903688178
Manila (MNL)-Cauayan (CYZ),2026-07-01,16277.951483657274,12107.899859305631,20448.003108008917,9944.786703136993,4685.689936462662,15203.883469811324
Manila (MNL)-Cauayan (CYZ),2026-08-01,18277.329116589113,13650.66692928387,22903.991303894356,11371.528640884062,6084.2757052002335,16658.78157656789
Manila (MNL)-Cauayan (CYZ),2026-09-01,14397.172742918778,9317.1041894554,19477.241296382155,6447.349794525869,1051.3202336045306,11843.379355447207
Manila (MNL)-Cauayan (CYZ),2026-10-01,13913.621502290593,8470.272218558066,19356.97078602312,3975.4458735931935,-1621.2244195051048,9572.116166691492
Manila (MNL)-Cauayan (CYZ),2026-11-01,10943.912186427502,5272.5717158757725,16615.25265697923,3296.3954151600255,-2563.761347491415,9156.552177811467
Manila (MNL)-Cebu (CEB),2025-12-01,18859.265605439607,-21796.65887544003,59515.19008631924,9548.478518554799,-6923.383971973268,26020.341009082866
Manila (MNL)-Cebu (CEB),2026-01-01,8325.188411091018,-48739.65294852367,65390.0297707057,6077.803065747264,-17216.9282659022,29372.534397396725
Manila (MNL)-Cebu (CEB),2026-02-01,-19297.809158510965,-88666.05054470921,50070.432227687284,-5554.312292104203,-34084.41502098684,22975.790436778436
Manila (MNL)-Cebu (CEB),2026-03-01,-15801.839644637745,-95306.60402563865,63702.92473636316,-9220.377240317193,-42164.10222137332,23723.34774073894
Manila (MNL)-Cebu (CEB),2026-04-01,-39805.26454910188,-128037.62937815102,48427.10027994726,-13760.632295598807,-50592.83654044855,23071.571949250938
Manila (MNL)-Cebu (CEB),2026-05-01,-46286.32118818347,-142229.6869463041,49657.04456993718,-13781.845648448532,-54129.503863531994,26565.812566634933
Manila (MNL)-Cebu (CEB),2026-06-01,-53221.09296526082,-156094.09001091094,49651.904080389286,-17983.515187535126,-61563.96696752541,25596.936592455157
Manila (MNL)-Cebu (CEB),2026-07-01,-59004.94371177076,-168180.9100728557,50171.02264931418,-19937.382864944033,-66526.84552824296,26652.07979835489
Manila (MNL)-Cebu (CEB),2026-08-01,-52244.965017878276,-167205.71912382636,62715.789088069825,-18623.462981722576,-68039.05045330679,30792.12448986163
Manila (MNL)-Cebu (CEB),2026-09-01,-133239.58724575222,-253546.68594888953,-12932.488542614927,-40385.7810608957,-92474.38383605808,11702.82171426669
Manila (MNL)-Cebu (CEB),2026-10-01,-168676.8526471578,-293952.62597161566,-43401.079322699894,-50799.67213523725,-105430.65961464788,3831.315344173381
Manila (MNL)-Cebu (CEB),2026-11-01,-169917.73613633483,-299832.1818565874,-40003.29041608222,-55602.95272198114,-112663.15817974642,1457.252735784139
Manila (MNL)-Davao City (DVO),2025-12-01,7579.101516526622,-22943.96986714903,38102.17290020228,9709.763761966395,-11553.395342335458,30972.922866268247
Manila (MNL)-Davao City (DVO),2026-01-01,9562.942744496855,-42979.82453705342,62105.71002604713,19557.00456609467,-8643.571292583576,47757.58042477292
Manila (MNL)-Davao City (DVO),2026-02-01,-9417.819268925376,-80369.33764455133,61533.69910670057,11076.40797407266,-21415.377876760467,43568.193824905786
Manila (MNL)-Davao City (DVO),2026-03-01,-968.0655722297745,-87566.50348656316,85630.3723421036,17662.495182778097,-17740.71271091343,53065.703076469625
Manila (MNL)-Davao City (DVO),2026-04-01,-3330.1595642974744,-103547.84785745277,96887.52872885783,24549.997654640436,-12912.183671968778,62012.17898124965
Manila (MNL)-Davao City (DVO),2026-05-01,-1784.416546506958,-114123.07227307562,110554.23918006172,29177.192783257015,-9775.122761547864,68129.5083280619
Manila (MNL)-Davao City (DVO),2026-06-01,-1011.2816765600736,-124337.24454407874,122314.6811909586,36234.436722537095,-3811.862352767268,76280.73579784145
Manila (MNL)-Davao City (DVO),2026-07-01,10099.141351271162,-123331.7741407727,143530.05684331502,45264.1929815148,4407.132963658398,86121.25299937121
Manila (MNL)-Davao City (DVO),2026-08-01,14850.587664203316,-127979.42118002713,157680.59650843375,50703.81732899381,9241.989051792196,92165.64560619544
Manila (MNL)-Davao City (DVO),2026-09-01,-53664.30941397228,-205314.7322811377,97986.11345319313,28990.643581511584,-12924.36620210133,70905.6533651245
Manila (MNL)-Davao City (DVO),2026-10-01,-91537.80760821395,-251524.1380910895,68448.5228746616,19038.430912714462,-23217.28945019069,61294.15127561962
Manila (MNL)-Davao City (DVO),2026-11-01,-101470.42151175391,-269379.72996769426,66438.88694418642,15936.23236074292,-26576.257135479536,58448.72185696538
Manila (MNL)-Dipolog (DPL),2025-12-01,4055.542793437947,677.8535844201028,7433.23200245579,2077.7509759755567,-176.1004288333088,4331.602380784422
Manila (MNL)-Dipolog (DPL),2026-01-01,6960.345386254529,1498.4172583086356,12422.273514200424,4421.251143350375,775.8546041780019,8066.647682522748
Manila (MNL)-Dipolog (DPL),2026-02-01,9258.900214870599,3099.440956912257,15418.359472828939,5665.33582322896,1438.9260580180025,9891.745588439917
Manila (MNL)-Dipolog (DPL),2026-03-01,9258.900214870599,3099.440956912257,15418.359472828939,5665.33582322896,1438.9260580180025,9891.745588439917
Manila (MNL)-Dipolog (DPL),2026-04-01,9258.900214870599,3099.440956912257,15418.359472828939,5665.33582322896,1438.9260580180025,9891.745588439917
Manila (MNL)-Dipolog (DPL),2026-05-01,9258.900214870599,3099.440956912257,15418.359472828939,5665.33582322896,1438.9260580180025,9891.745588439917
Manila (MNL)-Dipolog (DPL),2026-06-01,9258.900214870599,3099.440956912257,15418.359472828939,5665.33582322896,1438.9260580180025,9891.745588439917
Manila (MNL)-Dipolog (DPL),2026-07-01,9258.900214870599,3099.440956912257,15418.359472828939,5665.33582322896,1438.9260580180025,9891.745588439917
Manila (MNL)-Dipolog (DPL),2026-08-01,9258.900214870599,3099.440956912257,15418.359472828939,5665.33582322896,1438.9260580180025,9891.745588439917
Manila (MNL)-Dipolog (DPL),2026-09-01,9258.900214870599,3099.440956912257,15418.359472828939,5665.33582322896,1438.9260580180025,9891.745588439917
Manila (MNL)-Dipolog (DPL),2026-10-01,9258.900214870599,3099.440956912257,15418.359472828939,5665.33582322896,1438.9260580180025,9891.745588439917
Manila (MNL)-Dipolog (DPL),2026-11-01,9258.900214870599,3099.440956912257,15418.359472828939,5665.33582322896,1438.9260580180025,9891.745588439917
Manila (MNL)-Dumaguete City (DGT),2025-12-01,4848.945751531559,-2597.735683210227,12295.627186273345,4379.166148472796,-1111.5874025405692,9869.91969948616
Manila (MNL)-Dumaguete City (DGT),2026-01-01,10460.10809671448,-964.1126559822005,21884.328849411162,9238.652291590919,1151.293147847162,17326.011435334676
Manila (MNL)-Dumaguete City (DGT),2026-02-01,15648.37489871508,2230.9253568672466,29065.824440562912,13329.611414935605,4241.506510781499,22417.71631908971
Manila (MNL)-Dumaguete City (DGT),2026-03-01,19391.687053865753,5192.470898540758,33590.90320919075,15739.921774787623,6429.407517808944,25050.4360317663
Manila (MNL)-Dumaguete City (DGT),2026-04-01,21626.7006892661,7203.767489470165,36049.63388906204,16651.226183001392,7328.878106697657,25973.574259305125
Manila (MNL)-Dumaguete City (DGT),2026-05-01,22697.361980250484,8236.596491887447,37158.12746861352,16637.92459764397,7309.72166647576,25966.127528812183
Manila (MNL)-Dumaguete City (DGT),2026-06-01,23029.71283079304,8567.800054153902,37491.62560743218,16245.909370262538,6901.392188728369,25590.426551796707
Manila (MNL)-Dumaguete City (DGT),2026-07-01,22978.877595248567,8515.363413396874,37442.39177710026,15827.4918013672,6471.662526719863,25183.321076014538
Manila (MNL)-Dumaguete City (DGT),2026-08-01,22783.926270378397,8316.764838099254,37251.08770265754,15537.455651052911,6177.769625842002,24897.14167626382
Manila (MNL)-Dumaguete City (DGT),2026-09-01,22577.886492637317,8107.8192506257,37047.95373464894,15397.193298196089,6036.973641794753,24757.412954597425
Manila (MNL)-Dumaguete City (DGT),2026-10-01,22417.835994576155,7946.32191793852,36889.35007121379,15365.698648287133,6005.47842890685,24725.918867667417
Manila (MNL)-Dumaguete City (DGT),2026-11-01,22315.82192788768,7843.813796993425,36787.83005878193,15389.762585391898,6029.4345444318515,24750.090626351943
Manila (MNL)-General Santos (GES),2025-12-01,1585.3316060484203,-9672.2375253953,12842.900737492138,-2106.6284125693073,-10355.407656652995,6142.15083151438
Manila (MNL)-General Santos (GES),2026-01-01,964.0176669551284,-17588.21077860004,19516.2461125103,-4144.810825138608,-16549.030214298815,8259.4085640216
Manila (MNL)-General Santos (GES),2026-02-01,-17.930693991652504,-24404.23583949188,24368.374451508575,-7439.013237707913,-23548.827330641056,8670.800855225229
Manila (MNL)-General Santos (GES),2026-03-01,2001.2796271859797,-27254.77165044071,31257.330904812672,-9846.555650277216,-29521.054997896324,9827.943697341892
Manila (MNL)-General Santos (GES),2026-04-01,-5272.878857864822,-38746.872243106816,28201.11452737717,-18705.512062846516,-41913.340769227056,4502.3166435340245
Manila (MNL)-General Santos (GES),2026-05-01,2055.7507384216124,-35175.254404567735,39286.755881410965,-14351.758475415825,-41112.50374461687,12408.98679378522
Manila (MNL)-General Santos (GES),2026-06-01,-1277.1667812275941,-41923.3522140343,39369.018651579114,-20729.272887985135,-51089.57028562359,9631.024509653314
Manila (MNL)-General Santos (GES),2026-07-01,4901.307198137134,-38895.69995572154,48698.3143519958,-19799.00730055444,-53820.956636139985,14222.942035031105
Manila (MNL)-General Santos (GES),2026-08-01,660.8438783661644,-46075.37892930365,47397.06668603598,-26136.377713123748,-63891.28248219777,11618.527055950279
Manila (MNL)-General Santos (GES),2026-09-01,-25950.937916313567,-75452.2600299793,23550.384197352163,-43219.66012569306,-84784.38389306146,-1654.9363583246522
Manila (MNL)-General Santos (GES),2026-10-01,-32697.635488186475,-84817.59577340883,19422.324797035886,-48538.896538262365,-93993.62710614732,-3084.1659703773985
Manila (MNL)-General Santos (GES),2026-11-01,-37887.32769407942,-92500.5180340012,16725.862645842368,-56434.86495083167,-105861.68816196334,-7008.041739699991
Manila (MNL)-Iloilo (ILO),2025-12-01,19383.368555897338,-4286.161109801098,43052.89822159577,6420.381633960381,-5284.288415854185,18125.051683774946
Manila (MNL)-Iloilo (ILO),2026-01-01,38900.69750827762,2281.4016258171323,75519.9933907381,6248.772163446437,-10084.409058455425,22581.953385348297
Manila (MNL)-Iloilo (ILO),2026-02-01,40923.98762846854,-4730.646790302388,86578.62204723946,6081.749618141783,-13659.112460819551,25822.611697103115
Manila (MNL)-Iloilo (ILO),2026-03-01,65441.93479005312,14271.505387973535,116612.3641921327,5919.191394772762,-16578.5149842219,28416.897773767425
Manila (MNL)-Iloilo (ILO),2026-04-01,76085.92045124278,22163.966828022974,130007.8740744626,5760.978167111237,-19067.437991988372,30589.394326210844
Manila (MNL)-Iloilo (ILO),2026-05-01,91317.14611445066,36417.590514480784,146216.70171442055,5606.993798382907,-21243.256461451892,32457.244058217708
Manila (MNL)-Iloilo (ILO),2026-06-01,99586.67877178651,44534.14699615667,154639.21054741635,5457.125256016848,-23176.95776709382,34091.20827912752
Manila (MNL)-Iloilo (ILO),2026-07-01,104095.59997828296,49035.18352051897,159156.01643604695,5311.262528673699,-24915.633236316764,35538.158293664164
Manila (MNL)-Iloilo (ILO),2026-08-01,99635.19920490327,44396.31855611831,154874.07985368822,5169.298545491594,-26492.58427007376,36831.18136105695
Manila (MNL)-Iloilo (ILO),2026-09-01,52457.04058785744,-3147.6947770762636,108061.77595279114,5031.129097490555,-27932.491903185888,37994.750098167
Manila (MNL)-Iloilo (ILO),2026-10-01,31554.130495856596,-24477.661718743257,87585.92271045645,4896.652761077657,-29254.317079796438,39047.62260195175
Manila (MNL)-Iloilo (ILO),2026-11-01,15877.523187897683,-40514.42065484197,72269.46703063733,4765.77082359681,-30473.045033929222,40004.58668112284
Manila (MNL)-Kalibo (KLO),2025-10-01,13343.57513465806,8325.558533597028,18361.591735719092,2803.8122958985036,668.4458217852284,4939.178770011778
Manila (MNL)-Kalibo (KLO),2025-11-01,14360.62239432863,8662.514572217813,20058.730216439446,4175.558878991589,1484.3510710723672,6866.766686910811
Manila (MNL)-Kalibo (KLO),2025-12-01,17514.582959310093,11634.296557206002,23394.869361414185,4469.38946765204,1499.3799432125688,7439.398992091512
Manila (MNL)-Kalibo (KLO),2026-01-01,19167.525539163657,13235.55544798873,25099.495630338584,4579.723535874005,1457.3275073301666,7702.119564417844
Manila (MNL)-Kalibo (KLO),2026-02-01,17807.56026728173,11860.71527863358,23754.40525592988,4362.218956052186,1153.6152022595365,7570.822709844835
Manila (MNL)-Kalibo (KLO),2026-03-01,19005.717052648186,13054.573788032692,24956.86031726368,4564.420156456385,1306.2826241759194,7822.55768873685
Manila (MNL)-Kalibo (KLO),2026-04-01,18280.499174880533,12328.112447486817,24232.885902274247,3753.667795628056,466.9427273172382,7040.392863938874
Manila (MNL)-Kalibo (KLO),2026-05-01,19420.721873385966,13467.975301361901,25373.46844541003,3861.32527163061,558.2480206515233,7164.4025226096965
Manila (MNL)-Kalibo (KLO),2026-06-01,18737.52277039971,12784.6720532785,24690.373487520923,3853.90639431045,541.84321920615,7165.96956941475
Manila (MNL)-Kalibo (KLO),2026-07-01,20164.015228549906,14211.134369248648,26116.896087851164,3896.336176560437,580.0116945003838,7212.66065862049
Manila (MNL)-Kalibo (KLO),2026-08-01,18444.883007955592,12491.993424688206,24397.77259122298,3718.4131145628576,401.30751384574705,7035.518715279968
Manila (MNL)-Kalibo (KLO),2026-09-01,6321.619789591232,368.727681365086,12274.511897817378,2759.869489196366,-554.7645782377845,6074.503556630516
Manila (MNL)-Laoag City (LAO),2025-12-01,3411.07538461539,-600.4260719006129,7422.576841131393,1308.0378461538462,-802.4258728246691,3418.5015651323615
Manila (MNL)-Laoag City (LAO),2026-01-01,3761.156769230772,-1911.9629960535835,9434.276534515127,914.1756923076922,-2070.4707219680845,3898.822106583469
Manila (MNL)-Laoag City (LAO),2026-02-01,1692.2241538461572,-5255.900183476111,8640.348491168426,300.0895384615377,-3355.340850340016,3955.5199272630916
Manila (MNL)-Laoag City (LAO),2026-03-01,832.1975384615439,-7190.80537457046,8855.200451493547,13.735384615384305,-4207.192053341646,4234.662822572415
Manila (MNL)-Laoag City (LAO),2026-04-01,378.76692307692747,-8591.223025532268,9348.756871686124,-160.2747692307696,-4879.415108913742,4558.865570452203
Manila (MNL)-Laoag City (LAO),2026-05-01,-75.23769230768721,-9901.369363203416,9750.89397858804,-162.42092307692224,-5331.9801552308345,5007.1383090769905
Manila (MNL)-Laoag City (LAO),2026-06-01,-1228.6023076923034,-11842.03754560703,9384.832930222425,-569.6750769230771,-6153.437228364735,5014.087074518582
Manila (MNL)-Laoag City (LAO),2026-07-01,-2690.5409230769183,-14036.780453645628,8655.698607491791,-1465.7372307692303,-7435.030059320783,4503.555597782322
Manila (MNL)-Laoag City (LAO),2026-08-01,-3153.213538461535,-15187.717908009541,8881.29083108647,-1531.495384615384,-7862.886541550929,4799.895772320161
Manila (MNL)-Laoag City (LAO),2026-09-01,-10692.07015384615,-23377.55159351962,1993.4112858273184,-3864.221538461539,-10538.093809583173,2809.6507326600963
Manila (MNL)-Laoag City (LAO),2026-10-01,-9213.682769230767,-22518.327946458536,4090.962407997,-1974.3756923076921,-8973.991981817488,5025.240597202104
Manila (MNL)-Laoag City (LAO),2026-11-01,-16740.15138461538,-30636.40005925992,-2843.902709970842,-5892.937846153846,-13203.798623756953,1417.9229314492604
Manila (MNL)-Legazpi (DRP),2025-12-01,15426.92596589553,4625.996333751549,26227.85559803951,158.463735755279,-5023.3001032854845,5340.227574796043
Manila (MNL)-Legazpi (DRP),2026-01-01,36318.45355929566,20447.379009141474,52189.52810944985,-809.0007809838067,-10104.887093460213,8486.8855314926
Manila (MNL)-Legazpi (DRP),2026-02-01,50056.36217827779,32014.452302563488,68098.2720539921,-1282.4735407784076,-14192.66515844693,11627.718076890113
Manila (MNL)-Legazpi (DRP),2026-03-01,60645.57019394959,42571.3363617718,78719.80402612739,-1514.1889684647065,-17582.299533744175,14553.921596814764
Manila (MNL)-Legazpi (DRP),2026-04-01,64656.51939261502,45554.256324345304,83758.78246088473,-1627.589450999619,-20481.519478858077,17226.34057685884
Manila (MNL)-Legazpi (DRP),2026-05-01,58238.301030915565,36601.973569637834,79874.6284921933,-1683.0871343759743,-23029.00058476396,19662.826316012008
Manila (MNL)-Legazpi (DRP),2026-06-01,40187.60836982146,16724.877799924532,63650.33893971838,-1710.247449669994,-25316.508380446678,21896.01348110669
Manila (MNL)-Legazpi (DRP),2026-07-01,29913.268600788942,6140.959400273554,53685.57780130433,-1723.5395851609117,-27405.57051018149,23958.49133985967
Manila (MNL)-Legazpi (DRP),2026-08-01,28310.30556990768,4364.567616111988,52256.04352370337,-1730.0446961655623,-29338.432997335694,25878.34360500457
Manila (MNL)-Legazpi (DRP),2026-09-01,15176.347104935188,-10002.21826027507,40354.91247014545,-1733.2282680763167,-31144.93792672376,27678.481390571127
Manila (MNL)-Legazpi (DRP),2026-10-01,17249.606826706375,-9394.701178339612,43893.914831752365,-1734.7862937739103,-32846.794690226794,29377.22210267897
Manila (MNL)-Legazpi (DRP),2026-11-01,23509.171632583646,-3697.251065890032,50715.59433105732,-1735.5487845052055,-34460.24927244706,30989.151703436648
Manila (MNL)-Manila (MNL),2025-10-01,420.77562131844536,-2851.0820408287577,3692.633283465648,638.1578367711162,-1312.251567175521,2588.567240717753
Manila (MNL)-Manila (MNL),2025-11-01,1714.5660570730088,-2282.2705633798623,5711.40267752588,766.7510817133202,-1429.412459918029,2962.9146233446695
Manila (MNL)-Manila (MNL),2025-12-01,4389.821379399023,80.67623865324731,8698.966520144797,2345.92708171332,149.76354008197086,4542.090623344669
Manila (MNL)-Manila (MNL),2026-01-01,7263.536062169726,2808.6888200932253,11718.383304246228,4516.5530817133185,2320.3895400819692,6712.716623344668
Manila (MNL)-Manila (MNL),2026-02-01,7439.210251866453,2914.362816809102,11964.057686923805,4806.671081713319,2610.5075400819696,7002.834623344668
Manila (MNL)-Manila (MNL),2026-03-01,1260.7346742784207,-3298.176179959501,5819.645528516343,1058.3990817133204,-1137.764459918029,3254.5626233446696
Manila (MNL)-Manila (MNL),2026-04-01,660.9273827947412,-3914.6583312918597,5236.513096881342,764.5190817133202,-1431.644459918029,2960.6826233446695
Manila (MNL)-Manila (MNL),2026-05-01,330.1757828801065,-4253.595988889389,4913.947554649602,651.5030817133203,-1544.6604599180291,2847.6666233446695
Manila (MNL)-Manila (MNL),2026-06-01,957.1336004843107,-3630.6624609070986,5544.92966187572,979.5330817133203,-1216.630459918029,3175.6966233446697
Manila (MNL)-Manila (MNL),2026-07-01,157.45420638847847,-4432.321548791206,4747.229961568162,617.9510817133203,-1578.212459918029,2814.11462334467
Manila (MNL)-Manila (MNL),2026-08-01,144.87591616620463,-4445.874046048462,4735.625878380872,452.78308171332026,-1743.380459918029,2648.9466233446697
Manila (MNL)-Manila (MNL),2026-09-01,190.32282147810122,-4400.906626259693,4781.552269215896,646.9030817133203,-1549.260459918029,2843.0666233446696
Manila (MNL)-Ozamiz (OZC),2025-12-01,-529.243946067747,-3315.4448722120937,2256.9569800766,1418.170381534836,-565.5203710258199,3401.861134095492
Manila (MNL)-Ozamiz (OZC),2026-01-01,-1054.3102972578279,-5740.887551471294,3632.2669569556374,3166.1704064979913,17.63458912609758,6314.706223869885
Manila (MNL)-Ozamiz (OZC),2026-02-01,-1227.324364580365,-7422.085508074638,4967.436778913908,4665.913769943903,882.5276244332995,8449.299915454507
Manila (MNL)-Ozamiz (OZC),2026-03-01,-1264.2331683727712,-8673.42198370097,6144.955646955428,5707.373819082048,1653.220142474252,9761.527495689843
Manila (MNL)-Ozamiz (OZC),2026-04-01,-1249.2078098565607,-9658.210511139245,7159.794891426122,6298.590545282501,2160.952410336152,10436.22868022885
Manila (MNL)-Ozamiz (OZC),2026-05-01,-1215.0307119129511,-10464.749284696936,8034.687860871035,6546.447116690455,2394.309609003929,10698.584624376981
Manila (MNL)-Ozamiz (OZC),2026-06-01,-1174.4452002915777,-11143.646313956022,8794.755913372865,6578.972737527096,2426.585984213525,10731.359490840667
Manila (MNL)-Ozamiz (OZC),2026-07-01,-1132.3812419027345,-11725.953620780585,9461.191136975116,6504.622900820803,2350.934014727036,10658.31178691457
Manila (MNL)-Ozamiz (OZC),2026-08-01,-1090.723214979284,-12232.055795460938,10050.60936550237,6397.963525579193,2241.5961791211676,10554.330872037219
Manila (MNL)-Ozamiz (OZC),2026-09-01,-1050.1692018875897,-12676.161066750532,10575.822662975354,6300.82667413594,2142.239091061375,10459.414257210505
Manila (MNL)-Ozamiz (OZC),2026-10-01,-1010.9560277955666,-13068.674358087988,11046.762302496856,6230.344964372462,2070.5889394004043,10390.100989344519
Manila (MNL)-Ozamiz (OZC),2026-11-01,-973.1419617075142,-13417.519554239045,11471.235630824018,6188.320961222415,2028.1496319556927,10348.492290489135
Manila (MNL)-Pagadian (PAG),2025-12-01,2178.584038978575,-889.9580105436075,5247.126088500758,2178.584038978575,-889.9580105436075,5247.126088500758
Manila (MNL)-Pagadian (PAG),2026-01-01,4380.717731494191,57.95827541340623,8703.477187574976,4380.717731494191,57.95827541340623,8703.477187574976
Manila (MNL)-Pagadian (PAG),2026-02-01,5690.001383518833,1003.5069679148191,10376.495799122848,5690.001383518833,1003.5069679148191,10376.495799122848
Manila (MNL)-Pagadian (PAG),2026-03-01,6468.438990320414,1659.9446558206128,11276.933324820215,6468.438990320414,1659.9446558206128,11276.933324820215
Manila (MNL)-Pagadian (PAG),2026-04-01,6931.260859932796,2080.37443451735,11782.147285348241,6931.260859932796,2080.37443451735,11782.147285348241
Manila (MNL)-Pagadian (PAG),2026-05-01,7206.432667049895,2340.6493106010257,12072.216023498764,7206.432667049895,2340.6493106010257,12072.216023498764
Manila (MNL)-Pagadian (PAG),2026-06-01,7370.036697895511,2498.9982877547627,12241.075108036259,7370.036697895511,2498.9982877547627,12241.075108036259
Manila (MNL)-Pagadian (PAG),2026-07-01,7467.307850741278,2594.413174591442,12340.202526891115,7467.307850741278,2594.413174591442,12340.202526891115
Manila (MNL)-Pagadian (PAG),2026-08-01,7525.140638399628,2651.589955391364,12398.691321407892,7525.140638399628,2651.589955391364,12398.691321407892
Manila (MNL)-Pagadian (PAG),2026-09-01,7559.525255323404,2685.742699974744,12433.307810672064,7559.525255323404,2685.742699974744,12433.307810672064
Manila (MNL)-Pagadian (PAG),2026-10-01,7579.968708403676,2706.1041905751526,12453.8332262322,7579.968708403676,2706.1041905751526,12453.8332262322
Manila (MNL)-Pagadian (PAG),2026-11-01,7592.1234104546475,2718.229919839059,12466.016901070236,7592.1234104546475,2718.229919839059,12466.016901070236
Manila (MNL)-Panglao (TAG),2025-12-01,9226.733143473037,134.1517247019001,18319.314562244173,3080.9285276712126,-5740.165422504189,11902.022477846614
Manila (MNL)-Panglao (TAG),2026-01-01,11178.824899325715,994.0318700221833,21363.617928629246,2969.0043241498192,-9281.40745803735,15219.416106336988
Manila (MNL)-Panglao (TAG),2026-02-01,2956.26936482561,-7361.54741050126,13274.08614015248,2861.1461115209077,-11875.836139063485,17598.1283621053
Manila (MNL)-Panglao (TAG),2026-03-01,9396.21377329954,-1010.5698555572199,19802.9974021563,2757.2061801612003,-13960.975446563203,19475.387806885603
Manila (MNL)-Panglao (TAG),2026-04-01,15197.026285816035,4706.335232506644,25687.717339125425,2657.042186453736,-15710.617898404746,21024.702271312217
Manila (MNL)-Panglao (TAG),2026-05-01,13677.07200686328,3104.1811884672716,24249.96282525929,2560.5169578511877,-17216.13088999718,22337.16480569956
Manila (MNL)-Panglao (TAG),2026-06-01,2563.0436063126253,-8090.690054120256,13216.777266745506,2467.4983050208552,-18533.137328055695,23468.133938097402
Manila (MNL)-Panglao (TAG),2026-07-01,239.46742588759662,-10493.817858581631,10972.752710356825,2377.85884081407,-19698.76067189362,24454.47835352176
Manila (MNL)-Panglao (TAG),2026-08-01,-2035.5262786903622,-12847.109002600764,8776.05644522004,2291.4758058120906,-20739.396675729757,25322.348287353936
Manila (MNL)-Panglao (TAG),2026-09-01,-29487.611031334323,-40376.26997560329,-18598.952087065358,2208.2309002095835,-21674.70115325073,26091.162953669897
Manila (MNL)-Panglao (TAG),2026-10-01,-36840.74636699751,-47805.29164713608,-25876.201086858942,2128.0101218054497,-22519.834479516227,26775.854723127122
Manila (MNL)-Panglao (TAG),2026-11-01,-48967.96392060984,-60007.23566353292,-37928.69217768677,2050.703609879135,-23286.816141221494,27388.223360979766
Manila (MNL)-Puerto Princesa City (PPS),2025-12-01,4090.903625417339,-11582.42581523367,19764.233066068347,147.28909873098746,-7183.660883448498,7478.239080910473
Manila (MNL)-Puerto Princesa City (PPS),2026-01-01,6740.243456754795,-18440.462028157337,31920.948941666924,663.9884513589368,-11776.574826789567,13104.55172950744
Manila (MNL)-Puerto Princesa City (PPS),2026-02-01,12788.345962505548,-18595.530576178196,44172.22250118929,4799.461949960001,-11253.409049358766,20852.332949278767
Manila (MNL)-Puerto Princesa City (PPS),2026-03-01,18218.304030390012,-16981.59853558246,53418.206596362485,7320.15338877449,-11047.214530890835,25687.521308439813
Manila (MNL)-Puerto Princesa City (PPS),2026-04-01,22210.693281568747,-15241.25699529748,59662.643558434975,8416.553526699656,-11313.984721808934,28147.091775208246
Manila (MNL)-Puerto Princesa City (PPS),2026-05-01,25385.178494935928,-13347.66974657961,64118.026736451466,10647.743522994448,-9822.858116341306,31118.345162330203
Manila (MNL)-Puerto Princesa City (PPS),2026-06-01,29503.03918061612,-9925.862686650318,68931.94104788256,12760.900735643612,-8078.795061792516,33600.59653307974
Manila (MNL)-Puerto Princesa City (PPS),2026-07-01,31369.002736937844,-8411.299890637943,71149.30536451362,15166.200466182265,-5841.167710842867,36173.5686432074
Manila (MNL)-Puerto Princesa City (PPS),2026-08-01,32667.631983151965,-7273.139360365829,72608.40332666977,17234.64714298898,-3841.0269965898624,38310.32128256782
Manila (MNL)-Puerto Princesa City (PPS),2026-09-01,37805.84640453152,-2218.031477788769,77829.72428685181,23727.622269471816,2627.7131457739015,44827.53139316973
Manila (MNL)-Puerto Princesa City (PPS),2026-10-01,41997.04211610686,1908.7536566923372,82085.33057552138,25892.80964959161,4785.852942754376,46999.766356428845
Manila (MNL)-Puerto Princesa City (PPS),2026-11-01,51915.97865557811,11793.575814181931,92038.3814969743,30895.542551732196,9787.147352070282,52003.937751394114
Manila (MNL)-Roxas City (RXS),2025-12-01,2403.8262114225918,-2212.2945802367985,7019.947003081982,1409.2392630690185,-1547.3607773597284,4365.839303497765
Manila (MNL)-Roxas City (RXS),2026-01-01,2340.054352555623,-4102.114216331971,8782.222921443217,2826.2248594093835,-1443.5527608795264,7096.002479698293
Manila (MNL)-Roxas City (RXS),2026-02-01,2277.974317317178,-5509.021348412074,10064.969983046429,3868.760243846208,-965.2677741255538,8702.78826181797
Manila (MNL)-Roxas City (RXS),2026-03-01,2217.541222788036,-6657.773843024698,11092.856288600771,4635.796994685393,-477.7606849147505,9749.354674285536
Manila (MNL)-Roxas City (RXS),2026-04-01,2158.711376762007,-7636.988475022781,11954.411228546795,5200.1379138722805,-58.53867575919048,10458.814503503752
Manila (MNL)-Roxas City (RXS),2026-05-01,2101.4422461571303,-8492.922353265882,12695.806845580142,5615.34705831062,279.76161263208996,10950.93250398915
Manila (MNL)-Roxas City (RXS),2026-06-01,2045.6924262649056,-9253.546388379344,13344.931240909156,5920.833738017654,544.0752186047848,11297.592257430522
Manila (MNL)-Roxas City (RXS),2026-07-01,1991.42161081532,-9937.412461066342,13920.255682696981,6145.593025544103,746.6778557622147,11544.50819532599
Manila (MNL)-Roxas City (RXS),2026-08-01,1938.5905628360283,-10557.637468905647,14434.818594577704,6310.957804714976,900.0867378683597,11721.828871561593
Manila (MNL)-Roxas City (RXS),2026-09-01,1887.161086284621,-11123.941152787851,14898.263325357093,6432.623567634846,1015.2915918587405,11849.955543410952
Manila (MNL)-Roxas City (RXS),2026-10-01,1837.0959984334672,-11643.78930519632,15317.981302063255,6522.138142268531,1101.3119865692715,11942.96429796779
Manila (MNL)-Roxas City (RXS),2026-11-01,1788.3591029871698,-12123.0813112394,15699.79951721374,6587.997747136393,1165.2810757510706,12010.714418521715
Manila (MNL)-Tacloban (TAC),2025-12-01,10234.680370997427,-9185.947191309711,29655.307933304564,6827.736770292191,-1825.3339405513252,15480.807481135707
Manila (MNL)-Tacloban (TAC),2026-01-01,10181.751926356503,-17283.162962054987,37646.666814767996,19288.10159564073,8352.938897512184,30223.264293769273
Manila (MNL)-Tacloban (TAC),2026-02-01,2912.97289076264,-30724.54076202584,36550.486543551124,19288.10159564073,8352.938897512184,30223.264293769273
Manila (MNL)-Tacloban (TAC),2026-03-01,3888.3816357526193,-34952.87348886166,42729.63676036689,19288.10159564073,8352.938897512184,30223.264293769273
Manila (MNL)-Tacloban (TAC),2026-04-01,7440.815096503529,-35985.02829852127,50866.65849152833,19288.10159564073,8352.938897512184,30223.264293769273
Manila (MNL)-Tacloban (TAC),2026-05-01,10222.161383574989,-37348.46662870863,57792.78939585861,19288.10159564073,8352.938897512184,30223.264293769273
Manila (MNL)-Tacloban (TAC),2026-06-01,9086.569608697579,-42295.581225973656,60468.72044336882,19288.10159564073,8352.938897512184,30223.264293769273
Manila (MNL)-Tacloban (TAC),2026-07-01,7707.467597287594,-47222.36217953539,62637.297374110574,19288.10159564073,8352.938897512184,30223.264293769273
Manila (MNL)-Tacloban (TAC),2026-08-01,5692.079452005248,-52569.803234916166,63953.962138926654,19288.10159564073,8352.938897512184,30223.264293769273
Manila (MNL)-Tacloban (TAC),2026-09-01,4272.7793168040835,-57140.637369930075,65686.19600353824,19288.10159564073,8352.938897512184,30223.264293769273
Manila (MNL)-Tacloban (TAC),2026-10-01,4340.737137235135,-60070.197680172074,68751.67195464234,19288.10159564073,8352.938897512184,30223.264293769273
Manila (MNL)-Tacloban (TAC),2026-11-01,-24755.551279394374,-92030.57858497133,42519.47602618257,19288.10159564073,8352.938897512184,30223.264293769273
Manila (MNL)-Tuguegarao (TUG),2025-12-01,5908.2584770158,-149.37436761203935,11965.89132164364,3286.300143374421,-661.7879417566055,7234.388228505448
Manila (MNL)-Tuguegarao (TUG),2026-01-01,8084.28456601226,536.1152014719682,15632.453930552552,5223.19636669564,198.80896162327008,10247.58377176801
Manila (MNL)-Tuguegarao (TUG),2026-02-01,8647.160472851083,389.8698341509571,16904.451111551207,5076.422152657299,-518.4445196492152,10671.288824963813
Manila (MNL)-Tuguegarao (TUG),2026-03-01,10696.303169261584,2072.0874993905218,19320.518839132645,6114.073579918312,189.11128422957609,12039.03587560705
Manila (MNL)-Tuguegarao (TUG),2026-04-01,15400.70138171634,6580.246119058385,24221.156644374296,9647.716441806344,3525.3981038551347,15770.034779757552
Manila (MNL)-Tuguegarao (TUG),2026-05-01,17644.681018194093,8717.621937312038,26571.740099076145,11502.757110936876,5261.513814968293,17744.00040690546
Manila (MNL)-Tuguegarao (TUG),2026-06-01,17486.86286326384,8501.430357244455,26472.295369283223,11214.64704388848,4903.052240328202,17526.24184744876
Manila (MNL)-Tuguegarao (TUG),2026-07-01,15905.459054591152,6887.927803806195,24922.990305376108,10088.196621070108,3738.053233801167,16438.34000833905
Manila (MNL)-Tuguegarao (TUG),2026-08-01,14547.182112908169,5511.95998004399,23582.404245772348,10104.304404084984,3738.491985537721,16470.116822632248
Manila (MNL)-Tuguegarao (TUG),2026-09-01,11715.493668685349,2670.5092744674002,20760.478062903298,8550.757388197933,2188.8128247171544,14912.701951678711
Manila (MNL)-Tuguegarao (TUG),2026-10-01,14346.450246279099,5296.075123285304,23396.825369272894,8592.148314033937,2266.968772000191,14917.327856067683
Manila (MNL)-Tuguegarao (TUG),2026-11-01,1720.1776417958195,-7333.175363708628,10773.530647300266,5041.4134595033975,-1291.56603007577,11374.392949082565
Manila (MNL)-Virac (VRC),2025-12-01,5149.9962329329555,3798.410095235796,6501.582370630115,5149.9962329329555,3798.410095235796,6501.582370630115
Manila (MNL)-Virac (VRC),2026-01-01,652.9518955683793,-698.901783194839,2004.8055743315977,652.9518955683793,-698.901783194839,2004.8055743315977
Manila (MNL)-Virac (VRC),2026-02-01,4201.525289897962,2308.4494878737805,6094.601091922143,4201.525289897962,2308.4494878737805,6094.601091922143
Manila (MNL)-Virac (VRC),2026-03-01,773.1601898090935,-1120.6497928096603,2666.9701724278475,773.1601898090935,-1120.6497928096603,2666.9701724278475
Manila (MNL)-Virac (VRC),2026-04-01,4607.857943696814,2310.843598137651,6904.872289255976,4607.857943696814,2310.843598137651,6904.872289255976
Manila (MNL)-Virac (VRC),2026-05-01,1434.893697739195,-863.4291821293382,3733.216577607728,1434.893697739195,-863.4291821293382,3733.216577607728
Manila (MNL)-Virac (VRC),2026-06-01,4745.097743495977,2116.5232115250683,7373.672275466885,4745.097743495977,2116.5232115250683,7373.672275466885
Manila (MNL)-Virac (VRC),2026-07-01,1475.9525530512756,-1154.576408393159,4106.48151449571,1475.9525530512756,-1154.576408393159,4106.48151449571
Manila (MNL)-Virac (VRC),2026-08-01,4483.862826637292,1570.4905057463407,7397.235147528243,4483.862826637292,1570.4905057463407,7397.235147528243
Manila (MNL)-Virac (VRC),2026-09-01,-1059.157607441855,-3975.1796292868244,1856.8644144031146,-1059.157607441855,-3975.1796292868244,1856.8644144031146
Manila (MNL)-Virac (VRC),2026-10-01,4598.735737863381,1434.0027578706822,7763.468717856079,4598.735737863381,1434.0027578706822,7763.468717856079
Manila (MNL)-Virac (VRC),2026-11-01,-2409.4114666296164,-5577.52329897033,758.7003657110972,-2409.4114666296164,-5577.52329897033,758.7003657110972
Manila (MNL)-Zamboanga (ZAM),2025-12-01,2368.1687572304227,821.5394506256775,3914.798063835168,1192.8618522953832,-222.25324695683548,2607.976951547602
Manila (MNL)-Zamboanga (ZAM),2026-01-01,2222.2165058042065,675.5871991994616,3768.845812408951,1192.8618522953832,-313.3311722468991,2699.0548768376657
Manila (MNL)-Zamboanga (ZAM),2026-02-01,2392.393573576899,845.7642669721536,3939.0228801816447,1192.8618522953832,-399.2072763004958,2784.930980891262
Manila (MNL)-Zamboanga (ZAM),2026-03-01,3126.114563302647,1579.485256697902,4672.743869907392,1192.8618522953832,-480.682528136834,2866.4062327276006
Manila (MNL)-Zamboanga (ZAM),2026-04-01,6719.273409783651,5172.644103178905,8265.902716388397,1192.8618522953832,-558.3712779087211,2944.0949824994877
Manila (MNL)-Zamboanga (ZAM),2026-05-01,6800.644136136579,5254.014829531834,8347.273442741323,1192.8618522953832,-632.7569905556313,3018.480695146398
Manila (MNL)-Zamboanga (ZAM),2026-06-01,4866.316412119187,3319.687105514443,6412.94571872393,2006.6118522953832,109.52175363878837,3903.701950951978
Manila (MNL)-Zamboanga (ZAM),2026-07-01,-27.172421959942767,-1573.801728564687,1519.4568846448014,1192.8618522953832,-773.1029300618952,3158.8266346526616
Manila (MNL)-Zamboanga (ZAM),2026-08-01,5872.996533443856,4326.367226839112,7419.6258400485995,4670.875852295383,2638.368974442982,6703.382730147784
Manila (MNL)-Zamboanga (ZAM),2026-09-01,3243.485598733655,1696.8562921289101,4790.1149053384,3076.669852295383,979.7313955052164,5173.60830908555
Manila (MNL)-Zamboanga (ZAM),2026-10-01,3132.2798198454293,1585.650513240684,4678.909126450175,2134.765852295383,-24.68258992631945,4294.214294517085
Manila (MNL)-Zamboanga (ZAM),2026-11-01,2760.5834153923024,1213.9541087875573,4307.212721997048,2291.749852295383,71.55070409674636,4511.94900049402
Manila (MNL)-nan,2025-09-01,532.1301601333121,-1797.4401016454817,2861.700421912106,141.93823888860214,-1721.658892368807,2005.5353701460115
Manila (MNL)-nan,2025-10-01,747.1825066081047,-1997.5984068908165,3491.9634201070257,107.74086132305412,-2231.934755720519,2447.4164783666274
Manila (MNL)-nan,2025-11-01,881.1788277155961,-2008.7708657963667,3771.128521227559,81.78270555931019,-2492.5286636265064,2656.094074745127
Manila (MNL)-nan,2025-12-01,964.6701932582944,-1979.7112988539222,3909.051685370511,62.078684414319376,-2638.184042511686,2762.341411340325
Manila (MNL)-nan,2026-01-01,1016.6925776235526,-1948.5521245531236,3981.9372798002287,47.12198052457247,-2723.1129380819257,2817.3568991310703
Manila (MNL)-nan,2026-02-01,1049.107048957868,-1924.198081448167,4022.4121793639033,35.76881613241791,-2773.9918885555803,2845.5295208204166
Manila (MNL)-nan,2026-03-01,1069.3040846128667,-1907.1245231968485,4045.7326924225817,27.15098544823584,-2805.1334268523287,2859.435397748801
Manila (MNL)-nan,2026-04-01,1081.888594939816,-1895.7517806916462,4059.528970571278,20.60946071240526,-2824.5718114049946,2865.7907328298047
Manila (MNL)-nan,2026-05-01,1089.7298397083218,-1888.380856650479,4067.8405360671227,15.643994641224868,-2836.941779729843,2868.2297690122923
Manila (MNL)-nan,2026-06-01,1094.615617376441,-1883.6776550675597,4072.908889820442,11.874865225724301,-2844.96855886265,2868.718289314098
Manila (MNL)-nan,2026-07-01,1097.6598819195103,-1880.7042703744717,4076.024034213492,9.013837409373819,-2850.2799023653874,2868.3075771841354
Manila (MNL)-nan,2026-08-01,1099.5567235766048,-1878.8349464720377,4077.9483936252473,6.842121009223594,-2853.8625012403236,2867.546743258771
Ozamiz (OZC)-Cebu (CEB),2025-12-01,1172.5363270743417,182.96450065714714,2162.108153491536,38.8136383036365,-63.54177151547582,141.16904812274882
Ozamiz (OZC)-Cebu (CEB),2026-01-01,2305.0187252476685,1055.5647263254784,3554.4727241698583,137.83504425677089,28.96565188164864,246.70443663189315
Ozamiz (OZC)-Cebu (CEB),2026-02-01,2305.0187252476685,1055.5647263254784,3554.4727241698583,36.73353992949481,-72.96261272171877,146.42969258070838
Ozamiz (OZC)-Cebu (CEB),2026-03-01,2305.0187252476685,1055.5647263254784,3554.4727241698583,39.43348768245658,-70.37077940845703,149.23775477337017
Ozamiz (OZC)-Cebu (CEB),2026-04-01,2305.0187252476685,1055.5647263254784,3554.4727241698583,69.92302066594081,-39.895413883704904,179.74145521558654
Ozamiz (OZC)-Cebu (CEB),2026-05-01,2305.0187252476685,1055.5647263254784,3554.4727241698583,71.22486342772925,-38.59525158471523,181.04497844017374
Ozamiz (OZC)-Cebu (CEB),2026-06-01,2305.0187252476685,1055.5647263254784,3554.4727241698583,71.83407019468127,-37.98488619515639,181.65302658451895
Ozamiz (OZC)-Cebu (CEB),2026-07-01,2305.0187252476685,1055.5647263254784,3554.4727241698583,103.86388352955612,-5.944352543749275,213.67211960286153
Ozamiz (OZC)-Cebu (CEB),2026-08-01,2305.0187252476685,1055.5647263254784,3554.4727241698583,156.58232663927419,46.856501035628,266.30815224292036
Ozamiz (OZC)-Cebu (CEB),2026-09-01,2305.0187252476685,1055.5647263254784,3554.4727241698583,73.8636584966176,-35.22868303351778,182.95600002675297
Ozamiz (OZC)-Cebu (CEB),2026-10-01,2305.0187252476685,1055.5647263254784,3554.4727241698583,45.65615727138736,-63.436098447134796,154.74841298990953
Ozamiz (OZC)-Cebu (CEB),2026-11-01,2305.0187252476685,1055.5647263254784,3554.4727241698583,71.21234495910055,-37.87989954808937,180.30458946629045
Ozamiz (OZC)-Manila (MNL),2025-10-01,4792.848,1422.455153069659,8163.240846930341,2684.8901863827105,1303.7573310516489,4066.023041713772
Ozamiz (OZC)-Manila (MNL),2025-11-01,4485.576,-280.87927465415487,9252.031274654155,677.5606990015228,-1275.6561164467657,2630.7775144498114
Ozamiz (OZC)-Manila (MNL),2025-12-01,4563.696000000001,-1273.9956523500641,10401.387652350066,1741.173882733063,-651.0183947030393,4133.366160169166
Ozamiz (OZC)-Manila (MNL),2026-01-01,4735.187999999999,-2005.5976938606827,11475.97369386068,2384.3164389139743,-377.9492717481867,5146.582149576136
Ozamiz (OZC)-Manila (MNL),2026-02-01,3366.228,-4170.199516615286,10902.655516615287,1163.463243240336,-1924.8437072383545,4251.770193719027
Ozamiz (OZC)-Manila (MNL),2026-03-01,3687.0779999999986,-4568.664707705665,11942.820707705661,1875.6667054064014,-1507.4040571479504,5258.737467960753
Ozamiz (OZC)-Manila (MNL),2026-04-01,4182.396,-4734.825293568668,13099.617293568666,1064.049993248971,-2590.084069497648,4718.184055995591
Ozamiz (OZC)-Manila (MNL),2026-05-01,4886.963999999999,-4645.946549308311,14419.874549308308,1845.1046027231303,-2061.329028173487,5751.538233619747
Ozamiz (OZC)-Manila (MNL),2026-06-01,4189.092,-5922.086540791023,14300.270540791022,1983.3258281362346,-2160.072737857044,6126.724394129513
Ozamiz (OZC)-Manila (MNL),2026-07-01,5020.512,-5637.60600583912,15678.63000583912,1486.2146259487195,-2881.3109481893594,5853.740200086799
Ozamiz (OZC)-Manila (MNL),2026-08-01,4214.573999999999,-6963.754469365682,15392.90246936568,1238.0196897439582,-3342.6797770214725,5818.719156509389
Ozamiz (OZC)-Manila (MNL),2026-09-01,-3066.0240000000013,-14741.40730470013,8609.359304700127,-1565.9108914118124,-6349.977245450128,3218.1554626265033
Pagadian (PAG)-Cebu (CEB),2025-10-01,1719.6929773446711,794.3453269665081,2645.040627722834,0.0,-51.06222888217925,51.06222888217925
Pagadian (PAG)-Cebu (CEB),2025-11-01,2010.5255428422763,976.626632754565,3044.4244529299876,0.0,-51.06222888217925,51.06222888217925
Pagadian (PAG)-Cebu (CEB),2025-12-01,2010.5255428422763,976.626632754565,3044.4244529299876,0.0,-51.06222888217925,51.06222888217925
Pagadian (PAG)-Cebu (CEB),2026-01-01,2010.5255428422763,976.626632754565,3044.4244529299876,0.0,-51.06222888217925,51.06222888217925
Pagadian (PAG)-Cebu (CEB),2026-02-01,2010.5255428422763,976.626632754565,3044.4244529299876,0.0,-51.06222888217925,51.06222888217925
Pagadian (PAG)-Cebu (CEB),2026-03-01,2010.5255428422763,976.626632754565,3044.4244529299876,0.0,-51.06222888217925,51.06222888217925
Pagadian (PAG)-Cebu (CEB),2026-04-01,2010.5255428422763,976.626632754565,3044.4244529299876,0.0,-51.06222888217925,51.06222888217925
Pagadian (PAG)-Cebu (CEB),2026-05-01,2010.5255428422763,976.626632754565,3044.4244529299876,0.0,-51.06222888217925,51.06222888217925
Pagadian (PAG)-Cebu (CEB),2026-06-01,2010.5255428422763,976.626632754565,3044.4244529299876,0.0,-51.06222888217925,51.06222888217925
Pagadian (PAG)-Cebu (CEB),2026-07-01,2010.5255428422763,976.626632754565,3044.4244529299876,0.0,-51.06222888217925,51.06222888217925
Pagadian (PAG)-Cebu (CEB),2026-08-01,2010.5255428422763,976.626632754565,3044.4244529299876,0.0,-51.06222888217925,51.06222888217925
Pagadian (PAG)-Cebu (CEB),2026-09-01,2010.5255428422763,976.626632754565,3044.4244529299876,0.0,-51.06222888217925,51.06222888217925
Pagadian (PAG)-Manila (MNL),2025-10-01,6705.9786472808555,4148.356320576622,9263.600973985089,6705.9786472808555,4148.356320576622,9263.600973985089
Pagadian (PAG)-Manila (MNL),2025-11-01,8515.089350679797,5577.512882726732,11452.66581863286,8515.089350679797,5577.512882726732,11452.66581863286
Pagadian (PAG)-Manila (MNL),2025-12-01,8515.089350679797,5577.512882726732,11452.66581863286,8515.089350679797,5577.512882726732,11452.66581863286
Pagadian (PAG)-Manila (MNL),2026-01-01,8515.089350679797,5577.512882726732,11452.66581863286,8515.089350679797,5577.512882726732,11452.66581863286
Pagadian (PAG)-Manila (MNL),2026-02-01,8515.089350679797,5577.512882726732,11452.66581863286,8515.089350679797,5577.512882726732,11452.66581863286
Pagadian (PAG)-Manila (MNL),2026-03-01,8515.089350679797,5577.512882726732,11452.66581863286,8515.089350679797,5577.512882726732,11452.66581863286
Pagadian (PAG)-Manila (MNL),2026-04-01,8515.089350679797,5577.512882726732,11452.66581863286,8515.089350679797,5577.512882726732,11452.66581863286
Pagadian (PAG)-Manila (MNL),2026-05-01,8515.089350679797,5577.512882726732,11452.66581863286,8515.089350679797,5577.512882726732,11452.66581863286
Pagadian (PAG)-Manila (MNL),2026-06-01,8515.089350679797,5577.512882726732,11452.66581863286,8515.089350679797,5577.512882726732,11452.66581863286
Pagadian (PAG)-Manila (MNL),2026-07-01,8515.089350679797,5577.512882726732,11452.66581863286,8515.089350679797,5577.512882726732,11452.66581863286
Pagadian (PAG)-Manila (MNL),2026-08-01,8515.089350679797,5577.512882726732,11452.66581863286,8515.089350679797,5577.512882726732,11452.66581863286
Pagadian (PAG)-Manila (MNL),2026-09-01,8515.089350679797,5577.512882726732,11452.66581863286,8515.089350679797,5577.512882726732,11452.66581863286
Panglao (TAG)-Davao City (DVO),2025-12-01,388.24,-1364.3339796523733,2140.8139796523733,388.24,-1145.01403743964,1921.4940374396401
Panglao (TAG)-Davao City (DVO),2026-01-01,388.24,-2090.2738910865755,2866.753891086575,388.24,-1780.108654310444,2556.5886543104443
Panglao (TAG)-Davao City (DVO),2026-02-01,388.24,-2647.307176781095,3423.787176781095,388.24,-2267.4338937555704,3043.91389375557
Panglao (TAG)-Davao City (DVO),2026-03-01,388.24,-3116.9079593047472,3893.3879593047477,388.24,-2678.26807487928,3454.7480748792796
Panglao (TAG)-Davao City (DVO),2026-04-01,388.24,-3530.634554100041,4307.114554100041,388.24,-3040.2202544910424,3816.700254491043
Panglao (TAG)-Davao City (DVO),2026-05-01,388.24,-3904.6719866271833,4681.151986627183,388.24,-3367.4500377892928,4143.930037789292
Panglao (TAG)-Davao City (DVO),2026-06-01,388.24,-4248.634904402955,5025.114904402954,388.24,-3668.368879751004,4444.8488797510045
Panglao (TAG)-Davao City (DVO),2026-07-01,388.24,-4568.787782173151,5345.26778217315,388.24,-3948.4573086208884,4724.937308620888
Panglao (TAG)-Davao City (DVO),2026-08-01,388.24,-4869.481938957121,5645.961938957121,388.24,-4211.52211231892,4988.00211231892
Panglao (TAG)-Davao City (DVO),2026-09-01,388.24,-5153.885543647094,5930.365543647094,388.24,-4460.334989958345,5236.814989958345
Panglao (TAG)-Davao City (DVO),2026-10-01,388.24,-5424.390307846883,6200.8703078468825,388.24,-4696.988350484817,5473.468350484816
Panglao (TAG)-Davao City (DVO),2026-11-01,388.24,-5682.85435356219,6459.33435356219,388.24,-4923.1077875111405,5699.58778751114
Panglao (TAG)-Manila (MNL),2025-12-01,8374.726261357435,-6318.3769594269015,23067.829482141773,2659.8698774736895,-6405.721789025496,11725.461543972875
Panglao (TAG)-Manila (MNL),2026-01-01,9485.24437999827,-12147.726029020678,31118.21478901722,2587.219795905704,-10059.586751449122,15234.026343260528
Panglao (TAG)-Manila (MNL),2026-02-01,4437.044325235781,-26328.795282779327,35202.88393325089,2516.5540348477307,-12764.443477507357,17797.551547202816
Panglao (TAG)-Manila (MNL),2026-03-01,12168.715424004044,-26145.567987783117,50482.99883579121,2447.818395766176,-14962.299301333034,19857.936092865384
Panglao (TAG)-Manila (MNL),2026-04-01,12679.917871687117,-33246.12294672131,58605.95869009555,2380.960160473503,-16827.50753540867,21589.427856355676
Panglao (TAG)-Manila (MNL),2026-05-01,14181.613137141505,-38548.21804509473,66911.44431937774,2315.9280506949544,-18451.11439542826,23082.97049681817
Panglao (TAG)-Manila (MNL),2026-06-01,5447.993094086477,-53771.78938557028,64667.77557374324,2252.67218873964,-19888.191408893606,24393.53578637289
Panglao (TAG)-Manila (MNL),2026-07-01,2531.5206493463156,-62667.1695074154,67730.21080610802,2191.144059245837,-21175.2736670815,25557.561785573176
Panglao (TAG)-Manila (MNL),2026-08-01,2732.7763964801916,-68114.17787462064,73579.73066758101,2131.2964719711504,-22338.1966784417,26600.789622384
Panglao (TAG)-Manila (MNL),2026-09-01,-26932.35184235302,-103069.43237356251,49204.72868885647,2073.0835255990037,-23396.105833597154,27542.27288479516
Panglao (TAG)-Manila (MNL),2026-10-01,-34909.07207367385,-116058.26130319494,46240.11715584725,2016.4605725336974,-24363.706235932113,28396.62738099951
Panglao (TAG)-Manila (MNL),2026-11-01,-43122.087807337055,-129018.03593789597,42773.86032322186,1961.3841846570317,-25252.61611932883,29175.384488642896
Puerto Princesa City (PPS)-Cebu (CEB),2025-12-01,1293.0079999999998,-2092.7170352365424,4678.7330352365425,1293.008,-1909.2767069628592,4495.2927069628595
Puerto Princesa City (PPS)-Cebu (CEB),2026-01-01,1293.0079999999998,-3495.130263297643,6081.146263297643,1293.008,-3235.706463166829,5821.722463166829
Puerto Princesa City (PPS)-Cebu (CEB),2026-02-01,1293.0079999999998,-4571.2397814876185,7157.255781487618,1293.008,-4253.5118127604865,6839.527812760486
Puerto Princesa City (PPS)-Cebu (CEB),2026-03-01,1293.0079999999998,-5478.442070473085,8064.458070473084,1293.008,-5111.561413925719,7697.577413925718
Puerto Princesa City (PPS)-Cebu (CEB),2026-04-01,1293.0079999999998,-6277.703331911779,8863.71933191178,1293.008,-5867.518288076948,8453.534288076948
Puerto Princesa City (PPS)-Cebu (CEB),2026-05-01,1293.0079999999998,-7000.290745696124,9586.306745696123,1293.008,-6550.9555431769595,9136.97154317696
Puerto Princesa City (PPS)-Cebu (CEB),2026-06-01,1293.0079999999998,-7664.778450881289,10250.794450881289,1293.008,-7179.440961849074,9765.456961849073
Puerto Princesa City (PPS)-Cebu (CEB),2026-07-01,1293.0079999999998,-8283.268526595286,10869.284526595286,1293.008,-7764.420926333658,10350.436926333658
Puerto Princesa City (PPS)-Cebu (CEB),2026-08-01,1293.0079999999998,-8864.167105709626,11450.183105709626,1293.008,-8313.846120888578,10899.862120888578
Puerto Princesa City (PPS)-Cebu (CEB),2026-09-01,1293.0079999999998,-9413.594642401316,11999.610642401316,1293.008,-8833.505390327495,11419.521390327494
Puerto Princesa City (PPS)-Cebu (CEB),2026-10-01,1293.0079999999998,-9936.171585192425,12522.187585192425,1293.008,-9327.768844888997,11913.784844888996
Puerto Princesa City (PPS)-Cebu (CEB),2026-11-01,1293.0079999999998,-10435.487562975235,13021.503562975235,1293.008,-9800.031625520973,12386.047625520972
Puerto Princesa City (PPS)-Iloilo (ILO),2025-12-01,1412.856,-226.690484261228,3052.402484261228,1412.856,-226.690484261228,3052.402484261228
Puerto Princesa City (PPS)-Iloilo (ILO),2026-01-01,1412.856,-905.812874183355,3731.5248741833548,1412.856,-905.812874183355,3731.5248741833548
Puerto Princesa City (PPS)-Iloilo (ILO),2026-02-01,1412.856,-1426.9218121113738,4252.633812111374,1412.856,-1426.9218121113738,4252.633812111374
Puerto Princesa City (PPS)-Iloilo (ILO),2026-03-01,1412.856,-1866.2369685224564,4691.948968522456,1412.856,-1866.2369685224564,4691.948968522456
Puerto Princesa City (PPS)-Iloilo (ILO),2026-04-01,1412.856,-2253.2813910788955,5078.993391078895,1412.856,-2253.2813910788955,5078.993391078895
Puerto Princesa City (PPS)-Iloilo (ILO),2026-05-01,1412.856,-2603.196296014099,5428.9082960140995,1412.856,-2603.196296014099,5428.9082960140995
Puerto Princesa City (PPS)-Iloilo (ILO),2026-06-01,1412.856,-2924.9762602854844,5750.688260285484,1412.856,-2924.9762602854844,5750.688260285484
Puerto Princesa City (PPS)-Iloilo (ILO),2026-07-01,1412.856,-3224.4817483667102,6050.19374836671,1412.856,-3224.4817483667102,6050.19374836671
Puerto Princesa City (PPS)-Iloilo (ILO),2026-08-01,1412.856,-3505.783452783684,6331.4954527836835,1412.856,-3505.783452783684,6331.4954527836835
Puerto Princesa City (PPS)-Iloilo (ILO),2026-09-01,1412.856,-3771.845219986889,6597.557219986888,1412.856,-3771.845219986889,6597.557219986888
Puerto Princesa City (PPS)-Iloilo (ILO),2026-10-01,1412.856,-4024.904514640829,6850.616514640828,1412.856,-4024.904514640829,6850.616514640828
Puerto Princesa City (PPS)-Iloilo (ILO),2026-11-01,1412.856,-4266.699624222748,7092.411624222747,1412.856,-4266.699624222748,7092.411624222747
Puerto Princesa City (PPS)-Manila (MNL),2025-12-01,2235.956700765916,-10725.27639974004,15197.18980127187,2749.9125141695486,-4993.098498092262,10492.92352643136
Puerto Princesa City (PPS)-Manila (MNL),2026-01-01,3073.486660259926,-17944.415025951996,24091.388346471846,4334.628973365554,-8071.119471978262,16740.37741870937
Puerto Princesa City (PPS)-Manila (MNL),2026-02-01,8021.07099403285,-19639.618995092333,35681.760983158034,9029.21056503682,-6267.876194433988,24326.29732450763
Puerto Princesa City (PPS)-Manila (MNL),2026-03-01,15965.925108173713,-16747.278618799737,48679.12883514716,11373.955242707196,-5540.608510359545,28288.518995773935
Puerto Princesa City (PPS)-Manila (MNL),2026-04-01,25679.083540305786,-10455.314911876892,61813.481992488465,12407.910858349762,-5334.377391131562,30150.199107831086
Puerto Princesa City (PPS)-Manila (MNL),2026-05-01,35951.69384221722,-2148.446538270895,74051.83422270534,14061.814612680844,-4069.726103568015,32193.355328929705
Puerto Princesa City (PPS)-Manila (MNL),2026-06-01,45708.26642587435,6744.976869387145,84671.55598236156,15479.93219960501,-2819.8405174386644,33779.70491664868
Puerto Princesa City (PPS)-Manila (MNL),2026-07-01,54089.5477329402,14915.892704991595,93263.2027608888,17371.92189937553,-994.4464966202067,35738.29029537127
Puerto Princesa City (PPS)-Manila (MNL),2026-08-01,60501.743774657596,21327.589786369652,99675.89776294553,18810.404330478814,420.08749961334615,37200.72116134428
Puerto Princesa City (PPS)-Manila (MNL),2026-09-01,64632.5671047905,25337.471168585682,103927.6630409953,25164.38654900185,6766.376633053751,43562.396464949954
Puerto Princesa City (PPS)-Manila (MNL),2026-10-01,66437.70061828918,26751.9445108445,106123.45672573385,26275.139371590703,7874.995939842116,44675.28280333929
Puerto Princesa City (PPS)-Manila (MNL),2026-11-01,66103.5627483625,25785.77072119969,106421.35477552531,31076.83302692452,12676.215989694698,49477.45006415434
Roxas City (RXS)-Manila (MNL),2025-10-01,6896.896013183503,2712.4814978934337,11081.310528473572,3767.616,316.4874802825275,7218.744519717473
Roxas City (RXS)-Manila (MNL),2025-11-01,6502.666827389666,585.0110692756089,12420.322585503724,3767.616,-1113.016758077033,8648.248758077032
Roxas City (RXS)-Manila (MNL),2025-12-01,7524.055318816652,276.43677840555574,14771.673859227749,3767.616,-2209.913939600633,9745.145939600632
Roxas City (RXS)-Manila (MNL),2026-01-01,8308.683834787027,-60.14519579310945,16677.512865367164,3767.616,-3134.641039434945,10669.873039434944
Roxas City (RXS)-Manila (MNL),2026-02-01,6914.017353365458,-2442.61794885997,16270.652655590886,3767.616,-3949.341969176492,11484.573969176492
Roxas City (RXS)-Manila (MNL),2026-03-01,7296.016059574088,-2953.66437518198,17545.696494330157,3767.616,-4685.887910074443,12221.119910074443
Roxas City (RXS)-Manila (MNL),2026-04-01,4654.711666122024,-6416.208523744379,15725.631855988428,3767.616,-5363.211805694902,12898.443805694902
Roxas City (RXS)-Manila (MNL),2026-05-01,4783.194421515128,-7052.117094712984,16618.50593774324,3767.616,-5993.649516154066,13528.881516154066
Roxas City (RXS)-Manila (MNL),2026-06-01,6572.349198645287,-5980.894347224918,19125.592744515492,3767.616,-6585.769559152417,14121.001559152417
Roxas City (RXS)-Manila (MNL),2026-07-01,6434.3054703242005,-6797.97507226188,19666.58601291028,3767.616,-7145.81062027253,14681.04262027253
Roxas City (RXS)-Manila (MNL),2026-08-01,6175.50065806079,-7702.632256473227,20053.63357259481,3767.616,-7678.482403197504,15213.714403197504
Roxas City (RXS)-Manila (MNL),2026-09-01,-1899.7367820102108,-16394.9738628324,12595.500298811981,3767.616,-8187.443879201266,15722.675879201266
Tacloban (TAC)-Manila (MNL),2025-12-01,3060.8741599943596,-16252.034589228424,22373.782909217145,5063.617165726968,-2137.3560795349385,12264.590410988874
Tacloban (TAC)-Manila (MNL),2026-01-01,3202.693581087041,-29322.950157774434,35728.337319948514,10502.8064254774,-925.7482537778633,21931.361104732663
Tacloban (TAC)-Manila (MNL),2026-02-01,-3206.348324048455,-46522.102395430105,40109.40574733319,14797.792379950206,976.6353517042589,28618.949408196153
Tacloban (TAC)-Manila (MNL),2026-03-01,-2445.156401064143,-54836.19207478662,49945.87927265833,16893.599809520332,1951.2245738406018,31835.975045200063
Tacloban (TAC)-Manila (MNL),2026-04-01,1378.2531690574126,-58884.36822507348,61640.8745631883,20889.33799235575,5523.400620556604,36255.2753641549
Tacloban (TAC)-Manila (MNL),2026-05-01,6960.773134757176,-60306.26009997134,74227.8063694857,23471.590824334166,7986.232293340798,38956.94935532753
Tacloban (TAC)-Manila (MNL),2026-06-01,4259.976785361074,-69363.66430334878,77883.61787407091,23881.319687621384,8375.93509936091,39386.70427588186
Tacloban (TAC)-Manila (MNL),2026-07-01,5689.491634188257,-73789.12591728757,85168.1091856641,23193.30469355978,7687.736208831788,38698.87317828777
Tacloban (TAC)-Manila (MNL),2026-08-01,7090.618578129575,-77842.02086184014,92023.2580180993,22473.589171416443,6967.407237162739,37979.771105670145
Tacloban (TAC)-Manila (MNL),2026-09-01,-33624.11433649858,-123681.64988392714,56433.421210929984,18063.170460196794,2554.67223134075,33571.668689052836
Tacloban (TAC)-Manila (MNL),2026-10-01,-58830.509314645875,-153736.79500336965,36075.77637407791,13001.556066502832,-2509.3177101764522,28512.429843182115
Tacloban (TAC)-Manila (MNL),2026-11-01,-60236.67321311482,-159755.81467357295,39282.468247343306,12848.80380158782,-2663.4740181022953,28361.081621277932
Tawi Tawi (TWT)-Zamboanga (ZAM),2025-12-01,2304.36115032993,-429.1857076382312,5037.908008298091,1278.0421914635965,-1299.19406048194,3855.2784434091327
Tawi Tawi (TWT)-Zamboanga (ZAM),2026-01-01,2403.113447237118,-671.500170053338,5477.727064527575,1522.1042746047274,-1662.8292944848918,4707.0378436943465
Tawi Tawi (TWT)-Zamboanga (ZAM),2026-02-01,2717.7420896545595,-662.1554098048346,6097.639589113954,1699.3120478953124,-1763.3213186118965,5161.945414402521
Tawi Tawi (TWT)-Zamboanga (ZAM),2026-03-01,2904.2715890484096,-641.6746309793512,6450.21780907617,1827.9784696124811,-1772.4426551739512,5428.399594398914
Tawi Tawi (TWT)-Zamboanga (ZAM),2026-04-01,3078.4703470877416,-580.1207957756865,6737.061489951169,1921.4001506713212,-1749.5795836129478,5592.37988495559
Tawi Tawi (TWT)-Zamboanga (ZAM),2026-05-01,3214.4990013764427,-516.2563137154361,6945.254316468321,1989.2314494311831,-1718.4053817532968,5696.868280615663
Tawi Tawi (TWT)-Zamboanga (ZAM),2026-06-01,3327.8112563187806,-450.8477418547154,7106.470254492277,2038.4821698132291,-1688.334672723733,5765.299012350191
Tawi Tawi (TWT)-Zamboanga (ZAM),2026-07-01,3419.9452675868947,-390.3794105242123,7230.269945698002,2074.241966581057,-1662.6467047125116,5811.130637874626
Tawi Tawi (TWT)-Zamboanga (ZAM),2026-08-01,3495.5318731860093,-335.87680714415364,7326.940553516172,2100.2063190810163,-1641.9811797172729,5842.393817879305
Tawi Tawi (TWT)-Zamboanga (ZAM),2026-09-01,3557.337528271219,-288.12350252140186,7402.79855906384,2119.05842847971,-1625.9195265644094,5864.0363835238295
Tawi Tawi (TWT)-Zamboanga (ZAM),2026-10-01,3607.9369946916054,-246.90894341413286,7462.782932797343,2132.746504420786,-1613.701706938226,5879.194715779799
Tawi Tawi (TWT)-Zamboanga (ZAM),2026-11-01,3649.3432017205782,-211.77569336567967,7510.462096806836,2142.6850963844868,-1604.5379831554992,5889.908175924473
Tokyo (NRT)-Angeles City (CRK),2025-12-01,1559.6070065988488,-244.13867230336064,3363.352685501058,1559.6070065988488,-244.13867230336064,3363.352685501058
Tokyo (NRT)-Angeles City (CRK),2026-01-01,2280.4752658389116,149.5156255690631,4411.43490610876,2280.4752658389116,149.5156255690631,4411.43490610876
Tokyo (NRT)-Angeles City (CRK),2026-02-01,3427.821798616404,960.1838668726564,5895.459730360151,3427.821798616404,960.1838668726564,5895.459730360151
Tokyo (NRT)-Angeles City (CRK),2026-03-01,3427.821798616404,960.1838668726564,5895.459730360151,3427.821798616404,960.1838668726564,5895.459730360151
Tokyo (NRT)-Angeles City (CRK),2026-04-01,3427.821798616404,960.1838668726564,5895.459730360151,3427.821798616404,960.1838668726564,5895.459730360151
Tokyo (NRT)-Angeles City (CRK),2026-05-01,3427.821798616404,960.1838668726564,5895.459730360151,3427.821798616404,960.1838668726564,5895.459730360151
Tokyo (NRT)-Angeles City (CRK),2026-06-01,3427.821798616404,960.1838668726564,5895.459730360151,3427.821798616404,960.1838668726564,5895.459730360151
Tokyo (NRT)-Angeles City (CRK),2026-07-01,3427.821798616404,960.1838668726564,5895.459730360151,3427.821798616404,960.1838668726564,5895.459730360151
Tokyo (NRT)-Angeles City (CRK),2026-08-01,3427.821798616404,960.1838668726564,5895.459730360151,3427.821798616404,960.1838668726564,5895.459730360151
Tokyo (NRT)-Angeles City (CRK),2026-09-01,3427.821798616404,960.1838668726564,5895.459730360151,3427.821798616404,960.1838668726564,5895.459730360151
Tokyo (NRT)-Angeles City (CRK),2026-10-01,3427.821798616404,960.1838668726564,5895.459730360151,3427.821798616404,960.1838668726564,5895.459730360151
Tokyo (NRT)-Angeles City (CRK),2026-11-01,3427.821798616404,960.1838668726564,5895.459730360151,3427.821798616404,960.1838668726564,5895.459730360151
Tuguegarao (TUG)-Manila (MNL),2025-10-01,8916.780439639153,-191.99610984093488,18025.556989119243,8081.655919584882,1192.5157888537478,14970.796050316017
Tuguegarao (TUG)-Manila (MNL),2025-11-01,10684.014302878799,-1368.957284421469,22736.985890179065,9272.22340333567,268.79380969501653,18275.652996976325
Tuguegarao (TUG)-Manila (MNL),2025-12-01,15749.444577287668,1890.8678829404325,29608.021271634905,13451.216093790295,3211.5216406020336,23690.910546978557
Tuguegarao (TUG)-Manila (MNL),2026-01-01,14476.409328660175,-596.5154343854592,29549.33409170581,13010.627239911826,1979.1180643259468,24042.136415497705
Tuguegarao (TUG)-Manila (MNL),2026-02-01,15008.09589397786,-915.9529659208401,30932.144753876557,13188.448470713647,1629.0884396788151,24747.808501748477
Tuguegarao (TUG)-Manila (MNL),2026-03-01,15520.380470376957,-1014.0232252499372,32054.78416600385,13672.62739028419,1753.6787743464174,25591.576006221963
Tuguegarao (TUG)-Manila (MNL),2026-04-01,22582.452653317116,5604.13527661594,39560.77003001829,19976.045527531103,7808.934794527366,32143.15626053484
Tuguegarao (TUG)-Manila (MNL),2026-05-01,26121.181469253323,8817.00203284634,43425.3609056603,22802.139076424937,10462.348609412387,35141.92954343749
Tuguegarao (TUG)-Manila (MNL),2026-06-01,24955.56057471301,7410.660706006864,42500.46044341916,21961.108256182444,9500.508649215806,34421.70786314908
Tuguegarao (TUG)-Manila (MNL),2026-07-01,23160.977536825965,5437.463315846395,40884.49175780553,20214.658927795233,7669.230754272621,32760.087101317848
Tuguegarao (TUG)-Manila (MNL),2026-08-01,22698.18145449414,4841.715317316186,40554.647591672096,19254.992258040784,6649.851268421804,31860.133247659764
Tuguegarao (TUG)-Manila (MNL),2026-09-01,5159.856611045985,-12795.799611997429,23115.5128340894,5406.750669461534,-7240.496074788259,18053.997413711328
Zamboanga (ZAM)-Cebu (CEB),2025-12-01,1417.3357672071525,-2261.5883092005906,5096.2598436148955,1163.777560018435,-2339.7457779044835,4667.3008979413535
Zamboanga (ZAM)-Cebu (CEB),2026-01-01,1576.4212614510475,-3028.2673287855837,6181.109851687679,1132.5294450634203,-3119.1998368045533,5384.2587269313935
Zamboanga (ZAM)-Cebu (CEB),2026-02-01,2847.60514403922,-2206.9224309459883,7902.132719024428,2442.8990424450913,-2120.0149444873205,7005.813029377503
Zamboanga (ZAM)-Cebu (CEB),2026-03-01,2882.8359442720453,-2409.629453948474,8175.301342492565,2013.1699153056215,-2689.684146878799,6716.023977490042
Zamboanga (ZAM)-Cebu (CEB),2026-04-01,4790.847763505388,-631.8021859550518,10213.497712965827,4243.286474992316,-524.2864126163768,9010.859362601008
Zamboanga (ZAM)-Cebu (CEB),2026-05-01,4821.044536709184,-673.9996572287755,10316.088730647145,4532.175197528133,-265.6783680513936,9330.02876310766
Zamboanga (ZAM)-Cebu (CEB),2026-06-01,4936.149955772852,-599.4928388670651,10471.79275041277,4630.628807675954,-181.45264131461226,9442.71025666652
Zamboanga (ZAM)-Cebu (CEB),2026-07-01,4945.3975485122455,-613.1169211143851,10503.912018138875,4436.681573881441,-382.0684705790545,9255.431618341936
Zamboanga (ZAM)-Cebu (CEB),2026-08-01,4938.309829128401,-633.1221228767572,10509.74178113356,4425.619439337222,-396.18965581273915,9247.428534487182
Zamboanga (ZAM)-Cebu (CEB),2026-09-01,5100.789583232408,-477.9481747871041,10679.52734125192,4196.110812585492,-626.95305742444,9019.174682595423
Zamboanga (ZAM)-Cebu (CEB),2026-10-01,5145.576387472888,-437.29661705277886,10728.449391998554,3557.224041701311,-1266.5486344393594,8380.996717841981
Zamboanga (ZAM)-Cebu (CEB),2026-11-01,5108.20313152422,-477.0115561140974,10693.417819162538,3412.5332747125776,-1411.5744213076578,8236.640970732813
Zamboanga (ZAM)-Manila (MNL),2025-12-01,4360.5045570438415,-2780.3263603777377,11501.33547446542,1379.962864923353,-4659.586566090409,7419.512295937115
Zamboanga (ZAM)-Manila (MNL),2026-01-01,6564.511545398767,-4647.511368808924,17776.53445960646,1347.8355250410998,-7094.537373912194,9790.208423994394
Zamboanga (ZAM)-Manila (MNL),2026-02-01,8738.193365491898,-5182.448375721051,22658.835106704846,1316.4561516397905,-8904.588862741533,11537.501166021113
Zamboanga (ZAM)-Manila (MNL),2026-03-01,10686.470173085612,-5036.302661898677,26409.2430080699,1285.807331081736,-10382.018424320153,12953.633086483625
Zamboanga (ZAM)-Manila (MNL),2026-04-01,12371.291719084118,-4563.295582662078,29305.879020830314,1255.8720551415026,-11641.769436488117,14153.513546771122
Zamboanga (ZAM)-Manila (MNL),2026-05-01,13807.047991296158,-3952.5929188038517,31566.68890139617,1226.6337115673834,-12743.685758551803,15196.95318168657
Zamboanga (ZAM)-Manila (MNL),2026-06-01,15022.948725482707,-3304.598442741637,33350.49589370705,1198.0760748626133,-13723.859179637178,16120.011329362404
Zamboanga (ZAM)-Manila (MNL),2026-07-01,16049.893180240875,-2671.9510589936017,34771.73741947535,1170.1832972812072,-14606.16520715558,16946.531801717996
Zamboanga (ZAM)-Manila (MNL),2026-08-01,16916.23355730417,-2081.150670653158,35913.6177852615,1142.939900033429,-15407.441285320727,17693.321085387586
Zamboanga (ZAM)-Manila (MNL),2026-09-01,17646.715317574468,-1544.1321081217866,36837.562743270726,1116.3307646960068,-16140.132888040293,18372.794417432306
Zamboanga (ZAM)-Manila (MNL),2026-10-01,18262.507232433723,-1064.6373563208763,37589.65182118832,1090.3411248223308,-16813.77648106021,18994.45873070487
Zamboanga (ZAM)-Manila (MNL),2026-11-01,18781.566126799775,-641.8341321065673,38204.96638570612,1064.9565577479764,-17435.890470740636,19565.80358623659
Zamboanga (ZAM)-Tawi Tawi (TWT),2025-12-01,1766.6778151494807,-1535.6327210543525,5068.988351353314,848.8819306136782,-2505.122174420175,4202.886035647531
Zamboanga (ZAM)-Tawi Tawi (TWT),2026-01-01,3123.532899228517,-695.900052908004,6942.965851365038,1332.817725857074,-2785.7467945942435,5451.382246308392
Zamboanga (ZAM)-Tawi Tawi (TWT),2026-02-01,4866.64330691738,989.17053929044,8744.11607454432,2212.6806011349354,-2244.2426826325127,6669.6038849023835
Zamboanga (ZAM)-Tawi Tawi (TWT),2026-03-01,5029.1893980128,1144.6536184313773,8913.725177594222,2229.207952577294,-2390.0780453584252,6848.493950513013
Zamboanga (ZAM)-Tawi Tawi (TWT),2026-04-01,8087.086263063691,4101.936098572238,12072.236427555144,4621.270778218544,-78.32740284260217,9320.86895927969
Zamboanga (ZAM)-Tawi Tawi (TWT),2026-05-01,8122.514620821716,3962.1881330489095,12282.841108594523,4619.082767343609,-120.78271905345991,9358.948253740677
Zamboanga (ZAM)-Tawi Tawi (TWT),2026-06-01,7839.160176068059,3501.369974381704,12176.950377754412,4617.523477870447,-142.66223213932335,9377.709187880217
Zamboanga (ZAM)-Tawi Tawi (TWT),2026-07-01,7348.844204903402,2881.0570273037374,11816.631382503067,4616.4122477166275,-154.0603990124646,9386.88489444572
Zamboanga (ZAM)-Tawi Tawi (TWT),2026-08-01,7136.850692413223,2597.566973586575,11676.134411239873,4615.6203277582035,-160.0682848899205,9391.308940406328
Zamboanga (ZAM)-Tawi Tawi (TWT),2026-09-01,5855.693857014783,1289.107496197017,10422.28021783255,3675.3889120123586,-1102.9465652078115,8453.724389232528
Zamboanga (ZAM)-Tawi Tawi (TWT),2026-10-01,4873.708512332747,302.140562902232,9445.276461763262,2735.3196650754585,-2044.359520142409,7514.9988502933265
Zamboanga (ZAM)-Tawi Tawi (TWT),2026-11-01,7511.602860902985,2940.1303624613083,12083.075359344663,4345.890845363397,-434.4706273260672,9126.25231805286
nan-Manila (MNL),2025-09-01,191.9973176948263,-20.978388900225184,404.9730242898778,40.988074074074085,-110.02062784220325,191.99677599035144
nan-Manila (MNL),2025-10-01,280.9069921827073,61.62151461694461,500.19246974847,40.988074074074085,-110.02062784220325,191.99677599035144
nan-Manila (MNL),2025-11-01,112.54494755790904,-107.11416696679404,332.20406208261215,40.988074074074085,-110.02062784220325,191.99677599035144
nan-Manila (MNL),2025-12-01,177.95790391424862,-41.72365755494678,397.639465383444,40.988074074074085,-110.02062784220325,191.99677599035144
nan-Manila (MNL),2026-01-01,121.85404633967286,-97.82886431573954,341.53695699508523,40.988074074074085,-110.02062784220325,191.99677599035144
nan-Manila (MNL),2026-02-01,97.02851664745725,-122.65446678988886,316.71150008480333,40.988074074074085,-110.02062784220325,191.99677599035144
nan-Manila (MNL),2026-03-01,232.96472992051324,13.281880902575892,452.6475789384506,40.988074074074085,-110.02062784220325,191.99677599035144
nan-Manila (MNL),2026-04-01,221.12122007627067,1.4406873722065825,440.80175278033477,40.988074074074085,-110.02062784220325,191.99677599035144
nan-Manila (MNL),2026-05-01,231.1726641643877,11.530660918647612,450.81466741012775,40.988074074074085,-110.02062784220325,191.99677599035144
nan-Manila (MNL),2026-06-01,193.98675636713602,-25.013496079285744,412.9870088135578,40.988074074074085,-110.02062784220325,191.99677599035144
nan-Manila (MNL),2026-07-01,196.81590958380326,-22.18434286268169,415.8161620302882,40.988074074074085,-110.02062784220325,191.99677599035144
nan-Manila (MNL),2026-08-01,169.43190470852653,-49.56834773796217,388.43215715501526,40.988074074074085,-110.02062784220325,191.99677599035144
nan-nan,2025-09-01,49.49663488571818,-171.70013592705234,270.69340569848873,54.31913043478261,-108.04713118641672,216.68539205598194
nan-nan,2025-10-01,174.17608497672683,-60.49277853957767,408.8449484930313,54.31913043478261,-108.04713118641672,216.68539205598194
nan-nan,2025-11-01,128.316318586471,-107.98931951422267,364.6219566871647,54.31913043478261,-108.04713118641672,216.68539205598194
nan-nan,2025-12-01,158.63497459727898,-77.8753119837555,395.1452611783135,54.31913043478261,-108.04713118641672,216.68539205598194
nan-nan,2026-01-01,41.952442946695186,-194.58351868850508,278.48840458189545,54.31913043478261,-108.04713118641672,216.68539205598194
nan-nan,2026-02-01,179.1706812230202,-57.36850295866273,415.7098654047031,54.31913043478261,-108.04713118641672,216.68539205598194
nan-nan,2026-03-01,287.76294890002873,51.22336022608911,524.3025375739684,54.31913043478261,-108.04713118641672,216.68539205598194
nan-nan,2026-04-01,218.07688253719903,-18.46275690872588,454.6165219831239,54.31913043478261,-108.04713118641672,216.68539205598194
nan-nan,2026-05-01,212.1048202467771,-24.434825572067496,448.6444660656217,54.31913043478261,-108.04713118641672,216.68539205598194
nan-nan,2026-06-01,287.83439182863054,51.294745209854455,524.3740384474066,54.31913043478261,-108.04713118641672,216.68539205598194
nan-nan,2026-07-01,260.58213761248794,24.04249089330412,497.12178433167173,54.31913043478261,-108.04713118641672,216.68539205598194
nan-nan,2026-08-01,287.8372994398188,51.29765270803179,524.3769461716058,54.31913043478261,-108.04713118641672,216.68539205598194
