Airport,Model,Window,Split,RMSE,MAE,R2,MAPE
MNL,V01_Simple,3,Train,33371.50880616577,31403.13671875,0.5543252229690552,6.838680744171143
MNL,V01_Simple,3,Test,172350.12847108644,115982.0859375,-0.10050880908966064,55.53873062133789
MNL,V01_Simple,6,Train,29450.65893999657,27019.2265625,0.6345032453536987,5.772231578826904
MNL,V01_Simple,6,Test,182807.09657997417,115164.4609375,-0.23810195922851562,58.456241607666016
MNL,V01_Simple,12,Train,34688.85238805112,31613.287109375,0.4312927722930908,6.202285289764404
MNL,V01_Simple,12,Test,212760.547320221,143332.53125,-0.4412696361541748,78.53984832763672
MNL,V02_Deep,3,Train,33687.700782333006,31601.23828125,0.5458396673202515,6.906336784362793
MNL,V02_Deep,3,Test,174616.93077133156,115810.9609375,-0.12964773178100586,56.0849609375
MNL,V02_Deep,6,Train,30052.284039653292,26532.4140625,0.6194177865982056,5.758030891418457
MNL,V02_Deep,6,Test,188301.13890255682,114268.421875,-0.3136395215988159,59.761600494384766
MNL,V02_Deep,12,Train,33241.80115457043,30152.9375,0.47775059938430786,5.943819999694824
MNL,V02_Deep,12,Test,218584.29616054308,143934.1875,-0.5212512016296387,80.244873046875
MNL,V03_Wide,3,Train,33813.474237351,31225.0,0.5424421429634094,6.861175537109375
MNL,V03_Wide,3,Test,178161.23502041626,115302.390625,-0.17597126960754395,56.83609390258789
MNL,V03_Wide,6,Train,29606.31716374058,26540.671875,0.6306294202804565,5.564169406890869
MNL,V03_Wide,6,Test,185457.84349010425,117368.640625,-0.27426791191101074,59.500694274902344
MNL,V03_Wide,12,Train,38742.53889460524,34376.91796875,0.29061007499694824,6.696695804595947
MNL,V03_Wide,12,Test,216242.2487489436,146180.203125,-0.4888266324996948,80.03113555908203
MNL,V04_Triple,3,Train,41630.202882042264,34854.54296875,0.30644094944000244,7.906015872955322
MNL,V04_Triple,3,Test,181832.31800755332,115428.421875,-0.22493326663970947,58.019065856933594
MNL,V04_Triple,6,Train,32136.726902408715,27427.9921875,0.5647921562194824,6.0164289474487305
MNL,V04_Triple,6,Test,187249.3446076648,116256.3203125,-0.29900527000427246,59.97757339477539
MNL,V04_Triple,12,Train,32795.31283583067,29298.16015625,0.4916856288909912,5.804384708404541
MNL,V04_Triple,12,Test,218331.62651343027,144378.78125,-0.5177361965179443,80.4378662109375
MNL,V05_Bidir,3,Train,33149.08288324128,29496.685546875,0.5602463483810425,6.544260025024414
MNL,V05_Bidir,3,Test,167305.24228487283,106704.515625,-0.03702545166015625,52.710609436035156
MNL,V05_Bidir,6,Train,29407.927094577746,27067.2109375,0.6355631351470947,5.738170623779297
MNL,V05_Bidir,6,Test,180984.60522375928,114584.1015625,-0.2135385274887085,57.80997848510742
MNL,V05_Bidir,12,Train,31710.89099978113,28759.71875,0.5247460603713989,5.71541690826416
MNL,V05_Bidir,12,Test,220492.60457439383,141930.890625,-0.5479291677474976,80.28486633300781
MNL,V06_Pyramid,3,Train,40692.308069216226,34241.109375,0.33733952045440674,7.757118225097656
MNL,V06_Pyramid,3,Test,185072.44747935873,115757.7109375,-0.2689772844314575,58.76007843017578
MNL,V06_Pyramid,6,Train,30611.048462932464,26499.912109375,0.6051338911056519,5.75648832321167
MNL,V06_Pyramid,6,Test,188748.06607750978,116183.8125,-0.3198826313018799,60.34020233154297
MNL,V06_Pyramid,12,Train,31069.402569087164,27315.869140625,0.5437796115875244,5.488710403442383
MNL,V06_Pyramid,12,Test,221905.54531151312,143183.34375,-0.56783127784729,81.11074829101562
MNL,V07_DenseLSTM,3,Train,34026.48944572449,31497.75390625,0.5366590023040771,6.921891689300537
MNL,V07_DenseLSTM,3,Test,178232.0199290801,115788.1640625,-0.17690587043762207,56.94773864746094
MNL,V07_DenseLSTM,6,Train,29904.613155832663,26571.068359375,0.6231487989425659,5.565461158752441
MNL,V07_DenseLSTM,6,Test,184549.48491935706,118923.4375,-0.26181578636169434,59.61518859863281
MNL,V07_DenseLSTM,12,Train,33917.06779779172,30758.15625,0.45631736516952515,6.052030086517334
MNL,V07_DenseLSTM,12,Test,218809.52315655732,144315.546875,-0.5243877172470093,80.373046875
MNL,V08_Lite,3,Train,33239.21539386873,31134.75,0.5578516721725464,6.772405624389648
MNL,V08_Lite,3,Test,167415.56553678037,115561.3046875,-0.038393497467041016,54.250423431396484
MNL,V08_Lite,6,Train,30492.104683015896,27864.462890625,0.608196496963501,6.0236005783081055
MNL,V08_Lite,6,Test,180042.82370591725,114661.828125,-0.20094168186187744,57.720481872558594
MNL,V08_Lite,12,Train,29826.281028649883,25794.87109375,0.5795570611953735,5.236053466796875
MNL,V08_Lite,12,Test,218929.27632457018,140299.0,-0.5260568857192993,79.4113540649414
MNL,V09_BiDeep,3,Train,33755.35892269552,29619.923828125,0.5440136194229126,6.599994659423828
MNL,V09_BiDeep,3,Test,169763.24219335587,107292.8359375,-0.06772065162658691,53.387672424316406
MNL,V09_BiDeep,6,Train,29193.378975377276,26868.958984375,0.6408612728118896,5.682945728302002
MNL,V09_BiDeep,6,Test,177899.97585160038,113694.859375,-0.17252492904663086,56.9444465637207
MNL,V09_BiDeep,12,Train,30453.786102880542,27185.98046875,0.5616798400878906,5.453439712524414
MNL,V09_BiDeep,12,Test,222936.00559801908,142205.65625,-0.5824261903762817,80.8233413696289
MNL,V10_Mixed,3,Train,33349.46212459805,28946.294921875,0.5549138784408569,6.445948600769043
MNL,V10_Mixed,3,Test,169178.76140934476,107183.859375,-0.06038105487823486,53.12384796142578
MNL,V10_Mixed,6,Train,29327.08345540006,27060.9140625,0.6375640630722046,5.775964260101318
MNL,V10_Mixed,6,Test,176073.96264070392,112337.6484375,-0.14857828617095947,56.2238883972168
MNL,V10_Mixed,12,Train,31771.07212544141,29180.337890625,0.522940456867218,5.790002346038818
MNL,V10_Mixed,12,Test,211374.34743128126,138334.5625,-0.4225502014160156,77.01972198486328
CEB,V01_Simple,3,Train,26566.671451275186,19414.037109375,0.4750768542289734,14.283278465270996
CEB,V01_Simple,3,Test,33563.069227947555,24405.087890625,0.2262246012687683,30.389684677124023
CEB,V01_Simple,6,Train,25931.475237633513,20540.853515625,0.5027632713317871,16.151329040527344
CEB,V01_Simple,6,Test,49516.404392887816,39748.21875,-0.6841849088668823,46.17129898071289
CEB,V01_Simple,12,Train,32367.705386696784,26214.1875,0.2880855202674866,19.68583106994629
CEB,V01_Simple,12,Test,75427.96765126316,64010.0234375,-2.7215800285339355,79.3071060180664
CEB,V02_Deep,3,Train,25382.65612578794,19692.849609375,0.5208234786987305,15.6727876663208
CEB,V02_Deep,3,Test,37458.38522947833,22070.267578125,0.03619396686553955,31.152725219726562
CEB,V02_Deep,6,Train,26553.449794706525,22228.609375,0.47862446308135986,18.794429779052734
CEB,V02_Deep,6,Test,69078.10952827241,63396.11328125,-2.277724266052246,65.84123992919922
CEB,V02_Deep,12,Train,35200.12181797103,26120.5,0.15803825855255127,17.567779541015625
CEB,V02_Deep,12,Test,64303.587955883144,50623.7109375,-1.7047863006591797,66.13114929199219
CEB,V03_Wide,3,Train,23720.10118022265,18607.3828125,0.581539511680603,14.437050819396973
CEB,V03_Wide,3,Test,37241.35164034732,22054.841796875,0.04733008146286011,30.936315536499023
CEB,V03_Wide,6,Train,25897.713875938935,21441.197265625,0.5040571689605713,17.547536849975586
CEB,V03_Wide,6,Test,63471.29417303542,57060.77734375,-1.7672364711761475,60.48372268676758
CEB,V03_Wide,12,Train,31927.942871409676,24710.91796875,0.3072988986968994,17.636789321899414
CEB,V03_Wide,12,Test,72918.84102205685,61922.9375,-2.478099822998047,76.65585327148438
CEB,V04_Triple,3,Train,26942.309923241548,21009.18359375,0.46012771129608154,17.13381004333496
CEB,V04_Triple,3,Test,38409.68377896387,22373.451171875,-0.013381600379943848,31.817262649536133
CEB,V04_Triple,6,Train,28429.887372270754,22939.71875,0.4023333787918091,18.980215072631836
CEB,V04_Triple,6,Test,55479.73640889077,46274.04296875,-1.114269495010376,52.29384231567383
CEB,V04_Triple,12,Train,33031.20076533701,26760.60546875,0.2585996985435486,20.16437339782715
CEB,V04_Triple,12,Test,77079.4316533276,64956.125,-2.88632869720459,80.88385009765625
CEB,V05_Bidir,3,Train,22714.338026893936,18017.931640625,0.6162737011909485,14.244983673095703
CEB,V05_Bidir,3,Test,36022.620448823545,21177.73046875,0.10866254568099976,29.756454467773438
CEB,V05_Bidir,6,Train,24089.430711413668,20003.794921875,0.5708967447280884,16.221786499023438
CEB,V05_Bidir,6,Test,54705.906957110215,47172.71484375,-1.0557012557983398,51.81147003173828
CEB,V05_Bidir,12,Train,32748.358371069535,24088.724609375,0.2712424397468567,16.263996124267578
CEB,V05_Bidir,12,Test,56339.71700319411,43235.4765625,-1.0763084888458252,57.31726837158203
CEB,V06_Pyramid,3,Train,27073.60160746996,21363.0703125,0.45485323667526245,17.694015502929688
CEB,V06_Pyramid,3,Test,39657.34837328386,23150.689453125,-0.08028638362884521,32.85478973388672
CEB,V06_Pyramid,6,Train,27891.45933794071,22416.880859375,0.424757182598114,18.446372985839844
CEB,V06_Pyramid,6,Test,56739.235102352235,48157.46875,-1.211355209350586,53.67692184448242
CEB,V06_Pyramid,12,Train,33167.95754941808,26697.009765625,0.2524479031562805,19.883216857910156
CEB,V06_Pyramid,12,Test,77607.65323085089,65469.375,-2.939777135848999,81.45407104492188
CEB,V07_DenseLSTM,3,Train,25789.715779744452,21200.720703125,0.5053311586380005,17.82416343688965
CEB,V07_DenseLSTM,3,Test,43205.875156047936,29507.177734375,-0.2822631597518921,38.037803649902344
CEB,V07_DenseLSTM,6,Train,29422.5437377532,24558.130859375,0.35986852645874023,21.508949279785156
CEB,V07_DenseLSTM,6,Test,78300.50503029977,73554.0859375,-3.211343288421631,74.41117095947266
CEB,V07_DenseLSTM,12,Train,34038.88787842517,25271.490234375,0.21267372369766235,17.19387435913086
CEB,V07_DenseLSTM,12,Test,68424.90119832107,55900.19921875,-2.0626044273376465,71.18241119384766
CEB,V08_Lite,3,Train,26611.2613755906,19513.857421875,0.4733133316040039,14.368388175964355
CEB,V08_Lite,3,Test,33422.921954850084,24673.57421875,0.23267316818237305,30.427207946777344
CEB,V08_Lite,6,Train,25009.20150664551,20038.765625,0.5375036001205444,15.837023735046387
CEB,V08_Lite,6,Test,49622.49554385591,40237.47265625,-0.6914094686508179,46.37856674194336
CEB,V08_Lite,12,Train,30019.184266065593,23434.763671875,0.3876470923423767,17.2523250579834
CEB,V08_Lite,12,Test,65769.3618640169,54222.98828125,-1.829500675201416,68.54450225830078
CEB,V09_BiDeep,3,Train,23123.56027950713,18914.361328125,0.6023226976394653,15.654447555541992
CEB,V09_BiDeep,3,Test,39571.84938816987,26124.544921875,-0.07563328742980957,34.232383728027344
CEB,V09_BiDeep,6,Train,24339.377806345008,20258.080078125,0.561945915222168,16.795141220092773
CEB,V09_BiDeep,6,Test,59703.568536562365,53194.76171875,-1.4484550952911377,56.80180358886719
CEB,V09_BiDeep,12,Train,31122.501698931595,23336.96875,0.34180736541748047,16.38939094543457
CEB,V09_BiDeep,12,Test,64633.888820030006,52503.23828125,-1.7326443195343018,67.0824203491211
CEB,V10_Mixed,3,Train,23145.068070757537,19053.482421875,0.6015825271606445,16.095975875854492
CEB,V10_Mixed,3,Test,42612.65915194686,31516.19921875,-0.24729394912719727,38.45398712158203
CEB,V10_Mixed,6,Train,25264.202659098504,20956.275390625,0.5280239582061768,17.71142578125
CEB,V10_Mixed,6,Test,64936.51200980847,59307.1953125,-1.8964729309082031,61.82511901855469
CEB,V10_Mixed,12,Train,30177.588505379284,22822.8359375,0.38116759061813354,16.05297088623047
CEB,V10_Mixed,12,Test,64421.88547380463,53080.26171875,-1.714747428894043,67.10936737060547
DVO,V01_Simple,3,Train,16017.372069100475,12650.2255859375,0.4573855400085449,15.886640548706055
DVO,V01_Simple,3,Test,26662.038931784642,20651.244140625,0.13659483194351196,53.493648529052734
DVO,V01_Simple,6,Train,16383.114722176611,13920.0859375,0.4887056350708008,18.351810455322266
DVO,V01_Simple,6,Test,31456.0,18744.111328125,-0.20180761814117432,59.6890869140625
DVO,V01_Simple,12,Train,21062.793736824184,16854.04296875,0.25072455406188965,20.4304256439209
DVO,V01_Simple,12,Test,41446.56164267429,29510.255859375,-0.9186409711837769,93.09258270263672
DVO,V02_Deep,3,Train,15309.982103190063,13933.1376953125,0.5042551755905151,19.283632278442383
DVO,V02_Deep,3,Test,30519.170630932946,17612.533203125,-0.13128864765167236,57.6819953918457
DVO,V02_Deep,6,Train,17060.94581199999,14952.046875,0.4455220699310303,20.093643188476562
DVO,V02_Deep,6,Test,34068.80003757103,22588.533203125,-0.4097483158111572,66.24951171875
DVO,V02_Deep,12,Train,21340.747878178965,17705.181640625,0.23081856966018677,22.54244041442871
DVO,V02_Deep,12,Test,49550.28476204754,39488.15625,-1.742262363433838,112.91213989257812
DVO,V03_Wide,3,Train,15266.84355064923,12823.8125,0.5070449113845825,16.810819625854492
DVO,V03_Wide,3,Test,27946.782569734212,18113.759765625,0.05138152837753296,54.42656326293945
DVO,V03_Wide,6,Train,16950.900389064882,15418.37890625,0.45265185832977295,21.303625106811523
DVO,V03_Wide,6,Test,37725.50458244396,28164.009765625,-0.7286142110824585,74.77532958984375
DVO,V03_Wide,12,Train,22208.16138269893,18086.23046875,0.16701966524124146,22.22425079345703
DVO,V03_Wide,12,Test,45916.39567736126,34694.76953125,-1.3547906875610352,104.19404602050781
DVO,V04_Triple,3,Train,16799.901904475515,14637.630859375,0.40307140350341797,20.083942413330078
DVO,V04_Triple,3,Test,28537.274992542647,18758.27734375,0.010870933532714844,55.8363151550293
DVO,V04_Triple,6,Train,18562.119706542137,16257.9169921875,0.34365344047546387,21.96816635131836
DVO,V04_Triple,6,Test,31897.90011897335,18612.013671875,-0.2358112335205078,60.43549346923828
DVO,V04_Triple,12,Train,22942.943490319634,19351.94921875,0.11098766326904297,26.26657485961914
DVO,V04_Triple,12,Test,51048.25011692369,40482.10546875,-1.9105727672576904,116.33934783935547
DVO,V05_Bidir,3,Train,14092.59436725545,12015.19921875,0.5799598693847656,15.781418800354004
DVO,V05_Bidir,3,Test,26799.30028937323,17500.033203125,0.1276819109916687,52.01506805419922
DVO,V05_Bidir,6,Train,16028.181681026703,14220.3623046875,0.5106195211410522,19.240230560302734
DVO,V05_Bidir,6,Test,32676.039906940987,21066.33984375,-0.2968411445617676,63.068294525146484
DVO,V05_Bidir,12,Train,21415.239433636973,17166.583984375,0.2254394292831421,20.872859954833984
DVO,V05_Bidir,12,Test,42740.14206808396,31009.82421875,-1.0402746200561523,96.21414184570312
DVO,V06_Pyramid,3,Train,16560.060869453348,14900.41796875,0.4199937582015991,20.824527740478516
DVO,V06_Pyramid,3,Test,29854.490851461527,17548.998046875,-0.08254826068878174,56.88427734375
DVO,V06_Pyramid,6,Train,18352.83433151403,16154.7216796875,0.3583703637123108,22.00377655029297
DVO,V06_Pyramid,6,Test,33433.413705453415,20798.240234375,-0.3576549291610718,64.18698120117188
DVO,V06_Pyramid,12,Train,22031.902686785816,18625.890625,0.18018943071365356,24.83790397644043
DVO,V06_Pyramid,12,Test,46817.591223812444,35720.9453125,-1.4481322765350342,106.31167602539062
DVO,V07_DenseLSTM,3,Train,16168.49628134911,14827.1064453125,0.4470980763435364,21.070558547973633
DVO,V07_DenseLSTM,3,Test,32335.385446906304,19782.74609375,-0.26994240283966064,61.84040832519531
DVO,V07_DenseLSTM,6,Train,19131.159086683692,17813.158203125,0.30279475450515747,25.9952335357666
DVO,V07_DenseLSTM,6,Test,44103.51314804752,36375.2578125,-1.362513542175293,87.80780792236328
DVO,V07_DenseLSTM,12,Train,21608.6834397656,17963.537109375,0.21138298511505127,22.89873695373535
DVO,V07_DenseLSTM,12,Test,49401.10573661282,39177.0078125,-1.7257754802703857,112.54244995117188
DVO,V08_Lite,3,Train,17714.933813029053,13551.8916015625,0.3362753987312317,16.648481369018555
DVO,V08_Lite,3,Test,27032.028410757488,23203.908203125,0.11246556043624878,53.83310317993164
DVO,V08_Lite,6,Train,16724.13728716671,13779.0908203125,0.46719837188720703,17.733858108520508
DVO,V08_Lite,6,Test,29237.4565241233,16887.17578125,-0.038262367248535156,55.283660888671875
DVO,V08_Lite,12,Train,20803.929628798498,17623.833984375,0.26902878284454346,23.68939208984375
DVO,V08_Lite,12,Test,47669.515625816886,37107.3125,-1.5380384922027588,108.49781036376953
DVO,V09_BiDeep,3,Train,13807.454218645811,12340.279296875,0.5967855453491211,17.09096908569336
DVO,V09_BiDeep,3,Test,29367.224179346606,17315.396484375,-0.04749929904937744,55.23293685913086
DVO,V09_BiDeep,6,Train,15766.50271937312,14382.5830078125,0.5264685153961182,19.881999969482422
DVO,V09_BiDeep,6,Test,35046.813949344956,25054.71484375,-0.4918496608734131,68.86031341552734
DVO,V09_BiDeep,12,Train,20070.47184298366,16788.619140625,0.31966209411621094,21.619112014770508
DVO,V09_BiDeep,12,Test,47479.06654516283,37406.578125,-1.5177991390228271,108.00431823730469
DVO,V10_Mixed,3,Train,14162.531977015975,12629.3232421875,0.5757805109024048,17.689470291137695
DVO,V10_Mixed,3,Test,29509.13079031641,17405.556640625,-0.057647109031677246,55.5130615234375
DVO,V10_Mixed,6,Train,15753.234588490073,14395.40625,0.527265191078186,19.92365074157715
DVO,V10_Mixed,6,Test,36350.205941644956,27112.138671875,-0.6048767566680908,71.82544708251953
DVO,V10_Mixed,12,Train,21114.037037004553,16768.703125,0.24707436561584473,19.517499923706055
DVO,V10_Mixed,12,Test,38356.02315152081,25639.84375,-0.6431751251220703,84.98322296142578
MPH,V01_Simple,3,Train,7733.298907969353,5839.5712890625,-0.12115561962127686,12.115974426269531
MPH,V01_Simple,3,Test,18250.32164100129,14996.7412109375,-0.029570341110229492,40.63041305541992
MPH,V01_Simple,6,Train,7910.973644248855,5816.73828125,-0.25323736667633057,12.731863975524902
MPH,V01_Simple,6,Test,22059.533267954695,14270.232421875,-0.5042070150375366,47.56182098388672
MPH,V01_Simple,12,Train,6526.101439603893,5343.09912109375,0.3454626202583313,10.379666328430176
MPH,V01_Simple,12,Test,26425.6033422134,18772.322265625,-1.1708474159240723,65.8209228515625
MPH,V02_Deep,3,Train,8714.009410139513,6581.48486328125,-0.4235488176345825,14.29288387298584
MPH,V02_Deep,3,Test,19689.106023382574,14750.189453125,-0.1983039379119873,44.04171371459961
MPH,V02_Deep,6,Train,8908.827532285042,6607.25634765625,-0.5893317461013794,14.584906578063965
MPH,V02_Deep,6,Test,23800.94653579979,15510.228515625,-0.7510696649551392,51.73709487915039
MPH,V02_Deep,12,Train,7041.781024712427,5859.49853515625,0.23793524503707886,11.45613956451416
MPH,V02_Deep,12,Test,26476.697074975193,17819.05859375,-1.1792502403259277,64.80118560791016
MPH,V03_Wide,3,Train,7951.867705136951,6065.85498046875,-0.18542635440826416,12.682426452636719
MPH,V03_Wide,3,Test,18608.91915184759,14634.0390625,-0.0704275369644165,41.33420944213867
MPH,V03_Wide,6,Train,7092.721057534971,5171.16943359375,-0.0073937177658081055,11.080330848693848
MPH,V03_Wide,6,Test,21468.97519678105,14536.720703125,-0.4247465133666992,46.98617935180664
MPH,V03_Wide,12,Train,6836.473067305978,5674.7607421875,0.28172457218170166,11.035383224487305
MPH,V03_Wide,12,Test,27323.416477446593,18557.603515625,-1.3208627700805664,67.11033630371094
MPH,V04_Triple,3,Train,8978.24214420618,7000.05322265625,-0.5111895799636841,15.220634460449219
MPH,V04_Triple,3,Test,19868.903945613103,14785.455078125,-0.22028934955596924,44.402652740478516
MPH,V04_Triple,6,Train,9978.825582201545,7644.31640625,-0.9940328598022461,16.887920379638672
MPH,V04_Triple,6,Test,24207.364168781365,15311.865234375,-0.8113818168640137,52.16373825073242
MPH,V04_Triple,12,Train,7283.930532343097,6124.98291015625,0.18462306261062622,11.882906913757324
MPH,V04_Triple,12,Test,24883.0068922548,17013.099609375,-0.9247982501983643,61.47826385498047
MPH,V05_Bidir,3,Train,7391.9875541020765,5341.5625,-0.02437448501586914,11.523792266845703
MPH,V05_Bidir,3,Test,17363.725867451376,13308.8369140625,0.06803238391876221,38.214107513427734
MPH,V05_Bidir,6,Train,8046.521981576885,5959.34765625,-0.2965517044067383,13.02614974975586
MPH,V05_Bidir,6,Test,22144.814291386596,15008.6005859375,-0.515859842300415,48.60279846191406
MPH,V05_Bidir,12,Train,6616.29080376611,5444.521484375,0.3272464871406555,10.56444263458252
MPH,V05_Bidir,12,Test,26152.129702951537,18266.658203125,-1.1261484622955322,64.73163604736328
MPH,V06_Pyramid,3,Train,8843.786971654168,6861.94873046875,-0.466266393661499,14.907306671142578
MPH,V06_Pyramid,3,Test,19711.762173889983,14677.435546875,-0.20106327533721924,43.963890075683594
MPH,V06_Pyramid,6,Train,9898.77083278525,7407.390625,-0.9621671438217163,16.42523765563965
MPH,V06_Pyramid,6,Test,24855.517214493848,15676.078125,-0.9096800088882446,53.53434753417969
MPH,V06_Pyramid,12,Train,7398.204647074856,6135.9990234375,0.15883827209472656,12.06265640258789
MPH,V06_Pyramid,12,Test,26653.049056346255,17794.734375,-1.2083773612976074,65.13316345214844
MPH,V07_DenseLSTM,3,Train,8601.165502418844,6488.70263671875,-0.38691842555999756,14.050738334655762
MPH,V07_DenseLSTM,3,Test,19585.191140246756,14724.6337890625,-0.18568849563598633,43.796852111816406
MPH,V07_DenseLSTM,6,Train,8594.614127463781,6306.8203125,-0.47919762134552,13.935153007507324
MPH,V07_DenseLSTM,6,Test,23741.1211192732,15301.0498046875,-0.7422778606414795,51.413719177246094
MPH,V07_DenseLSTM,12,Train,6807.164167257904,5649.66748046875,0.28786998987197876,10.970590591430664
MPH,V07_DenseLSTM,12,Test,26351.606554439903,17737.78515625,-1.1587069034576416,64.50315856933594
MPH,V08_Lite,3,Train,7566.535799161991,5728.72998046875,-0.07332313060760498,11.7500581741333
MPH,V08_Lite,3,Test,18132.06485759413,16070.5830078125,-0.016270875930786133,40.90666198730469
MPH,V08_Lite,6,Train,6998.550421337264,4991.02294921875,0.01917928457260132,10.771438598632812
MPH,V08_Lite,6,Test,20193.415164354938,14069.7138671875,-0.26047587394714355,44.48372268676758
MPH,V08_Lite,12,Train,7504.767018369058,6310.7421875,0.1344318389892578,12.409542083740234
MPH,V08_Lite,12,Test,25251.448433703757,16896.91015625,-0.9822208881378174,61.65774917602539
MPH,V09_BiDeep,3,Train,8086.259703966971,5868.5751953125,-0.22583401203155518,12.824580192565918
MPH,V09_BiDeep,3,Test,18340.937380624797,13666.3037109375,-0.03981971740722656,40.640953063964844
MPH,V09_BiDeep,6,Train,7803.470253675604,5712.24853515625,-0.21940791606903076,12.5013427734375
MPH,V09_BiDeep,6,Test,21792.193831737088,14511.6982421875,-0.4679689407348633,47.5058479309082
MPH,V09_BiDeep,12,Train,6602.162978903202,5455.2998046875,0.3301164507865906,10.548029899597168
MPH,V09_BiDeep,12,Test,25674.146373346088,17382.90625,-1.0491392612457275,62.87970733642578
MPH,V10_Mixed,3,Train,7870.161878894232,5652.1181640625,-0.16119086742401123,12.326372146606445
MPH,V10_Mixed,3,Test,18000.102221931964,13342.5830078125,-0.0015321969985961914,39.61936950683594
MPH,V10_Mixed,6,Train,7236.786856057044,5242.07470703125,-0.04873311519622803,11.36191463470459
MPH,V10_Mixed,6,Test,20520.76645742064,13842.279296875,-0.30167365074157715,44.640655517578125
MPH,V10_Mixed,12,Train,6385.5978576794205,5189.3681640625,0.37334293127059937,9.997319221496582
MPH,V10_Mixed,12,Test,25060.13375862148,17855.525390625,-0.9522985219955444,62.3624382019043
ILO,V01_Simple,3,Train,11476.413377009387,8702.142578125,0.5026439428329468,16.011737823486328
ILO,V01_Simple,3,Test,11003.440916367934,8127.16162109375,0.3564407229423523,21.006580352783203
ILO,V01_Simple,6,Train,9435.387008490961,7740.92578125,0.678839921951294,15.326849937438965
ILO,V01_Simple,6,Test,19946.411406566345,17810.990234375,-1.114759922027588,41.57710266113281
ILO,V01_Simple,12,Train,10997.155268522856,9037.970703125,0.5208602547645569,15.592530250549316
ILO,V01_Simple,12,Test,30813.842084362022,27500.48828125,-4.004445552825928,70.07625579833984
ILO,V02_Deep,3,Train,10211.224804106509,8218.7138671875,0.6062588691711426,17.593700408935547
ILO,V02_Deep,3,Test,14908.459343607576,11162.306640625,-0.18140029907226562,28.83751106262207
ILO,V02_Deep,6,Train,10245.434495422827,8889.5654296875,0.6213282942771912,19.652462005615234
ILO,V02_Deep,6,Test,27479.266365752927,26025.318359375,-3.013671398162842,57.78007507324219
ILO,V02_Deep,12,Train,11519.21872350725,9389.224609375,0.4742884039878845,16.03509521484375
ILO,V02_Deep,12,Test,31432.647486331785,27818.537109375,-4.207463264465332,71.29398345947266
ILO,V03_Wide,3,Train,10627.342094804326,8292.66796875,0.5735143423080444,16.06675910949707
ILO,V03_Wide,3,Test,12114.223045660006,7852.8125,0.2199496030807495,21.935758590698242
ILO,V03_Wide,6,Train,9610.537966211881,8166.32421875,0.6668057441711426,17.57330894470215
ILO,V03_Wide,6,Test,26229.28805743686,24842.931640625,-2.6568281650543213,55.15681076049805
ILO,V03_Wide,12,Train,11431.599013261442,9054.306640625,0.4822555184364319,14.62293529510498
ILO,V03_Wide,12,Test,30255.95875195496,27064.26953125,-3.824875831604004,68.84616088867188
ILO,V04_Triple,3,Train,11734.86156714258,9792.53515625,0.4799908399581909,20.712995529174805
ILO,V04_Triple,3,Test,13556.722317728574,8455.8701171875,0.023120641708374023,24.05301284790039
ILO,V04_Triple,6,Train,11662.718722493482,10418.0673828125,0.5093162059783936,22.563575744628906
ILO,V04_Triple,6,Test,24103.625619395934,21928.71875,-2.088135242462158,50.421966552734375
ILO,V04_Triple,12,Train,11773.797348349428,9749.6435546875,0.45079487562179565,16.965911865234375
ILO,V04_Triple,12,Test,31688.24640146564,27908.98046875,-4.2924981117248535,71.7591552734375
ILO,V05_Bidir,3,Train,9364.158050780647,7389.89990234375,0.6688746213912964,14.948783874511719
ILO,V05_Bidir,3,Test,12477.852379315922,8167.73681640625,0.17241764068603516,22.565065383911133
ILO,V05_Bidir,6,Train,9023.363009432791,7642.22119140625,0.7062762975692749,16.171350479125977
ILO,V05_Bidir,6,Test,23411.76866449863,21881.361328125,-1.9133992195129395,49.202659606933594
ILO,V05_Bidir,12,Train,10726.027409996675,8690.142578125,0.544194757938385,14.591225624084473
ILO,V05_Bidir,12,Test,31470.661893261793,28318.86328125,-4.220066547393799,71.70628356933594
ILO,V06_Pyramid,3,Train,11373.947423827842,9363.2177734375,0.5114854574203491,20.075546264648438
ILO,V06_Pyramid,3,Test,14377.583663467238,9628.4560546875,-0.09876132011413574,26.401689529418945
ILO,V06_Pyramid,6,Train,11644.384741153137,10337.7998046875,0.5108577013015747,22.94292449951172
ILO,V06_Pyramid,6,Test,26564.218942028016,24685.109375,-2.750814914703369,55.754642486572266
ILO,V06_Pyramid,12,Train,11589.411029038534,9713.431640625,0.467862069606781,16.988811492919922
ILO,V06_Pyramid,12,Test,33951.97737982281,30287.42578125,-5.075673580169678,77.18795013427734
ILO,V07_DenseLSTM,3,Train,10751.497384085624,8939.0087890625,0.5634912252426147,19.780029296875
ILO,V07_DenseLSTM,3,Test,16335.204681913232,13003.8818359375,-0.41834115982055664,32.50109100341797
ILO,V07_DenseLSTM,6,Train,11954.727935005463,10832.3056640625,0.4844372868537903,24.804716110229492
ILO,V07_DenseLSTM,6,Test,34662.69556742522,33693.1484375,-5.386401653289795,72.52110290527344
ILO,V07_DenseLSTM,12,Train,11652.444207118093,9305.7890625,0.462057888507843,15.392525672912598
ILO,V07_DenseLSTM,12,Test,31008.41588988383,27397.03125,-4.067846775054932,70.29205322265625
ILO,V08_Lite,3,Train,11796.267884377668,8660.5673828125,0.47453439235687256,15.428143501281738
ILO,V08_Lite,3,Test,10783.731079733025,8799.455078125,0.38188445568084717,21.484981536865234
ILO,V08_Lite,6,Train,10415.140901591298,8600.0654296875,0.6086796522140503,16.620403289794922
ILO,V08_Lite,6,Test,17580.109669737558,14656.0888671875,-0.6427620649337769,35.815433502197266
ILO,V08_Lite,12,Train,11402.493411530655,8953.59375,0.48488861322402954,14.840218544006348
ILO,V08_Lite,12,Test,23886.72200198261,20143.134765625,-2.0073046684265137,53.25970458984375
ILO,V09_BiDeep,3,Train,9169.131256558607,7644.794921875,0.6825236082077026,16.409183502197266
ILO,V09_BiDeep,3,Test,15487.967975173502,12682.8017578125,-0.2750300168991089,31.09564208984375
ILO,V09_BiDeep,6,Train,9656.593602300969,8468.6103515625,0.6636046171188354,18.524038314819336
ILO,V09_BiDeep,6,Test,25048.762684012956,23579.21484375,-2.3350632190704346,52.67070388793945
ILO,V09_BiDeep,12,Train,10698.466806042818,9063.923828125,0.5465341806411743,16.254121780395508
ILO,V09_BiDeep,12,Test,33467.58479484291,30420.59765625,-4.903547286987305,76.46794891357422
ILO,V10_Mixed,3,Train,9142.60269288784,7690.80322265625,0.6843580007553101,16.601613998413086
ILO,V10_Mixed,3,Test,15216.325443417672,12406.3662109375,-0.2306969165802002,30.492359161376953
ILO,V10_Mixed,6,Train,9766.585073606844,8728.9658203125,0.6558977365493774,19.3164119720459
ILO,V10_Mixed,6,Test,26469.05997575282,25238.515625,-2.7239906787872314,55.616973876953125
ILO,V10_Mixed,12,Train,10963.831811916854,8622.412109375,0.5237596035003662,13.829290390014648
ILO,V10_Mixed,12,Test,27364.986680062535,24239.87109375,-2.946887731552124,62.071292877197266
PPS,V01_Simple,3,Train,8791.657409157844,6057.650390625,0.4139532446861267,15.565255165100098
PPS,V01_Simple,3,Test,10692.863788527375,9995.171875,0.15991097688674927,26.281654357910156
PPS,V01_Simple,6,Train,7622.625007174366,5805.11572265625,0.5477781295776367,15.997733116149902
PPS,V01_Simple,6,Test,14015.485721158579,9762.951171875,-0.4432898759841919,33.176517486572266
PPS,V01_Simple,12,Train,7955.1100558068965,6226.70458984375,0.5694069862365723,17.142810821533203
PPS,V01_Simple,12,Test,23727.414692713573,20463.474609375,-3.4610085487365723,67.52666473388672
PPS,V02_Deep,3,Train,8109.572861748022,6172.78173828125,0.5013604760169983,17.9599552154541
PPS,V02_Deep,3,Test,10462.718958282307,8356.3095703125,0.19568461179733276,25.983205795288086
PPS,V02_Deep,6,Train,8080.34429959516,6796.39453125,0.4918379783630371,20.268007278442383
PPS,V02_Deep,6,Test,16436.86101419611,12638.1962890625,-0.985066294670105,40.76231002807617
PPS,V02_Deep,12,Train,7891.671052445103,6079.2724609375,0.5762472152709961,16.6357479095459
PPS,V02_Deep,12,Test,24587.104262194032,21079.1953125,-3.790126323699951,69.83314514160156
PPS,V03_Wide,3,Train,7677.868193711064,5416.138671875,0.5530365109443665,14.777801513671875
PPS,V03_Wide,3,Test,10183.529054311182,7940.1669921875,0.23803704977035522,25.043415069580078
PPS,V03_Wide,6,Train,7346.548577393332,5713.68896484375,0.5799421072006226,16.100448608398438
PPS,V03_Wide,6,Test,17194.64195614436,13973.2255859375,-1.172318696975708,43.665218353271484
PPS,V03_Wide,12,Train,7876.159470198658,5727.25,0.577911376953125,14.726943016052246
PPS,V03_Wide,12,Test,23689.54807504778,20092.40625,-3.4467811584472656,66.98770141601562
PPS,V04_Triple,3,Train,8870.179254107552,6915.73974609375,0.40343809127807617,19.752685546875
PPS,V04_Triple,3,Test,10662.647326063074,9377.8642578125,0.16465216875076294,26.41180419921875
PPS,V04_Triple,6,Train,8367.157223334578,7180.51171875,0.4551231265068054,21.26342010498047
PPS,V04_Triple,6,Test,15896.880197070115,11663.7880859375,-0.8567825555801392,38.57545471191406
PPS,V04_Triple,12,Train,8887.762373061061,7242.69775390625,0.46252351999282837,21.145708084106445
PPS,V04_Triple,12,Test,26410.348274871347,22494.46875,-4.526885509490967,74.87448120117188
PPS,V05_Bidir,3,Train,7690.009622880845,5639.34033203125,0.5516217947006226,15.749238014221191
PPS,V05_Bidir,3,Test,9568.063962996903,8231.3662109375,0.3273558020591736,23.887239456176758
PPS,V05_Bidir,6,Train,7843.591014325008,6352.34033203125,0.5211799144744873,18.643634796142578
PPS,V05_Bidir,6,Test,14697.566057004133,10705.0185546875,-0.5871870517730713,35.50838088989258
PPS,V05_Bidir,12,Train,7678.108881749464,6098.90234375,0.5988718271255493,16.577239990234375
PPS,V05_Bidir,12,Test,24968.35116702743,21842.470703125,-3.939828872680664,71.38551330566406
PPS,V06_Pyramid,3,Train,8731.83096492368,6806.2626953125,0.4219021201133728,19.668275833129883
PPS,V06_Pyramid,3,Test,10596.208000978464,9100.1982421875,0.1750299334526062,26.43831443786621
PPS,V06_Pyramid,6,Train,8286.623437806258,7074.83447265625,0.46556156873703003,20.821775436401367
PPS,V06_Pyramid,6,Test,15849.225596223936,11558.853515625,-0.8456670045852661,38.34953689575195
PPS,V06_Pyramid,12,Train,8401.591753947581,6682.01708984375,0.5197163820266724,18.88115119934082
PPS,V06_Pyramid,12,Test,25862.642711061064,21856.35546875,-4.300025939941406,73.08321380615234
PPS,V07_DenseLSTM,3,Train,8186.068164876225,6556.45263671875,0.49190908670425415,19.697235107421875
PPS,V07_DenseLSTM,3,Test,11049.488675952385,8003.27587890625,0.10293972492218018,26.389461517333984
PPS,V07_DenseLSTM,6,Train,8169.101541785363,7200.03125,0.48061299324035645,22.05172348022461
PPS,V07_DenseLSTM,6,Test,22037.188931440418,19603.958984375,-2.5682036876678467,57.81106185913086
PPS,V07_DenseLSTM,12,Train,7828.55414492357,5846.1142578125,0.5829983949661255,15.573622703552246
PPS,V07_DenseLSTM,12,Test,24389.289452544534,20815.83984375,-3.7133588790893555,69.1461181640625
PPS,V08_Lite,3,Train,9584.886019144933,6629.31298828125,0.3034301996231079,16.791837692260742
PPS,V08_Lite,3,Test,12122.473674955949,11599.375,-0.07974135875701904,28.10139274597168
PPS,V08_Lite,6,Train,9481.608302392586,6913.759765625,0.3003086447715759,17.189638137817383
PPS,V08_Lite,6,Test,11346.66576576573,9246.607421875,0.05403780937194824,28.098037719726562
PPS,V08_Lite,12,Train,8215.923076562975,6415.7216796875,0.5407096147537231,17.919382095336914
PPS,V08_Lite,12,Test,20533.85263412592,16840.037109375,-2.3409738540649414,57.24674987792969
PPS,V09_BiDeep,3,Train,7373.945483931923,5770.34814453125,0.587721586227417,16.926485061645508
PPS,V09_BiDeep,3,Test,10076.599029434485,7478.8369140625,0.2539547085762024,24.24085235595703
PPS,V09_BiDeep,6,Train,7473.677274274024,6278.59228515625,0.5652784705162048,18.639373779296875
PPS,V09_BiDeep,6,Test,17020.429136775605,14011.013671875,-1.1285226345062256,43.40422821044922
PPS,V09_BiDeep,12,Train,7769.812352946498,5833.8818359375,0.5892329216003418,15.794780731201172
PPS,V09_BiDeep,12,Test,23201.012391703945,19545.884765625,-3.265265464782715,65.44862365722656
PPS,V10_Mixed,3,Train,7345.869587734321,5985.03125,0.5908551216125488,17.970848083496094
PPS,V10_Mixed,3,Test,11235.156963745545,8104.2724609375,0.07253921031951904,26.87481689453125
PPS,V10_Mixed,6,Train,7741.083386710157,6725.697265625,0.5336135029792786,20.250125885009766
PPS,V10_Mixed,6,Test,18578.230701549597,16110.90625,-1.5359807014465332,48.2728271484375
PPS,V10_Mixed,12,Train,7551.113030540597,5447.564453125,0.6120314598083496,14.112678527832031
PPS,V10_Mixed,12,Test,20226.873213623505,16948.00390625,-2.241825819015503,56.85719680786133
CGY,V01_Simple,3,Train,5666.934444653476,4508.52880859375,0.21013838052749634,12.874001502990723
CGY,V01_Simple,3,Test,15154.83658770361,12297.810546875,0.048507750034332275,322.6158752441406
CGY,V01_Simple,6,Train,5344.4604966263905,4340.18359375,0.31981074810028076,13.00156307220459
CGY,V01_Simple,6,Test,16293.20840104858,10372.1875,-0.09980571269989014,367.50518798828125
CGY,V01_Simple,12,Train,5206.032846611708,3871.207763671875,0.43314290046691895,11.76354694366455
CGY,V01_Simple,12,Test,22552.229867576287,14588.552734375,-0.7442911863327026,590.5089111328125
CGY,V02_Deep,3,Train,5146.895957759395,4007.064208984375,0.34845346212387085,11.921148300170898
CGY,V02_Deep,3,Test,15444.099973776394,11201.986328125,0.011838376522064209,340.1863708496094
CGY,V02_Deep,6,Train,5143.785959777098,4044.83984375,0.3699314594268799,12.647181510925293
CGY,V02_Deep,6,Test,17438.53480083691,9293.8173828125,-0.2598613500595093,390.1756896972656
CGY,V02_Deep,12,Train,5247.454621052001,3996.55029296875,0.42408663034439087,11.908129692077637
CGY,V02_Deep,12,Test,22763.149869910358,14757.884765625,-0.7770707607269287,595.9646606445312
CGY,V03_Wide,3,Train,5057.708769788945,3868.648193359375,0.3708382844924927,11.7466402053833
CGY,V03_Wide,3,Test,15695.980631996206,10859.4619140625,-0.020656704902648926,347.88525390625
CGY,V03_Wide,6,Train,5123.847577748581,4071.302734375,0.37480658292770386,12.842507362365723
CGY,V03_Wide,6,Test,17973.852119120154,9612.0087890625,-0.33839738368988037,400.4042053222656
CGY,V03_Wide,12,Train,5330.407864319577,4089.970703125,0.40573424100875854,12.060184478759766
CGY,V03_Wide,12,Test,22299.516048560337,14302.521484375,-0.7054182291030884,585.73486328125
CGY,V04_Triple,3,Train,5473.172571735702,4352.48193359375,0.2632283568382263,12.806032180786133
CGY,V04_Triple,3,Test,15498.173827906307,11981.875,0.004906713962554932,337.1986083984375
CGY,V04_Triple,6,Train,5493.490875572654,4383.20556640625,0.2813476324081421,13.541237831115723
CGY,V04_Triple,6,Test,16791.225327533426,10067.0458984375,-0.1680663824081421,380.3091735839844
CGY,V04_Triple,12,Train,5684.028676915696,4085.21728515625,0.32427138090133667,12.642605781555176
CGY,V04_Triple,12,Test,23016.37469281381,14817.396484375,-0.8168281316757202,604.7025756835938
CGY,V05_Bidir,3,Train,5028.890732557231,3947.58935546875,0.3779876232147217,11.698100090026855
CGY,V05_Bidir,3,Test,14822.58223117686,11117.5244140625,0.0897713303565979,323.3382568359375
CGY,V05_Bidir,6,Train,4837.471240224587,3846.020263671875,0.44273877143859863,11.945940971374512
CGY,V05_Bidir,6,Test,16846.502307600826,9325.5380859375,-0.17576968669891357,374.3126220703125
CGY,V05_Bidir,12,Train,5177.997682502379,3930.03515625,0.43923163414001465,11.692490577697754
CGY,V05_Bidir,12,Test,22036.64947309368,14192.5283203125,-0.6654481887817383,577.3068237304688
CGY,V06_Pyramid,3,Train,5523.916002257819,4407.58740234375,0.24950331449508667,12.980514526367188
CGY,V06_Pyramid,3,Test,15494.191944080207,12102.857421875,0.005417943000793457,336.0901184082031
CGY,V06_Pyramid,6,Train,5495.3342027578265,4418.20751953125,0.28086531162261963,13.50890827178955
CGY,V06_Pyramid,6,Test,16683.620710145624,10187.9765625,-0.1531435251235962,377.96514892578125
CGY,V06_Pyramid,12,Train,5700.342445853582,3978.13330078125,0.32038694620132446,12.564595222473145
CGY,V06_Pyramid,12,Test,23698.784441401207,15555.859375,-0.9261590242385864,619.6248168945312
CGY,V07_DenseLSTM,3,Train,5035.22968691598,4030.236572265625,0.3764185309410095,12.664799690246582
CGY,V07_DenseLSTM,3,Test,16369.004368012123,9850.8837890625,-0.1100621223449707,363.1761779785156
CGY,V07_DenseLSTM,6,Train,5362.094180448531,4257.70947265625,0.3153148889541626,13.761459350585938
CGY,V07_DenseLSTM,6,Test,18992.944374161685,11284.8876953125,-0.494470477104187,421.0483093261719
CGY,V07_DenseLSTM,12,Train,5218.174968319862,3971.337158203125,0.43049561977386475,11.859960556030273
CGY,V07_DenseLSTM,12,Test,22827.148047883686,14826.818359375,-0.7870771884918213,597.1656494140625
CGY,V08_Lite,3,Train,5155.789561260234,4056.646484375,0.3461998701095581,11.853902816772461
CGY,V08_Lite,3,Test,14849.621678682592,11327.1181640625,0.08644741773605347,322.6390380859375
CGY,V08_Lite,6,Train,5370.95987696799,4370.63916015625,0.3130488395690918,12.984533309936523
CGY,V08_Lite,6,Test,15776.48782207244,10745.943359375,-0.03115367889404297,353.8394775390625
CGY,V08_Lite,12,Train,4955.144801113283,3735.074951171875,0.4864620566368103,11.357437133789062
CGY,V08_Lite,12,Test,21478.341835439718,13840.833984375,-0.582127571105957,561.508056640625
CGY,V09_BiDeep,3,Train,4886.769075780029,3769.832763671875,0.4126482605934143,11.324878692626953
CGY,V09_BiDeep,3,Test,14952.043873664898,10712.7412109375,0.0738019347190857,328.50042724609375
CGY,V09_BiDeep,6,Train,4904.799282335619,3936.9765625,0.4271188974380493,12.44027328491211
CGY,V09_BiDeep,6,Test,17335.743422189887,9472.9677734375,-0.24505257606506348,384.0811462402344
CGY,V09_BiDeep,12,Train,5173.720904726114,3817.798095703125,0.44015759229660034,11.596117973327637
CGY,V09_BiDeep,12,Test,22315.964509740556,14428.546875,-0.7079349756240845,584.11962890625
CGY,V10_Mixed,3,Train,4753.632505779133,3635.248779296875,0.444216251373291,11.090813636779785
CGY,V10_Mixed,3,Test,15019.00928823203,10276.8193359375,0.0654870867729187,330.9010009765625
CGY,V10_Mixed,6,Train,4842.838836880699,3949.1875,0.4415014386177063,12.41028118133545
CGY,V10_Mixed,6,Test,17705.970970268758,9851.5400390625,-0.29879987239837646,390.518798828125
CGY,V10_Mixed,12,Train,4892.247540752614,3814.84130859375,0.4994163513183594,11.316758155822754
CGY,V10_Mixed,12,Test,21534.395185377274,13964.033203125,-0.5903962850570679,561.5013427734375
BCD,V01_Simple,3,Train,3611.2976891970566,2850.31982421875,0.27602338790893555,8.995965003967285
BCD,V01_Simple,3,Test,7446.65079079179,5239.7080078125,-0.07323050498962402,22.83721351623535
BCD,V01_Simple,6,Train,4046.3143723640655,3031.0634765625,0.11132574081420898,9.863215446472168
BCD,V01_Simple,6,Test,9704.77696807093,7516.86279296875,-0.8228131532669067,31.383529663085938
BCD,V01_Simple,12,Train,3564.9367455818906,2905.5517578125,0.25400298833847046,8.735860824584961
BCD,V01_Simple,12,Test,11472.281725968902,9232.931640625,-1.74483323097229,40.91759490966797
BCD,V02_Deep,3,Train,4118.399689199678,3142.444091796875,0.058424949645996094,10.347587585449219
BCD,V02_Deep,3,Test,9015.311863712757,6976.63427734375,-0.5730139017105103,29.086118698120117
BCD,V02_Deep,6,Train,4307.533865218009,3147.005126953125,-0.007118940353393555,10.393953323364258
BCD,V02_Deep,6,Test,10753.102994019911,8681.1767578125,-1.2378895282745361,35.54071807861328
BCD,V02_Deep,12,Train,3572.226056676705,2914.388916015625,0.2509491443634033,8.719362258911133
BCD,V02_Deep,12,Test,11507.779629450679,9289.474609375,-1.7618458271026611,41.10786819458008
BCD,V03_Wide,3,Train,3770.0180370921303,2916.4931640625,0.21098577976226807,9.416438102722168
BCD,V03_Wide,3,Test,8154.364966077984,6210.31591796875,-0.28691935539245605,26.1286678314209
BCD,V03_Wide,6,Train,4053.8427448533325,3058.736083984375,0.10801577568054199,9.910659790039062
BCD,V03_Wide,6,Test,10036.988791465297,8092.87841796875,-0.9497455358505249,33.12528991699219
BCD,V03_Wide,12,Train,3502.1703270971843,2848.164306640625,0.2800406813621521,8.554174423217773
BCD,V03_Wide,12,Test,11910.161040053154,9834.708984375,-1.9583642482757568,43.044044494628906
BCD,V04_Triple,3,Train,4244.463688147184,3282.127197265625,-0.0001004934310913086,10.83813762664795
BCD,V04_Triple,3,Test,9243.4114914354,7070.17529296875,-0.653619647026062,29.68401527404785
BCD,V04_Triple,6,Train,4951.269938106789,3685.455078125,-0.33062779903411865,12.24789810180664
BCD,V04_Triple,6,Test,11888.368096589204,9878.248046875,-1.7353665828704834,39.864566802978516
BCD,V04_Triple,12,Train,3693.35592652536,2948.281494140625,0.19928902387619019,9.060080528259277
BCD,V04_Triple,12,Test,12337.365683159433,10051.3271484375,-2.1743969917297363,44.29789352416992
BCD,V05_Bidir,3,Train,3824.685215805348,2985.374755859375,0.1879376769065857,9.6585054397583
BCD,V05_Bidir,3,Test,7685.2737101550265,5667.8076171875,-0.14311444759368896,24.17673110961914
BCD,V05_Bidir,6,Train,3991.542433696528,3041.5009765625,0.13522154092788696,9.80590534210205
BCD,V05_Bidir,6,Test,9423.337413040032,7266.19873046875,-0.7186226844787598,30.391311645507812
BCD,V05_Bidir,12,Train,3582.3961255003614,2958.98193359375,0.24667805433273315,8.803107261657715
BCD,V05_Bidir,12,Test,11043.481697363382,8859.103515625,-1.543480396270752,39.30224609375
BCD,V06_Pyramid,3,Train,4268.352141049283,3298.6279296875,-0.011389493942260742,10.880672454833984
BCD,V06_Pyramid,3,Test,9432.667067166105,7328.30810546875,-0.7220273017883301,30.49829864501953
BCD,V06_Pyramid,6,Train,4823.6940201468005,3563.583984375,-0.2629404067993164,11.84898567199707
BCD,V06_Pyramid,6,Test,11758.342060001487,9728.494140625,-1.6758592128753662,39.34677505493164
BCD,V06_Pyramid,12,Train,3694.9840324418183,3003.593994140625,0.1985829472541809,9.09294319152832
BCD,V06_Pyramid,12,Test,11840.563500104208,9436.576171875,-1.9238908290863037,42.02617645263672
BCD,V07_DenseLSTM,3,Train,4123.861297376526,3151.4912109375,0.05592590570449829,10.380929946899414
BCD,V07_DenseLSTM,3,Test,9009.285876250126,6957.3271484375,-0.5709117650985718,29.04084587097168
BCD,V07_DenseLSTM,6,Train,4247.68996043732,3096.163330078125,0.020670175552368164,10.209512710571289
BCD,V07_DenseLSTM,6,Test,10616.1122827521,8533.7978515625,-1.1812329292297363,35.01026916503906
BCD,V07_DenseLSTM,12,Train,3585.7600310115567,2930.71337890625,0.24526256322860718,8.745285987854004
BCD,V07_DenseLSTM,12,Test,11663.29215959199,9449.283203125,-1.8369958400726318,41.74402618408203
BCD,V08_Lite,3,Train,3625.349638310766,2868.44482421875,0.2703782916069031,9.088187217712402
BCD,V08_Lite,3,Test,7381.601181315609,5101.5498046875,-0.05456221103668213,22.395206451416016
BCD,V08_Lite,6,Train,4125.182420208833,3051.158447265625,0.07634526491165161,9.990409851074219
BCD,V08_Lite,6,Test,9983.570102924105,7902.10986328125,-0.9290468692779541,32.649658203125
BCD,V08_Lite,12,Train,3436.105644476025,2791.85400390625,0.3069469928741455,8.44146728515625
BCD,V08_Lite,12,Test,10624.771809314307,8680.013671875,-1.3542664051055908,38.153228759765625
BCD,V09_BiDeep,3,Train,4029.5055527942877,3079.763916015625,0.09863334894180298,10.067109107971191
BCD,V09_BiDeep,3,Test,8166.45210602499,6278.24853515625,-0.2907373905181885,26.190185546875
BCD,V09_BiDeep,6,Train,3958.843391699146,3051.704345703125,0.1493321657180786,9.806609153747559
BCD,V09_BiDeep,6,Test,9231.016412075109,6991.87744140625,-0.6491878032684326,29.483238220214844
BCD,V09_BiDeep,12,Train,3707.3930193601,3089.81103515625,0.1931910514831543,9.062309265136719
BCD,V09_BiDeep,12,Test,10905.355014853942,8513.341796875,-1.4802532196044922,38.270687103271484
BCD,V10_Mixed,3,Train,4144.539057603391,3136.3388671875,0.04643470048904419,10.287528038024902
BCD,V10_Mixed,3,Test,8384.195608405138,6615.31494140625,-0.360485315322876,27.24238395690918
BCD,V10_Mixed,6,Train,3956.7022885226024,3058.632568359375,0.15025204420089722,9.81635570526123
BCD,V10_Mixed,6,Test,8920.506712065184,6693.09619140625,-0.5401042699813843,28.335105895996094
BCD,V10_Mixed,12,Train,3524.820137255233,2935.389892578125,0.2706981301307678,8.681242942810059
BCD,V10_Mixed,12,Test,10322.906179947582,8268.158203125,-1.2223904132843018,36.689918518066406
GES,V01_Simple,3,Train,4941.577885655553,3932.142822265625,0.3797048330307007,13.628623008728027
GES,V01_Simple,3,Test,8160.9504348451965,6284.48046875,0.04137158393859863,38.43925857543945
GES,V01_Simple,6,Train,4895.976102882856,4006.137939453125,0.44485610723495483,14.769994735717773
GES,V01_Simple,6,Test,11697.557351857695,9864.8095703125,-0.9695144891738892,57.16029357910156
GES,V01_Simple,12,Train,5225.258271128806,4247.9423828125,0.2979796528816223,13.812698364257812
GES,V01_Simple,12,Test,16170.388739915934,14268.7529296875,-3.4651832580566406,89.5831298828125
GES,V02_Deep,3,Train,4589.109063859782,3700.772216796875,0.46503686904907227,13.812929153442383
GES,V02_Deep,3,Test,9471.710721934027,7671.6708984375,-0.2912956476211548,45.73439025878906
GES,V02_Deep,6,Train,5241.745510800768,4198.97607421875,0.36367517709732056,16.813440322875977
GES,V02_Deep,6,Test,14793.98634580957,13570.3017578125,-2.150207996368408,73.25719451904297
GES,V02_Deep,12,Train,4914.277159460992,3840.71875,0.37905454635620117,12.936819076538086
GES,V02_Deep,12,Test,17230.58118578709,15591.0859375,-4.069886207580566,95.87319946289062
GES,V03_Wide,3,Train,4599.077733633125,3636.102783203125,0.4627102017402649,13.06737995147705
GES,V03_Wide,3,Test,8801.92069948372,6981.69189453125,-0.11512553691864014,42.13166046142578
GES,V03_Wide,6,Train,4667.763704387788,3780.623291015625,0.4954029321670532,14.667980194091797
GES,V03_Wide,6,Test,13287.232367953831,11999.3125,-1.5411944389343262,65.41893768310547
GES,V03_Wide,12,Train,5148.9899980481605,4136.0341796875,0.31832361221313477,13.4824857711792
GES,V03_Wide,12,Test,16859.058099431295,15143.404296875,-3.8536109924316406,93.7131118774414
GES,V04_Triple,3,Train,5018.609767654783,4105.70654296875,0.3602151870727539,15.009085655212402
GES,V04_Triple,3,Test,9148.080017140208,7051.73095703125,-0.20456087589263916,43.454341888427734
GES,V04_Triple,6,Train,5420.829456826695,4434.62060546875,0.3194524645805359,17.238359451293945
GES,V04_Triple,6,Test,13526.583604147796,11878.796875,-1.6335711479187012,66.84889221191406
GES,V04_Triple,12,Train,5106.899059116011,4149.39111328125,0.3294229507446289,14.24735164642334
GES,V04_Triple,12,Test,17438.673344036237,15574.0576171875,-4.193082809448242,96.8368911743164
GES,V05_Bidir,3,Train,4478.775055749061,3571.384765625,0.490451455116272,13.019021987915039
GES,V05_Bidir,3,Test,8497.504104147289,6781.8681640625,-0.039325594902038574,40.53524398803711
GES,V05_Bidir,6,Train,4839.329499011201,3897.836669921875,0.45762789249420166,15.289090156555176
GES,V05_Bidir,6,Test,12625.414369437543,11099.4521484375,-1.2943522930145264,61.999481201171875
GES,V05_Bidir,12,Train,5222.084832708101,4301.51611328125,0.2988321781158447,13.810722351074219
GES,V05_Bidir,12,Test,14907.216507450343,13060.509765625,-2.7948224544525146,82.42642211914062
GES,V06_Pyramid,3,Train,4919.520505089901,4026.654052734375,0.38523000478744507,15.05532455444336
GES,V06_Pyramid,3,Test,9587.18561414141,7606.09375,-0.322973370552063,46.132652282714844
GES,V06_Pyramid,6,Train,5241.795684686689,4316.92822265625,0.3636630177497864,16.267772674560547
GES,V06_Pyramid,6,Test,12639.53353569664,10845.220703125,-1.2994866371154785,62.153751373291016
GES,V06_Pyramid,12,Train,5117.000879421461,4117.03369140625,0.3267674446105957,13.810624122619629
GES,V06_Pyramid,12,Test,17524.425011965443,15646.4970703125,-4.2442803382873535,97.30632019042969
GES,V07_DenseLSTM,3,Train,4891.672924470728,4045.229736328125,0.3921703100204468,15.723437309265137
GES,V07_DenseLSTM,3,Test,10733.384554743205,8854.53125,-0.6582201719284058,51.87240219116211
GES,V07_DenseLSTM,6,Train,5501.669564777587,4425.81640625,0.2990032434463501,17.90019416809082
GES,V07_DenseLSTM,6,Test,15440.755940043868,14286.4873046875,-2.431673526763916,76.46621704101562
GES,V07_DenseLSTM,12,Train,4983.080573300014,3961.40478515625,0.36154550313949585,13.076964378356934
GES,V07_DenseLSTM,12,Test,16260.73307080588,14590.884765625,-3.515216827392578,90.352783203125
GES,V08_Lite,3,Train,5094.8269843047665,4015.7412109375,0.34063488245010376,13.617612838745117
GES,V08_Lite,3,Test,7841.5059778080895,5982.89501953125,0.11495006084442139,36.53325271606445
GES,V08_Lite,6,Train,4866.449218886394,3970.825927734375,0.45153188705444336,14.56180191040039
GES,V08_Lite,6,Test,10780.379214109307,8852.279296875,-0.6727725267410278,52.260101318359375
GES,V08_Lite,12,Train,4913.081721282479,3853.227294921875,0.37935662269592285,12.831719398498535
GES,V08_Lite,12,Test,15627.393384694711,13955.990234375,-3.170340061187744,86.74114227294922
GES,V09_BiDeep,3,Train,4456.928538803377,3581.302734375,0.4954102635383606,13.556689262390137
GES,V09_BiDeep,3,Test,9195.667675595938,7567.8271484375,-0.21712541580200195,44.38766098022461
GES,V09_BiDeep,6,Train,5123.382281266937,4161.41455078125,0.39208829402923584,16.64860725402832
GES,V09_BiDeep,6,Test,13975.923869283204,12727.0078125,-1.8114469051361084,68.81873321533203
GES,V09_BiDeep,12,Train,5132.036437906497,4230.8251953125,0.32280516624450684,13.634267807006836
GES,V09_BiDeep,12,Test,14494.902828235863,12663.400390625,-2.587806224822998,80.07262420654297
GES,V10_Mixed,3,Train,4463.735879283182,3594.171875,0.4938676953315735,13.768312454223633
GES,V10_Mixed,3,Test,9539.027623400616,7940.09716796875,-0.30971574783325195,46.06325149536133
GES,V10_Mixed,6,Train,5260.223569393225,4252.62841796875,0.3591809868812561,17.106098175048828
GES,V10_Mixed,6,Test,14271.955156880224,13086.3740234375,-1.931809663772583,70.1884765625
GES,V10_Mixed,12,Train,5205.70187390711,4305.99853515625,0.30322474241256714,13.792768478393555
GES,V10_Mixed,12,Test,14531.993393887846,12734.2998046875,-2.6061911582946777,80.33792114257812
TAG,V01_Simple,3,Train,3360.1486574257397,2476.984375,0.40566426515579224,10.571935653686523
TAG,V01_Simple,3,Test,6168.449724201373,5271.71630859375,0.17920690774917603,22.36737823486328
TAG,V01_Simple,6,Train,3842.690073373079,3222.5087890625,0.2778478264808655,14.610288619995117
TAG,V01_Simple,6,Test,9126.950859953175,7558.91748046875,-0.7969378232955933,35.510498046875
TAG,V01_Simple,12,Train,3558.209381135405,2934.101318359375,0.525963306427002,12.436537742614746
TAG,V01_Simple,12,Test,11490.32636612207,10255.9716796875,-3.7803406715393066,50.29939270019531
TAG,V02_Deep,3,Train,3772.491616955563,3216.754638671875,0.25084543228149414,14.363999366760254
TAG,V02_Deep,3,Test,7322.996381263615,6471.06787109375,-0.15680265426635742,29.008024215698242
TAG,V02_Deep,6,Train,3706.589267777049,3047.079833984375,0.3280964493751526,13.71817398071289
TAG,V02_Deep,6,Test,9359.681618516732,7728.58935546875,-0.8897475004196167,36.36327362060547
TAG,V02_Deep,12,Train,3633.453866502229,2969.166259765625,0.5057026743888855,12.502762794494629
TAG,V02_Deep,12,Test,11419.907530273615,10009.2080078125,-3.7219271659851074,49.533382415771484
TAG,V03_Wide,3,Train,3449.850721408102,2782.056640625,0.373508095741272,12.210326194763184
TAG,V03_Wide,3,Test,6935.004830567892,6184.09814453125,-0.03746902942657471,27.374649047851562
TAG,V03_Wide,6,Train,3832.7706688504077,3222.8505859375,0.28157126903533936,14.508344650268555
TAG,V03_Wide,6,Test,9989.902502026735,8141.5751953125,-1.1528022289276123,38.54094314575195
TAG,V03_Wide,12,Train,3521.760923174655,2903.5439453125,0.535625159740448,12.268134117126465
TAG,V03_Wide,12,Test,12211.371749316291,10932.6806640625,-4.399120330810547,53.517578125
TAG,V04_Triple,3,Train,4355.595940855855,3799.1826171875,0.0013574957847595215,17.24472999572754
TAG,V04_Triple,3,Test,7616.94873292449,6592.2578125,-0.2515369653701782,29.919544219970703
TAG,V04_Triple,6,Train,4992.353953797748,4255.38330078125,-0.2189018726348877,19.651611328125
TAG,V04_Triple,6,Test,10299.511056356025,8293.98828125,-1.2883098125457764,39.492340087890625
TAG,V04_Triple,12,Train,4423.514892028736,3326.874267578125,0.2673712968826294,14.611527442932129
TAG,V04_Triple,12,Test,11451.14631816396,9851.29296875,-3.747796058654785,49.17708206176758
TAG,V05_Bidir,3,Train,3319.9914156515524,2700.658203125,0.41978520154953003,12.0009183883667
TAG,V05_Bidir,3,Test,6429.148932790405,5785.97314453125,0.10836189985275269,25.418880462646484
TAG,V05_Bidir,6,Train,3593.6450854251034,2961.793701171875,0.36841994524002075,13.328409194946289
TAG,V05_Bidir,6,Test,8542.24935248322,7152.76416015625,-0.5740774869918823,33.39240646362305
TAG,V05_Bidir,12,Train,3469.4163774329536,2862.516845703125,0.5493267774581909,11.846165657043457
TAG,V05_Bidir,12,Test,11155.477219733812,9792.8486328125,-3.5057849884033203,48.432594299316406
TAG,V06_Pyramid,3,Train,4347.497671074707,3815.428466796875,0.005067586898803711,17.258434295654297
TAG,V06_Pyramid,3,Test,7788.649690414893,6738.02099609375,-0.3085970878601074,30.62224769592285
TAG,V06_Pyramid,6,Train,4422.822854241395,3702.794921875,0.04334104061126709,17.041051864624023
TAG,V06_Pyramid,6,Test,9760.954051730803,7960.26806640625,-1.0552570819854736,37.6816520690918
TAG,V06_Pyramid,12,Train,4695.537455925572,3528.64599609375,0.17449527978897095,15.815671920776367
TAG,V06_Pyramid,12,Test,13208.435486460916,11811.4609375,-5.316796779632568,57.835304260253906
TAG,V07_DenseLSTM,3,Train,3780.960327747436,3194.1923828125,0.247478187084198,14.324277877807617
TAG,V07_DenseLSTM,3,Test,7187.925152643146,6338.39892578125,-0.11452221870422363,28.376949310302734
TAG,V07_DenseLSTM,6,Train,3803.014988137701,3169.777099609375,0.2926830053329468,14.31418514251709
TAG,V07_DenseLSTM,6,Test,9537.610602242052,7839.58056640625,-0.962279200553894,36.97563934326172
TAG,V07_DenseLSTM,12,Train,3637.3363880730085,2973.275146484375,0.5046457648277283,12.53024673461914
TAG,V07_DenseLSTM,12,Test,11723.295782330155,10300.4609375,-3.976151466369629,50.907527923583984
TAG,V08_Lite,3,Train,3306.019358685003,2416.470458984375,0.4246585965156555,10.388835906982422
TAG,V08_Lite,3,Test,6131.077882395558,5219.5947265625,0.18912243843078613,22.318740844726562
TAG,V08_Lite,6,Train,3716.7288036659334,2975.104736328125,0.32441532611846924,13.507797241210938
TAG,V08_Lite,6,Test,8172.778719627738,6829.64599609375,-0.44085776805877686,31.719022750854492
TAG,V08_Lite,12,Train,4479.991741063815,3475.954345703125,0.24854427576065063,15.301863670349121
TAG,V08_Lite,12,Test,12301.8112487552,10768.7607421875,-4.4793901443481445,53.29195785522461
TAG,V09_BiDeep,3,Train,3481.5446284659342,2948.28564453125,0.3619440197944641,13.127639770507812
TAG,V09_BiDeep,3,Test,6768.08067327806,6079.7060546875,0.011873185634613037,26.983768463134766
TAG,V09_BiDeep,6,Train,3976.640416230766,3404.299072265625,0.2266240119934082,15.422897338867188
TAG,V09_BiDeep,6,Test,9392.398202802095,7731.24365234375,-0.9029817581176758,36.393280029296875
TAG,V09_BiDeep,12,Train,3689.483432677263,3012.022216796875,0.49034053087234497,12.848600387573242
TAG,V09_BiDeep,12,Test,11396.084239772888,10116.033203125,-3.702247142791748,49.7549934387207
TAG,V10_Mixed,3,Train,3223.117435030874,2577.99072265625,0.4531514048576355,11.344266891479492
TAG,V10_Mixed,3,Test,6405.598176595219,5788.5380859375,0.11488229036331177,25.386943817138672
TAG,V10_Mixed,6,Train,3725.0702006807874,3146.6552734375,0.32137954235076904,14.186261177062988
TAG,V10_Mixed,6,Test,8742.430783254735,7303.0478515625,-0.6487165689468384,34.11837387084961
TAG,V10_Mixed,12,Train,3237.8621033021154,2684.852294921875,0.6074764728546143,10.847125053405762
TAG,V10_Mixed,12,Test,10479.584724596676,9258.4033203125,-2.9763288497924805,45.64762878417969
TAC,V01_Simple,3,Train,2538.2445705644677,1940.8868408203125,0.349239706993103,8.95392894744873
TAC,V01_Simple,3,Test,2665.4951697573943,2187.560302734375,-0.6644467115402222,9.256348609924316
TAC,V01_Simple,6,Train,2201.3626461807694,1586.9205322265625,0.2922956347465515,6.841904640197754
TAC,V01_Simple,6,Test,2609.6683697358944,2087.250244140625,-0.5954557657241821,9.099875450134277
TAC,V01_Simple,12,Train,2853.619193235145,2482.71435546875,-1.353912591934204,9.876008033752441
TAC,V01_Simple,12,Test,1935.5369410062935,1791.169921875,0.013078391551971436,7.537339687347412
TAC,V02_Deep,3,Train,2620.786332381944,2039.65185546875,0.3062271475791931,9.403059005737305
TAC,V02_Deep,3,Test,2730.7271925258297,2372.397705078125,-0.746910810470581,9.96280574798584
TAC,V02_Deep,6,Train,2146.7676865464505,1496.9788818359375,0.3269631862640381,6.398437976837158
TAC,V02_Deep,6,Test,2453.485072300217,1997.757568359375,-0.410200834274292,8.688186645507812
TAC,V02_Deep,12,Train,2458.4569347458582,2016.042236328125,-0.747123122215271,8.014708518981934
TAC,V02_Deep,12,Test,2178.6325986728466,2029.548095703125,-0.2503964900970459,8.772558212280273
TAC,V03_Wide,3,Train,2699.814345468962,2113.114501953125,0.26375579833984375,9.709903717041016
TAC,V03_Wide,3,Test,2840.361684715522,2442.572509765625,-0.889998197555542,10.282186508178711
TAC,V03_Wide,6,Train,2266.0971956207,1625.0592041015625,0.2500612735748291,6.956740379333496
TAC,V03_Wide,6,Test,2326.902017705086,1912.847900390625,-0.2684410810470581,8.296646118164062
TAC,V03_Wide,12,Train,2458.339785302268,2005.0687255859375,-0.7469565868377686,8.015599250793457
TAC,V03_Wide,12,Test,2434.337384176647,2162.132080078125,-0.5611379146575928,9.469741821289062
TAC,V04_Triple,3,Train,2925.739393725969,2319.3466796875,0.13537979125976562,10.954852104187012
TAC,V04_Triple,3,Test,3089.025088923688,2596.23193359375,-1.2354087829589844,11.154350280761719
TAC,V04_Triple,6,Train,2134.490571541603,1632.99609375,0.33463919162750244,7.07942008972168
TAC,V04_Triple,6,Test,2803.737327211663,2334.464599609375,-0.8415721654891968,10.119497299194336
TAC,V04_Triple,12,Train,2318.379390867681,1844.137451171875,-0.5537006855010986,7.333628177642822
TAC,V04_Triple,12,Test,2384.6450469619163,2176.032470703125,-0.4980531930923462,9.481308937072754
TAC,V05_Bidir,3,Train,2452.4626398785363,1834.4381103515625,0.39248234033584595,8.290667533874512
TAC,V05_Bidir,3,Test,2484.0494157725607,1913.4874267578125,-0.44555485248565674,7.944991588592529
TAC,V05_Bidir,6,Train,2220.1626066574495,1588.1412353515625,0.2801561951637268,6.790628433227539
TAC,V05_Bidir,6,Test,2313.9361486436915,1915.9754638671875,-0.2543445825576782,8.279708862304688
TAC,V05_Bidir,12,Train,2884.837777068236,2485.90673828125,-1.4056980609893799,9.925625801086426
TAC,V05_Bidir,12,Test,2147.283167167293,2067.989501953125,-0.21467018127441406,8.840649604797363
TAC,V06_Pyramid,3,Train,2679.3591584556184,2094.25341796875,0.2748698592185974,9.693164825439453
TAC,V06_Pyramid,3,Test,2794.620993981116,2501.771728515625,-0.8296159505844116,10.502318382263184
TAC,V06_Pyramid,6,Train,2103.6955578219963,1608.0394287109375,0.3536995053291321,6.979946136474609
TAC,V06_Pyramid,6,Test,2630.501283025728,2148.118896484375,-0.621030330657959,9.343988418579102
TAC,V06_Pyramid,12,Train,2288.2305390847314,1809.8402099609375,-0.5135537385940552,7.1828813552856445
TAC,V06_Pyramid,12,Test,2339.3069486495356,2148.80712890625,-0.4416310787200928,9.346609115600586
TAC,V07_DenseLSTM,3,Train,2677.189010884364,2100.593994140625,0.27604401111602783,9.713168144226074
TAC,V07_DenseLSTM,3,Test,2845.470874916839,2446.52001953125,-0.8968037366867065,10.344647407531738
TAC,V07_DenseLSTM,6,Train,2200.418823769693,1553.7640380859375,0.29290229082107544,6.62667179107666
TAC,V07_DenseLSTM,6,Test,2265.587230719665,1880.939697265625,-0.20247399806976318,8.147651672363281
TAC,V07_DenseLSTM,12,Train,2881.913079882875,2471.43359375,-1.400822639465332,9.894182205200195
TAC,V07_DenseLSTM,12,Test,2156.0054499003477,2042.951171875,-0.22455823421478271,8.786230087280273
TAC,V08_Lite,3,Train,2528.453875395001,1912.6634521484375,0.35425037145614624,8.83686637878418
TAC,V08_Lite,3,Test,2588.3577805241684,2213.602783203125,-0.5695050954818726,9.287626266479492
TAC,V08_Lite,6,Train,2150.15080866436,1525.3509521484375,0.324840247631073,6.568970680236816
TAC,V08_Lite,6,Test,2324.6934206471183,1883.9791259765625,-0.26603424549102783,8.171270370483398
TAC,V08_Lite,12,Train,1889.6276749666852,1360.526123046875,-0.03216898441314697,5.368240833282471
TAC,V08_Lite,12,Test,2433.8256921973684,2088.59326171875,-0.5604817867279053,9.202173233032227
TAC,V09_BiDeep,3,Train,2431.448745090054,1798.4571533203125,0.4028487801551819,8.267515182495117
TAC,V09_BiDeep,3,Test,2507.840604982701,1974.306884765625,-0.4733772277832031,8.332205772399902
TAC,V09_BiDeep,6,Train,2160.2362139358743,1516.2232666015625,0.3184915781021118,6.4874372482299805
TAC,V09_BiDeep,6,Test,2302.262908531517,1871.7825927734375,-0.24172067642211914,8.11650276184082
TAC,V09_BiDeep,12,Train,2393.5578121282133,1925.754638671875,-0.656098484992981,7.662526607513428
TAC,V09_BiDeep,12,Test,2236.499385200005,2036.177001953125,-0.3177022933959961,8.851235389709473
TAC,V10_Mixed,3,Train,2401.1172399531015,1769.8253173828125,0.4176543354988098,8.061552047729492
TAC,V10_Mixed,3,Test,2453.6991461872417,1885.998046875,-0.4104468822479248,7.892908096313477
TAC,V10_Mixed,6,Train,2205.2697113958648,1578.0556640625,0.28978127241134644,6.798403739929199
TAC,V10_Mixed,6,Test,2372.0200252105797,1902.8309326171875,-0.31810736656188965,8.260344505310059
TAC,V10_Mixed,12,Train,2272.3567061533277,1782.5592041015625,-0.4926271438598633,7.087128639221191
TAC,V10_Mixed,12,Test,2305.8532043475793,2052.90234375,-0.40069329738616943,8.974502563476562
BXU,V01_Simple,3,Train,2077.334590286312,1592.4864501953125,0.03970468044281006,8.518464088439941
BXU,V01_Simple,3,Test,9327.239677417965,8290.7470703125,-0.09081411361694336,67.95760345458984
BXU,V01_Simple,6,Train,2069.368623517811,1563.1629638671875,0.06040698289871216,8.70728874206543
BXU,V01_Simple,6,Test,10327.269532649954,8110.8828125,-0.3372589349746704,77.51576232910156
BXU,V01_Simple,12,Train,3108.3929931718735,2725.7314453125,0.24788004159927368,13.858088493347168
BXU,V01_Simple,12,Test,11981.637283777205,8300.2392578125,-0.6354838609695435,101.47918701171875
BXU,V02_Deep,3,Train,2300.617091130117,1905.6146240234375,-0.17782461643218994,10.543593406677246
BXU,V02_Deep,3,Test,9722.907795510559,7457.77587890625,-0.18532335758209229,71.34076690673828
BXU,V02_Deep,6,Train,2175.196083115267,1706.1141357421875,-0.03815186023712158,9.513839721679688
BXU,V02_Deep,6,Test,10836.380576557838,7948.2373046875,-0.47235655784606934,80.739990234375
BXU,V02_Deep,12,Train,3387.8276225333543,3011.20166015625,0.10657548904418945,15.528410911560059
BXU,V02_Deep,12,Test,12454.281833971801,8568.1435546875,-0.7670600414276123,105.67031860351562
BXU,V03_Wide,3,Train,2128.531770963262,1721.3682861328125,-0.008212804794311523,9.335707664489746
BXU,V03_Wide,3,Test,9561.29238126311,7724.85595703125,-0.14624559879302979,70.17913055419922
BXU,V03_Wide,6,Train,2135.9174843612286,1650.3353271484375,-0.0009975433349609375,9.186271667480469
BXU,V03_Wide,6,Test,11038.236815723787,8162.40576171875,-0.5277204513549805,82.55055236816406
BXU,V03_Wide,12,Train,3140.8237772915563,2756.210205078125,0.23210406303405762,14.10529613494873
BXU,V03_Wide,12,Test,12681.374688889213,8469.3798828125,-0.8320891857147217,106.513916015625
BXU,V04_Triple,3,Train,2455.9485947389044,2031.136474609375,-0.34224092960357666,11.366352081298828
BXU,V04_Triple,3,Test,9600.657894123715,7793.72509765625,-0.15570366382598877,71.4091567993164
BXU,V04_Triple,6,Train,2387.915408887007,1918.6644287109375,-0.25112855434417725,10.752203941345215
BXU,V04_Triple,6,Test,10341.463726184993,8299.6591796875,-0.34093737602233887,78.27342987060547
BXU,V04_Triple,12,Train,3644.965706285863,3242.84375,-0.034194350242614746,16.676048278808594
BXU,V04_Triple,12,Test,11423.876750035428,8645.8720703125,-0.4867602586746216,99.11497497558594
BXU,V05_Bidir,3,Train,2046.1096011699863,1626.1671142578125,0.06835657358169556,8.953629493713379
BXU,V05_Bidir,3,Test,9000.363992639408,7311.97216796875,-0.01569807529449463,65.27439880371094
BXU,V05_Bidir,6,Train,2205.538823054357,1740.3101806640625,-0.06731712818145752,9.72867202758789
BXU,V05_Bidir,6,Test,10372.730016731372,7553.1962890625,-0.34905803203582764,76.46678161621094
BXU,V05_Bidir,12,Train,3426.200081723191,3065.237548828125,0.08622199296951294,15.870057106018066
BXU,V05_Bidir,12,Test,12643.221108562486,8396.2001953125,-0.8210813999176025,106.03926086425781
BXU,V06_Pyramid,3,Train,2393.1195122684535,1996.80517578125,-0.2744438648223877,11.098441123962402
BXU,V06_Pyramid,3,Test,9724.559424467518,7742.11962890625,-0.18572604656219482,72.14537811279297
BXU,V06_Pyramid,6,Train,2392.126146339277,1928.48974609375,-0.2555447816848755,10.794153213500977
BXU,V06_Pyramid,6,Test,10660.727554909186,8191.14990234375,-0.4250108003616333,80.48514556884766
BXU,V06_Pyramid,12,Train,3634.381790621343,3247.92626953125,-0.028197050094604492,16.804723739624023
BXU,V06_Pyramid,12,Test,12033.875518717983,8651.7138671875,-0.6497758626937866,103.32896423339844
BXU,V07_DenseLSTM,3,Train,2339.0970480080555,1942.4901123046875,-0.21755445003509521,10.775293350219727
BXU,V07_DenseLSTM,3,Test,9730.067625664275,7471.94091796875,-0.18706953525543213,71.52127075195312
BXU,V07_DenseLSTM,6,Train,2356.0704573505436,1916.865234375,-0.21798133850097656,10.710319519042969
BXU,V07_DenseLSTM,6,Test,11064.66990018229,7899.9052734375,-0.5350459814071655,82.30577087402344
BXU,V07_DenseLSTM,12,Train,3540.657142396027,3172.841552734375,0.02415013313293457,16.521467208862305
BXU,V07_DenseLSTM,12,Test,12965.743788923179,8540.056640625,-0.915176510810852,108.73112487792969
BXU,V08_Lite,3,Train,2041.9152773805283,1602.4100341796875,0.07217222452163696,8.641709327697754
BXU,V08_Lite,3,Test,9171.464005272004,7973.43017578125,-0.05468261241912842,66.9886703491211
BXU,V08_Lite,6,Train,1970.8838118975964,1452.95263671875,0.14771246910095215,8.035272598266602
BXU,V08_Lite,6,Test,9929.2638196394,8266.5927734375,-0.23617112636566162,74.51912689208984
BXU,V08_Lite,12,Train,2866.2374291045744,2311.8388671875,0.36050140857696533,11.297680854797363
BXU,V08_Lite,12,Test,11189.698834195673,8453.40625,-0.4264308214187622,96.54814910888672
BXU,V09_BiDeep,3,Train,2162.623869284717,1754.1195068359375,-0.04076802730560303,9.733890533447266
BXU,V09_BiDeep,3,Test,9166.446203409476,6993.1494140625,-0.05352890491485596,66.10504150390625
BXU,V09_BiDeep,6,Train,2285.57935762467,1833.28369140625,-0.14619016647338867,10.262018203735352
BXU,V09_BiDeep,6,Test,10345.83162437897,7382.10205078125,-0.3420703411102295,75.92608642578125
BXU,V09_BiDeep,12,Train,3509.6932914430004,3151.355224609375,0.04114353656768799,16.326627731323242
BXU,V09_BiDeep,12,Test,12220.270373441006,8315.91015625,-0.7012789249420166,103.16255187988281
BXU,V10_Mixed,3,Train,2129.0127993978804,1717.1900634765625,-0.00866854190826416,9.513846397399902
BXU,V10_Mixed,3,Test,9091.527044451883,6791.01171875,-0.036377906799316406,64.80792999267578
BXU,V10_Mixed,6,Train,2185.803742333698,1719.0341796875,-0.04830193519592285,9.601574897766113
BXU,V10_Mixed,6,Test,10551.752461084367,7332.42578125,-0.396026611328125,76.8718032836914
BXU,V10_Mixed,12,Train,3352.0132756300354,2996.074462890625,0.1253652572631836,15.609164237976074
BXU,V10_Mixed,12,Test,13111.722388763423,8758.3916015625,-0.9585443735122681,109.64628601074219
DGT,V01_Simple,3,Train,2088.9615841369605,1833.245361328125,0.335803747177124,10.74838638305664
DGT,V01_Simple,3,Test,7295.924067587326,6115.69873046875,-0.06790852546691895,52.24334716796875
DGT,V01_Simple,6,Train,2110.582976336159,1713.3135986328125,0.3763556480407715,10.508501052856445
DGT,V01_Simple,6,Test,7719.890672801008,5839.23779296875,-0.1956270933151245,55.32533645629883
DGT,V01_Simple,12,Train,1662.9317484491057,1354.4935302734375,0.5133519768714905,6.8372802734375
DGT,V01_Simple,12,Test,9388.444386585032,6646.3125,-0.5377854108810425,75.68132019042969
DGT,V02_Deep,3,Train,2251.266421372646,1927.5150146484375,0.22858291864395142,11.81412410736084
DGT,V02_Deep,3,Test,7825.8384854276155,5672.0751953125,-0.2286698818206787,54.856163024902344
DGT,V02_Deep,6,Train,2249.8858859951097,1716.8382568359375,0.2913151979446411,10.824092864990234
DGT,V02_Deep,6,Test,8030.081195106311,5669.5654296875,-0.2936396598815918,57.08979797363281
DGT,V02_Deep,12,Train,1716.469122938132,1363.81494140625,0.48151272535324097,6.7601637840271
DGT,V02_Deep,12,Test,9291.603951955765,6722.77490234375,-0.5062248706817627,75.40729522705078
DGT,V03_Wide,3,Train,2125.5988567930685,1894.717041015625,0.3123014569282532,11.255179405212402
DGT,V03_Wide,3,Test,7600.029210470181,5940.3603515625,-0.15878796577453613,53.98133850097656
DGT,V03_Wide,6,Train,2208.883881058486,1735.04052734375,0.3169099688529968,10.856005668640137
DGT,V03_Wide,6,Test,8240.427658805094,5654.26318359375,-0.3623005151748657,58.135475158691406
DGT,V03_Wide,12,Train,1719.3149071650603,1364.5950927734375,0.479792058467865,6.7576775550842285
DGT,V03_Wide,12,Test,9483.94770124762,6670.76171875,-0.5692306756973267,76.24571228027344
DGT,V04_Triple,3,Train,2403.8816526609626,1986.7109375,0.12044769525527954,12.376343727111816
DGT,V04_Triple,3,Test,7788.672287367083,5765.28662109375,-0.21702730655670166,54.98509979248047
DGT,V04_Triple,6,Train,2349.669019245051,1744.2152099609375,0.2270604372024536,11.076549530029297
DGT,V04_Triple,6,Test,7670.929800226307,5808.79248046875,-0.18050944805145264,55.192081451416016
DGT,V04_Triple,12,Train,1768.6776133597666,1445.737548828125,0.4494922161102295,7.292141914367676
DGT,V04_Triple,12,Test,9075.93389134143,6782.40087890625,-0.4371136426925659,74.43286895751953
DGT,V05_Bidir,3,Train,2002.8292488377535,1749.6790771484375,0.38944703340530396,10.594629287719727
DGT,V05_Bidir,3,Test,7176.229929426732,5456.94140625,-0.033156633377075195,50.289886474609375
DGT,V05_Bidir,6,Train,2171.1635129579718,1706.7884521484375,0.3400406241416931,10.71252727508545
DGT,V05_Bidir,6,Test,7995.3253842479735,5494.78857421875,-0.28246569633483887,56.01780319213867
DGT,V05_Bidir,12,Train,1678.4769882247417,1378.8564453125,0.5042109489440918,6.96356725692749
DGT,V05_Bidir,12,Test,9551.10087895631,6597.2001953125,-0.5915317535400391,76.36056518554688
DGT,V06_Pyramid,3,Train,2430.858490328057,1996.19873046875,0.10059589147567749,12.464183807373047
DGT,V06_Pyramid,3,Test,7815.123287575187,5749.70068359375,-0.22530758380889893,55.098915100097656
DGT,V06_Pyramid,6,Train,2478.3087983542327,1819.6556396484375,0.14010977745056152,11.709527015686035
DGT,V06_Pyramid,6,Test,7981.79152822222,5662.97216796875,-0.2781275510787964,57.02077102661133
DGT,V06_Pyramid,12,Train,1728.9991324462833,1409.3199462890625,0.4739152789115906,7.086792469024658
DGT,V06_Pyramid,12,Test,9191.83246148449,6754.0283203125,-0.4740515947341919,75.02702331542969
DGT,V07_DenseLSTM,3,Train,2265.3876048040875,1940.7852783203125,0.218874990940094,11.873950004577637
DGT,V07_DenseLSTM,3,Test,7921.55792757965,5691.47216796875,-0.2589099407196045,55.49787902832031
DGT,V07_DenseLSTM,6,Train,2308.144601189449,1735.1064453125,0.2541384696960449,10.9990873336792
DGT,V07_DenseLSTM,6,Test,8287.447858056183,5638.06787109375,-0.3778916597366333,58.49342346191406
DGT,V07_DenseLSTM,12,Train,1716.2768570367662,1361.7337646484375,0.4816288948059082,6.746901512145996
DGT,V07_DenseLSTM,12,Test,9317.892465573961,6742.3271484375,-0.5147601366043091,75.62602996826172
DGT,V08_Lite,3,Train,2170.123498789873,1865.3232421875,0.28318947553634644,10.778996467590332
DGT,V08_Lite,3,Test,7199.1205018390965,6379.79541015625,-0.03975820541381836,51.479774475097656
DGT,V08_Lite,6,Train,1980.8898884087423,1667.8529052734375,0.4506453275680542,10.19018840789795
DGT,V08_Lite,6,Test,7519.412743027211,5408.33251953125,-0.13433492183685303,52.82646942138672
DGT,V08_Lite,12,Train,1693.1294250588169,1312.890869140625,0.49551713466644287,6.525081634521484
DGT,V08_Lite,12,Test,9150.920390867796,6348.94287109375,-0.46095895767211914,72.86762237548828
DGT,V09_BiDeep,3,Train,2102.317768559263,1758.545166015625,0.3272833228111267,10.856555938720703
DGT,V09_BiDeep,3,Test,7281.916231322632,5232.60986328125,-0.0638117790222168,50.3591194152832
DGT,V09_BiDeep,6,Train,2074.0232640932454,1676.5458984375,0.3977741599082947,10.40408992767334
DGT,V09_BiDeep,6,Test,7745.015945755051,5456.75,-0.20342230796813965,54.41941452026367
DGT,V09_BiDeep,12,Train,1664.5934188263511,1355.9940185546875,0.5123789310455322,6.868297576904297
DGT,V09_BiDeep,12,Test,9492.5798390111,6461.3671875,-0.5720884799957275,75.42294311523438
DGT,V10_Mixed,3,Train,1999.9021226050038,1742.9151611328125,0.39123034477233887,10.575029373168945
DGT,V10_Mixed,3,Test,7237.468894579099,5275.67138671875,-0.0508648157119751,50.08221435546875
DGT,V10_Mixed,6,Train,2099.2436733261816,1679.7542724609375,0.3830387592315674,10.503997802734375
DGT,V10_Mixed,6,Test,7775.6828639033365,5332.35498046875,-0.21297132968902588,54.14994812011719
DGT,V10_Mixed,12,Train,1693.6969179873947,1314.353759765625,0.49517887830734253,6.516745567321777
DGT,V10_Mixed,12,Test,9032.0,6465.37353515625,-0.4232339859008789,72.76667022705078
CRK,V01_Simple,3,Train,8617.45577302257,6047.12841796875,0.43747478723526,551.5741577148438
CRK,V01_Simple,3,Test,9988.418893899074,7809.1484375,0.1615837812423706,40.029541015625
CRK,V01_Simple,6,Train,7202.003887807892,5624.85400390625,0.5449997186660767,44.16503143310547
CRK,V01_Simple,6,Test,13850.358551315558,11365.9384765625,-0.6120860576629639,85.52880096435547
CRK,V01_Simple,12,Train,7490.1997303142725,5586.9326171875,0.5897008776664734,28.834009170532227
CRK,V01_Simple,12,Test,18928.489427315642,17608.66015625,-5.730835437774658,137.77223205566406
CRK,V02_Deep,3,Train,7917.544063660145,5824.76220703125,0.5251407623291016,598.2039184570312
CRK,V02_Deep,3,Test,9279.311181332372,7963.1591796875,0.27640146017074585,48.177494049072266
CRK,V02_Deep,6,Train,7530.056042288132,6072.15380859375,0.5026050806045532,50.20478439331055
CRK,V02_Deep,6,Test,16629.65255199278,13870.2041015625,-1.3239808082580566,102.89295959472656
CRK,V02_Deep,12,Train,7410.697672959004,5370.8291015625,0.5983645915985107,28.140384674072266
CRK,V02_Deep,12,Test,23415.908438495397,22018.703125,-9.300518035888672,170.12474060058594
CRK,V03_Wide,3,Train,8172.624303123202,5718.2685546875,0.4940507411956787,532.439208984375
CRK,V03_Wide,3,Test,9389.731838556414,7260.41162109375,0.25907784700393677,41.714141845703125
CRK,V03_Wide,6,Train,7309.770721438532,5636.03369140625,0.5312811136245728,42.206748962402344
CRK,V03_Wide,6,Test,15368.269128304593,12399.890625,-0.9847970008850098,94.54529571533203
CRK,V03_Wide,12,Train,7670.976469785317,5432.1103515625,0.5696566700935364,27.31708335876465
CRK,V03_Wide,12,Test,22922.63300757572,21461.76171875,-8.871111869812012,166.73597717285156
CRK,V04_Triple,3,Train,9365.632493323663,6726.89599609375,0.33555638790130615,744.7533569335938
CRK,V04_Triple,3,Test,10837.111423252969,8902.55859375,0.013054311275482178,43.85646438598633
CRK,V04_Triple,6,Train,8129.58080100075,6286.54443359375,0.420249342918396,54.26004409790039
CRK,V04_Triple,6,Test,13115.088714911539,10951.5048828125,-0.4454686641693115,82.84004211425781
CRK,V04_Triple,12,Train,7702.009348215568,6269.8837890625,0.5661677122116089,38.12101364135742
CRK,V04_Triple,12,Test,26100.318465490032,24363.046875,-11.79760456085205,190.12680053710938
CRK,V05_Bidir,3,Train,7387.148841061753,5411.61376953125,0.5866312980651855,499.1311950683594
CRK,V05_Bidir,3,Test,8891.804316335352,7543.38427734375,0.3355749845504761,44.24395751953125
CRK,V05_Bidir,6,Train,7294.117904174568,5937.220703125,0.5332863330841064,47.60664749145508
CRK,V05_Bidir,6,Test,15135.832451503948,12375.134765625,-0.9252132177352905,92.4515151977539
CRK,V05_Bidir,12,Train,7554.226366743322,5666.1767578125,0.5826563835144043,30.094337463378906
CRK,V05_Bidir,12,Test,20945.15734006312,19525.46484375,-7.241462707519531,152.4058074951172
CRK,V06_Pyramid,3,Train,8870.075084236885,6386.5439453125,0.4040106534957886,744.6658325195312
CRK,V06_Pyramid,3,Test,9987.117702320325,7791.14794921875,0.16180217266082764,43.618106842041016
CRK,V06_Pyramid,6,Train,8030.445317664519,6482.3515625,0.43430256843566895,56.90922164916992
CRK,V06_Pyramid,6,Test,16016.456536949738,12897.205078125,-1.1557533740997314,99.17732238769531
CRK,V06_Pyramid,12,Train,7613.908588891779,5935.11865234375,0.5760358572006226,33.84939193725586
CRK,V06_Pyramid,12,Test,25334.763468404435,23541.60546875,-11.05787467956543,184.70108032226562
CRK,V07_DenseLSTM,3,Train,7842.918844409905,5938.265625,0.5340499877929688,627.7189331054688
CRK,V07_DenseLSTM,3,Test,9413.465674234967,8496.4111328125,0.2553275227546692,52.91160202026367
CRK,V07_DenseLSTM,6,Train,7621.010694127125,6208.80322265625,0.4905165433883667,51.88460922241211
CRK,V07_DenseLSTM,6,Test,17091.491216391856,14447.1767578125,-1.4548563957214355,105.88078308105469
CRK,V07_DenseLSTM,12,Train,8148.447214040231,5722.1875,0.5144169330596924,26.507240295410156
CRK,V07_DenseLSTM,12,Test,20541.82698788012,18770.75390625,-6.927115440368652,149.97720336914062
CRK,V08_Lite,3,Train,8593.877820867598,6053.24365234375,0.44054871797561646,530.5377197265625
CRK,V08_Lite,3,Test,10118.893220110587,8038.42529296875,0.13953697681427002,39.621620178222656
CRK,V08_Lite,6,Train,8057.234264932354,5668.00390625,0.43052202463150024,41.56495666503906
CRK,V08_Lite,6,Test,10397.55432782152,8891.974609375,0.09149235486984253,62.49455642700195
CRK,V08_Lite,12,Train,7885.817142186344,6682.50390625,0.5452138781547546,41.912235260009766
CRK,V08_Lite,12,Test,20107.66142543682,18846.927734375,-6.595566749572754,146.13156127929688
CRK,V09_BiDeep,3,Train,7239.380083957465,5499.91845703125,0.6030035018920898,537.5679931640625
CRK,V09_BiDeep,3,Test,8938.088386226666,8034.79833984375,0.3286399841308594,48.74959945678711
CRK,V09_BiDeep,6,Train,7612.67232974072,6358.08056640625,0.4916308522224426,52.77509689331055
CRK,V09_BiDeep,6,Test,17031.029563711058,14725.501953125,-1.437518835067749,104.53785705566406
CRK,V09_BiDeep,12,Train,7331.9530822285,5625.4296875,0.6068546772003174,31.081682205200195
CRK,V09_BiDeep,12,Test,22382.149315916915,20988.5234375,-8.411105155944824,162.7486572265625
CRK,V10_Mixed,3,Train,7158.816661991003,5541.810546875,0.6117902994155884,538.2846069335938
CRK,V10_Mixed,3,Test,9119.825436925863,8497.9296875,0.3010610342025757,52.70822525024414
CRK,V10_Mixed,6,Train,7732.316858484267,6457.94482421875,0.4755256772041321,53.71393585205078
CRK,V10_Mixed,6,Test,16726.21511281019,14478.5869140625,-1.351048231124878,102.1906509399414
CRK,V10_Mixed,12,Train,7048.095913081774,5219.87646484375,0.6367067098617554,27.50815773010254
CRK,V10_Mixed,12,Test,20927.639140619754,20014.587890625,-7.227683067321777,150.7670135498047
DRP,V01_Simple,3,Train,3736.486317384288,2807.8603515625,0.46286827325820923,22.578277587890625
DRP,V01_Simple,3,Test,9820.787341145311,9288.103515625,-0.5236496925354004,46.996620178222656
DRP,V01_Simple,6,Train,3761.914406256474,3247.203857421875,0.4710233807563782,29.164155960083008
DRP,V01_Simple,6,Test,9854.943531040652,9203.4462890625,-0.534266471862793,53.89851760864258
DRP,V01_Simple,12,Train,4457.318925093873,3648.629638671875,0.5649325847625732,35.709346771240234
DRP,V01_Simple,12,Test,13627.334882507292,9631.859375,-1.430903673171997,84.63015747070312
DRP,V02_Deep,3,Train,3484.1895757837287,2965.425537109375,0.5329562425613403,28.569164276123047
DRP,V02_Deep,3,Test,8951.743964166983,7885.1201171875,-0.2659245729446411,49.1112174987793
DRP,V02_Deep,6,Train,3622.950179066778,3160.572021484375,0.5093821287155151,31.32375144958496
DRP,V02_Deep,6,Test,10241.235081766261,7728.40087890625,-0.6569035053253174,57.48931121826172
DRP,V02_Deep,12,Train,4958.922261943617,4048.03759765625,0.46150243282318115,40.21954345703125
DRP,V02_Deep,12,Test,14743.980466617555,10472.5068359375,-1.8456101417541504,91.7300796508789
DRP,V03_Wide,3,Train,3292.0577151684324,2651.147216796875,0.5830453038215637,24.519437789916992
DRP,V03_Wide,3,Test,8865.801261025425,7526.43798828125,-0.24173378944396973,48.594764709472656
DRP,V03_Wide,6,Train,3524.2013279607054,3111.983154296875,0.5357626676559448,29.330646514892578
DRP,V03_Wide,6,Test,10240.88980509018,8129.98974609375,-0.6567916870117188,57.985408782958984
DRP,V03_Wide,12,Train,4208.345993380297,3321.276611328125,0.612178385257721,32.94043731689453
DRP,V03_Wide,12,Test,15318.131478741132,10969.837890625,-2.0715491771698,95.44902038574219
DRP,V04_Triple,3,Train,3770.4298163472026,3209.2548828125,0.4530649781227112,30.743486404418945
DRP,V04_Triple,3,Test,9525.668480479468,8969.232421875,-0.4334529638290405,48.90210723876953
DRP,V04_Triple,6,Train,4053.9983966449718,3462.962890625,0.3856925368309021,35.09635925292969
DRP,V04_Triple,6,Test,9813.40185664482,8231.80859375,-0.5213589668273926,56.262481689453125
DRP,V04_Triple,12,Train,5917.060756828511,4968.30859375,0.2333076000213623,48.51314163208008
DRP,V04_Triple,12,Test,12022.728475683047,8589.859375,-0.8921343088150024,75.37826538085938
DRP,V05_Bidir,3,Train,3187.2552455051355,2552.037841796875,0.6091701984405518,23.132932662963867
DRP,V05_Bidir,3,Test,8438.194119596918,7855.86181640625,-0.12484204769134521,44.88875961303711
DRP,V05_Bidir,6,Train,3321.037789607339,2853.620849609375,0.5877447128295898,28.536609649658203
DRP,V05_Bidir,6,Test,10154.71319142003,7436.2265625,-0.6290253400802612,56.67749786376953
DRP,V05_Bidir,12,Train,4259.251577448789,3424.67431640625,0.6027392148971558,33.61469650268555
DRP,V05_Bidir,12,Test,14217.337584794137,10093.615234375,-1.6459548473358154,88.40377807617188
DRP,V06_Pyramid,3,Train,3762.4878737346116,3254.121337890625,0.45536667108535767,31.7531795501709
DRP,V06_Pyramid,3,Test,9288.586975423119,8633.2998046875,-0.3629873991012573,49.30957794189453
DRP,V06_Pyramid,6,Train,3885.325855060293,3378.379638671875,0.4357474446296692,33.09147262573242
DRP,V06_Pyramid,6,Test,9771.407677504812,8455.9130859375,-0.5083662271499634,55.92209243774414
DRP,V06_Pyramid,12,Train,5830.192106611926,4864.36083984375,0.2556540369987488,47.78113555908203
DRP,V06_Pyramid,12,Test,12874.243434081865,9037.4033203125,-1.1696484088897705,80.36849212646484
DRP,V07_DenseLSTM,3,Train,3726.572151455007,3204.0341796875,0.46571487188339233,32.56658172607422
DRP,V07_DenseLSTM,3,Test,9048.288677976627,7384.4306640625,-0.29337775707244873,50.13399124145508
DRP,V07_DenseLSTM,6,Train,3951.1389497207006,3240.602783203125,0.416469931602478,34.37685775756836
DRP,V07_DenseLSTM,6,Test,11111.211995097565,7623.7099609375,-0.9503628015518188,61.292640686035156
DRP,V07_DenseLSTM,12,Train,4470.920486879631,3595.771484375,0.5622733235359192,35.40591812133789
DRP,V07_DenseLSTM,12,Test,14035.050979601036,9785.3330078125,-1.5785400867462158,86.99251556396484
DRP,V08_Lite,3,Train,3508.9277564521044,2632.433349609375,0.5263005495071411,21.53314208984375
DRP,V08_Lite,3,Test,9249.537069497046,8766.8310546875,-0.3515512943267822,46.323577880859375
DRP,V08_Lite,6,Train,3421.5481875899395,2923.441650390625,0.5624134540557861,25.837051391601562
DRP,V08_Lite,6,Test,9448.449608269073,8494.3369140625,-0.41030681133270264,53.21659469604492
DRP,V08_Lite,12,Train,3917.102755864339,3215.014892578125,0.6640001535415649,30.287424087524414
DRP,V08_Lite,12,Test,11860.862026008059,8484.1435546875,-0.8415284156799316,74.05145263671875
DRP,V09_BiDeep,3,Train,3177.6499177851547,2641.33740234375,0.6115223169326782,26.173328399658203
DRP,V09_BiDeep,3,Test,8205.025776924775,6681.24755859375,-0.0635366439819336,45.37047576904297
DRP,V09_BiDeep,6,Train,3533.847336827102,2962.408203125,0.5332179069519043,30.80976676940918
DRP,V09_BiDeep,6,Test,9894.918695977243,7069.859375,-0.5467387437820435,54.82735061645508
DRP,V09_BiDeep,12,Train,4679.86132273169,3862.290283203125,0.5204044580459595,37.85283279418945
DRP,V09_BiDeep,12,Test,13519.18518254706,9545.650390625,-1.392472505569458,83.96746063232422
DRP,V10_Mixed,3,Train,3285.0701666783316,2833.624755859375,0.5848134160041809,27.979093551635742
DRP,V10_Mixed,3,Test,8684.751694780916,6752.8203125,-0.191536545753479,48.27275848388672
DRP,V10_Mixed,6,Train,3731.566963086687,3143.845947265625,0.47952353954315186,32.849124908447266
DRP,V10_Mixed,6,Test,10913.356953751672,7283.61962890625,-0.8815217018127441,59.26945877075195
DRP,V10_Mixed,12,Train,4012.3375979595735,3256.71826171875,0.6474635601043701,31.607059478759766
DRP,V10_Mixed,12,Test,13743.693244539474,9865.1416015625,-1.4725940227508545,85.54732513427734
PAG,V01_Simple,3,Train,1938.5488129010319,1264.093505859375,-0.2581303119659424,15.492691040039062
PAG,V01_Simple,3,Test,2321.7818588317036,1405.2669677734375,-0.12787699699401855,19.442249298095703
PAG,V01_Simple,6,Train,1987.5894319501701,1311.111572265625,-0.2423015832901001,16.593971252441406
PAG,V01_Simple,6,Test,2463.9275557532123,1364.0625,-0.2702077627182007,19.665973663330078
PAG,V01_Simple,12,Train,2221.782955196119,1171.886962890625,-0.3118540048599243,17.379587173461914
PAG,V01_Simple,12,Test,3281.087167388273,2191.57568359375,-0.8414793014526367,31.283878326416016
PAG,V02_Deep,3,Train,1986.4731309534493,1283.8502197265625,-0.32110559940338135,15.806540489196777
PAG,V02_Deep,3,Test,2378.1336169357683,1443.767822265625,-0.18329060077667236,19.96900177001953
PAG,V02_Deep,6,Train,2006.0409392632046,1350.1815185546875,-0.26547420024871826,16.841054916381836
PAG,V02_Deep,6,Test,2387.0628395582717,1469.5859375,-0.1921931505203247,20.24182891845703
PAG,V02_Deep,12,Train,2301.673412975872,1174.014404296875,-0.4078928232192993,17.676692962646484
PAG,V02_Deep,12,Test,3495.0962790744406,2513.425048828125,-1.0895347595214844,34.64339065551758
PAG,V03_Wide,3,Train,1993.1224247396344,1295.3917236328125,-0.32996463775634766,15.806092262268066
PAG,V03_Wide,3,Test,2359.931037127992,1439.904296875,-0.16524577140808105,19.861238479614258
PAG,V03_Wide,6,Train,2031.0012309203557,1343.3775634765625,-0.2971615791320801,16.957481384277344
PAG,V03_Wide,6,Test,2494.3133323622355,1379.861572265625,-0.30173003673553467,19.90909194946289
PAG,V03_Wide,12,Train,2202.2697382473384,1214.0498046875,-0.28891193866729736,17.615053176879883
PAG,V03_Wide,12,Test,3376.813438731847,2368.02099609375,-0.9504977464675903,33.02163314819336
PAG,V04_Triple,3,Train,1987.1284558377197,1273.116943359375,-0.3219773769378662,15.986835479736328
PAG,V04_Triple,3,Test,2428.6826676204532,1462.8721923828125,-0.23412871360778809,20.322914123535156
PAG,V04_Triple,6,Train,2033.4627486138024,1325.427490234375,-0.3003077507019043,16.97268295288086
PAG,V04_Triple,6,Test,2468.1320872271,1407.3292236328125,-0.2745465040206909,20.054027557373047
PAG,V04_Triple,12,Train,2467.0256382940165,1357.4547119140625,-0.6174451112747192,19.723644256591797
PAG,V04_Triple,12,Test,3685.732491649387,2779.120361328125,-1.3236939907073975,37.43818283081055
PAG,V05_Bidir,3,Train,1864.5874208521304,1232.2960205078125,-0.16395890712738037,14.943167686462402
PAG,V05_Bidir,3,Test,2213.20401228626,1353.1727294921875,-0.02485358715057373,18.613733291625977
PAG,V05_Bidir,6,Train,1962.9274693681375,1286.9742431640625,-0.211664080619812,16.339183807373047
PAG,V05_Bidir,6,Test,2422.073285431306,1370.7315673828125,-0.22742068767547607,19.566041946411133
PAG,V05_Bidir,12,Train,2250.4308476378474,1154.786865234375,-0.34590232372283936,17.34417152404785
PAG,V05_Bidir,12,Test,3400.9128186414896,2393.215576171875,-0.9784374237060547,33.32830810546875
PAG,V06_Pyramid,3,Train,2003.8822320685415,1280.220458984375,-0.3443629741668701,15.862520217895508
PAG,V06_Pyramid,3,Test,2394.5740748617486,1463.8975830078125,-0.1997077465057373,20.179187774658203
PAG,V06_Pyramid,6,Train,1991.0795438655884,1334.427001953125,-0.24666833877563477,16.71788215637207
PAG,V06_Pyramid,6,Test,2339.7994572185025,1545.551025390625,-0.14545011520385742,20.640478134155273
PAG,V06_Pyramid,12,Train,2445.738129890443,1322.681884765625,-0.5896521806716919,19.364055633544922
PAG,V06_Pyramid,12,Test,3677.2039649712115,2768.821533203125,-1.3129527568817139,37.32600784301758
PAG,V07_DenseLSTM,3,Train,1984.9865868564452,1284.4742431640625,-0.3191291093826294,15.746230125427246
PAG,V07_DenseLSTM,3,Test,2360.8806619564657,1438.857421875,-0.16618382930755615,19.857585906982422
PAG,V07_DenseLSTM,6,Train,2010.1812729204298,1316.294677734375,-0.27070319652557373,16.778810501098633
PAG,V07_DenseLSTM,6,Test,2470.390353770027,1378.8275146484375,-0.27688002586364746,19.818500518798828
PAG,V07_DenseLSTM,12,Train,2212.4197160575113,1194.5689697265625,-0.30082011222839355,17.501970291137695
PAG,V07_DenseLSTM,12,Test,3331.166762562331,2277.225341796875,-0.8981218338012695,32.151573181152344
PAG,V08_Lite,3,Train,1906.0271509084018,1242.8173828125,-0.21627092361450195,15.218184471130371
PAG,V08_Lite,3,Test,2275.08472369712,1395.541259765625,-0.08296406269073486,19.172496795654297
PAG,V08_Lite,6,Train,1934.4585805852757,1274.8948974609375,-0.17677271366119385,16.1547794342041
PAG,V08_Lite,6,Test,2402.797432161105,1348.60546875,-0.20796191692352295,19.317153930664062
PAG,V08_Lite,12,Train,2192.0166513966083,1115.23828125,-0.27693819999694824,16.84009552001953
PAG,V08_Lite,12,Test,3192.5997243625766,2105.15673828125,-0.7434931993484497,30.231040954589844
PAG,V09_BiDeep,3,Train,1885.079772847823,1252.85107421875,-0.1896839141845703,15.065832138061523
PAG,V09_BiDeep,3,Test,2208.258137084521,1363.05859375,-0.020278215408325195,18.666433334350586
PAG,V09_BiDeep,6,Train,1987.7056497379083,1308.1727294921875,-0.2424468994140625,16.75418472290039
PAG,V09_BiDeep,6,Test,2557.780483153314,1441.3912353515625,-0.36881721019744873,20.608440399169922
PAG,V09_BiDeep,12,Train,2214.5788538681572,1138.3414306640625,-0.3033604621887207,17.093303680419922
PAG,V09_BiDeep,12,Test,3350.582337445239,2357.123779296875,-0.9203124046325684,32.824886322021484
PAG,V10_Mixed,3,Train,1876.4791498974882,1240.4197998046875,-0.17885291576385498,14.99625015258789
PAG,V10_Mixed,3,Test,2219.030982208225,1345.6197509765625,-0.030257105827331543,18.57639503479004
PAG,V10_Mixed,6,Train,1944.5649256324666,1309.9986572265625,-0.18910062313079834,16.312681198120117
PAG,V10_Mixed,6,Test,2379.0595831126216,1364.2703857421875,-0.18421220779418945,19.3563232421875
PAG,V10_Mixed,12,Train,2096.7588082562097,1235.737060546875,-0.1683666706085205,17.340721130371094
PAG,V10_Mixed,12,Test,3116.738038398479,2027.756591796875,-0.6616208553314209,29.277843475341797
TUG,V01_Simple,3,Train,901.7432769364017,683.205322265625,-0.929773211479187,7.7964911460876465
TUG,V01_Simple,3,Test,2831.559729195201,2411.107177734375,-1.4687857627868652,18.767061233520508
TUG,V01_Simple,6,Train,850.9363959779838,646.54345703125,-0.5415302515029907,7.514360427856445
TUG,V01_Simple,6,Test,3156.1571570503265,2827.615966796875,-2.0672502517700195,21.842073440551758
TUG,V01_Simple,12,Train,2231.0881874099014,2129.863037109375,-0.9748542308807373,22.41111946105957
TUG,V01_Simple,12,Test,2355.8962201251566,2129.030029296875,-1.0477426052093506,19.0219669342041
TUG,V02_Deep,3,Train,1025.0452429039412,765.263427734375,-1.493598461151123,8.772336959838867
TUG,V02_Deep,3,Test,2930.902591353046,2618.47265625,-1.6450552940368652,20.740516662597656
TUG,V02_Deep,6,Train,859.8915629310477,650.370849609375,-0.5741468667984009,7.5673723220825195
TUG,V02_Deep,6,Test,3230.2357499105233,2848.611572265625,-2.212923526763916,21.782560348510742
TUG,V02_Deep,12,Train,2544.337340055363,2454.59130859375,-1.5683307647705078,26.046472549438477
TUG,V02_Deep,12,Test,2509.177554498685,2256.9833984375,-1.3228750228881836,20.25188446044922
TUG,V03_Wide,3,Train,972.064362580997,717.9168090820312,-1.2424898147583008,8.147004127502441
TUG,V03_Wide,3,Test,2958.3627228587097,2598.81298828125,-1.6948511600494385,20.436023712158203
TUG,V03_Wide,6,Train,933.9735006947467,714.0490112304688,-0.8570644855499268,8.312663078308105
TUG,V03_Wide,6,Test,3350.060148713751,3098.57763671875,-2.4557089805603027,24.450777053833008
TUG,V03_Wide,12,Train,2487.3932137882825,2392.287109375,-1.4546549320220947,25.3488712310791
TUG,V03_Wide,12,Test,2773.8272296594105,2443.183837890625,-1.8387155532836914,22.103870391845703
TUG,V04_Triple,3,Train,897.3831748478461,666.0082397460938,-0.9111566543579102,7.600592613220215
TUG,V04_Triple,3,Test,3035.9637678997424,2456.447021484375,-1.838083267211914,18.340003967285156
TUG,V04_Triple,6,Train,903.3844350551984,675.8837280273438,-0.7374129295349121,7.814911842346191
TUG,V04_Triple,6,Test,3431.7735939306954,2981.217041015625,-2.6263458728790283,22.644386291503906
TUG,V04_Triple,12,Train,2415.8730306040507,2316.84814453125,-1.3155267238616943,24.48009490966797
TUG,V04_Triple,12,Test,1957.3335178246962,1846.715087890625,-0.4134899377822876,15.806431770324707
TUG,V05_Bidir,3,Train,831.4553881598218,637.3995971679688,-0.6406590938568115,7.287210941314697
TUG,V05_Bidir,3,Test,2628.6044776649073,2218.94921875,-1.127563238143921,17.2406005859375
TUG,V05_Bidir,6,Train,853.4756513808697,649.6344604492188,-0.5507440567016602,7.588560104370117
TUG,V05_Bidir,6,Test,3018.592884110078,2747.221435546875,-1.8056988716125488,21.575550079345703
TUG,V05_Bidir,12,Train,2588.888081783374,2501.77099609375,-1.659060001373291,26.579744338989258
TUG,V05_Bidir,12,Test,2664.0087274631815,2338.363525390625,-1.6183900833129883,21.180824279785156
TUG,V06_Pyramid,3,Train,946.2709376811696,693.3822631835938,-1.12506103515625,7.896789073944092
TUG,V06_Pyramid,3,Test,3017.144842396533,2487.090576171875,-1.8030076026916504,18.809738159179688
TUG,V06_Pyramid,6,Train,879.9197406582034,662.6782836914062,-0.6483293771743774,7.706818103790283
TUG,V06_Pyramid,6,Test,3340.372883376944,2810.36767578125,-2.4357526302337646,21.033611297607422
TUG,V06_Pyramid,12,Train,2843.642910071516,2745.865234375,-2.208127975463867,29.337337493896484
TUG,V06_Pyramid,12,Test,2215.1039478995112,2035.1080322265625,-0.8103030920028687,18.09982681274414
TUG,V07_DenseLSTM,3,Train,1000.2773990248905,720.649658203125,-1.3745501041412354,8.084875106811523
TUG,V07_DenseLSTM,3,Test,3053.3820592909756,2589.11474609375,-1.8707425594329834,20.104049682617188
TUG,V07_DenseLSTM,6,Train,911.0074094100443,693.64306640625,-0.7668581008911133,8.073039054870605
TUG,V07_DenseLSTM,6,Test,3277.4993516399054,3001.23388671875,-2.3076322078704834,23.48820686340332
TUG,V07_DenseLSTM,12,Train,2478.204390279381,2382.03271484375,-1.4365527629852295,25.237476348876953
TUG,V07_DenseLSTM,12,Test,2491.1906791733145,2261.99267578125,-1.289691686630249,20.21072006225586
TUG,V08_Lite,3,Train,868.4805337484543,658.934814453125,-0.7900313138961792,7.524707794189453
TUG,V08_Lite,3,Test,2811.486706353064,2292.94091796875,-1.4339072704315186,17.43771743774414
TUG,V08_Lite,6,Train,872.1733987573801,667.539794921875,-0.6194350719451904,7.793279647827148
TUG,V08_Lite,6,Test,3100.5272132332593,2769.54833984375,-1.9600772857666016,21.348121643066406
TUG,V08_Lite,12,Train,1714.6402683945107,1451.528076171875,-0.16640031337738037,14.745566368103027
TUG,V08_Lite,12,Test,2064.869971693133,1929.9638671875,-0.5730714797973633,16.538551330566406
TUG,V09_BiDeep,3,Train,857.9909308961255,652.2857055664062,-0.7470519542694092,7.425657749176025
TUG,V09_BiDeep,3,Test,2678.029779520758,2306.172119140625,-1.2083239555358887,18.035276412963867
TUG,V09_BiDeep,6,Train,847.5333695495417,646.1589965820312,-0.5292253494262695,7.545686721801758
TUG,V09_BiDeep,6,Test,2960.019932365321,2668.544189453125,-1.697871208190918,20.817684173583984
TUG,V09_BiDeep,12,Train,2467.74846773329,2383.270263671875,-1.4160356521606445,25.289541244506836
TUG,V09_BiDeep,12,Test,2434.5634105522904,2144.46728515625,-1.1867806911468506,19.41958236694336
TUG,V10_Mixed,3,Train,820.3087452295019,627.8385620117188,-0.5969640016555786,7.127162933349609
TUG,V10_Mixed,3,Test,2636.908037835222,2197.35693359375,-1.1410260200500488,16.99616241455078
TUG,V10_Mixed,6,Train,909.9124957928647,707.9872436523438,-0.7626136541366577,8.279312133789062
TUG,V10_Mixed,6,Test,2973.9019822448754,2725.331787109375,-1.723235845565796,21.652456283569336
TUG,V10_Mixed,12,Train,2310.2201193825667,2221.702392578125,-1.1174263954162598,23.496822357177734
TUG,V10_Mixed,12,Test,2692.2528670241954,2412.57763671875,-1.6742053031921387,21.938190460205078
OZC,V01_Simple,3,Train,731.6750046981241,629.525634765625,-0.3460958003997803,7.720108985900879
OZC,V01_Simple,3,Test,3289.7852513500025,2232.1328125,-0.277079701423645,106.84095764160156
OZC,V01_Simple,6,Train,698.0664142830537,600.138671875,-0.33413898944854736,7.238043308258057
OZC,V01_Simple,6,Test,3205.503860549851,2068.778564453125,-0.21248257160186768,104.79615020751953
OZC,V01_Simple,12,Train,652.5736787903722,541.3795776367188,-0.1826627254486084,6.622649192810059
OZC,V01_Simple,12,Test,3783.7872561760128,2786.13525390625,-0.3020697832107544,144.14886474609375
OZC,V02_Deep,3,Train,751.4990851624505,658.0370483398438,-0.42002642154693604,8.055767059326172
OZC,V02_Deep,3,Test,3345.942169255171,2263.99658203125,-0.32105159759521484,108.97420501708984
OZC,V02_Deep,6,Train,656.3966026725001,522.5323486328125,-0.17961490154266357,6.407498359680176
OZC,V02_Deep,6,Test,3271.8393909237047,2099.154296875,-0.26318466663360596,106.9963607788086
OZC,V02_Deep,12,Train,655.590621119613,548.6058349609375,-0.19362318515777588,6.681533336639404
OZC,V02_Deep,12,Test,3873.61988326165,2807.596923828125,-0.364629864692688,148.6473388671875
OZC,V03_Wide,3,Train,766.0954574986071,665.9566650390625,-0.47572457790374756,8.192619323730469
OZC,V03_Wide,3,Test,3456.2534629277407,2341.085693359375,-0.4095940589904785,113.03179168701172
OZC,V03_Wide,6,Train,690.1422634138559,581.880126953125,-0.3040217161178589,7.046054840087891
OZC,V03_Wide,6,Test,3218.1274058060535,2077.167724609375,-0.22205114364624023,105.1524887084961
OZC,V03_Wide,12,Train,674.764889609707,571.2008666992188,-0.2644648551940918,6.925336837768555
OZC,V03_Wide,12,Test,3821.914049269031,2787.546875,-0.32844221591949463,146.3948516845703
OZC,V04_Triple,3,Train,728.5133835421282,640.4253540039062,-0.33448779582977295,7.828294277191162
OZC,V04_Triple,3,Test,3367.5298068465554,2231.748046875,-0.3381531238555908,110.16285705566406
OZC,V04_Triple,6,Train,671.0367212381152,567.3720092773438,-0.23282146453857422,6.864569187164307
OZC,V04_Triple,6,Test,3231.3789626102352,2072.916259765625,-0.23213613033294678,106.08870697021484
OZC,V04_Triple,12,Train,658.6334337095255,550.1658935546875,-0.20472896099090576,6.700839996337891
OZC,V04_Triple,12,Test,3890.3692626793154,2802.637451171875,-0.37645649909973145,149.48976135253906
OZC,V05_Bidir,3,Train,724.8388182899699,611.7151489257812,-0.32105958461761475,7.507141590118408
OZC,V05_Bidir,3,Test,3154.4297424415718,2174.998046875,-0.17415285110473633,101.33592987060547
OZC,V05_Bidir,6,Train,685.8080088479574,572.626953125,-0.2876940965652466,6.932829856872559
OZC,V05_Bidir,6,Test,3174.9683462989046,2070.381591796875,-0.18949246406555176,103.3447494506836
OZC,V05_Bidir,12,Train,705.5609027575154,604.2887573242188,-0.3825181722640991,7.24341344833374
OZC,V05_Bidir,12,Test,3797.8733522854604,2771.21875,-0.3117823600769043,145.7515411376953
OZC,V06_Pyramid,3,Train,720.4476256120219,624.00146484375,-0.3051016330718994,7.68063497543335
OZC,V06_Pyramid,3,Test,3407.101113850307,2268.955322265625,-0.36978673934936523,111.65998077392578
OZC,V06_Pyramid,6,Train,676.864923747715,574.3023071289062,-0.2543294429779053,6.942502498626709
OZC,V06_Pyramid,6,Test,3225.809510805001,2071.018310546875,-0.22789239883422852,105.88599395751953
OZC,V06_Pyramid,12,Train,662.391005185004,555.2294921875,-0.21851444244384766,6.74754524230957
OZC,V06_Pyramid,12,Test,3879.52136223014,2799.255126953125,-0.36879098415374756,149.07931518554688
OZC,V07_DenseLSTM,3,Train,762.6196217643499,668.307861328125,-0.4623638391494751,8.19295597076416
OZC,V07_DenseLSTM,3,Test,3373.1713564537454,2290.478515625,-0.3426402807235718,109.91990661621094
OZC,V07_DenseLSTM,6,Train,661.4771585247672,531.0524291992188,-0.1979461908340454,6.514254093170166
OZC,V07_DenseLSTM,6,Test,3269.300383874201,2085.43115234375,-0.2612248659133911,106.97483825683594
OZC,V07_DenseLSTM,12,Train,667.8885105315107,562.3914794921875,-0.23882436752319336,6.8267083168029785
OZC,V07_DenseLSTM,12,Test,3855.9657674829014,2799.08740234375,-0.35221946239471436,147.92330932617188
OZC,V08_Lite,3,Train,712.2288519148884,601.742919921875,-0.2754945755004883,7.410956382751465
OZC,V08_Lite,3,Test,3272.376812043503,2218.88330078125,-0.2635997533798218,106.25957489013672
OZC,V08_Lite,6,Train,675.9543484955178,562.2970581054688,-0.2509568929672241,6.816605567932129
OZC,V08_Lite,6,Test,3190.5164158800376,2076.07470703125,-0.2011711597442627,103.96531677246094
OZC,V08_Lite,12,Train,645.7204551893954,533.1716918945312,-0.1579529047012329,6.532270431518555
OZC,V08_Lite,12,Test,3894.9413346031283,2823.339111328125,-0.37969374656677246,149.34738159179688
OZC,V09_BiDeep,3,Train,725.0237927130391,609.7229614257812,-0.3217339515686035,7.4988789558410645
OZC,V09_BiDeep,3,Test,3123.43881002974,2165.036865234375,-0.15119504928588867,100.03589630126953
OZC,V09_BiDeep,6,Train,672.9403762592939,555.1223754882812,-0.23982608318328857,6.745142459869385
OZC,V09_BiDeep,6,Test,3174.3569427523425,2071.633056640625,-0.1890343427658081,103.3307876586914
OZC,V09_BiDeep,12,Train,670.1782878458538,565.7703857421875,-0.24733340740203857,6.854433059692383
OZC,V09_BiDeep,12,Test,3807.5993749342906,2782.563720703125,-0.31850969791412354,145.8162841796875
OZC,V10_Mixed,3,Train,730.2803400064937,616.089111328125,-0.3409689664840698,7.560359477996826
OZC,V10_Mixed,3,Test,3134.2065981680275,2169.329345703125,-0.15914607048034668,100.4862060546875
OZC,V10_Mixed,6,Train,674.572665655821,547.1241455078125,-0.24584805965423584,6.667774200439453
OZC,V10_Mixed,6,Test,3162.438299793373,2075.583251953125,-0.1801222562789917,102.5768051147461
OZC,V10_Mixed,12,Train,657.914080636674,551.7835693359375,-0.20209884643554688,6.716869831085205
OZC,V10_Mixed,12,Test,3801.1008931624006,2789.645751953125,-0.31401288509368896,145.26524353027344
RXS,V01_Simple,3,Train,1702.0179199996692,1284.5960693359375,0.23513829708099365,19.66036605834961
RXS,V01_Simple,3,Test,2077.0294894391845,1392.1900634765625,-0.2629704475402832,22.96279525756836
RXS,V01_Simple,6,Train,1570.3366677244724,1048.6322021484375,-0.06459033489227295,14.770467758178711
RXS,V01_Simple,6,Test,2340.235351412332,1488.3697509765625,-0.6033449172973633,25.183673858642578
RXS,V01_Simple,12,Train,1483.4879507431126,1077.8961181640625,-0.2099820375442505,14.771344184875488
RXS,V01_Simple,12,Test,2754.615762679071,1913.802734375,-0.8967548608779907,33.5035400390625
RXS,V02_Deep,3,Train,1747.6308963851607,1325.5594482421875,0.19359338283538818,20.52431297302246
RXS,V02_Deep,3,Test,2138.565523896801,1437.6942138671875,-0.33891499042510986,23.716005325317383
RXS,V02_Deep,6,Train,1524.38749994875,1060.07275390625,-0.0032004117965698242,14.814345359802246
RXS,V02_Deep,6,Test,2196.068191108828,1390.0438232421875,-0.41188549995422363,23.622371673583984
RXS,V02_Deep,12,Train,1501.2548084852217,1043.423828125,-0.23913800716400146,14.527456283569336
RXS,V02_Deep,12,Test,2849.41046534191,1994.134765625,-1.0295474529266357,34.81947708129883
RXS,V03_Wide,3,Train,1713.3986693119614,1349.9678955078125,0.2248753309249878,19.874839782714844
RXS,V03_Wide,3,Test,1933.3105673946957,1411.355224609375,-0.09423625469207764,22.351247787475586
RXS,V03_Wide,6,Train,1667.443927093202,1095.854248046875,-0.2003265619277954,15.352858543395996
RXS,V03_Wide,6,Test,2497.1713998041864,1703.366943359375,-0.8255956172943115,27.963441848754883
RXS,V03_Wide,12,Train,1561.0147340752426,1112.407958984375,-0.3397533893585205,15.282048225402832
RXS,V03_Wide,12,Test,3022.3264218148242,2211.018310546875,-1.2833468914031982,37.832942962646484
RXS,V04_Triple,3,Train,1891.9770743854165,1448.1942138671875,0.054881155490875244,23.3489933013916
RXS,V04_Triple,3,Test,2365.267743829438,1543.711181640625,-0.6378287076950073,25.790578842163086
RXS,V04_Triple,6,Train,1533.1789686791299,1030.9658203125,-0.014805078506469727,14.866135597229004
RXS,V04_Triple,6,Test,2354.536578607349,1457.6573486328125,-0.6230007410049438,24.99314308166504
RXS,V04_Triple,12,Train,1530.0944415296724,1100.337158203125,-0.2872037887573242,15.032419204711914
RXS,V04_Triple,12,Test,2770.609319265349,1903.199951171875,-0.9188443422317505,33.55699157714844
RXS,V05_Bidir,3,Train,1657.2778131622954,1246.897705078125,0.27482086420059204,19.2940616607666
RXS,V05_Bidir,3,Test,2015.0467116173759,1333.9676513671875,-0.18871593475341797,22.061309814453125
RXS,V05_Bidir,6,Train,1585.9631931416316,1080.9998779296875,-0.08588337898254395,15.0632963180542
RXS,V05_Bidir,6,Test,2272.1523936567282,1435.625,-0.5114116668701172,24.334760665893555
RXS,V05_Bidir,12,Train,1505.1064746389206,1165.8094482421875,-0.2455044984817505,15.525958061218262
RXS,V05_Bidir,12,Test,2575.2907602831956,1846.928466796875,-0.6578364372253418,31.91143798828125
RXS,V06_Pyramid,3,Train,1851.1350572013919,1414.8587646484375,0.09524518251419067,22.47555160522461
RXS,V06_Pyramid,3,Test,2317.9119914267667,1514.5599365234375,-0.5729023218154907,25.29560089111328
RXS,V06_Pyramid,6,Train,1561.0473247150453,1038.7491455078125,-0.0520322322845459,14.73726749420166
RXS,V06_Pyramid,6,Test,2347.1828859294283,1446.711181640625,-0.612878680229187,24.853050231933594
RXS,V06_Pyramid,12,Train,1537.2026541741334,1056.8463134765625,-0.29919135570526123,14.722553253173828
RXS,V06_Pyramid,12,Test,2758.7202649054507,1896.139892578125,-0.9024115800857544,33.41740798950195
RXS,V07_DenseLSTM,3,Train,1756.4489744937084,1324.3289794921875,0.1854349970817566,20.332265853881836
RXS,V07_DenseLSTM,3,Test,2164.624563290364,1447.9696044921875,-0.3717437982559204,23.928342819213867
RXS,V07_DenseLSTM,6,Train,1614.2852907711201,1055.9466552734375,-0.12501299381256104,14.750959396362305
RXS,V07_DenseLSTM,6,Test,2395.0403963190265,1546.6317138671875,-0.679320216178894,26.013565063476562
RXS,V07_DenseLSTM,12,Train,1570.2278497084428,1105.9974365234375,-0.35561442375183105,15.20580768585205
RXS,V07_DenseLSTM,12,Test,2999.9313325474636,2179.24951171875,-1.249633550643921,37.420536041259766
RXS,V08_Lite,3,Train,1637.9265856563902,1276.05126953125,0.29165709018707275,19.089263916015625
RXS,V08_Lite,3,Test,1845.2950306116363,1352.8724365234375,0.0031278133392333984,21.383792877197266
RXS,V08_Lite,6,Train,1541.2872055525538,1052.8997802734375,-0.025567173957824707,14.629286766052246
RXS,V08_Lite,6,Test,2214.8751657824873,1386.3897705078125,-0.43617165088653564,23.608205795288086
RXS,V08_Lite,12,Train,1456.7243218948463,1022.3453369140625,-0.16671717166900635,14.229056358337402
RXS,V08_Lite,12,Test,2672.58620066781,1867.671142578125,-0.7854701280593872,32.64795684814453
RXS,V09_BiDeep,3,Train,1626.0295969016063,1228.8780517578125,0.30190980434417725,18.712732315063477
RXS,V09_BiDeep,3,Test,1963.7480108201255,1305.1827392578125,-0.12896215915679932,21.550926208496094
RXS,V09_BiDeep,6,Train,1570.3204290844592,1048.8316650390625,-0.06456828117370605,14.689557075500488
RXS,V09_BiDeep,6,Test,2286.000874890471,1452.2706298828125,-0.5298914909362793,24.570377349853516
RXS,V09_BiDeep,12,Train,1479.1254172652161,1046.267822265625,-0.20287597179412842,14.484490394592285
RXS,V09_BiDeep,12,Test,2722.116639675824,1882.6839599609375,-0.8522628545761108,33.04477310180664
RXS,V10_Mixed,3,Train,1662.2577267078652,1249.0618896484375,0.27045613527297974,19.09062957763672
RXS,V10_Mixed,3,Test,2058.1857302002654,1372.2181396484375,-0.24015796184539795,22.60057830810547
RXS,V10_Mixed,6,Train,1600.6689226695194,1050.66357421875,-0.10611414909362793,14.933111190795898
RXS,V10_Mixed,6,Test,2383.4393216526405,1630.814697265625,-0.6630911827087402,26.68817901611328
RXS,V10_Mixed,12,Train,1462.6164056238395,1099.931884765625,-0.17617440223693848,14.869171142578125
RXS,V10_Mixed,12,Test,2571.893660321126,1823.603515625,-0.6534656286239624,31.647523880004883
DPL,V01_Simple,3,Train,1673.5539280226376,1107.2135009765625,0.09993797540664673,15.299452781677246
DPL,V01_Simple,3,Test,2055.8814411341914,1512.334228515625,0.1655760407447815,41.35549545288086
DPL,V01_Simple,6,Train,1906.5274060448226,1310.0966796875,-0.04174482822418213,19.83639907836914
DPL,V01_Simple,6,Test,2582.797127147233,1646.0599365234375,-0.3169558048248291,51.346248626708984
DPL,V01_Simple,12,Train,2130.787061158388,1100.930419921875,-0.019411087036132812,16.768478393554688
DPL,V01_Simple,12,Test,3520.0468746878923,2548.0107421875,-1.1911711692810059,81.1109848022461
DPL,V02_Deep,3,Train,1857.267212869489,1288.59521484375,-0.10851550102233887,19.186206817626953
DPL,V02_Deep,3,Test,2520.8273443455028,1710.121826171875,-0.25451767444610596,50.495975494384766
DPL,V02_Deep,6,Train,2272.3158891316148,1648.47509765625,-0.4798327684402466,26.257965087890625
DPL,V02_Deep,6,Test,3344.4434514579552,2464.318603515625,-1.2081995010375977,68.16288757324219
DPL,V02_Deep,12,Train,2115.9421069585055,1090.544677734375,-0.005256295204162598,16.560277938842773
DPL,V02_Deep,12,Test,3556.561260543673,2585.898193359375,-1.2368659973144531,81.86296081542969
DPL,V03_Wide,3,Train,1748.966909349631,1127.958740234375,0.016993939876556396,16.248035430908203
DPL,V03_Wide,3,Test,2279.9075639156954,1556.951171875,-0.026183605194091797,45.94539260864258
DPL,V03_Wide,6,Train,2010.5673950405144,1421.3837890625,-0.15854406356811523,22.05897331237793
DPL,V03_Wide,6,Test,2972.2329989420414,1954.59765625,-0.7440395355224609,58.932960510253906
DPL,V03_Wide,12,Train,2029.9219812593783,1172.4044189453125,0.07481634616851807,17.42233657836914
DPL,V03_Wide,12,Test,3501.875925843176,2553.00634765625,-1.168607234954834,80.69435119628906
DPL,V04_Triple,3,Train,1863.1977216602643,1271.9046630859375,-0.11560606956481934,19.193723678588867
DPL,V04_Triple,3,Test,2450.734277721679,1637.7528076171875,-0.1857224702835083,49.0694465637207
DPL,V04_Triple,6,Train,2390.8673112492042,1701.4615478515625,-0.638272762298584,27.442941665649414
DPL,V04_Triple,6,Test,3347.5387973853267,2416.82861328125,-1.2122888565063477,67.99935913085938
DPL,V04_Triple,12,Train,2251.5401395489266,1152.3988037109375,-0.13822638988494873,17.848461151123047
DPL,V04_Triple,12,Test,3671.658344672064,2659.16552734375,-1.3839871883392334,84.52204132080078
DPL,V05_Bidir,3,Train,1637.6721283578102,1007.8113403320312,0.13811975717544556,14.171448707580566
DPL,V05_Bidir,3,Test,2148.9681244727667,1476.7535400390625,0.08830291032791138,43.381656646728516
DPL,V05_Bidir,6,Train,1982.4341729298353,1410.8863525390625,-0.126348614692688,21.885093688964844
DPL,V05_Bidir,6,Test,2918.6263892454613,1961.712158203125,-0.6816965341567993,58.14952850341797
DPL,V05_Bidir,12,Train,2045.2221150769908,1074.472412109375,0.06081700325012207,16.098146438598633
DPL,V05_Bidir,12,Test,3494.3910771406227,2542.75244140625,-1.1593468189239502,80.48577117919922
DPL,V06_Pyramid,3,Train,1895.2344182184956,1316.5162353515625,-0.15430045127868652,19.897897720336914
DPL,V06_Pyramid,3,Test,2516.860842398721,1699.049072265625,-0.25057291984558105,50.47662353515625
DPL,V06_Pyramid,6,Train,2153.632861004865,1460.9219970703125,-0.3292865753173828,23.20378303527832
DPL,V06_Pyramid,6,Test,2981.505492196853,1883.1646728515625,-0.7549382448196411,58.5734977722168
DPL,V06_Pyramid,12,Train,2207.847934075171,1126.9681396484375,-0.09447932243347168,17.324172973632812
DPL,V06_Pyramid,12,Test,3425.4050855336804,2447.62158203125,-1.0749292373657227,78.92176055908203
DPL,V07_DenseLSTM,3,Train,1886.956411791221,1322.9696044921875,-0.14423894882202148,19.8214054107666
DPL,V07_DenseLSTM,3,Test,2572.9354830620996,1746.3153076171875,-0.30691826343536377,51.441471099853516
DPL,V07_DenseLSTM,6,Train,2186.9861682232927,1598.0830078125,-0.3707786798477173,25.21417808532715
DPL,V07_DenseLSTM,6,Test,3333.8450773843706,2446.063720703125,-1.1942265033721924,67.85891723632812
DPL,V07_DenseLSTM,12,Train,2115.740414134021,1106.5513916015625,-0.005064725875854492,16.77682876586914
DPL,V07_DenseLSTM,12,Test,3652.1204799403868,2667.158935546875,-1.3586831092834473,83.98095703125
DPL,V08_Lite,3,Train,1675.0908184334364,1117.1998291015625,0.09828412532806396,15.503393173217773
DPL,V08_Lite,3,Test,2072.783997429544,1553.2489013671875,0.15179908275604248,41.61616134643555
DPL,V08_Lite,6,Train,1825.8953283252574,1227.0079345703125,0.04450809955596924,18.381458282470703
DPL,V08_Lite,6,Test,2493.144500425116,1601.7891845703125,-0.22711575031280518,49.639801025390625
DPL,V08_Lite,12,Train,2133.830124447586,1090.6519775390625,-0.022324800491333008,16.5792293548584
DPL,V08_Lite,12,Test,3167.261119642648,2227.16357421875,-0.7739735841751099,72.83333587646484
DPL,V09_BiDeep,3,Train,1745.7270691605834,1171.2803955078125,0.020632505416870117,17.124670028686523
DPL,V09_BiDeep,3,Test,2421.5983358104622,1611.552734375,-0.15769672393798828,48.068660736083984
DPL,V09_BiDeep,6,Train,2002.771766827164,1433.1322021484375,-0.14957726001739502,22.22345542907715
DPL,V09_BiDeep,6,Test,3004.7826876498075,2120.564453125,-0.7824474573135376,60.53464889526367
DPL,V09_BiDeep,12,Train,2029.3302466577488,1083.634521484375,0.07535570859909058,16.131372451782227
DPL,V09_BiDeep,12,Test,3500.7572038060566,2553.00537109375,-1.1672217845916748,80.51741790771484
DPL,V10_Mixed,3,Train,1683.200225760441,1094.3765869140625,0.08953225612640381,15.69869327545166
DPL,V10_Mixed,3,Test,2334.835968542544,1549.9742431640625,-0.0762256383895874,46.34721755981445
DPL,V10_Mixed,6,Train,2052.5962827599587,1500.720703125,-0.20748662948608398,23.293020248413086
DPL,V10_Mixed,6,Test,3169.692571843522,2360.01171875,-0.983466625213623,64.56912231445312
DPL,V10_Mixed,12,Train,1932.5687568622236,1116.591796875,0.16143029928207397,16.19023895263672
DPL,V10_Mixed,12,Test,3206.164686974142,2312.35107421875,-0.8178207874298096,73.91511535644531
IAO,V01_Simple,3,Train,1034.944201394452,810.5762939453125,0.40288394689559937,14.99347972869873
IAO,V01_Simple,3,Test,3195.514356093554,2772.54150390625,-0.00375211238861084,464.40423583984375
IAO,V01_Simple,6,Train,907.6088089039242,713.1065063476562,0.5644469261169434,14.003753662109375
IAO,V01_Simple,6,Test,3414.96910674167,2670.998046875,-0.14635324478149414,609.418701171875
IAO,V01_Simple,12,Train,1248.5384956019577,1083.2945556640625,0.523622989654541,23.019813537597656
IAO,V01_Simple,12,Test,4924.112508868984,3612.856201171875,-1.2099459171295166,1073.5767822265625
IAO,V02_Deep,3,Train,936.4207120733714,771.2786254882812,0.5111598372459412,15.151032447814941
IAO,V02_Deep,3,Test,3166.44832580606,2677.405029296875,0.01442486047744751,510.1304016113281
IAO,V02_Deep,6,Train,1018.1178406746441,845.053466796875,0.45192521810531616,16.61452293395996
IAO,V02_Deep,6,Test,3544.3882405853906,2811.859375,-0.2348877191543579,629.1300659179688
IAO,V02_Deep,12,Train,1277.0223177376345,1106.507568359375,0.501639187335968,23.697298049926758
IAO,V02_Deep,12,Test,5210.297496304794,3839.29443359375,-1.4742910861968994,1126.4322509765625
IAO,V03_Wide,3,Train,933.0817890195907,743.1121215820312,0.514639675617218,14.339123725891113
IAO,V03_Wide,3,Test,3181.5026324050086,2692.783935546875,0.005031168460845947,512.426025390625
IAO,V03_Wide,6,Train,959.2109713196571,767.28662109375,0.513512134552002,16.008291244506836
IAO,V03_Wide,6,Test,3749.6689187180245,2782.68359375,-0.3820723295211792,683.832275390625
IAO,V03_Wide,12,Train,1195.4767877294817,1035.2685546875,0.5632537007331848,22.066680908203125
IAO,V03_Wide,12,Test,5491.1740092625005,4114.1591796875,-1.7482492923736572,1167.64990234375
IAO,V04_Triple,3,Train,1062.0187145243722,883.204833984375,0.37123382091522217,17.036991119384766
IAO,V04_Triple,3,Test,3279.8118848494955,2845.32861328125,-0.05740845203399658,482.1156005859375
IAO,V04_Triple,6,Train,1137.7652987325637,967.4985961914062,0.3155384659767151,18.48690414428711
IAO,V04_Triple,6,Test,3474.428010478847,2900.906982421875,-0.18661963939666748,572.5651245117188
IAO,V04_Triple,12,Train,1480.0877507769599,1220.718505859375,0.33054429292678833,27.177711486816406
IAO,V04_Triple,12,Test,5190.1999961465835,3784.484375,-1.4552397727966309,1129.73974609375
IAO,V05_Bidir,3,Train,871.0259755024531,698.4684448242188,0.5770519375801086,13.463704109191895
IAO,V05_Bidir,3,Test,2980.7450410929146,2514.02294921875,0.12663745880126953,479.6337585449219
IAO,V05_Bidir,6,Train,910.978869129246,728.6393432617188,0.5612063407897949,14.699645042419434
IAO,V05_Bidir,6,Test,3444.397625129828,2682.887939453125,-0.16619586944580078,616.4353637695312
IAO,V05_Bidir,12,Train,1143.989619708151,1004.9542846679688,0.6000634431838989,21.085893630981445
IAO,V05_Bidir,12,Test,5089.439654814663,3798.24462890625,-1.360835313796997,1089.521728515625
IAO,V06_Pyramid,3,Train,1017.7755769323609,851.509765625,0.4225307106971741,16.713178634643555
IAO,V06_Pyramid,3,Test,3242.6853069639674,2746.39892578125,-0.03360474109649658,497.96844482421875
IAO,V06_Pyramid,6,Train,1169.4695913105222,975.024658203125,0.276861310005188,18.241588592529297
IAO,V06_Pyramid,6,Test,3483.3900154877865,2967.389892578125,-0.19274914264678955,559.310791015625
IAO,V06_Pyramid,12,Train,1522.4015567517001,1230.177978515625,0.2917194366455078,27.794689178466797
IAO,V06_Pyramid,12,Test,5335.764987328434,3903.930908203125,-1.594890832901001,1154.4473876953125
IAO,V07_DenseLSTM,3,Train,878.3340409548067,739.195068359375,0.5699249505996704,15.323497772216797
IAO,V07_DenseLSTM,3,Test,3212.6048621017803,2620.90185546875,-0.014517426490783691,548.0321655273438
IAO,V07_DenseLSTM,6,Train,1031.0361899564923,844.973388671875,0.4379284977912903,18.578914642333984
IAO,V07_DenseLSTM,6,Test,4005.1932537644175,2791.752685546875,-0.5768553018569946,737.866943359375
IAO,V07_DenseLSTM,12,Train,1221.7070025173794,1047.457763671875,0.5438779592514038,22.5272216796875
IAO,V07_DenseLSTM,12,Test,5681.017338470285,4331.88671875,-1.9415616989135742,1201.115478515625
IAO,V08_Lite,3,Train,1045.5367042815858,812.7981567382812,0.3905986547470093,14.925707817077637
IAO,V08_Lite,3,Test,3233.1102672194775,2822.030517578125,-0.027509689331054688,465.3203125
IAO,V08_Lite,6,Train,975.0325315085646,800.205810546875,0.4973312020301819,15.365156173706055
IAO,V08_Lite,6,Test,3286.2822459429744,2706.599609375,-0.0615847110748291,556.75244140625
IAO,V08_Lite,12,Train,1275.5086240398377,1111.2509765625,0.5028199553489685,23.05999183654785
IAO,V08_Lite,12,Test,4518.57366875876,3215.598388671875,-0.860923171043396,1004.60888671875
IAO,V09_BiDeep,3,Train,826.9225326474059,682.3726806640625,0.6187986135482788,13.672780990600586
IAO,V09_BiDeep,3,Test,3002.5519146219603,2484.9375,0.11381185054779053,504.529052734375
IAO,V09_BiDeep,6,Train,890.9022463211102,712.2960815429688,0.580333948135376,15.006340026855469
IAO,V09_BiDeep,6,Test,3521.4796605972324,2614.395751953125,-0.21897637844085693,639.9554443359375
IAO,V09_BiDeep,12,Train,1186.6644428818115,1017.0037231445312,0.5696688890457153,21.948442459106445
IAO,V09_BiDeep,12,Test,5177.258540965479,3861.300048828125,-1.4430110454559326,1104.5517578125
IAO,V10_Mixed,3,Train,814.3611760146722,681.2340087890625,0.6302919387817383,13.84676742553711
IAO,V10_Mixed,3,Test,2956.2931180787878,2433.377685546875,0.1409076452255249,499.9967956542969
IAO,V10_Mixed,6,Train,869.089573922044,695.57763671875,0.6006324291229248,14.623786926269531
IAO,V10_Mixed,6,Test,3589.5655726006735,2615.563720703125,-0.2665684223175049,651.5885620117188
IAO,V10_Mixed,12,Train,1098.6606050095725,942.6832885742188,0.6311293840408325,19.96428108215332
IAO,V10_Mixed,12,Test,5266.500356023913,4025.06005859375,-1.527958631515503,1109.906982421875
CYZ,V01_Simple,3,Train,1213.1091253469326,699.2086181640625,0.059226274490356445,10.906222343444824
CYZ,V01_Simple,3,Test,3326.487336515803,3003.2421875,0.054519832134246826,424924992.0
CYZ,V01_Simple,6,Train,1338.8221969328115,742.7472534179688,-0.04814720153808594,11.215180397033691
CYZ,V01_Simple,6,Test,3510.0850417048305,3126.759521484375,-0.052727580070495605,468819712.0
CYZ,V01_Simple,12,Train,1436.1231667235231,1189.80615234375,0.4065128564834595,18.830013275146484
CYZ,V01_Simple,12,Test,4402.198314478801,3123.55126953125,-1.062856674194336,918191424.0
CYZ,V02_Deep,3,Train,1200.062654614333,701.72607421875,0.0793527364730835,11.04079818725586
CYZ,V02_Deep,3,Test,3298.322149214658,2937.564697265625,0.07046264410018921,433395744.0
CYZ,V02_Deep,6,Train,1301.7140142903893,742.6775512695312,0.009150564670562744,11.403908729553223
CYZ,V02_Deep,6,Test,3519.7521219540445,2942.55517578125,-0.05853414535522461,510947136.0
CYZ,V02_Deep,12,Train,1588.117202853744,1363.5435791015625,0.2742399573326111,22.132400512695312
CYZ,V02_Deep,12,Test,4886.623783349809,3417.65771484375,-1.5418367385864258,1035343232.0
CYZ,V03_Wide,3,Train,1186.710843044758,697.7382202148438,0.09972482919692993,11.006808280944824
CYZ,V03_Wide,3,Test,3256.8401864383827,2852.13916015625,0.09369665384292603,439929504.0
CYZ,V03_Wide,6,Train,1298.1952857717517,736.5607299804688,0.014500141143798828,11.252423286437988
CYZ,V03_Wide,6,Test,3501.56836289112,2866.876708984375,-0.047625064849853516,514116288.0
CYZ,V03_Wide,12,Train,1520.712744077592,1263.24462890625,0.3345394730567932,20.002857208251953
CYZ,V03_Wide,12,Test,4826.814270302929,3429.362548828125,-1.4799962043762207,1010886272.0
CYZ,V04_Triple,3,Train,1245.1110894213416,727.3684692382812,0.008936166763305664,11.45177936553955
CYZ,V04_Triple,3,Test,3451.4731637374784,3162.00048828125,-0.017863869667053223,425942016.0
CYZ,V04_Triple,6,Train,1362.0800270175023,764.7504272460938,-0.08488011360168457,11.667032241821289
CYZ,V04_Triple,6,Test,3612.042912258934,3239.96337890625,-0.11477315425872803,479267360.0
CYZ,V04_Triple,12,Train,1756.3642133680587,1448.4146728515625,0.11231863498687744,22.927757263183594
CYZ,V04_Triple,12,Test,4312.3705777681025,2990.41259765625,-0.979529619216919,938176512.0
CYZ,V05_Bidir,3,Train,1129.8013099656064,671.2894897460938,0.1840011477470398,10.668296813964844
CYZ,V05_Bidir,3,Test,3120.7447829003895,2729.283935546875,0.16785848140716553,421495360.0
CYZ,V05_Bidir,6,Train,1251.6611462372714,719.607421875,0.08388489484786987,11.092521667480469
CYZ,V05_Bidir,6,Test,3370.80598670407,2808.371337890625,0.029158830642700195,486518688.0
CYZ,V05_Bidir,12,Train,1539.2344688188346,1306.0186767578125,0.3182305693626404,21.011587142944336
CYZ,V05_Bidir,12,Test,4604.6122529481245,3192.209716796875,-1.2569191455841064,970104192.0
CYZ,V06_Pyramid,3,Train,1213.7050197638634,731.3120727539062,0.05830186605453491,11.702117919921875
CYZ,V06_Pyramid,3,Test,3380.797095360797,3044.48291015625,0.023395121097564697,436922688.0
CYZ,V06_Pyramid,6,Train,1363.1566307655185,760.7890625,-0.08659577369689941,11.564838409423828
CYZ,V06_Pyramid,6,Test,3607.2495062027524,3231.61767578125,-0.11181640625,479627936.0
CYZ,V06_Pyramid,12,Train,1729.2378378927522,1430.265625,0.13952672481536865,22.670940399169922
CYZ,V06_Pyramid,12,Test,4382.269503350974,3014.09326171875,-1.0442218780517578,951095616.0
CYZ,V07_DenseLSTM,3,Train,1134.7302542895382,699.1760864257812,0.17686569690704346,11.331055641174316
CYZ,V07_DenseLSTM,3,Test,3185.0521188828293,2689.02734375,0.13321024179458618,451552960.0
CYZ,V07_DenseLSTM,6,Train,1313.948391300054,748.2456665039062,-0.009562253952026367,11.488481521606445
CYZ,V07_DenseLSTM,6,Test,3543.4704739845088,2995.135498046875,-0.07284832000732422,509290496.0
CYZ,V07_DenseLSTM,12,Train,1590.792255450095,1347.8726806640625,0.2717929482460022,21.66215705871582
CYZ,V07_DenseLSTM,12,Test,4855.886736735115,3391.067626953125,-1.509960651397705,1029751168.0
CYZ,V08_Lite,3,Train,1184.5563515510776,685.6776123046875,0.10299080610275269,10.700791358947754
CYZ,V08_Lite,3,Test,3215.383336400187,2878.91064453125,0.11662274599075317,416009568.0
CYZ,V08_Lite,6,Train,1387.8588274748984,757.7565307617188,-0.12633371353149414,11.323758125305176
CYZ,V08_Lite,6,Test,3595.232120461765,3285.892333984375,-0.10442078113555908,451016960.0
CYZ,V08_Lite,12,Train,1512.2436146335683,1224.54638671875,0.34193092584609985,19.084537506103516
CYZ,V08_Lite,12,Test,4019.474965713806,2685.25927734375,-0.7197625637054443,852364416.0
CYZ,V09_BiDeep,3,Train,1117.8697934017182,668.312744140625,0.20114517211914062,10.650343894958496
CYZ,V09_BiDeep,3,Test,3083.9764914797906,2631.091064453125,0.18735134601593018,428029856.0
CYZ,V09_BiDeep,6,Train,1226.0098388675353,720.7847290039062,0.12104946374893188,11.257553100585938
CYZ,V09_BiDeep,6,Test,3421.0564157873805,2704.417236328125,-2.7418136596679688e-06,513829664.0
CYZ,V09_BiDeep,12,Train,1443.238026106574,1251.3443603515625,0.400617778301239,20.451644897460938
CYZ,V09_BiDeep,12,Test,4634.596854096373,3339.208251953125,-1.2864081859588623,966396096.0
CYZ,V10_Mixed,3,Train,1106.473677951717,669.6594848632812,0.21735000610351562,10.763771057128906
CYZ,V10_Mixed,3,Test,3077.472989320946,2635.814208984375,0.19077515602111816,426119360.0
CYZ,V10_Mixed,6,Train,1224.912088682286,712.0076293945312,0.1226227879524231,11.047340393066406
CYZ,V10_Mixed,6,Test,3358.654492501424,2704.770751953125,0.03614574670791626,496455136.0
CYZ,V10_Mixed,12,Train,1248.261491034631,1139.7054443359375,0.5516273975372314,19.53662109375
CYZ,V10_Mixed,12,Test,5353.806496316429,4382.82470703125,-2.051091194152832,1050187712.0
ZAM,V01_Simple,3,Train,3273.1744530348515,2473.055908203125,0.3553003668785095,70.29735565185547
ZAM,V01_Simple,3,Test,3035.5057239280573,2356.94287109375,-6.787256240844727,89.72288513183594
ZAM,V01_Simple,6,Train,3882.226551864278,3023.371337890625,0.10081750154495239,89.16804504394531
ZAM,V01_Simple,6,Test,4025.3394887884924,3248.03857421875,-12.693906784057617,128.68997192382812
ZAM,V01_Simple,12,Train,3611.1489861261607,3197.87646484375,0.25573140382766724,89.08785247802734
ZAM,V01_Simple,12,Test,1441.8097568680828,1358.818603515625,-0.6751006841659546,43.06684494018555
ZAM,V02_Deep,3,Train,3366.6593234243346,2491.170654296875,0.31794804334640503,73.8280258178711
ZAM,V02_Deep,3,Test,3496.8615929144235,2686.880615234375,-9.334257125854492,104.2744369506836
ZAM,V02_Deep,6,Train,4115.926870098641,3276.38671875,-0.010698080062866211,96.49993896484375
ZAM,V02_Deep,6,Test,4496.086075688499,3763.06591796875,-16.08407974243164,147.3050994873047
ZAM,V02_Deep,12,Train,4623.289088949555,3893.966064453125,-0.21994709968566895,93.95655059814453
ZAM,V02_Deep,12,Test,2455.6317924314303,2167.093994140625,-3.8590517044067383,78.5718002319336
ZAM,V03_Wide,3,Train,3343.6212405115507,2476.42041015625,0.3272506594657898,69.52560424804688
ZAM,V03_Wide,3,Test,3172.443852931049,2458.93505859375,-7.505703926086426,93.75745391845703
ZAM,V03_Wide,6,Train,4027.520453082765,3065.699462890625,0.0322534441947937,81.67499542236328
ZAM,V03_Wide,6,Test,3767.1529037192,3058.05419921875,-10.99358081817627,120.285888671875
ZAM,V03_Wide,12,Train,3890.711374543221,3364.22802734375,0.13603347539901733,89.23323059082031
ZAM,V03_Wide,12,Test,1423.4243042747303,1218.4345703125,-0.6326525211334229,43.38384246826172
ZAM,V04_Triple,3,Train,3505.151637233402,2672.432861328125,0.2606794834136963,83.55108642578125
ZAM,V04_Triple,3,Test,3554.7295255757504,2753.048583984375,-9.679120063781738,108.99662017822266
ZAM,V04_Triple,6,Train,4288.791438155976,3543.372802734375,-0.09737730026245117,110.7879409790039
ZAM,V04_Triple,6,Test,4778.077019052748,4111.662109375,-18.294282913208008,159.4861297607422
ZAM,V04_Triple,12,Train,4743.479102936999,4013.798095703125,-0.2842005491256714,99.45462799072266
ZAM,V04_Triple,12,Test,2391.564550665526,2213.5478515625,-3.6088147163391113,77.03355407714844
ZAM,V05_Bidir,3,Train,3180.4012325491262,2421.84814453125,0.39132851362228394,73.25108337402344
ZAM,V05_Bidir,3,Test,3156.357077391593,2418.93310546875,-7.419660568237305,93.1556167602539
ZAM,V05_Bidir,6,Train,3980.2184613410354,3088.757568359375,0.05485177040100098,88.60484313964844
ZAM,V05_Bidir,6,Test,4204.040675350323,3436.24560546875,-13.936752319335938,135.3858642578125
ZAM,V05_Bidir,12,Train,3672.7443417695167,3291.87109375,0.23012489080429077,97.41387176513672
ZAM,V05_Bidir,12,Test,1610.4361210554116,1489.727294921875,-1.0898351669311523,49.11421203613281
ZAM,V06_Pyramid,3,Train,3520.63176148827,2685.340087890625,0.2541348338127136,85.13619995117188
ZAM,V06_Pyramid,3,Test,3778.699114774819,2922.78173828125,-11.06721305847168,115.49356079101562
ZAM,V06_Pyramid,6,Train,4278.760100776859,3502.114990234375,-0.09224987030029297,106.96317291259766
ZAM,V06_Pyramid,6,Test,4633.189614077974,3987.816162109375,-17.141889572143555,154.70985412597656
ZAM,V06_Pyramid,12,Train,4796.004795660655,4032.352783203125,-0.3127986192703247,97.14057159423828
ZAM,V06_Pyramid,12,Test,2391.0674394504226,2215.88330078125,-3.606898784637451,76.98603057861328
ZAM,V07_DenseLSTM,3,Train,3394.6893819611832,2505.345458984375,0.3065435290336609,77.787109375
ZAM,V07_DenseLSTM,3,Test,3781.670133684322,2867.247802734375,-11.086195945739746,112.53810119628906
ZAM,V07_DenseLSTM,6,Train,4130.610608614664,3249.6318359375,-0.017922282218933105,92.50914001464844
ZAM,V07_DenseLSTM,6,Test,4362.562778917915,3639.84912109375,-15.084432601928711,142.51023864746094
ZAM,V07_DenseLSTM,12,Train,4684.3810690421,3914.26318359375,-0.2524007558822632,91.40514373779297
ZAM,V07_DenseLSTM,12,Test,2450.3513013443603,2168.87646484375,-3.838176727294922,78.48977661132812
ZAM,V08_Lite,3,Train,3380.1646409605555,2633.465576171875,0.31246495246887207,71.6049575805664
ZAM,V08_Lite,3,Test,2699.0817883124623,2148.093505859375,-5.1567912101745605,81.80278778076172
ZAM,V08_Lite,6,Train,3952.1387880488205,3067.20703125,0.06814038753509521,84.81227111816406
ZAM,V08_Lite,6,Test,3384.4089587400636,2760.88134765625,-8.680282592773438,108.97828674316406
ZAM,V08_Lite,12,Train,3464.3621346504756,3156.63037109375,0.31500810384750366,99.20028686523438
ZAM,V08_Lite,12,Test,1523.872698095218,1459.0341796875,-0.8712093830108643,43.870277404785156
ZAM,V09_BiDeep,3,Train,3206.820699696196,2396.25732421875,0.38117408752441406,74.19136810302734
ZAM,V09_BiDeep,3,Test,3375.0402960557376,2573.220458984375,-8.626763343811035,99.67694854736328
ZAM,V09_BiDeep,6,Train,3941.1769815627413,3092.095703125,0.0733025074005127,93.30238342285156
ZAM,V09_BiDeep,6,Test,4428.058265199319,3627.51708984375,-15.571012496948242,142.94607543945312
ZAM,V09_BiDeep,12,Train,4615.719662197868,3937.35107421875,-0.2159557342529297,95.99726104736328
ZAM,V09_BiDeep,12,Test,2621.687242979223,2381.737548828125,-4.538431167602539,84.46577453613281
ZAM,V10_Mixed,3,Train,3167.416139379226,2367.285400390625,0.39628857374191284,73.76377868652344
ZAM,V10_Mixed,3,Test,3397.808705621904,2573.790771484375,-8.757087707519531,99.28616333007812
ZAM,V10_Mixed,6,Train,3818.658795964887,2934.206787109375,0.13002288341522217,92.03258514404297
ZAM,V10_Mixed,6,Test,4513.5349782626035,3610.568603515625,-16.21693992614746,143.13735961914062
ZAM,V10_Mixed,12,Train,3982.285775782547,3307.870361328125,0.09488505125045776,78.4861831665039
ZAM,V10_Mixed,12,Test,1583.9970012597878,1325.4925537109375,-1.0217792987823486,48.934425354003906
VRC,V01_Simple,3,Train,396.3689096031625,266.2414855957031,-2.9688210487365723,5.60320520401001
VRC,V01_Simple,3,Test,969.3266348347187,682.8203735351562,-0.22096800804138184,21.208892822265625
VRC,V01_Simple,6,Train,222.47181176780578,172.0225067138672,-0.15790891647338867,3.696254253387451
VRC,V01_Simple,6,Test,942.439719557702,570.509521484375,-0.15417373180389404,19.129661560058594
VRC,V01_Simple,12,Train,237.44616166091208,182.79159545898438,-0.17995500564575195,3.927126169204712
VRC,V01_Simple,12,Test,1046.4460091184828,618.3798217773438,-0.0925436019897461,22.760435104370117
VRC,V02_Deep,3,Train,410.9444913853938,266.996337890625,-3.2660765647888184,5.623619079589844
VRC,V02_Deep,3,Test,964.949577698234,672.419921875,-0.20996630191802979,21.013336181640625
VRC,V02_Deep,6,Train,340.4864511805132,298.4270324707031,-1.712214708328247,6.257965564727783
VRC,V02_Deep,6,Test,923.7818668387034,701.0725708007812,-0.10892677307128906,21.08608627319336
VRC,V02_Deep,12,Train,259.9512574503151,210.82254028320312,-0.4142264127731323,4.4551520347595215
VRC,V02_Deep,12,Test,1024.3981769800257,674.5147094726562,-0.046990394592285156,23.516401290893555
VRC,V03_Wide,3,Train,445.05480701819187,299.0887756347656,-4.003677845001221,6.280031204223633
VRC,V03_Wide,3,Test,978.4527965108997,714.4465942382812,-0.24406695365905762,21.758501052856445
VRC,V03_Wide,6,Train,336.1562485474575,286.76153564453125,-1.6436669826507568,6.028234958648682
VRC,V03_Wide,6,Test,927.3988152353872,693.2251586914062,-0.11762750148773193,20.989442825317383
VRC,V03_Wide,12,Train,248.52726365783292,194.7381134033203,-0.29265666007995605,4.134280204772949
VRC,V03_Wide,12,Test,1044.1497737393806,682.7831420898438,-0.0877540111541748,23.862186431884766
VRC,V04_Triple,3,Train,416.0704192201123,281.501953125,-3.373166561126709,5.917817115783691
VRC,V04_Triple,3,Test,946.1966299348144,658.3114013671875,-0.16339397430419922,20.599414825439453
VRC,V04_Triple,6,Train,346.8202434258992,299.8955383300781,-1.8140594959259033,6.303937911987305
VRC,V04_Triple,6,Test,904.2850076165147,670.4375,-0.06261181831359863,20.398719787597656
VRC,V04_Triple,12,Train,282.5553043211187,237.42117309570312,-0.6708675622940063,4.990385055541992
VRC,V04_Triple,12,Test,1009.0418103329515,677.2197875976562,-0.01583564281463623,23.39211654663086
VRC,V05_Bidir,3,Train,288.48070505234836,194.23548889160156,-1.1023058891296387,4.1402058601379395
VRC,V05_Bidir,3,Test,982.6752388251166,646.13671875,-0.25482749938964844,20.795896530151367
VRC,V05_Bidir,6,Train,218.37971338645445,172.9271240234375,-0.11570394039154053,3.7480313777923584
VRC,V05_Bidir,6,Test,954.473251327663,546.5829467773438,-0.1838359832763672,18.829174041748047
VRC,V05_Bidir,12,Train,236.66489692706858,181.72286987304688,-0.1722029447555542,3.896026611328125
VRC,V05_Bidir,12,Test,1040.8270149261116,633.9439697265625,-0.08084213733673096,22.985998153686523
VRC,V06_Pyramid,3,Train,410.3074495119483,266.1142883300781,-3.2528605461120605,5.606273174285889
VRC,V06_Pyramid,3,Test,946.8122503960328,639.1265258789062,-0.1649082899093628,20.290193557739258
VRC,V06_Pyramid,6,Train,390.9007426764498,344.6024475097656,-2.5748465061187744,7.220944881439209
VRC,V06_Pyramid,6,Test,908.6247162607893,710.1378173828125,-0.07283532619476318,21.03254508972168
VRC,V06_Pyramid,12,Train,272.13922505309665,221.3197784423828,-0.5499489307403564,4.6681694984436035
VRC,V06_Pyramid,12,Test,1012.6012912296725,661.9300537109375,-0.023015260696411133,23.170991897583008
VRC,V07_DenseLSTM,3,Train,423.4062949756416,251.80947875976562,-3.528735637664795,5.328262805938721
VRC,V07_DenseLSTM,3,Test,976.4373699833492,669.0556640625,-0.23894715309143066,21.13682746887207
VRC,V07_DenseLSTM,6,Train,443.350647766528,393.6512145996094,-3.5985302925109863,8.243048667907715
VRC,V07_DenseLSTM,6,Test,940.816201497402,782.8453369140625,-0.15020060539245605,22.394594192504883
VRC,V07_DenseLSTM,12,Train,323.10512511410275,281.9855041503906,-1.1848559379577637,5.888547420501709
VRC,V07_DenseLSTM,12,Test,1006.8164554674303,742.803466796875,-0.011359930038452148,24.420452117919922
VRC,V08_Lite,3,Train,379.4938034737853,262.954833984375,-2.638075590133667,5.530850410461426
VRC,V08_Lite,3,Test,966.2223152566908,679.9055786132812,-0.21316015720367432,21.117076873779297
VRC,V08_Lite,6,Train,369.29400550239103,330.63824462890625,-2.1905746459960938,6.91389799118042
VRC,V08_Lite,6,Test,925.431520967381,725.2194213867188,-0.11289083957672119,21.45772361755371
VRC,V08_Lite,12,Train,391.88873580392686,348.64654541015625,-2.2141096591949463,7.241230487823486
VRC,V08_Lite,12,Test,1021.0045910768472,817.0966186523438,-0.04006516933441162,25.654617309570312
VRC,V09_BiDeep,3,Train,334.82410260836957,234.28717041015625,-1.8320162296295166,4.9367899894714355
VRC,V09_BiDeep,3,Test,984.8420558647971,692.7103881835938,-0.26036739349365234,21.476394653320312
VRC,V09_BiDeep,6,Train,293.6902332815989,258.19384765625,-1.0179173946380615,5.416441917419434
VRC,V09_BiDeep,6,Test,935.0165105494127,687.8557739257812,-0.1360633373260498,21.007959365844727
VRC,V09_BiDeep,12,Train,429.7769225132964,383.24896240234375,-2.8656389713287354,7.955920696258545
VRC,V09_BiDeep,12,Test,1014.6965063505442,836.4412231445312,-0.027253150939941406,25.797611236572266
VRC,V10_Mixed,3,Train,316.8924921207506,226.45901489257812,-1.5368001461029053,4.771940231323242
VRC,V10_Mixed,3,Test,989.0737459866175,694.4879760742188,-0.2712218761444092,21.51714324951172
VRC,V10_Mixed,6,Train,264.5333450153307,230.0625762939453,-0.637137770652771,4.834383487701416
VRC,V10_Mixed,6,Test,942.3092313566709,671.2962036132812,-0.1538541316986084,20.809162139892578
VRC,V10_Mixed,12,Train,246.04286974021417,199.3970489501953,-0.26694178581237793,4.218664646148682
VRC,V10_Mixed,12,Test,1053.8830580287358,698.0933837890625,-0.10812807083129883,24.20867919921875
USU,V01_Simple,3,Train,407.2916453537931,254.8282012939453,-0.6244879961013794,8.320469856262207
USU,V01_Simple,3,Test,1656.3508837199925,1485.460693359375,-0.7079501152038574,36.73359680175781
USU,V01_Simple,6,Train,388.6372022851132,201.5974884033203,-0.3221266269683838,6.953223705291748
USU,V01_Simple,6,Test,1835.0652576952134,1799.013916015625,-1.0963969230651855,40.16034698486328
USU,V01_Simple,12,Train,775.8775676612902,551.1729736328125,-0.20126307010650635,15.575018882751465
USU,V01_Simple,12,Test,1770.9250407625952,1716.5426025390625,-0.4929955005645752,39.18465042114258
USU,V02_Deep,3,Train,391.6340367613622,220.58154296875,-0.5019876956939697,7.310586452484131
USU,V02_Deep,3,Test,1688.6980932067165,1575.0333251953125,-0.7753112316131592,37.67889404296875
USU,V02_Deep,6,Train,435.9600576601026,269.35931396484375,-0.6637102365493774,8.94497299194336
USU,V02_Deep,6,Test,1867.676698467912,1815.323974609375,-1.1715703010559082,41.45204544067383
USU,V02_Deep,12,Train,871.7345496193208,739.4143676757812,-0.5164225101470947,21.19297218322754
USU,V02_Deep,12,Test,1749.1041992974576,1693.21484375,-0.45642971992492676,39.75061798095703
USU,V03_Wide,3,Train,397.5526694665752,232.9499053955078,-0.5477287769317627,7.674818515777588
USU,V03_Wide,3,Test,1703.067453156216,1544.6639404296875,-0.8056526184082031,37.843936920166016
USU,V03_Wide,6,Train,407.19768310367385,228.9132080078125,-0.45142602920532227,7.752590656280518
USU,V03_Wide,6,Test,1892.9452580568725,1827.5687255859375,-1.2307279109954834,42.3345947265625
USU,V03_Wide,12,Train,799.9394117681663,600.7161254882812,-0.27692651748657227,17.053361892700195
USU,V03_Wide,12,Test,1813.02523424248,1760.2242431640625,-0.5648252964019775,41.897193908691406
USU,V04_Triple,3,Train,408.8308024109729,260.2548828125,-0.636789083480835,8.496674537658691
USU,V04_Triple,3,Test,1662.7690007935557,1599.488525390625,-0.7212119102478027,36.974449157714844
USU,V04_Triple,6,Train,373.1450580873342,186.2808380126953,-0.21882033348083496,6.4483561515808105
USU,V04_Triple,6,Test,1923.096656437216,1869.3292236328125,-1.3023571968078613,39.284366607666016
USU,V04_Triple,12,Train,876.1814167168806,749.0091552734375,-0.5319331884384155,21.478700637817383
USU,V04_Triple,12,Test,1742.3327753331164,1665.965576171875,-0.44517481327056885,37.55591583251953
USU,V05_Bidir,3,Train,394.7236572907684,244.86439514160156,-0.5257796049118042,8.03378963470459
USU,V05_Bidir,3,Test,1577.8818872146292,1435.474609375,-0.5499563217163086,35.102420806884766
USU,V05_Bidir,6,Train,433.2087581351513,271.4680480957031,-0.6427775621414185,9.007680892944336
USU,V05_Bidir,6,Test,1744.6197293393193,1672.1981201171875,-0.8948378562927246,39.25743103027344
USU,V05_Bidir,12,Train,816.7823302447232,650.9432373046875,-0.3312646150588989,18.57542610168457
USU,V05_Bidir,12,Test,1752.456775501182,1702.606201171875,-0.4620182514190674,40.435462951660156
USU,V06_Pyramid,3,Train,364.641819118433,188.87966918945312,-0.3020823001861572,6.315959930419922
USU,V06_Pyramid,3,Test,1709.9624264877868,1676.100341796875,-0.8203027248382568,36.46844482421875
USU,V06_Pyramid,6,Train,377.2282962610308,190.4857177734375,-0.24564075469970703,6.587483882904053
USU,V06_Pyramid,6,Test,1918.771612256133,1861.5181884765625,-1.2920129299163818,38.976009368896484
USU,V06_Pyramid,12,Train,904.5467442316069,790.4910278320312,-0.6327276229858398,22.722585678100586
USU,V06_Pyramid,12,Test,1730.9022936029637,1654.671142578125,-0.42627501487731934,37.4726676940918
USU,V07_DenseLSTM,3,Train,408.31075405259656,248.64923095703125,-0.6326274871826172,8.13742733001709
USU,V07_DenseLSTM,3,Test,1711.792408558935,1558.4974365234375,-0.8242008686065674,38.08734893798828
USU,V07_DenseLSTM,6,Train,398.9613859761368,219.3722381591797,-0.3933044672012329,7.468730926513672
USU,V07_DenseLSTM,6,Test,1899.2645945207319,1855.8062744140625,-1.2456467151641846,41.767269134521484
USU,V07_DenseLSTM,12,Train,875.8586144464185,745.8568115234375,-0.5308045148849487,21.390687942504883
USU,V07_DenseLSTM,12,Test,1751.2807456258977,1695.419189453125,-0.4600566625595093,40.18564987182617
USU,V08_Lite,3,Train,365.4270404266767,198.56300354003906,-0.30769622325897217,6.665655136108398
USU,V08_Lite,3,Test,1578.3660855454289,1514.388916015625,-0.5509077310562134,35.207183837890625
USU,V08_Lite,6,Train,391.7773801854824,211.86305236816406,-0.3435784578323364,7.255949020385742
USU,V08_Lite,6,Test,1803.2898408187189,1770.611083984375,-1.0244243144989014,38.61128234863281
USU,V08_Lite,12,Train,740.5200031059255,460.6146545410156,-0.09427213668823242,12.85545539855957
USU,V08_Lite,12,Test,1782.4198439200568,1686.346435546875,-0.5124400854110718,36.56076431274414
USU,V09_BiDeep,3,Train,386.94213876237365,236.40895080566406,-0.46621453762054443,7.784707069396973
USU,V09_BiDeep,3,Test,1557.019990237762,1427.1724853515625,-0.5092418193817139,34.6757698059082
USU,V09_BiDeep,6,Train,442.5248050957144,282.2452392578125,-0.7141923904418945,9.319235801696777
USU,V09_BiDeep,6,Test,1779.8844765882982,1686.3529052734375,-0.9722144603729248,40.13930130004883
USU,V09_BiDeep,12,Train,843.8905438503266,709.0134887695312,-0.4210977554321289,20.352928161621094
USU,V09_BiDeep,12,Test,1692.233066099348,1642.8453369140625,-0.3632594347000122,39.411319732666016
USU,V10_Mixed,3,Train,391.11351453254593,242.85296630859375,-0.4979976415634155,7.968870639801025
USU,V10_Mixed,3,Test,1561.1374859377377,1395.4954833984375,-0.5172348022460938,34.491939544677734
USU,V10_Mixed,6,Train,464.13371928249296,309.7268981933594,-0.8856910467147827,10.125286102294922
USU,V10_Mixed,6,Test,1747.3271016040471,1631.910888671875,-0.9007233381271362,39.4117546081543
USU,V10_Mixed,12,Train,882.4132393612417,771.64697265625,-0.5538022518157959,22.279691696166992
USU,V10_Mixed,12,Test,1693.3429953792586,1585.927490234375,-0.36504828929901123,40.9740104675293
TWT,V01_Simple,3,Train,1886.5247811783443,1402.64892578125,0.30377674102783203,45.31326675415039
TWT,V01_Simple,3,Test,3019.5163520007636,2646.991455078125,-2.557382822036743,34.60427474975586
TWT,V01_Simple,6,Train,2167.587945159319,1647.9154052734375,0.17923849821090698,57.97377395629883
TWT,V01_Simple,6,Test,4457.177806639534,3949.981689453125,-6.751321792602539,33.35826110839844
TWT,V01_Simple,12,Train,3559.4065516599812,2871.04248046875,-0.5906482934951782,57.03410339355469
TWT,V01_Simple,12,Test,2490.6304422776175,2271.050048828125,-1.0066502094268799,32.07392883300781
TWT,V02_Deep,3,Train,1834.6037719355097,1424.0880126953125,0.3415723443031311,51.163692474365234
TWT,V02_Deep,3,Test,3431.122411106896,2934.65966796875,-3.593336582183838,26.26224708557129
TWT,V02_Deep,6,Train,2297.0532209768235,1857.6722412109375,0.07826590538024902,70.1055679321289
TWT,V02_Deep,6,Test,5438.453272760556,4830.4765625,-10.540022850036621,42.61326599121094
TWT,V02_Deep,12,Train,3706.155960021111,3029.3564453125,-0.7245125770568848,60.58164978027344
TWT,V02_Deep,12,Test,2172.1333982976275,1980.6129150390625,-0.5262514352798462,34.51280975341797
TWT,V03_Wide,3,Train,1861.549354704301,1423.335693359375,0.32208913564682007,49.85400390625
TWT,V03_Wide,3,Test,3358.9550458438707,2889.864990234375,-3.402143955230713,25.488155364990234
TWT,V03_Wide,6,Train,2186.030992460994,1720.2415771484375,0.16521203517913818,62.084434509277344
TWT,V03_Wide,6,Test,5002.859782164597,4371.47998046875,-8.76545524597168,33.507774353027344
TWT,V03_Wide,12,Train,3567.7117316285517,2924.254150390625,-0.5980799198150635,57.94403076171875
TWT,V03_Wide,12,Test,2229.057536269533,2041.438720703125,-0.6072952747344971,36.91533660888672
TWT,V04_Triple,3,Train,1933.4052213646264,1464.4677734375,0.2687442898750305,52.83368682861328
TWT,V04_Triple,3,Test,3460.3235397864173,3087.32080078125,-3.671854019165039,30.688613891601562
TWT,V04_Triple,6,Train,2371.30143592079,1912.8126220703125,0.017715930938720703,73.04276275634766
TWT,V04_Triple,6,Test,5537.959732609113,5005.28759765625,-10.966177940368652,52.35847091674805
TWT,V04_Triple,12,Train,3451.8931037910197,2763.097412109375,-0.4960070848464966,55.84939193725586
TWT,V04_Triple,12,Test,2602.5644084248906,2396.469482421875,-1.1910691261291504,36.211185455322266
TWT,V05_Bidir,3,Train,1824.9843834948288,1341.4334716796875,0.3484588861465454,46.9831428527832
TWT,V05_Bidir,3,Test,3041.5287274658444,2642.015869140625,-2.60943865776062,27.387062072753906
TWT,V05_Bidir,6,Train,2160.60628065365,1712.3616943359375,0.18451720476150513,63.8859977722168
TWT,V05_Bidir,6,Test,4819.498936611564,4209.8779296875,-8.062742233276367,31.828781127929688
TWT,V05_Bidir,12,Train,3495.025321796682,2838.1025390625,-0.5336265563964844,56.662506103515625
TWT,V05_Bidir,12,Test,2383.7637257077304,2170.49951171875,-0.8381439447402954,30.480470657348633
TWT,V06_Pyramid,3,Train,1912.0150365517527,1460.3958740234375,0.28483521938323975,52.400672912597656
TWT,V06_Pyramid,3,Test,3478.227997127273,3072.37744140625,-3.720325469970703,28.814332962036133
TWT,V06_Pyramid,6,Train,2336.5150331209084,1866.3853759765625,0.04632425308227539,69.5688247680664
TWT,V06_Pyramid,6,Test,5380.001486988642,4865.31005859375,-10.293293952941895,50.20145034790039
TWT,V06_Pyramid,12,Train,3729.537504838904,3017.32373046875,-0.7463405132293701,60.7288703918457
TWT,V06_Pyramid,12,Test,2165.123322122784,1955.954833984375,-0.516416072845459,27.984905242919922
TWT,V07_DenseLSTM,3,Train,1898.610149556775,1567.226806640625,0.294827938079834,59.543216705322266
TWT,V07_DenseLSTM,3,Test,3782.9469993643843,3193.138671875,-4.583626747131348,23.675003051757812
TWT,V07_DenseLSTM,6,Train,2329.7863635964563,1903.6014404296875,0.05180919170379639,71.94961547851562
TWT,V07_DenseLSTM,6,Test,5630.359135969925,4979.90185546875,-11.368813514709473,42.6314697265625
TWT,V07_DenseLSTM,12,Train,3496.680568768042,2837.9912109375,-0.5350795984268188,56.27001953125
TWT,V07_DenseLSTM,12,Test,2474.8450456543737,2250.27001953125,-0.9812948703765869,31.040796279907227
TWT,V08_Lite,3,Train,1812.520896431266,1345.499755859375,0.35732775926589966,45.77156448364258
TWT,V08_Lite,3,Test,3042.2700406111226,2645.68701171875,-2.6111984252929688,35.52000045776367
TWT,V08_Lite,6,Train,2036.5549955746346,1546.7337646484375,0.2754708528518677,55.40099334716797
TWT,V08_Lite,6,Test,4174.417564163892,3673.774169921875,-5.799040794372559,40.99132537841797
TWT,V08_Lite,12,Train,3528.382915727827,2872.151611328125,-0.563041090965271,57.63634490966797
TWT,V08_Lite,12,Test,2237.4434071055293,2003.648193359375,-0.6194113492965698,27.0604190826416
TWT,V09_BiDeep,3,Train,1763.7077422294205,1316.696044921875,0.3914773464202881,48.8787956237793
TWT,V09_BiDeep,3,Test,3155.422951047926,2706.783935546875,-2.8848209381103516,29.539918899536133
TWT,V09_BiDeep,6,Train,2142.4802216123257,1708.484375,0.19814246892929077,65.57027435302734
TWT,V09_BiDeep,6,Test,4792.575925324501,4161.78955078125,-7.961771011352539,30.296724319458008
TWT,V09_BiDeep,12,Train,3595.5995327622345,2943.36767578125,-0.6231610774993896,58.87321090698242
TWT,V09_BiDeep,12,Test,2134.3960504086394,1952.9300537109375,-0.47367966175079346,35.329315185546875
TWT,V10_Mixed,3,Train,1759.1639349418235,1334.5889892578125,0.394608736038208,50.19683074951172
TWT,V10_Mixed,3,Test,3215.81125067999,2743.98876953125,-3.0349388122558594,30.49294662475586
TWT,V10_Mixed,6,Train,2190.011301340703,1767.0982666015625,0.16216927766799927,68.93609619140625
TWT,V10_Mixed,6,Test,4964.722952995464,4289.5458984375,-8.617138862609863,30.34187889099121
TWT,V10_Mixed,12,Train,3368.313673041749,2755.310791015625,-0.42443954944610596,54.466392517089844
TWT,V10_Mixed,12,Test,2390.6875580050187,2144.03564453125,-0.8488374948501587,29.583480834960938
LAO,V01_Simple,3,Train,1037.9737472595345,757.42236328125,0.6194875240325928,15.89535140991211
LAO,V01_Simple,3,Test,967.9817276167976,619.63720703125,-0.5138920545578003,19.6793155670166
LAO,V01_Simple,6,Train,1161.747175593726,821.8860473632812,-0.023948073387145996,19.35062599182129
LAO,V01_Simple,6,Test,1039.5972176761536,660.5973510742188,-0.7461872100830078,21.047325134277344
LAO,V01_Simple,12,Train,1003.4975398574727,727.4154663085938,-3.0356292724609375,17.628612518310547
LAO,V01_Simple,12,Test,1138.1444328379416,739.7234497070312,-0.7519546747207642,25.051597595214844
LAO,V02_Deep,3,Train,1064.373759541262,779.0825805664062,0.5998852849006653,16.58460807800293
LAO,V02_Deep,3,Test,1011.9882966220508,646.7225341796875,-0.6546705961227417,20.529499053955078
LAO,V02_Deep,6,Train,1383.6473087459824,1053.8958740234375,-0.45246434211730957,25.40399742126465
LAO,V02_Deep,6,Test,1282.273225564661,1001.9757080078125,-1.6565728187561035,29.2575626373291
LAO,V02_Deep,12,Train,1016.8022792067295,728.2584838867188,-3.143350601196289,17.59276008605957
LAO,V02_Deep,12,Test,1112.397635740026,715.2424926757812,-0.6735868453979492,24.345863342285156
LAO,V03_Wide,3,Train,1053.0907487011743,761.3667602539062,0.6083232164382935,16.22008514404297
LAO,V03_Wide,3,Test,994.0952859258513,640.5347290039062,-0.5966752767562866,20.276153564453125
LAO,V03_Wide,6,Train,1380.6538758863496,991.8515625,-0.44618654251098633,24.519643783569336
LAO,V03_Wide,6,Test,1159.7851632953407,837.443359375,-1.1732797622680664,25.31098747253418
LAO,V03_Wide,12,Train,1075.6559045531242,789.1237182617188,-3.6368751525878906,19.159482955932617
LAO,V03_Wide,12,Test,1235.4248763077421,855.6568603515625,-1.0642428398132324,28.143728256225586
LAO,V04_Triple,3,Train,1149.8458048799412,849.31689453125,0.5330446362495422,17.567346572875977
LAO,V04_Triple,3,Test,998.9297397715217,613.94482421875,-0.6122428178787231,19.801673889160156
LAO,V04_Triple,6,Train,1116.0838902161431,840.9365234375,0.05496394634246826,21.2087459564209
LAO,V04_Triple,6,Test,1003.5132659810731,616.9735717773438,-0.6270720958709717,19.95339012145996
LAO,V04_Triple,12,Train,1124.25719922089,809.3473510742188,-4.065356731414795,19.414541244506836
LAO,V04_Triple,12,Test,1071.331531319787,682.2805786132812,-0.5523008108139038,23.32159996032715
LAO,V05_Bidir,3,Train,957.156367841744,694.746337890625,0.6764346957206726,14.343759536743164
LAO,V05_Bidir,3,Test,944.2908053137021,617.2989501953125,-0.4406951665878296,19.400320053100586
LAO,V05_Bidir,6,Train,1173.7224437659868,833.9522094726562,-0.0451664924621582,19.86138153076172
LAO,V05_Bidir,6,Test,1063.84273978817,691.6079711914062,-0.828586220741272,21.813688278198242
LAO,V05_Bidir,12,Train,1036.3386873990569,771.4384765625,-3.3040976524353027,18.948108673095703
LAO,V05_Bidir,12,Test,1307.7846726430157,943.2462158203125,-1.3131332397460938,30.47960090637207
LAO,V06_Pyramid,3,Train,1106.893456932509,806.6145629882812,0.5672791600227356,16.52124786376953
LAO,V06_Pyramid,3,Test,932.3427816527567,580.0908813476562,-0.4044678211212158,18.663532257080078
LAO,V06_Pyramid,6,Train,1237.5035353484855,895.6116333007812,-0.1618434190750122,21.652584075927734
LAO,V06_Pyramid,6,Test,1034.5930359324868,664.4833984375,-0.7294167280197144,21.1044979095459
LAO,V06_Pyramid,12,Train,1137.9247009358749,806.4191284179688,-4.189263343811035,19.224592208862305
LAO,V06_Pyramid,12,Test,1045.8556305724037,654.2138671875,-0.4793522357940674,22.52243995666504
LAO,V07_DenseLSTM,3,Train,1059.9958136709786,769.0003051757812,0.6031700372695923,16.440757751464844
LAO,V07_DenseLSTM,3,Test,1009.7332259067243,651.2056274414062,-0.6473044157028198,20.59836769104004
LAO,V07_DenseLSTM,6,Train,1279.2366864658002,929.5001831054688,-0.24152791500091553,21.934123992919922
LAO,V07_DenseLSTM,6,Test,1118.6427602232984,783.4031372070312,-1.0218241214752197,23.992355346679688
LAO,V07_DenseLSTM,12,Train,1053.7348456798798,753.25146484375,-3.4498085975646973,18.134090423583984
LAO,V07_DenseLSTM,12,Test,1111.5839486966336,715.9027099609375,-0.6711393594741821,24.35202980041504
LAO,V08_Lite,3,Train,1018.3853641917681,745.76416015625,0.6337138414382935,15.109922409057617
LAO,V08_Lite,3,Test,874.780722524222,562.3646850585938,-0.23639988899230957,17.791616439819336
LAO,V08_Lite,6,Train,1149.4742820089539,811.7102661132812,-0.0024280548095703125,19.187856674194336
LAO,V08_Lite,6,Test,1013.5823535855387,620.1478881835938,-0.6598875522613525,20.07242202758789
LAO,V08_Lite,12,Train,812.1038649704851,573.5598754882812,-1.6430284976959229,14.173439025878906
LAO,V08_Lite,12,Test,1126.9572973276317,702.7164306640625,-0.7176831960678101,24.20254135131836
LAO,V09_BiDeep,3,Train,952.0717213004491,684.2249755859375,0.6798632144927979,14.401113510131836
LAO,V09_BiDeep,3,Test,920.4301643796774,595.2198486328125,-0.36880719661712646,18.75263214111328
LAO,V09_BiDeep,6,Train,1141.9395780863365,828.1599731445312,0.01067054271697998,19.84134292602539
LAO,V09_BiDeep,6,Test,1085.8029862732926,723.2653198242188,-0.9048581123352051,22.570514678955078
LAO,V09_BiDeep,12,Train,882.4797802216207,627.3440551757812,-2.120959997177124,15.298971176147461
LAO,V09_BiDeep,12,Test,1087.634934157597,664.4244995117188,-0.5999059677124023,23.09758758544922
LAO,V10_Mixed,3,Train,989.3841834696975,733.6045532226562,0.6542787551879883,15.605208396911621
LAO,V10_Mixed,3,Test,1035.9274226508342,701.94189453125,-0.7338807582855225,21.734479904174805
LAO,V10_Mixed,6,Train,1027.624019279425,734.0764770507812,0.19883275032043457,17.541122436523438
LAO,V10_Mixed,6,Test,994.1000326928875,587.9503784179688,-0.5966905355453491,19.27691650390625
LAO,V10_Mixed,12,Train,788.9979008210352,553.8531494140625,-1.4947690963745117,13.709047317504883
LAO,V10_Mixed,12,Test,1118.9917336602625,682.9265747070312,-0.6934870481491089,23.72064208984375
KLO,V01_Simple,3,Train,1815.6481625028566,1541.15087890625,0.2391883134841919,159.62364196777344
KLO,V01_Simple,3,Test,1615.450401590838,1314.2796630859375,0.13615554571151733,25.359586715698242
KLO,V01_Simple,6,Train,2269.867727423781,1830.1337890625,-0.44049322605133057,231.0749053955078
KLO,V01_Simple,6,Test,1889.6455355436374,1125.0921630859375,-0.18197691440582275,19.991695404052734
KLO,V01_Simple,12,Train,1993.1458802606496,1610.59228515625,0.010489165782928467,258.2759704589844
KLO,V01_Simple,12,Test,2414.1305888455995,1573.871337890625,-0.6478345394134521,30.105907440185547
KLO,V02_Deep,3,Train,1859.360911711333,1456.5361328125,0.20211338996887207,172.5185089111328
KLO,V02_Deep,3,Test,1746.5048668698294,1152.0648193359375,-0.009689569473266602,21.238525390625
KLO,V02_Deep,6,Train,2467.7127061309225,1984.5831298828125,-0.7025477886199951,245.62945556640625
KLO,V02_Deep,6,Test,2043.7425229221024,1158.8607177734375,-0.38261306285858154,20.892215728759766
KLO,V02_Deep,12,Train,2058.987251053294,1643.090087890625,-0.055965423583984375,275.2989196777344
KLO,V02_Deep,12,Test,2551.3782549829807,1711.3001708984375,-0.8405252695083618,33.14259719848633
KLO,V03_Wide,3,Train,1821.020249750123,1399.824462890625,0.23467957973480225,169.5792694091797
KLO,V03_Wide,3,Test,1737.4292071909001,1125.5008544921875,0.0007767677307128906,20.899141311645508
KLO,V03_Wide,6,Train,2367.091358608704,1953.1529541015625,-0.5665351152420044,208.19325256347656
KLO,V03_Wide,6,Test,1789.463397222754,1142.669921875,-0.059970855712890625,20.577465057373047
KLO,V03_Wide,12,Train,2046.8806755646506,1655.934814453125,-0.04358410835266113,265.6449279785156
KLO,V03_Wide,12,Test,2488.0541593783687,1633.629150390625,-0.7502970695495605,31.341838836669922
KLO,V04_Triple,3,Train,1891.0019169741738,1564.04931640625,0.17472684383392334,183.69053649902344
KLO,V04_Triple,3,Test,1739.6569345707217,1230.2802734375,-0.0017873048782348633,22.673309326171875
KLO,V04_Triple,6,Train,2400.9286744924348,1899.13671875,-0.6116422414779663,262.221923828125
KLO,V04_Triple,6,Test,2020.2944711105854,1127.100341796875,-0.3510693311691284,19.73584747314453
KLO,V04_Triple,12,Train,2053.474007627075,1639.3099365234375,-0.050318002700805664,278.60137939453125
KLO,V04_Triple,12,Test,2494.5234013734967,1603.75390625,-0.7594107389450073,29.790634155273438
KLO,V05_Bidir,3,Train,1693.2636386576073,1329.3828125,0.3382972478866577,159.96221923828125
KLO,V05_Bidir,3,Test,1600.59879420172,1090.0643310546875,0.15196597576141357,20.677204132080078
KLO,V05_Bidir,6,Train,2249.3047814824918,1787.06103515625,-0.4145122766494751,227.8721160888672
KLO,V05_Bidir,6,Test,1996.2074040539976,1157.4927978515625,-0.31904494762420654,21.468334197998047
KLO,V05_Bidir,12,Train,1953.9005220327876,1621.0230712890625,0.0490727424621582,259.1558837890625
KLO,V05_Bidir,12,Test,2463.586816006288,1605.386962890625,-0.7160416841506958,30.54807472229004
KLO,V06_Pyramid,3,Train,1897.4118556602307,1549.0966796875,0.16912245750427246,181.0457763671875
KLO,V06_Pyramid,3,Test,1748.4961395439225,1212.2139892578125,-0.011993408203125,22.25046730041504
KLO,V06_Pyramid,6,Train,2469.2793483119726,1960.3697509765625,-0.7047102451324463,266.2151794433594
KLO,V06_Pyramid,6,Test,2069.698649562298,1164.8408203125,-0.41795527935028076,20.714588165283203
KLO,V06_Pyramid,12,Train,2071.340628675062,1633.50244140625,-0.06867456436157227,281.79718017578125
KLO,V06_Pyramid,12,Test,2564.960623479433,1701.193359375,-0.8601738214492798,32.376853942871094
KLO,V07_DenseLSTM,3,Train,1899.6279240946108,1457.8057861328125,0.16718053817749023,191.421875
KLO,V07_DenseLSTM,3,Test,1952.72578720106,1159.8104248046875,-0.26220762729644775,21.7734375
KLO,V07_DenseLSTM,6,Train,2488.768771903087,2002.4658203125,-0.7317261695861816,246.2940673828125
KLO,V07_DenseLSTM,6,Test,2089.7530954636723,1222.9283447265625,-0.4455670118331909,22.57631492614746
KLO,V07_DenseLSTM,12,Train,2053.4964085675924,1673.774169921875,-0.050341010093688965,269.9695739746094
KLO,V07_DenseLSTM,12,Test,2528.3100086816885,1677.1923828125,-0.8073936700820923,32.24512481689453
KLO,V08_Lite,3,Train,1776.0021114852314,1469.53271484375,0.2720513939857483,161.02340698242188
KLO,V08_Lite,3,Test,1614.3722464165444,1229.0899658203125,0.1373082399368286,23.46820068359375
KLO,V08_Lite,6,Train,2216.0689294333783,1834.474609375,-0.3730192184448242,217.4044647216797
KLO,V08_Lite,6,Test,1786.0656482895583,1138.729736328125,-0.05594944953918457,20.48406982421875
KLO,V08_Lite,12,Train,1927.58171033033,1496.518798828125,0.07451796531677246,265.80523681640625
KLO,V08_Lite,12,Test,2429.470621349433,1614.883544921875,-0.6688427925109863,31.464996337890625
KLO,V09_BiDeep,3,Train,1707.861894299419,1260.5986328125,0.32683849334716797,167.29542541503906
KLO,V09_BiDeep,3,Test,1730.2751226322362,1028.24365234375,0.008988678455352783,19.5947208404541
KLO,V09_BiDeep,6,Train,2084.9800958282553,1625.1572265625,-0.21538519859313965,218.8751983642578
KLO,V09_BiDeep,6,Test,1908.533533894545,1091.2144775390625,-0.20572388172149658,20.000940322875977
KLO,V09_BiDeep,12,Train,1887.8620844754523,1538.5706787109375,0.11226588487625122,256.7214050292969
KLO,V09_BiDeep,12,Test,2443.7612403833564,1608.8583984375,-0.6885333061218262,30.90089225769043
KLO,V10_Mixed,3,Train,1724.3288549461788,1274.376708984375,0.3137948513031006,172.86248779296875
KLO,V10_Mixed,3,Test,1798.391156005834,1076.4578857421875,-0.07057380676269531,20.92586326599121
KLO,V10_Mixed,6,Train,2029.2340919667204,1561.7274169921875,-0.15126264095306396,211.60227966308594
KLO,V10_Mixed,6,Test,1912.9098253707623,1109.399169921875,-0.21125972270965576,20.813644409179688
KLO,V10_Mixed,12,Train,1950.8199558134522,1518.20556640625,0.052068889141082764,255.9608154296875
KLO,V10_Mixed,12,Test,2389.4395786460054,1567.521484375,-0.6142998933792114,30.37709617614746
WNP,V01_Simple,3,Train,311.80678111612644,260.9519958496094,0.10101920366287231,8.197468757629395
WNP,V01_Simple,3,Test,1162.7599171798106,806.5651245117188,-0.053385019302368164,29154615296.0
WNP,V01_Simple,6,Train,352.2081571138011,281.6926574707031,-0.030561089515686035,8.708864212036133
WNP,V01_Simple,6,Test,1196.0759800280248,811.7760620117188,-0.11461412906646729,30434246656.0
WNP,V01_Simple,12,Train,355.9831785878372,302.0043029785156,0.0003179311752319336,9.728472709655762
WNP,V01_Simple,12,Test,1395.2999677488708,980.2642822265625,-0.23773586750030518,42929876992.0
WNP,V02_Deep,3,Train,305.4084867026455,254.92332458496094,0.13753503561019897,8.111968994140625
WNP,V02_Deep,3,Test,1193.903576508589,807.5061645507812,-0.11056888103485107,30080317440.0
WNP,V02_Deep,6,Train,342.2645518272379,273.0281066894531,0.02680748701095581,8.555010795593262
WNP,V02_Deep,6,Test,1227.6215316619368,809.7597045898438,-0.17418360710144043,31505952768.0
WNP,V02_Deep,12,Train,365.69873188185926,311.34552001953125,-0.054993629455566406,10.02251148223877
WNP,V02_Deep,12,Test,1395.8354577098262,978.1897583007812,-0.23868608474731445,42999955456.0
WNP,V03_Wide,3,Train,344.00630217700956,284.5744934082031,-0.09423863887786865,8.82233715057373
WNP,V03_Wide,3,Test,1166.166100947888,822.2509765625,-0.05956566333770752,29173657600.0
WNP,V03_Wide,6,Train,331.87943735263264,263.8101501464844,0.0849694013595581,8.363571166992188
WNP,V03_Wide,6,Test,1230.812638056662,811.33837890625,-0.1802959442138672,31557283840.0
WNP,V03_Wide,12,Train,353.5985541542838,298.04766845703125,0.013666212558746338,9.697407722473145
WNP,V03_Wide,12,Test,1393.4642980715366,981.2154541015625,-0.2344813346862793,42817773568.0
WNP,V04_Triple,3,Train,393.98336338606987,320.4737548828125,-0.43527472019195557,9.785897254943848
WNP,V04_Triple,3,Test,1160.5648947818472,832.2807006835938,-0.049411654472351074,28874022912.0
WNP,V04_Triple,6,Train,365.85522666076537,294.7280578613281,-0.11197102069854736,9.141551971435547
WNP,V04_Triple,6,Test,1233.9650521793558,797.0899658203125,-0.1863497495651245,31927988224.0
WNP,V04_Triple,12,Train,380.40543749399797,323.8150634765625,-0.1415538787841797,10.41148567199707
WNP,V04_Triple,12,Test,1400.1148613595958,975.7083740234375,-0.24629294872283936,43243732992.0
WNP,V05_Bidir,3,Train,311.3426568910852,260.531005859375,0.10369354486465454,8.127894401550293
WNP,V05_Bidir,3,Test,1142.3444642488535,792.8768310546875,-0.016719579696655273,28700485632.0
WNP,V05_Bidir,6,Train,313.2573697257576,256.1185302734375,0.18477493524551392,8.318282127380371
WNP,V05_Bidir,6,Test,1238.8244427682237,793.5379638671875,-0.19571197032928467,31782512640.0
WNP,V05_Bidir,12,Train,351.10995873799993,296.9056701660156,0.027500808238983154,9.58716106414795
WNP,V05_Bidir,12,Test,1385.9938672302992,980.5804443359375,-0.22128057479858398,42578321408.0
WNP,V06_Pyramid,3,Train,352.17337482765504,290.77447509765625,-0.14681220054626465,8.981966972351074
WNP,V06_Pyramid,3,Test,1180.420581826664,817.5545654296875,-0.08562684059143066,29745397760.0
WNP,V06_Pyramid,6,Train,379.2234870429309,299.6039123535156,-0.1947178840637207,9.216504096984863
WNP,V06_Pyramid,6,Test,1224.2611036866278,810.5101318359375,-0.16776418685913086,31439695872.0
WNP,V06_Pyramid,12,Train,381.1942787149356,323.91619873046875,-0.14629316329956055,10.354180335998535
WNP,V06_Pyramid,12,Test,1388.2243154476153,971.5279541015625,-0.22521448135375977,42803228672.0
WNP,V07_DenseLSTM,3,Train,356.1000781030524,293.1842346191406,-0.17252850532531738,9.043999671936035
WNP,V07_DenseLSTM,3,Test,1155.7362372098576,826.07763671875,-0.040697455406188965,28758896640.0
WNP,V07_DenseLSTM,6,Train,337.1292407964637,270.4961853027344,0.05579179525375366,8.626258850097656
WNP,V07_DenseLSTM,6,Test,1244.846677306085,810.0000610351562,-0.2073655128479004,32041826304.0
WNP,V07_DenseLSTM,12,Train,362.89439751806583,309.4639587402344,-0.03887534141540527,10.146130561828613
WNP,V07_DenseLSTM,12,Test,1411.8052273596384,986.0699462890625,-0.26719188690185547,43505930240.0
WNP,V08_Lite,3,Train,309.307947279083,260.0466003417969,0.11537045240402222,8.16256046295166
WNP,V08_Lite,3,Test,1160.0330275470608,799.8271484375,-0.04844999313354492,29160144896.0
WNP,V08_Lite,6,Train,358.76135652756693,286.5519104003906,-0.0692671537399292,8.829997062683105
WNP,V08_Lite,6,Test,1194.6088271898882,811.7044067382812,-0.11188137531280518,30391209984.0
WNP,V08_Lite,12,Train,346.27172765763015,292.1052551269531,0.05411785840988159,9.544300079345703
WNP,V08_Lite,12,Test,1408.8684732791774,989.5475463867188,-0.26192545890808105,43314606080.0
WNP,V09_BiDeep,3,Train,325.1695591341539,268.49237060546875,0.022314786911010742,8.314396858215332
WNP,V09_BiDeep,3,Test,1130.5213951978087,803.3554077148438,0.004217267036437988,28174966784.0
WNP,V09_BiDeep,6,Train,318.1595143359695,260.7608337402344,0.15906047821044922,8.315459251403809
WNP,V09_BiDeep,6,Test,1217.9092741251295,794.9913940429688,-0.1556781530380249,31232761856.0
WNP,V09_BiDeep,12,Train,357.4415380520289,304.3566589355469,-0.007889628410339355,9.903733253479004
WNP,V09_BiDeep,12,Test,1395.1488719846352,980.2384643554688,-0.23746788501739502,42932318208.0
WNP,V10_Mixed,3,Train,312.01637577217,259.4197082519531,0.09981024265289307,8.081026077270508
WNP,V10_Mixed,3,Test,1126.9525278377967,793.8458251953125,0.010494351387023926,28138358784.0
WNP,V10_Mixed,6,Train,326.9986979140743,262.7597351074219,0.11168503761291504,8.234209060668945
WNP,V10_Mixed,6,Test,1194.026695681466,803.1939086914062,-0.11079800128936768,30417412096.0
WNP,V10_Mixed,12,Train,341.25890556145197,287.9851989746094,0.08130592107772827,9.500638961791992
WNP,V10_Mixed,12,Test,1410.2928773839851,991.7950439453125,-0.2644784450531006,43284934656.0
ENI,V01_Simple,3,Train,24.012860984809397,12.587777137756348,0.025716781616210938,84.22029876708984
ENI,V01_Simple,3,Test,10258.950433645734,7255.8466796875,-1.0060334205627441,102.08053588867188
ENI,V01_Simple,6,Train,25.0256301724321,8.516121864318848,-0.03133678436279297,96.25215148925781
ENI,V01_Simple,6,Test,10222.401674753346,7206.8583984375,-0.9917654991149902,100.60547637939453
ENI,V01_Simple,12,Train,575.4000782064597,187.4216766357422,-0.12437868118286133,100.0589370727539
ENI,V01_Simple,12,Test,12012.46086361991,9330.427734375,-1.5187594890594482,100.10325622558594
ENI,V02_Deep,3,Train,24.053274154646676,13.036177635192871,0.022434651851654053,84.08338165283203
ENI,V02_Deep,3,Test,10253.883556974888,7242.86572265625,-1.0040524005889893,101.47811126708984
ENI,V02_Deep,6,Train,25.214028900950535,7.984245300292969,-0.04692351818084717,96.5393295288086
ENI,V02_Deep,6,Test,10189.98645730209,7173.85107421875,-0.9791537523269653,99.7824478149414
ENI,V02_Deep,12,Train,573.4407663394712,187.12112426757812,-0.11673438549041748,99.79742431640625
ENI,V02_Deep,12,Test,12010.323559338442,9326.521484375,-1.5178635120391846,99.93195343017578
ENI,V03_Wide,3,Train,24.255720270078818,11.041972160339355,0.0059098005294799805,89.55583190917969
ENI,V03_Wide,3,Test,10263.426718206741,7256.0166015625,-1.0077846050262451,101.8599853515625
ENI,V03_Wide,6,Train,25.03956098372758,9.003495216369629,-0.032485365867614746,93.98008728027344
ENI,V03_Wide,6,Test,10177.565917251532,7166.13720703125,-0.9743319749832153,99.52919006347656
ENI,V03_Wide,12,Train,570.0077302107402,185.84957885742188,-0.10340332984924316,99.50291442871094
ENI,V03_Wide,12,Test,11986.870150293613,9308.810546875,-1.5080394744873047,99.30977630615234
ENI,V04_Triple,3,Train,24.10700531128089,12.743401527404785,0.018062293529510498,85.55469512939453
ENI,V04_Triple,3,Test,10234.697455225532,7219.76318359375,-0.9965598583221436,100.8316879272461
ENI,V04_Triple,6,Train,25.146765244183868,8.175630569458008,-0.04134523868560791,96.26741027832031
ENI,V04_Triple,6,Test,10188.017667829203,7174.02490234375,-0.9783890247344971,99.79434967041016
ENI,V04_Triple,12,Train,573.8741967975211,187.18580627441406,-0.1184232234954834,99.85944366455078
ENI,V04_Triple,12,Test,12016.462707469282,9333.267578125,-1.5204381942749023,100.05420684814453
ENI,V05_Bidir,3,Train,24.005849761129188,12.521069526672363,0.026285648345947266,84.0976791381836
ENI,V05_Bidir,3,Test,10267.873392285279,7269.3447265625,-1.0095245838165283,102.5782470703125
ENI,V05_Bidir,6,Train,25.313909345410405,7.9350266456604,-0.055234313011169434,97.32670593261719
ENI,V05_Bidir,6,Test,10160.240154642015,7146.6484375,-0.9676157236099243,98.69328308105469
ENI,V05_Bidir,12,Train,573.9558726505027,187.25146484375,-0.11874163150787354,99.88497161865234
ENI,V05_Bidir,12,Test,12019.974708792028,9337.802734375,-1.52191162109375,100.12742614746094
ENI,V06_Pyramid,3,Train,24.106447033402056,12.659619331359863,0.01810777187347412,85.70484161376953
ENI,V06_Pyramid,3,Test,10237.228140468493,7222.75048828125,-0.9975473880767822,100.89768981933594
ENI,V06_Pyramid,6,Train,25.160419151805307,8.12590503692627,-0.04247629642486572,96.41439819335938
ENI,V06_Pyramid,6,Test,10186.18672516855,7172.99560546875,-0.9776780605316162,99.76132202148438
ENI,V06_Pyramid,12,Train,573.6531508673163,187.27902221679688,-0.11756181716918945,99.77114868164062
ENI,V06_Pyramid,12,Test,12012.333661699546,9328.0322265625,-1.5187063217163086,99.98284912109375
ENI,V07_DenseLSTM,3,Train,24.22835872896096,11.335203170776367,0.00815129280090332,88.97223663330078
ENI,V07_DenseLSTM,3,Test,10252.818929445697,7238.93212890625,-1.003636360168457,101.27874755859375
ENI,V07_DenseLSTM,6,Train,24.970054086329462,9.31950855255127,-0.026761174201965332,93.40325927734375
ENI,V07_DenseLSTM,6,Test,10172.018088855328,7162.8994140625,-0.9721801280975342,99.40448760986328
ENI,V07_DenseLSTM,12,Train,573.3307564137825,186.8571014404297,-0.11630594730377197,99.90695190429688
ENI,V07_DenseLSTM,12,Test,12006.887356846486,9324.1884765625,-1.5164227485656738,99.86947631835938
ENI,V08_Lite,3,Train,24.154516634123006,11.381068229675293,0.014187932014465332,88.0616455078125
ENI,V08_Lite,3,Test,10219.781993760924,7207.6005859375,-0.9907447099685669,100.85546112060547
ENI,V08_Lite,6,Train,24.913864063179638,8.856478691101074,-0.02214527130126953,95.31045532226562
ENI,V08_Lite,6,Test,10200.53292725434,7183.14990234375,-0.9832526445388794,100.14241790771484
ENI,V08_Lite,12,Train,569.2524154538125,185.54318237304688,-0.10048091411590576,99.44004821777344
ENI,V08_Lite,12,Test,11984.55072165828,9307.6103515625,-1.5070688724517822,99.27071380615234
ENI,V09_BiDeep,3,Train,24.004653479520904,12.501137733459473,0.0263826847076416,84.06654357910156
ENI,V09_BiDeep,3,Test,10260.724730739052,7255.5673828125,-1.0067274570465088,102.01223754882812
ENI,V09_BiDeep,6,Train,25.153634374889545,8.184178352355957,-0.04191422462463379,96.64154052734375
ENI,V09_BiDeep,6,Test,10185.745726258829,7170.8583984375,-0.9775067567825317,99.66383361816406
ENI,V09_BiDeep,12,Train,573.6753491740777,186.834716796875,-0.11764824390411377,99.98180389404297
ENI,V09_BiDeep,12,Test,12009.119867833779,9326.5927734375,-1.5173587799072266,99.94120788574219
ENI,V10_Mixed,3,Train,23.992806946171388,12.892478942871094,0.027343451976776123,82.9541015625
ENI,V10_Mixed,3,Test,10270.108860182545,7268.640625,-1.0103998184204102,102.3779067993164
ENI,V10_Mixed,6,Train,25.245793662633186,7.9015936851501465,-0.049563050270080566,97.01747131347656
ENI,V10_Mixed,6,Test,10180.744570020406,7167.64599609375,-0.9755654335021973,99.54773712158203
ENI,V10_Mixed,12,Train,575.2382658516382,187.59634399414062,-0.12374639511108398,100.03160095214844
ENI,V10_Mixed,12,Test,12016.818214485897,9333.259765625,-1.5205872058868408,100.15985107421875
CGM,V01_Simple,3,Train,525.7301173130563,374.0390930175781,0.8181028962135315,40.596981048583984
CGM,V01_Simple,3,Test,894.8894834000454,643.30419921875,-0.3723630905151367,51.40728759765625
CGM,V01_Simple,6,Train,581.9515658540666,488.425048828125,0.7828001379966736,59.43512725830078
CGM,V01_Simple,6,Test,1338.9743276105035,1185.5335693359375,-2.072378635406494,80.93074798583984
CGM,V01_Simple,12,Train,778.3594124824341,696.260986328125,0.5845845937728882,38.49606704711914
CGM,V01_Simple,12,Test,1387.5054053948763,1064.1607666015625,-1.7184827327728271,91.63640594482422
CGM,V02_Deep,3,Train,565.8140982248498,405.15472412109375,0.7893082499504089,43.89354705810547
CGM,V02_Deep,3,Test,942.1514939222885,682.1237182617188,-0.5211488008499146,54.58152389526367
CGM,V02_Deep,6,Train,607.4296255534463,516.5101318359375,0.763365626335144,65.43559265136719
CGM,V02_Deep,6,Test,1584.4302603775277,1461.1103515625,-3.302060127258301,95.52059173583984
CGM,V02_Deep,12,Train,871.0965790312805,759.3048706054688,0.47969871759414673,42.26884078979492
CGM,V02_Deep,12,Test,1456.5566415350966,1120.508056640625,-1.9957942962646484,96.37301635742188
CGM,V03_Wide,3,Train,545.4755665930418,412.9352111816406,0.8041828870773315,48.1397819519043
CGM,V03_Wide,3,Test,953.866703213819,684.6494140625,-0.5592136383056641,55.0311164855957
CGM,V03_Wide,6,Train,610.2479772600643,559.677490234375,0.7611647248268127,92.7508316040039
CGM,V03_Wide,6,Test,1472.9957569524768,1331.349365234375,-2.7182037830352783,89.08268737792969
CGM,V03_Wide,12,Train,816.6829250082311,720.6007690429688,0.542670488357544,39.960853576660156
CGM,V03_Wide,12,Test,1431.2687553356288,1116.048095703125,-1.8926746845245361,94.95631408691406
CGM,V04_Triple,3,Train,597.5511745867461,422.0748596191406,0.7650095224380493,46.3744010925293
CGM,V04_Triple,3,Test,1117.4941834300525,814.1857299804688,-1.1400344371795654,64.22733306884766
CGM,V04_Triple,6,Train,661.108420571089,529.7116088867188,0.7196947336196899,59.7000732421875
CGM,V04_Triple,6,Test,1908.5225306503457,1815.950927734375,-5.2420148849487305,113.728759765625
CGM,V04_Triple,12,Train,900.561630317437,802.8478393554688,0.4439048171043396,44.80904769897461
CGM,V04_Triple,12,Test,1682.2469349058122,1349.528076171875,-2.996103525161743,112.5599594116211
CGM,V05_Bidir,3,Train,484.2422237372532,336.00970458984375,0.8456789255142212,36.12211227416992
CGM,V05_Bidir,3,Test,840.4000907305996,595.1870727539062,-0.21032607555389404,47.67574691772461
CGM,V05_Bidir,6,Train,568.8016734767928,472.3409423828125,0.7925050258636475,57.57619857788086
CGM,V05_Bidir,6,Test,1308.6994498355991,1148.9771728515625,-1.9350132942199707,78.8826904296875
CGM,V05_Bidir,12,Train,750.6070043638016,680.0733642578125,0.6136797666549683,37.805667877197266
CGM,V05_Bidir,12,Test,1328.6179379340022,1031.930908203125,-1.4926278591156006,87.83897399902344
CGM,V06_Pyramid,3,Train,597.6802029513776,431.5537109375,0.7649080753326416,47.1641731262207
CGM,V06_Pyramid,3,Test,1016.9465939763012,741.7221069335938,-0.7722562551498413,59.02851104736328
CGM,V06_Pyramid,6,Train,641.7890034894646,530.1983032226562,0.735837996006012,63.61070251464844
CGM,V06_Pyramid,6,Test,1904.2111227487355,1809.529296875,-5.2138447761535645,113.63661193847656
CGM,V06_Pyramid,12,Train,856.4450142887166,792.6637573242188,0.49705415964126587,44.37711715698242
CGM,V06_Pyramid,12,Test,1910.1760390079235,1626.4146728515625,-4.152333736419678,129.19602966308594
CGM,V07_DenseLSTM,3,Train,553.4685515004443,400.2639465332031,0.7984021306037903,44.27428436279297
CGM,V07_DenseLSTM,3,Test,958.2285087597843,691.3842163085938,-0.5735059976577759,55.39707565307617
CGM,V07_DenseLSTM,6,Train,669.8466242357275,620.7966918945312,0.7122359275817871,115.66923522949219
CGM,V07_DenseLSTM,6,Test,1562.1492406297166,1428.6102294921875,-3.181915760040283,94.49819946289062
CGM,V07_DenseLSTM,12,Train,917.3737651579099,782.1780395507812,0.42294806241989136,43.22313690185547
CGM,V07_DenseLSTM,12,Test,1233.5688063500957,887.8538818359375,-1.148740530014038,80.1916732788086
CGM,V08_Lite,3,Train,522.3348124048406,402.34967041015625,0.8204448223114014,47.495521545410156
CGM,V08_Lite,3,Test,892.4436606867685,638.1896362304688,-0.3648717403411865,51.34211349487305
CGM,V08_Lite,6,Train,576.877180385912,484.0006408691406,0.7865714430809021,59.16802215576172
CGM,V08_Lite,6,Test,1406.0244041267563,1265.1134033203125,-2.3877856731414795,84.94840240478516
CGM,V08_Lite,12,Train,808.8719768912754,710.0106201171875,0.5513767004013062,39.21943664550781
CGM,V08_Lite,12,Test,1211.4220981969909,880.2655029296875,-1.0722789764404297,78.94989013671875
CGM,V09_BiDeep,3,Train,485.31503943315005,333.3791809082031,0.8449943661689758,36.029388427734375
CGM,V09_BiDeep,3,Test,868.6146657177738,618.0747680664062,-0.2929583787918091,49.15289306640625
CGM,V09_BiDeep,6,Train,548.5889570069744,484.1768493652344,0.8069899678230286,69.46272277832031
CGM,V09_BiDeep,6,Test,1259.7415409519526,1099.8717041015625,-1.7195253372192383,75.95989990234375
CGM,V09_BiDeep,12,Train,811.3244187746354,713.8063354492188,0.548652172088623,39.530029296875
CGM,V09_BiDeep,12,Test,1358.1567011946743,1021.8289184570312,-1.6046955585479736,89.16703796386719
CGM,V10_Mixed,3,Train,486.0641193556669,366.5333557128906,0.8445155024528503,42.2942008972168
CGM,V10_Mixed,3,Test,806.0072502775641,570.3885498046875,-0.11328959465026855,45.87085723876953
CGM,V10_Mixed,6,Train,546.972062814912,482.4106140136719,0.8081259727478027,69.83489990234375
CGM,V10_Mixed,6,Test,1253.1445447353628,1090.6392822265625,-1.6911168098449707,75.53203582763672
CGM,V10_Mixed,12,Train,767.8991633020576,651.4925537109375,0.5956749320030212,35.730464935302734
CGM,V10_Mixed,12,Test,1193.8926354576445,881.9619140625,-1.0127403736114502,77.85710906982422
SUG,V01_Simple,3,Train,739.0017337598066,486.6285705566406,0.2284495234489441,46.462886810302734
SUG,V01_Simple,3,Test,1022.7573331440846,997.9586791992188,-23.211898803710938,45.54023361206055
SUG,V01_Simple,6,Train,680.6673884872112,480.0576171875,0.36965495347976685,53.11186981201172
SUG,V01_Simple,6,Test,345.0529171373573,290.7587585449219,-1.7558465003967285,12.873716354370117
SUG,V01_Simple,12,Train,708.9175507419745,503.11834716796875,0.33968764543533325,49.4036865234375
SUG,V01_Simple,12,Test,335.58605453743155,244.5811004638672,-1.213207483291626,12.731583595275879
SUG,V02_Deep,3,Train,705.4170530615205,471.8408203125,0.29698383808135986,50.48291015625
SUG,V02_Deep,3,Test,891.2145504871428,861.9749755859375,-17.38434410095215,39.18339157104492
SUG,V02_Deep,6,Train,678.0703318978054,535.0401000976562,0.37445586919784546,66.32276153564453
SUG,V02_Deep,6,Test,244.8976109392454,209.36154174804688,-0.3882021903991699,10.209240913391113
SUG,V02_Deep,12,Train,707.0801315975439,515.5974731445312,0.34310609102249146,52.34627151489258
SUG,V02_Deep,12,Test,426.02915833308873,349.881103515625,-2.5669167041778564,17.715682983398438
SUG,V03_Wide,3,Train,727.3647210993945,478.81170654296875,0.2525573968887329,47.96186065673828
SUG,V03_Wide,3,Test,970.1222216813715,943.6972045898438,-20.783945083618164,43.00486373901367
SUG,V03_Wide,6,Train,675.6959606583423,490.3443298339844,0.37882906198501587,56.20437240600586
SUG,V03_Wide,6,Test,242.8283859024723,222.47305297851562,-0.3648425340652466,10.432507514953613
SUG,V03_Wide,12,Train,703.8582509994466,503.8631896972656,0.34907883405685425,51.959495544433594
SUG,V03_Wide,12,Test,609.710638335924,555.1780395507812,-6.305700302124023,27.37843132019043
SUG,V04_Triple,3,Train,774.3061813649688,521.7073364257812,0.15296989679336548,54.79032516479492
SUG,V04_Triple,3,Test,1111.2745497850656,1089.697998046875,-27.58422088623047,49.851722717285156
SUG,V04_Triple,6,Train,738.9410920364356,550.5726318359375,0.2571038007736206,62.1959342956543
SUG,V04_Triple,6,Test,470.7735157429738,414.22418212890625,-4.129885196685791,18.3713436126709
SUG,V04_Triple,12,Train,701.7128374556077,562.6207275390625,0.3530409336090088,65.26744842529297
SUG,V04_Triple,12,Test,719.2823897816489,669.2001953125,-9.167475700378418,32.745548248291016
SUG,V05_Bidir,3,Train,661.1833614815182,434.8236389160156,0.38238584995269775,45.039268493652344
SUG,V05_Bidir,3,Test,815.6347987917142,782.0687255859375,-14.398383140563965,35.422882080078125
SUG,V05_Bidir,6,Train,637.174230489589,475.6259765625,0.44763660430908203,54.36835861206055
SUG,V05_Bidir,6,Test,234.14321038362397,210.25083923339844,-0.26895666122436523,10.050182342529297
SUG,V05_Bidir,12,Train,678.0963012360412,478.752685546875,0.3958556652069092,47.06679916381836
SUG,V05_Bidir,12,Test,514.2702961478526,449.101806640625,-4.1975321769714355,22.43457794189453
SUG,V06_Pyramid,3,Train,759.0613858575603,509.3085632324219,0.18599474430084229,53.268558502197266
SUG,V06_Pyramid,3,Test,1059.6689341487745,1036.577392578125,-24.99106216430664,47.364036560058594
SUG,V06_Pyramid,6,Train,723.268600694099,553.0469360351562,0.28828245401382446,66.92814636230469
SUG,V06_Pyramid,6,Test,308.8329721508052,259.3141174316406,-1.2076537609100342,11.54439926147461
SUG,V06_Pyramid,12,Train,695.6481240541083,513.3277587890625,0.36417561769485474,54.42536544799805
SUG,V06_Pyramid,12,Test,733.0075886373892,682.999267578125,-9.559206008911133,33.40238952636719
SUG,V07_DenseLSTM,3,Train,698.8708974123905,478.78265380859375,0.3099710941314697,54.13787841796875
SUG,V07_DenseLSTM,3,Test,858.4576285408616,828.11865234375,-16.057735443115234,37.6030387878418
SUG,V07_DenseLSTM,6,Train,665.1386368645261,530.4801635742188,0.3980882167816162,65.4948501586914
SUG,V07_DenseLSTM,6,Test,352.2108188819588,271.21368408203125,-1.8713691234588623,13.567680358886719
SUG,V07_DenseLSTM,12,Train,697.721761341869,495.224365234375,0.36037933826446533,49.93375015258789
SUG,V07_DenseLSTM,12,Test,590.5180987912225,532.4788818359375,-5.853000164031982,26.317941665649414
SUG,V08_Lite,3,Train,739.6210178192613,488.5362548828125,0.22715598344802856,47.11565399169922
SUG,V08_Lite,3,Test,1036.5785667280604,1012.2081298828125,-23.870702743530273,46.2059326171875
SUG,V08_Lite,6,Train,681.9065185199509,461.8708190917969,0.3673577904701233,47.64169692993164
SUG,V08_Lite,6,Test,437.8696830964665,376.9619140625,-3.4378576278686523,16.581436157226562
SUG,V08_Lite,12,Train,703.5611647184628,473.0494079589844,0.3496282696723938,44.2584228515625
SUG,V08_Lite,12,Test,337.5122914428451,245.048583984375,-1.2386877536773682,12.775582313537598
SUG,V09_BiDeep,3,Train,634.9136752346732,431.6235656738281,0.4304881691932678,47.85692596435547
SUG,V09_BiDeep,3,Test,703.7916728336589,663.3577270507812,-10.46494197845459,29.866106033325195
SUG,V09_BiDeep,6,Train,626.7661794880129,506.6051025390625,0.46553462743759155,61.301971435546875
SUG,V09_BiDeep,6,Test,333.3277642763951,257.4739074707031,-1.571737289428711,12.992210388183594
SUG,V09_BiDeep,12,Train,683.6936905515511,472.0225524902344,0.38584059476852417,44.64448928833008
SUG,V09_BiDeep,12,Test,398.26082847802144,315.18896484375,-2.117090940475464,16.114728927612305
SUG,V10_Mixed,3,Train,629.9653016238275,433.2664794921875,0.4393308162689209,48.897464752197266
SUG,V10_Mixed,3,Test,691.0142681233145,649.7363891601562,-10.052427291870117,29.228734970092773
SUG,V10_Mixed,6,Train,623.9344917537417,499.6778869628906,0.47035306692123413,59.80417251586914
SUG,V10_Mixed,6,Test,366.253988886128,278.7373046875,-2.104905128479004,14.086350440979004
SUG,V10_Mixed,12,Train,668.7429672527405,460.2118225097656,0.4124072790145874,43.11544418334961
SUG,V10_Mixed,12,Test,375.50220538633323,289.01373291015625,-1.7710175514221191,14.893458366394043
LGP,V01_Simple,3,Train,863.0431260950985,262.844482421875,0.41067129373550415,68.72319793701172
LGP,V01_Simple,3,Test,9.891464993210766,9.891465187072754,0.0,
LGP,V01_Simple,6,Train,26.665576658224083,12.001006126403809,0.0,
LGP,V01_Simple,6,Test,2.314256258933513,2.314256429672241,0.0,
LGP,V01_Simple,12,Train,23.759338470394777,9.753596305847168,0.0,
LGP,V01_Simple,12,Test,0.40443729413127066,0.4044373035430908,0.0,
LGP,V02_Deep,3,Train,927.3931879197734,263.7155456542969,0.3195120096206665,76.21592712402344
LGP,V02_Deep,3,Test,1.7041833371541664,1.7041834592819214,0.0,
LGP,V02_Deep,6,Train,20.43523989438381,7.487760543823242,0.0,
LGP,V02_Deep,6,Test,1.4158241721327065,1.4158241748809814,0.0,
LGP,V02_Deep,12,Train,20.68353288765833,7.873685359954834,0.0,
LGP,V02_Deep,12,Test,0.3337759293259909,0.33377593755722046,0.0,
LGP,V03_Wide,3,Train,1125.2288656091257,270.50640869140625,-0.0017845630645751953,98.07185363769531
LGP,V03_Wide,3,Test,47.28866948560458,47.28866958618164,0.0,
LGP,V03_Wide,6,Train,10.582871154145002,3.168531656265259,0.0,
LGP,V03_Wide,6,Test,0.05918288686495211,0.05918288603425026,0.0,
LGP,V03_Wide,12,Train,3.377728948393568,1.1273893117904663,0.0,
LGP,V03_Wide,12,Test,0.045468008966896296,0.045468010008335114,0.0,
LGP,V04_Triple,3,Train,974.523248824778,305.146728515625,0.2485898733139038,81.88995361328125
LGP,V04_Triple,3,Test,51.99530242829034,51.99530029296875,0.0,
LGP,V04_Triple,6,Train,10.480080738484617,4.2171196937561035,0.0,
LGP,V04_Triple,6,Test,0.44060859514364464,0.44060859084129333,0.0,
LGP,V04_Triple,12,Train,9.181057494179294,3.528778553009033,0.0,
LGP,V04_Triple,12,Test,0.09807426632347356,0.09807426482439041,0.0,
LGP,V05_Bidir,3,Train,851.3251068187758,258.38653564453125,0.42656588554382324,66.94755554199219
LGP,V05_Bidir,3,Test,4.23324986673408,4.233250141143799,0.0,
LGP,V05_Bidir,6,Train,31.446038423297953,15.334820747375488,0.0,
LGP,V05_Bidir,6,Test,3.8238798308863697,3.8238797187805176,0.0,
LGP,V05_Bidir,12,Train,63.41472420576904,31.135101318359375,0.0,
LGP,V05_Bidir,12,Test,4.767629133214944,4.767629146575928,0.0,
LGP,V06_Pyramid,3,Train,969.255577750265,277.6864013671875,0.25669121742248535,81.40094757080078
LGP,V06_Pyramid,3,Test,20.222866388105615,20.222867965698242,0.0,
LGP,V06_Pyramid,6,Train,18.27106336784471,7.131793975830078,0.0,
LGP,V06_Pyramid,6,Test,0.6888748856393674,0.6888748407363892,0.0,
LGP,V06_Pyramid,12,Train,8.175220862155317,4.39287805557251,0.0,
LGP,V06_Pyramid,12,Test,1.7305625735093484,1.7305625677108765,0.0,
LGP,V07_DenseLSTM,3,Train,1145.46791749049,305.8753356933594,-0.038146138191223145,99.68455505371094
LGP,V07_DenseLSTM,3,Test,93.44625272549723,93.44624328613281,0.0,
LGP,V07_DenseLSTM,6,Train,11.675984467326513,4.019011974334717,0.0,
LGP,V07_DenseLSTM,6,Test,0.8014663370908014,0.8014663457870483,0.0,
LGP,V07_DenseLSTM,12,Train,9.452139104709852,8.19206714630127,0.0,
LGP,V07_DenseLSTM,12,Test,6.6466559814754955,6.646656036376953,0.0,
LGP,V08_Lite,3,Train,1583.9805080871417,523.9823608398438,-0.9851453304290771,134.493896484375
LGP,V08_Lite,3,Test,162.06452466918847,162.0645294189453,0.0,
LGP,V08_Lite,6,Train,6.340621101449639,3.743760824203491,0.0,
LGP,V08_Lite,6,Test,1.8275416821111128,1.8275415897369385,0.0,
LGP,V08_Lite,12,Train,1.2508174607457743,0.4503416121006012,0.0,
LGP,V08_Lite,12,Test,0.04820684236647594,0.04820684343576431,0.0,
LGP,V09_BiDeep,3,Train,858.6926472842306,264.5064697265625,0.41659772396087646,67.62196350097656
LGP,V09_BiDeep,3,Test,7.946898895599765,7.946898937225342,0.0,
LGP,V09_BiDeep,6,Train,25.945872378030213,7.779924392700195,0.0,
LGP,V09_BiDeep,6,Test,0.04123006406212294,0.04123006388545036,0.0,
LGP,V09_BiDeep,12,Train,87.35587740047174,32.823246002197266,0.0,
LGP,V09_BiDeep,12,Test,1.358696340643667,1.3586963415145874,0.0,
LGP,V10_Mixed,3,Train,845.8819731499188,274.5370788574219,0.4338752031326294,67.03626251220703
LGP,V10_Mixed,3,Test,30.51113838305099,30.511137008666992,0.0,
LGP,V10_Mixed,6,Train,8.061284409785404,4.438831329345703,0.0,
LGP,V10_Mixed,6,Test,1.815340644249196,1.8153406381607056,0.0,
LGP,V10_Mixed,12,Train,59.95015222627149,25.690378189086914,0.0,
LGP,V10_Mixed,12,Test,2.961850148966291,2.961850166320801,0.0,
CYP,V01_Simple,3,Train,295.39041961444855,194.87522888183594,-0.0032328367233276367,15.355934143066406
CYP,V01_Simple,3,Test,451.06055580154646,328.34942626953125,0.1297791600227356,977899520.0
CYP,V01_Simple,6,Train,299.65010845985023,205.1671905517578,-0.012982010841369629,16.667587280273438
CYP,V01_Simple,6,Test,544.6356293431417,438.20941162109375,-0.26873779296875,1142450176.0
CYP,V01_Simple,12,Train,318.63681814096753,283.7988586425781,0.10951131582260132,25.2384090423584
CYP,V01_Simple,12,Test,875.8727790038917,799.6223754882812,-4.211209297180176,2068083456.0
CYP,V02_Deep,3,Train,290.8595290256106,189.9465789794922,0.027307569980621338,15.244494438171387
CYP,V02_Deep,3,Test,452.35919770686655,335.9961242675781,0.12476110458374023,995173120.0
CYP,V02_Deep,6,Train,311.2001591620737,217.44554138183594,-0.09257805347442627,17.780853271484375
CYP,V02_Deep,6,Test,572.3185028897808,458.4983825683594,-0.40099096298217773,1194156544.0
CYP,V02_Deep,12,Train,330.75696799160556,298.66302490234375,0.04047894477844238,27.176151275634766
CYP,V02_Deep,12,Test,987.4322128632426,897.8299560546875,-5.62324857711792,2337671424.0
CYP,V03_Wide,3,Train,285.65939344348544,185.7919158935547,0.06177729368209839,15.081584930419922
CYP,V03_Wide,3,Test,449.793615867322,335.91943359375,0.13466084003448486,992161792.0
CYP,V03_Wide,6,Train,310.3272592159767,208.1357421875,-0.08645749092102051,16.470462799072266
CYP,V03_Wide,6,Test,536.0734266404183,425.9638366699219,-0.22915971279144287,1135446144.0
CYP,V03_Wide,12,Train,329.1540530283654,294.1839904785156,0.049756526947021484,26.486852645874023
CYP,V03_Wide,12,Test,970.892952389706,881.7413940429688,-5.403230667114258,2304478720.0
CYP,V04_Triple,3,Train,298.6690397622425,197.0926971435547,-0.025626778602600098,15.71090030670166
CYP,V04_Triple,3,Test,463.27583576094275,340.0736999511719,0.08200764656066895,1009593600.0
CYP,V04_Triple,6,Train,310.8696973813948,224.7325439453125,-0.09025883674621582,18.48256492614746
CYP,V04_Triple,6,Test,549.2486629478492,431.44189453125,-0.29032111167907715,1190965760.0
CYP,V04_Triple,12,Train,335.69389423252846,304.08892822265625,0.011621356010437012,27.89456558227539
CYP,V04_Triple,12,Test,956.5339121013953,845.94384765625,-5.215229511260986,2351702784.0
CYP,V05_Bidir,3,Train,279.75300210632236,184.33441162109375,0.1001741886138916,14.797327041625977
CYP,V05_Bidir,3,Test,453.0309902479079,334.50640869140625,0.12215954065322876,985171712.0
CYP,V05_Bidir,6,Train,296.0497873035885,213.9291534423828,0.011213839054107666,17.912813186645508
CYP,V05_Bidir,6,Test,555.7212374473374,451.7893371582031,-0.3209116458892822,1160308352.0
CYP,V05_Bidir,12,Train,327.2009727407607,297.39898681640625,0.06099987030029297,27.144914627075195
CYP,V05_Bidir,12,Test,977.7208190480552,887.3240356445312,-5.49360990524292,2321650432.0
CYP,V06_Pyramid,3,Train,295.9210990703434,195.07081604003906,-0.006840825080871582,15.672093391418457
CYP,V06_Pyramid,3,Test,461.90654493089835,342.10888671875,0.08742618560791016,1013604928.0
CYP,V06_Pyramid,6,Train,314.6199468207634,227.5911102294922,-0.1167227029800415,18.833065032958984
CYP,V06_Pyramid,6,Test,573.797574280338,449.3941345214844,-0.4082416296005249,1221278592.0
CYP,V06_Pyramid,12,Train,335.0563385462212,303.9670715332031,0.015372037887573242,27.896282196044922
CYP,V06_Pyramid,12,Test,974.0054542968433,862.1427612304688,-5.444351673126221,2390400768.0
CYP,V07_DenseLSTM,3,Train,282.2181946207579,189.70179748535156,0.08424568176269531,15.981327056884766
CYP,V07_DenseLSTM,3,Test,469.2370303215636,354.71490478515625,0.05823111534118652,1036856896.0
CYP,V07_DenseLSTM,6,Train,311.6955270171518,216.78453063964844,-0.09605920314788818,17.609912872314453
CYP,V07_DenseLSTM,6,Test,563.7368069409696,449.6012268066406,-0.35929131507873535,1183456128.0
CYP,V07_DenseLSTM,12,Train,331.2572876556831,299.8266906738281,0.03757399320602417,27.339014053344727
CYP,V07_DenseLSTM,12,Test,997.651147696428,907.6480712890625,-5.761045455932617,2358718720.0
CYP,V08_Lite,3,Train,305.40745069087626,201.71209716796875,-0.07242810726165771,15.8445463180542
CYP,V08_Lite,3,Test,465.082200395801,334.3039245605469,0.07483500242233276,999238272.0
CYP,V08_Lite,6,Train,301.1495294077346,202.9435577392578,-0.023145198822021484,16.029081344604492
CYP,V08_Lite,6,Test,508.6515414554447,392.6123046875,-0.10662508010864258,1100864256.0
CYP,V08_Lite,12,Train,314.7648427794947,277.82855224609375,0.13102173805236816,24.485750198364258
CYP,V08_Lite,12,Test,831.7034477504587,744.2122802734375,-3.6988701820373535,2026822144.0
CYP,V09_BiDeep,3,Train,273.4106915429607,177.35409545898438,0.14051175117492676,14.457537651062012
CYP,V09_BiDeep,3,Test,447.8069129100175,334.91400146484375,0.1422882080078125,979622592.0
CYP,V09_BiDeep,6,Train,294.2151636132985,215.7913055419922,0.023430943489074707,18.235193252563477
CYP,V09_BiDeep,6,Test,580.951563170287,476.26373291015625,-0.4435758590698242,1181313280.0
CYP,V09_BiDeep,12,Train,319.83646944571535,289.1929016113281,0.10279339551925659,26.087993621826172
CYP,V09_BiDeep,12,Test,913.2837045518769,829.3782958984375,-4.665886878967285,2172277760.0
CYP,V10_Mixed,3,Train,269.2048911842056,178.43869018554688,0.166750967502594,14.805438995361328
CYP,V10_Mixed,3,Test,453.9125569699521,341.16259765625,0.1187397837638855,992377280.0
CYP,V10_Mixed,6,Train,291.46118952615285,220.1841583251953,0.04162752628326416,18.849464416503906
CYP,V10_Mixed,6,Test,593.6306985407679,492.33685302734375,-0.507274866104126,1180080000.0
CYP,V10_Mixed,12,Train,313.91247038386354,277.9779357910156,0.13572168350219727,24.62885856628418
CYP,V10_Mixed,12,Test,886.4238898518022,814.0177612304688,-4.337518215179443,2069836160.0
SJI,V01_Simple,3,Train,58.24067999809605,11.39625358581543,-0.0372234582901001,99.93975067138672
SJI,V01_Simple,3,Test,3156.485704070272,2660.528076171875,-2.4296748638153076,98.95620727539062
SJI,V01_Simple,6,Train,61.75687904496956,12.856868743896484,-0.041671156883239746,99.9124984741211
SJI,V01_Simple,6,Test,3177.010701902025,2684.41259765625,-2.4744224548339844,100.5018081665039
SJI,V01_Simple,12,Train,1541.2883409667381,502.0480041503906,-0.12242269515991211,100.06723022460938
SJI,V01_Simple,12,Test,2167.226799391333,1820.5863037109375,-2.3936643600463867,101.22537231445312
SJI,V02_Deep,3,Train,58.22591625916032,11.457098007202148,-0.0366976261138916,99.9140625
SJI,V02_Deep,3,Test,3169.1252736362444,2671.493896484375,-2.4571969509124756,99.83562469482422
SJI,V02_Deep,6,Train,61.73024220537592,12.957308769226074,-0.04077279567718506,99.86843872070312
SJI,V02_Deep,6,Test,3168.4755009310074,2671.728515625,-2.4557790756225586,99.80699920654297
SJI,V02_Deep,12,Train,1537.9972366685188,501.3174743652344,-0.11763453483581543,99.8899917602539
SJI,V02_Deep,12,Test,2139.6807004784614,1793.4798583984375,-2.307943820953369,99.04403686523438
SJI,V03_Wide,3,Train,58.2444568010285,11.367466926574707,-0.03735804557800293,99.9464340209961
SJI,V03_Wide,3,Test,3155.7363641470433,2656.619384765625,-2.428046464920044,98.9906234741211
SJI,V03_Wide,6,Train,61.73770080892125,12.920180320739746,-0.041024208068847656,99.88084411621094
SJI,V03_Wide,6,Test,3179.714295341643,2683.701171875,-2.4803383350372314,100.55595397949219
SJI,V03_Wide,12,Train,1531.2613264887218,498.83880615234375,-0.10786616802215576,99.67507934570312
SJI,V03_Wide,12,Test,2103.698647620424,1761.9351806640625,-2.197622776031494,96.6708984375
SJI,V04_Triple,3,Train,58.24660498421775,11.354910850524902,-0.03743457794189453,99.95021057128906
SJI,V04_Triple,3,Test,3172.532269339431,2676.281494140625,-2.4646341800689697,100.12358093261719
SJI,V04_Triple,6,Train,61.7436836502579,12.911575317382812,-0.04122602939605713,99.89071655273438
SJI,V04_Triple,6,Test,3171.32574801139,2674.580322265625,-2.4619994163513184,100.03829956054688
SJI,V04_Triple,12,Train,1538.310111778506,501.28839111328125,-0.11808919906616211,99.9205322265625
SJI,V04_Triple,12,Test,2148.0569126538526,1798.7620849609375,-2.3338935375213623,99.77464294433594
SJI,V05_Bidir,3,Train,58.23587585267457,11.406638145446777,-0.03705239295959473,99.9315185546875
SJI,V05_Bidir,3,Test,3150.46123607322,2653.566650390625,-2.416595458984375,98.58043670654297
SJI,V05_Bidir,6,Train,61.758272551259275,12.854229927062988,-0.041718244552612305,99.91477966308594
SJI,V05_Bidir,6,Test,3176.6110873067228,2681.88916015625,-2.473548650741577,100.42542266845703
SJI,V05_Bidir,12,Train,1537.8733692993062,501.26953125,-0.1174544095993042,100.04573822021484
SJI,V05_Bidir,12,Test,2151.9165876027814,1803.2017822265625,-2.3458850383758545,100.15592956542969
SJI,V06_Pyramid,3,Train,58.21131653765335,11.528965950012207,-0.036177873611450195,99.88835144042969
SJI,V06_Pyramid,3,Test,3170.279167518217,2673.3359375,-2.459714651107788,99.94644927978516
SJI,V06_Pyramid,6,Train,61.74240053186708,12.922832489013672,-0.041182756423950195,99.88854217529297
SJI,V06_Pyramid,6,Test,3169.826020462322,2673.091796875,-2.458725690841675,99.90328216552734
SJI,V06_Pyramid,12,Train,1538.3627660600735,501.5567932128906,-0.11816573143005371,99.88619995117188
SJI,V06_Pyramid,12,Test,2151.823180468135,1802.3031005859375,-2.345594644546509,100.1104965209961
SJI,V07_DenseLSTM,3,Train,58.19635027685907,11.588829040527344,-0.035645127296447754,99.86194610595703
SJI,V07_DenseLSTM,3,Test,3171.883194570695,2674.988037109375,-2.463216781616211,100.04853820800781
SJI,V07_DenseLSTM,6,Train,61.68699341230694,13.17297649383545,-0.039314985275268555,99.795654296875
SJI,V07_DenseLSTM,6,Test,3175.86035587209,2682.294677734375,-2.471906900405884,100.46123504638672
SJI,V07_DenseLSTM,12,Train,1537.0216328991598,501.11199951171875,-0.11621701717376709,99.83180236816406
SJI,V07_DenseLSTM,12,Test,2141.6183133322334,1793.8258056640625,-2.3139376640319824,99.35751342773438
SJI,V08_Lite,3,Train,58.19045793367887,11.648903846740723,-0.03543543815612793,99.85102081298828
SJI,V08_Lite,3,Test,3180.834010130048,2687.637939453125,-2.482789993286133,100.62910461425781
SJI,V08_Lite,6,Train,61.77292717080841,12.777749061584473,-0.042212605476379395,99.93893432617188
SJI,V08_Lite,6,Test,3199.358842018194,2706.802978515625,-2.523474931716919,101.6534194946289
SJI,V08_Lite,12,Train,1536.2774000811182,500.4417419433594,-0.11513626575469971,99.8697738647461
SJI,V08_Lite,12,Test,2138.1536427488086,1789.0208740234375,-2.3032236099243164,99.13774871826172
SJI,V09_BiDeep,3,Train,58.23455736824141,11.400498390197754,-0.03700542449951172,99.92926025390625
SJI,V09_BiDeep,3,Test,3172.367885349995,2675.041748046875,-2.4642748832702637,100.04840850830078
SJI,V09_BiDeep,6,Train,61.701271259188815,13.14791202545166,-0.03979611396789551,99.819091796875
SJI,V09_BiDeep,6,Test,3167.009788428195,2669.587158203125,-2.452582597732544,99.56864929199219
SJI,V09_BiDeep,12,Train,1538.3006045633604,501.48077392578125,-0.11807537078857422,99.8887710571289
SJI,V09_BiDeep,12,Test,2158.6669497632097,1810.489013671875,-2.3669097423553467,100.65052795410156
SJI,V10_Mixed,3,Train,58.22987430622489,11.434160232543945,-0.036838650703430176,99.92102813720703
SJI,V10_Mixed,3,Test,3170.125549564244,2673.036376953125,-2.4593794345855713,99.8709945678711
SJI,V10_Mixed,6,Train,61.72282225489511,12.995983123779297,-0.04052257537841797,99.85604095458984
SJI,V10_Mixed,6,Test,3169.971766435783,2673.786865234375,-2.4590439796447754,99.99413299560547
SJI,V10_Mixed,12,Train,1539.1896406875924,501.15447998046875,-0.11936807632446289,100.00981140136719
SJI,V10_Mixed,12,Test,2153.6291463480893,1803.192626953125,-2.351212739944458,100.1689224243164
MBT,V01_Simple,3,Train,172.02849963741474,79.81067657470703,0.6466885209083557,56.8361930847168
MBT,V01_Simple,3,Test,976.205088595629,791.76171875,-1.4866795539855957,45.08726119995117
MBT,V01_Simple,6,Train,179.3089436297727,75.42752838134766,0.648810625076294,51.058692932128906
MBT,V01_Simple,6,Test,1023.4730394592717,852.9427490234375,-1.7333202362060547,50.8229866027832
MBT,V01_Simple,12,Train,275.76678609379337,196.22317504882812,0.8796917200088501,58.19115447998047
MBT,V01_Simple,12,Test,2444.4739720438834,2369.22314453125,-37.66400146484375,184.8074951171875
MBT,V02_Deep,3,Train,176.20708143225968,81.77806854248047,0.6293161511421204,57.85629653930664
MBT,V02_Deep,3,Test,975.63706751025,770.7138061523438,-1.4837868213653564,42.90784454345703
MBT,V02_Deep,6,Train,199.57778676182878,97.43328094482422,0.5649272799491882,54.307525634765625
MBT,V02_Deep,6,Test,1042.025431551457,829.6924438476562,-1.8333115577697754,49.92216110229492
MBT,V02_Deep,12,Train,275.3086336277887,197.68069458007812,0.8800911903381348,54.85405349731445
MBT,V02_Deep,12,Test,3351.1899379175748,3227.280029296875,-71.66646575927734,252.5165557861328
MBT,V03_Wide,3,Train,174.63729153233567,82.2435073852539,0.6358914375305176,54.93484115600586
MBT,V03_Wide,3,Test,1026.843342482192,866.9838256835938,-1.7513515949249268,49.94211959838867
MBT,V03_Wide,6,Train,181.0450996989424,81.19486999511719,0.6419769525527954,49.641090393066406
MBT,V03_Wide,6,Test,1033.9559347477048,866.8806762695312,-1.7895989418029785,49.32197952270508
MBT,V03_Wide,12,Train,276.49522486835104,203.32040405273438,0.8790553212165833,58.508819580078125
MBT,V03_Wide,12,Test,4747.776953480439,4520.4248046875,-144.85340881347656,356.76318359375
MBT,V04_Triple,3,Train,182.51605237622252,85.67813110351562,0.602296769618988,59.507381439208984
MBT,V04_Triple,3,Test,981.3149023121987,713.4395141601562,-1.5127801895141602,37.635379791259766
MBT,V04_Triple,6,Train,189.21731264937148,80.03267669677734,0.6089257597923279,51.755672454833984
MBT,V04_Triple,6,Test,1028.1610404017456,843.765625,-1.7584176063537598,51.534332275390625
MBT,V04_Triple,12,Train,272.63623314776044,201.92091369628906,0.8824077844619751,54.4173469543457
MBT,V04_Triple,12,Test,2391.865694390051,2309.32421875,-36.0177116394043,180.9276885986328
MBT,V05_Bidir,3,Train,169.72148600722304,77.50545501708984,0.6561012268066406,56.6932487487793
MBT,V05_Bidir,3,Test,981.809140057272,808.6455078125,-1.5153119564056396,46.50135040283203
MBT,V05_Bidir,6,Train,176.2336871883466,76.79767608642578,0.6607535481452942,51.46100616455078
MBT,V05_Bidir,6,Test,932.7333823231588,702.8297729492188,-1.2701406478881836,40.358028411865234
MBT,V05_Bidir,12,Train,307.88702777967114,207.89620971679688,0.8500335216522217,57.17616653442383
MBT,V05_Bidir,12,Test,1831.124176564768,1752.783935546875,-20.695594787597656,138.86117553710938
MBT,V06_Pyramid,3,Train,179.3681183348925,85.45468139648438,0.6158972382545471,59.43680953979492
MBT,V06_Pyramid,3,Test,976.7927108655142,731.2998657226562,-1.4896743297576904,37.66743087768555
MBT,V06_Pyramid,6,Train,185.44114421764658,79.10842895507812,0.6243791580200195,51.01766586303711
MBT,V06_Pyramid,6,Test,1011.2912537938811,774.6941528320312,-1.6686413288116455,43.66280746459961
MBT,V06_Pyramid,12,Train,272.3203679721735,210.59945678710938,0.8826800584793091,59.10906219482422
MBT,V06_Pyramid,12,Test,2804.8926895694244,2703.140625,-49.90594482421875,211.88101196289062
MBT,V07_DenseLSTM,3,Train,174.94209421441428,83.5245132446289,0.6346193552017212,57.0460205078125
MBT,V07_DenseLSTM,3,Test,1001.99635104126,844.8746948242188,-1.6198112964630127,49.1573486328125
MBT,V07_DenseLSTM,6,Train,176.70853474011943,77.71968841552734,0.6589229106903076,49.91599655151367
MBT,V07_DenseLSTM,6,Test,995.0628120877597,808.5801391601562,-1.5836799144744873,47.142860412597656
MBT,V07_DenseLSTM,12,Train,279.8357498158518,212.69677734375,0.8761152029037476,66.38504791259766
MBT,V07_DenseLSTM,12,Test,4030.27145487745,3837.95068359375,-104.10044860839844,303.4538879394531
MBT,V08_Lite,3,Train,170.5909707366571,78.28612518310547,0.6525685787200928,55.85398864746094
MBT,V08_Lite,3,Test,978.5862251227533,751.4017333984375,-1.4988253116607666,41.275936126708984
MBT,V08_Lite,6,Train,186.7172724836939,86.26397705078125,0.6191916465759277,53.20829772949219
MBT,V08_Lite,6,Test,1000.4594569496558,771.7936401367188,-1.6117806434631348,44.23189926147461
MBT,V08_Lite,12,Train,277.8683085114242,192.99514770507812,0.877851128578186,54.72786331176758
MBT,V08_Lite,12,Test,2384.8267232652356,2319.216796875,-35.80015182495117,180.2312469482422
MBT,V09_BiDeep,3,Train,166.54439395023178,76.98475646972656,0.6688559055328369,57.22257995605469
MBT,V09_BiDeep,3,Test,937.2652706144617,742.9640502929688,-1.2922542095184326,42.29888916015625
MBT,V09_BiDeep,6,Train,176.70903764203743,79.47956085205078,0.6589210033416748,52.3656005859375
MBT,V09_BiDeep,6,Test,934.9130307146221,712.8123168945312,-1.2807629108428955,39.68229293823242
MBT,V09_BiDeep,12,Train,304.693724295398,171.82640075683594,0.8531281352043152,57.85939025878906
MBT,V09_BiDeep,12,Test,1985.3082254400701,1928.043701171875,-24.503034591674805,150.36083984375
MBT,V10_Mixed,3,Train,165.33159743187326,75.98120880126953,0.6736612319946289,55.74885559082031
MBT,V10_Mixed,3,Test,932.2339767998161,702.6395874023438,-1.2677102088928223,38.68699645996094
MBT,V10_Mixed,6,Train,173.29139679489285,74.20145416259766,0.6719866991043091,51.73577117919922
MBT,V10_Mixed,6,Test,925.9913606508433,695.2787475585938,-1.237440824508667,40.735931396484375
MBT,V10_Mixed,12,Train,301.9760182944997,183.48519897460938,0.855736494064331,51.13097381591797
MBT,V10_Mixed,12,Test,2095.5898930849994,2037.0218505859375,-27.415058135986328,158.6498565673828
BAG,V01_Simple,3,Train,71.50984689624919,16.657855987548828,-0.025153756141662598,99.25859832763672
BAG,V01_Simple,3,Test,2.772662847085963,2.772662878036499,0.0,
BAG,V01_Simple,6,Train,75.63038785042855,19.413148880004883,-0.024213671684265137,98.90072631835938
BAG,V01_Simple,6,Test,4.111047208707494,4.111047267913818,0.0,
BAG,V01_Simple,12,Train,83.0866364715545,22.502685546875,-0.039134860038757324,99.20751190185547
BAG,V01_Simple,12,Test,2.7313951222428905,2.7238094806671143,0.0,
BAG,V02_Deep,3,Train,71.44487809121624,16.64661979675293,-0.023291826248168945,99.18132019042969
BAG,V02_Deep,3,Test,3.0617072188658367,3.061706781387329,0.0,
BAG,V02_Deep,6,Train,75.47703758842817,19.656389236450195,-0.020064353942871094,98.70211791992188
BAG,V02_Deep,6,Test,4.853815265209851,4.85381555557251,0.0,
BAG,V02_Deep,12,Train,82.6742861938115,23.54262351989746,-0.028846144676208496,98.6632308959961
BAG,V02_Deep,12,Test,5.9311968625163525,5.886627674102783,0.0,
BAG,V03_Wide,3,Train,71.72943479776103,15.167033195495605,-0.03145945072174072,99.642822265625
BAG,V03_Wide,3,Test,1.3357919535630298,1.3357919454574585,0.0,
BAG,V03_Wide,6,Train,76.33323134147571,19.59027862548828,-0.04333841800689697,99.61018371582031
BAG,V03_Wide,6,Test,1.457831768795779,1.4578317403793335,0.0,
BAG,V03_Wide,12,Train,83.11634705903225,21.339597702026367,-0.039878129959106445,99.32720184326172
BAG,V03_Wide,12,Test,3.2352340957867356,3.186876058578491,0.0,
BAG,V04_Triple,3,Train,71.41860191307829,16.94355010986328,-0.022539377212524414,99.12566375732422
BAG,V04_Triple,3,Test,3.2698370677708186,3.269836902618408,0.0,
BAG,V04_Triple,6,Train,75.42321025076598,20.561145782470703,-0.018610000610351562,98.55551147460938
BAG,V04_Triple,6,Test,5.402114609543069,5.402114391326904,0.0,
BAG,V04_Triple,12,Train,82.44678089341936,24.46398162841797,-0.02319157123565674,98.30886840820312
BAG,V04_Triple,12,Test,6.163547586224694,6.161936283111572,0.0,
BAG,V05_Bidir,3,Train,71.24639519389736,17.725936889648438,-0.017614126205444336,98.82172393798828
BAG,V05_Bidir,3,Test,4.40652703029835,4.406527042388916,0.0,
BAG,V05_Bidir,6,Train,74.54408628980069,24.203819274902344,0.00499725341796875,96.67618560791016
BAG,V05_Bidir,6,Test,12.43042956714018,12.430428504943848,0.0,
BAG,V05_Bidir,12,Train,82.81918310297289,23.377742767333984,-0.0324556827545166,98.83379364013672
BAG,V05_Bidir,12,Test,8.521412973500428,7.808145046234131,0.0,
BAG,V06_Pyramid,3,Train,71.38054447050855,17.295263290405273,-0.021449923515319824,99.04634094238281
BAG,V06_Pyramid,3,Test,3.5664855346557474,3.56648588180542,0.0,
BAG,V06_Pyramid,6,Train,75.54419430352507,19.536376953125,-0.021880388259887695,98.80350494384766
BAG,V06_Pyramid,6,Test,4.474650295808086,4.474650859832764,0.0,
BAG,V06_Pyramid,12,Train,82.6595285266617,23.30619239807129,-0.02847886085510254,98.66574096679688
BAG,V06_Pyramid,12,Test,5.723662387554754,5.694482326507568,0.0,
BAG,V07_DenseLSTM,3,Train,71.53213739073858,16.115585327148438,-0.025792956352233887,99.33191680908203
BAG,V07_DenseLSTM,3,Test,2.49850943952651,2.498509168624878,0.0,
BAG,V07_DenseLSTM,6,Train,75.80561141931545,17.84596061706543,-0.028964996337890625,99.247314453125
BAG,V07_DenseLSTM,6,Test,2.814904266138878,2.8149044513702393,0.0,
BAG,V07_DenseLSTM,12,Train,82.67189124220215,22.574552536010742,-0.028786540031433105,98.73054504394531
BAG,V07_DenseLSTM,12,Test,4.462188598709617,4.4550461769104,0.0,
BAG,V08_Lite,3,Train,71.6256237701896,17.889638900756836,-0.02847599983215332,99.20883178710938
BAG,V08_Lite,3,Test,2.9588153249461566,2.958815097808838,0.0,
BAG,V08_Lite,6,Train,75.47823115909812,19.3510799407959,-0.020096659660339355,98.71475982666016
BAG,V08_Lite,6,Test,4.806537055085924,4.80653715133667,0.0,
BAG,V08_Lite,12,Train,82.75306239612827,22.937408447265625,-0.030807852745056152,98.80567169189453
BAG,V08_Lite,12,Test,4.953949579862449,4.938796520233154,0.0,
BAG,V09_BiDeep,3,Train,71.36600000722508,18.243825912475586,-0.021033644676208496,98.91647338867188
BAG,V09_BiDeep,3,Test,4.052146512334157,4.0521464347839355,0.0,
BAG,V09_BiDeep,6,Train,75.34483227136417,20.270009994506836,-0.016494035720825195,98.46778869628906
BAG,V09_BiDeep,6,Test,5.730158864427082,5.730159282684326,0.0,
BAG,V09_BiDeep,12,Train,82.7733338985902,24.3504695892334,-0.03131294250488281,98.702880859375
BAG,V09_BiDeep,12,Test,5.759468244272826,5.715397357940674,0.0,
BAG,V10_Mixed,3,Train,71.32936574769714,17.94380760192871,-0.019985675811767578,98.91416931152344
BAG,V10_Mixed,3,Test,4.0607981711862235,4.060798168182373,0.0,
BAG,V10_Mixed,6,Train,75.40036044654396,20.068262100219727,-0.017992854118347168,98.56442260742188
BAG,V10_Mixed,6,Test,5.368786613863527,5.368786334991455,0.0,
BAG,V10_Mixed,12,Train,82.56051875934708,24.46699333190918,-0.026016592979431152,98.4443588256836
BAG,V10_Mixed,12,Test,6.29567235626827,6.2829790115356445,0.0,
TBH,V01_Simple,3,Train,0.0,0.0,1.0,
TBH,V01_Simple,3,Test,56.20561182641151,40.262813568115234,-1.057706356048584,100.11785888671875
TBH,V01_Simple,6,Train,0.0,0.0,1.0,
TBH,V01_Simple,6,Test,56.03511254464137,40.139739990234375,-1.045241117477417,99.77169036865234
TBH,V01_Simple,12,Train,0.0,0.0,1.0,
TBH,V01_Simple,12,Test,66.1407523475032,56.1388053894043,-2.5159995555877686,99.54141235351562
TBH,V02_Deep,3,Train,0.0,0.0,1.0,
TBH,V02_Deep,3,Test,55.98232753372934,40.1505012512207,-1.0413897037506104,99.7468032836914
TBH,V02_Deep,6,Train,0.0,0.0,1.0,
TBH,V02_Deep,6,Test,56.06223435695147,40.176475524902344,-1.0472214221954346,99.87027740478516
TBH,V02_Deep,12,Train,0.0,0.0,1.0,
TBH,V02_Deep,12,Test,66.59826283981624,56.50267791748047,-2.564809560775757,100.24458312988281
TBH,V03_Wide,3,Train,0.0,0.0,1.0,
TBH,V03_Wide,3,Test,55.5340856408814,39.909706115722656,-1.0088303089141846,98.82953643798828
TBH,V03_Wide,6,Train,0.0,0.0,1.0,
TBH,V03_Wide,6,Test,56.053306276536894,40.14499282836914,-1.0465693473815918,99.78532409667969
TBH,V03_Wide,12,Train,0.0,0.0,1.0,
TBH,V03_Wide,12,Test,66.18536794252563,56.11122512817383,-2.520744562149048,99.58876037597656
TBH,V04_Triple,3,Train,0.0,0.0,1.0,
TBH,V04_Triple,3,Test,56.164220618952555,40.22935104370117,-1.0546765327453613,100.0377197265625
TBH,V04_Triple,6,Train,0.0,0.0,1.0,
TBH,V04_Triple,6,Test,56.165400791712955,40.232398986816406,-1.054762840270996,100.04208374023438
TBH,V04_Triple,12,Train,0.0,0.0,1.0,
TBH,V04_Triple,12,Test,66.39591831392951,56.275672912597656,-2.5431809425354004,99.96197509765625
TBH,V05_Bidir,3,Train,0.0,0.0,1.0,
TBH,V05_Bidir,3,Test,55.88241439201826,40.10194778442383,-1.0341095924377441,99.48333740234375
TBH,V05_Bidir,6,Train,0.0,0.0,1.0,
TBH,V05_Bidir,6,Test,56.087573650219085,40.163307189941406,-1.049072504043579,99.87532043457031
TBH,V05_Bidir,12,Train,0.0,0.0,1.0,
TBH,V05_Bidir,12,Test,66.73912525530845,56.688812255859375,-2.5799057483673096,100.44248962402344
TBH,V06_Pyramid,3,Train,0.0,0.0,1.0,
TBH,V06_Pyramid,3,Test,56.15838676722182,40.224517822265625,-1.0542500019073486,100.02971649169922
TBH,V06_Pyramid,6,Train,0.0,0.0,1.0,
TBH,V06_Pyramid,6,Test,56.14571713616609,40.21043014526367,-1.0533230304718018,100.01211547851562
TBH,V06_Pyramid,12,Train,0.0,0.0,1.0,
TBH,V06_Pyramid,12,Test,66.45377343617328,56.325714111328125,-2.5493581295013428,100.03734588623047
TBH,V07_DenseLSTM,3,Train,0.0,0.0,1.0,
TBH,V07_DenseLSTM,3,Test,56.07525156332894,40.18474197387695,-1.0481722354888916,99.90345001220703
TBH,V07_DenseLSTM,6,Train,0.0,0.0,1.0,
TBH,V07_DenseLSTM,6,Test,56.067470776706834,40.174522399902344,-1.0476038455963135,99.87489318847656
TBH,V07_DenseLSTM,12,Train,0.0,0.0,1.0,
TBH,V07_DenseLSTM,12,Test,66.31131817396447,56.25060272216797,-2.5341572761535645,99.84463500976562
TBH,V08_Lite,3,Train,0.0,0.0,1.0,
TBH,V08_Lite,3,Test,56.25615851703483,40.324317932128906,-1.0614089965820312,100.2584457397461
TBH,V08_Lite,6,Train,0.0,0.0,1.0,
TBH,V08_Lite,6,Test,56.61675359034086,40.68511199951172,-1.0879204273223877,100.90821075439453
TBH,V08_Lite,12,Train,0.0,0.0,1.0,
TBH,V08_Lite,12,Test,65.89383551284406,56.01487350463867,-2.4897968769073486,99.15898132324219
TBH,V09_BiDeep,3,Train,0.0,0.0,1.0,
TBH,V09_BiDeep,3,Test,56.01248683678154,40.144901275634766,-1.0435898303985596,99.7628173828125
TBH,V09_BiDeep,6,Train,0.0,0.0,1.0,
TBH,V09_BiDeep,6,Test,56.253545895181134,40.321807861328125,-1.0612175464630127,100.19581604003906
TBH,V09_BiDeep,12,Train,0.0,0.0,1.0,
TBH,V09_BiDeep,12,Test,66.4475606799264,56.30883026123047,-2.548694610595703,100.04439544677734
TBH,V10_Mixed,3,Train,0.0,0.0,1.0,
TBH,V10_Mixed,3,Test,56.19804675417443,40.26300811767578,-1.057152271270752,100.10982513427734
TBH,V10_Mixed,6,Train,0.0,0.0,1.0,
TBH,V10_Mixed,6,Test,55.9910009510457,40.142967224121094,-1.0420222282409668,99.73121643066406
TBH,V10_Mixed,12,Train,0.0,0.0,1.0,
TBH,V10_Mixed,12,Test,66.16603981060639,56.18865203857422,-2.518688678741455,99.62923431396484
BPA,V01_Simple,3,Train,0.0,0.0,1.0,
BPA,V01_Simple,3,Test,0.0,0.0,1.0,
BPA,V01_Simple,6,Train,0.0,0.0,1.0,
BPA,V01_Simple,6,Test,0.0,0.0,1.0,
BPA,V01_Simple,12,Train,0.0,0.0,1.0,
BPA,V01_Simple,12,Test,0.0,0.0,1.0,
BPA,V02_Deep,3,Train,0.0,0.0,1.0,
BPA,V02_Deep,3,Test,0.0,0.0,1.0,
BPA,V02_Deep,6,Train,0.0,0.0,1.0,
BPA,V02_Deep,6,Test,0.0,0.0,1.0,
BPA,V02_Deep,12,Train,0.0,0.0,1.0,
BPA,V02_Deep,12,Test,0.0,0.0,1.0,
BPA,V03_Wide,3,Train,0.0,0.0,1.0,
BPA,V03_Wide,3,Test,0.0,0.0,1.0,
BPA,V03_Wide,6,Train,0.0,0.0,1.0,
BPA,V03_Wide,6,Test,0.0,0.0,1.0,
BPA,V03_Wide,12,Train,0.0,0.0,1.0,
BPA,V03_Wide,12,Test,0.0,0.0,1.0,
BPA,V04_Triple,3,Train,0.0,0.0,1.0,
BPA,V04_Triple,3,Test,0.0,0.0,1.0,
BPA,V04_Triple,6,Train,0.0,0.0,1.0,
BPA,V04_Triple,6,Test,0.0,0.0,1.0,
BPA,V04_Triple,12,Train,0.0,0.0,1.0,
BPA,V04_Triple,12,Test,0.0,0.0,1.0,
BPA,V05_Bidir,3,Train,0.0,0.0,1.0,
BPA,V05_Bidir,3,Test,0.0,0.0,1.0,
BPA,V05_Bidir,6,Train,0.0,0.0,1.0,
BPA,V05_Bidir,6,Test,0.0,0.0,1.0,
BPA,V05_Bidir,12,Train,0.0,0.0,1.0,
BPA,V05_Bidir,12,Test,0.0,0.0,1.0,
BPA,V06_Pyramid,3,Train,0.0,0.0,1.0,
BPA,V06_Pyramid,3,Test,0.0,0.0,1.0,
BPA,V06_Pyramid,6,Train,0.0,0.0,1.0,
BPA,V06_Pyramid,6,Test,0.0,0.0,1.0,
BPA,V06_Pyramid,12,Train,0.0,0.0,1.0,
BPA,V06_Pyramid,12,Test,0.0,0.0,1.0,
BPA,V07_DenseLSTM,3,Train,0.0,0.0,1.0,
BPA,V07_DenseLSTM,3,Test,0.0,0.0,1.0,
BPA,V07_DenseLSTM,6,Train,0.0,0.0,1.0,
BPA,V07_DenseLSTM,6,Test,0.0,0.0,1.0,
BPA,V07_DenseLSTM,12,Train,0.0,0.0,1.0,
BPA,V07_DenseLSTM,12,Test,0.0,0.0,1.0,
BPA,V08_Lite,3,Train,0.0,0.0,1.0,
BPA,V08_Lite,3,Test,0.0,0.0,1.0,
BPA,V08_Lite,6,Train,0.0,0.0,1.0,
BPA,V08_Lite,6,Test,0.0,0.0,1.0,
BPA,V08_Lite,12,Train,0.0,0.0,1.0,
BPA,V08_Lite,12,Test,0.0,0.0,1.0,
BPA,V09_BiDeep,3,Train,0.0,0.0,1.0,
BPA,V09_BiDeep,3,Test,0.0,0.0,1.0,
BPA,V09_BiDeep,6,Train,0.0,0.0,1.0,
BPA,V09_BiDeep,6,Test,0.0,0.0,1.0,
BPA,V09_BiDeep,12,Train,0.0,0.0,1.0,
BPA,V09_BiDeep,12,Test,0.0,0.0,1.0,
BPA,V10_Mixed,3,Train,0.0,0.0,1.0,
BPA,V10_Mixed,3,Test,0.0,0.0,1.0,
BPA,V10_Mixed,6,Train,0.0,0.0,1.0,
BPA,V10_Mixed,6,Test,0.0,0.0,1.0,
BPA,V10_Mixed,12,Train,0.0,0.0,1.0,
BPA,V10_Mixed,12,Test,0.0,0.0,1.0,
CRM,V01_Simple,3,Train,0.0,0.0,1.0,
CRM,V01_Simple,3,Test,0.0,0.0,1.0,
CRM,V01_Simple,6,Train,0.0,0.0,1.0,
CRM,V01_Simple,6,Test,0.0,0.0,1.0,
CRM,V01_Simple,12,Train,0.0,0.0,1.0,
CRM,V01_Simple,12,Test,0.0,0.0,1.0,
CRM,V02_Deep,3,Train,0.0,0.0,1.0,
CRM,V02_Deep,3,Test,0.0,0.0,1.0,
CRM,V02_Deep,6,Train,0.0,0.0,1.0,
CRM,V02_Deep,6,Test,0.0,0.0,1.0,
CRM,V02_Deep,12,Train,0.0,0.0,1.0,
CRM,V02_Deep,12,Test,0.0,0.0,1.0,
CRM,V03_Wide,3,Train,0.0,0.0,1.0,
CRM,V03_Wide,3,Test,0.0,0.0,1.0,
CRM,V03_Wide,6,Train,0.0,0.0,1.0,
CRM,V03_Wide,6,Test,0.0,0.0,1.0,
CRM,V03_Wide,12,Train,0.0,0.0,1.0,
CRM,V03_Wide,12,Test,0.0,0.0,1.0,
CRM,V04_Triple,3,Train,0.0,0.0,1.0,
CRM,V04_Triple,3,Test,0.0,0.0,1.0,
CRM,V04_Triple,6,Train,0.0,0.0,1.0,
CRM,V04_Triple,6,Test,0.0,0.0,1.0,
CRM,V04_Triple,12,Train,0.0,0.0,1.0,
CRM,V04_Triple,12,Test,0.0,0.0,1.0,
CRM,V05_Bidir,3,Train,0.0,0.0,1.0,
CRM,V05_Bidir,3,Test,0.0,0.0,1.0,
CRM,V05_Bidir,6,Train,0.0,0.0,1.0,
CRM,V05_Bidir,6,Test,0.0,0.0,1.0,
CRM,V05_Bidir,12,Train,0.0,0.0,1.0,
CRM,V05_Bidir,12,Test,0.0,0.0,1.0,
CRM,V06_Pyramid,3,Train,0.0,0.0,1.0,
CRM,V06_Pyramid,3,Test,0.0,0.0,1.0,
CRM,V06_Pyramid,6,Train,0.0,0.0,1.0,
CRM,V06_Pyramid,6,Test,0.0,0.0,1.0,
CRM,V06_Pyramid,12,Train,0.0,0.0,1.0,
CRM,V06_Pyramid,12,Test,0.0,0.0,1.0,
CRM,V07_DenseLSTM,3,Train,0.0,0.0,1.0,
CRM,V07_DenseLSTM,3,Test,0.0,0.0,1.0,
CRM,V07_DenseLSTM,6,Train,0.0,0.0,1.0,
CRM,V07_DenseLSTM,6,Test,0.0,0.0,1.0,
CRM,V07_DenseLSTM,12,Train,0.0,0.0,1.0,
CRM,V07_DenseLSTM,12,Test,0.0,0.0,1.0,
CRM,V08_Lite,3,Train,0.0,0.0,1.0,
CRM,V08_Lite,3,Test,0.0,0.0,1.0,
CRM,V08_Lite,6,Train,0.0,0.0,1.0,
CRM,V08_Lite,6,Test,0.0,0.0,1.0,
CRM,V08_Lite,12,Train,0.0,0.0,1.0,
CRM,V08_Lite,12,Test,0.0,0.0,1.0,
CRM,V09_BiDeep,3,Train,0.0,0.0,1.0,
CRM,V09_BiDeep,3,Test,0.0,0.0,1.0,
CRM,V09_BiDeep,6,Train,0.0,0.0,1.0,
CRM,V09_BiDeep,6,Test,0.0,0.0,1.0,
CRM,V09_BiDeep,12,Train,0.0,0.0,1.0,
CRM,V09_BiDeep,12,Test,0.0,0.0,1.0,
CRM,V10_Mixed,3,Train,0.0,0.0,1.0,
CRM,V10_Mixed,3,Test,0.0,0.0,1.0,
CRM,V10_Mixed,6,Train,0.0,0.0,1.0,
CRM,V10_Mixed,6,Test,0.0,0.0,1.0,
CRM,V10_Mixed,12,Train,0.0,0.0,1.0,
CRM,V10_Mixed,12,Test,0.0,0.0,1.0,
CBO,V01_Simple,3,Train,0.0,0.0,1.0,
CBO,V01_Simple,3,Test,0.0,0.0,1.0,
CBO,V01_Simple,6,Train,0.0,0.0,1.0,
CBO,V01_Simple,6,Test,0.0,0.0,1.0,
CBO,V01_Simple,12,Train,0.0,0.0,1.0,
CBO,V01_Simple,12,Test,0.0,0.0,1.0,
CBO,V02_Deep,3,Train,0.0,0.0,1.0,
CBO,V02_Deep,3,Test,0.0,0.0,1.0,
CBO,V02_Deep,6,Train,0.0,0.0,1.0,
CBO,V02_Deep,6,Test,0.0,0.0,1.0,
CBO,V02_Deep,12,Train,0.0,0.0,1.0,
CBO,V02_Deep,12,Test,0.0,0.0,1.0,
CBO,V03_Wide,3,Train,0.0,0.0,1.0,
CBO,V03_Wide,3,Test,0.0,0.0,1.0,
CBO,V03_Wide,6,Train,0.0,0.0,1.0,
CBO,V03_Wide,6,Test,0.0,0.0,1.0,
CBO,V03_Wide,12,Train,0.0,0.0,1.0,
CBO,V03_Wide,12,Test,0.0,0.0,1.0,
CBO,V04_Triple,3,Train,0.0,0.0,1.0,
CBO,V04_Triple,3,Test,0.0,0.0,1.0,
CBO,V04_Triple,6,Train,0.0,0.0,1.0,
CBO,V04_Triple,6,Test,0.0,0.0,1.0,
CBO,V04_Triple,12,Train,0.0,0.0,1.0,
CBO,V04_Triple,12,Test,0.0,0.0,1.0,
CBO,V05_Bidir,3,Train,0.0,0.0,1.0,
CBO,V05_Bidir,3,Test,0.0,0.0,1.0,
CBO,V05_Bidir,6,Train,0.0,0.0,1.0,
CBO,V05_Bidir,6,Test,0.0,0.0,1.0,
CBO,V05_Bidir,12,Train,0.0,0.0,1.0,
CBO,V05_Bidir,12,Test,0.0,0.0,1.0,
CBO,V06_Pyramid,3,Train,0.0,0.0,1.0,
CBO,V06_Pyramid,3,Test,0.0,0.0,1.0,
CBO,V06_Pyramid,6,Train,0.0,0.0,1.0,
CBO,V06_Pyramid,6,Test,0.0,0.0,1.0,
CBO,V06_Pyramid,12,Train,0.0,0.0,1.0,
CBO,V06_Pyramid,12,Test,0.0,0.0,1.0,
CBO,V07_DenseLSTM,3,Train,0.0,0.0,1.0,
CBO,V07_DenseLSTM,3,Test,0.0,0.0,1.0,
CBO,V07_DenseLSTM,6,Train,0.0,0.0,1.0,
CBO,V07_DenseLSTM,6,Test,0.0,0.0,1.0,
CBO,V07_DenseLSTM,12,Train,0.0,0.0,1.0,
CBO,V07_DenseLSTM,12,Test,0.0,0.0,1.0,
CBO,V08_Lite,3,Train,0.0,0.0,1.0,
CBO,V08_Lite,3,Test,0.0,0.0,1.0,
CBO,V08_Lite,6,Train,0.0,0.0,1.0,
CBO,V08_Lite,6,Test,0.0,0.0,1.0,
CBO,V08_Lite,12,Train,0.0,0.0,1.0,
CBO,V08_Lite,12,Test,0.0,0.0,1.0,
CBO,V09_BiDeep,3,Train,0.0,0.0,1.0,
CBO,V09_BiDeep,3,Test,0.0,0.0,1.0,
CBO,V09_BiDeep,6,Train,0.0,0.0,1.0,
CBO,V09_BiDeep,6,Test,0.0,0.0,1.0,
CBO,V09_BiDeep,12,Train,0.0,0.0,1.0,
CBO,V09_BiDeep,12,Test,0.0,0.0,1.0,
CBO,V10_Mixed,3,Train,0.0,0.0,1.0,
CBO,V10_Mixed,3,Test,0.0,0.0,1.0,
CBO,V10_Mixed,6,Train,0.0,0.0,1.0,
CBO,V10_Mixed,6,Test,0.0,0.0,1.0,
CBO,V10_Mixed,12,Train,0.0,0.0,1.0,
CBO,V10_Mixed,12,Test,0.0,0.0,1.0,
BSO,V01_Simple,3,Train,0.0,0.0,1.0,
BSO,V01_Simple,3,Test,0.0,0.0,1.0,
BSO,V01_Simple,6,Train,0.0,0.0,1.0,
BSO,V01_Simple,6,Test,0.0,0.0,1.0,
BSO,V01_Simple,12,Train,0.0,0.0,1.0,
BSO,V01_Simple,12,Test,0.0,0.0,1.0,
BSO,V02_Deep,3,Train,0.0,0.0,1.0,
BSO,V02_Deep,3,Test,0.0,0.0,1.0,
BSO,V02_Deep,6,Train,0.0,0.0,1.0,
BSO,V02_Deep,6,Test,0.0,0.0,1.0,
BSO,V02_Deep,12,Train,0.0,0.0,1.0,
BSO,V02_Deep,12,Test,0.0,0.0,1.0,
BSO,V03_Wide,3,Train,0.0,0.0,1.0,
BSO,V03_Wide,3,Test,0.0,0.0,1.0,
BSO,V03_Wide,6,Train,0.0,0.0,1.0,
BSO,V03_Wide,6,Test,0.0,0.0,1.0,
BSO,V03_Wide,12,Train,0.0,0.0,1.0,
BSO,V03_Wide,12,Test,0.0,0.0,1.0,
BSO,V04_Triple,3,Train,0.0,0.0,1.0,
BSO,V04_Triple,3,Test,0.0,0.0,1.0,
BSO,V04_Triple,6,Train,0.0,0.0,1.0,
BSO,V04_Triple,6,Test,0.0,0.0,1.0,
BSO,V04_Triple,12,Train,0.0,0.0,1.0,
BSO,V04_Triple,12,Test,0.0,0.0,1.0,
BSO,V05_Bidir,3,Train,0.0,0.0,1.0,
BSO,V05_Bidir,3,Test,0.0,0.0,1.0,
BSO,V05_Bidir,6,Train,0.0,0.0,1.0,
BSO,V05_Bidir,6,Test,0.0,0.0,1.0,
BSO,V05_Bidir,12,Train,0.0,0.0,1.0,
BSO,V05_Bidir,12,Test,0.0,0.0,1.0,
BSO,V06_Pyramid,3,Train,0.0,0.0,1.0,
BSO,V06_Pyramid,3,Test,0.0,0.0,1.0,
BSO,V06_Pyramid,6,Train,0.0,0.0,1.0,
BSO,V06_Pyramid,6,Test,0.0,0.0,1.0,
BSO,V06_Pyramid,12,Train,0.0,0.0,1.0,
BSO,V06_Pyramid,12,Test,0.0,0.0,1.0,
BSO,V07_DenseLSTM,3,Train,0.0,0.0,1.0,
BSO,V07_DenseLSTM,3,Test,0.0,0.0,1.0,
BSO,V07_DenseLSTM,6,Train,0.0,0.0,1.0,
BSO,V07_DenseLSTM,6,Test,0.0,0.0,1.0,
BSO,V07_DenseLSTM,12,Train,0.0,0.0,1.0,
BSO,V07_DenseLSTM,12,Test,0.0,0.0,1.0,
BSO,V08_Lite,3,Train,0.0,0.0,1.0,
BSO,V08_Lite,3,Test,0.0,0.0,1.0,
BSO,V08_Lite,6,Train,0.0,0.0,1.0,
BSO,V08_Lite,6,Test,0.0,0.0,1.0,
BSO,V08_Lite,12,Train,0.0,0.0,1.0,
BSO,V08_Lite,12,Test,0.0,0.0,1.0,
BSO,V09_BiDeep,3,Train,0.0,0.0,1.0,
BSO,V09_BiDeep,3,Test,0.0,0.0,1.0,
BSO,V09_BiDeep,6,Train,0.0,0.0,1.0,
BSO,V09_BiDeep,6,Test,0.0,0.0,1.0,
BSO,V09_BiDeep,12,Train,0.0,0.0,1.0,
BSO,V09_BiDeep,12,Test,0.0,0.0,1.0,
BSO,V10_Mixed,3,Train,0.0,0.0,1.0,
BSO,V10_Mixed,3,Test,0.0,0.0,1.0,
BSO,V10_Mixed,6,Train,0.0,0.0,1.0,
BSO,V10_Mixed,6,Test,0.0,0.0,1.0,
BSO,V10_Mixed,12,Train,0.0,0.0,1.0,
BSO,V10_Mixed,12,Test,0.0,0.0,1.0,
EUQ,V01_Simple,3,Train,0.0,0.0,1.0,
EUQ,V01_Simple,3,Test,0.0,0.0,1.0,
EUQ,V01_Simple,6,Train,0.0,0.0,1.0,
EUQ,V01_Simple,6,Test,0.0,0.0,1.0,
EUQ,V01_Simple,12,Train,0.0,0.0,1.0,
EUQ,V01_Simple,12,Test,0.0,0.0,1.0,
EUQ,V02_Deep,3,Train,0.0,0.0,1.0,
EUQ,V02_Deep,3,Test,0.0,0.0,1.0,
EUQ,V02_Deep,6,Train,0.0,0.0,1.0,
EUQ,V02_Deep,6,Test,0.0,0.0,1.0,
EUQ,V02_Deep,12,Train,0.0,0.0,1.0,
EUQ,V02_Deep,12,Test,0.0,0.0,1.0,
EUQ,V03_Wide,3,Train,0.0,0.0,1.0,
EUQ,V03_Wide,3,Test,0.0,0.0,1.0,
EUQ,V03_Wide,6,Train,0.0,0.0,1.0,
EUQ,V03_Wide,6,Test,0.0,0.0,1.0,
EUQ,V03_Wide,12,Train,0.0,0.0,1.0,
EUQ,V03_Wide,12,Test,0.0,0.0,1.0,
EUQ,V04_Triple,3,Train,0.0,0.0,1.0,
EUQ,V04_Triple,3,Test,0.0,0.0,1.0,
EUQ,V04_Triple,6,Train,0.0,0.0,1.0,
EUQ,V04_Triple,6,Test,0.0,0.0,1.0,
EUQ,V04_Triple,12,Train,0.0,0.0,1.0,
EUQ,V04_Triple,12,Test,0.0,0.0,1.0,
EUQ,V05_Bidir,3,Train,0.0,0.0,1.0,
EUQ,V05_Bidir,3,Test,0.0,0.0,1.0,
EUQ,V05_Bidir,6,Train,0.0,0.0,1.0,
EUQ,V05_Bidir,6,Test,0.0,0.0,1.0,
EUQ,V05_Bidir,12,Train,0.0,0.0,1.0,
EUQ,V05_Bidir,12,Test,0.0,0.0,1.0,
EUQ,V06_Pyramid,3,Train,0.0,0.0,1.0,
EUQ,V06_Pyramid,3,Test,0.0,0.0,1.0,
EUQ,V06_Pyramid,6,Train,0.0,0.0,1.0,
EUQ,V06_Pyramid,6,Test,0.0,0.0,1.0,
EUQ,V06_Pyramid,12,Train,0.0,0.0,1.0,
EUQ,V06_Pyramid,12,Test,0.0,0.0,1.0,
EUQ,V07_DenseLSTM,3,Train,0.0,0.0,1.0,
EUQ,V07_DenseLSTM,3,Test,0.0,0.0,1.0,
EUQ,V07_DenseLSTM,6,Train,0.0,0.0,1.0,
EUQ,V07_DenseLSTM,6,Test,0.0,0.0,1.0,
EUQ,V07_DenseLSTM,12,Train,0.0,0.0,1.0,
EUQ,V07_DenseLSTM,12,Test,0.0,0.0,1.0,
EUQ,V08_Lite,3,Train,0.0,0.0,1.0,
EUQ,V08_Lite,3,Test,0.0,0.0,1.0,
EUQ,V08_Lite,6,Train,0.0,0.0,1.0,
EUQ,V08_Lite,6,Test,0.0,0.0,1.0,
EUQ,V08_Lite,12,Train,0.0,0.0,1.0,
EUQ,V08_Lite,12,Test,0.0,0.0,1.0,
EUQ,V09_BiDeep,3,Train,0.0,0.0,1.0,
EUQ,V09_BiDeep,3,Test,0.0,0.0,1.0,
EUQ,V09_BiDeep,6,Train,0.0,0.0,1.0,
EUQ,V09_BiDeep,6,Test,0.0,0.0,1.0,
EUQ,V09_BiDeep,12,Train,0.0,0.0,1.0,
EUQ,V09_BiDeep,12,Test,0.0,0.0,1.0,
EUQ,V10_Mixed,3,Train,0.0,0.0,1.0,
EUQ,V10_Mixed,3,Test,0.0,0.0,1.0,
EUQ,V10_Mixed,6,Train,0.0,0.0,1.0,
EUQ,V10_Mixed,6,Test,0.0,0.0,1.0,
EUQ,V10_Mixed,12,Train,0.0,0.0,1.0,
EUQ,V10_Mixed,12,Test,0.0,0.0,1.0,
