Airline,ROUTE,Year,Month,Passenger,OwnShfli,RouteHHI,AirHHI_From,AirHHI_To,AirFli_From,AirFli_To
Philippine Airlines,BCD-CEB,2022.0,9,934.048,30.59,10000.0,3604.7,3224.65,339,1125
AirAsia,BCD-MNL,2022.0,9,6621.599999999999,16.49,3654.38,3604.7,3843.84,339,3992
Cebu Pacific,BCD-MNL,2022.0,9,15026.576000000001,49.04,3654.38,3604.7,3843.84,339,3992
Philippine Airlines,BCD-MNL,2022.0,9,11846.896,30.59,3654.38,3604.7,3843.84,339,3992
Cebgo,BXU-CEB,2022.0,9,364.608,3.89,10000.0,6253.79,3224.65,137,1125
Cebu Pacific,BXU-MNL,2022.0,9,7535.232,49.04,6826.06,6253.79,3843.84,137,3992
Philippine Airlines,BXU-MNL,2022.0,9,1858.4,30.59,6826.06,6253.79,3843.84,137,3992
Philippine Airlines,CBO-MNL,2022.0,9,2404.608,30.59,10000.0,10000.0,3843.84,37,3992
Philippine Airlines,CEB-BCD,2022.0,9,1043.9360000000001,30.59,10000.0,3224.65,3604.7,1125,339
Cebgo,CEB-BXU,2022.0,9,425.376,3.89,10000.0,3224.65,6253.79,1125,137
Cebgo,CEB-CGM,2022.0,9,121.536,3.89,10000.0,3224.65,10000.0,1125,2
Cebgo,CEB-CGY,2022.0,9,3220.704,3.89,6031.56,3224.65,3825.21,1125,420
Philippine Airlines,CEB-CGY,2022.0,9,1208.768,30.59,6031.56,3224.65,3825.21,1125,420
Cebgo,CEB-CRK,2022.0,9,546.912,3.89,10000.0,3224.65,10000.0,1125,18
Cebgo,CEB-CYP,2022.0,9,850.752,3.89,10000.0,3224.65,5711.91,1125,33
Cebu Pacific,CEB-DVO,2022.0,9,3610.632,49.04,5325.43,3224.65,5261.98,1125,446
Philippine Airlines,CEB-DVO,2022.0,9,2142.8160000000003,30.59,5325.43,3224.65,5261.98,1125,446
Cebgo,CEB-IAO,2022.0,9,2369.952,3.89,5671.34,3224.65,5244.71,1125,175
Philippine Airlines,CEB-IAO,2022.0,9,1098.88,30.59,5671.34,3224.65,5244.71,1125,175
Cebgo,CEB-ILO,2022.0,9,1276.128,3.89,10000.0,3224.65,3253.12,1125,469
AirAsia,CEB-MNL,2022.0,9,2979.72,16.49,5460.5,3224.65,3843.84,1125,3992
Cebu Pacific,CEB-MNL,2022.0,9,25174.832000000002,49.04,5460.5,3224.65,3843.84,1125,3992
Philippine Airlines,CEB-MNL,2022.0,9,7698.624,30.59,5460.5,3224.65,3843.84,1125,3992
Cebu Pacific,CEB-MPH,2022.0,9,2040.7920000000001,49.04,10000.0,3224.65,3333.8,1125,484
Cebgo,CEB-PAG,2022.0,9,121.536,3.89,10000.0,3224.65,8218.63,1125,77
Philippine Airlines,CEB-PPS,2022.0,9,1043.9360000000001,30.59,10000.0,3224.65,4007.63,1125,165
Cebgo,CEB-TAC,2022.0,9,60.768,3.89,10000.0,3224.65,4671.25,1125,159
Cebgo,CEB-USU,2022.0,9,1093.824,3.89,5151.79,3224.65,5140.47,1125,93
Philippine Airlines,CEB-USU,2022.0,9,769.216,30.59,5151.79,3224.65,5140.47,1125,93
Cebgo,CGY-CEB,2022.0,9,4010.688,3.89,6530.0,3825.21,3224.65,420,1125
Philippine Airlines,CGY-CEB,2022.0,9,1153.824,30.59,6530.0,3825.21,3224.65,420,1125
AirAsia,CGY-MNL,2022.0,9,662.16,16.49,4802.63,3825.21,3843.84,420,3992
Cebu Pacific,CGY-MNL,2022.0,9,11738.352,49.04,4802.63,3825.21,3843.84,420,3992
Philippine Airlines,CGY-MNL,2022.0,9,8731.248,30.59,4802.63,3825.21,3843.84,420,3992
Cebgo,CRK-CEB,2022.0,9,546.912,3.89,10000.0,10000.0,3224.65,18,1125
Cebgo,CYP-CEB,2022.0,9,486.144,3.89,10000.0,5711.91,3224.65,33,1125
Philippine Airlines,CYP-MNL,2022.0,9,274.72,30.59,10000.0,5711.91,3843.84,33,3992
Cebu Pacific,CYZ-MNL,2022.0,9,3767.616,49.04,10000.0,10000.0,3843.84,49,3992
Cebu Pacific,DGT-MNL,2022.0,9,3453.648,49.04,5136.99,5000.79,3843.84,133,3992
Philippine Airlines,DGT-MNL,2022.0,9,4823.76,30.59,5136.99,5000.79,3843.84,133,3992
Cebgo,DPL-CEB,2022.0,9,60.768,3.89,10000.0,5104.89,3224.65,70,1125
Cebu Pacific,DPL-MNL,2022.0,9,3139.6800000000003,49.04,5195.04,5104.89,3843.84,70,3992
Philippine Airlines,DPL-MNL,2022.0,9,2104.032,30.59,5195.04,5104.89,3843.84,70,3992
Cebu Pacific,DVO-CEB,2022.0,9,3139.6800000000003,49.04,5228.9,5261.98,3224.65,446,1125
Philippine Airlines,DVO-CEB,2022.0,9,2032.928,30.59,5228.9,5261.98,3224.65,446,1125
Cebu Pacific,DVO-MNL,2022.0,9,17358.548,49.04,5289.48,5261.98,3843.84,446,3992
Philippine Airlines,DVO-MNL,2022.0,9,10625.2,30.59,5289.48,5261.98,3843.84,446,3992
Philippine Airlines,DVO-TAG,2022.0,9,769.216,30.59,10000.0,5261.98,3375.63,446,240
Philippine Airlines,EUQ-MNL,2022.0,9,384.608,30.59,10000.0,10000.0,3843.84,15,3992
Cebu Pacific,GES-MNL,2022.0,9,10057.104,49.04,5411.01,5472.66,3843.84,121,3992
Philippine Airlines,GES-MNL,2022.0,9,5575.2,30.59,5411.01,5472.66,3843.84,121,3992
Cebgo,IAO-CEB,2022.0,9,1519.2,3.89,5128.87,5244.71,3224.65,175,1125
Philippine Airlines,IAO-CEB,2022.0,9,1098.88,30.59,5128.87,5244.71,3224.65,175,1125
Philippine Airlines,IAO-MNL,2022.0,9,1428.544,30.59,10000.0,5244.71,3843.84,175,3992
Cebgo,ILO-CEB,2022.0,9,1276.128,3.89,10000.0,3253.12,3224.65,469,1125
AirAsia,ILO-MNL,2022.0,9,15446.84,16.49,3528.5,3253.12,3843.84,469,3992
Cebu Pacific,ILO-MNL,2022.0,9,8369.104000000001,49.04,3528.5,3253.12,3843.84,469,3992
Philippine Airlines,ILO-MNL,2022.0,9,12013.344000000001,30.59,3528.5,3253.12,3843.84,469,3992
AirAsia,KLO-MNL,2022.0,9,7283.759999999999,16.49,7721.88,7795.88,3843.84,106,3992
Cebu Pacific,KLO-MNL,2022.0,9,1098.8880000000001,49.04,7721.88,7795.88,3843.84,106,3992
Philippine Airlines,LAO-MNL,2022.0,9,1016.464,30.59,10000.0,10000.0,3843.84,22,3992
Cebu Pacific,LGP-MNL,2022.0,9,7064.280000000001,49.04,5048.44,5011.5,3843.84,194,3992
Philippine Airlines,LGP-MNL,2022.0,9,5798.2080000000005,30.59,5048.44,5011.5,3843.84,194,3992
AirAsia,MNL-BCD,2022.0,9,4469.58,16.49,3518.89,3843.84,3604.7,3992,339
Cebu Pacific,MNL-BCD,2022.0,9,7872.832,49.04,3518.89,3843.84,3604.7,3992,339
Philippine Airlines,MNL-BCD,2022.0,9,7777.808,30.59,3518.89,3843.84,3604.7,3992,339
Philippine Airlines,MNL-BSO,2022.0,9,879.104,30.59,10000.0,3843.84,10000.0,3992,16
Cebu Pacific,MNL-BXU,2022.0,9,7535.232,49.04,6715.67,3843.84,6253.79,3992,137
Philippine Airlines,MNL-BXU,2022.0,9,1968.2880000000002,30.59,6715.67,3843.84,6253.79,3992,137
Philippine Airlines,MNL-CBO,2022.0,9,3060.704,30.59,10000.0,3843.84,10000.0,3992,37
AirAsia,MNL-CEB,2022.0,9,7945.92,16.49,3756.03,3843.84,3224.65,3992,1125
Cebu Pacific,MNL-CEB,2022.0,9,19194.248,49.04,3756.03,3843.84,3224.65,3992,1125
Philippine Airlines,MNL-CEB,2022.0,9,12027.888,30.59,3756.03,3843.84,3224.65,3992,1125
AirAsia,MNL-CGY,2022.0,9,662.16,16.49,5023.48,3843.84,3825.21,3992,420
Cebu Pacific,MNL-CGY,2022.0,9,15109.288,49.04,5023.48,3843.84,3825.21,3992,420
Philippine Airlines,MNL-CGY,2022.0,9,9217.664,30.59,5023.48,3843.84,3825.21,3992,420
Philippine Airlines,MNL-CRM,2022.0,9,329.664,30.59,10000.0,3843.84,10000.0,3992,6
Philippine Airlines,MNL-CYP,2022.0,9,329.664,30.59,10000.0,3843.84,5711.91,3992,33
Cebu Pacific,MNL-CYZ,2022.0,9,3924.6000000000004,49.04,10000.0,3843.84,10000.0,3992,49
Cebu Pacific,MNL-DGT,2022.0,9,6593.328,49.04,5097.98,3843.84,5000.79,3992,133
Philippine Airlines,MNL-DGT,2022.0,9,4974.048000000001,30.59,5097.98,3843.84,5000.79,3992,133
Cebu Pacific,MNL-DPL,2022.0,9,3139.6800000000003,49.04,5134.71,3843.84,5104.89,3992,70
Philippine Airlines,MNL-DPL,2022.0,9,2254.32,30.59,5134.71,3843.84,5104.89,3992,70
Cebu Pacific,MNL-DVO,2022.0,9,18329.148,49.04,5394.64,3843.84,5261.98,3992,446
Philippine Airlines,MNL-DVO,2022.0,9,10289.072,30.59,5394.64,3843.84,5261.98,3992,446
Philippine Airlines,MNL-EUQ,2022.0,9,439.552,30.59,10000.0,3843.84,10000.0,3992,15
Cebu Pacific,MNL-GES,2022.0,9,10993.944,49.04,5534.77,3843.84,5472.66,3992,121
Philippine Airlines,MNL-GES,2022.0,9,5575.2,30.59,5534.77,3843.84,5472.66,3992,121
Philippine Airlines,MNL-IAO,2022.0,9,2472.48,30.59,10000.0,3843.84,5244.71,3992,175
AirAsia,MNL-ILO,2022.0,9,12084.42,16.49,3515.91,3843.84,3253.12,3992,469
Cebu Pacific,MNL-ILO,2022.0,9,8757.344000000001,49.04,3515.91,3843.84,3253.12,3992,469
Philippine Airlines,MNL-ILO,2022.0,9,15746.304,30.59,3515.91,3843.84,3253.12,3992,469
AirAsia,MNL-KLO,2022.0,9,7780.379999999999,16.49,7831.15,3843.84,7795.88,3992,106
Cebu Pacific,MNL-KLO,2022.0,9,1098.8880000000001,49.04,7831.15,3843.84,7795.88,3992,106
Philippine Airlines,MNL-LAO,2022.0,9,644.784,30.59,10000.0,3843.84,10000.0,3992,22
Cebgo,MNL-LGP,2022.0,9,60.768,3.89,4978.06,3843.84,5011.5,3992,194
Cebu Pacific,MNL-LGP,2022.0,9,7064.280000000001,49.04,4978.06,3843.84,5011.5,3992,194
Philippine Airlines,MNL-LGP,2022.0,9,6153.728,30.59,4978.06,3843.84,5011.5,3992,194
Philippine Airlines,MNL-MNL,2022.0,9,391.072,30.59,10000.0,3843.84,3843.84,3992,3992
AirAsia,MNL-MPH,2022.0,9,9766.859999999999,16.49,3195.52,3843.84,3333.8,3992,484
Cebgo,MNL-MPH,2022.0,9,1215.3600000000001,3.89,3195.52,3843.84,3333.8,3992,484
Cebu Pacific,MNL-MPH,2022.0,9,11773.800000000001,49.04,3195.52,3843.84,3333.8,3992,484
Philippine Airlines,MNL-MPH,2022.0,9,7323.712,30.59,3195.52,3843.84,3333.8,3992,484
Cebu Pacific,MNL-OZC,2022.0,9,3924.6000000000004,49.04,10000.0,3843.84,5201.04,3992,84
Cebu Pacific,MNL-PAG,2022.0,9,3296.664,49.04,10000.0,3843.84,8218.63,3992,77
AirAsia,MNL-PPS,2022.0,9,2317.56,16.49,5223.08,3843.84,4007.63,3992,165
Cebu Pacific,MNL-PPS,2022.0,9,6802.64,49.04,5223.08,3843.84,4007.63,3992,165
Philippine Airlines,MNL-PPS,2022.0,9,901.7280000000001,30.59,5223.08,3843.84,4007.63,3992,165
Cebu Pacific,MNL-RXS,2022.0,9,3139.6800000000003,49.04,10000.0,3843.84,7597.97,3992,60
AirAsia,MNL-TAG,2022.0,9,5793.9,16.49,3346.22,3843.84,3375.63,3992,240
Cebu Pacific,MNL-TAG,2022.0,9,5204.104,49.04,3346.22,3843.84,3375.63,3992,240
Philippine Airlines,MNL-TAG,2022.0,9,5014.448,30.59,3346.22,3843.84,3375.63,3992,240
Cebgo,MNL-WNP,2022.0,9,1154.592,3.89,10000.0,3843.84,10000.0,3992,38
Cebu Pacific,MPH-CEB,2022.0,9,2040.7920000000001,49.04,10000.0,3333.8,3224.65,484,1125
AirAsia,MPH-KLO,2022.0,9,165.54,16.49,10000.0,3333.8,7795.88,484,106
AirAsia,MPH-MNL,2022.0,9,13077.66,16.49,3278.17,3333.8,3843.84,484,3992
Cebgo,MPH-MNL,2022.0,9,1154.592,3.89,3278.17,3333.8,3843.84,484,3992
Cebu Pacific,MPH-MNL,2022.0,9,14913.480000000001,49.04,3278.17,3333.8,3843.84,484,3992
Philippine Airlines,MPH-MNL,2022.0,9,8826.592,30.59,3278.17,3333.8,3843.84,484,3992
Cebgo,OZC-CEB,2022.0,9,1093.824,3.89,10000.0,5201.04,3224.65,84,1125
Cebu Pacific,OZC-MNL,2022.0,9,3767.616,49.04,5183.96,5201.04,3843.84,84,3992
Philippine Airlines,OZC-MNL,2022.0,9,2554.896,30.59,5183.96,5201.04,3843.84,84,3992
Cebgo,PAG-CEB,2022.0,9,911.52,3.89,10000.0,8218.63,3224.65,77,1125
Cebu Pacific,PAG-MNL,2022.0,9,6122.376,49.04,10000.0,8218.63,3843.84,77,3992
Philippine Airlines,PPS-CEB,2022.0,9,1098.88,30.59,10000.0,4007.63,3224.65,165,1125
AirAsia,PPS-MNL,2022.0,9,4138.5,16.49,4090.2,4007.63,3843.84,165,3992
Cebu Pacific,PPS-MNL,2022.0,9,6294.552000000001,49.04,4090.2,4007.63,3843.84,165,3992
Philippine Airlines,PPS-MNL,2022.0,9,1612.768,30.59,4090.2,4007.63,3843.84,165,3992
AirAsia,RXS-MNL,2022.0,9,1324.32,16.49,6697.97,7597.97,3843.84,60,3992
Cebu Pacific,RXS-MNL,2022.0,9,5023.488,49.04,6697.97,7597.97,3843.84,60,3992
Cebgo,TAC-CEB,2022.0,9,121.536,3.89,8131.88,4671.25,3224.65,159,1125
Philippine Airlines,TAC-CEB,2022.0,9,1043.9360000000001,30.59,8131.88,4671.25,3224.65,159,1125
AirAsia,TAC-MNL,2022.0,9,7449.299999999999,16.49,5160.15,4671.25,3843.84,159,3992
Cebu Pacific,TAC-MNL,2022.0,9,13814.592,49.04,5160.15,4671.25,3843.84,159,3992
Philippine Airlines,TAC-MNL,2022.0,9,601.152,30.59,5160.15,4671.25,3843.84,159,3992
Philippine Airlines,TAG-DVO,2022.0,9,769.216,30.59,10000.0,3375.63,5261.98,240,446
AirAsia,TAG-MNL,2022.0,9,5793.9,16.49,3606.06,3375.63,3843.84,240,3992
Cebu Pacific,TAG-MNL,2022.0,9,9280.624,49.04,3606.06,3375.63,3843.84,240,3992
Philippine Airlines,TAG-MNL,2022.0,9,4864.160000000001,30.59,3606.06,3375.63,3843.84,240,3992
Cebu Pacific,TUG-MNL,2022.0,9,5337.456,49.04,10000.0,10000.0,3843.84,34,3992
Cebgo,USU-CEB,2022.0,9,1033.056,3.89,5342.68,5140.47,3224.65,93,1125
Philippine Airlines,USU-CEB,2022.0,9,604.384,30.59,5342.68,5140.47,3224.65,93,1125
Cebgo,USU-MNL,2022.0,9,1033.056,3.89,5032.41,5140.47,3843.84,93,3992
Philippine Airlines,USU-MNL,2022.0,9,879.104,30.59,5032.41,5140.47,3843.84,93,3992
Cebgo,WNP-MNL,2022.0,9,1154.592,3.89,10000.0,10000.0,3843.84,38,3992
Philippine Airlines,ZAM-CEB,2022.0,9,494.49600000000004,30.59,10000.0,6044.92,3224.65,97,1125
Cebu Pacific,ZAM-MNL,2022.0,9,11412.568000000001,49.04,6273.34,6044.92,3843.84,97,3992
Philippine Airlines,ZAM-MNL,2022.0,9,3757.2000000000003,30.59,6273.34,6044.92,3843.84,97,3992
Philippine Airlines,BCD-CEB,2022.0,10,1593.376,32.46,10000.0,3625.97,3042.94,559,1705
Cebu Pacific,BCD-DVO,2022.0,10,156.984,47.08,10000.0,3625.97,5087.17,559,693
AirAsia,BCD-MNL,2022.0,10,10936.800000000001,16.82,3615.36,3625.97,3757.89,559,6230
Cebu Pacific,BCD-MNL,2022.0,10,23444.632,47.08,3615.36,3625.97,3757.89,559,6230
Philippine Airlines,BCD-MNL,2022.0,10,19865.488,32.46,3615.36,3625.97,3757.89,559,6230
Cebgo,BXU-CEB,2022.0,10,546.912,3.64,7213.68,5959.34,3042.94,203,1705
Philippine Airlines,BXU-CEB,2022.0,10,109.888,32.46,7213.68,5959.34,3042.94,203,1705
Cebu Pacific,BXU-MNL,2022.0,10,10517.928,47.08,6571.95,5959.34,3757.89,203,6230
Philippine Airlines,BXU-MNL,2022.0,10,2960.512,32.46,6571.95,5959.34,3757.89,203,6230
Philippine Airlines,CBO-MNL,2022.0,10,3210.992,32.46,10000.0,10000.0,3757.89,45,6230
Philippine Airlines,CEB-BCD,2022.0,10,1648.3200000000002,32.46,10000.0,3042.94,3625.97,1705,559
Cebgo,CEB-BXU,2022.0,10,546.912,3.64,7213.68,3042.94,5959.34,1705,203
Philippine Airlines,CEB-BXU,2022.0,10,109.888,32.46,7213.68,3042.94,5959.34,1705,203
Cebgo,CEB-CGY,2022.0,10,4192.992,3.64,5333.14,3042.94,3578.55,1705,651
Philippine Airlines,CEB-CGY,2022.0,10,2472.48,32.46,5333.14,3042.94,3578.55,1705,651
Cebgo,CEB-CRK,2022.0,10,607.6800000000001,3.64,10000.0,3042.94,10000.0,1705,20
Cebgo,CEB-CYP,2022.0,10,1215.3600000000001,3.64,10000.0,3042.94,5243.83,1705,58
Cebu Pacific,CEB-DVO,2022.0,10,4395.552000000001,47.08,5140.93,3042.94,5087.17,1705,693
Philippine Airlines,CEB-DVO,2022.0,10,3131.808,32.46,5140.93,3042.94,5087.17,1705,693
Cebgo,CEB-IAO,2022.0,10,3342.2400000000002,3.64,5576.05,3042.94,5335.38,1705,262
Philippine Airlines,CEB-IAO,2022.0,10,1648.3200000000002,32.46,5576.05,3042.94,5335.38,1705,262
Cebgo,CEB-ILO,2022.0,10,1883.808,3.64,10000.0,3042.94,3247.42,1705,671
AirAsia,CEB-MNL,2022.0,10,7499.52,16.82,4512.28,3042.94,3757.89,1705,6230
Cebu Pacific,CEB-MNL,2022.0,10,32039.928,47.08,4512.28,3042.94,3757.89,1705,6230
Philippine Airlines,CEB-MNL,2022.0,10,13293.216,32.46,4512.28,3042.94,3757.89,1705,6230
Cebu Pacific,CEB-MPH,2022.0,10,4552.536,47.08,7930.74,3042.94,3428.32,1705,849
Philippine Airlines,CEB-MPH,2022.0,10,604.384,32.46,7930.74,3042.94,3428.32,1705,849
Cebgo,CEB-PAG,2022.0,10,546.912,3.64,10000.0,3042.94,7408.1,1705,132
Philippine Airlines,CEB-PPS,2022.0,10,1428.544,32.46,10000.0,3042.94,3562.6,1705,314
Cebgo,CEB-TAC,2022.0,10,60.768,3.64,6063.88,3042.94,4225.34,1705,276
Philippine Airlines,CEB-TAC,2022.0,10,164.832,32.46,6063.88,3042.94,4225.34,1705,276
Cebgo,CEB-USU,2022.0,10,1458.432,3.64,5586.55,3042.94,5330.06,1705,129
Philippine Airlines,CEB-USU,2022.0,10,714.272,32.46,5586.55,3042.94,5330.06,1705,129
Cebgo,CGY-CEB,2022.0,10,5772.96,3.64,5878.61,3578.55,3042.94,651,1705
Philippine Airlines,CGY-CEB,2022.0,10,2362.592,32.46,5878.61,3578.55,3042.94,651,1705
Cebgo,CGY-DVO,2022.0,10,60.768,3.64,10000.0,3578.55,5087.17,651,693
AirAsia,CGY-MNL,2022.0,10,2343.6000000000004,16.82,4395.87,3578.55,3757.89,651,6230
Cebu Pacific,CGY-MNL,2022.0,10,16245.312,47.08,4395.87,3578.55,3757.89,651,6230
Philippine Airlines,CGY-MNL,2022.0,10,12868.208,32.46,4395.87,3578.55,3757.89,651,6230
Cebgo,CRK-CEB,2022.0,10,607.6800000000001,3.64,10000.0,10000.0,3042.94,20,1705
Cebgo,CYP-CEB,2022.0,10,850.752,3.64,10000.0,5243.83,3042.94,58,1705
Philippine Airlines,CYP-MNL,2022.0,10,659.328,32.46,10000.0,5243.83,3757.89,58,6230
Cebu Pacific,CYZ-MNL,2022.0,10,3924.6000000000004,47.08,10000.0,10000.0,3757.89,52,6230
Cebu Pacific,DGT-MNL,2022.0,10,6750.312000000001,47.08,5016.91,5025.53,3757.89,221,6230
Philippine Airlines,DGT-MNL,2022.0,10,7583.888000000001,32.46,5016.91,5025.53,3757.89,221,6230
Cebu Pacific,DPL-MNL,2022.0,10,4395.552000000001,47.08,5048.56,5067.16,3757.89,106,6230
Philippine Airlines,DPL-MNL,2022.0,10,3606.9120000000003,32.46,5048.56,5067.16,3757.89,106,6230
Cebu Pacific,DVO-BCD,2022.0,10,156.984,47.08,10000.0,5087.17,3625.97,693,559
Cebu Pacific,DVO-CEB,2022.0,10,4552.536,47.08,5164.99,5087.17,3042.94,693,1705
Philippine Airlines,DVO-CEB,2022.0,10,3152.8160000000003,32.46,5164.99,5087.17,3042.94,693,1705
Cebgo,DVO-CGY,2022.0,10,60.768,3.64,10000.0,5087.17,3578.55,693,651
Cebu Pacific,DVO-MNL,2022.0,10,25805.3,47.08,5147.82,5087.17,3757.89,693,6230
Philippine Airlines,DVO-MNL,2022.0,10,18233.328,32.46,5147.82,5087.17,3757.89,693,6230
Philippine Airlines,DVO-TAG,2022.0,10,1043.9360000000001,32.46,10000.0,5087.17,3365.34,693,369
Philippine Airlines,EUQ-MNL,2022.0,10,549.44,32.46,10000.0,10000.0,3757.89,22,6230
Cebu Pacific,GES-MNL,2022.0,10,13264.304,47.08,5283.26,5296.56,3757.89,185,6230
Philippine Airlines,GES-MNL,2022.0,10,8164.032,32.46,5283.26,5296.56,3757.89,185,6230
Cebgo,IAO-CEB,2022.0,10,2066.112,3.64,5107.15,5335.38,3042.94,262,1705
Philippine Airlines,IAO-CEB,2022.0,10,1538.432,32.46,5107.15,5335.38,3042.94,262,1705
Cebgo,IAO-IAO,2022.0,10,60.768,3.64,10000.0,5335.38,5335.38,262,262
Philippine Airlines,IAO-MNL,2022.0,10,2527.424,32.46,10000.0,5335.38,3757.89,262,6230
Cebgo,ILO-CEB,2022.0,10,1823.04,3.64,10000.0,3247.42,3042.94,671,1705
AirAsia,ILO-MNL,2022.0,10,21141.120000000003,16.82,3507.38,3247.42,3757.89,671,6230
Cebu Pacific,ILO-MNL,2022.0,10,11814.312,47.08,3507.38,3247.42,3757.89,671,6230
Philippine Airlines,ILO-MNL,2022.0,10,18323.824,32.46,3507.38,3247.42,3757.89,671,6230
AirAsia,KLO-MNL,2022.0,10,12186.720000000001,16.82,8482.57,8596.98,3757.89,172,6230
Cebu Pacific,KLO-MNL,2022.0,10,1098.8880000000001,47.08,8482.57,8596.98,3757.89,172,6230
Philippine Airlines,LAO-MNL,2022.0,10,1000.3040000000001,32.46,10000.0,10000.0,3757.89,25,6230
Cebu Pacific,LGP-MNL,2022.0,10,11459.832,47.08,5165.56,5160.26,3757.89,288,6230
Philippine Airlines,LGP-MNL,2022.0,10,7931.328,32.46,5165.56,5160.26,3757.89,288,6230
AirAsia,MNL-BCD,2022.0,10,6718.320000000001,16.82,3595.53,3757.89,3625.97,6230,559
Cebu Pacific,MNL-BCD,2022.0,10,13804.464,47.08,3595.53,3757.89,3625.97,6230,559
Philippine Airlines,MNL-BCD,2022.0,10,12609.648000000001,32.46,3595.53,3757.89,3625.97,6230,559
Philippine Airlines,MNL-BSO,2022.0,10,1263.712,32.46,10000.0,3757.89,10000.0,6230,23
Cebu Pacific,MNL-BXU,2022.0,10,10674.912,47.08,6415.07,3757.89,5959.34,6230,203
Philippine Airlines,MNL-BXU,2022.0,10,3261.088,32.46,6415.07,3757.89,5959.34,6230,203
Philippine Airlines,MNL-CBO,2022.0,10,3361.28,32.46,10000.0,3757.89,10000.0,6230,45
AirAsia,MNL-CEB,2022.0,10,13124.16,16.82,3544.55,3757.89,3042.94,6230,1705
Cebgo,MNL-CEB,2022.0,10,60.768,3.64,3544.55,3757.89,3042.94,6230,1705
Cebu Pacific,MNL-CEB,2022.0,10,24952.016,47.08,3544.55,3757.89,3042.94,6230,1705
Philippine Airlines,MNL-CEB,2022.0,10,18532.288,32.46,3544.55,3757.89,3042.94,6230,1705
AirAsia,MNL-CGY,2022.0,10,2343.6000000000004,16.82,4638.35,3757.89,3578.55,6230,651
Cebu Pacific,MNL-CGY,2022.0,10,20678.0,47.08,4638.35,3757.89,3578.55,6230,651
Philippine Airlines,MNL-CGY,2022.0,10,13029.808,32.46,4638.35,3757.89,3578.55,6230,651
Philippine Airlines,MNL-CRM,2022.0,10,714.272,32.46,10000.0,3757.89,10000.0,6230,13
Philippine Airlines,MNL-CYP,2022.0,10,659.328,32.46,10000.0,3757.89,5243.83,6230,58
Cebu Pacific,MNL-CYZ,2022.0,10,4238.568,47.08,10000.0,3757.89,10000.0,6230,52
Cebu Pacific,MNL-DGT,2022.0,10,10988.880000000001,47.08,5145.18,3757.89,5025.53,6230,221
Philippine Airlines,MNL-DGT,2022.0,10,7789.120000000001,32.46,5145.18,3757.89,5025.53,6230,221
Cebu Pacific,MNL-DPL,2022.0,10,4709.52,47.08,5087.89,3757.89,5067.16,6230,106
Philippine Airlines,MNL-DPL,2022.0,10,3606.9120000000003,32.46,5087.89,3757.89,5067.16,6230,106
Cebu Pacific,MNL-DVO,2022.0,10,25623.84,47.08,5105.38,3757.89,5087.17,6230,693
Philippine Airlines,MNL-DVO,2022.0,10,19126.976000000002,32.46,5105.38,3757.89,5087.17,6230,693
Philippine Airlines,MNL-EUQ,2022.0,10,659.328,32.46,10000.0,3757.89,10000.0,6230,22
Cebu Pacific,MNL-GES,2022.0,10,13635.664,47.08,5309.9,3757.89,5296.56,6230,185
Philippine Airlines,MNL-GES,2022.0,10,8199.584,32.46,5309.9,3757.89,5296.56,6230,185
Philippine Airlines,MNL-IAO,2022.0,10,3681.248,32.46,10000.0,3757.89,5335.38,6230,262
AirAsia,MNL-ILO,2022.0,10,16717.68,16.82,3495.83,3757.89,3247.42,6230,671
Cebu Pacific,MNL-ILO,2022.0,10,11971.296,47.08,3495.83,3757.89,3247.42,6230,671
Philippine Airlines,MNL-ILO,2022.0,10,20906.192,32.46,3495.83,3757.89,3247.42,6230,671
AirAsia,MNL-KLO,2022.0,10,12499.2,16.82,8696.69,3757.89,8596.98,6230,172
Cebu Pacific,MNL-KLO,2022.0,10,941.904,47.08,8696.69,3757.89,8596.98,6230,172
Philippine Airlines,MNL-LAO,2022.0,10,754.672,32.46,10000.0,3757.89,10000.0,6230,25
Cebu Pacific,MNL-LGP,2022.0,10,11773.800000000001,47.08,5155.21,3757.89,5160.26,6230,288
Philippine Airlines,MNL-LGP,2022.0,10,8246.448,32.46,5155.21,3757.89,5160.26,6230,288
Cebgo,MNL-MBT,2022.0,10,60.768,3.64,10000.0,3757.89,10000.0,6230,1
Philippine Airlines,MNL-MNL,2022.0,10,150.288,32.46,10000.0,3757.89,3757.89,6230,6230
AirAsia,MNL-MPH,2022.0,10,14061.6,16.82,3291.31,3757.89,3428.32,6230,849
Cebgo,MNL-MPH,2022.0,10,1397.664,3.64,3291.31,3757.89,3428.32,6230,849
Cebu Pacific,MNL-MPH,2022.0,10,20250.936,47.08,3291.31,3757.89,3428.32,6230,849
Philippine Airlines,MNL-MPH,2022.0,10,12659.744,32.46,3291.31,3757.89,3428.32,6230,849
Cebu Pacific,MNL-OZC,2022.0,10,5808.408,47.08,10000.0,3757.89,5936.46,6230,123
Cebu Pacific,MNL-PAG,2022.0,10,4866.504,47.08,10000.0,3757.89,7408.1,6230,132
AirAsia,MNL-PPS,2022.0,10,2812.32,16.82,4688.79,3757.89,3562.6,6230,314
Cebu Pacific,MNL-PPS,2022.0,10,11301.16,47.08,4688.79,3757.89,3562.6,6230,314
Philippine Airlines,MNL-PPS,2022.0,10,3757.2000000000003,32.46,4688.79,3757.89,3562.6,6230,314
Cebu Pacific,MNL-RXS,2022.0,10,4395.552000000001,47.08,10000.0,3757.89,7230.15,6230,92
AirAsia,MNL-TAC,2022.0,10,624.96,16.82,3603.35,3757.89,4225.34,6230,276
Cebu Pacific,MNL-TAC,2022.0,10,470.952,47.08,3603.35,3757.89,4225.34,6230,276
Philippine Airlines,MNL-TAC,2022.0,10,300.576,32.46,3603.35,3757.89,4225.34,6230,276
AirAsia,MNL-TAG,2022.0,10,8436.960000000001,16.82,3386.12,3757.89,3365.34,6230,369
Cebu Pacific,MNL-TAG,2022.0,10,6765.504,47.08,3386.12,3757.89,3365.34,6230,369
Philippine Airlines,MNL-TAG,2022.0,10,9222.512,32.46,3386.12,3757.89,3365.34,6230,369
Cebu Pacific,MNL-TUG,2022.0,10,156.984,47.08,10000.0,3757.89,10000.0,6230,53
Cebgo,MNL-USU,2022.0,10,60.768,3.64,10000.0,3757.89,5330.06,6230,129
Cebgo,MNL-WNP,2022.0,10,1458.432,3.64,10000.0,3757.89,10000.0,6230,47
Cebu Pacific,MPH-CEB,2022.0,10,4709.52,47.08,8128.77,3428.32,3042.94,849,1705
Philippine Airlines,MPH-CEB,2022.0,10,549.44,32.46,8128.77,3428.32,3042.94,849,1705
AirAsia,MPH-KLO,2022.0,10,156.24,16.82,10000.0,3428.32,8596.98,849,172
AirAsia,MPH-MNL,2022.0,10,18592.56,16.82,3284.97,3428.32,3757.89,849,6230
Cebgo,MPH-MNL,2022.0,10,1458.432,3.64,3284.97,3428.32,3757.89,849,6230
Cebu Pacific,MPH-MNL,2022.0,10,24332.52,47.08,3284.97,3428.32,3757.89,849,6230
Philippine Airlines,MPH-MNL,2022.0,10,15760.848000000002,32.46,3284.97,3428.32,3757.89,849,6230
AirAsia,MPH-MPH,2022.0,10,156.24,16.82,5000.03,3428.32,3428.32,849,849
Cebu Pacific,MPH-MPH,2022.0,10,156.984,47.08,5000.03,3428.32,3428.32,849,849
Cebgo,OZC-CEB,2022.0,10,1579.968,3.64,10000.0,5936.46,3042.94,123,1705
Cebu Pacific,OZC-MNL,2022.0,10,5808.408,47.08,5926.58,5936.46,3757.89,123,6230
Philippine Airlines,OZC-MNL,2022.0,10,2312.496,32.46,5926.58,5936.46,3757.89,123,6230
Cebgo,PAG-CEB,2022.0,10,2005.344,3.64,10000.0,7408.1,3042.94,132,1705
Cebu Pacific,PAG-MNL,2022.0,10,9262.056,47.08,10000.0,7408.1,3757.89,132,6230
Philippine Airlines,PPS-CEB,2022.0,10,1538.432,32.46,10000.0,3562.6,3042.94,314,1705
AirAsia,PPS-MNL,2022.0,10,7655.76,16.82,3347.63,3562.6,3757.89,314,6230
Cebu Pacific,PPS-MNL,2022.0,10,8991.976,47.08,3347.63,3562.6,3757.89,314,6230
Philippine Airlines,PPS-MNL,2022.0,10,8416.128,32.46,3347.63,3562.6,3757.89,314,6230
AirAsia,RXS-MNL,2022.0,10,2031.1200000000001,16.82,6308.39,7230.15,3757.89,92,6230
Cebu Pacific,RXS-MNL,2022.0,10,7692.216,47.08,6308.39,7230.15,3757.89,92,6230
Philippine Airlines,RXS-MNL,2022.0,10,300.576,32.46,6308.39,7230.15,3757.89,92,6230
Cebgo,TAC-CEB,2022.0,10,486.144,3.64,6138.56,4225.34,3042.94,276,1705
Philippine Airlines,TAC-CEB,2022.0,10,1373.6000000000001,32.46,6138.56,4225.34,3042.94,276,1705
AirAsia,TAC-MNL,2022.0,10,11718.0,16.82,4703.25,4225.34,3757.89,276,6230
Cebu Pacific,TAC-MNL,2022.0,10,21506.808,47.08,4703.25,4225.34,3757.89,276,6230
Philippine Airlines,TAC-MNL,2022.0,10,2705.184,32.46,4703.25,4225.34,3757.89,276,6230
Philippine Airlines,TAG-DVO,2022.0,10,1043.9360000000001,32.46,10000.0,3365.34,5087.17,369,693
AirAsia,TAG-MNL,2022.0,10,7812.0,16.82,3576.79,3365.34,3757.89,369,6230
Cebu Pacific,TAG-MNL,2022.0,10,13762.264000000001,47.08,3576.79,3365.34,3757.89,369,6230
Philippine Airlines,TAG-MNL,2022.0,10,8320.784000000001,32.46,3576.79,3365.34,3757.89,369,6230
Cebu Pacific,TUG-MNL,2022.0,10,8163.168000000001,47.08,10000.0,10000.0,3757.89,53,6230
Cebgo,USU-CEB,2022.0,10,1519.2,3.64,5778.95,5330.06,3042.94,129,1705
Philippine Airlines,USU-CEB,2022.0,10,659.328,32.46,5778.95,5330.06,3042.94,129,1705
Cebgo,USU-MNL,2022.0,10,1579.968,3.64,5012.67,5330.06,3757.89,129,6230
Philippine Airlines,USU-MNL,2022.0,10,1428.544,32.46,5012.67,5330.06,3757.89,129,6230
Cebgo,USU-USU,2022.0,10,60.768,3.64,10000.0,5330.06,5330.06,129,129
Cebgo,WNP-MNL,2022.0,10,1397.664,3.64,10000.0,10000.0,3757.89,47,6230
Philippine Airlines,ZAM-CEB,2022.0,10,659.328,32.46,10000.0,5688.74,3042.94,144,1705
Cebu Pacific,ZAM-MNL,2022.0,10,15291.592,47.08,5854.17,5688.74,3757.89,144,6230
Philippine Airlines,ZAM-MNL,2022.0,10,6347.648,32.46,5854.17,5688.74,3757.89,144,6230
Cebu Pacific,ZAM-TWT,2022.0,10,313.968,47.08,5621.51,5688.74,5621.51,144,3
Philippine Airlines,ZAM-TWT,2022.0,10,150.288,32.46,5621.51,5688.74,5621.51,144,3
Philippine Airlines,BCD-CEB,2022.0,11,1428.544,31.56,10000.0,3547.72,2878.4,636,2245
Cebu Pacific,BCD-DVO,2022.0,11,2040.7920000000001,46.03,10000.0,3547.72,5092.48,636,947
AirAsia,BCD-MNL,2022.0,11,13749.12,17.66,3512.66,3547.72,3643.16,636,7433
Cebu Pacific,BCD-MNL,2022.0,11,24379.784,46.03,3512.66,3547.72,3643.16,636,7433
Philippine Airlines,BCD-MNL,2022.0,11,18233.328,31.56,3512.66,3547.72,3643.16,636,7433
Cebgo,BXU-CEB,2022.0,11,1093.824,4.71,5548.74,4748.63,2878.4,336,2245
Philippine Airlines,BXU-CEB,2022.0,11,549.44,31.56,5548.74,4748.63,2878.4,336,2245
Cebu Pacific,BXU-MNL,2022.0,11,13343.640000000001,46.03,5297.92,4748.63,3643.16,336,7433
Philippine Airlines,BXU-MNL,2022.0,11,8107.472000000001,31.56,5297.92,4748.63,3643.16,336,7433
Philippine Airlines,CBO-MNL,2022.0,11,2554.896,31.56,10000.0,10000.0,3643.16,42,7433
Philippine Airlines,CBO-TWT,2022.0,11,1052.016,31.56,10000.0,10000.0,5300.33,42,49
Philippine Airlines,CEB-BCD,2022.0,11,1593.376,31.56,10000.0,2878.4,3547.72,2245,636
Cebgo,CEB-BXU,2022.0,11,1154.592,4.71,5630.58,2878.4,4748.63,2245,336
Philippine Airlines,CEB-BXU,2022.0,11,549.44,31.56,5630.58,2878.4,4748.63,2245,336
Cebgo,CEB-CEB,2022.0,11,60.768,4.71,10000.0,2878.4,2878.4,2245,2245
Cebgo,CEB-CGM,2022.0,11,60.768,4.71,10000.0,2878.4,10000.0,2245,1
Cebgo,CEB-CGY,2022.0,11,5955.264,4.71,5974.37,2878.4,3258.84,2245,742
Philippine Airlines,CEB-CGY,2022.0,11,2307.648,31.56,5974.37,2878.4,3258.84,2245,742
Cebgo,CEB-CRK,2022.0,11,243.072,4.71,10000.0,2878.4,10000.0,2245,8
Cebgo,CEB-CYP,2022.0,11,1033.056,4.71,10000.0,2878.4,5762.27,2245,49
Cebgo,CEB-DGT,2022.0,11,60.768,4.71,10000.0,2878.4,5123.72,2245,240
Cebgo,CEB-DPL,2022.0,11,60.768,4.71,10000.0,2878.4,4993.08,2245,115
Cebu Pacific,CEB-DVO,2022.0,11,6750.312000000001,46.03,5000.18,2878.4,5092.48,2245,947
Philippine Airlines,CEB-DVO,2022.0,11,6830.832,31.56,5000.18,2878.4,5092.48,2245,947
Cebgo,CEB-IAO,2022.0,11,3524.544,4.71,5153.88,2878.4,5391.54,2245,344
Philippine Airlines,CEB-IAO,2022.0,11,2472.48,31.56,5153.88,2878.4,5391.54,2245,344
Cebgo,CEB-ILO,2022.0,11,3159.936,4.71,10000.0,2878.4,3057.08,2245,810
AirAsia,CEB-MNL,2022.0,11,15311.52,17.66,3755.96,2878.4,3643.16,2245,7433
Cebu Pacific,CEB-MNL,2022.0,11,36825.408,46.03,3755.96,2878.4,3643.16,2245,7433
Philippine Airlines,CEB-MNL,2022.0,11,22914.88,31.56,3755.96,2878.4,3643.16,2245,7433
Cebu Pacific,CEB-MPH,2022.0,11,4552.536,46.03,8360.17,2878.4,3630.78,2245,815
Philippine Airlines,CEB-MPH,2022.0,11,450.86400000000003,31.56,8360.17,2878.4,3630.78,2245,815
Cebgo,CEB-OZC,2022.0,11,60.768,4.71,10000.0,2878.4,5903.25,2245,141
Cebgo,CEB-PAG,2022.0,11,729.216,4.71,10000.0,2878.4,7065.64,2245,139
Philippine Airlines,CEB-PPS,2022.0,11,1593.376,31.56,10000.0,2878.4,3334.9,2245,371
Cebgo,CEB-TAC,2022.0,11,1336.896,4.71,5012.67,2878.4,3195.39,2245,561
Philippine Airlines,CEB-TAC,2022.0,11,1208.768,31.56,5012.67,2878.4,3195.39,2245,561
Cebgo,CEB-USU,2022.0,11,1762.272,4.71,5022.99,2878.4,5770.11,2245,255
Philippine Airlines,CEB-USU,2022.0,11,1538.432,31.56,5022.99,2878.4,5770.11,2245,255
Philippine Airlines,CEB-ZAM,2022.0,11,54.944,31.56,10000.0,2878.4,5616.3,2245,186
Cebgo,CGY-CEB,2022.0,11,6076.8,4.71,6010.43,3258.84,2878.4,742,2245
Philippine Airlines,CGY-CEB,2022.0,11,2307.648,31.56,6010.43,3258.84,2878.4,742,2245
Cebgo,CGY-DVO,2022.0,11,1033.056,4.71,10000.0,3258.84,5092.48,742,947
AirAsia,CGY-MNL,2022.0,11,4530.96,17.66,4205.1,3258.84,3643.16,742,7433
Cebu Pacific,CGY-MNL,2022.0,11,19533.536,46.03,4205.1,3258.84,3643.16,742,7433
Philippine Airlines,CGY-MNL,2022.0,11,11867.904,31.56,4205.1,3258.84,3643.16,742,7433
Cebgo,CRK-CEB,2022.0,11,243.072,4.71,10000.0,10000.0,2878.4,8,2245
Cebgo,CYP-CEB,2022.0,11,972.288,4.71,10000.0,5762.27,2878.4,49,2245
Philippine Airlines,CYP-MNL,2022.0,11,439.552,31.56,10000.0,5762.27,3643.16,49,7433
Cebu Pacific,CYZ-MNL,2022.0,11,4552.536,46.03,10000.0,10000.0,3643.16,58,7433
Cebu Pacific,DGT-MNL,2022.0,11,8477.136,46.03,5018.12,5123.72,3643.16,240,7433
Philippine Airlines,DGT-MNL,2022.0,11,7514.400000000001,31.56,5018.12,5123.72,3643.16,240,7433
Cebu Pacific,DPL-MNL,2022.0,11,4709.52,46.03,5027.63,4993.08,3643.16,115,7433
Philippine Airlines,DPL-MNL,2022.0,11,4057.7760000000003,31.56,5027.63,4993.08,3643.16,115,7433
Cebu Pacific,DVO-BCD,2022.0,11,2040.7920000000001,46.03,10000.0,5092.48,3547.72,947,636
Cebu Pacific,DVO-CEB,2022.0,11,6750.312000000001,46.03,5000.02,5092.48,2878.4,947,2245
Philippine Airlines,DVO-CEB,2022.0,11,6720.944,31.56,5000.02,5092.48,2878.4,947,2245
Cebgo,DVO-CGY,2022.0,11,1033.056,4.71,10000.0,5092.48,3258.84,947,742
Cebgo,DVO-IAO,2022.0,11,607.6800000000001,4.71,10000.0,5092.48,5391.54,947,344
Cebu Pacific,DVO-MNL,2022.0,11,38009.54,46.03,5456.61,5092.48,3643.16,947,7433
Philippine Airlines,DVO-MNL,2022.0,11,20368.064000000002,31.56,5456.61,5092.48,3643.16,947,7433
Philippine Airlines,DVO-TAG,2022.0,11,1098.88,31.56,10000.0,5092.48,3363.47,947,383
Philippine Airlines,EUQ-MNL,2022.0,11,604.384,31.56,10000.0,10000.0,3643.16,23,7433
Cebu Pacific,GES-MNL,2022.0,11,13623.848,46.03,5105.5,5126.03,3643.16,180,7433
Philippine Airlines,GES-MNL,2022.0,11,10167.872,31.56,5105.5,5126.03,3643.16,180,7433
Cebgo,IAO-CEB,2022.0,11,2369.952,4.71,5012.67,5391.54,2878.4,344,2245
Philippine Airlines,IAO-CEB,2022.0,11,2142.8160000000003,31.56,5012.67,5391.54,2878.4,344,2245
Cebgo,IAO-DVO,2022.0,11,546.912,4.71,10000.0,5391.54,5092.48,344,947
Philippine Airlines,IAO-MNL,2022.0,11,3186.752,31.56,10000.0,5391.54,3643.16,344,7433
Cebgo,ILO-CEB,2022.0,11,3159.936,4.71,10000.0,3057.08,2878.4,810,2245
AirAsia,ILO-MNL,2022.0,11,23007.600000000002,17.66,3407.53,3057.08,3643.16,810,7433
Cebu Pacific,ILO-MNL,2022.0,11,20201.984,46.03,3407.53,3057.08,3643.16,810,7433
Philippine Airlines,ILO-MNL,2022.0,11,15865.888,31.56,3407.53,3057.08,3643.16,810,7433
AirAsia,KLO-MNL,2022.0,11,13436.640000000001,17.66,10000.0,10000.0,3643.16,172,7433
Philippine Airlines,LAO-MNL,2022.0,11,6323.408,31.56,10000.0,10000.0,3643.16,59,7433
Cebu Pacific,LGP-MNL,2022.0,11,10831.896,46.03,5000.56,5000.25,3643.16,289,7433
Philippine Airlines,LGP-MNL,2022.0,11,10604.192000000001,31.56,5000.56,5000.25,3643.16,289,7433
AirAsia,MNL-BCD,2022.0,11,9218.16,17.66,3478.13,3643.16,3547.72,7433,636
Cebu Pacific,MNL-BCD,2022.0,11,14540.432,46.03,3478.13,3643.16,3547.72,7433,636
Philippine Airlines,MNL-BCD,2022.0,11,10004.656,31.56,3478.13,3643.16,3547.72,7433,636
Philippine Airlines,MNL-BSO,2022.0,11,1648.3200000000002,31.56,10000.0,3643.16,10000.0,7433,30
Cebu Pacific,MNL-BXU,2022.0,11,13500.624000000002,46.03,5270.15,3643.16,4748.63,7433,336
Philippine Airlines,MNL-BXU,2022.0,11,8408.048,31.56,5270.15,3643.16,4748.63,7433,336
Philippine Airlines,MNL-CBO,2022.0,11,2705.184,31.56,10000.0,3643.16,10000.0,7433,42
AirAsia,MNL-CEB,2022.0,11,19842.48,17.66,3346.55,3643.16,2878.4,7433,2245
Cebgo,MNL-CEB,2022.0,11,607.6800000000001,4.71,3346.55,3643.16,2878.4,7433,2245
Cebu Pacific,MNL-CEB,2022.0,11,28213.232,46.03,3346.55,3643.16,2878.4,7433,2245
Philippine Airlines,MNL-CEB,2022.0,11,23226.768,31.56,3346.55,3643.16,2878.4,7433,2245
AirAsia,MNL-CGY,2022.0,11,4530.96,17.66,4622.76,3643.16,3258.84,7433,742
Cebu Pacific,MNL-CGY,2022.0,11,21768.448,46.03,4622.76,3643.16,3258.84,7433,742
Philippine Airlines,MNL-CGY,2022.0,11,8957.488000000001,31.56,4622.76,3643.16,3258.84,7433,742
Philippine Airlines,MNL-CRM,2022.0,11,659.328,31.56,10000.0,3643.16,10000.0,7433,12
Philippine Airlines,MNL-CYP,2022.0,11,439.552,31.56,10000.0,3643.16,5762.27,7433,49
Cebu Pacific,MNL-CYZ,2022.0,11,4552.536,46.03,10000.0,3643.16,10000.0,7433,58
Cebu Pacific,MNL-DGT,2022.0,11,13029.672,46.03,5312.92,3643.16,5123.72,7433,240
Philippine Airlines,MNL-DGT,2022.0,11,7814.976000000001,31.56,5312.92,3643.16,5123.72,7433,240
Cebu Pacific,MNL-DPL,2022.0,11,4709.52,46.03,5027.63,3643.16,4993.08,7433,115
Philippine Airlines,MNL-DPL,2022.0,11,4057.7760000000003,31.56,5027.63,3643.16,4993.08,7433,115
Cebu Pacific,MNL-DVO,2022.0,11,38769.14,46.03,5461.32,3643.16,5092.48,7433,947
Philippine Airlines,MNL-DVO,2022.0,11,20704.192,31.56,5461.32,3643.16,5092.48,7433,947
Philippine Airlines,MNL-EUQ,2022.0,11,659.328,31.56,10000.0,3643.16,10000.0,7433,23
Cebu Pacific,MNL-GES,2022.0,11,14387.668,46.03,5147.66,3643.16,5126.03,7433,180
Philippine Airlines,MNL-GES,2022.0,11,10167.872,31.56,5147.66,3643.16,5126.03,7433,180
Philippine Airlines,MNL-IAO,2022.0,11,4725.184,31.56,10000.0,3643.16,5391.54,7433,344
AirAsia,MNL-ILO,2022.0,11,18123.84,17.66,3372.14,3643.16,3057.08,7433,810
Cebu Pacific,MNL-ILO,2022.0,11,22668.152000000002,46.03,3372.14,3643.16,3057.08,7433,810
Philippine Airlines,MNL-ILO,2022.0,11,18210.704,31.56,3372.14,3643.16,3057.08,7433,810
AirAsia,MNL-KLO,2022.0,11,13436.640000000001,17.66,10000.0,3643.16,10000.0,7433,172
Philippine Airlines,MNL-LAO,2022.0,11,2626.0,31.56,10000.0,3643.16,10000.0,7433,59
Cebu Pacific,MNL-LGP,2022.0,11,10831.896,46.03,5000.06,3643.16,5000.25,7433,289
Philippine Airlines,MNL-LGP,2022.0,11,10754.480000000001,31.56,5000.06,3643.16,5000.25,7433,289
Philippine Airlines,MNL-MNL,2022.0,11,150.288,31.56,10000.0,3643.16,3643.16,7433,7433
AirAsia,MNL-MPH,2022.0,11,14217.84,17.66,3547.72,3643.16,3630.78,7433,815
Cebgo,MNL-MPH,2022.0,11,1762.272,4.71,3547.72,3643.16,3630.78,7433,815
Cebu Pacific,MNL-MPH,2022.0,11,22291.728000000003,46.03,3547.72,3643.16,3630.78,7433,815
Philippine Airlines,MNL-MPH,2022.0,11,8396.736,31.56,3547.72,3643.16,3630.78,7433,815
Cebu Pacific,MNL-OZC,2022.0,11,7378.2480000000005,46.03,10000.0,3643.16,5903.25,7433,141
Cebu Pacific,MNL-PAG,2022.0,11,4709.52,46.03,10000.0,3643.16,7065.64,7433,139
AirAsia,MNL-PPS,2022.0,11,4687.200000000001,17.66,3670.73,3643.16,3334.9,7433,371
AirSWIFT,MNL-PPS,2022.0,11,486.144,0.04,3670.73,3643.16,3334.9,7433,371
Cebu Pacific,MNL-PPS,2022.0,11,9835.976,46.03,3670.73,3643.16,3334.9,7433,371
Philippine Airlines,MNL-PPS,2022.0,11,4405.216,31.56,3670.73,3643.16,3334.9,7433,371
Cebgo,MNL-SJI,2022.0,11,60.768,4.71,10000.0,3643.16,10000.0,7433,1
AirAsia,MNL-TAC,2022.0,11,9061.92,17.66,3359.87,3643.16,3195.39,7433,561
Cebu Pacific,MNL-TAC,2022.0,11,8163.168000000001,46.03,3359.87,3643.16,3195.39,7433,561
Philippine Airlines,MNL-TAC,2022.0,11,7276.848000000001,31.56,3359.87,3643.16,3195.39,7433,561
AirAsia,MNL-TAG,2022.0,11,9530.640000000001,17.66,3480.88,3643.16,3363.47,7433,383
Cebu Pacific,MNL-TAG,2022.0,11,5592.344,46.03,3480.88,3643.16,3363.47,7433,383
Philippine Airlines,MNL-TAG,2022.0,11,7957.184,31.56,3480.88,3643.16,3363.47,7433,383
Cebu Pacific,MNL-TUG,2022.0,11,4866.504,46.03,10000.0,3643.16,10000.0,7433,91
Cebgo,MNL-USU,2022.0,11,1883.808,4.71,10000.0,3643.16,5770.11,7433,255
Cebgo,MNL-WNP,2022.0,11,3403.008,4.71,10000.0,3643.16,10000.0,7433,113
Cebu Pacific,MPH-CEB,2022.0,11,4552.536,46.03,8200.08,3630.78,2878.4,815,2245
Philippine Airlines,MPH-CEB,2022.0,11,505.80800000000005,31.56,8200.08,3630.78,2878.4,815,2245
AirAsia,MPH-MNL,2022.0,11,18280.08,17.66,3397.6,3630.78,3643.16,815,7433
Cebgo,MPH-MNL,2022.0,11,1701.504,4.71,3397.6,3630.78,3643.16,815,7433
Cebu Pacific,MPH-MNL,2022.0,11,26216.328,46.03,3397.6,3630.78,3643.16,815,7433
Philippine Airlines,MPH-MNL,2022.0,11,13191.408000000001,31.56,3397.6,3630.78,3643.16,815,7433
Cebgo,OZC-CEB,2022.0,11,1397.664,4.71,10000.0,5903.25,2878.4,141,2245
Cebu Pacific,OZC-MNL,2022.0,11,7221.264,46.03,5557.08,5903.25,3643.16,141,7433
Philippine Airlines,OZC-MNL,2022.0,11,3606.9120000000003,31.56,5557.08,5903.25,3643.16,141,7433
Cebgo,PAG-CEB,2022.0,11,2309.184,4.71,10000.0,7065.64,2878.4,139,2245
Cebu Pacific,PAG-MNL,2022.0,11,9262.056,46.03,10000.0,7065.64,3643.16,139,7433
Philippine Airlines,PPS-CEB,2022.0,11,1483.488,31.56,10000.0,3334.9,2878.4,371,2245
AirAsia,PPS-MNL,2022.0,11,9374.400000000001,17.66,3357.51,3334.9,3643.16,371,7433
Cebu Pacific,PPS-MNL,2022.0,11,9604.720000000001,46.03,3357.51,3334.9,3643.16,371,7433
Philippine Airlines,PPS-MNL,2022.0,11,11302.304,31.56,3357.51,3334.9,3643.16,371,7433
AirAsia,RXS-MNL,2022.0,11,2031.1200000000001,17.66,3666.72,3666.72,3643.16,70,7433
Cebu Pacific,RXS-MNL,2022.0,11,4709.52,46.03,3666.72,3666.72,3643.16,70,7433
Philippine Airlines,RXS-MNL,2022.0,11,3867.088,31.56,3666.72,3666.72,3643.16,70,7433
Cebgo,TAC-CEB,2022.0,11,1276.128,4.71,5027.85,3195.39,2878.4,561,2245
Philippine Airlines,TAC-CEB,2022.0,11,1098.88,31.56,5027.85,3195.39,2878.4,561,2245
AirAsia,TAC-MNL,2022.0,11,16828.56,17.66,3559.53,3195.39,3643.16,561,7433
Cebu Pacific,TAC-MNL,2022.0,11,21820.776,46.03,3559.53,3195.39,3643.16,561,7433
Philippine Airlines,TAC-MNL,2022.0,11,11219.888,31.56,3559.53,3195.39,3643.16,561,7433
Philippine Airlines,TAG-DVO,2022.0,11,1153.824,31.56,10000.0,3363.47,5092.48,383,947
AirAsia,TAG-MNL,2022.0,11,9374.400000000001,17.66,3727.43,3363.47,3643.16,383,7433
Cebu Pacific,TAG-MNL,2022.0,11,16896.88,46.03,3727.43,3363.47,3643.16,383,7433
Philippine Airlines,TAG-MNL,2022.0,11,7957.184,31.56,3727.43,3363.47,3643.16,383,7433
Cebu Pacific,TUG-MNL,2022.0,11,9419.04,46.03,10000.0,10000.0,3643.16,91,7433
Cebu Pacific,TWT-ZAM,2022.0,11,156.984,46.03,10000.0,5300.33,5616.3,49,186
Cebgo,USU-CEB,2022.0,11,1762.272,4.71,5103.66,5770.11,2878.4,255,2245
Philippine Airlines,USU-CEB,2022.0,11,1318.656,31.56,5103.66,5770.11,2878.4,255,2245
Cebgo,USU-MNL,2022.0,11,5043.744,4.71,6225.65,5770.11,3643.16,255,7433
Philippine Airlines,USU-MNL,2022.0,11,1703.2640000000001,31.56,6225.65,5770.11,3643.16,255,7433
Cebgo,WNP-MNL,2022.0,11,3463.776,4.71,10000.0,10000.0,3643.16,113,7433
Philippine Airlines,ZAM-CEB,2022.0,11,1373.6000000000001,31.56,10000.0,5616.3,2878.4,186,2245
Cebu Pacific,ZAM-MNL,2022.0,11,14741.304,46.03,5856.73,5616.3,3643.16,186,7433
Philippine Airlines,ZAM-MNL,2022.0,11,6110.0960000000005,31.56,5856.73,5616.3,3643.16,186,7433
Cebu Pacific,ZAM-TWT,2022.0,11,4552.536,46.03,5935.36,5616.3,5300.33,186,49
Philippine Airlines,ZAM-TWT,2022.0,11,1803.4560000000001,31.56,5935.36,5616.3,5300.33,186,49
Philippine Airlines,BCD-CEB,2022.0,12,1208.768,32.41,10000.0,3539.57,2833.19,678,2556
Cebu Pacific,BCD-DVO,2022.0,12,2060.136,45.65,10000.0,3539.57,5043.85,678,1072
AirAsia,BCD-MNL,2022.0,12,14530.320000000002,17.02,3517.03,3539.57,3677.01,678,8001
Cebu Pacific,BCD-MNL,2022.0,12,26328.504,45.65,3517.03,3539.57,3677.01,678,8001
Philippine Airlines,BCD-MNL,2022.0,12,20718.736,32.41,3517.03,3539.57,3677.01,678,8001
Philippine Airlines,BPA-CEB,2022.0,12,219.776,32.41,10000.0,10000.0,2833.19,8,2556
Cebgo,BXU-CEB,2022.0,12,1717.632,4.9,6755.14,4686.68,2833.19,351,2556
Philippine Airlines,BXU-CEB,2022.0,12,439.552,32.41,6755.14,4686.68,2833.19,351,2556
Cebu Pacific,BXU-MNL,2022.0,12,14262.480000000001,45.65,5496.58,4686.68,3677.01,351,8001
Philippine Airlines,BXU-MNL,2022.0,12,7427.136,32.41,5496.58,4686.68,3677.01,351,8001
Philippine Airlines,CBO-MNL,2022.0,12,3757.2000000000003,32.41,10000.0,10000.0,3677.01,59,8001
Philippine Airlines,CBO-TWT,2022.0,12,439.552,32.41,10000.0,10000.0,5823.42,59,47
Cebgo,CEB-BCD,2022.0,12,61.344,4.9,9041.33,2833.19,3539.57,2556,678
Philippine Airlines,CEB-BCD,2022.0,12,1153.824,32.41,9041.33,2833.19,3539.57,2556,678
Philippine Airlines,CEB-BPA,2022.0,12,219.776,32.41,10000.0,2833.19,10000.0,2556,8
Cebgo,CEB-BXU,2022.0,12,1901.664,4.9,6950.06,2833.19,4686.68,2556,351
Philippine Airlines,CEB-BXU,2022.0,12,439.552,32.41,6950.06,2833.19,4686.68,2556,351
Cebgo,CEB-CEB,2022.0,12,184.032,4.9,5027.85,2833.19,2833.19,2556,2556
Cebu Pacific,CEB-CEB,2022.0,12,158.472,45.65,5027.85,2833.19,2833.19,2556,2556
Cebgo,CEB-CGY,2022.0,12,6931.872,4.9,5741.76,2833.19,3229.96,2556,881
Philippine Airlines,CEB-CGY,2022.0,12,3076.864,32.41,5741.76,2833.19,3229.96,2556,881
Cebgo,CEB-CRK,2022.0,12,306.72,4.9,10000.0,2833.19,10000.0,2556,8
Cebgo,CEB-CYP,2022.0,12,1042.848,4.9,10000.0,2833.19,5055.74,2556,59
Cebgo,CEB-DGT,2022.0,12,61.344,4.9,10000.0,2833.19,5121.67,2556,243
Cebu Pacific,CEB-DVO,2022.0,12,6497.352000000001,45.65,5264.57,2833.19,5043.85,2556,1072
Philippine Airlines,CEB-DVO,2022.0,12,10379.568000000001,32.41,5264.57,2833.19,5043.85,2556,1072
Cebgo,CEB-IAO,2022.0,12,3619.2960000000003,4.9,5093.82,2833.19,5210.49,2556,342
Philippine Airlines,CEB-IAO,2022.0,12,2747.2000000000003,32.41,5093.82,2833.19,5210.49,2556,342
Cebgo,CEB-ILO,2022.0,12,3680.64,4.9,10000.0,2833.19,3041.59,2556,884
AirAsia,CEB-MNL,2022.0,12,18123.84,17.02,3828.13,2833.19,3677.01,2556,8001
Cebu Pacific,CEB-MNL,2022.0,12,42998.736000000004,45.65,3828.13,2833.19,3677.01,2556,8001
Philippine Airlines,CEB-MNL,2022.0,12,22856.704,32.41,3828.13,2833.19,3677.01,2556,8001
Cebgo,CEB-MPH,2022.0,12,61.344,4.9,5084.37,2833.19,3449.5,2556,844
Cebu Pacific,CEB-MPH,2022.0,12,1426.248,45.65,5084.37,2833.19,3449.5,2556,844
Philippine Airlines,CEB-MPH,2022.0,12,824.1600000000001,32.41,5084.37,2833.19,3449.5,2556,844
Cebgo,CEB-PAG,2022.0,12,981.504,4.9,10000.0,2833.19,6632.65,2556,150
Philippine Airlines,CEB-PPS,2022.0,12,1688.72,32.41,10000.0,2833.19,3418.77,2556,391
Cebgo,CEB-SUG,2022.0,12,61.344,4.9,10000.0,2833.19,10000.0,2556,10
Cebgo,CEB-TAC,2022.0,12,1840.32,4.9,5172.54,2833.19,3154.92,2556,613
Philippine Airlines,CEB-TAC,2022.0,12,1263.712,32.41,5172.54,2833.19,3154.92,2556,613
Cebgo,CEB-USU,2022.0,12,1901.664,4.9,5025.46,2833.19,5664.27,2556,266
Philippine Airlines,CEB-USU,2022.0,12,1648.3200000000002,32.41,5025.46,2833.19,5664.27,2556,266
Philippine Airlines,CEB-ZAM,2022.0,12,54.944,32.41,10000.0,2833.19,5754.62,2556,203
Cebgo,CGY-CEB,2022.0,12,6993.216,4.9,5915.33,3229.96,2833.19,881,2556
Philippine Airlines,CGY-CEB,2022.0,12,2802.1440000000002,32.41,5915.33,3229.96,2833.19,881,2556
Cebgo,CGY-DVO,2022.0,12,1042.848,4.9,10000.0,3229.96,5043.85,881,1072
AirAsia,CGY-MNL,2022.0,12,4843.4400000000005,17.02,4127.45,3229.96,3677.01,881,8001
Cebu Pacific,CGY-MNL,2022.0,12,21545.376,45.65,4127.45,3229.96,3677.01,881,8001
Philippine Airlines,CGY-MNL,2022.0,12,16809.632,32.41,4127.45,3229.96,3677.01,881,8001
Cebgo,CRK-CEB,2022.0,12,184.032,4.9,10000.0,10000.0,2833.19,8,2556
Cebgo,CYP-CEB,2022.0,12,858.816,4.9,10000.0,5055.74,2833.19,59,2556
Philippine Airlines,CYP-MNL,2022.0,12,769.216,32.41,10000.0,5055.74,3677.01,59,8001
Cebu Pacific,CYZ-MNL,2022.0,12,4595.688,45.65,10000.0,10000.0,3677.01,61,8001
Cebu Pacific,DGT-MNL,2022.0,12,8715.960000000001,45.65,5014.85,5121.67,3677.01,243,8001
Philippine Airlines,DGT-MNL,2022.0,12,7814.976000000001,32.41,5014.85,5121.67,3677.01,243,8001
Cebu Pacific,DPL-MNL,2022.0,12,4754.16,45.65,5204.08,5161.32,3677.01,104,8001
Philippine Airlines,DPL-MNL,2022.0,12,3156.0480000000002,32.41,5204.08,5161.32,3677.01,104,8001
Cebu Pacific,DRP-MNL,2022.0,12,3010.9680000000003,45.65,5035.67,5944.65,3677.01,81,8001
Philippine Airlines,DRP-MNL,2022.0,12,3566.512,32.41,5035.67,5944.65,3677.01,81,8001
Cebu Pacific,DVO-BCD,2022.0,12,2060.136,45.65,10000.0,5043.85,3539.57,1072,678
Cebu Pacific,DVO-CEB,2022.0,12,6497.352000000001,45.65,5270.35,5043.85,2833.19,1072,2556
Philippine Airlines,DVO-CEB,2022.0,12,10434.512,32.41,5270.35,5043.85,2833.19,1072,2556
Cebgo,DVO-CGY,2022.0,12,1104.192,4.9,10000.0,5043.85,3229.96,1072,881
Cebgo,DVO-IAO,2022.0,12,736.128,4.9,10000.0,5043.85,5210.49,1072,342
Cebu Pacific,DVO-MNL,2022.0,12,46044.636,45.65,5555.92,5043.85,3677.01,1072,8001
Philippine Airlines,DVO-MNL,2022.0,12,23016.688000000002,32.41,5555.92,5043.85,3677.01,1072,8001
Philippine Airlines,DVO-TAG,2022.0,12,1208.768,32.41,10000.0,5043.85,3361.17,1072,402
Philippine Airlines,EUQ-MNL,2022.0,12,714.272,32.41,10000.0,10000.0,3677.01,27,8001
Cebu Pacific,GES-MNL,2022.0,12,14595.612000000001,45.65,5165.27,5179.77,3677.01,184,8001
Philippine Airlines,GES-MNL,2022.0,12,10104.848,32.41,5165.27,5179.77,3677.01,184,8001
Cebgo,IAO-CEB,2022.0,12,2699.136,4.9,5000.67,5210.49,2833.19,342,2556
Philippine Airlines,IAO-CEB,2022.0,12,2637.312,32.41,5000.67,5210.49,2833.19,342,2556
Cebgo,IAO-DVO,2022.0,12,736.128,4.9,10000.0,5210.49,5043.85,342,1072
Philippine Airlines,IAO-MNL,2022.0,12,2747.2000000000003,32.41,10000.0,5210.49,3677.01,342,8001
Cebgo,ILO-CEB,2022.0,12,3619.2960000000003,4.9,10000.0,3041.59,2833.19,884,2556
AirAsia,ILO-MNL,2022.0,12,23956.8,17.02,3378.09,3041.59,3677.01,884,8001
Cebu Pacific,ILO-MNL,2022.0,12,22877.904000000002,45.65,3378.09,3041.59,3677.01,884,8001
Philippine Airlines,ILO-MNL,2022.0,12,18173.536,32.41,3378.09,3041.59,3677.01,884,8001
AirAsia,KLO-MNL,2022.0,12,13592.880000000001,17.02,10000.0,10000.0,3677.01,175,8001
Philippine Airlines,LAO-MNL,2022.0,12,8505.008,32.41,10000.0,10000.0,3677.01,73,8001
Cebu Pacific,LGP-MNL,2022.0,12,9191.376,45.65,5123.27,5347.09,3677.01,223,8001
Philippine Airlines,LGP-MNL,2022.0,12,6696.704000000001,32.41,5123.27,5347.09,3677.01,223,8001
AirAsia,MNL-BCD,2022.0,12,9686.880000000001,17.02,3450.08,3677.01,3539.57,8001,678
Cebu Pacific,MNL-BCD,2022.0,12,15378.6,45.65,3450.08,3677.01,3539.57,8001,678
Philippine Airlines,MNL-BCD,2022.0,12,12246.048,32.41,3450.08,3677.01,3539.57,8001,678
Philippine Airlines,MNL-BSO,2022.0,12,1593.376,32.41,10000.0,3677.01,10000.0,8001,29
Cebu Pacific,MNL-BXU,2022.0,12,14262.480000000001,45.65,5496.58,3677.01,4686.68,8001,351
Philippine Airlines,MNL-BXU,2022.0,12,7427.136,32.41,5496.58,3677.01,4686.68,8001,351
Philippine Airlines,MNL-CBO,2022.0,12,3907.4880000000003,32.41,10000.0,3677.01,10000.0,8001,59
AirAsia,MNL-CEB,2022.0,12,22811.04,17.02,3315.58,3677.01,2833.19,8001,2556
Cebgo,MNL-CEB,2022.0,12,1042.848,4.9,3315.58,3677.01,2833.19,8001,2556
Cebu Pacific,MNL-CEB,2022.0,12,32220.936,45.65,3315.58,3677.01,2833.19,8001,2556
Philippine Airlines,MNL-CEB,2022.0,12,27556.032,32.41,3315.58,3677.01,2833.19,8001,2556
AirAsia,MNL-CGY,2022.0,12,4843.4400000000005,17.02,4343.08,3677.01,3229.96,8001,881
Cebu Pacific,MNL-CGY,2022.0,12,23801.472,45.65,4343.08,3677.01,3229.96,8001,881
Philippine Airlines,MNL-CGY,2022.0,12,13584.096000000001,32.41,4343.08,3677.01,3229.96,8001,881
Philippine Airlines,MNL-CRM,2022.0,12,659.328,32.41,10000.0,3677.01,10000.0,8001,12
Philippine Airlines,MNL-CYP,2022.0,12,769.216,32.41,10000.0,3677.01,5055.74,8001,59
Cebu Pacific,MNL-CYZ,2022.0,12,5071.104,45.65,10000.0,3677.01,10000.0,8001,61
Cebu Pacific,MNL-DGT,2022.0,12,13153.176000000001,45.65,5324.07,3677.01,5121.67,8001,243
Philippine Airlines,MNL-DGT,2022.0,12,7814.976000000001,32.41,5324.07,3677.01,5121.67,8001,243
Cebu Pacific,MNL-DPL,2022.0,12,4754.16,45.65,5124.86,3677.01,5161.32,8001,104
Philippine Airlines,MNL-DPL,2022.0,12,3456.6240000000003,32.41,5124.86,3677.01,5161.32,8001,104
Cebu Pacific,MNL-DRP,2022.0,12,316.944,45.65,8854.39,3677.01,5944.65,8001,81
Philippine Airlines,MNL-DRP,2022.0,12,4878.704000000001,32.41,8854.39,3677.01,5944.65,8001,81
AirAsia,MNL-DVO,2022.0,12,156.24,17.02,5537.65,3677.01,5043.85,8001,1072
Cebu Pacific,MNL-DVO,2022.0,12,46986.948000000004,45.65,5537.65,3677.01,5043.85,8001,1072
Philippine Airlines,MNL-DVO,2022.0,12,23388.368000000002,32.41,5537.65,3677.01,5043.85,8001,1072
Philippine Airlines,MNL-EUQ,2022.0,12,769.216,32.41,10000.0,3677.01,10000.0,8001,27
Cebu Pacific,MNL-GES,2022.0,12,15541.332,45.65,5194.13,3677.01,5179.77,8001,184
Philippine Airlines,MNL-GES,2022.0,12,10424.816,32.41,5194.13,3677.01,5179.77,8001,184
Philippine Airlines,MNL-IAO,2022.0,12,3681.248,32.41,10000.0,3677.01,5210.49,8001,342
AirAsia,MNL-ILO,2022.0,12,18123.84,17.02,3402.82,3677.01,3041.59,8001,884
Cebu Pacific,MNL-ILO,2022.0,12,25834.344,45.65,3402.82,3677.01,3041.59,8001,884
Philippine Airlines,MNL-ILO,2022.0,12,21570.368000000002,32.41,3402.82,3677.01,3041.59,8001,884
AirAsia,MNL-KLO,2022.0,12,13749.12,17.02,10000.0,3677.01,10000.0,8001,175
Philippine Airlines,MNL-LAO,2022.0,12,3839.616,32.41,10000.0,3677.01,10000.0,8001,73
Cebu Pacific,MNL-LGP,2022.0,12,11885.400000000001,45.65,5648.95,3677.01,5347.09,8001,223
Philippine Airlines,MNL-LGP,2022.0,12,5589.744000000001,32.41,5648.95,3677.01,5347.09,8001,223
Philippine Airlines,MNL-MNL,2022.0,12,300.576,32.41,10000.0,3677.01,3677.01,8001,8001
AirAsia,MNL-MPH,2022.0,12,14842.800000000001,17.02,3444.92,3677.01,3449.5,8001,844
Cebgo,MNL-MPH,2022.0,12,2024.352,4.9,3444.92,3677.01,3449.5,8001,844
Cebu Pacific,MNL-MPH,2022.0,12,24246.216,45.65,3444.92,3677.01,3449.5,8001,844
Philippine Airlines,MNL-MPH,2022.0,12,10836.896,32.41,3444.92,3677.01,3449.5,8001,844
Cebu Pacific,MNL-OZC,2022.0,12,7289.712,45.65,10000.0,3677.01,5593.52,8001,142
Cebu Pacific,MNL-PAG,2022.0,12,4595.688,45.65,10000.0,3677.01,6632.65,8001,150
AirAsia,MNL-PPS,2022.0,12,4843.4400000000005,17.02,3770.96,3677.01,3418.77,8001,391
AirSWIFT,MNL-PPS,2022.0,12,122.688,0.01,3770.96,3677.01,3418.77,8001,391
Cebu Pacific,MNL-PPS,2022.0,12,10133.688,45.65,3770.96,3677.01,3418.77,8001,391
Philippine Airlines,MNL-PPS,2022.0,12,4776.896000000001,32.41,3770.96,3677.01,3418.77,8001,391
AirAsia,MNL-TAC,2022.0,12,9218.16,17.02,3352.1,3677.01,3154.92,8001,613
Cebu Pacific,MNL-TAC,2022.0,12,9032.904,45.65,3352.1,3677.01,3154.92,8001,613
Philippine Airlines,MNL-TAC,2022.0,12,7755.184,32.41,3352.1,3677.01,3154.92,8001,613
AirAsia,MNL-TAG,2022.0,12,9686.880000000001,17.02,3463.15,3677.01,3361.17,8001,402
Cebu Pacific,MNL-TAG,2022.0,12,5962.296,45.65,3463.15,3677.01,3361.17,8001,402
Philippine Airlines,MNL-TAG,2022.0,12,9031.824,32.41,3463.15,3677.01,3361.17,8001,402
Cebu Pacific,MNL-TUG,2022.0,12,4912.6320000000005,45.65,10000.0,3677.01,10000.0,8001,94
Cebgo,MNL-USU,2022.0,12,1778.976,4.9,10000.0,3677.01,5664.27,8001,266
Cebu Pacific,MNL-VRC,2022.0,12,158.472,45.65,10000.0,3677.01,10000.0,8001,2
Cebgo,MNL-WNP,2022.0,12,3557.952,4.9,10000.0,3677.01,10000.0,8001,113
Cebu Pacific,MPH-CEB,2022.0,12,1426.248,45.65,5281.64,3449.5,2833.19,844,2556
Philippine Airlines,MPH-CEB,2022.0,12,879.104,32.41,5281.64,3449.5,2833.19,844,2556
Cebu Pacific,MPH-ILO,2022.0,12,158.472,45.65,10000.0,3449.5,3041.59,844,884
AirAsia,MPH-MNL,2022.0,12,19373.760000000002,17.02,3420.52,3449.5,3677.01,844,8001
Cebgo,MPH-MNL,2022.0,12,1901.664,4.9,3420.52,3449.5,3677.01,844,8001
Cebu Pacific,MPH-MNL,2022.0,12,29000.376,45.65,3420.52,3449.5,3677.01,844,8001
Philippine Airlines,MPH-MNL,2022.0,12,14178.784000000001,32.41,3420.52,3449.5,3677.01,844,8001
Cebgo,OZC-CEB,2022.0,12,1533.6000000000001,4.9,10000.0,5593.52,2833.19,142,2556
Cebu Pacific,OZC-MNL,2022.0,12,6814.296,45.65,5305.63,5593.52,3677.01,142,8001
Philippine Airlines,OZC-MNL,2022.0,12,4112.72,32.41,5305.63,5593.52,3677.01,142,8001
Cebgo,PAG-CEB,2022.0,12,2821.824,4.9,8993.08,6632.65,2833.19,150,2556
Cebu Pacific,PAG-CEB,2022.0,12,158.472,45.65,8993.08,6632.65,2833.19,150,2556
Cebu Pacific,PAG-MNL,2022.0,12,9191.376,45.65,10000.0,6632.65,3677.01,150,8001
Philippine Airlines,PPS-CEB,2022.0,12,1688.72,32.41,10000.0,3418.77,2833.19,391,2556
AirAsia,PPS-MNL,2022.0,12,9686.880000000001,17.02,3451.36,3418.77,3677.01,391,8001
Cebu Pacific,PPS-MNL,2022.0,12,9816.744,45.65,3451.36,3418.77,3677.01,391,8001
Philippine Airlines,PPS-MNL,2022.0,12,14240.192000000001,32.41,3451.36,3418.77,3677.01,391,8001
AirAsia,RXS-MNL,2022.0,12,2031.1200000000001,17.02,3730.22,3730.22,3677.01,66,8001
Cebu Pacific,RXS-MNL,2022.0,12,4912.6320000000005,45.65,3730.22,3730.22,3677.01,66,8001
Philippine Airlines,RXS-MNL,2022.0,12,3306.3360000000002,32.41,3730.22,3730.22,3677.01,66,8001
Cebgo,SUG-CEB,2022.0,12,552.096,4.9,10000.0,10000.0,2833.19,10,2556
Cebgo,TAC-CEB,2022.0,12,1656.288,4.9,5064.4,3154.92,2833.19,613,2556
Philippine Airlines,TAC-CEB,2022.0,12,1318.656,32.41,5064.4,3154.92,2833.19,613,2556
AirAsia,TAC-MNL,2022.0,12,17848.32,17.02,3570.01,3154.92,3677.01,613,8001
Cebu Pacific,TAC-MNL,2022.0,12,23453.856,45.65,3570.01,3154.92,3677.01,613,8001
Philippine Airlines,TAC-MNL,2022.0,12,11884.064,32.41,3570.01,3154.92,3677.01,613,8001
Philippine Airlines,TAG-DVO,2022.0,12,1208.768,32.41,10000.0,3361.17,5043.85,402,1072
AirAsia,TAG-MNL,2022.0,12,9686.880000000001,17.02,3715.19,3361.17,3677.01,402,8001
Cebu Pacific,TAG-MNL,2022.0,12,17849.4,45.65,3715.19,3361.17,3677.01,402,8001
Philippine Airlines,TAG-MNL,2022.0,12,8731.248,32.41,3715.19,3361.17,3677.01,402,8001
Cebu Pacific,TUG-MNL,2022.0,12,9983.736,45.65,10000.0,10000.0,3677.01,94,8001
Cebgo,USU-CEB,2022.0,12,1901.664,4.9,5025.46,5664.27,2833.19,266,2556
Philippine Airlines,USU-CEB,2022.0,12,1648.3200000000002,32.41,5025.46,5664.27,2833.19,266,2556
Cebgo,USU-MNL,2022.0,12,5152.896,4.9,6265.77,5664.27,3677.01,266,8001
Philippine Airlines,USU-MNL,2022.0,12,1703.2640000000001,32.41,6265.77,5664.27,3677.01,266,8001
Cebu Pacific,VRC-MNL,2022.0,12,158.472,45.65,10000.0,10000.0,3677.01,2,8001
Cebgo,WNP-MNL,2022.0,12,3373.92,4.9,10000.0,10000.0,3677.01,113,8001
Philippine Airlines,ZAM-CEB,2022.0,12,1648.3200000000002,32.41,10000.0,5754.62,2833.19,203,2556
Cebu Pacific,ZAM-MNL,2022.0,12,17419.992000000002,45.65,6044.88,5754.62,3677.01,203,8001
Philippine Airlines,ZAM-MNL,2022.0,12,6489.856000000001,32.41,6044.88,5754.62,3677.01,203,8001
Cebu Pacific,ZAM-TWT,2022.0,12,4595.688,45.65,6285.94,5754.62,5823.42,203,47
Philippine Airlines,ZAM-TWT,2022.0,12,1502.88,32.41,6285.94,5754.62,5823.42,203,47
Philippine Airlines,BCD-CEB,2023.0,1,1398.4879999999998,32.86,10000.0,3520.21,2919.43,675,2377
Cebu Pacific,BCD-DVO,2023.0,1,2091.5699999999997,44.73,10000.0,3520.21,4972.28,675,1046
AirAsia,BCD-MNL,2023.0,1,14563.8,18.27,3499.33,3520.21,3615.37,675,7834
Cebu Pacific,BCD-MNL,2023.0,1,25642.059999999998,44.73,3499.33,3520.21,3615.37,675,7834
Philippine Airlines,BCD-MNL,2023.0,1,20719.454,32.86,3499.33,3520.21,3615.37,675,7834
Philippine Airlines,BPA-CEB,2023.0,1,322.72799999999995,32.86,10000.0,10000.0,2919.43,13,2377
Cebgo,BXU-CEB,2023.0,1,1245.6,4.13,5633.42,4816.59,2919.43,342,2377
Philippine Airlines,BXU-CEB,2023.0,1,591.668,32.86,5633.42,4816.59,2919.43,342,2377
Cebu Pacific,BXU-MNL,2023.0,1,13997.429999999998,44.73,5438.16,4816.59,3615.37,342,7834
Philippine Airlines,BXU-MNL,2023.0,1,7603.092000000001,32.86,5438.16,4816.59,3615.37,342,7834
Philippine Airlines,CBO-MNL,2023.0,1,4119.528,32.86,10000.0,10000.0,3615.37,65,7834
Philippine Airlines,CBO-TWT,2023.0,1,430.304,32.86,10000.0,10000.0,5872.27,65,50
Philippine Airlines,CEB-BCD,2023.0,1,1452.2759999999998,32.86,10000.0,2919.43,3520.21,2377,675
Philippine Airlines,CEB-BPA,2023.0,1,376.51599999999996,32.86,10000.0,2919.43,10000.0,2377,13
Cebgo,CEB-BXU,2023.0,1,1245.6,4.13,5303.69,2919.43,4816.59,2377,342
Philippine Airlines,CEB-BXU,2023.0,1,753.0319999999999,32.86,5303.69,2919.43,4816.59,2377,342
Cebgo,CEB-CEB,2023.0,1,62.28,4.13,10000.0,2919.43,2919.43,2377,2377
Cebgo,CEB-CGY,2023.0,1,4235.04,4.13,5249.13,2919.43,3378.57,2377,773
Philippine Airlines,CEB-CGY,2023.0,1,2689.3999999999996,32.86,5249.13,2919.43,3378.57,2377,773
Cebgo,CEB-CRK,2023.0,1,249.12,4.13,10000.0,2919.43,8158.84,2377,9
Cebgo,CEB-CYP,2023.0,1,1058.76,4.13,10000.0,2919.43,5489.32,2377,53
Cebu Pacific,CEB-DVO,2023.0,1,6113.82,44.73,5295.65,2919.43,4972.28,2377,1046
Philippine Airlines,CEB-DVO,2023.0,1,10042.536,32.86,5295.65,2919.43,4972.28,2377,1046
Cebgo,CEB-IAO,2023.0,1,3425.4,4.13,5007.29,2919.43,5496.99,2377,374
Philippine Airlines,CEB-IAO,2023.0,1,3173.4919999999997,32.86,5007.29,2919.43,5496.99,2377,374
Cebgo,CEB-ILO,2023.0,1,2864.88,4.13,10000.0,2919.43,3109.56,2377,850
AirAsia,CEB-MNL,2023.0,1,19094.76,18.27,3706.16,2919.43,3615.37,2377,7834
Cebu Pacific,CEB-MNL,2023.0,1,42231.03,44.73,3706.16,2919.43,3615.37,2377,7834
Philippine Airlines,CEB-MNL,2023.0,1,25830.896,32.86,3706.16,2919.43,3615.37,2377,7834
Philippine Airlines,CEB-MPH,2023.0,1,1452.2759999999998,32.86,10000.0,2919.43,3365.53,2377,800
Cebgo,CEB-OZC,2023.0,1,62.28,4.13,10000.0,2919.43,5476.82,2377,135
Cebgo,CEB-PAG,2023.0,1,809.64,4.13,10000.0,2919.43,6648.88,2377,124
Philippine Airlines,CEB-PPS,2023.0,1,1613.6399999999999,32.86,10000.0,2919.43,3401.11,2377,380
Cebgo,CEB-TAC,2023.0,1,1432.44,4.13,5013.5,2919.43,3231.34,2377,560
Philippine Airlines,CEB-TAC,2023.0,1,1290.9119999999998,32.86,5013.5,2919.43,3231.34,2377,560
Cebgo,CEB-USU,2023.0,1,1806.1200000000001,4.13,5015.84,2919.43,5721.18,2377,260
Philippine Airlines,CEB-USU,2023.0,1,1613.6399999999999,32.86,5015.84,2919.43,5721.18,2377,260
Philippine Airlines,CEB-ZAM,2023.0,1,53.788,32.86,10000.0,2919.43,5595.13,2377,199
Cebu Pacific,CGK-MNL,2023.0,1,160.89,44.73,10000.0,10000.0,3615.37,2,7834
Cebgo,CGY-CEB,2023.0,1,4546.4400000000005,4.13,5353.93,3378.57,2919.43,773,2377
Philippine Airlines,CGY-CEB,2023.0,1,2635.6119999999996,32.86,5353.93,3378.57,2919.43,773,2377
Cebgo,CGY-DVO,2023.0,1,1058.76,4.13,10000.0,3378.57,4972.28,773,1046
AirAsia,CGY-MNL,2023.0,1,5016.42,18.27,4086.23,3378.57,3615.37,773,7834
Cebu Pacific,CGY-MNL,2023.0,1,20984.899999999998,44.73,4086.23,3378.57,3615.37,773,7834
Philippine Airlines,CGY-MNL,2023.0,1,16315.166000000001,32.86,4086.23,3378.57,3615.37,773,7834
Cebgo,CRK-CEB,2023.0,1,249.12,4.13,10000.0,8158.84,2919.43,9,2377
Philippine Airlines,CRK-MNL,2023.0,1,56.952,32.86,10000.0,8158.84,3615.37,9,7834
Cebgo,CYP-CEB,2023.0,1,996.48,4.13,10000.0,5489.32,2919.43,53,2377
Philippine Airlines,CYP-MNL,2023.0,1,430.304,32.86,10000.0,5489.32,3615.37,53,7834
Cebu Pacific,CYZ-MNL,2023.0,1,4826.7,44.73,10000.0,10000.0,3615.37,60,7834
Cebu Pacific,DGT-MNL,2023.0,1,8688.06,44.73,5072.41,5265.16,3615.37,232,7834
Philippine Airlines,DGT-MNL,2023.0,1,6821.584,32.86,5072.41,5265.16,3615.37,232,7834
Cebu Pacific,DPL-MNL,2023.0,1,4665.8099999999995,44.73,5049.0,5068.48,3615.37,110,7834
Philippine Airlines,DPL-MNL,2023.0,1,3825.2760000000003,32.86,5049.0,5068.48,3615.37,110,7834
Cebu Pacific,DRP-MNL,2023.0,1,11101.41,44.73,5020.9,5032.22,3615.37,249,7834
Philippine Airlines,DRP-MNL,2023.0,1,9753.03,32.86,5020.9,5032.22,3615.37,249,7834
Cebu Pacific,DVO-BCD,2023.0,1,2091.5699999999997,44.73,10000.0,4972.28,3520.21,1046,675
Cebu Pacific,DVO-CEB,2023.0,1,6113.82,44.73,5283.45,4972.28,2919.43,1046,2377
Philippine Airlines,DVO-CEB,2023.0,1,9934.960000000001,32.86,5283.45,4972.28,2919.43,1046,2377
Cebgo,DVO-CGY,2023.0,1,1058.76,4.13,10000.0,4972.28,3378.57,1046,773
Cebgo,DVO-IAO,2023.0,1,747.36,4.13,10000.0,4972.28,5496.99,1046,374
Cebu Pacific,DVO-MNL,2023.0,1,40954.29,44.73,5434.87,4972.28,3615.37,1046,7834
Philippine Airlines,DVO-MNL,2023.0,1,22299.872,32.86,5434.87,4972.28,3615.37,1046,7834
Philippine Airlines,DVO-TAG,2023.0,1,1075.76,32.86,10000.0,4972.28,3376.93,1046,384
Philippine Airlines,EUQ-MNL,2023.0,1,699.2439999999999,32.86,10000.0,10000.0,3615.37,26,7834
Cebu Pacific,GES-MNL,2023.0,1,13316.675,44.73,5105.76,5105.76,3615.37,180,7834
Philippine Airlines,GES-MNL,2023.0,1,9934.960000000001,32.86,5105.76,5105.76,3615.37,180,7834
Cebgo,IAO-CEB,2023.0,1,2242.08,4.13,5120.45,5496.99,2919.43,374,2377
Philippine Airlines,IAO-CEB,2023.0,1,3065.9159999999997,32.86,5120.45,5496.99,2919.43,374,2377
Cebgo,IAO-DVO,2023.0,1,809.64,4.13,10000.0,5496.99,4972.28,374,1046
Philippine Airlines,IAO-MNL,2023.0,1,2904.5519999999997,32.86,10000.0,5496.99,3615.37,374,7834
Cebgo,ILO-CEB,2023.0,1,3051.7200000000003,4.13,10000.0,3109.56,2919.43,850,2377
AirAsia,ILO-MNL,2023.0,1,25383.12,18.27,3452.36,3109.56,3615.37,850,7834
Cebu Pacific,ILO-MNL,2023.0,1,22791.019999999997,44.73,3452.36,3109.56,3615.37,850,7834
Philippine Airlines,ILO-MNL,2023.0,1,15834.238000000001,32.86,3452.36,3109.56,3615.37,850,7834
AirAsia,KLO-MNL,2023.0,1,14887.439999999999,18.27,9788.46,9893.66,3615.37,186,7834
Cebu Pacific,KLO-MNL,2023.0,1,160.89,44.73,9788.46,9893.66,3615.37,186,7834
Philippine Airlines,LAO-MNL,2023.0,1,8098.258000000001,32.86,10000.0,10000.0,3615.37,68,7834
Cebu Pacific,LGP-MNL,2023.0,1,643.56,44.73,10000.0,10000.0,3615.37,41,7834
AirAsia,MNL-BCD,2023.0,1,9871.02,18.27,3424.65,3615.37,3520.21,7834,675
Cebu Pacific,MNL-BCD,2023.0,1,14931.63,44.73,3424.65,3615.37,3520.21,7834,675
Philippine Airlines,MNL-BCD,2023.0,1,13042.008,32.86,3424.65,3615.37,3520.21,7834,675
Philippine Airlines,MNL-BSO,2023.0,1,1506.0639999999999,32.86,10000.0,3615.37,10000.0,7834,28
Cebu Pacific,MNL-BXU,2023.0,1,13997.429999999998,44.73,5464.87,3615.37,4816.59,7834,342
Philippine Airlines,MNL-BXU,2023.0,1,7455.966,32.86,5464.87,3615.37,4816.59,7834,342
Philippine Airlines,MNL-CBO,2023.0,1,4266.654,32.86,10000.0,3615.37,10000.0,7834,65
AirAsia,MNL-CEB,2023.0,1,24434.82,18.27,3317.98,3615.37,2919.43,7834,2377
Cebgo,MNL-CEB,2023.0,1,622.8,4.13,3317.98,3615.37,2919.43,7834,2377
Cebu Pacific,MNL-CEB,2023.0,1,30776.699999999997,44.73,3317.98,3615.37,2919.43,7834,2377
Philippine Airlines,MNL-CEB,2023.0,1,25490.766,32.86,3317.98,3615.37,2919.43,7834,2377
Cebu Pacific,MNL-CGK,2023.0,1,160.89,44.73,10000.0,3615.37,10000.0,7834,2
AirAsia,MNL-CGY,2023.0,1,5178.24,18.27,4323.17,3615.37,3378.57,7834,773
Cebu Pacific,MNL-CGY,2023.0,1,23152.59,44.73,4323.17,3615.37,3378.57,7834,773
Philippine Airlines,MNL-CGY,2023.0,1,12342.764000000001,32.86,4323.17,3615.37,3378.57,7834,773
Philippine Airlines,MNL-CRM,2023.0,1,537.88,32.86,10000.0,3615.37,10000.0,7834,10
Philippine Airlines,MNL-CYP,2023.0,1,645.4559999999999,32.86,10000.0,3615.37,5489.32,7834,53
Cebu Pacific,MNL-CYZ,2023.0,1,4826.7,44.73,10000.0,3615.37,10000.0,7834,60
Cebu Pacific,MNL-DGT,2023.0,1,13353.869999999999,44.73,5493.58,3615.37,5265.16,7834,232
Philippine Airlines,MNL-DGT,2023.0,1,6968.71,32.86,5493.58,3615.37,5265.16,7834,232
Cebu Pacific,MNL-DPL,2023.0,1,4826.7,44.73,5091.19,3615.37,5068.48,7834,110
Philippine Airlines,MNL-DPL,2023.0,1,3678.15,32.86,5091.19,3615.37,5068.48,7834,110
Cebu Pacific,MNL-DRP,2023.0,1,5631.15,44.73,5377.75,3615.37,5032.22,7834,249
Philippine Airlines,MNL-DRP,2023.0,1,9900.156,32.86,5377.75,3615.37,5032.22,7834,249
Cebu Pacific,MNL-DVO,2023.0,1,42351.265,44.73,5450.57,3615.37,4972.28,7834,1046
Philippine Airlines,MNL-DVO,2023.0,1,22795.038,32.86,5450.57,3615.37,4972.28,7834,1046
AirSWIFT,MNL-ENI,2023.0,1,43.25,0.01,10000.0,3615.37,10000.0,7834,1
Philippine Airlines,MNL-EUQ,2023.0,1,699.2439999999999,32.86,10000.0,3615.37,10000.0,7834,26
Cebu Pacific,MNL-GES,2023.0,1,13316.675,44.73,5105.76,3615.37,5105.76,7834,180
Philippine Airlines,MNL-GES,2023.0,1,9934.960000000001,32.86,5105.76,3615.37,5105.76,7834,180
Philippine Airlines,MNL-IAO,2023.0,1,4733.344,32.86,10000.0,3615.37,5496.99,7834,374
AirAsia,MNL-ILO,2023.0,1,19580.219999999998,18.27,3375.59,3615.37,3109.56,7834,850
Cebu Pacific,MNL-ILO,2023.0,1,24683.64,44.73,3375.59,3615.37,3109.56,7834,850
Philippine Airlines,MNL-ILO,2023.0,1,19615.218,32.86,3375.59,3615.37,3109.56,7834,850
AirAsia,MNL-KLO,2023.0,1,15049.26,18.27,10000.0,3615.37,9893.66,7834,186
Philippine Airlines,MNL-LAO,2023.0,1,3820.53,32.86,10000.0,3615.37,10000.0,7834,68
Cebu Pacific,MNL-LGP,2023.0,1,5952.929999999999,44.73,10000.0,3615.37,10000.0,7834,41
Cebu Pacific,MNL-MNL,2023.0,1,198.95,44.73,5232.99,3615.37,3615.37,7834,7834
Philippine Airlines,MNL-MNL,2023.0,1,308.49,32.86,5232.99,3615.37,3615.37,7834,7834
AirAsia,MNL-MPH,2023.0,1,14078.34,18.27,3571.13,3615.37,3365.53,7834,800
Cebgo,MNL-MPH,2023.0,1,1681.56,4.13,3571.13,3615.37,3365.53,7834,800
Cebu Pacific,MNL-MPH,2023.0,1,22846.379999999997,44.73,3571.13,3615.37,3365.53,7834,800
Philippine Airlines,MNL-MPH,2023.0,1,8669.36,32.86,3571.13,3615.37,3365.53,7834,800
Cebu Pacific,MNL-OZC,2023.0,1,6596.49,44.73,10000.0,3615.37,5476.82,7834,135
Cebu Pacific,MNL-PAG,2023.0,1,3539.58,44.73,10000.0,3615.37,6648.88,7834,124
AirAsia,MNL-PPS,2023.0,1,4854.599999999999,18.27,3743.73,3615.37,3401.11,7834,380
AirSWIFT,MNL-PPS,2023.0,1,124.56,0.01,3743.73,3615.37,3401.11,7834,380
Cebu Pacific,MNL-PPS,2023.0,1,9949.23,44.73,3743.73,3615.37,3401.11,7834,380
Philippine Airlines,MNL-PPS,2023.0,1,4780.804,32.86,3743.73,3615.37,3401.11,7834,380
AirAsia,MNL-TAC,2023.0,1,10032.84,18.27,3430.59,3615.37,3231.34,7834,560
Cebu Pacific,MNL-TAC,2023.0,1,6596.49,44.73,3430.59,3615.37,3231.34,7834,560
Philippine Airlines,MNL-TAC,2023.0,1,8084.02,32.86,3430.59,3615.37,3231.34,7834,560
AirAsia,MNL-TAG,2023.0,1,9871.02,18.27,3477.64,3615.37,3376.93,7834,384
Cebu Pacific,MNL-TAG,2023.0,1,5854.32,44.73,3477.64,3615.37,3376.93,7834,384
Philippine Airlines,MNL-TAG,2023.0,1,7921.0740000000005,32.86,3477.64,3615.37,3376.93,7834,384
Cebu Pacific,MNL-TUG,2023.0,1,7079.16,44.73,10000.0,3615.37,10000.0,7834,100
Cebgo,MNL-USU,2023.0,1,1868.4,4.13,10000.0,3615.37,5721.18,7834,260
Cebu Pacific,MNL-VRC,2023.0,1,2413.35,44.73,10000.0,3615.37,10000.0,7834,30
Cebgo,MNL-WNP,2023.0,1,3176.28,4.13,10000.0,3615.37,10000.0,7834,99
Philippine Airlines,MPH-CEB,2023.0,1,1506.0639999999999,32.86,10000.0,3365.53,2919.43,800,2377
AirAsia,MPH-MNL,2023.0,1,18609.3,18.27,3342.15,3365.53,3615.37,800,7834
Cebgo,MPH-MNL,2023.0,1,1743.8400000000001,4.13,3342.15,3365.53,3615.37,800,7834
Cebu Pacific,MPH-MNL,2023.0,1,27351.3,44.73,3342.15,3365.53,3615.37,800,7834
Philippine Airlines,MPH-MNL,2023.0,1,15731.408000000001,32.86,3342.15,3365.53,3615.37,800,7834
Cebgo,OZC-CEB,2023.0,1,1619.28,4.13,10000.0,5476.82,2919.43,135,2377
Cebu Pacific,OZC-MNL,2023.0,1,6274.709999999999,44.73,5294.08,5476.82,3615.37,135,7834
Philippine Airlines,OZC-MNL,2023.0,1,3825.2760000000003,32.86,5294.08,5476.82,3615.37,135,7834
Cebu Pacific,OZC-OZC,2023.0,1,160.89,44.73,10000.0,5476.82,5476.82,135,135
Cebgo,PAG-CEB,2023.0,1,2366.64,4.13,10000.0,6648.88,2919.43,124,2377
Cebu Pacific,PAG-MNL,2023.0,1,8205.39,44.73,10000.0,6648.88,3615.37,124,7834
Philippine Airlines,PPS-CEB,2023.0,1,1613.6399999999999,32.86,10000.0,3401.11,2919.43,380,2377
AirAsia,PPS-MNL,2023.0,1,9871.02,18.27,3407.29,3401.11,3615.37,380,7834
Cebu Pacific,PPS-MNL,2023.0,1,10253.71,44.73,3407.29,3401.11,3615.37,380,7834
Philippine Airlines,PPS-MNL,2023.0,1,13598.872000000001,32.86,3407.29,3401.11,3615.37,380,7834
AirAsia,RXS-MNL,2023.0,1,2103.66,18.27,3614.78,3614.78,3615.37,67,7834
Cebu Pacific,RXS-MNL,2023.0,1,4504.92,44.73,3614.78,3614.78,3615.37,67,7834
Philippine Airlines,RXS-MNL,2023.0,1,3825.2760000000003,32.86,3614.78,3614.78,3615.37,67,7834
Cebgo,SUG-CEB,2023.0,1,249.12,4.13,10000.0,10000.0,2919.43,4,2377
Cebgo,TAC-CEB,2023.0,1,249.12,4.13,7288.09,3231.34,2919.43,560,2377
Philippine Airlines,TAC-CEB,2023.0,1,1290.9119999999998,32.86,7288.09,3231.34,2919.43,560,2377
AirAsia,TAC-MNL,2023.0,1,19294.86,18.27,3471.28,3231.34,3615.37,560,7834
Cebu Pacific,TAC-MNL,2023.0,1,20272.14,44.73,3471.28,3231.34,3615.37,560,7834
Philippine Airlines,TAC-MNL,2023.0,1,12361.748,32.86,3471.28,3231.34,3615.37,560,7834
Philippine Airlines,TAG-DVO,2023.0,1,1129.548,32.86,10000.0,3376.93,4972.28,384,1046
AirAsia,TAG-MNL,2023.0,1,9547.38,18.27,3771.23,3376.93,3615.37,384,7834
Cebu Pacific,TAG-MNL,2023.0,1,17791.32,44.73,3771.23,3376.93,3615.37,384,7834
Philippine Airlines,TAG-MNL,2023.0,1,8068.200000000001,32.86,3771.23,3376.93,3615.37,384,7834
Cebu Pacific,TUG-MNL,2023.0,1,9009.84,44.73,10000.0,10000.0,3615.37,100,7834
Cebgo,USU-CEB,2023.0,1,1806.1200000000001,4.13,5026.76,5721.18,2919.43,260,2377
Philippine Airlines,USU-CEB,2023.0,1,1559.8519999999999,32.86,5026.76,5721.18,2919.43,260,2377
Cebgo,USU-MNL,2023.0,1,5169.24,4.13,6373.94,5721.18,3615.37,260,7834
Philippine Airlines,USU-MNL,2023.0,1,1613.6399999999999,32.86,6373.94,5721.18,3615.37,260,7834
Cebu Pacific,VRC-MNL,2023.0,1,2413.35,44.73,10000.0,10000.0,3615.37,30,7834
Cebgo,WNP-MNL,2023.0,1,2989.44,4.13,10000.0,10000.0,3615.37,99,7834
Philippine Airlines,ZAM-CEB,2023.0,1,1452.2759999999998,32.86,10000.0,5595.13,2919.43,199,2377
Cebu Pacific,ZAM-MNL,2023.0,1,14386.679999999998,44.73,5761.28,5595.13,3615.37,199,7834
Philippine Airlines,ZAM-MNL,2023.0,1,6310.598,32.86,5761.28,5595.13,3615.37,199,7834
Cebu Pacific,ZAM-TWT,2023.0,1,4987.589999999999,44.73,6300.62,5595.13,5872.27,199,50
Philippine Airlines,ZAM-TWT,2023.0,1,1618.386,32.86,6300.62,5595.13,5872.27,199,50
Cebgo,BCD-CEB,2023.0,2,437.47200000000004,3.74,5889.59,3532.11,2970.98,612,2141
Philippine Airlines,BCD-CEB,2023.0,2,1075.76,32.22,5889.59,3532.11,2970.98,612,2141
Cebu Pacific,BCD-DVO,2023.0,2,1937.3760000000002,46.6,10000.0,3532.11,5075.55,612,913
AirAsia,BCD-MNL,2023.0,2,13269.24,17.42,3549.97,3532.11,3722.51,612,7236
Cebu Pacific,BCD-MNL,2023.0,2,24744.944,46.6,3549.97,3532.11,3722.51,612,7236
Philippine Airlines,BCD-MNL,2023.0,2,17637.718,32.22,3549.97,3532.11,3722.51,612,7236
Philippine Airlines,BPA-CEB,2023.0,2,430.304,32.22,10000.0,10000.0,2970.98,16,2141
Cebgo,BXU-CEB,2023.0,2,937.44,3.74,10000.0,5014.79,2970.98,298,2141
Cebu Pacific,BXU-MNL,2023.0,2,13723.08,46.6,5477.45,5014.79,3722.51,298,7236
Philippine Airlines,BXU-MNL,2023.0,2,7243.978,32.22,5477.45,5014.79,3722.51,298,7236
Philippine Airlines,CBO-MNL,2023.0,2,3678.15,32.22,10000.0,10000.0,3722.51,57,7236
Philippine Airlines,CBO-TWT,2023.0,2,430.304,32.22,10000.0,10000.0,5831.53,57,46
Cebgo,CEB-BCD,2023.0,2,437.47200000000004,3.74,5975.28,2970.98,3532.11,2141,612
Philippine Airlines,CEB-BCD,2023.0,2,1129.548,32.22,5975.28,2970.98,3532.11,2141,612
Philippine Airlines,CEB-BPA,2023.0,2,430.304,32.22,10000.0,2970.98,10000.0,2141,16
Cebgo,CEB-BXU,2023.0,2,999.936,3.74,10000.0,2970.98,5014.79,2141,298
Philippine Airlines,CEB-CEB,2023.0,2,53.788,32.22,10000.0,2970.98,2970.98,2141,2141
Cebgo,CEB-CGY,2023.0,2,3187.2960000000003,3.74,5010.77,2970.98,3526.76,2141,682
Philippine Airlines,CEB-CGY,2023.0,2,2904.5519999999997,32.22,5010.77,2970.98,3526.76,2141,682
Cebgo,CEB-CRK,2023.0,2,187.488,3.74,10000.0,2970.98,10000.0,2141,6
Cebgo,CEB-CYP,2023.0,2,749.952,3.74,10000.0,2970.98,5069.6,2141,46
Cebu Pacific,CEB-DVO,2023.0,2,5812.128000000001,46.6,5141.82,2970.98,5075.55,2141,913
Philippine Airlines,CEB-DVO,2023.0,2,8166.284000000001,32.22,5141.82,2970.98,5075.55,2141,913
Cebgo,CEB-IAO,2023.0,2,3374.784,3.74,5011.5,2970.98,5377.53,2141,359
Philippine Airlines,CEB-IAO,2023.0,2,3065.9159999999997,32.22,5011.5,2970.98,5377.53,2141,359
Cebgo,CEB-ILO,2023.0,2,3187.2960000000003,3.74,10000.0,2970.98,3078.92,2141,790
AirAsia,CEB-MNL,2023.0,2,16991.1,17.42,3785.57,2970.98,3722.51,2141,7236
Cebu Pacific,CEB-MNL,2023.0,2,40466.159999999996,46.6,3785.57,2970.98,3722.51,2141,7236
Philippine Airlines,CEB-MNL,2023.0,2,23317.098,32.22,3785.57,2970.98,3722.51,2141,7236
Philippine Airlines,CEB-MPH,2023.0,2,3383.898,32.22,10000.0,2970.98,3542.72,2141,703
Cebgo,CEB-PAG,2023.0,2,499.968,3.74,10000.0,2970.98,6931.55,2141,109
Philippine Airlines,CEB-PPS,2023.0,2,1559.8519999999999,32.22,10000.0,2970.98,3500.21,2141,381
Cebgo,CEB-TAC,2023.0,2,1062.432,3.74,5068.75,2970.98,3228.07,2141,544
Philippine Airlines,CEB-TAC,2023.0,2,1344.6999999999998,32.22,5068.75,2970.98,3228.07,2141,544
Cebgo,CEB-USU,2023.0,2,1749.8880000000001,3.74,5028.04,2970.98,5772.65,2141,244
Philippine Airlines,CEB-USU,2023.0,2,1506.0639999999999,32.22,5028.04,2970.98,5772.65,2141,244
Cebgo,CGY-CEB,2023.0,2,3187.2960000000003,3.74,5021.27,3526.76,2970.98,682,2141
Philippine Airlines,CGY-CEB,2023.0,2,2796.9759999999997,32.22,5021.27,3526.76,2970.98,682,2141
Cebgo,CGY-DVO,2023.0,2,749.952,3.74,10000.0,3526.76,5075.55,682,913
AirAsia,CGY-MNL,2023.0,2,4530.96,17.42,4109.56,3526.76,3722.51,682,7236
Cebu Pacific,CGY-MNL,2023.0,2,19510.904,46.6,4109.56,3526.76,3722.51,682,7236
Philippine Airlines,CGY-MNL,2023.0,2,14905.604000000001,32.22,4109.56,3526.76,3722.51,682,7236
Cebgo,CRK-CEB,2023.0,2,187.488,3.74,10000.0,10000.0,2970.98,6,2141
Cebgo,CYP-CEB,2023.0,2,749.952,3.74,10000.0,5069.6,2970.98,46,2141
Philippine Airlines,CYP-MNL,2023.0,2,591.668,32.22,10000.0,5069.6,3722.51,46,7236
Cebu Pacific,CYZ-MNL,2023.0,2,5973.576,46.6,10000.0,10000.0,3722.51,74,7236
Cebu Pacific,DGT-MNL,2023.0,2,8879.640000000001,46.6,5077.37,5215.98,3722.51,227,7236
Philippine Airlines,DGT-MNL,2023.0,2,6914.9220000000005,32.22,5077.37,5215.98,3722.51,227,7236
Cebu Pacific,DPL-MNL,2023.0,2,4359.0960000000005,46.6,5035.89,5028.04,3722.51,105,7236
Philippine Airlines,DPL-MNL,2023.0,2,3678.15,32.22,5035.89,5028.04,3722.51,105,7236
Cebu Pacific,DRP-MNL,2023.0,2,10655.568000000001,46.6,5030.54,5026.43,3722.51,268,7236
Philippine Airlines,DRP-MNL,2023.0,2,9110.738000000001,32.22,5030.54,5026.43,3722.51,268,7236
Cebu Pacific,DVO-BCD,2023.0,2,1937.3760000000002,46.6,10000.0,5075.55,3532.11,913,612
Cebu Pacific,DVO-CEB,2023.0,2,5812.128000000001,46.6,5152.71,5075.55,2970.98,913,2141
Philippine Airlines,DVO-CEB,2023.0,2,8273.86,32.22,5152.71,5075.55,2970.98,913,2141
Cebgo,DVO-CGY,2023.0,2,749.952,3.74,10000.0,5075.55,3526.76,913,682
Cebgo,DVO-IAO,2023.0,2,749.952,3.74,10000.0,5075.55,5377.53,913,359
Cebu Pacific,DVO-MNL,2023.0,2,38456.74,46.6,5547.97,5075.55,3722.51,913,7236
Philippine Airlines,DVO-MNL,2023.0,2,19327.294,32.22,5547.97,5075.55,3722.51,913,7236
Philippine Airlines,DVO-TAG,2023.0,2,1075.76,32.22,10000.0,5075.55,3469.71,913,334
Philippine Airlines,EUQ-MNL,2023.0,2,591.668,32.22,10000.0,10000.0,3722.51,23,7236
Cebu Pacific,GES-MNL,2023.0,2,12343.828,46.6,5133.91,5131.23,3722.51,171,7236
Philippine Airlines,GES-MNL,2023.0,2,8871.856,32.22,5133.91,5131.23,3722.51,171,7236
Cebgo,IAO-CEB,2023.0,2,2499.84,3.74,5006.67,5377.53,2970.98,359,2141
Philippine Airlines,IAO-CEB,2023.0,2,2689.3999999999996,32.22,5006.67,5377.53,2970.98,359,2141
Cebgo,IAO-DVO,2023.0,2,749.952,3.74,10000.0,5377.53,5075.55,359,913
Philippine Airlines,IAO-MNL,2023.0,2,2796.9759999999997,32.22,10000.0,5377.53,3722.51,359,7236
Cebgo,ILO-CEB,2023.0,2,3312.288,3.74,10000.0,3078.92,2970.98,790,2141
AirAsia,ILO-MNL,2023.0,2,23364.719999999998,17.42,3453.5,3078.92,3722.51,790,7236
Cebu Pacific,ILO-MNL,2023.0,2,21340.647999999997,46.6,3453.5,3078.92,3722.51,790,7236
Philippine Airlines,ILO-MNL,2023.0,2,14587.622000000001,32.22,3453.5,3078.92,3722.51,790,7236
AirAsia,KLO-MNL,2023.0,2,13431.06,17.42,10000.0,10000.0,3722.51,166,7236
Philippine Airlines,LAO-MNL,2023.0,2,7742.308,32.22,10000.0,10000.0,3722.51,66,7236
AirAsia,MNL-BCD,2023.0,2,8738.279999999999,17.42,3534.3,3722.51,3532.11,7236,612
Cebu Pacific,MNL-BCD,2023.0,2,14728.224,46.6,3534.3,3722.51,3532.11,7236,612
Philippine Airlines,MNL-BCD,2023.0,2,9368.604000000001,32.22,3534.3,3722.51,3532.11,7236,612
Philippine Airlines,MNL-BSO,2023.0,2,1290.9119999999998,32.22,10000.0,3722.51,10000.0,7236,24
Cebu Pacific,MNL-BXU,2023.0,2,13561.632000000001,46.6,5461.02,3722.51,5014.79,7236,298
Philippine Airlines,MNL-BXU,2023.0,2,7243.978,32.22,5461.02,3722.51,5014.79,7236,298
Philippine Airlines,MNL-CBO,2023.0,2,3531.0240000000003,32.22,10000.0,3722.51,10000.0,7236,57
AirAsia,MNL-CEB,2023.0,2,21522.059999999998,17.42,3373.1,3722.51,2970.98,7236,2141
Cebgo,MNL-CEB,2023.0,2,374.976,3.74,3373.1,3722.51,2970.98,7236,2141
Cebu Pacific,MNL-CEB,2023.0,2,30131.752,46.6,3373.1,3722.51,2970.98,7236,2141
Philippine Airlines,MNL-CEB,2023.0,2,23326.59,32.22,3373.1,3722.51,2970.98,7236,2141
AirAsia,MNL-CGY,2023.0,2,4530.96,17.42,4388.18,3722.51,3526.76,7236,682
Cebu Pacific,MNL-CGY,2023.0,2,21677.432,46.6,4388.18,3722.51,3526.76,7236,682
Philippine Airlines,MNL-CGY,2023.0,2,11374.58,32.22,4388.18,3722.51,3526.76,7236,682
Philippine Airlines,MNL-CRM,2023.0,2,645.4559999999999,32.22,10000.0,3722.51,10000.0,7236,12
Philippine Airlines,MNL-CYP,2023.0,2,591.668,32.22,10000.0,3722.51,5069.6,7236,46
Cebu Pacific,MNL-CYZ,2023.0,2,5973.576,46.6,10000.0,3722.51,10000.0,7236,74
Cebu Pacific,MNL-DGT,2023.0,2,12431.496000000001,46.6,5379.36,3722.51,5215.98,7236,227
Philippine Airlines,MNL-DGT,2023.0,2,7062.048000000001,32.22,5379.36,3722.51,5215.98,7236,227
Cebu Pacific,MNL-DPL,2023.0,2,4359.0960000000005,46.6,5021.27,3722.51,5028.04,7236,105
Philippine Airlines,MNL-DPL,2023.0,2,3825.2760000000003,32.22,5021.27,3722.51,5028.04,7236,105
Cebu Pacific,MNL-DRP,2023.0,2,10655.568000000001,46.6,5022.65,3722.51,5026.43,7236,268
Philippine Airlines,MNL-DRP,2023.0,2,9311.652,32.22,5022.65,3722.51,5026.43,7236,268
Cebu Pacific,MNL-DVO,2023.0,2,38456.74,46.6,5547.97,3722.51,5075.55,7236,913
Philippine Airlines,MNL-DVO,2023.0,2,19327.294,32.22,5547.97,3722.51,5075.55,7236,913
Philippine Airlines,MNL-EUQ,2023.0,2,645.4559999999999,32.22,10000.0,3722.51,10000.0,7236,23
Cebu Pacific,MNL-GES,2023.0,2,12743.108,46.6,5128.67,3722.51,5131.23,7236,171
Philippine Airlines,MNL-GES,2023.0,2,9219.896,32.22,5128.67,3722.51,5131.23,7236,171
Philippine Airlines,MNL-IAO,2023.0,2,4410.616,32.22,10000.0,3722.51,5377.53,7236,359
AirAsia,MNL-ILO,2023.0,2,17962.02,17.42,3399.48,3722.51,3078.92,7236,790
Cebu Pacific,MNL-ILO,2023.0,2,23554.048,46.6,3399.48,3722.51,3078.92,7236,790
Philippine Airlines,MNL-ILO,2023.0,2,17436.804,32.22,3399.48,3722.51,3078.92,7236,790
AirAsia,MNL-KLO,2023.0,2,13431.06,17.42,10000.0,3722.51,10000.0,7236,166
Philippine Airlines,MNL-LAO,2023.0,2,3638.6000000000004,32.22,10000.0,3722.51,10000.0,7236,66
Cebgo,MNL-MBT,2023.0,2,62.496,3.74,10000.0,3722.51,10000.0,7236,1
AirAsia,MNL-MPH,2023.0,2,12945.599999999999,17.42,3941.35,3722.51,3542.72,7236,703
Cebu Pacific,MNL-MPH,2023.0,2,22441.272,46.6,3941.35,3722.51,3542.72,7236,703
Philippine Airlines,MNL-MPH,2023.0,2,7634.732,32.22,3941.35,3722.51,3542.72,7236,703
Cebu Pacific,MNL-OZC,2023.0,2,6296.472000000001,46.6,10000.0,3722.51,6258.38,7236,110
Cebu Pacific,MNL-PAG,2023.0,2,4520.544,46.6,10000.0,3722.51,6931.55,7236,109
AirAsia,MNL-PPS,2023.0,2,4530.96,17.42,4151.33,3722.51,3500.21,7236,381
AirSWIFT,MNL-PPS,2023.0,2,62.496,0.0,4151.33,3722.51,3500.21,7236,381
Cebu Pacific,MNL-PPS,2023.0,2,11924.584,46.6,4151.33,3722.51,3500.21,7236,381
Philippine Airlines,MNL-PPS,2023.0,2,4451.7480000000005,32.22,4151.33,3722.51,3500.21,7236,381
AirAsia,MNL-TAC,2023.0,2,8900.1,17.42,3342.93,3722.51,3228.07,7236,544
Cebu Pacific,MNL-TAC,2023.0,2,8233.848,46.6,3342.93,3722.51,3228.07,7236,544
Philippine Airlines,MNL-TAC,2023.0,2,7816.662,32.22,3342.93,3722.51,3228.07,7236,544
AirAsia,MNL-TAG,2023.0,2,9223.74,17.42,3465.08,3722.51,3469.71,7236,334
Cebu Pacific,MNL-TAG,2023.0,2,5589.92,46.6,3465.08,3722.51,3469.71,7236,334
Philippine Airlines,MNL-TAG,2023.0,2,7626.822,32.22,3465.08,3722.51,3469.71,7236,334
Cebu Pacific,MNL-TUG,2023.0,2,8879.640000000001,46.6,10000.0,3722.51,10000.0,7236,107
Cebgo,MNL-USU,2023.0,2,1749.8880000000001,3.74,9421.36,3722.51,5772.65,7236,244
Philippine Airlines,MNL-USU,2023.0,2,53.788,32.22,9421.36,3722.51,5772.65,7236,244
Cebu Pacific,MNL-VRC,2023.0,2,4520.544,46.6,10000.0,3722.51,10000.0,7236,55
Cebgo,MNL-WNP,2023.0,2,2999.808,3.74,10000.0,3722.51,10000.0,7236,94
Philippine Airlines,MPH-CEB,2023.0,2,3383.898,32.22,10000.0,3542.72,2970.98,703,2141
AirAsia,MPH-MNL,2023.0,2,17476.559999999998,17.42,3553.88,3542.72,3722.51,703,7236
Cebu Pacific,MPH-MNL,2023.0,2,26638.920000000002,46.6,3553.88,3542.72,3722.51,703,7236
Philippine Airlines,MPH-MNL,2023.0,2,14843.906,32.22,3553.88,3542.72,3722.51,703,7236
Cebgo,OZC-CEB,2023.0,2,624.96,3.74,10000.0,6258.38,2970.98,110,2141
Cebu Pacific,OZC-MNL,2023.0,2,6296.472000000001,46.6,5515.05,6258.38,3722.51,110,7236
Philippine Airlines,OZC-MNL,2023.0,2,3236.772,32.22,5515.05,6258.38,3722.51,110,7236
Cebgo,PAG-CEB,2023.0,2,2062.368,3.74,10000.0,6931.55,2970.98,109,2141
Cebu Pacific,PAG-MNL,2023.0,2,6457.92,46.6,10000.0,6931.55,3722.51,109,7236
Philippine Airlines,PPS-CEB,2023.0,2,1452.2759999999998,32.22,10000.0,3500.21,2970.98,381,2141
AirAsia,PPS-MNL,2023.0,2,9061.92,17.42,3412.08,3500.21,3722.51,381,7236
Cebu Pacific,PPS-MNL,2023.0,2,12039.16,46.6,3412.08,3500.21,3722.51,381,7236
Philippine Airlines,PPS-MNL,2023.0,2,13250.832,32.22,3412.08,3500.21,3722.51,381,7236
Cebu Pacific,PPS-PPS,2023.0,2,199.64,46.6,10000.0,3500.21,3500.21,381,381
AirAsia,RXS-MNL,2023.0,2,1941.84,17.42,3610.05,3610.05,3722.51,63,7236
Cebu Pacific,RXS-MNL,2023.0,2,4036.2000000000003,46.6,3610.05,3610.05,3722.51,63,7236
Philippine Airlines,RXS-MNL,2023.0,2,3825.2760000000003,32.22,3610.05,3610.05,3722.51,63,7236
Cebgo,SUG-CEB,2023.0,2,312.48,3.74,10000.0,10000.0,2970.98,5,2141
Cebgo,TAC-CEB,2023.0,2,687.456,3.74,5696.37,3228.07,2970.98,544,2141
Philippine Airlines,TAC-CEB,2023.0,2,1506.0639999999999,32.22,5696.37,3228.07,2970.98,544,2141
AirAsia,TAC-MNL,2023.0,2,17553.12,17.42,3511.78,3228.07,3722.51,544,7236
Cebu Pacific,TAC-MNL,2023.0,2,20181.0,46.6,3511.78,3228.07,3722.51,544,7236
Philippine Airlines,TAC-MNL,2023.0,2,11192.65,32.22,3511.78,3228.07,3722.51,544,7236
Philippine Airlines,TAG-DVO,2023.0,2,1021.972,32.22,10000.0,3469.71,5075.55,334,913
AirAsia,TAG-MNL,2023.0,2,4530.96,17.42,4335.33,3469.71,3722.51,334,7236
Cebu Pacific,TAG-MNL,2023.0,2,16931.208,46.6,4335.33,3469.71,3722.51,334,7236
Philippine Airlines,TAG-MNL,2023.0,2,7479.696,32.22,4335.33,3469.71,3722.51,334,7236
Cebu Pacific,TUG-MNL,2023.0,2,8395.296,46.6,10000.0,10000.0,3722.51,107,7236
Cebgo,USU-CEB,2023.0,2,1749.8880000000001,3.74,5028.04,5772.65,2970.98,244,2141
Philippine Airlines,USU-CEB,2023.0,2,1506.0639999999999,32.22,5028.04,5772.65,2970.98,244,2141
Cebgo,USU-MNL,2023.0,2,4874.688,3.74,6610.72,5772.65,3722.51,244,7236
Philippine Airlines,USU-MNL,2023.0,2,1344.6999999999998,32.22,6610.72,5772.65,3722.51,244,7236
Cebu Pacific,VRC-MNL,2023.0,2,4359.0960000000005,46.6,10000.0,10000.0,3722.51,55,7236
Cebgo,WNP-MNL,2023.0,2,2874.8160000000003,3.74,10000.0,10000.0,3722.51,94,7236
Philippine Airlines,ZAM-CEB,2023.0,2,1344.6999999999998,32.22,10000.0,5461.3,2970.98,180,2141
Cebu Pacific,ZAM-MNL,2023.0,2,12308.24,46.6,5551.41,5461.3,3722.51,180,7236
Philippine Airlines,ZAM-MNL,2023.0,2,6171.3820000000005,32.22,5551.41,5461.3,3722.51,180,7236
Cebu Pacific,ZAM-TWT,2023.0,2,4520.544,46.6,6294.94,5461.3,5831.53,180,46
Philippine Airlines,ZAM-TWT,2023.0,2,1471.26,32.22,6294.94,5461.3,5831.53,180,46
Philippine Airlines,BCD-CEB,2023.0,3,484.092,32.45,10000.0,3520.78,2831.22,643,2285
Cebu Pacific,BCD-DVO,2023.0,3,2271.06,44.09,10000.0,3520.78,5018.3,643,932
AirAsia,BCD-MNL,2023.0,3,14887.439999999999,19.13,3450.34,3520.78,3552.07,643,7837
Cebu Pacific,BCD-MNL,2023.0,3,23353.66,44.09,3450.34,3520.78,3552.07,643,7837
Philippine Airlines,BCD-MNL,2023.0,3,17884.510000000002,32.45,3450.34,3520.78,3552.07,643,7837
Philippine Airlines,BPA-CEB,2023.0,3,484.092,32.45,10000.0,10000.0,2831.22,18,2285
Cebgo,BXU-CEB,2023.0,3,1113.552,4.32,10000.0,4710.04,2831.22,286,2285
Cebu Pacific,BXU-MNL,2023.0,3,11355.3,44.09,5286.54,4710.04,3552.07,286,7837
Philippine Airlines,BXU-MNL,2023.0,3,6968.71,32.45,5286.54,4710.04,3552.07,286,7837
Philippine Airlines,CBO-MNL,2023.0,3,4119.528,32.45,10000.0,10000.0,3552.07,64,7837
Philippine Airlines,CBO-TWT,2023.0,3,430.304,32.45,10000.0,10000.0,5557.97,64,52
Philippine Airlines,CEB-BCD,2023.0,3,537.88,32.45,10000.0,2831.22,3520.78,2285,643
Philippine Airlines,CEB-BPA,2023.0,3,484.092,32.45,10000.0,2831.22,10000.0,2285,18
Cebgo,CEB-BXU,2023.0,3,1172.1599999999999,4.32,10000.0,2831.22,4710.04,2285,286
Cebgo,CEB-CGY,2023.0,3,4747.248,4.32,5495.35,2831.22,3348.29,2285,751
Philippine Airlines,CEB-CGY,2023.0,3,2474.248,32.45,5495.35,2831.22,3348.29,2285,751
Cebgo,CEB-CRK,2023.0,3,117.216,4.32,10000.0,2831.22,3364.15,2285,6
Cebgo,CEB-CYP,2023.0,3,879.12,4.32,10000.0,2831.22,5117.45,2285,54
Cebgo,CEB-DGT,2023.0,3,58.608,4.32,10000.0,2831.22,5071.48,2285,199
Cebu Pacific,CEB-DVO,2023.0,3,6510.371999999999,44.09,5105.82,2831.22,5018.3,2285,932
Philippine Airlines,CEB-DVO,2023.0,3,4856.74,32.45,5105.82,2831.22,5018.3,2285,932
Cebgo,CEB-IAO,2023.0,3,3575.0879999999997,4.32,5017.71,2831.22,5369.84,2285,392
Philippine Airlines,CEB-IAO,2023.0,3,3173.4919999999997,32.45,5017.71,2831.22,5369.84,2285,392
Cebgo,CEB-ILO,2023.0,3,2637.3599999999997,4.32,9608.25,2831.22,3101.43,2285,839
Philippine Airlines,CEB-ILO,2023.0,3,53.788,32.45,9608.25,2831.22,3101.43,2285,839
AirAsia,CEB-MNL,2023.0,3,19903.86,19.13,3665.68,2831.22,3552.07,2285,7837
Cebu Pacific,CEB-MNL,2023.0,3,40483.476,44.09,3665.68,2831.22,3552.07,2285,7837
Philippine Airlines,CEB-MNL,2023.0,3,24047.982,32.45,3665.68,2831.22,3552.07,2285,7837
Cebu Pacific,CEB-MPH,2023.0,3,1362.636,44.09,5036.8,2831.22,3362.16,2285,812
Philippine Airlines,CEB-MPH,2023.0,3,1618.386,32.45,5036.8,2831.22,3362.16,2285,812
Cebgo,CEB-PAG,2023.0,3,586.0799999999999,4.32,10000.0,2831.22,7200.59,2285,134
Cebu Pacific,CEB-PPS,2023.0,3,454.212,44.09,6696.04,2831.22,3420.53,2285,406
Philippine Airlines,CEB-PPS,2023.0,3,1721.216,32.45,6696.04,2831.22,3420.53,2285,406
Cebgo,CEB-TAC,2023.0,3,879.12,4.32,5389.5,2831.22,3236.25,2285,583
Philippine Airlines,CEB-TAC,2023.0,3,1559.8519999999999,32.45,5389.5,2831.22,3236.25,2285,583
Cebgo,CEB-USU,2023.0,3,1699.6319999999998,4.32,5000.46,2831.22,5854.84,2285,273
Philippine Airlines,CEB-USU,2023.0,3,1667.4279999999999,32.45,5000.46,2831.22,5854.84,2285,273
Cebgo,CGY-CEB,2023.0,3,4747.248,4.32,5526.89,3348.29,2831.22,751,2285
Philippine Airlines,CGY-CEB,2023.0,3,2420.46,32.45,5526.89,3348.29,2831.22,751,2285
Cebgo,CGY-DVO,2023.0,3,820.512,4.32,10000.0,3348.29,5018.3,751,932
AirAsia,CGY-MNL,2023.0,3,5016.42,19.13,4089.93,3348.29,3552.07,751,7837
Cebu Pacific,CGY-MNL,2023.0,3,19827.412,44.09,4089.93,3348.29,3552.07,751,7837
Philippine Airlines,CGY-MNL,2023.0,3,13325.186,32.45,4089.93,3348.29,3552.07,751,7837
Cebgo,CRK-CEB,2023.0,3,117.216,4.32,10000.0,3364.15,2831.22,6,2285
AirAsia,CRK-MNL,2023.0,3,200.1,19.13,5005.53,3364.15,3552.07,6,7837
Cebu Pacific,CRK-MNL,2023.0,3,187.22,44.09,5005.53,3364.15,3552.07,6,7837
Cebgo,CYP-CEB,2023.0,3,879.12,4.32,10000.0,5117.45,2831.22,54,2285
Philippine Airlines,CYP-MNL,2023.0,3,645.4559999999999,32.45,10000.0,5117.45,3552.07,54,7837
Cebu Pacific,CYZ-MNL,2023.0,3,4390.716,44.09,10000.0,10000.0,3552.07,59,7837
Cebu Pacific,DGT-MNL,2023.0,3,6056.16,44.09,5005.55,5071.48,3552.07,199,7837
Philippine Airlines,DGT-MNL,2023.0,3,6473.544,32.45,5005.55,5071.48,3552.07,199,7837
Cebu Pacific,DPL-MNL,2023.0,3,3936.504,44.09,5002.58,5000.81,3552.07,111,7837
Philippine Airlines,DPL-MNL,2023.0,3,4119.528,32.45,5002.58,5000.81,3552.07,111,7837
Cebu Pacific,DRP-MNL,2023.0,3,10446.876,44.09,5000.0,5000.48,3552.07,290,7837
Philippine Airlines,DRP-MNL,2023.0,3,10449.11,32.45,5000.0,5000.48,3552.07,290,7837
Cebu Pacific,DVO-BCD,2023.0,3,2271.06,44.09,10000.0,5018.3,3520.78,932,643
Cebu Pacific,DVO-CEB,2023.0,3,6358.968,44.09,5082.6,5018.3,2831.22,932,2285
Philippine Airlines,DVO-CEB,2023.0,3,4910.528,32.45,5082.6,5018.3,2831.22,932,2285
Cebgo,DVO-CGY,2023.0,3,879.12,4.32,10000.0,5018.3,3348.29,932,751
Cebgo,DVO-IAO,2023.0,3,879.12,4.32,10000.0,5018.3,5369.84,932,392
Cebu Pacific,DVO-MNL,2023.0,3,35273.876,44.09,5273.68,5018.3,3552.07,932,7837
Philippine Airlines,DVO-MNL,2023.0,3,21898.044,32.45,5273.68,5018.3,3552.07,932,7837
Philippine Airlines,DVO-TAG,2023.0,3,914.396,32.45,10000.0,5018.3,3384.99,932,369
Philippine Airlines,EUQ-MNL,2023.0,3,591.668,32.45,10000.0,10000.0,3552.07,24,7837
Cebu Pacific,GES-MNL,2023.0,3,11639.386,44.09,5010.59,5012.13,3552.07,185,7837
Philippine Airlines,GES-MNL,2023.0,3,10615.220000000001,32.45,5010.59,5012.13,3552.07,185,7837
Cebgo,IAO-CEB,2023.0,3,2637.3599999999997,4.32,5028.23,5369.84,2831.22,392,2285
Philippine Airlines,IAO-CEB,2023.0,3,3065.9159999999997,32.45,5028.23,5369.84,2831.22,392,2285
Cebgo,IAO-DVO,2023.0,3,820.512,4.32,10000.0,5369.84,5018.3,392,932
Philippine Airlines,IAO-IAO,2023.0,3,53.788,32.45,10000.0,5369.84,5369.84,392,392
Philippine Airlines,IAO-MNL,2023.0,3,2743.1879999999996,32.45,10000.0,5369.84,3552.07,392,7837
Cebgo,ILO-CEB,2023.0,3,2695.968,4.32,10000.0,3101.43,2831.22,839,2285
AirAsia,ILO-MNL,2023.0,3,25353.539999999997,19.13,3425.36,3101.43,3552.07,839,7837
Cebu Pacific,ILO-MNL,2023.0,3,19571.816,44.09,3425.36,3101.43,3552.07,839,7837
Philippine Airlines,ILO-MNL,2023.0,3,17158.372,32.45,3425.36,3101.43,3552.07,839,7837
AirAsia,KLO-MNL,2023.0,3,15049.26,19.13,9088.0,9088.0,3552.07,196,7837
Cebu Pacific,KLO-MNL,2023.0,3,757.02,44.09,9088.0,9088.0,3552.07,196,7837
Philippine Airlines,LAO-MNL,2023.0,3,8547.546,32.45,10000.0,10000.0,3552.07,75,7837
AirAsia,MNL-BCD,2023.0,3,10032.84,19.13,3457.19,3552.07,3520.78,7837,643
Cebu Pacific,MNL-BCD,2023.0,3,15210.404,44.09,3457.19,3552.07,3520.78,7837,643
Philippine Airlines,MNL-BCD,2023.0,3,10661.098,32.45,3457.19,3552.07,3520.78,7837,643
Philippine Airlines,MNL-BSO,2023.0,3,1613.6399999999999,32.45,10000.0,3552.07,10000.0,7837,30
Cebu Pacific,MNL-BXU,2023.0,3,11355.3,44.09,5263.39,3552.07,4710.04,7837,286
Philippine Airlines,MNL-BXU,2023.0,3,7115.836,32.45,5263.39,3552.07,4710.04,7837,286
Philippine Airlines,MNL-CBO,2023.0,3,4119.528,32.45,10000.0,3552.07,10000.0,7837,64
AirAsia,MNL-CEB,2023.0,3,25082.1,19.13,3309.31,3552.07,2831.22,7837,2285
Cebgo,MNL-CEB,2023.0,3,761.904,4.32,3309.31,3552.07,2831.22,7837,2285
Cebu Pacific,MNL-CEB,2023.0,3,30660.124,44.09,3309.31,3552.07,2831.22,7837,2285
Philippine Airlines,MNL-CEB,2023.0,3,24193.526,32.45,3309.31,3552.07,2831.22,7837,2285
AirAsia,MNL-CGY,2023.0,3,4854.599999999999,19.13,4529.89,3552.07,3348.29,7837,751
Cebu Pacific,MNL-CGY,2023.0,3,22428.956,44.09,4529.89,3552.07,3348.29,7837,751
Philippine Airlines,MNL-CGY,2023.0,3,9779.924,32.45,4529.89,3552.07,3348.29,7837,751
Philippine Airlines,MNL-CRM,2023.0,3,645.4559999999999,32.45,10000.0,3552.07,10000.0,7837,12
Philippine Airlines,MNL-CYP,2023.0,3,645.4559999999999,32.45,10000.0,3552.07,5117.45,7837,54
Cebu Pacific,MNL-CYZ,2023.0,3,4542.12,44.09,10000.0,3552.07,10000.0,7837,59
Cebu Pacific,MNL-DGT,2023.0,3,10749.684,44.09,5335.49,3552.07,5071.48,7837,199
Philippine Airlines,MNL-DGT,2023.0,3,6326.418000000001,32.45,5335.49,3552.07,5071.48,7837,199
Cebu Pacific,MNL-DPL,2023.0,3,4239.312,44.09,5000.05,3552.07,5000.81,7837,111
Philippine Airlines,MNL-DPL,2023.0,3,4266.654,32.45,5000.05,3552.07,5000.81,7837,111
Cebu Pacific,MNL-DRP,2023.0,3,9992.664,44.09,5001.95,3552.07,5000.48,7837,290
Philippine Airlines,MNL-DRP,2023.0,3,10395.322,32.45,5001.95,3552.07,5000.48,7837,290
Cebu Pacific,MNL-DVO,2023.0,3,34899.436,44.09,5263.72,3552.07,5018.3,7837,932
Philippine Airlines,MNL-DVO,2023.0,3,21863.24,32.45,5263.72,3552.07,5018.3,7837,932
Philippine Airlines,MNL-EUQ,2023.0,3,699.2439999999999,32.45,10000.0,3552.07,10000.0,7837,24
Cebu Pacific,MNL-GES,2023.0,3,11790.789999999999,44.09,5013.76,3552.07,5012.13,7837,185
Philippine Airlines,MNL-GES,2023.0,3,10615.220000000001,32.45,5013.76,3552.07,5012.13,7837,185
Philippine Airlines,MNL-IAO,2023.0,3,4733.344,32.45,10000.0,3552.07,5369.84,7837,392
AirAsia,MNL-ILO,2023.0,3,19742.04,19.13,3338.5,3552.07,3101.43,7837,839
Cebu Pacific,MNL-ILO,2023.0,3,20934.452,44.09,3338.5,3552.07,3101.43,7837,839
Philippine Airlines,MNL-ILO,2023.0,3,19034.624,32.45,3338.5,3552.07,3101.43,7837,839
AirAsia,MNL-KLO,2023.0,3,15049.26,19.13,9088.0,3552.07,9088.0,7837,196
Cebu Pacific,MNL-KLO,2023.0,3,757.02,44.09,9088.0,3552.07,9088.0,7837,196
Philippine Airlines,MNL-LAO,2023.0,3,4296.712,32.45,10000.0,3552.07,10000.0,7837,75
Philippine Airlines,MNL-MNL,2023.0,3,107.576,32.45,10000.0,3552.07,3552.07,7837,7837
AirAsia,MNL-MPH,2023.0,3,14725.619999999999,19.13,3484.56,3552.07,3362.16,7837,812
Cebgo,MNL-MPH,2023.0,3,1816.848,4.32,3484.56,3552.07,3362.16,7837,812
Cebu Pacific,MNL-MPH,2023.0,3,21802.176,44.09,3484.56,3552.07,3362.16,7837,812
Philippine Airlines,MNL-MPH,2023.0,3,8697.836,32.45,3484.56,3552.07,3362.16,7837,812
Cebu Pacific,MNL-OZC,2023.0,3,6056.16,44.09,10000.0,3552.07,5305.72,7837,132
Cebu Pacific,MNL-PAG,2023.0,3,4390.716,44.09,10000.0,3552.07,7200.59,7837,134
AirAsia,MNL-PPS,2023.0,3,5016.42,19.13,3882.62,3552.07,3420.53,7837,406
AirSWIFT,MNL-PPS,2023.0,3,117.216,0.01,3882.62,3552.07,3420.53,7837,406
Cebu Pacific,MNL-PPS,2023.0,3,10684.564,44.09,3882.62,3552.07,3420.53,7837,406
Philippine Airlines,MNL-PPS,2023.0,3,4397.96,32.45,3882.62,3552.07,3420.53,7837,406
AirAsia,MNL-TAC,2023.0,3,9547.38,19.13,3362.55,3552.07,3236.25,7837,583
Cebu Pacific,MNL-TAC,2023.0,3,8478.624,44.09,3362.55,3552.07,3236.25,7837,583
Philippine Airlines,MNL-TAC,2023.0,3,7592.018,32.45,3362.55,3552.07,3236.25,7837,583
AirAsia,MNL-TAG,2023.0,3,10032.84,19.13,3541.81,3552.07,3384.99,7837,369
Cebu Pacific,MNL-TAG,2023.0,3,5294.256,44.09,3541.81,3552.07,3384.99,7837,369
Philippine Airlines,MNL-TAG,2023.0,3,8884.512,32.45,3541.81,3552.07,3384.99,7837,369
Cebu Pacific,MNL-TUG,2023.0,3,8175.816,44.09,10000.0,3552.07,10000.0,7837,113
Cebgo,MNL-USU,2023.0,3,1875.456,4.32,10000.0,3552.07,5854.84,7837,273
Cebu Pacific,MNL-VRC,2023.0,3,3785.1,44.09,10000.0,3552.07,10000.0,7837,50
Cebgo,MNL-WNP,2023.0,3,3223.44,4.32,10000.0,3552.07,10000.0,7837,108
Cebu Pacific,MPH-CEB,2023.0,3,1362.636,44.09,5036.8,3362.16,2831.22,812,2285
Philippine Airlines,MPH-CEB,2023.0,3,1618.386,32.45,5036.8,3362.16,2831.22,812,2285
AirAsia,MPH-MNL,2023.0,3,19580.219999999998,19.13,3317.75,3362.16,3552.07,812,7837
Cebgo,MPH-MNL,2023.0,3,1816.848,4.32,3317.75,3362.16,3552.07,812,7837
Cebu Pacific,MPH-MNL,2023.0,3,26495.7,44.09,3317.75,3362.16,3552.07,812,7837
Philippine Airlines,MPH-MNL,2023.0,3,15117.592,32.45,3317.75,3362.16,3552.07,812,7837
Cebgo,OZC-CEB,2023.0,3,1347.984,4.32,10000.0,5305.72,2831.22,132,2285
Cebu Pacific,OZC-MNL,2023.0,3,6056.16,44.09,5150.26,5305.72,3552.07,132,7837
Philippine Airlines,OZC-MNL,2023.0,3,4266.654,32.45,5150.26,5305.72,3552.07,132,7837
Cebgo,PAG-CEB,2023.0,3,2109.888,4.32,10000.0,7200.59,2831.22,134,2285
Cebu Pacific,PAG-MNL,2023.0,3,8932.836,44.09,10000.0,7200.59,3552.07,134,7837
Cebu Pacific,PPS-CEB,2023.0,3,454.212,44.09,6634.94,3420.53,2831.22,406,2285
Philippine Airlines,PPS-CEB,2023.0,3,1667.4279999999999,32.45,6634.94,3420.53,2831.22,406,2285
AirAsia,PPS-MNL,2023.0,3,10032.84,19.13,3387.18,3420.53,3552.07,406,7837
Cebu Pacific,PPS-MNL,2023.0,3,11433.444,44.09,3387.18,3420.53,3552.07,406,7837
Philippine Airlines,PPS-MNL,2023.0,3,13646.332,32.45,3387.18,3420.53,3552.07,406,7837
AirAsia,RXS-MNL,2023.0,3,2103.66,19.13,3619.01,3619.01,3552.07,71,7837
Cebu Pacific,RXS-MNL,2023.0,3,4390.716,44.09,3619.01,3619.01,3552.07,71,7837
Philippine Airlines,RXS-MNL,2023.0,3,4266.654,32.45,3619.01,3619.01,3552.07,71,7837
Cebgo,SUG-CEB,2023.0,3,234.432,4.32,10000.0,10000.0,2831.22,4,2285
Cebgo,TAC-CEB,2023.0,3,1054.944,4.32,5125.57,3236.25,2831.22,583,2285
Philippine Airlines,TAC-CEB,2023.0,3,1452.2759999999998,32.45,5125.57,3236.25,2831.22,583,2285
AirAsia,TAC-MNL,2023.0,3,18932.94,19.13,3546.66,3236.25,3552.07,583,7837
Cebu Pacific,TAC-MNL,2023.0,3,20590.944,44.09,3546.66,3236.25,3552.07,583,7837
Philippine Airlines,TAC-MNL,2023.0,3,10863.594000000001,32.45,3546.66,3236.25,3552.07,583,7837
Philippine Airlines,TAG-DVO,2023.0,3,914.396,32.45,10000.0,3384.99,5018.3,369,932
AirAsia,TAG-MNL,2023.0,3,5987.34,19.13,3933.16,3384.99,3552.07,369,7837
Cebu Pacific,TAG-MNL,2023.0,3,16507.92,44.09,3933.16,3384.99,3552.07,369,7837
Philippine Airlines,TAG-MNL,2023.0,3,8884.512,32.45,3933.16,3384.99,3552.07,369,7837
Cebu Pacific,TUG-MNL,2023.0,3,8932.836,44.09,10000.0,10000.0,3552.07,113,7837
Cebgo,USU-CEB,2023.0,3,2285.712,4.32,5211.39,5854.84,2831.22,273,2285
Philippine Airlines,USU-CEB,2023.0,3,1506.0639999999999,32.45,5211.39,5854.84,2831.22,273,2285
Cebgo,USU-MNL,2023.0,3,5157.504,4.32,6643.77,5854.84,3552.07,273,7837
Philippine Airlines,USU-MNL,2023.0,3,1398.4879999999998,32.45,6643.77,5854.84,3552.07,273,7837
Cebu Pacific,VRC-MNL,2023.0,3,3785.1,44.09,10000.0,10000.0,3552.07,50,7837
Cebgo,WNP-MNL,2023.0,3,3106.2239999999997,4.32,10000.0,10000.0,3552.07,108,7837
Philippine Airlines,ZAM-CEB,2023.0,3,1398.4879999999998,32.45,10000.0,5459.31,2831.22,193,2285
Cebu Pacific,ZAM-MNL,2023.0,3,12566.532,44.09,5646.36,5459.31,3552.07,193,7837
Philippine Airlines,ZAM-MNL,2023.0,3,5919.844,32.45,5646.36,5459.31,3552.07,193,7837
Cebu Pacific,ZAM-TWT,2023.0,3,4693.523999999999,44.09,5886.01,5459.31,5557.97,193,52
Philippine Airlines,ZAM-TWT,2023.0,3,1912.6380000000001,32.45,5886.01,5459.31,5557.97,193,52
Philippine Airlines,BCD-CEB,2023.0,4,268.94,32.79,10000.0,3564.44,2988.08,570,2508
Cebu Pacific,BCD-DVO,2023.0,4,3117.3599999999997,44.52,10000.0,3564.44,4775.03,570,958
AirAsia,BCD-MNL,2023.0,4,13585.439999999999,17.9,3442.67,3564.44,3588.51,570,7617
Cebu Pacific,BCD-MNL,2023.0,4,20849.440000000002,44.52,3442.67,3564.44,3588.51,570,7617
Philippine Airlines,BCD-MNL,2023.0,4,15843.73,32.79,3442.67,3564.44,3588.51,570,7617
Philippine Airlines,BPA-CEB,2023.0,4,376.51599999999996,32.79,10000.0,10000.0,2988.08,15,2508
Cebgo,BXU-CEB,2023.0,4,1568.7359999999999,4.79,10000.0,4996.56,2988.08,298,2508
Cebu Pacific,BXU-MNL,2023.0,4,13248.779999999999,44.52,5782.44,4996.56,3588.51,298,7617
Philippine Airlines,BXU-MNL,2023.0,4,5737.914,32.79,5782.44,4996.56,3588.51,298,7617
Philippine Airlines,CBO-MNL,2023.0,4,2354.016,32.79,10000.0,10000.0,3588.51,40,7617
Philippine Airlines,CBO-TWT,2023.0,4,376.51599999999996,32.79,10000.0,10000.0,6256.22,40,45
Philippine Airlines,CEB-BCD,2023.0,4,376.51599999999996,32.79,10000.0,2988.08,3564.44,2508,570
Philippine Airlines,CEB-BPA,2023.0,4,430.304,32.79,10000.0,2988.08,10000.0,2508,15
Cebgo,CEB-BXU,2023.0,4,1568.7359999999999,4.79,10000.0,2988.08,4996.56,2508,298
Cebgo,CEB-CEB,2023.0,4,120.672,4.79,5048.79,2988.08,2988.08,2508,2508
Philippine Airlines,CEB-CEB,2023.0,4,147.126,32.79,5048.79,2988.08,2988.08,2508,2508
Cebgo,CEB-CGY,2023.0,4,5671.584,4.79,6257.9,2988.08,3227.75,2508,710
Philippine Airlines,CEB-CGY,2023.0,4,1882.58,32.79,6257.9,2988.08,3227.75,2508,710
Cebgo,CEB-CRK,2023.0,4,603.36,4.79,10000.0,2988.08,3406.77,2508,60
Cebgo,CEB-CYP,2023.0,4,1146.384,4.79,10000.0,2988.08,5323.74,2508,60
Cebgo,CEB-DGT,2023.0,4,120.672,4.79,10000.0,2988.08,4974.46,2508,176
Cebu Pacific,CEB-DVO,2023.0,4,6115.724,44.52,5076.6,2988.08,4775.03,2508,958
Philippine Airlines,CEB-DVO,2023.0,4,7843.5560000000005,32.79,5076.6,2988.08,4775.03,2508,958
Cebgo,CEB-IAO,2023.0,4,3620.16,4.79,5108.8,2988.08,5365.77,2508,381
Philippine Airlines,CEB-IAO,2023.0,4,2689.3999999999996,32.79,5108.8,2988.08,5365.77,2508,381
Cebgo,CEB-ILO,2023.0,4,3016.7999999999997,4.79,10000.0,2988.08,3066.65,2508,789
AirAsia,CEB-MNL,2023.0,4,18371.22,17.9,3762.86,2988.08,3588.51,2508,7617
Cebu Pacific,CEB-MNL,2023.0,4,47130.796,44.52,3762.86,2988.08,3588.51,2508,7617
Philippine Airlines,CEB-MNL,2023.0,4,32622.422000000002,32.79,3762.86,2988.08,3588.51,2508,7617
Cebu Pacific,CEB-MPH,2023.0,4,4676.04,44.52,6358.93,2988.08,3430.74,2508,846
Philippine Airlines,CEB-MPH,2023.0,4,1471.26,32.79,6358.93,2988.08,3430.74,2508,846
Cebgo,CEB-OZC,2023.0,4,60.336,4.79,10000.0,2988.08,6263.8,2508,131
Cebgo,CEB-PAG,2023.0,4,784.3679999999999,4.79,10000.0,2988.08,6655.58,2508,134
Cebu Pacific,CEB-PPS,2023.0,4,1714.548,44.52,5262.05,2988.08,3635.58,2508,403
Philippine Airlines,CEB-PPS,2023.0,4,1075.76,32.79,5262.05,2988.08,3635.58,2508,403
Cebgo,CEB-TAC,2023.0,4,1689.408,4.79,5528.18,2988.08,3241.03,2508,521
Philippine Airlines,CEB-TAC,2023.0,4,860.608,32.79,5528.18,2988.08,3241.03,2508,521
Cebgo,CEB-USU,2023.0,4,1749.744,4.79,5062.24,2988.08,5477.33,2508,285
Philippine Airlines,CEB-USU,2023.0,4,1398.4879999999998,32.79,5062.24,2988.08,5477.33,2508,285
Cebgo,CGY-CEB,2023.0,4,5671.584,4.79,6312.5,3227.75,2988.08,710,2508
Philippine Airlines,CGY-CEB,2023.0,4,1828.792,32.79,6312.5,3227.75,2988.08,710,2508
Cebgo,CGY-DVO,2023.0,4,1146.384,4.79,10000.0,3227.75,4775.03,710,958
AirAsia,CGY-MNL,2023.0,4,4631.4,17.9,4025.19,3227.75,3588.51,710,7617
Cebu Pacific,CGY-MNL,2023.0,4,17170.62,44.52,4025.19,3227.75,3588.51,710,7617
Philippine Airlines,CGY-MNL,2023.0,4,12118.12,32.79,4025.19,3227.75,3588.51,710,7617
Cebgo,CRK-CEB,2023.0,4,603.36,4.79,6736.99,3406.77,2988.08,60,2508
Cebu Pacific,CRK-CEB,2023.0,4,155.868,44.52,6736.99,3406.77,2988.08,60,2508
Philippine Airlines,CRK-MNL,2023.0,4,147.126,32.79,10000.0,3406.77,3588.51,60,7617
Cebu Pacific,CRK-MPH,2023.0,4,779.3399999999999,44.52,10000.0,3406.77,3430.74,60,846
Philippine Airlines,CRK-USU,2023.0,4,753.0319999999999,32.79,10000.0,3406.77,5477.33,60,285
Cebgo,CYP-CEB,2023.0,4,1025.712,4.79,10000.0,5323.74,2988.08,60,2508
Philippine Airlines,CYP-MNL,2023.0,4,591.668,32.79,10000.0,5323.74,3588.51,60,7617
Cebu Pacific,CYZ-MNL,2023.0,4,4676.04,44.52,10000.0,10000.0,3588.51,60,7617
Cebu Pacific,DGT-MNL,2023.0,4,4052.5679999999998,44.52,5366.58,4974.46,3588.51,176,7617
Philippine Airlines,DGT-MNL,2023.0,4,7062.048000000001,32.79,5366.58,4974.46,3588.51,176,7617
Cebu Pacific,DPL-MNL,2023.0,4,4208.436,44.52,5022.61,5046.68,3588.51,103,7617
Philippine Airlines,DPL-MNL,2023.0,4,3678.15,32.79,5022.61,5046.68,3588.51,103,7617
Cebu Pacific,DRP-MNL,2023.0,4,9507.948,44.52,5039.76,5036.83,3588.51,260,7617
Philippine Airlines,DRP-MNL,2023.0,4,7951.1320000000005,32.79,5039.76,5036.83,3588.51,260,7617
Cebu Pacific,DVO-BCD,2023.0,4,3117.3599999999997,44.52,10000.0,4775.03,3564.44,958,570
Cebu Pacific,DVO-CEB,2023.0,4,5959.856,44.52,5073.39,4775.03,2988.08,958,2508
Philippine Airlines,DVO-CEB,2023.0,4,7603.092000000001,32.79,5073.39,4775.03,2988.08,958,2508
Cebgo,DVO-CGY,2023.0,4,1086.048,4.79,10000.0,4775.03,3227.75,958,710
Cebgo,DVO-IAO,2023.0,4,724.0319999999999,4.79,10000.0,4775.03,5365.77,958,381
Cebu Pacific,DVO-MNL,2023.0,4,28471.050000000003,44.52,5000.3,4775.03,3588.51,958,7617
Philippine Airlines,DVO-MNL,2023.0,4,28912.632,32.79,5000.3,4775.03,3588.51,958,7617
Philippine Airlines,DVO-TAG,2023.0,4,806.8199999999999,32.79,10000.0,4775.03,3426.82,958,356
Philippine Airlines,EUQ-MNL,2023.0,4,699.2439999999999,32.79,10000.0,10000.0,3588.51,26,7617
Cebu Pacific,GES-MNL,2023.0,4,10359.356,44.52,5005.02,5005.95,3588.51,179,7617
Philippine Airlines,GES-MNL,2023.0,4,9722.972,32.79,5005.02,5005.95,3588.51,179,7617
Cebgo,IAO-CEB,2023.0,4,2715.12,4.79,5000.11,5365.77,2988.08,381,2508
Philippine Airlines,IAO-CEB,2023.0,4,2689.3999999999996,32.79,5000.11,5365.77,2988.08,381,2508
Cebgo,IAO-DVO,2023.0,4,724.0319999999999,4.79,10000.0,5365.77,4775.03,381,958
Philippine Airlines,IAO-MNL,2023.0,4,3173.4919999999997,32.79,10000.0,5365.77,3588.51,381,7617
Cebgo,ILO-CEB,2023.0,4,3137.4719999999998,4.79,10000.0,3066.65,2988.08,789,2508
AirAsia,ILO-MNL,2023.0,4,23752.94,17.9,3495.81,3066.65,3588.51,789,7617
Cebu Pacific,ILO-MNL,2023.0,4,16766.704,44.52,3495.81,3066.65,3588.51,789,7617
Philippine Airlines,ILO-MNL,2023.0,4,14223.762,32.79,3495.81,3066.65,3588.51,789,7617
AirAsia,KLO-MNL,2023.0,4,13739.82,17.9,6211.17,6190.13,3588.51,236,7617
Cebu Pacific,KLO-MNL,2023.0,4,4676.04,44.52,6211.17,6190.13,3588.51,236,7617
Philippine Airlines,LAO-MNL,2023.0,4,7785.022,32.79,10000.0,10000.0,3588.51,78,7617
AirAsia,MNL-BCD,2023.0,4,8954.039999999999,17.9,3458.36,3588.51,3564.44,7617,570
Cebu Pacific,MNL-BCD,2023.0,4,12635.364,44.52,3458.36,3588.51,3564.44,7617,570
Philippine Airlines,MNL-BCD,2023.0,4,8240.638,32.79,3458.36,3588.51,3564.44,7617,570
Philippine Airlines,MNL-BSO,2023.0,4,1613.6399999999999,32.79,10000.0,3588.51,10000.0,7617,30
Cebu Pacific,MNL-BXU,2023.0,4,13092.912,44.52,5806.14,3588.51,4996.56,7617,298
Philippine Airlines,MNL-BXU,2023.0,4,5590.7880000000005,32.79,5806.14,3588.51,4996.56,7617,298
Philippine Airlines,MNL-CBO,2023.0,4,2501.1420000000003,32.79,10000.0,3588.51,10000.0,7617,40
AirAsia,MNL-CEB,2023.0,4,23002.62,17.9,3480.51,3588.51,2988.08,7617,2508
Cebu Pacific,MNL-CEB,2023.0,4,38174.252,44.52,3480.51,3588.51,2988.08,7617,2508
Philippine Airlines,MNL-CEB,2023.0,4,36885.912000000004,32.79,3480.51,3588.51,2988.08,7617,2508
AirAsia,MNL-CGY,2023.0,4,4631.4,17.9,4657.84,3588.51,3227.75,7617,710
Cebu Pacific,MNL-CGY,2023.0,4,22612.592,44.52,4657.84,3588.51,3227.75,7617,710
Philippine Airlines,MNL-CGY,2023.0,4,9121.812,32.79,4657.84,3588.51,3227.75,7617,710
Philippine Airlines,MNL-CRM,2023.0,4,753.0319999999999,32.79,10000.0,3588.51,10000.0,7617,14
Philippine Airlines,MNL-CYP,2023.0,4,699.2439999999999,32.79,10000.0,3588.51,5323.74,7617,60
Cebu Pacific,MNL-CYZ,2023.0,4,4676.04,44.52,10000.0,3588.51,10000.0,7617,60
Cebu Pacific,MNL-DGT,2023.0,4,8261.003999999999,44.52,5039.34,3588.51,4974.46,7617,176
Philippine Airlines,MNL-DGT,2023.0,4,6914.9220000000005,32.79,5039.34,3588.51,4974.46,7617,176
Cebu Pacific,MNL-DPL,2023.0,4,4364.304,44.52,5080.05,3588.51,5046.68,7617,103
Philippine Airlines,MNL-DPL,2023.0,4,3383.898,32.79,5080.05,3588.51,5046.68,7617,103
Cebu Pacific,MNL-DRP,2023.0,4,9507.948,44.52,5034.03,3588.51,5036.83,7617,260
Philippine Airlines,MNL-DRP,2023.0,4,8058.7080000000005,32.79,5034.03,3588.51,5036.83,7617,260
Cebu Pacific,MNL-DVO,2023.0,4,31144.27,44.52,5005.99,3588.51,4775.03,7617,958
Philippine Airlines,MNL-DVO,2023.0,4,29059.758,32.79,5005.99,3588.51,4775.03,7617,958
Philippine Airlines,MNL-EUQ,2023.0,4,699.2439999999999,32.79,10000.0,3588.51,10000.0,7617,26
Cebu Pacific,MNL-GES,2023.0,4,10671.092,44.52,5006.93,3588.51,5005.95,7617,179
Philippine Airlines,MNL-GES,2023.0,4,9904.902,32.79,5006.93,3588.51,5005.95,7617,179
Philippine Airlines,MNL-IAO,2023.0,4,5002.284,32.79,10000.0,3588.51,5365.77,7617,381
AirAsia,MNL-ILO,2023.0,4,18371.22,17.9,3343.37,3588.51,3066.65,7617,789
Cebu Pacific,MNL-ILO,2023.0,4,16959.444,44.52,3343.37,3588.51,3066.65,7617,789
Philippine Airlines,MNL-ILO,2023.0,4,16088.94,32.79,3343.37,3588.51,3066.65,7617,789
AirAsia,MNL-KLO,2023.0,4,13431.06,17.9,6168.92,3588.51,6190.13,7617,236
Cebu Pacific,MNL-KLO,2023.0,4,4676.04,44.52,6168.92,3588.51,6190.13,7617,236
Philippine Airlines,MNL-LAO,2023.0,4,4537.176,32.79,10000.0,3588.51,10000.0,7617,78
AirAsia,MNL-MNL,2023.0,4,154.38,17.9,10000.0,3588.51,3588.51,7617,7617
AirAsia,MNL-MPH,2023.0,4,14048.58,17.9,3319.31,3588.51,3430.74,7617,846
Cebgo,MNL-MPH,2023.0,4,1568.7359999999999,4.79,3319.31,3588.51,3430.74,7617,846
Cebu Pacific,MNL-MPH,2023.0,4,19639.368,44.52,3319.31,3588.51,3430.74,7617,846
Philippine Airlines,MNL-MPH,2023.0,4,10588.326000000001,32.79,3319.31,3588.51,3430.74,7617,846
Cebu Pacific,MNL-OZC,2023.0,4,7014.0599999999995,44.52,10000.0,3588.51,6263.8,7617,131
Cebu Pacific,MNL-PAG,2023.0,4,4052.5679999999998,44.52,10000.0,3588.51,6655.58,7617,134
AirAsia,MNL-PPS,2023.0,4,4631.4,17.9,4073.98,3588.51,3635.58,7617,403
AirSWIFT,MNL-PPS,2023.0,4,60.336,0.0,4073.98,3588.51,3635.58,7617,403
Cebu Pacific,MNL-PPS,2023.0,4,10568.856,44.52,4073.98,3588.51,3635.58,7617,403
Philippine Airlines,MNL-PPS,2023.0,4,3747.7580000000003,32.79,4073.98,3588.51,3635.58,7617,403
Cebu Pacific,MNL-RXS,2023.0,4,1246.944,44.52,10000.0,3588.51,4134.92,7617,86
AirAsia,MNL-TAC,2023.0,4,7255.86,17.9,3434.04,3588.51,3241.03,7617,521
Cebu Pacific,MNL-TAC,2023.0,4,9196.212,44.52,3434.04,3588.51,3241.03,7617,521
Philippine Airlines,MNL-TAC,2023.0,4,6032.166,32.79,3434.04,3588.51,3241.03,7617,521
AirAsia,MNL-TAG,2023.0,4,9262.8,17.9,3475.38,3588.51,3426.82,7617,356
Cebu Pacific,MNL-TAG,2023.0,4,5745.328,44.52,3475.38,3588.51,3426.82,7617,356
Philippine Airlines,MNL-TAG,2023.0,4,6655.474,32.79,3475.38,3588.51,3426.82,7617,356
Cebu Pacific,MNL-TUG,2023.0,4,4676.04,44.52,10000.0,3588.51,10000.0,7617,88
Cebgo,MNL-USU,2023.0,4,1689.408,4.79,10000.0,3588.51,5477.33,7617,285
Cebgo,MNL-WNP,2023.0,4,3187.752,4.79,10000.0,3588.51,10000.0,7617,103
Cebu Pacific,MPH-CEB,2023.0,4,4520.172,44.52,6294.79,3430.74,2988.08,846,2508
Philippine Airlines,MPH-CEB,2023.0,4,1471.26,32.79,6294.79,3430.74,2988.08,846,2508
Cebu Pacific,MPH-CRK,2023.0,4,779.3399999999999,44.52,10000.0,3430.74,3406.77,846,60
AirAsia,MPH-MNL,2023.0,4,18216.84,17.9,3262.31,3430.74,3588.51,846,7617
Cebgo,MPH-MNL,2023.0,4,1684.3799999999999,4.79,3262.31,3430.74,3588.51,846,7617
Cebu Pacific,MPH-MNL,2023.0,4,24003.672,44.52,3262.31,3430.74,3588.51,846,7617
Philippine Airlines,MPH-MNL,2023.0,4,15483.034,32.79,3262.31,3430.74,3588.51,846,7617
Cebgo,OZC-CEB,2023.0,4,1267.056,4.79,10000.0,6263.8,2988.08,131,2508
Cebu Pacific,OZC-MNL,2023.0,4,7014.0599999999995,44.52,5924.76,6263.8,3588.51,131,7617
Philippine Airlines,OZC-MNL,2023.0,4,2795.3940000000002,32.79,5924.76,6263.8,3588.51,131,7617
Cebgo,PAG-CEB,2023.0,4,2534.112,4.79,10000.0,6655.58,2988.08,134,2508
Cebu Pacific,PAG-MNL,2023.0,4,8261.003999999999,44.52,10000.0,6655.58,3588.51,134,7617
Cebu Pacific,PPS-CEB,2023.0,4,1870.416,44.52,5430.23,3635.58,2988.08,403,2508
Philippine Airlines,PPS-CEB,2023.0,4,1021.972,32.79,5430.23,3635.58,2988.08,403,2508
AirAsia,PPS-MNL,2023.0,4,8954.039999999999,17.9,3460.13,3635.58,3588.51,403,7617
Cebu Pacific,PPS-MNL,2023.0,4,14530.92,44.52,3460.13,3635.58,3588.51,403,7617
Philippine Airlines,PPS-MNL,2023.0,4,13290.382,32.79,3460.13,3635.58,3588.51,403,7617
AirAsia,RXS-MNL,2023.0,4,2006.94,17.9,3883.53,4134.92,3588.51,86,7617
Cebu Pacific,RXS-MNL,2023.0,4,5922.9839999999995,44.52,3883.53,4134.92,3588.51,86,7617
Philippine Airlines,RXS-MNL,2023.0,4,3879.0640000000003,32.79,3883.53,4134.92,3588.51,86,7617
Cebgo,SUG-CEB,2023.0,4,422.352,4.79,10000.0,10000.0,2988.08,7,2508
Cebgo,TAC-CEB,2023.0,4,1025.712,4.79,5004.16,3241.03,2988.08,521,2508
Philippine Airlines,TAC-CEB,2023.0,4,968.184,32.79,5004.16,3241.03,2988.08,521,2508
AirAsia,TAC-MNL,2023.0,4,16673.04,17.9,3628.81,3241.03,3588.51,521,7617
Cebu Pacific,TAC-MNL,2023.0,4,19639.368,44.52,3628.81,3241.03,3588.51,521,7617
Philippine Airlines,TAC-MNL,2023.0,4,8974.686,32.79,3628.81,3241.03,3588.51,521,7617
Philippine Airlines,TAG-DVO,2023.0,4,860.608,32.79,10000.0,3426.82,4775.03,356,958
AirAsia,TAG-MNL,2023.0,4,9262.8,17.9,3866.93,3426.82,3588.51,356,7617
Cebu Pacific,TAG-MNL,2023.0,4,16121.444,44.52,3866.93,3426.82,3588.51,356,7617
Philippine Airlines,TAG-MNL,2023.0,4,6066.97,32.79,3866.93,3426.82,3588.51,356,7617
Cebu Pacific,TUG-MNL,2023.0,4,9040.344,44.52,10000.0,10000.0,3588.51,88,7617
Cebgo,USU-CEB,2023.0,4,2353.104,4.79,5371.84,5477.33,2988.08,285,2508
Philippine Airlines,USU-CEB,2023.0,4,1344.6999999999998,32.79,5371.84,5477.33,2988.08,285,2508
Philippine Airlines,USU-CRK,2023.0,4,753.0319999999999,32.79,10000.0,5477.33,3406.77,285,60
Cebgo,USU-MNL,2023.0,4,5007.888,4.79,6514.65,5477.33,3588.51,285,7617
Philippine Airlines,USU-MNL,2023.0,4,1452.2759999999998,32.79,6514.65,5477.33,3588.51,285,7617
Cebgo,WNP-MNL,2023.0,4,3011.772,4.79,10000.0,10000.0,3588.51,103,7617
Philippine Airlines,ZAM-CEB,2023.0,4,968.184,32.79,10000.0,6380.88,2988.08,197,2508
Cebu Pacific,ZAM-MNL,2023.0,4,17358.332,44.52,6643.27,6380.88,3588.51,197,7617
Philippine Airlines,ZAM-MNL,2023.0,4,4708.032,32.79,6643.27,6380.88,3588.51,197,7617
Cebu Pacific,ZAM-TWT,2023.0,4,4676.04,44.52,6786.91,6380.88,6256.22,197,45
Philippine Airlines,ZAM-TWT,2023.0,4,1177.008,32.79,6786.91,6380.88,6256.22,197,45
Philippine Airlines,BCD-CEB,2023.0,5,591.668,33.66,10000.0,3564.17,2987.48,550,2621
Cebu Pacific,BCD-DVO,2023.0,5,3772.224,43.94,10000.0,3564.17,4771.41,550,1049
AirAsia,BCD-MNL,2023.0,5,14202.96,17.71,3386.78,3564.17,3569.52,550,7925
Cebu Pacific,BCD-MNL,2023.0,5,18959.616,43.94,3386.78,3564.17,3569.52,550,7925
Philippine Airlines,BCD-MNL,2023.0,5,15236.242,33.66,3386.78,3564.17,3569.52,550,7925
Philippine Airlines,BPA-CEB,2023.0,5,430.304,33.66,10000.0,10000.0,2987.48,17,2621
Cebgo,BXU-CEB,2023.0,5,1928.4479999999999,4.69,10000.0,4706.73,2987.48,313,2621
Cebu Pacific,BXU-MNL,2023.0,5,13017.024000000001,43.94,5607.76,4706.73,3569.52,313,7925
Philippine Airlines,BXU-MNL,2023.0,5,6286.868,33.66,5607.76,4706.73,3569.52,313,7925
Philippine Airlines,CBO-MNL,2023.0,5,4119.528,33.66,10000.0,10000.0,3569.52,64,7925
Philippine Airlines,CBO-TWT,2023.0,5,484.092,33.66,10000.0,10000.0,5170.51,64,46
Philippine Airlines,CEB-BCD,2023.0,5,645.4559999999999,33.66,10000.0,2987.48,3564.17,2621,550
Philippine Airlines,CEB-BPA,2023.0,5,484.092,33.66,10000.0,2987.48,10000.0,2621,17
Cebgo,CEB-BXU,2023.0,5,1990.656,4.69,10000.0,2987.48,4706.73,2621,313
Cebgo,CEB-CGY,2023.0,5,5536.512,4.69,6637.62,2987.48,3250.8,2621,731
Philippine Airlines,CEB-CGY,2023.0,5,1506.0639999999999,33.66,6637.62,2987.48,3250.8,2621,731
Cebgo,CEB-CYP,2023.0,5,995.328,4.69,10000.0,2987.48,5016.4,2621,65
Cebgo,CEB-DGT,2023.0,5,124.416,4.69,10000.0,2987.48,5045.95,2621,183
Cebu Pacific,CEB-DVO,2023.0,5,7070.976000000001,43.94,5000.06,2987.48,4771.41,2621,1049
Philippine Airlines,CEB-DVO,2023.0,5,7024.08,33.66,5000.06,2987.48,4771.41,2621,1049
Cebgo,CEB-IAO,2023.0,5,3919.104,4.69,5085.61,2987.48,5272.09,2621,389
Philippine Airlines,CEB-IAO,2023.0,5,3012.1279999999997,33.66,5085.61,2987.48,5272.09,2621,389
Cebgo,CEB-ILO,2023.0,5,3421.44,4.69,10000.0,2987.48,3064.28,2621,788
AirAsia,CEB-MNL,2023.0,5,19143.12,17.71,3702.57,2987.48,3569.52,2621,7925
Cebu Pacific,CEB-MNL,2023.0,5,46656.864,43.94,3702.57,2987.48,3569.52,2621,7925
Philippine Airlines,CEB-MNL,2023.0,5,36781.5,33.66,3702.57,2987.48,3569.52,2621,7925
Cebu Pacific,CEB-MPH,2023.0,5,4981.8240000000005,43.94,5630.13,2987.48,3537.5,2621,961
Philippine Airlines,CEB-MPH,2023.0,5,2371.418,33.66,5630.13,2987.48,3537.5,2621,961
Cebgo,CEB-PAG,2023.0,5,497.664,4.69,10000.0,2987.48,6851.96,2621,114
Cebu Pacific,CEB-PPS,2023.0,5,321.408,43.94,6886.09,2987.48,3548.96,2621,445
Philippine Airlines,CEB-PPS,2023.0,5,1344.6999999999998,33.66,6886.09,2987.48,3548.96,2621,445
Cebgo,CEB-TAC,2023.0,5,1866.24,4.69,5175.94,2987.48,3192.46,2621,587
Philippine Airlines,CEB-TAC,2023.0,5,1276.674,33.66,5175.94,2987.48,3192.46,2621,587
Cebgo,CEB-USU,2023.0,5,1804.032,4.69,5040.52,2987.48,5590.96,2621,291
Philippine Airlines,CEB-USU,2023.0,5,1506.0639999999999,33.66,5040.52,2987.48,5590.96,2621,291
Cebgo,CGY-CEB,2023.0,5,5536.512,4.69,6707.61,3250.8,2987.48,731,2621
Philippine Airlines,CGY-CEB,2023.0,5,1452.2759999999998,33.66,6707.61,3250.8,2987.48,731,2621
Cebgo,CGY-DVO,2023.0,5,1057.536,4.69,10000.0,3250.8,4771.41,731,1049
AirAsia,CGY-MNL,2023.0,5,4785.78,17.71,4027.21,3250.8,3569.52,731,7925
Cebu Pacific,CGY-MNL,2023.0,5,18448.128,43.94,4027.21,3250.8,3569.52,731,7925
Philippine Airlines,CGY-MNL,2023.0,5,14554.4,33.66,4027.21,3250.8,3569.52,731,7925
Cebu Pacific,CRK-MPH,2023.0,5,3696.192,43.94,10000.0,7468.71,3537.5,70,961
Philippine Airlines,CRK-USU,2023.0,5,537.88,33.66,10000.0,7468.71,5590.96,70,291
Cebgo,CYP-CEB,2023.0,5,995.328,4.69,10000.0,5016.4,2987.48,65,2621
Philippine Airlines,CYP-MNL,2023.0,5,860.608,33.66,10000.0,5016.4,3569.52,65,7925
Cebu Pacific,CYZ-MNL,2023.0,5,4499.712,43.94,10000.0,10000.0,3569.52,56,7925
Cebgo,DGT-CEB,2023.0,5,62.208,4.69,10000.0,5045.95,2987.48,183,2621
Cebu Pacific,DGT-MNL,2023.0,5,3374.784,43.94,5795.08,5045.95,3569.52,183,7925
Philippine Airlines,DGT-MNL,2023.0,5,7851.466,33.66,5795.08,5045.95,3569.52,183,7925
Cebu Pacific,DPL-MNL,2023.0,5,4821.12,43.94,5119.29,5104.23,3569.52,109,7925
Philippine Airlines,DPL-MNL,2023.0,5,3531.0240000000003,33.66,5119.29,5104.23,3569.52,109,7925
Cebu Pacific,DRP-MNL,2023.0,5,8999.424,43.94,5004.02,5004.48,3569.52,271,7925
Philippine Airlines,DRP-MNL,2023.0,5,8503.25,33.66,5004.02,5004.48,3569.52,271,7925
Cebu Pacific,DVO-BCD,2023.0,5,3772.224,43.94,10000.0,4771.41,3564.17,1049,550
Cebu Pacific,DVO-CEB,2023.0,5,7070.976000000001,43.94,5004.76,4771.41,2987.48,1049,2621
Philippine Airlines,DVO-CEB,2023.0,5,6647.564,33.66,5004.76,4771.41,2987.48,1049,2621
Cebgo,DVO-CGY,2023.0,5,1057.536,4.69,10000.0,4771.41,3250.8,1049,731
Cebgo,DVO-IAO,2023.0,5,808.704,4.69,10000.0,4771.41,5272.09,1049,389
AirAsia,DVO-MNL,2023.0,5,154.38,17.71,4984.22,4771.41,3569.52,1049,7925
Cebu Pacific,DVO-MNL,2023.0,5,29180.736,43.94,4984.22,4771.41,3569.52,1049,7925
Philippine Airlines,DVO-MNL,2023.0,5,31828.258,33.66,4984.22,4771.41,3569.52,1049,7925
Philippine Airlines,DVO-TAG,2023.0,5,914.396,33.66,10000.0,4771.41,3475.82,1049,391
Philippine Airlines,EUQ-MNL,2023.0,5,645.4559999999999,33.66,10000.0,10000.0,3569.52,25,7925
Cebu Pacific,GES-MNL,2023.0,5,12075.264,43.94,5029.73,5029.73,3569.52,186,7925
Philippine Airlines,GES-MNL,2023.0,5,10346.28,33.66,5029.73,5029.73,3569.52,186,7925
Cebgo,IAO-CEB,2023.0,5,2861.5679999999998,4.69,5002.23,5272.09,2987.48,389,2621
Philippine Airlines,IAO-CEB,2023.0,5,2743.1879999999996,33.66,5002.23,5272.09,2987.48,389,2621
Cebgo,IAO-DVO,2023.0,5,870.912,4.69,10000.0,5272.09,4771.41,389,1049
Philippine Airlines,IAO-MNL,2023.0,5,3012.1279999999997,33.66,10000.0,5272.09,3569.52,389,7925
Cebu Pacific,ILO-BCD,2023.0,5,160.704,43.94,10000.0,3064.28,3564.17,788,550
Cebgo,ILO-CEB,2023.0,5,3421.44,4.69,10000.0,3064.28,2987.48,788,2621
Cebgo,ILO-ILO,2023.0,5,62.208,4.69,10000.0,3064.28,3064.28,788,788
AirAsia,ILO-MNL,2023.0,5,24451.8,17.71,3515.35,3064.28,3569.52,788,7925
Cebu Pacific,ILO-MNL,2023.0,5,17485.632,43.94,3515.35,3064.28,3569.52,788,7925
Philippine Airlines,ILO-MNL,2023.0,5,13972.224,33.66,3515.35,3064.28,3569.52,788,7925
AirAsia,KLO-MNL,2023.0,5,14357.34,17.71,6175.13,6175.13,3569.52,248,7925
Cebu Pacific,KLO-MNL,2023.0,5,4981.8240000000005,43.94,6175.13,6175.13,3569.52,248,7925
Philippine Airlines,LAO-MNL,2023.0,5,7313.586,33.66,10000.0,10000.0,3569.52,73,7925
AirAsia,MNL-BCD,2023.0,5,9571.56,17.71,3542.21,3569.52,3564.17,7925,550
Cebu Pacific,MNL-BCD,2023.0,5,13395.456,43.94,3542.21,3569.52,3564.17,7925,550
Philippine Airlines,MNL-BCD,2023.0,5,7277.2,33.66,3542.21,3569.52,3564.17,7925,550
Philippine Airlines,MNL-BSO,2023.0,5,1452.2759999999998,33.66,10000.0,3569.52,10000.0,7925,27
Cebu Pacific,MNL-BXU,2023.0,5,13017.024000000001,43.94,5607.76,3569.52,4706.73,7925,313
Philippine Airlines,MNL-BXU,2023.0,5,6286.868,33.66,5607.76,3569.52,4706.73,7925,313
Philippine Airlines,MNL-CBO,2023.0,5,3972.402,33.66,10000.0,3569.52,10000.0,7925,64
AirAsia,MNL-CEB,2023.0,5,23465.76,17.71,3439.08,3569.52,2987.48,7925,2621
Cebgo,MNL-CEB,2023.0,5,559.872,4.69,3439.08,3569.52,2987.48,7925,2621
Cebu Pacific,MNL-CEB,2023.0,5,39189.312,43.94,3439.08,3569.52,2987.48,7925,2621
Philippine Airlines,MNL-CEB,2023.0,5,36609.062,33.66,3439.08,3569.52,2987.48,7925,2621
AirAsia,MNL-CGY,2023.0,5,4785.78,17.71,4436.36,3569.52,3250.8,7925,731
Cebu Pacific,MNL-CGY,2023.0,5,22980.672,43.94,4436.36,3569.52,3250.8,7925,731
Philippine Airlines,MNL-CGY,2023.0,5,11436.278,33.66,4436.36,3569.52,3250.8,7925,731
Philippine Airlines,MNL-CRM,2023.0,5,968.184,33.66,10000.0,3569.52,10000.0,7925,18
Philippine Airlines,MNL-CYP,2023.0,5,914.396,33.66,10000.0,3569.52,5016.4,7925,65
Cebu Pacific,MNL-CYZ,2023.0,5,4499.712,43.94,10000.0,3569.52,10000.0,7925,56
Cebu Pacific,MNL-DGT,2023.0,5,8195.904,43.94,5002.3,3569.52,5045.95,7925,183
Philippine Airlines,MNL-DGT,2023.0,5,7851.466,33.66,5002.3,3569.52,5045.95,7925,183
Cebu Pacific,MNL-DPL,2023.0,5,4821.12,43.94,5090.42,3569.52,5104.23,7925,109
Philippine Airlines,MNL-DPL,2023.0,5,3678.15,33.66,5090.42,3569.52,5104.23,7925,109
Cebu Pacific,MNL-DRP,2023.0,5,8999.424,43.94,5004.97,3569.52,5004.48,7925,271
Philippine Airlines,MNL-DRP,2023.0,5,8449.462,33.66,5004.97,3569.52,5004.48,7925,271
Cebu Pacific,MNL-DVO,2023.0,5,31531.68,43.94,5000.03,3569.52,4771.41,7925,1049
Philippine Airlines,MNL-DVO,2023.0,5,31681.132,33.66,5000.03,3569.52,4771.41,7925,1049
Philippine Airlines,MNL-EUQ,2023.0,5,699.2439999999999,33.66,10000.0,3569.52,10000.0,7925,25
Cebu Pacific,MNL-GES,2023.0,5,12075.264,43.94,5029.73,3569.52,5029.73,7925,186
Philippine Airlines,MNL-GES,2023.0,5,10346.28,33.66,5029.73,3569.52,5029.73,7925,186
Philippine Airlines,MNL-IAO,2023.0,5,4840.92,33.66,10000.0,3569.52,5272.09,7925,389
AirAsia,MNL-ILO,2023.0,5,19297.5,17.71,3373.57,3569.52,3064.28,7925,788
Cebu Pacific,MNL-ILO,2023.0,5,17324.928,43.94,3373.57,3569.52,3064.28,7925,788
Philippine Airlines,MNL-ILO,2023.0,5,14707.854000000001,33.66,3373.57,3569.52,3064.28,7925,788
AirAsia,MNL-KLO,2023.0,5,14357.34,17.71,6175.13,3569.52,6175.13,7925,248
Cebu Pacific,MNL-KLO,2023.0,5,4981.8240000000005,43.94,6175.13,3569.52,6175.13,7925,248
Philippine Airlines,MNL-LAO,2023.0,5,3600.632,33.66,10000.0,3569.52,10000.0,7925,73
AirAsia,MNL-MPH,2023.0,5,14357.34,17.71,3319.28,3569.52,3537.5,7925,961
Cebgo,MNL-MPH,2023.0,5,1804.032,4.69,3319.28,3569.52,3537.5,7925,961
Cebu Pacific,MNL-MPH,2023.0,5,21373.632,43.94,3319.28,3569.52,3537.5,7925,961
Philippine Airlines,MNL-MPH,2023.0,5,11539.108,33.66,3319.28,3569.52,3537.5,7925,961
Cebu Pacific,MNL-OZC,2023.0,5,7231.68,43.94,10000.0,3569.52,6412.29,7925,129
Cebu Pacific,MNL-PAG,2023.0,5,4339.008,43.94,10000.0,3569.52,6851.96,7925,114
AirAsia,MNL-PPS,2023.0,5,4785.78,17.71,3728.05,3569.52,3548.96,7925,445
Cebu Pacific,MNL-PPS,2023.0,5,11019.456,43.94,3728.05,3569.52,3548.96,7925,445
Philippine Airlines,MNL-PPS,2023.0,5,6821.584,33.66,3728.05,3569.52,3548.96,7925,445
Cebu Pacific,MNL-RXS,2023.0,5,1124.928,43.94,10000.0,3569.52,4138.29,7925,84
AirAsia,MNL-TAC,2023.0,5,7564.62,17.71,3409.21,3569.52,3192.46,7925,587
Cebu Pacific,MNL-TAC,2023.0,5,9481.536,43.94,3409.21,3569.52,3192.46,7925,587
Philippine Airlines,MNL-TAC,2023.0,5,6620.67,33.66,3409.21,3569.52,3192.46,7925,587
AirAsia,MNL-TAG,2023.0,5,9571.56,17.71,3388.66,3569.52,3475.82,7925,391
Cebu Pacific,MNL-TAG,2023.0,5,7361.28,43.94,3388.66,3569.52,3475.82,7925,391
Philippine Airlines,MNL-TAG,2023.0,5,7356.3,33.66,3388.66,3569.52,3475.82,7925,391
Cebu Pacific,MNL-TUG,2023.0,5,4178.304,43.94,10000.0,3569.52,10000.0,7925,80
Cebgo,MNL-USU,2023.0,5,1804.032,4.69,10000.0,3569.52,5590.96,7925,291
Cebgo,MNL-WNP,2023.0,5,3037.824,4.69,10000.0,3569.52,10000.0,7925,99
Cebu Pacific,MPH-CEB,2023.0,5,4981.8240000000005,43.94,5703.57,3537.5,2987.48,961,2621
Philippine Airlines,MPH-CEB,2023.0,5,2263.842,33.66,5703.57,3537.5,2987.48,961,2621
Cebu Pacific,MPH-CRK,2023.0,5,3696.192,43.94,10000.0,3537.5,7468.71,961,70
AirAsia,MPH-MNL,2023.0,5,19143.12,17.71,3267.83,3537.5,3569.52,961,7925
Cebgo,MPH-MNL,2023.0,5,1928.4479999999999,4.69,3267.83,3537.5,3569.52,961,7925
Cebu Pacific,MPH-MNL,2023.0,5,26034.048000000003,43.94,3267.83,3537.5,3569.52,961,7925
Philippine Airlines,MPH-MNL,2023.0,5,16286.69,33.66,3267.83,3537.5,3569.52,961,7925
Cebu Pacific,MPH-MPH,2023.0,5,160.704,43.94,10000.0,3537.5,3537.5,961,961
Cebgo,OZC-CEB,2023.0,5,870.912,4.69,10000.0,6412.29,2987.48,129,2621
Cebu Pacific,OZC-MNL,2023.0,5,7231.68,43.94,5701.44,6412.29,3569.52,129,7925
Philippine Airlines,OZC-MNL,2023.0,5,3290.56,33.66,5701.44,6412.29,3569.52,129,7925
Cebu Pacific,OZC-OZC,2023.0,5,160.704,43.94,10000.0,6412.29,6412.29,129,129
Cebgo,PAG-CEB,2023.0,5,2239.488,4.69,10000.0,6851.96,2987.48,114,2621
Cebu Pacific,PAG-MNL,2023.0,5,6910.272,43.94,10000.0,6851.96,3569.52,114,7925
Cebu Pacific,PPS-CEB,2023.0,5,321.408,43.94,6886.09,3548.96,2987.48,445,2621
Philippine Airlines,PPS-CEB,2023.0,5,1344.6999999999998,33.66,6886.09,3548.96,2987.48,445,2621
AirAsia,PPS-MNL,2023.0,5,9571.56,17.71,3489.65,3548.96,3569.52,445,7925
Cebu Pacific,PPS-MNL,2023.0,5,15277.248,43.94,3489.65,3548.96,3569.52,445,7925
Philippine Airlines,PPS-MNL,2023.0,5,16345.224,33.66,3489.65,3548.96,3569.52,445,7925
AirAsia,RXS-MNL,2023.0,5,1852.56,17.71,3925.46,4138.29,3569.52,84,7925
Cebu Pacific,RXS-MNL,2023.0,5,5946.048000000001,43.94,3925.46,4138.29,3569.52,84,7925
Philippine Airlines,RXS-MNL,2023.0,5,4119.528,33.66,3925.46,4138.29,3569.52,84,7925
Cebgo,SUG-CEB,2023.0,5,435.456,4.69,10000.0,10000.0,2987.48,7,2621
Cebgo,TAC-CEB,2023.0,5,1679.616,4.69,5092.89,3192.46,2987.48,587,2621
Philippine Airlines,TAC-CEB,2023.0,5,1276.674,33.66,5092.89,3192.46,2987.48,587,2621
AirAsia,TAC-MNL,2023.0,5,17908.079999999998,17.71,3627.97,3192.46,3569.52,587,7925
Cebu Pacific,TAC-MNL,2023.0,5,23141.376,43.94,3627.97,3192.46,3569.52,587,7925
Philippine Airlines,TAC-MNL,2023.0,5,10646.86,33.66,3627.97,3192.46,3569.52,587,7925
Philippine Airlines,TAG-DVO,2023.0,5,914.396,33.66,10000.0,3475.82,4771.41,391,1049
AirAsia,TAG-MNL,2023.0,5,9417.18,17.71,3959.07,3475.82,3569.52,391,7925
Cebu Pacific,TAG-MNL,2023.0,5,19085.76,43.94,3959.07,3475.82,3569.52,391,7925
Philippine Airlines,TAG-MNL,2023.0,5,7209.174,33.66,3959.07,3475.82,3569.52,391,7925
Cebu Pacific,TUG-MNL,2023.0,5,8678.016,43.94,10000.0,10000.0,3569.52,80,7925
Cebgo,USU-CEB,2023.0,5,2799.36,4.69,5680.03,5590.96,2987.48,291,2621
Philippine Airlines,USU-CEB,2023.0,5,1290.9119999999998,33.66,5680.03,5590.96,2987.48,291,2621
Philippine Airlines,USU-CRK,2023.0,5,753.0319999999999,33.66,10000.0,5590.96,7468.71,291,70
Cebgo,USU-MNL,2023.0,5,5158.08,4.69,6434.42,5590.96,3569.52,291,7925
Philippine Airlines,USU-MNL,2023.0,5,1559.8519999999999,33.66,6434.42,5590.96,3569.52,291,7925
Cebgo,WNP-MNL,2023.0,5,3105.216,4.69,10000.0,10000.0,3569.52,99,7925
Philippine Airlines,ZAM-CEB,2023.0,5,1183.336,33.66,10000.0,5709.02,2987.48,200,2621
Cebu Pacific,ZAM-MNL,2023.0,5,16459.2,43.94,6119.77,5709.02,3569.52,200,7925
Philippine Airlines,ZAM-MNL,2023.0,5,5885.04,33.66,6119.77,5709.02,3569.52,200,7925
Cebu Pacific,ZAM-TWT,2023.0,5,3696.192,43.94,5404.14,5709.02,5170.51,200,46
Philippine Airlines,ZAM-TWT,2023.0,5,2059.764,33.66,5404.14,5709.02,5170.51,200,46
Cebgo,BCD-CEB,2023.0,6,63.0,4.94,8122.93,3614.47,2950.26,559,2639
Philippine Airlines,BCD-CEB,2023.0,6,537.88,34.79,8122.93,3614.47,2950.26,559,2639
Cebu Pacific,BCD-DVO,2023.0,6,3417.75,42.51,10000.0,3614.47,4768.05,559,984
AirAsia,BCD-MNL,2023.0,6,13585.439999999999,17.75,3450.16,3614.47,3535.42,559,7670
Cebu Pacific,BCD-MNL,2023.0,6,20914.25,42.51,3450.16,3614.47,3535.42,559,7670
Philippine Airlines,BCD-MNL,2023.0,6,15413.426000000001,34.79,3450.16,3614.47,3535.42,559,7670
Philippine Airlines,BPA-CEB,2023.0,6,430.304,34.79,10000.0,10000.0,2950.26,16,2639
Cebgo,BXU-CEB,2023.0,6,1512.0,4.94,10000.0,4689.29,2950.26,294,2639
Cebu Pacific,BXU-MNL,2023.0,6,12369.0,42.51,5421.5,4689.29,3535.42,294,7670
Philippine Airlines,BXU-MNL,2023.0,6,6802.6,34.79,5421.5,4689.29,3535.42,294,7670
Philippine Airlines,CBO-MNL,2023.0,6,2206.89,34.79,10000.0,10000.0,3535.42,34,7670
Philippine Airlines,CBO-TWT,2023.0,6,268.94,34.79,10000.0,10000.0,5621.32,34,46
Cebgo,CEB-BCD,2023.0,6,63.0,4.94,5483.7,2950.26,3614.47,2639,559
Cebu Pacific,CEB-BCD,2023.0,6,162.75,42.51,5483.7,2950.26,3614.47,2639,559
Philippine Airlines,CEB-BCD,2023.0,6,537.88,34.79,5483.7,2950.26,3614.47,2639,559
Philippine Airlines,CEB-BPA,2023.0,6,430.304,34.79,10000.0,2950.26,10000.0,2639,16
Cebgo,CEB-BXU,2023.0,6,1575.0,4.94,10000.0,2950.26,4689.29,2639,294
Cebgo,CEB-CEB,2023.0,6,126.0,4.94,10000.0,2950.26,2950.26,2639,2639
Cebgo,CEB-CGY,2023.0,6,6363.0,4.94,6589.21,2950.26,3052.03,2639,731
Philippine Airlines,CEB-CGY,2023.0,6,1775.004,34.79,6589.21,2950.26,3052.03,2639,731
Cebgo,CEB-CYP,2023.0,6,1008.0,4.94,10000.0,2950.26,5001.35,2639,64
Cebu Pacific,CEB-DVO,2023.0,6,5696.25,42.51,5035.64,2950.26,4768.05,2639,984
Philippine Airlines,CEB-DVO,2023.0,6,4809.28,34.79,5035.64,2950.26,4768.05,2639,984
Cebgo,CEB-IAO,2023.0,6,3969.0,4.94,5082.4,2950.26,5309.66,2639,392
Philippine Airlines,CEB-IAO,2023.0,6,3065.9159999999997,34.79,5082.4,2950.26,5309.66,2639,392
Cebgo,CEB-ILO,2023.0,6,3213.0,4.94,10000.0,2950.26,3087.91,2639,733
AirAsia,CEB-MNL,2023.0,6,18216.84,17.75,3764.27,2950.26,3535.42,2639,7670
Cebu Pacific,CEB-MNL,2023.0,6,47542.25,42.51,3764.27,2950.26,3535.42,2639,7670
Philippine Airlines,CEB-MNL,2023.0,6,34283.522000000004,34.79,3764.27,2950.26,3535.42,2639,7670
Cebu Pacific,CEB-MPH,2023.0,6,4882.5,42.51,6236.86,2950.26,3328.23,2639,850
Philippine Airlines,CEB-MPH,2023.0,6,1638.952,34.79,6236.86,2950.26,3328.23,2639,850
Cebgo,CEB-PAG,2023.0,6,756.0,4.94,10000.0,2950.26,6901.52,2639,129
Cebu Pacific,CEB-PPS,2023.0,6,813.75,42.51,5302.55,2950.26,3548.98,2639,429
Philippine Airlines,CEB-PPS,2023.0,6,1344.6999999999998,34.79,5302.55,2950.26,3548.98,2639,429
Cebgo,CEB-TAC,2023.0,6,1701.0,4.94,5018.47,2950.26,3063.63,2639,595
Philippine Airlines,CEB-TAC,2023.0,6,1506.0639999999999,34.79,5018.47,2950.26,3063.63,2639,595
Cebgo,CEB-USU,2023.0,6,1764.0,4.94,5090.96,2950.26,5565.67,2639,283
Philippine Airlines,CEB-USU,2023.0,6,1344.6999999999998,34.79,5090.96,2950.26,5565.67,2639,283
Cebgo,CGY-CEB,2023.0,6,6363.0,4.94,6589.21,3052.03,2950.26,731,2639
Philippine Airlines,CGY-CEB,2023.0,6,1775.004,34.79,6589.21,3052.03,2950.26,731,2639
Cebgo,CGY-DVO,2023.0,6,1008.0,4.94,10000.0,3052.03,4768.05,731,984
AirAsia,CGY-MNL,2023.0,6,4631.4,17.75,3995.52,3052.03,3535.42,731,7670
Cebu Pacific,CGY-MNL,2023.0,6,16469.25,42.51,3995.52,3052.03,3535.42,731,7670
Philippine Airlines,CGY-MNL,2023.0,6,16484.440000000002,34.79,3995.52,3052.03,3535.42,731,7670
Cebu Pacific,CRK-CEB,2023.0,6,1627.5,42.51,10000.0,7172.34,2950.26,60,2639
Cebu Pacific,CRK-MPH,2023.0,6,2278.5,42.51,10000.0,7172.34,3328.23,60,850
Philippine Airlines,CRK-USU,2023.0,6,645.4559999999999,34.79,10000.0,7172.34,5565.67,60,283
Cebgo,CYP-CEB,2023.0,6,882.0,4.94,10000.0,5001.35,2950.26,64,2639
Philippine Airlines,CYP-MNL,2023.0,6,914.396,34.79,10000.0,5001.35,3535.42,64,7670
Cebu Pacific,CYZ-MNL,2023.0,6,4719.75,42.51,10000.0,10000.0,3535.42,58,7670
Cebu Pacific,DGT-MNL,2023.0,6,4394.25,42.51,5226.09,5003.08,3535.42,173,7670
Philippine Airlines,DGT-MNL,2023.0,6,6767.796,34.79,5226.09,5003.08,3535.42,173,7670
Cebu Pacific,DPL-MNL,2023.0,6,4882.5,42.51,5098.96,5098.96,3535.42,110,7670
Philippine Airlines,DPL-MNL,2023.0,6,3678.15,34.79,5098.96,5098.96,3535.42,110,7670
Cebgo,DRP-MNL,2023.0,6,63.0,4.94,4981.93,4983.69,3535.42,274,7670
Cebu Pacific,DRP-MNL,2023.0,6,8463.0,42.51,4981.93,4983.69,3535.42,274,7670
Philippine Airlines,DRP-MNL,2023.0,6,9504.656,34.79,4981.93,4983.69,3535.42,274,7670
Cebu Pacific,DVO-BCD,2023.0,6,3417.75,42.51,10000.0,4768.05,3614.47,984,559
Cebu Pacific,DVO-CEB,2023.0,6,5696.25,42.51,5040.51,4768.05,2950.26,984,2639
Philippine Airlines,DVO-CEB,2023.0,6,4755.492,34.79,5040.51,4768.05,2950.26,984,2639
Cebgo,DVO-CGY,2023.0,6,1008.0,4.94,10000.0,4768.05,3052.03,984,731
Cebgo,DVO-IAO,2023.0,6,819.0,4.94,10000.0,4768.05,5309.66,984,392
Cebu Pacific,DVO-MNL,2023.0,6,25923.625,42.51,5045.44,4768.05,3535.42,984,7670
Philippine Airlines,DVO-MNL,2023.0,6,31386.88,34.79,5045.44,4768.05,3535.42,984,7670
Philippine Airlines,DVO-TAG,2023.0,6,914.396,34.79,10000.0,4768.05,3392.86,984,380
AirSWIFT,ENI-MNL,2023.0,6,43.75,0.01,10000.0,10000.0,3535.42,2,7670
Philippine Airlines,EUQ-MNL,2023.0,6,591.668,34.79,10000.0,10000.0,3535.42,23,7670
Cebu Pacific,GES-MNL,2023.0,6,11873.75,42.51,5000.0,5000.06,3535.42,205,7670
Philippine Airlines,GES-MNL,2023.0,6,11863.418,34.79,5000.0,5000.06,3535.42,205,7670
Cebgo,IAO-CEB,2023.0,6,2772.0,4.94,5008.62,5309.66,2950.26,392,2639
Philippine Airlines,IAO-CEB,2023.0,6,3012.1279999999997,34.79,5008.62,5309.66,2950.26,392,2639
Cebgo,IAO-DVO,2023.0,6,819.0,4.94,10000.0,5309.66,4768.05,392,984
Philippine Airlines,IAO-MNL,2023.0,6,3012.1279999999997,34.79,10000.0,5309.66,3535.42,392,7670
Cebgo,ILO-CEB,2023.0,6,3339.0,4.94,10000.0,3087.91,2950.26,733,2639
AirAsia,ILO-MNL,2023.0,6,23870.8,17.75,3562.75,3087.91,3535.42,733,7670
Cebu Pacific,ILO-MNL,2023.0,6,13382.25,42.51,3562.75,3087.91,3535.42,733,7670
Philippine Airlines,ILO-MNL,2023.0,6,15158.724,34.79,3562.75,3087.91,3535.42,733,7670
AirAsia,KLO-MNL,2023.0,6,13739.82,17.75,6131.12,6141.43,3535.42,239,7670
Cebu Pacific,KLO-MNL,2023.0,6,4882.5,42.51,6131.12,6141.43,3535.42,239,7670
Philippine Airlines,LAO-MNL,2023.0,6,7694.848,34.79,10000.0,10000.0,3535.42,77,7670
AirAsia,MNL-BCD,2023.0,6,8954.039999999999,17.75,3561.43,3535.42,3614.47,7670,559
Cebu Pacific,MNL-BCD,2023.0,6,14054.25,42.51,3561.43,3535.42,3614.47,7670,559
Philippine Airlines,MNL-BCD,2023.0,6,7879.942,34.79,3561.43,3535.42,3614.47,7670,559
Philippine Airlines,MNL-BSO,2023.0,6,1398.4879999999998,34.79,10000.0,3535.42,10000.0,7670,26
Cebu Pacific,MNL-BXU,2023.0,6,12369.0,42.51,5393.46,3535.42,4689.29,7670,294
Philippine Airlines,MNL-BXU,2023.0,6,6949.726000000001,34.79,5393.46,3535.42,4689.29,7670,294
Philippine Airlines,MNL-CBO,2023.0,6,2059.764,34.79,10000.0,3535.42,10000.0,7670,34
AirAsia,MNL-CEB,2023.0,6,23002.62,17.75,3406.92,3535.42,2950.26,7670,2639
Cebgo,MNL-CEB,2023.0,6,693.0,4.94,3406.92,3535.42,2950.26,7670,2639
Cebu Pacific,MNL-CEB,2023.0,6,36965.25,42.51,3406.92,3535.42,2950.26,7670,2639
Philippine Airlines,MNL-CEB,2023.0,6,34220.242,34.79,3406.92,3535.42,2950.26,7670,2639
AirAsia,MNL-CGY,2023.0,6,4631.4,17.75,3998.54,3535.42,3052.03,7670,731
Cebu Pacific,MNL-CGY,2023.0,6,16670.5,42.51,3998.54,3535.42,3052.03,7670,731
Philippine Airlines,MNL-CGY,2023.0,6,11966.248,34.79,3998.54,3535.42,3052.03,7670,731
Philippine Airlines,MNL-CRM,2023.0,6,914.396,34.79,10000.0,3535.42,10000.0,7670,17
Philippine Airlines,MNL-CYP,2023.0,6,914.396,34.79,10000.0,3535.42,5001.35,7670,64
Cebu Pacific,MNL-CYZ,2023.0,6,4719.75,42.51,10000.0,3535.42,10000.0,7670,58
Cebu Pacific,MNL-DGT,2023.0,6,8625.75,42.51,5060.6,3535.42,5003.08,7670,173
Philippine Airlines,MNL-DGT,2023.0,6,6914.9220000000005,34.79,5060.6,3535.42,5003.08,7670,173
Cebu Pacific,MNL-DPL,2023.0,6,4882.5,42.51,5098.96,3535.42,5098.96,7670,110
Philippine Airlines,MNL-DPL,2023.0,6,3678.15,34.79,5098.96,3535.42,5098.96,7670,110
Cebgo,MNL-DRP,2023.0,6,63.0,4.94,4985.52,3535.42,4983.69,7670,274
Cebu Pacific,MNL-DRP,2023.0,6,8463.0,42.51,4985.52,3535.42,4983.69,7670,274
Philippine Airlines,MNL-DRP,2023.0,6,9612.232,34.79,4985.52,3535.42,4983.69,7670,274
Cebu Pacific,MNL-DVO,2023.0,6,24219.125,42.51,5086.78,3535.42,4768.05,7670,984
Philippine Airlines,MNL-DVO,2023.0,6,31568.81,34.79,5086.78,3535.42,4768.05,7670,984
AirSWIFT,MNL-ENI,2023.0,6,43.75,0.01,10000.0,3535.42,10000.0,7670,2
Philippine Airlines,MNL-EUQ,2023.0,6,645.4559999999999,34.79,10000.0,3535.42,10000.0,7670,23
Cebu Pacific,MNL-GES,2023.0,6,11873.75,42.51,5000.26,3535.42,5000.06,7670,205
Philippine Airlines,MNL-GES,2023.0,6,12045.348,34.79,5000.26,3535.42,5000.06,7670,205
Philippine Airlines,MNL-IAO,2023.0,6,4840.92,34.79,10000.0,3535.42,5309.66,7670,392
AirAsia,MNL-ILO,2023.0,6,18371.22,17.75,3389.72,3535.42,3087.91,7670,733
Cebu Pacific,MNL-ILO,2023.0,6,13382.25,42.51,3389.72,3535.42,3087.91,7670,733
Philippine Airlines,MNL-ILO,2023.0,6,15452.976,34.79,3389.72,3535.42,3087.91,7670,733
AirAsia,MNL-KLO,2023.0,6,13894.199999999999,17.75,6151.71,3535.42,6141.43,7670,239
Cebu Pacific,MNL-KLO,2023.0,6,4882.5,42.51,6151.71,3535.42,6141.43,7670,239
Philippine Airlines,MNL-LAO,2023.0,6,3991.386,34.79,10000.0,3535.42,10000.0,7670,77
AirAsia,MNL-MPH,2023.0,6,13894.199999999999,17.75,3144.36,3535.42,3328.23,7670,850
Cebgo,MNL-MPH,2023.0,6,1575.0,4.94,3144.36,3535.42,3328.23,7670,850
Cebu Pacific,MNL-MPH,2023.0,6,15624.0,42.51,3144.36,3535.42,3328.23,7670,850
Philippine Airlines,MNL-MPH,2023.0,6,11912.460000000001,34.79,3144.36,3535.42,3328.23,7670,850
Cebu Pacific,MNL-OZC,2023.0,6,6510.0,42.51,10000.0,3535.42,5989.41,7670,119
Cebu Pacific,MNL-PAG,2023.0,6,4719.75,42.51,10000.0,3535.42,6901.52,7670,129
AirAsia,MNL-PPS,2023.0,6,4631.4,17.75,3531.58,3535.42,3548.98,7670,429
Cebu Pacific,MNL-PPS,2023.0,6,8564.5,42.51,3531.58,3535.42,3548.98,7670,429
Philippine Airlines,MNL-PPS,2023.0,6,7851.466,34.79,3531.58,3535.42,3548.98,7670,429
Cebu Pacific,MNL-RXS,2023.0,6,3906.0,42.51,10000.0,3535.42,5285.03,7670,114
AirAsia,MNL-TAC,2023.0,6,7255.86,17.75,3340.91,3535.42,3063.63,7670,595
Cebu Pacific,MNL-TAC,2023.0,6,6672.75,42.51,3340.91,3535.42,3063.63,7670,595
Philippine Airlines,MNL-TAC,2023.0,6,7479.696,34.79,3340.91,3535.42,3063.63,7670,595
AirAsia,MNL-TAG,2023.0,6,9262.8,17.75,3453.6,3535.42,3392.86,7670,380
Cebu Pacific,MNL-TAG,2023.0,6,5768.0,42.51,3453.6,3535.42,3392.86,7670,380
Philippine Airlines,MNL-TAG,2023.0,6,7503.426,34.79,3453.6,3535.42,3392.86,7670,380
Cebu Pacific,MNL-TUG,2023.0,6,4557.0,42.51,10000.0,3535.42,10000.0,7670,86
Cebgo,MNL-USU,2023.0,6,1827.0,4.94,9413.68,3535.42,5565.67,7670,283
Philippine Airlines,MNL-USU,2023.0,6,56.952,34.79,9413.68,3535.42,5565.67,7670,283
Cebgo,MNL-WNP,2023.0,6,3276.0,4.94,10000.0,3535.42,10000.0,7670,104
Cebu Pacific,MPH-CEB,2023.0,6,4882.5,42.51,6118.96,3328.23,2950.26,850,2639
Philippine Airlines,MPH-CEB,2023.0,6,1746.528,34.79,6118.96,3328.23,2950.26,850,2639
Cebu Pacific,MPH-CRK,2023.0,6,2115.75,42.51,10000.0,3328.23,7172.34,850,60
AirAsia,MPH-MNL,2023.0,6,18371.22,17.75,3187.36,3328.23,3535.42,850,7670
Cebgo,MPH-MNL,2023.0,6,1575.0,4.94,3187.36,3328.23,3535.42,850,7670
Cebu Pacific,MPH-MNL,2023.0,6,20343.75,42.51,3187.36,3328.23,3535.42,850,7670
Philippine Airlines,MPH-MNL,2023.0,6,15978.2,34.79,3187.36,3328.23,3535.42,850,7670
Cebgo,OZC-CEB,2023.0,6,882.0,4.94,10000.0,5989.41,2950.26,119,2639
Cebu Pacific,OZC-MNL,2023.0,6,6510.0,42.51,5419.84,5989.41,3535.42,119,7670
Philippine Airlines,OZC-MNL,2023.0,6,3584.812,34.79,5419.84,5989.41,3535.42,119,7670
Cebgo,PAG-CEB,2023.0,6,2331.0,4.94,10000.0,6901.52,2950.26,129,2639
Cebu Pacific,PAG-MNL,2023.0,6,8300.25,42.51,10000.0,6901.52,3535.42,129,7670
Cebu Pacific,PPS-CEB,2023.0,6,813.75,42.51,5349.32,3548.98,2950.26,429,2639
Philippine Airlines,PPS-CEB,2023.0,6,1398.4879999999998,34.79,5349.32,3548.98,2950.26,429,2639
AirAsia,PPS-MNL,2023.0,6,9262.8,17.75,3482.41,3548.98,3535.42,429,7670
Cebu Pacific,PPS-MNL,2023.0,6,14966.0,42.51,3482.41,3548.98,3535.42,429,7670
Philippine Airlines,PPS-MNL,2023.0,6,15384.95,34.79,3482.41,3548.98,3535.42,429,7670
AirAsia,RXS-MNL,2023.0,6,1852.56,17.75,4509.23,5285.03,3535.42,114,7670
Cebu Pacific,RXS-MNL,2023.0,6,8463.0,42.51,4509.23,5285.03,3535.42,114,7670
Philippine Airlines,RXS-MNL,2023.0,6,3731.938,34.79,4509.23,5285.03,3535.42,114,7670
Cebgo,SUG-CEB,2023.0,6,315.0,4.94,10000.0,10000.0,2950.26,5,2639
Cebgo,TAC-CEB,2023.0,6,2646.0,4.94,5376.88,3063.63,2950.26,595,2639
Philippine Airlines,TAC-CEB,2023.0,6,1506.0639999999999,34.79,5376.88,3063.63,2950.26,595,2639
AirAsia,TAC-MNL,2023.0,6,17672.36,17.75,3604.06,3063.63,3535.42,595,7670
Cebu Pacific,TAC-MNL,2023.0,6,22947.75,42.51,3604.06,3063.63,3535.42,595,7670
Philippine Airlines,TAC-MNL,2023.0,6,10971.17,34.79,3604.06,3063.63,3535.42,595,7670
Philippine Airlines,TAG-DVO,2023.0,6,914.396,34.79,10000.0,3392.86,4768.05,380,984
AirAsia,TAG-MNL,2023.0,6,9262.8,17.75,3787.34,3392.86,3535.42,380,7670
Cebu Pacific,TAG-MNL,2023.0,6,17620.75,42.51,3787.34,3392.86,3535.42,380,7670
Philippine Airlines,TAG-MNL,2023.0,6,7944.804,34.79,3787.34,3392.86,3535.42,380,7670
Cebu Pacific,TUG-MNL,2023.0,6,9439.5,42.51,10000.0,10000.0,3535.42,86,7670
Cebgo,USU-CEB,2023.0,6,2583.0,4.94,5496.99,5565.67,2950.26,283,2639
Philippine Airlines,USU-CEB,2023.0,6,1344.6999999999998,34.79,5496.99,5565.67,2950.26,283,2639
Philippine Airlines,USU-CRK,2023.0,6,591.668,34.79,10000.0,5565.67,7172.34,283,60
Cebgo,USU-MNL,2023.0,6,4851.0,4.94,6250.23,5565.67,3535.42,283,7670
Philippine Airlines,USU-MNL,2023.0,6,1616.8039999999999,34.79,6250.23,5565.67,3535.42,283,7670
Cebgo,USU-USU,2023.0,6,126.0,4.94,10000.0,5565.67,5565.67,283,283
Cebu Pacific,VRC-MNL,2023.0,6,162.75,42.51,10000.0,10000.0,3535.42,1,7670
Cebgo,WNP-MNL,2023.0,6,3276.0,4.94,10000.0,10000.0,3535.42,104,7670
Cebu Pacific,ZAM-CEB,2023.0,6,813.75,42.51,5171.24,6151.85,2950.26,213,2639
Philippine Airlines,ZAM-CEB,2023.0,6,1183.336,34.79,5171.24,6151.85,2950.26,213,2639
Cebu Pacific,ZAM-MNL,2023.0,6,18095.0,42.51,6550.87,6151.85,3535.42,213,7670
Philippine Airlines,ZAM-MNL,2023.0,6,5149.41,34.79,6550.87,6151.85,3535.42,213,7670
Cebu Pacific,ZAM-TWT,2023.0,6,4557.0,42.51,5835.32,6151.85,5621.32,213,46
Philippine Airlines,ZAM-TWT,2023.0,6,1912.6380000000001,34.79,5835.32,6151.85,5621.32,213,46
Philippine Airlines,BCD-CEB,2023.0,7,824.1600000000001,34.53,10000.0,3598.26,2982.78,626,2706
Cebu Pacific,BCD-DVO,2023.0,7,3633.696,43.38,10000.0,3598.26,4788.89,626,1125
AirAsia,BCD-MNL,2023.0,7,15395.22,17.52,3453.67,3598.26,3568.6,626,8522
Cebu Pacific,BCD-MNL,2023.0,7,24293.904000000002,43.38,3453.67,3598.26,3568.6,626,8522
Philippine Airlines,BCD-MNL,2023.0,7,18516.128,34.53,3453.67,3598.26,3568.6,626,8522
Philippine Airlines,BPA-CEB,2023.0,7,439.552,34.53,10000.0,10000.0,2982.78,17,2706
Cebgo,BXU-CEB,2023.0,7,1406.592,4.57,10000.0,4691.4,2982.78,339,2706
Cebu Pacific,BXU-MNL,2023.0,7,14204.448,43.38,5228.26,4691.4,3568.6,339,8522
Philippine Airlines,BXU-MNL,2023.0,7,9203.12,34.53,5228.26,4691.4,3568.6,339,8522
Cebgo,CEB-BCD,2023.0,7,63.936,4.57,8663.81,2982.78,3598.26,2706,626
Philippine Airlines,CEB-BCD,2023.0,7,824.1600000000001,34.53,8663.81,2982.78,3598.26,2706,626
Philippine Airlines,CEB-BPA,2023.0,7,494.49600000000004,34.53,10000.0,2982.78,10000.0,2706,17
Cebgo,CEB-BXU,2023.0,7,1406.592,4.57,10000.0,2982.78,4691.4,2706,339
Cebgo,CEB-CEB,2023.0,7,63.936,4.57,10000.0,2982.78,2982.78,2706,2706
Cebgo,CEB-CGY,2023.0,7,7480.512,4.57,7040.81,2982.78,3167.0,2706,837
Philippine Airlines,CEB-CGY,2023.0,7,1648.3200000000002,34.53,7040.81,2982.78,3167.0,2706,837
Cebgo,CEB-CYP,2023.0,7,1086.912,4.57,10000.0,2982.78,5018.74,2706,69
Cebgo,CEB-DPL,2023.0,7,575.424,4.57,10000.0,2982.78,4563.68,2706,115
Cebu Pacific,CEB-DVO,2023.0,7,4955.04,43.38,5000.07,2982.78,4788.89,2706,1125
Philippine Airlines,CEB-DVO,2023.0,7,4993.4400000000005,34.53,5000.07,2982.78,4788.89,2706,1125
Cebgo,CEB-IAO,2023.0,7,3452.544,4.57,5002.67,2982.78,5534.43,2706,392
Philippine Airlines,CEB-IAO,2023.0,7,3296.6400000000003,34.53,5002.67,2982.78,5534.43,2706,392
Cebgo,CEB-ILO,2023.0,7,2749.248,4.57,10000.0,2982.78,3123.77,2706,791
AirAsia,CEB-MNL,2023.0,7,20361.42,17.52,3780.92,2982.78,3568.6,2706,8522
Cebu Pacific,CEB-MNL,2023.0,7,53780.832,43.38,3780.92,2982.78,3568.6,2706,8522
Philippine Airlines,CEB-MNL,2023.0,7,37572.0,34.53,3780.92,2982.78,3568.6,2706,8522
Cebu Pacific,CEB-MPH,2023.0,7,5120.2080000000005,43.38,6019.72,2982.78,3316.22,2706,962
Philippine Airlines,CEB-MPH,2023.0,7,1934.352,34.53,6019.72,2982.78,3316.22,2706,962
Cebgo,CEB-PAG,2023.0,7,575.424,4.57,10000.0,2982.78,7365.62,2706,133
Cebu Pacific,CEB-PPS,2023.0,7,825.84,43.38,5166.28,2982.78,3676.27,2706,404
Philippine Airlines,CEB-PPS,2023.0,7,1194.2240000000002,34.53,5166.28,2982.78,3676.27,2706,404
Cebgo,CEB-TAC,2023.0,7,1726.272,4.57,5209.81,2982.78,3178.15,2706,654
Philippine Airlines,CEB-TAC,2023.0,7,1139.28,34.53,5209.81,2982.78,3178.15,2706,654
Cebgo,CEB-USU,2023.0,7,1918.08,4.57,5257.29,2982.78,5600.29,2706,302
Philippine Airlines,CEB-USU,2023.0,7,1208.768,34.53,5257.29,2982.78,5600.29,2706,302
Cebgo,CGY-CEB,2023.0,7,7352.64,4.57,7008.17,3167.0,2982.78,837,2706
Philippine Airlines,CGY-CEB,2023.0,7,1648.3200000000002,34.53,7008.17,3167.0,2982.78,837,2706
Cebgo,CGY-DVO,2023.0,7,1150.848,4.57,10000.0,3167.0,4788.89,837,1125
AirAsia,CGY-MNL,2023.0,7,5131.74,17.52,4028.51,3167.0,3568.6,837,8522
Cebu Pacific,CGY-MNL,2023.0,7,19717.152000000002,43.38,4028.51,3167.0,3568.6,837,8522
Philippine Airlines,CGY-MNL,2023.0,7,18325.440000000002,34.53,4028.51,3167.0,3568.6,837,8522
Cebu Pacific,CRK-CEB,2023.0,7,2147.184,43.38,10000.0,6459.05,2982.78,74,2706
Cebu Pacific,CRK-MPH,2023.0,7,2147.184,43.38,10000.0,6459.05,3316.22,74,962
Philippine Airlines,CRK-USU,2023.0,7,988.9920000000001,34.53,10000.0,6459.05,5600.29,74,302
Cebgo,CYP-CEB,2023.0,7,1086.912,4.57,10000.0,5018.74,2982.78,69,2706
Philippine Airlines,CYP-MNL,2023.0,7,934.048,34.53,10000.0,5018.74,3568.6,69,8522
Cebu Pacific,CYZ-MNL,2023.0,7,4624.704,43.38,10000.0,10000.0,3568.6,57,8522
Cebu Pacific,DGT-MNL,2023.0,7,7432.56,43.38,5038.72,5015.43,3568.6,238,8522
Philippine Airlines,DGT-MNL,2023.0,7,8866.992,34.53,5038.72,5015.43,3568.6,238,8522
Cebgo,DPL-CEB,2023.0,7,575.424,4.57,10000.0,4563.68,2982.78,115,2706
Cebu Pacific,DPL-MNL,2023.0,7,2973.0240000000003,43.38,5210.64,4563.68,3568.6,115,8522
Philippine Airlines,DPL-MNL,2023.0,7,4508.64,34.53,5210.64,4563.68,3568.6,115,8522
Cebgo,DRP-MNL,2023.0,7,63.936,4.57,4969.98,4969.85,3568.6,307,8522
Cebu Pacific,DRP-MNL,2023.0,7,10405.584,43.38,4969.98,4969.85,3568.6,307,8522
Philippine Airlines,DRP-MNL,2023.0,7,10133.936000000002,34.53,4969.98,4969.85,3568.6,307,8522
Cebu Pacific,DVO-BCD,2023.0,7,3633.696,43.38,10000.0,4788.89,3598.26,1125,626
Cebu Pacific,DVO-CEB,2023.0,7,4955.04,43.38,5000.01,4788.89,2982.78,1125,2706
Philippine Airlines,DVO-CEB,2023.0,7,4938.496,34.53,5000.01,4788.89,2982.78,1125,2706
Cebgo,DVO-CGY,2023.0,7,1150.848,4.57,10000.0,4788.89,3167.0,1125,837
Cebgo,DVO-IAO,2023.0,7,831.168,4.57,10000.0,4788.89,5534.43,1125,392
Cebu Pacific,DVO-ILO,2023.0,7,165.168,43.38,10000.0,4788.89,3123.77,1125,791
Cebu Pacific,DVO-MNL,2023.0,7,35739.336,43.38,5000.15,4788.89,3568.6,1125,8522
Philippine Airlines,DVO-MNL,2023.0,7,36130.528,34.53,5000.15,4788.89,3568.6,1125,8522
Philippine Airlines,DVO-TAG,2023.0,7,714.272,34.53,10000.0,4788.89,3366.86,1125,391
Philippine Airlines,EUQ-MNL,2023.0,7,659.328,34.53,10000.0,10000.0,3568.6,24,8522
Cebu Pacific,GES-MNL,2023.0,7,12667.32,43.38,5003.9,5003.9,3568.6,204,8522
Philippine Airlines,GES-MNL,2023.0,7,11979.408,34.53,5003.9,5003.9,3568.6,204,8522
Cebgo,IAO-CEB,2023.0,7,2493.504,4.57,5085.09,5534.43,2982.78,392,2706
Philippine Airlines,IAO-CEB,2023.0,7,3241.6960000000004,34.53,5085.09,5534.43,2982.78,392,2706
Cebgo,IAO-DVO,2023.0,7,831.168,4.57,10000.0,5534.43,4788.89,392,1125
Philippine Airlines,IAO-MNL,2023.0,7,3351.5840000000003,34.53,10000.0,5534.43,3568.6,392,8522
Cebgo,ILO-CEB,2023.0,7,2941.056,4.57,10000.0,3123.77,2982.78,791,2706
AirAsia,ILO-MNL,2023.0,7,26667.96,17.52,3489.76,3123.77,3568.6,791,8522
Cebgo,ILO-MNL,2023.0,7,63.936,4.57,3489.76,3123.77,3568.6,791,8522
Cebu Pacific,ILO-MNL,2023.0,7,17214.768,43.38,3489.76,3123.77,3568.6,791,8522
Philippine Airlines,ILO-MNL,2023.0,7,17031.024,34.53,3489.76,3123.77,3568.6,791,8522
AirAsia,KLO-MNL,2023.0,7,15560.759999999998,17.52,6274.31,6274.31,3568.6,250,8522
Cebu Pacific,KLO-MNL,2023.0,7,5120.2080000000005,43.38,6274.31,6274.31,3568.6,250,8522
Philippine Airlines,LAO-MNL,2023.0,7,7936.176,34.53,10000.0,10000.0,3568.6,77,8522
AirAsia,MNL-BCD,2023.0,7,10263.48,17.52,3575.72,3568.6,3598.26,8522,626
Cebu Pacific,MNL-BCD,2023.0,7,16106.544,43.38,3575.72,3568.6,3598.26,8522,626
Philippine Airlines,MNL-BCD,2023.0,7,8787.808,34.53,3575.72,3568.6,3598.26,8522,626
Philippine Airlines,MNL-BSO,2023.0,7,1593.376,34.53,10000.0,3568.6,10000.0,8522,29
Cebu Pacific,MNL-BXU,2023.0,7,14369.616,43.38,5240.18,3568.6,4691.4,8522,339
Philippine Airlines,MNL-BXU,2023.0,7,9203.12,34.53,5240.18,3568.6,4691.4,8522,339
AirAsia,MNL-CEB,2023.0,7,25327.62,17.52,3445.78,3568.6,2982.78,8522,2706
Cebgo,MNL-CEB,2023.0,7,703.296,4.57,3445.78,3568.6,2982.78,8522,2706
Cebu Pacific,MNL-CEB,2023.0,7,44011.056000000004,43.38,3445.78,3568.6,2982.78,8522,2706
Philippine Airlines,MNL-CEB,2023.0,7,37418.48,34.53,3445.78,3568.6,2982.78,8522,2706
AirAsia,MNL-CGY,2023.0,7,5131.74,17.52,4394.96,3568.6,3167.0,8522,837
Cebu Pacific,MNL-CGY,2023.0,7,25435.872,43.38,4394.96,3568.6,3167.0,8522,837
Philippine Airlines,MNL-CGY,2023.0,7,13679.44,34.53,4394.96,3568.6,3167.0,8522,837
Philippine Airlines,MNL-CRM,2023.0,7,879.104,34.53,10000.0,3568.6,10000.0,8522,16
Philippine Airlines,MNL-CYP,2023.0,7,988.9920000000001,34.53,10000.0,3568.6,5018.74,8522,69
Cebu Pacific,MNL-CYZ,2023.0,7,4789.872,43.38,10000.0,3568.6,10000.0,8522,57
Cebu Pacific,MNL-DGT,2023.0,7,12387.6,43.38,5137.18,3568.6,5015.43,8522,238
Philippine Airlines,MNL-DGT,2023.0,7,8866.992,34.53,5137.18,3568.6,5015.43,8522,238
Cebu Pacific,MNL-DPL,2023.0,7,2973.0240000000003,43.38,5243.99,3568.6,4563.68,8522,115
Philippine Airlines,MNL-DPL,2023.0,7,4658.928,34.53,5243.99,3568.6,4563.68,8522,115
Cebgo,MNL-DRP,2023.0,7,63.936,4.57,4969.74,3568.6,4969.85,8522,307
Cebu Pacific,MNL-DRP,2023.0,7,10405.584,43.38,4969.74,3568.6,4969.85,8522,307
Philippine Airlines,MNL-DRP,2023.0,7,10188.880000000001,34.53,4969.74,3568.6,4969.85,8522,307
Cebu Pacific,MNL-DVO,2023.0,7,36391.128000000004,43.38,5000.0,3568.6,4788.89,8522,1125
Philippine Airlines,MNL-DVO,2023.0,7,36431.104,34.53,5000.0,3568.6,4788.89,8522,1125
Philippine Airlines,MNL-EUQ,2023.0,7,659.328,34.53,10000.0,3568.6,10000.0,8522,24
Cebu Pacific,MNL-GES,2023.0,7,12667.32,43.38,5003.9,3568.6,5003.9,8522,204
Philippine Airlines,MNL-GES,2023.0,7,11979.408,34.53,5003.9,3568.6,5003.9,8522,204
Philippine Airlines,MNL-IAO,2023.0,7,5109.792,34.53,10000.0,3568.6,5534.43,8522,392
AirAsia,MNL-ILO,2023.0,7,20692.5,17.52,3360.23,3568.6,3123.77,8522,791
Cebu Pacific,MNL-ILO,2023.0,7,17379.936,43.38,3360.23,3568.6,3123.77,8522,791
Philippine Airlines,MNL-ILO,2023.0,7,17031.024,34.53,3360.23,3568.6,3123.77,8522,791
AirAsia,MNL-KLO,2023.0,7,15560.759999999998,17.52,6274.31,3568.6,6274.31,8522,250
Cebu Pacific,MNL-KLO,2023.0,7,5120.2080000000005,43.38,6274.31,3568.6,6274.31,8522,250
Philippine Airlines,MNL-LAO,2023.0,7,4227.456,34.53,10000.0,3568.6,10000.0,8522,77
Philippine Airlines,MNL-MNL,2023.0,7,185.84,34.53,10000.0,3568.6,3568.6,8522,8522
AirAsia,MNL-MPH,2023.0,7,15395.22,17.52,3150.59,3568.6,3316.22,8522,962
Cebgo,MNL-MPH,2023.0,7,1918.08,4.57,3150.59,3568.6,3316.22,8522,962
Cebu Pacific,MNL-MPH,2023.0,7,19489.824,43.38,3150.59,3568.6,3316.22,8522,962
Philippine Airlines,MNL-MPH,2023.0,7,15023.952000000001,34.53,3150.59,3568.6,3316.22,8522,962
Cebu Pacific,MNL-OZC,2023.0,7,7597.728,43.38,10000.0,3568.6,6073.42,8522,131
Cebu Pacific,MNL-PAG,2023.0,7,5120.2080000000005,43.38,10000.0,3568.6,7365.62,8522,133
AirAsia,MNL-PPS,2023.0,7,5131.74,17.52,3680.36,3568.6,3676.27,8522,404
Cebu Pacific,MNL-PPS,2023.0,7,4576.752,43.38,3680.36,3568.6,3676.27,8522,404
Philippine Airlines,MNL-PPS,2023.0,7,9123.936000000002,34.53,3680.36,3568.6,3676.27,8522,404
Cebu Pacific,MNL-RXS,2023.0,7,4459.536,43.38,10000.0,3568.6,5182.42,8522,128
AirAsia,MNL-TAC,2023.0,7,8111.46,17.52,3366.69,3568.6,3178.15,8522,654
Cebu Pacific,MNL-TAC,2023.0,7,10240.416000000001,43.38,3366.69,3568.6,3178.15,8522,654
Philippine Airlines,MNL-TAC,2023.0,7,8671.456,34.53,3366.69,3568.6,3178.15,8522,654
AirAsia,MNL-TAG,2023.0,7,10263.48,17.52,3472.77,3568.6,3366.86,8522,391
Cebu Pacific,MNL-TAG,2023.0,7,6127.200000000001,43.38,3472.77,3568.6,3366.86,8522,391
Philippine Airlines,MNL-TAG,2023.0,7,9009.2,34.53,3472.77,3568.6,3366.86,8522,391
Cebu Pacific,MNL-TUG,2023.0,7,4624.704,43.38,10000.0,3568.6,10000.0,8522,84
Cebgo,MNL-USU,2023.0,7,1918.08,4.57,10000.0,3568.6,5600.29,8522,302
Cebgo,MNL-WNP,2023.0,7,3516.48,4.57,10000.0,3568.6,10000.0,8522,109
Cebu Pacific,MPH-CEB,2023.0,7,5120.2080000000005,43.38,6126.09,3316.22,2982.78,962,2706
Philippine Airlines,MPH-CEB,2023.0,7,1824.4640000000002,34.53,6126.09,3316.22,2982.78,962,2706
Cebu Pacific,MPH-CRK,2023.0,7,2147.184,43.38,10000.0,3316.22,6459.05,962,74
AirAsia,MPH-MNL,2023.0,7,20526.96,17.52,3173.27,3316.22,3568.6,962,8522
Cebgo,MPH-MNL,2023.0,7,2045.952,4.57,3173.27,3316.22,3568.6,962,8522
Cebu Pacific,MPH-MNL,2023.0,7,24610.032,43.38,3173.27,3316.22,3568.6,962,8522
Philippine Airlines,MPH-MNL,2023.0,7,19627.936,34.53,3173.27,3316.22,3568.6,962,8522
Philippine Airlines,MPH-MPH,2023.0,7,54.944,34.53,10000.0,3316.22,3316.22,962,962
Cebgo,OZC-CEB,2023.0,7,575.424,4.57,10000.0,6073.42,2982.78,131,2706
Cebu Pacific,OZC-MNL,2023.0,7,7432.56,43.38,5285.98,6073.42,3568.6,131,8522
Philippine Airlines,OZC-MNL,2023.0,7,4563.584000000001,34.53,5285.98,6073.42,3568.6,131,8522
Cebgo,PAG-CEB,2023.0,7,2173.824,4.57,10000.0,7365.62,2982.78,133,2706
Cebu Pacific,PAG-MNL,2023.0,7,9744.912,43.38,10000.0,7365.62,3568.6,133,8522
Cebu Pacific,PPS-CEB,2023.0,7,825.84,43.38,5166.28,3676.27,2982.78,404,2706
Philippine Airlines,PPS-CEB,2023.0,7,1194.2240000000002,34.53,5166.28,3676.27,2982.78,404,2706
AirAsia,PPS-MNL,2023.0,7,10263.48,17.52,3625.45,3676.27,3568.6,404,8522
Cebu Pacific,PPS-MNL,2023.0,7,10439.328000000001,43.38,3625.45,3676.27,3568.6,404,8522
Philippine Airlines,PPS-MNL,2023.0,7,18571.072,34.53,3625.45,3676.27,3568.6,404,8522
AirAsia,RXS-MNL,2023.0,7,2152.02,17.52,4425.79,5182.42,3568.6,128,8522
Cebu Pacific,RXS-MNL,2023.0,7,9579.744,43.38,4425.79,5182.42,3568.6,128,8522
Philippine Airlines,RXS-MNL,2023.0,7,4508.64,34.53,4425.79,5182.42,3568.6,128,8522
Cebgo,TAC-CEB,2023.0,7,2493.504,4.57,5694.82,3178.15,2982.78,654,2706
Philippine Airlines,TAC-CEB,2023.0,7,1139.28,34.53,5694.82,3178.15,2982.78,654,2706
AirAsia,TAC-MNL,2023.0,7,20085.52,17.52,3626.85,3178.15,3568.6,654,8522
Cebu Pacific,TAC-MNL,2023.0,7,27748.224000000002,43.38,3626.85,3178.15,3568.6,654,8522
Philippine Airlines,TAC-MNL,2023.0,7,13010.416000000001,34.53,3626.85,3178.15,3568.6,654,8522
Philippine Airlines,TAG-DVO,2023.0,7,714.272,34.53,10000.0,3366.86,4788.89,391,1125
AirAsia,TAG-MNL,2023.0,7,10097.939999999999,17.52,3708.37,3366.86,3568.6,391,8522
Cebu Pacific,TAG-MNL,2023.0,7,18399.36,43.38,3708.37,3366.86,3568.6,391,8522
Philippine Airlines,TAG-MNL,2023.0,7,9009.2,34.53,3708.37,3366.86,3568.6,391,8522
AirAsia,TAG-TAG,2023.0,7,165.54,17.52,10000.0,3366.86,3366.86,391,391
Cebu Pacific,TUG-MNL,2023.0,7,9249.408,43.38,10000.0,10000.0,3568.6,84,8522
Cebgo,USU-CEB,2023.0,7,2685.312,4.57,5718.87,5600.29,2982.78,302,2706
Philippine Airlines,USU-CEB,2023.0,7,1208.768,34.53,5718.87,5600.29,2982.78,302,2706
Philippine Airlines,USU-CRK,2023.0,7,934.048,34.53,10000.0,5600.29,6459.05,302,74
Cebgo,USU-MNL,2023.0,7,5818.176,4.57,6559.48,5600.29,3568.6,302,8522
Philippine Airlines,USU-MNL,2023.0,7,1648.3200000000002,34.53,6559.48,5600.29,3568.6,302,8522
Cebgo,WNP-MNL,2023.0,7,3452.544,4.57,10000.0,10000.0,3568.6,109,8522
Cebu Pacific,ZAM-CEB,2023.0,7,991.008,43.38,5198.05,5761.98,2982.78,232,2706
Philippine Airlines,ZAM-CEB,2023.0,7,1483.488,34.53,5198.05,5761.98,2982.78,232,2706
Cebu Pacific,ZAM-MNL,2023.0,7,19489.824,43.38,6056.68,5761.98,3568.6,232,8522
Philippine Airlines,ZAM-MNL,2023.0,7,7213.8240000000005,34.53,6056.68,5761.98,3568.6,232,8522
Cebu Pacific,ZAM-TWT,2023.0,7,3468.5280000000002,43.38,5498.76,5761.98,5498.76,232,33
Philippine Airlines,ZAM-TWT,2023.0,7,1803.4560000000001,34.53,5498.76,5761.98,5498.76,232,33
Philippine Airlines,BCD-CEB,2023.0,8,1043.9360000000001,36.13,10000.0,3499.13,3050.83,616,2719
Cebu Pacific,BCD-DVO,2023.0,8,2908.9139999999998,41.24,10000.0,3499.13,4821.32,616,1157
AirAsia,BCD-MNL,2023.0,8,15395.22,18.46,3387.53,3499.13,3509.8,616,8273
Cebu Pacific,BCD-MNL,2023.0,8,21087.594,41.24,3387.53,3499.13,3509.8,616,8273
Philippine Airlines,BCD-MNL,2023.0,8,18192.928,36.13,3387.53,3499.13,3509.8,616,8273
Philippine Airlines,BPA-CEB,2023.0,8,439.552,36.13,10000.0,10000.0,3050.83,16,2719
Cebgo,BXU-CEB,2023.0,8,1463.4,4.18,10000.0,4653.39,3050.83,344,2719
Cebu Pacific,BXU-MNL,2023.0,8,13307.184,41.24,5263.87,4653.39,3509.8,344,8273
Philippine Airlines,BXU-MNL,2023.0,8,8335.328000000001,36.13,5263.87,4653.39,3509.8,344,8273
Philippine Airlines,CEB-BCD,2023.0,8,1043.9360000000001,36.13,10000.0,3050.83,3499.13,2719,616
Philippine Airlines,CEB-BPA,2023.0,8,439.552,36.13,10000.0,3050.83,10000.0,2719,16
Cebgo,CEB-BXU,2023.0,8,1463.4,4.18,9302.45,3050.83,4653.39,2719,344
Philippine Airlines,CEB-BXU,2023.0,8,54.944,36.13,9302.45,3050.83,4653.39,2719,344
Cebgo,CEB-CEB,2023.0,8,175.608,4.18,10000.0,3050.83,3050.83,2719,2719
Cebgo,CEB-CGY,2023.0,8,6497.496,4.18,6282.87,3050.83,3206.26,2719,815
Philippine Airlines,CEB-CGY,2023.0,8,2128.272,36.13,6282.87,3050.83,3206.26,2719,815
Cebu Pacific,CEB-CRK,2023.0,8,1360.962,41.24,10000.0,3050.83,7340.41,2719,94
Cebgo,CEB-CYP,2023.0,8,995.1120000000001,4.18,10000.0,3050.83,5000.0,2719,64
Cebgo,CEB-DPL,2023.0,8,117.072,4.18,10000.0,3050.83,4974.83,2719,108
Cebu Pacific,CEB-DVO,2023.0,8,4687.758,41.24,5321.31,3050.83,4821.32,2719,1157
Philippine Airlines,CEB-DVO,2023.0,8,7871.536000000001,36.13,5321.31,3050.83,4821.32,2719,1157
Cebgo,CEB-IAO,2023.0,8,3629.232,4.18,5027.06,3050.83,5454.34,2719,394
Philippine Airlines,CEB-IAO,2023.0,8,3131.808,36.13,5027.06,3050.83,5454.34,2719,394
Cebgo,CEB-ILO,2023.0,8,2458.512,4.18,10000.0,3050.83,3172.17,2719,783
AirAsia,CEB-MNL,2023.0,8,20526.96,18.46,3645.95,3050.83,3509.8,2719,8273
Cebu Pacific,CEB-MNL,2023.0,8,45984.906,41.24,3645.95,3050.83,3509.8,2719,8273
Philippine Airlines,CEB-MNL,2023.0,8,40115.584,36.13,3645.95,3050.83,3509.8,2719,8273
Cebu Pacific,CEB-MPH,2023.0,8,4687.758,41.24,5211.07,3050.83,3281.43,2719,892
Philippine Airlines,CEB-MPH,2023.0,8,3089.7920000000004,36.13,5211.07,3050.83,3281.43,2719,892
Cebgo,CEB-PAG,2023.0,8,58.536,4.18,10000.0,3050.83,8012.04,2719,114
Cebu Pacific,CEB-PPS,2023.0,8,1360.962,41.24,5018.73,3050.83,3535.07,2719,471
Philippine Airlines,CEB-PPS,2023.0,8,1538.432,36.13,5018.73,3050.83,3535.07,2719,471
Cebgo,CEB-TAC,2023.0,8,1639.008,4.18,5000.04,3050.83,3176.17,2719,636
Philippine Airlines,CEB-TAC,2023.0,8,1648.3200000000002,36.13,5000.04,3050.83,3176.17,2719,636
Cebgo,CEB-USU,2023.0,8,1814.616,4.18,5160.14,3050.83,5488.68,2719,296
Philippine Airlines,CEB-USU,2023.0,8,1263.712,36.13,5160.14,3050.83,5488.68,2719,296
Cebgo,CGY-CEB,2023.0,8,6321.888,4.18,6437.72,3206.26,3050.83,815,2719
Philippine Airlines,CGY-CEB,2023.0,8,1908.496,36.13,6437.72,3206.26,3050.83,815,2719
Cebgo,CGY-DVO,2023.0,8,1053.6480000000001,4.18,10000.0,3206.26,4821.32,815,1157
AirAsia,CGY-MNL,2023.0,8,5131.74,18.46,3995.45,3206.26,3509.8,815,8273
Cebu Pacific,CGY-MNL,2023.0,8,18788.43,41.24,3995.45,3206.26,3509.8,815,8273
Philippine Airlines,CGY-MNL,2023.0,8,14396.944000000001,36.13,3995.45,3206.26,3509.8,815,8273
Cebu Pacific,CRK-CEB,2023.0,8,1814.616,41.24,10000.0,7340.41,3050.83,94,2719
Cebu Pacific,CRK-MNL,2023.0,8,151.218,41.24,10000.0,7340.41,3509.8,94,8273
Cebu Pacific,CRK-MPH,2023.0,8,3024.3599999999997,41.24,10000.0,7340.41,3281.43,94,892
Philippine Airlines,CRK-USU,2023.0,8,879.104,36.13,10000.0,7340.41,5488.68,94,296
Cebgo,CYP-CEB,2023.0,8,819.504,4.18,10000.0,5000.0,3050.83,64,2719
Philippine Airlines,CYP-MNL,2023.0,8,934.048,36.13,10000.0,5000.0,3509.8,64,8273
Cebu Pacific,CYZ-MNL,2023.0,8,4082.8859999999995,41.24,10000.0,10000.0,3509.8,54,8273
Cebu Pacific,DGT-MNL,2023.0,8,6502.374,41.24,5058.2,5006.95,3509.8,223,8273
Philippine Airlines,DGT-MNL,2023.0,8,8075.152000000001,36.13,5058.2,5006.95,3509.8,223,8273
Cebu Pacific,DPL-MNL,2023.0,8,4385.322,41.24,5047.43,4974.83,3509.8,108,8273
Philippine Airlines,DPL-MNL,2023.0,8,3606.9120000000003,36.13,5047.43,4974.83,3509.8,108,8273
Cebu Pacific,DRP-MNL,2023.0,8,6307.254,41.24,5208.82,5203.2,3509.8,254,8273
Philippine Airlines,DRP-MNL,2023.0,8,9547.328000000001,36.13,5208.82,5203.2,3509.8,254,8273
Cebu Pacific,DVO-BCD,2023.0,8,2908.9139999999998,41.24,10000.0,4821.32,3499.13,1157,616
Cebu Pacific,DVO-CEB,2023.0,8,4687.758,41.24,5329.61,4821.32,3050.83,1157,2719
Philippine Airlines,DVO-CEB,2023.0,8,7926.4800000000005,36.13,5329.61,4821.32,3050.83,1157,2719
Cebgo,DVO-CGY,2023.0,8,995.1120000000001,4.18,10000.0,4821.32,3206.26,1157,815
Cebgo,DVO-IAO,2023.0,8,760.9680000000001,4.18,10000.0,4821.32,5454.34,1157,394
Cebu Pacific,DVO-ILO,2023.0,8,302.436,41.24,10000.0,4821.32,3172.17,1157,783
Cebu Pacific,DVO-MNL,2023.0,8,35288.265,41.24,5004.79,4821.32,3509.8,1157,8273
Philippine Airlines,DVO-MNL,2023.0,8,37541.296,36.13,5004.79,4821.32,3509.8,1157,8273
Philippine Airlines,DVO-TAG,2023.0,8,1153.824,36.13,10000.0,4821.32,3341.86,1157,401
Philippine Airlines,EUQ-MNL,2023.0,8,659.328,36.13,10000.0,10000.0,3509.8,26,8273
Cebu Pacific,GES-MNL,2023.0,8,10996.638,41.24,5072.84,5072.84,3509.8,220,8273
Philippine Airlines,GES-MNL,2023.0,8,14015.568,36.13,5072.84,5072.84,3509.8,220,8273
Cebgo,IAO-CEB,2023.0,8,2634.12,4.18,5023.51,5454.34,3050.83,394,2719
Philippine Airlines,IAO-CEB,2023.0,8,3021.92,36.13,5023.51,5454.34,3050.83,394,2719
Cebgo,IAO-DVO,2023.0,8,702.432,4.18,10000.0,5454.34,4821.32,394,1157
Philippine Airlines,IAO-MNL,2023.0,8,3186.752,36.13,10000.0,5454.34,3509.8,394,8273
Cebgo,ILO-CEB,2023.0,8,2634.12,4.18,10000.0,3172.17,3050.83,783,2719
AirAsia,ILO-MNL,2023.0,8,25984.44,18.46,3537.83,3172.17,3509.8,783,8273
Cebu Pacific,ILO-MNL,2023.0,8,15474.642,41.24,3537.83,3172.17,3509.8,783,8273
Philippine Airlines,ILO-MNL,2023.0,8,16310.288,36.13,3537.83,3172.17,3509.8,783,8273
AirAsia,KLO-MNL,2023.0,8,15395.22,18.46,6421.3,6411.02,3509.8,247,8273
Cebu Pacific,KLO-MNL,2023.0,8,4687.758,41.24,6421.3,6411.02,3509.8,247,8273
Philippine Airlines,LAO-MNL,2023.0,8,7558.032000000001,36.13,10000.0,10000.0,3509.8,83,8273
AirAsia,MNL-BCD,2023.0,8,10263.48,18.46,3550.89,3509.8,3499.13,8273,616
Cebu Pacific,MNL-BCD,2023.0,8,15274.644,41.24,3550.89,3509.8,3499.13,8273,616
Philippine Airlines,MNL-BCD,2023.0,8,8430.672,36.13,3550.89,3509.8,3499.13,8273,616
Philippine Airlines,MNL-BSO,2023.0,8,1373.6000000000001,36.13,10000.0,3509.8,10000.0,8273,25
Cebu Pacific,MNL-BXU,2023.0,8,13307.184,41.24,5256.77,3509.8,4653.39,8273,344
Philippine Airlines,MNL-BXU,2023.0,8,8390.272,36.13,5256.77,3509.8,4653.39,8273,344
AirAsia,MNL-CEB,2023.0,8,25658.699999999997,18.46,3436.66,3509.8,3050.83,8273,2719
Cebu Pacific,MNL-CEB,2023.0,8,35285.826,41.24,3436.66,3509.8,3050.83,8273,2719
Philippine Airlines,MNL-CEB,2023.0,8,39850.56,36.13,3436.66,3509.8,3050.83,8273,2719
AirAsia,MNL-CGY,2023.0,8,5131.74,18.46,4562.9,3509.8,3206.26,8273,815
Cebu Pacific,MNL-CGY,2023.0,8,24593.25,41.24,4562.9,3509.8,3206.26,8273,815
Philippine Airlines,MNL-CGY,2023.0,8,10699.536,36.13,4562.9,3509.8,3206.26,8273,815
Philippine Airlines,MNL-CRM,2023.0,8,934.048,36.13,10000.0,3509.8,10000.0,8273,17
Philippine Airlines,MNL-CYP,2023.0,8,879.104,36.13,10000.0,3509.8,5000.0,8273,64
Cebu Pacific,MNL-CYZ,2023.0,8,4082.8859999999995,41.24,10000.0,3509.8,10000.0,8273,54
Cebu Pacific,MNL-DGT,2023.0,8,10736.478,41.24,5113.5,3509.8,5006.95,8273,223
Philippine Airlines,MNL-DGT,2023.0,8,7924.8640000000005,36.13,5113.5,3509.8,5006.95,8273,223
Cebu Pacific,MNL-DPL,2023.0,8,4385.322,41.24,5047.43,3509.8,4974.83,8273,108
Philippine Airlines,MNL-DPL,2023.0,8,3606.9120000000003,36.13,5047.43,3509.8,4974.83,8273,108
Cebu Pacific,MNL-DRP,2023.0,8,6307.254,41.24,5197.62,3509.8,5203.2,8273,254
Philippine Airlines,MNL-DRP,2023.0,8,9437.44,36.13,5197.62,3509.8,5203.2,8273,254
Cebu Pacific,MNL-DVO,2023.0,8,35137.047,41.24,5005.47,3509.8,4821.32,8273,1157
Philippine Airlines,MNL-DVO,2023.0,8,37541.296,36.13,5005.47,3509.8,4821.32,8273,1157
Philippine Airlines,MNL-EUQ,2023.0,8,769.216,36.13,10000.0,3509.8,10000.0,8273,26
Cebu Pacific,MNL-GES,2023.0,8,10996.638,41.24,5072.84,3509.8,5072.84,8273,220
Philippine Airlines,MNL-GES,2023.0,8,14015.568,36.13,5072.84,3509.8,5072.84,8273,220
Philippine Airlines,MNL-IAO,2023.0,8,5054.848,36.13,10000.0,3509.8,5454.34,8273,394
AirAsia,MNL-ILO,2023.0,8,20526.96,18.46,3386.93,3509.8,3172.17,8273,783
Cebu Pacific,MNL-ILO,2023.0,8,15474.642,41.24,3386.93,3509.8,3172.17,8273,783
Philippine Airlines,MNL-ILO,2023.0,8,16310.288,36.13,3386.93,3509.8,3172.17,8273,783
AirAsia,MNL-KLO,2023.0,8,15229.679999999998,18.46,6400.69,3509.8,6411.02,8273,247
Cebu Pacific,MNL-KLO,2023.0,8,4687.758,41.24,6400.69,3509.8,6411.02,8273,247
Philippine Airlines,MNL-LAO,2023.0,8,3867.088,36.13,10000.0,3509.8,10000.0,8273,83
AirAsia,MNL-MPH,2023.0,8,15395.22,18.46,3139.56,3509.8,3281.43,8273,892
Cebgo,MNL-MPH,2023.0,8,1697.544,4.18,3139.56,3509.8,3281.43,8273,892
Cebu Pacific,MNL-MPH,2023.0,8,15877.89,41.24,3139.56,3509.8,3281.43,8273,892
Philippine Airlines,MNL-MPH,2023.0,8,12263.824,36.13,3139.56,3509.8,3281.43,8273,892
Cebu Pacific,MNL-OZC,2023.0,8,6956.027999999999,41.24,10000.0,3509.8,5936.46,8273,136
Cebu Pacific,MNL-PAG,2023.0,8,4385.322,41.24,10000.0,3509.8,8012.04,8273,114
AirAsia,MNL-PPS,2023.0,8,5131.74,18.46,3568.73,3509.8,3535.07,8273,471
Cebu Pacific,MNL-PPS,2023.0,8,10110.468,41.24,3568.73,3509.8,3535.07,8273,471
Philippine Airlines,MNL-PPS,2023.0,8,7708.320000000001,36.13,3568.73,3509.8,3535.07,8273,471
Cebu Pacific,MNL-RXS,2023.0,8,4082.8859999999995,41.24,10000.0,3509.8,4955.01,8273,122
AirAsia,MNL-TAC,2023.0,8,7945.92,18.46,3346.04,3509.8,3176.17,8273,636
Cebu Pacific,MNL-TAC,2023.0,8,9224.297999999999,41.24,3346.04,3509.8,3176.17,8273,636
Philippine Airlines,MNL-TAC,2023.0,8,8430.672,36.13,3346.04,3509.8,3176.17,8273,636
AirAsia,MNL-TAG,2023.0,8,10263.48,18.46,3558.46,3509.8,3341.86,8273,401
Cebu Pacific,MNL-TAG,2023.0,8,5260.11,41.24,3558.46,3509.8,3341.86,8273,401
Philippine Airlines,MNL-TAG,2023.0,8,8151.104,36.13,3558.46,3509.8,3341.86,8273,401
Cebu Pacific,MNL-TUG,2023.0,8,3931.6679999999997,41.24,10000.0,3509.8,10000.0,8273,73
Cebgo,MNL-USU,2023.0,8,1814.616,4.18,10000.0,3509.8,5488.68,8273,296
Cebgo,MNL-WNP,2023.0,8,2985.3360000000002,4.18,10000.0,3509.8,10000.0,8273,100
Cebu Pacific,MPH-CEB,2023.0,8,4687.758,41.24,5194.05,3281.43,3050.83,892,2719
Philippine Airlines,MPH-CEB,2023.0,8,3144.7360000000003,36.13,5194.05,3281.43,3050.83,892,2719
Cebu Pacific,MPH-CRK,2023.0,8,3024.3599999999997,41.24,10000.0,3281.43,7340.41,892,94
AirAsia,MPH-MNL,2023.0,8,20361.42,18.46,3191.3,3281.43,3509.8,892,8273
Cebgo,MPH-MNL,2023.0,8,1756.08,4.18,3191.3,3281.43,3509.8,892,8273
Cebu Pacific,MPH-MNL,2023.0,8,20414.43,41.24,3191.3,3281.43,3509.8,892,8273
Philippine Airlines,MPH-MNL,2023.0,8,15489.36,36.13,3191.3,3281.43,3509.8,892,8273
Cebgo,OZC-CEB,2023.0,8,995.1120000000001,4.18,10000.0,5936.46,3050.83,136,2719
Cebu Pacific,OZC-MNL,2023.0,8,6804.8099999999995,41.24,5392.34,5936.46,3509.8,136,8273
Philippine Airlines,OZC-MNL,2023.0,8,3826.688,36.13,5392.34,5936.46,3509.8,136,8273
Cebgo,PAG-CEB,2023.0,8,1580.472,4.18,10000.0,8012.04,3050.83,114,2719
Cebu Pacific,PAG-MNL,2023.0,8,8619.426,41.24,10000.0,8012.04,3509.8,114,8273
Cebu Pacific,PPS-CEB,2023.0,8,1360.962,41.24,5018.73,3535.07,3050.83,471,2719
Philippine Airlines,PPS-CEB,2023.0,8,1538.432,36.13,5018.73,3535.07,3050.83,471,2719
AirAsia,PPS-MNL,2023.0,8,10263.48,18.46,3535.86,3535.07,3509.8,471,8273
Cebu Pacific,PPS-MNL,2023.0,8,12258.414,41.24,3535.86,3535.07,3509.8,471,8273
Philippine Airlines,PPS-MNL,2023.0,8,18133.136000000002,36.13,3535.86,3535.07,3509.8,471,8273
AirAsia,RXS-MNL,2023.0,8,2317.56,18.46,4186.29,4955.01,3509.8,122,8273
Cebu Pacific,RXS-MNL,2023.0,8,8165.771999999999,41.24,4186.29,4955.01,3509.8,122,8273
Philippine Airlines,RXS-MNL,2023.0,8,4057.7760000000003,36.13,4186.29,4955.01,3509.8,122,8273
Cebgo,SUG-CEB,2023.0,8,409.752,4.18,10000.0,10000.0,3050.83,7,2719
Cebgo,TAC-CEB,2023.0,8,1229.256,4.18,5106.04,3176.17,3050.83,636,2719
Philippine Airlines,TAC-CEB,2023.0,8,1648.3200000000002,36.13,5106.04,3176.17,3050.83,636,2719
AirAsia,TAC-MNL,2023.0,8,19654.76,18.46,3533.57,3176.17,3509.8,636,8273
Cebu Pacific,TAC-MNL,2023.0,8,23438.789999999997,41.24,3533.57,3176.17,3509.8,636,8273
Philippine Airlines,TAC-MNL,2023.0,8,12488.448,36.13,3533.57,3176.17,3509.8,636,8273
Philippine Airlines,TAG-DVO,2023.0,8,1208.768,36.13,10000.0,3341.86,4821.32,401,1157
AirAsia,TAG-MNL,2023.0,8,10263.48,18.46,3603.48,3341.86,3509.8,401,8273
Cebu Pacific,TAG-MNL,2023.0,8,16380.324,41.24,3603.48,3341.86,3509.8,401,8273
Philippine Airlines,TAG-MNL,2023.0,8,8601.968,36.13,3603.48,3341.86,3509.8,401,8273
Cebu Pacific,TUG-MNL,2023.0,8,7107.245999999999,41.24,10000.0,10000.0,3509.8,73,8273
Cebgo,USU-CEB,2023.0,8,2399.976,4.18,5544.79,5488.68,3050.83,296,2719
Philippine Airlines,USU-CEB,2023.0,8,1208.768,36.13,5544.79,5488.68,3050.83,296,2719
Philippine Airlines,USU-CRK,2023.0,8,879.104,36.13,10000.0,5488.68,7340.41,296,94
Cebgo,USU-MNL,2023.0,8,5092.6320000000005,4.18,6369.58,5488.68,3509.8,296,8273
Philippine Airlines,USU-MNL,2023.0,8,1593.376,36.13,6369.58,5488.68,3509.8,296,8273
Cebgo,WNP-MNL,2023.0,8,2868.264,4.18,10000.0,10000.0,3509.8,100,8273
Cebu Pacific,ZAM-CEB,2023.0,8,756.0899999999999,41.24,5527.45,5231.58,3050.83,188,2719
Philippine Airlines,ZAM-CEB,2023.0,8,1483.488,36.13,5527.45,5231.58,3050.83,188,2719
Cebu Pacific,ZAM-MNL,2023.0,8,14588.472,41.24,5658.85,5231.58,3509.8,188,8273
Philippine Airlines,ZAM-MNL,2023.0,8,6817.904,36.13,5658.85,5231.58,3509.8,188,8273
Cebu Pacific,ZAM-TWT,2023.0,8,302.436,41.24,7540.22,5231.58,7540.22,188,14
Philippine Airlines,ZAM-TWT,2023.0,8,1803.4560000000001,36.13,7540.22,5231.58,7540.22,188,14
Philippine Airlines,BCD-CEB,2023.0,9,439.552,35.78,10000.0,3437.22,3051.21,476,2556
Cebu Pacific,BCD-DVO,2023.0,9,2354.76,41.92,10000.0,3437.22,4808.15,476,1026
AirAsia,BCD-MNL,2023.0,9,12746.58,17.27,3381.24,3437.22,3542.48,476,7426
Cebu Pacific,BCD-MNL,2023.0,9,17133.2,41.92,3381.24,3437.22,3542.48,476,7426
Philippine Airlines,BCD-MNL,2023.0,9,15594.400000000001,35.78,3381.24,3437.22,3542.48,476,7426
Philippine Airlines,BPA-CEB,2023.0,9,494.49600000000004,35.78,10000.0,10000.0,3051.21,20,2556
Cebgo,BXU-CEB,2023.0,9,1215.3600000000001,5.03,10000.0,4376.19,3051.21,257,2556
Cebu Pacific,BXU-MNL,2023.0,9,8588.544,41.92,5005.96,4376.19,3542.48,257,7426
Philippine Airlines,BXU-MNL,2023.0,9,8015.360000000001,35.78,5005.96,4376.19,3542.48,257,7426
Cebgo,CEB-BCD,2023.0,9,60.768,5.03,7643.49,3051.21,3437.22,2556,476
Philippine Airlines,CEB-BCD,2023.0,9,384.608,35.78,7643.49,3051.21,3437.22,2556,476
Philippine Airlines,CEB-BPA,2023.0,9,604.384,35.78,10000.0,3051.21,10000.0,2556,20
Cebgo,CEB-BXU,2023.0,9,1276.128,5.03,10000.0,3051.21,4376.19,2556,257
Cebgo,CEB-CEB,2023.0,9,60.768,5.03,10000.0,3051.21,3051.21,2556,2556
Cebgo,CEB-CGY,2023.0,9,6806.016,5.03,7205.41,3051.21,3366.88,2556,805
Philippine Airlines,CEB-CGY,2023.0,9,1373.6000000000001,35.78,7205.41,3051.21,3366.88,2556,805
Cebgo,CEB-CRK,2023.0,9,364.608,5.03,5027.85,3051.21,4101.45,2556,74
Cebu Pacific,CEB-CRK,2023.0,9,313.968,41.92,5027.85,3051.21,4101.45,2556,74
Cebgo,CEB-CYP,2023.0,9,1093.824,5.03,10000.0,3051.21,5061.67,2556,81
Cebgo,CEB-DGT,2023.0,9,60.768,5.03,10000.0,3051.21,5136.86,2556,192
Cebgo,CEB-DPL,2023.0,9,60.768,5.03,10000.0,3051.21,4973.11,2556,112
Cebgo,CEB-DRP,2023.0,9,60.768,5.03,10000.0,3051.21,4969.22,2556,293
Cebu Pacific,CEB-DVO,2023.0,9,5494.4400000000005,41.92,5000.18,3051.21,4808.15,2556,1026
Philippine Airlines,CEB-DVO,2023.0,9,5429.76,35.78,5000.18,3051.21,4808.15,2556,1026
Cebgo,CEB-IAO,2023.0,9,3524.544,5.03,5005.58,3051.21,5455.65,2556,392
Philippine Airlines,CEB-IAO,2023.0,9,3296.6400000000003,35.78,5005.58,3051.21,5455.65,2556,392
Cebgo,CEB-ILO,2023.0,9,2795.328,5.03,10000.0,3051.21,3120.25,2556,669
AirAsia,CEB-MNL,2023.0,9,14733.06,17.27,3931.17,3051.21,3542.48,2556,7426
Cebu Pacific,CEB-MNL,2023.0,9,47709.632000000005,41.92,3931.17,3051.21,3542.48,2556,7426
Philippine Airlines,CEB-MNL,2023.0,9,33139.312,35.78,3931.17,3051.21,3542.48,2556,7426
Cebu Pacific,CEB-MPH,2023.0,9,4709.52,41.92,5898.62,3051.21,3190.05,2556,766
Philippine Airlines,CEB-MPH,2023.0,9,1905.2640000000001,35.78,5898.62,3051.21,3190.05,2556,766
Cebgo,CEB-PAG,2023.0,9,486.144,5.03,10000.0,3051.21,7459.39,2556,125
Cebu Pacific,CEB-PPS,2023.0,9,1412.856,41.92,5078.13,3051.21,3510.72,2556,436
Philippine Airlines,CEB-PPS,2023.0,9,1098.88,35.78,5078.13,3051.21,3510.72,2556,436
Cebgo,CEB-TAC,2023.0,9,1640.736,5.03,5000.03,3051.21,3107.39,2556,563
Philippine Airlines,CEB-TAC,2023.0,9,1648.3200000000002,35.78,5000.03,3051.21,3107.39,2556,563
Cebgo,CEB-USU,2023.0,9,1823.04,5.03,5252.69,3051.21,5606.06,2556,287
Philippine Airlines,CEB-USU,2023.0,9,1153.824,35.78,5252.69,3051.21,5606.06,2556,287
Cebgo,CGY-CEB,2023.0,9,6866.784,5.03,7148.92,3366.88,3051.21,805,2556
Philippine Airlines,CGY-CEB,2023.0,9,1428.544,35.78,7148.92,3366.88,3051.21,805,2556
Cebgo,CGY-DVO,2023.0,9,911.52,5.03,10000.0,3366.88,4808.15,805,1026
AirAsia,CGY-MNL,2023.0,9,4966.2,17.27,4176.25,3366.88,3542.48,805,7426
Cebu Pacific,CGY-MNL,2023.0,9,21916.992000000002,41.92,4176.25,3366.88,3542.48,805,7426
Philippine Airlines,CGY-MNL,2023.0,9,14510.064,35.78,4176.25,3366.88,3542.48,805,7426
Cebgo,CRK-CEB,2023.0,9,364.608,5.03,6940.87,4101.45,3051.21,74,2556
Cebu Pacific,CRK-CEB,2023.0,9,1569.8400000000001,41.92,6940.87,4101.45,3051.21,74,2556
Cebu Pacific,CRK-MNL,2023.0,9,194.12,41.92,10000.0,4101.45,3542.48,74,7426
Cebu Pacific,CRK-MPH,2023.0,9,784.9200000000001,41.92,10000.0,4101.45,3190.05,74,766
Cebgo,CRK-PPS,2023.0,9,243.072,5.03,10000.0,4101.45,3510.72,74,436
Philippine Airlines,CRK-USU,2023.0,9,879.104,35.78,10000.0,4101.45,5606.06,74,287
Cebgo,CYP-CEB,2023.0,9,972.288,5.03,10000.0,5061.67,3051.21,81,2556
Philippine Airlines,CYP-MNL,2023.0,9,1318.656,35.78,10000.0,5061.67,3542.48,81,7426
Cebu Pacific,CYZ-MNL,2023.0,9,4395.552000000001,41.92,10000.0,10000.0,3542.48,56,7426
Cebgo,DGT-CEB,2023.0,9,60.768,5.03,10000.0,5136.86,3051.21,192,2556
Cebu Pacific,DGT-MNL,2023.0,9,3610.632,41.92,5828.15,5136.86,3542.48,192,7426
Philippine Airlines,DGT-MNL,2023.0,9,8566.416000000001,35.78,5828.15,5136.86,3542.48,192,7426
Cebu Pacific,DPL-MNL,2023.0,9,4081.5840000000003,41.92,5005.38,4973.11,3542.48,112,7426
Philippine Airlines,DPL-MNL,2023.0,9,4358.352000000001,35.78,5005.38,4973.11,3542.48,112,7426
Cebgo,DRP-CEB,2023.0,9,60.768,5.03,10000.0,4969.22,3051.21,293,2556
Cebu Pacific,DRP-MNL,2023.0,9,9373.464,41.92,5001.32,4969.22,3542.48,293,7426
Philippine Airlines,DRP-MNL,2023.0,9,9683.072,35.78,5001.32,4969.22,3542.48,293,7426
Cebu Pacific,DVO-BCD,2023.0,9,2354.76,41.92,10000.0,4808.15,3437.22,1026,476
Cebu Pacific,DVO-CEB,2023.0,9,5337.456,41.92,5001.11,4808.15,3051.21,1026,2556
Philippine Airlines,DVO-CEB,2023.0,9,5499.2480000000005,35.78,5001.11,4808.15,3051.21,1026,2556
Cebgo,DVO-CGY,2023.0,9,911.52,5.03,10000.0,4808.15,3366.88,1026,805
Cebgo,DVO-IAO,2023.0,9,789.984,5.03,10000.0,4808.15,5455.65,1026,392
Cebu Pacific,DVO-MNL,2023.0,9,31211.12,41.92,5014.21,4808.15,3542.48,1026,7426
Philippine Airlines,DVO-MNL,2023.0,9,34726.224,35.78,5014.21,4808.15,3542.48,1026,7426
Philippine Airlines,DVO-TAG,2023.0,9,988.9920000000001,35.78,10000.0,4808.15,3357.62,1026,359
Philippine Airlines,EUQ-MNL,2023.0,9,714.272,35.78,10000.0,10000.0,3542.48,25,7426
Cebu Pacific,GES-MNL,2023.0,9,9321.98,41.92,5180.52,5156.23,3542.48,197,7426
Philippine Airlines,GES-MNL,2023.0,9,13695.6,35.78,5180.52,5156.23,3542.48,197,7426
Cebgo,IAO-CEB,2023.0,9,2734.56,5.03,5043.43,5455.65,3051.21,392,2556
Philippine Airlines,IAO-CEB,2023.0,9,3296.6400000000003,35.78,5043.43,5455.65,3051.21,392,2556
Cebgo,IAO-DVO,2023.0,9,729.216,5.03,10000.0,5455.65,4808.15,392,1026
Philippine Airlines,IAO-MNL,2023.0,9,3021.92,35.78,10000.0,5455.65,3542.48,392,7426
Cebgo,ILO-CEB,2023.0,9,2734.56,5.03,10000.0,3120.25,3051.21,669,2556
Cebgo,ILO-ILO,2023.0,9,60.768,5.03,10000.0,3120.25,3120.25,669,669
AirAsia,ILO-MNL,2023.0,9,21466.8,17.27,3559.9,3120.25,3542.48,669,7426
Cebu Pacific,ILO-MNL,2023.0,9,16886.752,41.92,3559.9,3120.25,3542.48,669,7426
Philippine Airlines,ILO-MNL,2023.0,9,10990.416000000001,35.78,3559.9,3120.25,3542.48,669,7426
AirAsia,KLO-MNL,2023.0,9,12746.58,17.27,6828.49,6828.49,3542.48,194,7426
Cebu Pacific,KLO-MNL,2023.0,9,3139.6800000000003,41.92,6828.49,6828.49,3542.48,194,7426
Philippine Airlines,LAO-MNL,2023.0,9,5765.888000000001,35.78,10000.0,10000.0,3542.48,60,7426
AirAsia,MNL-BCD,2023.0,9,7945.92,17.27,3385.89,3542.48,3437.22,7426,476
Cebu Pacific,MNL-BCD,2023.0,9,9702.624,41.92,3385.89,3542.48,3437.22,7426,476
Philippine Airlines,MNL-BCD,2023.0,9,7223.52,35.78,3385.89,3542.48,3437.22,7426,476
Philippine Airlines,MNL-BSO,2023.0,9,1648.3200000000002,35.78,10000.0,3542.48,10000.0,7426,30
Cebu Pacific,MNL-BXU,2023.0,9,8431.560000000001,41.92,5004.13,3542.48,4376.19,7426,257
Philippine Airlines,MNL-BXU,2023.0,9,7960.416,35.78,5004.13,3542.48,4376.19,7426,257
AirAsia,MNL-CEB,2023.0,9,19699.26,17.27,3537.69,3542.48,3051.21,7426,2556
Cebu Pacific,MNL-CEB,2023.0,9,36936.816,41.92,3537.69,3542.48,3051.21,7426,2556
Philippine Airlines,MNL-CEB,2023.0,9,33360.704,35.78,3537.69,3542.48,3051.21,7426,2556
AirAsia,MNL-CGY,2023.0,9,4966.2,17.27,4792.96,3542.48,3366.88,7426,805
Cebu Pacific,MNL-CGY,2023.0,9,27406.368000000002,41.92,4792.96,3542.48,3366.88,7426,805
Philippine Airlines,MNL-CGY,2023.0,9,10752.864000000001,35.78,4792.96,3542.48,3366.88,7426,805
Philippine Airlines,MNL-CRM,2023.0,9,1098.88,35.78,10000.0,3542.48,10000.0,7426,20
Philippine Airlines,MNL-CYP,2023.0,9,1263.712,35.78,10000.0,3542.48,5061.67,7426,81
Cebu Pacific,MNL-CYZ,2023.0,9,4395.552000000001,41.92,10000.0,3542.48,10000.0,7426,56
Cebu Pacific,MNL-DGT,2023.0,9,8163.168000000001,41.92,5005.38,3542.48,5136.86,7426,192
Philippine Airlines,MNL-DGT,2023.0,9,8716.704000000002,35.78,5005.38,3542.48,5136.86,7426,192
Cebu Pacific,MNL-DPL,2023.0,9,4081.5840000000003,41.92,5012.36,3542.48,4973.11,7426,112
Philippine Airlines,MNL-DPL,2023.0,9,4508.64,35.78,5012.36,3542.48,4973.11,7426,112
Cebu Pacific,MNL-DRP,2023.0,9,9530.448,41.92,5000.32,3542.48,4969.22,7426,293
Philippine Airlines,MNL-DRP,2023.0,9,9683.072,35.78,5000.32,3542.48,4969.22,7426,293
Cebu Pacific,MNL-DVO,2023.0,9,28761.832000000002,41.92,5044.13,3542.48,4808.15,7426,1026
Philippine Airlines,MNL-DVO,2023.0,9,34726.224,35.78,5044.13,3542.48,4808.15,7426,1026
Philippine Airlines,MNL-EUQ,2023.0,9,659.328,35.78,10000.0,3542.48,10000.0,7426,25
Cebu Pacific,MNL-GES,2023.0,9,9710.22,41.92,5133.88,3542.48,5156.23,7426,197
Philippine Airlines,MNL-GES,2023.0,9,13509.76,35.78,5133.88,3542.48,5156.23,7426,197
Philippine Airlines,MNL-IAO,2023.0,9,4890.0160000000005,35.78,10000.0,3542.48,5455.65,7426,392
AirAsia,MNL-ILO,2023.0,9,15560.759999999998,17.27,3422.46,3542.48,3120.25,7426,669
Cebu Pacific,MNL-ILO,2023.0,9,16572.784,41.92,3422.46,3542.48,3120.25,7426,669
Philippine Airlines,MNL-ILO,2023.0,9,11140.704000000002,35.78,3422.46,3542.48,3120.25,7426,669
AirAsia,MNL-KLO,2023.0,9,12746.58,17.27,6828.49,3542.48,6828.49,7426,194
Cebu Pacific,MNL-KLO,2023.0,9,3139.6800000000003,41.92,6828.49,3542.48,6828.49,7426,194
Philippine Airlines,MNL-LAO,2023.0,9,3156.0480000000002,35.78,10000.0,3542.48,10000.0,7426,60
Philippine Airlines,MNL-MNL,2023.0,9,54.944,35.78,10000.0,3542.48,3542.48,7426,7426
AirAsia,MNL-MPH,2023.0,9,14236.439999999999,17.27,3110.93,3542.48,3190.05,7426,766
Cebgo,MNL-MPH,2023.0,9,1823.04,5.03,3110.93,3542.48,3190.05,7426,766
Cebu Pacific,MNL-MPH,2023.0,9,14285.544000000002,41.92,3110.93,3542.48,3190.05,7426,766
Philippine Airlines,MNL-MPH,2023.0,9,10815.888,35.78,3110.93,3542.48,3190.05,7426,766
Cebu Pacific,MNL-OZC,2023.0,9,5965.392000000001,41.92,10000.0,3542.48,5130.99,7426,131
Cebu Pacific,MNL-PAG,2023.0,9,4395.552000000001,41.92,10000.0,3542.48,7459.39,7426,125
AirAsia,MNL-PPS,2023.0,9,4635.12,17.27,3763.6,3542.48,3510.72,7426,436
Cebu Pacific,MNL-PPS,2023.0,9,10644.528,41.92,3763.6,3542.48,3510.72,7426,436
Philippine Airlines,MNL-PPS,2023.0,9,6092.320000000001,35.78,3763.6,3542.48,3510.72,7426,436
Cebu Pacific,MNL-RXS,2023.0,9,3924.6000000000004,41.92,10000.0,3542.48,4609.14,7426,106
AirAsia,MNL-TAC,2023.0,9,7945.92,17.27,3452.36,3542.48,3107.39,7426,563
Cebu Pacific,MNL-TAC,2023.0,9,5337.456,41.92,3452.36,3542.48,3107.39,7426,563
Philippine Airlines,MNL-TAC,2023.0,9,8471.072,35.78,3452.36,3542.48,3107.39,7426,563
AirAsia,MNL-TAG,2023.0,9,9766.859999999999,17.27,3571.12,3542.48,3357.62,7426,359
Cebu Pacific,MNL-TAG,2023.0,9,4895.2,41.92,3571.12,3542.48,3357.62,7426,359
Philippine Airlines,MNL-TAG,2023.0,9,8451.68,35.78,3571.12,3542.48,3357.62,7426,359
Cebu Pacific,MNL-TUG,2023.0,9,4395.552000000001,41.92,10000.0,3542.48,10000.0,7426,81
Cebgo,MNL-USU,2023.0,9,1823.04,5.03,10000.0,3542.48,5606.06,7426,287
Cebgo,MNL-WNP,2023.0,9,3585.312,5.03,10000.0,3542.48,10000.0,7426,116
Cebu Pacific,MPH-CEB,2023.0,9,4709.52,41.92,5898.62,3190.05,3051.21,766,2556
Philippine Airlines,MPH-CEB,2023.0,9,1905.2640000000001,35.78,5898.62,3190.05,3051.21,766,2556
Cebu Pacific,MPH-CRK,2023.0,9,784.9200000000001,41.92,10000.0,3190.05,4101.45,766,74
Cebu Pacific,MPH-ILO,2023.0,9,156.984,41.92,10000.0,3190.05,3120.25,766,669
AirAsia,MPH-MNL,2023.0,9,18706.02,17.27,3169.3,3190.05,3542.48,766,7426
Cebgo,MPH-MNL,2023.0,9,1823.04,5.03,3169.3,3190.05,3542.48,766,7426
Cebu Pacific,MPH-MNL,2023.0,9,14442.528,41.92,3169.3,3190.05,3542.48,766,7426
Philippine Airlines,MPH-MNL,2023.0,9,13356.240000000002,35.78,3169.3,3190.05,3542.48,766,7426
Cebu Pacific,MPH-MPH,2023.0,9,313.968,41.92,10000.0,3190.05,3190.05,766,766
Cebgo,OZC-CEB,2023.0,9,1579.968,5.03,10000.0,5130.99,3051.21,131,2556
Cebu Pacific,OZC-MNL,2023.0,9,5965.392000000001,41.92,5121.16,5130.99,3542.48,131,7426
Philippine Airlines,OZC-MNL,2023.0,9,4358.352000000001,35.78,5121.16,5130.99,3542.48,131,7426
Cebgo,PAG-CEB,2023.0,9,1883.808,5.03,10000.0,7459.39,3051.21,125,2556
Cebu Pacific,PAG-MNL,2023.0,9,9105.072,41.92,10000.0,7459.39,3542.48,125,7426
Cebu Pacific,PPS-CEB,2023.0,9,1412.856,41.92,5112.75,3510.72,3051.21,436,2556
Philippine Airlines,PPS-CEB,2023.0,9,1043.9360000000001,35.78,5112.75,3510.72,3051.21,436,2556
Cebgo,PPS-CRK,2023.0,9,243.072,5.03,10000.0,3510.72,4101.45,436,74
AirAsia,PPS-MNL,2023.0,9,9766.859999999999,17.27,3444.21,3510.72,3542.48,436,7426
Cebu Pacific,PPS-MNL,2023.0,9,14878.032000000001,41.92,3444.21,3510.72,3542.48,436,7426
Philippine Airlines,PPS-MNL,2023.0,9,14839.728000000001,35.78,3444.21,3510.72,3542.48,436,7426
AirAsia,RXS-MNL,2023.0,9,2152.02,17.27,3866.49,4609.14,3542.48,106,7426
Cebu Pacific,RXS-MNL,2023.0,9,6279.360000000001,41.92,3866.49,4609.14,3542.48,106,7426
Philippine Airlines,RXS-MNL,2023.0,9,4208.064,35.78,3866.49,4609.14,3542.48,106,7426
Cebgo,SUG-CEB,2023.0,9,668.448,5.03,10000.0,10000.0,3051.21,11,2556
Cebgo,TAC-CEB,2023.0,9,1215.3600000000001,5.03,5114.29,3107.39,3051.21,563,2556
Philippine Airlines,TAC-CEB,2023.0,9,1648.3200000000002,35.78,5114.29,3107.39,3051.21,563,2556
AirAsia,TAC-MNL,2023.0,9,17216.16,17.27,3432.62,3107.39,3542.48,563,7426
Cebu Pacific,TAC-MNL,2023.0,9,19936.968,41.92,3432.62,3107.39,3542.48,563,7426
Philippine Airlines,TAC-MNL,2023.0,9,12936.080000000002,35.78,3432.62,3107.39,3542.48,563,7426
Philippine Airlines,TAG-DVO,2023.0,9,988.9920000000001,35.78,10000.0,3357.62,4808.15,359,1026
AirAsia,TAG-MNL,2023.0,9,9766.859999999999,17.27,3373.53,3357.62,3542.48,359,7426
Cebu Pacific,TAG-MNL,2023.0,9,11078.344000000001,41.92,3373.53,3357.62,3542.48,359,7426
Philippine Airlines,TAG-MNL,2023.0,9,8451.68,35.78,3373.53,3357.62,3542.48,359,7426
Cebu Pacific,TUG-MNL,2023.0,9,8320.152,41.92,10000.0,10000.0,3542.48,81,7426
Cebgo,USU-CEB,2023.0,9,2430.7200000000003,5.03,5634.47,5606.06,3051.21,287,2556
Philippine Airlines,USU-CEB,2023.0,9,1153.824,35.78,5634.47,5606.06,3051.21,287,2556
Philippine Airlines,USU-CRK,2023.0,9,824.1600000000001,35.78,10000.0,5606.06,4101.45,287,74
Cebgo,USU-MNL,2023.0,9,5286.816,5.03,6577.91,5606.06,3542.48,287,7426
Philippine Airlines,USU-MNL,2023.0,9,1483.488,35.78,6577.91,5606.06,3542.48,287,7426
Cebgo,WNP-MNL,2023.0,9,3463.776,5.03,10000.0,10000.0,3542.48,116,7426
Cebu Pacific,ZAM-CEB,2023.0,9,941.904,41.92,5249.31,5425.0,3051.21,200,2556
Philippine Airlines,ZAM-CEB,2023.0,9,1483.488,35.78,5249.31,5425.0,3051.21,200,2556
Cebu Pacific,ZAM-MNL,2023.0,9,14239.968,41.92,5633.67,5425.0,3542.48,200,7426
Philippine Airlines,ZAM-MNL,2023.0,9,6762.960000000001,35.78,5633.67,5425.0,3542.48,200,7426
Cebu Pacific,ZAM-TWT,2023.0,9,3139.6800000000003,41.92,5365.36,5425.0,5365.36,200,32
Philippine Airlines,ZAM-TWT,2023.0,9,1803.4560000000001,35.78,5365.36,5425.0,5365.36,200,32
Philippine Airlines,BCD-CEB,2023.0,10,988.9920000000001,34.2,10000.0,3595.28,3084.26,623,2548
Cebu Pacific,BCD-DVO,2023.0,10,3296.664,44.77,10000.0,3595.28,4786.34,623,1061
AirAsia,BCD-MNL,2023.0,10,14530.320000000002,16.98,3466.46,3595.28,3614.85,623,8116
Cebu Pacific,BCD-MNL,2023.0,10,23333.224000000002,44.77,3466.46,3595.28,3614.85,623,8116
Philippine Airlines,BCD-MNL,2023.0,10,17302.512000000002,34.2,3466.46,3595.28,3614.85,623,8116
Philippine Airlines,BPA-CEB,2023.0,10,439.552,34.2,10000.0,10000.0,3084.26,16,2548
Cebgo,BXU-CEB,2023.0,10,729.216,4.05,6992.5,4986.08,3084.26,327,2548
Philippine Airlines,BXU-CEB,2023.0,10,164.832,34.2,6992.5,4986.08,3084.26,327,2548
Cebu Pacific,BXU-MNL,2023.0,10,14516.800000000001,44.77,5322.37,4986.08,3614.85,327,8116
Philippine Airlines,BXU-MNL,2023.0,10,8637.52,34.2,5322.37,4986.08,3614.85,327,8116
Philippine Airlines,CBO-MNL,2023.0,10,4208.064,34.2,10000.0,10000.0,3614.85,66,8116
Philippine Airlines,CBO-TWT,2023.0,10,494.49600000000004,34.2,10000.0,10000.0,5003.26,66,33
Cebgo,CEB-BCD,2023.0,10,60.768,4.05,8852.93,3084.26,3595.28,2548,623
Philippine Airlines,CEB-BCD,2023.0,10,934.048,34.2,8852.93,3084.26,3595.28,2548,623
Philippine Airlines,CEB-BPA,2023.0,10,439.552,34.2,10000.0,3084.26,10000.0,2548,16
Cebgo,CEB-BXU,2023.0,10,729.216,4.05,6992.5,3084.26,4986.08,2548,327
Philippine Airlines,CEB-BXU,2023.0,10,164.832,34.2,6992.5,3084.26,4986.08,2548,327
Cebgo,CEB-CEB,2023.0,10,121.536,4.05,5012.67,3084.26,3084.26,2548,2548
Philippine Airlines,CEB-CEB,2023.0,10,109.888,34.2,5012.67,3084.26,3084.26,2548,2548
Cebgo,CEB-CGY,2023.0,10,4679.136,4.05,6275.8,3084.26,3412.26,2548,750
Philippine Airlines,CEB-CGY,2023.0,10,1538.432,34.2,6275.8,3084.26,3412.26,2548,750
Cebgo,CEB-CRK,2023.0,10,60.768,4.05,9343.23,3084.26,6370.98,2548,80
Cebu Pacific,CEB-CRK,2023.0,10,1726.824,44.77,9343.23,3084.26,6370.98,2548,80
Cebgo,CEB-CYP,2023.0,10,1154.592,4.05,10000.0,3084.26,5012.46,2548,80
Cebgo,CEB-DRP,2023.0,10,60.768,4.05,10000.0,3084.26,4968.52,2548,285
Cebu Pacific,CEB-DVO,2023.0,10,5337.456,44.77,5012.2,3084.26,4786.34,2548,1061
Philippine Airlines,CEB-DVO,2023.0,10,4835.072,34.2,5012.2,3084.26,4786.34,2548,1061
Cebgo,CEB-IAO,2023.0,10,3767.616,4.05,5107.98,3084.26,5323.31,2548,389
Philippine Airlines,CEB-IAO,2023.0,10,2802.1440000000002,34.2,5107.98,3084.26,5323.31,2548,389
Cebgo,CEB-ILO,2023.0,10,1944.576,4.05,9465.53,3084.26,3180.11,2548,744
Philippine Airlines,CEB-ILO,2023.0,10,54.944,34.2,9465.53,3084.26,3180.11,2548,744
AirAsia,CEB-MNL,2023.0,10,18592.56,16.98,3787.39,3084.26,3614.85,2548,8116
Cebu Pacific,CEB-MNL,2023.0,10,48664.196,44.77,3787.39,3084.26,3614.85,2548,8116
Philippine Airlines,CEB-MNL,2023.0,10,32609.264,34.2,3787.39,3084.26,3614.85,2548,8116
Cebu Pacific,CEB-MPH,2023.0,10,4395.552000000001,44.77,5989.64,3084.26,3477.78,2548,842
Philippine Airlines,CEB-MPH,2023.0,10,1688.72,34.2,5989.64,3084.26,3477.78,2548,842
Cebgo,CEB-PAG,2023.0,10,607.6800000000001,4.05,10000.0,3084.26,7385.61,2548,134
Cebu Pacific,CEB-PPS,2023.0,10,2197.7760000000003,44.77,5080.35,3084.26,3585.58,2548,460
Philippine Airlines,CEB-PPS,2023.0,10,1703.2640000000001,34.2,5080.35,3084.26,3585.58,2548,460
Cebgo,CEB-TAC,2023.0,10,1762.272,4.05,5012.67,3084.26,3240.33,2548,613
Philippine Airlines,CEB-TAC,2023.0,10,1593.376,34.2,5012.67,3084.26,3240.33,2548,613
Cebgo,CEB-USU,2023.0,10,1762.272,4.05,5103.66,3084.26,5452.17,2548,295
Philippine Airlines,CEB-USU,2023.0,10,1318.656,34.2,5103.66,3084.26,5452.17,2548,295
Cebgo,CEB-ZAM,2023.0,10,60.768,4.05,10000.0,3084.26,5787.99,2548,220
Cebgo,CGY-CEB,2023.0,10,4679.136,4.05,6416.26,3412.26,3084.26,750,2548
Philippine Airlines,CGY-CEB,2023.0,10,1428.544,34.2,6416.26,3412.26,3084.26,750,2548
Cebgo,CGY-DVO,2023.0,10,1093.824,4.05,10000.0,3412.26,4786.34,750,1061
AirAsia,CGY-MNL,2023.0,10,4843.4400000000005,16.98,4082.42,3412.26,3614.85,750,8116
Cebu Pacific,CGY-MNL,2023.0,10,20375.848,44.77,4082.42,3412.26,3614.85,750,8116
Philippine Airlines,CGY-MNL,2023.0,10,16914.672000000002,34.2,4082.42,3412.26,3614.85,750,8116
Cebgo,CRK-CEB,2023.0,10,60.768,4.05,9343.23,6370.98,3084.26,80,2548
Cebu Pacific,CRK-CEB,2023.0,10,1726.824,44.77,9343.23,6370.98,3084.26,80,2548
Cebu Pacific,CRK-CRK,2023.0,10,156.984,44.77,10000.0,6370.98,6370.98,80,80
Cebu Pacific,CRK-MPH,2023.0,10,1412.856,44.77,10000.0,6370.98,3477.78,80,842
Philippine Airlines,CRK-USU,2023.0,10,988.9920000000001,34.2,10000.0,6370.98,5452.17,80,295
Cebgo,CYP-CEB,2023.0,10,1033.056,4.05,10000.0,5012.46,3084.26,80,2548
Philippine Airlines,CYP-MNL,2023.0,10,1263.712,34.2,10000.0,5012.46,3614.85,80,8116
Cebu Pacific,CYZ-MNL,2023.0,10,4709.52,44.77,10000.0,10000.0,3614.85,60,8116
Cebu Pacific,DGT-MNL,2023.0,10,7064.280000000001,44.77,5000.55,5081.27,3614.85,217,8116
Philippine Airlines,DGT-MNL,2023.0,10,7213.8240000000005,34.2,5000.55,5081.27,3614.85,217,8116
Cebu Pacific,DPL-MNL,2023.0,10,2354.76,44.77,5000.55,5000.55,3614.85,62,8116
Philippine Airlines,DPL-MNL,2023.0,10,2404.608,34.2,5000.55,5000.55,3614.85,62,8116
Cebgo,DRP-CEB,2023.0,10,60.768,4.05,10000.0,4968.52,3084.26,285,2548
Cebu Pacific,DRP-MNL,2023.0,10,9567.584,44.77,5000.06,4968.52,3614.85,285,8116
Philippine Airlines,DRP-MNL,2023.0,10,9503.696,34.2,5000.06,4968.52,3614.85,285,8116
Cebu Pacific,DVO-BCD,2023.0,10,3296.664,44.77,10000.0,4786.34,3595.28,1061,623
Cebu Pacific,DVO-CEB,2023.0,10,5494.4400000000005,44.77,5048.91,4786.34,3084.26,1061,2548
Philippine Airlines,DVO-CEB,2023.0,10,4505.408,34.2,5048.91,4786.34,3084.26,1061,2548
Cebgo,DVO-CGY,2023.0,10,1093.824,4.05,10000.0,4786.34,3412.26,1061,750
Cebgo,DVO-IAO,2023.0,10,789.984,4.05,10000.0,4786.34,5323.31,1061,389
Cebu Pacific,DVO-MNL,2023.0,10,32698.248,44.77,5000.42,4786.34,3614.85,1061,8116
Philippine Airlines,DVO-MNL,2023.0,10,33302.528,34.2,5000.42,4786.34,3614.85,1061,8116
Philippine Airlines,DVO-TAG,2023.0,10,1098.88,34.2,10000.0,4786.34,3345.98,1061,400
Philippine Airlines,EUQ-MNL,2023.0,10,604.384,34.2,10000.0,10000.0,3614.85,24,8116
Cebu Pacific,GES-MNL,2023.0,10,11998.304,44.77,5003.04,5003.31,3614.85,216,8116
Philippine Airlines,GES-MNL,2023.0,10,12604.8,34.2,5003.04,5003.31,3614.85,216,8116
Cebgo,IAO-CEB,2023.0,10,2916.864,4.05,5000.54,5323.31,3084.26,389,2548
Philippine Airlines,IAO-CEB,2023.0,10,2857.088,34.2,5000.54,5323.31,3084.26,389,2548
Cebgo,IAO-DVO,2023.0,10,789.984,4.05,10000.0,5323.31,4786.34,389,1061
Philippine Airlines,IAO-MNL,2023.0,10,3241.6960000000004,34.2,10000.0,5323.31,3614.85,389,8116
Cebu Pacific,ILO-BCD,2023.0,10,156.984,44.77,10000.0,3180.11,3595.28,744,623
Cebgo,ILO-CEB,2023.0,10,1944.576,4.05,10000.0,3180.11,3084.26,744,2548
AirAsia,ILO-MNL,2023.0,10,23237.760000000002,16.98,3463.71,3180.11,3614.85,744,8116
Cebu Pacific,ILO-MNL,2023.0,10,15002.944000000001,44.77,3463.71,3180.11,3614.85,744,8116
Philippine Airlines,ILO-MNL,2023.0,10,16383.008000000002,34.2,3463.71,3180.11,3614.85,744,8116
AirAsia,KLO-MNL,2023.0,10,14530.320000000002,16.98,6433.79,6423.5,3614.85,241,8116
Cebu Pacific,KLO-MNL,2023.0,10,4395.552000000001,44.77,6433.79,6423.5,3614.85,241,8116
Philippine Airlines,LAO-MNL,2023.0,10,5295.6320000000005,34.2,10000.0,10000.0,3614.85,52,8116
AirAsia,MNL-BCD,2023.0,10,9686.880000000001,16.98,3545.33,3614.85,3595.28,8116,623
Cebu Pacific,MNL-BCD,2023.0,10,15440.136,44.77,3545.33,3614.85,3595.28,8116,623
Philippine Airlines,MNL-BCD,2023.0,10,9052.832,34.2,3545.33,3614.85,3595.28,8116,623
Philippine Airlines,MNL-BSO,2023.0,10,1538.432,34.2,10000.0,3614.85,10000.0,8116,28
Cebu Pacific,MNL-BXU,2023.0,10,14359.816,44.77,5309.57,3614.85,4986.08,8116,327
Philippine Airlines,MNL-BXU,2023.0,10,8637.52,34.2,5309.57,3614.85,4986.08,8116,327
Philippine Airlines,MNL-CBO,2023.0,10,4358.352000000001,34.2,10000.0,3614.85,10000.0,8116,66
AirAsia,MNL-CEB,2023.0,10,23748.480000000003,16.98,3453.66,3614.85,3084.26,8116,2548
Cebgo,MNL-CEB,2023.0,10,121.536,4.05,3453.66,3614.85,3084.26,8116,2548
Cebu Pacific,MNL-CEB,2023.0,10,39023.184,44.77,3453.66,3614.85,3084.26,8116,2548
Philippine Airlines,MNL-CEB,2023.0,10,32993.872,34.2,3453.66,3614.85,3084.26,8116,2548
AirAsia,MNL-CGY,2023.0,10,4843.4400000000005,16.98,4488.7,3614.85,3412.26,8116,750
Cebu Pacific,MNL-CGY,2023.0,10,25431.408,44.77,4488.7,3614.85,3412.26,8116,750
Philippine Airlines,MNL-CGY,2023.0,10,12892.448,34.2,4488.7,3614.85,3412.26,8116,750
Philippine Airlines,MNL-CRM,2023.0,10,1098.88,34.2,10000.0,3614.85,10000.0,8116,20
Philippine Airlines,MNL-CYP,2023.0,10,1153.824,34.2,10000.0,3614.85,5012.46,8116,80
Cebu Pacific,MNL-CYZ,2023.0,10,4709.52,44.77,10000.0,3614.85,10000.0,8116,60
Cebu Pacific,MNL-DGT,2023.0,10,11773.800000000001,44.77,5265.46,3614.85,5081.27,8116,217
Philippine Airlines,MNL-DGT,2023.0,10,7364.112000000001,34.2,5265.46,3614.85,5081.27,8116,217
Cebu Pacific,MNL-DPL,2023.0,10,2354.76,44.77,5000.55,3614.85,5000.55,8116,62
Philippine Airlines,MNL-DPL,2023.0,10,2404.608,34.2,5000.55,3614.85,5000.55,8116,62
Cebu Pacific,MNL-DRP,2023.0,10,9567.584,44.77,5000.56,3614.85,4968.52,8116,285
Philippine Airlines,MNL-DRP,2023.0,10,9367.952000000001,34.2,5000.56,3614.85,4968.52,8116,285
Cebu Pacific,MNL-DVO,2023.0,10,33805.576,44.77,5000.02,3614.85,4786.34,8116,1061
Philippine Airlines,MNL-DVO,2023.0,10,33674.208,34.2,5000.02,3614.85,4786.34,8116,1061
Philippine Airlines,MNL-EUQ,2023.0,10,714.272,34.2,10000.0,3614.85,10000.0,8116,24
Cebu Pacific,MNL-GES,2023.0,10,11804.184000000001,44.77,5003.59,3614.85,5003.31,8116,216
Philippine Airlines,MNL-GES,2023.0,10,12454.512,34.2,5003.59,3614.85,5003.31,8116,216
Philippine Airlines,MNL-IAO,2023.0,10,4999.904,34.2,10000.0,3614.85,5323.31,8116,389
AirAsia,MNL-ILO,2023.0,10,19061.280000000002,16.98,3365.58,3614.85,3180.11,8116,744
Cebu Pacific,MNL-ILO,2023.0,10,15002.944000000001,44.77,3365.58,3614.85,3180.11,8116,744
Philippine Airlines,MNL-ILO,2023.0,10,16698.128,34.2,3365.58,3614.85,3180.11,8116,744
AirAsia,MNL-KLO,2023.0,10,14374.080000000002,16.98,6413.16,3614.85,6423.5,8116,241
Cebu Pacific,MNL-KLO,2023.0,10,4395.552000000001,44.77,6413.16,3614.85,6423.5,8116,241
Philippine Airlines,MNL-LAO,2023.0,10,2554.896,34.2,10000.0,3614.85,10000.0,8116,52
Cebu Pacific,MNL-MNL,2023.0,10,194.12,44.77,6561.27,3614.85,3614.85,8116,8116
Philippine Airlines,MNL-MNL,2023.0,10,54.944,34.2,6561.27,3614.85,3614.85,8116,8116
AirAsia,MNL-MPH,2023.0,10,12030.480000000001,16.98,3248.98,3614.85,3477.78,8116,842
Cebgo,MNL-MPH,2023.0,10,1823.04,4.05,3248.98,3614.85,3477.78,8116,842
Cebu Pacific,MNL-MPH,2023.0,10,18681.096,44.77,3248.98,3614.85,3477.78,8116,842
Philippine Airlines,MNL-MPH,2023.0,10,11376.640000000001,34.2,3248.98,3614.85,3477.78,8116,842
Cebu Pacific,MNL-OZC,2023.0,10,7692.216,44.77,10000.0,3614.85,6183.76,8116,145
Cebu Pacific,MNL-PAG,2023.0,10,4866.504,44.77,10000.0,3614.85,7385.61,8116,134
AirAsia,MNL-PPS,2023.0,10,4843.4400000000005,16.98,3736.98,3614.85,3585.58,8116,460
Cebu Pacific,MNL-PPS,2023.0,10,10690.104000000001,44.77,3736.98,3614.85,3585.58,8116,460
Philippine Airlines,MNL-PPS,2023.0,10,6113.328,34.2,3736.98,3614.85,3585.58,8116,460
Cebu Pacific,MNL-RXS,2023.0,10,3767.616,44.77,10000.0,3614.85,5096.33,8116,115
AirAsia,MNL-TAC,2023.0,10,7343.280000000001,16.98,3354.85,3614.85,3240.33,8116,613
Cebu Pacific,MNL-TAC,2023.0,10,8948.088,44.77,3354.85,3614.85,3240.33,8116,613
Philippine Airlines,MNL-TAC,2023.0,10,8181.808000000001,34.2,3354.85,3614.85,3240.33,8116,613
AirAsia,MNL-TAG,2023.0,10,9686.880000000001,16.98,3528.09,3614.85,3345.98,8116,400
Cebu Pacific,MNL-TAG,2023.0,10,5258.12,44.77,3528.09,3614.85,3345.98,8116,400
Philippine Airlines,MNL-TAG,2023.0,10,8799.12,34.2,3528.09,3614.85,3345.98,8116,400
Cebu Pacific,MNL-TUG,2023.0,10,5023.488,44.77,10000.0,3614.85,9616.55,8116,98
Cebgo,MNL-USU,2023.0,10,1883.808,4.05,10000.0,3614.85,5452.17,8116,295
Cebgo,MNL-WNP,2023.0,10,3403.008,4.05,10000.0,3614.85,10000.0,8116,112
Cebu Pacific,MPH-CEB,2023.0,10,4395.552000000001,44.77,5989.64,3477.78,3084.26,842,2548
Philippine Airlines,MPH-CEB,2023.0,10,1688.72,34.2,5989.64,3477.78,3084.26,842,2548
Cebu Pacific,MPH-CRK,2023.0,10,1569.8400000000001,44.77,10000.0,3477.78,6370.98,842,80
AirAsia,MPH-MNL,2023.0,10,14530.320000000002,16.98,3302.84,3477.78,3614.85,842,8116
Cebgo,MPH-MNL,2023.0,10,1762.272,4.05,3302.84,3477.78,3614.85,842,8116
Cebu Pacific,MPH-MNL,2023.0,10,23076.648,44.77,3302.84,3477.78,3614.85,842,8116
Philippine Airlines,MPH-MNL,2023.0,10,14287.056,34.2,3302.84,3477.78,3614.85,842,8116
Cebgo,MPH-MPH,2023.0,10,60.768,4.05,10000.0,3477.78,3477.78,842,842
Cebgo,OZC-CEB,2023.0,10,972.288,4.05,10000.0,6183.76,3084.26,145,2548
Cebu Pacific,OZC-MNL,2023.0,10,7692.216,44.77,5478.38,6183.76,3614.85,145,8116
Philippine Airlines,OZC-MNL,2023.0,10,4057.7760000000003,34.2,5478.38,6183.76,3614.85,145,8116
Cebu Pacific,OZC-OZC,2023.0,10,313.968,44.77,10000.0,6183.76,6183.76,145,145
Cebgo,PAG-CEB,2023.0,10,2005.344,4.05,10000.0,7385.61,3084.26,134,2548
Cebu Pacific,PAG-MNL,2023.0,10,9419.04,44.77,10000.0,7385.61,3614.85,134,8116
Cebu Pacific,PPS-CEB,2023.0,10,2197.7760000000003,44.77,5155.72,3585.58,3084.26,460,2548
Philippine Airlines,PPS-CEB,2023.0,10,1538.432,34.2,5155.72,3585.58,3084.26,460,2548
AirAsia,PPS-MNL,2023.0,10,9686.880000000001,16.98,3447.06,3585.58,3614.85,460,8116
Cebu Pacific,PPS-MNL,2023.0,10,14638.336000000001,44.77,3447.06,3585.58,3614.85,460,8116
Philippine Airlines,PPS-MNL,2023.0,10,14986.784000000001,34.2,3447.06,3585.58,3614.85,460,8116
AirAsia,RXS-MNL,2023.0,10,2031.1200000000001,16.98,4347.8,5096.33,3614.85,115,8116
Cebu Pacific,RXS-MNL,2023.0,10,8163.168000000001,44.77,4347.8,5096.33,3614.85,115,8116
Philippine Airlines,RXS-MNL,2023.0,10,3812.1440000000002,34.2,4347.8,5096.33,3614.85,115,8116
Cebgo,SUG-CEB,2023.0,10,729.216,4.05,10000.0,10000.0,3084.26,12,2548
Cebgo,TAC-CEB,2023.0,10,607.6800000000001,4.05,6002.75,3240.33,3084.26,613,2548
Philippine Airlines,TAC-CEB,2023.0,10,1593.376,34.2,6002.75,3240.33,3084.26,613,2548
AirAsia,TAC-MNL,2023.0,10,18822.72,16.98,3609.73,3240.33,3614.85,613,8116
Cebu Pacific,TAC-MNL,2023.0,10,24803.472,44.77,3609.73,3240.33,3614.85,613,8116
Philippine Airlines,TAC-MNL,2023.0,10,11788.720000000001,34.2,3609.73,3240.33,3614.85,613,8116
Philippine Airlines,TAG-DVO,2023.0,10,1098.88,34.2,10000.0,3345.98,4786.34,400,1061
AirAsia,TAG-MNL,2023.0,10,9530.640000000001,16.98,3652.32,3345.98,3614.85,400,8116
Cebu Pacific,TAG-MNL,2023.0,10,16885.064000000002,44.77,3652.32,3345.98,3614.85,400,8116
Philippine Airlines,TAG-MNL,2023.0,10,8854.064,34.2,3652.32,3345.98,3614.85,400,8116
Cebu Pacific,TUG-MNL,2023.0,10,10046.976,44.77,9435.92,9616.55,3614.85,98,8116
Philippine Airlines,TUG-MNL,2023.0,10,300.576,34.2,9435.92,9616.55,3614.85,98,8116
Cebgo,USU-CEB,2023.0,10,2309.184,4.05,5630.58,5452.17,3084.26,295,2548
Philippine Airlines,USU-CEB,2023.0,10,1098.88,34.2,5630.58,5452.17,3084.26,295,2548
Philippine Airlines,USU-CRK,2023.0,10,934.048,34.2,10000.0,5452.17,6370.98,295,80
Cebgo,USU-MNL,2023.0,10,5286.816,4.05,6314.11,5452.17,3614.85,295,8116
Philippine Airlines,USU-MNL,2023.0,10,1703.2640000000001,34.2,6314.11,5452.17,3614.85,295,8116
Cebgo,WNP-MNL,2023.0,10,3403.008,4.05,10000.0,10000.0,3614.85,112,8116
Cebu Pacific,ZAM-CEB,2023.0,10,2040.7920000000001,44.77,5190.92,5787.99,3084.26,220,2548
Philippine Airlines,ZAM-CEB,2023.0,10,1373.6000000000001,34.2,5190.92,5787.99,3084.26,220,2548
Cebu Pacific,ZAM-MNL,2023.0,10,18193.264,44.77,6131.87,5787.99,3614.85,220,8116
Philippine Airlines,ZAM-MNL,2023.0,10,6462.384,34.2,6131.87,5787.99,3614.85,220,8116
Cebu Pacific,ZAM-TWT,2023.0,10,2040.7920000000001,44.77,5055.06,5787.99,5003.26,220,33
Philippine Airlines,ZAM-TWT,2023.0,10,1653.1680000000001,34.2,5055.06,5787.99,5003.26,220,33
Philippine Airlines,BCD-CEB,2023.0,11,714.272,37.22,10000.0,3536.72,3275.79,563,2382
Cebu Pacific,BCD-DVO,2023.0,11,3296.664,42.69,10000.0,3536.72,4806.14,563,1153
AirAsia,BCD-MNL,2023.0,11,13124.16,16.39,3461.93,3536.72,3617.01,563,8062
Cebu Pacific,BCD-MNL,2023.0,11,21466.296000000002,42.69,3461.93,3536.72,3617.01,563,8062
Philippine Airlines,BCD-MNL,2023.0,11,17436.64,37.22,3461.93,3536.72,3617.01,563,8062
Philippine Airlines,BPA-CEB,2023.0,11,329.664,37.22,10000.0,10000.0,3275.79,14,2382
Philippine Airlines,BXU-CEB,2023.0,11,1538.432,37.22,10000.0,5042.6,3275.79,317,2382
Cebu Pacific,BXU-MNL,2023.0,11,11848.072,42.69,5179.68,5042.6,3617.01,317,8062
Philippine Airlines,BXU-MNL,2023.0,11,8071.920000000001,37.22,5179.68,5042.6,3617.01,317,8062
Philippine Airlines,CBO-MNL,2023.0,11,4263.008000000001,37.22,10000.0,10000.0,3617.01,66,8062
Philippine Airlines,CBO-TWT,2023.0,11,439.552,37.22,10000.0,10000.0,10000.0,66,18
Philippine Airlines,CEB-BAG,2023.0,11,54.944,37.22,10000.0,3275.79,10000.0,2382,1
Philippine Airlines,CEB-BCD,2023.0,11,824.1600000000001,37.22,10000.0,3275.79,3536.72,2382,563
Philippine Airlines,CEB-BPA,2023.0,11,439.552,37.22,10000.0,3275.79,10000.0,2382,14
Philippine Airlines,CEB-BXU,2023.0,11,1538.432,37.22,10000.0,3275.79,5042.6,2382,317
Cebgo,CEB-CEB,2023.0,11,364.608,3.7,6440.89,3275.79,3275.79,2382,2382
Philippine Airlines,CEB-CEB,2023.0,11,109.888,37.22,6440.89,3275.79,3275.79,2382,2382
Cebgo,CEB-CGY,2023.0,11,2430.7200000000003,3.7,5000.36,3275.79,3499.33,2382,643
Philippine Airlines,CEB-CGY,2023.0,11,2472.48,37.22,5000.36,3275.79,3499.33,2382,643
Cebgo,CEB-CRK,2023.0,11,850.752,3.7,10000.0,3275.79,3439.71,2382,73
Cebgo,CEB-CYP,2023.0,11,911.52,3.7,10000.0,3275.79,5039.27,2382,52
Cebgo,CEB-DRP,2023.0,11,60.768,3.7,10000.0,3275.79,4999.54,2382,293
Cebu Pacific,CEB-DVO,2023.0,11,2040.7920000000001,42.69,5864.15,3275.79,4806.14,2382,1153
Philippine Airlines,CEB-DVO,2023.0,11,4944.96,37.22,5864.15,3275.79,4806.14,2382,1153
Cebgo,CEB-IAO,2023.0,11,3585.312,3.7,5008.8,3275.79,5429.61,2382,390
Philippine Airlines,CEB-IAO,2023.0,11,3296.6400000000003,37.22,5008.8,3275.79,5429.61,2382,390
Cebgo,CEB-ILO,2023.0,11,1701.504,3.7,10000.0,3275.79,3148.31,2382,743
AirAsia,CEB-MNL,2023.0,11,14530.320000000002,16.39,3795.02,3275.79,3617.01,2382,8062
Cebgo,CEB-MNL,2023.0,11,60.768,3.7,3795.02,3275.79,3617.01,2382,8062
Cebu Pacific,CEB-MNL,2023.0,11,39983.656,42.69,3795.02,3275.79,3617.01,2382,8062
Philippine Airlines,CEB-MNL,2023.0,11,37736.832,37.22,3795.02,3275.79,3617.01,2382,8062
Cebu Pacific,CEB-MPH,2023.0,11,2040.7920000000001,42.69,5147.67,3275.79,3258.85,2382,853
Philippine Airlines,CEB-MPH,2023.0,11,2887.7920000000004,37.22,5147.67,3275.79,3258.85,2382,853
Cebgo,CEB-PAG,2023.0,11,546.912,3.7,10000.0,3275.79,7903.69,2382,116
Cebu Pacific,CEB-PPS,2023.0,11,2040.7920000000001,42.69,5098.5,3275.79,3658.24,2382,477
Philippine Airlines,CEB-PPS,2023.0,11,1538.432,37.22,5098.5,3275.79,3658.24,2382,477
Cebgo,CEB-TAC,2023.0,11,1519.2,3.7,5000.71,3275.79,3239.06,2382,611
Philippine Airlines,CEB-TAC,2023.0,11,1483.488,37.22,5000.71,3275.79,3239.06,2382,611
Cebgo,CEB-USU,2023.0,11,1883.808,3.7,5034.88,3275.79,5259.76,2382,295
Philippine Airlines,CEB-USU,2023.0,11,1593.376,37.22,5034.88,3275.79,5259.76,2382,295
Cebgo,CGY-CEB,2023.0,11,2552.256,3.7,5000.12,3499.33,3275.79,643,2382
Philippine Airlines,CGY-CEB,2023.0,11,2527.424,37.22,5000.12,3499.33,3275.79,643,2382
Cebgo,CGY-DVO,2023.0,11,972.288,3.7,10000.0,3499.33,4806.14,643,1153
AirAsia,CGY-MNL,2023.0,11,4687.200000000001,16.39,3987.91,3499.33,3617.01,643,8062
Cebu Pacific,CGY-MNL,2023.0,11,16844.552,42.69,3987.91,3499.33,3617.01,643,8062
Philippine Airlines,CGY-MNL,2023.0,11,12545.008000000002,37.22,3987.91,3499.33,3617.01,643,8062
Cebgo,CRK-CEB,2023.0,11,850.752,3.7,10000.0,3439.71,3275.79,73,2382
Cebu Pacific,CRK-MPH,2023.0,11,627.936,42.69,10000.0,3439.71,3258.85,73,853
Cebgo,CRK-PPS,2023.0,11,121.536,3.7,10000.0,3439.71,3658.24,73,477
Philippine Airlines,CRK-USU,2023.0,11,879.104,37.22,10000.0,3439.71,5259.76,73,295
Cebgo,CYP-CEB,2023.0,11,729.216,3.7,10000.0,5039.27,3275.79,52,2382
Philippine Airlines,CYP-MNL,2023.0,11,659.328,37.22,10000.0,5039.27,3617.01,52,8062
Cebu Pacific,CYZ-MNL,2023.0,11,4238.568,42.69,10000.0,10000.0,3617.01,57,8062
Cebgo,DGT-CEB,2023.0,11,60.768,3.7,10000.0,5062.77,3275.79,262,2382
Cebu Pacific,DGT-MNL,2023.0,11,9262.056,42.69,5007.61,5062.77,3617.01,262,8062
Philippine Airlines,DGT-MNL,2023.0,11,8566.416000000001,37.22,5007.61,5062.77,3617.01,262,8062
Cebgo,DPL-CEB,2023.0,11,60.768,3.7,10000.0,9406.13,3275.79,36,2382
Philippine Airlines,DPL-MNL,2023.0,11,934.048,37.22,10000.0,9406.13,3617.01,36,8062
Cebu Pacific,DRP-MNL,2023.0,11,9456.176000000001,42.69,5016.16,4999.54,3617.01,293,8062
Philippine Airlines,DRP-MNL,2023.0,11,10596.112000000001,37.22,5016.16,4999.54,3617.01,293,8062
Cebu Pacific,DVO-BCD,2023.0,11,3296.664,42.69,10000.0,4806.14,3536.72,1153,563
Cebu Pacific,DVO-CEB,2023.0,11,2040.7920000000001,42.69,5845.0,4806.14,3275.79,1153,2382
Philippine Airlines,DVO-CEB,2023.0,11,4890.0160000000005,37.22,5845.0,4806.14,3275.79,1153,2382
Cebgo,DVO-CGY,2023.0,11,1033.056,3.7,10000.0,4806.14,3499.33,1153,643
Cebgo,DVO-IAO,2023.0,11,789.984,3.7,10000.0,4806.14,5429.61,1153,390
Cebu Pacific,DVO-MNL,2023.0,11,41904.6,42.69,5042.42,4806.14,3617.01,1153,8062
Philippine Airlines,DVO-MNL,2023.0,11,34836.112,37.22,5042.42,4806.14,3617.01,1153,8062
Philippine Airlines,DVO-TAG,2023.0,11,1153.824,37.22,10000.0,4806.14,3338.23,1153,388
Philippine Airlines,EUQ-MNL,2023.0,11,659.328,37.22,10000.0,10000.0,3617.01,25,8062
Cebu Pacific,GES-MNL,2023.0,11,10644.528,42.69,5020.75,5020.75,3617.01,208,8062
Philippine Airlines,GES-MNL,2023.0,11,12110.304,37.22,5020.75,5020.75,3617.01,208,8062
Cebgo,IAO-CEB,2023.0,11,2673.792,3.7,5031.12,5429.61,3275.79,390,2382
Philippine Airlines,IAO-CEB,2023.0,11,3131.808,37.22,5031.12,5429.61,3275.79,390,2382
Cebgo,IAO-DVO,2023.0,11,789.984,3.7,10000.0,5429.61,4806.14,390,1153
Philippine Airlines,IAO-IAO,2023.0,11,54.944,37.22,10000.0,5429.61,5429.61,390,390
Philippine Airlines,IAO-MNL,2023.0,11,3076.864,37.22,10000.0,5429.61,3617.01,390,8062
Cebgo,ILO-CEB,2023.0,11,1701.504,3.7,10000.0,3148.31,3275.79,743,2382
AirAsia,ILO-MNL,2023.0,11,21473.760000000002,16.39,3380.81,3148.31,3617.01,743,8062
Cebu Pacific,ILO-MNL,2023.0,11,18777.312,42.69,3380.81,3148.31,3617.01,743,8062
Philippine Airlines,ILO-MNL,2023.0,11,15993.552000000001,37.22,3380.81,3148.31,3617.01,743,8062
AirAsia,KLO-MNL,2023.0,11,12967.92,16.39,10000.0,10000.0,3617.01,166,8062
Philippine Airlines,LAO-MNL,2023.0,11,5536.416,37.22,10000.0,10000.0,3617.01,56,8062
AirAsia,MNL-BCD,2023.0,11,8749.44,16.39,3391.6,3617.01,3536.72,8062,563
Cebu Pacific,MNL-BCD,2023.0,11,11458.144,42.69,3391.6,3617.01,3536.72,8062,563
Philippine Airlines,MNL-BCD,2023.0,11,8752.256000000001,37.22,3391.6,3617.01,3536.72,8062,563
Philippine Airlines,MNL-BSO,2023.0,11,1648.3200000000002,37.22,10000.0,3617.01,10000.0,8062,30
Cebu Pacific,MNL-BXU,2023.0,11,12005.056,42.69,5129.82,3617.01,5042.6,8062,317
Philippine Airlines,MNL-BXU,2023.0,11,8673.072,37.22,5129.82,3617.01,5042.6,8062,317
Philippine Airlines,MNL-CBO,2023.0,11,4263.008000000001,37.22,10000.0,3617.01,10000.0,8062,66
AirAsia,MNL-CEB,2023.0,11,19686.24,16.39,3486.21,3617.01,3275.79,8062,2382
Cebgo,MNL-CEB,2023.0,11,789.984,3.7,3486.21,3617.01,3275.79,8062,2382
Cebu Pacific,MNL-CEB,2023.0,11,29682.636000000002,42.69,3486.21,3617.01,3275.79,8062,2382
Philippine Airlines,MNL-CEB,2023.0,11,37738.448000000004,37.22,3486.21,3617.01,3275.79,8062,2382
AirAsia,MNL-CGY,2023.0,11,4687.200000000001,16.39,4377.18,3617.01,3499.33,8062,643
Cebu Pacific,MNL-CGY,2023.0,11,21702.616,42.69,4377.18,3617.01,3499.33,8062,643
Philippine Airlines,MNL-CGY,2023.0,11,11192.416000000001,37.22,4377.18,3617.01,3499.33,8062,643
Philippine Airlines,MNL-CRM,2023.0,11,824.1600000000001,37.22,10000.0,3617.01,10000.0,8062,15
Philippine Airlines,MNL-CYP,2023.0,11,714.272,37.22,10000.0,3617.01,5039.27,8062,52
Cebu Pacific,MNL-CYZ,2023.0,11,4709.52,42.69,10000.0,3617.01,10000.0,8062,57
Cebu Pacific,MNL-DGT,2023.0,11,13343.640000000001,42.69,5187.17,3617.01,5062.77,8062,262
Philippine Airlines,MNL-DGT,2023.0,11,9017.28,37.22,5187.17,3617.01,5062.77,8062,262
Philippine Airlines,MNL-DPL,2023.0,11,988.9920000000001,37.22,10000.0,3617.01,9406.13,8062,36
Cebu Pacific,MNL-DRP,2023.0,11,9456.176000000001,42.69,5013.34,3617.01,4999.54,8062,293
Philippine Airlines,MNL-DRP,2023.0,11,10486.224,37.22,5013.34,3617.01,4999.54,8062,293
Cebu Pacific,MNL-DVO,2023.0,11,34391.312,42.69,5000.21,3617.01,4806.14,8062,1153
Philippine Airlines,MNL-DVO,2023.0,11,34836.112,37.22,5000.21,3617.01,4806.14,8062,1153
Philippine Airlines,MNL-EUQ,2023.0,11,714.272,37.22,10000.0,3617.01,10000.0,8062,25
Cebu Pacific,MNL-GES,2023.0,11,10644.528,42.69,5020.75,3617.01,5020.75,8062,208
Philippine Airlines,MNL-GES,2023.0,11,12110.304,37.22,5020.75,3617.01,5020.75,8062,208
Philippine Airlines,MNL-IAO,2023.0,11,4725.184,37.22,10000.0,3617.01,5429.61,8062,390
AirAsia,MNL-ILO,2023.0,11,15936.480000000001,16.39,3350.99,3617.01,3148.31,8062,743
Cebu Pacific,MNL-ILO,2023.0,11,18620.328,42.69,3350.99,3617.01,3148.31,8062,743
Philippine Airlines,MNL-ILO,2023.0,11,18734.288,37.22,3350.99,3617.01,3148.31,8062,743
AirAsia,MNL-KLO,2023.0,11,12967.92,16.39,10000.0,3617.01,10000.0,8062,166
Philippine Airlines,MNL-LAO,2023.0,11,2926.576,37.22,10000.0,3617.01,10000.0,8062,56
Cebu Pacific,MNL-MNL,2023.0,11,156.984,42.69,5138.88,3617.01,3617.01,8062,8062
Philippine Airlines,MNL-MNL,2023.0,11,219.776,37.22,5138.88,3617.01,3617.01,8062,8062
AirAsia,MNL-MPH,2023.0,11,13124.16,16.39,3188.1,3617.01,3258.85,8062,853
Cebgo,MNL-MPH,2023.0,11,1823.04,3.7,3188.1,3617.01,3258.85,8062,853
Cebu Pacific,MNL-MPH,2023.0,11,17739.192000000003,42.69,3188.1,3617.01,3258.85,8062,853
Philippine Airlines,MNL-MPH,2023.0,11,11507.536,37.22,3188.1,3617.01,3258.85,8062,853
Cebu Pacific,MNL-OZC,2023.0,11,6750.312000000001,42.69,10000.0,3617.01,5735.87,8062,130
Cebu Pacific,MNL-PAG,2023.0,11,4709.52,42.69,10000.0,3617.01,7903.69,8062,116
AirAsia,MNL-PPS,2023.0,11,4687.200000000001,16.39,3670.62,3617.01,3658.24,8062,477
Cebu Pacific,MNL-PPS,2023.0,11,10533.12,42.69,3670.62,3617.01,3658.24,8062,477
Philippine Airlines,MNL-PPS,2023.0,11,7323.712,37.22,3670.62,3617.01,3658.24,8062,477
Cebu Pacific,MNL-RXS,2023.0,11,3610.632,42.69,10000.0,3617.01,5036.71,8062,114
AirAsia,MNL-TAC,2023.0,11,8593.2,16.39,3344.24,3617.01,3239.06,8062,611
Cebu Pacific,MNL-TAC,2023.0,11,9419.04,42.69,3344.24,3617.01,3239.06,8062,611
Philippine Airlines,MNL-TAC,2023.0,11,8222.208,37.22,3344.24,3617.01,3239.06,8062,611
AirAsia,MNL-TAG,2023.0,11,9061.92,16.39,3570.31,3617.01,3338.23,8062,388
Cebu Pacific,MNL-TAG,2023.0,11,4709.52,42.69,3570.31,3617.01,3338.23,8062,388
Philippine Airlines,MNL-TAG,2023.0,11,8902.544,37.22,3570.31,3617.01,3338.23,8062,388
Cebu Pacific,MNL-TUG,2023.0,11,4395.552000000001,42.69,10000.0,3617.01,7395.23,8062,167
Cebgo,MNL-USU,2023.0,11,1762.272,3.7,10000.0,3617.01,5259.76,8062,295
Cebgo,MNL-WNP,2023.0,11,3159.936,3.7,10000.0,3617.01,10000.0,8062,103
Cebu Pacific,MPH-CEB,2023.0,11,2040.7920000000001,42.69,5092.31,3258.85,3275.79,853,2382
Philippine Airlines,MPH-CEB,2023.0,11,2682.56,37.22,5092.31,3258.85,3275.79,853,2382
Cebu Pacific,MPH-CRK,2023.0,11,627.936,42.69,10000.0,3258.85,3439.71,853,73
AirAsia,MPH-MNL,2023.0,11,17811.36,16.39,3300.72,3258.85,3617.01,853,8062
Cebgo,MPH-MNL,2023.0,11,1823.04,3.7,3300.72,3258.85,3617.01,853,8062
Cebu Pacific,MPH-MNL,2023.0,11,22448.712,42.69,3300.72,3258.85,3617.01,853,8062
Philippine Airlines,MPH-MNL,2023.0,11,12265.44,37.22,3300.72,3258.85,3617.01,853,8062
Cebgo,OZC-CEB,2023.0,11,911.52,3.7,10000.0,5735.87,3275.79,130,2382
Cebu Pacific,OZC-MNL,2023.0,11,6750.312000000001,42.69,5231.82,5735.87,3617.01,130,8062
Philippine Airlines,OZC-MNL,2023.0,11,4358.352000000001,37.22,5231.82,5735.87,3617.01,130,8062
Cebgo,PAG-CEB,2023.0,11,1276.128,3.7,10000.0,7903.69,3275.79,116,2382
Cebu Pacific,PAG-MNL,2023.0,11,8791.104000000001,42.69,10000.0,7903.69,3617.01,116,8062
Cebu Pacific,PPS-CEB,2023.0,11,2040.7920000000001,42.69,5098.5,3658.24,3275.79,477,2382
Philippine Airlines,PPS-CEB,2023.0,11,1538.432,37.22,5098.5,3658.24,3275.79,477,2382
Cebgo,PPS-CRK,2023.0,11,121.536,3.7,10000.0,3658.24,3439.71,477,73
AirAsia,PPS-MNL,2023.0,11,8124.4800000000005,16.39,3618.62,3658.24,3617.01,477,8062
Cebu Pacific,PPS-MNL,2023.0,11,15308.472,42.69,3618.62,3658.24,3617.01,477,8062
Philippine Airlines,PPS-MNL,2023.0,11,17443.104,37.22,3618.62,3658.24,3617.01,477,8062
AirAsia,RXS-MNL,2023.0,11,2031.1200000000001,16.39,4326.22,5036.71,3617.01,114,8062
Cebu Pacific,RXS-MNL,2023.0,11,8163.168000000001,42.69,4326.22,5036.71,3617.01,114,8062
Philippine Airlines,RXS-MNL,2023.0,11,3907.4880000000003,37.22,4326.22,5036.71,3617.01,114,8062
Cebgo,SUG-CEB,2023.0,11,729.216,3.7,10000.0,10000.0,3275.79,12,2382
Cebgo,TAC-CEB,2023.0,11,850.752,3.7,5414.23,3239.06,3275.79,611,2382
Philippine Airlines,TAC-CEB,2023.0,11,1538.432,37.22,5414.23,3239.06,3275.79,611,2382
AirAsia,TAC-MNL,2023.0,11,17453.52,16.39,3588.81,3239.06,3617.01,611,8062
Cebu Pacific,TAC-MNL,2023.0,11,24489.504,42.69,3588.81,3239.06,3617.01,611,8062
Philippine Airlines,TAC-MNL,2023.0,11,12279.984,37.22,3588.81,3239.06,3617.01,611,8062
Philippine Airlines,TAG-DVO,2023.0,11,769.216,37.22,10000.0,3338.23,4806.14,388,1153
AirAsia,TAG-MNL,2023.0,11,9374.400000000001,16.39,3600.12,3338.23,3617.01,388,8062
Cebu Pacific,TAG-MNL,2023.0,11,15539.728000000001,42.69,3600.12,3338.23,3617.01,388,8062
Philippine Airlines,TAG-MNL,2023.0,11,8451.68,37.22,3600.12,3338.23,3617.01,388,8062
Cebu Pacific,TUG-MNL,2023.0,11,17383.024,42.69,6976.53,7395.23,3617.01,167,8062
Philippine Airlines,TUG-MNL,2023.0,11,3962.4320000000002,37.22,6976.53,7395.23,3617.01,167,8062
Cebgo,USU-CEB,2023.0,11,1762.272,3.7,5005.58,5259.76,3275.79,295,2382
Philippine Airlines,USU-CEB,2023.0,11,1648.3200000000002,37.22,5005.58,5259.76,3275.79,295,2382
Philippine Airlines,USU-CRK,2023.0,11,934.048,37.22,10000.0,5259.76,3439.71,295,73
Cebgo,USU-MNL,2023.0,11,5165.28,3.7,6396.53,5259.76,3617.01,295,8062
Philippine Airlines,USU-MNL,2023.0,11,1593.376,37.22,6396.53,5259.76,3617.01,295,8062
Cebgo,WNP-MNL,2023.0,11,3099.168,3.7,10000.0,10000.0,3617.01,103,8062
Philippine Airlines,ZAM-CEB,2023.0,11,1648.3200000000002,37.22,10000.0,5529.23,3275.79,205,2382
Cebu Pacific,ZAM-DVO,2023.0,11,941.904,42.69,10000.0,5529.23,4806.14,205,1153
Cebu Pacific,ZAM-MNL,2023.0,11,18238.84,42.69,6094.3,5529.23,3617.01,205,8062
Philippine Airlines,ZAM-MNL,2023.0,11,6612.6720000000005,37.22,6094.3,5529.23,3617.01,205,8062
Philippine Airlines,ZAM-TWT,2023.0,11,1502.88,37.22,10000.0,5529.23,10000.0,205,18
Philippine Airlines,BCD-CEB,2023.0,12,934.048,36.54,10000.0,3671.53,3209.34,634,2668
Cebu Pacific,BCD-DVO,2023.0,12,3486.384,44.25,10000.0,3671.53,4866.63,634,1241
AirAsia,BCD-MNL,2023.0,12,13592.880000000001,15.43,3564.13,3671.53,3671.73,634,8805
Cebu Pacific,BCD-MNL,2023.0,12,26214.336000000003,44.25,3564.13,3671.53,3671.73,634,8805
Philippine Airlines,BCD-MNL,2023.0,12,19097.888000000003,36.54,3564.13,3671.53,3671.73,634,8805
Philippine Airlines,BPA-CEB,2023.0,12,494.49600000000004,36.54,10000.0,10000.0,3209.34,18,2668
Philippine Airlines,BXU-CEB,2023.0,12,1483.488,36.54,10000.0,5096.74,3209.34,369,2668
Cebu Pacific,BXU-MNL,2023.0,12,14737.896,44.25,5236.98,5096.74,3671.73,369,8805
Philippine Airlines,BXU-MNL,2023.0,12,9468.144,36.54,5236.98,5096.74,3671.73,369,8805
Philippine Airlines,CBO-MNL,2023.0,12,4658.928,36.54,10000.0,10000.0,3671.73,70,8805
Philippine Airlines,CBO-TWT,2023.0,12,439.552,36.54,10000.0,10000.0,5336.02,70,31
Philippine Airlines,CEB-BCD,2023.0,12,988.9920000000001,36.54,10000.0,3209.34,3671.53,2668,634
Philippine Airlines,CEB-BPA,2023.0,12,494.49600000000004,36.54,10000.0,3209.34,10000.0,2668,18
Philippine Airlines,CEB-BXU,2023.0,12,1648.3200000000002,36.54,10000.0,3209.34,5096.74,2668,369
Philippine Airlines,CEB-CEB,2023.0,12,109.888,36.54,10000.0,3209.34,3209.34,2668,2668
Cebgo,CEB-CGY,2023.0,12,4478.112,3.78,5583.39,3209.34,3528.23,2668,803
Philippine Airlines,CEB-CGY,2023.0,12,2197.76,36.54,5583.39,3209.34,3528.23,2668,803
Cebgo,CEB-CRK,2023.0,12,306.72,3.78,10000.0,3209.34,4716.56,2668,73
Cebgo,CEB-CYP,2023.0,12,858.816,3.78,10000.0,3209.34,5082.67,2668,54
Cebgo,CEB-DPL,2023.0,12,61.344,3.78,10000.0,3209.34,5289.75,2668,72
Cebu Pacific,CEB-DVO,2023.0,12,5229.576,44.25,5002.52,3209.34,4866.63,2668,1241
Philippine Airlines,CEB-DVO,2023.0,12,4999.904,36.54,5002.52,3209.34,4866.63,2668,1241
Philippine Airlines,CEB-GES,2023.0,12,988.9920000000001,36.54,10000.0,3209.34,4989.61,2668,258
Cebgo,CEB-IAO,2023.0,12,3496.608,3.78,5033.57,3209.34,5556.76,2668,372
Philippine Airlines,CEB-IAO,2023.0,12,2966.976,36.54,5033.57,3209.34,5556.76,2668,372
Cebgo,CEB-ILO,2023.0,12,2699.136,3.78,10000.0,3209.34,3073.95,2668,838
AirAsia,CEB-MNL,2023.0,12,17186.4,15.43,3875.65,3209.34,3671.73,2668,8805
Cebgo,CEB-MNL,2023.0,12,184.032,3.78,3875.65,3209.34,3671.73,2668,8805
Cebu Pacific,CEB-MNL,2023.0,12,52749.876000000004,44.25,3875.65,3209.34,3671.73,2668,8805
Philippine Airlines,CEB-MNL,2023.0,12,36970.848,36.54,3875.65,3209.34,3671.73,2668,8805
Cebu Pacific,CEB-MPH,2023.0,12,3644.856,44.25,5041.22,3209.34,3315.18,2668,917
Philippine Airlines,CEB-MPH,2023.0,12,3038.0800000000004,36.54,5041.22,3209.34,3315.18,2668,917
Cebgo,CEB-PAG,2023.0,12,736.128,3.78,10000.0,3209.34,7222.88,2668,138
Cebu Pacific,CEB-PPS,2023.0,12,2377.08,44.25,5163.88,3209.34,3640.2,2668,524
Philippine Airlines,CEB-PPS,2023.0,12,1648.3200000000002,36.54,5163.88,3209.34,3640.2,2668,524
Cebgo,CEB-TAC,2023.0,12,1717.632,3.78,5007.04,3209.34,3238.17,2668,679
Philippine Airlines,CEB-TAC,2023.0,12,1593.376,36.54,5007.04,3209.34,3238.17,2668,679
AirAsia,CEB-TAG,2023.0,12,156.24,15.43,10000.0,3209.34,3349.71,2668,419
Cebgo,CEB-USU,2023.0,12,1840.32,3.78,5007.48,3209.34,5344.58,2668,304
Philippine Airlines,CEB-USU,2023.0,12,1703.2640000000001,36.54,5007.48,3209.34,5344.58,2668,304
Cebgo,CGY-CEB,2023.0,12,4416.768,3.78,5683.04,3528.23,3209.34,803,2668
Philippine Airlines,CGY-CEB,2023.0,12,2032.928,36.54,5683.04,3528.23,3209.34,803,2668
Cebgo,CGY-DVO,2023.0,12,858.816,3.78,10000.0,3528.23,4866.63,803,1241
AirAsia,CGY-MNL,2023.0,12,4687.200000000001,15.43,4154.75,3528.23,3671.73,803,8805
Cebu Pacific,CGY-MNL,2023.0,12,22003.752,44.25,4154.75,3528.23,3671.73,803,8805
Philippine Airlines,CGY-MNL,2023.0,12,18335.136000000002,36.54,4154.75,3528.23,3671.73,803,8805
Cebgo,CRK-CEB,2023.0,12,306.72,3.78,7423.19,4716.56,3209.34,73,2668
Philippine Airlines,CRK-CEB,2023.0,12,54.944,36.54,7423.19,4716.56,3209.34,73,2668
Cebu Pacific,CRK-MPH,2023.0,12,2218.608,44.25,10000.0,4716.56,3315.18,73,917
Cebgo,CRK-PPS,2023.0,12,184.032,3.78,10000.0,4716.56,3640.2,73,524
Philippine Airlines,CRK-USU,2023.0,12,824.1600000000001,36.54,10000.0,4716.56,5344.58,73,304
Cebgo,CYP-CEB,2023.0,12,920.16,3.78,10000.0,5082.67,3209.34,54,2668
Philippine Airlines,CYP-MNL,2023.0,12,659.328,36.54,10000.0,5082.67,3671.73,54,8805
Cebu Pacific,CYZ-MNL,2023.0,12,4912.6320000000005,44.25,10000.0,10000.0,3671.73,62,8805
Cebu Pacific,DGT-MNL,2023.0,12,7606.656000000001,44.25,5043.3,5004.68,3671.73,249,8805
Philippine Airlines,DGT-MNL,2023.0,12,9167.568000000001,36.54,5043.3,5004.68,3671.73,249,8805
Cebu Pacific,DPL-MNL,2023.0,12,2060.136,44.25,5339.16,5289.75,3671.73,72,8805
Philippine Airlines,DPL-MNL,2023.0,12,1208.768,36.54,5339.16,5289.75,3671.73,72,8805
Cebu Pacific,DRP-MNL,2023.0,12,7168.728,44.25,5274.18,5264.98,3671.73,285,8805
Philippine Airlines,DRP-MNL,2023.0,12,11552.784000000001,36.54,5274.18,5264.98,3671.73,285,8805
Cebu Pacific,DVO-BCD,2023.0,12,3486.384,44.25,10000.0,4866.63,3671.53,1241,634
Cebu Pacific,DVO-CEB,2023.0,12,5071.104,44.25,5004.36,4866.63,3209.34,1241,2668
Philippine Airlines,DVO-CEB,2023.0,12,4780.128000000001,36.54,5004.36,4866.63,3209.34,1241,2668
Cebgo,DVO-CGY,2023.0,12,858.816,3.78,10000.0,4866.63,3528.23,1241,803
Cebgo,DVO-IAO,2023.0,12,552.096,3.78,10000.0,4866.63,5556.76,1241,372
Cebu Pacific,DVO-MNL,2023.0,12,44240.952000000005,44.25,5027.37,4866.63,3671.73,1241,8805
Philippine Airlines,DVO-MNL,2023.0,12,38145.68,36.54,5027.37,4866.63,3671.73,1241,8805
Philippine Airlines,DVO-TAG,2023.0,12,1208.768,36.54,10000.0,4866.63,3349.71,1241,419
Philippine Airlines,EUQ-MNL,2023.0,12,769.216,36.54,10000.0,10000.0,3671.73,27,8805
Cebgo,GES-CEB,2023.0,12,61.344,3.78,8780.53,4989.61,3209.34,258,2668
Philippine Airlines,GES-CEB,2023.0,12,879.104,36.54,8780.53,4989.61,3209.34,258,2668
Cebu Pacific,GES-MNL,2023.0,12,14328.084,44.25,5005.52,4989.61,3671.73,258,8805
Philippine Airlines,GES-MNL,2023.0,12,13406.336,36.54,5005.52,4989.61,3671.73,258,8805
Cebgo,IAO-CEB,2023.0,12,2453.76,3.78,5053.83,5556.76,3209.34,372,2668
Philippine Airlines,IAO-CEB,2023.0,12,3021.92,36.54,5053.83,5556.76,3209.34,372,2668
Cebgo,IAO-DVO,2023.0,12,552.096,3.78,10000.0,5556.76,4866.63,372,1241
Philippine Airlines,IAO-MNL,2023.0,12,3076.864,36.54,10000.0,5556.76,3671.73,372,8805
Cebgo,ILO-CEB,2023.0,12,2637.792,3.78,10000.0,3073.95,3209.34,838,2668
AirAsia,ILO-MNL,2023.0,12,22916.88,15.43,3354.56,3073.95,3671.73,838,8805
Cebu Pacific,ILO-MNL,2023.0,12,19955.544,44.25,3354.56,3073.95,3671.73,838,8805
Philippine Airlines,ILO-MNL,2023.0,12,19062.336000000003,36.54,3354.56,3073.95,3671.73,838,8805
AirAsia,KLO-MNL,2023.0,12,12967.92,15.43,10000.0,10000.0,3671.73,165,8805
Philippine Airlines,LAO-MNL,2023.0,12,6711.2480000000005,36.54,10000.0,10000.0,3671.73,65,8805
Cebgo,MBT-MNL,2023.0,12,61.344,3.78,10000.0,10000.0,3671.73,1,8805
AirAsia,MNL-BCD,2023.0,12,8905.68,15.43,3539.99,3671.73,3671.53,8805,634
Cebu Pacific,MNL-BCD,2023.0,12,14906.592,44.25,3539.99,3671.73,3671.53,8805,634
Philippine Airlines,MNL-BCD,2023.0,12,9274.224,36.54,3539.99,3671.73,3671.53,8805,634
Philippine Airlines,MNL-BSO,2023.0,12,1593.376,36.54,10000.0,3671.73,10000.0,8805,29
Cebu Pacific,MNL-BXU,2023.0,12,14262.480000000001,44.25,5219.86,3671.73,5096.74,8805,369
Philippine Airlines,MNL-BXU,2023.0,12,9317.856,36.54,5219.86,3671.73,5096.74,8805,369
Philippine Airlines,MNL-CBO,2023.0,12,4658.928,36.54,10000.0,3671.73,10000.0,8805,70
AirAsia,MNL-CEB,2023.0,12,20154.960000000003,15.43,3530.81,3671.73,3209.34,8805,2668
Cebgo,MNL-CEB,2023.0,12,736.128,3.78,3530.81,3671.73,3209.34,8805,2668
Cebu Pacific,MNL-CEB,2023.0,12,40425.696,44.25,3530.81,3671.73,3209.34,8805,2668
Philippine Airlines,MNL-CEB,2023.0,12,37594.624,36.54,3530.81,3671.73,3209.34,8805,2668
AirAsia,MNL-CGY,2023.0,12,4687.200000000001,15.43,4509.27,3671.73,3528.23,8805,803
Cebu Pacific,MNL-CGY,2023.0,12,26674.416,44.25,4509.27,3671.73,3528.23,8805,803
Philippine Airlines,MNL-CGY,2023.0,12,14127.072,36.54,4509.27,3671.73,3528.23,8805,803
Philippine Airlines,MNL-CRM,2023.0,12,988.9920000000001,36.54,10000.0,3671.73,10000.0,8805,18
Philippine Airlines,MNL-CYP,2023.0,12,714.272,36.54,10000.0,3671.73,5082.67,8805,54
Cebu Pacific,MNL-CYZ,2023.0,12,4912.6320000000005,44.25,10000.0,3671.73,10000.0,8805,62
Cebu Pacific,MNL-DGT,2023.0,12,11885.400000000001,44.25,5083.33,3671.73,5004.68,8805,249
Philippine Airlines,MNL-DGT,2023.0,12,9167.568000000001,36.54,5083.33,3671.73,5004.68,8805,249
Cebu Pacific,MNL-DPL,2023.0,12,2218.608,44.25,5434.06,3671.73,5289.75,8805,72
Philippine Airlines,MNL-DPL,2023.0,12,1208.768,36.54,5434.06,3671.73,5289.75,8805,72
Cebgo,MNL-DRP,2023.0,12,61.344,3.78,5255.66,3671.73,5264.98,8805,285
Cebu Pacific,MNL-DRP,2023.0,12,6851.784000000001,44.25,5255.66,3671.73,5264.98,8805,285
Philippine Airlines,MNL-DRP,2023.0,12,11211.808,36.54,5255.66,3671.73,5264.98,8805,285
Cebu Pacific,MNL-DVO,2023.0,12,36381.252,44.25,5002.69,3671.73,4866.63,8805,1241
Philippine Airlines,MNL-DVO,2023.0,12,38110.128000000004,36.54,5002.69,3671.73,4866.63,8805,1241
Philippine Airlines,MNL-EUQ,2023.0,12,659.328,36.54,10000.0,3671.73,10000.0,8805,27
Cebu Pacific,MNL-GES,2023.0,12,14328.084,44.25,5002.03,3671.73,4989.61,8805,258
Philippine Airlines,MNL-GES,2023.0,12,13761.856,36.54,5002.03,3671.73,4989.61,8805,258
Philippine Airlines,MNL-IAO,2023.0,12,5054.848,36.54,10000.0,3671.73,5556.76,8805,372
AirAsia,MNL-ILO,2023.0,12,17342.64,15.43,3351.58,3671.73,3073.95,8805,838
Cebu Pacific,MNL-ILO,2023.0,12,20309.976000000002,44.25,3351.58,3671.73,3073.95,8805,838
Philippine Airlines,MNL-ILO,2023.0,12,20450.480000000003,36.54,3351.58,3671.73,3073.95,8805,838
AirAsia,MNL-KLO,2023.0,12,12811.68,15.43,10000.0,3671.73,10000.0,8805,165
Philippine Airlines,MNL-LAO,2023.0,12,3306.3360000000002,36.54,10000.0,3671.73,10000.0,8805,65
Cebu Pacific,MNL-MNL,2023.0,12,195.96,44.25,6579.4,3671.73,3671.73,8805,8805
Philippine Airlines,MNL-MNL,2023.0,12,54.944,36.54,6579.4,3671.73,3671.73,8805,8805
AirAsia,MNL-MPH,2023.0,12,13749.12,15.43,3148.02,3671.73,3315.18,8805,917
Cebgo,MNL-MPH,2023.0,12,1840.32,3.78,3148.02,3671.73,3315.18,8805,917
Cebu Pacific,MNL-MPH,2023.0,12,17114.976000000002,44.25,3148.02,3671.73,3315.18,8805,917
Philippine Airlines,MNL-MPH,2023.0,12,12053.744,36.54,3148.02,3671.73,3315.18,8805,917
Cebu Pacific,MNL-OZC,2023.0,12,7606.656000000001,44.25,10000.0,3671.73,5951.62,8805,139
Cebu Pacific,MNL-PAG,2023.0,12,5388.048000000001,44.25,10000.0,3671.73,7222.88,8805,138
AirAsia,MNL-PPS,2023.0,12,4687.200000000001,15.43,3679.11,3671.73,3640.2,8805,524
Cebu Pacific,MNL-PPS,2023.0,12,11070.888,44.25,3679.11,3671.73,3640.2,8805,524
Philippine Airlines,MNL-PPS,2023.0,12,9167.568000000001,36.54,3679.11,3671.73,3640.2,8805,524
Cebu Pacific,MNL-RXS,2023.0,12,4912.6320000000005,44.25,10000.0,3671.73,5337.71,8805,136
AirAsia,MNL-TAC,2023.0,12,9686.880000000001,15.43,3337.06,3671.73,3238.17,8805,679
Cebu Pacific,MNL-TAC,2023.0,12,9983.736,44.25,3337.06,3671.73,3238.17,8805,679
Philippine Airlines,MNL-TAC,2023.0,12,9203.12,36.54,3337.06,3671.73,3238.17,8805,679
AirAsia,MNL-TAG,2023.0,12,8905.68,15.43,3557.87,3671.73,3349.71,8805,419
Cebu Pacific,MNL-TAG,2023.0,12,5108.592000000001,44.25,3557.87,3671.73,3349.71,8805,419
Philippine Airlines,MNL-TAG,2023.0,12,9919.008000000002,36.54,3557.87,3671.73,3349.71,8805,419
Cebu Pacific,MNL-TUG,2023.0,12,4754.16,44.25,10000.0,3671.73,7259.6,8805,181
Cebgo,MNL-USU,2023.0,12,1901.664,3.78,10000.0,3671.73,5344.58,8805,304
Cebgo,MNL-WNP,2023.0,12,3741.984,3.78,10000.0,3671.73,10000.0,8805,123
Cebu Pacific,MPH-CEB,2023.0,12,3644.856,44.25,5049.84,3315.18,3209.34,917,2668
Philippine Airlines,MPH-CEB,2023.0,12,2983.1360000000004,36.54,5049.84,3315.18,3209.34,917,2668
Cebu Pacific,MPH-CRK,2023.0,12,2218.608,44.25,10000.0,3315.18,4716.56,917,73
AirAsia,MPH-MNL,2023.0,12,17811.36,15.43,3237.1,3315.18,3671.73,917,8805
Cebgo,MPH-MNL,2023.0,12,1840.32,3.78,3237.1,3315.18,3671.73,917,8805
Cebu Pacific,MPH-MNL,2023.0,12,22186.08,44.25,3237.1,3315.18,3671.73,917,8805
Philippine Airlines,MPH-MNL,2023.0,12,13947.696000000002,36.54,3237.1,3315.18,3671.73,917,8805
Cebgo,OZC-CEB,2023.0,12,736.128,3.78,10000.0,5951.62,3209.34,139,2668
Cebu Pacific,OZC-MNL,2023.0,12,7448.184,44.25,5265.38,5951.62,3671.73,139,8805
Philippine Airlines,OZC-MNL,2023.0,12,4658.928,36.54,5265.38,5951.62,3671.73,139,8805
Cebgo,PAG-CEB,2023.0,12,2147.04,3.78,10000.0,7222.88,3209.34,138,2668
Cebu Pacific,PAG-MNL,2023.0,12,9032.904,44.25,10000.0,7222.88,3671.73,138,8805
Cebu Pacific,PPS-CEB,2023.0,12,2377.08,44.25,5194.8,3640.2,3209.34,524,2668
Philippine Airlines,PPS-CEB,2023.0,12,1593.376,36.54,5194.8,3640.2,3209.34,524,2668
Cebgo,PPS-CRK,2023.0,12,184.032,3.78,10000.0,3640.2,4716.56,524,73
AirAsia,PPS-MNL,2023.0,12,9530.640000000001,15.43,3573.43,3640.2,3671.73,524,8805
Cebu Pacific,PPS-MNL,2023.0,12,16303.872000000001,44.25,3573.43,3640.2,3671.73,524,8805
Philippine Airlines,PPS-MNL,2023.0,12,19109.2,36.54,3573.43,3640.2,3671.73,524,8805
AirAsia,RXS-MNL,2023.0,12,2031.1200000000001,15.43,4517.65,5337.71,3671.73,136,8805
Cebu Pacific,RXS-MNL,2023.0,12,9825.264000000001,44.25,4517.65,5337.71,3671.73,136,8805
Philippine Airlines,RXS-MNL,2023.0,12,4508.64,36.54,4517.65,5337.71,3671.73,136,8805
Cebgo,SUG-CEB,2023.0,12,552.096,3.78,10000.0,10000.0,3209.34,9,2668
Cebgo,TAC-CEB,2023.0,12,981.504,3.78,5282.34,3238.17,3209.34,679,2668
Philippine Airlines,TAC-CEB,2023.0,12,1593.376,36.54,5282.34,3238.17,3209.34,679,2668
AirAsia,TAC-MNL,2023.0,12,18592.56,15.43,3599.29,3238.17,3671.73,679,8805
Cebu Pacific,TAC-MNL,2023.0,12,28049.544,44.25,3599.29,3238.17,3671.73,679,8805
Philippine Airlines,TAC-MNL,2023.0,12,14312.912,36.54,3599.29,3238.17,3671.73,679,8805
Philippine Airlines,TAG-DVO,2023.0,12,1208.768,36.54,10000.0,3349.71,4866.63,419,1241
AirAsia,TAG-MNL,2023.0,12,9686.880000000001,15.43,3600.79,3349.71,3671.73,419,8805
Cebu Pacific,TAG-MNL,2023.0,12,16770.768,44.25,3600.79,3349.71,3671.73,419,8805
Philippine Airlines,TAG-MNL,2023.0,12,9468.144,36.54,3600.79,3349.71,3671.73,419,8805
Cebu Pacific,TUG-MNL,2023.0,12,19016.64,44.25,6838.82,7259.6,3671.73,181,8805
Philippine Airlines,TUG-MNL,2023.0,12,4658.928,36.54,6838.82,7259.6,3671.73,181,8805
Cebgo,USU-CEB,2023.0,12,2208.384,3.78,5083.38,5344.58,3209.34,304,2668
Philippine Airlines,USU-CEB,2023.0,12,1703.2640000000001,36.54,5083.38,5344.58,3209.34,304,2668
Philippine Airlines,USU-CRK,2023.0,12,714.272,36.54,10000.0,5344.58,4716.56,304,73
Cebgo,USU-MNL,2023.0,12,5336.928,3.78,6394.22,5344.58,3671.73,304,8805
Philippine Airlines,USU-MNL,2023.0,12,1648.3200000000002,36.54,6394.22,5344.58,3671.73,304,8805
Cebgo,WNP-MNL,2023.0,12,3803.328,3.78,10000.0,10000.0,3671.73,123,8805
Philippine Airlines,ZAM-CEB,2023.0,12,1703.2640000000001,36.54,10000.0,5665.36,3209.34,228,2668
Cebu Pacific,ZAM-MNL,2023.0,12,19529.544,44.25,5986.93,5665.36,3671.73,228,8805
Philippine Airlines,ZAM-MNL,2023.0,12,7514.400000000001,36.54,5986.93,5665.36,3671.73,228,8805
Cebu Pacific,ZAM-TWT,2023.0,12,2535.552,44.25,5855.0,5665.36,5336.02,228,31
Philippine Airlines,ZAM-TWT,2023.0,12,1052.016,36.54,5855.0,5665.36,5336.02,228,31
Philippine Airlines,BCD-CEB,2024.0,1,430.304,36.91,10000.0,3770.65,3287.11,632,2591
Cebu Pacific,BCD-DVO,2024.0,1,3700.47,44.23,10000.0,3770.65,4809.51,632,1249
AirAsia,BCD-MNL,2024.0,1,14078.34,15.07,3632.7,3770.65,3690.99,632,8638
Cebu Pacific,BCD-MNL,2024.0,1,28937.71,44.23,3632.7,3770.65,3690.99,632,8638
Philippine Airlines,BCD-MNL,2024.0,1,18923.884000000002,36.91,3632.7,3770.65,3690.99,632,8638
Philippine Airlines,BPA-CEB,2024.0,1,484.092,36.91,10000.0,10000.0,3287.11,16,2591
Philippine Airlines,BXU-CEB,2024.0,1,1559.8519999999999,36.91,10000.0,5103.29,3287.11,361,2591
Cebu Pacific,BXU-MNL,2024.0,1,14839.939999999999,44.23,5342.9,5103.29,3690.99,361,8638
Philippine Airlines,BXU-MNL,2024.0,1,8680.434000000001,36.91,5342.9,5103.29,3690.99,361,8638
Philippine Airlines,CBO-MNL,2024.0,1,3531.0240000000003,36.91,10000.0,10000.0,3690.99,57,8638
Philippine Airlines,CBO-TWT,2024.0,1,430.304,36.91,10000.0,10000.0,5031.47,57,36
Philippine Airlines,CEB-BCD,2024.0,1,484.092,36.91,10000.0,3287.11,3770.65,2591,632
Philippine Airlines,CEB-BPA,2024.0,1,376.51599999999996,36.91,10000.0,3287.11,10000.0,2591,16
Philippine Airlines,CEB-BXU,2024.0,1,1559.8519999999999,36.91,10000.0,3287.11,5103.29,2591,361
Cebgo,CEB-CEB,2024.0,1,62.28,3.79,10000.0,3287.11,3287.11,2591,2591
Cebgo,CEB-CGY,2024.0,1,4297.32,3.79,6030.66,3287.11,3384.37,2591,748
Philippine Airlines,CEB-CGY,2024.0,1,1613.6399999999999,36.91,6030.66,3287.11,3384.37,2591,748
Cebgo,CEB-CRK,2024.0,1,560.52,3.79,10000.0,3287.11,3586.24,2591,59
Cebgo,CEB-CYP,2024.0,1,1058.76,3.79,10000.0,3287.11,5249.13,2591,59
Cebu Pacific,CEB-DGT,2024.0,1,160.89,44.23,10000.0,3287.11,5002.82,2591,235
Cebu Pacific,CEB-DVO,2024.0,1,4504.92,44.23,5016.62,3287.11,4809.51,2591,1249
Philippine Airlines,CEB-DVO,2024.0,1,5056.072,36.91,5016.62,3287.11,4809.51,2591,1249
Philippine Airlines,CEB-GES,2024.0,1,1506.0639999999999,36.91,10000.0,3287.11,5000.35,2591,278
Cebgo,CEB-IAO,2024.0,1,2553.48,3.79,5098.77,3287.11,5790.39,2591,376
Philippine Airlines,CEB-IAO,2024.0,1,3388.644,36.91,5098.77,3287.11,5790.39,2591,376
Cebgo,CEB-ILO,2024.0,1,2864.88,3.79,10000.0,3287.11,3060.37,2591,830
AirAsia,CEB-MNL,2024.0,1,14240.16,15.07,3996.46,3287.11,3690.99,2591,8638
Cebu Pacific,CEB-MNL,2024.0,1,51990.825,44.23,3996.46,3287.11,3690.99,2591,8638
Philippine Airlines,CEB-MNL,2024.0,1,39220.944,36.91,3996.46,3287.11,3690.99,2591,8638
Cebu Pacific,CEB-MPH,2024.0,1,4987.589999999999,44.23,5407.05,3287.11,3293.0,2591,885
Philippine Airlines,CEB-MPH,2024.0,1,2773.246,36.91,5407.05,3287.11,3293.0,2591,885
Cebgo,CEB-PAG,2024.0,1,747.36,3.79,10000.0,3287.11,7504.49,2591,143
Cebu Pacific,CEB-PPS,2024.0,1,643.56,44.23,5981.44,3287.11,3614.87,2591,476
Philippine Airlines,CEB-PPS,2024.0,1,1667.4279999999999,36.91,5981.44,3287.11,3614.87,2591,476
Cebgo,CEB-TAC,2024.0,1,1494.72,3.79,5001.04,3287.11,3277.92,2591,638
Philippine Airlines,CEB-TAC,2024.0,1,1452.2759999999998,36.91,5001.04,3287.11,3277.92,2591,638
Cebgo,CEB-USU,2024.0,1,1806.1200000000001,3.79,5002.9,3287.11,5407.45,2591,309
Philippine Airlines,CEB-USU,2024.0,1,1721.216,36.91,5002.9,3287.11,5407.45,2591,309
Cebgo,CGY-CEB,2024.0,1,4235.04,3.79,6065.58,3384.37,3287.11,748,2591
Philippine Airlines,CGY-CEB,2024.0,1,1559.8519999999999,36.91,6065.58,3384.37,3287.11,748,2591
Cebgo,CGY-DVO,2024.0,1,1058.76,3.79,10000.0,3384.37,4809.51,748,1249
AirAsia,CGY-MNL,2024.0,1,5016.42,15.07,4029.17,3384.37,3690.99,748,8638
Cebu Pacific,CGY-MNL,2024.0,1,19054.219999999998,44.23,4029.17,3384.37,3690.99,748,8638
Philippine Airlines,CGY-MNL,2024.0,1,18390.75,36.91,4029.17,3384.37,3690.99,748,8638
Cebgo,CRK-CEB,2024.0,1,498.24,3.79,10000.0,3586.24,3287.11,59,2591
Cebu Pacific,CRK-MPH,2024.0,1,482.66999999999996,44.23,10000.0,3586.24,3293.0,59,885
Philippine Airlines,CRK-USU,2024.0,1,968.184,36.91,10000.0,3586.24,5407.45,59,309
Cebgo,CYP-CEB,2024.0,1,1058.76,3.79,10000.0,5249.13,3287.11,59,2591
Philippine Airlines,CYP-MNL,2024.0,1,645.4559999999999,36.91,10000.0,5249.13,3690.99,59,8638
Cebu Pacific,CYZ-MNL,2024.0,1,4826.7,44.23,10000.0,10000.0,3690.99,61,8638
Cebu Pacific,DGT-MNL,2024.0,1,6596.49,44.23,5116.63,5002.82,3690.99,235,8638
Philippine Airlines,DGT-MNL,2024.0,1,8974.686,36.91,5116.63,5002.82,3690.99,235,8638
Cebu Pacific,DPL-MNL,2024.0,1,4826.7,44.23,5009.98,5014.01,3690.99,121,8638
Philippine Airlines,DPL-MNL,2024.0,1,4413.78,36.91,5009.98,5014.01,3690.99,121,8638
Cebu Pacific,DRP-MNL,2024.0,1,6435.599999999999,44.23,5319.42,5330.21,3690.99,268,8638
Philippine Airlines,DRP-MNL,2024.0,1,10789.24,36.91,5319.42,5330.21,3690.99,268,8638
Cebu Pacific,DVO-BCD,2024.0,1,3700.47,44.23,10000.0,4809.51,3770.65,1249,632
Cebu Pacific,DVO-CEB,2024.0,1,4504.92,44.23,5011.01,4809.51,3287.11,1249,2591
Philippine Airlines,DVO-CEB,2024.0,1,4948.496,36.91,5011.01,4809.51,3287.11,1249,2591
Cebgo,DVO-CGY,2024.0,1,996.48,3.79,10000.0,4809.51,3384.37,1249,748
Cebgo,DVO-DVO,2024.0,1,62.28,3.79,10000.0,4809.51,4809.51,1249,1249
Cebgo,DVO-IAO,2024.0,1,934.2,3.79,10000.0,4809.51,5790.39,1249,376
Cebu Pacific,DVO-MNL,2024.0,1,44412.56,44.23,5030.89,4809.51,3690.99,1249,8638
Philippine Airlines,DVO-MNL,2024.0,1,37939.524000000005,36.91,5030.89,4809.51,3690.99,1249,8638
Philippine Airlines,DVO-TAG,2024.0,1,1183.336,36.91,10000.0,4809.51,3397.68,1249,390
Philippine Airlines,EUQ-MNL,2024.0,1,645.4559999999999,36.91,10000.0,10000.0,3690.99,25,8638
Philippine Airlines,GES-CEB,2024.0,1,1559.8519999999999,36.91,10000.0,5000.35,3287.11,278,2591
Cebu Pacific,GES-MNL,2024.0,1,15166.045,44.23,5024.18,5000.35,3690.99,278,8638
Philippine Airlines,GES-MNL,2024.0,1,13193.880000000001,36.91,5024.18,5000.35,3690.99,278,8638
Cebgo,IAO-CEB,2024.0,1,1992.96,3.79,5224.92,5790.39,3287.11,376,2591
Philippine Airlines,IAO-CEB,2024.0,1,3065.9159999999997,36.91,5224.92,5790.39,3287.11,376,2591
Cebgo,IAO-DVO,2024.0,1,871.9200000000001,3.79,10000.0,5790.39,4809.51,376,1249
Philippine Airlines,IAO-MNL,2024.0,1,3227.2799999999997,36.91,10000.0,5790.39,3690.99,376,8638
Cebgo,ILO-CEB,2024.0,1,2802.6,3.79,10000.0,3060.37,3287.11,830,2591
AirAsia,ILO-MNL,2024.0,1,23356.02,15.07,3363.02,3060.37,3690.99,830,8638
Cebu Pacific,ILO-MNL,2024.0,1,19926.14,44.23,3363.02,3060.37,3690.99,830,8638
Philippine Airlines,ILO-MNL,2024.0,1,18757.774,36.91,3363.02,3060.37,3690.99,830,8638
AirAsia,KLO-MNL,2024.0,1,13916.519999999999,15.07,10000.0,10000.0,3690.99,172,8638
Philippine Airlines,LAO-MNL,2024.0,1,5885.04,36.91,10000.0,10000.0,3690.99,60,8638
AirAsia,MNL-BCD,2024.0,1,9385.56,15.07,3609.98,3690.99,3770.65,8638,632
Cebu Pacific,MNL-BCD,2024.0,1,16632.219999999998,44.23,3609.98,3690.99,3770.65,8638,632
Philippine Airlines,MNL-BCD,2024.0,1,9435.048,36.91,3609.98,3690.99,3770.65,8638,632
Philippine Airlines,MNL-BSO,2024.0,1,1613.6399999999999,36.91,10000.0,3690.99,10000.0,8638,30
Cebu Pacific,MNL-BXU,2024.0,1,12909.259999999998,44.23,5161.63,3690.99,5103.29,8638,361
Philippine Airlines,MNL-BXU,2024.0,1,8974.686,36.91,5161.63,3690.99,5103.29,8638,361
Philippine Airlines,MNL-CBO,2024.0,1,3678.15,36.91,10000.0,3690.99,10000.0,8638,57
AirAsia,MNL-CEB,2024.0,1,18609.3,15.07,3562.37,3690.99,3287.11,8638,2591
Cebgo,MNL-CEB,2024.0,1,809.64,3.79,3562.37,3690.99,3287.11,8638,2591
Cebu Pacific,MNL-CEB,2024.0,1,38108.439999999995,44.23,3562.37,3690.99,3287.11,8638,2591
Philippine Airlines,MNL-CEB,2024.0,1,38895.052,36.91,3562.37,3690.99,3287.11,8638,2591
AirAsia,MNL-CGY,2024.0,1,5016.42,15.07,4333.6,3690.99,3384.37,8638,748
Cebu Pacific,MNL-CGY,2024.0,1,24155.989999999998,44.23,4333.6,3690.99,3384.37,8638,748
Philippine Airlines,MNL-CGY,2024.0,1,13682.718,36.91,4333.6,3690.99,3384.37,8638,748
Philippine Airlines,MNL-CRM,2024.0,1,1021.972,36.91,10000.0,3690.99,10000.0,8638,19
Philippine Airlines,MNL-CYP,2024.0,1,699.2439999999999,36.91,10000.0,3690.99,5249.13,8638,59
Cebu Pacific,MNL-CYZ,2024.0,1,4987.589999999999,44.23,10000.0,3690.99,10000.0,8638,61
Cebu Pacific,MNL-DGT,2024.0,1,10779.63,44.23,5022.79,3690.99,5002.82,8638,235
Philippine Airlines,MNL-DGT,2024.0,1,9416.064,36.91,5022.79,3690.99,5002.82,8638,235
Cebu Pacific,MNL-DPL,2024.0,1,4987.589999999999,44.23,5018.63,3690.99,5014.01,8638,121
Philippine Airlines,MNL-DPL,2024.0,1,4413.78,36.91,5018.63,3690.99,5014.01,8638,121
Cebu Pacific,MNL-DRP,2024.0,1,6113.82,44.23,5341.63,3690.99,5330.21,8638,268
Philippine Airlines,MNL-DRP,2024.0,1,10441.2,36.91,5341.63,3690.99,5330.21,8638,268
Cebu Pacific,MNL-DVO,2024.0,1,37047.085,44.23,5001.02,3690.99,4809.51,8638,1249
Philippine Airlines,MNL-DVO,2024.0,1,38121.454,36.91,5001.02,3690.99,4809.51,8638,1249
Philippine Airlines,MNL-EUQ,2024.0,1,699.2439999999999,36.91,10000.0,3690.99,10000.0,8638,25
Cebu Pacific,MNL-GES,2024.0,1,14785.445,44.23,5016.18,3690.99,5000.35,8638,278
Philippine Airlines,MNL-GES,2024.0,1,13193.880000000001,36.91,5016.18,3690.99,5000.35,8638,278
Philippine Airlines,MNL-IAO,2024.0,1,5056.072,36.91,10000.0,3690.99,5790.39,8638,376
AirAsia,MNL-ILO,2024.0,1,17314.739999999998,15.07,3351.59,3690.99,3060.37,8638,830
Cebu Pacific,MNL-ILO,2024.0,1,20087.03,44.23,3351.59,3690.99,3060.37,8638,830
Philippine Airlines,MNL-ILO,2024.0,1,20553.344,36.91,3351.59,3690.99,3060.37,8638,830
AirAsia,MNL-KLO,2024.0,1,13916.519999999999,15.07,10000.0,3690.99,10000.0,8638,172
Philippine Airlines,MNL-LAO,2024.0,1,2942.52,36.91,10000.0,3690.99,10000.0,8638,60
Cebu Pacific,MNL-MNL,2024.0,1,321.78,44.23,5000.01,3690.99,3690.99,8638,8638
Philippine Airlines,MNL-MNL,2024.0,1,322.72799999999995,36.91,5000.01,3690.99,3690.99,8638,8638
AirAsia,MNL-MPH,2024.0,1,12136.5,15.07,3103.14,3690.99,3293.0,8638,885
Cebgo,MNL-MPH,2024.0,1,1930.68,3.79,3103.14,3690.99,3293.0,8638,885
Cebu Pacific,MNL-MPH,2024.0,1,15767.22,44.23,3103.14,3690.99,3293.0,8638,885
Philippine Airlines,MNL-MPH,2024.0,1,12309.542,36.91,3103.14,3690.99,3293.0,8638,885
Cebu Pacific,MNL-OZC,2024.0,1,7561.829999999999,44.23,10000.0,3690.99,6117.46,8638,138
Cebu Pacific,MNL-PAG,2024.0,1,5148.48,44.23,10000.0,3690.99,7504.49,8638,143
AirAsia,MNL-PPS,2024.0,1,4530.96,15.07,3619.81,3690.99,3614.87,8638,476
Cebu Pacific,MNL-PPS,2024.0,1,9771.039999999999,44.23,3619.81,3690.99,3614.87,8638,476
Philippine Airlines,MNL-PPS,2024.0,1,8386.182,36.91,3619.81,3690.99,3614.87,8638,476
Cebu Pacific,MNL-RXS,2024.0,1,4826.7,44.23,10000.0,3690.99,5297.84,8638,134
AirAsia,MNL-TAC,2024.0,1,9061.92,15.07,3337.08,3690.99,3277.92,8638,638
Cebu Pacific,MNL-TAC,2024.0,1,9331.619999999999,44.23,3337.08,3690.99,3277.92,8638,638
Philippine Airlines,MNL-TAC,2024.0,1,8601.334,36.91,3337.08,3690.99,3277.92,8638,638
AirAsia,MNL-TAG,2024.0,1,9061.92,15.07,3558.13,3690.99,3397.68,8638,390
Cebu Pacific,MNL-TAG,2024.0,1,4902.82,44.23,3558.13,3690.99,3397.68,8638,390
Philippine Airlines,MNL-TAG,2024.0,1,9268.938,36.91,3558.13,3690.99,3397.68,8638,390
Cebu Pacific,MNL-TUG,2024.0,1,4987.589999999999,44.23,10000.0,3690.99,7458.59,8638,180
Cebgo,MNL-USU,2024.0,1,1868.4,3.79,10000.0,3690.99,5407.45,8638,309
Cebgo,MNL-WNP,2024.0,1,3674.52,3.79,10000.0,3690.99,10000.0,8638,119
Cebu Pacific,MPH-CEB,2024.0,1,4987.589999999999,44.23,5298.85,3293.0,3287.11,885,2591
Philippine Airlines,MPH-CEB,2024.0,1,3027.948,36.91,5298.85,3293.0,3287.11,885,2591
Cebu Pacific,MPH-CRK,2024.0,1,643.56,44.23,10000.0,3293.0,3586.24,885,59
AirAsia,MPH-MNL,2024.0,1,16667.46,15.07,3211.55,3293.0,3690.99,885,8638
Cebgo,MPH-MNL,2024.0,1,1868.4,3.79,3211.55,3293.0,3690.99,885,8638
Cebu Pacific,MPH-MNL,2024.0,1,21398.37,44.23,3211.55,3293.0,3690.99,885,8638
Philippine Airlines,MPH-MNL,2024.0,1,14149.408,36.91,3211.55,3293.0,3690.99,885,8638
Cebgo,OZC-CEB,2024.0,1,560.52,3.79,6534.34,6117.46,3287.11,138,2591
Cebu Pacific,OZC-CEB,2024.0,1,160.89,44.23,6534.34,6117.46,3287.11,138,2591
Cebu Pacific,OZC-MNL,2024.0,1,7561.829999999999,44.23,5306.39,6117.46,3690.99,138,8638
Philippine Airlines,OZC-MNL,2024.0,1,4560.906,36.91,5306.39,6117.46,3690.99,138,8638
Cebgo,PAG-CEB,2024.0,1,1868.4,3.79,10000.0,7504.49,3287.11,143,2591
Cebu Pacific,PAG-MNL,2024.0,1,10136.07,44.23,10000.0,7504.49,3690.99,143,8638
Cebu Pacific,PPS-CEB,2024.0,1,643.56,44.23,5981.44,3614.87,3287.11,476,2591
Philippine Airlines,PPS-CEB,2024.0,1,1667.4279999999999,36.91,5981.44,3614.87,3287.11,476,2591
AirAsia,PPS-MNL,2024.0,1,9385.56,15.07,3542.8,3614.87,3690.99,476,8638
Cebu Pacific,PPS-MNL,2024.0,1,15528.48,44.23,3542.8,3614.87,3690.99,476,8638
Philippine Airlines,PPS-MNL,2024.0,1,17859.198,36.91,3542.8,3614.87,3690.99,476,8638
AirAsia,RXS-MNL,2024.0,1,2103.66,15.07,4477.89,5297.84,3690.99,134,8638
Cebu Pacific,RXS-MNL,2024.0,1,9653.4,44.23,4477.89,5297.84,3690.99,134,8638
Philippine Airlines,RXS-MNL,2024.0,1,4413.78,36.91,4477.89,5297.84,3690.99,134,8638
Cebgo,SUG-CEB,2024.0,1,560.52,3.79,10000.0,10000.0,3287.11,9,2591
Cebgo,TAC-CEB,2024.0,1,809.64,3.79,5355.57,3277.92,3287.11,638,2591
Philippine Airlines,TAC-CEB,2024.0,1,1398.4879999999998,36.91,5355.57,3277.92,3287.11,638,2591
AirAsia,TAC-MNL,2024.0,1,16904.1,15.07,3654.47,3277.92,3690.99,638,8638
Cebu Pacific,TAC-MNL,2024.0,1,27351.3,44.23,3654.47,3277.92,3690.99,638,8638
Philippine Airlines,TAC-MNL,2024.0,1,13309.366,36.91,3654.47,3277.92,3690.99,638,8638
Philippine Airlines,TAG-DVO,2024.0,1,1129.548,36.91,10000.0,3397.68,4809.51,390,1249
AirAsia,TAG-MNL,2024.0,1,6796.44,15.07,3860.81,3397.68,3690.99,390,8638
Cebu Pacific,TAG-MNL,2024.0,1,17237.719999999998,44.23,3860.81,3397.68,3690.99,390,8638
Philippine Airlines,TAG-MNL,2024.0,1,9416.064,36.91,3860.81,3397.68,3690.99,390,8638
Cebu Pacific,TUG-MNL,2024.0,1,19306.8,44.23,7035.3,7458.59,3690.99,180,8638
Philippine Airlines,TUG-MNL,2024.0,1,4266.654,36.91,7035.3,7458.59,3690.99,180,8638
Cebgo,USU-CEB,2024.0,1,2553.48,3.79,5427.07,5407.45,3287.11,309,2591
Philippine Airlines,USU-CEB,2024.0,1,1398.4879999999998,36.91,5427.07,5407.45,3287.11,309,2591
Philippine Airlines,USU-CRK,2024.0,1,914.396,36.91,10000.0,5407.45,3586.24,309,59
Cebgo,USU-MNL,2024.0,1,5480.64,3.79,6618.11,5407.45,3690.99,309,8638
Philippine Airlines,USU-MNL,2024.0,1,1506.0639999999999,36.91,6618.11,5407.45,3690.99,309,8638
Cebgo,WNP-MNL,2024.0,1,3736.8,3.79,10000.0,10000.0,3690.99,119,8638
Philippine Airlines,ZAM-CEB,2024.0,1,1721.216,36.91,10000.0,5643.73,3287.11,232,2591
Cebu Pacific,ZAM-MNL,2024.0,1,19780.82,44.23,6122.54,5643.73,3690.99,232,8638
Philippine Airlines,ZAM-MNL,2024.0,1,7062.048000000001,36.91,6122.54,5643.73,3690.99,232,8638
Cebu Pacific,ZAM-TWT,2024.0,1,2574.24,44.23,5173.64,5643.73,5031.47,232,36
Philippine Airlines,ZAM-TWT,2024.0,1,1765.5120000000002,36.91,5173.64,5643.73,5031.47,232,36
Philippine Airlines,BCD-CEB,2024.0,2,161.36399999999998,37.07,10000.0,3603.68,3118.8,545,2256
Cebu Pacific,BCD-DVO,2024.0,2,3228.96,43.35,10000.0,3603.68,4785.28,545,1059
AirAsia,BCD-MNL,2024.0,2,13107.42,15.81,3494.36,3603.68,3646.34,545,8118
Cebu Pacific,BCD-MNL,2024.0,2,22484.672,43.35,3494.36,3603.68,3646.34,545,8118
Philippine Airlines,BCD-MNL,2024.0,2,16946.384000000002,37.07,3494.36,3603.68,3646.34,545,8118
Philippine Airlines,BPA-CEB,2024.0,2,430.304,37.07,10000.0,10000.0,3118.8,16,2256
Philippine Airlines,BXU-CEB,2024.0,2,1344.6999999999998,37.07,10000.0,5021.14,3118.8,324,2256
Cebu Pacific,BXU-MNL,2024.0,2,12507.880000000001,43.35,5178.41,5021.14,3646.34,324,8118
Philippine Airlines,BXU-MNL,2024.0,2,8533.308,37.07,5178.41,5021.14,3646.34,324,8118
Philippine Airlines,CBO-MNL,2024.0,2,2501.1420000000003,37.07,10000.0,10000.0,3646.34,42,8118
Philippine Airlines,CBO-TWT,2024.0,2,376.51599999999996,37.07,10000.0,10000.0,5898.2,42,23
Philippine Airlines,CEB-BCD,2024.0,2,215.152,37.07,10000.0,3118.8,3603.68,2256,545
Philippine Airlines,CEB-BPA,2024.0,2,430.304,37.07,10000.0,3118.8,10000.0,2256,16
Cebgo,CEB-BXU,2024.0,2,62.496,3.77,9151.21,3118.8,5021.14,2256,324
Philippine Airlines,CEB-BXU,2024.0,2,1344.6999999999998,37.07,9151.21,3118.8,5021.14,2256,324
Cebgo,CEB-CEB,2024.0,2,62.496,3.77,10000.0,3118.8,3118.8,2256,2256
Cebgo,CEB-CGY,2024.0,2,3499.7760000000003,3.77,6062.95,3118.8,3298.78,2256,650
Philippine Airlines,CEB-CGY,2024.0,2,1290.9119999999998,37.07,6062.95,3118.8,3298.78,2256,650
Cebgo,CEB-CYP,2024.0,2,999.936,3.77,10000.0,3118.8,5156.58,2256,58
Cebgo,CEB-DPL,2024.0,2,62.496,3.77,10000.0,3118.8,4968.18,2256,115
Cebu Pacific,CEB-DVO,2024.0,2,1453.0320000000002,43.35,5799.13,3118.8,4785.28,2256,1059
Philippine Airlines,CEB-DVO,2024.0,2,3388.644,37.07,5799.13,3118.8,4785.28,2256,1059
Philippine Airlines,CEB-GES,2024.0,2,699.2439999999999,37.07,10000.0,3118.8,5009.01,2256,233
Cebgo,CEB-IAO,2024.0,2,2687.328,3.77,5027.72,3118.8,5774.54,2256,356
Philippine Airlines,CEB-IAO,2024.0,2,3119.7039999999997,37.07,5027.72,3118.8,5774.54,2256,356
Cebgo,CEB-ILO,2024.0,2,2062.368,3.77,10000.0,3118.8,3125.55,2256,773
AirAsia,CEB-MNL,2024.0,2,15858.359999999999,15.81,3787.36,3118.8,3646.34,2256,8118
Cebgo,CEB-MNL,2024.0,2,62.496,3.77,3787.36,3118.8,3646.34,2256,8118
Cebu Pacific,CEB-MNL,2024.0,2,43921.668,43.35,3787.36,3118.8,3646.34,2256,8118
Philippine Airlines,CEB-MNL,2024.0,2,34465.452,37.07,3787.36,3118.8,3646.34,2256,8118
Cebu Pacific,CEB-MPH,2024.0,2,4036.2000000000003,43.35,5189.95,3118.8,3444.37,2256,860
Philippine Airlines,CEB-MPH,2024.0,2,2719.458,37.07,5189.95,3118.8,3444.37,2256,860
Cebu Pacific,CEB-OZC,2024.0,2,161.448,43.35,10000.0,3118.8,6064.78,2256,129
Cebgo,CEB-PAG,2024.0,2,812.448,3.77,10000.0,3118.8,7169.11,2256,123
Cebu Pacific,CEB-PPS,2024.0,2,161.448,43.35,8023.89,3118.8,3665.02,2256,432
Philippine Airlines,CEB-PPS,2024.0,2,1290.9119999999998,37.07,8023.89,3118.8,3665.02,2256,432
Cebgo,CEB-TAC,2024.0,2,1187.424,3.77,5115.77,3118.8,3238.06,2256,601
Philippine Airlines,CEB-TAC,2024.0,2,1613.6399999999999,37.07,5115.77,3118.8,3238.06,2256,601
Cebgo,CEB-USU,2024.0,2,1874.88,3.77,5042.06,3118.8,5432.27,2256,299
Philippine Airlines,CEB-USU,2024.0,2,1559.8519999999999,37.07,5042.06,3118.8,5432.27,2256,299
Cebgo,CGY-CEB,2024.0,2,3562.272,3.77,6173.54,3298.78,3118.8,650,2256
Philippine Airlines,CGY-CEB,2024.0,2,1237.124,37.07,6173.54,3298.78,3118.8,650,2256
Cebgo,CGY-DVO,2024.0,2,999.936,3.77,10000.0,3298.78,4785.28,650,1059
AirAsia,CGY-MNL,2024.0,2,4692.78,15.81,4002.75,3298.78,3646.34,650,8118
Cebu Pacific,CGY-MNL,2024.0,2,15018.136,43.35,4002.75,3298.78,3646.34,650,8118
Philippine Airlines,CGY-MNL,2024.0,2,17580.766,37.07,4002.75,3298.78,3646.34,650,8118
Cebu Pacific,CRK-MPH,2024.0,2,1130.136,43.35,10000.0,5135.19,3444.37,41,860
Philippine Airlines,CRK-USU,2024.0,2,699.2439999999999,37.07,10000.0,5135.19,5432.27,41,299
Cebgo,CYP-CEB,2024.0,2,999.936,3.77,10000.0,5156.58,3118.8,58,2256
Philippine Airlines,CYP-MNL,2024.0,2,699.2439999999999,37.07,10000.0,5156.58,3646.34,58,8118
Cebu Pacific,CYZ-MNL,2024.0,2,4681.992,43.35,10000.0,10000.0,3646.34,58,8118
Cebu Pacific,DGT-MNL,2024.0,2,9041.088,43.35,5004.17,5045.11,3646.34,254,8118
Philippine Airlines,DGT-MNL,2024.0,2,8533.308,37.07,5004.17,5045.11,3646.34,254,8118
Cebu Pacific,DPL-MNL,2024.0,2,4520.544,43.35,5010.77,4968.18,3646.34,115,8118
Philippine Airlines,DPL-MNL,2024.0,2,4119.528,37.07,5010.77,4968.18,3646.34,115,8118
Cebu Pacific,DRP-MNL,2024.0,2,8756.384,43.35,5045.97,5078.62,3646.34,295,8118
Philippine Airlines,DRP-MNL,2024.0,2,10613.638,37.07,5045.97,5078.62,3646.34,295,8118
Cebu Pacific,DVO-BCD,2024.0,2,3228.96,43.35,10000.0,4785.28,3603.68,1059,545
Cebu Pacific,DVO-CEB,2024.0,2,1614.48,43.35,5579.46,4785.28,3118.8,1059,2256
Philippine Airlines,DVO-CEB,2024.0,2,3281.0679999999998,37.07,5579.46,4785.28,3118.8,1059,2256
Cebgo,DVO-CGY,2024.0,2,1062.432,3.77,10000.0,4785.28,3298.78,1059,650
Cebgo,DVO-IAO,2024.0,2,749.952,3.77,10000.0,4785.28,5774.54,1059,356
Cebu Pacific,DVO-MNL,2024.0,2,37376.948000000004,43.35,5003.75,4785.28,3646.34,1059,8118
Philippine Airlines,DVO-MNL,2024.0,2,35384.594000000005,37.07,5003.75,4785.28,3646.34,1059,8118
Philippine Airlines,DVO-TAG,2024.0,2,591.668,37.07,10000.0,4785.28,3351.26,1059,362
Philippine Airlines,EUQ-MNL,2024.0,2,699.2439999999999,37.07,10000.0,10000.0,3646.34,26,8118
Philippine Airlines,GES-CEB,2024.0,2,753.0319999999999,37.07,10000.0,5009.01,3118.8,233,2256
Cebu Pacific,GES-MNL,2024.0,2,12200.608,43.35,5000.01,5009.01,3646.34,233,8118
Philippine Airlines,GES-MNL,2024.0,2,12238.352,37.07,5000.01,5009.01,3646.34,233,8118
Cebgo,IAO-CEB,2024.0,2,1687.392,3.77,5328.59,5774.54,3118.8,356,2256
Philippine Airlines,IAO-CEB,2024.0,2,2850.7639999999997,37.07,5328.59,5774.54,3118.8,356,2256
Cebgo,IAO-DVO,2024.0,2,749.952,3.77,10000.0,5774.54,4785.28,356,1059
Cebgo,IAO-IAO,2024.0,2,62.496,3.77,5351.3,5774.54,5774.54,356,356
Philippine Airlines,IAO-IAO,2024.0,2,107.576,37.07,5351.3,5774.54,5774.54,356,356
Philippine Airlines,IAO-MNL,2024.0,2,3119.7039999999997,37.07,10000.0,5774.54,3646.34,356,8118
Cebgo,ILO-CEB,2024.0,2,1937.376,3.77,10000.0,3125.55,3118.8,773,2256
AirAsia,ILO-MNL,2024.0,2,21823.079999999998,15.81,3366.41,3125.55,3646.34,773,8118
Cebu Pacific,ILO-MNL,2024.0,2,19698.392,43.35,3366.41,3125.55,3646.34,773,8118
Philippine Airlines,ILO-MNL,2024.0,2,17066.616,37.07,3366.41,3125.55,3646.34,773,8118
Cebu Pacific,ILO-MPH,2024.0,2,161.448,43.35,10000.0,3125.55,3444.37,773,860
AirAsia,KLO-MNL,2024.0,2,11651.039999999999,15.81,10000.0,10000.0,3646.34,144,8118
Philippine Airlines,LAO-MNL,2024.0,2,5737.914,37.07,10000.0,10000.0,3646.34,58,8118
AirAsia,MNL-BCD,2024.0,2,8414.64,15.81,3440.44,3646.34,3603.68,8118,545
Cebu Pacific,MNL-BCD,2024.0,2,12306.503999999999,43.35,3440.44,3646.34,3603.68,8118,545
Philippine Airlines,MNL-BCD,2024.0,2,8750.042,37.07,3440.44,3646.34,3603.68,8118,545
Philippine Airlines,MNL-BSO,2024.0,2,1452.2759999999998,37.07,10000.0,3646.34,10000.0,8118,27
Cebu Pacific,MNL-BXU,2024.0,2,10893.4,43.35,5073.8,3646.34,5021.14,8118,324
Philippine Airlines,MNL-BXU,2024.0,2,8533.308,37.07,5073.8,3646.34,5021.14,8118,324
Philippine Airlines,MNL-CBO,2024.0,2,2648.268,37.07,10000.0,3646.34,10000.0,8118,42
AirAsia,MNL-CEB,2024.0,2,21522.059999999998,15.81,3392.99,3646.34,3118.8,8118,2256
Cebgo,MNL-CEB,2024.0,2,874.9440000000001,3.77,3392.99,3646.34,3118.8,8118,2256
Cebu Pacific,MNL-CEB,2024.0,2,34023.864,43.35,3392.99,3646.34,3118.8,8118,2256
Philippine Airlines,MNL-CEB,2024.0,2,33441.898,37.07,3392.99,3646.34,3118.8,8118,2256
AirAsia,MNL-CGY,2024.0,2,4692.78,15.81,4035.55,3646.34,3298.78,8118,650
Cebu Pacific,MNL-CGY,2024.0,2,18038.776,43.35,4035.55,3646.34,3298.78,8118,650
Philippine Airlines,MNL-CGY,2024.0,2,13461.238000000001,37.07,4035.55,3646.34,3298.78,8118,650
Philippine Airlines,MNL-CRM,2024.0,2,860.608,37.07,10000.0,3646.34,10000.0,8118,16
Philippine Airlines,MNL-CYP,2024.0,2,699.2439999999999,37.07,10000.0,3646.34,5156.58,8118,58
Cebu Pacific,MNL-CYZ,2024.0,2,4681.992,43.35,10000.0,3646.34,10000.0,8118,58
Cebu Pacific,MNL-DGT,2024.0,2,11785.704,43.35,5115.11,3646.34,5045.11,8118,254
Philippine Airlines,MNL-DGT,2024.0,2,8680.434000000001,37.07,5115.11,3646.34,5045.11,8118,254
Cebu Pacific,MNL-DPL,2024.0,2,4359.0960000000005,43.35,5000.57,3646.34,4968.18,8118,115
Philippine Airlines,MNL-DPL,2024.0,2,4266.654,37.07,5000.57,3646.34,4968.18,8118,115
Cebu Pacific,MNL-DRP,2024.0,2,7626.2480000000005,43.35,5123.22,3646.34,5078.62,8118,295
Philippine Airlines,MNL-DRP,2024.0,2,10466.512,37.07,5123.22,3646.34,5078.62,8118,295
Cebu Pacific,MNL-DVO,2024.0,2,32041.352000000003,43.35,5003.63,3646.34,4785.28,8118,1059
Philippine Airlines,MNL-DVO,2024.0,2,33816.832,37.07,5003.63,3646.34,4785.28,8118,1059
Philippine Airlines,MNL-EUQ,2024.0,2,699.2439999999999,37.07,10000.0,3646.34,10000.0,8118,26
Cebu Pacific,MNL-GES,2024.0,2,12039.16,43.35,5003.55,3646.34,5009.01,8118,233
Philippine Airlines,MNL-GES,2024.0,2,12698.714,37.07,5003.55,3646.34,5009.01,8118,233
Cebgo,MNL-IAO,2024.0,2,62.496,3.77,9736.95,3646.34,5774.54,8118,356
Philippine Airlines,MNL-IAO,2024.0,2,4625.768,37.07,9736.95,3646.34,5774.54,8118,356
AirAsia,MNL-ILO,2024.0,2,16020.179999999998,15.81,3352.56,3646.34,3125.55,8118,773
Cebu Pacific,MNL-ILO,2024.0,2,19214.048,43.35,3352.56,3646.34,3125.55,8118,773
Philippine Airlines,MNL-ILO,2024.0,2,18425.554,37.07,3352.56,3646.34,3125.55,8118,773
AirAsia,MNL-KLO,2024.0,2,11651.039999999999,15.81,10000.0,3646.34,10000.0,8118,144
Philippine Airlines,MNL-LAO,2024.0,2,2795.3940000000002,37.07,10000.0,3646.34,10000.0,8118,58
Philippine Airlines,MNL-MNL,2024.0,2,200.914,37.07,10000.0,3646.34,3646.34,8118,8118
AirAsia,MNL-MPH,2024.0,2,11003.76,15.81,3190.08,3646.34,3444.37,8118,860
Cebgo,MNL-MPH,2024.0,2,1874.88,3.77,3190.08,3646.34,3444.37,8118,860
Cebu Pacific,MNL-MPH,2024.0,2,17113.488,43.35,3190.08,3646.34,3444.37,8118,860
Philippine Airlines,MNL-MPH,2024.0,2,11653.012,37.07,3190.08,3646.34,3444.37,8118,860
Cebu Pacific,MNL-OZC,2024.0,2,6942.264,43.35,10000.0,3646.34,6064.78,8118,129
Cebu Pacific,MNL-PAG,2024.0,2,4520.544,43.35,10000.0,3646.34,7169.11,8118,123
AirAsia,MNL-PPS,2024.0,2,4854.599999999999,15.81,3569.22,3646.34,3665.02,8118,432
Cebu Pacific,MNL-PPS,2024.0,2,9660.84,43.35,3569.22,3646.34,3665.02,8118,432
Philippine Airlines,MNL-PPS,2024.0,2,7797.678,37.07,3569.22,3646.34,3665.02,8118,432
Cebu Pacific,MNL-RXS,2024.0,2,4681.992,43.35,10000.0,3646.34,5250.59,8118,128
AirAsia,MNL-TAC,2024.0,2,6796.44,15.81,3372.21,3646.34,3238.06,8118,601
Cebu Pacific,MNL-TAC,2024.0,2,8718.192000000001,43.35,3372.21,3646.34,3238.06,8118,601
Philippine Airlines,MNL-TAC,2024.0,2,8533.308,37.07,3372.21,3646.34,3238.06,8118,601
AirAsia,MNL-TAG,2024.0,2,8900.1,15.81,3560.54,3646.34,3351.26,8118,362
Cebu Pacific,MNL-TAG,2024.0,2,4720.184,43.35,3560.54,3646.34,3351.26,8118,362
Philippine Airlines,MNL-TAG,2024.0,2,8827.56,37.07,3560.54,3646.34,3351.26,8118,362
Cebu Pacific,MNL-TUG,2024.0,2,4520.544,43.35,10000.0,3646.34,7455.46,8118,172
Cebgo,MNL-USU,2024.0,2,1812.384,3.77,9440.16,3646.34,5432.27,8118,299
Philippine Airlines,MNL-USU,2024.0,2,53.788,37.07,9440.16,3646.34,5432.27,8118,299
Cebgo,MNL-WNP,2024.0,2,3437.28,3.77,10000.0,3646.34,10000.0,8118,110
Cebu Pacific,MPH-CEB,2024.0,2,4036.2000000000003,43.35,5172.0,3444.37,3118.8,860,2256
Philippine Airlines,MPH-CEB,2024.0,2,2773.246,37.07,5172.0,3444.37,3118.8,860,2256
Cebu Pacific,MPH-CRK,2024.0,2,968.6880000000001,43.35,10000.0,3444.37,5135.19,860,41
Cebu Pacific,MPH-ILO,2024.0,2,161.448,43.35,10000.0,3444.37,3125.55,860,773
AirAsia,MPH-MNL,2024.0,2,13592.88,15.81,3364.04,3444.37,3646.34,860,8118
Cebgo,MPH-MNL,2024.0,2,1812.384,3.77,3364.04,3444.37,3646.34,860,8118
Cebu Pacific,MPH-MNL,2024.0,2,23248.512000000002,43.35,3364.04,3444.37,3646.34,860,8118
Philippine Airlines,MPH-MNL,2024.0,2,12997.712,37.07,3364.04,3444.37,3646.34,860,8118
Cebgo,OZC-CEB,2024.0,2,749.952,3.77,10000.0,6064.78,3118.8,129,2256
Cebu Pacific,OZC-MNL,2024.0,2,6942.264,43.35,5370.19,6064.78,3646.34,129,8118
Philippine Airlines,OZC-MNL,2024.0,2,3972.402,37.07,5370.19,6064.78,3646.34,129,8118
Cebgo,PAG-CEB,2024.0,2,1812.384,3.77,10000.0,7169.11,3118.8,123,2256
Cebu Pacific,PAG-MNL,2024.0,2,8233.848,43.35,10000.0,7169.11,3646.34,123,8118
Cebu Pacific,PPS-CEB,2024.0,2,161.448,43.35,8023.89,3665.02,3118.8,432,2256
Philippine Airlines,PPS-CEB,2024.0,2,1290.9119999999998,37.07,8023.89,3665.02,3118.8,432,2256
AirAsia,PPS-MNL,2024.0,2,6958.259999999999,15.81,3688.12,3665.02,3646.34,432,8118
Cebu Pacific,PPS-MNL,2024.0,2,15106.672,43.35,3688.12,3665.02,3646.34,432,8118
Philippine Airlines,PPS-MNL,2024.0,2,16419.578,37.07,3688.12,3665.02,3646.34,432,8118
AirAsia,RXS-MNL,2024.0,2,2103.66,15.81,4425.17,5250.59,3646.34,128,8118
Cebu Pacific,RXS-MNL,2024.0,2,9202.536,43.35,4425.17,5250.59,3646.34,128,8118
Philippine Airlines,RXS-MNL,2024.0,2,4266.654,37.07,4425.17,5250.59,3646.34,128,8118
Cebgo,SUG-CEB,2024.0,2,562.464,3.77,10000.0,10000.0,3118.8,9,2256
Cebgo,TAC-CEB,2024.0,2,874.9440000000001,3.77,5223.95,3238.06,3118.8,601,2256
Philippine Airlines,TAC-CEB,2024.0,2,1344.6999999999998,37.07,5223.95,3238.06,3118.8,601,2256
AirAsia,TAC-MNL,2024.0,2,18609.3,15.81,3531.16,3238.06,3646.34,601,8118
Cebu Pacific,TAC-MNL,2024.0,2,24217.2,43.35,3531.16,3238.06,3646.34,601,8118
Philippine Airlines,TAC-MNL,2024.0,2,13094.214,37.07,3531.16,3238.06,3646.34,601,8118
Philippine Airlines,TAG-DVO,2024.0,2,645.4559999999999,37.07,10000.0,3351.26,4785.28,362,1059
AirAsia,TAG-MNL,2024.0,2,8252.82,15.81,3685.35,3351.26,3646.34,362,8118
Cebu Pacific,TAG-MNL,2024.0,2,15764.616,43.35,3685.35,3351.26,3646.34,362,8118
Philippine Airlines,TAG-MNL,2024.0,2,8386.182,37.07,3685.35,3351.26,3646.34,362,8118
Cebu Pacific,TUG-MNL,2024.0,2,17833.928,43.35,7039.29,7455.46,3646.34,172,8118
Philippine Airlines,TUG-MNL,2024.0,2,3932.8520000000003,37.07,7039.29,7455.46,3646.34,172,8118
Cebgo,USU-CEB,2024.0,2,2499.84,3.77,5232.07,5432.27,3118.8,299,2256
Philippine Airlines,USU-CEB,2024.0,2,1613.6399999999999,37.07,5232.07,5432.27,3118.8,299,2256
Philippine Airlines,USU-CRK,2024.0,2,806.8199999999999,37.07,10000.0,5432.27,5135.19,299,41
Cebgo,USU-MNL,2024.0,2,5249.664,3.77,6535.34,5432.27,3646.34,299,8118
Philippine Airlines,USU-MNL,2024.0,2,1506.0639999999999,37.07,6535.34,5432.27,3646.34,299,8118
Cebgo,WNP-MNL,2024.0,2,3437.28,3.77,10000.0,10000.0,3646.34,110,8118
Philippine Airlines,ZAM-CEB,2024.0,2,1290.9119999999998,37.07,10000.0,5485.57,3118.8,192,2256
Cebu Pacific,ZAM-DVO,2024.0,2,161.448,43.35,10000.0,5485.57,4785.28,192,1059
Cebu Pacific,ZAM-MNL,2024.0,2,17189.872,43.35,5985.18,5485.57,3646.34,192,8118
Philippine Airlines,ZAM-MNL,2024.0,2,6620.67,37.07,5985.18,5485.57,3646.34,192,8118
Cebu Pacific,ZAM-TWT,2024.0,2,807.24,43.35,5559.14,5485.57,5898.2,192,23
Philippine Airlines,ZAM-TWT,2024.0,2,1618.386,37.07,5559.14,5485.57,5898.2,192,23
Cebgo,BCD-CEB,2024.0,3,58.608,3.33,7668.99,3600.1,3202.05,629,2535
Philippine Airlines,BCD-CEB,2024.0,3,376.51599999999996,35.58,7668.99,3600.1,3202.05,629,2535
Cebu Pacific,BCD-DVO,2024.0,3,3482.292,43.79,10000.0,3600.1,4848.99,629,1146
AirAsia,BCD-MNL,2024.0,3,14887.439999999999,17.29,3503.58,3600.1,3585.14,629,8866
Cebu Pacific,BCD-MNL,2024.0,3,25741.936,43.79,3503.58,3600.1,3585.14,629,8866
Philippine Airlines,BCD-MNL,2024.0,3,18878.006,35.58,3503.58,3600.1,3585.14,629,8866
Philippine Airlines,BPA-CEB,2024.0,3,484.092,35.58,10000.0,10000.0,3202.05,18,2535
Cebgo,BXU-CEB,2024.0,3,58.608,3.33,9278.92,5004.64,3202.05,354,2535
Philippine Airlines,BXU-CEB,2024.0,3,1506.0639999999999,35.58,9278.92,5004.64,3202.05,354,2535
Cebu Pacific,BXU-MNL,2024.0,3,12586.068,43.79,5140.28,5004.64,3585.14,354,8866
Philippine Airlines,BXU-MNL,2024.0,3,8974.686,35.58,5140.28,5004.64,3585.14,354,8866
Philippine Airlines,CBO-MNL,2024.0,3,2501.1420000000003,35.58,10000.0,10000.0,3585.14,35,8866
Philippine Airlines,CBO-TWT,2024.0,3,107.576,35.58,10000.0,10000.0,5223.22,35,33
Cebgo,CEB-BCD,2024.0,3,58.608,3.33,7889.91,3202.05,3600.1,2535,629
Philippine Airlines,CEB-BCD,2024.0,3,430.304,35.58,7889.91,3202.05,3600.1,2535,629
Philippine Airlines,CEB-BPA,2024.0,3,484.092,35.58,10000.0,3202.05,10000.0,2535,18
Cebgo,CEB-BXU,2024.0,3,58.608,3.33,9301.98,3202.05,5004.64,2535,354
Philippine Airlines,CEB-BXU,2024.0,3,1559.8519999999999,35.58,9301.98,3202.05,5004.64,2535,354
Cebgo,CEB-CEB,2024.0,3,58.608,3.33,10000.0,3202.05,3202.05,2535,2535
Cebgo,CEB-CGY,2024.0,3,3164.832,3.33,5687.89,3202.05,3447.17,2535,723
Philippine Airlines,CEB-CGY,2024.0,3,1452.2759999999998,35.58,5687.89,3202.05,3447.17,2535,723
Cebu Pacific,CEB-CRK,2024.0,3,1968.252,43.79,10000.0,3202.05,7277.65,2535,96
Cebgo,CEB-CYP,2024.0,3,1054.944,3.33,10000.0,3202.05,5245.31,2535,61
Cebu Pacific,CEB-DGT,2024.0,3,151.404,43.79,10000.0,3202.05,5080.46,2535,277
Cebu Pacific,CEB-DVO,2024.0,3,3330.888,43.79,5052.06,3202.05,4848.99,2535,1146
Philippine Airlines,CEB-DVO,2024.0,3,4087.888,35.58,5052.06,3202.05,4848.99,2535,1146
Philippine Airlines,CEB-GES,2024.0,3,1365.2659999999998,35.58,10000.0,3202.05,5015.02,2535,265
Cebgo,CEB-IAO,2024.0,3,2578.752,3.33,5125.57,3202.05,5957.76,2535,371
Philippine Airlines,CEB-IAO,2024.0,3,3550.008,35.58,5125.57,3202.05,5957.76,2535,371
Cebgo,CEB-ILO,2024.0,3,1523.808,3.33,10000.0,3202.05,3206.07,2535,854
AirAsia,CEB-MNL,2024.0,3,18285.66,17.29,3708.94,3202.05,3585.14,2535,8866
Cebgo,CEB-MNL,2024.0,3,58.608,3.33,3708.94,3202.05,3585.14,2535,8866
Cebu Pacific,CEB-MNL,2024.0,3,45332.474,43.79,3708.94,3202.05,3585.14,2535,8866
Philippine Airlines,CEB-MNL,2024.0,3,38857.084,35.58,3708.94,3202.05,3585.14,2535,8866
Cebgo,CEB-MPH,2024.0,3,58.608,3.33,4953.85,3202.05,3359.0,2535,989
Cebu Pacific,CEB-MPH,2024.0,3,3482.292,43.79,4953.85,3202.05,3359.0,2535,989
Philippine Airlines,CEB-MPH,2024.0,3,2880.822,35.58,4953.85,3202.05,3359.0,2535,989
Cebgo,CEB-PAG,2024.0,3,761.904,3.33,10000.0,3202.05,7411.03,2535,129
Cebu Pacific,CEB-PPS,2024.0,3,2573.868,43.79,5388.03,3202.05,3613.0,2535,515
Philippine Airlines,CEB-PPS,2024.0,3,1452.2759999999998,35.58,5388.03,3202.05,3613.0,2535,515
Cebgo,CEB-TAC,2024.0,3,1054.944,3.33,5253.08,3202.05,3282.53,2535,652
Philippine Airlines,CEB-TAC,2024.0,3,1667.4279999999999,35.58,5253.08,3202.05,3282.53,2535,652
Cebgo,CEB-USU,2024.0,3,1816.848,3.33,5028.96,3202.05,5355.67,2535,318
Philippine Airlines,CEB-USU,2024.0,3,1559.8519999999999,35.58,5028.96,3202.05,5355.67,2535,318
Cebgo,CGY-CEB,2024.0,3,3282.048,3.33,5746.88,3447.17,3202.05,723,2535
Philippine Airlines,CGY-CEB,2024.0,3,1452.2759999999998,35.58,5746.88,3447.17,3202.05,723,2535
Cebgo,CGY-DVO,2024.0,3,1054.944,3.33,10000.0,3447.17,4848.99,723,1146
Cebu Pacific,CGY-ILO,2024.0,3,757.02,43.79,10000.0,3447.17,3206.07,723,854
AirAsia,CGY-MNL,2024.0,3,5016.42,17.29,4005.37,3447.17,3585.14,723,8866
Cebu Pacific,CGY-MNL,2024.0,3,18062.66,43.79,4005.37,3447.17,3585.14,723,8866
Philippine Airlines,CGY-MNL,2024.0,3,18150.286,35.58,4005.37,3447.17,3585.14,723,8866
Cebu Pacific,CRK-CEB,2024.0,3,302.808,43.79,10000.0,7277.65,3202.05,96,2535
Cebu Pacific,CRK-CRK,2024.0,3,151.404,43.79,10000.0,7277.65,7277.65,96,96
Cebu Pacific,CRK-MNL,2024.0,3,187.22,43.79,10000.0,7277.65,3585.14,96,8866
Cebu Pacific,CRK-MPH,2024.0,3,3330.888,43.79,10000.0,7277.65,3359.0,96,989
Philippine Airlines,CRK-USU,2024.0,3,914.396,35.58,10000.0,7277.65,5355.67,96,318
Cebgo,CYP-CEB,2024.0,3,1054.944,3.33,10000.0,5245.31,3202.05,61,2535
Philippine Airlines,CYP-MNL,2024.0,3,645.4559999999999,35.58,10000.0,5245.31,3585.14,61,8866
Cebu Pacific,CYZ-MNL,2024.0,3,4542.12,43.79,10000.0,10000.0,3585.14,60,8866
Cebu Pacific,DGT-MNL,2024.0,3,9387.047999999999,43.79,5004.72,5080.46,3585.14,277,8866
Philippine Airlines,DGT-MNL,2024.0,3,8827.56,35.58,5004.72,5080.46,3585.14,277,8866
Cebu Pacific,DPL-MNL,2024.0,3,4542.12,43.79,5000.02,5000.19,3585.14,123,8866
Philippine Airlines,DPL-MNL,2024.0,3,4560.906,35.58,5000.02,5000.19,3585.14,123,8866
Cebu Pacific,DRP-MNL,2024.0,3,8613.748,43.79,5052.19,5049.98,3585.14,299,8866
Philippine Airlines,DRP-MNL,2024.0,3,10574.088,35.58,5052.19,5049.98,3585.14,299,8866
Cebu Pacific,DVO-BCD,2024.0,3,3482.292,43.79,10000.0,4848.99,3600.1,1146,629
Cebu Pacific,DVO-CEB,2024.0,3,3330.888,43.79,5028.29,4848.99,3202.05,1146,2535
Philippine Airlines,DVO-CEB,2024.0,3,3872.736,35.58,5028.29,4848.99,3202.05,1146,2535
Cebgo,DVO-CGY,2024.0,3,1054.944,3.33,10000.0,4848.99,3447.17,1146,723
Cebgo,DVO-IAO,2024.0,3,703.2959999999999,3.33,10000.0,4848.99,5957.76,1146,371
Cebu Pacific,DVO-MNL,2024.0,3,42016.238,43.79,5071.6,4848.99,3585.14,1146,8866
Philippine Airlines,DVO-MNL,2024.0,3,33035.324,35.58,5071.6,4848.99,3585.14,1146,8866
Philippine Airlines,DVO-TAG,2024.0,3,860.608,35.58,10000.0,4848.99,3333.67,1146,404
Philippine Airlines,EUQ-MNL,2024.0,3,645.4559999999999,35.58,10000.0,10000.0,3585.14,24,8866
Philippine Airlines,GES-CEB,2024.0,3,1365.2659999999998,35.58,10000.0,5015.02,3202.05,265,2535
Cebu Pacific,GES-MNL,2024.0,3,14892.13,43.79,5055.02,5015.02,3585.14,265,8866
Philippine Airlines,GES-MNL,2024.0,3,12064.332,35.58,5055.02,5015.02,3585.14,265,8866
Cebgo,IAO-CEB,2024.0,3,1699.6319999999998,3.33,5527.49,5957.76,3202.05,371,2535
Philippine Airlines,IAO-CEB,2024.0,3,3334.8559999999998,35.58,5527.49,5957.76,3202.05,371,2535
Cebgo,IAO-DVO,2024.0,3,761.904,3.33,10000.0,5957.76,4848.99,371,1146
Philippine Airlines,IAO-MNL,2024.0,3,3012.1279999999997,35.58,10000.0,5957.76,3585.14,371,8866
Cebgo,ILO-CEB,2024.0,3,1406.5919999999999,3.33,10000.0,3206.07,3202.05,854,2535
Cebu Pacific,ILO-CGY,2024.0,3,757.02,43.79,10000.0,3206.07,3447.17,854,723
AirAsia,ILO-MNL,2024.0,3,25391.82,17.29,3397.5,3206.07,3585.14,854,8866
Cebu Pacific,ILO-MNL,2024.0,3,20970.268,43.79,3397.5,3206.07,3585.14,854,8866
Philippine Airlines,ILO-MNL,2024.0,3,18142.376,35.58,3397.5,3206.07,3585.14,854,8866
AirAsia,KLO-MNL,2024.0,3,14078.34,17.29,9789.46,9794.1,3585.14,180,8866
Cebu Pacific,KLO-MNL,2024.0,3,151.404,43.79,9789.46,9794.1,3585.14,180,8866
Philippine Airlines,LAO-MNL,2024.0,3,6655.474,35.58,10000.0,10000.0,3585.14,69,8866
AirAsia,MNL-BCD,2024.0,3,10032.84,17.29,3475.59,3585.14,3600.1,8866,629
Cebu Pacific,MNL-BCD,2024.0,3,14170.112,43.79,3475.59,3585.14,3600.1,8866,629
Philippine Airlines,MNL-BCD,2024.0,3,8862.364,35.58,3475.59,3585.14,3600.1,8866,629
Philippine Airlines,MNL-BSO,2024.0,3,1667.4279999999999,35.58,10000.0,3585.14,10000.0,8866,31
Cebu Pacific,MNL-BXU,2024.0,3,11980.452,43.79,5102.87,3585.14,5004.64,8866,354
Philippine Airlines,MNL-BXU,2024.0,3,8974.686,35.58,5102.87,3585.14,5004.64,8866,354
Philippine Airlines,MNL-CBO,2024.0,3,2354.016,35.58,10000.0,3585.14,10000.0,8866,35
AirAsia,MNL-CEB,2024.0,3,24758.46,17.29,3379.81,3585.14,3202.05,8866,2535
Cebgo,MNL-CEB,2024.0,3,820.512,3.33,3379.81,3585.14,3202.05,8866,2535
Cebu Pacific,MNL-CEB,2024.0,3,35365.858,43.79,3379.81,3585.14,3202.05,8866,2535
Philippine Airlines,MNL-CEB,2024.0,3,38050.264,35.58,3379.81,3585.14,3202.05,8866,2535
AirAsia,MNL-CGY,2024.0,3,4854.599999999999,17.29,4201.46,3585.14,3447.17,8866,723
Cebu Pacific,MNL-CGY,2024.0,3,21385.408,43.79,4201.46,3585.14,3447.17,8866,723
Philippine Airlines,MNL-CGY,2024.0,3,13442.254,35.58,4201.46,3585.14,3447.17,8866,723
Philippine Airlines,MNL-CRM,2024.0,3,968.184,35.58,10000.0,3585.14,10000.0,8866,18
Philippine Airlines,MNL-CYP,2024.0,3,699.2439999999999,35.58,10000.0,3585.14,5245.31,8866,61
Cebu Pacific,MNL-CYZ,2024.0,3,4542.12,43.79,10000.0,3585.14,10000.0,8866,60
Cebu Pacific,MNL-DGT,2024.0,3,13626.36,43.79,5196.06,3585.14,5080.46,8866,277
Philippine Airlines,MNL-DGT,2024.0,3,9121.812,35.58,5196.06,3585.14,5080.46,8866,277
Cebu Pacific,MNL-DPL,2024.0,3,4693.523999999999,43.79,5001.03,3585.14,5000.19,8866,123
Philippine Airlines,MNL-DPL,2024.0,3,4560.906,35.58,5001.03,3585.14,5000.19,8866,123
Cebu Pacific,MNL-DRP,2024.0,3,8613.748,43.79,5047.8,3585.14,5049.98,8866,299
Philippine Airlines,MNL-DRP,2024.0,3,10480.75,35.58,5047.8,3585.14,5049.98,8866,299
Cebu Pacific,MNL-DVO,2024.0,3,33977.174,43.79,5030.79,3585.14,4848.99,8866,1146
Philippine Airlines,MNL-DVO,2024.0,3,29032.864,35.58,5030.79,3585.14,4848.99,8866,1146
Philippine Airlines,MNL-EUQ,2024.0,3,645.4559999999999,35.58,10000.0,3585.14,10000.0,8866,24
Cebu Pacific,MNL-GES,2024.0,3,14896.2,43.79,5062.59,3585.14,5015.02,8866,265
Philippine Airlines,MNL-GES,2024.0,3,11898.222,35.58,5062.59,3585.14,5015.02,8866,265
Philippine Airlines,MNL-IAO,2024.0,3,4787.132,35.58,10000.0,3585.14,5957.76,8866,371
AirAsia,MNL-ILO,2024.0,3,19742.04,17.29,3336.42,3585.14,3206.07,8866,854
Cebu Pacific,MNL-ILO,2024.0,3,21121.672,43.79,3336.42,3585.14,3206.07,8866,854
Philippine Airlines,MNL-ILO,2024.0,3,19903.142,35.58,3336.42,3585.14,3206.07,8866,854
AirAsia,MNL-KLO,2024.0,3,14725.619999999999,17.29,9798.53,3585.14,9794.1,8866,180
Cebu Pacific,MNL-KLO,2024.0,3,151.404,43.79,9798.53,3585.14,9794.1,8866,180
Philippine Airlines,MNL-LAO,2024.0,3,3565.828,35.58,10000.0,3585.14,10000.0,8866,69
Cebu Pacific,MNL-MNL,2024.0,3,490.028,43.79,6448.18,3585.14,3585.14,8866,8866
Philippine Airlines,MNL-MNL,2024.0,3,147.126,35.58,6448.18,3585.14,3585.14,8866,8866
AirAsia,MNL-MPH,2024.0,3,14240.16,17.29,3165.07,3585.14,3359.0,8866,989
Cebgo,MNL-MPH,2024.0,3,1758.24,3.33,3165.07,3585.14,3359.0,8866,989
Cebu Pacific,MNL-MPH,2024.0,3,17714.268,43.79,3165.07,3585.14,3359.0,8866,989
Philippine Airlines,MNL-MPH,2024.0,3,12496.218,35.58,3165.07,3585.14,3359.0,8866,989
Cebu Pacific,MNL-OZC,2024.0,3,7267.392,43.79,10000.0,3585.14,5954.02,8866,141
Cebu Pacific,MNL-PAG,2024.0,3,4693.523999999999,43.79,10000.0,3585.14,7411.03,8866,129
AirAsia,MNL-PPS,2024.0,3,5178.24,17.29,3578.11,3585.14,3613.0,8866,515
Cebu Pacific,MNL-PPS,2024.0,3,10469.668,43.79,3578.11,3585.14,3613.0,8866,515
Philippine Airlines,MNL-PPS,2024.0,3,8715.238000000001,35.58,3578.11,3585.14,3613.0,8866,515
Cebu Pacific,MNL-RXS,2024.0,3,4542.12,43.79,10000.0,3585.14,5287.04,8866,136
AirAsia,MNL-TAC,2024.0,3,9385.56,17.29,3337.49,3585.14,3282.53,8866,652
Cebu Pacific,MNL-TAC,2024.0,3,8630.028,43.79,3337.49,3585.14,3282.53,8866,652
Philippine Airlines,MNL-TAC,2024.0,3,9191.42,35.58,3337.49,3585.14,3282.53,8866,652
AirAsia,MNL-TAG,2024.0,3,10032.84,17.29,3611.51,3585.14,3333.67,8866,404
Cebu Pacific,MNL-TAG,2024.0,3,4757.016,43.79,3611.51,3585.14,3333.67,8866,404
Philippine Airlines,MNL-TAG,2024.0,3,9121.812,35.58,3611.51,3585.14,3333.67,8866,404
Cebu Pacific,MNL-TUG,2024.0,3,4693.523999999999,43.79,10000.0,3585.14,7558.34,8866,166
Cebgo,MNL-USU,2024.0,3,1816.848,3.33,10000.0,3585.14,5355.67,8866,318
Cebgo,MNL-WNP,2024.0,3,3633.696,3.33,10000.0,3585.14,10000.0,8866,122
Cebu Pacific,MPH-CEB,2024.0,3,3482.292,43.79,5053.93,3359.0,3202.05,989,2535
Philippine Airlines,MPH-CEB,2024.0,3,2827.034,35.58,5053.93,3359.0,3202.05,989,2535
Cebu Pacific,MPH-CRK,2024.0,3,3330.888,43.79,10000.0,3359.0,7277.65,989,96
AirAsia,MPH-MNL,2024.0,3,19094.76,17.29,3263.04,3359.0,3585.14,989,8866
Cebgo,MPH-MNL,2024.0,3,1816.848,3.33,3263.04,3359.0,3585.14,989,8866
Cebu Pacific,MPH-MNL,2024.0,3,23467.62,43.79,3263.04,3359.0,3585.14,989,8866
Philippine Airlines,MPH-MNL,2024.0,3,14256.984,35.58,3263.04,3359.0,3585.14,989,8866
AirAsia,MPH-MPH,2024.0,3,161.82,17.29,5005.53,3359.0,3359.0,989,989
Cebu Pacific,MPH-MPH,2024.0,3,151.404,43.79,5005.53,3359.0,3359.0,989,989
Cebgo,OZC-CEB,2024.0,3,703.2959999999999,3.33,10000.0,5954.02,3202.05,141,2535
Cebu Pacific,OZC-MNL,2024.0,3,7418.796,43.79,5284.56,5954.02,3585.14,141,8866
Philippine Airlines,OZC-MNL,2024.0,3,4560.906,35.58,5284.56,5954.02,3585.14,141,8866
Cebgo,PAG-CEB,2024.0,3,1641.024,3.33,10000.0,7411.03,3202.05,129,2535
Cebu Pacific,PAG-MNL,2024.0,3,8630.028,43.79,10000.0,7411.03,3585.14,129,8866
Cebu Pacific,PPS-CEB,2024.0,3,2573.868,43.79,5388.03,3613.0,3202.05,515,2535
Philippine Airlines,PPS-CEB,2024.0,3,1452.2759999999998,35.58,5388.03,3613.0,3202.05,515,2535
AirAsia,PPS-MNL,2024.0,3,9871.02,17.29,3536.83,3613.0,3585.14,515,8866
Cebu Pacific,PPS-MNL,2024.0,3,15496.932,43.79,3536.83,3613.0,3585.14,515,8866
Philippine Airlines,PPS-MNL,2024.0,3,18629.632,35.58,3536.83,3613.0,3585.14,515,8866
AirAsia,RXS-MNL,2024.0,3,2103.66,17.29,4481.49,5287.04,3585.14,136,8866
Cebu Pacific,RXS-MNL,2024.0,3,9387.047999999999,43.79,4481.49,5287.04,3585.14,136,8866
Philippine Airlines,RXS-MNL,2024.0,3,4173.316,35.58,4481.49,5287.04,3585.14,136,8866
Cebgo,SUG-CEB,2024.0,3,703.2959999999999,3.33,10000.0,10000.0,3202.05,12,2535
Cebgo,TAC-CEB,2024.0,3,703.2959999999999,3.33,5716.24,3282.53,3202.05,652,2535
Philippine Airlines,TAC-CEB,2024.0,3,1559.8519999999999,35.58,5716.24,3282.53,3202.05,652,2535
AirAsia,TAC-MNL,2024.0,3,18809.399999999998,17.29,3646.28,3282.53,3585.14,652,8866
Cebu Pacific,TAC-MNL,2024.0,3,26949.912,43.79,3646.28,3282.53,3585.14,652,8866
Philippine Airlines,TAC-MNL,2024.0,3,12428.192000000001,35.58,3646.28,3282.53,3585.14,652,8866
Philippine Airlines,TAG-DVO,2024.0,3,860.608,35.58,10000.0,3333.67,4848.99,404,1146
AirAsia,TAG-MNL,2024.0,3,10032.84,17.29,3541.14,3333.67,3585.14,404,8866
Cebu Pacific,TAG-MNL,2024.0,3,15676.012,43.79,3541.14,3333.67,3585.14,404,8866
Philippine Airlines,TAG-MNL,2024.0,3,9121.812,35.58,3541.14,3333.67,3585.14,404,8866
Cebu Pacific,TUG-MNL,2024.0,3,15542.516,43.79,7077.64,7558.34,3585.14,166,8866
Philippine Airlines,TUG-MNL,2024.0,3,3358.5860000000002,35.58,7077.64,7558.34,3585.14,166,8866
Cebgo,USU-CEB,2024.0,3,2520.144,3.33,5276.99,5355.67,3202.05,318,2535
Philippine Airlines,USU-CEB,2024.0,3,1559.8519999999999,35.58,5276.99,5355.67,3202.05,318,2535
Philippine Airlines,USU-CRK,2024.0,3,914.396,35.58,10000.0,5355.67,7277.65,318,96
Cebgo,USU-MNL,2024.0,3,5274.719999999999,3.33,6350.03,5355.67,3585.14,318,8866
Philippine Airlines,USU-MNL,2024.0,3,1667.4279999999999,35.58,6350.03,5355.67,3585.14,318,8866
Cebgo,WNP-MNL,2024.0,3,3516.48,3.33,10000.0,10000.0,3585.14,122,8866
Cebu Pacific,ZAM-CEB,2024.0,3,151.404,43.79,8057.01,5699.9,3202.05,215,2535
Philippine Airlines,ZAM-CEB,2024.0,3,1237.124,35.58,8057.01,5699.9,3202.05,215,2535
Cebu Pacific,ZAM-MNL,2024.0,3,17777.76,43.79,6086.38,5699.9,3585.14,215,8866
Philippine Airlines,ZAM-MNL,2024.0,3,6473.544,35.58,6086.38,5699.9,3585.14,215,8866
Cebu Pacific,ZAM-TWT,2024.0,3,2876.676,43.79,5286.47,5699.9,5223.22,215,33
Philippine Airlines,ZAM-TWT,2024.0,3,1765.5120000000002,35.58,5286.47,5699.9,5223.22,215,33
Cebgo,BCD-CEB,2024.0,4,1267.056,4.01,5053.64,3581.33,3007.25,719,2782
Philippine Airlines,BCD-CEB,2024.0,4,1559.8519999999999,35.01,5053.64,3581.33,3007.25,719,2782
Cebu Pacific,BCD-DVO,2024.0,4,3273.228,45.24,10000.0,3581.33,4864.95,719,1167
AirAsia,BCD-MNL,2024.0,4,10189.08,15.74,3723.55,3581.33,3675.74,719,8887
Cebu Pacific,BCD-MNL,2024.0,4,25627.716,45.24,3723.55,3581.33,3675.74,719,8887
Philippine Airlines,BCD-MNL,2024.0,4,22102.122,35.01,3723.55,3581.33,3675.74,719,8887
Philippine Airlines,BPA-CEB,2024.0,4,537.88,35.01,10000.0,10000.0,3007.25,19,2782
Cebgo,BXU-CEB,2024.0,4,2473.776,4.01,5295.62,4189.35,3007.25,424,2782
Philippine Airlines,BXU-CEB,2024.0,4,1506.0639999999999,35.01,5295.62,4189.35,3007.25,424,2782
Cebu Pacific,BXU-MNL,2024.0,4,12038.707999999999,45.24,5145.17,4189.35,3675.74,424,8887
Philippine Airlines,BXU-MNL,2024.0,4,8533.308,35.01,5145.17,4189.35,3675.74,424,8887
Philippine Airlines,CBO-MNL,2024.0,4,3531.0240000000003,35.01,10000.0,10000.0,3675.74,53,8887
Philippine Airlines,CBO-TWT,2024.0,4,268.94,35.01,10000.0,10000.0,10000.0,53,14
Cebgo,CEB-BCD,2024.0,4,1146.384,4.01,5116.71,3007.25,3581.33,2782,719
Philippine Airlines,CEB-BCD,2024.0,4,1559.8519999999999,35.01,5116.71,3007.25,3581.33,2782,719
Philippine Airlines,CEB-BPA,2024.0,4,484.092,35.01,10000.0,3007.25,10000.0,2782,19
Cebgo,CEB-BXU,2024.0,4,2413.44,4.01,5197.22,3007.25,4189.35,2782,424
Philippine Airlines,CEB-BXU,2024.0,4,1613.6399999999999,35.01,5197.22,3007.25,4189.35,2782,424
Cebgo,CEB-CGY,2024.0,4,2594.448,4.01,5050.39,3007.25,3865.11,2782,884
Philippine Airlines,CEB-CGY,2024.0,4,3173.4919999999997,35.01,5050.39,3007.25,3865.11,2782,884
Cebgo,CEB-CRK,2024.0,4,784.3679999999999,4.01,5929.64,3007.25,6404.49,2782,135
Cebu Pacific,CEB-CRK,2024.0,4,311.736,45.24,5929.64,3007.25,6404.49,2782,135
Cebgo,CEB-CYP,2024.0,4,1508.3999999999999,4.01,10000.0,3007.25,5734.89,2782,75
Cebu Pacific,CEB-DGT,2024.0,4,155.868,45.24,10000.0,3007.25,5065.56,2782,268
Cebgo,CEB-DRP,2024.0,4,784.3679999999999,4.01,10000.0,3007.25,4691.12,2782,321
Cebgo,CEB-DVO,2024.0,4,60.336,4.01,4988.74,3007.25,4864.95,2782,1167
Cebu Pacific,CEB-DVO,2024.0,4,4052.5679999999998,45.24,4988.74,3007.25,4864.95,2782,1167
Philippine Airlines,CEB-DVO,2024.0,4,5002.284,35.01,4988.74,3007.25,4864.95,2782,1167
Philippine Airlines,CEB-GES,2024.0,4,1559.8519999999999,35.01,10000.0,3007.25,5026.51,2782,318
Cebgo,CEB-IAO,2024.0,4,3559.824,4.01,5028.54,3007.25,5595.96,2782,423
Philippine Airlines,CEB-IAO,2024.0,4,4141.6759999999995,35.01,5028.54,3007.25,5595.96,2782,423
Cebgo,CEB-ILO,2024.0,4,1508.3999999999999,4.01,10000.0,3007.25,3185.35,2782,822
AirAsia,CEB-MNL,2024.0,4,18371.22,15.74,3656.94,3007.25,3675.74,2782,8887
Cebu Pacific,CEB-MNL,2024.0,4,41624.298,45.24,3656.94,3007.25,3675.74,2782,8887
Philippine Airlines,CEB-MNL,2024.0,4,31753.904000000002,35.01,3656.94,3007.25,3675.74,2782,8887
Cebu Pacific,CEB-MPH,2024.0,4,4676.04,45.24,6185.32,3007.25,3476.43,2782,1074
Philippine Airlines,CEB-MPH,2024.0,4,1613.6399999999999,35.01,6185.32,3007.25,3476.43,2782,1074
Cebgo,CEB-PAG,2024.0,4,724.0319999999999,4.01,10000.0,3007.25,6715.09,2782,69
Cebu Pacific,CEB-PPS,2024.0,4,2026.2839999999999,45.24,10000.0,3007.25,3841.86,2782,400
Cebgo,CEB-TAC,2024.0,4,1810.08,4.01,5082.28,3007.25,3232.68,2782,631
Philippine Airlines,CEB-TAC,2024.0,4,1398.4879999999998,35.01,5082.28,3007.25,3232.68,2782,631
Cebgo,CEB-USU,2024.0,4,1810.08,4.01,5008.41,3007.25,5360.09,2782,308
Philippine Airlines,CEB-USU,2024.0,4,1667.4279999999999,35.01,5008.41,3007.25,5360.09,2782,308
Cebgo,CGY-CEB,2024.0,4,2594.448,4.01,5034.69,3865.11,3007.25,884,2782
Philippine Airlines,CGY-CEB,2024.0,4,3065.9159999999997,35.01,5034.69,3865.11,3007.25,884,2782
Cebgo,CGY-DVO,2024.0,4,1025.712,4.01,10000.0,3865.11,4864.95,884,1167
AirAsia,CGY-MNL,2024.0,4,4631.4,15.74,4301.09,3865.11,3675.74,884,8887
Cebu Pacific,CGY-MNL,2024.0,4,27432.768,45.24,4301.09,3865.11,3675.74,884,8887
Philippine Airlines,CGY-MNL,2024.0,4,22358.406,35.01,4301.09,3865.11,3675.74,884,8887
Cebgo,CRK-CEB,2024.0,4,724.0319999999999,4.01,5509.28,6404.49,3007.25,135,2782
Cebu Pacific,CRK-CEB,2024.0,4,1402.812,45.24,5509.28,6404.49,3007.25,135,2782
Cebu Pacific,CRK-CRK,2024.0,4,311.736,45.24,10000.0,6404.49,6404.49,135,135
Cebu Pacific,CRK-MNL,2024.0,4,192.74,45.24,10000.0,6404.49,3675.74,135,8887
Cebu Pacific,CRK-MPH,2024.0,4,4676.04,45.24,10000.0,6404.49,3476.43,135,1074
Philippine Airlines,CRK-USU,2024.0,4,914.396,35.01,10000.0,6404.49,5360.09,135,308
Cebgo,CYP-CEB,2024.0,4,1508.3999999999999,4.01,10000.0,5734.89,3007.25,75,2782
Philippine Airlines,CYP-MNL,2024.0,4,645.4559999999999,35.01,10000.0,5734.89,3675.74,75,8887
Cebu Pacific,CYZ-MNL,2024.0,4,4676.04,45.24,10000.0,10000.0,3675.74,60,8887
Cebu Pacific,DGT-MNL,2024.0,4,8884.476,45.24,5000.67,5065.56,3675.74,268,8887
Philippine Airlines,DGT-MNL,2024.0,4,8680.434000000001,35.01,5000.67,5065.56,3675.74,268,8887
Cebgo,DPL-CEB,2024.0,4,60.336,4.01,10000.0,4971.22,3007.25,121,2782
Cebu Pacific,DPL-MNL,2024.0,4,4676.04,45.24,5004.16,4971.22,3675.74,121,8887
Philippine Airlines,DPL-MNL,2024.0,4,4413.78,35.01,5004.16,4971.22,3675.74,121,8887
Cebgo,DRP-CEB,2024.0,4,724.0319999999999,4.01,10000.0,4691.12,3007.25,321,2782
Cebu Pacific,DRP-MNL,2024.0,4,10052.648,45.24,5026.78,4691.12,3675.74,321,8887
Philippine Airlines,DRP-MNL,2024.0,4,11640.356,35.01,5026.78,4691.12,3675.74,321,8887
Cebu Pacific,DVO-BCD,2024.0,4,3273.228,45.24,10000.0,4864.95,3581.33,1167,719
Cebu Pacific,DVO-CEB,2024.0,4,4052.5679999999998,45.24,5049.54,4864.95,3007.25,1167,2782
Philippine Airlines,DVO-CEB,2024.0,4,4948.496,35.01,5049.54,4864.95,3007.25,1167,2782
Cebgo,DVO-CGY,2024.0,4,1025.712,4.01,10000.0,4864.95,3865.11,1167,884
Cebgo,DVO-IAO,2024.0,4,784.3679999999999,4.01,10000.0,4864.95,5595.96,1167,423
Cebu Pacific,DVO-MNL,2024.0,4,43669.018000000004,45.24,5078.2,4864.95,3675.74,1167,8887
Philippine Airlines,DVO-MNL,2024.0,4,33960.794,35.01,5078.2,4864.95,3675.74,1167,8887
Philippine Airlines,DVO-TAG,2024.0,4,968.184,35.01,10000.0,4864.95,3570.44,1167,457
Philippine Airlines,EUQ-MNL,2024.0,4,699.2439999999999,35.01,10000.0,10000.0,3675.74,26,8887
Philippine Airlines,GES-CEB,2024.0,4,1559.8519999999999,35.01,10000.0,5026.51,3007.25,318,2782
Cebu Pacific,GES-MNL,2024.0,4,16220.328000000001,45.24,5074.15,5026.51,3675.74,318,8887
Philippine Airlines,GES-MNL,2024.0,4,12698.714,35.01,5074.15,5026.51,3675.74,318,8887
Cebgo,IAO-CEB,2024.0,4,2594.448,4.01,5249.74,5595.96,3007.25,423,2782
Philippine Airlines,IAO-CEB,2024.0,4,4087.888,35.01,5249.74,5595.96,3007.25,423,2782
Cebgo,IAO-DVO,2024.0,4,784.3679999999999,4.01,10000.0,5595.96,4864.95,423,1167
Philippine Airlines,IAO-MNL,2024.0,4,3119.7039999999997,35.01,10000.0,5595.96,3675.74,423,8887
Cebgo,ILO-CEB,2024.0,4,1568.7359999999999,4.01,10000.0,3185.35,3007.25,822,2782
AirAsia,ILO-MNL,2024.0,4,23696.5,15.74,3395.21,3185.35,3675.74,822,8887
Cebu Pacific,ILO-MNL,2024.0,4,21268.440000000002,45.24,3395.21,3185.35,3675.74,822,8887
Philippine Airlines,ILO-MNL,2024.0,4,16905.252,35.01,3395.21,3185.35,3675.74,822,8887
AirAsia,KLO-MNL,2024.0,4,13894.199999999999,15.74,6232.04,6253.08,3675.74,239,8887
Cebu Pacific,KLO-MNL,2024.0,4,4676.04,45.24,6232.04,6253.08,3675.74,239,8887
Philippine Airlines,LAO-MNL,2024.0,4,7772.366,35.01,10000.0,10000.0,3675.74,84,8887
Cebgo,MBT-MNL,2024.0,4,60.336,4.01,10000.0,10000.0,3675.74,1,8887
AirAsia,MNL-BCD,2024.0,4,8027.76,15.74,3537.44,3675.74,3581.33,8887,719
Cebu Pacific,MNL-BCD,2024.0,4,15092.380000000001,45.24,3537.44,3675.74,3581.33,8887,719
Philippine Airlines,MNL-BCD,2024.0,4,13410.614,35.01,3537.44,3675.74,3581.33,8887,719
Philippine Airlines,MNL-BSO,2024.0,4,1613.6399999999999,35.01,10000.0,3675.74,10000.0,8887,30
Cebu Pacific,MNL-BXU,2024.0,4,12194.576,45.24,5141.7,3675.74,4189.35,8887,424
Philippine Airlines,MNL-BXU,2024.0,4,8680.434000000001,35.01,5141.7,3675.74,4189.35,8887,424
Philippine Airlines,MNL-CBO,2024.0,4,3531.0240000000003,35.01,10000.0,3675.74,10000.0,8887,53
AirAsia,MNL-CEB,2024.0,4,23311.38,15.74,3330.92,3675.74,3007.25,8887,2782
Cebgo,MNL-CEB,2024.0,4,965.376,4.01,3330.92,3675.74,3007.25,8887,2782
Cebu Pacific,MNL-CEB,2024.0,4,32458.254,45.24,3330.92,3675.74,3007.25,8887,2782
Philippine Airlines,MNL-CEB,2024.0,4,32168.388000000003,35.01,3330.92,3675.74,3007.25,8887,2782
AirAsia,MNL-CGY,2024.0,4,4477.0199999999995,15.74,4500.16,3675.74,3865.11,8887,884
Cebu Pacific,MNL-CGY,2024.0,4,29799.28,45.24,4500.16,3675.74,3865.11,8887,884
Philippine Airlines,MNL-CGY,2024.0,4,18204.074,35.01,4500.16,3675.74,3865.11,8887,884
Philippine Airlines,MNL-CRM,2024.0,4,914.396,35.01,10000.0,3675.74,10000.0,8887,17
Philippine Airlines,MNL-CYP,2024.0,4,699.2439999999999,35.01,10000.0,3675.74,5734.89,8887,75
Cebu Pacific,MNL-CYZ,2024.0,4,4676.04,45.24,10000.0,3675.74,10000.0,8887,60
Cebu Pacific,MNL-DGT,2024.0,4,12625.307999999999,45.24,5187.01,3675.74,5065.56,8887,268
Philippine Airlines,MNL-DGT,2024.0,4,8533.308,35.01,5187.01,3675.74,5065.56,8887,268
Cebu Pacific,MNL-DPL,2024.0,4,4676.04,45.24,5004.16,3675.74,4971.22,8887,121
Philippine Airlines,MNL-DPL,2024.0,4,4413.78,35.01,5004.16,3675.74,4971.22,8887,121
Cebgo,MNL-DRP,2024.0,4,60.336,4.01,4994.42,3675.74,4691.12,8887,321
Cebu Pacific,MNL-DRP,2024.0,4,10052.648,45.24,4994.42,3675.74,4691.12,8887,321
Philippine Airlines,MNL-DRP,2024.0,4,11493.23,35.01,4994.42,3675.74,4691.12,8887,321
Cebu Pacific,MNL-DVO,2024.0,4,37857.488,45.24,5069.8,3675.74,4864.95,8887,1167
Philippine Airlines,MNL-DVO,2024.0,4,29857.086,35.01,5069.8,3675.74,4864.95,8887,1167
Philippine Airlines,MNL-EUQ,2024.0,4,699.2439999999999,35.01,10000.0,3675.74,10000.0,8887,26
Cebu Pacific,MNL-GES,2024.0,4,16413.068,45.24,5097.8,3675.74,5026.51,8887,318
Philippine Airlines,MNL-GES,2024.0,4,12385.478000000001,35.01,5097.8,3675.74,5026.51,8887,318
Philippine Airlines,MNL-IAO,2024.0,4,4518.192,35.01,10000.0,3675.74,5595.96,8887,423
AirAsia,MNL-ILO,2024.0,4,18371.22,15.74,3348.83,3675.74,3185.35,8887,822
Cebu Pacific,MNL-ILO,2024.0,4,21268.440000000002,45.24,3348.83,3675.74,3185.35,8887,822
Philippine Airlines,MNL-ILO,2024.0,4,21353.836,35.01,3348.83,3675.74,3185.35,8887,822
AirAsia,MNL-KLO,2024.0,4,13739.82,15.74,6274.67,3675.74,6253.08,8887,239
Cebu Pacific,MNL-KLO,2024.0,4,4520.172,45.24,6274.67,3675.74,6253.08,8887,239
Philippine Airlines,MNL-LAO,2024.0,4,4119.528,35.01,10000.0,3675.74,10000.0,8887,84
AirAsia,MNL-MNL,2024.0,4,154.38,15.74,5300.71,3675.74,3675.74,8887,8887
Philippine Airlines,MNL-MNL,2024.0,4,254.702,35.01,5300.71,3675.74,3675.74,8887,8887
AirAsia,MNL-MPH,2024.0,4,15901.14,15.74,3204.03,3675.74,3476.43,8887,1074
Cebgo,MNL-MPH,2024.0,4,1810.08,4.01,3204.03,3675.74,3476.43,8887,1074
Cebu Pacific,MNL-MPH,2024.0,4,20886.311999999998,45.24,3204.03,3675.74,3476.43,8887,1074
Philippine Airlines,MNL-MPH,2024.0,4,14359.814,35.01,3204.03,3675.74,3476.43,8887,1074
Cebu Pacific,MNL-OZC,2024.0,4,7637.532,45.24,10000.0,3675.74,5603.55,8887,152
Cebu Pacific,MNL-PAG,2024.0,4,2026.2839999999999,45.24,10000.0,3675.74,6715.09,8887,69
AirAsia,MNL-PPS,2024.0,4,4477.0199999999995,15.74,4659.29,3675.74,3841.86,8887,400
Cebu Pacific,MNL-PPS,2024.0,4,15358.864,45.24,4659.29,3675.74,3841.86,8887,400
Philippine Airlines,MNL-PPS,2024.0,4,4518.192,35.01,4659.29,3675.74,3841.86,8887,400
Cebu Pacific,MNL-RXS,2024.0,4,1402.812,45.24,10000.0,3675.74,4084.13,8887,90
AirAsia,MNL-TAC,2024.0,4,9262.8,15.74,3345.01,3675.74,3232.68,8887,631
Cebu Pacific,MNL-TAC,2024.0,4,9100.68,45.24,3345.01,3675.74,3232.68,8887,631
Philippine Airlines,MNL-TAC,2024.0,4,8084.02,35.01,3345.01,3675.74,3232.68,8887,631
AirAsia,MNL-TAG,2024.0,4,9417.18,15.74,3371.23,3675.74,3570.44,8887,457
Cebu Pacific,MNL-TAG,2024.0,4,11334.788,45.24,3371.23,3675.74,3570.44,8887,457
Philippine Airlines,MNL-TAG,2024.0,4,8881.348,35.01,3371.23,3675.74,3570.44,8887,457
Cebu Pacific,MNL-TUG,2024.0,4,4676.04,45.24,10000.0,3675.74,7531.26,8887,165
Cebgo,MNL-USU,2024.0,4,1810.08,4.01,10000.0,3675.74,5360.09,8887,308
Cebgo,MNL-WNP,2024.0,4,3559.824,4.01,10000.0,3675.74,10000.0,8887,118
Cebu Pacific,MPH-CEB,2024.0,4,4676.04,45.24,6185.32,3476.43,3007.25,1074,2782
Philippine Airlines,MPH-CEB,2024.0,4,1613.6399999999999,35.01,6185.32,3476.43,3007.25,1074,2782
Cebu Pacific,MPH-CRK,2024.0,4,4831.907999999999,45.24,10000.0,3476.43,6404.49,1074,135
AirAsia,MPH-MNL,2024.0,4,20532.54,15.74,3252.62,3476.43,3675.74,1074,8887
Cebgo,MPH-MNL,2024.0,4,1749.744,4.01,3252.62,3476.43,3675.74,1074,8887
Cebu Pacific,MPH-MNL,2024.0,4,26965.164,45.24,3252.62,3476.43,3675.74,1074,8887
Philippine Airlines,MPH-MNL,2024.0,4,18666.018,35.01,3252.62,3476.43,3675.74,1074,8887
Cebgo,OZC-CEB,2024.0,4,1568.7359999999999,4.01,10000.0,5603.55,3007.25,152,2782
Cebu Pacific,OZC-MNL,2024.0,4,7325.795999999999,45.24,5307.65,5603.55,3675.74,152,8887
Philippine Airlines,OZC-MNL,2024.0,4,4413.78,35.01,5307.65,5603.55,3675.74,152,8887
Cebgo,PAG-CEB,2024.0,4,905.04,4.01,10000.0,6715.09,3007.25,69,2782
Cebu Pacific,PAG-MNL,2024.0,4,4208.436,45.24,10000.0,6715.09,3675.74,69,8887
Cebu Pacific,PPS-CEB,2024.0,4,2182.152,45.24,10000.0,3841.86,3007.25,400,2782
AirAsia,PPS-MNL,2024.0,4,9108.42,15.74,3442.28,3841.86,3675.74,400,8887
Cebu Pacific,PPS-MNL,2024.0,4,13904.096,45.24,3442.28,3841.86,3675.74,400,8887
Philippine Airlines,PPS-MNL,2024.0,4,13689.046,35.01,3442.28,3841.86,3675.74,400,8887
AirAsia,RXS-MNL,2024.0,4,2006.94,15.74,3845.39,4084.13,3675.74,90,8887
Cebu Pacific,RXS-MNL,2024.0,4,5922.9839999999995,45.24,3845.39,4084.13,3675.74,90,8887
Philippine Airlines,RXS-MNL,2024.0,4,4413.78,35.01,3845.39,4084.13,3675.74,90,8887
Cebgo,TAC-CEB,2024.0,4,784.3679999999999,4.01,5395.75,3232.68,3007.25,631,2782
Philippine Airlines,TAC-CEB,2024.0,4,1398.4879999999998,35.01,5395.75,3232.68,3007.25,631,2782
AirAsia,TAC-MNL,2024.0,4,18172.02,15.74,3611.08,3232.68,3675.74,631,8887
Cebu Pacific,TAC-MNL,2024.0,4,25310.951999999997,45.24,3611.08,3232.68,3675.74,631,8887
Philippine Airlines,TAC-MNL,2024.0,4,12203.548,35.01,3611.08,3232.68,3675.74,631,8887
Philippine Airlines,TAG-DVO,2024.0,4,968.184,35.01,10000.0,3570.44,4864.95,457,1167
AirAsia,TAG-MNL,2024.0,4,8954.039999999999,15.74,3967.61,3570.44,3675.74,457,8887
Cebu Pacific,TAG-MNL,2024.0,4,21022.068,45.24,3967.61,3570.44,3675.74,457,8887
Philippine Airlines,TAG-MNL,2024.0,4,9028.474,35.01,3967.61,3570.44,3675.74,457,8887
Cebu Pacific,TUG-MNL,2024.0,4,17145.48,45.24,7091.32,7531.26,3675.74,165,8887
Philippine Airlines,TUG-MNL,2024.0,4,3678.15,35.01,7091.32,7531.26,3675.74,165,8887
Cebgo,USU-CEB,2024.0,4,2473.776,4.01,5221.41,5360.09,3007.25,308,2782
Philippine Airlines,USU-CEB,2024.0,4,1613.6399999999999,35.01,5221.41,5360.09,3007.25,308,2782
Philippine Airlines,USU-CRK,2024.0,4,860.608,35.01,10000.0,5360.09,6404.49,308,135
Cebgo,USU-MNL,2024.0,4,5188.896,4.01,6582.85,5360.09,3675.74,308,8887
Philippine Airlines,USU-MNL,2024.0,4,1452.2759999999998,35.01,6582.85,5360.09,3675.74,308,8887
Cebgo,WNP-MNL,2024.0,4,3559.824,4.01,10000.0,10000.0,3675.74,118,8887
Cebu Pacific,ZAM-CEB,2024.0,4,4676.04,45.24,6248.59,5912.0,3007.25,233,2782
Philippine Airlines,ZAM-CEB,2024.0,4,1559.8519999999999,35.01,6248.59,5912.0,3007.25,233,2782
Cebu Pacific,ZAM-MNL,2024.0,4,18999.136,45.24,6167.22,5912.0,3675.74,233,8887
Philippine Airlines,ZAM-MNL,2024.0,4,6620.67,35.01,6167.22,5912.0,3675.74,233,8887
Philippine Airlines,ZAM-TWT,2024.0,4,1324.134,35.01,10000.0,5912.0,10000.0,233,14
Cebgo,BCD-CEB,2024.0,5,1119.744,3.84,5108.23,3516.92,3113.66,737,2751
Philippine Airlines,BCD-CEB,2024.0,5,1506.0639999999999,34.74,5108.23,3516.92,3113.66,737,2751
Cebu Pacific,BCD-DVO,2024.0,5,2892.672,46.47,10000.0,3516.92,4907.3,737,1211
AirAsia,BCD-MNL,2024.0,5,11269.74,14.95,3688.16,3516.92,3739.46,737,9138
Cebu Pacific,BCD-MNL,2024.0,5,26960.256,46.47,3688.16,3516.92,3739.46,737,9138
Philippine Airlines,BCD-MNL,2024.0,5,21855.33,34.74,3688.16,3516.92,3739.46,737,9138
Philippine Airlines,BPA-CEB,2024.0,5,376.51599999999996,34.74,10000.0,10000.0,3113.66,14,2751
Cebgo,BXU-CEB,2024.0,5,2115.072,3.84,5141.43,4391.85,3113.66,423,2751
Philippine Airlines,BXU-CEB,2024.0,5,1506.0639999999999,34.74,5141.43,4391.85,3113.66,423,2751
Cebu Pacific,BXU-MNL,2024.0,5,13934.592,46.47,5217.86,4391.85,3739.46,423,9138
Philippine Airlines,BXU-MNL,2024.0,5,9121.812,34.74,5217.86,4391.85,3739.46,423,9138
Philippine Airlines,CBO-MNL,2024.0,5,4560.906,34.74,10000.0,10000.0,3739.46,69,9138
Philippine Airlines,CBO-TWT,2024.0,5,430.304,34.74,10000.0,10000.0,10000.0,69,21
Cebgo,CEB-BCD,2024.0,5,1181.952,3.84,5072.69,3113.66,3516.92,2751,737
Philippine Airlines,CEB-BCD,2024.0,5,1506.0639999999999,34.74,5072.69,3113.66,3516.92,2751,737
Philippine Airlines,CEB-BPA,2024.0,5,376.51599999999996,34.74,10000.0,3113.66,10000.0,2751,14
Cebgo,CEB-BXU,2024.0,5,2115.072,3.84,5172.6,3113.66,4391.85,2751,423
Philippine Airlines,CEB-BXU,2024.0,5,1452.2759999999998,34.74,5172.6,3113.66,4391.85,2751,423
AirAsia,CEB-CEB,2024.0,5,154.38,14.95,5905.52,3113.66,3113.66,2751,2751
Cebgo,CEB-CEB,2024.0,5,62.208,3.84,5905.52,3113.66,3113.66,2751,2751
Cebgo,CEB-CGY,2024.0,5,2674.944,3.84,5023.19,3113.66,3918.99,2751,903
Philippine Airlines,CEB-CGY,2024.0,5,3065.9159999999997,34.74,5023.19,3113.66,3918.99,2751,903
Cebgo,CEB-CRK,2024.0,5,808.704,3.84,10000.0,3113.66,6580.34,2751,145
Cebgo,CEB-CYP,2024.0,5,1119.744,3.84,10000.0,3113.66,5452.48,2751,60
Cebgo,CEB-DGT,2024.0,5,995.328,3.84,10000.0,3113.66,4593.9,2751,310
Cebu Pacific,CEB-DPL,2024.0,5,160.704,46.47,10000.0,3113.66,4981.42,2751,126
Cebgo,CEB-DRP,2024.0,5,435.456,3.84,10000.0,3113.66,4841.4,2751,311
Cebu Pacific,CEB-DVO,2024.0,5,5019.84,46.47,5000.02,3113.66,4907.3,2751,1211
Philippine Airlines,CEB-DVO,2024.0,5,5002.284,34.74,5000.02,3113.66,4907.3,2751,1211
Philippine Airlines,CEB-GES,2024.0,5,1506.0639999999999,34.74,10000.0,3113.66,5102.35,2751,328
Cebgo,CEB-IAO,2024.0,5,3794.688,3.84,5000.05,3113.66,5450.89,2751,422
Philippine Airlines,CEB-IAO,2024.0,5,3818.948,34.74,5000.05,3113.66,5450.89,2751,422
Cebgo,CEB-ILO,2024.0,5,1555.2,3.84,10000.0,3113.66,3192.09,2751,854
AirAsia,CEB-MNL,2024.0,5,15283.619999999999,14.95,3815.65,3113.66,3739.46,2751,9138
Cebu Pacific,CEB-MNL,2024.0,5,43583.616,46.47,3815.65,3113.66,3739.46,2751,9138
Philippine Airlines,CEB-MNL,2024.0,5,33492.522000000004,34.74,3815.65,3113.66,3739.46,2751,9138
Cebu Pacific,CEB-MPH,2024.0,5,4660.416,46.47,6179.11,3113.66,3626.55,2751,1084
Philippine Airlines,CEB-MPH,2024.0,5,1613.6399999999999,34.74,6179.11,3113.66,3626.55,2751,1084
Cebgo,CEB-PAG,2024.0,5,373.248,3.84,10000.0,3113.66,7363.79,2751,68
Cebu Pacific,CEB-PPS,2024.0,5,2249.856,46.47,10000.0,3113.66,3854.25,2751,420
Cebgo,CEB-TAC,2024.0,5,1430.7839999999999,3.84,5029.17,3113.66,3266.98,2751,643
Philippine Airlines,CEB-TAC,2024.0,5,1667.4279999999999,34.74,5029.17,3113.66,3266.98,2751,643
Cebgo,CEB-USU,2024.0,5,1928.4479999999999,3.84,5055.83,3113.66,5446.47,2751,320
Philippine Airlines,CEB-USU,2024.0,5,1559.8519999999999,34.74,5055.83,3113.66,5446.47,2751,320
Cebgo,CGY-CEB,2024.0,5,2674.944,3.84,5023.19,3918.99,3113.66,903,2751
Philippine Airlines,CGY-CEB,2024.0,5,3065.9159999999997,34.74,5023.19,3918.99,3113.66,903,2751
Cebgo,CGY-DVO,2024.0,5,933.12,3.84,10000.0,3918.99,4907.3,903,1211
AirAsia,CGY-MNL,2024.0,5,4785.78,14.95,4342.59,3918.99,3739.46,903,9138
Cebu Pacific,CGY-MNL,2024.0,5,29341.44,46.47,4342.59,3918.99,3739.46,903,9138
Philippine Airlines,CGY-MNL,2024.0,5,21956.578,34.74,4342.59,3918.99,3739.46,903,9138
Cebgo,CRK-CEB,2024.0,5,808.704,3.84,5976.2,6580.34,3113.66,145,2751
Cebu Pacific,CRK-CEB,2024.0,5,2089.152,46.47,5976.2,6580.34,3113.66,145,2751
Cebu Pacific,CRK-MNL,2024.0,5,160.704,46.47,10000.0,6580.34,3739.46,145,9138
Cebu Pacific,CRK-MPH,2024.0,5,5624.64,46.47,10000.0,6580.34,3626.55,145,1084
Philippine Airlines,CRK-USU,2024.0,5,860.608,34.74,10000.0,6580.34,5446.47,145,320
Cebgo,CYP-CEB,2024.0,5,1057.536,3.84,10000.0,5452.48,3113.66,60,2751
Cebgo,CYP-CYP,2024.0,5,62.208,3.84,10000.0,5452.48,5452.48,60,60
Philippine Airlines,CYP-MNL,2024.0,5,591.668,34.74,10000.0,5452.48,3739.46,60,9138
Cebu Pacific,CYZ-MNL,2024.0,5,4981.8240000000005,46.47,10000.0,10000.0,3739.46,62,9138
Cebgo,DGT-CEB,2024.0,5,995.328,3.84,10000.0,4593.9,3113.66,310,2751
Cebu Pacific,DGT-MNL,2024.0,5,9320.832,46.47,5001.79,4593.9,3739.46,310,9138
Philippine Airlines,DGT-MNL,2024.0,5,8974.686,34.74,5001.79,4593.9,3739.46,310,9138
Cebgo,DPL-CEB,2024.0,5,62.208,3.84,10000.0,4981.42,3113.66,126,2751
Cebu Pacific,DPL-MNL,2024.0,5,4981.8240000000005,46.47,5009.73,4981.42,3739.46,126,9138
Philippine Airlines,DPL-MNL,2024.0,5,4560.906,34.74,5009.73,4981.42,3739.46,126,9138
Cebgo,DRP-CEB,2024.0,5,435.456,3.84,10000.0,4841.4,3113.66,311,2751
Cebu Pacific,DRP-MNL,2024.0,5,10212.48,46.47,5022.46,4841.4,3739.46,311,9138
Philippine Airlines,DRP-MNL,2024.0,5,11679.906,34.74,5022.46,4841.4,3739.46,311,9138
Cebu Pacific,DVO-BCD,2024.0,5,2731.9680000000003,46.47,10000.0,4907.3,3516.92,1211,737
Cebu Pacific,DVO-CEB,2024.0,5,5019.84,46.47,5000.26,4907.3,3113.66,1211,2751
Philippine Airlines,DVO-CEB,2024.0,5,4948.496,34.74,5000.26,4907.3,3113.66,1211,2751
Cebgo,DVO-CGY,2024.0,5,933.12,3.84,10000.0,4907.3,3918.99,1211,903
Cebgo,DVO-IAO,2024.0,5,808.704,3.84,10000.0,4907.3,5450.89,1211,422
Cebu Pacific,DVO-MNL,2024.0,5,47529.504,46.47,5092.78,4907.3,3739.46,1211,9138
Philippine Airlines,DVO-MNL,2024.0,5,36132.880000000005,34.74,5092.78,4907.3,3739.46,1211,9138
Philippine Airlines,DVO-TAG,2024.0,5,860.608,34.74,10000.0,4907.3,3561.03,1211,465
Philippine Airlines,EUQ-MNL,2024.0,5,591.668,34.74,10000.0,10000.0,3739.46,22,9138
Philippine Airlines,GES-CEB,2024.0,5,1452.2759999999998,34.74,10000.0,5102.35,3113.66,328,2751
Cebu Pacific,GES-MNL,2024.0,5,17814.816,46.47,5214.44,5102.35,3739.46,328,9138
Philippine Airlines,GES-MNL,2024.0,5,11702.054,34.74,5214.44,5102.35,3739.46,328,9138
Cebgo,IAO-CEB,2024.0,5,2737.152,3.84,5136.13,5450.89,3113.66,422,2751
Philippine Airlines,IAO-CEB,2024.0,5,3818.948,34.74,5136.13,5450.89,3113.66,422,2751
Cebgo,IAO-DVO,2024.0,5,808.704,3.84,10000.0,5450.89,4907.3,422,1211
Cebgo,IAO-IAO,2024.0,5,62.208,3.84,10000.0,5450.89,5450.89,422,422
Philippine Airlines,IAO-MNL,2024.0,5,3065.9159999999997,34.74,10000.0,5450.89,3739.46,422,9138
Cebgo,ILO-CEB,2024.0,5,1492.992,3.84,10000.0,3192.09,3113.66,854,2751
AirAsia,ILO-MNL,2024.0,5,24395.36,14.95,3375.25,3192.09,3739.46,854,9138
Cebu Pacific,ILO-MNL,2024.0,5,21840.192,46.47,3375.25,3192.09,3739.46,854,9138
Philippine Airlines,ILO-MNL,2024.0,5,18487.252,34.74,3375.25,3192.09,3739.46,854,9138
AirAsia,KLO-MNL,2024.0,5,13739.82,14.95,6094.19,6083.9,3739.46,239,9138
Cebu Pacific,KLO-MNL,2024.0,5,4981.8240000000005,46.47,6094.19,6083.9,3739.46,239,9138
Philippine Airlines,LAO-MNL,2024.0,5,7802.424,34.74,10000.0,10000.0,3739.46,83,9138
AirAsia,MNL-BCD,2024.0,5,9417.18,14.95,3454.33,3739.46,3516.92,9138,737
Cebu Pacific,MNL-BCD,2024.0,5,15218.496000000001,46.47,3454.33,3739.46,3516.92,9138,737
Philippine Airlines,MNL-BCD,2024.0,5,12958.162,34.74,3454.33,3739.46,3516.92,9138,737
Philippine Airlines,MNL-BSO,2024.0,5,1667.4279999999999,34.74,10000.0,3739.46,10000.0,9138,31
Cebu Pacific,MNL-BXU,2024.0,5,14256.0,46.47,5258.42,3739.46,4391.85,9138,423
Philippine Airlines,MNL-BXU,2024.0,5,8974.686,34.74,5258.42,3739.46,4391.85,9138,423
Philippine Airlines,MNL-CBO,2024.0,5,4413.78,34.74,10000.0,3739.46,10000.0,9138,69
AirAsia,MNL-CEB,2024.0,5,19451.88,14.95,3404.0,3739.46,3113.66,9138,2751
Cebgo,MNL-CEB,2024.0,5,1617.408,3.84,3404.0,3739.46,3113.66,9138,2751
Cebu Pacific,MNL-CEB,2024.0,5,36057.312,46.47,3404.0,3739.46,3113.66,9138,2751
Philippine Airlines,MNL-CEB,2024.0,5,31632.09,34.74,3404.0,3739.46,3113.66,9138,2751
AirAsia,MNL-CGY,2024.0,5,4785.78,14.95,4598.29,3739.46,3918.99,9138,903
Cebu Pacific,MNL-CGY,2024.0,5,32631.552,46.47,4598.29,3739.46,3918.99,9138,903
Philippine Airlines,MNL-CGY,2024.0,5,17969.938000000002,34.74,4598.29,3739.46,3918.99,9138,903
Philippine Airlines,MNL-CRM,2024.0,5,968.184,34.74,10000.0,3739.46,10000.0,9138,18
Philippine Airlines,MNL-CYP,2024.0,5,645.4559999999999,34.74,10000.0,3739.46,5452.48,9138,60
Cebu Pacific,MNL-CYZ,2024.0,5,4981.8240000000005,46.47,10000.0,3739.46,10000.0,9138,62
Cebu Pacific,MNL-DGT,2024.0,5,12213.504,46.47,5129.48,3739.46,4593.9,9138,310
Philippine Airlines,MNL-DGT,2024.0,5,8827.56,34.74,5129.48,3739.46,4593.9,9138,310
Cebu Pacific,MNL-DPL,2024.0,5,4981.8240000000005,46.47,5009.73,3739.46,4981.42,9138,126
Philippine Airlines,MNL-DPL,2024.0,5,4560.906,34.74,5009.73,3739.46,4981.42,9138,126
Cebu Pacific,MNL-DRP,2024.0,5,9891.072,46.47,5043.83,3739.46,4841.4,9138,311
Philippine Airlines,MNL-DRP,2024.0,5,11934.608,34.74,5043.83,3739.46,4841.4,9138,311
Cebu Pacific,MNL-DVO,2024.0,5,42523.488,46.47,5079.56,3739.46,4907.3,9138,1211
Philippine Airlines,MNL-DVO,2024.0,5,32997.356,34.74,5079.56,3739.46,4907.3,9138,1211
Philippine Airlines,MNL-EUQ,2024.0,5,591.668,34.74,10000.0,3739.46,10000.0,9138,22
Cebu Pacific,MNL-GES,2024.0,5,17814.816,46.47,5186.3,3739.46,5102.35,9138,328
Philippine Airlines,MNL-GES,2024.0,5,12050.094000000001,34.74,5186.3,3739.46,5102.35,9138,328
Cebgo,MNL-IAO,2024.0,5,62.208,3.84,9746.73,3739.46,5450.89,9138,422
Philippine Airlines,MNL-IAO,2024.0,5,4787.132,34.74,9746.73,3739.46,5450.89,9138,422
AirAsia,MNL-ILO,2024.0,5,19297.5,14.95,3351.54,3739.46,3192.09,9138,854
Cebu Pacific,MNL-ILO,2024.0,5,23003.136,46.47,3351.54,3739.46,3192.09,9138,854
Philippine Airlines,MNL-ILO,2024.0,5,22176.476000000002,34.74,3351.54,3739.46,3192.09,9138,854
AirAsia,MNL-KLO,2024.0,5,13585.439999999999,14.95,6073.58,3739.46,6083.9,9138,239
Cebu Pacific,MNL-KLO,2024.0,5,4981.8240000000005,46.47,6073.58,3739.46,6083.9,9138,239
Philippine Airlines,MNL-LAO,2024.0,5,3860.08,34.74,10000.0,3739.46,10000.0,9138,83
Cebgo,MNL-MNL,2024.0,5,124.416,3.84,5083.58,3739.46,3739.46,9138,9138
Philippine Airlines,MNL-MNL,2024.0,5,161.36399999999998,34.74,5083.58,3739.46,3739.46,9138,9138
AirAsia,MNL-MPH,2024.0,5,14820.48,14.95,3266.86,3739.46,3626.55,9138,1084
Cebgo,MNL-MPH,2024.0,5,1866.24,3.84,3266.86,3739.46,3626.55,9138,1084
Cebu Pacific,MNL-MPH,2024.0,5,22819.968,46.47,3266.86,3739.46,3626.55,9138,1084
Philippine Airlines,MNL-MPH,2024.0,5,14707.854000000001,34.74,3266.86,3739.46,3626.55,9138,1084
Cebu Pacific,MNL-OZC,2024.0,5,7070.976000000001,46.47,10000.0,3739.46,6049.62,9138,136
Cebu Pacific,MNL-PAG,2024.0,5,2410.56,46.47,10000.0,3739.46,7363.79,9138,68
AirAsia,MNL-PPS,2024.0,5,4785.78,14.95,4641.71,3739.46,3854.25,9138,420
Cebu Pacific,MNL-PPS,2024.0,5,16118.784,46.47,4641.71,3739.46,3854.25,9138,420
Philippine Airlines,MNL-PPS,2024.0,5,4734.926,34.74,4641.71,3739.46,3854.25,9138,420
AirAsia,MNL-TAC,2024.0,5,9725.94,14.95,3338.09,3739.46,3266.98,9138,643
Cebu Pacific,MNL-TAC,2024.0,5,9642.24,46.47,3338.09,3739.46,3266.98,9138,643
Philippine Airlines,MNL-TAC,2024.0,5,8931.972,34.74,3338.09,3739.46,3266.98,9138,643
AirAsia,MNL-TAG,2024.0,5,9725.94,14.95,3357.74,3739.46,3561.03,9138,465
Cebu Pacific,MNL-TAG,2024.0,5,11162.880000000001,46.47,3357.74,3739.46,3561.03,9138,465
Philippine Airlines,MNL-TAG,2024.0,5,9121.812,34.74,3357.74,3739.46,3561.03,9138,465
Cebu Pacific,MNL-TUG,2024.0,5,4981.8240000000005,46.47,10000.0,3739.46,7577.45,9138,171
Cebgo,MNL-USU,2024.0,5,2052.864,3.84,10000.0,3739.46,5446.47,9138,320
Cebgo,MNL-WNP,2024.0,5,3048.192,3.84,10000.0,3739.46,10000.0,9138,97
Cebu Pacific,MPH-CEB,2024.0,5,4981.8240000000005,46.47,6303.98,3626.55,3113.66,1084,2751
Philippine Airlines,MPH-CEB,2024.0,5,1613.6399999999999,34.74,6303.98,3626.55,3113.66,1084,2751
Cebu Pacific,MPH-CRK,2024.0,5,5785.344,46.47,10000.0,3626.55,6580.34,1084,145
AirAsia,MPH-MNL,2024.0,5,19297.5,14.95,3324.86,3626.55,3739.46,1084,9138
Cebgo,MPH-MNL,2024.0,5,1804.032,3.84,3324.86,3626.55,3739.46,1084,9138
Cebu Pacific,MPH-MNL,2024.0,5,29408.832000000002,46.47,3324.86,3626.55,3739.46,1084,9138
Philippine Airlines,MPH-MNL,2024.0,5,18425.554,34.74,3324.86,3626.55,3739.46,1084,9138
Cebu Pacific,MPH-MPH,2024.0,5,160.704,46.47,10000.0,3626.55,3626.55,1084,1084
Cebgo,OZC-CEB,2024.0,5,559.872,3.84,10000.0,6049.62,3113.66,136,2751
Cebu Pacific,OZC-MNL,2024.0,5,7713.792,46.47,5329.89,6049.62,3739.46,136,9138
Philippine Airlines,OZC-MNL,2024.0,5,4560.906,34.74,5329.89,6049.62,3739.46,136,9138
Cebgo,PAG-CEB,2024.0,5,995.328,3.84,10000.0,7363.79,3113.66,68,2751
Cebu Pacific,PAG-MNL,2024.0,5,4981.8240000000005,46.47,10000.0,7363.79,3739.46,68,9138
Cebu Pacific,PPS-CEB,2024.0,5,2249.856,46.47,10000.0,3854.25,3113.66,420,2751
AirAsia,PPS-MNL,2024.0,5,9417.18,14.95,3469.79,3854.25,3739.46,420,9138
Cebu Pacific,PPS-MNL,2024.0,5,15215.04,46.47,3469.79,3854.25,3739.46,420,9138
Philippine Airlines,PPS-MNL,2024.0,5,14927.752,34.74,3469.79,3854.25,3739.46,420,9138
AirAsia,RXS-MNL,2024.0,5,2006.94,14.95,3706.22,3706.22,3739.46,74,9138
Cebu Pacific,RXS-MNL,2024.0,5,4821.12,46.47,3706.22,3706.22,3739.46,74,9138
Philippine Airlines,RXS-MNL,2024.0,5,4560.906,34.74,3706.22,3706.22,3739.46,74,9138
Cebgo,SUG-CEB,2024.0,5,186.624,3.84,10000.0,10000.0,3113.66,3,2751
Cebgo,TAC-CEB,2024.0,5,622.0799999999999,3.84,6042.34,3266.98,3113.66,643,2751
Philippine Airlines,TAC-CEB,2024.0,5,1667.4279999999999,34.74,6042.34,3266.98,3113.66,643,2751
AirAsia,TAC-MNL,2024.0,5,17209.22,14.95,3608.98,3266.98,3739.46,643,9138
Cebu Pacific,TAC-MNL,2024.0,5,26355.456000000002,46.47,3608.98,3266.98,3739.46,643,9138
Philippine Airlines,TAC-MNL,2024.0,5,13345.752,34.74,3608.98,3266.98,3739.46,643,9138
Philippine Airlines,TAG-DVO,2024.0,5,914.396,34.74,10000.0,3561.03,4907.3,465,1211
AirAsia,TAG-MNL,2024.0,5,9571.56,14.95,3963.54,3561.03,3739.46,465,9138
Cebu Pacific,TAG-MNL,2024.0,5,21962.88,46.47,3963.54,3561.03,3739.46,465,9138
Philippine Airlines,TAG-MNL,2024.0,5,9268.938,34.74,3963.54,3561.03,3739.46,465,9138
Cebu Pacific,TUG-MNL,2024.0,5,18320.256,46.47,7142.07,7577.45,3739.46,171,9138
Philippine Airlines,TUG-MNL,2024.0,5,3825.2760000000003,34.74,7142.07,7577.45,3739.46,171,9138
Cebgo,USU-CEB,2024.0,5,2674.944,3.84,5390.79,5446.47,3113.66,320,2751
Philippine Airlines,USU-CEB,2024.0,5,1506.0639999999999,34.74,5390.79,5446.47,3113.66,320,2751
Philippine Airlines,USU-CRK,2024.0,5,968.184,34.74,10000.0,5446.47,6580.34,320,145
Cebgo,USU-MNL,2024.0,5,5598.72,3.84,6403.01,5446.47,3739.46,320,9138
Philippine Airlines,USU-MNL,2024.0,5,1721.216,34.74,6403.01,5446.47,3739.46,320,9138
Cebgo,WNP-MNL,2024.0,5,2985.984,3.84,10000.0,10000.0,3739.46,97,9138
Cebu Pacific,ZAM-CEB,2024.0,5,2731.9680000000003,46.47,5521.13,5791.65,3113.66,223,2751
Philippine Airlines,ZAM-CEB,2024.0,5,1398.4879999999998,34.74,5521.13,5791.65,3113.66,223,2751
Cebu Pacific,ZAM-MNL,2024.0,5,19643.904000000002,46.47,6314.8,5791.65,3739.46,223,9138
Philippine Airlines,ZAM-MNL,2024.0,5,6326.418000000001,34.74,6314.8,5791.65,3739.46,223,9138
Philippine Airlines,ZAM-TWT,2024.0,5,1912.6380000000001,34.74,10000.0,5791.65,10000.0,223,21
Cebgo,BCD-CEB,2024.0,6,756.0,3.78,5549.74,3614.01,3154.47,700,2848
Philippine Airlines,BCD-CEB,2024.0,6,1506.0639999999999,34.5,5549.74,3614.01,3154.47,700,2848
Cebu Pacific,BCD-DVO,2024.0,6,3580.5,46.85,10000.0,3614.01,4858.32,700,1231
AirAsia,BCD-MNL,2024.0,6,11887.26,14.88,3600.74,3614.01,3747.98,700,8912
Cebu Pacific,BCD-MNL,2024.0,6,24853.5,46.85,3600.74,3614.01,3747.98,700,8912
Philippine Airlines,BCD-MNL,2024.0,6,21599.046000000002,34.5,3600.74,3614.01,3747.98,700,8912
Philippine Airlines,BPA-CEB,2024.0,6,322.72799999999995,34.5,10000.0,10000.0,3154.47,14,2848
Cebgo,BXU-CEB,2024.0,6,2205.0,3.78,5177.36,4333.9,3154.47,421,2848
Philippine Airlines,BXU-CEB,2024.0,6,1506.0639999999999,34.5,5177.36,4333.9,3154.47,421,2848
Cebu Pacific,BXU-MNL,2024.0,6,13662.25,46.85,5231.07,4333.9,3747.98,421,8912
Philippine Airlines,BXU-MNL,2024.0,6,8827.56,34.5,5231.07,4333.9,3747.98,421,8912
Philippine Airlines,CBO-MNL,2024.0,6,4413.78,34.5,10000.0,10000.0,3747.98,68,8912
Philippine Airlines,CBO-TWT,2024.0,6,430.304,34.5,10000.0,10000.0,10000.0,68,19
Cebgo,CEB-BCD,2024.0,6,819.0,3.78,5388.7,3154.47,3614.01,2848,700
Philippine Airlines,CEB-BCD,2024.0,6,1452.2759999999998,34.5,5388.7,3154.47,3614.01,2848,700
Philippine Airlines,CEB-BPA,2024.0,6,430.304,34.5,10000.0,3154.47,10000.0,2848,14
Cebgo,CEB-BXU,2024.0,6,2205.0,3.78,5146.82,3154.47,4333.9,2848,421
Philippine Airlines,CEB-BXU,2024.0,6,1559.8519999999999,34.5,5146.82,3154.47,4333.9,2848,421
Cebgo,CEB-CEB,2024.0,6,63.0,3.78,5341.46,3154.47,3154.47,2848,2848
Philippine Airlines,CEB-CEB,2024.0,6,107.576,34.5,5341.46,3154.47,3154.47,2848,2848
Cebgo,CEB-CGM,2024.0,6,315.0,3.78,10000.0,3154.47,10000.0,2848,10
Cebgo,CEB-CGY,2024.0,6,2394.0,3.78,5118.87,3154.47,3947.04,2848,877
Philippine Airlines,CEB-CGY,2024.0,6,3266.83,34.5,5118.87,3154.47,3947.04,2848,877
Cebu Pacific,CEB-CRK,2024.0,6,2766.75,46.85,10000.0,3154.47,8423.29,2848,144
Cebgo,CEB-CYP,2024.0,6,1008.0,3.78,10000.0,3154.47,5286.62,2848,55
Cebgo,CEB-DGT,2024.0,6,567.0,3.78,10000.0,3154.47,4990.25,2848,310
Cebgo,CEB-DRP,2024.0,6,189.0,3.78,10000.0,3154.47,4921.66,2848,304
Cebu Pacific,CEB-DVO,2024.0,6,5859.0,46.85,5031.11,3154.47,4858.32,2848,1231
Philippine Airlines,CEB-DVO,2024.0,6,5002.284,34.5,5031.11,3154.47,4858.32,2848,1231
Philippine Airlines,CEB-GES,2024.0,6,1613.6399999999999,34.5,10000.0,3154.47,5028.19,2848,329
Cebgo,CEB-IAO,2024.0,6,5607.0,3.78,5133.08,3154.47,5108.94,2848,469
Philippine Airlines,CEB-IAO,2024.0,6,4034.1,34.5,5133.08,3154.47,5108.94,2848,469
Cebgo,CEB-ILO,2024.0,6,1134.0,3.78,10000.0,3154.47,3209.94,2848,763
AirAsia,CEB-MNL,2024.0,6,18216.84,14.88,3921.96,3154.47,3747.98,2848,8912
Cebu Pacific,CEB-MNL,2024.0,6,54655.125,46.85,3921.96,3154.47,3747.98,2848,8912
Philippine Airlines,CEB-MNL,2024.0,6,33720.33,34.5,3921.96,3154.47,3747.98,2848,8912
Cebu Pacific,CEB-MPH,2024.0,6,4719.75,46.85,6202.63,3154.47,3513.24,2848,1032
Philippine Airlines,CEB-MPH,2024.0,6,1613.6399999999999,34.5,6202.63,3154.47,3513.24,2848,1032
Cebgo,CEB-PAG,2024.0,6,1134.0,3.78,10000.0,3154.47,7163.2,2848,138
Cebu Pacific,CEB-PPS,2024.0,6,2278.5,46.85,10000.0,3154.47,4158.17,2848,429
Cebgo,CEB-SUG,2024.0,6,630.0,3.78,10000.0,3154.47,10000.0,2848,24
Cebgo,CEB-TAC,2024.0,6,1512.0,3.78,5000.02,3154.47,3231.87,2848,621
Philippine Airlines,CEB-TAC,2024.0,6,1506.0639999999999,34.5,5000.02,3154.47,3231.87,2848,621
Cebgo,CEB-USU,2024.0,6,1827.0,3.78,5010.43,3154.47,5362.57,2848,293
Philippine Airlines,CEB-USU,2024.0,6,1667.4279999999999,34.5,5010.43,3154.47,5362.57,2848,293
Philippine Airlines,CEB-ZAM,2024.0,6,53.788,34.5,10000.0,3154.47,5995.65,2848,244
Cebgo,CGM-CEB,2024.0,6,315.0,3.78,10000.0,10000.0,3154.47,10,2848
Cebgo,CGY-CEB,2024.0,6,2394.0,3.78,5106.69,3947.04,3154.47,877,2848
Philippine Airlines,CGY-CEB,2024.0,6,3213.042,34.5,5106.69,3947.04,3154.47,877,2848
Cebgo,CGY-DVO,2024.0,6,1134.0,3.78,10000.0,3947.04,4858.32,877,1231
Cebu Pacific,CGY-ILO,2024.0,6,2604.0,46.85,10000.0,3947.04,3209.94,877,763
AirAsia,CGY-MNL,2024.0,6,4631.4,14.88,4308.34,3947.04,3747.98,877,8912
Cebu Pacific,CGY-MNL,2024.0,6,27088.25,46.85,4308.34,3947.04,3747.98,877,8912
Philippine Airlines,CGY-MNL,2024.0,6,20662.502,34.5,4308.34,3947.04,3747.98,877,8912
Cebu Pacific,CRK-CEB,2024.0,6,488.25,46.85,10000.0,8423.29,3154.47,144,2848
Cebu Pacific,CRK-MNL,2024.0,6,162.75,46.85,10000.0,8423.29,3747.98,144,8912
Cebu Pacific,CRK-MPH,2024.0,6,7486.5,46.85,10000.0,8423.29,3513.24,144,1032
Philippine Airlines,CRK-USU,2024.0,6,860.608,34.5,10000.0,8423.29,5362.57,144,293
Cebgo,CYP-CEB,2024.0,6,1008.0,3.78,10000.0,5286.62,3154.47,55,2848
Philippine Airlines,CYP-MNL,2024.0,6,537.88,34.5,10000.0,5286.62,3747.98,55,8912
Cebu Pacific,CYZ-MNL,2024.0,6,4394.25,46.85,10000.0,10000.0,3747.98,56,8912
Cebgo,DGT-CEB,2024.0,6,567.0,3.78,10000.0,4990.25,3154.47,310,2848
Cebu Pacific,DGT-MNL,2024.0,6,11555.25,46.85,5140.34,4990.25,3747.98,310,8912
Philippine Airlines,DGT-MNL,2024.0,6,8239.056,34.5,5140.34,4990.25,3747.98,310,8912
Cebu Pacific,DPL-MNL,2024.0,6,4882.5,46.85,5022.65,5028.85,3747.98,117,8912
Philippine Airlines,DPL-MNL,2024.0,6,4266.654,34.5,5022.65,5028.85,3747.98,117,8912
Cebgo,DRP-CEB,2024.0,6,189.0,3.78,10000.0,4921.66,3154.47,304,2848
Cebu Pacific,DRP-MNL,2024.0,6,10843.0,46.85,5003.13,4921.66,3747.98,304,8912
Philippine Airlines,DRP-MNL,2024.0,6,11399.892,34.5,5003.13,4921.66,3747.98,304,8912
Cebu Pacific,DVO-BCD,2024.0,6,3255.0,46.85,10000.0,4858.32,3614.01,1231,700
Cebu Pacific,DVO-CEB,2024.0,6,5859.0,46.85,5040.2,4858.32,3154.47,1231,2848
Philippine Airlines,DVO-CEB,2024.0,6,4894.708,34.5,5040.2,4858.32,3154.47,1231,2848
Cebgo,DVO-CGY,2024.0,6,1134.0,3.78,10000.0,4858.32,3947.04,1231,877
Cebgo,DVO-IAO,2024.0,6,756.0,3.78,10000.0,4858.32,5108.94,1231,469
Cebu Pacific,DVO-MNL,2024.0,6,44357.25,46.85,5033.5,4858.32,3747.98,1231,8912
Philippine Airlines,DVO-MNL,2024.0,6,37645.272000000004,34.5,5033.5,4858.32,3747.98,1231,8912
Philippine Airlines,DVO-TAG,2024.0,6,806.8199999999999,34.5,10000.0,4858.32,3368.85,1231,372
Philippine Airlines,EUQ-MNL,2024.0,6,645.4559999999999,34.5,10000.0,10000.0,3747.98,24,8912
Philippine Airlines,GES-CEB,2024.0,6,1559.8519999999999,34.5,10000.0,5028.19,3154.47,329,2848
Cebu Pacific,GES-MNL,2024.0,6,16717.75,46.85,5091.92,5028.19,3747.98,329,8912
Philippine Airlines,GES-MNL,2024.0,6,12725.608,34.5,5091.92,5028.19,3747.98,329,8912
Cebgo,IAO-CEB,2024.0,6,4347.0,3.78,5020.91,5108.94,3154.47,469,2848
Philippine Airlines,IAO-CEB,2024.0,6,3818.948,34.5,5020.91,5108.94,3154.47,469,2848
Cebgo,IAO-DVO,2024.0,6,756.0,3.78,10000.0,5108.94,4858.32,469,1231
Philippine Airlines,IAO-MNL,2024.0,6,2958.3399999999997,34.5,10000.0,5108.94,3747.98,469,8912
Cebgo,ILO-CEB,2024.0,6,1323.0,3.78,10000.0,3209.94,3154.47,763,2848
Cebu Pacific,ILO-CGY,2024.0,6,2604.0,46.85,10000.0,3209.94,3947.04,763,877
AirAsia,ILO-MNL,2024.0,6,23314.7,14.88,3460.54,3209.94,3747.98,763,8912
Cebu Pacific,ILO-MNL,2024.0,6,14735.0,46.85,3460.54,3209.94,3747.98,763,8912
Philippine Airlines,ILO-MNL,2024.0,6,17251.71,34.5,3460.54,3209.94,3747.98,763,8912
AirAsia,KLO-KLO,2024.0,6,154.38,14.88,10000.0,6172.16,6172.16,242,242
AirAsia,KLO-MNL,2024.0,6,13894.199999999999,14.88,6151.71,6172.16,3747.98,242,8912
Cebu Pacific,KLO-MNL,2024.0,6,4882.5,46.85,6151.71,6172.16,3747.98,242,8912
Philippine Airlines,LAO-MNL,2024.0,6,8292.844000000001,34.5,10000.0,10000.0,3747.98,85,8912
AirAsia,MNL-BCD,2024.0,6,7410.24,14.88,3643.06,3747.98,3614.01,8912,700
Cebu Pacific,MNL-BCD,2024.0,6,16576.0,46.85,3643.06,3747.98,3614.01,8912,700
Philippine Airlines,MNL-BCD,2024.0,6,13488.132,34.5,3643.06,3747.98,3614.01,8912,700
Philippine Airlines,MNL-BSO,2024.0,6,1559.8519999999999,34.5,10000.0,3747.98,10000.0,8912,29
Cebu Pacific,MNL-BXU,2024.0,6,13336.75,46.85,5206.95,3747.98,4333.9,8912,421
Philippine Airlines,MNL-BXU,2024.0,6,8827.56,34.5,5206.95,3747.98,4333.9,8912,421
Philippine Airlines,MNL-CBO,2024.0,6,4413.78,34.5,10000.0,3747.98,10000.0,8912,68
AirAsia,MNL-CEB,2024.0,6,22693.86,14.88,3544.4,3747.98,3154.47,8912,2848
Cebu Pacific,MNL-CEB,2024.0,6,43114.75,46.85,3544.4,3747.98,3154.47,8912,2848
Philippine Airlines,MNL-CEB,2024.0,6,33679.198000000004,34.5,3544.4,3747.98,3154.47,8912,2848
AirAsia,MNL-CGY,2024.0,6,4631.4,14.88,4470.81,3747.98,3947.04,8912,877
Cebu Pacific,MNL-CGY,2024.0,6,29760.5,46.85,4470.81,3747.98,3947.04,8912,877
Philippine Airlines,MNL-CGY,2024.0,6,18370.184,34.5,4470.81,3747.98,3947.04,8912,877
Philippine Airlines,MNL-CRM,2024.0,6,914.396,34.5,10000.0,3747.98,10000.0,8912,17
Philippine Airlines,MNL-CYP,2024.0,6,699.2439999999999,34.5,10000.0,3747.98,5286.62,8912,55
Cebu Pacific,MNL-CYZ,2024.0,6,4719.75,46.85,10000.0,3747.98,10000.0,8912,56
Cebu Pacific,MNL-DGT,2024.0,6,14484.75,46.85,5377.72,3747.98,4990.25,8912,310
Philippine Airlines,MNL-DGT,2024.0,6,8239.056,34.5,5377.72,3747.98,4990.25,8912,310
Cebu Pacific,MNL-DPL,2024.0,6,4882.5,46.85,5035.92,3747.98,5028.85,8912,117
Philippine Airlines,MNL-DPL,2024.0,6,4119.528,34.5,5035.92,3747.98,5028.85,8912,117
Cebu Pacific,MNL-DRP,2024.0,6,11044.25,46.85,5004.77,3747.98,4921.66,8912,304
Philippine Airlines,MNL-DRP,2024.0,6,11747.932,34.5,5004.77,3747.98,4921.66,8912,304
Cebu Pacific,MNL-DVO,2024.0,6,42054.25,46.85,5020.55,3747.98,4858.32,8912,1231
Philippine Airlines,MNL-DVO,2024.0,6,36987.16,34.5,5020.55,3747.98,4858.32,8912,1231
Philippine Airlines,MNL-EUQ,2024.0,6,645.4559999999999,34.5,10000.0,3747.98,10000.0,8912,24
Cebu Pacific,MNL-GES,2024.0,6,16555.0,46.85,5085.52,3747.98,5028.19,8912,329
Philippine Airlines,MNL-GES,2024.0,6,12725.608,34.5,5085.52,3747.98,5028.19,8912,329
Philippine Airlines,MNL-IAO,2024.0,6,4625.768,34.5,10000.0,3747.98,5108.94,8912,469
AirAsia,MNL-ILO,2024.0,6,18216.84,14.88,3366.08,3747.98,3209.94,8912,763
Cebu Pacific,MNL-ILO,2024.0,6,16765.0,46.85,3366.08,3747.98,3209.94,8912,763
Philippine Airlines,MNL-ILO,2024.0,6,21224.112,34.5,3366.08,3747.98,3209.94,8912,763
AirAsia,MNL-KLO,2024.0,6,13894.199999999999,14.88,6151.71,3747.98,6172.16,8912,242
Cebu Pacific,MNL-KLO,2024.0,6,4882.5,46.85,6151.71,3747.98,6172.16,8912,242
Philippine Airlines,MNL-LAO,2024.0,6,4119.528,34.5,10000.0,3747.98,10000.0,8912,85
Cebgo,MNL-MBT,2024.0,6,63.0,3.78,10000.0,3747.98,10000.0,8912,1
Cebu Pacific,MNL-MNL,2024.0,6,162.75,46.85,5208.29,3747.98,3747.98,8912,8912
Philippine Airlines,MNL-MNL,2024.0,6,107.576,34.5,5208.29,3747.98,3747.98,8912,8912
AirAsia,MNL-MPH,2024.0,6,14511.72,14.88,3126.22,3747.98,3513.24,8912,1032
Cebgo,MNL-MPH,2024.0,6,1953.0,3.78,3126.22,3747.98,3513.24,8912,1032
Cebu Pacific,MNL-MPH,2024.0,6,18228.0,46.85,3126.22,3747.98,3513.24,8912,1032
Philippine Airlines,MNL-MPH,2024.0,6,14747.404,34.5,3126.22,3747.98,3513.24,8912,1032
Cebu Pacific,MNL-OZC,2024.0,6,7323.75,46.85,10000.0,3747.98,6576.79,8912,126
Cebu Pacific,MNL-PAG,2024.0,6,4882.5,46.85,10000.0,3747.98,7163.2,8912,138
AirAsia,MNL-PPS,2024.0,6,4631.4,14.88,4815.3,3747.98,4158.17,8912,429
Cebu Pacific,MNL-PPS,2024.0,6,15921.5,46.85,4815.3,3747.98,4158.17,8912,429
Philippine Airlines,MNL-PPS,2024.0,6,4042.01,34.5,4815.3,3747.98,4158.17,8912,429
Cebu Pacific,MNL-RXS,2024.0,6,4557.0,46.85,10000.0,3747.98,5288.67,8912,132
AirAsia,MNL-TAC,2024.0,6,9262.8,14.88,3341.67,3747.98,3231.87,8912,621
Cebu Pacific,MNL-TAC,2024.0,6,9765.0,46.85,3341.67,3747.98,3231.87,8912,621
Philippine Airlines,MNL-TAC,2024.0,6,8637.720000000001,34.5,3341.67,3747.98,3231.87,8912,621
AirAsia,MNL-TAG,2024.0,6,8490.9,14.88,3427.36,3747.98,3368.85,8912,372
Cebu Pacific,MNL-TAG,2024.0,6,5661.25,46.85,3427.36,3747.98,3368.85,8912,372
Philippine Airlines,MNL-TAG,2024.0,6,8049.216,34.5,3427.36,3747.98,3368.85,8912,372
Cebu Pacific,MNL-TUG,2024.0,6,4882.5,46.85,10000.0,3747.98,7801.48,8912,153
Cebgo,MNL-USU,2024.0,6,1953.0,3.78,10000.0,3747.98,5362.57,8912,293
Cebgo,MNL-WNP,2024.0,6,3024.0,3.78,10000.0,3747.98,10000.0,8912,97
Cebu Pacific,MPH-CEB,2024.0,6,4882.5,46.85,6329.99,3513.24,3154.47,1032,2848
Philippine Airlines,MPH-CEB,2024.0,6,1559.8519999999999,34.5,6329.99,3513.24,3154.47,1032,2848
Cebu Pacific,MPH-CRK,2024.0,6,7323.75,46.85,10000.0,3513.24,8423.29,1032,144
AirAsia,MPH-MNL,2024.0,6,18834.36,14.88,3198.44,3513.24,3747.98,1032,8912
Cebgo,MPH-MNL,2024.0,6,1890.0,3.78,3198.44,3513.24,3747.98,1032,8912
Cebu Pacific,MPH-MNL,2024.0,6,24412.5,46.85,3198.44,3513.24,3747.98,1032,8912
Philippine Airlines,MPH-MNL,2024.0,6,18866.932,34.5,3198.44,3513.24,3747.98,1032,8912
Cebu Pacific,MPH-MPH,2024.0,6,162.75,46.85,10000.0,3513.24,3513.24,1032,1032
Cebgo,OZC-CEB,2024.0,6,189.0,3.78,10000.0,6576.79,3154.47,126,2848
Cebu Pacific,OZC-MNL,2024.0,6,7812.0,46.85,5530.79,6576.79,3747.98,126,8912
Philippine Airlines,OZC-MNL,2024.0,6,3972.402,34.5,5530.79,6576.79,3747.98,126,8912
Cebgo,PAG-CEB,2024.0,6,1890.0,3.78,10000.0,7163.2,3154.47,138,2848
Cebu Pacific,PAG-MNL,2024.0,6,9765.0,46.85,10000.0,7163.2,3747.98,138,8912
Cebu Pacific,PPS-CEB,2024.0,6,2278.5,46.85,10000.0,4158.17,3154.47,429,2848
AirAsia,PPS-MNL,2024.0,6,8954.039999999999,14.88,3687.88,4158.17,3747.98,429,8912
Cebu Pacific,PPS-MNL,2024.0,6,20401.5,46.85,3687.88,4158.17,3747.98,429,8912
Philippine Airlines,PPS-MNL,2024.0,6,13801.368,34.5,3687.88,4158.17,3747.98,429,8912
AirAsia,RXS-MNL,2024.0,6,2006.94,14.88,4507.07,5288.67,3747.98,132,8912
Cebu Pacific,RXS-MNL,2024.0,6,9602.25,46.85,4507.07,5288.67,3747.98,132,8912
Philippine Airlines,RXS-MNL,2024.0,6,4413.78,34.5,4507.07,5288.67,3747.98,132,8912
Cebgo,SUG-CEB,2024.0,6,882.0,3.78,10000.0,10000.0,3154.47,24,2848
Cebgo,TAC-CEB,2024.0,6,630.0,3.78,5901.5,3231.87,3154.47,621,2848
Philippine Airlines,TAC-CEB,2024.0,6,1559.8519999999999,34.5,5901.5,3231.87,3154.47,621,2848
AirAsia,TAC-MNL,2024.0,6,18289.88,14.88,3527.0,3231.87,3747.98,621,8912
Cebu Pacific,TAC-MNL,2024.0,6,23761.5,46.85,3527.0,3231.87,3747.98,621,8912
Philippine Airlines,TAC-MNL,2024.0,6,12939.178,34.5,3527.0,3231.87,3747.98,621,8912
Philippine Airlines,TAG-DVO,2024.0,6,806.8199999999999,34.5,10000.0,3368.85,4858.32,372,1231
AirAsia,TAG-MNL,2024.0,6,8645.279999999999,14.88,3677.88,3368.85,3747.98,372,8912
Cebu Pacific,TAG-MNL,2024.0,6,15986.25,46.85,3677.88,3368.85,3747.98,372,8912
Philippine Airlines,TAG-MNL,2024.0,6,8343.468,34.5,3677.88,3368.85,3747.98,372,8912
Cebu Pacific,TUG-MNL,2024.0,6,16600.5,46.85,7354.17,7801.48,3747.98,153,8912
Philippine Airlines,TUG-MNL,2024.0,6,3089.646,34.5,7354.17,7801.48,3747.98,153,8912
Cebgo,USU-CEB,2024.0,6,1890.0,3.78,5031.11,5362.57,3154.47,293,2848
Philippine Airlines,USU-CEB,2024.0,6,1613.6399999999999,34.5,5031.11,5362.57,3154.47,293,2848
Philippine Airlines,USU-CRK,2024.0,6,860.608,34.5,10000.0,5362.57,8423.29,293,144
Cebgo,USU-MNL,2024.0,6,5355.0,3.78,6791.48,5362.57,3747.98,293,8912
Philippine Airlines,USU-MNL,2024.0,6,1344.6999999999998,34.5,6791.48,5362.57,3747.98,293,8912
Cebgo,WNP-MNL,2024.0,6,3087.0,3.78,10000.0,10000.0,3747.98,97,8912
Cebu Pacific,ZAM-CEB,2024.0,6,1464.75,46.85,5011.7,5995.65,3154.47,244,2848
Philippine Airlines,ZAM-CEB,2024.0,6,1613.6399999999999,34.5,5011.7,5995.65,3154.47,244,2848
Cebu Pacific,ZAM-MNL,2024.0,6,24164.0,46.85,6623.77,5995.65,3747.98,244,8912
Philippine Airlines,ZAM-MNL,2024.0,6,6620.67,34.5,6623.77,5995.65,3747.98,244,8912
Philippine Airlines,ZAM-TWT,2024.0,6,1525.048,34.5,10000.0,5995.65,10000.0,244,19
Cebgo,BCD-CEB,2024.0,7,1342.656,3.76,5582.52,3459.44,3049.34,713,2786
Philippine Airlines,BCD-CEB,2024.0,7,659.328,33.3,5582.52,3459.44,3049.34,713,2786
Cebu Pacific,BCD-DVO,2024.0,7,3468.5280000000002,46.97,10000.0,3459.44,4897.18,713,1267
AirAsia,BCD-MNL,2024.0,7,14401.98,15.97,3552.18,3459.44,3704.0,713,9016
Cebu Pacific,BCD-MNL,2024.0,7,27826.368000000002,46.97,3552.18,3459.44,3704.0,713,9016
Philippine Airlines,BCD-MNL,2024.0,7,22237.776,33.3,3552.18,3459.44,3704.0,713,9016
Philippine Airlines,BPA-CEB,2024.0,7,439.552,33.3,10000.0,10000.0,3049.34,17,2786
Philippine Airlines,BSO-CRK,2024.0,7,714.272,33.3,10000.0,10000.0,7949.75,49,219
Cebgo,BXU-CEB,2024.0,7,1342.656,3.76,5012.42,4594.49,3049.34,386,2786
Philippine Airlines,BXU-CEB,2024.0,7,1483.488,33.3,5012.42,4594.49,3049.34,386,2786
Cebu Pacific,BXU-MNL,2024.0,7,13934.496000000001,46.97,5229.5,4594.49,3704.0,386,9016
Philippine Airlines,BXU-MNL,2024.0,7,9017.28,33.3,5229.5,4594.49,3704.0,386,9016
Philippine Airlines,CBO-MNL,2024.0,7,4809.216,33.3,10000.0,10000.0,3704.0,72,9016
Philippine Airlines,CBO-TWT,2024.0,7,439.552,33.3,10000.0,10000.0,5334.31,72,28
Cebgo,CEB-BCD,2024.0,7,1342.656,3.76,5582.52,3049.34,3459.44,2786,713
Philippine Airlines,CEB-BCD,2024.0,7,659.328,33.3,5582.52,3049.34,3459.44,2786,713
Philippine Airlines,CEB-BPA,2024.0,7,494.49600000000004,33.3,10000.0,3049.34,10000.0,2786,17
Cebgo,CEB-BXU,2024.0,7,1342.656,3.76,5004.8,3049.34,4594.49,2786,386
Philippine Airlines,CEB-BXU,2024.0,7,1428.544,33.3,5004.8,3049.34,4594.49,2786,386
Cebgo,CEB-CEB,2024.0,7,63.936,3.76,10000.0,3049.34,3049.34,2786,2786
Cebgo,CEB-CGM,2024.0,7,575.424,3.76,10000.0,3049.34,10000.0,2786,18
Cebgo,CEB-CGY,2024.0,7,2557.44,3.76,5015.31,3049.34,3937.99,2786,883
Philippine Airlines,CEB-CGY,2024.0,7,2857.088,33.3,5015.31,3049.34,3937.99,2786,883
Cebu Pacific,CEB-CRK,2024.0,7,4789.872,46.97,10000.0,3049.34,7949.75,2786,219
Cebgo,CEB-CYP,2024.0,7,895.104,3.76,10000.0,3049.34,5063.13,2786,54
Cebgo,CEB-DGT,2024.0,7,767.232,3.76,10000.0,3049.34,4754.11,2786,294
Cebgo,CEB-DPL,2024.0,7,63.936,3.76,10000.0,3049.34,4950.8,2786,116
Cebgo,CEB-DRP,2024.0,7,575.424,3.76,10000.0,3049.34,4746.58,2786,304
Cebgo,CEB-DVO,2024.0,7,63.936,3.76,5080.04,3049.34,4897.18,2786,1267
Cebu Pacific,CEB-DVO,2024.0,7,7102.224,46.97,5080.04,3049.34,4897.18,2786,1267
Philippine Airlines,CEB-DVO,2024.0,7,5109.792,33.3,5080.04,3049.34,4897.18,2786,1267
Philippine Airlines,CEB-GES,2024.0,7,1263.712,33.3,10000.0,3049.34,5174.21,2786,331
Cebgo,CEB-IAO,2024.0,7,5946.048,3.76,5276.71,3049.34,5062.42,2786,479
Philippine Airlines,CEB-IAO,2024.0,7,3681.248,33.3,5276.71,3049.34,5062.42,2786,479
Cebgo,CEB-ILO,2024.0,7,1278.72,3.76,7973.88,3049.34,3253.88,2786,868
Cebu Pacific,CEB-ILO,2024.0,7,165.168,46.97,7973.88,3049.34,3253.88,2786,868
AirAsia,CEB-MNL,2024.0,7,20030.34,15.97,3798.91,3049.34,3704.0,2786,9016
Cebu Pacific,CEB-MNL,2024.0,7,51752.64,46.97,3798.91,3049.34,3704.0,2786,9016
Philippine Airlines,CEB-MNL,2024.0,7,32820.96,33.3,3798.91,3049.34,3704.0,2786,9016
Cebu Pacific,CEB-MPH,2024.0,7,5120.2080000000005,46.97,6664.36,3049.34,3492.73,2786,1071
Philippine Airlines,CEB-MPH,2024.0,7,1373.6000000000001,33.3,6664.36,3049.34,3492.73,2786,1071
Cebgo,CEB-PAG,2024.0,7,831.168,3.76,10000.0,3049.34,7139.19,2786,134
Cebu Pacific,CEB-PPS,2024.0,7,2312.352,46.97,10000.0,3049.34,4005.24,2786,433
Cebgo,CEB-SUG,2024.0,7,959.04,3.76,10000.0,3049.34,10000.0,2786,42
Cebgo,CEB-TAC,2024.0,7,1470.528,3.76,5026.89,3049.34,3266.05,2786,659
Philippine Airlines,CEB-TAC,2024.0,7,1703.2640000000001,33.3,5026.89,3049.34,3266.05,2786,659
Cebgo,CEB-USU,2024.0,7,1918.08,3.76,5368.65,3049.34,5608.35,2786,278
Philippine Airlines,CEB-USU,2024.0,7,1098.88,33.3,5368.65,3049.34,5608.35,2786,278
Cebgo,CGM-CEB,2024.0,7,575.424,3.76,10000.0,10000.0,3049.34,18,2786
Cebgo,CGY-CEB,2024.0,7,2557.44,3.76,5027.48,3937.99,3049.34,883,2786
Philippine Airlines,CGY-CEB,2024.0,7,2966.976,33.3,5027.48,3937.99,3049.34,883,2786
Cebgo,CGY-DVO,2024.0,7,1022.976,3.76,10000.0,3937.99,4897.18,883,1267
Cebu Pacific,CGY-ILO,2024.0,7,2973.0240000000003,46.97,10000.0,3937.99,3253.88,883,868
AirAsia,CGY-MNL,2024.0,7,5131.74,15.97,4257.72,3937.99,3704.0,883,9016
Cebu Pacific,CGY-MNL,2024.0,7,28046.592,46.97,4257.72,3937.99,3704.0,883,9016
Philippine Airlines,CGY-MNL,2024.0,7,22216.768,33.3,4257.72,3937.99,3704.0,883,9016
Philippine Airlines,CRK-BSO,2024.0,7,714.272,33.3,10000.0,7949.75,10000.0,219,49
Cebu Pacific,CRK-CEB,2024.0,7,1982.016,46.97,10000.0,7949.75,3049.34,219,2786
Philippine Airlines,CRK-CRK,2024.0,7,54.944,33.3,10000.0,7949.75,7949.75,219,219
Cebu Pacific,CRK-MNL,2024.0,7,204.24,46.97,10000.0,7949.75,3704.0,219,9016
Cebu Pacific,CRK-MPH,2024.0,7,9579.744,46.97,10000.0,7949.75,3492.73,219,1071
Philippine Airlines,CRK-USU,2024.0,7,1043.9360000000001,33.3,10000.0,7949.75,5608.35,219,278
Cebgo,CYP-CEB,2024.0,7,895.104,3.76,10000.0,5063.13,3049.34,54,2786
Philippine Airlines,CYP-MNL,2024.0,7,714.272,33.3,10000.0,5063.13,3704.0,54,9016
Cebu Pacific,CYZ-MNL,2024.0,7,4789.872,46.97,10000.0,10000.0,3704.0,58,9016
Cebgo,DGT-CEB,2024.0,7,767.232,3.76,10000.0,4754.11,3049.34,294,2786
Cebu Pacific,DGT-MNL,2024.0,7,9910.08,46.97,5020.52,4754.11,3704.0,294,9016
Philippine Airlines,DGT-MNL,2024.0,7,8716.704000000002,33.3,5020.52,4754.11,3704.0,294,9016
Cebgo,DPL-CEB,2024.0,7,63.936,3.76,10000.0,4950.8,3049.34,116,2786
Cebu Pacific,DPL-MNL,2024.0,7,4789.872,46.97,5020.9,4950.8,3704.0,116,9016
Philippine Airlines,DPL-MNL,2024.0,7,4208.064,33.3,5020.9,4950.8,3704.0,116,9016
Cebgo,DRP-CEB,2024.0,7,575.424,3.76,10000.0,4746.58,3049.34,304,2786
Cebu Pacific,DRP-MNL,2024.0,7,10547.664,46.97,5000.04,4746.58,3704.0,304,9016
Philippine Airlines,DRP-MNL,2024.0,7,10607.424,33.3,5000.04,4746.58,3704.0,304,9016
Cebu Pacific,DVO-BCD,2024.0,7,3468.5280000000002,46.97,10000.0,4897.18,3459.44,1267,713
Cebu Pacific,DVO-CEB,2024.0,7,7102.224,46.97,5150.88,4897.18,3049.34,1267,2786
Philippine Airlines,DVO-CEB,2024.0,7,4999.904,33.3,5150.88,4897.18,3049.34,1267,2786
Cebgo,DVO-CGY,2024.0,7,959.04,3.76,10000.0,4897.18,3937.99,1267,883
Cebgo,DVO-IAO,2024.0,7,895.104,3.76,10000.0,4897.18,5062.42,1267,479
Cebu Pacific,DVO-MNL,2024.0,7,49558.392,46.97,5079.2,4897.18,3704.0,1267,9016
Philippine Airlines,DVO-MNL,2024.0,7,38478.576,33.3,5079.2,4897.18,3704.0,1267,9016
Philippine Airlines,DVO-TAG,2024.0,7,1153.824,33.3,10000.0,4897.18,3353.0,1267,405
Cebgo,DVO-ZAM,2024.0,7,63.936,3.76,10000.0,4897.18,6234.67,1267,239
Philippine Airlines,EUQ-MNL,2024.0,7,659.328,33.3,10000.0,10000.0,3704.0,24,9016
Philippine Airlines,GES-CEB,2024.0,7,1318.656,33.3,10000.0,5174.21,3049.34,331,2786
Cebu Pacific,GES-MNL,2024.0,7,20621.136000000002,46.97,5235.7,5174.21,3704.0,331,9016
Philippine Airlines,GES-MNL,2024.0,7,13264.128,33.3,5235.7,5174.21,3704.0,331,9016
Cebgo,IAO-CEB,2024.0,7,4731.264,3.76,5087.4,5062.42,3049.34,479,2786
Philippine Airlines,IAO-CEB,2024.0,7,3626.304,33.3,5087.4,5062.42,3049.34,479,2786
Cebgo,IAO-DVO,2024.0,7,895.104,3.76,10000.0,5062.42,4897.18,479,1267
Philippine Airlines,IAO-IAO,2024.0,7,109.888,33.3,10000.0,5062.42,5062.42,479,479
Philippine Airlines,IAO-MNL,2024.0,7,3021.92,33.3,10000.0,5062.42,3704.0,479,9016
Cebgo,ILO-CEB,2024.0,7,1406.592,3.76,10000.0,3253.88,3049.34,868,2786
Cebu Pacific,ILO-CGY,2024.0,7,2973.0240000000003,46.97,10000.0,3253.88,3937.99,868,883
AirAsia,ILO-MNL,2024.0,7,25945.28,15.97,3413.65,3253.88,3704.0,868,9016
Cebu Pacific,ILO-MNL,2024.0,7,22654.656000000003,46.97,3413.65,3253.88,3704.0,868,9016
Philippine Airlines,ILO-MNL,2024.0,7,17614.4,33.3,3413.65,3253.88,3704.0,868,9016
AirAsia,KLO-MNL,2024.0,7,15395.22,15.97,6315.97,6347.79,3704.0,245,9016
Cebu Pacific,KLO-MNL,2024.0,7,4955.04,46.97,6315.97,6347.79,3704.0,245,9016
Philippine Airlines,LAO-MNL,2024.0,7,8196.352,33.3,10000.0,10000.0,3704.0,86,9016
AirAsia,MNL-BCD,2024.0,7,9270.24,15.97,3475.73,3704.0,3459.44,9016,713
Cebu Pacific,MNL-BCD,2024.0,7,15641.232,46.97,3475.73,3704.0,3459.44,9016,713
Philippine Airlines,MNL-BCD,2024.0,7,13458.048,33.3,3475.73,3704.0,3459.44,9016,713
Philippine Airlines,MNL-BSO,2024.0,7,1263.712,33.3,10000.0,3704.0,10000.0,9016,49
Cebu Pacific,MNL-BXU,2024.0,7,13438.992,46.97,5193.85,3704.0,4594.49,9016,386
Philippine Airlines,MNL-BXU,2024.0,7,9017.28,33.3,5193.85,3704.0,4594.49,9016,386
Philippine Airlines,MNL-CBO,2024.0,7,4809.216,33.3,10000.0,3704.0,10000.0,9016,72
AirAsia,MNL-CEB,2024.0,7,24996.539999999997,15.97,3431.3,3704.0,3049.34,9016,2786
Cebgo,MNL-CEB,2024.0,7,63.936,3.76,3431.3,3704.0,3049.34,9016,2786
Cebu Pacific,MNL-CEB,2024.0,7,38737.224,46.97,3431.3,3704.0,3049.34,9016,2786
Philippine Airlines,MNL-CEB,2024.0,7,34373.936,33.3,3431.3,3704.0,3049.34,9016,2786
AirAsia,MNL-CGY,2024.0,7,5131.74,15.97,4439.85,3704.0,3937.99,9016,883
Cebu Pacific,MNL-CGY,2024.0,7,30992.976000000002,46.97,4439.85,3704.0,3937.99,9016,883
Philippine Airlines,MNL-CGY,2024.0,7,18886.192000000003,33.3,4439.85,3704.0,3937.99,9016,883
Philippine Airlines,MNL-CRM,2024.0,7,934.048,33.3,10000.0,3704.0,10000.0,9016,17
Philippine Airlines,MNL-CYP,2024.0,7,714.272,33.3,10000.0,3704.0,5063.13,9016,54
Cebu Pacific,MNL-CYZ,2024.0,7,4789.872,46.97,10000.0,3704.0,10000.0,9016,58
Cebu Pacific,MNL-DGT,2024.0,7,13543.776,46.97,5217.75,3704.0,4754.11,9016,294
Philippine Airlines,MNL-DGT,2024.0,7,8866.992,33.3,5217.75,3704.0,4754.11,9016,294
Cebu Pacific,MNL-DPL,2024.0,7,4789.872,46.97,5020.9,3704.0,4950.8,9016,116
Philippine Airlines,MNL-DPL,2024.0,7,4208.064,33.3,5020.9,3704.0,4950.8,9016,116
Cebu Pacific,MNL-DRP,2024.0,7,10382.496000000001,46.97,5002.06,3704.0,4746.58,9016,304
Philippine Airlines,MNL-DRP,2024.0,7,10812.656,33.3,5002.06,3704.0,4746.58,9016,304
Cebu Pacific,MNL-DVO,2024.0,7,45560.616,46.97,5033.15,3704.0,4897.18,9016,1267
Philippine Airlines,MNL-DVO,2024.0,7,38699.968,33.3,5033.15,3704.0,4897.18,9016,1267
Philippine Airlines,MNL-ENI,2024.0,7,150.288,33.3,10000.0,3704.0,10000.0,9016,1
Philippine Airlines,MNL-EUQ,2024.0,7,659.328,33.3,10000.0,3704.0,10000.0,9016,24
Cebu Pacific,MNL-GES,2024.0,7,21851.016,46.97,5298.99,3704.0,5174.21,9016,331
Philippine Airlines,MNL-GES,2024.0,7,13264.128,33.3,5298.99,3704.0,5174.21,9016,331
Philippine Airlines,MNL-IAO,2024.0,7,5054.848,33.3,10000.0,3704.0,5062.42,9016,479
AirAsia,MNL-ILO,2024.0,7,20195.879999999997,15.97,3349.26,3704.0,3253.88,9016,868
Cebu Pacific,MNL-ILO,2024.0,7,23936.928,46.97,3349.26,3704.0,3253.88,9016,868
Philippine Airlines,MNL-ILO,2024.0,7,22249.088000000003,33.3,3349.26,3704.0,3253.88,9016,868
AirAsia,MNL-KLO,2024.0,7,15395.22,15.97,6380.25,3704.0,6347.79,9016,245
Cebu Pacific,MNL-KLO,2024.0,7,4789.872,46.97,6380.25,3704.0,6347.79,9016,245
Philippine Airlines,MNL-LAO,2024.0,7,4369.664000000001,33.3,10000.0,3704.0,10000.0,9016,86
Cebgo,MNL-MBT,2024.0,7,63.936,3.76,10000.0,3704.0,10000.0,9016,1
Philippine Airlines,MNL-MNL,2024.0,7,54.944,33.3,10000.0,3704.0,3704.0,9016,9016
AirAsia,MNL-MPH,2024.0,7,17547.239999999998,15.97,3125.4,3704.0,3492.73,9016,1071
Cebgo,MNL-MPH,2024.0,7,1854.144,3.76,3125.4,3704.0,3492.73,9016,1071
Cebu Pacific,MNL-MPH,2024.0,7,17342.64,46.97,3125.4,3704.0,3492.73,9016,1071
Philippine Airlines,MNL-MPH,2024.0,7,15133.840000000002,33.3,3125.4,3704.0,3492.73,9016,1071
Cebu Pacific,MNL-OZC,2024.0,7,7597.728,46.97,10000.0,3704.0,6290.41,9016,127
Cebu Pacific,MNL-PAG,2024.0,7,4789.872,46.97,10000.0,3704.0,7139.19,9016,134
AirAsia,MNL-PPS,2024.0,7,5131.74,15.97,4606.91,3704.0,4005.24,9016,433
Cebu Pacific,MNL-PPS,2024.0,7,15584.400000000001,46.97,4606.91,3704.0,4005.24,9016,433
Philippine Airlines,MNL-PPS,2024.0,7,4258.16,33.3,4606.91,3704.0,4005.24,9016,433
Cebu Pacific,MNL-RXS,2024.0,7,4955.04,46.97,10000.0,3704.0,5286.63,9016,131
AirAsia,MNL-TAC,2024.0,7,10263.48,15.97,3342.07,3704.0,3266.05,9016,659
Cebu Pacific,MNL-TAC,2024.0,7,9744.912,46.97,3342.07,3704.0,3266.05,9016,659
Philippine Airlines,MNL-TAC,2024.0,7,9052.832,33.3,3342.07,3704.0,3266.05,9016,659
AirAsia,MNL-TAG,2024.0,7,9932.4,15.97,3438.22,3704.0,3353.0,9016,405
Cebu Pacific,MNL-TAG,2024.0,7,6418.464,46.97,3438.22,3704.0,3353.0,9016,405
Philippine Airlines,MNL-TAG,2024.0,7,9167.568000000001,33.3,3438.22,3704.0,3353.0,9016,405
Cebu Pacific,MNL-TUG,2024.0,7,4459.536,46.97,10000.0,3704.0,7784.81,9016,138
Cebgo,MNL-USU,2024.0,7,1854.144,3.76,10000.0,3704.0,5608.35,9016,278
Cebgo,MNL-WNP,2024.0,7,2429.568,3.76,10000.0,3704.0,10000.0,9016,79
Cebu Pacific,MPH-CEB,2024.0,7,5120.2080000000005,46.97,6588.9,3492.73,3049.34,1071,2786
Philippine Airlines,MPH-CEB,2024.0,7,1428.544,33.3,6588.9,3492.73,3049.34,1071,2786
Cebu Pacific,MPH-CRK,2024.0,7,9414.576000000001,46.97,10000.0,3492.73,7949.75,1071,219
Cebu Pacific,MPH-ILO,2024.0,7,165.168,46.97,10000.0,3492.73,3253.88,1071,868
AirAsia,MPH-MNL,2024.0,7,22182.36,15.97,3185.26,3492.73,3704.0,1071,9016
Cebgo,MPH-MNL,2024.0,7,1918.08,3.76,3185.26,3492.73,3704.0,1071,9016
Cebu Pacific,MPH-MNL,2024.0,7,24114.528000000002,46.97,3185.26,3492.73,3704.0,1071,9016
Philippine Airlines,MPH-MNL,2024.0,7,18836.096,33.3,3185.26,3492.73,3704.0,1071,9016
Cebu Pacific,MPH-MPH,2024.0,7,165.168,46.97,10000.0,3492.73,3492.73,1071,1071
Cebgo,OZC-CEB,2024.0,7,383.616,3.76,10000.0,6290.41,3049.34,127,2786
Cebu Pacific,OZC-MNL,2024.0,7,7597.728,46.97,5367.04,6290.41,3704.0,127,9016
Philippine Airlines,OZC-MNL,2024.0,7,4358.352000000001,33.3,5367.04,6290.41,3704.0,127,9016
Cebgo,PAG-CEB,2024.0,7,2173.824,3.76,10000.0,7139.19,3049.34,134,2786
Cebu Pacific,PAG-MNL,2024.0,7,9579.744,46.97,10000.0,7139.19,3704.0,134,9016
Cebu Pacific,PPS-CEB,2024.0,7,2312.352,46.97,10000.0,4005.24,3049.34,433,2786
AirAsia,PPS-MNL,2024.0,7,10263.48,15.97,3585.61,4005.24,3704.0,433,9016
Cebu Pacific,PPS-MNL,2024.0,7,20305.008,46.97,3585.61,4005.24,3704.0,433,9016
Philippine Airlines,PPS-MNL,2024.0,7,14377.552000000001,33.3,3585.61,4005.24,3704.0,433,9016
AirAsia,RXS-MNL,2024.0,7,2152.02,15.97,4445.58,5286.63,3704.0,131,9016
Cebu Pacific,RXS-MNL,2024.0,7,9579.744,46.97,4445.58,5286.63,3704.0,131,9016
Philippine Airlines,RXS-MNL,2024.0,7,4413.296,33.3,4445.58,5286.63,3704.0,131,9016
Cebgo,SUG-CEB,2024.0,7,1726.272,3.76,10000.0,10000.0,3049.34,42,2786
Cebgo,TAC-CEB,2024.0,7,511.488,3.76,6385.26,3266.05,3049.34,659,2786
Philippine Airlines,TAC-CEB,2024.0,7,1648.3200000000002,33.3,6385.26,3266.05,3049.34,659,2786
AirAsia,TAC-MNL,2024.0,7,20235.039999999997,15.97,3576.67,3266.05,3704.0,659,9016
Cebu Pacific,TAC-MNL,2024.0,7,27252.72,46.97,3576.67,3266.05,3704.0,659,9016
Philippine Airlines,TAC-MNL,2024.0,7,13747.312000000002,33.3,3576.67,3266.05,3704.0,659,9016
Philippine Airlines,TAG-DVO,2024.0,7,1153.824,33.3,10000.0,3353.0,4897.18,405,1267
AirAsia,TAG-MNL,2024.0,7,9932.4,15.97,3645.86,3353.0,3704.0,405,9016
Cebu Pacific,TAG-MNL,2024.0,7,17122.416,46.97,3645.86,3353.0,3704.0,405,9016
Philippine Airlines,TAG-MNL,2024.0,7,8866.992,33.3,3645.86,3353.0,3704.0,405,9016
Cebu Pacific,TUG-MNL,2024.0,7,15195.456,46.97,7336.68,7784.81,3704.0,138,9016
Philippine Airlines,TUG-MNL,2024.0,7,2855.472,33.3,7336.68,7784.81,3704.0,138,9016
Cebgo,USU-CEB,2024.0,7,2621.376,3.76,5837.41,5608.35,3049.34,278,2786
Philippine Airlines,USU-CEB,2024.0,7,1098.88,33.3,5837.41,5608.35,3049.34,278,2786
Philippine Airlines,USU-CRK,2024.0,7,824.1600000000001,33.3,10000.0,5608.35,7949.75,278,219
Cebgo,USU-MNL,2024.0,7,4987.008,3.76,6538.25,5608.35,3704.0,278,9016
Philippine Airlines,USU-MNL,2024.0,7,1428.544,33.3,6538.25,5608.35,3704.0,278,9016
Cebgo,WNP-MNL,2024.0,7,2621.376,3.76,10000.0,10000.0,3704.0,79,9016
Cebu Pacific,ZAM-CEB,2024.0,7,2147.184,46.97,5597.63,6234.67,3049.34,239,2786
Philippine Airlines,ZAM-CEB,2024.0,7,1043.9360000000001,33.3,5597.63,6234.67,3049.34,239,2786
Cebgo,ZAM-DVO,2024.0,7,63.936,3.76,10000.0,6234.67,4897.18,239,1267
Cebu Pacific,ZAM-MNL,2024.0,7,23523.120000000003,46.97,6757.75,6234.67,3704.0,239,9016
Philippine Airlines,ZAM-MNL,2024.0,7,6011.52,33.3,6757.75,6234.67,3704.0,239,9016
Cebu Pacific,ZAM-TWT,2024.0,7,1321.344,46.97,5119.02,6234.67,5334.31,239,28
Philippine Airlines,ZAM-TWT,2024.0,7,1803.4560000000001,33.3,5119.02,6234.67,5334.31,239,28
Cebgo,BCD-CEB,2024.0,8,1639.008,3.61,5455.34,3393.56,3196.39,741,2783
Philippine Airlines,BCD-CEB,2024.0,8,879.104,33.03,5455.34,3393.56,3196.39,741,2783
Cebu Pacific,BCD-DVO,2024.0,8,3326.796,47.4,10000.0,3393.56,4932.39,741,1300
AirAsia,BCD-MNL,2024.0,8,14567.519999999999,15.95,3525.47,3393.56,3706.37,741,9349
Cebu Pacific,BCD-MNL,2024.0,8,26752.578,47.4,3525.47,3393.56,3706.37,741,9349
Philippine Airlines,BCD-MNL,2024.0,8,20849.632,33.03,3525.47,3393.56,3706.37,741,9349
Philippine Airlines,BPA-CEB,2024.0,8,384.608,33.03,10000.0,10000.0,3196.39,16,2783
Philippine Airlines,BSO-CRK,2024.0,8,879.104,33.03,10000.0,10000.0,7822.72,63,218
Cebgo,BXU-CEB,2024.0,8,1697.544,3.61,5229.16,4488.58,3196.39,401,2783
Philippine Airlines,BXU-CEB,2024.0,8,1098.88,33.03,5229.16,4488.58,3196.39,401,2783
Cebu Pacific,BXU-MNL,2024.0,8,13673.034,47.4,5194.55,4488.58,3706.37,401,9349
Philippine Airlines,BXU-MNL,2024.0,8,9167.568000000001,33.03,5194.55,4488.58,3706.37,401,9349
Philippine Airlines,CBO-MNL,2024.0,8,4658.928,33.03,10000.0,10000.0,3706.37,71,9349
Philippine Airlines,CBO-TWT,2024.0,8,494.49600000000004,33.03,10000.0,10000.0,5251.37,71,29
Cebgo,CEB-BCD,2024.0,8,1521.9360000000001,3.61,5286.49,3196.39,3393.56,2783,741
Philippine Airlines,CEB-BCD,2024.0,8,934.048,33.03,5286.49,3196.39,3393.56,2783,741
Philippine Airlines,CEB-BPA,2024.0,8,494.49600000000004,33.03,10000.0,3196.39,10000.0,2783,16
Cebgo,CEB-BXU,2024.0,8,1639.008,3.61,5114.12,3196.39,4488.58,2783,401
Philippine Airlines,CEB-BXU,2024.0,8,1208.768,33.03,5114.12,3196.39,4488.58,2783,401
Cebgo,CEB-CEB,2024.0,8,117.072,3.61,5005.01,3196.39,3196.39,2783,2783
Philippine Airlines,CEB-CEB,2024.0,8,109.888,33.03,5005.01,3196.39,3196.39,2783,2783
Cebgo,CEB-CGM,2024.0,8,175.608,3.61,10000.0,3196.39,10000.0,2783,6
Cebgo,CEB-CGY,2024.0,8,2517.0480000000002,3.61,4661.57,3196.39,3936.81,2783,884
Cebu Pacific,CEB-CGY,2024.0,8,186.99,47.4,4661.57,3196.39,3936.81,2783,884
Philippine Airlines,CEB-CGY,2024.0,8,2197.76,33.03,4661.57,3196.39,3936.81,2783,884
Cebu Pacific,CEB-CRK,2024.0,8,4687.758,47.4,10000.0,3196.39,7822.72,2783,218
Cebgo,CEB-CYP,2024.0,8,819.504,3.61,10000.0,3196.39,5012.4,2783,55
Cebgo,CEB-DGT,2024.0,8,702.432,3.61,10000.0,3196.39,4699.96,2783,301
Cebgo,CEB-DVO,2024.0,8,58.536,3.61,5192.84,3196.39,4932.39,2783,1300
Cebu Pacific,CEB-DVO,2024.0,8,7560.9,47.4,5192.84,3196.39,4932.39,2783,1300
Philippine Airlines,CEB-DVO,2024.0,8,4835.072,33.03,5192.84,3196.39,4932.39,2783,1300
Philippine Airlines,CEB-GES,2024.0,8,1538.432,33.03,10000.0,3196.39,5320.59,2783,335
Cebgo,CEB-IAO,2024.0,8,5560.92,3.61,5573.49,3196.39,5077.04,2783,464
Philippine Airlines,CEB-IAO,2024.0,8,2747.2000000000003,33.03,5573.49,3196.39,5077.04,2783,464
Cebgo,CEB-ILO,2024.0,8,1229.256,3.61,10000.0,3196.39,3270.2,2783,884
AirAsia,CEB-MNL,2024.0,8,20195.879999999997,15.95,3924.78,3196.39,3706.37,2783,9349
Cebu Pacific,CEB-MNL,2024.0,8,58909.167,47.4,3924.78,3196.39,3706.37,2783,9349
Philippine Airlines,CEB-MNL,2024.0,8,34651.888,33.03,3924.78,3196.39,3706.37,2783,9349
Cebu Pacific,CEB-MPH,2024.0,8,4687.758,47.4,8273.68,3196.39,3484.24,2783,1050
Philippine Airlines,CEB-MPH,2024.0,8,494.49600000000004,33.03,8273.68,3196.39,3484.24,2783,1050
Cebgo,CEB-PAG,2024.0,8,995.1120000000001,3.61,10000.0,3196.39,7148.2,2783,144
Cebu Pacific,CEB-PPS,2024.0,8,1965.8339999999998,47.4,8191.11,3196.39,3718.2,2783,417
Philippine Airlines,CEB-PPS,2024.0,8,219.776,33.03,8191.11,3196.39,3718.2,2783,417
Cebgo,CEB-SUG,2024.0,8,351.216,3.61,10000.0,3196.39,10000.0,2783,22
Cebgo,CEB-TAC,2024.0,8,1580.472,3.61,5062.02,3196.39,3221.73,2783,665
Philippine Airlines,CEB-TAC,2024.0,8,1263.712,33.03,5062.02,3196.39,3221.73,2783,665
Cebgo,CEB-USU,2024.0,8,1814.616,3.61,6090.36,3196.39,6026.19,2783,269
Philippine Airlines,CEB-USU,2024.0,8,659.328,33.03,6090.36,3196.39,6026.19,2783,269
Cebgo,CGM-CEB,2024.0,8,175.608,3.61,10000.0,10000.0,3196.39,6,2783
Cebgo,CGY-CEB,2024.0,8,2517.0480000000002,3.61,5022.93,3936.81,3196.39,884,2783
Philippine Airlines,CGY-CEB,2024.0,8,2197.76,33.03,5022.93,3936.81,3196.39,884,2783
Cebgo,CGY-DVO,2024.0,8,1053.6480000000001,3.61,10000.0,3936.81,4932.39,884,1300
Cebu Pacific,CGY-ILO,2024.0,8,2721.924,47.4,10000.0,3936.81,3270.2,884,884
AirAsia,CGY-MNL,2024.0,8,5131.74,15.95,4247.13,3936.81,3706.37,884,9349
Cebu Pacific,CGY-MNL,2024.0,8,27583.464,47.4,4247.13,3936.81,3706.37,884,9349
Philippine Airlines,CGY-MNL,2024.0,8,21880.640000000003,33.03,4247.13,3936.81,3706.37,884,9349
Philippine Airlines,CRK-BSO,2024.0,8,879.104,33.03,10000.0,7822.72,10000.0,218,63
Cebu Pacific,CRK-CEB,2024.0,8,1814.616,47.4,10000.0,7822.72,3196.39,218,2783
Philippine Airlines,CRK-CRK,2024.0,8,54.944,33.03,10000.0,7822.72,7822.72,218,218
Philippine Airlines,CRK-MNL,2024.0,8,150.288,33.03,10000.0,7822.72,3706.37,218,9349
Cebu Pacific,CRK-MPH,2024.0,8,8165.771999999999,47.4,10000.0,7822.72,3484.24,218,1050
Philippine Airlines,CRK-USU,2024.0,8,714.272,33.03,10000.0,7822.72,6026.19,218,269
Cebgo,CYP-CEB,2024.0,8,819.504,3.61,10000.0,5012.4,3196.39,55,2783
Philippine Airlines,CYP-MNL,2024.0,8,714.272,33.03,10000.0,5012.4,3706.37,55,9349
Cebu Pacific,CYZ-MNL,2024.0,8,4687.758,47.4,10000.0,10000.0,3706.37,62,9349
Cebgo,DGT-CEB,2024.0,8,760.9680000000001,3.61,10000.0,4699.96,3196.39,301,2783
Cebu Pacific,DGT-MNL,2024.0,8,8619.426,47.4,5000.0,4699.96,3706.37,301,9349
Philippine Airlines,DGT-MNL,2024.0,8,8621.36,33.03,5000.0,4699.96,3706.37,301,9349
Cebu Pacific,DPL-MNL,2024.0,8,4687.758,47.4,5000.05,5001.9,3706.37,122,9349
Philippine Airlines,DPL-MNL,2024.0,8,4658.928,33.03,5000.05,5001.9,3706.37,122,9349
Cebu Pacific,DRP-MNL,2024.0,8,10404.774,47.4,5014.18,5005.48,3706.37,293,9349
Philippine Airlines,DRP-MNL,2024.0,8,11575.408000000001,33.03,5014.18,5005.48,3706.37,293,9349
Cebu Pacific,DVO-BCD,2024.0,8,2873.142,47.4,10000.0,4932.39,3393.56,1300,741
Cebu Pacific,DVO-CEB,2024.0,8,7560.9,47.4,5253.86,4932.39,3196.39,1300,2783
Philippine Airlines,DVO-CEB,2024.0,8,4780.128000000001,33.03,5253.86,4932.39,3196.39,1300,2783
Cebgo,DVO-CGY,2024.0,8,995.1120000000001,3.61,10000.0,4932.39,3936.81,1300,884
Cebgo,DVO-IAO,2024.0,8,760.9680000000001,3.61,10000.0,4932.39,5077.04,1300,464
Cebu Pacific,DVO-ILO,2024.0,8,302.436,47.4,10000.0,4932.39,3270.2,1300,884
Cebu Pacific,DVO-MNL,2024.0,8,50951.523,47.4,5076.23,4932.39,3706.37,1300,9349
Philippine Airlines,DVO-MNL,2024.0,8,39751.984000000004,33.03,5076.23,4932.39,3706.37,1300,9349
Philippine Airlines,DVO-TAG,2024.0,8,1263.712,33.03,10000.0,4932.39,3335.1,1300,406
Philippine Airlines,EUQ-MNL,2024.0,8,769.216,33.03,10000.0,10000.0,3706.37,28,9349
Philippine Airlines,GES-CEB,2024.0,8,1318.656,33.03,10000.0,5320.59,3196.39,335,2783
Cebu Pacific,GES-MNL,2024.0,8,24076.995000000003,47.4,5443.0,5320.59,3706.37,335,9349
Philippine Airlines,GES-MNL,2024.0,8,13031.423999999999,33.03,5443.0,5320.59,3706.37,335,9349
Cebgo,IAO-CEB,2024.0,8,4390.2,3.61,5243.76,5077.04,3196.39,464,2783
Philippine Airlines,IAO-CEB,2024.0,8,2802.1440000000002,33.03,5243.76,5077.04,3196.39,464,2783
Cebgo,IAO-DVO,2024.0,8,760.9680000000001,3.61,10000.0,5077.04,4932.39,464,1300
Philippine Airlines,IAO-MNL,2024.0,8,3626.304,33.03,10000.0,5077.04,3706.37,464,9349
Cebgo,ILO-CEB,2024.0,8,1229.256,3.61,8058.55,3270.2,3196.39,884,2783
Philippine Airlines,ILO-CEB,2024.0,8,150.288,33.03,8058.55,3270.2,3196.39,884,2783
Cebu Pacific,ILO-CGY,2024.0,8,2721.924,47.4,10000.0,3270.2,3936.81,884,884
Cebu Pacific,ILO-DVO,2024.0,8,302.436,47.4,10000.0,3270.2,4932.39,884,1300
AirAsia,ILO-MNL,2024.0,8,26441.899999999998,15.95,3431.04,3270.2,3706.37,884,9349
Cebu Pacific,ILO-MNL,2024.0,8,22033.926,47.4,3431.04,3270.2,3706.37,884,9349
Philippine Airlines,ILO-MNL,2024.0,8,17255.648,33.03,3431.04,3270.2,3706.37,884,9349
AirAsia,KLO-MNL,2024.0,8,15395.22,15.95,6484.0,6484.0,3706.37,248,9349
Cebu Pacific,KLO-MNL,2024.0,8,4536.54,47.4,6484.0,6484.0,3706.37,248,9349
Philippine Airlines,LAO-MNL,2024.0,8,7994.352000000001,33.03,10000.0,10000.0,3706.37,84,9349
Cebu Pacific,MNL-BAG,2024.0,8,186.99,47.4,10000.0,3706.37,10000.0,9349,1
AirAsia,MNL-BCD,2024.0,8,9435.779999999999,15.95,3455.24,3706.37,3393.56,9349,741
Cebu Pacific,MNL-BCD,2024.0,8,15230.742,47.4,3455.24,3706.37,3393.56,9349,741
Philippine Airlines,MNL-BCD,2024.0,8,12457.744,33.03,3455.24,3706.37,3393.56,9349,741
Philippine Airlines,MNL-BSO,2024.0,8,1703.2640000000001,33.03,10000.0,3706.37,10000.0,9349,63
Cebu Pacific,MNL-BXU,2024.0,8,13521.815999999999,47.4,5155.45,3706.37,4488.58,9349,401
Philippine Airlines,MNL-BXU,2024.0,8,9468.144,33.03,5155.45,3706.37,4488.58,9349,401
Philippine Airlines,MNL-CBO,2024.0,8,4658.928,33.03,10000.0,3706.37,10000.0,9349,71
AirAsia,MNL-CEB,2024.0,8,25327.62,15.95,3548.35,3706.37,3196.39,9349,2783
Cebu Pacific,MNL-CEB,2024.0,8,47386.518000000004,47.4,3548.35,3706.37,3196.39,9349,2783
Philippine Airlines,MNL-CEB,2024.0,8,34283.44,33.03,3548.35,3706.37,3196.39,9349,2783
AirAsia,MNL-CGY,2024.0,8,5131.74,15.95,4480.56,3706.37,3936.81,9349,884
Cebu Pacific,MNL-CGY,2024.0,8,30619.206000000002,47.4,4480.56,3706.37,3936.81,9349,884
Philippine Airlines,MNL-CGY,2024.0,8,17467.344,33.03,4480.56,3706.37,3936.81,9349,884
Philippine Airlines,MNL-CRM,2024.0,8,988.9920000000001,33.03,10000.0,3706.37,10000.0,9349,18
Philippine Airlines,MNL-CYP,2024.0,8,769.216,33.03,10000.0,3706.37,5012.4,9349,55
Cebu Pacific,MNL-CYZ,2024.0,8,4687.758,47.4,10000.0,3706.37,10000.0,9349,62
Cebu Pacific,MNL-DGT,2024.0,8,12399.875999999998,47.4,5177.18,3706.37,4699.96,9349,301
Philippine Airlines,MNL-DGT,2024.0,8,8471.072,33.03,5177.18,3706.37,4699.96,9349,301
Cebu Pacific,MNL-DPL,2024.0,8,4687.758,47.4,5006.63,3706.37,5001.9,9349,122
Philippine Airlines,MNL-DPL,2024.0,8,4358.352000000001,33.03,5006.63,3706.37,5001.9,9349,122
Cebgo,MNL-DRP,2024.0,8,58.536,3.61,4997.5,3706.37,5005.48,9349,293
Cebu Pacific,MNL-DRP,2024.0,8,10253.556,47.4,4997.5,3706.37,5005.48,9349,293
Philippine Airlines,MNL-DRP,2024.0,8,11780.640000000001,33.03,4997.5,3706.37,5005.48,9349,293
Cebu Pacific,MNL-DVO,2024.0,8,49177.557,47.4,5049.54,3706.37,4932.39,9349,1300
Philippine Airlines,MNL-DVO,2024.0,8,40273.952000000005,33.03,5049.54,3706.37,4932.39,9349,1300
Philippine Airlines,MNL-EUQ,2024.0,8,769.216,33.03,10000.0,3706.37,10000.0,9349,28
Cebu Pacific,MNL-GES,2024.0,8,24455.04,47.4,5464.33,3706.37,5320.59,9349,335
Philippine Airlines,MNL-GES,2024.0,8,13031.423999999999,33.03,5464.33,3706.37,5320.59,9349,335
Philippine Airlines,MNL-IAO,2024.0,8,5549.344,33.03,10000.0,3706.37,5077.04,9349,464
AirAsia,MNL-ILO,2024.0,8,20692.5,15.95,3349.56,3706.37,3270.2,9349,884
Cebu Pacific,MNL-ILO,2024.0,8,24035.532,47.4,3349.56,3706.37,3270.2,9349,884
Philippine Airlines,MNL-ILO,2024.0,8,20912.656000000003,33.03,3349.56,3706.37,3270.2,9349,884
AirAsia,MNL-KLO,2024.0,8,15395.22,15.95,6484.0,3706.37,6484.0,9349,248
Cebu Pacific,MNL-KLO,2024.0,8,4536.54,47.4,6484.0,3706.37,6484.0,9349,248
Philippine Airlines,MNL-LAO,2024.0,8,3867.088,33.03,10000.0,3706.37,10000.0,9349,84
Cebgo,MNL-MNL,2024.0,8,58.536,3.61,5005.01,3706.37,3706.37,9349,9349
Philippine Airlines,MNL-MNL,2024.0,8,54.944,33.03,5005.01,3706.37,3706.37,9349,9349
AirAsia,MNL-MPH,2024.0,8,17050.62,15.95,3123.7,3706.37,3484.24,9349,1050
Cebgo,MNL-MPH,2024.0,8,1814.616,3.61,3123.7,3706.37,3484.24,9349,1050
Cebu Pacific,MNL-MPH,2024.0,8,16936.415999999997,47.4,3123.7,3706.37,3484.24,9349,1050
Philippine Airlines,MNL-MPH,2024.0,8,14833.264000000001,33.03,3123.7,3706.37,3484.24,9349,1050
Cebu Pacific,MNL-OZC,2024.0,8,7409.682,47.4,10000.0,3706.37,6153.44,9349,137
Cebu Pacific,MNL-PAG,2024.0,8,4838.976,47.4,10000.0,3706.37,7148.2,9349,144
AirAsia,MNL-PPS,2024.0,8,5131.74,15.95,4522.47,3706.37,3718.2,9349,417
Cebu Pacific,MNL-PPS,2024.0,8,14980.338,47.4,4522.47,3706.37,3718.2,9349,417
Philippine Airlines,MNL-PPS,2024.0,8,4279.168000000001,33.03,4522.47,3706.37,3718.2,9349,417
Cebu Pacific,MNL-RXS,2024.0,8,4536.54,47.4,10000.0,3706.37,5074.24,9349,136
AirAsia,MNL-TAC,2024.0,8,8939.16,15.95,3334.2,3706.37,3221.73,9349,665
Cebu Pacific,MNL-TAC,2024.0,8,9224.297999999999,47.4,3334.2,3706.37,3221.73,9349,665
Philippine Airlines,MNL-TAC,2024.0,8,9274.224,33.03,3334.2,3706.37,3221.73,9349,665
AirAsia,MNL-TAG,2024.0,8,9932.4,15.95,3505.72,3706.37,3335.1,9349,406
Cebu Pacific,MNL-TAG,2024.0,8,5582.058,47.4,3505.72,3706.37,3335.1,9349,406
Philippine Airlines,MNL-TAG,2024.0,8,8807.2,33.03,3505.72,3706.37,3335.1,9349,406
Cebu Pacific,MNL-TUG,2024.0,8,4687.758,47.4,10000.0,3706.37,7574.38,9349,162
Cebgo,MNL-USU,2024.0,8,1814.616,3.61,10000.0,3706.37,6026.19,9349,269
Cebu Pacific,MNL-VRC,2024.0,8,302.436,47.4,10000.0,3706.37,10000.0,9349,4
Cebgo,MNL-WNP,2024.0,8,3219.48,3.61,10000.0,3706.37,10000.0,9349,111
Cebu Pacific,MPH-CEB,2024.0,8,4687.758,47.4,8273.68,3484.24,3196.39,1050,2783
Philippine Airlines,MPH-CEB,2024.0,8,494.49600000000004,33.03,8273.68,3484.24,3196.39,1050,2783
Cebu Pacific,MPH-CRK,2024.0,8,9224.297999999999,47.4,10000.0,3484.24,7822.72,1050,218
AirAsia,MPH-MNL,2024.0,8,22016.82,15.95,3184.33,3484.24,3706.37,1050,9349
Cebgo,MPH-MNL,2024.0,8,1814.616,3.61,3184.33,3484.24,3706.37,1050,9349
Cebu Pacific,MPH-MNL,2024.0,8,23287.572,47.4,3184.33,3484.24,3706.37,1050,9349
Philippine Airlines,MPH-MNL,2024.0,8,18821.552,33.03,3184.33,3484.24,3706.37,1050,9349
Cebu Pacific,MPH-MPH,2024.0,8,453.654,47.4,10000.0,3484.24,3484.24,1050,1050
Cebgo,OZC-CEB,2024.0,8,292.68,3.61,7233.64,6153.44,3196.39,137,2783
Philippine Airlines,OZC-CEB,2024.0,8,58.176,33.03,7233.64,6153.44,3196.39,137,2783
Cebu Pacific,OZC-MNL,2024.0,8,7409.682,47.4,5259.75,6153.44,3706.37,137,9349
Philippine Airlines,OZC-MNL,2024.0,8,4658.928,33.03,5259.75,6153.44,3706.37,137,9349
Cebgo,PAG-CEB,2024.0,8,1931.688,3.61,10000.0,7148.2,3196.39,144,2783
Cebu Pacific,PAG-MNL,2024.0,8,9224.297999999999,47.4,10000.0,7148.2,3706.37,144,9349
Cebu Pacific,PPS-CEB,2024.0,8,1965.8339999999998,47.4,8191.11,3718.2,3196.39,417,2783
Philippine Airlines,PPS-CEB,2024.0,8,219.776,33.03,8191.11,3718.2,3196.39,417,2783
AirAsia,PPS-MNL,2024.0,8,10263.48,15.95,3397.85,3718.2,3706.37,417,9349
Cebu Pacific,PPS-MNL,2024.0,8,14022.624,47.4,3397.85,3718.2,3706.37,417,9349
Philippine Airlines,PPS-MNL,2024.0,8,14046.272,33.03,3397.85,3718.2,3706.37,417,9349
AirAsia,RXS-MNL,2024.0,8,2317.56,15.95,4300.41,5074.24,3706.37,136,9349
Cebu Pacific,RXS-MNL,2024.0,8,9224.297999999999,47.4,4300.41,5074.24,3706.37,136,9349
Philippine Airlines,RXS-MNL,2024.0,8,4508.64,33.03,4300.41,5074.24,3706.37,136,9349
Cebgo,SUG-CEB,2024.0,8,936.576,3.61,10000.0,10000.0,3196.39,22,2783
Cebgo,TAC-CEB,2024.0,8,995.1120000000001,3.61,5027.27,3221.73,3196.39,665,2783
Philippine Airlines,TAC-CEB,2024.0,8,1153.824,33.03,5027.27,3221.73,3196.39,665,2783
AirAsia,TAC-MNL,2024.0,8,20313.36,15.95,3544.94,3221.73,3706.37,665,9349
Cebu Pacific,TAC-MNL,2024.0,8,26916.803999999996,47.4,3544.94,3221.73,3706.37,665,9349
Philippine Airlines,TAC-MNL,2024.0,8,14269.28,33.03,3544.94,3221.73,3706.37,665,9349
Philippine Airlines,TAG-DVO,2024.0,8,1153.824,33.03,10000.0,3335.1,4932.39,406,1300
AirAsia,TAG-MNL,2024.0,8,9932.4,15.95,3531.94,3335.1,3706.37,406,9349
Cebu Pacific,TAG-MNL,2024.0,8,15425.862000000001,47.4,3531.94,3335.1,3706.37,406,9349
Philippine Airlines,TAG-MNL,2024.0,8,9107.776,33.03,3531.94,3335.1,3706.37,406,9349
Cebu Pacific,TUG-MNL,2024.0,8,16331.543999999998,47.4,7116.64,7574.38,3706.37,162,9349
Philippine Airlines,TUG-MNL,2024.0,8,3456.6240000000003,33.03,7116.64,7574.38,3706.37,162,9349
Cebgo,USU-CEB,2024.0,8,2224.368,3.61,6639.84,6026.19,3196.39,269,2783
Philippine Airlines,USU-CEB,2024.0,8,604.384,33.03,6639.84,6026.19,3196.39,269,2783
Philippine Airlines,USU-CRK,2024.0,8,659.328,33.03,10000.0,6026.19,7822.72,269,218
Cebgo,USU-MNL,2024.0,8,5385.312,3.61,6476.2,6026.19,3706.37,269,9349
Philippine Airlines,USU-MNL,2024.0,8,1593.376,33.03,6476.2,6026.19,3706.37,269,9349
Cebu Pacific,VRC-MNL,2024.0,8,302.436,47.4,10000.0,10000.0,3706.37,4,9349
Cebgo,WNP-MNL,2024.0,8,3278.016,3.61,10000.0,10000.0,3706.37,111,9349
Cebu Pacific,ZAM-CEB,2024.0,8,4687.758,47.4,7976.77,6409.62,3196.39,263,2783
Philippine Airlines,ZAM-CEB,2024.0,8,604.384,33.03,7976.77,6409.62,3196.39,263,2783
Cebu Pacific,ZAM-MNL,2024.0,8,23394.888,47.4,6520.74,6409.62,3706.37,263,9349
Philippine Airlines,ZAM-MNL,2024.0,8,6762.960000000001,33.03,6520.74,6409.62,3706.37,263,9349
Cebu Pacific,ZAM-TWT,2024.0,8,1360.962,47.4,5046.99,6409.62,5251.37,263,29
Philippine Airlines,ZAM-TWT,2024.0,8,1653.1680000000001,33.03,5046.99,6409.62,5251.37,263,29
Cebgo,BCD-CEB,2024.0,9,1701.504,3.43,5231.54,3384.18,3215.24,725,2616
Philippine Airlines,BCD-CEB,2024.0,9,1098.88,36.01,5231.54,3384.18,3215.24,725,2616
Cebu Pacific,BCD-DVO,2024.0,9,2115.0640000000003,44.98,10000.0,3384.18,4851.3,725,1243
AirAsia,BCD-MNL,2024.0,9,13739.82,15.58,3564.46,3384.18,3682.85,725,8692
Cebu Pacific,BCD-MNL,2024.0,9,27058.64,44.98,3564.46,3384.18,3682.85,725,8692
Philippine Airlines,BCD-MNL,2024.0,9,21366.752,36.01,3564.46,3384.18,3682.85,725,8692
Philippine Airlines,BPA-CEB,2024.0,9,714.272,36.01,10000.0,10000.0,3215.24,26,2616
Philippine Airlines,BSO-CRK,2024.0,9,604.384,36.01,10000.0,10000.0,7009.71,46,123
Cebgo,BXU-CEB,2024.0,9,1762.272,3.43,5268.8,4445.69,3215.24,388,2616
Philippine Airlines,BXU-CEB,2024.0,9,1098.88,36.01,5268.8,4445.69,3215.24,388,2616
Cebu Pacific,BXU-MNL,2024.0,9,13178.216,44.98,5168.68,4445.69,3682.85,388,8692
Philippine Airlines,BXU-MNL,2024.0,9,9088.384,36.01,5168.68,4445.69,3682.85,388,8692
Philippine Airlines,CBO-CBO,2024.0,9,150.288,36.01,10000.0,10000.0,10000.0,97,97
Philippine Airlines,CBO-MNL,2024.0,9,6312.0960000000005,36.01,10000.0,10000.0,3682.85,97,8692
Philippine Airlines,CBO-TAG,2024.0,9,300.576,36.01,10000.0,10000.0,3414.36,97,368
Philippine Airlines,CBO-TWT,2024.0,9,494.49600000000004,36.01,10000.0,10000.0,7516.46,97,20
Cebgo,CEB-BCD,2024.0,9,1762.272,3.43,5268.8,3215.24,3384.18,2616,725
Philippine Airlines,CEB-BCD,2024.0,9,1098.88,36.01,5268.8,3215.24,3384.18,2616,725
Philippine Airlines,CEB-BPA,2024.0,9,714.272,36.01,10000.0,3215.24,10000.0,2616,26
Cebgo,CEB-BXU,2024.0,9,1762.272,3.43,5268.8,3215.24,4445.69,2616,388
Philippine Airlines,CEB-BXU,2024.0,9,1098.88,36.01,5268.8,3215.24,4445.69,2616,388
Cebgo,CEB-CEB,2024.0,9,121.536,3.43,5711.91,3215.24,3215.24,2616,2616
Philippine Airlines,CEB-CEB,2024.0,9,54.944,36.01,5711.91,3215.24,3215.24,2616,2616
Cebgo,CEB-CGM,2024.0,9,60.768,3.43,10000.0,3215.24,10000.0,2616,2
Cebgo,CEB-CGY,2024.0,9,3524.544,3.43,5194.78,3215.24,3872.63,2616,881
Philippine Airlines,CEB-CGY,2024.0,9,2362.592,36.01,5194.78,3215.24,3872.63,2616,881
Cebu Pacific,CEB-CRK,2024.0,9,1883.808,44.98,10000.0,3215.24,7009.71,2616,123
Cebgo,CEB-CYP,2024.0,9,850.752,3.43,10000.0,3215.24,5108.99,2616,51
Cebgo,CEB-DGT,2024.0,9,789.984,3.43,10000.0,3215.24,4714.8,2616,292
Cebu Pacific,CEB-DVO,2024.0,9,6750.312000000001,44.98,5043.02,3215.24,4851.3,2616,1243
Philippine Airlines,CEB-DVO,2024.0,9,5604.2880000000005,36.01,5043.02,3215.24,4851.3,2616,1243
Philippine Airlines,CEB-GES,2024.0,9,1373.6000000000001,36.01,10000.0,3215.24,5001.5,2616,259
Cebgo,CEB-IAO,2024.0,9,4922.208,3.43,5862.86,3215.24,5068.82,2616,408
Philippine Airlines,CEB-IAO,2024.0,9,2032.928,36.01,5862.86,3215.24,5068.82,2616,408
AirAsia,CEB-MNL,2024.0,9,17547.239999999998,15.58,3916.73,3215.24,3682.85,2616,8692
Cebu Pacific,CEB-MNL,2024.0,9,53875.896,44.98,3916.73,3215.24,3682.85,2616,8692
Philippine Airlines,CEB-MNL,2024.0,9,34960.544,36.01,3916.73,3215.24,3682.85,2616,8692
Cebu Pacific,CEB-MPH,2024.0,9,4395.552000000001,44.98,7874.66,3215.24,3393.18,2616,936
Philippine Airlines,CEB-MPH,2024.0,9,604.384,36.01,7874.66,3215.24,3393.18,2616,936
Cebgo,CEB-PAG,2024.0,9,972.288,3.43,10000.0,3215.24,7325.75,2616,130
Cebu Pacific,CEB-PPS,2024.0,9,2040.7920000000001,44.98,5327.79,3215.24,3615.21,2616,417
Philippine Airlines,CEB-PPS,2024.0,9,1208.768,36.01,5327.79,3215.24,3615.21,2616,417
Cebgo,CEB-TAC,2024.0,9,1762.272,3.43,5268.8,3215.24,3230.83,2616,637
Philippine Airlines,CEB-TAC,2024.0,9,1098.88,36.01,5268.8,3215.24,3230.83,2616,637
Cebgo,CEB-USU,2024.0,9,486.144,3.43,5747.21,3215.24,5265.61,2616,203
Philippine Airlines,CEB-USU,2024.0,9,1098.88,36.01,5747.21,3215.24,5265.61,2616,203
Cebgo,CGM-CEB,2024.0,9,60.768,3.43,10000.0,10000.0,3215.24,2,2616
Cebgo,CGY-CEB,2024.0,9,3585.312,3.43,5235.04,3872.63,3215.24,881,2616
Philippine Airlines,CGY-CEB,2024.0,9,2307.648,36.01,5235.04,3872.63,3215.24,881,2616
Cebgo,CGY-DVO,2024.0,9,789.984,3.43,10000.0,3872.63,4851.3,881,1243
Cebu Pacific,CGY-ILO,2024.0,9,2226.472,44.98,10000.0,3872.63,3351.17,881,723
AirAsia,CGY-MNL,2024.0,9,4800.66,15.58,4304.82,3872.63,3682.85,881,8692
Cebu Pacific,CGY-MNL,2024.0,9,27247.696,44.98,4304.82,3872.63,3682.85,881,8692
Philippine Airlines,CGY-MNL,2024.0,9,19855.792,36.01,4304.82,3872.63,3682.85,881,8692
Philippine Airlines,CRK-BSO,2024.0,9,714.272,36.01,10000.0,7009.71,10000.0,123,46
Cebu Pacific,CRK-CEB,2024.0,9,156.984,44.98,10000.0,7009.71,3215.24,123,2616
Cebu Pacific,CRK-MNL,2024.0,9,156.984,44.98,10000.0,7009.71,3682.85,123,8692
Cebu Pacific,CRK-MPH,2024.0,9,4866.504,44.98,10000.0,7009.71,3393.18,123,936
Philippine Airlines,CRK-USU,2024.0,9,659.328,36.01,10000.0,7009.71,5265.61,123,203
Cebgo,CYP-CEB,2024.0,9,850.752,3.43,10000.0,5108.99,3215.24,51,2616
Philippine Airlines,CYP-MNL,2024.0,9,604.384,36.01,10000.0,5108.99,3682.85,51,8692
Cebu Pacific,CYZ-MNL,2024.0,9,3924.6000000000004,44.98,10000.0,10000.0,3682.85,51,8692
Cebgo,DGT-CEB,2024.0,9,668.448,3.43,10000.0,4714.8,3215.24,292,2616
Cebu Pacific,DGT-MNL,2024.0,9,9262.056,44.98,5000.9,4714.8,3682.85,292,8692
Philippine Airlines,DGT-MNL,2024.0,9,9017.28,36.01,5000.9,4714.8,3682.85,292,8692
Cebu Pacific,DPL-MNL,2024.0,9,4552.536,44.98,5000.67,5000.13,3682.85,120,8692
Philippine Airlines,DPL-MNL,2024.0,9,4658.928,36.01,5000.67,5000.13,3682.85,120,8692
Cebu Pacific,DRP-MNL,2024.0,9,9905.184000000001,44.98,5045.17,5035.24,3682.85,287,8692
Philippine Airlines,DRP-MNL,2024.0,9,11985.872000000001,36.01,5045.17,5035.24,3682.85,287,8692
Cebu Pacific,DVO-BCD,2024.0,9,2115.0640000000003,44.98,10000.0,4851.3,3384.18,1243,725
Cebu Pacific,DVO-CEB,2024.0,9,6436.344,44.98,5035.23,4851.3,3215.24,1243,2616
Philippine Airlines,DVO-CEB,2024.0,9,5439.456,36.01,5035.23,4851.3,3215.24,1243,2616
Cebgo,DVO-CGY,2024.0,9,729.216,3.43,10000.0,4851.3,3872.63,1243,881
Cebgo,DVO-IAO,2024.0,9,789.984,3.43,10000.0,4851.3,5068.82,1243,408
Cebu Pacific,DVO-MNL,2024.0,9,39646.056,44.98,5006.64,4851.3,3682.85,1243,8692
Philippine Airlines,DVO-MNL,2024.0,9,42644.624,36.01,5006.64,4851.3,3682.85,1243,8692
Philippine Airlines,DVO-TAG,2024.0,9,824.1600000000001,36.01,10000.0,4851.3,3414.36,1243,368
Philippine Airlines,EUQ-MNL,2024.0,9,604.384,36.01,10000.0,10000.0,3682.85,23,8692
Philippine Airlines,GES-CEB,2024.0,9,1318.656,36.01,10000.0,5001.5,3215.24,259,2616
Cebu Pacific,GES-GES,2024.0,9,194.12,44.98,10000.0,5001.5,5001.5,259,259
Cebu Pacific,GES-MNL,2024.0,9,13540.292,44.98,5000.2,5001.5,3682.85,259,8692
Philippine Airlines,GES-MNL,2024.0,9,13370.784,36.01,5000.2,5001.5,3682.85,259,8692
Cebgo,IAO-CEB,2024.0,9,3889.152,3.43,5491.23,5068.82,3215.24,408,2616
Philippine Airlines,IAO-CEB,2024.0,9,2032.928,36.01,5491.23,5068.82,3215.24,408,2616
Cebgo,IAO-DVO,2024.0,9,729.216,3.43,10000.0,5068.82,4851.3,408,1243
Philippine Airlines,IAO-IAO,2024.0,9,54.944,36.01,10000.0,5068.82,5068.82,408,408
Philippine Airlines,IAO-MNL,2024.0,9,3681.248,36.01,10000.0,5068.82,3682.85,408,8692
Cebu Pacific,ILO-CGY,2024.0,9,2226.472,44.98,10000.0,3351.17,3872.63,723,881
Cebu Pacific,ILO-KLO,2024.0,9,156.984,44.98,10000.0,3351.17,6742.7,723,207
AirAsia,ILO-MNL,2024.0,9,24952.039999999997,15.58,3450.33,3351.17,3682.85,723,8692
Cebu Pacific,ILO-MNL,2024.0,9,16616.672000000002,44.98,3450.33,3351.17,3682.85,723,8692
Philippine Airlines,ILO-MNL,2024.0,9,17696.816000000003,36.01,3450.33,3351.17,3682.85,723,8692
AirAsia,KLO-MNL,2024.0,9,13408.74,15.58,6742.7,6742.7,3682.85,207,8692
Cebu Pacific,KLO-MNL,2024.0,9,3453.648,44.98,6742.7,6742.7,3682.85,207,8692
Philippine Airlines,LAO-MNL,2024.0,9,7133.024,36.01,10000.0,10000.0,3682.85,79,8692
AirAsia,MNL-BCD,2024.0,9,8939.16,15.58,3501.47,3682.85,3384.18,8692,725
Cebu Pacific,MNL-BCD,2024.0,9,15679.832,44.98,3501.47,3682.85,3384.18,8692,725
Philippine Airlines,MNL-BCD,2024.0,9,12152.320000000002,36.01,3501.47,3682.85,3384.18,8692,725
Philippine Airlines,MNL-BSO,2024.0,9,1208.768,36.01,10000.0,3682.85,10000.0,8692,46
Cebu Pacific,MNL-BXU,2024.0,9,13178.216,44.98,5183.78,3682.85,4445.69,8692,388
Philippine Airlines,MNL-BXU,2024.0,9,8938.096000000001,36.01,5183.78,3682.85,4445.69,8692,388
Philippine Airlines,MNL-CBO,2024.0,9,6312.0960000000005,36.01,10000.0,3682.85,10000.0,8692,97
AirAsia,MNL-CEB,2024.0,9,22678.98,15.58,3537.19,3682.85,3215.24,8692,2616
Cebgo,MNL-CEB,2024.0,9,60.768,3.43,3537.19,3682.85,3215.24,8692,2616
Cebu Pacific,MNL-CEB,2024.0,9,43141.06,44.98,3537.19,3682.85,3215.24,8692,2616
Philippine Airlines,MNL-CEB,2024.0,9,36174.16,36.01,3537.19,3682.85,3215.24,8692,2616
AirAsia,MNL-CGY,2024.0,9,4800.66,15.58,4507.02,3682.85,3872.63,8692,881
Cebu Pacific,MNL-CGY,2024.0,9,30944.416,44.98,4507.02,3682.85,3872.63,8692,881
Philippine Airlines,MNL-CGY,2024.0,9,18222.016,36.01,4507.02,3682.85,3872.63,8692,881
Philippine Airlines,MNL-CRM,2024.0,9,934.048,36.01,10000.0,3682.85,10000.0,8692,17
Philippine Airlines,MNL-CYP,2024.0,9,659.328,36.01,10000.0,3682.85,5108.99,8692,51
Cebu Pacific,MNL-CYZ,2024.0,9,4081.5840000000003,44.98,10000.0,3682.85,10000.0,8692,51
Cebu Pacific,MNL-DGT,2024.0,9,12715.704000000002,44.98,5159.0,3682.85,4714.8,8692,292
Philippine Airlines,MNL-DGT,2024.0,9,8866.992,36.01,5159.0,3682.85,4714.8,8692,292
Cebu Pacific,MNL-DPL,2024.0,9,4709.52,44.98,5002.37,3682.85,5000.13,8692,120
Philippine Airlines,MNL-DPL,2024.0,9,4508.64,36.01,5002.37,3682.85,5000.13,8692,120
Cebu Pacific,MNL-DRP,2024.0,9,10099.304,44.98,5026.5,3682.85,5035.24,8692,287
Philippine Airlines,MNL-DRP,2024.0,9,11685.296,36.01,5026.5,3682.85,5035.24,8692,287
Cebu Pacific,MNL-DVO,2024.0,9,41843.832,44.98,5000.02,3682.85,4851.3,8692,1243
Philippine Airlines,MNL-DVO,2024.0,9,42007.92,36.01,5000.02,3682.85,4851.3,8692,1243
Philippine Airlines,MNL-EUQ,2024.0,9,659.328,36.01,10000.0,3682.85,10000.0,8692,23
Cebu Pacific,MNL-GES,2024.0,9,14358.128,44.98,5008.51,3682.85,5001.5,8692,259
Philippine Airlines,MNL-GES,2024.0,9,13220.496,36.01,5008.51,3682.85,5001.5,8692,259
Philippine Airlines,MNL-IAO,2024.0,9,5219.68,36.01,10000.0,3682.85,5068.82,8692,408
AirAsia,MNL-ILO,2024.0,9,19202.64,15.58,3361.81,3682.85,3351.17,8692,723
Cebu Pacific,MNL-ILO,2024.0,9,16422.552,44.98,3361.81,3682.85,3351.17,8692,723
Philippine Airlines,MNL-ILO,2024.0,9,20587.84,36.01,3361.81,3682.85,3351.17,8692,723
AirAsia,MNL-KLO,2024.0,9,13408.74,15.58,6832.05,3682.85,6742.7,8692,207
Cebu Pacific,MNL-KLO,2024.0,9,3296.664,44.98,6832.05,3682.85,6742.7,8692,207
Philippine Airlines,MNL-LAO,2024.0,9,4358.352000000001,36.01,10000.0,3682.85,10000.0,8692,79
Cebgo,MNL-MBT,2024.0,9,182.304,3.43,10000.0,3682.85,10000.0,8692,3
Cebu Pacific,MNL-MNL,2024.0,9,351.10400000000004,44.98,10000.0,3682.85,3682.85,8692,8692
AirAsia,MNL-MPH,2024.0,9,16057.38,15.58,3146.81,3682.85,3393.18,8692,936
Cebgo,MNL-MPH,2024.0,9,1762.272,3.43,3146.81,3682.85,3393.18,8692,936
Cebu Pacific,MNL-MPH,2024.0,9,17896.176,44.98,3146.81,3682.85,3393.18,8692,936
Philippine Airlines,MNL-MPH,2024.0,9,13832.960000000001,36.01,3146.81,3682.85,3393.18,8692,936
Cebu Pacific,MNL-OZC,2024.0,9,7378.2480000000005,44.98,10000.0,3682.85,6438.68,8692,125
Cebu Pacific,MNL-PAG,2024.0,9,5023.488,44.98,10000.0,3682.85,7325.75,8692,130
AirAsia,MNL-PPS,2024.0,9,4966.2,15.58,4023.14,3682.85,3615.21,8692,417
Cebu Pacific,MNL-PPS,2024.0,9,11264.024000000001,44.98,4023.14,3682.85,3615.21,8692,417
Philippine Airlines,MNL-PPS,2024.0,9,4358.352000000001,36.01,4023.14,3682.85,3615.21,8692,417
Cebu Pacific,MNL-RXS,2024.0,9,2825.712,44.98,10000.0,3682.85,4604.28,8692,107
AirAsia,MNL-TAC,2024.0,9,8773.619999999999,15.58,3334.11,3682.85,3230.83,8692,637
Cebu Pacific,MNL-TAC,2024.0,9,9105.072,44.98,3334.11,3682.85,3230.83,8692,637
Philippine Airlines,MNL-TAC,2024.0,9,8973.648000000001,36.01,3334.11,3682.85,3230.83,8692,637
AirAsia,MNL-TAG,2024.0,9,7614.839999999999,15.58,3367.9,3682.85,3414.36,8692,368
Cebu Pacific,MNL-TAG,2024.0,9,6588.264,44.98,3367.9,3682.85,3414.36,8692,368
Philippine Airlines,MNL-TAG,2024.0,9,8471.072,36.01,3367.9,3682.85,3414.36,8692,368
Cebu Pacific,MNL-TUG,2024.0,9,4081.5840000000003,44.98,10000.0,3682.85,7656.46,8692,135
Cebgo,MNL-USU,2024.0,9,1640.736,3.43,10000.0,3682.85,5265.61,8692,203
Cebu Pacific,MNL-VRC,2024.0,9,156.984,44.98,10000.0,3682.85,10000.0,8692,2
Cebgo,MNL-WNP,2024.0,9,3038.4,3.43,10000.0,3682.85,10000.0,8692,99
Cebu Pacific,MPH-CEB,2024.0,9,4709.52,44.98,7983.99,3393.18,3215.24,936,2616
Philippine Airlines,MPH-CEB,2024.0,9,604.384,36.01,7983.99,3393.18,3215.24,936,2616
Cebu Pacific,MPH-CRK,2024.0,9,4709.52,44.98,10000.0,3393.18,7009.71,936,123
AirAsia,MPH-MNL,2024.0,9,20361.42,15.58,3185.13,3393.18,3682.85,936,8692
Cebgo,MPH-MNL,2024.0,9,1823.04,3.43,3185.13,3393.18,3682.85,936,8692
Cebu Pacific,MPH-MNL,2024.0,9,23076.648,44.98,3185.13,3393.18,3682.85,936,8692
Philippine Airlines,MPH-MNL,2024.0,9,17945.68,36.01,3185.13,3393.18,3682.85,936,8692
AirAsia,MPH-MPH,2024.0,9,165.54,15.58,6071.67,3393.18,3393.18,936,936
Cebgo,MPH-MPH,2024.0,9,60.768,3.43,6071.67,3393.18,3393.18,936,936
Cebgo,OZC-CEB,2024.0,9,60.768,3.43,10000.0,6438.68,3215.24,125,2616
Cebu Pacific,OZC-MNL,2024.0,9,7378.2480000000005,44.98,5331.03,6438.68,3682.85,125,8692
Philippine Airlines,OZC-MNL,2024.0,9,4358.352000000001,36.01,5331.03,6438.68,3682.85,125,8692
Cebgo,PAG-CEB,2024.0,9,1579.968,3.43,10000.0,7325.75,3215.24,130,2616
Cebu Pacific,PAG-MNL,2024.0,9,8477.136,44.98,10000.0,7325.75,3682.85,130,8692
Cebu Pacific,PPS-CEB,2024.0,9,2040.7920000000001,44.98,5276.5,3615.21,3215.24,417,2616
Philippine Airlines,PPS-CEB,2024.0,9,1263.712,36.01,5276.5,3615.21,3215.24,417,2616
AirAsia,PPS-MNL,2024.0,9,8773.619999999999,15.58,3473.33,3615.21,3682.85,417,8692
Cebu Pacific,PPS-MNL,2024.0,9,13598.528,44.98,3473.33,3615.21,3682.85,417,8692
Philippine Airlines,PPS-MNL,2024.0,9,14521.376,36.01,3473.33,3615.21,3682.85,417,8692
AirAsia,RXS-MNL,2024.0,9,1986.48,15.58,4089.59,4604.28,3682.85,107,8692
Cebu Pacific,RXS-MNL,2024.0,9,7378.2480000000005,44.98,4089.59,4604.28,3682.85,107,8692
Philippine Airlines,RXS-MNL,2024.0,9,4508.64,36.01,4089.59,4604.28,3682.85,107,8692
Cebgo,SUG-CEB,2024.0,9,729.216,3.43,10000.0,10000.0,3215.24,12,2616
Cebgo,TAC-CEB,2024.0,9,1033.056,3.43,5015.25,3230.83,3215.24,637,2616
Philippine Airlines,TAC-CEB,2024.0,9,1153.824,36.01,5015.25,3230.83,3215.24,637,2616
AirAsia,TAC-MNL,2024.0,9,19280.96,15.58,3602.82,3230.83,3682.85,637,8692
Cebu Pacific,TAC-MNL,2024.0,9,27472.2,44.98,3602.82,3230.83,3682.85,637,8692
Philippine Airlines,TAC-MNL,2024.0,9,13545.312000000002,36.01,3602.82,3230.83,3682.85,637,8692
Philippine Airlines,TAG-DVO,2024.0,9,714.272,36.01,10000.0,3414.36,4851.3,368,1243
AirAsia,TAG-MNL,2024.0,9,7614.839999999999,15.58,3727.19,3414.36,3682.85,368,8692
Cebu Pacific,TAG-MNL,2024.0,9,15873.952000000001,44.98,3727.19,3414.36,3682.85,368,8692
Philippine Airlines,TAG-MNL,2024.0,9,8621.36,36.01,3727.19,3414.36,3682.85,368,8692
Philippine Airlines,TAG-TAG,2024.0,9,150.288,36.01,10000.0,3414.36,3414.36,368,368
Cebu Pacific,TUG-MNL,2024.0,9,14128.560000000001,44.98,7202.8,7656.46,3682.85,135,8692
Philippine Airlines,TUG-MNL,2024.0,9,2855.472,36.01,7202.8,7656.46,3682.85,135,8692
Cebgo,USU-CEB,2024.0,9,850.752,3.43,5001.34,5265.61,3215.24,203,2616
Philippine Airlines,USU-CEB,2024.0,9,879.104,36.01,5001.34,5265.61,3215.24,203,2616
Philippine Airlines,USU-CRK,2024.0,9,659.328,36.01,10000.0,5265.61,7009.71,203,123
Cebgo,USU-MNL,2024.0,9,4314.528,3.43,6495.57,5265.61,3682.85,203,8692
Philippine Airlines,USU-MNL,2024.0,9,1263.712,36.01,6495.57,5265.61,3682.85,203,8692
Cebu Pacific,VRC-MNL,2024.0,9,156.984,44.98,10000.0,10000.0,3682.85,2,8692
Cebgo,WNP-MNL,2024.0,9,2977.632,3.43,10000.0,10000.0,3682.85,99,8692
Cebu Pacific,ZAM-CEB,2024.0,9,4552.536,44.98,7655.49,6323.84,3215.24,250,2616
Philippine Airlines,ZAM-CEB,2024.0,9,714.272,36.01,7655.49,6323.84,3215.24,250,2616
Cebu Pacific,ZAM-MNL,2024.0,9,23150.920000000002,44.98,6458.54,6323.84,3682.85,250,8692
Philippine Airlines,ZAM-MNL,2024.0,9,6913.2480000000005,36.01,6458.54,6323.84,3682.85,250,8692
Cebu Pacific,ZAM-TWT,2024.0,9,313.968,44.98,6941.98,6323.84,7516.46,250,20
Philippine Airlines,ZAM-TWT,2024.0,9,1352.592,36.01,6941.98,6323.84,7516.46,250,20
Cebgo,BCD-CEB,2024.0,10,1519.2,3.75,5024.97,3485.49,3232.29,771,2994
Philippine Airlines,BCD-CEB,2024.0,10,1318.656,34.74,5024.97,3485.49,3232.29,771,2994
Cebu Pacific,BCD-DVO,2024.0,10,3610.632,47.42,10000.0,3485.49,4914.47,771,1386
AirAsia,BCD-MNL,2024.0,10,13592.880000000001,14.08,3593.7,3485.49,3773.76,771,9118
Cebu Pacific,BCD-MNL,2024.0,10,28177.784,47.42,3593.7,3485.49,3773.76,771,9118
Philippine Airlines,BCD-MNL,2024.0,10,23317.264000000003,34.74,3593.7,3485.49,3773.76,771,9118
Philippine Airlines,BPA-CEB,2024.0,10,714.272,34.74,10000.0,10000.0,3232.29,25,2994
Philippine Airlines,BSO-CRK,2024.0,10,549.44,34.74,10000.0,10000.0,8404.24,41,228
Cebgo,BXU-CEB,2024.0,10,1215.3600000000001,3.75,5090.57,4660.28,3232.29,393,2994
Philippine Airlines,BXU-CEB,2024.0,10,1593.376,34.74,5090.57,4660.28,3232.29,393,2994
Cebu Pacific,BXU-MNL,2024.0,10,13917.560000000001,47.42,5224.26,4660.28,3773.76,393,9118
Philippine Airlines,BXU-MNL,2024.0,10,9052.832,34.74,5224.26,4660.28,3773.76,393,9118
Philippine Airlines,CBO-MNL,2024.0,10,6462.384,34.74,10000.0,10000.0,3773.76,97,9118
Philippine Airlines,CBO-TWT,2024.0,10,494.49600000000004,34.74,10000.0,10000.0,5027.87,97,38
Cebgo,CEB-BCD,2024.0,10,1640.736,3.75,5059.22,3232.29,3485.49,2994,771
Philippine Airlines,CEB-BCD,2024.0,10,1318.656,34.74,5059.22,3232.29,3485.49,2994,771
Philippine Airlines,CEB-BPA,2024.0,10,659.328,34.74,10000.0,3232.29,10000.0,2994,25
Cebgo,CEB-BXU,2024.0,10,1093.824,3.75,5228.54,3232.29,4660.28,2994,393
Philippine Airlines,CEB-BXU,2024.0,10,1688.72,34.74,5228.54,3232.29,4660.28,2994,393
Cebgo,CEB-CEB,2024.0,10,243.072,3.75,5231.53,3232.29,3232.29,2994,2994
Cebu Pacific,CEB-CEB,2024.0,10,156.984,47.42,5231.53,3232.29,3232.29,2994,2994
Cebgo,CEB-CGM,2024.0,10,850.752,3.75,10000.0,3232.29,10000.0,2994,27
Cebgo,CEB-CGY,2024.0,10,2126.88,3.75,5080.99,3232.29,3998.33,2994,877
Philippine Airlines,CEB-CGY,2024.0,10,2747.2000000000003,34.74,5080.99,3232.29,3998.33,2994,877
Cebu Pacific,CEB-CRK,2024.0,10,4709.52,47.42,10000.0,3232.29,8404.24,2994,228
Cebgo,CEB-CYP,2024.0,10,850.752,3.75,10000.0,3232.29,5039.27,2994,52
Cebgo,CEB-DGT,2024.0,10,668.448,3.75,10000.0,3232.29,4753.63,2994,297
Cebgo,CEB-DRP,2024.0,10,243.072,3.75,10000.0,3232.29,4916.59,2994,290
Cebu Pacific,CEB-DVO,2024.0,10,6593.328,47.42,5002.08,3232.29,4914.47,2994,1386
Philippine Airlines,CEB-DVO,2024.0,10,6868.0,34.74,5002.08,3232.29,4914.47,2994,1386
Philippine Airlines,CEB-GES,2024.0,10,1593.376,34.74,10000.0,3232.29,5079.18,2994,337
Cebgo,CEB-IAO,2024.0,10,5651.424,3.75,5411.46,3232.29,5056.84,2994,474
Philippine Airlines,CEB-IAO,2024.0,10,3131.808,34.74,5411.46,3232.29,5056.84,2994,474
Cebgo,CEB-ILO,2024.0,10,972.288,3.75,10000.0,3232.29,3313.48,2994,879
Philippine Airlines,CEB-MBT,2024.0,10,150.288,34.74,10000.0,3232.29,10000.0,2994,1
AirAsia,CEB-MNL,2024.0,10,17030.16,14.08,3931.7,3232.29,3773.76,2994,9118
Cebgo,CEB-MNL,2024.0,10,121.536,3.75,3931.7,3232.29,3773.76,2994,9118
Cebu Pacific,CEB-MNL,2024.0,10,54966.344000000005,47.42,3931.7,3232.29,3773.76,2994,9118
Philippine Airlines,CEB-MNL,2024.0,10,36912.672,34.74,3931.7,3232.29,3773.76,2994,9118
Cebgo,CEB-MPH,2024.0,10,60.768,3.75,7192.74,3232.29,3596.39,2994,1033
Cebu Pacific,CEB-MPH,2024.0,10,4709.52,47.42,7192.74,3232.29,3596.39,2994,1033
Philippine Airlines,CEB-MPH,2024.0,10,879.104,34.74,7192.74,3232.29,3596.39,2994,1033
Cebu Pacific,CEB-OZC,2024.0,10,156.984,47.42,10000.0,3232.29,6197.82,2994,133
Cebgo,CEB-PAG,2024.0,10,668.448,3.75,10000.0,3232.29,7198.72,2994,132
Cebu Pacific,CEB-PPS,2024.0,10,2697.424,47.42,5421.52,3232.29,3814.65,2994,480
Philippine Airlines,CEB-PPS,2024.0,10,1483.488,34.74,5421.52,3232.29,3814.65,2994,480
Cebgo,CEB-SUG,2024.0,10,1640.736,3.75,10000.0,3232.29,10000.0,2994,66
Cebgo,CEB-TAC,2024.0,10,1458.432,3.75,5004.49,3232.29,3264.55,2994,657
Philippine Airlines,CEB-TAC,2024.0,10,1373.6000000000001,34.74,5004.49,3232.29,3264.55,2994,657
Cebgo,CEB-USU,2024.0,10,1701.504,3.75,5183.96,3232.29,5635.69,2994,279
Philippine Airlines,CEB-USU,2024.0,10,1153.824,34.74,5183.96,3232.29,5635.69,2994,279
Cebgo,CGM-CEB,2024.0,10,789.984,3.75,10000.0,10000.0,3232.29,27,2994
Cebgo,CGY-CEB,2024.0,10,2126.88,3.75,5068.82,3998.33,3232.29,877,2994
Philippine Airlines,CGY-CEB,2024.0,10,2692.2560000000003,34.74,5068.82,3998.33,3232.29,877,2994
Cebgo,CGY-DVO,2024.0,10,1093.824,3.75,10000.0,3998.33,4914.47,877,1386
Cebu Pacific,CGY-ILO,2024.0,10,3139.6800000000003,47.42,10000.0,3998.33,3313.48,877,879
AirAsia,CGY-MNL,2024.0,10,4687.200000000001,14.08,4274.99,3998.33,3773.76,877,9118
Cebu Pacific,CGY-MNL,2024.0,10,26797.0,47.42,4274.99,3998.33,3773.76,877,9118
Philippine Airlines,CGY-MNL,2024.0,10,24008.912,34.74,4274.99,3998.33,3773.76,877,9118
Philippine Airlines,CRK-BSO,2024.0,10,604.384,34.74,10000.0,8404.24,10000.0,228,41
Cebu Pacific,CRK-CEB,2024.0,10,2511.744,47.42,10000.0,8404.24,3232.29,228,2994
Cebu Pacific,CRK-DVO,2024.0,10,1255.872,47.42,10000.0,8404.24,4914.47,228,1386
Cebu Pacific,CRK-MPH,2024.0,10,9262.056,47.42,10000.0,8404.24,3596.39,228,1033
Philippine Airlines,CRK-USU,2024.0,10,824.1600000000001,34.74,10000.0,8404.24,5635.69,228,279
Cebgo,CYP-CEB,2024.0,10,789.984,3.75,10000.0,5039.27,3232.29,52,2994
Philippine Airlines,CYP-MNL,2024.0,10,659.328,34.74,10000.0,5039.27,3773.76,52,9118
Cebu Pacific,CYZ-MNL,2024.0,10,4081.5840000000003,47.42,10000.0,10000.0,3773.76,52,9118
Cebgo,DGT-CEB,2024.0,10,729.216,3.75,10000.0,4753.63,3232.29,297,2994
Cebu Pacific,DGT-MNL,2024.0,10,9419.04,47.42,5000.15,4753.63,3773.76,297,9118
Philippine Airlines,DGT-MNL,2024.0,10,9317.856,34.74,5000.15,4753.63,3773.76,297,9118
Cebu Pacific,DPL-MNL,2024.0,10,4552.536,47.42,5000.12,5000.06,3773.76,119,9118
Philippine Airlines,DPL-MNL,2024.0,10,4508.64,34.74,5000.12,5000.06,3773.76,119,9118
Cebgo,DRP-CEB,2024.0,10,243.072,3.75,10000.0,4916.59,3232.29,290,2994
Cebu Pacific,DRP-MNL,2024.0,10,10099.304,47.42,5018.97,4916.59,3773.76,290,9118
Philippine Airlines,DRP-MNL,2024.0,10,11425.12,34.74,5018.97,4916.59,3773.76,290,9118
Cebu Pacific,DVO-BCD,2024.0,10,3610.632,47.42,10000.0,4914.47,3485.49,1386,771
Cebu Pacific,DVO-CEB,2024.0,10,6593.328,47.42,5000.0,4914.47,3232.29,1386,2994
Philippine Airlines,DVO-CEB,2024.0,10,6593.280000000001,34.74,5000.0,4914.47,3232.29,1386,2994
Cebgo,DVO-CGY,2024.0,10,1033.056,3.75,10000.0,4914.47,3998.33,1386,877
Cebu Pacific,DVO-CRK,2024.0,10,1255.872,47.42,10000.0,4914.47,8404.24,1386,228
Philippine Airlines,DVO-DVO,2024.0,10,54.944,34.74,10000.0,4914.47,4914.47,1386,1386
Cebgo,DVO-IAO,2024.0,10,972.288,3.75,10000.0,4914.47,5056.84,1386,474
Cebu Pacific,DVO-ILO,2024.0,10,784.9200000000001,47.42,10000.0,4914.47,3313.48,1386,879
Cebu Pacific,DVO-MNL,2024.0,10,50643.376,47.42,5057.57,4914.47,3773.76,1386,9118
Philippine Airlines,DVO-MNL,2024.0,10,40828.24,34.74,5057.57,4914.47,3773.76,1386,9118
Cebu Pacific,DVO-MPH,2024.0,10,784.9200000000001,47.42,10000.0,4914.47,3596.39,1386,1033
Philippine Airlines,DVO-TAG,2024.0,10,1098.88,34.74,10000.0,4914.47,3434.83,1386,383
Philippine Airlines,EUQ-MNL,2024.0,10,659.328,34.74,10000.0,10000.0,3773.76,26,9118
Philippine Airlines,GES-CEB,2024.0,10,1538.432,34.74,10000.0,5079.18,3232.29,337,2994
Cebu Pacific,GES-MNL,2024.0,10,19942.032,47.42,5171.68,5079.18,3773.76,337,9118
Philippine Airlines,GES-MNL,2024.0,10,13706.912,34.74,5171.68,5079.18,3773.76,337,9118
Cebgo,IAO-CEB,2024.0,10,4557.6,3.75,5188.09,5056.84,3232.29,474,2994
Philippine Airlines,IAO-CEB,2024.0,10,3076.864,34.74,5188.09,5056.84,3232.29,474,2994
Cebgo,IAO-DVO,2024.0,10,972.288,3.75,10000.0,5056.84,4914.47,474,1386
Philippine Airlines,IAO-MNL,2024.0,10,3736.192,34.74,10000.0,5056.84,3773.76,474,9118
Cebgo,ILO-CEB,2024.0,10,911.52,3.75,7493.32,3313.48,3232.29,879,2994
Cebu Pacific,ILO-CEB,2024.0,10,156.984,47.42,7493.32,3313.48,3232.29,879,2994
Cebu Pacific,ILO-CGY,2024.0,10,3139.6800000000003,47.42,10000.0,3313.48,3998.33,879,877
Cebu Pacific,ILO-DVO,2024.0,10,784.9200000000001,47.42,10000.0,3313.48,4914.47,879,1386
AirAsia,ILO-MNL,2024.0,10,23936.64,14.08,3367.16,3313.48,3773.76,879,9118
Cebgo,ILO-MNL,2024.0,10,60.768,3.75,3367.16,3313.48,3773.76,879,9118
Cebu Pacific,ILO-MNL,2024.0,10,22357.56,47.42,3367.16,3313.48,3773.76,879,9118
Philippine Airlines,ILO-MNL,2024.0,10,18322.208000000002,34.74,3367.16,3313.48,3773.76,879,9118
Cebu Pacific,ILO-TAC,2024.0,10,470.952,47.42,10000.0,3313.48,3264.55,879,657
AirAsia,KLO-MNL,2024.0,10,14217.84,14.08,6461.75,6402.77,3773.76,239,9118
Cebu Pacific,KLO-MNL,2024.0,10,4238.568,47.42,6461.75,6402.77,3773.76,239,9118
Philippine Airlines,LAO-MNL,2024.0,10,6943.952,34.74,10000.0,10000.0,3773.76,74,9118
AirAsia,MNL-BCD,2024.0,10,8749.44,14.08,3537.32,3773.76,3485.49,9118,771
Cebu Pacific,MNL-BCD,2024.0,10,16522.144,47.42,3537.32,3773.76,3485.49,9118,771
Philippine Airlines,MNL-BCD,2024.0,10,13616.416000000001,34.74,3537.32,3773.76,3485.49,9118,771
Philippine Airlines,MNL-BSO,2024.0,10,1098.88,34.74,10000.0,3773.76,10000.0,9118,41
Cebu Pacific,MNL-BXU,2024.0,10,13917.560000000001,47.42,5224.26,3773.76,4660.28,9118,393
Philippine Airlines,MNL-BXU,2024.0,10,9052.832,34.74,5224.26,3773.76,4660.28,9118,393
Philippine Airlines,MNL-CBO,2024.0,10,6762.960000000001,34.74,10000.0,3773.76,10000.0,9118,97
AirAsia,MNL-CEB,2024.0,10,20311.2,14.08,3607.55,3773.76,3232.29,9118,2994
Cebgo,MNL-CEB,2024.0,10,425.376,3.75,3607.55,3773.76,3232.29,9118,2994
Cebu Pacific,MNL-CEB,2024.0,10,45053.564,47.42,3607.55,3773.76,3232.29,9118,2994
Philippine Airlines,MNL-CEB,2024.0,10,36679.968,34.74,3607.55,3773.76,3232.29,9118,2994
AirAsia,MNL-CGY,2024.0,10,4687.200000000001,14.08,4519.77,3773.76,3998.33,9118,877
Cebu Pacific,MNL-CGY,2024.0,10,30679.4,47.42,4519.77,3773.76,3998.33,9118,877
Philippine Airlines,MNL-CGY,2024.0,10,17997.392,34.74,4519.77,3773.76,3998.33,9118,877
Philippine Airlines,MNL-CRM,2024.0,10,934.048,34.74,10000.0,3773.76,10000.0,9118,17
Philippine Airlines,MNL-CYP,2024.0,10,714.272,34.74,10000.0,3773.76,5039.27,9118,52
Cebu Pacific,MNL-CYZ,2024.0,10,4081.5840000000003,47.42,10000.0,3773.76,10000.0,9118,52
Cebu Pacific,MNL-DGT,2024.0,10,13971.576000000001,47.42,5199.64,3773.76,4753.63,9118,297
Philippine Airlines,MNL-DGT,2024.0,10,9317.856,34.74,5199.64,3773.76,4753.63,9118,297
Cebu Pacific,MNL-DPL,2024.0,10,4552.536,47.42,5000.67,3773.76,5000.06,9118,119
Philippine Airlines,MNL-DPL,2024.0,10,4658.928,34.74,5000.67,3773.76,5000.06,9118,119
Cebu Pacific,MNL-DRP,2024.0,10,9785.336000000001,47.42,5037.11,3773.76,4916.59,9118,290
Philippine Airlines,MNL-DRP,2024.0,10,11630.352,34.74,5037.11,3773.76,4916.59,9118,290
Cebu Pacific,MNL-DVO,2024.0,10,49958.048,47.42,5050.13,3773.76,4914.47,9118,1386
Philippine Airlines,MNL-DVO,2024.0,10,40863.792,34.74,5050.13,3773.76,4914.47,9118,1386
Philippine Airlines,MNL-EUQ,2024.0,10,769.216,34.74,10000.0,3773.76,10000.0,9118,26
Cebu Pacific,MNL-GES,2024.0,10,19785.048,47.42,5146.16,3773.76,5079.18,9118,337
Philippine Airlines,MNL-GES,2024.0,10,14007.488,34.74,5146.16,3773.76,5079.18,9118,337
Philippine Airlines,MNL-IAO,2024.0,10,5109.792,34.74,10000.0,3773.76,5056.84,9118,474
AirAsia,MNL-ILO,2024.0,10,18436.32,14.08,3378.87,3773.76,3313.48,9118,879
Cebu Pacific,MNL-ILO,2024.0,10,24592.472,47.42,3378.87,3773.76,3313.48,9118,879
Philippine Airlines,MNL-ILO,2024.0,10,22434.928,34.74,3378.87,3773.76,3313.48,9118,879
AirAsia,MNL-KLO,2024.0,10,14374.080000000002,14.08,6346.43,3773.76,6402.77,9118,239
Cebu Pacific,MNL-KLO,2024.0,10,4552.536,47.42,6346.43,3773.76,6402.77,9118,239
Philippine Airlines,MNL-LAO,2024.0,10,4128.88,34.74,10000.0,3773.76,10000.0,9118,74
Cebu Pacific,MNL-MNL,2024.0,10,194.12,47.42,6561.27,3773.76,3773.76,9118,9118
Philippine Airlines,MNL-MNL,2024.0,10,54.944,34.74,6561.27,3773.76,3773.76,9118,9118
AirAsia,MNL-MPH,2024.0,10,15467.76,14.08,3139.19,3773.76,3596.39,9118,1033
Cebgo,MNL-MPH,2024.0,10,2005.344,3.75,3139.19,3773.76,3596.39,9118,1033
Cebu Pacific,MNL-MPH,2024.0,10,18524.112,47.42,3139.19,3773.76,3596.39,9118,1033
Philippine Airlines,MNL-MPH,2024.0,10,13396.640000000001,34.74,3139.19,3773.76,3596.39,9118,1033
Cebu Pacific,MNL-OZC,2024.0,10,7064.280000000001,47.42,10000.0,3773.76,6197.82,9118,133
Cebu Pacific,MNL-PAG,2024.0,10,4552.536,47.42,10000.0,3773.76,7198.72,9118,132
AirAsia,MNL-PPS,2024.0,10,4843.4400000000005,14.08,4583.64,3773.76,3814.65,9118,480
Cebu Pacific,MNL-PPS,2024.0,10,16376.976,47.42,4583.64,3773.76,3814.65,9118,480
Philippine Airlines,MNL-PPS,2024.0,10,5109.792,34.74,4583.64,3773.76,3814.65,9118,480
Cebu Pacific,MNL-RXS,2024.0,10,5023.488,47.42,10000.0,3773.76,5163.24,9118,136
AirAsia,MNL-TAC,2024.0,10,8749.44,14.08,3338.09,3773.76,3264.55,9118,657
Cebu Pacific,MNL-TAC,2024.0,10,9576.024000000001,47.42,3338.09,3773.76,3264.55,9118,657
Philippine Airlines,MNL-TAC,2024.0,10,9017.28,34.74,3338.09,3773.76,3264.55,9118,657
AirAsia,MNL-TAG,2024.0,10,7499.52,14.08,3435.43,3773.76,3434.83,9118,383
Cebu Pacific,MNL-TAG,2024.0,10,5980.584,47.42,3435.43,3773.76,3434.83,9118,383
Philippine Airlines,MNL-TAG,2024.0,10,9222.512,34.74,3435.43,3773.76,3434.83,9118,383
Cebu Pacific,MNL-TUG,2024.0,10,4081.5840000000003,47.42,10000.0,3773.76,7612.22,9118,139
Cebgo,MNL-USU,2024.0,10,1823.04,3.75,10000.0,3773.76,5635.69,9118,279
Cebu Pacific,MNL-VRC,2024.0,10,470.952,47.42,10000.0,3773.76,10000.0,9118,6
Cebgo,MNL-WNP,2024.0,10,2795.328,3.75,10000.0,3773.76,10000.0,9118,94
Cebu Pacific,MPH-CEB,2024.0,10,4709.52,47.42,7056.06,3596.39,3232.29,1033,2994
Philippine Airlines,MPH-CEB,2024.0,10,1029.392,34.74,7056.06,3596.39,3232.29,1033,2994
Cebu Pacific,MPH-CRK,2024.0,10,9105.072,47.42,10000.0,3596.39,8404.24,1033,228
Cebu Pacific,MPH-DVO,2024.0,10,784.9200000000001,47.42,10000.0,3596.39,4914.47,1033,1386
AirAsia,MPH-MNL,2024.0,10,19998.72,14.08,3191.96,3596.39,3773.76,1033,9118
Cebgo,MPH-MNL,2024.0,10,1823.04,3.75,3191.96,3596.39,3773.76,1033,9118
Cebu Pacific,MPH-MNL,2024.0,10,23861.568000000003,47.42,3191.96,3596.39,3773.76,1033,9118
Philippine Airlines,MPH-MNL,2024.0,10,18491.888000000003,34.74,3191.96,3596.39,3773.76,1033,9118
Cebgo,MPH-MPH,2024.0,10,60.768,3.75,10000.0,3596.39,3596.39,1033,1033
Cebgo,OZC-CEB,2024.0,10,243.072,3.75,10000.0,6197.82,3232.29,133,2994
Cebu Pacific,OZC-MNL,2024.0,10,7535.232,47.42,5278.19,6197.82,3773.76,133,9118
Philippine Airlines,OZC-MNL,2024.0,10,4658.928,34.74,5278.19,6197.82,3773.76,133,9118
Cebgo,PAG-CEB,2024.0,10,2066.112,3.75,10000.0,7198.72,3232.29,132,2994
Cebu Pacific,PAG-MNL,2024.0,10,8948.088,47.42,10000.0,7198.72,3773.76,132,9118
Cebu Pacific,PPS-CEB,2024.0,10,2697.424,47.42,5421.52,3814.65,3232.29,480,2994
Philippine Airlines,PPS-CEB,2024.0,10,1483.488,34.74,5421.52,3814.65,3232.29,480,2994
AirAsia,PPS-MNL,2024.0,10,9374.400000000001,14.08,3480.63,3814.65,3773.76,480,9118
Cebu Pacific,PPS-MNL,2024.0,10,15448.576000000001,47.42,3480.63,3814.65,3773.76,480,9118
Philippine Airlines,PPS-MNL,2024.0,10,15185.552000000001,34.74,3480.63,3814.65,3773.76,480,9118
AirAsia,RXS-MNL,2024.0,10,2187.36,14.08,4326.98,5163.24,3773.76,136,9118
Cebu Pacific,RXS-MNL,2024.0,10,9262.056,47.42,4326.98,5163.24,3773.76,136,9118
Philippine Airlines,RXS-MNL,2024.0,10,4658.928,34.74,4326.98,5163.24,3773.76,136,9118
Cebgo,SUG-CEB,2024.0,10,2369.952,3.75,10000.0,10000.0,3232.29,66,2994
Cebgo,SWL-CEB,2024.0,10,243.072,3.75,10000.0,10000.0,3232.29,4,2994
Cebgo,TAC-CEB,2024.0,10,1033.056,3.75,5050.43,3264.55,3232.29,657,2994
Philippine Airlines,TAC-CEB,2024.0,10,1263.712,34.74,5050.43,3264.55,3232.29,657,2994
Cebu Pacific,TAC-DVO,2024.0,10,313.968,47.42,10000.0,3264.55,4914.47,657,1386
Cebu Pacific,TAC-ILO,2024.0,10,470.952,47.42,10000.0,3264.55,3313.48,657,879
AirAsia,TAC-MNL,2024.0,10,18748.800000000003,14.08,3583.64,3264.55,3773.76,657,9118
Cebu Pacific,TAC-MNL,2024.0,10,26844.264000000003,47.42,3583.64,3264.55,3773.76,657,9118
Philippine Airlines,TAC-MNL,2024.0,10,13695.6,34.74,3583.64,3264.55,3773.76,657,9118
Philippine Airlines,TAG-AAV,2024.0,10,150.288,34.74,10000.0,3434.83,10000.0,383,1
Philippine Airlines,TAG-DVO,2024.0,10,1098.88,34.74,10000.0,3434.83,4914.47,383,1386
AirAsia,TAG-MNL,2024.0,10,7343.280000000001,14.08,3790.62,3434.83,3773.76,383,9118
Cebu Pacific,TAG-MNL,2024.0,10,16893.504,47.42,3790.62,3434.83,3773.76,383,9118
Philippine Airlines,TAG-MNL,2024.0,10,9222.512,34.74,3790.62,3434.83,3773.76,383,9118
Cebu Pacific,TUG-MNL,2024.0,10,14599.512,47.42,7168.37,7612.22,3773.76,139,9118
Philippine Airlines,TUG-MNL,2024.0,10,3005.76,34.74,7168.37,7612.22,3773.76,139,9118
Cebgo,USU-CEB,2024.0,10,2369.952,3.75,5671.34,5635.69,3232.29,279,2994
Philippine Airlines,USU-CEB,2024.0,10,1098.88,34.74,5671.34,5635.69,3232.29,279,2994
Philippine Airlines,USU-CRK,2024.0,10,714.272,34.74,10000.0,5635.69,8404.24,279,228
Cebgo,USU-MNL,2024.0,10,5226.048,3.75,6555.69,5635.69,3773.76,279,9118
Philippine Airlines,USU-MNL,2024.0,10,1483.488,34.74,6555.69,5635.69,3773.76,279,9118
Cebu Pacific,VRC-MNL,2024.0,10,470.952,47.42,10000.0,10000.0,3773.76,6,9118
Cebgo,WNP-MNL,2024.0,10,2916.864,3.75,10000.0,10000.0,3773.76,94,9118
Cebu Pacific,ZAM-CEB,2024.0,10,4866.504,47.42,7298.05,6375.7,3232.29,277,2994
Philippine Airlines,ZAM-CEB,2024.0,10,934.048,34.74,7298.05,6375.7,3232.29,277,2994
Cebu Pacific,ZAM-DVO,2024.0,10,784.9200000000001,47.42,10000.0,6375.7,4914.47,277,1386
Cebu Pacific,ZAM-MNL,2024.0,10,23588.112,47.42,6412.99,6375.7,3773.76,277,9118
Philippine Airlines,ZAM-MNL,2024.0,10,7213.8240000000005,34.74,6412.99,6375.7,3773.76,277,9118
Cebu Pacific,ZAM-TWT,2024.0,10,2668.728,47.42,5187.17,6375.7,5027.87,277,38
Philippine Airlines,ZAM-TWT,2024.0,10,1803.4560000000001,34.74,5187.17,6375.7,5027.87,277,38
Cebgo,BCD-CEB,2024.0,11,1397.664,5.02,5197.67,3530.36,2944.71,745,3279
Philippine Airlines,BCD-CEB,2024.0,11,934.048,33.2,5197.67,3530.36,2944.71,745,3279
Cebu Pacific,BCD-DVO,2024.0,11,4709.52,48.21,10000.0,3530.36,5088.4,745,1643
AirAsia,BCD-MNL,2024.0,11,13280.400000000001,13.58,3585.49,3530.36,3768.57,745,9235
Cebu Pacific,BCD-MNL,2024.0,11,27132.912,48.21,3585.49,3530.36,3768.57,745,9235
Philippine Airlines,BCD-MNL,2024.0,11,21841.856,33.2,3585.49,3530.36,3768.57,745,9235
Philippine Airlines,BPA-CEB,2024.0,11,714.272,33.2,10000.0,10000.0,2944.71,25,3279
Philippine Airlines,BSO-CRK,2024.0,11,384.608,33.2,10000.0,10000.0,8649.7,27,253
Cebgo,BXU-CEB,2024.0,11,1701.504,5.02,6510.52,4595.73,2944.71,372,3279
Philippine Airlines,BXU-CEB,2024.0,11,494.49600000000004,33.2,6510.52,4595.73,2944.71,372,3279
Cebu Pacific,BXU-MNL,2024.0,11,14380.072,48.21,5316.06,4595.73,3768.57,372,9235
Philippine Airlines,BXU-MNL,2024.0,11,8601.968,33.2,5316.06,4595.73,3768.57,372,9235
Philippine Airlines,CBO-MNL,2024.0,11,6312.0960000000005,33.2,10000.0,10000.0,3768.57,92,9235
Philippine Airlines,CBO-TWT,2024.0,11,439.552,33.2,10000.0,10000.0,5739.96,92,49
Cebgo,CEB-BCD,2024.0,11,1458.432,5.02,5307.12,2944.71,3530.36,3279,745
Philippine Airlines,CEB-BCD,2024.0,11,879.104,33.2,5307.12,2944.71,3530.36,3279,745
Philippine Airlines,CEB-BPA,2024.0,11,659.328,33.2,10000.0,2944.71,10000.0,3279,25
Cebgo,CEB-BXU,2024.0,11,1701.504,5.02,6510.52,2944.71,4595.73,3279,372
Philippine Airlines,CEB-BXU,2024.0,11,494.49600000000004,33.2,6510.52,2944.71,4595.73,3279,372
Cebgo,CEB-CEB,2024.0,11,121.536,5.02,10000.0,2944.71,2944.71,3279,3279
Cebgo,CEB-CGM,2024.0,11,1640.736,5.02,10000.0,2944.71,10000.0,3279,54
Cebgo,CEB-CGY,2024.0,11,5043.744,5.02,5414.98,2944.71,3803.71,3279,968
Philippine Airlines,CEB-CGY,2024.0,11,2787.6000000000004,33.2,5414.98,2944.71,3803.71,3279,968
Cebu Pacific,CEB-CRK,2024.0,11,3924.6000000000004,48.21,10000.0,2944.71,8649.7,3279,253
Cebgo,CEB-CYP,2024.0,11,1640.736,5.02,10000.0,2944.71,5845.14,3279,76
Cebgo,CEB-DGT,2024.0,11,1762.272,5.02,10000.0,2944.71,4417.1,3279,319
Cebgo,CEB-DPL,2024.0,11,1154.592,5.02,10000.0,2944.71,4074.62,3279,158
Cebgo,CEB-DRP,2024.0,11,1640.736,5.02,10000.0,2944.71,4334.16,3279,341
Cebu Pacific,CEB-DVO,2024.0,11,4432.688,48.21,5370.0,2944.71,5088.4,3279,1643
Philippine Airlines,CEB-DVO,2024.0,11,7745.488,33.2,5370.0,2944.71,5088.4,3279,1643
Philippine Airlines,CEB-GES,2024.0,11,824.1600000000001,33.2,10000.0,2944.71,5154.14,3279,307
Cebgo,CEB-IAO,2024.0,11,5104.512,5.02,5423.97,2944.71,5001.64,3279,465
Philippine Airlines,CEB-IAO,2024.0,11,2802.1440000000002,33.2,5423.97,2944.71,5001.64,3279,465
Cebgo,CEB-ILO,2024.0,11,2613.024,5.02,10000.0,2944.71,3387.03,3279,998
AirAsia,CEB-MNL,2024.0,11,19842.48,13.58,3637.71,2944.71,3768.57,3279,9235
Cebgo,CEB-MNL,2024.0,11,243.072,5.02,3637.71,2944.71,3768.57,3279,9235
Cebu Pacific,CEB-MNL,2024.0,11,45188.604,48.21,3637.71,2944.71,3768.57,3279,9235
Philippine Airlines,CEB-MNL,2024.0,11,38034.176,33.2,3637.71,2944.71,3768.57,3279,9235
Cebu Pacific,CEB-MPH,2024.0,11,4709.52,48.21,5444.15,2944.71,3775.39,3279,1072
Philippine Airlines,CEB-MPH,2024.0,11,2546.8160000000003,33.2,5444.15,2944.71,3775.39,3279,1072
Cebgo,CEB-PAG,2024.0,11,486.144,5.02,10000.0,2944.71,8028.0,3279,119
Cebu Pacific,CEB-PPS,2024.0,11,5629.4800000000005,48.21,6496.2,2944.71,3944.69,3279,562
Philippine Airlines,CEB-PPS,2024.0,11,1648.3200000000002,33.2,6496.2,2944.71,3944.69,3279,562
Cebgo,CEB-SUG,2024.0,11,1215.3600000000001,5.02,10000.0,2944.71,10000.0,3279,63
Cebgo,CEB-TAC,2024.0,11,1336.896,5.02,5005.49,2944.71,3340.04,3279,692
Philippine Airlines,CEB-TAC,2024.0,11,1428.544,33.2,5005.49,2944.71,3340.04,3279,692
Cebgo,CEB-USU,2024.0,11,1336.896,5.02,5111.87,2944.71,5959.57,3279,285
Philippine Airlines,CEB-USU,2024.0,11,988.9920000000001,33.2,5111.87,2944.71,5959.57,3279,285
Cebgo,CGM-CEB,2024.0,11,1640.736,5.02,10000.0,10000.0,2944.71,54,3279
Cebgo,CGY-CEB,2024.0,11,4922.208,5.02,5464.41,3803.71,2944.71,968,3279
Philippine Airlines,CGY-CEB,2024.0,11,2622.768,33.2,5464.41,3803.71,2944.71,968,3279
Cebgo,CGY-DVO,2024.0,11,972.288,5.02,10000.0,3803.71,5088.4,968,1643
Cebu Pacific,CGY-ILO,2024.0,11,4709.52,48.21,10000.0,3803.71,3387.03,968,998
AirAsia,CGY-MNL,2024.0,11,4687.200000000001,13.58,4262.58,3803.71,3768.57,968,9235
Cebu Pacific,CGY-MNL,2024.0,11,25679.544,48.21,4262.58,3803.71,3768.57,968,9235
Philippine Airlines,CGY-MNL,2024.0,11,20025.472,33.2,4262.58,3803.71,3768.57,968,9235
Philippine Airlines,CRK-BSO,2024.0,11,384.608,33.2,10000.0,8649.7,10000.0,253,27
Cebu Pacific,CRK-CEB,2024.0,11,4395.552000000001,48.21,10000.0,8649.7,2944.71,253,3279
Cebu Pacific,CRK-CRK,2024.0,11,156.984,48.21,6159.14,8649.7,8649.7,253,253
Philippine Airlines,CRK-CRK,2024.0,11,54.944,33.2,6159.14,8649.7,8649.7,253,253
Cebu Pacific,CRK-DVO,2024.0,11,4552.536,48.21,10000.0,8649.7,5088.4,253,1643
Cebu Pacific,CRK-MNL,2024.0,11,156.984,48.21,10000.0,8649.7,3768.57,253,9235
Cebu Pacific,CRK-MPH,2024.0,11,7221.264,48.21,10000.0,8649.7,3775.39,253,1072
Philippine Airlines,CRK-USU,2024.0,11,824.1600000000001,33.2,10000.0,8649.7,5959.57,253,285
Cebgo,CYP-CEB,2024.0,11,1519.2,5.02,10000.0,5845.14,2944.71,76,3279
Philippine Airlines,CYP-MNL,2024.0,11,659.328,33.2,10000.0,5845.14,3768.57,76,9235
Cebu Pacific,CYZ-MNL,2024.0,11,5965.392000000001,48.21,10000.0,10000.0,3768.57,79,9235
Cebgo,DGT-CEB,2024.0,11,1579.968,5.02,10000.0,4417.1,2944.71,319,3279
Cebu Pacific,DGT-MNL,2024.0,11,9419.04,48.21,5015.81,4417.1,3768.57,319,9235
Philippine Airlines,DGT-MNL,2024.0,11,8416.128,33.2,5015.81,4417.1,3768.57,319,9235
Cebgo,DPL-CEB,2024.0,11,1154.592,5.02,10000.0,4074.62,2944.71,158,3279
Cebu Pacific,DPL-MNL,2024.0,11,4709.52,48.21,5002.37,4074.62,3768.57,158,9235
Philippine Airlines,DPL-MNL,2024.0,11,4508.64,33.2,5002.37,4074.62,3768.57,158,9235
Cebgo,DRP-CEB,2024.0,11,1640.736,5.02,10000.0,4334.16,2944.71,341,3279
Cebu Pacific,DRP-MNL,2024.0,11,10413.272,48.21,5005.18,4334.16,3768.57,341,9235
Philippine Airlines,DRP-MNL,2024.0,11,9763.872000000001,33.2,5005.18,4334.16,3768.57,341,9235
Cebu Pacific,DVO-BCD,2024.0,11,4552.536,48.21,10000.0,5088.4,3530.36,1643,745
Cebgo,DVO-CEB,2024.0,11,121.536,5.02,5265.37,5088.4,2944.71,1643,3279
Cebu Pacific,DVO-CEB,2024.0,11,4432.688,48.21,5265.37,5088.4,2944.71,1643,3279
Philippine Airlines,DVO-CEB,2024.0,11,7745.488,33.2,5265.37,5088.4,2944.71,1643,3279
Cebgo,DVO-CGY,2024.0,11,789.984,5.02,10000.0,5088.4,3803.71,1643,968
Cebu Pacific,DVO-CRK,2024.0,11,4552.536,48.21,10000.0,5088.4,8649.7,1643,253
Cebgo,DVO-IAO,2024.0,11,1762.272,5.02,10000.0,5088.4,5001.64,1643,465
Cebu Pacific,DVO-ILO,2024.0,11,4709.52,48.21,10000.0,5088.4,3387.03,1643,998
Cebu Pacific,DVO-MNL,2024.0,11,57480.62,48.21,5133.56,5088.4,3768.57,1643,9235
Philippine Airlines,DVO-MNL,2024.0,11,41330.816,33.2,5133.56,5088.4,3768.57,1643,9235
Cebu Pacific,DVO-MPH,2024.0,11,4709.52,48.21,10000.0,5088.4,3775.39,1643,1072
Philippine Airlines,DVO-TAG,2024.0,11,934.048,33.2,10000.0,5088.4,3375.51,1643,382
Philippine Airlines,EUQ-MNL,2024.0,11,659.328,33.2,10000.0,10000.0,3768.57,24,9235
Philippine Airlines,GES-CEB,2024.0,11,824.1600000000001,33.2,10000.0,5154.14,2944.71,307,3279
Cebu Pacific,GES-MNL,2024.0,11,19813.744,48.21,5215.91,5154.14,3768.57,307,9235
Philippine Airlines,GES-MNL,2024.0,11,12995.872,33.2,5215.91,5154.14,3768.57,307,9235
Cebgo,IAO-CEB,2024.0,11,4982.976,5.02,5418.26,5001.64,2944.71,465,3279
Philippine Airlines,IAO-CEB,2024.0,11,2747.2000000000003,33.2,5418.26,5001.64,2944.71,465,3279
Cebgo,IAO-DVO,2024.0,11,1701.504,5.02,10000.0,5001.64,5088.4,465,1643
Cebgo,IAO-IAO,2024.0,11,60.768,5.02,5012.67,5001.64,5001.64,465,465
Philippine Airlines,IAO-IAO,2024.0,11,54.944,33.2,5012.67,5001.64,5001.64,465,465
Philippine Airlines,IAO-MNL,2024.0,11,2802.1440000000002,33.2,10000.0,5001.64,3768.57,465,9235
Cebgo,ILO-CEB,2024.0,11,2613.024,5.02,10000.0,3387.03,2944.71,998,3279
Cebu Pacific,ILO-CGY,2024.0,11,4709.52,48.21,10000.0,3387.03,3803.71,998,968
Cebu Pacific,ILO-DVO,2024.0,11,4709.52,48.21,10000.0,3387.03,5088.4,998,1643
AirAsia,ILO-MNL,2024.0,11,22325.52,13.58,3361.18,3387.03,3768.57,998,9235
Cebu Pacific,ILO-MNL,2024.0,11,20970.024,48.21,3361.18,3387.03,3768.57,998,9235
Philippine Airlines,ILO-MNL,2024.0,11,17872.960000000003,33.2,3361.18,3387.03,3768.57,998,9235
Cebu Pacific,ILO-TAC,2024.0,11,2511.744,48.21,10000.0,3387.03,3340.04,998,692
AirAsia,KLO-MNL,2024.0,11,12811.68,13.58,6027.14,6078.64,3768.57,223,9235
Cebu Pacific,KLO-MNL,2024.0,11,4552.536,48.21,6027.14,6078.64,3768.57,223,9235
Philippine Airlines,KLO-MNL,2024.0,11,150.288,33.2,6027.14,6078.64,3768.57,223,9235
Philippine Airlines,LAO-MNL,2024.0,11,6777.504000000001,33.2,10000.0,10000.0,3768.57,73,9235
AirAsia,MNL-BCD,2024.0,11,8749.44,13.58,3517.39,3768.57,3530.36,9235,745
Cebu Pacific,MNL-BCD,2024.0,11,15857.072,48.21,3517.39,3768.57,3530.36,9235,745
Philippine Airlines,MNL-BCD,2024.0,11,12449.664,33.2,3517.39,3768.57,3530.36,9235,745
Philippine Airlines,MNL-BSO,2024.0,11,714.272,33.2,10000.0,3768.57,10000.0,9235,27
Cebu Pacific,MNL-BXU,2024.0,11,14380.072,48.21,5258.42,3768.57,4595.73,9235,372
Philippine Airlines,MNL-BXU,2024.0,11,9052.832,33.2,5258.42,3768.57,4595.73,9235,372
Philippine Airlines,MNL-CBO,2024.0,11,6312.0960000000005,33.2,10000.0,3768.57,10000.0,9235,92
AirAsia,MNL-CEB,2024.0,11,24685.920000000002,13.58,3430.02,3768.57,2944.71,9235,3279
Cebgo,MNL-CEB,2024.0,11,2005.344,5.02,3430.02,3768.57,2944.71,9235,3279
Cebu Pacific,MNL-CEB,2024.0,11,42970.572,48.21,3430.02,3768.57,2944.71,9235,3279
Philippine Airlines,MNL-CEB,2024.0,11,46954.496,33.2,3430.02,3768.57,2944.71,9235,3279
AirAsia,MNL-CGY,2024.0,11,4687.200000000001,13.58,4595.42,3768.57,3803.71,9235,968
Cebu Pacific,MNL-CGY,2024.0,11,30689.528000000002,48.21,4595.42,3768.57,3803.71,9235,968
Philippine Airlines,MNL-CGY,2024.0,11,16455.728000000003,33.2,4595.42,3768.57,3803.71,9235,968
Philippine Airlines,MNL-CRM,2024.0,11,934.048,33.2,10000.0,3768.57,10000.0,9235,17
Philippine Airlines,MNL-CYP,2024.0,11,659.328,33.2,10000.0,3768.57,5845.14,9235,76
Cebu Pacific,MNL-CYZ,2024.0,11,6436.344,48.21,10000.0,3768.57,10000.0,9235,79
Cebu Pacific,MNL-DGT,2024.0,11,13814.592,48.21,5237.91,3768.57,4417.1,9235,319
Philippine Airlines,MNL-DGT,2024.0,11,8866.992,33.2,5237.91,3768.57,4417.1,9235,319
Cebu Pacific,MNL-DPL,2024.0,11,4709.52,48.21,5002.37,3768.57,4074.62,9235,158
Philippine Airlines,MNL-DPL,2024.0,11,4508.64,33.2,5002.37,3768.57,4074.62,9235,158
Cebu Pacific,MNL-DRP,2024.0,11,10256.288,48.21,5003.02,3768.57,4334.16,9235,341
Philippine Airlines,MNL-DRP,2024.0,11,9763.872000000001,33.2,5003.02,3768.57,4334.16,9235,341
Cebu Pacific,MNL-DVO,2024.0,11,55348.676,48.21,5090.33,3768.57,5088.4,9235,1643
Philippine Airlines,MNL-DVO,2024.0,11,42232.544,33.2,5090.33,3768.57,5088.4,9235,1643
Philippine Airlines,MNL-EUQ,2024.0,11,659.328,33.2,10000.0,3768.57,10000.0,9235,24
Cebu Pacific,MNL-GES,2024.0,11,19813.744,48.21,5204.61,3768.57,5154.14,9235,307
Philippine Airlines,MNL-GES,2024.0,11,13146.16,33.2,5204.61,3768.57,5154.14,9235,307
Philippine Airlines,MNL-IAO,2024.0,11,4725.184,33.2,10000.0,3768.57,5001.64,9235,465
AirAsia,MNL-ILO,2024.0,11,17655.120000000003,13.58,3394.54,3768.57,3387.03,9235,998
Cebu Pacific,MNL-ILO,2024.0,11,24609.352000000003,48.21,3394.54,3768.57,3387.03,9235,998
Philippine Airlines,MNL-ILO,2024.0,11,20728.432,33.2,3394.54,3768.57,3387.03,9235,998
AirAsia,MNL-KLO,2024.0,11,12811.68,13.58,6131.17,3768.57,6078.64,9235,223
Cebu Pacific,MNL-KLO,2024.0,11,4552.536,48.21,6131.17,3768.57,6078.64,9235,223
Philippine Airlines,MNL-LAO,2024.0,11,3907.4880000000003,33.2,10000.0,3768.57,10000.0,9235,73
Cebu Pacific,MNL-MNL,2024.0,11,156.984,48.21,8091.31,3768.57,3768.57,9235,9235
Philippine Airlines,MNL-MNL,2024.0,11,1312.192,33.2,8091.31,3768.57,3768.57,9235,9235
AirAsia,MNL-MPH,2024.0,11,13592.880000000001,13.58,3256.35,3768.57,3775.39,9235,1072
Cebgo,MNL-MPH,2024.0,11,1762.272,5.02,3256.35,3768.57,3775.39,9235,1072
Cebu Pacific,MNL-MPH,2024.0,11,20721.888000000003,48.21,3256.35,3768.57,3775.39,9235,1072
Philippine Airlines,MNL-MPH,2024.0,11,13341.696000000002,33.2,3256.35,3768.57,3775.39,9235,1072
Cebu Pacific,MNL-OZC,2024.0,11,7221.264,48.21,10000.0,3768.57,5688.26,9235,143
Cebu Pacific,MNL-PAG,2024.0,11,4709.52,48.21,10000.0,3768.57,8028.0,9235,119
AirAsia,MNL-PPS,2024.0,11,4687.200000000001,13.58,4274.19,3768.57,3944.69,9235,562
Cebu Pacific,MNL-PPS,2024.0,11,16988.032,48.21,4274.19,3768.57,3944.69,9235,562
Philippine Airlines,MNL-PPS,2024.0,11,7806.896000000001,33.2,4274.19,3768.57,3944.69,9235,562
Cebu Pacific,MNL-RXS,2024.0,11,4709.52,48.21,10000.0,3768.57,5221.07,9235,132
AirAsia,MNL-TAC,2024.0,11,9374.400000000001,13.58,3338.37,3768.57,3340.04,9235,692
Cebu Pacific,MNL-TAC,2024.0,11,8948.088,48.21,3338.37,3768.57,3340.04,9235,692
Philippine Airlines,MNL-TAC,2024.0,11,8522.784000000001,33.2,3338.37,3768.57,3340.04,9235,692
AirAsia,MNL-TAG,2024.0,11,9374.400000000001,13.58,3458.22,3768.57,3375.51,9235,382
Cebu Pacific,MNL-TAG,2024.0,11,5786.464,48.21,3458.22,3768.57,3375.51,9235,382
Philippine Airlines,MNL-TAG,2024.0,11,8485.616,33.2,3458.22,3768.57,3375.51,9235,382
Cebu Pacific,MNL-TUG,2024.0,11,4081.5840000000003,48.21,10000.0,3768.57,7379.92,9235,143
Cebgo,MNL-USU,2024.0,11,1883.808,5.02,10000.0,3768.57,5959.57,9235,285
Cebu Pacific,MNL-VRC,2024.0,11,313.968,48.21,10000.0,3768.57,10000.0,9235,4
Cebgo,MNL-WNP,2024.0,11,2856.096,5.02,10000.0,3768.57,10000.0,9235,96
Cebu Pacific,MPH-CEB,2024.0,11,4709.52,48.21,5344.11,3775.39,2944.71,1072,3279
Philippine Airlines,MPH-CEB,2024.0,11,2752.0480000000002,33.2,5344.11,3775.39,2944.71,1072,3279
Cebu Pacific,MPH-CRK,2024.0,11,7064.280000000001,48.21,10000.0,3775.39,8649.7,1072,253
Cebu Pacific,MPH-DVO,2024.0,11,4709.52,48.21,10000.0,3775.39,5088.4,1072,1643
AirAsia,MPH-MNL,2024.0,11,17967.600000000002,13.58,3241.4,3775.39,3768.57,1072,9235
Cebgo,MPH-MNL,2024.0,11,1762.272,5.02,3241.4,3775.39,3768.57,1072,9235
Cebu Pacific,MPH-MNL,2024.0,11,25274.424000000003,48.21,3241.4,3775.39,3768.57,1072,9235
Philippine Airlines,MPH-MNL,2024.0,11,18451.488,33.2,3241.4,3775.39,3768.57,1072,9235
AirAsia,MPH-MPH,2024.0,11,156.24,13.58,5000.03,3775.39,3775.39,1072,1072
Cebu Pacific,MPH-MPH,2024.0,11,156.984,48.21,5000.03,3775.39,3775.39,1072,1072
Cebgo,OZC-CEB,2024.0,11,1215.3600000000001,5.02,10000.0,5688.26,2944.71,143,3279
Cebu Pacific,OZC-MNL,2024.0,11,7378.2480000000005,48.21,5291.39,5688.26,3768.57,143,9235
Philippine Airlines,OZC-MNL,2024.0,11,4508.64,33.2,5291.39,5688.26,3768.57,143,9235
Cebgo,PAG-CEB,2024.0,11,1276.128,5.02,10000.0,8028.0,2944.71,119,3279
Cebu Pacific,PAG-MNL,2024.0,11,9419.04,48.21,10000.0,8028.0,3768.57,119,9235
Cebu Pacific,PPS-CEB,2024.0,11,5629.4800000000005,48.21,6561.27,3944.69,2944.71,562,3279
Philippine Airlines,PPS-CEB,2024.0,11,1593.376,33.2,6561.27,3944.69,2944.71,562,3279
AirAsia,PPS-MNL,2024.0,11,9374.400000000001,13.58,3570.23,3944.69,3768.57,562,9235
Cebu Pacific,PPS-MNL,2024.0,11,16836.112,48.21,3570.23,3944.69,3768.57,562,9235
Philippine Airlines,PPS-MNL,2024.0,11,18522.592,33.2,3570.23,3944.69,3768.57,562,9235
AirAsia,RXS-MNL,2024.0,11,2031.1200000000001,13.58,4414.9,5221.07,3768.57,132,9235
Cebu Pacific,RXS-MNL,2024.0,11,9262.056,48.21,4414.9,5221.07,3768.57,132,9235
Philippine Airlines,RXS-MNL,2024.0,11,4508.64,33.2,4414.9,5221.07,3768.57,132,9235
Cebu Pacific,SIN-ILO,2024.0,11,470.952,48.21,10000.0,10000.0,3387.03,3,998
Cebgo,SUG-CEB,2024.0,11,2613.024,5.02,10000.0,10000.0,2944.71,63,3279
Cebgo,SWL-CEB,2024.0,11,911.52,5.02,10000.0,10000.0,2944.71,15,3279
Cebgo,TAC-CEB,2024.0,11,1579.968,5.02,5024.41,3340.04,2944.71,692,3279
Philippine Airlines,TAC-CEB,2024.0,11,1373.6000000000001,33.2,5024.41,3340.04,2944.71,692,3279
Cebu Pacific,TAC-DVO,2024.0,11,1883.808,48.21,10000.0,3340.04,5088.4,692,1643
Cebu Pacific,TAC-ILO,2024.0,11,2511.744,48.21,10000.0,3340.04,3387.03,692,998
AirAsia,TAC-MNL,2024.0,11,18510.24,13.58,3605.57,3340.04,3768.57,692,9235
Cebu Pacific,TAC-MNL,2024.0,11,26844.264000000003,48.21,3605.57,3340.04,3768.57,692,9235
Philippine Airlines,TAC-MNL,2024.0,11,13280.288,33.2,3605.57,3340.04,3768.57,692,9235
Philippine Airlines,TAG-DVO,2024.0,11,879.104,33.2,10000.0,3375.51,5088.4,382,1643
AirAsia,TAG-MNL,2024.0,11,8280.720000000001,13.58,3771.07,3375.51,3768.57,382,9235
Cebu Pacific,TAG-MNL,2024.0,11,17045.424,48.21,3771.07,3375.51,3768.57,382,9235
Philippine Airlines,TAG-MNL,2024.0,11,8485.616,33.2,3771.07,3375.51,3768.57,382,9235
Cebu Pacific,TUG-MNL,2024.0,11,14756.496000000001,48.21,6924.63,7379.92,3768.57,143,9235
Philippine Airlines,TUG-MNL,2024.0,11,3456.6240000000003,33.2,6924.63,7379.92,3768.57,143,9235
Cebgo,USU-CEB,2024.0,11,2187.648,5.02,6150.6,5959.57,2944.71,285,3279
Philippine Airlines,USU-CEB,2024.0,11,769.216,33.2,6150.6,5959.57,2944.71,285,3279
Philippine Airlines,USU-CRK,2024.0,11,824.1600000000001,33.2,10000.0,5959.57,8649.7,285,253
Cebgo,USU-MNL,2024.0,11,6684.4800000000005,5.02,7247.62,5959.57,3768.57,285,9235
Philippine Airlines,USU-MNL,2024.0,11,1318.656,33.2,7247.62,5959.57,3768.57,285,9235
Cebu Pacific,VRC-MNL,2024.0,11,313.968,48.21,10000.0,10000.0,3768.57,4,9235
Cebgo,WNP-MNL,2024.0,11,2977.632,5.02,10000.0,10000.0,3768.57,96,9235
Cebu Pacific,ZAM-CEB,2024.0,11,4709.52,48.21,7348.83,6806.65,2944.71,297,3279
Philippine Airlines,ZAM-CEB,2024.0,11,879.104,33.2,7348.83,6806.65,2944.71,297,3279
Cebu Pacific,ZAM-DVO,2024.0,11,4238.568,48.21,10000.0,6806.65,5088.4,297,1643
Cebu Pacific,ZAM-MNL,2024.0,11,23652.256,48.21,6541.74,6806.65,3768.57,297,9235
Philippine Airlines,ZAM-MNL,2024.0,11,6762.960000000001,33.2,6541.74,6806.65,3768.57,297,9235
Cebu Pacific,ZAM-TWT,2024.0,11,4709.52,48.21,6153.71,6806.65,5739.96,297,49
Philippine Airlines,ZAM-TWT,2024.0,11,1653.1680000000001,33.2,6153.71,6806.65,5739.96,297,49
Cebgo,BCD-CEB,2024.0,12,1717.632,5.5,5015.14,3492.01,2960.08,807,3737
Philippine Airlines,BCD-CEB,2024.0,12,1538.432,34.48,5015.14,3492.01,2960.08,807,3737
Cebu Pacific,BCD-DVO,2024.0,12,4912.6320000000005,46.5,10000.0,3492.01,4906.76,807,1712
AirAsia,BCD-MNL,2024.0,12,14061.6,13.52,3576.8,3492.01,3738.25,807,9642
Cebu Pacific,BCD-MNL,2024.0,12,28369.896,46.5,3576.8,3492.01,3738.25,807,9642
Philippine Airlines,BCD-MNL,2024.0,12,23574.208000000002,34.48,3576.8,3492.01,3738.25,807,9642
Philippine Airlines,BPA-CEB,2024.0,12,549.44,34.48,10000.0,10000.0,2960.08,21,3737
Philippine Airlines,BSO-CRK,2024.0,12,988.9920000000001,34.48,10000.0,10000.0,7739.89,63,319
Cebgo,BXU-CEB,2024.0,12,2760.48,5.5,5280.48,4314.78,2960.08,463,3737
Philippine Airlines,BXU-CEB,2024.0,12,1703.2640000000001,34.48,5280.48,4314.78,2960.08,463,3737
Cebu Pacific,BXU-MNL,2024.0,12,15504.696,46.5,5310.61,4314.78,3738.25,463,9642
Philippine Airlines,BXU-MNL,2024.0,12,9317.856,34.48,5310.61,4314.78,3738.25,463,9642
Philippine Airlines,CBO-MNL,2024.0,12,6462.384,34.48,10000.0,10000.0,3738.25,97,9642
Philippine Airlines,CBO-TWT,2024.0,12,439.552,34.48,10000.0,10000.0,5643.98,97,50
Cebgo,CEB-BCD,2024.0,12,1717.632,5.5,5015.14,2960.08,3492.01,3737,807
Philippine Airlines,CEB-BCD,2024.0,12,1538.432,34.48,5015.14,2960.08,3492.01,3737,807
Philippine Airlines,CEB-BPA,2024.0,12,604.384,34.48,10000.0,2960.08,10000.0,3737,21
Cebgo,CEB-BXU,2024.0,12,2760.48,5.5,5318.17,2960.08,4314.78,3737,463
Philippine Airlines,CEB-BXU,2024.0,12,1648.3200000000002,34.48,5318.17,2960.08,4314.78,3737,463
Cebgo,CEB-CEB,2024.0,12,306.72,5.5,5196.49,2960.08,2960.08,3737,3737
Philippine Airlines,CEB-CEB,2024.0,12,205.23200000000003,34.48,5196.49,2960.08,2960.08,3737,3737
Cebgo,CEB-CGM,2024.0,12,1778.976,5.5,10000.0,2960.08,10000.0,3737,57
Cebgo,CEB-CGY,2024.0,12,7852.032,5.5,5893.06,2960.08,3598.75,3737,1116
Philippine Airlines,CEB-CGY,2024.0,12,3186.752,34.48,5893.06,2960.08,3598.75,3737,1116
Cebu Pacific,CEB-CRK,2024.0,12,4912.6320000000005,46.5,10000.0,2960.08,7739.89,3737,319
Cebgo,CEB-CYP,2024.0,12,1901.664,5.5,10000.0,2960.08,5851.12,3737,82
Cebgo,CEB-DGT,2024.0,12,1840.32,5.5,10000.0,2960.08,4383.4,3737,338
Cebgo,CEB-DPL,2024.0,12,1717.632,5.5,10000.0,2960.08,3814.04,3737,174
Cebgo,CEB-DRP,2024.0,12,1717.632,5.5,10000.0,2960.08,4359.29,3737,349
Cebgo,CEB-DVO,2024.0,12,61.344,5.5,6328.26,2960.08,4906.76,3737,1712
Cebu Pacific,CEB-DVO,2024.0,12,3486.384,46.5,6328.26,2960.08,4906.76,3737,1712
Philippine Airlines,CEB-DVO,2024.0,12,11210.192000000001,34.48,6328.26,2960.08,4906.76,3737,1712
Philippine Airlines,CEB-GES,2024.0,12,1593.376,34.48,10000.0,2960.08,5097.41,3737,327
Cebgo,CEB-IAO,2024.0,12,5520.96,5.5,5199.84,2960.08,5035.96,3737,546
Philippine Airlines,CEB-IAO,2024.0,12,3681.248,34.48,5199.84,2960.08,5035.96,3737,546
Cebgo,CEB-ILO,2024.0,12,2944.512,5.5,10000.0,2960.08,3349.97,3737,1044
AirAsia,CEB-MNL,2024.0,12,22186.08,13.52,3602.95,2960.08,3738.25,3737,9642
Cebu Pacific,CEB-MNL,2024.0,12,46376.064,46.5,3602.95,2960.08,3738.25,3737,9642
Philippine Airlines,CEB-MNL,2024.0,12,41298.496,34.48,3602.95,2960.08,3738.25,3737,9642
Cebu Pacific,CEB-MPH,2024.0,12,4912.6320000000005,46.5,5060.83,2960.08,3706.31,3737,1135
Philippine Airlines,CEB-MPH,2024.0,12,3936.576,34.48,5060.83,2960.08,3706.31,3737,1135
Cebgo,CEB-PAG,2024.0,12,122.688,5.5,10000.0,2960.08,8114.26,3737,120
Cebu Pacific,CEB-PPS,2024.0,12,6074.76,46.5,5214.15,2960.08,3920.67,3737,571
Philippine Airlines,CEB-PPS,2024.0,12,3991.5200000000004,34.48,5214.15,2960.08,3920.67,3737,571
Cebgo,CEB-SUG,2024.0,12,1533.6000000000001,5.5,10000.0,2960.08,10000.0,3737,66
Cebgo,CEB-TAC,2024.0,12,1594.944,5.5,5005.39,2960.08,3373.08,3737,736
Philippine Airlines,CEB-TAC,2024.0,12,1703.2640000000001,34.48,5005.39,2960.08,3373.08,3737,736
Cebgo,CEB-USU,2024.0,12,1717.632,5.5,5000.09,2960.08,5506.74,3737,347
Philippine Airlines,CEB-USU,2024.0,12,1703.2640000000001,34.48,5000.09,2960.08,5506.74,3737,347
Cebgo,CGM-CEB,2024.0,12,1717.632,5.5,10000.0,10000.0,2960.08,57,3737
Cebgo,CGY-CEB,2024.0,12,7852.032,5.5,5923.39,3598.75,2960.08,1116,3737
Philippine Airlines,CGY-CEB,2024.0,12,3131.808,34.48,5923.39,3598.75,2960.08,1116,3737
Cebgo,CGY-CGY,2024.0,12,61.344,5.5,10000.0,3598.75,3598.75,1116,1116
Cebgo,CGY-DVO,2024.0,12,981.504,5.5,10000.0,3598.75,4906.76,1116,1712
Cebu Pacific,CGY-ILO,2024.0,12,4912.6320000000005,46.5,10000.0,3598.75,3349.97,1116,1044
AirAsia,CGY-MNL,2024.0,12,4843.4400000000005,13.52,4280.13,3598.75,3738.25,1116,9642
Cebu Pacific,CGY-MNL,2024.0,12,27589.464,46.5,4280.13,3598.75,3738.25,1116,9642
Philippine Airlines,CGY-MNL,2024.0,12,22184.448,34.48,4280.13,3598.75,3738.25,1116,9642
Philippine Airlines,CRK-BSO,2024.0,12,934.048,34.48,10000.0,7739.89,10000.0,319,63
Cebu Pacific,CRK-CEB,2024.0,12,4912.6320000000005,46.5,10000.0,7739.89,2960.08,319,3737
Philippine Airlines,CRK-CRK,2024.0,12,54.944,34.48,10000.0,7739.89,7739.89,319,319
Cebu Pacific,CRK-DVO,2024.0,12,4912.6320000000005,46.5,10000.0,7739.89,4906.76,319,1712
Philippine Airlines,CRK-IAO,2024.0,12,714.272,34.48,10000.0,7739.89,5035.96,319,546
Cebu Pacific,CRK-MPH,2024.0,12,7923.6,46.5,10000.0,7739.89,3706.31,319,1135
Philippine Airlines,CRK-USU,2024.0,12,934.048,34.48,10000.0,7739.89,5506.74,319,347
Cebgo,CYP-CEB,2024.0,12,1533.6000000000001,5.5,10000.0,5851.12,2960.08,82,3737
Philippine Airlines,CYP-MNL,2024.0,12,714.272,34.48,10000.0,5851.12,3738.25,82,9642
Cebu Pacific,CYZ-MNL,2024.0,12,6972.768,46.5,10000.0,10000.0,3738.25,92,9642
Cebgo,DGT-CEB,2024.0,12,1840.32,5.5,10000.0,4383.4,2960.08,338,3737
Cebgo,DGT-ILO,2024.0,12,61.344,5.5,10000.0,4383.4,3349.97,338,1044
Cebu Pacific,DGT-MNL,2024.0,12,9825.264000000001,46.5,5006.0,4383.4,3738.25,338,9642
Philippine Airlines,DGT-MNL,2024.0,12,9167.568000000001,34.48,5006.0,4383.4,3738.25,338,9642
Cebgo,DPL-CEB,2024.0,12,1656.288,5.5,10000.0,3814.04,2960.08,174,3737
Cebu Pacific,DPL-MNL,2024.0,12,4754.16,46.5,5009.43,3814.04,3738.25,174,9642
Philippine Airlines,DPL-MNL,2024.0,12,4358.352000000001,34.48,5009.43,3814.04,3738.25,174,9642
Cebgo,DRP-CEB,2024.0,12,1594.944,5.5,10000.0,4359.29,2960.08,349,3737
Cebu Pacific,DRP-MNL,2024.0,12,10782.912,46.5,5006.92,4359.29,3738.25,349,9642
Philippine Airlines,DRP-MNL,2024.0,12,10009.504,34.48,5006.92,4359.29,3738.25,349,9642
Cebu Pacific,DVO-BCD,2024.0,12,4912.6320000000005,46.5,10000.0,4906.76,3492.01,1712,807
Cebgo,DVO-CEB,2024.0,12,61.344,5.5,6302.29,4906.76,2960.08,1712,3737
Cebu Pacific,DVO-CEB,2024.0,12,3486.384,46.5,6302.29,4906.76,2960.08,1712,3737
Philippine Airlines,DVO-CEB,2024.0,12,11059.904,34.48,6302.29,4906.76,2960.08,1712,3737
Cebgo,DVO-CGY,2024.0,12,1104.192,5.5,7891.03,4906.76,3598.75,1712,1116
Philippine Airlines,DVO-CGY,2024.0,12,150.288,34.48,7891.03,4906.76,3598.75,1712,1116
Cebu Pacific,DVO-CRK,2024.0,12,4912.6320000000005,46.5,10000.0,4906.76,7739.89,1712,319
Cebu Pacific,DVO-DVO,2024.0,12,158.472,46.5,10000.0,4906.76,4906.76,1712,1712
Cebgo,DVO-IAO,2024.0,12,1840.32,5.5,10000.0,4906.76,5035.96,1712,546
Cebu Pacific,DVO-ILO,2024.0,12,4595.688,46.5,10000.0,4906.76,3349.97,1712,1044
Cebu Pacific,DVO-MNL,2024.0,12,53716.044,46.5,5048.1,4906.76,3738.25,1712,9642
Philippine Airlines,DVO-MNL,2024.0,12,44120.032,34.48,5048.1,4906.76,3738.25,1712,9642
Cebu Pacific,DVO-MPH,2024.0,12,4754.16,46.5,10000.0,4906.76,3706.31,1712,1135
Philippine Airlines,DVO-TAG,2024.0,12,1593.376,34.48,10000.0,4906.76,3361.86,1712,425
Philippine Airlines,EUQ-MNL,2024.0,12,714.272,34.48,10000.0,10000.0,3738.25,26,9642
Philippine Airlines,GES-CEB,2024.0,12,1648.3200000000002,34.48,10000.0,5097.41,2960.08,327,3737
Cebu Pacific,GES-MNL,2024.0,12,18791.712,46.5,5196.96,5097.41,3738.25,327,9642
Philippine Airlines,GES-MNL,2024.0,12,12567.632,34.48,5196.96,5097.41,3738.25,327,9642
Cebgo,IAO-CEB,2024.0,12,5030.2080000000005,5.5,5143.83,5035.96,2960.08,546,3737
Philippine Airlines,IAO-CEB,2024.0,12,3571.36,34.48,5143.83,5035.96,2960.08,546,3737
Philippine Airlines,IAO-CRK,2024.0,12,659.328,34.48,10000.0,5035.96,7739.89,546,319
Cebgo,IAO-DVO,2024.0,12,1901.664,5.5,10000.0,5035.96,4906.76,546,1712
Cebgo,IAO-IAO,2024.0,12,61.344,5.5,6046.78,5035.96,5035.96,546,546
Philippine Airlines,IAO-IAO,2024.0,12,164.832,34.48,6046.78,5035.96,5035.96,546,546
Philippine Airlines,IAO-MNL,2024.0,12,3131.808,34.48,10000.0,5035.96,3738.25,546,9642
Cebgo,ILO-CEB,2024.0,12,2637.792,5.5,9600.24,3349.97,2960.08,1044,3737
Philippine Airlines,ILO-CEB,2024.0,12,54.944,34.48,9600.24,3349.97,2960.08,1044,3737
Cebu Pacific,ILO-CGY,2024.0,12,4912.6320000000005,46.5,10000.0,3349.97,3598.75,1044,1116
Cebu Pacific,ILO-DVO,2024.0,12,4754.16,46.5,9405.92,3349.97,4906.76,1044,1712
Philippine Airlines,ILO-DVO,2024.0,12,150.288,34.48,9405.92,3349.97,4906.76,1044,1712
AirAsia,ILO-MNL,2024.0,12,23427.600000000002,13.52,3381.84,3349.97,3738.25,1044,9642
Cebu Pacific,ILO-MNL,2024.0,12,20981.352000000003,46.5,3381.84,3349.97,3738.25,1044,9642
Philippine Airlines,ILO-MNL,2024.0,12,17378.464,34.48,3381.84,3349.97,3738.25,1044,9642
Cebu Pacific,ILO-TAC,2024.0,12,2852.496,46.5,10000.0,3349.97,3373.08,1044,736
AirAsia,KLO-MNL,2024.0,12,14061.6,13.52,6162.48,6172.74,3738.25,243,9642
Cebu Pacific,KLO-MNL,2024.0,12,4912.6320000000005,46.5,6162.48,6172.74,3738.25,243,9642
Philippine Airlines,LAO-MNL,2024.0,12,8731.248000000001,34.48,10000.0,10000.0,3738.25,91,9642
AirAsia,MNL-BCD,2024.0,12,9374.400000000001,13.52,3511.07,3738.25,3492.01,9642,807
Cebu Pacific,MNL-BCD,2024.0,12,16828.704,46.5,3511.07,3738.25,3492.01,9642,807
Philippine Airlines,MNL-BCD,2024.0,12,13367.552000000001,34.48,3511.07,3738.25,3492.01,9642,807
Philippine Airlines,MNL-BSO,2024.0,12,1538.432,34.48,10000.0,3738.25,10000.0,9642,63
Cebu Pacific,MNL-BXU,2024.0,12,15504.696,46.5,5349.95,3738.25,4314.78,9642,463
Philippine Airlines,MNL-BXU,2024.0,12,9017.28,34.48,5349.95,3738.25,4314.78,9642,463
Philippine Airlines,MNL-CBO,2024.0,12,6913.2480000000005,34.48,10000.0,3738.25,10000.0,9642,97
AirAsia,MNL-CEB,2024.0,12,26873.280000000002,13.52,3476.3,3738.25,2960.08,9642,3737
Cebgo,MNL-CEB,2024.0,12,1288.224,5.5,3476.3,3738.25,2960.08,9642,3737
Cebu Pacific,MNL-CEB,2024.0,12,44753.856,46.5,3476.3,3738.25,2960.08,9642,3737
Philippine Airlines,MNL-CEB,2024.0,12,51623.12,34.48,3476.3,3738.25,2960.08,9642,3737
AirAsia,MNL-CGY,2024.0,12,4843.4400000000005,13.52,4563.1,3738.25,3598.75,9642,1116
Cebu Pacific,MNL-CGY,2024.0,12,32684.424000000003,46.5,4563.1,3738.25,3598.75,9642,1116
Philippine Airlines,MNL-CGY,2024.0,12,18611.472,34.48,4563.1,3738.25,3598.75,9642,1116
Philippine Airlines,MNL-CRM,2024.0,12,988.9920000000001,34.48,10000.0,3738.25,10000.0,9642,18
Philippine Airlines,MNL-CYP,2024.0,12,714.272,34.48,10000.0,3738.25,5851.12,9642,82
Cebu Pacific,MNL-CYZ,2024.0,12,7606.656000000001,46.5,10000.0,3738.25,10000.0,9642,92
Cebu Pacific,MNL-DGT,2024.0,12,14737.896,46.5,5271.48,3738.25,4383.4,9642,338
Philippine Airlines,MNL-DGT,2024.0,12,9167.568000000001,34.48,5271.48,3738.25,4383.4,9642,338
Cebu Pacific,MNL-DPL,2024.0,12,4754.16,46.5,5003.51,3738.25,3814.04,9642,174
Philippine Airlines,MNL-DPL,2024.0,12,4508.64,34.48,5003.51,3738.25,3814.04,9642,174
Cebu Pacific,MNL-DRP,2024.0,12,11174.832,46.5,5007.07,3738.25,4359.29,9642,349
Philippine Airlines,MNL-DRP,2024.0,12,10365.024000000001,34.48,5007.07,3738.25,4359.29,9642,349
Cebu Pacific,MNL-DVO,2024.0,12,52122.804000000004,46.5,5015.89,3738.25,4906.76,9642,1712
Philippine Airlines,MNL-DVO,2024.0,12,46560.192,34.48,5015.89,3738.25,4906.76,9642,1712
Philippine Airlines,MNL-EUQ,2024.0,12,714.272,34.48,10000.0,3738.25,10000.0,9642,26
Cebu Pacific,MNL-GES,2024.0,12,18791.712,46.5,5196.96,3738.25,5097.41,9642,327
Philippine Airlines,MNL-GES,2024.0,12,12567.632,34.48,5196.96,3738.25,5097.41,9642,327
Philippine Airlines,MNL-IAO,2024.0,12,4999.904,34.48,10000.0,3738.25,5035.96,9642,546
AirAsia,MNL-ILO,2024.0,12,19061.280000000002,13.52,3365.76,3738.25,3349.97,9642,1044
Cebu Pacific,MNL-ILO,2024.0,12,24012.768,46.5,3365.76,3738.25,3349.97,9642,1044
Philippine Airlines,MNL-ILO,2024.0,12,23275.248000000003,34.48,3365.76,3738.25,3349.97,9642,1044
AirAsia,MNL-KLO,2024.0,12,14217.84,13.52,6182.96,3738.25,6172.74,9642,243
Cebu Pacific,MNL-KLO,2024.0,12,4912.6320000000005,46.5,6182.96,3738.25,6172.74,9642,243
Philippine Airlines,MNL-LAO,2024.0,12,4658.928,34.48,10000.0,3738.25,10000.0,9642,91
AirAsia,MNL-MNL,2024.0,12,468.72,13.52,3874.02,3738.25,3738.25,9642,9642
Cebgo,MNL-MNL,2024.0,12,61.344,5.5,3874.02,3738.25,3738.25,9642,9642
Cebu Pacific,MNL-MNL,2024.0,12,1342.752,46.5,3874.02,3738.25,3738.25,9642,9642
Philippine Airlines,MNL-MNL,2024.0,12,1743.6640000000002,34.48,3874.02,3738.25,3738.25,9642,9642
AirAsia,MNL-MPH,2024.0,12,14530.320000000002,13.52,3219.21,3738.25,3706.31,9642,1135
Cebgo,MNL-MPH,2024.0,12,1963.008,5.5,3219.21,3738.25,3706.31,9642,1135
Cebu Pacific,MNL-MPH,2024.0,12,21869.136000000002,46.5,3219.21,3738.25,3706.31,9642,1135
Philippine Airlines,MNL-MPH,2024.0,12,15379.472000000002,34.48,3219.21,3738.25,3706.31,9642,1135
Cebu Pacific,MNL-OZC,2024.0,12,7606.656000000001,46.5,10000.0,3738.25,5618.48,9642,152
Cebu Pacific,MNL-PAG,2024.0,12,4912.6320000000005,46.5,10000.0,3738.25,8114.26,9642,120
AirAsia,MNL-PPS,2024.0,12,4530.96,13.52,4297.76,3738.25,3920.67,9642,571
Cebu Pacific,MNL-PPS,2024.0,12,17578.464,46.5,4297.76,3738.25,3920.67,9642,571
Philippine Airlines,MNL-PPS,2024.0,12,8404.816,34.48,4297.76,3738.25,3920.67,9642,571
Cebu Pacific,MNL-RXS,2024.0,12,4912.6320000000005,46.5,10000.0,3738.25,5398.5,9642,128
AirAsia,MNL-TAC,2024.0,12,9374.400000000001,13.52,3333.86,3738.25,3373.08,9642,736
Cebu Pacific,MNL-TAC,2024.0,12,9666.792000000001,46.5,3333.86,3738.25,3373.08,9642,736
Philippine Airlines,MNL-TAC,2024.0,12,9523.088,34.48,3333.86,3738.25,3373.08,9642,736
AirAsia,MNL-TAG,2024.0,12,9686.880000000001,13.52,3453.61,3738.25,3361.86,9642,425
Cebu Pacific,MNL-TAG,2024.0,12,6074.76,46.5,3453.61,3738.25,3361.86,9642,425
Philippine Airlines,MNL-TAG,2024.0,12,9017.28,34.48,3453.61,3738.25,3361.86,9642,425
Cebu Pacific,MNL-TUG,2024.0,12,4595.688,46.5,10000.0,3738.25,7358.32,9642,171
Cebgo,MNL-USU,2024.0,12,1778.976,5.5,10000.0,3738.25,5506.74,9642,347
Cebgo,MNL-WNP,2024.0,12,3251.232,5.5,10000.0,3738.25,10000.0,9642,105
Cebu Pacific,MPH-CEB,2024.0,12,4754.16,46.5,5044.25,3706.31,2960.08,1135,3737
Philippine Airlines,MPH-CEB,2024.0,12,3936.5760000000005,34.48,5044.25,3706.31,2960.08,1135,3737
Cebu Pacific,MPH-CRK,2024.0,12,7765.128000000001,46.5,10000.0,3706.31,7739.89,1135,319
Cebu Pacific,MPH-DVO,2024.0,12,4754.16,46.5,10000.0,3706.31,4906.76,1135,1712
AirAsia,MPH-MNL,2024.0,12,19373.760000000002,13.52,3237.29,3706.31,3738.25,1135,9642
Cebgo,MPH-MNL,2024.0,12,1901.664,5.5,3237.29,3706.31,3738.25,1135,9642
Cebu Pacific,MPH-MNL,2024.0,12,26623.296000000002,46.5,3237.29,3706.31,3738.25,1135,9642
Philippine Airlines,MPH-MNL,2024.0,12,18986.384000000002,34.48,3237.29,3706.31,3738.25,1135,9642
Cebgo,OZC-CEB,2024.0,12,1656.288,5.5,10000.0,5618.48,2960.08,152,3737
Cebu Pacific,OZC-MNL,2024.0,12,7606.656000000001,46.5,5368.52,5618.48,3738.25,152,9642
Philippine Airlines,OZC-MNL,2024.0,12,4358.352000000001,34.48,5368.52,5618.48,3738.25,152,9642
Cebgo,PAG-CEB,2024.0,12,1594.944,5.5,10000.0,8114.26,2960.08,120,3737
Cebu Pacific,PAG-MNL,2024.0,12,9666.792000000001,46.5,10000.0,8114.26,3738.25,120,9642
Cebu Pacific,PPS-CEB,2024.0,12,6074.76,46.5,5242.6,3920.67,2960.08,571,3737
Philippine Airlines,PPS-CEB,2024.0,12,3881.6320000000005,34.48,5242.6,3920.67,2960.08,571,3737
AirAsia,PPS-MNL,2024.0,12,9686.880000000001,13.52,3534.39,3920.67,3738.25,571,9642
Cebu Pacific,PPS-MNL,2024.0,12,16678.752,46.5,3534.39,3920.67,3738.25,571,9642
Philippine Airlines,PPS-MNL,2024.0,12,17926.288,34.48,3534.39,3920.67,3738.25,571,9642
AirAsia,RXS-MNL,2024.0,12,1718.64,13.52,4535.18,5398.5,3738.25,128,9642
Cebu Pacific,RXS-MNL,2024.0,12,9032.904,46.5,4535.18,5398.5,3738.25,128,9642
Philippine Airlines,RXS-MNL,2024.0,12,4358.352000000001,34.48,4535.18,5398.5,3738.25,128,9642
Cebu Pacific,SIN-ILO,2024.0,12,1901.6640000000002,46.5,10000.0,10000.0,3349.97,12,1044
Cebgo,SUG-CEB,2024.0,12,2515.1040000000003,5.5,10000.0,10000.0,2960.08,66,3737
Cebgo,SWL-CEB,2024.0,12,1226.88,5.5,10000.0,10000.0,2960.08,20,3737
Cebgo,TAC-CEB,2024.0,12,1963.008,5.5,5025.1,3373.08,2960.08,736,3737
Philippine Airlines,TAC-CEB,2024.0,12,1703.2640000000001,34.48,5025.1,3373.08,2960.08,736,3737
Cebu Pacific,TAC-DVO,2024.0,12,2060.136,46.5,10000.0,3373.08,4906.76,736,1712
Cebu Pacific,TAC-ILO,2024.0,12,2852.496,46.5,10000.0,3373.08,3349.97,736,1044
AirAsia,TAC-MNL,2024.0,12,18584.16,13.52,3715.66,3373.08,3738.25,736,9642
Cebu Pacific,TAC-MNL,2024.0,12,29158.848,46.5,3715.66,3373.08,3738.25,736,9642
Philippine Airlines,TAC-MNL,2024.0,12,12671.056,34.48,3715.66,3373.08,3738.25,736,9642
Cebu Pacific,TAC-TAC,2024.0,12,158.472,46.5,10000.0,3373.08,3373.08,736,736
Philippine Airlines,TAG-DVO,2024.0,12,1593.376,34.48,10000.0,3361.86,4906.76,425,1712
AirAsia,TAG-MNL,2024.0,12,9686.880000000001,13.52,3722.9,3361.86,3738.25,425,9642
Cebu Pacific,TAG-MNL,2024.0,12,18111.816000000003,46.5,3722.9,3361.86,3738.25,425,9642
Philippine Airlines,TAG-MNL,2024.0,12,8866.992,34.48,3722.9,3361.86,3738.25,425,9642
Philippine Airlines,TBH-MNL,2024.0,12,150.288,34.48,10000.0,10000.0,3738.25,2,9642
Philippine Airlines,TBH-MPH,2024.0,12,150.288,34.48,10000.0,10000.0,3706.31,2,1135
Cebu Pacific,TUG-MNL,2024.0,12,18065.808,46.5,6935.37,7358.32,3738.25,171,9642
Philippine Airlines,TUG-MNL,2024.0,12,4208.064,34.48,6935.37,7358.32,3738.25,171,9642
Cebgo,USU-CEB,2024.0,12,2576.448,5.5,5277.91,5506.74,2960.08,347,3737
Philippine Airlines,USU-CEB,2024.0,12,1593.376,34.48,5277.91,5506.74,2960.08,347,3737
Philippine Airlines,USU-CRK,2024.0,12,934.048,34.48,10000.0,5506.74,7739.89,347,319
Cebgo,USU-MNL,2024.0,12,7422.624,5.5,6963.88,5506.74,3738.25,347,9642
Philippine Airlines,USU-MNL,2024.0,12,1703.2640000000001,34.48,6963.88,5506.74,3738.25,347,9642
Philippine Airlines,USU-USU,2024.0,12,54.944,34.48,10000.0,5506.74,5506.74,347,347
Cebgo,WNP-MNL,2024.0,12,3189.888,5.5,10000.0,10000.0,3738.25,105,9642
Cebu Pacific,ZAM-CEB,2024.0,12,4120.272,46.5,5977.95,6870.7,2960.08,308,3737
Philippine Airlines,ZAM-CEB,2024.0,12,1593.376,34.48,5977.95,6870.7,2960.08,308,3737
Cebu Pacific,ZAM-DVO,2024.0,12,4754.16,46.5,10000.0,6870.7,4906.76,308,1712
Cebu Pacific,ZAM-MNL,2024.0,12,25418.568000000003,46.5,6906.33,6870.7,3738.25,308,9642
Philippine Airlines,ZAM-MNL,2024.0,12,6011.52,34.48,6906.33,6870.7,3738.25,308,9642
Cebu Pacific,ZAM-TWT,2024.0,12,4754.16,46.5,6012.35,6870.7,5643.98,308,50
Philippine Airlines,ZAM-TWT,2024.0,12,1803.4560000000001,34.48,6012.35,6870.7,5643.98,308,50
Cebgo,BCD-CEB,2025.0,1,1930.68,4.97,5197.19,3407.96,2908.18,811,3504
Philippine Airlines,BCD-CEB,2025.0,1,1290.9119999999998,32.47,5197.19,3407.96,2908.18,811,3504
Cebu Pacific,BCD-DVO,2025.0,1,4665.8099999999995,48.15,10000.0,3407.96,5118.57,811,1660
AirAsia,BCD-MNL,2025.0,1,16667.46,14.41,3503.8,3407.96,3752.83,811,9617
Cebu Pacific,BCD-MNL,2025.0,1,28662.64,48.15,3503.8,3407.96,3752.83,811,9617
Philippine Airlines,BCD-MNL,2025.0,1,20740.02,32.47,3503.8,3407.96,3752.83,811,9617
Philippine Airlines,BPA-CEB,2025.0,1,699.2439999999999,32.47,10000.0,10000.0,2908.18,27,3504
Philippine Airlines,BSO-CRK,2025.0,1,806.8199999999999,32.47,10000.0,10000.0,7825.39,61,309
Cebgo,BXU-CEB,2025.0,1,1992.96,4.97,5039.55,4618.85,2908.18,431,3504
Philippine Airlines,BXU-CEB,2025.0,1,1667.4279999999999,32.47,5039.55,4618.85,2908.18,431,3504
Cebu Pacific,BXU-MNL,2025.0,1,16370.989999999998,48.15,5572.68,4618.85,3752.83,431,9617
Philippine Airlines,BXU-MNL,2025.0,1,8091.93,32.47,5572.68,4618.85,3752.83,431,9617
Philippine Airlines,CBO-MNL,2025.0,1,5149.41,32.47,10000.0,10000.0,3752.83,92,9617
Philippine Airlines,CBO-TWT,2025.0,1,484.092,32.47,10000.0,10000.0,5610.38,92,50
Cebgo,CEB-BCD,2025.0,1,1930.68,4.97,5197.19,2908.18,3407.96,3504,811
Philippine Airlines,CEB-BCD,2025.0,1,1290.9119999999998,32.47,5197.19,2908.18,3407.96,3504,811
Philippine Airlines,CEB-BPA,2025.0,1,753.0319999999999,32.47,10000.0,2908.18,10000.0,3504,27
Cebgo,CEB-BXU,2025.0,1,1992.96,4.97,5039.55,2908.18,4618.85,3504,431
Philippine Airlines,CEB-BXU,2025.0,1,1667.4279999999999,32.47,5039.55,2908.18,4618.85,3504,431
Cebgo,CEB-CGM,2025.0,1,1806.1200000000001,4.97,10000.0,2908.18,10000.0,3504,59
Cebgo,CEB-CGY,2025.0,1,4484.16,4.97,5146.48,2908.18,3832.73,3504,998
Philippine Airlines,CEB-CGY,2025.0,1,3173.4919999999997,32.47,5146.48,2908.18,3832.73,3504,998
Cebu Pacific,CEB-CRK,2025.0,1,4987.589999999999,48.15,10000.0,2908.18,7825.39,3504,309
Cebgo,CEB-CYP,2025.0,1,1743.8400000000001,4.97,10000.0,2908.18,5963.24,3504,81
Cebgo,CEB-DGT,2025.0,1,1868.4,4.97,8540.04,2908.18,4371.96,3504,330
Cebu Pacific,CEB-DGT,2025.0,1,160.89,48.15,8540.04,2908.18,4371.96,3504,330
Cebgo,CEB-DPL,2025.0,1,1681.56,4.97,10000.0,2908.18,3853.04,3504,174
Cebgo,CEB-DRP,2025.0,1,1681.56,4.97,10000.0,2908.18,4391.31,3504,355
Cebu Pacific,CEB-DVO,2025.0,1,3217.7999999999997,48.15,5616.32,2908.18,5118.57,3504,1660
Philippine Airlines,CEB-DVO,2025.0,1,6699.7699999999995,32.47,5616.32,2908.18,5118.57,3504,1660
Philippine Airlines,CEB-GES,2025.0,1,1344.6999999999998,32.47,10000.0,2908.18,5218.02,3504,323
Cebgo,CEB-IAO,2025.0,1,5854.32,4.97,5194.24,2908.18,5016.9,3504,566
Philippine Airlines,CEB-IAO,2025.0,1,3926.524,32.47,5194.24,2908.18,5016.9,3504,566
Cebgo,CEB-ILO,2025.0,1,1432.44,4.97,10000.0,2908.18,3480.53,3504,999
AirAsia,CEB-MNL,2025.0,1,22654.8,14.41,3620.83,2908.18,3752.83,3504,9617
Cebu Pacific,CEB-MNL,2025.0,1,48594.835,48.15,3620.83,2908.18,3752.83,3504,9617
Philippine Airlines,CEB-MNL,2025.0,1,37189.656,32.47,3620.83,2908.18,3752.83,3504,9617
Cebu Pacific,CEB-MPH,2025.0,1,4826.7,48.15,5614.6,2908.18,3750.63,3504,1127
Philippine Airlines,CEB-MPH,2025.0,1,2320.794,32.47,5614.6,2908.18,3750.63,3504,1127
Cebgo,CEB-PAG,2025.0,1,1183.32,4.97,10000.0,2908.18,6846.29,3504,150
Cebu Pacific,CEB-PPS,2025.0,1,6366.4,48.15,6946.32,2908.18,3875.69,3504,559
Philippine Airlines,CEB-PPS,2025.0,1,1474.424,32.47,6946.32,2908.18,3875.69,3504,559
Cebgo,CEB-SUG,2025.0,1,1743.8400000000001,4.97,10000.0,2908.18,8248.72,3504,69
Cebgo,CEB-TAC,2025.0,1,1619.28,4.97,4559.66,2908.18,3353.17,3504,722
Cebu Pacific,CEB-TAC,2025.0,1,160.89,48.15,4559.66,2908.18,3353.17,3504,722
Philippine Airlines,CEB-TAC,2025.0,1,1613.6399999999999,32.47,4559.66,2908.18,3353.17,3504,722
Cebgo,CEB-USU,2025.0,1,1930.68,4.97,5040.01,2908.18,5644.07,3504,351
Philippine Airlines,CEB-USU,2025.0,1,1613.6399999999999,32.47,5040.01,2908.18,5644.07,3504,351
Cebgo,CGM-CEB,2025.0,1,1868.4,4.97,10000.0,10000.0,2908.18,59,3504
Cebgo,CGY-CEB,2025.0,1,4421.88,4.97,5135.07,3832.73,2908.18,998,3504
Philippine Airlines,CGY-CEB,2025.0,1,3173.4919999999997,32.47,5135.07,3832.73,2908.18,998,3504
Cebgo,CGY-DVO,2025.0,1,1058.76,4.97,10000.0,3832.73,5118.57,998,1660
Cebu Pacific,CGY-ILO,2025.0,1,4826.7,48.15,10000.0,3832.73,3480.53,998,999
AirAsia,CGY-MNL,2025.0,1,5016.42,14.41,4248.15,3832.73,3752.83,998,9617
Cebu Pacific,CGY-MNL,2025.0,1,27320.16,48.15,4248.15,3832.73,3752.83,998,9617
Philippine Airlines,CGY-MNL,2025.0,1,22752.324,32.47,4248.15,3832.73,3752.83,998,9617
Philippine Airlines,CRK-BSO,2025.0,1,968.184,32.47,10000.0,7825.39,10000.0,309,61
Cebu Pacific,CRK-CEB,2025.0,1,4987.589999999999,48.15,10000.0,7825.39,2908.18,309,3504
Cebu Pacific,CRK-DVO,2025.0,1,4826.7,48.15,10000.0,7825.39,5118.57,309,1660
Philippine Airlines,CRK-IAO,2025.0,1,645.4559999999999,32.47,10000.0,7825.39,5016.9,309,566
Cebu Pacific,CRK-MPH,2025.0,1,7722.719999999999,48.15,10000.0,7825.39,3750.63,309,1127
Philippine Airlines,CRK-USU,2025.0,1,914.396,32.47,10000.0,7825.39,5644.07,309,351
Cebgo,CYP-CEB,2025.0,1,1806.1200000000001,4.97,10000.0,5963.24,2908.18,81,3504
Philippine Airlines,CYP-MNL,2025.0,1,591.668,32.47,10000.0,5963.24,3752.83,81,9617
Philippine Airlines,CYP-TAC,2025.0,1,147.126,32.47,10000.0,5963.24,3353.17,81,722
Cebu Pacific,CYZ-MNL,2025.0,1,7883.61,48.15,10000.0,10000.0,3752.83,98,9617
Cebgo,DGT-CEB,2025.0,1,1868.4,4.97,10000.0,4371.96,2908.18,330,3504
Cebu Pacific,DGT-MNL,2025.0,1,9492.509999999998,48.15,5003.93,4371.96,3752.83,330,9617
Philippine Airlines,DGT-MNL,2025.0,1,8974.686,32.47,5003.93,4371.96,3752.83,330,9617
Cebgo,DPL-CEB,2025.0,1,1619.28,4.97,10000.0,3853.04,2908.18,174,3504
Cebu Pacific,DPL-MNL,2025.0,1,4987.589999999999,48.15,5045.43,3853.04,3752.83,174,9617
Philippine Airlines,DPL-MNL,2025.0,1,4119.528,32.47,5045.43,3853.04,3752.83,174,9617
Cebgo,DRP-CEB,2025.0,1,1619.28,4.97,10000.0,4391.31,2908.18,355,3504
Cebu Pacific,DRP-MNL,2025.0,1,11565.05,48.15,5086.49,4391.31,3752.83,355,9617
Philippine Airlines,DRP-MNL,2025.0,1,8876.602,32.47,5086.49,4391.31,3752.83,355,9617
Cebu Pacific,DVO-BCD,2025.0,1,4826.7,48.15,10000.0,5118.57,3407.96,1660,811
Cebu Pacific,DVO-CEB,2025.0,1,3217.7999999999997,48.15,5616.32,5118.57,2908.18,1660,3504
Philippine Airlines,DVO-CEB,2025.0,1,6699.7699999999995,32.47,5616.32,5118.57,2908.18,1660,3504
Cebgo,DVO-CGY,2025.0,1,996.48,4.97,10000.0,5118.57,3832.73,1660,998
Cebu Pacific,DVO-CRK,2025.0,1,4665.8099999999995,48.15,10000.0,5118.57,7825.39,1660,309
Cebgo,DVO-IAO,2025.0,1,1930.68,4.97,10000.0,5118.57,5016.9,1660,566
Cebu Pacific,DVO-ILO,2025.0,1,4987.589999999999,48.15,10000.0,5118.57,3480.53,1660,999
Cebu Pacific,DVO-MNL,2025.0,1,60018.89,48.15,5171.26,5118.57,3752.83,1660,9617
Philippine Airlines,DVO-MNL,2025.0,1,41272.798,32.47,5171.26,5118.57,3752.83,1660,9617
Cebu Pacific,DVO-MPH,2025.0,1,4826.7,48.15,10000.0,5118.57,3750.63,1660,1127
Philippine Airlines,DVO-TAG,2025.0,1,1452.2759999999998,32.47,10000.0,5118.57,3358.27,1660,427
Philippine Airlines,EUQ-MNL,2025.0,1,645.4559999999999,32.47,10000.0,10000.0,3752.83,26,9617
Philippine Airlines,GES-CEB,2025.0,1,1344.6999999999998,32.47,10000.0,5218.02,2908.18,323,3504
Cebu Pacific,GES-MNL,2025.0,1,21450.27,48.15,5335.75,5218.02,3752.83,323,9617
Philippine Airlines,GES-MNL,2025.0,1,12621.196,32.47,5335.75,5218.02,3752.83,323,9617
Cebgo,IAO-CEB,2025.0,1,5605.2,4.97,5206.6,5016.9,2908.18,566,3504
Philippine Airlines,IAO-CEB,2025.0,1,3711.372,32.47,5206.6,5016.9,2908.18,566,3504
Philippine Airlines,IAO-CRK,2025.0,1,699.2439999999999,32.47,10000.0,5016.9,7825.39,566,309
Cebgo,IAO-DVO,2025.0,1,1930.68,4.97,10000.0,5016.9,5118.57,566,1660
Philippine Airlines,IAO-MNL,2025.0,1,3173.4919999999997,32.47,10000.0,5016.9,3752.83,566,9617
Cebgo,ILO-CEB,2025.0,1,1432.44,4.97,10000.0,3480.53,2908.18,999,3504
Cebu Pacific,ILO-CGY,2025.0,1,4665.8099999999995,48.15,10000.0,3480.53,3832.73,999,998
Cebu Pacific,ILO-DVO,2025.0,1,4987.589999999999,48.15,10000.0,3480.53,5118.57,999,1660
AirAsia,ILO-MNL,2025.0,1,24770.64,14.41,3446.01,3480.53,3752.83,999,9617
Cebu Pacific,ILO-MNL,2025.0,1,21453.73,48.15,3446.01,3480.53,3752.83,999,9617
Philippine Airlines,ILO-MNL,2025.0,1,15604.848,32.47,3446.01,3480.53,3752.83,999,9617
Cebu Pacific,ILO-TAC,2025.0,1,2574.24,48.15,10000.0,3480.53,3353.17,999,722
AirAsia,KLO-MNL,2025.0,1,15049.26,14.41,6260.81,6260.81,3752.83,248,9617
Cebu Pacific,KLO-MNL,2025.0,1,4987.589999999999,48.15,6260.81,6260.81,3752.83,248,9617
Philippine Airlines,LAO-MNL,2025.0,1,7425.908,32.47,10000.0,10000.0,3752.83,82,9617
AirAsia,MNL-BCD,2025.0,1,10032.84,14.41,3482.84,3752.83,3407.96,9617,811
Cebu Pacific,MNL-BCD,2025.0,1,17152.949999999997,48.15,3482.84,3752.83,3407.96,9617,811
Philippine Airlines,MNL-BCD,2025.0,1,14886.62,32.47,3482.84,3752.83,3407.96,9617,811
Philippine Airlines,MNL-BSO,2025.0,1,1506.0639999999999,32.47,10000.0,3752.83,10000.0,9617,61
Cebu Pacific,MNL-BXU,2025.0,1,16768.89,48.15,5481.28,3752.83,4618.85,9617,431
Philippine Airlines,MNL-BXU,2025.0,1,8827.56,32.47,5481.28,3752.83,4618.85,9617,431
Philippine Airlines,MNL-CBO,2025.0,1,7062.048000000001,32.47,10000.0,3752.83,10000.0,9617,92
AirAsia,MNL-CEB,2025.0,1,27833.039999999997,14.41,3470.27,3752.83,2908.18,9617,3504
Cebgo,MNL-CEB,2025.0,1,435.96000000000004,4.97,3470.27,3752.83,2908.18,9617,3504
Cebu Pacific,MNL-CEB,2025.0,1,44424.67,48.15,3470.27,3752.83,2908.18,9617,3504
Philippine Airlines,MNL-CEB,2025.0,1,48219.36,32.47,3470.27,3752.83,2908.18,9617,3504
AirAsia,MNL-CGY,2025.0,1,5016.42,14.41,4549.47,3752.83,3832.73,9617,998
Cebu Pacific,MNL-CGY,2025.0,1,32293.91,48.15,4549.47,3752.83,3832.73,9617,998
Philippine Airlines,MNL-CGY,2025.0,1,18018.98,32.47,4549.47,3752.83,3832.73,9617,998
Philippine Airlines,MNL-CRM,2025.0,1,860.608,32.47,10000.0,3752.83,10000.0,9617,16
Philippine Airlines,MNL-CYP,2025.0,1,645.4559999999999,32.47,10000.0,3752.83,5963.24,9617,81
Cebu Pacific,MNL-CYZ,2025.0,1,7883.61,48.15,10000.0,3752.83,10000.0,9617,98
Cebu Pacific,MNL-DGT,2025.0,1,14319.21,48.15,5281.45,3752.83,4371.96,9617,330
Philippine Airlines,MNL-DGT,2025.0,1,8827.56,32.47,5281.45,3752.83,4371.96,9617,330
Cebu Pacific,MNL-DPL,2025.0,1,4987.589999999999,48.15,5009.98,3752.83,3853.04,9617,174
Philippine Airlines,MNL-DPL,2025.0,1,4560.906,32.47,5009.98,3752.83,3853.04,9617,174
Cebu Pacific,MNL-DRP,2025.0,1,11764.0,48.15,5000.32,3752.83,4391.31,9617,355
Philippine Airlines,MNL-DRP,2025.0,1,11578.658,32.47,5000.32,3752.83,4391.31,9617,355
Cebu Pacific,MNL-DVO,2025.0,1,60302.61,48.15,5152.1,3752.83,5118.57,9617,1660
Philippine Airlines,MNL-DVO,2025.0,1,42391.272000000004,32.47,5152.1,3752.83,5118.57,9617,1660
Philippine Airlines,MNL-EUQ,2025.0,1,753.0319999999999,32.47,10000.0,3752.83,10000.0,9617,26
Cebu Pacific,MNL-GES,2025.0,1,21450.27,48.15,5321.87,3752.83,5218.02,9617,323
Philippine Airlines,MNL-GES,2025.0,1,12768.322,32.47,5321.87,3752.83,5218.02,9617,323
Philippine Airlines,MNL-IAO,2025.0,1,5056.072,32.47,10000.0,3752.83,5016.9,9617,566
AirAsia,MNL-ILO,2025.0,1,20389.32,14.41,3362.78,3752.83,3480.53,9617,999
Cebu Pacific,MNL-ILO,2025.0,1,25610.92,48.15,3362.78,3752.83,3480.53,9617,999
Philippine Airlines,MNL-ILO,2025.0,1,24128.664,32.47,3362.78,3752.83,3480.53,9617,999
AirAsia,MNL-KLO,2025.0,1,15049.26,14.41,6260.81,3752.83,6260.81,9617,248
Cebu Pacific,MNL-KLO,2025.0,1,4987.589999999999,48.15,6260.81,3752.83,6260.81,9617,248
Philippine Airlines,MNL-LAO,2025.0,1,4708.032,32.47,10000.0,3752.83,10000.0,9617,82
AirAsia,MNL-MNL,2025.0,1,200.1,14.41,4758.0,3752.83,3752.83,9617,9617
Cebu Pacific,MNL-MNL,2025.0,1,1676.37,48.15,4758.0,3752.83,3752.83,9617,9617
Philippine Airlines,MNL-MNL,2025.0,1,2515.38,32.47,4758.0,3752.83,3752.83,9617,9617
AirAsia,MNL-MPH,2025.0,1,15049.26,14.41,3225.46,3752.83,3750.63,9617,1127
Cebgo,MNL-MPH,2025.0,1,1930.68,4.97,3225.46,3752.83,3750.63,9617,1127
Cebu Pacific,MNL-MPH,2025.0,1,22041.929999999997,48.15,3225.46,3752.83,3750.63,9617,1127
Philippine Airlines,MNL-MPH,2025.0,1,14948.318000000001,32.47,3225.46,3752.83,3750.63,9617,1127
Cebu Pacific,MNL-OZC,2025.0,1,7722.719999999999,48.15,10000.0,3752.83,5737.37,9617,149
Cebu Pacific,MNL-PAG,2025.0,1,4987.589999999999,48.15,10000.0,3752.83,6846.29,9617,150
AirAsia,MNL-PPS,2025.0,1,5825.5199999999995,14.41,4062.73,3752.83,3875.69,9617,559
Cebu Pacific,MNL-PPS,2025.0,1,18121.75,48.15,4062.73,3752.83,3875.69,9617,559
Philippine Airlines,MNL-PPS,2025.0,1,9268.938,32.47,4062.73,3752.83,3875.69,9617,559
Cebu Pacific,MNL-RXS,2025.0,1,4987.589999999999,48.15,10000.0,3752.83,5416.7,9617,135
AirAsia,MNL-TAC,2025.0,1,10032.84,14.41,3334.19,3752.83,3353.17,9617,722
Cebu Pacific,MNL-TAC,2025.0,1,9653.4,48.15,3334.19,3752.83,3353.17,9617,722
Philippine Airlines,MNL-TAC,2025.0,1,9779.924,32.47,3334.19,3752.83,3353.17,9617,722
AirAsia,MNL-TAG,2025.0,1,10032.84,14.41,3463.03,3752.83,3358.27,9617,427
Cebu Pacific,MNL-TAG,2025.0,1,6167.45,48.15,3463.03,3752.83,3358.27,9617,427
Philippine Airlines,MNL-TAG,2025.0,1,9303.742,32.47,3463.03,3752.83,3358.27,9617,427
Cebu Pacific,MNL-TUG,2025.0,1,4987.589999999999,48.15,10000.0,3752.83,7754.84,9617,158
Cebgo,MNL-USU,2025.0,1,1868.4,4.97,10000.0,3752.83,5644.07,9617,351
Cebgo,MNL-WNP,2025.0,1,2740.32,4.97,10000.0,3752.83,10000.0,9617,87
Cebu Pacific,MPH-CEB,2025.0,1,4826.7,48.15,5614.6,3750.63,2908.18,1127,3504
Philippine Airlines,MPH-CEB,2025.0,1,2320.794,32.47,5614.6,3750.63,2908.18,1127,3504
Cebu Pacific,MPH-CRK,2025.0,1,7722.719999999999,48.15,10000.0,3750.63,7825.39,1127,309
Cebu Pacific,MPH-DVO,2025.0,1,4826.7,48.15,10000.0,3750.63,5118.57,1127,1660
AirAsia,MPH-MNL,2025.0,1,20065.68,14.41,3244.42,3750.63,3752.83,1127,9617
Cebgo,MPH-MNL,2025.0,1,1930.68,4.97,3244.42,3750.63,3752.83,1127,9617
Cebu Pacific,MPH-MNL,2025.0,1,26868.629999999997,48.15,3244.42,3750.63,3752.83,1127,9617
Philippine Airlines,MPH-MNL,2025.0,1,18238.878,32.47,3244.42,3750.63,3752.83,1127,9617
Cebgo,MPH-MPH,2025.0,1,62.28,4.97,10000.0,3750.63,3750.63,1127,1127
Cebgo,OZC-CEB,2025.0,1,1432.44,4.97,10000.0,5737.37,2908.18,149,3504
Cebu Pacific,OZC-MNL,2025.0,1,7722.719999999999,48.15,5371.67,5737.37,3752.83,149,9617
Philippine Airlines,OZC-MNL,2025.0,1,4413.78,32.47,5371.67,5737.37,3752.83,149,9617
Cebgo,PAG-CEB,2025.0,1,2428.92,4.97,10000.0,6846.29,2908.18,150,3504
Cebu Pacific,PAG-MNL,2025.0,1,9814.289999999999,48.15,10000.0,6846.29,3752.83,150,9617
Cebu Pacific,PPS-CEB,2025.0,1,6167.45,48.15,6750.62,3875.69,2908.18,559,3504
Philippine Airlines,PPS-CEB,2025.0,1,1582.0,32.47,6750.62,3875.69,2908.18,559,3504
AirAsia,PPS-MNL,2025.0,1,10680.119999999999,14.41,3487.55,3875.69,3752.83,559,9617
Cebu Pacific,PPS-MNL,2025.0,1,16962.649999999998,48.15,3487.55,3875.69,3752.83,559,9617
Philippine Airlines,PPS-MNL,2025.0,1,18175.598,32.47,3487.55,3875.69,3752.83,559,9617
AirAsia,RXS-MNL,2025.0,1,2103.66,14.41,4571.31,5416.7,3752.83,135,9617
Cebu Pacific,RXS-MNL,2025.0,1,9975.179999999998,48.15,4571.31,5416.7,3752.83,135,9617
Philippine Airlines,RXS-MNL,2025.0,1,4266.654,32.47,4571.31,5416.7,3752.83,135,9617
Cebu Pacific,SIN-ILO,2025.0,1,2451.41,48.15,10000.0,10000.0,3480.53,15,999
Philippine Airlines,SUG-BXU,2025.0,1,294.252,32.47,10000.0,8248.72,4618.85,69,431
Cebgo,SUG-CEB,2025.0,1,2366.64,4.97,8897.95,8248.72,2908.18,69,3504
Philippine Airlines,SUG-CEB,2025.0,1,147.126,32.47,8897.95,8248.72,2908.18,69,3504
Cebgo,SWL-CEB,2025.0,1,1183.32,4.97,10000.0,10000.0,2908.18,19,3504
AirAsia,TAC-CEB,2025.0,1,161.82,14.41,4575.76,3353.17,2908.18,722,3504
Cebgo,TAC-CEB,2025.0,1,1370.16,4.97,4575.76,3353.17,2908.18,722,3504
Philippine Airlines,TAC-CEB,2025.0,1,1667.4279999999999,32.47,4575.76,3353.17,2908.18,722,3504
Cebu Pacific,TAC-DVO,2025.0,1,1769.79,48.15,10000.0,3353.17,5118.57,722,1660
Cebu Pacific,TAC-ILO,2025.0,1,2574.24,48.15,10000.0,3353.17,3480.53,722,999
AirAsia,TAC-MNL,2025.0,1,19294.86,14.41,3691.6,3353.17,3752.83,722,9617
Cebu Pacific,TAC-MNL,2025.0,1,28477.53,48.15,3691.6,3353.17,3752.83,722,9617
Philippine Airlines,TAC-MNL,2025.0,1,12420.282000000001,32.47,3691.6,3353.17,3752.83,722,9617
Philippine Airlines,TAG-DVO,2025.0,1,1452.2759999999998,32.47,10000.0,3358.27,5118.57,427,1660
AirAsia,TAG-MNL,2025.0,1,10032.84,14.41,3703.53,3358.27,3752.83,427,9617
Cebu Pacific,TAG-MNL,2025.0,1,18426.23,48.15,3703.53,3358.27,3752.83,427,9617
Philippine Airlines,TAG-MNL,2025.0,1,9156.616,32.47,3703.53,3358.27,3752.83,427,9617
Philippine Airlines,TBH-MNL,2025.0,1,147.126,32.47,10000.0,10000.0,3752.83,2,9617
Philippine Airlines,TBH-MPH,2025.0,1,147.126,32.47,10000.0,10000.0,3750.63,2,1127
Cebu Pacific,TUG-MNL,2025.0,1,16893.449999999997,48.15,7301.25,7754.84,3752.83,158,9617
Philippine Airlines,TUG-MNL,2025.0,1,3236.772,32.47,7301.25,7754.84,3752.83,158,9617
Cebgo,USU-CEB,2025.0,1,3051.7200000000003,4.97,5475.08,5644.07,2908.18,351,3504
Philippine Airlines,USU-CEB,2025.0,1,1613.6399999999999,32.47,5475.08,5644.07,2908.18,351,3504
Philippine Airlines,USU-CRK,2025.0,1,914.396,32.47,10000.0,5644.07,7825.39,351,309
Cebgo,USU-MNL,2025.0,1,7286.76,4.97,7031.4,5644.07,3752.83,351,9617
Philippine Airlines,USU-MNL,2025.0,1,1613.6399999999999,32.47,7031.4,5644.07,3752.83,351,9617
Cebgo,WNP-MNL,2025.0,1,2678.04,4.97,10000.0,10000.0,3752.83,87,9617
Cebu Pacific,ZAM-CEB,2025.0,1,4420.15,48.15,6208.98,6809.37,2908.18,287,3504
Philippine Airlines,ZAM-CEB,2025.0,1,1506.0639999999999,32.47,6208.98,6809.37,2908.18,287,3504
Cebu Pacific,ZAM-DVO,2025.0,1,3378.6899999999996,48.15,10000.0,6809.37,5118.57,287,1660
Cebu Pacific,ZAM-MNL,2025.0,1,24341.1,48.15,6864.16,6809.37,3752.83,287,9617
Philippine Airlines,ZAM-MNL,2025.0,1,5885.04,32.47,6864.16,6809.37,3752.83,287,9617
Cebu Pacific,ZAM-TWT,2025.0,1,4665.8099999999995,48.15,6016.84,6809.37,5610.38,287,50
Philippine Airlines,ZAM-TWT,2025.0,1,1765.5120000000002,32.47,6016.84,6809.37,5610.38,287,50
Cebgo,BCD-CEB,2025.0,2,999.936,4.99,5203.95,3408.23,2886.12,690,2972
Philippine Airlines,BCD-CEB,2025.0,2,1506.0639999999999,33.22,5203.95,3408.23,2886.12,690,2972
Cebu Pacific,BCD-DVO,2025.0,2,4558.736,46.88,10000.0,3408.23,4931.57,690,1422
AirAsia,BCD-MNL,2025.0,2,15049.26,14.91,3421.64,3408.23,3694.98,690,8553
Cebu Pacific,BCD-MNL,2025.0,2,22602.719999999998,46.88,3421.64,3408.23,3694.98,690,8553
Philippine Airlines,BCD-MNL,2025.0,2,19422.214,33.22,3421.64,3408.23,3694.98,690,8553
Philippine Airlines,BPA-CEB,2025.0,2,484.092,33.22,10000.0,10000.0,2886.12,19,2972
Philippine Airlines,BSO-CRK,2025.0,2,753.0319999999999,33.22,10000.0,10000.0,7686.51,53,253
Cebgo,BXU-CEB,2025.0,2,1562.4,4.99,5001.69,4627.1,2886.12,376,2972
Philippine Airlines,BXU-CEB,2025.0,2,1506.0639999999999,33.22,5001.69,4627.1,2886.12,376,2972
Cebu Pacific,BXU-MNL,2025.0,2,14269.92,46.88,5570.85,4627.1,3694.98,376,8553
Philippine Airlines,BXU-MNL,2025.0,2,7062.048000000001,33.22,5570.85,4627.1,3694.98,376,8553
Philippine Airlines,CBO-MNL,2025.0,2,5443.662,33.22,10000.0,10000.0,3694.98,85,8553
Philippine Airlines,CBO-TWT,2025.0,2,376.51599999999996,33.22,10000.0,10000.0,5307.9,85,36
Cebgo,CEB-BCD,2025.0,2,937.44,4.99,5270.77,2886.12,3408.23,2972,690
Philippine Airlines,CEB-BCD,2025.0,2,1506.0639999999999,33.22,5270.77,2886.12,3408.23,2972,690
Philippine Airlines,CEB-BPA,2025.0,2,537.88,33.22,10000.0,2886.12,10000.0,2972,19
Cebgo,CEB-BXU,2025.0,2,1624.896,4.99,5007.2,2886.12,4627.1,2972,376
Philippine Airlines,CEB-BXU,2025.0,2,1506.0639999999999,33.22,5007.2,2886.12,4627.1,2972,376
Philippine Airlines,CEB-CEB,2025.0,2,53.788,33.22,10000.0,2886.12,2886.12,2972,2972
Cebgo,CEB-CGM,2025.0,2,1437.4080000000001,4.99,10000.0,2886.12,10000.0,2972,46
Cebgo,CEB-CGY,2025.0,2,4312.224,4.99,5347.07,2886.12,3711.5,2972,879
Philippine Airlines,CEB-CGY,2025.0,2,2513.798,33.22,5347.07,2886.12,3711.5,2972,879
Cebu Pacific,CEB-CRK,2025.0,2,3713.304,46.88,10000.0,2886.12,7686.51,2972,253
Cebgo,CEB-CYP,2025.0,2,1562.4,4.99,10000.0,2886.12,6086.43,2972,74
Cebgo,CEB-DGT,2025.0,2,1562.4,4.99,9317.62,2886.12,4405.48,2972,296
Cebu Pacific,CEB-DGT,2025.0,2,57.288,46.88,9317.62,2886.12,4405.48,2972,296
Cebgo,CEB-DPL,2025.0,2,1562.4,4.99,10000.0,2886.12,3825.36,2972,161
Cebgo,CEB-DRP,2025.0,2,1374.912,4.99,10000.0,2886.12,4445.96,2972,316
Cebu Pacific,CEB-DVO,2025.0,2,1975.568,46.88,5825.41,2886.12,4931.57,2972,1422
Philippine Airlines,CEB-DVO,2025.0,2,4679.556,33.22,5825.41,2886.12,4931.57,2972,1422
Philippine Airlines,CEB-GES,2025.0,2,699.2439999999999,33.22,10000.0,2886.12,5383.61,2972,245
Cebgo,CEB-IAO,2025.0,2,5249.664,4.99,5216.15,2886.12,5009.33,2972,501
Philippine Airlines,CEB-IAO,2025.0,2,3442.432,33.22,5216.15,2886.12,5009.33,2972,501
Cebgo,CEB-ILO,2025.0,2,1124.928,4.99,10000.0,2886.12,3447.11,2972,838
AirAsia,CEB-MNL,2025.0,2,19580.219999999998,14.91,3573.53,2886.12,3694.98,2972,8553
Cebu Pacific,CEB-MNL,2025.0,2,39128.572,46.88,3573.53,2886.12,3694.98,2972,8553
Philippine Airlines,CEB-MNL,2025.0,2,34484.436,33.22,3573.53,2886.12,3694.98,2972,8553
Cebu Pacific,CEB-MPH,2025.0,2,4520.544,46.88,6250.98,2886.12,3745.18,2972,1011
Philippine Airlines,CEB-MPH,2025.0,2,1506.0639999999999,33.22,6250.98,2886.12,3745.18,2972,1011
Cebgo,CEB-PAG,2025.0,2,1437.4080000000001,4.99,10000.0,2886.12,6459.39,2972,147
Cebu Pacific,CEB-PPS,2025.0,2,5589.92,46.88,8144.0,2886.12,3740.51,2972,511
Philippine Airlines,CEB-PPS,2025.0,2,645.4559999999999,33.22,8144.0,2886.12,3740.51,2972,511
Cebgo,CEB-SUG,2025.0,2,1374.912,4.99,10000.0,2886.12,7295.73,2972,53
Cebgo,CEB-TAC,2025.0,2,1249.92,4.99,5043.19,2886.12,3419.62,2972,636
Philippine Airlines,CEB-TAC,2025.0,2,1506.0639999999999,33.22,5043.19,2886.12,3419.62,2972,636
Cebgo,CEB-USU,2025.0,2,1749.8880000000001,4.99,5028.04,2886.12,5685.46,2972,316
Philippine Airlines,CEB-USU,2025.0,2,1506.0639999999999,33.22,5028.04,2886.12,5685.46,2972,316
Cebgo,CGM-CEB,2025.0,2,1437.4080000000001,4.99,10000.0,10000.0,2886.12,46,2972
Cebgo,CGY-CEB,2025.0,2,4249.728,4.99,5280.81,3711.5,2886.12,879,2972
Philippine Airlines,CGY-CEB,2025.0,2,2621.374,33.22,5280.81,3711.5,2886.12,879,2972
Cebgo,CGY-CGY,2025.0,2,62.496,4.99,10000.0,3711.5,3711.5,879,879
Cebgo,CGY-DVO,2025.0,2,999.936,4.99,10000.0,3711.5,4931.57,879,1422
Cebu Pacific,CGY-ILO,2025.0,2,3228.96,46.88,10000.0,3711.5,3447.11,879,838
AirAsia,CGY-MNL,2025.0,2,4530.96,14.91,4237.97,3711.5,3694.98,879,8553
Cebu Pacific,CGY-MNL,2025.0,2,24255.392,46.88,4237.97,3711.5,3694.98,879,8553
Philippine Airlines,CGY-MNL,2025.0,2,20134.114,33.22,4237.97,3711.5,3694.98,879,8553
Philippine Airlines,CRK-BSO,2025.0,2,699.2439999999999,33.22,10000.0,7686.51,10000.0,253,53
Cebu Pacific,CRK-CEB,2025.0,2,3551.856,46.88,10000.0,7686.51,2886.12,253,2972
Cebu Pacific,CRK-DVO,2025.0,2,3228.96,46.88,10000.0,7686.51,4931.57,253,1422
Philippine Airlines,CRK-IAO,2025.0,2,591.668,33.22,10000.0,7686.51,5009.33,253,501
Cebu Pacific,CRK-MPH,2025.0,2,7103.712,46.88,10000.0,7686.51,3745.18,253,1011
Philippine Airlines,CRK-USU,2025.0,2,806.8199999999999,33.22,10000.0,7686.51,5685.46,253,316
Cebgo,CYP-CEB,2025.0,2,1437.4080000000001,4.99,10000.0,6086.43,2886.12,74,2972
Cebgo,CYP-CYP,2025.0,2,124.992,4.99,10000.0,6086.43,6086.43,74,74
Philippine Airlines,CYP-MNL,2025.0,2,537.88,33.22,10000.0,6086.43,3694.98,74,8553
Cebu Pacific,CYZ-MNL,2025.0,2,7103.712,46.88,10000.0,10000.0,3694.98,88,8553
Cebgo,DGT-CEB,2025.0,2,1624.896,4.99,10000.0,4405.48,2886.12,296,2972
Cebu Pacific,DGT-MNL,2025.0,2,8556.744,46.88,5006.88,4405.48,3694.98,296,8553
Philippine Airlines,DGT-MNL,2025.0,2,7944.804,33.22,5006.88,4405.48,3694.98,296,8553
Cebgo,DPL-CEB,2025.0,2,1562.4,4.99,10000.0,3825.36,2886.12,161,2972
Cebu Pacific,DPL-MNL,2025.0,2,4520.544,46.88,5010.77,3825.36,3694.98,161,8553
Philippine Airlines,DPL-MNL,2025.0,2,4119.528,33.22,5010.77,3825.36,3694.98,161,8553
Cebgo,DRP-CEB,2025.0,2,1374.912,4.99,10000.0,4445.96,2886.12,316,2972
Cebu Pacific,DRP-MNL,2025.0,2,10560.088,46.88,5130.72,4445.96,3694.98,316,8553
Philippine Airlines,DRP-MNL,2025.0,2,7620.494,33.22,5130.72,4445.96,3694.98,316,8553
Cebu Pacific,DVO-BCD,2025.0,2,4596.928,46.88,10000.0,4931.57,3408.23,1422,690
Cebu Pacific,DVO-CEB,2025.0,2,1975.568,46.88,5766.55,4931.57,2886.12,1422,2972
Philippine Airlines,DVO-CEB,2025.0,2,4518.192,33.22,5766.55,4931.57,2886.12,1422,2972
Cebgo,DVO-CGY,2025.0,2,937.44,4.99,10000.0,4931.57,3711.5,1422,879
Cebu Pacific,DVO-CRK,2025.0,2,3228.96,46.88,10000.0,4931.57,7686.51,1422,253
Cebgo,DVO-IAO,2025.0,2,1687.392,4.99,10000.0,4931.57,5009.33,1422,501
Cebu Pacific,DVO-ILO,2025.0,2,4520.544,46.88,10000.0,4931.57,3447.11,1422,838
Cebu Pacific,DVO-MNL,2025.0,2,47264.335999999996,46.88,5035.89,4931.57,3694.98,1422,8553
Philippine Airlines,DVO-MNL,2025.0,2,39880.638,33.22,5035.89,4931.57,3694.98,1422,8553
Cebu Pacific,DVO-MPH,2025.0,2,3228.96,46.88,10000.0,4931.57,3745.18,1422,1011
Philippine Airlines,DVO-TAG,2025.0,2,860.608,33.22,10000.0,4931.57,3357.94,1422,356
Philippine Airlines,EUQ-MNL,2025.0,2,484.092,33.22,10000.0,10000.0,3694.98,21,8553
Philippine Airlines,GES-CEB,2025.0,2,753.0319999999999,33.22,10000.0,5383.61,2886.12,245,2972
Cebu Pacific,GES-MNL,2025.0,2,18214.98,46.88,5481.56,5383.61,3694.98,245,8553
Philippine Airlines,GES-MNL,2025.0,2,9586.92,33.22,5481.56,5383.61,3694.98,245,8553
Cebgo,IAO-CEB,2025.0,2,4937.184,4.99,5236.43,5009.33,2886.12,501,2972
Philippine Airlines,IAO-CEB,2025.0,2,3173.4919999999997,33.22,5236.43,5009.33,2886.12,501,2972
Philippine Airlines,IAO-CRK,2025.0,2,591.668,33.22,10000.0,5009.33,7686.51,501,253
Cebgo,IAO-DVO,2025.0,2,1687.392,4.99,10000.0,5009.33,4931.57,501,1422
Cebgo,IAO-IAO,2025.0,2,124.992,4.99,5080.67,5009.33,5009.33,501,501
Philippine Airlines,IAO-IAO,2025.0,2,161.36399999999998,33.22,5080.67,5009.33,5009.33,501,501
Philippine Airlines,IAO-MNL,2025.0,2,2687.8179999999998,33.22,10000.0,5009.33,3694.98,501,8553
Philippine Airlines,ILO-BCD,2025.0,2,147.126,33.22,10000.0,3447.11,3408.23,838,690
Cebgo,ILO-CEB,2025.0,2,1124.928,4.99,10000.0,3447.11,2886.12,838,2972
Cebu Pacific,ILO-CGY,2025.0,2,3067.512,46.88,10000.0,3447.11,3711.5,838,879
Cebu Pacific,ILO-DVO,2025.0,2,4520.544,46.88,10000.0,3447.11,4931.57,838,1422
AirAsia,ILO-MNL,2025.0,2,20619.0,14.91,3436.58,3447.11,3694.98,838,8553
Cebu Pacific,ILO-MNL,2025.0,2,16328.815999999999,46.88,3436.58,3447.11,3694.98,838,8553
Philippine Airlines,ILO-MNL,2025.0,2,13424.852,33.22,3436.58,3447.11,3694.98,838,8553
Cebu Pacific,ILO-PPS,2025.0,2,199.64,46.88,10000.0,3447.11,3740.51,838,511
Cebu Pacific,ILO-TAC,2025.0,2,2583.168,46.88,10000.0,3447.11,3419.62,838,636
AirAsia,KLO-MNL,2025.0,2,13592.88,14.91,6254.32,6265.46,3694.98,225,8553
Cebu Pacific,KLO-MNL,2025.0,2,4520.544,46.88,6254.32,6265.46,3694.98,225,8553
Philippine Airlines,LAO-MNL,2025.0,2,6864.298000000001,33.22,10000.0,10000.0,3694.98,75,8553
AirAsia,MNL-BCD,2025.0,2,8738.279999999999,14.91,3422.69,3694.98,3408.23,8553,690
Cebu Pacific,MNL-BCD,2025.0,2,12697.104,46.88,3422.69,3694.98,3408.23,8553,690
Philippine Airlines,MNL-BCD,2025.0,2,12678.148000000001,33.22,3422.69,3694.98,3408.23,8553,690
Philippine Airlines,MNL-BSO,2025.0,2,1398.4879999999998,33.22,10000.0,3694.98,10000.0,8553,53
Cebu Pacific,MNL-BXU,2025.0,2,14269.92,46.88,5405.35,3694.98,4627.1,8553,376
Philippine Airlines,MNL-BXU,2025.0,2,7944.804,33.22,5405.35,3694.98,4627.1,8553,376
Philippine Airlines,MNL-CBO,2025.0,2,6032.166,33.22,10000.0,3694.98,10000.0,8553,85
AirAsia,MNL-CEB,2025.0,2,24111.18,14.91,3475.2,3694.98,2886.12,8553,2972
Cebgo,MNL-CEB,2025.0,2,437.47200000000004,4.99,3475.2,3694.98,2886.12,8553,2972
Cebu Pacific,MNL-CEB,2025.0,2,36554.084,46.88,3475.2,3694.98,2886.12,8553,2972
Philippine Airlines,MNL-CEB,2025.0,2,42960.792,33.22,3475.2,3694.98,2886.12,8553,2972
AirAsia,MNL-CGY,2025.0,2,4530.96,14.91,4430.45,3694.98,3711.5,8553,879
Cebu Pacific,MNL-CGY,2025.0,2,27211.8,46.88,4430.45,3694.98,3711.5,8553,879
Philippine Airlines,MNL-CGY,2025.0,2,16721.74,33.22,4430.45,3694.98,3711.5,8553,879
Philippine Airlines,MNL-CRM,2025.0,2,860.608,33.22,10000.0,3694.98,10000.0,8553,16
Philippine Airlines,MNL-CYP,2025.0,2,645.4559999999999,33.22,10000.0,3694.98,6086.43,8553,74
Cebu Pacific,MNL-CYZ,2025.0,2,7103.712,46.88,10000.0,3694.98,10000.0,8553,88
Cebu Pacific,MNL-DGT,2025.0,2,13030.416000000001,46.88,5273.32,3694.98,4405.48,8553,296
Philippine Airlines,MNL-DGT,2025.0,2,8091.93,33.22,5273.32,3694.98,4405.48,8553,296
Cebu Pacific,MNL-DPL,2025.0,2,4520.544,46.88,5020.83,3694.98,3825.36,8553,161
Philippine Airlines,MNL-DPL,2025.0,2,3972.402,33.22,5020.83,3694.98,3825.36,8553,161
Cebgo,MNL-DRP,2025.0,2,124.992,4.99,4990.86,3694.98,4445.96,8553,316
Cebu Pacific,MNL-DRP,2025.0,2,10959.367999999999,46.88,4990.86,3694.98,4445.96,8553,316
Philippine Airlines,MNL-DRP,2025.0,2,8905.078,33.22,4990.86,3694.98,4445.96,8553,316
Cebu Pacific,MNL-DVO,2025.0,2,44949.38,46.88,5016.52,3694.98,4931.57,8553,1422
Philippine Airlines,MNL-DVO,2025.0,2,40062.568,33.22,5016.52,3694.98,4931.57,8553,1422
Philippine Airlines,MNL-EUQ,2025.0,2,645.4559999999999,33.22,10000.0,3694.98,10000.0,8553,21
Cebu Pacific,MNL-GES,2025.0,2,18214.98,46.88,5481.56,3694.98,5383.61,8553,245
Philippine Airlines,MNL-GES,2025.0,2,9586.92,33.22,5481.56,3694.98,5383.61,8553,245
Philippine Airlines,MNL-IAO,2025.0,2,4249.2519999999995,33.22,10000.0,3694.98,5009.33,8553,501
AirAsia,MNL-ILO,2025.0,2,17314.739999999998,14.91,3353.91,3694.98,3447.11,8553,838
Cebu Pacific,MNL-ILO,2025.0,2,20899.703999999998,46.88,3353.91,3694.98,3447.11,8553,838
Philippine Airlines,MNL-ILO,2025.0,2,20017.046000000002,33.22,3353.91,3694.98,3447.11,8553,838
AirAsia,MNL-KLO,2025.0,2,13754.699999999999,14.91,6276.55,3694.98,6265.46,8553,225
Cebu Pacific,MNL-KLO,2025.0,2,4520.544,46.88,6276.55,3694.98,6265.46,8553,225
Philippine Airlines,MNL-LAO,2025.0,2,4622.604,33.22,10000.0,3694.98,10000.0,8553,75
AirAsia,MNL-MNL,2025.0,2,200.1,14.91,5077.83,3694.98,3694.98,8553,8553
Cebu Pacific,MNL-MNL,2025.0,2,1159.648,46.88,5077.83,3694.98,3694.98,8553,8553
Philippine Airlines,MNL-MNL,2025.0,2,2433.116,33.22,5077.83,3694.98,3694.98,8553,8553
AirAsia,MNL-MPH,2025.0,2,13592.88,14.91,3246.09,3694.98,3745.18,8553,1011
Cebgo,MNL-MPH,2025.0,2,1624.896,4.99,3246.09,3694.98,3745.18,8553,1011
Cebu Pacific,MNL-MPH,2025.0,2,20181.0,46.88,3246.09,3694.98,3745.18,8553,1011
Philippine Airlines,MNL-MPH,2025.0,2,13663.734,33.22,3246.09,3694.98,3745.18,8553,1011
Cebu Pacific,MNL-OZC,2025.0,2,7103.712,46.88,10000.0,3694.98,6052.24,8553,127
Cebu Pacific,MNL-PAG,2025.0,2,4520.544,46.88,10000.0,3694.98,6459.39,8553,147
AirAsia,MNL-PPS,2025.0,2,6634.62,14.91,3840.91,3694.98,3740.51,8553,511
Cebu Pacific,MNL-PPS,2025.0,2,16064.944,46.88,3840.91,3694.98,3740.51,8553,511
Philippine Airlines,MNL-PPS,2025.0,2,8568.112000000001,33.22,3840.91,3694.98,3740.51,8553,511
Cebu Pacific,MNL-RXS,2025.0,2,4520.544,46.88,10000.0,3694.98,5468.84,8553,121
AirAsia,MNL-TAC,2025.0,2,9061.92,14.91,3359.36,3694.98,3419.62,8553,636
Cebu Pacific,MNL-TAC,2025.0,2,8718.192000000001,46.88,3359.36,3694.98,3419.62,8553,636
Philippine Airlines,MNL-TAC,2025.0,2,7348.39,33.22,3359.36,3694.98,3419.62,8553,636
AirAsia,MNL-TAG,2025.0,2,8900.1,14.91,3451.37,3694.98,3357.94,8553,356
Cebu Pacific,MNL-TAG,2025.0,2,5551.728,46.88,3451.37,3694.98,3357.94,8553,356
Philippine Airlines,MNL-TAG,2025.0,2,7867.286,33.22,3451.37,3694.98,3357.94,8553,356
Cebu Pacific,MNL-TUG,2025.0,2,4520.544,46.88,10000.0,3694.98,7573.17,8553,161
Cebgo,MNL-USU,2025.0,2,1687.392,4.99,10000.0,3694.98,5685.46,8553,316
Cebgo,MNL-WNP,2025.0,2,2624.832,4.99,10000.0,3694.98,10000.0,8553,82
Cebu Pacific,MPH-CEB,2025.0,2,4520.544,46.88,6319.46,3745.18,2886.12,1011,2972
Philippine Airlines,MPH-CEB,2025.0,2,1452.2759999999998,33.22,6319.46,3745.18,2886.12,1011,2972
Cebu Pacific,MPH-CRK,2025.0,2,7103.712,46.88,10000.0,3745.18,7686.51,1011,253
Cebu Pacific,MPH-DVO,2025.0,2,3390.4080000000004,46.88,10000.0,3745.18,4931.57,1011,1422
AirAsia,MPH-MNL,2025.0,2,18123.84,14.91,3236.71,3745.18,3694.98,1011,8553
Cebgo,MPH-MNL,2025.0,2,1749.8880000000001,4.99,3236.71,3745.18,3694.98,1011,8553
Cebu Pacific,MPH-MNL,2025.0,2,24378.648,46.88,3236.71,3745.18,3694.98,1011,8553
Philippine Airlines,MPH-MNL,2025.0,2,17087.182,33.22,3236.71,3745.18,3694.98,1011,8553
Philippine Airlines,MPH-MPH,2025.0,2,53.788,33.22,10000.0,3745.18,3745.18,1011,1011
Cebgo,OZC-CEB,2025.0,2,874.9440000000001,4.99,10000.0,6052.24,2886.12,127,2972
Cebu Pacific,OZC-MNL,2025.0,2,6942.264,46.88,5418.99,6052.24,3694.98,127,8553
Philippine Airlines,OZC-MNL,2025.0,2,3825.2760000000003,33.22,5418.99,6052.24,3694.98,127,8553
Cebgo,PAG-CEB,2025.0,2,2437.344,4.99,10000.0,6459.39,2886.12,147,2972
Cebu Pacific,PAG-MNL,2025.0,2,8879.640000000001,46.88,10000.0,6459.39,3694.98,147,8553
Cebgo,PAG-PAG,2025.0,2,62.496,4.99,10000.0,6459.39,6459.39,147,147
Cebu Pacific,PPS-CEB,2025.0,2,5589.92,46.88,8533.06,3740.51,2886.12,511,2972
Philippine Airlines,PPS-CEB,2025.0,2,484.092,33.22,8533.06,3740.51,2886.12,511,2972
AirAsia,PPS-MNL,2025.0,2,11003.76,14.91,3438.42,3740.51,3694.98,511,8553
Cebu Pacific,PPS-MNL,2025.0,2,14672.672,46.88,3438.42,3740.51,3694.98,511,8553
Philippine Airlines,PPS-MNL,2025.0,2,17180.52,33.22,3438.42,3740.51,3694.98,511,8553
AirAsia,RXS-MNL,2025.0,2,1941.84,14.91,4607.68,5468.84,3694.98,121,8553
Cebu Pacific,RXS-MNL,2025.0,2,9041.088,46.88,4607.68,5468.84,3694.98,121,8553
Philippine Airlines,RXS-MNL,2025.0,2,3678.15,33.22,4607.68,5468.84,3694.98,121,8553
Cebu Pacific,SIN-ILO,2025.0,2,1937.3760000000002,46.88,10000.0,10000.0,3447.11,12,838
Philippine Airlines,SUG-BXU,2025.0,2,441.37800000000004,33.22,10000.0,7295.73,4627.1,53,376
Cebgo,SUG-CEB,2025.0,2,1687.392,4.99,10000.0,7295.73,2886.12,53,2972
Philippine Airlines,SUG-TAG,2025.0,2,147.126,33.22,10000.0,7295.73,3357.94,53,356
Cebgo,SWL-CEB,2025.0,2,937.44,4.99,10000.0,10000.0,2886.12,15,2972
Cebgo,TAC-CEB,2025.0,2,1062.432,4.99,5120.16,3419.62,2886.12,636,2972
Philippine Airlines,TAC-CEB,2025.0,2,1452.2759999999998,33.22,5120.16,3419.62,2886.12,636,2972
Cebu Pacific,TAC-DVO,2025.0,2,1937.3760000000002,46.88,10000.0,3419.62,4931.57,636,1422
Cebu Pacific,TAC-ILO,2025.0,2,2583.168,46.88,10000.0,3419.62,3447.11,636,838
AirAsia,TAC-MNL,2025.0,2,17791.5,14.91,3674.34,3419.62,3694.98,636,8553
Cebu Pacific,TAC-MNL,2025.0,2,25347.336000000003,46.88,3674.34,3419.62,3694.98,636,8553
Philippine Airlines,TAC-MNL,2025.0,2,11173.666000000001,33.22,3674.34,3419.62,3694.98,636,8553
Philippine Airlines,TAG-DVO,2025.0,2,860.608,33.22,10000.0,3357.94,4931.57,356,1422
AirAsia,TAG-MNL,2025.0,2,8900.1,14.91,3668.42,3357.94,3694.98,356,8553
Cebu Pacific,TAG-MNL,2025.0,2,15580.599999999999,46.88,3668.42,3357.94,3694.98,356,8553
Philippine Airlines,TAG-MNL,2025.0,2,7867.286,33.22,3668.42,3357.94,3694.98,356,8553
Philippine Airlines,TBH-MNL,2025.0,2,441.37800000000004,33.22,10000.0,10000.0,3694.98,4,8553
Philippine Airlines,TBH-MPH,2025.0,2,147.126,33.22,10000.0,10000.0,3745.18,4,1011
Cebu Pacific,TUG-MNL,2025.0,2,16455.544,46.88,7133.37,7573.17,3694.98,161,8553
Philippine Airlines,TUG-MNL,2025.0,2,3451.924,33.22,7133.37,7573.17,3694.98,161,8553
Cebgo,USU-CEB,2025.0,2,2687.328,4.99,5616.05,5685.46,2886.12,316,2972
Philippine Airlines,USU-CEB,2025.0,2,1290.9119999999998,33.22,5616.05,5685.46,2886.12,316,2972
Philippine Airlines,USU-CRK,2025.0,2,860.608,33.22,10000.0,5685.46,7686.51,316,253
Cebgo,USU-MNL,2025.0,2,6749.568,4.99,7085.71,5685.46,3694.98,316,8553
Philippine Airlines,USU-MNL,2025.0,2,1452.2759999999998,33.22,7085.71,5685.46,3694.98,316,8553
Cebgo,WNP-MNL,2025.0,2,2499.84,4.99,10000.0,10000.0,3694.98,82,8553
Cebu Pacific,ZAM-CEB,2025.0,2,3228.96,46.88,6676.9,6598.49,2886.12,238,2972
Philippine Airlines,ZAM-CEB,2025.0,2,860.608,33.22,6676.9,6598.49,2886.12,238,2972
Cebu Pacific,ZAM-DVO,2025.0,2,1775.928,46.88,10000.0,6598.49,4931.57,238,1422
Cebu Pacific,ZAM-MNL,2025.0,2,22055.88,46.88,6627.25,6598.49,3694.98,238,8553
Philippine Airlines,ZAM-MNL,2025.0,2,6032.166,33.22,6627.25,6598.49,3694.98,238,8553
Cebu Pacific,ZAM-TWT,2025.0,2,3067.512,46.88,5618.44,6598.49,5307.9,238,36
Philippine Airlines,ZAM-TWT,2025.0,2,1471.26,33.22,5618.44,6598.49,5307.9,238,36
Cebgo,BCD-CEB,2025.0,3,1699.6319999999998,4.4,5160.36,3344.76,2938.45,784,3079
Philippine Airlines,BCD-CEB,2025.0,3,1183.336,35.28,5160.36,3344.76,2938.45,784,3079
Cebu Pacific,BCD-DVO,2025.0,3,4462.348,45.03,10000.0,3344.76,4905.37,784,1509
AirAsia,BCD-MNL,2025.0,3,16182.0,15.28,3432.45,3344.76,3637.82,784,9479
Cebu Pacific,BCD-MNL,2025.0,3,24753.739999999998,45.03,3432.45,3344.76,3637.82,784,9479
Philippine Airlines,BCD-MNL,2025.0,3,22745.996,35.28,3432.45,3344.76,3637.82,784,9479
Philippine Airlines,BPA-CEB,2025.0,3,591.668,35.28,10000.0,10000.0,2938.45,22,3079
Philippine Airlines,BSO-CRK,2025.0,3,860.608,35.28,10000.0,10000.0,6665.09,63,312
Cebgo,BXU-CEB,2025.0,3,703.2959999999999,4.4,5716.24,4857.04,2938.45,379,3079
Philippine Airlines,BXU-CEB,2025.0,3,1559.8519999999999,35.28,5716.24,4857.04,2938.45,379,3079
Cebu Pacific,BXU-MNL,2025.0,3,14533.155999999999,45.03,5298.26,4857.04,3637.82,379,9479
Philippine Airlines,BXU-MNL,2025.0,3,8827.56,35.28,5298.26,4857.04,3637.82,379,9479
Philippine Airlines,CBO-MNL,2025.0,3,6473.544,35.28,10000.0,10000.0,3637.82,91,9479
Philippine Airlines,CBO-TWT,2025.0,3,53.788,35.28,10000.0,10000.0,5749.53,91,37
Cebgo,CEB-BCD,2025.0,3,1699.6319999999998,4.4,5124.01,2938.45,3344.76,3079,784
Philippine Airlines,CEB-BCD,2025.0,3,1237.124,35.28,5124.01,2938.45,3344.76,3079,784
Philippine Airlines,CEB-BPA,2025.0,3,591.668,35.28,10000.0,2938.45,10000.0,3079,22
Cebgo,CEB-BXU,2025.0,3,703.2959999999999,4.4,5771.89,2938.45,4857.04,3079,379
Philippine Airlines,CEB-BXU,2025.0,3,1613.6399999999999,35.28,5771.89,2938.45,4857.04,3079,379
Cebgo,CEB-CGM,2025.0,3,1347.984,4.4,10000.0,2938.45,10000.0,3079,50
Cebgo,CEB-CGY,2025.0,3,2461.536,4.4,5000.35,2938.45,3952.52,3079,902
Philippine Airlines,CEB-CGY,2025.0,3,2420.46,35.28,5000.35,2938.45,3952.52,3079,902
Cebu Pacific,CEB-CRK,2025.0,3,3179.484,45.03,10000.0,2938.45,6665.09,3079,312
Philippine Airlines,CEB-CRM,2025.0,3,537.88,35.28,10000.0,2938.45,10000.0,3079,36
Cebgo,CEB-CYP,2025.0,3,1347.984,4.4,10000.0,2938.45,5722.58,3079,70
Cebgo,CEB-DGT,2025.0,3,1523.808,4.4,10000.0,2938.45,4310.52,3079,298
Cebgo,CEB-DPL,2025.0,3,1406.5919999999999,4.4,8285.48,2938.45,3941.36,3079,168
Philippine Airlines,CEB-DPL,2025.0,3,147.126,35.28,8285.48,2938.45,3941.36,3079,168
Cebgo,CEB-DRP,2025.0,3,1582.416,4.4,10000.0,2938.45,4413.97,3079,368
Cebu Pacific,CEB-DVO,2025.0,3,2119.656,45.03,5427.93,2938.45,4905.37,3079,1509
Philippine Airlines,CEB-DVO,2025.0,3,3872.736,35.28,5427.93,2938.45,4905.37,3079,1509
Philippine Airlines,CEB-GES,2025.0,3,537.88,35.28,10000.0,2938.45,5224.77,3079,280
Cebgo,CEB-IAO,2025.0,3,5391.936,4.4,5038.87,2938.45,5059.43,3079,582
Philippine Airlines,CEB-IAO,2025.0,3,4518.192,35.28,5038.87,2938.45,5059.43,3079,582
Cebgo,CEB-ILO,2025.0,3,937.728,4.4,10000.0,2938.45,3412.2,3079,964
AirAsia,CEB-MNL,2025.0,3,22169.34,15.28,3522.77,2938.45,3637.82,3079,9479
Cebu Pacific,CEB-MNL,2025.0,3,39068.744,45.03,3522.77,2938.45,3637.82,3079,9479
Philippine Airlines,CEB-MNL,2025.0,3,39095.966,35.28,3522.77,2938.45,3637.82,3079,9479
Cebu Pacific,CEB-MPH,2025.0,3,4693.523999999999,45.03,6192.26,2938.45,3682.4,3079,1143
Philippine Airlines,CEB-MPH,2025.0,3,1613.6399999999999,35.28,6192.26,2938.45,3682.4,3079,1143
Cebgo,CEB-PAG,2025.0,3,1289.376,4.4,10000.0,2938.45,7038.63,3079,146
Cebu Pacific,CEB-PPS,2025.0,3,5803.82,45.03,7453.89,2938.45,3664.05,3079,579
Philippine Airlines,CEB-PPS,2025.0,3,1021.972,35.28,7453.89,2938.45,3664.05,3079,579
Cebgo,CEB-SUG,2025.0,3,527.472,4.4,10000.0,2938.45,10000.0,3079,41
Cebgo,CEB-TAC,2025.0,3,996.3359999999999,4.4,5140.99,2938.45,3285.8,3079,647
Philippine Airlines,CEB-TAC,2025.0,3,1398.4879999999998,35.28,5140.99,2938.45,3285.8,3079,647
Cebgo,CEB-USU,2025.0,3,1816.848,4.4,5017.54,2938.45,5345.57,3079,373
Philippine Airlines,CEB-USU,2025.0,3,1613.6399999999999,35.28,5017.54,2938.45,5345.57,3079,373
Cebgo,CGM-CEB,2025.0,3,1582.416,4.4,10000.0,10000.0,2938.45,50,3079
Cebgo,CGY-CEB,2025.0,3,2520.144,4.4,5000.73,3952.52,2938.45,902,3079
Philippine Airlines,CGY-CEB,2025.0,3,2581.8239999999996,35.28,5000.73,3952.52,2938.45,902,3079
Philippine Airlines,CGY-CGY,2025.0,3,147.126,35.28,10000.0,3952.52,3952.52,902,902
Cebgo,CGY-DVO,2025.0,3,937.728,4.4,10000.0,3952.52,4905.37,902,1509
Cebu Pacific,CGY-ILO,2025.0,3,4542.12,45.03,10000.0,3952.52,3412.2,902,964
AirAsia,CGY-MNL,2025.0,3,4854.599999999999,15.28,4213.24,3952.52,3637.82,902,9479
Cebu Pacific,CGY-MNL,2025.0,3,25056.548,45.03,4213.24,3952.52,3637.82,902,9479
Philippine Airlines,CGY-MNL,2025.0,3,21787.304,35.28,4213.24,3952.52,3637.82,902,9479
Philippine Airlines,CRK-BSO,2025.0,3,860.608,35.28,10000.0,6665.09,10000.0,312,63
Cebu Pacific,CRK-CEB,2025.0,3,3179.484,45.03,10000.0,6665.09,2938.45,312,3079
Cebu Pacific,CRK-DVO,2025.0,3,3099.712,45.03,10000.0,6665.09,4905.37,312,1509
Cebgo,CRK-ENI,2025.0,3,117.216,4.4,10000.0,6665.09,10000.0,312,4
Cebgo,CRK-IAO,2025.0,3,117.216,4.4,7540.9,6665.09,5059.43,312,582
Philippine Airlines,CRK-IAO,2025.0,3,699.2439999999999,35.28,7540.9,6665.09,5059.43,312,582
Cebgo,CRK-MBT,2025.0,3,117.216,4.4,10000.0,6665.09,10000.0,312,4
Cebu Pacific,CRK-MPH,2025.0,3,7570.2,45.03,10000.0,6665.09,3682.4,312,1143
Cebgo,CRK-TAG,2025.0,3,117.216,4.4,10000.0,6665.09,3405.5,312,466
Philippine Airlines,CRK-USU,2025.0,3,1559.8519999999999,35.28,10000.0,6665.09,5345.57,312,373
Philippine Airlines,CRM-CEB,2025.0,3,537.88,35.28,10000.0,10000.0,2938.45,36,3079
Cebgo,CYP-CEB,2025.0,3,1289.376,4.4,10000.0,5722.58,2938.45,70,3079
Cebgo,CYP-CYP,2025.0,3,58.608,4.4,10000.0,5722.58,5722.58,70,70
Philippine Airlines,CYP-MNL,2025.0,3,645.4559999999999,35.28,10000.0,5722.58,3637.82,70,9479
Cebu Pacific,CYZ-MNL,2025.0,3,8932.836,45.03,10000.0,10000.0,3637.82,119,9479
Cebgo,DGT-CEB,2025.0,3,1582.416,4.4,10000.0,4310.52,2938.45,298,3079
Cebu Pacific,DGT-MNL,2025.0,3,6964.584,45.03,5089.92,4310.52,3637.82,298,9479
Philippine Airlines,DGT-MNL,2025.0,3,9121.812,35.28,5089.92,4310.52,3637.82,298,9479
Cebgo,DPL-CEB,2025.0,3,1347.984,4.4,10000.0,3941.36,2938.45,168,3079
Cebu Pacific,DPL-MNL,2025.0,3,4542.12,45.03,5001.03,3941.36,3637.82,168,9479
Philippine Airlines,DPL-MNL,2025.0,3,4413.78,35.28,5001.03,3941.36,3637.82,168,9479
Cebgo,DRP-CEB,2025.0,3,1582.416,4.4,10000.0,4413.97,2938.45,368,3079
Cebu Pacific,DRP-MNL,2025.0,3,11337.392,45.03,5024.94,4413.97,3637.82,368,9479
Philippine Airlines,DRP-MNL,2025.0,3,9841.622,35.28,5024.94,4413.97,3637.82,368,9479
Cebu Pacific,DVO-BCD,2025.0,3,4310.9439999999995,45.03,10000.0,4905.37,3344.76,1509,784
Cebu Pacific,DVO-CEB,2025.0,3,2119.656,45.03,5465.21,4905.37,2938.45,1509,3079
Philippine Airlines,DVO-CEB,2025.0,3,3980.312,35.28,5465.21,4905.37,2938.45,1509,3079
Cebgo,DVO-CGY,2025.0,3,996.3359999999999,4.4,10000.0,4905.37,3952.52,1509,902
Cebu Pacific,DVO-CRK,2025.0,3,3099.712,45.03,10000.0,4905.37,6665.09,1509,312
Cebgo,DVO-IAO,2025.0,3,1699.6319999999998,4.4,10000.0,4905.37,5059.43,1509,582
Cebu Pacific,DVO-ILO,2025.0,3,4577.936,45.03,10000.0,4905.37,3412.2,1509,964
Cebu Pacific,DVO-MNL,2025.0,3,47416.314,45.03,5003.71,4905.37,3637.82,1509,9479
Philippine Airlines,DVO-MNL,2025.0,3,44900.324,35.28,5003.71,4905.37,3637.82,1509,9479
Cebu Pacific,DVO-MPH,2025.0,3,4390.716,45.03,10000.0,4905.37,3682.4,1509,1143
Philippine Airlines,DVO-TAG,2025.0,3,860.608,35.28,10000.0,4905.37,3405.5,1509,466
Cebgo,ENI-CRK,2025.0,3,117.216,4.4,10000.0,10000.0,6665.09,4,312
Philippine Airlines,EUQ-MNL,2025.0,3,645.4559999999999,35.28,10000.0,10000.0,3637.82,24,9479
Philippine Airlines,GES-CEB,2025.0,3,537.88,35.28,10000.0,5224.77,2938.45,280,3079
Cebu Pacific,GES-MNL,2025.0,3,18770.84,45.03,5259.96,5224.77,3637.82,280,9479
Philippine Airlines,GES-MNL,2025.0,3,11800.138,35.28,5259.96,5224.77,3637.82,280,9479
Cebgo,IAO-CEB,2025.0,3,5216.112,4.4,5040.29,5059.43,2938.45,582,3079
Philippine Airlines,IAO-CEB,2025.0,3,4356.8279999999995,35.28,5040.29,5059.43,2938.45,582,3079
Cebgo,IAO-CRK,2025.0,3,117.216,4.4,7540.9,5059.43,6665.09,582,312
Philippine Airlines,IAO-CRK,2025.0,3,699.2439999999999,35.28,7540.9,5059.43,6665.09,582,312
Cebgo,IAO-DVO,2025.0,3,1816.848,4.4,10000.0,5059.43,4905.37,582,1509
Cebgo,IAO-IAO,2025.0,3,58.608,4.4,10000.0,5059.43,5059.43,582,582
Philippine Airlines,IAO-MNL,2025.0,3,3119.7039999999997,35.28,10000.0,5059.43,3637.82,582,9479
Cebgo,ILO-CEB,2025.0,3,820.512,4.4,10000.0,3412.2,2938.45,964,3079
Cebu Pacific,ILO-CGY,2025.0,3,4542.12,45.03,10000.0,3412.2,3952.52,964,902
Cebu Pacific,ILO-DVO,2025.0,3,4577.936,45.03,10000.0,3412.2,4905.37,964,1509
AirAsia,ILO-MNL,2025.0,3,23817.12,15.28,3390.33,3412.2,3637.82,964,9479
Cebu Pacific,ILO-MNL,2025.0,3,18173.364,45.03,3390.33,3412.2,3637.82,964,9479
Philippine Airlines,ILO-MNL,2025.0,3,18311.65,35.28,3390.33,3412.2,3637.82,964,9479
Cebu Pacific,ILO-TAC,2025.0,3,2573.868,45.03,10000.0,3412.2,3285.8,964,647
AirAsia,KLO-MNL,2025.0,3,14240.16,15.28,6271.16,6292.43,3637.82,240,9479
Cebu Pacific,KLO-MNL,2025.0,3,4693.523999999999,45.03,6271.16,6292.43,3637.82,240,9479
Philippine Airlines,LAO-MNL,2025.0,3,8360.87,35.28,10000.0,10000.0,3637.82,92,9479
Cebgo,MBT-CRK,2025.0,3,117.216,4.4,10000.0,10000.0,6665.09,4,312
AirAsia,MNL-BCD,2025.0,3,9547.38,15.28,3446.63,3637.82,3344.76,9479,784
Cebu Pacific,MNL-BCD,2025.0,3,15117.608,45.03,3446.63,3637.82,3344.76,9479,784
Philippine Airlines,MNL-BCD,2025.0,3,13605.2,35.28,3446.63,3637.82,3344.76,9479,784
Philippine Airlines,MNL-BSO,2025.0,3,1667.4279999999999,35.28,10000.0,3637.82,10000.0,9479,63
Cebu Pacific,MNL-BXU,2025.0,3,14533.155999999999,45.03,5261.66,3637.82,4857.04,9479,379
Philippine Airlines,MNL-BXU,2025.0,3,9121.812,35.28,5261.66,3637.82,4857.04,9479,379
Philippine Airlines,MNL-CBO,2025.0,3,6767.796,35.28,10000.0,3637.82,10000.0,9479,91
AirAsia,MNL-CEB,2025.0,3,27185.76,15.28,3486.27,3637.82,2938.45,9479,3079
Cebgo,MNL-CEB,2025.0,3,468.864,4.4,3486.27,3637.82,2938.45,9479,3079
Cebu Pacific,MNL-CEB,2025.0,3,36546.972,45.03,3486.27,3637.82,2938.45,9479,3079
Philippine Airlines,MNL-CEB,2025.0,3,48549.998,35.28,3486.27,3637.82,2938.45,9479,3079
AirAsia,MNL-CGY,2025.0,3,4854.599999999999,15.28,4421.84,3637.82,3952.52,9479,902
Cebu Pacific,MNL-CGY,2025.0,3,28952.352,45.03,4421.84,3637.82,3952.52,9479,902
Philippine Airlines,MNL-CGY,2025.0,3,17898.748,35.28,4421.84,3637.82,3952.52,9479,902
Philippine Airlines,MNL-CRM,2025.0,3,860.608,35.28,10000.0,3637.82,10000.0,9479,36
Philippine Airlines,MNL-CYP,2025.0,3,591.668,35.28,10000.0,3637.82,5722.58,9479,70
Cebu Pacific,MNL-CYZ,2025.0,3,9084.24,45.03,10000.0,3637.82,10000.0,9479,119
Cebu Pacific,MNL-DGT,2025.0,3,11658.108,45.03,5095.46,3637.82,4310.52,9479,298
Philippine Airlines,MNL-DGT,2025.0,3,8827.56,35.28,5095.46,3637.82,4310.52,9479,298
Cebu Pacific,MNL-DPL,2025.0,3,4693.523999999999,45.03,5011.35,3637.82,3941.36,9479,168
Philippine Airlines,MNL-DPL,2025.0,3,4266.654,35.28,5011.35,3637.82,3941.36,9479,168
Cebu Pacific,MNL-DRP,2025.0,3,11899.052,45.03,5046.69,3637.82,4413.97,9479,368
Philippine Airlines,MNL-DRP,2025.0,3,9802.072,35.28,5046.69,3637.82,4413.97,9479,368
Cebu Pacific,MNL-DVO,2025.0,3,46559.986,45.03,5001.65,3637.82,4905.37,9479,1509
Philippine Airlines,MNL-DVO,2025.0,3,44900.324,35.28,5001.65,3637.82,4905.37,9479,1509
Philippine Airlines,MNL-EUQ,2025.0,3,645.4559999999999,35.28,10000.0,3637.82,10000.0,9479,24
Cebu Pacific,MNL-GES,2025.0,3,18958.06,45.03,5284.75,3637.82,5224.77,9479,280
Philippine Airlines,MNL-GES,2025.0,3,11653.012,35.28,5284.75,3637.82,5224.77,9479,280
Philippine Airlines,MNL-IAO,2025.0,3,4625.768,35.28,10000.0,3637.82,5059.43,9479,582
AirAsia,MNL-ILO,2025.0,3,19580.219999999998,15.28,3342.73,3637.82,3412.2,9479,964
Cebu Pacific,MNL-ILO,2025.0,3,21292.612,45.03,3342.73,3637.82,3412.2,9479,964
Philippine Airlines,MNL-ILO,2025.0,3,22287.216,35.28,3342.73,3637.82,3412.2,9479,964
AirAsia,MNL-KLO,2025.0,3,14563.8,15.28,6313.52,3637.82,6292.43,9479,240
Cebu Pacific,MNL-KLO,2025.0,3,4693.523999999999,45.03,6313.52,3637.82,6292.43,9479,240
Philippine Airlines,MNL-LAO,2025.0,3,4708.032,35.28,10000.0,3637.82,10000.0,9479,92
Cebu Pacific,MNL-MNL,2025.0,3,605.616,45.03,5598.62,3637.82,3637.82,9479,9479
Philippine Airlines,MNL-MNL,2025.0,3,294.252,35.28,5598.62,3637.82,3637.82,9479,9479
AirAsia,MNL-MPH,2025.0,3,15211.08,15.28,3197.74,3637.82,3682.4,9479,1143
Cebgo,MNL-MPH,2025.0,3,1758.24,4.4,3197.74,3637.82,3682.4,9479,1143
Cebu Pacific,MNL-MPH,2025.0,3,20742.347999999998,45.03,3197.74,3637.82,3682.4,9479,1143
Philippine Airlines,MNL-MPH,2025.0,3,15350.146,35.28,3197.74,3637.82,3682.4,9479,1143
Cebu Pacific,MNL-OZC,2025.0,3,7267.392,45.03,10000.0,3637.82,5843.51,9479,143
Cebu Pacific,MNL-PAG,2025.0,3,4844.928,45.03,10000.0,3637.82,7038.63,9479,146
AirAsia,MNL-PPS,2025.0,3,7120.08,15.28,3726.27,3637.82,3664.05,9479,579
Cebu Pacific,MNL-PPS,2025.0,3,15902.304,45.03,3726.27,3637.82,3664.05,9479,579
Philippine Airlines,MNL-PPS,2025.0,3,9442.958,35.28,3726.27,3637.82,3664.05,9479,579
Cebu Pacific,MNL-RXS,2025.0,3,4844.928,45.03,10000.0,3637.82,5373.8,9479,135
Cebu Pacific,MNL-SJI,2025.0,3,302.808,45.03,10000.0,3637.82,10000.0,9479,4
AirAsia,MNL-TAC,2025.0,3,9709.199999999999,15.28,3386.12,3637.82,3285.8,9479,647
Cebu Pacific,MNL-TAC,2025.0,3,7115.987999999999,45.03,3386.12,3637.82,3285.8,9479,647
Philippine Airlines,MNL-TAC,2025.0,3,8413.076000000001,35.28,3386.12,3637.82,3285.8,9479,647
AirAsia,MNL-TAG,2025.0,3,10032.84,15.28,3686.17,3637.82,3405.5,9479,466
Cebu Pacific,MNL-TAG,2025.0,3,5955.224,45.03,3686.17,3637.82,3405.5,9479,466
Philippine Airlines,MNL-TAG,2025.0,3,13891.542000000001,35.28,3686.17,3637.82,3405.5,9479,466
Cebu Pacific,MNL-TUG,2025.0,3,5299.139999999999,45.03,9474.31,3637.82,7613.89,9479,171
Philippine Airlines,MNL-TUG,2025.0,3,147.126,35.28,9474.31,3637.82,7613.89,9479,171
Cebgo,MNL-USU,2025.0,3,1816.848,4.4,10000.0,3637.82,5345.57,9479,373
Cebu Pacific,MNL-VRC,2025.0,3,151.404,45.03,10000.0,3637.82,10000.0,9479,2
Cebgo,MNL-WNP,2025.0,3,2813.1839999999997,4.4,10000.0,3637.82,10000.0,9479,98
Cebu Pacific,MPH-CEB,2025.0,3,4693.523999999999,45.03,6192.26,3682.4,2938.45,1143,3079
Philippine Airlines,MPH-CEB,2025.0,3,1613.6399999999999,35.28,6192.26,3682.4,2938.45,1143,3079
Cebu Pacific,MPH-CRK,2025.0,3,7570.2,45.03,10000.0,3682.4,6665.09,1143,312
Cebu Pacific,MPH-DVO,2025.0,3,4390.716,45.03,10000.0,3682.4,4905.37,1143,1509
AirAsia,MPH-MNL,2025.0,3,20065.68,15.28,3206.7,3682.4,3637.82,1143,9479
Cebgo,MPH-MNL,2025.0,3,1816.848,4.4,3206.7,3682.4,3637.82,1143,9479
Cebu Pacific,MPH-MNL,2025.0,3,25435.872,45.03,3206.7,3682.4,3637.82,1143,9479
Philippine Airlines,MPH-MNL,2025.0,3,19911.052,35.28,3206.7,3682.4,3637.82,1143,9479
Cebgo,OZC-CEB,2025.0,3,1230.768,4.4,10000.0,5843.51,2938.45,143,3079
Cebu Pacific,OZC-MNL,2025.0,3,7115.987999999999,45.03,5401.87,5843.51,3637.82,143,9479
Philippine Airlines,OZC-MNL,2025.0,3,3972.402,35.28,5401.87,5843.51,3637.82,143,9479
Cebgo,PAG-CEB,2025.0,3,1699.6319999999998,4.4,10000.0,7038.63,2938.45,146,3079
Cebu Pacific,PAG-MNL,2025.0,3,9235.644,45.03,10000.0,7038.63,3637.82,146,9479
Cebgo,PAG-PAG,2025.0,3,58.608,4.4,10000.0,7038.63,7038.63,146,146
Cebu Pacific,PPS-CEB,2025.0,3,5803.82,45.03,7549.43,3664.05,2938.45,579,3079
Philippine Airlines,PPS-CEB,2025.0,3,968.184,35.28,7549.43,3664.05,2938.45,579,3079
AirAsia,PPS-MNL,2025.0,3,12136.5,15.28,3453.67,3664.05,3637.82,579,9479
Cebu Pacific,PPS-MNL,2025.0,3,15783.46,45.03,3453.67,3664.05,3637.82,579,9479
Philippine Airlines,PPS-MNL,2025.0,3,19491.822,35.28,3453.67,3664.05,3637.82,579,9479
AirAsia,RXS-MNL,2025.0,3,1941.84,15.28,4526.41,5373.8,3637.82,135,9479
Cebu Pacific,RXS-MNL,2025.0,3,9387.047999999999,45.03,4526.41,5373.8,3637.82,135,9479
Philippine Airlines,RXS-MNL,2025.0,3,4266.654,35.28,4526.41,5373.8,3637.82,135,9479
Cebu Pacific,SIN-ILO,2025.0,3,1968.252,45.03,10000.0,10000.0,3412.2,13,964
Cebu Pacific,SJI-MNL,2025.0,3,302.808,45.03,10000.0,10000.0,3637.82,4,9479
Cebgo,SUG-CEB,2025.0,3,1875.456,4.4,10000.0,10000.0,2938.45,41,3079
Cebgo,SWL-CEB,2025.0,3,820.512,4.4,10000.0,10000.0,2938.45,14,3079
Cebgo,TAC-CEB,2025.0,3,879.12,4.4,5302.19,3285.8,2938.45,647,3079
Philippine Airlines,TAC-CEB,2025.0,3,1452.2759999999998,35.28,5302.19,3285.8,2938.45,647,3079
Cebu Pacific,TAC-DVO,2025.0,3,1968.252,45.03,10000.0,3285.8,4905.37,647,1509
Cebu Pacific,TAC-ILO,2025.0,3,2573.868,45.03,10000.0,3285.8,3412.2,647,964
AirAsia,TAC-MNL,2025.0,3,19695.059999999998,15.28,3476.63,3285.8,3637.82,647,9479
Cebu Pacific,TAC-MNL,2025.0,3,21802.176,45.03,3476.63,3285.8,3637.82,647,9479
Philippine Airlines,TAC-MNL,2025.0,3,12973.982,35.28,3476.63,3285.8,3637.82,647,9479
Cebgo,TAG-CRK,2025.0,3,117.216,4.4,10000.0,3405.5,6665.09,466,312
Philippine Airlines,TAG-DVO,2025.0,3,860.608,35.28,10000.0,3405.5,4905.37,466,1509
AirAsia,TAG-MNL,2025.0,3,10032.84,15.28,3457.83,3405.5,3637.82,466,9479
Cebu Pacific,TAG-MNL,2025.0,3,16332.096,45.03,3457.83,3405.5,3637.82,466,9479
Philippine Airlines,TAG-MNL,2025.0,3,13891.542000000001,35.28,3457.83,3405.5,3637.82,466,9479
Cebu Pacific,TUG-MNL,2025.0,3,16421.636,45.03,7188.61,7613.89,3637.82,171,9479
Philippine Airlines,TUG-MNL,2025.0,3,3344.348,35.28,7188.61,7613.89,3637.82,171,9479
Cebgo,USU-CEB,2025.0,3,2813.1839999999997,4.4,5457.91,5345.57,2938.45,373,3079
Philippine Airlines,USU-CEB,2025.0,3,1506.0639999999999,35.28,5457.91,5345.57,2938.45,373,3079
Philippine Airlines,USU-CRK,2025.0,3,1452.2759999999998,35.28,10000.0,5345.57,6665.09,373,312
Cebgo,USU-MNL,2025.0,3,6915.744,4.4,6869.45,5345.57,3637.82,373,9479
Philippine Airlines,USU-MNL,2025.0,3,1667.4279999999999,35.28,6869.45,5345.57,3637.82,373,9479
Cebu Pacific,VRC-MNL,2025.0,3,151.404,45.03,10000.0,10000.0,3637.82,2,9479
Cebgo,WNP-MNL,2025.0,3,2930.3999999999996,4.4,10000.0,10000.0,3637.82,98,9479
Cebu Pacific,ZAM-CEB,2025.0,3,3028.08,45.03,7265.24,6650.57,2938.45,271,3079
Philippine Airlines,ZAM-CEB,2025.0,3,591.668,35.28,7265.24,6650.57,2938.45,271,3079
Cebu Pacific,ZAM-DVO,2025.0,3,4239.312,45.03,10000.0,6650.57,4905.37,271,1509
Cebu Pacific,ZAM-MNL,2025.0,3,22718.739999999998,45.03,6422.08,6650.57,3637.82,271,9479
Philippine Airlines,ZAM-MNL,2025.0,3,6914.9220000000005,35.28,6422.08,6650.57,3637.82,271,9479
Cebu Pacific,ZAM-TWT,2025.0,3,3785.1,45.03,5803.94,6650.57,5749.53,271,37
Philippine Airlines,ZAM-TWT,2025.0,3,1618.386,35.28,5803.94,6650.57,5749.53,271,37
Cebgo,BCD-CEB,2025.0,4,1749.744,5.89,5008.19,3339.23,2904.6,782,3647
Philippine Airlines,BCD-CEB,2025.0,4,1613.6399999999999,33.88,5008.19,3339.23,2904.6,782,3647
Cebu Pacific,BCD-DVO,2025.0,4,2026.2839999999999,46.3,10000.0,3339.23,4991.46,782,1559
AirAsia,BCD-MNL,2025.0,4,15901.14,13.93,3483.73,3339.23,3735.34,782,10020
Cebu Pacific,BCD-MNL,2025.0,4,27132.764,46.3,3483.73,3339.23,3735.34,782,10020
Philippine Airlines,BCD-MNL,2025.0,4,21743.008,33.88,3483.73,3339.23,3735.34,782,10020
Philippine Airlines,BPA-CEB,2025.0,4,699.2439999999999,33.88,10000.0,10000.0,2904.6,26,3647
Philippine Airlines,BSO-CRK,2025.0,4,753.0319999999999,33.88,10000.0,10000.0,4515.62,60,554
Cebgo,BXU-CEB,2025.0,4,1749.744,5.89,5008.19,5025.39,2904.6,465,3647
Philippine Airlines,BXU-CEB,2025.0,4,1613.6399999999999,33.88,5008.19,5025.39,2904.6,465,3647
Cebu Pacific,BXU-MNL,2025.0,4,20948.324,46.3,5886.67,5025.39,3735.34,465,10020
Philippine Airlines,BXU-MNL,2025.0,4,8533.308,33.88,5886.67,5025.39,3735.34,465,10020
Philippine Airlines,CBO-MNL,2025.0,4,6767.796,33.88,10000.0,10000.0,3735.34,101,10020
Philippine Airlines,CBO-TWT,2025.0,4,430.304,33.88,10000.0,10000.0,10000.0,101,19
Cebgo,CEB-BCD,2025.0,4,1810.08,5.89,5016.46,2904.6,3339.23,3647,782
Philippine Airlines,CEB-BCD,2025.0,4,1613.6399999999999,33.88,5016.46,2904.6,3339.23,3647,782
Philippine Airlines,CEB-BPA,2025.0,4,699.2439999999999,33.88,10000.0,2904.6,10000.0,3647,26
Cebgo,CEB-BXU,2025.0,4,1689.408,5.89,5002.14,2904.6,5025.39,3647,465
Philippine Airlines,CEB-BXU,2025.0,4,1760.7659999999998,33.88,5002.14,2904.6,5025.39,3647,465
Cebgo,CEB-CGM,2025.0,4,1810.08,5.89,10000.0,2904.6,10000.0,3647,57
Cebgo,CEB-CGY,2025.0,4,5611.248,5.89,5363.76,2904.6,3756.72,3647,1010
Philippine Airlines,CEB-CGY,2025.0,4,3227.2799999999997,33.88,5363.76,2904.6,3756.72,3647,1010
Cebgo,CEB-CRK,2025.0,4,543.024,5.89,7165.13,2904.6,4515.62,3647,554
Cebu Pacific,CEB-CRK,2025.0,4,2632.996,46.3,7165.13,2904.6,4515.62,3647,554
Philippine Airlines,CEB-CRM,2025.0,4,699.2439999999999,33.88,10000.0,2904.6,10000.0,3647,43
Cebgo,CEB-CYP,2025.0,4,1327.392,5.89,10000.0,2904.6,5480.33,3647,70
Cebgo,CEB-DGT,2025.0,4,1508.3999999999999,5.89,8302.32,2904.6,4471.38,3647,320
Cebu Pacific,CEB-DGT,2025.0,4,155.868,46.3,8302.32,2904.6,4471.38,3647,320
Cebgo,CEB-DPL,2025.0,4,1749.744,5.89,10000.0,2904.6,3769.85,3647,175
Cebgo,CEB-DRP,2025.0,4,1810.08,5.89,10000.0,2904.6,4587.73,3647,447
Cebu Pacific,CEB-DVO,2025.0,4,7071.044,46.3,5175.25,2904.6,4991.46,3647,1559
Philippine Airlines,CEB-DVO,2025.0,4,4840.92,33.88,5175.25,2904.6,4991.46,3647,1559
Philippine Airlines,CEB-GES,2025.0,4,1075.76,33.88,10000.0,2904.6,5029.78,3647,307
Cebgo,CEB-IAO,2025.0,4,5430.24,5.89,5176.77,2904.6,5007.72,3647,607
Philippine Airlines,CEB-IAO,2025.0,4,3711.372,33.88,5176.77,2904.6,5007.72,3647,607
Cebgo,CEB-ILO,2025.0,4,3439.152,5.89,10000.0,2904.6,3237.04,3647,1039
AirAsia,CEB-MNL,2025.0,4,23157.0,13.93,3602.52,2904.6,3735.34,3647,10020
Cebgo,CEB-MNL,2025.0,4,181.00799999999998,5.89,3602.52,2904.6,3735.34,3647,10020
Cebu Pacific,CEB-MNL,2025.0,4,45350.884,46.3,3602.52,2904.6,3735.34,3647,10020
Philippine Airlines,CEB-MNL,2025.0,4,48673.394,33.88,3602.52,2904.6,3735.34,3647,10020
Cebgo,CEB-MPH,2025.0,4,60.336,5.89,6132.04,2904.6,3713.49,3647,1202
Cebu Pacific,CEB-MPH,2025.0,4,4831.907999999999,46.3,6132.04,2904.6,3713.49,3647,1202
Philippine Airlines,CEB-MPH,2025.0,4,1613.6399999999999,33.88,6132.04,2904.6,3713.49,3647,1202
Cebgo,CEB-PAG,2025.0,4,1629.072,5.89,10000.0,2904.6,6614.81,3647,154
Cebu Pacific,CEB-PPS,2025.0,4,5560.968,46.3,7377.11,2904.6,3807.0,3647,581
Philippine Airlines,CEB-PPS,2025.0,4,1021.972,33.88,7377.11,2904.6,3807.0,3647,581
Cebgo,CEB-SUG,2025.0,4,844.704,5.89,10000.0,2904.6,10000.0,3647,46
Cebgo,CEB-TAC,2025.0,4,422.352,5.89,6711.79,2904.6,3321.18,3647,690
Philippine Airlines,CEB-TAC,2025.0,4,1613.6399999999999,33.88,6711.79,2904.6,3321.18,3647,690
Cebgo,CEB-USU,2025.0,4,1810.08,5.89,5027.57,2904.6,5293.47,3647,352
Philippine Airlines,CEB-USU,2025.0,4,1559.8519999999999,33.88,5027.57,2904.6,5293.47,3647,352
Cebgo,CGM-CEB,2025.0,4,1629.072,5.89,10000.0,10000.0,2904.6,57,3647
Cebgo,CGY-CEB,2025.0,4,5550.912,5.89,5415.84,3756.72,2904.6,1010,3647
Philippine Airlines,CGY-CEB,2025.0,4,3065.9159999999997,33.88,5415.84,3756.72,2904.6,1010,3647
Cebgo,CGY-DVO,2025.0,4,965.376,5.89,10000.0,3756.72,4991.46,1010,1559
Cebu Pacific,CGY-ILO,2025.0,4,3273.228,46.3,10000.0,3756.72,3237.04,1010,1039
AirAsia,CGY-MNL,2025.0,4,4631.4,13.93,4339.01,3756.72,3735.34,1010,10020
Cebu Pacific,CGY-MNL,2025.0,4,28047.86,46.3,4339.01,3756.72,3735.34,1010,10020
Philippine Airlines,CGY-MNL,2025.0,4,20759.004,33.88,4339.01,3756.72,3735.34,1010,10020
Philippine Airlines,CRK-BSO,2025.0,4,860.608,33.88,10000.0,4515.62,10000.0,554,60
Cebgo,CRK-CEB,2025.0,4,543.024,5.89,7165.13,4515.62,2904.6,554,3647
Cebu Pacific,CRK-CEB,2025.0,4,2632.996,46.3,7165.13,4515.62,2904.6,554,3647
Cebu Pacific,CRK-DVO,2025.0,4,3596.696,46.3,10000.0,4515.62,4991.46,554,1559
Cebgo,CRK-ENI,2025.0,4,1689.408,5.89,10000.0,4515.62,10000.0,554,56
Cebgo,CRK-IAO,2025.0,4,1810.08,5.89,6124.73,4515.62,5007.72,554,607
Philippine Airlines,CRK-IAO,2025.0,4,645.4559999999999,33.88,6124.73,4515.62,5007.72,554,607
Cebgo,CRK-MBT,2025.0,4,1810.08,5.89,10000.0,4515.62,10000.0,554,58
Cebu Pacific,CRK-MPH,2025.0,4,9352.08,46.3,10000.0,4515.62,3713.49,554,1202
Cebgo,CRK-TAG,2025.0,4,1810.08,5.89,10000.0,4515.62,3248.82,554,590
Cebgo,CRK-USU,2025.0,4,60.336,5.89,9259.3,4515.62,5293.47,554,352
Philippine Airlines,CRK-USU,2025.0,4,1506.0639999999999,33.88,9259.3,4515.62,5293.47,554,352
Philippine Airlines,CRM-CEB,2025.0,4,699.2439999999999,33.88,10000.0,10000.0,2904.6,43,3647
Philippine Airlines,CRM-MNL,2025.0,4,53.788,33.88,10000.0,10000.0,3735.34,43,10020
Cebgo,CYP-CEB,2025.0,4,1327.392,5.89,10000.0,5480.33,2904.6,70,3647
Philippine Airlines,CYP-MNL,2025.0,4,699.2439999999999,33.88,10000.0,5480.33,3735.34,70,10020
Cebu Pacific,CYZ-MNL,2025.0,4,9352.08,46.3,10000.0,10000.0,3735.34,120,10020
Cebgo,DGT-CEB,2025.0,4,1508.3999999999999,5.89,10000.0,4471.38,2904.6,320,3647
Cebu Pacific,DGT-MNL,2025.0,4,9352.08,46.3,5004.16,4471.38,3735.34,320,10020
Philippine Airlines,DGT-MNL,2025.0,4,8827.56,33.88,5004.16,4471.38,3735.34,320,10020
Cebu Pacific,DMK-ILO,2025.0,4,2026.2839999999999,46.3,10000.0,10000.0,3237.04,13,1039
Cebgo,DPL-CEB,2025.0,4,1749.744,5.89,10000.0,3769.85,2904.6,175,3647
Cebu Pacific,DPL-MNL,2025.0,4,4676.04,46.3,5020.02,3769.85,3735.34,175,10020
Philippine Airlines,DPL-MNL,2025.0,4,4119.528,33.88,5020.02,3769.85,3735.34,175,10020
Cebgo,DRP-CEB,2025.0,4,1810.08,5.89,10000.0,4587.73,2904.6,447,3647
Cebu Pacific,DRP-MNL,2025.0,4,17787.388,46.3,5107.33,4587.73,3735.34,447,10020
Philippine Airlines,DRP-MNL,2025.0,4,13241.34,33.88,5107.33,4587.73,3735.34,447,10020
Cebu Pacific,DVO-BCD,2025.0,4,2026.2839999999999,46.3,10000.0,4991.46,3339.23,1559,782
Cebu Pacific,DVO-CEB,2025.0,4,7071.044,46.3,5155.92,4991.46,2904.6,1559,3647
Philippine Airlines,DVO-CEB,2025.0,4,4948.496,33.88,5155.92,4991.46,2904.6,1559,3647
Cebgo,DVO-CGY,2025.0,4,965.376,5.89,10000.0,4991.46,3756.72,1559,1010
Cebu Pacific,DVO-CRK,2025.0,4,3596.696,46.3,10000.0,4991.46,4515.62,1559,554
Cebu Pacific,DVO-DGT,2025.0,4,192.74,46.3,10000.0,4991.46,4471.38,1559,320
Cebgo,DVO-IAO,2025.0,4,1810.08,5.89,10000.0,4991.46,5007.72,1559,607
Cebu Pacific,DVO-ILO,2025.0,4,4208.436,46.3,10000.0,4991.46,3237.04,1559,1039
Cebu Pacific,DVO-MNL,2025.0,4,51164.090000000004,46.3,5061.1,4991.46,3735.34,1559,10020
Philippine Airlines,DVO-MNL,2025.0,4,40978.546,33.88,5061.1,4991.46,3735.34,1559,10020
Cebu Pacific,DVO-MPH,2025.0,4,3117.3599999999997,46.3,10000.0,4991.46,3713.49,1559,1202
Philippine Airlines,DVO-TAG,2025.0,4,1559.8519999999999,33.88,10000.0,4991.46,3248.82,1559,590
Cebgo,ENI-CRK,2025.0,4,1689.408,5.89,10000.0,10000.0,4515.62,56,554
Philippine Airlines,EUQ-MNL,2025.0,4,645.4559999999999,33.88,10000.0,10000.0,3735.34,24,10020
Philippine Airlines,GES-CEB,2025.0,4,1075.76,33.88,10000.0,5029.78,2904.6,307,3647
Cebu Pacific,GES-MNL,2025.0,4,14300.470000000001,46.3,5008.67,5029.78,3735.34,307,10020
Philippine Airlines,GES-MNL,2025.0,4,15543.150000000001,33.88,5008.67,5029.78,3735.34,307,10020
Cebgo,IAO-CEB,2025.0,4,5309.568,5.89,5156.94,5007.72,2904.6,607,3647
Philippine Airlines,IAO-CEB,2025.0,4,3711.372,33.88,5156.94,5007.72,2904.6,607,3647
Cebgo,IAO-CRK,2025.0,4,1810.08,5.89,6124.73,5007.72,4515.62,607,554
Philippine Airlines,IAO-CRK,2025.0,4,645.4559999999999,33.88,6124.73,5007.72,4515.62,607,554
Cebgo,IAO-DVO,2025.0,4,1810.08,5.89,10000.0,5007.72,4991.46,607,1559
Philippine Airlines,IAO-MNL,2025.0,4,3227.2799999999997,33.88,10000.0,5007.72,3735.34,607,10020
Cebgo,ILO-CEB,2025.0,4,3378.816,5.89,10000.0,3237.04,2904.6,1039,3647
Cebu Pacific,ILO-CGY,2025.0,4,3273.228,46.3,10000.0,3237.04,3756.72,1039,1010
Cebu Pacific,ILO-DVO,2025.0,4,4208.436,46.3,10000.0,3237.04,4991.46,1039,1559
AirAsia,ILO-MNL,2025.0,4,23814.36,13.93,3381.92,3237.04,3735.34,1039,10020
Cebu Pacific,ILO-MNL,2025.0,4,19357.8,46.3,3381.92,3237.04,3735.34,1039,10020
Philippine Airlines,ILO-MNL,2025.0,4,18060.112,33.88,3381.92,3237.04,3735.34,1039,10020
Cebu Pacific,ILO-TAC,2025.0,4,2493.888,46.3,10000.0,3237.04,3321.18,1039,690
AirAsia,KLO-MNL,2025.0,4,9725.94,13.93,5667.65,5954.35,3735.34,211,10020
Cebu Pacific,KLO-MNL,2025.0,4,4520.172,46.3,5667.65,5954.35,3735.34,211,10020
Philippine Airlines,LAO-MNL,2025.0,4,8386.182,33.88,10000.0,10000.0,3735.34,88,10020
Cebgo,MBT-CRK,2025.0,4,1689.408,5.89,10000.0,10000.0,4515.62,58,554
AirAsia,MNL-BCD,2025.0,4,9262.8,13.93,3522.26,3735.34,3339.23,10020,782
Cebu Pacific,MNL-BCD,2025.0,4,16867.264,46.3,3522.26,3735.34,3339.23,10020,782
Philippine Airlines,MNL-BCD,2025.0,4,12992.966,33.88,3522.26,3735.34,3339.23,10020,782
Philippine Airlines,MNL-BSO,2025.0,4,1613.6399999999999,33.88,10000.0,3735.34,10000.0,10020,60
Cebu Pacific,MNL-BXU,2025.0,4,20755.584,46.3,5812.86,3735.34,5025.39,10020,465
Philippine Airlines,MNL-BXU,2025.0,4,8827.56,33.88,5812.86,3735.34,5025.39,10020,465
Philippine Airlines,MNL-CBO,2025.0,4,6914.9220000000005,33.88,10000.0,3735.34,10000.0,10020,101
AirAsia,MNL-CEB,2025.0,4,27942.78,13.93,3427.02,3735.34,2904.6,10020,3647
Cebgo,MNL-CEB,2025.0,4,2353.104,5.89,3427.02,3735.34,2904.6,10020,3647
Cebu Pacific,MNL-CEB,2025.0,4,39924.834,46.3,3427.02,3735.34,2904.6,10020,3647
Philippine Airlines,MNL-CEB,2025.0,4,53639.292,33.88,3427.02,3735.34,2904.6,10020,3647
AirAsia,MNL-CGY,2025.0,4,4631.4,13.93,4688.71,3735.34,3756.72,10020,1010
Cebu Pacific,MNL-CGY,2025.0,4,32103.780000000002,46.3,4688.71,3735.34,3756.72,10020,1010
Philippine Airlines,MNL-CGY,2025.0,4,16240.812,33.88,4688.71,3735.34,3756.72,10020,1010
Philippine Airlines,MNL-CRM,2025.0,4,860.608,33.88,10000.0,3735.34,10000.0,10020,43
Philippine Airlines,MNL-CYP,2025.0,4,699.2439999999999,33.88,10000.0,3735.34,5480.33,10020,70
Cebu Pacific,MNL-CYZ,2025.0,4,9352.08,46.3,10000.0,3735.34,10000.0,10020,120
Cebu Pacific,MNL-DGT,2025.0,4,13716.384,46.3,5235.14,3735.34,4471.38,10020,320
Philippine Airlines,MNL-DGT,2025.0,4,8827.56,33.88,5235.14,3735.34,4471.38,10020,320
Cebu Pacific,MNL-DPL,2025.0,4,4676.04,46.3,5010.48,3735.34,3769.85,10020,175
Philippine Airlines,MNL-DPL,2025.0,4,4266.654,33.88,5010.48,3735.34,3769.85,10020,175
Cebu Pacific,MNL-DRP,2025.0,4,17787.388,46.3,5099.55,3735.34,4587.73,10020,447
Philippine Airlines,MNL-DRP,2025.0,4,13388.466,33.88,5099.55,3735.34,4587.73,10020,447
Cebu Pacific,MNL-DVO,2025.0,4,49265.182,46.3,5038.4,3735.34,4991.46,10020,1559
Philippine Airlines,MNL-DVO,2025.0,4,41326.586,33.88,5038.4,3735.34,4991.46,10020,1559
Philippine Airlines,MNL-EUQ,2025.0,4,645.4559999999999,33.88,10000.0,3735.34,10000.0,10020,24
Cebu Pacific,MNL-GES,2025.0,4,14300.470000000001,46.3,5010.74,3735.34,5029.78,10020,307
Philippine Airlines,MNL-GES,2025.0,4,15690.276,33.88,5010.74,3735.34,5029.78,10020,307
Philippine Airlines,MNL-IAO,2025.0,4,4679.556,33.88,10000.0,3735.34,5007.72,10020,607
AirAsia,MNL-ILO,2025.0,4,18525.6,13.93,3360.85,3735.34,3237.04,10020,1039
Cebu Pacific,MNL-ILO,2025.0,4,22835.5,46.3,3360.85,3735.34,3237.04,10020,1039
Philippine Airlines,MNL-ILO,2025.0,4,22361.57,33.88,3360.85,3735.34,3237.04,10020,1039
AirAsia,MNL-KLO,2025.0,4,13739.82,13.93,6211.17,3735.34,5954.35,10020,211
Cebu Pacific,MNL-KLO,2025.0,4,4676.04,46.3,6211.17,3735.34,5954.35,10020,211
Philippine Airlines,MNL-LAO,2025.0,4,4560.906,33.88,10000.0,3735.34,10000.0,10020,88
Cebu Pacific,MNL-MNL,2025.0,4,311.736,46.3,5643.46,3735.34,3735.34,10020,10020
Philippine Airlines,MNL-MNL,2025.0,4,147.126,33.88,5643.46,3735.34,3735.34,10020,10020
AirAsia,MNL-MPH,2025.0,4,18371.22,13.93,3250.39,3735.34,3713.49,10020,1202
Cebgo,MNL-MPH,2025.0,4,1810.08,5.89,3250.39,3735.34,3713.49,10020,1202
Cebu Pacific,MNL-MPH,2025.0,4,23224.332,46.3,3250.39,3735.34,3713.49,10020,1202
Philippine Airlines,MNL-MPH,2025.0,4,14560.728000000001,33.88,3250.39,3735.34,3713.49,10020,1202
Cebu Pacific,MNL-OZC,2025.0,4,7169.928,46.3,10000.0,3735.34,5567.38,10020,146
Cebu Pacific,MNL-PAG,2025.0,4,4676.04,46.3,10000.0,3735.34,6614.81,10020,154
AirAsia,MNL-PPS,2025.0,4,6638.34,13.93,3833.73,3735.34,3807.0,10020,581
Cebu Pacific,MNL-PPS,2025.0,4,16092.952000000001,46.3,3833.73,3735.34,3807.0,10020,581
Philippine Airlines,MNL-PPS,2025.0,4,8699.418,33.88,3833.73,3735.34,3807.0,10020,581
Cebu Pacific,MNL-RXS,2025.0,4,4676.04,46.3,10000.0,3735.34,5289.36,10020,131
Cebu Pacific,MNL-SJI,2025.0,4,4676.04,46.3,10000.0,3735.34,10000.0,10020,60
AirAsia,MNL-TAC,2025.0,4,9262.8,13.93,3344.59,3735.34,3321.18,10020,690
Cebu Pacific,MNL-TAC,2025.0,4,8105.1359999999995,46.3,3344.59,3735.34,3321.18,10020,690
Philippine Airlines,MNL-TAC,2025.0,4,9105.992,33.88,3344.59,3735.34,3321.18,10020,690
AirAsia,MNL-TAG,2025.0,4,9262.8,13.93,3437.79,3735.34,3248.82,10020,590
Cebu Pacific,MNL-TAG,2025.0,4,10912.436,46.3,3437.79,3735.34,3248.82,10020,590
Philippine Airlines,MNL-TAG,2025.0,4,14138.334,33.88,3437.79,3735.34,3248.82,10020,590
Cebu Pacific,MNL-TUG,2025.0,4,9196.212,46.3,10000.0,3735.34,8010.38,10020,229
Cebgo,MNL-USU,2025.0,4,1749.744,5.89,10000.0,3735.34,5293.47,10020,352
Cebgo,MNL-WNP,2025.0,4,3258.144,5.89,10000.0,3735.34,10000.0,10020,111
Cebu Pacific,MPH-CEB,2025.0,4,4676.04,46.3,6314.65,3713.49,2904.6,1202,3647
Philippine Airlines,MPH-CEB,2025.0,4,1506.0639999999999,33.88,6314.65,3713.49,2904.6,1202,3647
Cebu Pacific,MPH-CRK,2025.0,4,9352.08,46.3,10000.0,3713.49,4515.62,1202,554
Cebu Pacific,MPH-DVO,2025.0,4,3117.3599999999997,46.3,10000.0,3713.49,4991.46,1202,1559
AirAsia,MPH-MNL,2025.0,4,23002.62,13.93,3251.26,3713.49,3735.34,1202,10020
Cebgo,MPH-MNL,2025.0,4,1810.08,5.89,3251.26,3713.49,3735.34,1202,10020
Cebu Pacific,MPH-MNL,2025.0,4,27900.372,46.3,3251.26,3713.49,3735.34,1202,10020
Philippine Airlines,MPH-MNL,2025.0,4,18974.508,33.88,3251.26,3713.49,3735.34,1202,10020
Cebgo,OZC-CEB,2025.0,4,1448.0639999999999,5.89,10000.0,5567.38,2904.6,146,3647
Cebu Pacific,OZC-MNL,2025.0,4,7169.928,46.3,5283.06,5567.38,3735.34,146,10020
Philippine Airlines,OZC-MNL,2025.0,4,4413.78,33.88,5283.06,5567.38,3735.34,146,10020
Cebgo,PAG-CEB,2025.0,4,2232.432,5.89,10000.0,6614.81,2904.6,154,3647
Cebu Pacific,PAG-MNL,2025.0,4,9352.08,46.3,10000.0,6614.81,3735.34,154,10020
Cebu Pacific,PPS-CEB,2025.0,4,5560.968,46.3,7474.05,3807.0,2904.6,581,3647
Philippine Airlines,PPS-CEB,2025.0,4,968.184,33.88,7474.05,3807.0,2904.6,581,3647
AirAsia,PPS-MNL,2025.0,4,11269.74,13.93,3492.55,3807.0,3735.34,581,10020
Cebu Pacific,PPS-MNL,2025.0,4,19205.284,46.3,3492.55,3807.0,3735.34,581,10020
Philippine Airlines,PPS-MNL,2025.0,4,18354.364,33.88,3492.55,3807.0,3735.34,581,10020
AirAsia,RXS-MNL,2025.0,4,2006.94,13.93,4462.84,5289.36,3735.34,131,10020
Cebu Pacific,RXS-MNL,2025.0,4,9196.212,46.3,4462.84,5289.36,3735.34,131,10020
Philippine Airlines,RXS-MNL,2025.0,4,4266.654,33.88,4462.84,5289.36,3735.34,131,10020
Cebu Pacific,SIN-ILO,2025.0,4,2026.2839999999999,46.3,10000.0,10000.0,3237.04,13,1039
Cebu Pacific,SJI-MNL,2025.0,4,4676.04,46.3,10000.0,10000.0,3735.34,60,10020
Cebgo,SUG-CEB,2025.0,4,1930.752,5.89,10000.0,10000.0,2904.6,46,3647
Cebgo,SWL-CEB,2025.0,4,784.3679999999999,5.89,10000.0,10000.0,2904.6,13,3647
Cebgo,TAC-CEB,2025.0,4,1930.752,5.89,5100.02,3321.18,2904.6,690,3647
Philippine Airlines,TAC-CEB,2025.0,4,1452.2759999999998,33.88,5100.02,3321.18,2904.6,690,3647
Cebu Pacific,TAC-DVO,2025.0,4,2026.2839999999999,46.3,10000.0,3321.18,4991.46,690,1559
Cebu Pacific,TAC-ILO,2025.0,4,2493.888,46.3,10000.0,3321.18,3237.04,690,1039
AirAsia,TAC-MNL,2025.0,4,18598.64,13.93,3546.09,3321.18,3735.34,690,10020
Cebu Pacific,TAC-MNL,2025.0,4,26029.956,46.3,3546.09,3321.18,3735.34,690,10020
Philippine Airlines,TAC-MNL,2025.0,4,14041.832,33.88,3546.09,3321.18,3735.34,690,10020
Cebgo,TAG-CRK,2025.0,4,1810.08,5.89,10000.0,3248.82,4515.62,590,554
Philippine Airlines,TAG-DVO,2025.0,4,1613.6399999999999,33.88,10000.0,3248.82,4991.46,590,1559
AirAsia,TAG-MNL,2025.0,4,9262.8,13.93,3756.48,3248.82,3735.34,590,10020
Cebu Pacific,TAG-MNL,2025.0,4,22366.22,46.3,3756.48,3248.82,3735.34,590,10020
Philippine Airlines,TAG-MNL,2025.0,4,13991.208,33.88,3756.48,3248.82,3735.34,590,10020
Cebu Pacific,TUG-MNL,2025.0,4,22289.124,46.3,7432.35,8010.38,3735.34,229,10020
Philippine Airlines,TUG-MNL,2025.0,4,3972.402,33.88,7432.35,8010.38,3735.34,229,10020
Cebgo,USU-CEB,2025.0,4,2292.768,5.89,5214.43,5293.47,2904.6,352,3647
Philippine Airlines,USU-CEB,2025.0,4,1506.0639999999999,33.88,5214.43,5293.47,2904.6,352,3647
Philippine Airlines,USU-CRK,2025.0,4,1559.8519999999999,33.88,10000.0,5293.47,4515.62,352,554
Cebgo,USU-MNL,2025.0,4,6697.296,5.89,6935.55,5293.47,3735.34,352,10020
Philippine Airlines,USU-MNL,2025.0,4,1559.8519999999999,33.88,6935.55,5293.47,3735.34,352,10020
Cebgo,WNP-MNL,2025.0,4,3439.152,5.89,10000.0,10000.0,3735.34,111,10020
Philippine Airlines,ZAM-CEB,2025.0,4,1559.8519999999999,33.88,10000.0,5748.96,2904.6,212,3647
Cebu Pacific,ZAM-DVO,2025.0,4,2981.6040000000003,46.3,10000.0,5748.96,4991.46,212,1559
Cebu Pacific,ZAM-MNL,2025.0,4,19857.248,46.3,6168.5,5748.96,3735.34,212,10020
Philippine Airlines,ZAM-MNL,2025.0,4,6914.9220000000005,33.88,6168.5,5748.96,3735.34,212,10020
Philippine Airlines,ZAM-TWT,2025.0,4,1618.386,33.88,10000.0,5748.96,10000.0,212,19
Cebgo,BCD-CEB,2025.0,5,1617.408,5.63,5120.1,3368.31,2969.63,762,3716
Philippine Airlines,BCD-CEB,2025.0,5,1183.336,33.73,5120.1,3368.31,2969.63,762,3716
Cebu Pacific,BCD-DVO,2025.0,5,2089.152,47.06,10000.0,3368.31,4861.86,762,1626
AirAsia,BCD-MNL,2025.0,5,16209.9,13.58,3488.63,3368.31,3789.59,762,10499
Cebu Pacific,BCD-MNL,2025.0,5,27910.656,47.06,3488.63,3368.31,3789.59,762,10499
Philippine Airlines,BCD-MNL,2025.0,5,22288.798000000003,33.73,3488.63,3368.31,3789.59,762,10499
Philippine Airlines,BPA-CEB,2025.0,5,699.2439999999999,33.73,10000.0,10000.0,2969.63,26,3716
Philippine Airlines,BSO-CRK,2025.0,5,1559.8519999999999,33.73,10000.0,10000.0,4183.29,89,638
Cebgo,BXU-CEB,2025.0,5,1804.032,5.63,5026.35,5128.14,2969.63,482,3716
Philippine Airlines,BXU-CEB,2025.0,5,1559.8519999999999,33.73,5026.35,5128.14,2969.63,482,3716
Cebu Pacific,BXU-MNL,2025.0,5,23086.08,47.06,5968.64,5128.14,3789.59,482,10499
Philippine Airlines,BXU-MNL,2025.0,5,8974.686,33.73,5968.64,5128.14,3789.59,482,10499
Philippine Airlines,CBO-MNL,2025.0,5,7062.048000000001,33.73,10000.0,10000.0,3789.59,107,10499
Philippine Airlines,CBO-TWT,2025.0,5,484.092,33.73,10000.0,10000.0,10000.0,107,18
Cebgo,CEB-BCD,2025.0,5,1679.616,5.63,5150.24,2969.63,3368.31,3716,762
Philippine Airlines,CEB-BCD,2025.0,5,1183.336,33.73,5150.24,2969.63,3368.31,3716,762
Philippine Airlines,CEB-BPA,2025.0,5,699.2439999999999,33.73,10000.0,2969.63,10000.0,3716,26
Cebgo,CEB-BXU,2025.0,5,1866.24,5.63,5004.23,2969.63,5128.14,3716,482
Philippine Airlines,CEB-BXU,2025.0,5,1760.7659999999998,33.73,5004.23,2969.63,5128.14,3716,482
Cebgo,CEB-CEB,2025.0,5,62.208,5.63,10000.0,2969.63,2969.63,3716,3716
Cebgo,CEB-CGM,2025.0,5,1866.24,5.63,10000.0,2969.63,10000.0,3716,59
Cebgo,CEB-CGY,2025.0,5,5971.968,5.63,5391.64,2969.63,3798.7,3716,1052
Philippine Airlines,CEB-CGY,2025.0,5,3360.1679999999997,33.73,5391.64,2969.63,3798.7,3716,1052
Cebgo,CEB-CRK,2025.0,5,559.872,5.63,6889.55,2969.63,4183.29,3716,638
Cebu Pacific,CEB-CRK,2025.0,5,2346.624,47.06,6889.55,2969.63,4183.29,3716,638
Philippine Airlines,CEB-CRM,2025.0,5,699.2439999999999,33.73,10000.0,2969.63,10000.0,3716,44
Cebgo,CEB-CYP,2025.0,5,1679.616,5.63,10000.0,2969.63,5755.48,3716,83
Cebgo,CEB-DGT,2025.0,5,1555.2,5.63,10000.0,2969.63,4813.1,3716,377
Cebgo,CEB-DPL,2025.0,5,1866.24,5.63,8645.31,2969.63,3775.52,3716,185
Philippine Airlines,CEB-DPL,2025.0,5,147.126,33.73,8645.31,2969.63,3775.52,3716,185
Cebgo,CEB-DRP,2025.0,5,1741.824,5.63,10000.0,2969.63,4669.3,3716,504
Cebu Pacific,CEB-DVO,2025.0,5,3395.52,47.06,5973.4,2969.63,4861.86,3716,1626
Philippine Airlines,CEB-DVO,2025.0,5,8757.952,33.73,5973.4,2969.63,4861.86,3716,1626
Philippine Airlines,CEB-GES,2025.0,5,1613.6399999999999,33.73,10000.0,2969.63,5054.11,3716,348
Cebgo,CEB-IAO,2025.0,5,5785.344,5.63,5196.08,2969.63,5000.08,3716,657
Philippine Airlines,CEB-IAO,2025.0,5,3872.736,33.73,5196.08,2969.63,5000.08,3716,657
Cebgo,CEB-ILO,2025.0,5,2612.736,5.63,10000.0,2969.63,3313.78,3716,1021
AirAsia,CEB-MNL,2025.0,5,23774.52,13.58,3641.83,2969.63,3789.59,3716,10499
Cebu Pacific,CEB-MNL,2025.0,5,50143.968,47.06,3641.83,2969.63,3789.59,3716,10499
Philippine Airlines,CEB-MNL,2025.0,5,51206.176,33.73,3641.83,2969.63,3789.59,3716,10499
Cebu Pacific,CEB-MPH,2025.0,5,4981.8240000000005,47.06,5444.11,2969.63,3707.01,3716,1239
Philippine Airlines,CEB-MPH,2025.0,5,2694.146,33.73,5444.11,2969.63,3707.01,3716,1239
Cebgo,CEB-OZC,2025.0,5,62.208,5.63,10000.0,2969.63,5694.39,3716,154
Cebgo,CEB-PAG,2025.0,5,1555.2,5.63,10000.0,2969.63,6900.27,3716,150
Cebu Pacific,CEB-PPS,2025.0,5,6084.288,47.06,6157.86,2969.63,3763.73,3716,593
Philippine Airlines,CEB-PPS,2025.0,5,2130.954,33.73,6157.86,2969.63,3763.73,3716,593
Cebu Pacific,CEB-SJI,2025.0,5,57.024,47.06,10000.0,2969.63,10000.0,3716,63
Cebgo,CEB-SUG,2025.0,5,1119.744,5.63,7700.68,2969.63,9029.1,3716,54
Cebu Pacific,CEB-SUG,2025.0,5,171.072,47.06,7700.68,2969.63,9029.1,3716,54
Cebgo,CEB-TAC,2025.0,5,373.248,5.63,7071.02,2969.63,3451.22,3716,718
Philippine Airlines,CEB-TAC,2025.0,5,1721.216,33.73,7071.02,2969.63,3451.22,3716,718
Cebgo,CEB-USU,2025.0,5,1928.4479999999999,5.63,5075.62,2969.63,5392.65,3716,368
Philippine Airlines,CEB-USU,2025.0,5,1506.0639999999999,33.73,5075.62,2969.63,5392.65,3716,368
Philippine Airlines,CEB-ZAM,2025.0,5,107.576,33.73,10000.0,2969.63,6127.36,3716,238
Cebgo,CGM-CEB,2025.0,5,1804.032,5.63,10000.0,10000.0,2969.63,59,3716
Cebgo,CGY-CEB,2025.0,5,5971.968,5.63,5351.88,3798.7,2969.63,1052,3716
Philippine Airlines,CGY-CEB,2025.0,5,3467.7439999999997,33.73,5351.88,3798.7,2969.63,1052,3716
Cebgo,CGY-DVO,2025.0,5,1119.744,5.63,10000.0,3798.7,4861.86,1052,1626
Cebu Pacific,CGY-ILO,2025.0,5,3856.896,47.06,10000.0,3798.7,3313.78,1052,1021
AirAsia,CGY-MNL,2025.0,5,4785.78,13.58,4364.94,3798.7,3789.59,1052,10499
Cebu Pacific,CGY-MNL,2025.0,5,29797.632,47.06,4364.94,3798.7,3789.59,1052,10499
Philippine Airlines,CGY-MNL,2025.0,5,21521.528000000002,33.73,4364.94,3798.7,3789.59,1052,10499
Philippine Airlines,CRK-BSO,2025.0,5,1559.8519999999999,33.73,10000.0,4183.29,10000.0,638,89
Cebgo,CRK-CEB,2025.0,5,497.664,5.63,7243.92,4183.29,2969.63,638,3716
Cebu Pacific,CRK-CEB,2025.0,5,2517.696,47.06,7243.92,4183.29,2969.63,638,3716
Cebu Pacific,CRK-CRK,2025.0,5,57.024,47.06,5004.26,4183.29,4183.29,638,638
Philippine Airlines,CRK-CRK,2025.0,5,53.788,33.73,5004.26,4183.29,4183.29,638,638
Cebu Pacific,CRK-DVO,2025.0,5,4304.448,47.06,10000.0,4183.29,4861.86,638,1626
Cebgo,CRK-ENI,2025.0,5,1928.4479999999999,5.63,10000.0,4183.29,10000.0,638,60
Cebgo,CRK-IAO,2025.0,5,1928.4479999999999,5.63,5055.83,4183.29,5000.08,638,657
Philippine Airlines,CRK-IAO,2025.0,5,1559.8519999999999,33.73,5055.83,4183.29,5000.08,638,657
Cebgo,CRK-MBT,2025.0,5,1928.4479999999999,5.63,10000.0,4183.29,10000.0,638,60
Philippine Airlines,CRK-MNL,2025.0,5,329.05600000000004,33.73,10000.0,4183.29,3789.59,638,10499
Cebu Pacific,CRK-MPH,2025.0,5,10020.672,47.06,10000.0,4183.29,3707.01,638,1239
Cebgo,CRK-TAG,2025.0,5,1804.032,5.63,10000.0,4183.29,3272.67,638,612
Philippine Airlines,CRK-USU,2025.0,5,1506.0639999999999,33.73,10000.0,4183.29,5392.65,638,368
Philippine Airlines,CRM-CEB,2025.0,5,753.0319999999999,33.73,10000.0,10000.0,2969.63,44,3716
Philippine Airlines,CRM-MNL,2025.0,5,53.788,33.73,10000.0,10000.0,3789.59,44,10499
Cebgo,CYP-CEB,2025.0,5,1741.824,5.63,10000.0,5755.48,2969.63,83,3716
Philippine Airlines,CYP-MNL,2025.0,5,753.0319999999999,33.73,10000.0,5755.48,3789.59,83,10499
Cebu Pacific,CYZ-MNL,2025.0,5,9963.648000000001,47.06,10000.0,10000.0,3789.59,125,10499
Cebgo,DGT-CEB,2025.0,5,1617.408,5.63,10000.0,4813.1,2969.63,377,3716
Cebu Pacific,DGT-MNL,2025.0,5,13659.84,47.06,5198.4,4813.1,3789.59,377,10499
Philippine Airlines,DGT-MNL,2025.0,5,9121.812,33.73,5198.4,4813.1,3789.59,377,10499
Cebu Pacific,DMK-ILO,2025.0,5,2249.856,47.06,10000.0,10000.0,3313.78,14,1021
Cebgo,DPL-CEB,2025.0,5,1741.824,5.63,10000.0,3775.52,2969.63,185,3716
Cebgo,DPL-DPL,2025.0,5,62.208,5.63,10000.0,3775.52,3775.52,185,185
Cebu Pacific,DPL-MNL,2025.0,5,4981.8240000000005,47.06,5009.73,3775.52,3789.59,185,10499
Philippine Airlines,DPL-MNL,2025.0,5,4560.906,33.73,5009.73,3775.52,3789.59,185,10499
Cebgo,DRP-CEB,2025.0,5,1741.824,5.63,10000.0,4669.3,2969.63,504,3716
Cebu Pacific,DRP-MNL,2025.0,5,21028.032,47.06,5103.31,4669.3,3789.59,504,10499
Philippine Airlines,DRP-MNL,2025.0,5,15742.482,33.73,5103.31,4669.3,3789.59,504,10499
Cebu Pacific,DVO-BCD,2025.0,5,2089.152,47.06,10000.0,4861.86,3368.31,1626,762
Cebu Pacific,DVO-CEB,2025.0,5,3395.52,47.06,5962.47,4861.86,2969.63,1626,3716
Philippine Airlines,DVO-CEB,2025.0,5,8704.163999999999,33.73,5962.47,4861.86,2969.63,1626,3716
Cebgo,DVO-CGY,2025.0,5,1119.744,5.63,10000.0,4861.86,3798.7,1626,1052
Cebu Pacific,DVO-CRK,2025.0,5,4304.448,47.06,10000.0,4861.86,4183.29,1626,638
Cebu Pacific,DVO-DGT,2025.0,5,198.72,47.06,10000.0,4861.86,4813.1,1626,377
Cebgo,DVO-IAO,2025.0,5,1928.4479999999999,5.63,10000.0,4861.86,5000.08,1626,657
Cebu Pacific,DVO-ILO,2025.0,5,3856.896,47.06,10000.0,4861.86,3313.78,1626,1021
Cebu Pacific,DVO-MNL,2025.0,5,53231.904,47.06,5058.95,4861.86,3789.59,1626,10499
Philippine Airlines,DVO-MNL,2025.0,5,42804.174,33.73,5058.95,4861.86,3789.59,1626,10499
Cebu Pacific,DVO-MPH,2025.0,5,3053.376,47.06,10000.0,4861.86,3707.01,1626,1239
Cebu Pacific,DVO-TAG,2025.0,5,160.704,47.06,8306.43,4861.86,3272.67,1626,612
Philippine Airlines,DVO-TAG,2025.0,5,1559.8519999999999,33.73,8306.43,4861.86,3272.67,1626,612
Cebgo,ENI-CRK,2025.0,5,1804.032,5.63,10000.0,10000.0,4183.29,60,638
Philippine Airlines,EUQ-MNL,2025.0,5,753.0319999999999,33.73,10000.0,10000.0,3789.59,27,10499
Philippine Airlines,GES-CEB,2025.0,5,1613.6399999999999,33.73,10000.0,5054.11,2969.63,348,3716
Cebu Pacific,GES-MNL,2025.0,5,21493.728,47.06,5115.16,5054.11,3789.59,348,10499
Philippine Airlines,GES-MNL,2025.0,5,15829.492,33.73,5115.16,5054.11,3789.59,348,10499
Cebgo,IAO-CEB,2025.0,5,5598.72,5.63,5234.97,5000.08,2969.63,657,3716
Philippine Airlines,IAO-CEB,2025.0,5,3603.796,33.73,5234.97,5000.08,2969.63,657,3716
Cebgo,IAO-CRK,2025.0,5,1866.24,5.63,5015.83,5000.08,4183.29,657,638
Philippine Airlines,IAO-CRK,2025.0,5,1667.4279999999999,33.73,5015.83,5000.08,4183.29,657,638
Cebgo,IAO-DVO,2025.0,5,1928.4479999999999,5.63,10000.0,5000.08,4861.86,657,1626
Philippine Airlines,IAO-MNL,2025.0,5,3227.2799999999997,33.73,10000.0,5000.08,3789.59,657,10499
Cebgo,ILO-CEB,2025.0,5,2674.944,5.63,10000.0,3313.78,2969.63,1021,3716
Cebu Pacific,ILO-CGY,2025.0,5,4017.6000000000004,47.06,10000.0,3313.78,3798.7,1021,1052
Cebu Pacific,ILO-DVO,2025.0,5,3856.896,47.06,10000.0,3313.78,4861.86,1021,1626
AirAsia,ILO-MNL,2025.0,5,24333.94,13.58,3377.47,3313.78,3789.59,1021,10499
Cebu Pacific,ILO-MNL,2025.0,5,19809.792,47.06,3377.47,3313.78,3789.59,1021,10499
Philippine Airlines,ILO-MNL,2025.0,5,18776.758,33.73,3377.47,3313.78,3789.59,1021,10499
Cebu Pacific,ILO-TAC,2025.0,5,2410.56,47.06,10000.0,3313.78,3451.22,1021,718
AirAsia,KLO-MNL,2025.0,5,14202.96,13.58,6155.11,6175.13,3789.59,248,10499
Cebu Pacific,KLO-MNL,2025.0,5,4981.8240000000005,47.06,6155.11,6175.13,3789.59,248,10499
Philippine Airlines,LAO-MNL,2025.0,5,8680.434000000001,33.73,10000.0,10000.0,3789.59,89,10499
Cebgo,MBT-CRK,2025.0,5,1804.032,5.63,10000.0,10000.0,4183.29,60,638
AirAsia,MNL-BCD,2025.0,5,9571.56,13.58,3536.39,3789.59,3368.31,10499,762
Cebu Pacific,MNL-BCD,2025.0,5,17817.408,47.06,3536.39,3789.59,3368.31,10499,762
Philippine Airlines,MNL-BCD,2025.0,5,13538.756000000001,33.73,3536.39,3789.59,3368.31,10499,762
Philippine Airlines,MNL-BSO,2025.0,5,1667.4279999999999,33.73,10000.0,3789.59,10000.0,10499,89
Cebu Pacific,MNL-BXU,2025.0,5,23086.08,47.06,5939.9,3789.59,5128.14,10499,482
Philippine Airlines,MNL-BXU,2025.0,5,9121.812,33.73,5939.9,3789.59,5128.14,10499,482
Philippine Airlines,MNL-CBO,2025.0,5,7356.3,33.73,10000.0,3789.59,10000.0,10499,107
AirAsia,MNL-CEB,2025.0,5,28714.68,13.58,3405.22,3789.59,2969.63,10499,3716
Cebgo,MNL-CEB,2025.0,5,2612.736,5.63,3405.22,3789.59,2969.63,10499,3716
Cebu Pacific,MNL-CEB,2025.0,5,44223.840000000004,47.06,3405.22,3789.59,2969.63,10499,3716
Philippine Airlines,MNL-CEB,2025.0,5,54597.984000000004,33.73,3405.22,3789.59,2969.63,10499,3716
AirAsia,MNL-CGY,2025.0,5,4631.4,13.58,4783.61,3789.59,3798.7,10499,1052
Cebu Pacific,MNL-CGY,2025.0,5,34689.6,47.06,4783.61,3789.59,3798.7,10499,1052
Philippine Airlines,MNL-CGY,2025.0,5,16821.406,33.73,4783.61,3789.59,3798.7,10499,1052
Philippine Airlines,MNL-CRM,2025.0,5,860.608,33.73,10000.0,3789.59,10000.0,10499,44
Philippine Airlines,MNL-CYP,2025.0,5,753.0319999999999,33.73,10000.0,3789.59,5755.48,10499,83
Cebu Pacific,MNL-CYZ,2025.0,5,10124.352,47.06,10000.0,3789.59,10000.0,10499,125
Cebu Pacific,MNL-DGT,2025.0,5,18641.664,47.06,5587.87,3789.59,4813.1,10499,377
Philippine Airlines,MNL-DGT,2025.0,5,9121.812,33.73,5587.87,3789.59,4813.1,10499,377
Cebu Pacific,MNL-DPL,2025.0,5,4981.8240000000005,47.06,5009.73,3789.59,3775.52,10499,185
Philippine Airlines,MNL-DPL,2025.0,5,4560.906,33.73,5009.73,3789.59,3775.52,10499,185
Cebu Pacific,MNL-DRP,2025.0,5,21188.736,47.06,5089.67,3789.59,4669.3,10499,504
Philippine Airlines,MNL-DRP,2025.0,5,16183.86,33.73,5089.67,3789.59,4669.3,10499,504
Cebu Pacific,MNL-DVO,2025.0,5,49117.536,47.06,5016.89,3789.59,4861.86,10499,1626
Philippine Airlines,MNL-DVO,2025.0,5,43721.734000000004,33.73,5016.89,3789.59,4861.86,10499,1626
Philippine Airlines,MNL-EUQ,2025.0,5,699.2439999999999,33.73,10000.0,3789.59,10000.0,10499,27
Cebu Pacific,MNL-GES,2025.0,5,21493.728,47.06,5115.16,3789.59,5054.11,10499,348
Philippine Airlines,MNL-GES,2025.0,5,15829.492,33.73,5115.16,3789.59,5054.11,10499,348
Philippine Airlines,MNL-IAO,2025.0,5,4948.496,33.73,10000.0,3789.59,5000.08,10499,657
AirAsia,MNL-ILO,2025.0,5,18679.98,13.58,3375.54,3789.59,3313.78,10499,1021
Cebu Pacific,MNL-ILO,2025.0,5,24473.664,47.06,3375.54,3789.59,3313.78,10499,1021
Philippine Airlines,MNL-ILO,2025.0,5,23225.342,33.73,3375.54,3789.59,3313.78,10499,1021
AirAsia,MNL-KLO,2025.0,5,14511.72,13.58,6194.99,3789.59,6175.13,10499,248
Cebu Pacific,MNL-KLO,2025.0,5,4981.8240000000005,47.06,6194.99,3789.59,6175.13,10499,248
Philippine Airlines,MNL-LAO,2025.0,5,4413.78,33.73,10000.0,3789.59,10000.0,10499,89
Cebu Pacific,MNL-MNL,2025.0,5,198.72,47.06,10000.0,3789.59,3789.59,10499,10499
AirAsia,MNL-MPH,2025.0,5,18988.739999999998,13.58,3261.3,3789.59,3707.01,10499,1239
Cebgo,MNL-MPH,2025.0,5,1866.24,5.63,3261.3,3789.59,3707.01,10499,1239
Cebu Pacific,MNL-MPH,2025.0,5,24748.416,47.06,3261.3,3789.59,3707.01,10499,1239
Philippine Airlines,MNL-MPH,2025.0,5,15403.934000000001,33.73,3261.3,3789.59,3707.01,10499,1239
Cebu Pacific,MNL-OZC,2025.0,5,7874.496,47.06,10000.0,3789.59,5694.39,10499,154
Cebu Pacific,MNL-PAG,2025.0,5,5142.528,47.06,10000.0,3789.59,6900.27,10499,150
AirAsia,MNL-PPS,2025.0,5,6947.099999999999,13.58,3814.33,3789.59,3763.73,10499,593
Cebu Pacific,MNL-PPS,2025.0,5,16574.976,47.06,3814.33,3789.59,3763.73,10499,593
Philippine Airlines,MNL-PPS,2025.0,5,9082.262,33.73,3814.33,3789.59,3763.73,10499,593
Cebu Pacific,MNL-RXS,2025.0,5,4981.8240000000005,47.06,10000.0,3789.59,5276.45,10499,137
Cebu Pacific,MNL-SJI,2025.0,5,4981.8240000000005,47.06,10000.0,3789.59,10000.0,10499,63
AirAsia,MNL-TAC,2025.0,5,9725.94,13.58,3334.02,3789.59,3451.22,10499,718
Cebu Pacific,MNL-TAC,2025.0,5,9802.944000000001,47.06,3334.02,3789.59,3451.22,10499,718
Philippine Airlines,MNL-TAC,2025.0,5,9477.762,33.73,3334.02,3789.59,3451.22,10499,718
AirAsia,MNL-TAG,2025.0,5,9725.94,13.58,3417.3,3789.59,3272.67,10499,612
Cebu Pacific,MNL-TAG,2025.0,5,11847.168,47.06,3417.3,3789.59,3272.67,10499,612
Philippine Airlines,MNL-TAG,2025.0,5,14378.798,33.73,3417.3,3789.59,3272.67,10499,612
Cebu Pacific,MNL-TUG,2025.0,5,9963.648000000001,47.06,10000.0,3789.59,7947.07,10499,247
Cebgo,MNL-USU,2025.0,5,1990.656,5.63,10000.0,3789.59,5392.65,10499,368
Cebgo,MNL-WNP,2025.0,5,3048.192,5.63,10000.0,3789.59,10000.0,10499,100
Cebu Pacific,MPH-CEB,2025.0,5,4981.8240000000005,47.06,5444.11,3707.01,2969.63,1239,3716
Philippine Airlines,MPH-CEB,2025.0,5,2694.146,33.73,5444.11,3707.01,2969.63,1239,3716
Cebu Pacific,MPH-CRK,2025.0,5,9963.648000000001,47.06,10000.0,3707.01,4183.29,1239,638
Cebu Pacific,MPH-DVO,2025.0,5,3053.376,47.06,10000.0,3707.01,4861.86,1239,1626
AirAsia,MPH-MNL,2025.0,5,23620.14,13.58,3267.55,3707.01,3789.59,1239,10499
Cebgo,MPH-MNL,2025.0,5,1804.032,5.63,3267.55,3707.01,3789.59,1239,10499
Cebu Pacific,MPH-MNL,2025.0,5,29569.536,47.06,3267.55,3707.01,3789.59,1239,10499
Philippine Airlines,MPH-MNL,2025.0,5,19763.926,33.73,3267.55,3707.01,3789.59,1239,10499
Cebgo,OZC-CEB,2025.0,5,1555.2,5.63,10000.0,5694.39,2969.63,154,3716
Cebu Pacific,OZC-MNL,2025.0,5,7874.496,47.06,5396.57,5694.39,3789.59,154,10499
Philippine Airlines,OZC-MNL,2025.0,5,4413.78,33.73,5396.57,5694.39,3789.59,154,10499
Cebgo,PAG-CEB,2025.0,5,1990.656,5.63,10000.0,6900.27,2969.63,150,3716
Cebu Pacific,PAG-MNL,2025.0,5,9802.944000000001,47.06,10000.0,6900.27,3789.59,150,10499
Cebu Pacific,PPS-CEB,2025.0,5,6084.288,47.06,6205.31,3763.73,2969.63,593,3716
Philippine Airlines,PPS-CEB,2025.0,5,2077.166,33.73,6205.31,3763.73,2969.63,593,3716
Cebgo,PPS-CRK,2025.0,5,62.208,5.63,10000.0,3763.73,4183.29,593,638
AirAsia,PPS-MNL,2025.0,5,11732.88,13.58,3469.22,3763.73,3789.59,593,10499
Cebu Pacific,PPS-MNL,2025.0,5,18883.584,47.06,3469.22,3763.73,3789.59,593,10499
Philippine Airlines,PPS-MNL,2025.0,5,18640.706000000002,33.73,3469.22,3763.73,3789.59,593,10499
AirAsia,RXS-MNL,2025.0,5,2161.3199999999997,13.58,4451.82,5276.45,3789.59,137,10499
Cebu Pacific,RXS-MNL,2025.0,5,9802.944000000001,47.06,4451.82,5276.45,3789.59,137,10499
Philippine Airlines,RXS-MNL,2025.0,5,4560.906,33.73,4451.82,5276.45,3789.59,137,10499
Cebu Pacific,SIN-ILO,2025.0,5,2249.856,47.06,10000.0,10000.0,3313.78,14,1021
Cebu Pacific,SJI-MNL,2025.0,5,4981.8240000000005,47.06,10000.0,10000.0,3789.59,63,10499
Cebgo,SUG-CEB,2025.0,5,2052.864,5.63,10000.0,9029.1,2969.63,54,3716
Cebgo,SWL-CEB,2025.0,5,1057.536,5.63,10000.0,10000.0,2969.63,17,3716
Cebgo,TAC-CEB,2025.0,5,995.328,5.63,5318.55,3451.22,2969.63,718,3716
Philippine Airlines,TAC-CEB,2025.0,5,1667.4279999999999,33.73,5318.55,3451.22,2969.63,718,3716
Cebu Pacific,TAC-DVO,2025.0,5,2249.856,47.06,10000.0,3451.22,4861.86,718,1626
Cebu Pacific,TAC-ILO,2025.0,5,2410.56,47.06,10000.0,3451.22,3313.78,718,1021
AirAsia,TAC-MNL,2025.0,5,19252.68,13.58,3618.08,3451.22,3789.59,718,10499
Cebu Pacific,TAC-MNL,2025.0,5,29730.24,47.06,3618.08,3451.22,3789.59,718,10499
Philippine Airlines,TAC-MNL,2025.0,5,14900.858,33.73,3618.08,3451.22,3789.59,718,10499
Cebgo,TAG-CRK,2025.0,5,1804.032,5.63,10000.0,3272.67,4183.29,612,638
Cebu Pacific,TAG-DVO,2025.0,5,160.704,47.06,8396.43,3272.67,4861.86,612,1626
Philippine Airlines,TAG-DVO,2025.0,5,1667.4279999999999,33.73,8396.43,3272.67,4861.86,612,1626
AirAsia,TAG-MNL,2025.0,5,9571.56,13.58,3800.23,3272.67,3789.59,612,10499
Cebu Pacific,TAG-MNL,2025.0,5,23825.664,47.06,3800.23,3272.67,3789.59,612,10499
Philippine Airlines,TAG-MNL,2025.0,5,14196.868,33.73,3800.23,3272.67,3789.59,612,10499
Cebu Pacific,TUG-MNL,2025.0,5,24748.416,47.06,7372.05,7947.07,3789.59,247,10499
Philippine Airlines,TUG-MNL,2025.0,5,4560.906,33.73,7372.05,7947.07,3789.59,247,10499
Cebgo,USU-CEB,2025.0,5,2426.112,5.63,5236.16,5392.65,2969.63,368,3716
Philippine Airlines,USU-CEB,2025.0,5,1559.8519999999999,33.73,5236.16,5392.65,2969.63,368,3716
Philippine Airlines,USU-CRK,2025.0,5,1667.4279999999999,33.73,10000.0,5392.65,4183.29,368,638
Cebgo,USU-MNL,2025.0,5,7527.168,5.63,7156.18,5392.65,3789.59,368,10499
Philippine Airlines,USU-MNL,2025.0,5,1559.8519999999999,33.73,7156.18,5392.65,3789.59,368,10499
Cebgo,WNP-MNL,2025.0,5,3172.6079999999997,5.63,10000.0,10000.0,3789.59,100,10499
Philippine Airlines,ZAM-CEB,2025.0,5,1667.4279999999999,33.73,10000.0,6127.36,2969.63,238,3716
Cebu Pacific,ZAM-DVO,2025.0,5,3348.864,47.06,10000.0,6127.36,4861.86,238,1626
Cebu Pacific,ZAM-MNL,2025.0,5,25187.328,47.06,6579.42,6127.36,3789.59,238,10499
Philippine Airlines,ZAM-MNL,2025.0,5,7062.048000000001,33.73,6579.42,6127.36,3789.59,238,10499
Philippine Airlines,ZAM-TWT,2025.0,5,1324.134,33.73,10000.0,6127.36,10000.0,238,18
Cebgo,BCD-CEB,2025.0,6,1890.0,5.85,5045.79,3270.94,2943.99,743,3693
Philippine Airlines,BCD-CEB,2025.0,6,1559.8519999999999,34.49,5045.79,3270.94,2943.99,743,3693
Cebu Pacific,BCD-DVO,2025.0,6,1953.0,46.05,10000.0,3270.94,4930.36,743,1624
AirAsia,BCD-MNL,2025.0,6,15746.76,13.61,3420.39,3270.94,3753.43,743,9935
Cebu Pacific,BCD-MNL,2025.0,6,23101.75,46.05,3420.39,3270.94,3753.43,743,9935
Philippine Airlines,BCD-MNL,2025.0,6,22296.708000000002,34.49,3420.39,3270.94,3753.43,743,9935
Philippine Airlines,BPA-CEB,2025.0,6,699.2439999999999,34.49,10000.0,10000.0,2943.99,26,3693
Philippine Airlines,BSO-CRK,2025.0,6,1452.2759999999998,34.49,10000.0,10000.0,3868.82,85,521
Cebgo,BXU-CEB,2025.0,6,2457.0,5.85,5249.42,4559.39,2943.99,438,3693
Philippine Airlines,BXU-CEB,2025.0,6,1559.8519999999999,34.49,5249.42,4559.39,2943.99,438,3693
Cebu Pacific,BXU-MNL,2025.0,6,17573.5,46.05,5548.71,4559.39,3753.43,438,9935
Philippine Airlines,BXU-MNL,2025.0,6,8827.56,34.49,5548.71,4559.39,3753.43,438,9935
Philippine Airlines,CBO-MNL,2025.0,6,6914.9220000000005,34.49,10000.0,10000.0,3753.43,102,9935
Philippine Airlines,CBO-TWT,2025.0,6,376.51599999999996,34.49,10000.0,10000.0,10000.0,102,17
Cebgo,CEB-BCD,2025.0,6,1890.0,5.85,5031.11,2943.99,3270.94,3693,743
Philippine Airlines,CEB-BCD,2025.0,6,1613.6399999999999,34.49,5031.11,2943.99,3270.94,3693,743
Philippine Airlines,CEB-BPA,2025.0,6,699.2439999999999,34.49,10000.0,2943.99,10000.0,3693,26
Cebgo,CEB-BXU,2025.0,6,2520.0,5.85,5240.38,2943.99,4559.39,3693,438
Philippine Airlines,CEB-BXU,2025.0,6,1613.6399999999999,34.49,5240.38,2943.99,4559.39,3693,438
Philippine Airlines,CEB-CBO,2025.0,6,147.126,34.49,10000.0,2943.99,10000.0,3693,102
Cebgo,CEB-CGM,2025.0,6,1890.0,5.85,10000.0,2943.99,10000.0,3693,59
Cebgo,CEB-CGY,2025.0,6,6489.0,5.85,5602.4,2943.99,3782.61,3693,1010
Philippine Airlines,CEB-CGY,2025.0,6,3145.0159999999996,34.49,5602.4,2943.99,3782.61,3693,1010
Cebgo,CEB-CRK,2025.0,6,504.0,5.85,6190.72,2943.99,3868.82,3693,521
Cebu Pacific,CEB-CRK,2025.0,6,1464.75,46.05,6190.72,2943.99,3868.82,3693,521
Philippine Airlines,CEB-CRM,2025.0,6,645.4559999999999,34.49,10000.0,2943.99,10000.0,3693,43
Cebgo,CEB-CYP,2025.0,6,945.0,5.85,10000.0,2943.99,5208.29,3693,55
Cebgo,CEB-DGT,2025.0,6,1701.0,5.85,10000.0,2943.99,4689.21,3693,354
Cebgo,CEB-DPL,2025.0,6,1890.0,5.85,10000.0,2943.99,3759.11,3693,179
Cebgo,CEB-DRP,2025.0,6,1638.0,5.85,7024.79,2943.99,4645.52,3693,481
Cebu Pacific,CEB-DRP,2025.0,6,364.0,46.05,7024.79,2943.99,4645.52,3693,481
Cebu Pacific,CEB-DVO,2025.0,6,7182.0,46.05,5021.75,2943.99,4930.36,3693,1624
Philippine Airlines,CEB-DVO,2025.0,6,6293.196,34.49,5021.75,2943.99,4930.36,3693,1624
Philippine Airlines,CEB-GES,2025.0,6,1290.9119999999998,34.49,10000.0,2943.99,5000.23,3693,327
Cebgo,CEB-IAO,2025.0,6,5670.0,5.85,5232.74,2943.99,5001.06,3693,637
Philippine Airlines,CEB-IAO,2025.0,6,3657.584,34.49,5232.74,2943.99,5001.06,3693,637
Cebgo,CEB-ILO,2025.0,6,3591.0,5.85,10000.0,2943.99,3234.31,3693,994
AirAsia,CEB-MNL,2025.0,6,23157.0,13.61,3635.82,2943.99,3753.43,3693,9935
Cebu Pacific,CEB-MNL,2025.0,6,48618.5,46.05,3635.82,2943.99,3753.43,3693,9935
Philippine Airlines,CEB-MNL,2025.0,6,49238.168000000005,34.49,3635.82,2943.99,3753.43,3693,9935
Cebgo,CEB-MPH,2025.0,6,63.0,5.85,6147.18,2943.99,3617.44,3693,1155
Cebu Pacific,CEB-MPH,2025.0,6,4882.5,46.05,6147.18,2943.99,3617.44,3693,1155
Philippine Airlines,CEB-MPH,2025.0,6,1613.6399999999999,34.49,6147.18,2943.99,3617.44,3693,1155
Cebgo,CEB-PAG,2025.0,6,1260.0,5.85,10000.0,2943.99,6911.86,3693,140
Cebu Pacific,CEB-PPS,2025.0,6,5922.0,46.05,6909.16,2943.99,3798.79,3693,560
Philippine Airlines,CEB-PPS,2025.0,6,1398.4879999999998,34.49,6909.16,2943.99,3798.79,3693,560
Cebgo,CEB-SUG,2025.0,6,1008.0,5.85,10000.0,2943.99,10000.0,3693,46
Cebgo,CEB-TAC,2025.0,6,441.0,5.85,6628.65,2943.99,3411.97,3693,688
Philippine Airlines,CEB-TAC,2025.0,6,1613.6399999999999,34.49,6628.65,2943.99,3411.97,3693,688
Cebgo,CEB-USU,2025.0,6,1890.0,5.85,5019.57,2943.99,5301.63,3693,347
Philippine Airlines,CEB-USU,2025.0,6,1667.4279999999999,34.49,5019.57,2943.99,5301.63,3693,347
Cebgo,CGM-CEB,2025.0,6,1827.0,5.85,10000.0,10000.0,2943.99,59,3693
Cebgo,CGY-CEB,2025.0,6,6552.0,5.85,5591.3,3782.61,2943.99,1010,3693
Philippine Airlines,CGY-CEB,2025.0,6,3198.8039999999996,34.49,5591.3,3782.61,2943.99,1010,3693
Cebgo,CGY-DVO,2025.0,6,819.0,5.85,10000.0,3782.61,4930.36,1010,1624
Cebu Pacific,CGY-ILO,2025.0,6,1953.0,46.05,10000.0,3782.61,3234.31,1010,994
AirAsia,CGY-MNL,2025.0,6,4631.4,13.61,4475.76,3782.61,3753.43,1010,9935
Cebu Pacific,CGY-MNL,2025.0,6,31358.25,46.05,4475.76,3782.61,3753.43,1010,9935
Philippine Airlines,CGY-MNL,2025.0,6,20170.5,34.49,4475.76,3782.61,3753.43,1010,9935
Philippine Airlines,CRK-BSO,2025.0,6,1452.2759999999998,34.49,10000.0,3868.82,10000.0,521,85
Cebgo,CRK-CEB,2025.0,6,504.0,5.85,6190.72,3868.82,2943.99,521,3693
Cebu Pacific,CRK-CEB,2025.0,6,1464.75,46.05,6190.72,3868.82,2943.99,521,3693
Cebu Pacific,CRK-DVO,2025.0,6,1464.75,46.05,10000.0,3868.82,4930.36,521,1624
Cebgo,CRK-ENI,2025.0,6,1512.0,5.85,10000.0,3868.82,10000.0,521,48
Cebgo,CRK-IAO,2025.0,6,1890.0,5.85,5031.11,3868.82,5001.06,521,637
Philippine Airlines,CRK-IAO,2025.0,6,1613.6399999999999,34.49,5031.11,3868.82,5001.06,521,637
Cebu Pacific,CRK-ILO,2025.0,6,2278.5,46.05,10000.0,3868.82,3234.31,521,994
Cebgo,CRK-MBT,2025.0,6,1071.0,5.85,10000.0,3868.82,10000.0,521,34
AirAsia,CRK-MNL,2025.0,6,154.38,13.61,3798.26,3868.82,3753.43,521,9935
Cebu Pacific,CRK-MNL,2025.0,6,162.75,46.05,3798.26,3868.82,3753.43,521,9935
Philippine Airlines,CRK-MNL,2025.0,6,329.05600000000004,34.49,3798.26,3868.82,3753.43,521,9935
Cebu Pacific,CRK-MPH,2025.0,6,6835.5,46.05,10000.0,3868.82,3617.44,521,1155
Cebgo,CRK-TAG,2025.0,6,1260.0,5.85,10000.0,3868.82,3302.09,521,558
Cebu Pacific,CRK-TBH,2025.0,6,57.75,46.05,10000.0,3868.82,10000.0,521,1
Philippine Airlines,CRK-USU,2025.0,6,1506.0639999999999,34.49,10000.0,3868.82,5301.63,521,347
Philippine Airlines,CRM-CEB,2025.0,6,645.4559999999999,34.49,10000.0,10000.0,2943.99,43,3693
Philippine Airlines,CRM-MNL,2025.0,6,53.788,34.49,10000.0,10000.0,3753.43,43,9935
Cebgo,CYP-CEB,2025.0,6,1008.0,5.85,10000.0,5208.29,2943.99,55,3693
Philippine Airlines,CYP-MNL,2025.0,6,645.4559999999999,34.49,10000.0,5208.29,3753.43,55,9935
Cebu Pacific,CYZ-MNL,2025.0,6,7323.75,46.05,10000.0,10000.0,3753.43,91,9935
Cebgo,DGT-CEB,2025.0,6,1701.0,5.85,10000.0,4689.21,2943.99,354,3693
Cebu Pacific,DGT-MNL,2025.0,6,14159.25,46.05,5287.72,4689.21,3753.43,354,9935
Philippine Airlines,DGT-MNL,2025.0,6,8680.434000000001,34.49,5287.72,4689.21,3753.43,354,9935
Cebu Pacific,DMK-ILO,2025.0,6,1953.0,46.05,10000.0,10000.0,3234.31,12,994
Cebgo,DPL-CEB,2025.0,6,1827.0,5.85,10000.0,3759.11,2943.99,179,3693
Cebu Pacific,DPL-MNL,2025.0,6,4882.5,46.05,5012.71,3759.11,3753.43,179,9935
Philippine Airlines,DPL-MNL,2025.0,6,4413.78,34.49,5012.71,3759.11,3753.43,179,9935
Cebgo,DRP-CEB,2025.0,6,1638.0,5.85,6317.58,4645.52,2943.99,481,3693
Cebu Pacific,DRP-CEB,2025.0,6,526.75,46.05,6317.58,4645.52,2943.99,481,3693
Cebu Pacific,DRP-MNL,2025.0,6,19283.25,46.05,5051.1,4645.52,3753.43,481,9935
Philippine Airlines,DRP-MNL,2025.0,6,15742.482,34.49,5051.1,4645.52,3753.43,481,9935
Cebu Pacific,DVO-BCD,2025.0,6,1953.0,46.05,10000.0,4930.36,3270.94,1624,743
Cebu Pacific,DVO-CEB,2025.0,6,7182.0,46.05,5031.11,4930.36,2943.99,1624,3693
Philippine Airlines,DVO-CEB,2025.0,6,6131.831999999999,34.49,5031.11,4930.36,2943.99,1624,3693
Cebgo,DVO-CGY,2025.0,6,756.0,5.85,10000.0,4930.36,3782.61,1624,1010
Cebu Pacific,DVO-CRK,2025.0,6,1302.0,46.05,10000.0,4930.36,3868.82,1624,521
Cebgo,DVO-IAO,2025.0,6,1890.0,5.85,10000.0,4930.36,5001.06,1624,637
Cebu Pacific,DVO-ILO,2025.0,6,5344.5,46.05,10000.0,4930.36,3234.31,1624,994
Cebu Pacific,DVO-MNL,2025.0,6,52338.125,46.05,5041.73,4930.36,3753.43,1624,9935
Philippine Airlines,DVO-MNL,2025.0,6,43576.19,34.49,5041.73,4930.36,3753.43,1624,9935
Cebu Pacific,DVO-MPH,2025.0,6,1953.0,46.05,10000.0,4930.36,3617.44,1624,1155
Cebu Pacific,DVO-TAG,2025.0,6,1991.5,46.05,5073.87,4930.36,3302.09,1624,558
Philippine Airlines,DVO-TAG,2025.0,6,1559.8519999999999,34.49,5073.87,4930.36,3302.09,1624,558
Cebgo,ENI-CRK,2025.0,6,1512.0,5.85,10000.0,10000.0,3868.82,48,521
Philippine Airlines,EUQ-MNL,2025.0,6,537.88,34.49,10000.0,10000.0,3753.43,20,9935
Philippine Airlines,GES-CEB,2025.0,6,1398.4879999999998,34.49,10000.0,5000.23,2943.99,327,3693
Cebu Pacific,GES-MNL,2025.0,6,17522.75,46.05,5012.51,5000.23,3753.43,327,9935
Philippine Airlines,GES-MNL,2025.0,6,15853.222,34.49,5012.51,5000.23,3753.43,327,9935
Cebgo,IAO-CEB,2025.0,6,5544.0,5.85,5224.92,5001.06,2943.99,637,3693
Philippine Airlines,IAO-CEB,2025.0,6,3603.796,34.49,5224.92,5001.06,2943.99,637,3693
Cebgo,IAO-CRK,2025.0,6,1890.0,5.85,5031.11,5001.06,3868.82,637,521
Philippine Airlines,IAO-CRK,2025.0,6,1613.6399999999999,34.49,5031.11,5001.06,3868.82,637,521
Cebgo,IAO-DVO,2025.0,6,1890.0,5.85,10000.0,5001.06,4930.36,637,1624
Philippine Airlines,IAO-MNL,2025.0,6,3012.1279999999997,34.49,10000.0,5001.06,3753.43,637,9935
Cebgo,ILO-CEB,2025.0,6,3528.0,5.85,10000.0,3234.31,2943.99,994,3693
Cebu Pacific,ILO-CGY,2025.0,6,1953.0,46.05,10000.0,3234.31,3782.61,994,1010
Cebu Pacific,ILO-CRK,2025.0,6,2278.5,46.05,10000.0,3234.31,3868.82,994,521
Cebu Pacific,ILO-DVO,2025.0,6,5344.5,46.05,10000.0,3234.31,4930.36,994,1624
AirAsia,ILO-MNL,2025.0,6,20280.22,13.61,3349.1,3234.31,3753.43,994,9935
Cebu Pacific,ILO-MNL,2025.0,6,17158.75,46.05,3349.1,3234.31,3753.43,994,9935
Philippine Airlines,ILO-MNL,2025.0,6,18442.956000000002,34.49,3349.1,3234.31,3753.43,994,9935
Cebu Pacific,ILO-TAC,2025.0,6,1953.0,46.05,10000.0,3234.31,3411.97,994,688
AirAsia,KLO-MNL,2025.0,6,13894.199999999999,13.61,6151.71,6151.71,3753.43,240,9935
Cebu Pacific,KLO-MNL,2025.0,6,4882.5,46.05,6151.71,6151.71,3753.43,240,9935
Philippine Airlines,LAO-MNL,2025.0,6,8386.182,34.49,10000.0,10000.0,3753.43,86,9935
Cebgo,MBT-CRK,2025.0,6,1071.0,5.85,10000.0,10000.0,3868.82,34,521
AirAsia,MNL-BCD,2025.0,6,9262.8,13.61,3503.18,3753.43,3270.94,9935,743
Cebu Pacific,MNL-BCD,2025.0,6,16434.25,46.05,3503.18,3753.43,3270.94,9935,743
Philippine Airlines,MNL-BCD,2025.0,6,13329.932,34.49,3503.18,3753.43,3270.94,9935,743
Philippine Airlines,MNL-BSO,2025.0,6,1667.4279999999999,34.49,10000.0,3753.43,10000.0,9935,85
Cebu Pacific,MNL-BXU,2025.0,6,17573.5,46.05,5548.71,3753.43,4559.39,9935,438
Philippine Airlines,MNL-BXU,2025.0,6,8827.56,34.49,5548.71,3753.43,4559.39,9935,438
Philippine Airlines,MNL-CBO,2025.0,6,6914.9220000000005,34.49,10000.0,3753.43,10000.0,9935,102
AirAsia,MNL-CEB,2025.0,6,24546.42,13.61,3496.5,3753.43,2943.99,9935,3693
Cebgo,MNL-CEB,2025.0,6,2268.0,5.85,3496.5,3753.43,2943.99,9935,3693
Cebu Pacific,MNL-CEB,2025.0,6,42756.0,46.05,3496.5,3753.43,2943.99,9935,3693
Philippine Airlines,MNL-CEB,2025.0,6,53400.41,34.49,3496.5,3753.43,2943.99,9935,3693
AirAsia,MNL-CGY,2025.0,6,4631.4,13.61,4881.65,3753.43,3782.61,9935,1010
Cebu Pacific,MNL-CGY,2025.0,6,35546.0,46.05,4881.65,3753.43,3782.61,9935,1010
Philippine Airlines,MNL-CGY,2025.0,6,16016.168,34.49,4881.65,3753.43,3782.61,9935,1010
Philippine Airlines,MNL-CRM,2025.0,6,968.184,34.49,10000.0,3753.43,10000.0,9935,43
Philippine Airlines,MNL-CYP,2025.0,6,645.4559999999999,34.49,10000.0,3753.43,5208.29,9935,55
Cebu Pacific,MNL-CYZ,2025.0,6,7486.5,46.05,10000.0,3753.43,10000.0,9935,91
Cebu Pacific,MNL-DGT,2025.0,6,15461.25,46.05,5394.46,3753.43,4689.21,9935,354
Philippine Airlines,MNL-DGT,2025.0,6,8680.434000000001,34.49,5394.46,3753.43,4689.21,9935,354
Cebu Pacific,MNL-DPL,2025.0,6,4882.5,46.05,5012.71,3753.43,3759.11,9935,179
Philippine Airlines,MNL-DPL,2025.0,6,4413.78,34.49,5012.71,3753.43,3759.11,9935,179
Cebu Pacific,MNL-DRP,2025.0,6,19283.25,46.05,5051.1,3753.43,4645.52,9935,481
Philippine Airlines,MNL-DRP,2025.0,6,15742.482,34.49,5051.1,3753.43,4645.52,9935,481
Cebu Pacific,MNL-DVO,2025.0,6,49177.625,46.05,5016.27,3753.43,4930.36,9935,1624
Philippine Airlines,MNL-DVO,2025.0,6,43870.442,34.49,5016.27,3753.43,4930.36,9935,1624
Philippine Airlines,MNL-EUQ,2025.0,6,537.88,34.49,10000.0,3753.43,10000.0,9935,20
Cebu Pacific,MNL-GES,2025.0,6,17522.75,46.05,5009.83,3753.43,5000.23,9935,327
Philippine Airlines,MNL-GES,2025.0,6,16035.152,34.49,5009.83,3753.43,5000.23,9935,327
Philippine Airlines,MNL-IAO,2025.0,6,4733.344,34.49,10000.0,3753.43,5001.06,9935,637
AirAsia,MNL-ILO,2025.0,6,18371.22,13.61,3363.34,3753.43,3234.31,9935,994
Cebu Pacific,MNL-ILO,2025.0,6,21183.75,46.05,3363.34,3753.43,3234.31,9935,994
Philippine Airlines,MNL-ILO,2025.0,6,23212.686,34.49,3363.34,3753.43,3234.31,9935,994
AirAsia,MNL-KLO,2025.0,6,13894.199999999999,13.61,6151.71,3753.43,6151.71,9935,240
Cebu Pacific,MNL-KLO,2025.0,6,4882.5,46.05,6151.71,3753.43,6151.71,9935,240
Philippine Airlines,MNL-LAO,2025.0,6,4266.654,34.49,10000.0,3753.43,10000.0,9935,86
Cebu Pacific,MNL-MNL,2025.0,6,162.75,46.05,5414.0,3753.43,3753.43,9935,9935
Philippine Airlines,MNL-MNL,2025.0,6,294.252,34.49,5414.0,3753.43,3753.43,9935,9935
AirAsia,MNL-MPH,2025.0,6,18525.6,13.61,3272.71,3753.43,3617.44,9935,1155
Cebgo,MNL-MPH,2025.0,6,1764.0,5.85,3272.71,3753.43,3617.44,9935,1155
Cebu Pacific,MNL-MPH,2025.0,6,24249.75,46.05,3272.71,3753.43,3617.44,9935,1155
Philippine Airlines,MNL-MPH,2025.0,6,14911.932,34.49,3272.71,3753.43,3617.44,9935,1155
Cebu Pacific,MNL-OZC,2025.0,6,7486.5,46.05,10000.0,3753.43,5947.99,9935,135
Cebu Pacific,MNL-PAG,2025.0,6,4882.5,46.05,10000.0,3753.43,6911.86,9935,140
AirAsia,MNL-PPS,2025.0,6,6483.96,13.61,3813.65,3753.43,3798.79,9935,560
Cebu Pacific,MNL-PPS,2025.0,6,15158.5,46.05,3813.65,3753.43,3798.79,9935,560
Philippine Airlines,MNL-PPS,2025.0,6,8110.914000000001,34.49,3813.65,3753.43,3798.79,9935,560
Cebu Pacific,MNL-RXS,2025.0,6,5045.25,46.05,10000.0,3753.43,5453.5,9935,133
Cebu Pacific,MNL-SJI,2025.0,6,2766.75,46.05,10000.0,3753.43,10000.0,9935,34
AirAsia,MNL-TAC,2025.0,6,9108.42,13.61,3338.99,3753.43,3411.97,9935,688
Cebu Pacific,MNL-TAC,2025.0,6,9765.0,46.05,3338.99,3753.43,3411.97,9935,688
Philippine Airlines,MNL-TAC,2025.0,6,8862.364,34.49,3338.99,3753.43,3411.97,9935,688
AirAsia,MNL-TAG,2025.0,6,9262.8,13.61,3474.72,3753.43,3302.09,9935,558
Cebu Pacific,MNL-TAG,2025.0,6,8816.5,46.05,3474.72,3753.43,3302.09,9935,558
Philippine Airlines,MNL-TAG,2025.0,6,13643.168,34.49,3474.72,3753.43,3302.09,9935,558
Cebu Pacific,MNL-TUG,2025.0,6,9602.25,46.05,10000.0,3753.43,8036.04,9935,232
Cebgo,MNL-USU,2025.0,6,1890.0,5.85,10000.0,3753.43,5301.63,9935,347
Cebgo,MNL-WNP,2025.0,6,3528.0,5.85,10000.0,3753.43,10000.0,9935,113
Cebu Pacific,MPH-CEB,2025.0,6,4882.5,46.05,6266.05,3617.44,2943.99,1155,3693
Philippine Airlines,MPH-CEB,2025.0,6,1613.6399999999999,34.49,6266.05,3617.44,2943.99,1155,3693
Cebu Pacific,MPH-CRK,2025.0,6,6835.5,46.05,10000.0,3617.44,3868.82,1155,521
Cebu Pacific,MPH-DVO,2025.0,6,1953.0,46.05,10000.0,3617.44,4930.36,1155,1624
AirAsia,MPH-MNL,2025.0,6,23157.0,13.61,3267.3,3617.44,3753.43,1155,9935
Cebgo,MPH-MNL,2025.0,6,1827.0,5.85,3267.3,3617.44,3753.43,1155,9935
Cebu Pacific,MPH-MNL,2025.0,6,29132.25,46.05,3267.3,3617.44,3753.43,1155,9935
Philippine Airlines,MPH-MNL,2025.0,6,19268.760000000002,34.49,3267.3,3617.44,3753.43,1155,9935
Cebgo,OZC-CEB,2025.0,6,945.0,5.85,10000.0,5947.99,2943.99,135,3693
Cebu Pacific,OZC-MNL,2025.0,6,7323.75,46.05,5347.85,5947.99,3753.43,135,9935
Philippine Airlines,OZC-MNL,2025.0,6,4266.654,34.49,5347.85,5947.99,3753.43,135,9935
Cebgo,PAG-CEB,2025.0,6,2079.0,5.85,10000.0,6911.86,2943.99,140,3693
Cebu Pacific,PAG-MNL,2025.0,6,9276.75,46.05,10000.0,6911.86,3753.43,140,9935
Cebu Pacific,PPS-CEB,2025.0,6,5922.0,46.05,6983.87,3798.79,2943.99,560,3693
Philippine Airlines,PPS-CEB,2025.0,6,1344.6999999999998,34.49,6983.87,3798.79,2943.99,560,3693
AirAsia,PPS-MNL,2025.0,6,11115.36,13.61,3476.23,3798.79,3753.43,560,9935
Cebu Pacific,PPS-MNL,2025.0,6,18292.75,46.05,3476.23,3798.79,3753.43,560,9935
Philippine Airlines,PPS-MNL,2025.0,6,17688.342,34.49,3476.23,3798.79,3753.43,560,9935
AirAsia,RXS-MNL,2025.0,6,1852.56,13.61,4601.82,5453.5,3753.43,133,9935
Cebu Pacific,RXS-MNL,2025.0,6,9765.0,46.05,4601.82,5453.5,3753.43,133,9935
Philippine Airlines,RXS-MNL,2025.0,6,4413.78,34.49,4601.82,5453.5,3753.43,133,9935
Cebu Pacific,SIN-ILO,2025.0,6,1953.0,46.05,10000.0,10000.0,3234.31,12,994
Cebu Pacific,SJI-MNL,2025.0,6,2766.75,46.05,10000.0,10000.0,3753.43,34,9935
Cebgo,SUG-CEB,2025.0,6,1890.0,5.85,10000.0,10000.0,2943.99,46,3693
Cebgo,SWL-CEB,2025.0,6,693.0,5.85,10000.0,10000.0,2943.99,11,3693
Cebgo,TAC-CEB,2025.0,6,1575.0,5.85,5000.12,3411.97,2943.99,688,3693
Philippine Airlines,TAC-CEB,2025.0,6,1559.8519999999999,34.49,5000.12,3411.97,2943.99,688,3693
Cebu Pacific,TAC-DVO,2025.0,6,1953.0,46.05,10000.0,3411.97,4930.36,688,1624
Cebu Pacific,TAC-ILO,2025.0,6,1953.0,46.05,10000.0,3411.97,3234.31,688,994
AirAsia,TAC-MNL,2025.0,6,18253.36,13.61,3643.03,3411.97,3753.43,688,9935
Cebu Pacific,TAC-MNL,2025.0,6,28481.25,46.05,3643.03,3411.97,3753.43,688,9935
Philippine Airlines,TAC-MNL,2025.0,6,13790.294,34.49,3643.03,3411.97,3753.43,688,9935
Cebgo,TAG-CRK,2025.0,6,1260.0,5.85,10000.0,3302.09,3868.82,558,521
Cebu Pacific,TAG-DVO,2025.0,6,1991.5,46.05,5096.32,3302.09,4930.36,558,1624
Philippine Airlines,TAG-DVO,2025.0,6,1506.0639999999999,34.49,5096.32,3302.09,4930.36,558,1624
AirAsia,TAG-MNL,2025.0,6,9262.8,13.61,3622.44,3302.09,3753.43,558,9935
Cebu Pacific,TAG-MNL,2025.0,6,19405.75,46.05,3622.44,3302.09,3753.43,558,9935
Philippine Airlines,TAG-MNL,2025.0,6,13643.168,34.49,3622.44,3302.09,3753.43,558,9935
Cebu Pacific,TUG-MNL,2025.0,6,23598.75,46.05,7469.34,8036.04,3753.43,232,9935
Philippine Airlines,TUG-MNL,2025.0,6,4119.528,34.49,7469.34,8036.04,3753.43,232,9935
Cebgo,USU-CEB,2025.0,6,2268.0,5.85,5171.12,5301.63,2943.99,347,3693
Philippine Airlines,USU-CEB,2025.0,6,1559.8519999999999,34.49,5171.12,5301.63,2943.99,347,3693
Philippine Airlines,USU-CRK,2025.0,6,1559.8519999999999,34.49,10000.0,5301.63,3868.82,347,521
Cebgo,USU-MNL,2025.0,6,6741.0,5.85,7083.32,5301.63,3753.43,347,9935
Philippine Airlines,USU-MNL,2025.0,6,1452.2759999999998,34.49,7083.32,5301.63,3753.43,347,9935
Cebgo,WNP-MNL,2025.0,6,3591.0,5.85,10000.0,10000.0,3753.43,113,9935
Philippine Airlines,ZAM-CEB,2025.0,6,1452.2759999999998,34.49,10000.0,5687.05,2943.99,203,3693
Cebu Pacific,ZAM-DVO,2025.0,6,1464.75,46.05,10000.0,5687.05,4930.36,203,1624
Cebu Pacific,ZAM-MNL,2025.0,6,19643.75,46.05,6188.34,5687.05,3753.43,203,9935
Philippine Airlines,ZAM-MNL,2025.0,6,6767.796,34.49,6188.34,5687.05,3753.43,203,9935
Philippine Airlines,ZAM-TWT,2025.0,6,1471.26,34.49,10000.0,5687.05,10000.0,203,17
Cebgo,BCD-CEB,2025.0,7,1662.336,5.17,5028.61,3266.49,2876.12,744,3686
Philippine Airlines,BCD-CEB,2025.0,7,1428.544,34.05,5028.61,3266.49,2876.12,744,3686
Cebu Pacific,BCD-DVO,2025.0,7,2390.496,44.99,10000.0,3266.49,4988.83,744,1645
AirAsia,BCD-MNL,2025.0,7,17547.239999999998,14.56,3386.82,3266.49,3628.22,744,10435
Cebu Pacific,BCD-MNL,2025.0,7,23571.072,44.99,3386.82,3266.49,3628.22,744,10435
Philippine Airlines,BCD-MNL,2025.0,7,22950.432,34.05,3386.82,3266.49,3628.22,744,10435
Philippine Airlines,BPA-CEB,2025.0,7,659.328,34.05,10000.0,10000.0,2876.12,25,3686
Philippine Airlines,BSO-CRK,2025.0,7,824.1600000000001,34.05,10000.0,10000.0,4320.9,51,502
Cebgo,BXU-CEB,2025.0,7,2877.12,5.17,5328.39,4587.84,2876.12,479,3686
Philippine Airlines,BXU-CEB,2025.0,7,1703.2640000000001,34.05,5328.39,4587.84,2876.12,479,3686
Cebu Pacific,BXU-MNL,2025.0,7,19885.872,44.99,5648.78,4587.84,3628.22,479,10435
Philippine Airlines,BXU-MNL,2025.0,7,9353.408000000001,34.05,5648.78,4587.84,3628.22,479,10435
Philippine Airlines,CBO-MNL,2025.0,7,7063.536,34.05,10000.0,10000.0,3628.22,100,10435
Philippine Airlines,CBO-TWT,2025.0,7,329.664,34.05,10000.0,10000.0,10000.0,100,19
Cebgo,CEB-BCD,2025.0,7,1598.4,5.17,5001.83,2876.12,3266.49,3686,744
Philippine Airlines,CEB-BCD,2025.0,7,1538.432,34.05,5001.83,2876.12,3266.49,3686,744
Philippine Airlines,CEB-BPA,2025.0,7,714.272,34.05,10000.0,2876.12,10000.0,3686,25
Cebgo,CEB-BXU,2025.0,7,2941.056,5.17,5396.72,2876.12,4587.84,3686,479
Philippine Airlines,CEB-BXU,2025.0,7,1648.3200000000002,34.05,5396.72,2876.12,4587.84,3686,479
Cebgo,CEB-CEB,2025.0,7,127.872,5.17,10000.0,2876.12,2876.12,3686,3686
Cebgo,CEB-CGM,2025.0,7,1022.976,5.17,10000.0,2876.12,10000.0,3686,30
Cebgo,CEB-CGY,2025.0,7,5882.112,5.17,5462.63,2876.12,3704.56,3686,971
Philippine Airlines,CEB-CGY,2025.0,7,3138.272,34.05,5462.63,2876.12,3704.56,3686,971
Cebgo,CEB-CRK,2025.0,7,575.424,5.17,7252.77,2876.12,4320.9,3686,502
Cebu Pacific,CEB-CRK,2025.0,7,2925.072,44.99,7252.77,2876.12,4320.9,3686,502
Philippine Airlines,CEB-CRM,2025.0,7,714.272,34.05,10000.0,2876.12,10000.0,3686,43
Cebgo,CEB-CYP,2025.0,7,959.04,5.17,10000.0,2876.12,5131.68,3686,57
Cebgo,CEB-DGT,2025.0,7,1854.144,5.17,10000.0,2876.12,4605.13,3686,364
Cebgo,CEB-DPL,2025.0,7,1022.976,5.17,10000.0,2876.12,4170.06,3686,148
Cebgo,CEB-DRP,2025.0,7,1790.208,5.17,10000.0,2876.12,4594.03,3686,509
Cebu Pacific,CEB-DVO,2025.0,7,6723.936000000001,44.99,5001.66,2876.12,4988.83,3686,1645
Philippine Airlines,CEB-DVO,2025.0,7,6483.392000000001,34.05,5001.66,2876.12,4988.83,3686,1645
AirSWIFT,CEB-ENI,2025.0,7,1342.656,1.23,10000.0,2876.12,8160.48,3686,470
Philippine Airlines,CEB-GES,2025.0,7,2157.36,34.05,10000.0,2876.12,5005.75,3686,343
Cebgo,CEB-IAO,2025.0,7,5178.816,5.17,5168.74,2876.12,5006.4,3686,603
Philippine Airlines,CEB-IAO,2025.0,7,3571.36,34.05,5168.74,2876.12,5006.4,3686,603
Cebgo,CEB-ILO,2025.0,7,3772.224,5.17,9196.22,2876.12,3218.33,3686,1055
Cebu Pacific,CEB-ILO,2025.0,7,165.168,44.99,9196.22,2876.12,3218.33,3686,1055
AirAsia,CEB-MNL,2025.0,7,28969.5,14.56,3498.51,2876.12,3628.22,3686,10435
Cebgo,CEB-MNL,2025.0,7,255.744,5.17,3498.51,2876.12,3628.22,3686,10435
Cebu Pacific,CEB-MNL,2025.0,7,48953.664000000004,44.99,3498.51,2876.12,3628.22,3686,10435
Philippine Airlines,CEB-MNL,2025.0,7,51109.232,34.05,3498.51,2876.12,3628.22,3686,10435
Cebu Pacific,CEB-MPH,2025.0,7,4955.04,44.99,6192.57,2876.12,3454.22,3686,1201
Philippine Airlines,CEB-MPH,2025.0,7,1703.2640000000001,34.05,6192.57,2876.12,3454.22,3686,1201
Cebgo,CEB-PAG,2025.0,7,1214.784,5.17,10000.0,2876.12,6520.22,3686,145
Cebu Pacific,CEB-PPS,2025.0,7,6127.200000000001,44.99,7421.09,2876.12,3727.62,3686,563
Philippine Airlines,CEB-PPS,2025.0,7,1098.88,34.05,7421.09,2876.12,3727.62,3686,563
Cebu Pacific,CEB-SJI,2025.0,7,58.608,44.99,10000.0,2876.12,10000.0,3686,29
Cebgo,CEB-SUG,2025.0,7,639.36,5.17,10000.0,2876.12,10000.0,3686,45
Cebgo,CEB-TAC,2025.0,7,1662.336,5.17,5002.24,2876.12,3256.47,3686,688
Philippine Airlines,CEB-TAC,2025.0,7,1593.376,34.05,5002.24,2876.12,3256.47,3686,688
Cebgo,CEB-USU,2025.0,7,1086.912,5.17,5147.89,2876.12,4220.33,3686,338
Philippine Airlines,CEB-USU,2025.0,7,1538.432,34.05,5147.89,2876.12,4220.33,3686,338
Cebgo,CGM-CEB,2025.0,7,895.104,5.17,10000.0,10000.0,2876.12,30,3686
Cebgo,CGY-CEB,2025.0,7,5882.112,5.17,5438.93,3704.56,2876.12,971,3686
Philippine Airlines,CGY-CEB,2025.0,7,3193.2160000000003,34.05,5438.93,3704.56,2876.12,971,3686
Cebgo,CGY-DVO,2025.0,7,895.104,5.17,10000.0,3704.56,4988.83,971,1645
Cebu Pacific,CGY-ILO,2025.0,7,1651.68,44.99,10000.0,3704.56,3218.33,971,1055
AirAsia,CGY-MNL,2025.0,7,5131.74,14.56,4327.81,3704.56,3628.22,971,10435
Cebu Pacific,CGY-MNL,2025.0,7,30007.296000000002,44.99,4327.81,3704.56,3628.22,971,10435
Philippine Airlines,CGY-MNL,2025.0,7,21612.384000000002,34.05,4327.81,3704.56,3628.22,971,10435
Philippine Airlines,CRK-BSO,2025.0,7,934.048,34.05,10000.0,4320.9,10000.0,502,51
Cebgo,CRK-CEB,2025.0,7,575.424,5.17,7176.96,4320.9,2876.12,502,3686
Cebu Pacific,CRK-CEB,2025.0,7,2807.856,44.99,7176.96,4320.9,2876.12,502,3686
Cebu Pacific,CRK-DVO,2025.0,7,1982.016,44.99,10000.0,4320.9,4988.83,502,1645
Cebgo,CRK-ENI,2025.0,7,1470.528,5.17,10000.0,4320.9,8160.48,502,470
Cebgo,CRK-IAO,2025.0,7,1982.016,5.17,5079.38,4320.9,5006.4,502,603
Philippine Airlines,CRK-IAO,2025.0,7,1538.432,34.05,5079.38,4320.9,5006.4,502,603
Cebu Pacific,CRK-ILO,2025.0,7,2642.688,44.99,10000.0,4320.9,3218.33,502,1055
Cebgo,CRK-MBT,2025.0,7,1086.912,5.17,10000.0,4320.9,10000.0,502,33
Cebu Pacific,CRK-MPH,2025.0,7,6500.16,44.99,10000.0,4320.9,3454.22,502,1201
Cebgo,CRK-TAG,2025.0,7,1214.784,5.17,10000.0,4320.9,3225.16,502,591
Cebu Pacific,CRK-TBH,2025.0,7,58.608,44.99,10000.0,4320.9,10000.0,502,1
Philippine Airlines,CRK-USU,2025.0,7,1263.712,34.05,10000.0,4320.9,4220.33,502,338
Philippine Airlines,CRM-CEB,2025.0,7,714.272,34.05,10000.0,10000.0,2876.12,43,3686
Cebgo,CYP-CEB,2025.0,7,1022.976,5.17,10000.0,5131.68,2876.12,57,3686
Philippine Airlines,CYP-MNL,2025.0,7,714.272,34.05,10000.0,5131.68,3628.22,57,10435
Cebu Pacific,CYZ-MNL,2025.0,7,7267.392,44.99,10000.0,10000.0,3628.22,88,10435
Cebgo,DGT-CEB,2025.0,7,1854.144,5.17,10000.0,4605.13,2876.12,364,3686
Cebu Pacific,DGT-MNL,2025.0,7,12717.936,44.99,5119.04,4605.13,3628.22,364,10435
Philippine Airlines,DGT-MNL,2025.0,7,9317.856,34.05,5119.04,4605.13,3628.22,364,10435
Cebu Pacific,DMK-ILO,2025.0,7,1651.68,44.99,10000.0,10000.0,3218.33,10,1055
Cebgo,DPL-CEB,2025.0,7,959.04,5.17,10000.0,4170.06,2876.12,148,3686
Cebu Pacific,DPL-MNL,2025.0,7,4624.704,44.99,5000.81,4170.06,3628.22,148,10435
Philippine Airlines,DPL-MNL,2025.0,7,4508.64,34.05,5000.81,4170.06,3628.22,148,10435
Cebgo,DRP-CEB,2025.0,7,1790.208,5.17,10000.0,4594.03,2876.12,509,3686
Cebu Pacific,DRP-MNL,2025.0,7,19939.152000000002,44.99,5014.76,4594.03,3628.22,509,10435
Philippine Airlines,DRP-MNL,2025.0,7,17884.272,34.05,5014.76,4594.03,3628.22,509,10435
Cebu Pacific,DVO-BCD,2025.0,7,2390.496,44.99,10000.0,4988.83,3266.49,1645,744
Cebu Pacific,DVO-CEB,2025.0,7,6850.032,44.99,5003.78,4988.83,2876.12,1645,3686
Philippine Airlines,DVO-CEB,2025.0,7,6483.392000000001,34.05,5003.78,4988.83,2876.12,1645,3686
Cebgo,DVO-CGY,2025.0,7,831.168,5.17,10000.0,4988.83,3704.56,1645,971
Cebu Pacific,DVO-CRK,2025.0,7,1982.016,44.99,10000.0,4988.83,4320.9,1645,502
Cebgo,DVO-IAO,2025.0,7,1406.592,5.17,10000.0,4988.83,5006.4,1645,603
Cebu Pacific,DVO-ILO,2025.0,7,5276.496,44.99,10000.0,4988.83,3218.33,1645,1055
Cebu Pacific,DVO-MNL,2025.0,7,57704.016,44.99,5046.15,4988.83,3628.22,1645,10435
Philippine Airlines,DVO-MNL,2025.0,7,47587.968,34.05,5046.15,4988.83,3628.22,1645,10435
Cebu Pacific,DVO-MPH,2025.0,7,2312.352,44.99,10000.0,4988.83,3454.22,1645,1201
Cebu Pacific,DVO-TAG,2025.0,7,2390.496,44.99,5200.17,4988.83,3225.16,1645,591
Philippine Airlines,DVO-TAG,2025.0,7,1593.376,34.05,5200.17,4988.83,3225.16,1645,591
AirSWIFT,ENI-CEB,2025.0,7,1278.72,1.23,10000.0,8160.48,2876.12,470,3686
Cebgo,ENI-CRK,2025.0,7,1342.656,5.17,10000.0,8160.48,4320.9,470,502
AirSWIFT,ENI-MNL,2025.0,7,8199.792,1.23,10000.0,8160.48,3628.22,470,10435
AirSWIFT,ENI-MPH,2025.0,7,1083.36,1.23,10000.0,8160.48,3454.22,470,1201
AirSWIFT,ENI-TAG,2025.0,7,438.67199999999997,1.23,10000.0,8160.48,3225.16,470,591
AirSWIFT,ENI-USU,2025.0,7,1220.112,1.23,10000.0,8160.48,4220.33,470,338
Philippine Airlines,EUQ-MNL,2025.0,7,604.384,34.05,10000.0,10000.0,3628.22,23,10435
Philippine Airlines,GES-CEB,2025.0,7,2157.36,34.05,10000.0,5005.75,2876.12,343,3686
Cebu Pacific,GES-MNL,2025.0,7,21944.256,44.99,5037.57,5005.75,3628.22,343,10435
Philippine Airlines,GES-MNL,2025.0,7,18443.408,34.05,5037.57,5005.75,3628.22,343,10435
Cebgo,IAO-CEB,2025.0,7,5178.816,5.17,5197.53,5006.4,2876.12,603,3686
Philippine Airlines,IAO-CEB,2025.0,7,3461.472,34.05,5197.53,5006.4,2876.12,603,3686
Cebgo,IAO-CRK,2025.0,7,1982.016,5.17,5079.38,5006.4,4320.9,603,502
Philippine Airlines,IAO-CRK,2025.0,7,1538.432,34.05,5079.38,5006.4,4320.9,603,502
Cebgo,IAO-DVO,2025.0,7,1406.592,5.17,10000.0,5006.4,4988.83,603,1645
Philippine Airlines,IAO-MNL,2025.0,7,3296.6400000000003,34.05,10000.0,5006.4,3628.22,603,10435
Cebgo,ILO-CEB,2025.0,7,3708.288,5.17,8854.91,3218.33,2876.12,1055,3686
Philippine Airlines,ILO-CEB,2025.0,7,240.784,34.05,8854.91,3218.33,2876.12,1055,3686
Cebu Pacific,ILO-CGY,2025.0,7,1651.68,44.99,10000.0,3218.33,3704.56,1055,971
Cebu Pacific,ILO-CRK,2025.0,7,2477.52,44.99,10000.0,3218.33,4320.9,1055,502
Cebu Pacific,ILO-DVO,2025.0,7,5276.496,44.99,10000.0,3218.33,4988.83,1055,1645
AirAsia,ILO-MNL,2025.0,7,25566.14,14.56,3410.85,3218.33,3628.22,1055,10435
Cebu Pacific,ILO-MNL,2025.0,7,18287.472,44.99,3410.85,3218.33,3628.22,1055,10435
Philippine Airlines,ILO-MNL,2025.0,7,19338.672000000002,34.05,3410.85,3218.33,3628.22,1055,10435
Cebu Pacific,ILO-TAC,2025.0,7,1651.68,44.99,10000.0,3218.33,3256.47,1055,688
AirAsia,KLO-MNL,2025.0,7,15395.22,14.56,6380.25,6390.45,3628.22,245,10435
Cebu Pacific,KLO-MNL,2025.0,7,4789.872,44.99,6380.25,6390.45,3628.22,245,10435
AirAsia,KLO-MPH,2025.0,7,165.54,14.56,10000.0,6390.45,3454.22,245,1201
Philippine Airlines,LAO-MNL,2025.0,7,8566.416000000001,34.05,10000.0,10000.0,3628.22,85,10435
Cebgo,MBT-CRK,2025.0,7,1022.976,5.17,10000.0,10000.0,4320.9,33,502
AirAsia,MNL-BCD,2025.0,7,10263.48,14.56,3441.76,3628.22,3266.49,10435,744
Cebu Pacific,MNL-BCD,2025.0,7,16143.84,44.99,3441.76,3628.22,3266.49,10435,744
Philippine Airlines,MNL-BCD,2025.0,7,13782.864000000001,34.05,3441.76,3628.22,3266.49,10435,744
Philippine Airlines,MNL-BSO,2025.0,7,1043.9360000000001,34.05,10000.0,3628.22,10000.0,10435,51
Cebu Pacific,MNL-BXU,2025.0,7,19885.872,44.99,5623.97,3628.22,4587.84,10435,479
Philippine Airlines,MNL-BXU,2025.0,7,9503.696,34.05,5623.97,3628.22,4587.84,10435,479
Philippine Airlines,MNL-CBO,2025.0,7,7063.536,34.05,10000.0,3628.22,10000.0,10435,100
AirAsia,MNL-CEB,2025.0,7,29300.579999999998,14.56,3411.61,3628.22,2876.12,10435,3686
Cebgo,MNL-CEB,2025.0,7,2621.376,5.17,3411.61,3628.22,2876.12,10435,3686
Cebu Pacific,MNL-CEB,2025.0,7,43251.816,44.99,3411.61,3628.22,2876.12,10435,3686
Philippine Airlines,MNL-CEB,2025.0,7,55915.216,34.05,3411.61,3628.22,2876.12,10435,3686
AirAsia,MNL-CGY,2025.0,7,5131.74,14.56,4697.9,3628.22,3704.56,10435,971
Cebu Pacific,MNL-CGY,2025.0,7,34383.36,44.99,4697.9,3628.22,3704.56,10435,971
Philippine Airlines,MNL-CGY,2025.0,7,16846.8,34.05,4697.9,3628.22,3704.56,10435,971
Philippine Airlines,MNL-CRM,2025.0,7,934.048,34.05,10000.0,3628.22,10000.0,10435,43
Philippine Airlines,MNL-CYP,2025.0,7,714.272,34.05,10000.0,3628.22,5131.68,10435,57
Cebu Pacific,MNL-CYZ,2025.0,7,7267.392,44.99,10000.0,3628.22,10000.0,10435,88
Cebu Pacific,MNL-DGT,2025.0,7,17342.64,44.99,5453.0,3628.22,4605.13,10435,364
Philippine Airlines,MNL-DGT,2025.0,7,9317.856,34.05,5453.0,3628.22,4605.13,10435,364
Cebu Pacific,MNL-DPL,2025.0,7,4624.704,44.99,5000.07,3628.22,4170.06,10435,148
Philippine Airlines,MNL-DPL,2025.0,7,4658.928,34.05,5000.07,3628.22,4170.06,10435,148
Cebu Pacific,MNL-DRP,2025.0,7,20104.32,44.99,5017.08,3628.22,4594.03,10435,509
Philippine Airlines,MNL-DRP,2025.0,7,17884.272,34.05,5017.08,3628.22,4594.03,10435,509
Cebu Pacific,MNL-DVO,2025.0,7,55752.192,44.99,5028.35,3628.22,4988.83,10435,1645
Philippine Airlines,MNL-DVO,2025.0,7,47943.488000000005,34.05,5028.35,3628.22,4988.83,10435,1645
AirSWIFT,MNL-ENI,2025.0,7,8372.064,1.23,10000.0,3628.22,8160.48,10435,470
Philippine Airlines,MNL-EUQ,2025.0,7,659.328,34.05,10000.0,3628.22,10000.0,10435,23
Cebu Pacific,MNL-GES,2025.0,7,22148.496,44.99,5041.66,3628.22,5005.75,10435,343
Philippine Airlines,MNL-GES,2025.0,7,18443.408,34.05,5041.66,3628.22,5005.75,10435,343
Philippine Airlines,MNL-IAO,2025.0,7,4999.904,34.05,10000.0,3628.22,5006.4,10435,603
AirAsia,MNL-ILO,2025.0,7,20195.879999999997,14.56,3371.63,3628.22,3218.33,10435,1055
Cebu Pacific,MNL-ILO,2025.0,7,26309.664,44.99,3371.63,3628.22,3218.33,10435,1055
Philippine Airlines,MNL-ILO,2025.0,7,23937.808,34.05,3371.63,3628.22,3218.33,10435,1055
AirAsia,MNL-KLO,2025.0,7,15395.22,14.56,6380.25,3628.22,6390.45,10435,245
Cebu Pacific,MNL-KLO,2025.0,7,4789.872,44.99,6380.25,3628.22,6390.45,10435,245
Philippine Airlines,MNL-LAO,2025.0,7,4208.064,34.05,10000.0,3628.22,10000.0,10435,85
Cebu Pacific,MNL-MNL,2025.0,7,165.168,44.99,10000.0,3628.22,3628.22,10435,10435
AirAsia,MNL-MPH,2025.0,7,20030.34,14.56,3238.25,3628.22,3454.22,10435,1201
Cebgo,MNL-MPH,2025.0,7,1918.08,5.17,3238.25,3628.22,3454.22,10435,1201
Cebu Pacific,MNL-MPH,2025.0,7,24279.696,44.99,3238.25,3628.22,3454.22,10435,1201
Philippine Airlines,MNL-MPH,2025.0,7,15584.704000000002,34.05,3238.25,3628.22,3454.22,10435,1201
Cebu Pacific,MNL-OZC,2025.0,7,7928.064,44.99,10000.0,3628.22,5920.48,10435,141
Cebu Pacific,MNL-PAG,2025.0,7,4459.536,44.99,10000.0,3628.22,6520.22,10435,145
AirAsia,MNL-PPS,2025.0,7,7449.299999999999,14.56,3822.67,3628.22,3727.62,10435,563
Cebu Pacific,MNL-PPS,2025.0,7,16491.936,44.99,3822.67,3628.22,3727.62,10435,563
Philippine Airlines,MNL-PPS,2025.0,7,8176.960000000001,34.05,3822.67,3628.22,3727.62,10435,563
Cebu Pacific,MNL-RXS,2025.0,7,4955.04,44.99,10000.0,3628.22,5199.57,10435,135
Cebu Pacific,MNL-SJI,2025.0,7,2312.352,44.99,10000.0,3628.22,10000.0,10435,29
AirAsia,MNL-TAC,2025.0,7,10097.939999999999,14.56,3339.28,3628.22,3256.47,10435,688
Cebu Pacific,MNL-TAC,2025.0,7,9249.408,44.99,3339.28,3628.22,3256.47,10435,688
Philippine Airlines,MNL-TAC,2025.0,7,9238.672,34.05,3339.28,3628.22,3256.47,10435,688
AirAsia,MNL-TAG,2025.0,7,10263.48,14.56,3454.84,3628.22,3225.16,10435,591
Cebu Pacific,MNL-TAG,2025.0,7,9647.232,44.99,3454.84,3628.22,3225.16,10435,591
Philippine Airlines,MNL-TAG,2025.0,7,14581.168000000001,34.05,3454.84,3628.22,3225.16,10435,591
Cebu Pacific,MNL-TUG,2025.0,7,8588.736,44.99,10000.0,3628.22,7939.67,10435,210
Cebgo,MNL-USU,2025.0,7,1854.144,5.17,10000.0,3628.22,4220.33,10435,338
Cebu Pacific,MNL-VRC,2025.0,7,3964.032,44.99,10000.0,3628.22,10000.0,10435,48
Cebgo,MNL-WNP,2025.0,7,2749.248,5.17,10000.0,3628.22,10000.0,10435,87
Cebu Pacific,MPH-CEB,2025.0,7,4789.872,44.99,6129.86,3454.22,2876.12,1201,3686
Philippine Airlines,MPH-CEB,2025.0,7,1703.2640000000001,34.05,6129.86,3454.22,2876.12,1201,3686
Cebu Pacific,MPH-CRK,2025.0,7,6441.552000000001,44.99,10000.0,3454.22,4320.9,1201,502
Cebu Pacific,MPH-DVO,2025.0,7,2312.352,44.99,10000.0,3454.22,4988.83,1201,1645
AirSWIFT,MPH-ENI,2025.0,7,1019.424,1.23,10000.0,3454.22,8160.48,1201,470
AirAsia,MPH-MNL,2025.0,7,24996.539999999997,14.56,3240.19,3454.22,3628.22,1201,10435
Cebgo,MPH-MNL,2025.0,7,1918.08,5.17,3240.19,3454.22,3628.22,1201,10435
Cebu Pacific,MPH-MNL,2025.0,7,28904.4,44.99,3240.19,3454.22,3628.22,1201,10435
Philippine Airlines,MPH-MNL,2025.0,7,20148.288,34.05,3240.19,3454.22,3628.22,1201,10435
Cebgo,OZC-CEB,2025.0,7,959.04,5.17,10000.0,5920.48,2876.12,141,3686
Cebu Pacific,OZC-MNL,2025.0,7,7762.896000000001,44.99,5312.2,5920.48,3628.22,141,10435
Philippine Airlines,OZC-MNL,2025.0,7,4658.928,34.05,5312.2,5920.48,3628.22,141,10435
Cebgo,PAG-CEB,2025.0,7,2749.248,5.17,10000.0,6520.22,2876.12,145,3686
Cebu Pacific,PAG-MNL,2025.0,7,9249.408,44.99,10000.0,6520.22,3628.22,145,10435
Cebu Pacific,PPS-CEB,2025.0,7,6331.4400000000005,44.99,7479.61,3727.62,2876.12,563,3686
Philippine Airlines,PPS-CEB,2025.0,7,1098.88,34.05,7479.61,3727.62,2876.12,563,3686
Cebgo,PPS-CRK,2025.0,7,63.936,5.17,10000.0,3727.62,4320.9,563,502
AirSWIFT,PPS-ENI,2025.0,7,88.8,1.23,10000.0,3727.62,8160.48,563,470
AirAsia,PPS-MNL,2025.0,7,12581.039999999999,14.56,3397.88,3727.62,3628.22,563,10435
Cebu Pacific,PPS-MNL,2025.0,7,17086.896,44.99,3397.88,3727.62,3628.22,563,10435
Philippine Airlines,PPS-MNL,2025.0,7,17312.208000000002,34.05,3397.88,3727.62,3628.22,563,10435
AirAsia,RXS-MNL,2025.0,7,2317.56,14.56,4393.61,5199.57,3628.22,135,10435
Cebu Pacific,RXS-MNL,2025.0,7,9910.08,44.99,4393.61,5199.57,3628.22,135,10435
Philippine Airlines,RXS-MNL,2025.0,7,4658.928,34.05,4393.61,5199.57,3628.22,135,10435
Cebu Pacific,SIN-ILO,2025.0,7,1486.5120000000002,44.99,10000.0,10000.0,3218.33,9,1055
Cebu Pacific,SJI-MNL,2025.0,7,2312.352,44.99,10000.0,10000.0,3628.22,29,10435
Cebgo,SUG-CEB,2025.0,7,2237.76,5.17,10000.0,10000.0,2876.12,45,3686
Cebgo,SWL-CEB,2025.0,7,639.36,5.17,10000.0,10000.0,2876.12,10,3686
Cebgo,TAC-CEB,2025.0,7,1278.72,5.17,5042.49,3256.47,2876.12,688,3686
Philippine Airlines,TAC-CEB,2025.0,7,1538.432,34.05,5042.49,3256.47,2876.12,688,3686
Cebu Pacific,TAC-DVO,2025.0,7,1651.68,44.99,10000.0,3256.47,4988.83,688,1645
Cebu Pacific,TAC-ILO,2025.0,7,1651.68,44.99,10000.0,3256.47,3218.33,688,1055
AirAsia,TAC-MNL,2025.0,7,20566.12,14.56,3531.98,3256.47,3628.22,688,10435
Cebu Pacific,TAC-MNL,2025.0,7,26922.384000000002,44.99,3531.98,3256.47,3628.22,688,10435
Philippine Airlines,TAC-MNL,2025.0,7,14556.928,34.05,3531.98,3256.47,3628.22,688,10435
Cebgo,TAG-CRK,2025.0,7,1214.784,5.17,10000.0,3225.16,4320.9,591,502
Cebu Pacific,TAG-DVO,2025.0,7,2390.496,44.99,5274.08,3225.16,4988.83,591,1645
Philippine Airlines,TAG-DVO,2025.0,7,1483.488,34.05,5274.08,3225.16,4988.83,591,1645
AirSWIFT,TAG-ENI,2025.0,7,438.67199999999997,1.23,10000.0,3225.16,8160.48,591,470
AirAsia,TAG-MNL,2025.0,7,10263.48,14.56,3532.03,3225.16,3628.22,591,10435
Cebu Pacific,TAG-MNL,2025.0,7,18964.128,44.99,3532.03,3225.16,3628.22,591,10435
Philippine Airlines,TAG-MNL,2025.0,7,14430.880000000001,34.05,3532.03,3225.16,3628.22,591,10435
Cebu Pacific,TUG-MNL,2025.0,7,21427.440000000002,44.99,7365.85,7939.67,3628.22,210,10435
Philippine Airlines,TUG-MNL,2025.0,7,3962.4320000000002,34.05,7365.85,7939.67,3628.22,210,10435
Cebgo,USU-CEB,2025.0,7,959.04,5.17,5193.34,4220.33,2876.12,338,3686
Philippine Airlines,USU-CEB,2025.0,7,1428.544,34.05,5193.34,4220.33,2876.12,338,3686
Philippine Airlines,USU-CRK,2025.0,7,1318.656,34.05,10000.0,4220.33,4320.9,338,502
AirSWIFT,USU-ENI,2025.0,7,1156.176,1.23,10000.0,4220.33,8160.48,338,470
Cebgo,USU-MNL,2025.0,7,7032.96,5.17,7123.03,4220.33,3628.22,338,10435
Philippine Airlines,USU-MNL,2025.0,7,1483.488,34.05,7123.03,4220.33,3628.22,338,10435
Cebu Pacific,VRC-MNL,2025.0,7,3964.032,44.99,10000.0,10000.0,3628.22,48,10435
Cebgo,WNP-MNL,2025.0,7,2813.184,5.17,10000.0,10000.0,3628.22,87,10435
Philippine Airlines,ZAM-CEB,2025.0,7,1538.432,34.05,10000.0,5560.41,2876.12,216,3686
Cebu Pacific,ZAM-DVO,2025.0,7,1816.848,44.99,10000.0,5560.41,4988.83,216,1645
Cebu Pacific,ZAM-MNL,2025.0,7,19363.728,44.99,6083.15,5560.41,3628.22,216,10435
Philippine Airlines,ZAM-MNL,2025.0,7,7063.536,34.05,6083.15,5560.41,3628.22,216,10435
Philippine Airlines,ZAM-TWT,2025.0,7,1953.7440000000001,34.05,10000.0,5560.41,10000.0,216,19
Cebgo,BCD-CEB,2025.0,8,1873.152,5.46,5020.38,3224.23,2894.52,761,4031
Philippine Airlines,BCD-CEB,2025.0,8,1648.3200000000002,35.12,5020.38,3224.23,2894.52,761,4031
Cebu Pacific,BCD-DVO,2025.0,8,1360.962,43.28,10000.0,3224.23,4952.91,761,1600
AirAsia,BCD-MNL,2025.0,8,16719.54,14.31,3405.74,3224.23,3582.32,761,10898
Cebu Pacific,BCD-MNL,2025.0,8,23565.618000000002,43.28,3405.74,3224.23,3582.32,761,10898
Philippine Airlines,BCD-MNL,2025.0,8,23040.928,35.12,3405.74,3224.23,3582.32,761,10898
Philippine Airlines,BPA-CEB,2025.0,8,714.272,35.12,10000.0,10000.0,2894.52,26,4031
Philippine Airlines,BSO-CRK,2025.0,8,824.1600000000001,35.12,10000.0,10000.0,4094.11,58,475
Cebgo,BXU-CEB,2025.0,8,2985.3360000000002,5.46,5373.86,4531.68,2894.52,507,4031
Philippine Airlines,BXU-CEB,2025.0,8,1703.2640000000001,35.12,5373.86,4531.68,2894.52,507,4031
Cebu Pacific,BXU-MNL,2025.0,8,19399.806,43.28,5610.4,4531.68,3582.32,507,10898
Philippine Airlines,BXU-MNL,2025.0,8,9353.408000000001,35.12,5610.4,4531.68,3582.32,507,10898
Philippine Airlines,CBO-MNL,2025.0,8,8265.84,35.12,10000.0,10000.0,3582.32,123,10898
Philippine Airlines,CBO-TWT,2025.0,8,494.49600000000004,35.12,10000.0,10000.0,10000.0,123,22
Cebgo,CEB-BCD,2025.0,8,1814.616,5.46,5001.99,2894.52,3224.23,4031,761
Philippine Airlines,CEB-BCD,2025.0,8,1743.6640000000002,35.12,5001.99,2894.52,3224.23,4031,761
Philippine Airlines,CEB-BPA,2025.0,8,714.272,35.12,10000.0,2894.52,10000.0,4031,26
Cebgo,CEB-BXU,2025.0,8,3043.8720000000003,5.46,5398.76,2894.52,4531.68,4031,507
Philippine Airlines,CEB-BXU,2025.0,8,1703.2640000000001,35.12,5398.76,2894.52,4531.68,4031,507
Cebgo,CEB-CGM,2025.0,8,1814.616,5.46,10000.0,2894.52,10000.0,4031,62
Cebgo,CEB-CGY,2025.0,8,7375.536,5.46,5677.53,2894.52,3525.7,4031,1067
Philippine Airlines,CEB-CGY,2025.0,8,3406.5280000000002,35.12,5677.53,2894.52,3525.7,4031,1067
Cebgo,CEB-CRK,2025.0,8,526.8240000000001,5.46,6167.67,2894.52,4094.11,4031,475
Cebu Pacific,CEB-CRK,2025.0,8,1512.1799999999998,43.28,6167.67,2894.52,4094.11,4031,475
Philippine Airlines,CEB-CRM,2025.0,8,714.272,35.12,10000.0,2894.52,10000.0,4031,46
Cebgo,CEB-CYP,2025.0,8,1053.6480000000001,5.46,10000.0,2894.52,5150.9,4031,63
Cebgo,CEB-DGT,2025.0,8,1756.08,5.46,10000.0,2894.52,4572.15,4031,385
Cebgo,CEB-DPL,2025.0,8,1756.08,5.46,10000.0,2894.52,3771.32,4031,179
Cebgo,CEB-DRP,2025.0,8,1463.4,5.46,5022.01,2894.52,4640.3,4031,510
Cebu Pacific,CEB-DRP,2025.0,8,1281.288,43.28,5022.01,2894.52,4640.3,4031,510
Cebgo,CEB-DVO,2025.0,8,58.536,5.46,5187.18,2894.52,4952.91,4031,1600
Cebu Pacific,CEB-DVO,2025.0,8,4830.846,43.28,5187.18,2894.52,4952.91,4031,1600
Philippine Airlines,CEB-DVO,2025.0,8,7514.400000000001,35.12,5187.18,2894.52,4952.91,4031,1600
AirSWIFT,CEB-ENI,2025.0,8,1760.958,1.82,10000.0,2894.52,8340.42,4031,715
Philippine Airlines,CEB-GES,2025.0,8,2026.4640000000002,35.12,10000.0,2894.52,5000.07,4031,340
Cebgo,CEB-IAO,2025.0,8,4507.272,5.46,5025.99,2894.52,5154.22,4031,587
Philippine Airlines,CEB-IAO,2025.0,8,3901.0240000000003,35.12,5025.99,2894.52,5154.22,4031,587
Cebgo,CEB-ILO,2025.0,8,3629.232,5.46,10000.0,2894.52,3157.84,4031,1033
AirAsia,CEB-MNL,2025.0,8,30293.82,14.31,3553.32,2894.52,3582.32,4031,10898
Cebu Pacific,CEB-MNL,2025.0,8,52737.684,43.28,3553.32,2894.52,3582.32,4031,10898
Philippine Airlines,CEB-MNL,2025.0,8,58284.272,35.12,3553.32,2894.52,3582.32,4031,10898
Cebu Pacific,CEB-MPH,2025.0,8,4990.1939999999995,43.28,5540.36,2894.52,3398.89,4031,1206
Philippine Airlines,CEB-MPH,2025.0,8,2520.96,35.12,5540.36,2894.52,3398.89,4031,1206
Cebgo,CEB-OZC,2025.0,8,58.536,5.46,10000.0,2894.52,5683.63,4031,144
Cebgo,CEB-PAG,2025.0,8,1756.08,5.46,10000.0,2894.52,6190.72,4031,170
Cebu Pacific,CEB-PPS,2025.0,8,5796.6900000000005,43.28,7413.62,2894.52,3909.24,4031,516
Philippine Airlines,CEB-PPS,2025.0,8,1043.9360000000001,35.12,7413.62,2894.52,3909.24,4031,516
Cebgo,CEB-SUG,2025.0,8,1287.792,5.46,10000.0,2894.52,10000.0,4031,63
Cebgo,CEB-TAC,2025.0,8,117.072,5.46,8724.79,2894.52,3229.16,4031,692
Philippine Airlines,CEB-TAC,2025.0,8,1593.376,35.12,8724.79,2894.52,3229.16,4031,692
Cebgo,CEB-USU,2025.0,8,1053.6480000000001,5.46,5174.89,2894.52,3982.31,4031,381
Philippine Airlines,CEB-USU,2025.0,8,1538.432,35.12,5174.89,2894.52,3982.31,4031,381
Cebgo,CGM-CEB,2025.0,8,1814.616,5.46,10000.0,10000.0,2894.52,62,4031
Cebgo,CGY-CEB,2025.0,8,7434.072,5.46,5639.96,3525.7,2894.52,1067,4031
Philippine Airlines,CGY-CEB,2025.0,8,3516.416,35.12,5639.96,3525.7,2894.52,1067,4031
Cebgo,CGY-DVO,2025.0,8,760.9680000000001,5.46,10000.0,3525.7,4952.91,1067,1600
Cebu Pacific,CGY-ILO,2025.0,8,2117.0519999999997,43.28,10000.0,3525.7,3157.84,1067,1033
AirAsia,CGY-MNL,2025.0,8,5131.74,14.31,4254.55,3525.7,3582.32,1067,10898
Cebu Pacific,CGY-MNL,2025.0,8,27492.408,43.28,4254.55,3525.7,3582.32,1067,10898
Philippine Airlines,CGY-MNL,2025.0,8,20932.048000000003,35.12,4254.55,3525.7,3582.32,1067,10898
Philippine Airlines,CRK-BSO,2025.0,8,824.1600000000001,35.12,10000.0,4094.11,10000.0,475,58
Cebgo,CRK-CEB,2025.0,8,526.8240000000001,5.46,5773.26,4094.11,2894.52,475,4031
Cebu Pacific,CRK-CEB,2025.0,8,1209.744,43.28,5773.26,4094.11,2894.52,475,4031
Cebu Pacific,CRK-DVO,2025.0,8,1512.1799999999998,43.28,10000.0,4094.11,4952.91,475,1600
Cebgo,CRK-ENI,2025.0,8,1814.616,5.46,10000.0,4094.11,8340.42,475,715
Cebgo,CRK-IAO,2025.0,8,1580.472,5.46,5040.78,4094.11,5154.22,475,587
Philippine Airlines,CRK-IAO,2025.0,8,1318.656,35.12,5040.78,4094.11,5154.22,475,587
Cebu Pacific,CRK-ILO,2025.0,8,1058.5259999999998,43.28,10000.0,4094.11,3157.84,475,1033
Cebgo,CRK-MBT,2025.0,8,1053.6480000000001,5.46,10000.0,4094.11,10000.0,475,36
Cebu Pacific,CRK-MPH,2025.0,8,6956.027999999999,43.28,10000.0,4094.11,3398.89,475,1206
Cebgo,CRK-TAG,2025.0,8,1053.6480000000001,5.46,10000.0,4094.11,3239.42,475,587
Cebu Pacific,CRK-TBH,2025.0,8,53.658,43.28,10000.0,4094.11,10000.0,475,1
Philippine Airlines,CRK-USU,2025.0,8,1098.88,35.12,10000.0,4094.11,3982.31,475,381
Philippine Airlines,CRM-CEB,2025.0,8,714.272,35.12,10000.0,10000.0,2894.52,46,4031
Philippine Airlines,CRM-MNL,2025.0,8,54.944,35.12,10000.0,10000.0,3582.32,46,10898
Cebgo,CYP-CEB,2025.0,8,1053.6480000000001,5.46,10000.0,5150.9,2894.52,63,4031
Philippine Airlines,CYP-MNL,2025.0,8,769.216,35.12,10000.0,5150.9,3582.32,63,10898
Cebu Pacific,CYZ-MNL,2025.0,8,6956.027999999999,43.28,10000.0,10000.0,3582.32,96,10898
Cebgo,DGT-CEB,2025.0,8,1873.152,5.46,10000.0,4572.15,2894.52,385,4031
Cebu Pacific,DGT-MNL,2025.0,8,12248.658,43.28,5103.49,4572.15,3582.32,385,10898
Philippine Airlines,DGT-MNL,2025.0,8,9167.568000000001,35.12,5103.49,4572.15,3582.32,385,10898
Cebu Pacific,DMK-ILO,2025.0,8,1360.962,43.28,10000.0,10000.0,3157.84,9,1033
Cebgo,DPL-CEB,2025.0,8,1697.544,5.46,10000.0,3771.32,2894.52,179,4031
Cebu Pacific,DPL-MNL,2025.0,8,4385.322,43.28,5000.96,3771.32,3582.32,179,10898
Philippine Airlines,DPL-MNL,2025.0,8,4508.64,35.12,5000.96,3771.32,3582.32,179,10898
Cebgo,DRP-CEB,2025.0,8,1463.4,5.46,5022.01,4640.3,2894.52,510,4031
Cebu Pacific,DRP-CEB,2025.0,8,1281.288,43.28,5022.01,4640.3,2894.52,510,4031
Cebu Pacific,DRP-MNL,2025.0,8,17287.632,43.28,5002.92,4640.3,3582.32,510,10898
Philippine Airlines,DRP-MNL,2025.0,8,18144.448,35.12,5002.92,4640.3,3582.32,510,10898
Cebu Pacific,DVO-BCD,2025.0,8,1360.962,43.28,10000.0,4952.91,3224.23,1600,761
Philippine Airlines,DVO-CBO,2025.0,8,150.288,35.12,10000.0,4952.91,10000.0,1600,123
Cebgo,DVO-CEB,2025.0,8,58.536,5.46,5202.71,4952.91,2894.52,1600,4031
Cebu Pacific,DVO-CEB,2025.0,8,4830.846,43.28,5202.71,4952.91,2894.52,1600,4031
Philippine Airlines,DVO-CEB,2025.0,8,7624.2880000000005,35.12,5202.71,4952.91,2894.52,1600,4031
Cebgo,DVO-CGY,2025.0,8,819.504,5.46,10000.0,4952.91,3525.7,1600,1067
Cebu Pacific,DVO-CRK,2025.0,8,1512.1799999999998,43.28,10000.0,4952.91,4094.11,1600,475
Cebgo,DVO-IAO,2025.0,8,819.504,5.46,10000.0,4952.91,5154.22,1600,587
Cebu Pacific,DVO-ILO,2025.0,8,4902.389999999999,43.28,10000.0,4952.91,3157.84,1600,1033
Cebu Pacific,DVO-MNL,2025.0,8,58006.737,43.28,5026.03,4952.91,3582.32,1600,10898
Philippine Airlines,DVO-MNL,2025.0,8,50199.424,35.12,5026.03,4952.91,3582.32,1600,10898
Cebu Pacific,DVO-MPH,2025.0,8,1360.962,43.28,10000.0,4952.91,3398.89,1600,1206
Cebu Pacific,DVO-TAG,2025.0,8,1360.962,43.28,5056.76,4952.91,3239.42,1600,587
Philippine Airlines,DVO-TAG,2025.0,8,1098.88,35.12,5056.76,4952.91,3239.42,1600,587
AirSWIFT,ENI-CEB,2025.0,8,1720.308,1.82,10000.0,8340.42,2894.52,715,4031
Cebgo,ENI-CRK,2025.0,8,1814.616,5.46,10000.0,8340.42,4094.11,715,475
AirSWIFT,ENI-MNL,2025.0,8,12126.708,1.82,10000.0,8340.42,3582.32,715,10898
AirSWIFT,ENI-MPH,2025.0,8,1689.414,1.82,10000.0,8340.42,3398.89,715,1206
AirSWIFT,ENI-TAG,2025.0,8,707.3100000000001,1.82,10000.0,8340.42,3239.42,715,587
AirSWIFT,ENI-USU,2025.0,8,1684.536,1.82,10000.0,8340.42,3982.31,715,381
Philippine Airlines,EUQ-MNL,2025.0,8,714.272,35.12,10000.0,10000.0,3582.32,25,10898
Philippine Airlines,GES-CEB,2025.0,8,2026.4640000000002,35.12,10000.0,5000.07,2894.52,340,4031
Cebu Pacific,GES-MNL,2025.0,8,19680.291,43.28,5014.03,5000.07,3582.32,340,10898
Philippine Airlines,GES-MNL,2025.0,8,17700.048,35.12,5014.03,5000.07,3582.32,340,10898
Cebgo,IAO-CEB,2025.0,8,4448.736,5.46,5077.89,5154.22,2894.52,587,4031
Philippine Airlines,IAO-CEB,2025.0,8,3461.472,35.12,5077.89,5154.22,2894.52,587,4031
Cebgo,IAO-CRK,2025.0,8,1580.472,5.46,5040.78,5154.22,4094.11,587,475
Philippine Airlines,IAO-CRK,2025.0,8,1318.656,35.12,5040.78,5154.22,4094.11,587,475
Cebgo,IAO-DVO,2025.0,8,702.432,5.46,10000.0,5154.22,4952.91,587,1600
Philippine Airlines,IAO-MNL,2025.0,8,4340.576,35.12,10000.0,5154.22,3582.32,587,10898
Cebgo,ILO-CEB,2025.0,8,3746.304,5.46,10000.0,3157.84,2894.52,1033,4031
Cebu Pacific,ILO-CGY,2025.0,8,2117.0519999999997,43.28,10000.0,3157.84,3525.7,1033,1067
Cebu Pacific,ILO-CRK,2025.0,8,1663.398,43.28,10000.0,3157.84,4094.11,1033,475
Cebu Pacific,ILO-DVO,2025.0,8,4866.6179999999995,43.28,10000.0,3157.84,4952.91,1033,1600
AirAsia,ILO-MNL,2025.0,8,23910.739999999998,14.31,3387.61,3157.84,3582.32,1033,10898
Cebu Pacific,ILO-MNL,2025.0,8,17650.23,43.28,3387.61,3157.84,3582.32,1033,10898
Philippine Airlines,ILO-MNL,2025.0,8,19702.272,35.12,3387.61,3157.84,3582.32,1033,10898
Cebu Pacific,ILO-TAC,2025.0,8,1360.962,43.28,10000.0,3157.84,3229.16,1033,692
AirAsia,KLO-MNL,2025.0,8,14070.9,14.31,6377.0,6377.0,3582.32,228,10898
Cebu Pacific,KLO-MNL,2025.0,8,4385.322,43.28,6377.0,6377.0,3582.32,228,10898
Philippine Airlines,LAO-MNL,2025.0,8,8471.072,35.12,10000.0,10000.0,3582.32,86,10898
Cebgo,MBT-CRK,2025.0,8,1053.6480000000001,5.46,10000.0,10000.0,4094.11,36,475
AirAsia,MNL-BCD,2025.0,8,10263.48,14.31,3400.32,3582.32,3224.23,10898,761
Cebu Pacific,MNL-BCD,2025.0,8,14442.132000000001,43.28,3400.32,3582.32,3224.23,10898,761
Philippine Airlines,MNL-BCD,2025.0,8,13651.968,35.12,3400.32,3582.32,3224.23,10898,761
Philippine Airlines,MNL-BSO,2025.0,8,1538.432,35.12,10000.0,3582.32,10000.0,10898,58
Cebu Pacific,MNL-BXU,2025.0,8,19399.806,43.28,5610.4,3582.32,4531.68,10898,507
Philippine Airlines,MNL-BXU,2025.0,8,9353.408000000001,35.12,5610.4,3582.32,4531.68,10898,507
Philippine Airlines,MNL-CBO,2025.0,8,8416.128,35.12,10000.0,3582.32,10000.0,10898,123
AirAsia,MNL-CEB,2025.0,8,30293.82,14.31,3453.41,3582.32,2894.52,10898,4031
Cebgo,MNL-CEB,2025.0,8,2458.512,5.46,3453.41,3582.32,2894.52,10898,4031
Cebu Pacific,MNL-CEB,2025.0,8,46737.744,43.28,3453.41,3582.32,2894.52,10898,4031
Philippine Airlines,MNL-CEB,2025.0,8,60470.72,35.12,3453.41,3582.32,2894.52,10898,4031
AirAsia,MNL-CGY,2025.0,8,5131.74,14.31,4584.6,3582.32,3525.7,10898,1067
Cebu Pacific,MNL-CGY,2025.0,8,31980.168,43.28,4584.6,3582.32,3525.7,10898,1067
Philippine Airlines,MNL-CGY,2025.0,8,16723.984,35.12,4584.6,3582.32,3525.7,10898,1067
Philippine Airlines,MNL-CRM,2025.0,8,1043.9360000000001,35.12,10000.0,3582.32,10000.0,10898,46
Philippine Airlines,MNL-CYP,2025.0,8,714.272,35.12,10000.0,3582.32,5150.9,10898,63
Cebu Pacific,MNL-CYZ,2025.0,8,6956.027999999999,43.28,10000.0,3582.32,10000.0,10898,96
Cebu Pacific,MNL-DGT,2025.0,8,16633.98,43.28,5397.37,3582.32,4572.15,10898,385
Philippine Airlines,MNL-DGT,2025.0,8,9317.856,35.12,5397.37,3582.32,4572.15,10898,385
Cebu Pacific,MNL-DPL,2025.0,8,4385.322,43.28,5000.96,3582.32,3771.32,10898,179
Philippine Airlines,MNL-DPL,2025.0,8,4508.64,35.12,5000.96,3582.32,3771.32,10898,179
Cebu Pacific,MNL-DRP,2025.0,8,17287.632,43.28,5005.25,3582.32,4640.3,10898,510
Philippine Airlines,MNL-DRP,2025.0,8,18445.024,35.12,5005.25,3582.32,4640.3,10898,510
Cebu Pacific,MNL-DVO,2025.0,8,58412.424,43.28,5028.59,3582.32,4952.91,10898,1600
Philippine Airlines,MNL-DVO,2025.0,8,50199.424,35.12,5028.59,3582.32,4952.91,10898,1600
AirSWIFT,MNL-ENI,2025.0,8,12009.636,1.82,10000.0,3582.32,8340.42,10898,715
Philippine Airlines,MNL-EUQ,2025.0,8,659.328,35.12,10000.0,3582.32,10000.0,10898,25
Cebu Pacific,MNL-GES,2025.0,8,19489.236,43.28,5011.57,3582.32,5000.07,10898,340
Philippine Airlines,MNL-GES,2025.0,8,17700.048,35.12,5011.57,3582.32,5000.07,10898,340
Philippine Airlines,MNL-IAO,2025.0,8,5109.792,35.12,10000.0,3582.32,5154.22,10898,587
AirAsia,MNL-ILO,2025.0,8,17878.32,14.31,3388.4,3582.32,3157.84,10898,1033
Cebu Pacific,MNL-ILO,2025.0,8,23037.168,43.28,3388.4,3582.32,3157.84,10898,1033
Philippine Airlines,MNL-ILO,2025.0,8,24361.2,35.12,3388.4,3582.32,3157.84,10898,1033
AirAsia,MNL-KLO,2025.0,8,14070.9,14.31,6377.0,3582.32,6377.0,10898,228
Cebu Pacific,MNL-KLO,2025.0,8,4385.322,43.28,6377.0,3582.32,6377.0,10898,228
Philippine Airlines,MNL-LAO,2025.0,8,4358.352000000001,35.12,10000.0,3582.32,10000.0,10898,86
Philippine Airlines,MNL-MNL,2025.0,8,150.288,35.12,10000.0,3582.32,3582.32,10898,10898
AirAsia,MNL-MPH,2025.0,8,20195.879999999997,14.31,3265.45,3582.32,3398.89,10898,1206
Cebgo,MNL-MPH,2025.0,8,1873.152,5.46,3265.45,3582.32,3398.89,10898,1206
Cebu Pacific,MNL-MPH,2025.0,8,23136.354,43.28,3265.45,3582.32,3398.89,10898,1206
Philippine Airlines,MNL-MPH,2025.0,8,13818.416000000001,35.12,3265.45,3582.32,3398.89,10898,1206
Cebu Pacific,MNL-OZC,2025.0,8,7107.245999999999,43.28,10000.0,3582.32,5683.63,10898,144
Cebu Pacific,MNL-PAG,2025.0,8,4687.758,43.28,10000.0,3582.32,6190.72,10898,170
AirAsia,MNL-PPS,2025.0,8,5793.9,14.31,3831.91,3582.32,3909.24,10898,516
Cebu Pacific,MNL-PPS,2025.0,8,13221.006000000001,43.28,3831.91,3582.32,3909.24,10898,516
Philippine Airlines,MNL-PPS,2025.0,8,6678.928000000001,35.12,3831.91,3582.32,3909.24,10898,516
Cebu Pacific,MNL-RXS,2025.0,8,4838.976,43.28,10000.0,3582.32,5096.84,10898,135
Cebu Pacific,MNL-SJI,2025.0,8,3024.3599999999997,43.28,10000.0,3582.32,10000.0,10898,40
AirAsia,MNL-TAC,2025.0,8,10263.48,14.31,3380.25,3582.32,3229.16,10898,692
Cebu Pacific,MNL-TAC,2025.0,8,7863.335999999999,43.28,3380.25,3582.32,3229.16,10898,692
Philippine Airlines,MNL-TAC,2025.0,8,10217.968,35.12,3380.25,3582.32,3229.16,10898,692
AirAsia,MNL-TAG,2025.0,8,9270.24,14.31,3493.91,3582.32,3239.42,10898,587
Cebu Pacific,MNL-TAG,2025.0,8,9409.662,43.28,3493.91,3582.32,3239.42,10898,587
Philippine Airlines,MNL-TAG,2025.0,8,14485.824,35.12,3493.91,3582.32,3239.42,10898,587
Cebu Pacific,MNL-TUG,2025.0,8,8165.771999999999,43.28,10000.0,3582.32,7703.81,10898,222
Cebgo,MNL-USU,2025.0,8,1873.152,5.46,9415.7,3582.32,3982.31,10898,381
Philippine Airlines,MNL-USU,2025.0,8,58.176,35.12,9415.7,3582.32,3982.31,10898,381
Cebu Pacific,MNL-VRC,2025.0,8,4082.8859999999995,43.28,10000.0,3582.32,10000.0,10898,54
Cebgo,MNL-WNP,2025.0,8,3160.944,5.46,10000.0,3582.32,10000.0,10898,114
Cebu Pacific,MPH-CEB,2025.0,8,4838.976,43.28,5527.61,3398.89,2894.52,1206,4031
Philippine Airlines,MPH-CEB,2025.0,8,2466.016,35.12,5527.61,3398.89,2894.52,1206,4031
Cebu Pacific,MPH-CRK,2025.0,8,6804.8099999999995,43.28,10000.0,3398.89,4094.11,1206,475
Cebu Pacific,MPH-DVO,2025.0,8,1360.962,43.28,10000.0,3398.89,4952.91,1206,1600
AirSWIFT,MPH-ENI,2025.0,8,1788.6,1.82,10000.0,3398.89,8340.42,1206,715
AirAsia,MPH-MNL,2025.0,8,25327.62,14.31,3291.1,3398.89,3582.32,1206,10898
Cebgo,MPH-MNL,2025.0,8,1873.152,5.46,3291.1,3398.89,3582.32,1206,10898
Cebu Pacific,MPH-MNL,2025.0,8,27672.893999999997,43.28,3291.1,3398.89,3582.32,1206,10898
Philippine Airlines,MPH-MNL,2025.0,8,16974.464,35.12,3291.1,3398.89,3582.32,1206,10898
Cebgo,OZC-CEB,2025.0,8,1053.6480000000001,5.46,10000.0,5683.63,2894.52,144,4031
Cebu Pacific,OZC-MNL,2025.0,8,7107.245999999999,43.28,5250.23,5683.63,3582.32,144,10898
Philippine Airlines,OZC-MNL,2025.0,8,4508.64,35.12,5250.23,5683.63,3582.32,144,10898
Cebgo,PAG-CEB,2025.0,8,2926.8,5.46,10000.0,6190.72,2894.52,170,4031
Cebu Pacific,PAG-MNL,2025.0,8,8921.862,43.28,10000.0,6190.72,3582.32,170,10898
Cebu Pacific,PPS-CEB,2025.0,8,5796.6900000000005,43.28,7413.62,3909.24,2894.52,516,4031
Philippine Airlines,PPS-CEB,2025.0,8,1043.9360000000001,35.12,7413.62,3909.24,2894.52,516,4031
Cebgo,PPS-CRK,2025.0,8,175.608,5.46,10000.0,3909.24,4094.11,516,475
AirSWIFT,PPS-ENI,2025.0,8,175.608,1.82,10000.0,3909.24,8340.42,516,715
AirAsia,PPS-MNL,2025.0,8,12415.5,14.31,3526.42,3909.24,3582.32,516,10898
AirSWIFT,PPS-MNL,2025.0,8,58.536,1.82,3526.42,3909.24,3582.32,516,10898
Cebu Pacific,PPS-MNL,2025.0,8,19355.904000000002,43.28,3526.42,3909.24,3582.32,516,10898
Philippine Airlines,PPS-MNL,2025.0,8,11365.328000000001,35.12,3526.42,3909.24,3582.32,516,10898
AirAsia,RXS-MNL,2025.0,8,2152.02,14.31,4279.89,5096.84,3582.32,135,10898
Cebu Pacific,RXS-MNL,2025.0,8,8921.862,43.28,4279.89,5096.84,3582.32,135,10898
Philippine Airlines,RXS-MNL,2025.0,8,4658.928,35.12,4279.89,5096.84,3582.32,135,10898
Cebu Pacific,SIN-ILO,2025.0,8,1360.962,43.28,10000.0,10000.0,3157.84,9,1033
Cebu Pacific,SJI-MNL,2025.0,8,3024.3599999999997,43.28,10000.0,10000.0,3582.32,40,10898
Cebgo,SUG-CEB,2025.0,8,2399.976,5.46,10000.0,10000.0,2894.52,63,4031
Cebgo,SWL-CEB,2025.0,8,702.432,5.46,10000.0,10000.0,2894.52,12,4031
Cebgo,TAC-CEB,2025.0,8,1990.2240000000002,5.46,5081.96,3229.16,2894.52,692,4031
Philippine Airlines,TAC-CEB,2025.0,8,1538.432,35.12,5081.96,3229.16,2894.52,692,4031
Cebu Pacific,TAC-DVO,2025.0,8,1360.962,43.28,10000.0,3229.16,4952.91,692,1600
Cebu Pacific,TAC-ILO,2025.0,8,1360.962,43.28,10000.0,3229.16,3157.84,692,1033
AirAsia,TAC-MNL,2025.0,8,21623.44,14.31,3425.97,3229.16,3582.32,692,10898
Cebu Pacific,TAC-MNL,2025.0,8,25555.841999999997,43.28,3425.97,3229.16,3582.32,692,10898
Philippine Airlines,TAC-MNL,2025.0,8,16853.264,35.12,3425.97,3229.16,3582.32,692,10898
Philippine Airlines,TAG-CEB,2025.0,8,54.944,35.12,10000.0,3239.42,2894.52,587,4031
Cebgo,TAG-CRK,2025.0,8,1053.6480000000001,5.46,10000.0,3239.42,4094.11,587,475
Cebu Pacific,TAG-DVO,2025.0,8,1360.962,43.28,5033.92,3239.42,4952.91,587,1600
Philippine Airlines,TAG-DVO,2025.0,8,1153.824,35.12,5033.92,3239.42,4952.91,587,1600
AirSWIFT,TAG-ENI,2025.0,8,707.3100000000001,1.82,10000.0,3239.42,8340.42,587,715
AirAsia,TAG-MNL,2025.0,8,9270.24,14.31,3660.3,3239.42,3582.32,587,10898
Cebu Pacific,TAG-MNL,2025.0,8,20601.420000000002,43.28,3660.3,3239.42,3582.32,587,10898
Philippine Airlines,TAG-MNL,2025.0,8,14485.824,35.12,3660.3,3239.42,3582.32,587,10898
Cebu Pacific,TUG-MNL,2025.0,8,20414.43,43.28,7100.39,7703.81,3582.32,222,10898
Philippine Airlines,TUG-MNL,2025.0,8,4358.352000000001,35.12,7100.39,7703.81,3582.32,222,10898
Cebgo,USU-CEB,2025.0,8,1112.184,5.46,5129.3,3982.31,2894.52,381,4031
Philippine Airlines,USU-CEB,2025.0,8,1538.432,35.12,5129.3,3982.31,2894.52,381,4031
Philippine Airlines,USU-CRK,2025.0,8,1098.88,35.12,10000.0,3982.31,4094.11,381,475
AirSWIFT,USU-ENI,2025.0,8,1743.0720000000001,1.82,10000.0,3982.31,8340.42,381,715
Cebgo,USU-MNL,2025.0,8,7199.928,5.46,6905.8,3982.31,3582.32,381,10898
Philippine Airlines,USU-MNL,2025.0,8,1703.2640000000001,35.12,6905.8,3982.31,3582.32,381,10898
Cebu Pacific,VRC-MNL,2025.0,8,4082.8859999999995,43.28,10000.0,10000.0,3582.32,54,10898
Cebgo,WNP-MNL,2025.0,8,3512.16,5.46,10000.0,10000.0,3582.32,114,10898
Philippine Airlines,ZAM-CEB,2025.0,8,1648.3200000000002,35.12,10000.0,5193.16,2894.52,224,4031
Cebu Pacific,ZAM-DVO,2025.0,8,1512.1799999999998,43.28,10000.0,5193.16,4952.91,224,1600
Cebu Pacific,ZAM-MNL,2025.0,8,14819.364,43.28,5564.72,5193.16,3582.32,224,10898
Philippine Airlines,ZAM-MNL,2025.0,8,7364.112000000001,35.12,5564.72,5193.16,3582.32,224,10898
Philippine Airlines,ZAM-TWT,2025.0,8,1953.7440000000001,35.12,10000.0,5193.16,10000.0,224,22
Cebgo,BCD-CEB,2025.0,9,1154.592,7.24,5091.75,3946.65,2959.74,414,2276
Philippine Airlines,BCD-CEB,2025.0,9,879.104,26.11,5091.75,3946.65,2959.74,414,2276
Cebu Pacific,BCD-DVO,2025.0,9,1255.872,53.67,10000.0,3946.65,5516.79,414,957
AirAsia,BCD-MNL,2025.0,9,4469.58,10.6,4297.1,3946.65,4134.11,414,6145
Cebu Pacific,BCD-MNL,2025.0,9,14778.44,53.67,4297.1,3946.65,4134.11,414,6145
Philippine Airlines,BCD-MNL,2025.0,9,6047.072,26.11,4297.1,3946.65,4134.11,414,6145
Philippine Airlines,BPA-CEB,2025.0,9,549.44,26.11,10000.0,10000.0,2959.74,20,2276
Philippine Airlines,BSO-CRK,2025.0,9,604.384,26.11,10000.0,10000.0,3677.29,33,304
Cebgo,BXU-CEB,2025.0,9,1397.664,7.24,5259.38,5198.13,2959.74,282,2276
Philippine Airlines,BXU-CEB,2025.0,9,879.104,26.11,5259.38,5198.13,2959.74,282,2276
Cebu Pacific,BXU-MNL,2025.0,9,10462.224,53.67,6735.25,5198.13,4134.11,282,6145
Philippine Airlines,BXU-MNL,2025.0,9,2705.184,26.11,6735.25,5198.13,4134.11,282,6145
Philippine Airlines,CBO-MNL,2025.0,9,2705.184,26.11,10000.0,10000.0,4134.11,74,6145
Philippine Airlines,CBO-TWT,2025.0,9,494.49600000000004,26.11,10000.0,10000.0,10000.0,74,21
Cebgo,CEB-BCD,2025.0,9,972.288,7.24,5012.67,2959.74,3946.65,2276,414
Philippine Airlines,CEB-BCD,2025.0,9,879.104,26.11,5012.67,2959.74,3946.65,2276,414
Philippine Airlines,CEB-BPA,2025.0,9,549.44,26.11,10000.0,2959.74,10000.0,2276,20
Cebgo,CEB-BXU,2025.0,9,1397.664,7.24,5259.38,2959.74,5198.13,2276,282
Philippine Airlines,CEB-BXU,2025.0,9,879.104,26.11,5259.38,2959.74,5198.13,2276,282
Cebgo,CEB-CGM,2025.0,9,850.752,7.24,10000.0,2959.74,10000.0,2276,29
Cebgo,CEB-CGY,2025.0,9,3646.08,7.24,5563.63,2959.74,4041.15,2276,606
Philippine Airlines,CEB-CGY,2025.0,9,1813.152,26.11,5563.63,2959.74,4041.15,2276,606
Cebgo,CEB-CRK,2025.0,9,303.84000000000003,7.24,5232.6,2959.74,3677.29,2276,304
Cebu Pacific,CEB-CRK,2025.0,9,470.952,53.67,5232.6,2959.74,3677.29,2276,304
Philippine Airlines,CEB-CRM,2025.0,9,329.664,26.11,10000.0,2959.74,10000.0,2276,21
Cebgo,CEB-CYP,2025.0,9,729.216,7.24,10000.0,2959.74,5478.62,2276,38
Cebgo,CEB-DGT,2025.0,9,972.288,7.24,10000.0,2959.74,4591.49,2276,236
Cebgo,CEB-DPL,2025.0,9,972.288,7.24,10000.0,2959.74,3817.19,2276,99
Cebgo,CEB-DRP,2025.0,9,546.912,7.24,6801.48,2959.74,5351.64,2276,301
Cebu Pacific,CEB-DRP,2025.0,9,2189.3360000000002,53.67,6801.48,2959.74,5351.64,2276,301
Cebu Pacific,CEB-DVO,2025.0,9,4407.368,53.67,5072.25,2959.74,5516.79,2276,957
Philippine Airlines,CEB-DVO,2025.0,9,3461.472,26.11,5072.25,2959.74,5516.79,2276,957
AirSWIFT,CEB-ENI,2025.0,9,1033.056,2.38,10000.0,2959.74,8391.0,2276,374
Philippine Airlines,CEB-GES,2025.0,9,659.328,26.11,10000.0,2959.74,5188.67,2276,196
Cebgo,CEB-IAO,2025.0,9,2916.864,7.24,5159.45,2959.74,5059.09,2276,373
Philippine Airlines,CEB-IAO,2025.0,9,2032.928,26.11,5159.45,2959.74,5059.09,2276,373
Cebgo,CEB-ILO,2025.0,9,2005.344,7.24,10000.0,2959.74,3835.58,2276,644
AirAsia,CEB-MNL,2025.0,9,9932.4,10.6,3943.17,2959.74,4134.11,2276,6145
Cebu Pacific,CEB-MNL,2025.0,9,29740.872,53.67,3943.17,2959.74,4134.11,2276,6145
Philippine Airlines,CEB-MNL,2025.0,9,17548.144,26.11,3943.17,2959.74,4134.11,2276,6145
Cebu Pacific,CEB-MPH,2025.0,9,2668.728,53.67,6272.24,2959.74,4282.42,2276,641
Philippine Airlines,CEB-MPH,2025.0,9,879.104,26.11,6272.24,2959.74,4282.42,2276,641
Cebgo,CEB-PAG,2025.0,9,850.752,7.24,10000.0,2959.74,6379.84,2276,93
Cebu Pacific,CEB-PPS,2025.0,9,3105.92,53.67,7827.89,2959.74,4853.43,2276,307
Philippine Airlines,CEB-PPS,2025.0,9,439.552,26.11,7827.89,2959.74,4853.43,2276,307
Cebgo,CEB-SUG,2025.0,9,607.6800000000001,7.24,10000.0,2959.74,10000.0,2276,28
Cebgo,CEB-TAC,2025.0,9,182.304,7.24,8157.47,2959.74,3390.55,2276,476
Philippine Airlines,CEB-TAC,2025.0,9,1593.376,26.11,8157.47,2959.74,3390.55,2276,476
Cebgo,CEB-USU,2025.0,9,425.376,7.24,5414.23,2959.74,4018.16,2276,200
Philippine Airlines,CEB-USU,2025.0,9,769.216,26.11,5414.23,2959.74,4018.16,2276,200
Cebgo,CGM-CEB,2025.0,9,911.52,7.24,10000.0,10000.0,2959.74,29,2276
Cebgo,CGY-CEB,2025.0,9,3949.92,7.24,5687.35,4041.15,2959.74,606,2276
Philippine Airlines,CGY-CEB,2025.0,9,1813.152,26.11,5687.35,4041.15,2959.74,606,2276
Cebgo,CGY-DVO,2025.0,9,425.376,7.24,10000.0,4041.15,5516.79,606,957
Cebu Pacific,CGY-ILO,2025.0,9,627.936,53.67,10000.0,4041.15,3835.58,606,644
AirAsia,CGY-MNL,2025.0,9,1655.3999999999999,10.6,5142.0,4041.15,4134.11,606,6145
Cebu Pacific,CGY-MNL,2025.0,9,17153.456000000002,53.67,5142.0,4041.15,4134.11,606,6145
Philippine Airlines,CGY-MNL,2025.0,9,7280.080000000001,26.11,5142.0,4041.15,4134.11,606,6145
Philippine Airlines,CRK-BSO,2025.0,9,604.384,26.11,10000.0,3677.29,10000.0,304,33
Cebgo,CRK-CEB,2025.0,9,303.84000000000003,7.24,5604.91,3677.29,2959.74,304,2276
Cebu Pacific,CRK-CEB,2025.0,9,627.936,53.67,5604.91,3677.29,2959.74,304,2276
Cebu Pacific,CRK-DVO,2025.0,9,784.9200000000001,53.67,10000.0,3677.29,5516.79,304,957
Cebgo,CRK-ENI,2025.0,9,972.288,7.24,10000.0,3677.29,8391.0,304,374
Cebgo,CRK-IAO,2025.0,9,850.752,7.24,5001.34,3677.29,5059.09,304,373
Philippine Airlines,CRK-IAO,2025.0,9,879.104,26.11,5001.34,3677.29,5059.09,304,373
Cebu Pacific,CRK-ILO,2025.0,9,784.9200000000001,53.67,10000.0,3677.29,3835.58,304,644
Cebgo,CRK-MBT,2025.0,9,546.912,7.24,10000.0,3677.29,10000.0,304,18
Cebu Pacific,CRK-MPH,2025.0,9,2825.712,53.67,10000.0,3677.29,4282.42,304,641
Cebgo,CRK-PPS,2025.0,9,364.608,7.24,10000.0,3677.29,4853.43,304,307
Cebgo,CRK-TAG,2025.0,9,972.288,7.24,10000.0,3677.29,3224.96,304,288
Philippine Airlines,CRK-USU,2025.0,9,549.44,26.11,10000.0,3677.29,4018.16,304,200
Philippine Airlines,CRM-CEB,2025.0,9,329.664,26.11,10000.0,10000.0,2959.74,21,2276
Cebgo,CYP-CEB,2025.0,9,729.216,7.24,10000.0,5478.62,2959.74,38,2276
Philippine Airlines,CYP-MNL,2025.0,9,384.608,26.11,10000.0,5478.62,4134.11,38,6145
Cebu Pacific,CYZ-MNL,2025.0,9,2354.76,53.67,10000.0,10000.0,4134.11,50,6145
Cebgo,DGT-CEB,2025.0,9,1033.056,7.24,10000.0,4591.49,2959.74,236,2276
Cebgo,DGT-ILO,2025.0,9,425.376,7.24,10000.0,4591.49,3835.58,236,644
Cebu Pacific,DGT-MNL,2025.0,9,5180.472000000001,53.67,5492.66,4591.49,4134.11,236,6145
Philippine Airlines,DGT-MNL,2025.0,9,2705.184,26.11,5492.66,4591.49,4134.11,236,6145
Cebu Pacific,DMK-ILO,2025.0,9,627.936,53.67,10000.0,10000.0,3835.58,7,644
Cebgo,DPL-CEB,2025.0,9,1154.592,7.24,10000.0,3817.19,2959.74,99,2276
Cebu Pacific,DPL-MNL,2025.0,9,2511.744,53.67,5449.88,3817.19,4134.11,99,6145
Philippine Airlines,DPL-MNL,2025.0,9,1352.592,26.11,5449.88,3817.19,4134.11,99,6145
Cebgo,DRP-CEB,2025.0,9,546.912,7.24,6801.48,5351.64,2959.74,301,2276
Cebu Pacific,DRP-CEB,2025.0,9,2189.3360000000002,53.67,6801.48,5351.64,2959.74,301,2276
Cebu Pacific,DRP-MNL,2025.0,9,9462.928,53.67,5371.21,5351.64,4134.11,301,6145
Philippine Airlines,DRP-MNL,2025.0,9,5410.368,26.11,5371.21,5351.64,4134.11,301,6145
Cebu Pacific,DVO-BCD,2025.0,9,1098.8880000000001,53.67,10000.0,5516.79,3946.65,957,414
Cebu Pacific,DVO-CEB,2025.0,9,4407.368,53.67,5129.17,5516.79,2959.74,957,2276
Philippine Airlines,DVO-CEB,2025.0,9,3186.752,26.11,5129.17,5516.79,2959.74,957,2276
Cebgo,DVO-CGY,2025.0,9,425.376,7.24,10000.0,5516.79,4041.15,957,606
Cebu Pacific,DVO-CRK,2025.0,9,627.936,53.67,10000.0,5516.79,3677.29,957,304
Cebgo,DVO-IAO,2025.0,9,972.288,7.24,10000.0,5516.79,5059.09,957,373
Cebu Pacific,DVO-ILO,2025.0,9,2697.424,53.67,10000.0,5516.79,3835.58,957,644
Cebu Pacific,DVO-MNL,2025.0,9,29543.376,53.67,5663.47,5516.79,4134.11,957,6145
Philippine Airlines,DVO-MNL,2025.0,9,13766.704,26.11,5663.47,5516.79,4134.11,957,6145
Cebu Pacific,DVO-MPH,2025.0,9,1255.872,53.67,10000.0,5516.79,4282.42,957,641
Cebu Pacific,DVO-TAG,2025.0,9,1098.8880000000001,53.67,5555.57,5516.79,3224.96,957,288
Philippine Airlines,DVO-TAG,2025.0,9,549.44,26.11,5555.57,5516.79,3224.96,957,288
AirSWIFT,ENI-CEB,2025.0,9,972.288,2.38,10000.0,8391.0,2959.74,374,2276
Cebgo,ENI-CRK,2025.0,9,972.288,7.24,10000.0,8391.0,3677.29,374,304
AirSWIFT,ENI-MNL,2025.0,9,7109.856,2.38,10000.0,8391.0,4134.11,374,6145
AirSWIFT,ENI-MPH,2025.0,9,1033.056,2.38,10000.0,8391.0,4282.42,374,641
AirSWIFT,ENI-TAG,2025.0,9,425.376,2.38,10000.0,8391.0,3224.96,374,288
AirSWIFT,ENI-USU,2025.0,9,972.288,2.38,10000.0,8391.0,4018.16,374,200
Philippine Airlines,EUQ-MNL,2025.0,9,384.608,26.11,10000.0,10000.0,4134.11,14,6145
Philippine Airlines,GES-CEB,2025.0,9,659.328,26.11,10000.0,5188.67,2959.74,196,2276
Cebu Pacific,GES-MNL,2025.0,9,9087.348,53.67,5306.3,5188.67,4134.11,196,6145
Philippine Airlines,GES-MNL,2025.0,9,5481.472,26.11,5306.3,5188.67,4134.11,196,6145
Cebgo,IAO-CEB,2025.0,9,2916.864,7.24,5137.19,5059.09,2959.74,373,2276
Philippine Airlines,IAO-CEB,2025.0,9,2087.8720000000003,26.11,5137.19,5059.09,2959.74,373,2276
Cebgo,IAO-CRK,2025.0,9,850.752,7.24,5001.34,5059.09,3677.29,373,304
Philippine Airlines,IAO-CRK,2025.0,9,879.104,26.11,5001.34,5059.09,3677.29,373,304
Cebgo,IAO-DVO,2025.0,9,1033.056,7.24,10000.0,5059.09,5516.79,373,957
Philippine Airlines,IAO-MNL,2025.0,9,3076.864,26.11,10000.0,5059.09,4134.11,373,6145
Cebgo,ILO-CEB,2025.0,9,2126.88,7.24,10000.0,3835.58,2959.74,644,2276
Cebu Pacific,ILO-CGY,2025.0,9,627.936,53.67,10000.0,3835.58,4041.15,644,606
Cebu Pacific,ILO-CRK,2025.0,9,784.9200000000001,53.67,10000.0,3835.58,3677.29,644,304
Cebgo,ILO-DGT,2025.0,9,425.376,7.24,10000.0,3835.58,4591.49,644,236
Cebu Pacific,ILO-DVO,2025.0,9,2697.424,53.67,10000.0,3835.58,5516.79,644,957
AirAsia,ILO-MNL,2025.0,9,9975.119999999999,10.6,3625.14,3835.58,4134.11,644,6145
Cebu Pacific,ILO-MNL,2025.0,9,12457.44,53.67,3625.14,3835.58,4134.11,644,6145
Philippine Airlines,ILO-MNL,2025.0,9,5730.336,26.11,3625.14,3835.58,4134.11,644,6145
Cebu Pacific,ILO-TAC,2025.0,9,1883.808,53.67,10000.0,3835.58,3390.55,644,476
AirAsia,KLO-MNL,2025.0,9,3972.96,10.6,5326.99,5326.99,4134.11,113,6145
Cebu Pacific,KLO-MNL,2025.0,9,2354.76,53.67,5326.99,5326.99,4134.11,113,6145
Philippine Airlines,LAO-MNL,2025.0,9,1803.4560000000001,26.11,10000.0,10000.0,4134.11,34,6145
Cebgo,MBT-CRK,2025.0,9,546.912,7.24,10000.0,10000.0,3677.29,18,304
AirAsia,MNL-BCD,2025.0,9,2979.72,10.6,4320.88,4134.11,3946.65,6145,414
Cebu Pacific,MNL-BCD,2025.0,9,8661.128,53.67,4320.88,4134.11,3946.65,6145,414
Philippine Airlines,MNL-BCD,2025.0,9,3041.3120000000004,26.11,4320.88,4134.11,3946.65,6145,414
Philippine Airlines,MNL-BSO,2025.0,9,604.384,26.11,10000.0,4134.11,10000.0,6145,33
Cebu Pacific,MNL-BXU,2025.0,9,10073.984,53.67,6772.44,4134.11,5198.13,6145,282
Philippine Airlines,MNL-BXU,2025.0,9,2554.896,26.11,6772.44,4134.11,5198.13,6145,282
Philippine Airlines,MNL-CBO,2025.0,9,2705.184,26.11,10000.0,4134.11,10000.0,6145,74
AirAsia,MNL-CEB,2025.0,9,9766.859999999999,10.6,3614.41,4134.11,2959.74,6145,2276
Cebgo,MNL-CEB,2025.0,9,1458.432,7.24,3614.41,4134.11,2959.74,6145,2276
Cebu Pacific,MNL-CEB,2025.0,9,25758.88,53.67,3614.41,4134.11,2959.74,6145,2276
Philippine Airlines,MNL-CEB,2025.0,9,16389.472,26.11,3614.41,4134.11,2959.74,6145,2276
AirAsia,MNL-CGY,2025.0,9,1655.3999999999999,10.6,5650.82,4134.11,4041.15,6145,606
Cebu Pacific,MNL-CGY,2025.0,9,18586.568,53.67,5650.82,4134.11,4041.15,6145,606
Philippine Airlines,MNL-CGY,2025.0,9,5722.256,26.11,5650.82,4134.11,4041.15,6145,606
Philippine Airlines,MNL-CRM,2025.0,9,494.49600000000004,26.11,10000.0,4134.11,10000.0,6145,21
Philippine Airlines,MNL-CYP,2025.0,9,384.608,26.11,10000.0,4134.11,5478.62,6145,38
Cebu Pacific,MNL-CYZ,2025.0,9,2354.76,53.67,10000.0,4134.11,10000.0,6145,50
Cebu Pacific,MNL-DGT,2025.0,9,8006.184,53.67,6224.6,4134.11,4591.49,6145,236
Philippine Airlines,MNL-DGT,2025.0,9,2705.184,26.11,6224.6,4134.11,4591.49,6145,236
Cebu Pacific,MNL-DPL,2025.0,9,2511.744,53.67,5449.88,4134.11,3817.19,6145,99
Philippine Airlines,MNL-DPL,2025.0,9,1352.592,26.11,5449.88,4134.11,3817.19,6145,99
Cebu Pacific,MNL-DRP,2025.0,9,9462.928,53.67,5407.44,4134.11,5351.64,6145,301
Philippine Airlines,MNL-DRP,2025.0,9,5260.08,26.11,5407.44,4134.11,5351.64,6145,301
Cebu Pacific,MNL-DVO,2025.0,9,28398.912,53.67,5565.71,4134.11,5516.79,6145,957
Philippine Airlines,MNL-DVO,2025.0,9,14102.832,26.11,5565.71,4134.11,5516.79,6145,957
AirSWIFT,MNL-ENI,2025.0,9,6806.016,2.38,10000.0,4134.11,8391.0,6145,374
Philippine Airlines,MNL-EUQ,2025.0,9,384.608,26.11,10000.0,4134.11,10000.0,6145,14
Cebu Pacific,MNL-GES,2025.0,9,8893.228,53.67,5313.55,4134.11,5188.67,6145,196
Philippine Airlines,MNL-GES,2025.0,9,5331.184,26.11,5313.55,4134.11,5188.67,6145,196
Philippine Airlines,MNL-IAO,2025.0,9,2912.032,26.11,10000.0,4134.11,5059.09,6145,373
AirAsia,MNL-ILO,2025.0,9,5959.44,10.6,4193.46,4134.11,3835.58,6145,644
Cebu Pacific,MNL-ILO,2025.0,9,16228.432,53.67,4193.46,4134.11,3835.58,6145,644
Philippine Airlines,MNL-ILO,2025.0,9,6145.648,26.11,4193.46,4134.11,3835.58,6145,644
AirAsia,MNL-KLO,2025.0,9,3972.96,10.6,5326.99,4134.11,5326.99,6145,113
Cebu Pacific,MNL-KLO,2025.0,9,2354.76,53.67,5326.99,4134.11,5326.99,6145,113
Philippine Airlines,MNL-LAO,2025.0,9,1052.016,26.11,10000.0,4134.11,10000.0,6145,34
AirAsia,MNL-MPH,2025.0,9,5959.44,10.6,4021.93,4134.11,4282.42,6145,641
Cebgo,MNL-MPH,2025.0,9,972.288,7.24,4021.93,4134.11,4282.42,6145,641
Cebu Pacific,MNL-MPH,2025.0,9,13657.608,53.67,4021.93,4134.11,4282.42,6145,641
Philippine Airlines,MNL-MPH,2025.0,9,3650.5440000000003,26.11,4021.93,4134.11,4282.42,6145,641
Cebu Pacific,MNL-OZC,2025.0,9,2511.744,53.67,10000.0,4134.11,5911.33,6145,79
Cebu Pacific,MNL-PAG,2025.0,9,2668.728,53.67,10000.0,4134.11,6379.84,6145,93
AirAsia,MNL-PPS,2025.0,9,1324.32,10.6,5705.32,4134.11,4853.43,6145,307
Cebu Pacific,MNL-PPS,2025.0,9,8401.176,53.67,5705.32,4134.11,4853.43,6145,307
Philippine Airlines,MNL-PPS,2025.0,9,1777.6000000000001,26.11,5705.32,4134.11,4853.43,6145,307
Cebu Pacific,MNL-RXS,2025.0,9,2197.7760000000003,53.67,10000.0,4134.11,5944.14,6145,76
Cebu Pacific,MNL-SJI,2025.0,9,784.9200000000001,53.67,10000.0,4134.11,10000.0,6145,19
AirAsia,MNL-TAC,2025.0,9,6952.679999999999,10.6,3415.5,4134.11,3390.55,6145,476
Cebu Pacific,MNL-TAC,2025.0,9,7849.200000000001,53.67,3415.5,4134.11,3390.55,6145,476
Philippine Airlines,MNL-TAC,2025.0,9,10048.288,26.11,3415.5,4134.11,3390.55,6145,476
AirAsia,MNL-TAG,2025.0,9,2152.02,10.6,3458.91,4134.11,3224.96,6145,288
Cebu Pacific,MNL-TAG,2025.0,9,3271.344,53.67,3458.91,4134.11,3224.96,6145,288
Philippine Airlines,MNL-TAG,2025.0,9,3448.5440000000003,26.11,3458.91,4134.11,3224.96,6145,288
Cebu Pacific,MNL-TUG,2025.0,9,5808.408,53.67,10000.0,4134.11,9139.32,6145,120
Cebgo,MNL-USU,2025.0,9,972.288,7.24,10000.0,4134.11,4018.16,6145,200
Cebu Pacific,MNL-VRC,2025.0,9,1255.872,53.67,10000.0,4134.11,10000.0,6145,29
Cebgo,MNL-WNP,2025.0,9,1944.576,7.24,10000.0,4134.11,10000.0,6145,66
Cebu Pacific,MPH-CEB,2025.0,9,2511.744,53.67,6159.14,4282.42,2959.74,641,2276
Philippine Airlines,MPH-CEB,2025.0,9,879.104,26.11,6159.14,4282.42,2959.74,641,2276
Cebu Pacific,MPH-CRK,2025.0,9,2668.728,53.67,10000.0,4282.42,3677.29,641,304
Cebu Pacific,MPH-DVO,2025.0,9,1255.872,53.67,10000.0,4282.42,5516.79,641,957
AirSWIFT,MPH-ENI,2025.0,9,972.288,2.38,10000.0,4282.42,8391.0,641,374
AirAsia,MPH-MNL,2025.0,9,7614.839999999999,10.6,3919.82,4282.42,4134.11,641,6145
Cebgo,MPH-MNL,2025.0,9,1093.824,7.24,3919.82,4282.42,4134.11,641,6145
Cebu Pacific,MPH-MNL,2025.0,9,16640.304,53.67,3919.82,4282.42,4134.11,641,6145
Philippine Airlines,MPH-MNL,2025.0,9,5003.136,26.11,3919.82,4282.42,4134.11,641,6145
Cebgo,OZC-CEB,2025.0,9,546.912,7.24,10000.0,5911.33,2959.74,79,2276
Cebu Pacific,OZC-MNL,2025.0,9,2982.6960000000004,53.67,5706.91,5911.33,4134.11,79,6145
Philippine Airlines,OZC-MNL,2025.0,9,1352.592,26.11,5706.91,5911.33,4134.11,79,6145
Cebgo,PAG-CEB,2025.0,9,1640.736,7.24,10000.0,6379.84,2959.74,93,2276
Cebu Pacific,PAG-MNL,2025.0,9,5337.456,53.67,10000.0,6379.84,4134.11,93,6145
Cebu Pacific,PPS-CEB,2025.0,9,3300.04,53.67,7925.51,4853.43,2959.74,307,2276
Philippine Airlines,PPS-CEB,2025.0,9,439.552,26.11,7925.51,4853.43,2959.74,307,2276
Cebgo,PPS-CRK,2025.0,9,364.608,7.24,10000.0,4853.43,3677.29,307,304
Cebgo,PPS-ENI,2025.0,9,60.768,7.24,10000.0,4853.43,8391.0,307,374
AirAsia,PPS-MNL,2025.0,9,3972.96,10.6,4072.66,4853.43,4134.11,307,6145
Cebu Pacific,PPS-MNL,2025.0,9,10528.056,53.67,4072.66,4853.43,4134.11,307,6145
Philippine Airlines,PPS-MNL,2025.0,9,4474.704000000001,26.11,4072.66,4853.43,4134.11,307,6145
AirAsia,RXS-MNL,2025.0,9,662.16,10.6,4923.73,5944.14,4134.11,76,6145
Cebu Pacific,RXS-MNL,2025.0,9,3767.616,53.67,4923.73,5944.14,4134.11,76,6145
Philippine Airlines,RXS-MNL,2025.0,9,1352.592,26.11,4923.73,5944.14,4134.11,76,6145
Cebu Pacific,SIN-ILO,2025.0,9,627.936,53.67,10000.0,10000.0,3835.58,7,644
Cebu Pacific,SJI-MNL,2025.0,9,784.9200000000001,53.67,10000.0,10000.0,4134.11,19,6145
Cebgo,SUG-CEB,2025.0,9,1093.824,7.24,10000.0,10000.0,2959.74,28,2276
Cebgo,SWL-CEB,2025.0,9,425.376,7.24,10000.0,10000.0,2959.74,7,2276
Cebgo,TAC-CEB,2025.0,9,1093.824,7.24,5031.04,3390.55,2959.74,476,2276
Philippine Airlines,TAC-CEB,2025.0,9,934.048,26.11,5031.04,3390.55,2959.74,476,2276
Cebu Pacific,TAC-DVO,2025.0,9,627.936,53.67,10000.0,3390.55,5516.79,476,957
Cebu Pacific,TAC-ILO,2025.0,9,470.952,53.67,10000.0,3390.55,3835.58,476,644
AirAsia,TAC-MNL,2025.0,9,6808.5,10.6,4012.79,3390.55,4134.11,476,6145
Cebu Pacific,TAC-MNL,2025.0,9,14285.544000000002,53.67,4012.79,3390.55,4134.11,476,6145
Philippine Airlines,TAC-MNL,2025.0,9,5203.52,26.11,4012.79,3390.55,4134.11,476,6145
Cebgo,TAG-CRK,2025.0,9,972.288,7.24,10000.0,3224.96,3677.29,288,304
Cebu Pacific,TAG-DVO,2025.0,9,1255.872,53.67,5765.61,3224.96,5516.79,288,957
Philippine Airlines,TAG-DVO,2025.0,9,549.44,26.11,5765.61,3224.96,5516.79,288,957
AirSWIFT,TAG-ENI,2025.0,9,425.376,2.38,10000.0,3224.96,8391.0,288,374
AirAsia,TAG-MNL,2025.0,9,2317.56,10.6,4153.43,3224.96,4134.11,288,6145
Cebu Pacific,TAG-MNL,2025.0,9,7393.4400000000005,53.67,4153.43,3224.96,4134.11,288,6145
Philippine Airlines,TAG-MNL,2025.0,9,3448.5440000000003,26.11,4153.43,3224.96,4134.11,288,6145
Cebu Pacific,TUG-MNL,2025.0,9,6382.328,53.67,8483.02,9139.32,4134.11,120,6145
Philippine Airlines,TUG-MNL,2025.0,9,575.296,26.11,8483.02,9139.32,4134.11,120,6145
Cebgo,USU-CEB,2025.0,9,729.216,7.24,5003.56,4018.16,2959.74,200,2276
Philippine Airlines,USU-CEB,2025.0,9,769.216,26.11,5003.56,4018.16,2959.74,200,2276
Philippine Airlines,USU-CRK,2025.0,9,549.44,26.11,10000.0,4018.16,3677.29,200,304
AirSWIFT,USU-ENI,2025.0,9,972.288,2.38,10000.0,4018.16,8391.0,200,374
Cebgo,USU-MNL,2025.0,9,4132.224,7.24,6992.5,4018.16,4134.11,200,6145
Philippine Airlines,USU-MNL,2025.0,9,934.048,26.11,6992.5,4018.16,4134.11,200,6145
Cebu Pacific,VRC-MNL,2025.0,9,1255.872,53.67,10000.0,10000.0,4134.11,29,6145
Cebgo,WNP-MNL,2025.0,9,2066.112,7.24,10000.0,10000.0,4134.11,66,6145
Cebu Pacific,ZAM-CEB,2025.0,9,313.968,53.67,6121.87,5607.69,2959.74,153,2276
Philippine Airlines,ZAM-CEB,2025.0,9,879.104,26.11,6121.87,5607.69,2959.74,153,2276
Cebu Pacific,ZAM-DVO,2025.0,9,784.9200000000001,53.67,10000.0,5607.69,5516.79,153,957
Cebu Pacific,ZAM-MNL,2025.0,9,8811.36,53.67,6887.95,5607.69,4134.11,153,6145
Philippine Airlines,ZAM-MNL,2025.0,9,2104.032,26.11,6887.95,5607.69,4134.11,153,6145
Philippine Airlines,ZAM-TWT,2025.0,9,1803.4560000000001,26.11,10000.0,5607.69,10000.0,153,21
Philippine Airlines,CBO-TWT,2025.0,10,549.44,31.38,10000.0,10000.0,6660.23,10,30
Cebgo,CEB-SUG,2025.0,10,1762.272,6.23,10000.0,5176.55,10000.0,72,31
Cebgo,CEB-TAC,2025.0,10,486.144,6.23,6545.2,5176.55,3342.87,72,226
Philippine Airlines,CEB-TAC,2025.0,10,1703.2640000000001,31.38,6545.2,5176.55,3342.87,72,226
Cebu Pacific,ILO-TAC,2025.0,10,1569.8400000000001,46.36,10000.0,10000.0,3342.87,13,226
AirAsia,MNL-TAC,2025.0,10,6405.84,16.03,3406.53,3866.41,3342.87,230,226
Cebu Pacific,MNL-TAC,2025.0,10,8791.104000000001,46.36,3406.53,3866.41,3342.87,230,226
Philippine Airlines,MNL-TAC,2025.0,10,9083.536,31.38,3406.53,3866.41,3342.87,230,226
Cebu Pacific,MNL-TUG,2025.0,10,7692.216,46.36,10000.0,3866.41,10000.0,230,58
Cebgo,SUG-CEB,2025.0,10,121.536,6.23,10000.0,10000.0,5176.55,31,72
Cebgo,TAC-CEB,2025.0,10,121.536,6.23,10000.0,3342.87,5176.55,226,72
Cebu Pacific,ZAM-TWT,2025.0,10,470.952,46.36,5955.21,5955.21,6660.23,20,30
Philippine Airlines,ZAM-TWT,2025.0,10,1202.304,31.38,5955.21,5955.21,6660.23,20,30
Philippine Airlines,CBO-TWT,2025.0,11,54.944,14.79,10000.0,10000.0,10000.0,1,6
Cebgo,CEB-SUG,2025.0,11,243.072,21.81,10000.0,5386.07,10000.0,13,4
Cebgo,CEB-TAC,2025.0,11,243.072,21.81,5018.68,5386.07,5134.99,13,37
Philippine Airlines,CEB-TAC,2025.0,11,274.72,14.79,5018.68,5386.07,5134.99,13,37
Cebu Pacific,ILO-TAC,2025.0,11,0.0,63.39,0.0,0.0,5134.99,3,37
AirAsia,MNL-TAC,2025.0,11,0.0,0.0,10000.0,10000.0,5134.99,34,37
Cebu Pacific,MNL-TAC,2025.0,11,1098.8880000000001,63.39,10000.0,10000.0,5134.99,34,37
Philippine Airlines,MNL-TAC,2025.0,11,0.0,14.79,10000.0,10000.0,5134.99,34,37
Cebu Pacific,MNL-TUG,2025.0,11,313.968,63.39,10000.0,10000.0,10000.0,34,9
Cebu Pacific,ZAM-TWT,2025.0,11,0.0,63.39,0.0,0.0,10000.0,5,6
Philippine Airlines,ZAM-TWT,2025.0,11,0.0,14.79,0.0,0.0,10000.0,5,6
