Airline,ROUTE,Year,Month,Passenger,OwnShfli,RouteHHI,AirHHI_From,AirHHI_To,AirFli_From,AirFli_To
Philippine Airlines,BCD-CEB,2022.0,9,934.048,30.68,10000.0,3604.7,3217.98,339,1145
AirAsia,BCD-MNL,2022.0,9,6621.599999999999,16.45,3654.38,3604.7,3843.84,339,3992
Cebu Pacific,BCD-MNL,2022.0,9,15026.576000000001,48.98,3654.38,3604.7,3843.84,339,3992
Philippine Airlines,BCD-MNL,2022.0,9,11846.896,30.68,3654.38,3604.7,3843.84,339,3992
Cebgo,BXU-CEB,2022.0,9,364.608,3.89,10000.0,6253.79,3217.98,137,1145
Cebu Pacific,BXU-MNL,2022.0,9,7535.232,48.98,6826.06,6253.79,3843.84,137,3992
Philippine Airlines,BXU-MNL,2022.0,9,1858.4,30.68,6826.06,6253.79,3843.84,137,3992
Philippine Airlines,CBO-MNL,2022.0,9,2404.608,30.68,10000.0,10000.0,3843.84,37,3992
Philippine Airlines,CEB-BCD,2022.0,9,1043.9360000000001,30.68,10000.0,3217.98,3604.7,1145,339
Cebgo,CEB-BXU,2022.0,9,425.376,3.89,10000.0,3217.98,6253.79,1145,137
Cebgo,CEB-CGM,2022.0,9,121.536,3.89,10000.0,3217.98,10000.0,1145,2
Cebgo,CEB-CGY,2022.0,9,3220.704,3.89,6031.56,3217.98,3825.21,1145,420
Philippine Airlines,CEB-CGY,2022.0,9,1208.768,30.68,6031.56,3217.98,3825.21,1145,420
Cebgo,CEB-CRK,2022.0,9,546.912,3.89,10000.0,3217.98,10000.0,1145,18
Cebgo,CEB-CYP,2022.0,9,850.752,3.89,10000.0,3217.98,5711.91,1145,33
Cebu Pacific,CEB-DVO,2022.0,9,3610.632,48.98,5325.43,3217.98,5261.98,1145,446
Philippine Airlines,CEB-DVO,2022.0,9,2142.8160000000003,30.68,5325.43,3217.98,5261.98,1145,446
Cebgo,CEB-IAO,2022.0,9,2369.952,3.89,5671.34,3217.98,5244.71,1145,175
Philippine Airlines,CEB-IAO,2022.0,9,1098.88,30.68,5671.34,3217.98,5244.71,1145,175
Cebgo,CEB-ILO,2022.0,9,1276.128,3.89,10000.0,3217.98,3253.12,1145,469
AirAsia,CEB-MNL,2022.0,9,2979.72,16.45,5460.5,3217.98,3843.84,1145,3992
Cebu Pacific,CEB-MNL,2022.0,9,25174.832000000002,48.98,5460.5,3217.98,3843.84,1145,3992
Philippine Airlines,CEB-MNL,2022.0,9,7698.624,30.68,5460.5,3217.98,3843.84,1145,3992
Cebu Pacific,CEB-MPH,2022.0,9,2040.7920000000001,48.98,10000.0,3217.98,3341.86,1145,486
Cebgo,CEB-NAN,2022.0,9,60.768,3.89,10000.0,3217.98,4868.6,1145,5
Cebgo,CEB-PAG,2022.0,9,121.536,3.89,10000.0,3217.98,8218.63,1145,77
Philippine Airlines,CEB-PPS,2022.0,9,2087.8720000000003,30.68,10000.0,3217.98,3852.7,1145,184
Cebgo,CEB-TAC,2022.0,9,60.768,3.89,10000.0,3217.98,4671.25,1145,159
Cebgo,CEB-USU,2022.0,9,1093.824,3.89,5151.79,3217.98,5140.47,1145,93
Philippine Airlines,CEB-USU,2022.0,9,769.216,30.68,5151.79,3217.98,5140.47,1145,93
Cebgo,CGY-CEB,2022.0,9,4010.688,3.89,6530.0,3825.21,3217.98,420,1145
Philippine Airlines,CGY-CEB,2022.0,9,1153.824,30.68,6530.0,3825.21,3217.98,420,1145
AirAsia,CGY-MNL,2022.0,9,662.16,16.45,4802.63,3825.21,3843.84,420,3992
Cebu Pacific,CGY-MNL,2022.0,9,11738.352,48.98,4802.63,3825.21,3843.84,420,3992
Philippine Airlines,CGY-MNL,2022.0,9,8731.248,30.68,4802.63,3825.21,3843.84,420,3992
Cebgo,CRK-CEB,2022.0,9,546.912,3.89,10000.0,10000.0,3217.98,18,1145
Cebgo,CYP-CEB,2022.0,9,486.144,3.89,10000.0,5711.91,3217.98,33,1145
Philippine Airlines,CYP-MNL,2022.0,9,274.72,30.68,10000.0,5711.91,3843.84,33,3992
Cebu Pacific,CYZ-MNL,2022.0,9,3767.616,48.98,10000.0,10000.0,3843.84,49,3992
Cebu Pacific,DGT-MNL,2022.0,9,3453.648,48.98,5136.99,5000.79,3843.84,133,3992
Philippine Airlines,DGT-MNL,2022.0,9,4823.76,30.68,5136.99,5000.79,3843.84,133,3992
Cebgo,DPL-CEB,2022.0,9,60.768,3.89,10000.0,5104.89,3217.98,70,1145
Cebu Pacific,DPL-MNL,2022.0,9,3139.6800000000003,48.98,5195.04,5104.89,3843.84,70,3992
Philippine Airlines,DPL-MNL,2022.0,9,2104.032,30.68,5195.04,5104.89,3843.84,70,3992
Cebu Pacific,DVO-CEB,2022.0,9,3139.6800000000003,48.98,5228.9,5261.98,3217.98,446,1145
Philippine Airlines,DVO-CEB,2022.0,9,2032.928,30.68,5228.9,5261.98,3217.98,446,1145
Cebu Pacific,DVO-MNL,2022.0,9,17358.548,48.98,5289.48,5261.98,3843.84,446,3992
Philippine Airlines,DVO-MNL,2022.0,9,10625.2,30.68,5289.48,5261.98,3843.84,446,3992
Philippine Airlines,DVO-TAG,2022.0,9,769.216,30.68,10000.0,5261.98,3375.63,446,240
Philippine Airlines,EUQ-MNL,2022.0,9,384.608,30.68,10000.0,10000.0,3843.84,15,3992
Cebu Pacific,GES-MNL,2022.0,9,10057.104,48.98,5411.01,5472.66,3843.84,121,3992
Philippine Airlines,GES-MNL,2022.0,9,5575.2,30.68,5411.01,5472.66,3843.84,121,3992
Cebgo,IAO-CEB,2022.0,9,1519.2,3.89,5128.87,5244.71,3217.98,175,1145
Philippine Airlines,IAO-CEB,2022.0,9,1098.88,30.68,5128.87,5244.71,3217.98,175,1145
Philippine Airlines,IAO-MNL,2022.0,9,1428.544,30.68,10000.0,5244.71,3843.84,175,3992
Cebgo,ILO-CEB,2022.0,9,1276.128,3.89,10000.0,3253.12,3217.98,469,1145
AirAsia,ILO-MNL,2022.0,9,15446.84,16.45,3528.5,3253.12,3843.84,469,3992
Cebu Pacific,ILO-MNL,2022.0,9,8369.104000000001,48.98,3528.5,3253.12,3843.84,469,3992
Philippine Airlines,ILO-MNL,2022.0,9,12013.344000000001,30.68,3528.5,3253.12,3843.84,469,3992
AirAsia,KLO-MNL,2022.0,9,7283.759999999999,16.45,7721.88,7795.88,3843.84,106,3992
Cebu Pacific,KLO-MNL,2022.0,9,1098.8880000000001,48.98,7721.88,7795.88,3843.84,106,3992
Philippine Airlines,LAO-MNL,2022.0,9,1016.464,30.68,10000.0,10000.0,3843.84,22,3992
Cebu Pacific,LGP-MNL,2022.0,9,7064.280000000001,48.98,5048.44,5011.5,3843.84,194,3992
Philippine Airlines,LGP-MNL,2022.0,9,5798.2080000000005,30.68,5048.44,5011.5,3843.84,194,3992
AirAsia,MNL-BCD,2022.0,9,4469.58,16.45,3518.89,3843.84,3604.7,3992,339
Cebu Pacific,MNL-BCD,2022.0,9,7872.832,48.98,3518.89,3843.84,3604.7,3992,339
Philippine Airlines,MNL-BCD,2022.0,9,7777.808,30.68,3518.89,3843.84,3604.7,3992,339
Philippine Airlines,MNL-BSO,2022.0,9,879.104,30.68,10000.0,3843.84,10000.0,3992,16
Cebu Pacific,MNL-BXU,2022.0,9,7535.232,48.98,6715.67,3843.84,6253.79,3992,137
Philippine Airlines,MNL-BXU,2022.0,9,1968.2880000000002,30.68,6715.67,3843.84,6253.79,3992,137
Philippine Airlines,MNL-CBO,2022.0,9,3060.704,30.68,10000.0,3843.84,10000.0,3992,37
AirAsia,MNL-CEB,2022.0,9,7945.92,16.45,3756.03,3843.84,3217.98,3992,1145
Cebu Pacific,MNL-CEB,2022.0,9,19194.248,48.98,3756.03,3843.84,3217.98,3992,1145
Philippine Airlines,MNL-CEB,2022.0,9,12027.888,30.68,3756.03,3843.84,3217.98,3992,1145
AirAsia,MNL-CGY,2022.0,9,662.16,16.45,5023.48,3843.84,3825.21,3992,420
Cebu Pacific,MNL-CGY,2022.0,9,15109.288,48.98,5023.48,3843.84,3825.21,3992,420
Philippine Airlines,MNL-CGY,2022.0,9,9217.664,30.68,5023.48,3843.84,3825.21,3992,420
Philippine Airlines,MNL-CRM,2022.0,9,329.664,30.68,10000.0,3843.84,10000.0,3992,6
Philippine Airlines,MNL-CYP,2022.0,9,329.664,30.68,10000.0,3843.84,5711.91,3992,33
Cebu Pacific,MNL-CYZ,2022.0,9,3924.6000000000004,48.98,10000.0,3843.84,10000.0,3992,49
Cebu Pacific,MNL-DGT,2022.0,9,6593.328,48.98,5097.98,3843.84,5000.79,3992,133
Philippine Airlines,MNL-DGT,2022.0,9,4974.048000000001,30.68,5097.98,3843.84,5000.79,3992,133
Cebu Pacific,MNL-DPL,2022.0,9,3139.6800000000003,48.98,5134.71,3843.84,5104.89,3992,70
Philippine Airlines,MNL-DPL,2022.0,9,2254.32,30.68,5134.71,3843.84,5104.89,3992,70
Cebu Pacific,MNL-DVO,2022.0,9,18329.148,48.98,5394.64,3843.84,5261.98,3992,446
Philippine Airlines,MNL-DVO,2022.0,9,10289.072,30.68,5394.64,3843.84,5261.98,3992,446
Philippine Airlines,MNL-EUQ,2022.0,9,439.552,30.68,10000.0,3843.84,10000.0,3992,15
Cebu Pacific,MNL-GES,2022.0,9,10993.944,48.98,5534.77,3843.84,5472.66,3992,121
Philippine Airlines,MNL-GES,2022.0,9,5575.2,30.68,5534.77,3843.84,5472.66,3992,121
Philippine Airlines,MNL-IAO,2022.0,9,2472.48,30.68,10000.0,3843.84,5244.71,3992,175
AirAsia,MNL-ILO,2022.0,9,12084.42,16.45,3515.91,3843.84,3253.12,3992,469
Cebu Pacific,MNL-ILO,2022.0,9,8757.344000000001,48.98,3515.91,3843.84,3253.12,3992,469
Philippine Airlines,MNL-ILO,2022.0,9,15746.304,30.68,3515.91,3843.84,3253.12,3992,469
AirAsia,MNL-KLO,2022.0,9,7780.379999999999,16.45,7831.15,3843.84,7795.88,3992,106
Cebu Pacific,MNL-KLO,2022.0,9,1098.8880000000001,48.98,7831.15,3843.84,7795.88,3992,106
Philippine Airlines,MNL-LAO,2022.0,9,644.784,30.68,10000.0,3843.84,10000.0,3992,22
Cebgo,MNL-LGP,2022.0,9,60.768,3.89,4978.06,3843.84,5011.5,3992,194
Cebu Pacific,MNL-LGP,2022.0,9,7064.280000000001,48.98,4978.06,3843.84,5011.5,3992,194
Philippine Airlines,MNL-LGP,2022.0,9,6153.728,30.68,4978.06,3843.84,5011.5,3992,194
Philippine Airlines,MNL-MNL,2022.0,9,391.072,30.68,10000.0,3843.84,3843.84,3992,3992
AirAsia,MNL-MPH,2022.0,9,9766.859999999999,16.45,3195.52,3843.84,3341.86,3992,486
Cebgo,MNL-MPH,2022.0,9,1215.3600000000001,3.89,3195.52,3843.84,3341.86,3992,486
Cebu Pacific,MNL-MPH,2022.0,9,11773.800000000001,48.98,3195.52,3843.84,3341.86,3992,486
Philippine Airlines,MNL-MPH,2022.0,9,7323.712,30.68,3195.52,3843.84,3341.86,3992,486
Cebu Pacific,MNL-OZC,2022.0,9,3924.6000000000004,48.98,10000.0,3843.84,5201.04,3992,84
Cebu Pacific,MNL-PAG,2022.0,9,3296.664,48.98,10000.0,3843.84,8218.63,3992,77
AirAsia,MNL-PPS,2022.0,9,2317.56,16.45,5223.08,3843.84,3852.7,3992,184
Cebu Pacific,MNL-PPS,2022.0,9,6802.64,48.98,5223.08,3843.84,3852.7,3992,184
Philippine Airlines,MNL-PPS,2022.0,9,901.7280000000001,30.68,5223.08,3843.84,3852.7,3992,184
Cebu Pacific,MNL-RXS,2022.0,9,3139.6800000000003,48.98,10000.0,3843.84,7597.97,3992,60
AirAsia,MNL-TAG,2022.0,9,5793.9,16.45,3346.22,3843.84,3375.63,3992,240
Cebu Pacific,MNL-TAG,2022.0,9,5204.104,48.98,3346.22,3843.84,3375.63,3992,240
Philippine Airlines,MNL-TAG,2022.0,9,5014.448,30.68,3346.22,3843.84,3375.63,3992,240
Cebgo,MNL-WNP,2022.0,9,1154.592,3.89,10000.0,3843.84,10000.0,3992,38
Cebu Pacific,MPH-CEB,2022.0,9,2040.7920000000001,48.98,10000.0,3341.86,3217.98,486,1145
AirAsia,MPH-KLO,2022.0,9,165.54,16.45,10000.0,3341.86,7795.88,486,106
AirAsia,MPH-MNL,2022.0,9,13077.66,16.45,3278.17,3341.86,3843.84,486,3992
Cebgo,MPH-MNL,2022.0,9,1154.592,3.89,3278.17,3341.86,3843.84,486,3992
Cebu Pacific,MPH-MNL,2022.0,9,14913.480000000001,48.98,3278.17,3341.86,3843.84,486,3992
Philippine Airlines,MPH-MNL,2022.0,9,8826.592,30.68,3278.17,3341.86,3843.84,486,3992
Cebu Pacific,MPH-NAN,2022.0,9,313.968,48.98,10000.0,3341.86,4868.6,486,5
Philippine Airlines,NAN-NAN,2022.0,9,54.944,30.68,10000.0,4868.6,4868.6,5,5
Cebgo,OZC-CEB,2022.0,9,1093.824,3.89,10000.0,5201.04,3217.98,84,1145
Cebu Pacific,OZC-MNL,2022.0,9,3767.616,48.98,5183.96,5201.04,3843.84,84,3992
Philippine Airlines,OZC-MNL,2022.0,9,2554.896,30.68,5183.96,5201.04,3843.84,84,3992
Cebgo,PAG-CEB,2022.0,9,911.52,3.89,10000.0,8218.63,3217.98,77,1145
Cebu Pacific,PAG-MNL,2022.0,9,6122.376,48.98,10000.0,8218.63,3843.84,77,3992
Philippine Airlines,PPS-CEB,2022.0,9,1098.88,30.68,10000.0,3852.7,3217.98,184,1145
AirAsia,PPS-MNL,2022.0,9,4138.5,16.45,4090.2,3852.7,3843.84,184,3992
Cebu Pacific,PPS-MNL,2022.0,9,6294.552000000001,48.98,4090.2,3852.7,3843.84,184,3992
Philippine Airlines,PPS-MNL,2022.0,9,1612.768,30.68,4090.2,3852.7,3843.84,184,3992
AirAsia,RXS-MNL,2022.0,9,1324.32,16.45,6697.97,7597.97,3843.84,60,3992
Cebu Pacific,RXS-MNL,2022.0,9,5023.488,48.98,6697.97,7597.97,3843.84,60,3992
Cebgo,TAC-CEB,2022.0,9,121.536,3.89,8131.88,4671.25,3217.98,159,1145
Philippine Airlines,TAC-CEB,2022.0,9,1043.9360000000001,30.68,8131.88,4671.25,3217.98,159,1145
AirAsia,TAC-MNL,2022.0,9,7449.299999999999,16.45,5160.15,4671.25,3843.84,159,3992
Cebu Pacific,TAC-MNL,2022.0,9,13814.592,48.98,5160.15,4671.25,3843.84,159,3992
Philippine Airlines,TAC-MNL,2022.0,9,601.152,30.68,5160.15,4671.25,3843.84,159,3992
Philippine Airlines,TAG-DVO,2022.0,9,769.216,30.68,10000.0,3375.63,5261.98,240,446
AirAsia,TAG-MNL,2022.0,9,5793.9,16.45,3606.06,3375.63,3843.84,240,3992
Cebu Pacific,TAG-MNL,2022.0,9,9280.624,48.98,3606.06,3375.63,3843.84,240,3992
Philippine Airlines,TAG-MNL,2022.0,9,4864.160000000001,30.68,3606.06,3375.63,3843.84,240,3992
Cebu Pacific,TUG-MNL,2022.0,9,5337.456,48.98,10000.0,10000.0,3843.84,34,3992
Cebgo,USU-CEB,2022.0,9,1033.056,3.89,5342.68,5140.47,3217.98,93,1145
Philippine Airlines,USU-CEB,2022.0,9,604.384,30.68,5342.68,5140.47,3217.98,93,1145
Cebgo,USU-MNL,2022.0,9,1033.056,3.89,5032.41,5140.47,3843.84,93,3992
Philippine Airlines,USU-MNL,2022.0,9,879.104,30.68,5032.41,5140.47,3843.84,93,3992
Cebgo,WNP-MNL,2022.0,9,1154.592,3.89,10000.0,10000.0,3843.84,38,3992
Philippine Airlines,ZAM-CEB,2022.0,9,494.49600000000004,30.68,10000.0,6044.92,3217.98,97,1145
Cebu Pacific,ZAM-MNL,2022.0,9,11412.568000000001,48.98,6273.34,6044.92,3843.84,97,3992
Philippine Airlines,ZAM-MNL,2022.0,9,3757.2000000000003,30.68,6273.34,6044.92,3843.84,97,3992
Philippine Airlines,BCD-CEB,2022.0,10,1593.376,32.57,10000.0,3625.97,3044.35,559,1731
Cebu Pacific,BCD-DVO,2022.0,10,156.984,47.01,10000.0,3625.97,5087.17,559,693
AirAsia,BCD-MNL,2022.0,10,10936.800000000001,16.79,3615.36,3625.97,3757.89,559,6235
Cebu Pacific,BCD-MNL,2022.0,10,23444.632,47.01,3615.36,3625.97,3757.89,559,6235
Philippine Airlines,BCD-MNL,2022.0,10,19865.488,32.57,3615.36,3625.97,3757.89,559,6235
Cebgo,BXU-CEB,2022.0,10,546.912,3.63,7213.68,5959.34,3044.35,203,1731
Philippine Airlines,BXU-CEB,2022.0,10,109.888,32.57,7213.68,5959.34,3044.35,203,1731
Cebu Pacific,BXU-MNL,2022.0,10,10517.928,47.01,6571.95,5959.34,3757.89,203,6235
Philippine Airlines,BXU-MNL,2022.0,10,2960.512,32.57,6571.95,5959.34,3757.89,203,6235
Philippine Airlines,CBO-MNL,2022.0,10,3210.992,32.57,10000.0,10000.0,3757.89,45,6235
Philippine Airlines,CEB-BCD,2022.0,10,1648.3200000000002,32.57,10000.0,3044.35,3625.97,1731,559
Cebgo,CEB-BXU,2022.0,10,546.912,3.63,7213.68,3044.35,5959.34,1731,203
Philippine Airlines,CEB-BXU,2022.0,10,109.888,32.57,7213.68,3044.35,5959.34,1731,203
Cebgo,CEB-CGY,2022.0,10,4192.992,3.63,5333.14,3044.35,3578.55,1731,651
Philippine Airlines,CEB-CGY,2022.0,10,2472.48,32.57,5333.14,3044.35,3578.55,1731,651
Cebgo,CEB-CRK,2022.0,10,607.6800000000001,3.63,10000.0,3044.35,10000.0,1731,20
Cebgo,CEB-CYP,2022.0,10,1215.3600000000001,3.63,10000.0,3044.35,5243.83,1731,58
Cebu Pacific,CEB-DVO,2022.0,10,4395.552000000001,47.01,5140.93,3044.35,5087.17,1731,693
Philippine Airlines,CEB-DVO,2022.0,10,3131.808,32.57,5140.93,3044.35,5087.17,1731,693
Cebgo,CEB-IAO,2022.0,10,3342.2400000000002,3.63,5576.05,3044.35,5335.38,1731,262
Philippine Airlines,CEB-IAO,2022.0,10,1648.3200000000002,32.57,5576.05,3044.35,5335.38,1731,262
Cebgo,CEB-ILO,2022.0,10,1883.808,3.63,10000.0,3044.35,3247.42,1731,671
AirAsia,CEB-MNL,2022.0,10,7499.52,16.79,4512.28,3044.35,3757.89,1731,6235
Cebu Pacific,CEB-MNL,2022.0,10,32039.928,47.01,4512.28,3044.35,3757.89,1731,6235
Philippine Airlines,CEB-MNL,2022.0,10,13293.216,32.57,4512.28,3044.35,3757.89,1731,6235
Cebu Pacific,CEB-MPH,2022.0,10,4552.536,47.01,7930.74,3044.35,3432.34,1731,852
Philippine Airlines,CEB-MPH,2022.0,10,604.384,32.57,7930.74,3044.35,3432.34,1731,852
Cebgo,CEB-PAG,2022.0,10,546.912,3.63,10000.0,3044.35,7408.1,1731,132
Philippine Airlines,CEB-PPS,2022.0,10,2857.088,32.57,10000.0,3044.35,3552.99,1731,340
Cebgo,CEB-TAC,2022.0,10,60.768,3.63,6063.88,3044.35,4202.17,1731,277
Philippine Airlines,CEB-TAC,2022.0,10,164.832,32.57,6063.88,3044.35,4202.17,1731,277
Cebgo,CEB-USU,2022.0,10,1458.432,3.63,5586.55,3044.35,5330.06,1731,129
Philippine Airlines,CEB-USU,2022.0,10,714.272,32.57,5586.55,3044.35,5330.06,1731,129
Cebgo,CGY-CEB,2022.0,10,5772.96,3.63,5878.61,3578.55,3044.35,651,1731
Philippine Airlines,CGY-CEB,2022.0,10,2362.592,32.57,5878.61,3578.55,3044.35,651,1731
Cebgo,CGY-DVO,2022.0,10,60.768,3.63,10000.0,3578.55,5087.17,651,693
AirAsia,CGY-MNL,2022.0,10,2343.6000000000004,16.79,4395.87,3578.55,3757.89,651,6235
Cebu Pacific,CGY-MNL,2022.0,10,16245.312,47.01,4395.87,3578.55,3757.89,651,6235
Philippine Airlines,CGY-MNL,2022.0,10,12868.208,32.57,4395.87,3578.55,3757.89,651,6235
Cebgo,CRK-CEB,2022.0,10,607.6800000000001,3.63,10000.0,10000.0,3044.35,20,1731
Cebgo,CYP-CEB,2022.0,10,850.752,3.63,10000.0,5243.83,3044.35,58,1731
Philippine Airlines,CYP-MNL,2022.0,10,659.328,32.57,10000.0,5243.83,3757.89,58,6235
Cebu Pacific,CYZ-MNL,2022.0,10,3924.6000000000004,47.01,10000.0,10000.0,3757.89,52,6235
Cebu Pacific,DGT-MNL,2022.0,10,6750.312000000001,47.01,5016.91,5025.53,3757.89,221,6235
Philippine Airlines,DGT-MNL,2022.0,10,7583.888000000001,32.57,5016.91,5025.53,3757.89,221,6235
Cebu Pacific,DPL-MNL,2022.0,10,4395.552000000001,47.01,5048.56,5067.16,3757.89,106,6235
Philippine Airlines,DPL-MNL,2022.0,10,3606.9120000000003,32.57,5048.56,5067.16,3757.89,106,6235
Cebu Pacific,DVO-BCD,2022.0,10,156.984,47.01,10000.0,5087.17,3625.97,693,559
Cebu Pacific,DVO-CEB,2022.0,10,4552.536,47.01,5164.99,5087.17,3044.35,693,1731
Philippine Airlines,DVO-CEB,2022.0,10,3152.8160000000003,32.57,5164.99,5087.17,3044.35,693,1731
Cebgo,DVO-CGY,2022.0,10,60.768,3.63,10000.0,5087.17,3578.55,693,651
Cebu Pacific,DVO-MNL,2022.0,10,25805.3,47.01,5147.82,5087.17,3757.89,693,6235
Philippine Airlines,DVO-MNL,2022.0,10,18233.328,32.57,5147.82,5087.17,3757.89,693,6235
Philippine Airlines,DVO-TAG,2022.0,10,1043.9360000000001,32.57,10000.0,5087.17,3365.99,693,370
Philippine Airlines,EUQ-MNL,2022.0,10,549.44,32.57,10000.0,10000.0,3757.89,22,6235
Cebu Pacific,GES-MNL,2022.0,10,13264.304,47.01,5283.26,5296.56,3757.89,185,6235
Philippine Airlines,GES-MNL,2022.0,10,8164.032,32.57,5283.26,5296.56,3757.89,185,6235
Cebgo,IAO-CEB,2022.0,10,2066.112,3.63,5107.15,5335.38,3044.35,262,1731
Philippine Airlines,IAO-CEB,2022.0,10,1538.432,32.57,5107.15,5335.38,3044.35,262,1731
Cebgo,IAO-IAO,2022.0,10,60.768,3.63,10000.0,5335.38,5335.38,262,262
Philippine Airlines,IAO-MNL,2022.0,10,2527.424,32.57,10000.0,5335.38,3757.89,262,6235
Cebgo,ILO-CEB,2022.0,10,1823.04,3.63,10000.0,3247.42,3044.35,671,1731
AirAsia,ILO-MNL,2022.0,10,21141.120000000003,16.79,3507.38,3247.42,3757.89,671,6235
Cebu Pacific,ILO-MNL,2022.0,10,11814.312,47.01,3507.38,3247.42,3757.89,671,6235
Philippine Airlines,ILO-MNL,2022.0,10,18323.824,32.57,3507.38,3247.42,3757.89,671,6235
AirAsia,KLO-MNL,2022.0,10,12186.720000000001,16.79,8482.57,8596.98,3757.89,172,6235
Cebu Pacific,KLO-MNL,2022.0,10,1098.8880000000001,47.01,8482.57,8596.98,3757.89,172,6235
Philippine Airlines,LAO-MNL,2022.0,10,1000.3040000000001,32.57,10000.0,10000.0,3757.89,25,6235
Cebu Pacific,LGP-MNL,2022.0,10,11459.832,47.01,5165.56,5160.26,3757.89,288,6235
Philippine Airlines,LGP-MNL,2022.0,10,7931.328,32.57,5165.56,5160.26,3757.89,288,6235
AirAsia,MNL-BCD,2022.0,10,6718.320000000001,16.79,3595.53,3757.89,3625.97,6235,559
Cebu Pacific,MNL-BCD,2022.0,10,13804.464,47.01,3595.53,3757.89,3625.97,6235,559
Philippine Airlines,MNL-BCD,2022.0,10,12609.648000000001,32.57,3595.53,3757.89,3625.97,6235,559
Philippine Airlines,MNL-BSO,2022.0,10,1263.712,32.57,10000.0,3757.89,10000.0,6235,23
Cebu Pacific,MNL-BXU,2022.0,10,10674.912,47.01,6415.07,3757.89,5959.34,6235,203
Philippine Airlines,MNL-BXU,2022.0,10,3261.088,32.57,6415.07,3757.89,5959.34,6235,203
Philippine Airlines,MNL-CBO,2022.0,10,3361.28,32.57,10000.0,3757.89,10000.0,6235,45
AirAsia,MNL-CEB,2022.0,10,13124.16,16.79,3544.55,3757.89,3044.35,6235,1731
Cebgo,MNL-CEB,2022.0,10,60.768,3.63,3544.55,3757.89,3044.35,6235,1731
Cebu Pacific,MNL-CEB,2022.0,10,24952.016,47.01,3544.55,3757.89,3044.35,6235,1731
Philippine Airlines,MNL-CEB,2022.0,10,18532.288,32.57,3544.55,3757.89,3044.35,6235,1731
AirAsia,MNL-CGY,2022.0,10,2343.6000000000004,16.79,4638.35,3757.89,3578.55,6235,651
Cebu Pacific,MNL-CGY,2022.0,10,20678.0,47.01,4638.35,3757.89,3578.55,6235,651
Philippine Airlines,MNL-CGY,2022.0,10,13029.808,32.57,4638.35,3757.89,3578.55,6235,651
Philippine Airlines,MNL-CRM,2022.0,10,714.272,32.57,10000.0,3757.89,10000.0,6235,13
Philippine Airlines,MNL-CYP,2022.0,10,659.328,32.57,10000.0,3757.89,5243.83,6235,58
Cebu Pacific,MNL-CYZ,2022.0,10,4238.568,47.01,10000.0,3757.89,10000.0,6235,52
Cebu Pacific,MNL-DGT,2022.0,10,10988.880000000001,47.01,5145.18,3757.89,5025.53,6235,221
Philippine Airlines,MNL-DGT,2022.0,10,7789.120000000001,32.57,5145.18,3757.89,5025.53,6235,221
Cebu Pacific,MNL-DPL,2022.0,10,4709.52,47.01,5087.89,3757.89,5067.16,6235,106
Philippine Airlines,MNL-DPL,2022.0,10,3606.9120000000003,32.57,5087.89,3757.89,5067.16,6235,106
Cebu Pacific,MNL-DVO,2022.0,10,25623.84,47.01,5105.38,3757.89,5087.17,6235,693
Philippine Airlines,MNL-DVO,2022.0,10,19126.976000000002,32.57,5105.38,3757.89,5087.17,6235,693
Philippine Airlines,MNL-EUQ,2022.0,10,659.328,32.57,10000.0,3757.89,10000.0,6235,22
Cebu Pacific,MNL-GES,2022.0,10,13635.664,47.01,5309.9,3757.89,5296.56,6235,185
Philippine Airlines,MNL-GES,2022.0,10,8199.584,32.57,5309.9,3757.89,5296.56,6235,185
Philippine Airlines,MNL-IAO,2022.0,10,3681.248,32.57,10000.0,3757.89,5335.38,6235,262
AirAsia,MNL-ILO,2022.0,10,16717.68,16.79,3495.83,3757.89,3247.42,6235,671
Cebu Pacific,MNL-ILO,2022.0,10,11971.296,47.01,3495.83,3757.89,3247.42,6235,671
Philippine Airlines,MNL-ILO,2022.0,10,20906.192,32.57,3495.83,3757.89,3247.42,6235,671
AirAsia,MNL-KLO,2022.0,10,12499.2,16.79,8696.69,3757.89,8596.98,6235,172
Cebu Pacific,MNL-KLO,2022.0,10,941.904,47.01,8696.69,3757.89,8596.98,6235,172
Philippine Airlines,MNL-LAO,2022.0,10,754.672,32.57,10000.0,3757.89,10000.0,6235,25
Cebu Pacific,MNL-LGP,2022.0,10,11773.800000000001,47.01,5155.21,3757.89,5160.26,6235,288
Philippine Airlines,MNL-LGP,2022.0,10,8246.448,32.57,5155.21,3757.89,5160.26,6235,288
Cebgo,MNL-MBT,2022.0,10,60.768,3.63,10000.0,3757.89,10000.0,6235,1
Philippine Airlines,MNL-MNL,2022.0,10,150.288,32.57,10000.0,3757.89,3757.89,6235,6235
AirAsia,MNL-MPH,2022.0,10,14061.6,16.79,3291.31,3757.89,3432.34,6235,852
Cebgo,MNL-MPH,2022.0,10,1397.664,3.63,3291.31,3757.89,3432.34,6235,852
Cebu Pacific,MNL-MPH,2022.0,10,20250.936,47.01,3291.31,3757.89,3432.34,6235,852
Philippine Airlines,MNL-MPH,2022.0,10,12659.744,32.57,3291.31,3757.89,3432.34,6235,852
Cebu Pacific,MNL-NAN,2022.0,10,194.12,47.01,10000.0,3757.89,3904.55,6235,8
Cebu Pacific,MNL-OZC,2022.0,10,5808.408,47.01,10000.0,3757.89,5936.46,6235,123
Cebu Pacific,MNL-PAG,2022.0,10,4866.504,47.01,10000.0,3757.89,7408.1,6235,132
AirAsia,MNL-PPS,2022.0,10,2812.32,16.79,4688.79,3757.89,3552.99,6235,340
Cebu Pacific,MNL-PPS,2022.0,10,11301.16,47.01,4688.79,3757.89,3552.99,6235,340
Philippine Airlines,MNL-PPS,2022.0,10,3757.2000000000003,32.57,4688.79,3757.89,3552.99,6235,340
Cebu Pacific,MNL-RXS,2022.0,10,4395.552000000001,47.01,10000.0,3757.89,7230.15,6235,92
AirAsia,MNL-TAC,2022.0,10,624.96,16.79,3409.17,3757.89,4202.17,6235,277
Cebu Pacific,MNL-TAC,2022.0,10,470.952,47.01,3409.17,3757.89,4202.17,6235,277
Philippine Airlines,MNL-TAC,2022.0,10,450.86400000000003,32.57,3409.17,3757.89,4202.17,6235,277
AirAsia,MNL-TAG,2022.0,10,8436.960000000001,16.79,3391.11,3757.89,3365.99,6235,370
Cebu Pacific,MNL-TAG,2022.0,10,6765.504,47.01,3391.11,3757.89,3365.99,6235,370
Philippine Airlines,MNL-TAG,2022.0,10,9372.800000000001,32.57,3391.11,3757.89,3365.99,6235,370
Cebu Pacific,MNL-TUG,2022.0,10,156.984,47.01,10000.0,3757.89,10000.0,6235,53
Cebgo,MNL-USU,2022.0,10,60.768,3.63,10000.0,3757.89,5330.06,6235,129
Cebgo,MNL-WNP,2022.0,10,1458.432,3.63,10000.0,3757.89,10000.0,6235,47
Cebu Pacific,MPH-CEB,2022.0,10,4709.52,47.01,8128.77,3432.34,3044.35,852,1731
Philippine Airlines,MPH-CEB,2022.0,10,549.44,32.57,8128.77,3432.34,3044.35,852,1731
AirAsia,MPH-KLO,2022.0,10,156.24,16.79,10000.0,3432.34,8596.98,852,172
AirAsia,MPH-MNL,2022.0,10,18592.56,16.79,3284.97,3432.34,3757.89,852,6235
Cebgo,MPH-MNL,2022.0,10,1458.432,3.63,3284.97,3432.34,3757.89,852,6235
Cebu Pacific,MPH-MNL,2022.0,10,24332.52,47.01,3284.97,3432.34,3757.89,852,6235
Philippine Airlines,MPH-MNL,2022.0,10,15760.848000000002,32.57,3284.97,3432.34,3757.89,852,6235
AirAsia,MPH-MPH,2022.0,10,156.24,16.79,5000.03,3432.34,3432.34,852,852
Cebu Pacific,MPH-MPH,2022.0,10,156.984,47.01,5000.03,3432.34,3432.34,852,852
AirAsia,MPH-NAN,2022.0,10,156.24,16.79,5562.61,3432.34,3904.55,852,8
Cebu Pacific,MPH-NAN,2022.0,10,313.968,47.01,5562.61,3432.34,3904.55,852,8
Philippine Airlines,NAN-MNL,2022.0,10,109.888,32.57,10000.0,3904.55,3757.89,8,6235
Philippine Airlines,NAN-NAN,2022.0,10,150.288,32.57,10000.0,3904.55,3904.55,8,8
Cebgo,OZC-CEB,2022.0,10,1579.968,3.63,10000.0,5936.46,3044.35,123,1731
Cebu Pacific,OZC-MNL,2022.0,10,5808.408,47.01,5926.58,5936.46,3757.89,123,6235
Philippine Airlines,OZC-MNL,2022.0,10,2312.496,32.57,5926.58,5936.46,3757.89,123,6235
Cebgo,PAG-CEB,2022.0,10,2005.344,3.63,10000.0,7408.1,3044.35,132,1731
Cebu Pacific,PAG-MNL,2022.0,10,9262.056,47.01,10000.0,7408.1,3757.89,132,6235
Philippine Airlines,PPS-CEB,2022.0,10,1538.432,32.57,10000.0,3552.99,3044.35,340,1731
AirAsia,PPS-MNL,2022.0,10,7655.76,16.79,3347.63,3552.99,3757.89,340,6235
Cebu Pacific,PPS-MNL,2022.0,10,8991.976,47.01,3347.63,3552.99,3757.89,340,6235
Philippine Airlines,PPS-MNL,2022.0,10,8416.128,32.57,3347.63,3552.99,3757.89,340,6235
AirAsia,RXS-MNL,2022.0,10,2031.1200000000001,16.79,6308.39,7230.15,3757.89,92,6235
Cebu Pacific,RXS-MNL,2022.0,10,7692.216,47.01,6308.39,7230.15,3757.89,92,6235
Philippine Airlines,RXS-MNL,2022.0,10,300.576,32.57,6308.39,7230.15,3757.89,92,6235
Cebgo,TAC-CEB,2022.0,10,486.144,3.63,6138.56,4202.17,3044.35,277,1731
Philippine Airlines,TAC-CEB,2022.0,10,1373.6000000000001,32.57,6138.56,4202.17,3044.35,277,1731
AirAsia,TAC-MNL,2022.0,10,11718.0,16.79,4703.25,4202.17,3757.89,277,6235
Cebu Pacific,TAC-MNL,2022.0,10,21506.808,47.01,4703.25,4202.17,3757.89,277,6235
Philippine Airlines,TAC-MNL,2022.0,10,2705.184,32.57,4703.25,4202.17,3757.89,277,6235
Philippine Airlines,TAG-DVO,2022.0,10,1043.9360000000001,32.57,10000.0,3365.99,5087.17,370,693
AirAsia,TAG-MNL,2022.0,10,7812.0,16.79,3576.79,3365.99,3757.89,370,6235
Cebu Pacific,TAG-MNL,2022.0,10,13762.264000000001,47.01,3576.79,3365.99,3757.89,370,6235
Philippine Airlines,TAG-MNL,2022.0,10,8320.784000000001,32.57,3576.79,3365.99,3757.89,370,6235
Cebu Pacific,TUG-MNL,2022.0,10,8163.168000000001,47.01,10000.0,10000.0,3757.89,53,6235
Cebgo,USU-CEB,2022.0,10,1519.2,3.63,5778.95,5330.06,3044.35,129,1731
Philippine Airlines,USU-CEB,2022.0,10,659.328,32.57,5778.95,5330.06,3044.35,129,1731
Cebgo,USU-MNL,2022.0,10,1579.968,3.63,5012.67,5330.06,3757.89,129,6235
Philippine Airlines,USU-MNL,2022.0,10,1428.544,32.57,5012.67,5330.06,3757.89,129,6235
Cebgo,USU-USU,2022.0,10,60.768,3.63,10000.0,5330.06,5330.06,129,129
Cebgo,WNP-MNL,2022.0,10,1397.664,3.63,10000.0,10000.0,3757.89,47,6235
Philippine Airlines,ZAM-CEB,2022.0,10,659.328,32.57,10000.0,5688.74,3044.35,144,1731
Cebu Pacific,ZAM-MNL,2022.0,10,15291.592,47.01,5854.17,5688.74,3757.89,144,6235
Philippine Airlines,ZAM-MNL,2022.0,10,6347.648,32.57,5854.17,5688.74,3757.89,144,6235
Cebu Pacific,ZAM-TWT,2022.0,10,313.968,47.01,5621.51,5688.74,5621.51,144,3
Philippine Airlines,ZAM-TWT,2022.0,10,150.288,32.57,5621.51,5688.74,5621.51,144,3
Philippine Airlines,BCD-CEB,2022.0,11,1428.544,31.83,10000.0,3547.72,2883.95,636,2276
Cebu Pacific,BCD-DVO,2022.0,11,2040.7920000000001,45.84,10000.0,3547.72,5092.48,636,947
AirAsia,BCD-MNL,2022.0,11,13749.12,17.59,3512.66,3547.72,3639.47,636,7461
Cebu Pacific,BCD-MNL,2022.0,11,24379.784,45.84,3512.66,3547.72,3639.47,636,7461
Philippine Airlines,BCD-MNL,2022.0,11,18233.328,31.83,3512.66,3547.72,3639.47,636,7461
Cebgo,BXU-CEB,2022.0,11,1093.824,4.71,5548.74,4748.63,2883.95,336,2276
Philippine Airlines,BXU-CEB,2022.0,11,549.44,31.83,5548.74,4748.63,2883.95,336,2276
Cebu Pacific,BXU-MNL,2022.0,11,13343.640000000001,45.84,5297.92,4748.63,3639.47,336,7461
Philippine Airlines,BXU-MNL,2022.0,11,8107.472000000001,31.83,5297.92,4748.63,3639.47,336,7461
Philippine Airlines,CBO-MNL,2022.0,11,2554.896,31.83,10000.0,10000.0,3639.47,42,7461
Philippine Airlines,CBO-TWT,2022.0,11,1052.016,31.83,10000.0,10000.0,5300.33,42,49
Philippine Airlines,CEB-BCD,2022.0,11,1593.376,31.83,10000.0,2883.95,3547.72,2276,636
Cebgo,CEB-BXU,2022.0,11,1154.592,4.71,5630.58,2883.95,4748.63,2276,336
Philippine Airlines,CEB-BXU,2022.0,11,549.44,31.83,5630.58,2883.95,4748.63,2276,336
Cebgo,CEB-CEB,2022.0,11,60.768,4.71,10000.0,2883.95,2883.95,2276,2276
Cebgo,CEB-CGM,2022.0,11,60.768,4.71,10000.0,2883.95,10000.0,2276,1
Cebgo,CEB-CGY,2022.0,11,5955.264,4.71,5974.37,2883.95,3263.51,2276,743
Philippine Airlines,CEB-CGY,2022.0,11,2307.648,31.83,5974.37,2883.95,3263.51,2276,743
Cebgo,CEB-CRK,2022.0,11,243.072,4.71,10000.0,2883.95,10000.0,2276,8
Cebgo,CEB-CYP,2022.0,11,1033.056,4.71,10000.0,2883.95,5762.27,2276,49
Cebgo,CEB-DGT,2022.0,11,60.768,4.71,10000.0,2883.95,5123.72,2276,240
Cebgo,CEB-DPL,2022.0,11,60.768,4.71,10000.0,2883.95,4993.08,2276,115
Cebu Pacific,CEB-DVO,2022.0,11,6750.312000000001,45.84,5000.18,2883.95,5092.48,2276,947
Philippine Airlines,CEB-DVO,2022.0,11,6830.832,31.83,5000.18,2883.95,5092.48,2276,947
Cebgo,CEB-IAO,2022.0,11,3524.544,4.71,5153.88,2883.95,5391.54,2276,344
Philippine Airlines,CEB-IAO,2022.0,11,2472.48,31.83,5153.88,2883.95,5391.54,2276,344
Cebgo,CEB-ILO,2022.0,11,3159.936,4.71,10000.0,2883.95,3057.72,2276,811
AirAsia,CEB-MNL,2022.0,11,15311.52,17.59,3755.96,2883.95,3639.47,2276,7461
Cebu Pacific,CEB-MNL,2022.0,11,36825.408,45.84,3755.96,2883.95,3639.47,2276,7461
Philippine Airlines,CEB-MNL,2022.0,11,22914.88,31.83,3755.96,2883.95,3639.47,2276,7461
Cebu Pacific,CEB-MPH,2022.0,11,4552.536,45.84,8360.17,2883.95,3634.38,2276,816
Philippine Airlines,CEB-MPH,2022.0,11,450.86400000000003,31.83,8360.17,2883.95,3634.38,2276,816
Cebgo,CEB-NAN,2022.0,11,121.536,4.71,10000.0,2883.95,5080.99,2276,6
Cebgo,CEB-OZC,2022.0,11,60.768,4.71,10000.0,2883.95,5927.41,2276,142
Cebgo,CEB-PAG,2022.0,11,729.216,4.71,10000.0,2883.95,7065.64,2276,139
Philippine Airlines,CEB-PPS,2022.0,11,3186.752,31.83,10000.0,2883.95,3355.62,2276,401
Cebgo,CEB-TAC,2022.0,11,1336.896,4.71,5012.67,2883.95,3159.43,2276,586
Philippine Airlines,CEB-TAC,2022.0,11,1208.768,31.83,5012.67,2883.95,3159.43,2276,586
Cebgo,CEB-USU,2022.0,11,1762.272,4.71,5022.99,2883.95,5770.11,2276,255
Philippine Airlines,CEB-USU,2022.0,11,1538.432,31.83,5022.99,2883.95,5770.11,2276,255
Philippine Airlines,CEB-ZAM,2022.0,11,54.944,31.83,10000.0,2883.95,5616.3,2276,186
Cebgo,CGY-CEB,2022.0,11,6076.8,4.71,6010.43,3263.51,2883.95,743,2276
Philippine Airlines,CGY-CEB,2022.0,11,2307.648,31.83,6010.43,3263.51,2883.95,743,2276
Cebgo,CGY-DVO,2022.0,11,1033.056,4.71,10000.0,3263.51,5092.48,743,947
AirAsia,CGY-MNL,2022.0,11,4530.96,17.59,4215.87,3263.51,3639.47,743,7461
Cebu Pacific,CGY-MNL,2022.0,11,19690.52,45.84,4215.87,3263.51,3639.47,743,7461
Philippine Airlines,CGY-MNL,2022.0,11,11867.904,31.83,4215.87,3263.51,3639.47,743,7461
Cebgo,CRK-CEB,2022.0,11,243.072,4.71,10000.0,10000.0,2883.95,8,2276
Cebgo,CYP-CEB,2022.0,11,972.288,4.71,10000.0,5762.27,2883.95,49,2276
Philippine Airlines,CYP-MNL,2022.0,11,439.552,31.83,10000.0,5762.27,3639.47,49,7461
Cebu Pacific,CYZ-MNL,2022.0,11,4552.536,45.84,10000.0,10000.0,3639.47,58,7461
Cebu Pacific,DGT-MNL,2022.0,11,8477.136,45.84,5018.12,5123.72,3639.47,240,7461
Philippine Airlines,DGT-MNL,2022.0,11,7514.400000000001,31.83,5018.12,5123.72,3639.47,240,7461
Cebu Pacific,DPL-MNL,2022.0,11,4709.52,45.84,5027.63,4993.08,3639.47,115,7461
Philippine Airlines,DPL-MNL,2022.0,11,4057.7760000000003,31.83,5027.63,4993.08,3639.47,115,7461
Cebu Pacific,DVO-BCD,2022.0,11,2040.7920000000001,45.84,10000.0,5092.48,3547.72,947,636
Cebu Pacific,DVO-CEB,2022.0,11,6750.312000000001,45.84,5000.02,5092.48,2883.95,947,2276
Philippine Airlines,DVO-CEB,2022.0,11,6720.944,31.83,5000.02,5092.48,2883.95,947,2276
Cebgo,DVO-CGY,2022.0,11,1033.056,4.71,10000.0,5092.48,3263.51,947,743
Cebgo,DVO-IAO,2022.0,11,607.6800000000001,4.71,10000.0,5092.48,5391.54,947,344
Cebu Pacific,DVO-MNL,2022.0,11,38009.54,45.84,5456.61,5092.48,3639.47,947,7461
Philippine Airlines,DVO-MNL,2022.0,11,20368.064000000002,31.83,5456.61,5092.48,3639.47,947,7461
Philippine Airlines,DVO-TAG,2022.0,11,1098.88,31.83,10000.0,5092.48,3363.47,947,383
Philippine Airlines,EUQ-MNL,2022.0,11,604.384,31.83,10000.0,10000.0,3639.47,23,7461
Cebu Pacific,GES-MNL,2022.0,11,13623.848,45.84,5105.5,5126.03,3639.47,180,7461
Philippine Airlines,GES-MNL,2022.0,11,10167.872,31.83,5105.5,5126.03,3639.47,180,7461
Cebgo,IAO-CEB,2022.0,11,2369.952,4.71,5012.67,5391.54,2883.95,344,2276
Philippine Airlines,IAO-CEB,2022.0,11,2142.8160000000003,31.83,5012.67,5391.54,2883.95,344,2276
Cebgo,IAO-DVO,2022.0,11,546.912,4.71,10000.0,5391.54,5092.48,344,947
Philippine Airlines,IAO-MNL,2022.0,11,3186.752,31.83,10000.0,5391.54,3639.47,344,7461
Cebgo,ILO-CEB,2022.0,11,3159.936,4.71,10000.0,3057.72,2883.95,811,2276
AirAsia,ILO-MNL,2022.0,11,23007.600000000002,17.59,3407.53,3057.72,3639.47,811,7461
Cebu Pacific,ILO-MNL,2022.0,11,20201.984,45.84,3407.53,3057.72,3639.47,811,7461
Philippine Airlines,ILO-MNL,2022.0,11,15865.888,31.83,3407.53,3057.72,3639.47,811,7461
AirAsia,KLO-MNL,2022.0,11,13436.640000000001,17.59,10000.0,10000.0,3639.47,172,7461
Philippine Airlines,LAO-MNL,2022.0,11,6323.408,31.83,10000.0,10000.0,3639.47,59,7461
Cebu Pacific,LGP-MNL,2022.0,11,10831.896,45.84,5000.56,5000.25,3639.47,289,7461
Philippine Airlines,LGP-MNL,2022.0,11,10604.192000000001,31.83,5000.56,5000.25,3639.47,289,7461
AirAsia,MNL-BCD,2022.0,11,9218.16,17.59,3478.13,3639.47,3547.72,7461,636
Cebu Pacific,MNL-BCD,2022.0,11,14540.432,45.84,3478.13,3639.47,3547.72,7461,636
Philippine Airlines,MNL-BCD,2022.0,11,10004.656,31.83,3478.13,3639.47,3547.72,7461,636
Philippine Airlines,MNL-BSO,2022.0,11,1648.3200000000002,31.83,10000.0,3639.47,10000.0,7461,30
Cebu Pacific,MNL-BXU,2022.0,11,13500.624000000002,45.84,5270.15,3639.47,4748.63,7461,336
Philippine Airlines,MNL-BXU,2022.0,11,8408.048,31.83,5270.15,3639.47,4748.63,7461,336
Philippine Airlines,MNL-CBO,2022.0,11,2705.184,31.83,10000.0,3639.47,10000.0,7461,42
AirAsia,MNL-CEB,2022.0,11,19842.48,17.59,3346.55,3639.47,2883.95,7461,2276
Cebgo,MNL-CEB,2022.0,11,607.6800000000001,4.71,3346.55,3639.47,2883.95,7461,2276
Cebu Pacific,MNL-CEB,2022.0,11,28213.232,45.84,3346.55,3639.47,2883.95,7461,2276
Philippine Airlines,MNL-CEB,2022.0,11,23226.768,31.83,3346.55,3639.47,2883.95,7461,2276
AirAsia,MNL-CGY,2022.0,11,4530.96,17.59,4622.76,3639.47,3263.51,7461,743
Cebu Pacific,MNL-CGY,2022.0,11,21768.448,45.84,4622.76,3639.47,3263.51,7461,743
Philippine Airlines,MNL-CGY,2022.0,11,8957.488000000001,31.83,4622.76,3639.47,3263.51,7461,743
Philippine Airlines,MNL-CRM,2022.0,11,659.328,31.83,10000.0,3639.47,10000.0,7461,12
Philippine Airlines,MNL-CYP,2022.0,11,439.552,31.83,10000.0,3639.47,5762.27,7461,49
Cebu Pacific,MNL-CYZ,2022.0,11,4552.536,45.84,10000.0,3639.47,10000.0,7461,58
Cebu Pacific,MNL-DGT,2022.0,11,13029.672,45.84,5312.92,3639.47,5123.72,7461,240
Philippine Airlines,MNL-DGT,2022.0,11,7814.976000000001,31.83,5312.92,3639.47,5123.72,7461,240
Cebu Pacific,MNL-DPL,2022.0,11,4709.52,45.84,5027.63,3639.47,4993.08,7461,115
Philippine Airlines,MNL-DPL,2022.0,11,4057.7760000000003,31.83,5027.63,3639.47,4993.08,7461,115
Cebu Pacific,MNL-DVO,2022.0,11,38769.14,45.84,5461.32,3639.47,5092.48,7461,947
Philippine Airlines,MNL-DVO,2022.0,11,20704.192,31.83,5461.32,3639.47,5092.48,7461,947
Philippine Airlines,MNL-EUQ,2022.0,11,659.328,31.83,10000.0,3639.47,10000.0,7461,23
Cebu Pacific,MNL-GES,2022.0,11,14387.668,45.84,5147.66,3639.47,5126.03,7461,180
Philippine Airlines,MNL-GES,2022.0,11,10167.872,31.83,5147.66,3639.47,5126.03,7461,180
Philippine Airlines,MNL-IAO,2022.0,11,4725.184,31.83,10000.0,3639.47,5391.54,7461,344
AirAsia,MNL-ILO,2022.0,11,18280.08,17.59,3370.6,3639.47,3057.72,7461,811
Cebu Pacific,MNL-ILO,2022.0,11,22668.152000000002,45.84,3370.6,3639.47,3057.72,7461,811
Philippine Airlines,MNL-ILO,2022.0,11,18210.704,31.83,3370.6,3639.47,3057.72,7461,811
AirAsia,MNL-KLO,2022.0,11,13436.640000000001,17.59,10000.0,3639.47,10000.0,7461,172
Philippine Airlines,MNL-LAO,2022.0,11,2626.0,31.83,10000.0,3639.47,10000.0,7461,59
Cebu Pacific,MNL-LGP,2022.0,11,10831.896,45.84,5000.06,3639.47,5000.25,7461,289
Philippine Airlines,MNL-LGP,2022.0,11,10754.480000000001,31.83,5000.06,3639.47,5000.25,7461,289
Philippine Airlines,MNL-MNL,2022.0,11,150.288,31.83,10000.0,3639.47,3639.47,7461,7461
AirAsia,MNL-MPH,2022.0,11,14217.84,17.59,3547.72,3639.47,3634.38,7461,816
Cebgo,MNL-MPH,2022.0,11,1762.272,4.71,3547.72,3639.47,3634.38,7461,816
Cebu Pacific,MNL-MPH,2022.0,11,22291.728000000003,45.84,3547.72,3639.47,3634.38,7461,816
Philippine Airlines,MNL-MPH,2022.0,11,8396.736,31.83,3547.72,3639.47,3634.38,7461,816
Cebu Pacific,MNL-OZC,2022.0,11,7378.2480000000005,45.84,10000.0,3639.47,5927.41,7461,142
Cebu Pacific,MNL-PAG,2022.0,11,4709.52,45.84,10000.0,3639.47,7065.64,7461,139
AirAsia,MNL-PPS,2022.0,11,4687.200000000001,17.59,3670.73,3639.47,3355.62,7461,401
AirSWIFT,MNL-PPS,2022.0,11,486.144,0.04,3670.73,3639.47,3355.62,7461,401
Cebu Pacific,MNL-PPS,2022.0,11,9835.976,45.84,3670.73,3639.47,3355.62,7461,401
Philippine Airlines,MNL-PPS,2022.0,11,4405.216,31.83,3670.73,3639.47,3355.62,7461,401
Cebgo,MNL-SJI,2022.0,11,60.768,4.71,10000.0,3639.47,10000.0,7461,1
AirAsia,MNL-TAC,2022.0,11,9061.92,17.59,3391.31,3639.47,3159.43,7461,586
Cebu Pacific,MNL-TAC,2022.0,11,8163.168000000001,45.84,3391.31,3639.47,3159.43,7461,586
Philippine Airlines,MNL-TAC,2022.0,11,11140.704000000002,31.83,3391.31,3639.47,3159.43,7461,586
AirAsia,MNL-TAG,2022.0,11,9530.640000000001,17.59,3480.88,3639.47,3363.47,7461,383
Cebu Pacific,MNL-TAG,2022.0,11,5592.344,45.84,3480.88,3639.47,3363.47,7461,383
Philippine Airlines,MNL-TAG,2022.0,11,7957.184,31.83,3480.88,3639.47,3363.47,7461,383
Cebu Pacific,MNL-TUG,2022.0,11,4866.504,45.84,10000.0,3639.47,10000.0,7461,91
Cebgo,MNL-USU,2022.0,11,1883.808,4.71,10000.0,3639.47,5770.11,7461,255
Cebgo,MNL-WNP,2022.0,11,3403.008,4.71,10000.0,3639.47,10000.0,7461,113
Cebu Pacific,MPH-CEB,2022.0,11,4552.536,45.84,8200.08,3634.38,2883.95,816,2276
Philippine Airlines,MPH-CEB,2022.0,11,505.80800000000005,31.83,8200.08,3634.38,2883.95,816,2276
AirAsia,MPH-MNL,2022.0,11,18280.08,17.59,3397.6,3634.38,3639.47,816,7461
Cebgo,MPH-MNL,2022.0,11,1701.504,4.71,3397.6,3634.38,3639.47,816,7461
Cebu Pacific,MPH-MNL,2022.0,11,26216.328,45.84,3397.6,3634.38,3639.47,816,7461
Philippine Airlines,MPH-MNL,2022.0,11,13191.408000000001,31.83,3397.6,3634.38,3639.47,816,7461
Cebu Pacific,MPH-NAN,2022.0,11,156.984,45.84,10000.0,3634.38,5080.99,816,6
Cebgo,NAN-NAN,2022.0,11,60.768,4.71,10000.0,5080.99,5080.99,6,6
Cebgo,OZC-CEB,2022.0,11,1397.664,4.71,10000.0,5927.41,2883.95,142,2276
Cebu Pacific,OZC-MNL,2022.0,11,7221.264,45.84,5557.08,5927.41,3639.47,142,7461
Philippine Airlines,OZC-MNL,2022.0,11,3606.9120000000003,31.83,5557.08,5927.41,3639.47,142,7461
Cebu Pacific,OZC-NAN,2022.0,11,156.984,45.84,10000.0,5927.41,5080.99,142,6
Cebgo,PAG-CEB,2022.0,11,2309.184,4.71,10000.0,7065.64,2883.95,139,2276
Cebu Pacific,PAG-MNL,2022.0,11,9262.056,45.84,10000.0,7065.64,3639.47,139,7461
Philippine Airlines,PPS-CEB,2022.0,11,1483.488,31.83,10000.0,3355.62,2883.95,401,2276
AirAsia,PPS-MNL,2022.0,11,9374.400000000001,17.59,3361.36,3355.62,3639.47,401,7461
Cebu Pacific,PPS-MNL,2022.0,11,9604.720000000001,45.84,3361.36,3355.62,3639.47,401,7461
Philippine Airlines,PPS-MNL,2022.0,11,11452.592,31.83,3361.36,3355.62,3639.47,401,7461
AirAsia,RXS-MNL,2022.0,11,2031.1200000000001,17.59,3666.72,3666.72,3639.47,70,7461
Cebu Pacific,RXS-MNL,2022.0,11,4709.52,45.84,3666.72,3666.72,3639.47,70,7461
Philippine Airlines,RXS-MNL,2022.0,11,3867.088,31.83,3666.72,3666.72,3639.47,70,7461
Cebgo,TAC-CEB,2022.0,11,1276.128,4.71,5027.85,3159.43,2883.95,586,2276
Philippine Airlines,TAC-CEB,2022.0,11,1098.88,31.83,5027.85,3159.43,2883.95,586,2276
AirAsia,TAC-MNL,2022.0,11,16828.56,17.59,3559.53,3159.43,3639.47,586,7461
Cebu Pacific,TAC-MNL,2022.0,11,21820.776,45.84,3559.53,3159.43,3639.47,586,7461
Philippine Airlines,TAC-MNL,2022.0,11,11219.888,31.83,3559.53,3159.43,3639.47,586,7461
Philippine Airlines,TAG-DVO,2022.0,11,1153.824,31.83,10000.0,3363.47,5092.48,383,947
AirAsia,TAG-MNL,2022.0,11,9374.400000000001,17.59,3727.43,3363.47,3639.47,383,7461
Cebu Pacific,TAG-MNL,2022.0,11,16896.88,45.84,3727.43,3363.47,3639.47,383,7461
Philippine Airlines,TAG-MNL,2022.0,11,7957.184,31.83,3727.43,3363.47,3639.47,383,7461
Cebu Pacific,TUG-MNL,2022.0,11,9419.04,45.84,10000.0,10000.0,3639.47,91,7461
Cebu Pacific,TWT-ZAM,2022.0,11,156.984,45.84,10000.0,5300.33,5616.3,49,186
Cebgo,USU-CEB,2022.0,11,1762.272,4.71,5103.66,5770.11,2883.95,255,2276
Philippine Airlines,USU-CEB,2022.0,11,1318.656,31.83,5103.66,5770.11,2883.95,255,2276
Cebgo,USU-MNL,2022.0,11,5043.744,4.71,6225.65,5770.11,3639.47,255,7461
Philippine Airlines,USU-MNL,2022.0,11,1703.2640000000001,31.83,6225.65,5770.11,3639.47,255,7461
Cebgo,WNP-MNL,2022.0,11,3463.776,4.71,10000.0,10000.0,3639.47,113,7461
Philippine Airlines,ZAM-CEB,2022.0,11,1373.6000000000001,31.83,10000.0,5616.3,2883.95,186,2276
Cebu Pacific,ZAM-MNL,2022.0,11,14741.304,45.84,5856.73,5616.3,3639.47,186,7461
Philippine Airlines,ZAM-MNL,2022.0,11,6110.0960000000005,31.83,5856.73,5616.3,3639.47,186,7461
Cebu Pacific,ZAM-TWT,2022.0,11,4552.536,45.84,5935.36,5616.3,5300.33,186,49
Philippine Airlines,ZAM-TWT,2022.0,11,1803.4560000000001,31.83,5935.36,5616.3,5300.33,186,49
Philippine Airlines,BCD-CEB,2022.0,12,1208.768,32.67,10000.0,3539.57,2839.57,678,2589
Cebu Pacific,BCD-DVO,2022.0,12,2060.136,45.47,10000.0,3539.57,5043.85,678,1072
AirAsia,BCD-MNL,2022.0,12,14530.320000000002,16.95,3517.03,3539.57,3673.46,678,8029
Cebu Pacific,BCD-MNL,2022.0,12,26328.504,45.47,3517.03,3539.57,3673.46,678,8029
Philippine Airlines,BCD-MNL,2022.0,12,20718.736,32.67,3517.03,3539.57,3673.46,678,8029
Philippine Airlines,BPA-CEB,2022.0,12,219.776,32.67,10000.0,10000.0,2839.57,8,2589
Cebgo,BXU-CEB,2022.0,12,1717.632,4.9,6755.14,4686.68,2839.57,351,2589
Philippine Airlines,BXU-CEB,2022.0,12,439.552,32.67,6755.14,4686.68,2839.57,351,2589
Cebu Pacific,BXU-MNL,2022.0,12,14262.480000000001,45.47,5496.58,4686.68,3673.46,351,8029
Philippine Airlines,BXU-MNL,2022.0,12,7427.136,32.67,5496.58,4686.68,3673.46,351,8029
Philippine Airlines,CBO-MNL,2022.0,12,3757.2000000000003,32.67,10000.0,10000.0,3673.46,59,8029
Philippine Airlines,CBO-TWT,2022.0,12,439.552,32.67,10000.0,10000.0,5823.42,59,47
Cebgo,CEB-BCD,2022.0,12,61.344,4.9,9041.33,2839.57,3539.57,2589,678
Philippine Airlines,CEB-BCD,2022.0,12,1153.824,32.67,9041.33,2839.57,3539.57,2589,678
Philippine Airlines,CEB-BPA,2022.0,12,219.776,32.67,10000.0,2839.57,10000.0,2589,8
Cebgo,CEB-BXU,2022.0,12,1901.664,4.9,6950.06,2839.57,4686.68,2589,351
Philippine Airlines,CEB-BXU,2022.0,12,439.552,32.67,6950.06,2839.57,4686.68,2589,351
Cebgo,CEB-CEB,2022.0,12,184.032,4.9,5027.85,2839.57,2839.57,2589,2589
Cebu Pacific,CEB-CEB,2022.0,12,158.472,45.47,5027.85,2839.57,2839.57,2589,2589
Cebgo,CEB-CGY,2022.0,12,6931.872,4.9,5741.76,2839.57,3227.98,2589,882
Philippine Airlines,CEB-CGY,2022.0,12,3076.864,32.67,5741.76,2839.57,3227.98,2589,882
Cebgo,CEB-CRK,2022.0,12,306.72,4.9,10000.0,2839.57,10000.0,2589,8
Cebgo,CEB-CYP,2022.0,12,1042.848,4.9,10000.0,2839.57,5055.74,2589,59
Cebgo,CEB-DGT,2022.0,12,61.344,4.9,10000.0,2839.57,5121.67,2589,243
Cebu Pacific,CEB-DVO,2022.0,12,6497.352000000001,45.47,5264.57,2839.57,5043.85,2589,1072
Philippine Airlines,CEB-DVO,2022.0,12,10379.568000000001,32.67,5264.57,2839.57,5043.85,2589,1072
Cebgo,CEB-IAO,2022.0,12,3619.2960000000003,4.9,5093.82,2839.57,5210.49,2589,342
Philippine Airlines,CEB-IAO,2022.0,12,2747.2000000000003,32.67,5093.82,2839.57,5210.49,2589,342
Cebgo,CEB-ILO,2022.0,12,3680.64,4.9,10000.0,2839.57,3041.59,2589,884
AirAsia,CEB-MNL,2022.0,12,18123.84,16.95,3828.13,2839.57,3673.46,2589,8029
Cebu Pacific,CEB-MNL,2022.0,12,42998.736000000004,45.47,3828.13,2839.57,3673.46,2589,8029
Philippine Airlines,CEB-MNL,2022.0,12,22856.704,32.67,3828.13,2839.57,3673.46,2589,8029
Cebgo,CEB-MPH,2022.0,12,61.344,4.9,5084.37,2839.57,3455.75,2589,846
Cebu Pacific,CEB-MPH,2022.0,12,1426.248,45.47,5084.37,2839.57,3455.75,2589,846
Philippine Airlines,CEB-MPH,2022.0,12,824.1600000000001,32.67,5084.37,2839.57,3455.75,2589,846
AirAsia,CEB-NAN,2022.0,12,156.24,16.95,5072.35,2839.57,3143.74,2589,8
Cebgo,CEB-NAN,2022.0,12,122.688,4.9,5072.35,2839.57,3143.74,2589,8
Cebgo,CEB-PAG,2022.0,12,981.504,4.9,10000.0,2839.57,6632.65,2589,150
Philippine Airlines,CEB-PPS,2022.0,12,3377.44,32.67,10000.0,2839.57,3452.74,2589,420
Cebgo,CEB-SUG,2022.0,12,61.344,4.9,10000.0,2839.57,10000.0,2589,10
Cebgo,CEB-TAC,2022.0,12,1840.32,4.9,5172.54,2839.57,3121.29,2589,640
Philippine Airlines,CEB-TAC,2022.0,12,1263.712,32.67,5172.54,2839.57,3121.29,2589,640
Cebgo,CEB-USU,2022.0,12,1901.664,4.9,5025.46,2839.57,5664.27,2589,266
Philippine Airlines,CEB-USU,2022.0,12,1648.3200000000002,32.67,5025.46,2839.57,5664.27,2589,266
Philippine Airlines,CEB-ZAM,2022.0,12,54.944,32.67,10000.0,2839.57,5754.62,2589,203
Cebgo,CGY-CEB,2022.0,12,6993.216,4.9,5915.33,3227.98,2839.57,882,2589
Philippine Airlines,CGY-CEB,2022.0,12,2802.1440000000002,32.67,5915.33,3227.98,2839.57,882,2589
Cebgo,CGY-DVO,2022.0,12,1042.848,4.9,10000.0,3227.98,5043.85,882,1072
AirAsia,CGY-MNL,2022.0,12,4843.4400000000005,16.95,4127.45,3227.98,3673.46,882,8029
Cebu Pacific,CGY-MNL,2022.0,12,21545.376,45.47,4127.45,3227.98,3673.46,882,8029
Philippine Airlines,CGY-MNL,2022.0,12,16809.632,32.67,4127.45,3227.98,3673.46,882,8029
Cebgo,CGY-NAN,2022.0,12,61.344,4.9,10000.0,3227.98,3143.74,882,8
Cebgo,CRK-CEB,2022.0,12,184.032,4.9,10000.0,10000.0,2839.57,8,2589
Cebgo,CYP-CEB,2022.0,12,858.816,4.9,10000.0,5055.74,2839.57,59,2589
Philippine Airlines,CYP-MNL,2022.0,12,769.216,32.67,10000.0,5055.74,3673.46,59,8029
Cebu Pacific,CYZ-MNL,2022.0,12,4595.688,45.47,10000.0,10000.0,3673.46,61,8029
Cebu Pacific,DGT-MNL,2022.0,12,8715.960000000001,45.47,5014.85,5121.67,3673.46,243,8029
Philippine Airlines,DGT-MNL,2022.0,12,7814.976000000001,32.67,5014.85,5121.67,3673.46,243,8029
Cebu Pacific,DPL-MNL,2022.0,12,4754.16,45.47,5204.08,5161.32,3673.46,104,8029
Philippine Airlines,DPL-MNL,2022.0,12,3156.0480000000002,32.67,5204.08,5161.32,3673.46,104,8029
Cebu Pacific,DRP-MNL,2022.0,12,3010.9680000000003,45.47,5035.67,5944.65,3673.46,81,8029
Philippine Airlines,DRP-MNL,2022.0,12,3566.512,32.67,5035.67,5944.65,3673.46,81,8029
Cebu Pacific,DVO-BCD,2022.0,12,2060.136,45.47,10000.0,5043.85,3539.57,1072,678
Cebu Pacific,DVO-CEB,2022.0,12,6497.352000000001,45.47,5270.35,5043.85,2839.57,1072,2589
Philippine Airlines,DVO-CEB,2022.0,12,10434.512,32.67,5270.35,5043.85,2839.57,1072,2589
Cebgo,DVO-CGY,2022.0,12,1104.192,4.9,10000.0,5043.85,3227.98,1072,882
Cebgo,DVO-IAO,2022.0,12,736.128,4.9,10000.0,5043.85,5210.49,1072,342
Cebu Pacific,DVO-MNL,2022.0,12,46044.636,45.47,5555.92,5043.85,3673.46,1072,8029
Philippine Airlines,DVO-MNL,2022.0,12,23016.688000000002,32.67,5555.92,5043.85,3673.46,1072,8029
Philippine Airlines,DVO-TAG,2022.0,12,1208.768,32.67,10000.0,5043.85,3361.17,1072,402
Philippine Airlines,EUQ-MNL,2022.0,12,714.272,32.67,10000.0,10000.0,3673.46,27,8029
Cebu Pacific,GES-MNL,2022.0,12,14595.612000000001,45.47,5165.27,5179.77,3673.46,184,8029
Philippine Airlines,GES-MNL,2022.0,12,10104.848,32.67,5165.27,5179.77,3673.46,184,8029
Cebgo,IAO-CEB,2022.0,12,2699.136,4.9,5000.67,5210.49,2839.57,342,2589
Philippine Airlines,IAO-CEB,2022.0,12,2637.312,32.67,5000.67,5210.49,2839.57,342,2589
Cebgo,IAO-DVO,2022.0,12,736.128,4.9,10000.0,5210.49,5043.85,342,1072
Philippine Airlines,IAO-MNL,2022.0,12,2747.2000000000003,32.67,10000.0,5210.49,3673.46,342,8029
Cebgo,ILO-CEB,2022.0,12,3619.2960000000003,4.9,10000.0,3041.59,2839.57,884,2589
AirAsia,ILO-MNL,2022.0,12,23956.8,16.95,3378.09,3041.59,3673.46,884,8029
Cebu Pacific,ILO-MNL,2022.0,12,22877.904000000002,45.47,3378.09,3041.59,3673.46,884,8029
Philippine Airlines,ILO-MNL,2022.0,12,18173.536,32.67,3378.09,3041.59,3673.46,884,8029
AirAsia,KLO-MNL,2022.0,12,13592.880000000001,16.95,10000.0,10000.0,3673.46,175,8029
Philippine Airlines,LAO-MNL,2022.0,12,8505.008,32.67,10000.0,10000.0,3673.46,73,8029
Cebu Pacific,LGP-MNL,2022.0,12,9191.376,45.47,5123.27,5347.09,3673.46,223,8029
Philippine Airlines,LGP-MNL,2022.0,12,6696.704000000001,32.67,5123.27,5347.09,3673.46,223,8029
AirAsia,MNL-BCD,2022.0,12,9686.880000000001,16.95,3450.08,3673.46,3539.57,8029,678
Cebu Pacific,MNL-BCD,2022.0,12,15378.6,45.47,3450.08,3673.46,3539.57,8029,678
Philippine Airlines,MNL-BCD,2022.0,12,12246.048,32.67,3450.08,3673.46,3539.57,8029,678
Philippine Airlines,MNL-BSO,2022.0,12,1593.376,32.67,10000.0,3673.46,10000.0,8029,29
Cebu Pacific,MNL-BXU,2022.0,12,14262.480000000001,45.47,5496.58,3673.46,4686.68,8029,351
Philippine Airlines,MNL-BXU,2022.0,12,7427.136,32.67,5496.58,3673.46,4686.68,8029,351
Philippine Airlines,MNL-CBO,2022.0,12,3907.4880000000003,32.67,10000.0,3673.46,10000.0,8029,59
AirAsia,MNL-CEB,2022.0,12,22811.04,16.95,3315.58,3673.46,2839.57,8029,2589
Cebgo,MNL-CEB,2022.0,12,1042.848,4.9,3315.58,3673.46,2839.57,8029,2589
Cebu Pacific,MNL-CEB,2022.0,12,32220.936,45.47,3315.58,3673.46,2839.57,8029,2589
Philippine Airlines,MNL-CEB,2022.0,12,27556.032,32.67,3315.58,3673.46,2839.57,8029,2589
AirAsia,MNL-CGY,2022.0,12,4843.4400000000005,16.95,4343.08,3673.46,3227.98,8029,882
Cebu Pacific,MNL-CGY,2022.0,12,23801.472,45.47,4343.08,3673.46,3227.98,8029,882
Philippine Airlines,MNL-CGY,2022.0,12,13584.096000000001,32.67,4343.08,3673.46,3227.98,8029,882
Philippine Airlines,MNL-CRM,2022.0,12,659.328,32.67,10000.0,3673.46,10000.0,8029,12
Philippine Airlines,MNL-CYP,2022.0,12,769.216,32.67,10000.0,3673.46,5055.74,8029,59
Cebu Pacific,MNL-CYZ,2022.0,12,5071.104,45.47,10000.0,3673.46,10000.0,8029,61
Cebu Pacific,MNL-DGT,2022.0,12,13153.176000000001,45.47,5324.07,3673.46,5121.67,8029,243
Philippine Airlines,MNL-DGT,2022.0,12,7814.976000000001,32.67,5324.07,3673.46,5121.67,8029,243
Cebu Pacific,MNL-DPL,2022.0,12,4754.16,45.47,5124.86,3673.46,5161.32,8029,104
Philippine Airlines,MNL-DPL,2022.0,12,3456.6240000000003,32.67,5124.86,3673.46,5161.32,8029,104
Cebu Pacific,MNL-DRP,2022.0,12,316.944,45.47,8854.39,3673.46,5944.65,8029,81
Philippine Airlines,MNL-DRP,2022.0,12,4878.704000000001,32.67,8854.39,3673.46,5944.65,8029,81
AirAsia,MNL-DVO,2022.0,12,156.24,16.95,5537.65,3673.46,5043.85,8029,1072
Cebu Pacific,MNL-DVO,2022.0,12,46986.948000000004,45.47,5537.65,3673.46,5043.85,8029,1072
Philippine Airlines,MNL-DVO,2022.0,12,23388.368000000002,32.67,5537.65,3673.46,5043.85,8029,1072
Philippine Airlines,MNL-EUQ,2022.0,12,769.216,32.67,10000.0,3673.46,10000.0,8029,27
Cebu Pacific,MNL-GES,2022.0,12,15541.332,45.47,5194.13,3673.46,5179.77,8029,184
Philippine Airlines,MNL-GES,2022.0,12,10424.816,32.67,5194.13,3673.46,5179.77,8029,184
Philippine Airlines,MNL-IAO,2022.0,12,3681.248,32.67,10000.0,3673.46,5210.49,8029,342
AirAsia,MNL-ILO,2022.0,12,18123.84,16.95,3402.82,3673.46,3041.59,8029,884
Cebu Pacific,MNL-ILO,2022.0,12,25834.344,45.47,3402.82,3673.46,3041.59,8029,884
Philippine Airlines,MNL-ILO,2022.0,12,21570.368000000002,32.67,3402.82,3673.46,3041.59,8029,884
AirAsia,MNL-KLO,2022.0,12,13749.12,16.95,10000.0,3673.46,10000.0,8029,175
Philippine Airlines,MNL-LAO,2022.0,12,3839.616,32.67,10000.0,3673.46,10000.0,8029,73
Cebu Pacific,MNL-LGP,2022.0,12,11885.400000000001,45.47,5648.95,3673.46,5347.09,8029,223
Philippine Airlines,MNL-LGP,2022.0,12,5589.744000000001,32.67,5648.95,3673.46,5347.09,8029,223
Philippine Airlines,MNL-MNL,2022.0,12,300.576,32.67,10000.0,3673.46,3673.46,8029,8029
AirAsia,MNL-MPH,2022.0,12,14842.800000000001,16.95,3444.92,3673.46,3455.75,8029,846
Cebgo,MNL-MPH,2022.0,12,2024.352,4.9,3444.92,3673.46,3455.75,8029,846
Cebu Pacific,MNL-MPH,2022.0,12,24246.216,45.47,3444.92,3673.46,3455.75,8029,846
Philippine Airlines,MNL-MPH,2022.0,12,10836.896,32.67,3444.92,3673.46,3455.75,8029,846
Cebgo,MNL-NAN,2022.0,12,61.344,4.9,10000.0,3673.46,3143.74,8029,8
Cebu Pacific,MNL-OZC,2022.0,12,7289.712,45.47,10000.0,3673.46,5593.52,8029,142
Cebu Pacific,MNL-PAG,2022.0,12,4595.688,45.47,10000.0,3673.46,6632.65,8029,150
AirAsia,MNL-PPS,2022.0,12,4843.4400000000005,16.95,3770.96,3673.46,3452.74,8029,420
AirSWIFT,MNL-PPS,2022.0,12,122.688,0.01,3770.96,3673.46,3452.74,8029,420
Cebu Pacific,MNL-PPS,2022.0,12,10133.688,45.47,3770.96,3673.46,3452.74,8029,420
Philippine Airlines,MNL-PPS,2022.0,12,4776.896000000001,32.67,3770.96,3673.46,3452.74,8029,420
AirAsia,MNL-TAC,2022.0,12,9218.16,16.95,3388.08,3673.46,3121.29,8029,640
Cebu Pacific,MNL-TAC,2022.0,12,9032.904,45.47,3388.08,3673.46,3121.29,8029,640
Philippine Airlines,MNL-TAC,2022.0,12,11848.512,32.67,3388.08,3673.46,3121.29,8029,640
AirAsia,MNL-TAG,2022.0,12,9686.880000000001,16.95,3463.15,3673.46,3361.17,8029,402
Cebu Pacific,MNL-TAG,2022.0,12,5962.296,45.47,3463.15,3673.46,3361.17,8029,402
Philippine Airlines,MNL-TAG,2022.0,12,9031.824,32.67,3463.15,3673.46,3361.17,8029,402
Cebu Pacific,MNL-TUG,2022.0,12,4912.6320000000005,45.47,10000.0,3673.46,10000.0,8029,94
Cebgo,MNL-USU,2022.0,12,1778.976,4.9,10000.0,3673.46,5664.27,8029,266
Cebu Pacific,MNL-VRC,2022.0,12,158.472,45.47,10000.0,3673.46,10000.0,8029,2
Cebgo,MNL-WNP,2022.0,12,3557.952,4.9,10000.0,3673.46,10000.0,8029,113
Cebu Pacific,MPH-CEB,2022.0,12,1426.248,45.47,5281.64,3455.75,2839.57,846,2589
Philippine Airlines,MPH-CEB,2022.0,12,879.104,32.67,5281.64,3455.75,2839.57,846,2589
Cebu Pacific,MPH-ILO,2022.0,12,158.472,45.47,10000.0,3455.75,3041.59,846,884
AirAsia,MPH-MNL,2022.0,12,19373.760000000002,16.95,3420.52,3455.75,3673.46,846,8029
Cebgo,MPH-MNL,2022.0,12,1901.664,4.9,3420.52,3455.75,3673.46,846,8029
Cebu Pacific,MPH-MNL,2022.0,12,29000.376,45.47,3420.52,3455.75,3673.46,846,8029
Philippine Airlines,MPH-MNL,2022.0,12,14178.784000000001,32.67,3420.52,3455.75,3673.46,846,8029
Cebu Pacific,MPH-NAN,2022.0,12,316.944,45.47,10000.0,3455.75,3143.74,846,8
Philippine Airlines,NAN-CEB,2022.0,12,54.944,32.67,10000.0,3143.74,2839.57,8,2589
Cebgo,OZC-CEB,2022.0,12,1533.6000000000001,4.9,10000.0,5593.52,2839.57,142,2589
Cebu Pacific,OZC-MNL,2022.0,12,6814.296,45.47,5305.63,5593.52,3673.46,142,8029
Philippine Airlines,OZC-MNL,2022.0,12,4112.72,32.67,5305.63,5593.52,3673.46,142,8029
Cebgo,PAG-CEB,2022.0,12,2821.824,4.9,8993.08,6632.65,2839.57,150,2589
Cebu Pacific,PAG-CEB,2022.0,12,158.472,45.47,8993.08,6632.65,2839.57,150,2589
Cebu Pacific,PAG-MNL,2022.0,12,9191.376,45.47,10000.0,6632.65,3673.46,150,8029
Philippine Airlines,PPS-CEB,2022.0,12,1688.72,32.67,10000.0,3452.74,2839.57,420,2589
AirAsia,PPS-MNL,2022.0,12,9686.880000000001,16.95,3451.36,3452.74,3673.46,420,8029
Cebu Pacific,PPS-MNL,2022.0,12,9816.744,45.47,3451.36,3452.74,3673.46,420,8029
Philippine Airlines,PPS-MNL,2022.0,12,14240.192000000001,32.67,3451.36,3452.74,3673.46,420,8029
AirAsia,RXS-MNL,2022.0,12,2031.1200000000001,16.95,3730.22,3730.22,3673.46,66,8029
Cebu Pacific,RXS-MNL,2022.0,12,4912.6320000000005,45.47,3730.22,3730.22,3673.46,66,8029
Philippine Airlines,RXS-MNL,2022.0,12,3306.3360000000002,32.67,3730.22,3730.22,3673.46,66,8029
Cebgo,SUG-CEB,2022.0,12,552.096,4.9,10000.0,10000.0,2839.57,10,2589
Cebgo,TAC-CEB,2022.0,12,1656.288,4.9,5064.4,3121.29,2839.57,640,2589
Philippine Airlines,TAC-CEB,2022.0,12,1318.656,32.67,5064.4,3121.29,2839.57,640,2589
AirAsia,TAC-MNL,2022.0,12,17848.32,16.95,3570.01,3121.29,3673.46,640,8029
Cebu Pacific,TAC-MNL,2022.0,12,23453.856,45.47,3570.01,3121.29,3673.46,640,8029
Philippine Airlines,TAC-MNL,2022.0,12,11884.064,32.67,3570.01,3121.29,3673.46,640,8029
Philippine Airlines,TAG-DVO,2022.0,12,1208.768,32.67,10000.0,3361.17,5043.85,402,1072
AirAsia,TAG-MNL,2022.0,12,9686.880000000001,16.95,3715.19,3361.17,3673.46,402,8029
Cebu Pacific,TAG-MNL,2022.0,12,17849.4,45.47,3715.19,3361.17,3673.46,402,8029
Philippine Airlines,TAG-MNL,2022.0,12,8731.248,32.67,3715.19,3361.17,3673.46,402,8029
Cebu Pacific,TUG-MNL,2022.0,12,9983.736,45.47,10000.0,10000.0,3673.46,94,8029
Cebgo,USU-CEB,2022.0,12,1901.664,4.9,5025.46,5664.27,2839.57,266,2589
Philippine Airlines,USU-CEB,2022.0,12,1648.3200000000002,32.67,5025.46,5664.27,2839.57,266,2589
Cebgo,USU-MNL,2022.0,12,5152.896,4.9,6265.77,5664.27,3673.46,266,8029
Philippine Airlines,USU-MNL,2022.0,12,1703.2640000000001,32.67,6265.77,5664.27,3673.46,266,8029
Cebu Pacific,VRC-MNL,2022.0,12,158.472,45.47,10000.0,10000.0,3673.46,2,8029
Cebgo,WNP-MNL,2022.0,12,3373.92,4.9,10000.0,10000.0,3673.46,113,8029
Philippine Airlines,ZAM-CEB,2022.0,12,1648.3200000000002,32.67,10000.0,5754.62,2839.57,203,2589
Cebu Pacific,ZAM-MNL,2022.0,12,17419.992000000002,45.47,6044.88,5754.62,3673.46,203,8029
Philippine Airlines,ZAM-MNL,2022.0,12,6489.856000000001,32.67,6044.88,5754.62,3673.46,203,8029
Cebu Pacific,ZAM-TWT,2022.0,12,4595.688,45.47,6285.94,5754.62,5823.42,203,47
Philippine Airlines,ZAM-TWT,2022.0,12,1502.88,32.67,6285.94,5754.62,5823.42,203,47
Philippine Airlines,BCD-CEB,2023.0,1,1398.4879999999998,33.11,10000.0,3520.21,2928.74,675,2409
Cebu Pacific,BCD-DVO,2023.0,1,2091.5699999999997,44.57,10000.0,3520.21,4972.28,675,1046
AirAsia,BCD-MNL,2023.0,1,14563.8,18.18,3499.33,3520.21,3612.82,675,7862
Cebu Pacific,BCD-MNL,2023.0,1,25642.059999999998,44.57,3499.33,3520.21,3612.82,675,7862
Philippine Airlines,BCD-MNL,2023.0,1,20719.454,33.11,3499.33,3520.21,3612.82,675,7862
Philippine Airlines,BPA-CEB,2023.0,1,322.72799999999995,33.11,10000.0,10000.0,2928.74,13,2409
Cebgo,BXU-CEB,2023.0,1,1245.6,4.13,5633.42,4816.59,2928.74,342,2409
Philippine Airlines,BXU-CEB,2023.0,1,591.668,33.11,5633.42,4816.59,2928.74,342,2409
Cebu Pacific,BXU-MNL,2023.0,1,13997.429999999998,44.57,5438.16,4816.59,3612.82,342,7862
Philippine Airlines,BXU-MNL,2023.0,1,7603.092000000001,33.11,5438.16,4816.59,3612.82,342,7862
Philippine Airlines,CBO-MNL,2023.0,1,4119.528,33.11,10000.0,10000.0,3612.82,65,7862
Philippine Airlines,CBO-TWT,2023.0,1,430.304,33.11,10000.0,10000.0,5872.27,65,50
Philippine Airlines,CEB-BCD,2023.0,1,1452.2759999999998,33.11,10000.0,2928.74,3520.21,2409,675
Philippine Airlines,CEB-BPA,2023.0,1,376.51599999999996,33.11,10000.0,2928.74,10000.0,2409,13
Cebgo,CEB-BXU,2023.0,1,1245.6,4.13,5303.69,2928.74,4816.59,2409,342
Philippine Airlines,CEB-BXU,2023.0,1,753.0319999999999,33.11,5303.69,2928.74,4816.59,2409,342
Cebgo,CEB-CEB,2023.0,1,62.28,4.13,10000.0,2928.74,2928.74,2409,2409
Cebgo,CEB-CGY,2023.0,1,4235.04,4.13,5249.13,2928.74,3375.72,2409,774
Philippine Airlines,CEB-CGY,2023.0,1,2689.3999999999996,33.11,5249.13,2928.74,3375.72,2409,774
Cebgo,CEB-CRK,2023.0,1,249.12,4.13,10000.0,2928.74,8158.84,2409,9
Cebgo,CEB-CYP,2023.0,1,1058.76,4.13,10000.0,2928.74,5489.32,2409,53
Cebu Pacific,CEB-DVO,2023.0,1,6113.82,44.57,5295.65,2928.74,4972.28,2409,1046
Philippine Airlines,CEB-DVO,2023.0,1,10042.536,33.11,5295.65,2928.74,4972.28,2409,1046
Cebgo,CEB-IAO,2023.0,1,3425.4,4.13,5007.29,2928.74,5490.31,2409,376
Philippine Airlines,CEB-IAO,2023.0,1,3173.4919999999997,33.11,5007.29,2928.74,5490.31,2409,376
Cebgo,CEB-ILO,2023.0,1,2864.88,4.13,10000.0,2928.74,3109.56,2409,850
AirAsia,CEB-MNL,2023.0,1,19094.76,18.18,3706.16,2928.74,3612.82,2409,7862
Cebu Pacific,CEB-MNL,2023.0,1,42231.03,44.57,3706.16,2928.74,3612.82,2409,7862
Philippine Airlines,CEB-MNL,2023.0,1,25830.896,33.11,3706.16,2928.74,3612.82,2409,7862
Philippine Airlines,CEB-MPH,2023.0,1,1452.2759999999998,33.11,10000.0,2928.74,3377.5,2409,804
Cebgo,CEB-NAN,2023.0,1,124.56,4.13,10000.0,2928.74,5807.12,2409,10
Cebgo,CEB-OZC,2023.0,1,62.28,4.13,10000.0,2928.74,5476.82,2409,135
Cebgo,CEB-PAG,2023.0,1,809.64,4.13,10000.0,2928.74,6648.88,2409,124
Philippine Airlines,CEB-PPS,2023.0,1,3227.2799999999997,33.11,10000.0,2928.74,3428.37,2409,410
Cebgo,CEB-TAC,2023.0,1,1432.44,4.13,5013.5,2928.74,3211.78,2409,587
Philippine Airlines,CEB-TAC,2023.0,1,1290.9119999999998,33.11,5013.5,2928.74,3211.78,2409,587
Cebgo,CEB-USU,2023.0,1,1806.1200000000001,4.13,5015.84,2928.74,5721.18,2409,260
Philippine Airlines,CEB-USU,2023.0,1,1613.6399999999999,33.11,5015.84,2928.74,5721.18,2409,260
Philippine Airlines,CEB-ZAM,2023.0,1,53.788,33.11,10000.0,2928.74,5595.13,2409,199
Cebu Pacific,CGK-MNL,2023.0,1,160.89,44.57,10000.0,10000.0,3612.82,2,7862
Cebgo,CGY-CEB,2023.0,1,4546.4400000000005,4.13,5353.93,3375.72,2928.74,774,2409
Philippine Airlines,CGY-CEB,2023.0,1,2635.6119999999996,33.11,5353.93,3375.72,2928.74,774,2409
Cebgo,CGY-DVO,2023.0,1,1058.76,4.13,10000.0,3375.72,4972.28,774,1046
AirAsia,CGY-MNL,2023.0,1,5016.42,18.18,4086.23,3375.72,3612.82,774,7862
Cebu Pacific,CGY-MNL,2023.0,1,20984.899999999998,44.57,4086.23,3375.72,3612.82,774,7862
Philippine Airlines,CGY-MNL,2023.0,1,16315.166000000001,33.11,4086.23,3375.72,3612.82,774,7862
Cebgo,CGY-NAN,2023.0,1,62.28,4.13,10000.0,3375.72,5807.12,774,10
Cebgo,CRK-CEB,2023.0,1,249.12,4.13,10000.0,8158.84,2928.74,9,2409
Philippine Airlines,CRK-MNL,2023.0,1,56.952,33.11,10000.0,8158.84,3612.82,9,7862
Cebgo,CYP-CEB,2023.0,1,996.48,4.13,10000.0,5489.32,2928.74,53,2409
Philippine Airlines,CYP-MNL,2023.0,1,430.304,33.11,10000.0,5489.32,3612.82,53,7862
Cebu Pacific,CYZ-MNL,2023.0,1,4826.7,44.57,10000.0,10000.0,3612.82,60,7862
Cebu Pacific,DGT-MNL,2023.0,1,8688.06,44.57,5072.41,5265.16,3612.82,232,7862
Philippine Airlines,DGT-MNL,2023.0,1,6821.584,33.11,5072.41,5265.16,3612.82,232,7862
Cebu Pacific,DPL-MNL,2023.0,1,4665.8099999999995,44.57,5049.0,5068.48,3612.82,110,7862
Philippine Airlines,DPL-MNL,2023.0,1,3825.2760000000003,33.11,5049.0,5068.48,3612.82,110,7862
Cebu Pacific,DRP-MNL,2023.0,1,11101.41,44.57,5020.9,5032.22,3612.82,249,7862
Philippine Airlines,DRP-MNL,2023.0,1,9753.03,33.11,5020.9,5032.22,3612.82,249,7862
Cebu Pacific,DVO-BCD,2023.0,1,2091.5699999999997,44.57,10000.0,4972.28,3520.21,1046,675
Cebu Pacific,DVO-CEB,2023.0,1,6113.82,44.57,5283.45,4972.28,2928.74,1046,2409
Philippine Airlines,DVO-CEB,2023.0,1,9934.960000000001,33.11,5283.45,4972.28,2928.74,1046,2409
Cebgo,DVO-CGY,2023.0,1,1058.76,4.13,10000.0,4972.28,3375.72,1046,774
Cebgo,DVO-IAO,2023.0,1,747.36,4.13,10000.0,4972.28,5490.31,1046,376
Cebu Pacific,DVO-MNL,2023.0,1,40954.29,44.57,5434.87,4972.28,3612.82,1046,7862
Philippine Airlines,DVO-MNL,2023.0,1,22299.872,33.11,5434.87,4972.28,3612.82,1046,7862
Philippine Airlines,DVO-TAG,2023.0,1,1075.76,33.11,10000.0,4972.28,3376.93,1046,384
Philippine Airlines,EUQ-MNL,2023.0,1,699.2439999999999,33.11,10000.0,10000.0,3612.82,26,7862
Cebu Pacific,GES-MNL,2023.0,1,13316.675,44.57,5105.76,5105.76,3612.82,180,7862
Philippine Airlines,GES-MNL,2023.0,1,9934.960000000001,33.11,5105.76,5105.76,3612.82,180,7862
Cebgo,IAO-CEB,2023.0,1,2242.08,4.13,5120.45,5490.31,2928.74,376,2409
Philippine Airlines,IAO-CEB,2023.0,1,3065.9159999999997,33.11,5120.45,5490.31,2928.74,376,2409
Cebgo,IAO-DVO,2023.0,1,809.64,4.13,10000.0,5490.31,4972.28,376,1046
Philippine Airlines,IAO-MNL,2023.0,1,2904.5519999999997,33.11,10000.0,5490.31,3612.82,376,7862
Cebgo,IAO-NAN,2023.0,1,62.28,4.13,5026.76,5490.31,5807.12,376,10
Philippine Airlines,IAO-NAN,2023.0,1,53.788,33.11,5026.76,5490.31,5807.12,376,10
Cebgo,ILO-CEB,2023.0,1,3051.7200000000003,4.13,10000.0,3109.56,2928.74,850,2409
AirAsia,ILO-MNL,2023.0,1,25383.12,18.18,3452.36,3109.56,3612.82,850,7862
Cebu Pacific,ILO-MNL,2023.0,1,22791.019999999997,44.57,3452.36,3109.56,3612.82,850,7862
Philippine Airlines,ILO-MNL,2023.0,1,15834.238000000001,33.11,3452.36,3109.56,3612.82,850,7862
AirAsia,KLO-MNL,2023.0,1,14887.439999999999,18.18,9788.46,9893.66,3612.82,186,7862
Cebu Pacific,KLO-MNL,2023.0,1,160.89,44.57,9788.46,9893.66,3612.82,186,7862
Philippine Airlines,LAO-MNL,2023.0,1,8098.258000000001,33.11,10000.0,10000.0,3612.82,68,7862
Cebu Pacific,LGP-MNL,2023.0,1,643.56,44.57,10000.0,10000.0,3612.82,41,7862
AirAsia,MNL-BCD,2023.0,1,9871.02,18.18,3424.65,3612.82,3520.21,7862,675
Cebu Pacific,MNL-BCD,2023.0,1,14931.63,44.57,3424.65,3612.82,3520.21,7862,675
Philippine Airlines,MNL-BCD,2023.0,1,13042.008,33.11,3424.65,3612.82,3520.21,7862,675
Philippine Airlines,MNL-BSO,2023.0,1,1506.0639999999999,33.11,10000.0,3612.82,10000.0,7862,28
Cebu Pacific,MNL-BXU,2023.0,1,13997.429999999998,44.57,5464.87,3612.82,4816.59,7862,342
Philippine Airlines,MNL-BXU,2023.0,1,7455.966,33.11,5464.87,3612.82,4816.59,7862,342
Philippine Airlines,MNL-CBO,2023.0,1,4266.654,33.11,10000.0,3612.82,10000.0,7862,65
AirAsia,MNL-CEB,2023.0,1,24434.82,18.18,3317.98,3612.82,2928.74,7862,2409
Cebgo,MNL-CEB,2023.0,1,622.8,4.13,3317.98,3612.82,2928.74,7862,2409
Cebu Pacific,MNL-CEB,2023.0,1,30776.699999999997,44.57,3317.98,3612.82,2928.74,7862,2409
Philippine Airlines,MNL-CEB,2023.0,1,25490.766,33.11,3317.98,3612.82,2928.74,7862,2409
Cebu Pacific,MNL-CGK,2023.0,1,160.89,44.57,10000.0,3612.82,10000.0,7862,2
AirAsia,MNL-CGY,2023.0,1,5178.24,18.18,4323.17,3612.82,3375.72,7862,774
Cebu Pacific,MNL-CGY,2023.0,1,23152.59,44.57,4323.17,3612.82,3375.72,7862,774
Philippine Airlines,MNL-CGY,2023.0,1,12342.764000000001,33.11,4323.17,3612.82,3375.72,7862,774
Philippine Airlines,MNL-CRM,2023.0,1,537.88,33.11,10000.0,3612.82,10000.0,7862,10
Philippine Airlines,MNL-CYP,2023.0,1,645.4559999999999,33.11,10000.0,3612.82,5489.32,7862,53
Cebu Pacific,MNL-CYZ,2023.0,1,4826.7,44.57,10000.0,3612.82,10000.0,7862,60
Cebu Pacific,MNL-DGT,2023.0,1,13353.869999999999,44.57,5493.58,3612.82,5265.16,7862,232
Philippine Airlines,MNL-DGT,2023.0,1,6968.71,33.11,5493.58,3612.82,5265.16,7862,232
Cebu Pacific,MNL-DPL,2023.0,1,4826.7,44.57,5091.19,3612.82,5068.48,7862,110
Philippine Airlines,MNL-DPL,2023.0,1,3678.15,33.11,5091.19,3612.82,5068.48,7862,110
Cebu Pacific,MNL-DRP,2023.0,1,5631.15,44.57,5377.75,3612.82,5032.22,7862,249
Philippine Airlines,MNL-DRP,2023.0,1,9900.156,33.11,5377.75,3612.82,5032.22,7862,249
Cebu Pacific,MNL-DVO,2023.0,1,42351.265,44.57,5450.57,3612.82,4972.28,7862,1046
Philippine Airlines,MNL-DVO,2023.0,1,22795.038,33.11,5450.57,3612.82,4972.28,7862,1046
AirSWIFT,MNL-ENI,2023.0,1,43.25,0.01,10000.0,3612.82,10000.0,7862,1
Philippine Airlines,MNL-EUQ,2023.0,1,699.2439999999999,33.11,10000.0,3612.82,10000.0,7862,26
Cebu Pacific,MNL-GES,2023.0,1,13316.675,44.57,5105.76,3612.82,5105.76,7862,180
Philippine Airlines,MNL-GES,2023.0,1,9934.960000000001,33.11,5105.76,3612.82,5105.76,7862,180
Philippine Airlines,MNL-IAO,2023.0,1,4733.344,33.11,10000.0,3612.82,5490.31,7862,376
AirAsia,MNL-ILO,2023.0,1,19580.219999999998,18.18,3375.59,3612.82,3109.56,7862,850
Cebu Pacific,MNL-ILO,2023.0,1,24683.64,44.57,3375.59,3612.82,3109.56,7862,850
Philippine Airlines,MNL-ILO,2023.0,1,19615.218,33.11,3375.59,3612.82,3109.56,7862,850
AirAsia,MNL-KLO,2023.0,1,15049.26,18.18,10000.0,3612.82,9893.66,7862,186
Philippine Airlines,MNL-LAO,2023.0,1,3820.53,33.11,10000.0,3612.82,10000.0,7862,68
Cebu Pacific,MNL-LGP,2023.0,1,5952.929999999999,44.57,10000.0,3612.82,10000.0,7862,41
Cebu Pacific,MNL-MNL,2023.0,1,198.95,44.57,5232.99,3612.82,3612.82,7862,7862
Philippine Airlines,MNL-MNL,2023.0,1,308.49,33.11,5232.99,3612.82,3612.82,7862,7862
AirAsia,MNL-MPH,2023.0,1,14078.34,18.18,3571.13,3612.82,3377.5,7862,804
Cebgo,MNL-MPH,2023.0,1,1681.56,4.13,3571.13,3612.82,3377.5,7862,804
Cebu Pacific,MNL-MPH,2023.0,1,22846.379999999997,44.57,3571.13,3612.82,3377.5,7862,804
Philippine Airlines,MNL-MPH,2023.0,1,8669.36,33.11,3571.13,3612.82,3377.5,7862,804
Cebu Pacific,MNL-NAN,2023.0,1,160.89,44.57,10000.0,3612.82,5807.12,7862,10
Cebu Pacific,MNL-OZC,2023.0,1,6596.49,44.57,10000.0,3612.82,5476.82,7862,135
Cebu Pacific,MNL-PAG,2023.0,1,3539.58,44.57,10000.0,3612.82,6648.88,7862,124
AirAsia,MNL-PPS,2023.0,1,4854.599999999999,18.18,3743.73,3612.82,3428.37,7862,410
AirSWIFT,MNL-PPS,2023.0,1,124.56,0.01,3743.73,3612.82,3428.37,7862,410
Cebu Pacific,MNL-PPS,2023.0,1,9949.23,44.57,3743.73,3612.82,3428.37,7862,410
Philippine Airlines,MNL-PPS,2023.0,1,4780.804,33.11,3743.73,3612.82,3428.37,7862,410
AirAsia,MNL-TAC,2023.0,1,10032.84,18.18,3520.18,3612.82,3211.78,7862,587
Cebu Pacific,MNL-TAC,2023.0,1,6596.49,44.57,3520.18,3612.82,3211.78,7862,587
Philippine Airlines,MNL-TAC,2023.0,1,12091.226,33.11,3520.18,3612.82,3211.78,7862,587
AirAsia,MNL-TAG,2023.0,1,9871.02,18.18,3477.64,3612.82,3376.93,7862,384
Cebu Pacific,MNL-TAG,2023.0,1,5854.32,44.57,3477.64,3612.82,3376.93,7862,384
Philippine Airlines,MNL-TAG,2023.0,1,7921.0740000000005,33.11,3477.64,3612.82,3376.93,7862,384
Cebu Pacific,MNL-TUG,2023.0,1,7079.16,44.57,10000.0,3612.82,10000.0,7862,100
Cebgo,MNL-USU,2023.0,1,1868.4,4.13,10000.0,3612.82,5721.18,7862,260
Cebu Pacific,MNL-VRC,2023.0,1,2413.35,44.57,10000.0,3612.82,10000.0,7862,30
Cebgo,MNL-WNP,2023.0,1,3176.28,4.13,10000.0,3612.82,10000.0,7862,99
Philippine Airlines,MPH-CEB,2023.0,1,1506.0639999999999,33.11,10000.0,3377.5,2928.74,804,2409
AirAsia,MPH-MNL,2023.0,1,18609.3,18.18,3342.15,3377.5,3612.82,804,7862
Cebgo,MPH-MNL,2023.0,1,1743.8400000000001,4.13,3342.15,3377.5,3612.82,804,7862
Cebu Pacific,MPH-MNL,2023.0,1,27351.3,44.57,3342.15,3377.5,3612.82,804,7862
Philippine Airlines,MPH-MNL,2023.0,1,15731.408000000001,33.11,3342.15,3377.5,3612.82,804,7862
Cebu Pacific,MPH-NAN,2023.0,1,643.56,44.57,10000.0,3377.5,5807.12,804,10
Cebgo,OZC-CEB,2023.0,1,1619.28,4.13,10000.0,5476.82,2928.74,135,2409
Cebu Pacific,OZC-MNL,2023.0,1,6274.709999999999,44.57,5294.08,5476.82,3612.82,135,7862
Philippine Airlines,OZC-MNL,2023.0,1,3825.2760000000003,33.11,5294.08,5476.82,3612.82,135,7862
Cebu Pacific,OZC-OZC,2023.0,1,160.89,44.57,10000.0,5476.82,5476.82,135,135
Cebgo,PAG-CEB,2023.0,1,2366.64,4.13,10000.0,6648.88,2928.74,124,2409
Cebu Pacific,PAG-MNL,2023.0,1,8205.39,44.57,10000.0,6648.88,3612.82,124,7862
Philippine Airlines,PPS-CEB,2023.0,1,1613.6399999999999,33.11,10000.0,3428.37,2928.74,410,2409
AirAsia,PPS-MNL,2023.0,1,9871.02,18.18,3407.29,3428.37,3612.82,410,7862
Cebu Pacific,PPS-MNL,2023.0,1,10253.71,44.57,3407.29,3428.37,3612.82,410,7862
Philippine Airlines,PPS-MNL,2023.0,1,13598.872000000001,33.11,3407.29,3428.37,3612.82,410,7862
AirAsia,RXS-MNL,2023.0,1,2103.66,18.18,3614.78,3614.78,3612.82,67,7862
Cebu Pacific,RXS-MNL,2023.0,1,4504.92,44.57,3614.78,3614.78,3612.82,67,7862
Philippine Airlines,RXS-MNL,2023.0,1,3825.2760000000003,33.11,3614.78,3614.78,3612.82,67,7862
Cebgo,SUG-CEB,2023.0,1,249.12,4.13,10000.0,10000.0,2928.74,4,2409
Cebgo,TAC-CEB,2023.0,1,249.12,4.13,7288.09,3211.78,2928.74,587,2409
Philippine Airlines,TAC-CEB,2023.0,1,1290.9119999999998,33.11,7288.09,3211.78,2928.74,587,2409
AirAsia,TAC-MNL,2023.0,1,19294.86,18.18,3471.28,3211.78,3612.82,587,7862
Cebu Pacific,TAC-MNL,2023.0,1,20272.14,44.57,3471.28,3211.78,3612.82,587,7862
Philippine Airlines,TAC-MNL,2023.0,1,12361.748,33.11,3471.28,3211.78,3612.82,587,7862
Philippine Airlines,TAG-DVO,2023.0,1,1129.548,33.11,10000.0,3376.93,4972.28,384,1046
AirAsia,TAG-MNL,2023.0,1,9547.38,18.18,3771.23,3376.93,3612.82,384,7862
Cebu Pacific,TAG-MNL,2023.0,1,17791.32,44.57,3771.23,3376.93,3612.82,384,7862
Philippine Airlines,TAG-MNL,2023.0,1,8068.200000000001,33.11,3771.23,3376.93,3612.82,384,7862
Cebu Pacific,TUG-MNL,2023.0,1,9009.84,44.57,10000.0,10000.0,3612.82,100,7862
Cebgo,USU-CEB,2023.0,1,1806.1200000000001,4.13,5026.76,5721.18,2928.74,260,2409
Philippine Airlines,USU-CEB,2023.0,1,1559.8519999999999,33.11,5026.76,5721.18,2928.74,260,2409
Cebgo,USU-MNL,2023.0,1,5169.24,4.13,6373.94,5721.18,3612.82,260,7862
Philippine Airlines,USU-MNL,2023.0,1,1613.6399999999999,33.11,6373.94,5721.18,3612.82,260,7862
Cebu Pacific,VRC-MNL,2023.0,1,2413.35,44.57,10000.0,10000.0,3612.82,30,7862
Cebgo,WNP-MNL,2023.0,1,2989.44,4.13,10000.0,10000.0,3612.82,99,7862
Philippine Airlines,ZAM-CEB,2023.0,1,1452.2759999999998,33.11,10000.0,5595.13,2928.74,199,2409
Cebu Pacific,ZAM-MNL,2023.0,1,14386.679999999998,44.57,5761.28,5595.13,3612.82,199,7862
Philippine Airlines,ZAM-MNL,2023.0,1,6310.598,33.11,5761.28,5595.13,3612.82,199,7862
Cebu Pacific,ZAM-TWT,2023.0,1,4987.589999999999,44.57,6300.62,5595.13,5872.27,199,50
Philippine Airlines,ZAM-TWT,2023.0,1,1618.386,33.11,6300.62,5595.13,5872.27,199,50
Cebgo,BCD-CEB,2023.0,2,437.47200000000004,3.73,5889.59,3532.11,2981.79,612,2170
Philippine Airlines,BCD-CEB,2023.0,2,1075.76,32.5,5889.59,3532.11,2981.79,612,2170
Cebu Pacific,BCD-DVO,2023.0,2,1937.3760000000002,46.42,10000.0,3532.11,5075.55,612,913
AirAsia,BCD-MNL,2023.0,2,13269.24,17.35,3549.97,3532.11,3718.42,612,7262
Cebu Pacific,BCD-MNL,2023.0,2,24744.944,46.42,3549.97,3532.11,3718.42,612,7262
Philippine Airlines,BCD-MNL,2023.0,2,17637.718,32.5,3549.97,3532.11,3718.42,612,7262
Philippine Airlines,BPA-CEB,2023.0,2,430.304,32.5,10000.0,10000.0,2981.79,16,2170
Cebgo,BXU-CEB,2023.0,2,937.44,3.73,10000.0,5014.79,2981.79,298,2170
Cebu Pacific,BXU-MNL,2023.0,2,13723.08,46.42,5477.45,5014.79,3718.42,298,7262
Philippine Airlines,BXU-MNL,2023.0,2,7243.978,32.5,5477.45,5014.79,3718.42,298,7262
Philippine Airlines,CBO-MNL,2023.0,2,3678.15,32.5,10000.0,10000.0,3718.42,57,7262
Philippine Airlines,CBO-TWT,2023.0,2,430.304,32.5,10000.0,10000.0,5831.53,57,46
Cebgo,CEB-BCD,2023.0,2,437.47200000000004,3.73,5975.28,2981.79,3532.11,2170,612
Philippine Airlines,CEB-BCD,2023.0,2,1129.548,32.5,5975.28,2981.79,3532.11,2170,612
Philippine Airlines,CEB-BPA,2023.0,2,430.304,32.5,10000.0,2981.79,10000.0,2170,16
Cebgo,CEB-BXU,2023.0,2,999.936,3.73,10000.0,2981.79,5014.79,2170,298
Philippine Airlines,CEB-CEB,2023.0,2,53.788,32.5,10000.0,2981.79,2981.79,2170,2170
Cebgo,CEB-CGY,2023.0,2,3187.2960000000003,3.73,5010.77,2981.79,3523.08,2170,683
Philippine Airlines,CEB-CGY,2023.0,2,2904.5519999999997,32.5,5010.77,2981.79,3523.08,2170,683
Cebgo,CEB-CRK,2023.0,2,187.488,3.73,10000.0,2981.79,10000.0,2170,6
Cebgo,CEB-CYP,2023.0,2,749.952,3.73,10000.0,2981.79,5069.6,2170,46
Cebu Pacific,CEB-DVO,2023.0,2,5812.128000000001,46.42,5141.82,2981.79,5075.55,2170,913
Philippine Airlines,CEB-DVO,2023.0,2,8166.284000000001,32.5,5141.82,2981.79,5075.55,2170,913
Cebgo,CEB-IAO,2023.0,2,3374.784,3.73,5011.5,2981.79,5377.53,2170,359
Philippine Airlines,CEB-IAO,2023.0,2,3065.9159999999997,32.5,5011.5,2981.79,5377.53,2170,359
Cebgo,CEB-ILO,2023.0,2,3187.2960000000003,3.73,10000.0,2981.79,3078.92,2170,790
AirAsia,CEB-MNL,2023.0,2,16991.1,17.35,3785.57,2981.79,3718.42,2170,7262
Cebu Pacific,CEB-MNL,2023.0,2,40466.159999999996,46.42,3785.57,2981.79,3718.42,2170,7262
Philippine Airlines,CEB-MNL,2023.0,2,23317.098,32.5,3785.57,2981.79,3718.42,2170,7262
Philippine Airlines,CEB-MPH,2023.0,2,3383.898,32.5,10000.0,2981.79,3542.72,2170,703
Cebgo,CEB-PAG,2023.0,2,499.968,3.73,10000.0,2981.79,6931.55,2170,109
Philippine Airlines,CEB-PPS,2023.0,2,3119.7039999999997,32.5,10000.0,2981.79,3505.91,2170,410
Cebgo,CEB-TAC,2023.0,2,1062.432,3.73,5068.75,2981.79,3203.63,2170,569
Philippine Airlines,CEB-TAC,2023.0,2,1344.6999999999998,32.5,5068.75,2981.79,3203.63,2170,569
Cebgo,CEB-USU,2023.0,2,1749.8880000000001,3.73,5028.04,2981.79,5772.65,2170,244
Philippine Airlines,CEB-USU,2023.0,2,1506.0639999999999,32.5,5028.04,2981.79,5772.65,2170,244
Cebgo,CGY-CEB,2023.0,2,3187.2960000000003,3.73,5021.27,3523.08,2981.79,683,2170
Philippine Airlines,CGY-CEB,2023.0,2,2796.9759999999997,32.5,5021.27,3523.08,2981.79,683,2170
Cebgo,CGY-DVO,2023.0,2,749.952,3.73,10000.0,3523.08,5075.55,683,913
AirAsia,CGY-MNL,2023.0,2,4530.96,17.35,4109.56,3523.08,3718.42,683,7262
Cebu Pacific,CGY-MNL,2023.0,2,19510.904,46.42,4109.56,3523.08,3718.42,683,7262
Philippine Airlines,CGY-MNL,2023.0,2,14905.604000000001,32.5,4109.56,3523.08,3718.42,683,7262
Cebgo,CGY-NAN,2023.0,2,62.496,3.73,10000.0,3523.08,4674.48,683,3
Cebgo,CRK-CEB,2023.0,2,187.488,3.73,10000.0,10000.0,2981.79,6,2170
Cebgo,CYP-CEB,2023.0,2,749.952,3.73,10000.0,5069.6,2981.79,46,2170
Philippine Airlines,CYP-MNL,2023.0,2,591.668,32.5,10000.0,5069.6,3718.42,46,7262
Cebu Pacific,CYZ-MNL,2023.0,2,5973.576,46.42,10000.0,10000.0,3718.42,74,7262
Cebu Pacific,DGT-MNL,2023.0,2,8879.640000000001,46.42,5077.37,5215.98,3718.42,227,7262
Philippine Airlines,DGT-MNL,2023.0,2,6914.9220000000005,32.5,5077.37,5215.98,3718.42,227,7262
Cebu Pacific,DPL-MNL,2023.0,2,4359.0960000000005,46.42,5035.89,5028.04,3718.42,105,7262
Philippine Airlines,DPL-MNL,2023.0,2,3678.15,32.5,5035.89,5028.04,3718.42,105,7262
Cebu Pacific,DRP-MNL,2023.0,2,10655.568000000001,46.42,5030.54,5026.43,3718.42,268,7262
Philippine Airlines,DRP-MNL,2023.0,2,9110.738000000001,32.5,5030.54,5026.43,3718.42,268,7262
Cebu Pacific,DVO-BCD,2023.0,2,1937.3760000000002,46.42,10000.0,5075.55,3532.11,913,612
Cebu Pacific,DVO-CEB,2023.0,2,5812.128000000001,46.42,5152.71,5075.55,2981.79,913,2170
Philippine Airlines,DVO-CEB,2023.0,2,8273.86,32.5,5152.71,5075.55,2981.79,913,2170
Cebgo,DVO-CGY,2023.0,2,749.952,3.73,10000.0,5075.55,3523.08,913,683
Cebgo,DVO-IAO,2023.0,2,749.952,3.73,10000.0,5075.55,5377.53,913,359
Cebu Pacific,DVO-MNL,2023.0,2,38456.74,46.42,5547.97,5075.55,3718.42,913,7262
Philippine Airlines,DVO-MNL,2023.0,2,19327.294,32.5,5547.97,5075.55,3718.42,913,7262
Philippine Airlines,DVO-TAG,2023.0,2,1075.76,32.5,10000.0,5075.55,3469.71,913,334
Philippine Airlines,EUQ-MNL,2023.0,2,591.668,32.5,10000.0,10000.0,3718.42,23,7262
Cebu Pacific,GES-MNL,2023.0,2,12343.828,46.42,5133.91,5137.55,3718.42,172,7262
Philippine Airlines,GES-MNL,2023.0,2,8871.856,32.5,5133.91,5137.55,3718.42,172,7262
Cebu Pacific,GES-NAN,2023.0,2,199.64,46.42,10000.0,5137.55,4674.48,172,3
Cebgo,IAO-CEB,2023.0,2,2499.84,3.73,5006.67,5377.53,2981.79,359,2170
Philippine Airlines,IAO-CEB,2023.0,2,2689.3999999999996,32.5,5006.67,5377.53,2981.79,359,2170
Cebgo,IAO-DVO,2023.0,2,749.952,3.73,10000.0,5377.53,5075.55,359,913
Philippine Airlines,IAO-MNL,2023.0,2,2796.9759999999997,32.5,10000.0,5377.53,3718.42,359,7262
Cebgo,ILO-CEB,2023.0,2,3312.288,3.73,10000.0,3078.92,2981.79,790,2170
AirAsia,ILO-MNL,2023.0,2,23364.719999999998,17.35,3453.5,3078.92,3718.42,790,7262
Cebu Pacific,ILO-MNL,2023.0,2,21340.647999999997,46.42,3453.5,3078.92,3718.42,790,7262
Philippine Airlines,ILO-MNL,2023.0,2,14587.622000000001,32.5,3453.5,3078.92,3718.42,790,7262
AirAsia,KLO-MNL,2023.0,2,13431.06,17.35,10000.0,10000.0,3718.42,166,7262
Philippine Airlines,LAO-MNL,2023.0,2,7742.308,32.5,10000.0,10000.0,3718.42,66,7262
AirAsia,MNL-BCD,2023.0,2,8738.279999999999,17.35,3534.3,3718.42,3532.11,7262,612
Cebu Pacific,MNL-BCD,2023.0,2,14728.224,46.42,3534.3,3718.42,3532.11,7262,612
Philippine Airlines,MNL-BCD,2023.0,2,9368.604000000001,32.5,3534.3,3718.42,3532.11,7262,612
Philippine Airlines,MNL-BSO,2023.0,2,1290.9119999999998,32.5,10000.0,3718.42,10000.0,7262,24
Cebu Pacific,MNL-BXU,2023.0,2,13561.632000000001,46.42,5461.02,3718.42,5014.79,7262,298
Philippine Airlines,MNL-BXU,2023.0,2,7243.978,32.5,5461.02,3718.42,5014.79,7262,298
Philippine Airlines,MNL-CBO,2023.0,2,3531.0240000000003,32.5,10000.0,3718.42,10000.0,7262,57
AirAsia,MNL-CEB,2023.0,2,21522.059999999998,17.35,3373.1,3718.42,2981.79,7262,2170
Cebgo,MNL-CEB,2023.0,2,374.976,3.73,3373.1,3718.42,2981.79,7262,2170
Cebu Pacific,MNL-CEB,2023.0,2,30131.752,46.42,3373.1,3718.42,2981.79,7262,2170
Philippine Airlines,MNL-CEB,2023.0,2,23326.59,32.5,3373.1,3718.42,2981.79,7262,2170
AirAsia,MNL-CGY,2023.0,2,4530.96,17.35,4388.18,3718.42,3523.08,7262,683
Cebu Pacific,MNL-CGY,2023.0,2,21677.432,46.42,4388.18,3718.42,3523.08,7262,683
Philippine Airlines,MNL-CGY,2023.0,2,11374.58,32.5,4388.18,3718.42,3523.08,7262,683
Philippine Airlines,MNL-CRM,2023.0,2,645.4559999999999,32.5,10000.0,3718.42,10000.0,7262,12
Philippine Airlines,MNL-CYP,2023.0,2,591.668,32.5,10000.0,3718.42,5069.6,7262,46
Cebu Pacific,MNL-CYZ,2023.0,2,5973.576,46.42,10000.0,3718.42,10000.0,7262,74
Cebu Pacific,MNL-DGT,2023.0,2,12431.496000000001,46.42,5379.36,3718.42,5215.98,7262,227
Philippine Airlines,MNL-DGT,2023.0,2,7062.048000000001,32.5,5379.36,3718.42,5215.98,7262,227
Cebu Pacific,MNL-DPL,2023.0,2,4359.0960000000005,46.42,5021.27,3718.42,5028.04,7262,105
Philippine Airlines,MNL-DPL,2023.0,2,3825.2760000000003,32.5,5021.27,3718.42,5028.04,7262,105
Cebu Pacific,MNL-DRP,2023.0,2,10655.568000000001,46.42,5022.65,3718.42,5026.43,7262,268
Philippine Airlines,MNL-DRP,2023.0,2,9311.652,32.5,5022.65,3718.42,5026.43,7262,268
Cebu Pacific,MNL-DVO,2023.0,2,38456.74,46.42,5547.97,3718.42,5075.55,7262,913
Philippine Airlines,MNL-DVO,2023.0,2,19327.294,32.5,5547.97,3718.42,5075.55,7262,913
Philippine Airlines,MNL-EUQ,2023.0,2,645.4559999999999,32.5,10000.0,3718.42,10000.0,7262,23
Cebu Pacific,MNL-GES,2023.0,2,12743.108,46.42,5128.67,3718.42,5137.55,7262,172
Philippine Airlines,MNL-GES,2023.0,2,9219.896,32.5,5128.67,3718.42,5137.55,7262,172
Philippine Airlines,MNL-IAO,2023.0,2,4410.616,32.5,10000.0,3718.42,5377.53,7262,359
AirAsia,MNL-ILO,2023.0,2,17962.02,17.35,3399.48,3718.42,3078.92,7262,790
Cebu Pacific,MNL-ILO,2023.0,2,23554.048,46.42,3399.48,3718.42,3078.92,7262,790
Philippine Airlines,MNL-ILO,2023.0,2,17436.804,32.5,3399.48,3718.42,3078.92,7262,790
AirAsia,MNL-KLO,2023.0,2,13431.06,17.35,10000.0,3718.42,10000.0,7262,166
Philippine Airlines,MNL-LAO,2023.0,2,3638.6000000000004,32.5,10000.0,3718.42,10000.0,7262,66
Cebgo,MNL-MBT,2023.0,2,62.496,3.73,10000.0,3718.42,10000.0,7262,1
AirAsia,MNL-MPH,2023.0,2,12945.599999999999,17.35,3941.35,3718.42,3542.72,7262,703
Cebu Pacific,MNL-MPH,2023.0,2,22441.272,46.42,3941.35,3718.42,3542.72,7262,703
Philippine Airlines,MNL-MPH,2023.0,2,7634.732,32.5,3941.35,3718.42,3542.72,7262,703
Cebu Pacific,MNL-OZC,2023.0,2,6296.472000000001,46.42,10000.0,3718.42,6258.38,7262,110
Cebu Pacific,MNL-PAG,2023.0,2,4520.544,46.42,10000.0,3718.42,6931.55,7262,109
AirAsia,MNL-PPS,2023.0,2,4530.96,17.35,4151.33,3718.42,3505.91,7262,410
AirSWIFT,MNL-PPS,2023.0,2,62.496,0.0,4151.33,3718.42,3505.91,7262,410
Cebu Pacific,MNL-PPS,2023.0,2,11924.584,46.42,4151.33,3718.42,3505.91,7262,410
Philippine Airlines,MNL-PPS,2023.0,2,4451.7480000000005,32.5,4151.33,3718.42,3505.91,7262,410
AirAsia,MNL-TAC,2023.0,2,8900.1,17.35,3408.76,3718.42,3203.63,7262,569
Cebu Pacific,MNL-TAC,2023.0,2,8233.848,46.42,3408.76,3718.42,3203.63,7262,569
Philippine Airlines,MNL-TAC,2023.0,2,11564.42,32.5,3408.76,3718.42,3203.63,7262,569
AirAsia,MNL-TAG,2023.0,2,9223.74,17.35,3465.08,3718.42,3469.71,7262,334
Cebu Pacific,MNL-TAG,2023.0,2,5589.92,46.42,3465.08,3718.42,3469.71,7262,334
Philippine Airlines,MNL-TAG,2023.0,2,7626.822,32.5,3465.08,3718.42,3469.71,7262,334
Cebu Pacific,MNL-TUG,2023.0,2,8879.640000000001,46.42,10000.0,3718.42,10000.0,7262,107
Cebgo,MNL-USU,2023.0,2,1749.8880000000001,3.73,9421.36,3718.42,5772.65,7262,244
Philippine Airlines,MNL-USU,2023.0,2,53.788,32.5,9421.36,3718.42,5772.65,7262,244
Cebu Pacific,MNL-VRC,2023.0,2,4520.544,46.42,10000.0,3718.42,10000.0,7262,55
Cebgo,MNL-WNP,2023.0,2,2999.808,3.73,10000.0,3718.42,10000.0,7262,94
Philippine Airlines,MPH-CEB,2023.0,2,3383.898,32.5,10000.0,3542.72,2981.79,703,2170
AirAsia,MPH-MNL,2023.0,2,17476.559999999998,17.35,3553.88,3542.72,3718.42,703,7262
Cebu Pacific,MPH-MNL,2023.0,2,26638.920000000002,46.42,3553.88,3542.72,3718.42,703,7262
Philippine Airlines,MPH-MNL,2023.0,2,14843.906,32.5,3553.88,3542.72,3718.42,703,7262
Philippine Airlines,NAN-MNL,2023.0,2,53.788,32.5,10000.0,4674.48,3718.42,3,7262
Cebgo,OZC-CEB,2023.0,2,624.96,3.73,10000.0,6258.38,2981.79,110,2170
Cebu Pacific,OZC-MNL,2023.0,2,6296.472000000001,46.42,5515.05,6258.38,3718.42,110,7262
Philippine Airlines,OZC-MNL,2023.0,2,3236.772,32.5,5515.05,6258.38,3718.42,110,7262
Cebgo,PAG-CEB,2023.0,2,2062.368,3.73,10000.0,6931.55,2981.79,109,2170
Cebu Pacific,PAG-MNL,2023.0,2,6457.92,46.42,10000.0,6931.55,3718.42,109,7262
Philippine Airlines,PPS-CEB,2023.0,2,1452.2759999999998,32.5,10000.0,3505.91,2981.79,410,2170
AirAsia,PPS-MNL,2023.0,2,9061.92,17.35,3412.08,3505.91,3718.42,410,7262
Cebu Pacific,PPS-MNL,2023.0,2,12039.16,46.42,3412.08,3505.91,3718.42,410,7262
Philippine Airlines,PPS-MNL,2023.0,2,13250.832,32.5,3412.08,3505.91,3718.42,410,7262
Cebu Pacific,PPS-PPS,2023.0,2,199.64,46.42,10000.0,3505.91,3505.91,410,410
AirAsia,RXS-MNL,2023.0,2,1941.84,17.35,3610.05,3610.05,3718.42,63,7262
Cebu Pacific,RXS-MNL,2023.0,2,4036.2000000000003,46.42,3610.05,3610.05,3718.42,63,7262
Philippine Airlines,RXS-MNL,2023.0,2,3825.2760000000003,32.5,3610.05,3610.05,3718.42,63,7262
Cebgo,SUG-CEB,2023.0,2,312.48,3.73,10000.0,10000.0,2981.79,5,2170
Cebgo,TAC-CEB,2023.0,2,687.456,3.73,5696.37,3203.63,2981.79,569,2170
Philippine Airlines,TAC-CEB,2023.0,2,1506.0639999999999,32.5,5696.37,3203.63,2981.79,569,2170
AirAsia,TAC-MNL,2023.0,2,17553.12,17.35,3511.78,3203.63,3718.42,569,7262
Cebu Pacific,TAC-MNL,2023.0,2,20181.0,46.42,3511.78,3203.63,3718.42,569,7262
Philippine Airlines,TAC-MNL,2023.0,2,11192.65,32.5,3511.78,3203.63,3718.42,569,7262
Philippine Airlines,TAG-DVO,2023.0,2,1021.972,32.5,10000.0,3469.71,5075.55,334,913
AirAsia,TAG-MNL,2023.0,2,4530.96,17.35,4335.33,3469.71,3718.42,334,7262
Cebu Pacific,TAG-MNL,2023.0,2,16931.208,46.42,4335.33,3469.71,3718.42,334,7262
Philippine Airlines,TAG-MNL,2023.0,2,7479.696,32.5,4335.33,3469.71,3718.42,334,7262
Cebu Pacific,TUG-MNL,2023.0,2,8395.296,46.42,10000.0,10000.0,3718.42,107,7262
Cebgo,USU-CEB,2023.0,2,1749.8880000000001,3.73,5028.04,5772.65,2981.79,244,2170
Philippine Airlines,USU-CEB,2023.0,2,1506.0639999999999,32.5,5028.04,5772.65,2981.79,244,2170
Cebgo,USU-MNL,2023.0,2,4874.688,3.73,6610.72,5772.65,3718.42,244,7262
Philippine Airlines,USU-MNL,2023.0,2,1344.6999999999998,32.5,6610.72,5772.65,3718.42,244,7262
Cebu Pacific,VRC-MNL,2023.0,2,4359.0960000000005,46.42,10000.0,10000.0,3718.42,55,7262
Cebgo,WNP-MNL,2023.0,2,2874.8160000000003,3.73,10000.0,10000.0,3718.42,94,7262
Philippine Airlines,ZAM-CEB,2023.0,2,1344.6999999999998,32.5,10000.0,5461.3,2981.79,180,2170
Cebu Pacific,ZAM-MNL,2023.0,2,12308.24,46.42,5551.41,5461.3,3718.42,180,7262
Philippine Airlines,ZAM-MNL,2023.0,2,6171.3820000000005,32.5,5551.41,5461.3,3718.42,180,7262
Cebu Pacific,ZAM-TWT,2023.0,2,4520.544,46.42,6294.94,5461.3,5831.53,180,46
Philippine Airlines,ZAM-TWT,2023.0,2,1471.26,32.5,6294.94,5461.3,5831.53,180,46
Philippine Airlines,BCD-CEB,2023.0,3,484.092,32.71,10000.0,3520.78,2837.27,643,2319
Cebu Pacific,BCD-DVO,2023.0,3,2271.06,43.9,10000.0,3520.78,5018.3,643,932
AirAsia,BCD-MNL,2023.0,3,14887.439999999999,19.06,3450.34,3520.78,3549.39,643,7865
Cebu Pacific,BCD-MNL,2023.0,3,23353.66,43.9,3450.34,3520.78,3549.39,643,7865
Philippine Airlines,BCD-MNL,2023.0,3,17884.510000000002,32.71,3450.34,3520.78,3549.39,643,7865
Philippine Airlines,BPA-CEB,2023.0,3,484.092,32.71,10000.0,10000.0,2837.27,18,2319
Cebgo,BXU-CEB,2023.0,3,1113.552,4.31,10000.0,4710.04,2837.27,286,2319
Cebu Pacific,BXU-MNL,2023.0,3,11355.3,43.9,5286.54,4710.04,3549.39,286,7865
Philippine Airlines,BXU-MNL,2023.0,3,6968.71,32.71,5286.54,4710.04,3549.39,286,7865
Philippine Airlines,CBO-MNL,2023.0,3,4119.528,32.71,10000.0,10000.0,3549.39,64,7865
Philippine Airlines,CBO-TWT,2023.0,3,430.304,32.71,10000.0,10000.0,5557.97,64,52
Philippine Airlines,CEB-BCD,2023.0,3,537.88,32.71,10000.0,2837.27,3520.78,2319,643
Philippine Airlines,CEB-BPA,2023.0,3,484.092,32.71,10000.0,2837.27,10000.0,2319,18
Cebgo,CEB-BXU,2023.0,3,1172.1599999999999,4.31,10000.0,2837.27,4710.04,2319,286
Cebgo,CEB-CGY,2023.0,3,4747.248,4.31,5495.35,2837.27,3345.57,2319,752
Philippine Airlines,CEB-CGY,2023.0,3,2474.248,32.71,5495.35,2837.27,3345.57,2319,752
Cebgo,CEB-CRK,2023.0,3,117.216,4.31,10000.0,2837.27,3364.15,2319,6
Cebgo,CEB-CYP,2023.0,3,879.12,4.31,10000.0,2837.27,5117.45,2319,54
Cebgo,CEB-DGT,2023.0,3,58.608,4.31,10000.0,2837.27,5071.48,2319,199
Cebu Pacific,CEB-DVO,2023.0,3,6510.371999999999,43.9,5105.82,2837.27,5018.3,2319,932
Philippine Airlines,CEB-DVO,2023.0,3,4856.74,32.71,5105.82,2837.27,5018.3,2319,932
Cebgo,CEB-IAO,2023.0,3,3575.0879999999997,4.31,5017.71,2837.27,5369.84,2319,392
Philippine Airlines,CEB-IAO,2023.0,3,3173.4919999999997,32.71,5017.71,2837.27,5369.84,2319,392
Cebgo,CEB-ILO,2023.0,3,2637.3599999999997,4.31,9608.25,2837.27,3101.43,2319,839
Philippine Airlines,CEB-ILO,2023.0,3,53.788,32.71,9608.25,2837.27,3101.43,2319,839
AirAsia,CEB-MNL,2023.0,3,19903.86,19.06,3665.68,2837.27,3549.39,2319,7865
Cebu Pacific,CEB-MNL,2023.0,3,40483.476,43.9,3665.68,2837.27,3549.39,2319,7865
Philippine Airlines,CEB-MNL,2023.0,3,24047.982,32.71,3665.68,2837.27,3549.39,2319,7865
Cebu Pacific,CEB-MPH,2023.0,3,1362.636,43.9,5036.8,2837.27,3362.16,2319,812
Philippine Airlines,CEB-MPH,2023.0,3,1618.386,32.71,5036.8,2837.27,3362.16,2319,812
Cebgo,CEB-NAN,2023.0,3,117.216,4.31,10000.0,2837.27,3743.37,2319,6
Cebgo,CEB-PAG,2023.0,3,586.0799999999999,4.31,10000.0,2837.27,7200.59,2319,134
Cebu Pacific,CEB-PPS,2023.0,3,454.212,43.9,7940.45,2837.27,3435.2,2319,438
Philippine Airlines,CEB-PPS,2023.0,3,3442.432,32.71,7940.45,2837.27,3435.2,2319,438
Cebgo,CEB-TAC,2023.0,3,879.12,4.31,5389.5,2837.27,3200.44,2319,608
Philippine Airlines,CEB-TAC,2023.0,3,1559.8519999999999,32.71,5389.5,2837.27,3200.44,2319,608
Cebgo,CEB-USU,2023.0,3,1699.6319999999998,4.31,5000.46,2837.27,5854.84,2319,273
Philippine Airlines,CEB-USU,2023.0,3,1667.4279999999999,32.71,5000.46,2837.27,5854.84,2319,273
Cebgo,CGY-CEB,2023.0,3,4747.248,4.31,5526.89,3345.57,2837.27,752,2319
Philippine Airlines,CGY-CEB,2023.0,3,2420.46,32.71,5526.89,3345.57,2837.27,752,2319
Cebgo,CGY-DVO,2023.0,3,820.512,4.31,10000.0,3345.57,5018.3,752,932
AirAsia,CGY-MNL,2023.0,3,5016.42,19.06,4089.93,3345.57,3549.39,752,7865
Cebu Pacific,CGY-MNL,2023.0,3,19827.412,43.9,4089.93,3345.57,3549.39,752,7865
Philippine Airlines,CGY-MNL,2023.0,3,13325.186,32.71,4089.93,3345.57,3549.39,752,7865
Cebgo,CGY-NAN,2023.0,3,58.608,4.31,10000.0,3345.57,3743.37,752,6
Cebgo,CRK-CEB,2023.0,3,117.216,4.31,10000.0,3364.15,2837.27,6,2319
AirAsia,CRK-MNL,2023.0,3,200.1,19.06,5005.53,3364.15,3549.39,6,7865
Cebu Pacific,CRK-MNL,2023.0,3,187.22,43.9,5005.53,3364.15,3549.39,6,7865
Cebgo,CYP-CEB,2023.0,3,879.12,4.31,10000.0,5117.45,2837.27,54,2319
Philippine Airlines,CYP-MNL,2023.0,3,645.4559999999999,32.71,10000.0,5117.45,3549.39,54,7865
Cebu Pacific,CYZ-MNL,2023.0,3,4390.716,43.9,10000.0,10000.0,3549.39,59,7865
Cebu Pacific,DGT-MNL,2023.0,3,6056.16,43.9,5005.55,5071.48,3549.39,199,7865
Philippine Airlines,DGT-MNL,2023.0,3,6473.544,32.71,5005.55,5071.48,3549.39,199,7865
Cebu Pacific,DPL-MNL,2023.0,3,3936.504,43.9,5002.58,5000.81,3549.39,111,7865
Philippine Airlines,DPL-MNL,2023.0,3,4119.528,32.71,5002.58,5000.81,3549.39,111,7865
Cebu Pacific,DRP-MNL,2023.0,3,10446.876,43.9,5000.0,5000.48,3549.39,290,7865
Philippine Airlines,DRP-MNL,2023.0,3,10449.11,32.71,5000.0,5000.48,3549.39,290,7865
Cebu Pacific,DVO-BCD,2023.0,3,2271.06,43.9,10000.0,5018.3,3520.78,932,643
Cebu Pacific,DVO-CEB,2023.0,3,6358.968,43.9,5082.6,5018.3,2837.27,932,2319
Philippine Airlines,DVO-CEB,2023.0,3,4910.528,32.71,5082.6,5018.3,2837.27,932,2319
Cebgo,DVO-CGY,2023.0,3,879.12,4.31,10000.0,5018.3,3345.57,932,752
Cebgo,DVO-IAO,2023.0,3,879.12,4.31,10000.0,5018.3,5369.84,932,392
Cebu Pacific,DVO-MNL,2023.0,3,35273.876,43.9,5273.68,5018.3,3549.39,932,7865
Philippine Airlines,DVO-MNL,2023.0,3,21898.044,32.71,5273.68,5018.3,3549.39,932,7865
Philippine Airlines,DVO-TAG,2023.0,3,914.396,32.71,10000.0,5018.3,3384.99,932,369
Philippine Airlines,EUQ-MNL,2023.0,3,591.668,32.71,10000.0,10000.0,3549.39,24,7865
Cebu Pacific,GES-MNL,2023.0,3,11639.386,43.9,5010.59,5012.13,3549.39,185,7865
Philippine Airlines,GES-MNL,2023.0,3,10615.220000000001,32.71,5010.59,5012.13,3549.39,185,7865
Cebgo,IAO-CEB,2023.0,3,2637.3599999999997,4.31,5028.23,5369.84,2837.27,392,2319
Philippine Airlines,IAO-CEB,2023.0,3,3065.9159999999997,32.71,5028.23,5369.84,2837.27,392,2319
Cebgo,IAO-DVO,2023.0,3,820.512,4.31,10000.0,5369.84,5018.3,392,932
Philippine Airlines,IAO-IAO,2023.0,3,53.788,32.71,10000.0,5369.84,5369.84,392,392
Philippine Airlines,IAO-MNL,2023.0,3,2743.1879999999996,32.71,10000.0,5369.84,3549.39,392,7865
Cebgo,ILO-CEB,2023.0,3,2695.968,4.31,10000.0,3101.43,2837.27,839,2319
AirAsia,ILO-MNL,2023.0,3,25353.539999999997,19.06,3425.36,3101.43,3549.39,839,7865
Cebu Pacific,ILO-MNL,2023.0,3,19571.816,43.9,3425.36,3101.43,3549.39,839,7865
Philippine Airlines,ILO-MNL,2023.0,3,17158.372,32.71,3425.36,3101.43,3549.39,839,7865
AirAsia,KLO-MNL,2023.0,3,15049.26,19.06,9088.0,9088.0,3549.39,196,7865
Cebu Pacific,KLO-MNL,2023.0,3,757.02,43.9,9088.0,9088.0,3549.39,196,7865
Philippine Airlines,LAO-MNL,2023.0,3,8547.546,32.71,10000.0,10000.0,3549.39,75,7865
AirAsia,MNL-BCD,2023.0,3,10032.84,19.06,3457.19,3549.39,3520.78,7865,643
Cebu Pacific,MNL-BCD,2023.0,3,15210.404,43.9,3457.19,3549.39,3520.78,7865,643
Philippine Airlines,MNL-BCD,2023.0,3,10661.098,32.71,3457.19,3549.39,3520.78,7865,643
Philippine Airlines,MNL-BSO,2023.0,3,1613.6399999999999,32.71,10000.0,3549.39,10000.0,7865,30
Cebu Pacific,MNL-BXU,2023.0,3,11355.3,43.9,5263.39,3549.39,4710.04,7865,286
Philippine Airlines,MNL-BXU,2023.0,3,7115.836,32.71,5263.39,3549.39,4710.04,7865,286
Philippine Airlines,MNL-CBO,2023.0,3,4119.528,32.71,10000.0,3549.39,10000.0,7865,64
AirAsia,MNL-CEB,2023.0,3,25082.1,19.06,3309.31,3549.39,2837.27,7865,2319
Cebgo,MNL-CEB,2023.0,3,761.904,4.31,3309.31,3549.39,2837.27,7865,2319
Cebu Pacific,MNL-CEB,2023.0,3,30660.124,43.9,3309.31,3549.39,2837.27,7865,2319
Philippine Airlines,MNL-CEB,2023.0,3,24193.526,32.71,3309.31,3549.39,2837.27,7865,2319
AirAsia,MNL-CGY,2023.0,3,4854.599999999999,19.06,4529.89,3549.39,3345.57,7865,752
Cebu Pacific,MNL-CGY,2023.0,3,22428.956,43.9,4529.89,3549.39,3345.57,7865,752
Philippine Airlines,MNL-CGY,2023.0,3,9779.924,32.71,4529.89,3549.39,3345.57,7865,752
Philippine Airlines,MNL-CRM,2023.0,3,645.4559999999999,32.71,10000.0,3549.39,10000.0,7865,12
Philippine Airlines,MNL-CYP,2023.0,3,645.4559999999999,32.71,10000.0,3549.39,5117.45,7865,54
Cebu Pacific,MNL-CYZ,2023.0,3,4542.12,43.9,10000.0,3549.39,10000.0,7865,59
Cebu Pacific,MNL-DGT,2023.0,3,10749.684,43.9,5335.49,3549.39,5071.48,7865,199
Philippine Airlines,MNL-DGT,2023.0,3,6326.418000000001,32.71,5335.49,3549.39,5071.48,7865,199
Cebu Pacific,MNL-DPL,2023.0,3,4239.312,43.9,5000.05,3549.39,5000.81,7865,111
Philippine Airlines,MNL-DPL,2023.0,3,4266.654,32.71,5000.05,3549.39,5000.81,7865,111
Cebu Pacific,MNL-DRP,2023.0,3,9992.664,43.9,5001.95,3549.39,5000.48,7865,290
Philippine Airlines,MNL-DRP,2023.0,3,10395.322,32.71,5001.95,3549.39,5000.48,7865,290
Cebu Pacific,MNL-DVO,2023.0,3,34899.436,43.9,5263.72,3549.39,5018.3,7865,932
Philippine Airlines,MNL-DVO,2023.0,3,21863.24,32.71,5263.72,3549.39,5018.3,7865,932
Philippine Airlines,MNL-EUQ,2023.0,3,699.2439999999999,32.71,10000.0,3549.39,10000.0,7865,24
Cebu Pacific,MNL-GES,2023.0,3,11790.789999999999,43.9,5013.76,3549.39,5012.13,7865,185
Philippine Airlines,MNL-GES,2023.0,3,10615.220000000001,32.71,5013.76,3549.39,5012.13,7865,185
Philippine Airlines,MNL-IAO,2023.0,3,4733.344,32.71,10000.0,3549.39,5369.84,7865,392
AirAsia,MNL-ILO,2023.0,3,19742.04,19.06,3338.5,3549.39,3101.43,7865,839
Cebu Pacific,MNL-ILO,2023.0,3,20934.452,43.9,3338.5,3549.39,3101.43,7865,839
Philippine Airlines,MNL-ILO,2023.0,3,19034.624,32.71,3338.5,3549.39,3101.43,7865,839
AirAsia,MNL-KLO,2023.0,3,15049.26,19.06,9088.0,3549.39,9088.0,7865,196
Cebu Pacific,MNL-KLO,2023.0,3,757.02,43.9,9088.0,3549.39,9088.0,7865,196
Philippine Airlines,MNL-LAO,2023.0,3,4296.712,32.71,10000.0,3549.39,10000.0,7865,75
Philippine Airlines,MNL-MNL,2023.0,3,107.576,32.71,10000.0,3549.39,3549.39,7865,7865
AirAsia,MNL-MPH,2023.0,3,14725.619999999999,19.06,3484.56,3549.39,3362.16,7865,812
Cebgo,MNL-MPH,2023.0,3,1816.848,4.31,3484.56,3549.39,3362.16,7865,812
Cebu Pacific,MNL-MPH,2023.0,3,21802.176,43.9,3484.56,3549.39,3362.16,7865,812
Philippine Airlines,MNL-MPH,2023.0,3,8697.836,32.71,3484.56,3549.39,3362.16,7865,812
AirAsia,MNL-NAN,2023.0,3,323.64,19.06,5657.28,3549.39,3743.37,7865,6
Cebu Pacific,MNL-NAN,2023.0,3,151.404,43.9,5657.28,3549.39,3743.37,7865,6
Cebu Pacific,MNL-OZC,2023.0,3,6056.16,43.9,10000.0,3549.39,5305.72,7865,132
Cebu Pacific,MNL-PAG,2023.0,3,4390.716,43.9,10000.0,3549.39,7200.59,7865,134
AirAsia,MNL-PPS,2023.0,3,5016.42,19.06,3882.62,3549.39,3435.2,7865,438
AirSWIFT,MNL-PPS,2023.0,3,117.216,0.01,3882.62,3549.39,3435.2,7865,438
Cebu Pacific,MNL-PPS,2023.0,3,10684.564,43.9,3882.62,3549.39,3435.2,7865,438
Philippine Airlines,MNL-PPS,2023.0,3,4397.96,32.71,3882.62,3549.39,3435.2,7865,438
AirAsia,MNL-TAC,2023.0,3,9547.38,19.06,3379.56,3549.39,3200.44,7865,608
Cebu Pacific,MNL-TAC,2023.0,3,8478.624,43.9,3379.56,3549.39,3200.44,7865,608
Philippine Airlines,MNL-TAC,2023.0,3,11270.168,32.71,3379.56,3549.39,3200.44,7865,608
AirAsia,MNL-TAG,2023.0,3,10032.84,19.06,3541.81,3549.39,3384.99,7865,369
Cebu Pacific,MNL-TAG,2023.0,3,5294.256,43.9,3541.81,3549.39,3384.99,7865,369
Philippine Airlines,MNL-TAG,2023.0,3,8884.512,32.71,3541.81,3549.39,3384.99,7865,369
Cebu Pacific,MNL-TUG,2023.0,3,8175.816,43.9,10000.0,3549.39,10000.0,7865,113
Cebgo,MNL-USU,2023.0,3,1875.456,4.31,10000.0,3549.39,5854.84,7865,273
Cebu Pacific,MNL-VRC,2023.0,3,3785.1,43.9,10000.0,3549.39,10000.0,7865,50
Cebgo,MNL-WNP,2023.0,3,3223.44,4.31,10000.0,3549.39,10000.0,7865,108
Cebu Pacific,MPH-CEB,2023.0,3,1362.636,43.9,5036.8,3362.16,2837.27,812,2319
Philippine Airlines,MPH-CEB,2023.0,3,1618.386,32.71,5036.8,3362.16,2837.27,812,2319
AirAsia,MPH-MNL,2023.0,3,19580.219999999998,19.06,3317.75,3362.16,3549.39,812,7865
Cebgo,MPH-MNL,2023.0,3,1816.848,4.31,3317.75,3362.16,3549.39,812,7865
Cebu Pacific,MPH-MNL,2023.0,3,26495.7,43.9,3317.75,3362.16,3549.39,812,7865
Philippine Airlines,MPH-MNL,2023.0,3,15117.592,32.71,3317.75,3362.16,3549.39,812,7865
Cebgo,OZC-CEB,2023.0,3,1347.984,4.31,10000.0,5305.72,2837.27,132,2319
Cebu Pacific,OZC-MNL,2023.0,3,6056.16,43.9,5150.26,5305.72,3549.39,132,7865
Philippine Airlines,OZC-MNL,2023.0,3,4266.654,32.71,5150.26,5305.72,3549.39,132,7865
Cebgo,PAG-CEB,2023.0,3,2109.888,4.31,10000.0,7200.59,2837.27,134,2319
Cebu Pacific,PAG-MNL,2023.0,3,8932.836,43.9,10000.0,7200.59,3549.39,134,7865
Cebu Pacific,PPS-CEB,2023.0,3,454.212,43.9,6634.94,3435.2,2837.27,438,2319
Philippine Airlines,PPS-CEB,2023.0,3,1667.4279999999999,32.71,6634.94,3435.2,2837.27,438,2319
AirAsia,PPS-MNL,2023.0,3,10032.84,19.06,3387.18,3435.2,3549.39,438,7865
Cebu Pacific,PPS-MNL,2023.0,3,11433.444,43.9,3387.18,3435.2,3549.39,438,7865
Philippine Airlines,PPS-MNL,2023.0,3,13646.332,32.71,3387.18,3435.2,3549.39,438,7865
AirAsia,RXS-MNL,2023.0,3,2103.66,19.06,3619.01,3619.01,3549.39,71,7865
Cebu Pacific,RXS-MNL,2023.0,3,4390.716,43.9,3619.01,3619.01,3549.39,71,7865
Philippine Airlines,RXS-MNL,2023.0,3,4266.654,32.71,3619.01,3619.01,3549.39,71,7865
Cebgo,SUG-CEB,2023.0,3,234.432,4.31,10000.0,10000.0,2837.27,4,2319
Cebgo,TAC-CEB,2023.0,3,1054.944,4.31,5125.57,3200.44,2837.27,608,2319
Philippine Airlines,TAC-CEB,2023.0,3,1452.2759999999998,32.71,5125.57,3200.44,2837.27,608,2319
AirAsia,TAC-MNL,2023.0,3,18932.94,19.06,3546.66,3200.44,3549.39,608,7865
Cebu Pacific,TAC-MNL,2023.0,3,20590.944,43.9,3546.66,3200.44,3549.39,608,7865
Philippine Airlines,TAC-MNL,2023.0,3,10863.594000000001,32.71,3546.66,3200.44,3549.39,608,7865
Philippine Airlines,TAG-DVO,2023.0,3,914.396,32.71,10000.0,3384.99,5018.3,369,932
AirAsia,TAG-MNL,2023.0,3,5987.34,19.06,3933.16,3384.99,3549.39,369,7865
Cebu Pacific,TAG-MNL,2023.0,3,16507.92,43.9,3933.16,3384.99,3549.39,369,7865
Philippine Airlines,TAG-MNL,2023.0,3,8884.512,32.71,3933.16,3384.99,3549.39,369,7865
Cebu Pacific,TUG-MNL,2023.0,3,8932.836,43.9,10000.0,10000.0,3549.39,113,7865
Cebgo,USU-CEB,2023.0,3,2285.712,4.31,5211.39,5854.84,2837.27,273,2319
Philippine Airlines,USU-CEB,2023.0,3,1506.0639999999999,32.71,5211.39,5854.84,2837.27,273,2319
Cebgo,USU-MNL,2023.0,3,5157.504,4.31,6643.77,5854.84,3549.39,273,7865
Philippine Airlines,USU-MNL,2023.0,3,1398.4879999999998,32.71,6643.77,5854.84,3549.39,273,7865
Cebu Pacific,VRC-MNL,2023.0,3,3785.1,43.9,10000.0,10000.0,3549.39,50,7865
Cebgo,WNP-MNL,2023.0,3,3106.2239999999997,4.31,10000.0,10000.0,3549.39,108,7865
Philippine Airlines,ZAM-CEB,2023.0,3,1398.4879999999998,32.71,10000.0,5459.31,2837.27,193,2319
Cebu Pacific,ZAM-MNL,2023.0,3,12566.532,43.9,5646.36,5459.31,3549.39,193,7865
Philippine Airlines,ZAM-MNL,2023.0,3,5919.844,32.71,5646.36,5459.31,3549.39,193,7865
Cebu Pacific,ZAM-TWT,2023.0,3,4693.523999999999,43.9,5886.01,5459.31,5557.97,193,52
Philippine Airlines,ZAM-TWT,2023.0,3,1912.6380000000001,32.71,5886.01,5459.31,5557.97,193,52
Philippine Airlines,BCD-CEB,2023.0,4,268.94,32.96,10000.0,3564.44,2992.08,570,2528
Cebu Pacific,BCD-DVO,2023.0,4,3117.3599999999997,44.44,10000.0,3564.44,4775.03,570,958
AirAsia,BCD-MNL,2023.0,4,13585.439999999999,17.83,3442.67,3564.44,3587.44,570,7637
Cebu Pacific,BCD-MNL,2023.0,4,20849.440000000002,44.44,3442.67,3564.44,3587.44,570,7637
Philippine Airlines,BCD-MNL,2023.0,4,15843.73,32.96,3442.67,3564.44,3587.44,570,7637
Philippine Airlines,BPA-CEB,2023.0,4,376.51599999999996,32.96,10000.0,10000.0,2992.08,15,2528
Cebgo,BXU-CEB,2023.0,4,1568.7359999999999,4.77,10000.0,4996.56,2992.08,298,2528
Cebu Pacific,BXU-MNL,2023.0,4,13248.779999999999,44.44,5782.44,4996.56,3587.44,298,7637
Philippine Airlines,BXU-MNL,2023.0,4,5737.914,32.96,5782.44,4996.56,3587.44,298,7637
Philippine Airlines,CBO-MNL,2023.0,4,2354.016,32.96,10000.0,10000.0,3587.44,40,7637
Philippine Airlines,CBO-TWT,2023.0,4,376.51599999999996,32.96,10000.0,10000.0,6256.22,40,45
Philippine Airlines,CEB-BCD,2023.0,4,376.51599999999996,32.96,10000.0,2992.08,3564.44,2528,570
Philippine Airlines,CEB-BPA,2023.0,4,430.304,32.96,10000.0,2992.08,10000.0,2528,15
Cebgo,CEB-BXU,2023.0,4,1568.7359999999999,4.77,10000.0,2992.08,4996.56,2528,298
Cebgo,CEB-CEB,2023.0,4,120.672,4.77,5048.79,2992.08,2992.08,2528,2528
Philippine Airlines,CEB-CEB,2023.0,4,147.126,32.96,5048.79,2992.08,2992.08,2528,2528
Cebgo,CEB-CGY,2023.0,4,5671.584,4.77,6257.9,2992.08,3227.75,2528,710
Philippine Airlines,CEB-CGY,2023.0,4,1882.58,32.96,6257.9,2992.08,3227.75,2528,710
Cebgo,CEB-CRK,2023.0,4,603.36,4.77,10000.0,2992.08,3406.77,2528,60
Cebgo,CEB-CYP,2023.0,4,1146.384,4.77,10000.0,2992.08,5323.74,2528,60
Cebgo,CEB-DGT,2023.0,4,120.672,4.77,10000.0,2992.08,4974.46,2528,176
Cebu Pacific,CEB-DVO,2023.0,4,6115.724,44.44,5076.6,2992.08,4775.03,2528,958
Philippine Airlines,CEB-DVO,2023.0,4,7843.5560000000005,32.96,5076.6,2992.08,4775.03,2528,958
Cebgo,CEB-IAO,2023.0,4,3620.16,4.77,5108.8,2992.08,5365.77,2528,381
Philippine Airlines,CEB-IAO,2023.0,4,2689.3999999999996,32.96,5108.8,2992.08,5365.77,2528,381
Cebgo,CEB-ILO,2023.0,4,3016.7999999999997,4.77,10000.0,2992.08,3066.65,2528,789
AirAsia,CEB-MNL,2023.0,4,18371.22,17.83,3762.86,2992.08,3587.44,2528,7637
Cebu Pacific,CEB-MNL,2023.0,4,47130.796,44.44,3762.86,2992.08,3587.44,2528,7637
Philippine Airlines,CEB-MNL,2023.0,4,32622.422000000002,32.96,3762.86,2992.08,3587.44,2528,7637
Cebu Pacific,CEB-MPH,2023.0,4,4676.04,44.44,6358.93,2992.08,3430.74,2528,846
Philippine Airlines,CEB-MPH,2023.0,4,1471.26,32.96,6358.93,2992.08,3430.74,2528,846
Cebgo,CEB-OZC,2023.0,4,60.336,4.77,10000.0,2992.08,6313.5,2528,133
Cebgo,CEB-PAG,2023.0,4,784.3679999999999,4.77,10000.0,2992.08,6655.58,2528,134
Cebu Pacific,CEB-PPS,2023.0,4,1714.548,44.44,5063.88,2992.08,3636.72,2528,426
Philippine Airlines,CEB-PPS,2023.0,4,2151.52,32.96,5063.88,2992.08,3636.72,2528,426
Cebgo,CEB-TAC,2023.0,4,1689.408,4.77,5528.18,2992.08,3187.24,2528,539
Philippine Airlines,CEB-TAC,2023.0,4,860.608,32.96,5528.18,2992.08,3187.24,2528,539
Cebgo,CEB-USU,2023.0,4,1749.744,4.77,5062.24,2992.08,5477.33,2528,285
Philippine Airlines,CEB-USU,2023.0,4,1398.4879999999998,32.96,5062.24,2992.08,5477.33,2528,285
Cebgo,CGY-CEB,2023.0,4,5671.584,4.77,6312.5,3227.75,2992.08,710,2528
Philippine Airlines,CGY-CEB,2023.0,4,1828.792,32.96,6312.5,3227.75,2992.08,710,2528
Cebgo,CGY-DVO,2023.0,4,1146.384,4.77,10000.0,3227.75,4775.03,710,958
AirAsia,CGY-MNL,2023.0,4,4631.4,17.83,4025.19,3227.75,3587.44,710,7637
Cebu Pacific,CGY-MNL,2023.0,4,17170.62,44.44,4025.19,3227.75,3587.44,710,7637
Philippine Airlines,CGY-MNL,2023.0,4,12118.12,32.96,4025.19,3227.75,3587.44,710,7637
Cebgo,CRK-CEB,2023.0,4,603.36,4.77,6736.99,3406.77,2992.08,60,2528
Cebu Pacific,CRK-CEB,2023.0,4,155.868,44.44,6736.99,3406.77,2992.08,60,2528
Philippine Airlines,CRK-MNL,2023.0,4,147.126,32.96,10000.0,3406.77,3587.44,60,7637
Cebu Pacific,CRK-MPH,2023.0,4,779.3399999999999,44.44,10000.0,3406.77,3430.74,60,846
Philippine Airlines,CRK-USU,2023.0,4,753.0319999999999,32.96,10000.0,3406.77,5477.33,60,285
Cebgo,CYP-CEB,2023.0,4,1025.712,4.77,10000.0,5323.74,2992.08,60,2528
Philippine Airlines,CYP-MNL,2023.0,4,591.668,32.96,10000.0,5323.74,3587.44,60,7637
Cebu Pacific,CYZ-MNL,2023.0,4,4676.04,44.44,10000.0,10000.0,3587.44,60,7637
Cebu Pacific,DGT-MNL,2023.0,4,4052.5679999999998,44.44,5366.58,4974.46,3587.44,176,7637
Philippine Airlines,DGT-MNL,2023.0,4,7062.048000000001,32.96,5366.58,4974.46,3587.44,176,7637
Cebu Pacific,DPL-MNL,2023.0,4,4208.436,44.44,5022.61,5046.68,3587.44,103,7637
Philippine Airlines,DPL-MNL,2023.0,4,3678.15,32.96,5022.61,5046.68,3587.44,103,7637
Cebu Pacific,DRP-MNL,2023.0,4,9507.948,44.44,5039.76,5036.83,3587.44,260,7637
Philippine Airlines,DRP-MNL,2023.0,4,7951.1320000000005,32.96,5039.76,5036.83,3587.44,260,7637
Cebu Pacific,DVO-BCD,2023.0,4,3117.3599999999997,44.44,10000.0,4775.03,3564.44,958,570
Cebu Pacific,DVO-CEB,2023.0,4,5959.856,44.44,5073.39,4775.03,2992.08,958,2528
Philippine Airlines,DVO-CEB,2023.0,4,7603.092000000001,32.96,5073.39,4775.03,2992.08,958,2528
Cebgo,DVO-CGY,2023.0,4,1086.048,4.77,10000.0,4775.03,3227.75,958,710
Cebgo,DVO-IAO,2023.0,4,724.0319999999999,4.77,10000.0,4775.03,5365.77,958,381
Cebu Pacific,DVO-MNL,2023.0,4,28471.050000000003,44.44,5000.3,4775.03,3587.44,958,7637
Philippine Airlines,DVO-MNL,2023.0,4,28912.632,32.96,5000.3,4775.03,3587.44,958,7637
Philippine Airlines,DVO-TAG,2023.0,4,806.8199999999999,32.96,10000.0,4775.03,3426.82,958,356
Philippine Airlines,EUQ-MNL,2023.0,4,699.2439999999999,32.96,10000.0,10000.0,3587.44,26,7637
Cebu Pacific,GES-MNL,2023.0,4,10359.356,44.44,5005.02,5005.95,3587.44,179,7637
Philippine Airlines,GES-MNL,2023.0,4,9722.972,32.96,5005.02,5005.95,3587.44,179,7637
Cebgo,IAO-CEB,2023.0,4,2715.12,4.77,5000.11,5365.77,2992.08,381,2528
Philippine Airlines,IAO-CEB,2023.0,4,2689.3999999999996,32.96,5000.11,5365.77,2992.08,381,2528
Cebgo,IAO-DVO,2023.0,4,724.0319999999999,4.77,10000.0,5365.77,4775.03,381,958
Philippine Airlines,IAO-MNL,2023.0,4,3173.4919999999997,32.96,10000.0,5365.77,3587.44,381,7637
Cebgo,ILO-CEB,2023.0,4,3137.4719999999998,4.77,10000.0,3066.65,2992.08,789,2528
AirAsia,ILO-MNL,2023.0,4,23752.94,17.83,3495.81,3066.65,3587.44,789,7637
Cebu Pacific,ILO-MNL,2023.0,4,16766.704,44.44,3495.81,3066.65,3587.44,789,7637
Philippine Airlines,ILO-MNL,2023.0,4,14223.762,32.96,3495.81,3066.65,3587.44,789,7637
AirAsia,KLO-MNL,2023.0,4,13739.82,17.83,6211.17,6190.13,3587.44,236,7637
Cebu Pacific,KLO-MNL,2023.0,4,4676.04,44.44,6211.17,6190.13,3587.44,236,7637
Philippine Airlines,LAO-MNL,2023.0,4,7785.022,32.96,10000.0,10000.0,3587.44,78,7637
AirAsia,MNL-BCD,2023.0,4,8954.039999999999,17.83,3458.36,3587.44,3564.44,7637,570
Cebu Pacific,MNL-BCD,2023.0,4,12635.364,44.44,3458.36,3587.44,3564.44,7637,570
Philippine Airlines,MNL-BCD,2023.0,4,8240.638,32.96,3458.36,3587.44,3564.44,7637,570
Philippine Airlines,MNL-BSO,2023.0,4,1613.6399999999999,32.96,10000.0,3587.44,10000.0,7637,30
Cebu Pacific,MNL-BXU,2023.0,4,13092.912,44.44,5806.14,3587.44,4996.56,7637,298
Philippine Airlines,MNL-BXU,2023.0,4,5590.7880000000005,32.96,5806.14,3587.44,4996.56,7637,298
Philippine Airlines,MNL-CBO,2023.0,4,2501.1420000000003,32.96,10000.0,3587.44,10000.0,7637,40
AirAsia,MNL-CEB,2023.0,4,23002.62,17.83,3480.51,3587.44,2992.08,7637,2528
Cebu Pacific,MNL-CEB,2023.0,4,38174.252,44.44,3480.51,3587.44,2992.08,7637,2528
Philippine Airlines,MNL-CEB,2023.0,4,36885.912000000004,32.96,3480.51,3587.44,2992.08,7637,2528
AirAsia,MNL-CGY,2023.0,4,4631.4,17.83,4657.84,3587.44,3227.75,7637,710
Cebu Pacific,MNL-CGY,2023.0,4,22612.592,44.44,4657.84,3587.44,3227.75,7637,710
Philippine Airlines,MNL-CGY,2023.0,4,9121.812,32.96,4657.84,3587.44,3227.75,7637,710
Philippine Airlines,MNL-CRM,2023.0,4,753.0319999999999,32.96,10000.0,3587.44,10000.0,7637,14
Philippine Airlines,MNL-CYP,2023.0,4,699.2439999999999,32.96,10000.0,3587.44,5323.74,7637,60
Cebu Pacific,MNL-CYZ,2023.0,4,4676.04,44.44,10000.0,3587.44,10000.0,7637,60
Cebu Pacific,MNL-DGT,2023.0,4,8261.003999999999,44.44,5039.34,3587.44,4974.46,7637,176
Philippine Airlines,MNL-DGT,2023.0,4,6914.9220000000005,32.96,5039.34,3587.44,4974.46,7637,176
Cebu Pacific,MNL-DPL,2023.0,4,4364.304,44.44,5080.05,3587.44,5046.68,7637,103
Philippine Airlines,MNL-DPL,2023.0,4,3383.898,32.96,5080.05,3587.44,5046.68,7637,103
Cebu Pacific,MNL-DRP,2023.0,4,9507.948,44.44,5034.03,3587.44,5036.83,7637,260
Philippine Airlines,MNL-DRP,2023.0,4,8058.7080000000005,32.96,5034.03,3587.44,5036.83,7637,260
Cebu Pacific,MNL-DVO,2023.0,4,31144.27,44.44,5005.99,3587.44,4775.03,7637,958
Philippine Airlines,MNL-DVO,2023.0,4,29059.758,32.96,5005.99,3587.44,4775.03,7637,958
Philippine Airlines,MNL-EUQ,2023.0,4,699.2439999999999,32.96,10000.0,3587.44,10000.0,7637,26
Cebu Pacific,MNL-GES,2023.0,4,10671.092,44.44,5006.93,3587.44,5005.95,7637,179
Philippine Airlines,MNL-GES,2023.0,4,9904.902,32.96,5006.93,3587.44,5005.95,7637,179
Philippine Airlines,MNL-IAO,2023.0,4,5002.284,32.96,10000.0,3587.44,5365.77,7637,381
AirAsia,MNL-ILO,2023.0,4,18371.22,17.83,3343.37,3587.44,3066.65,7637,789
Cebu Pacific,MNL-ILO,2023.0,4,16959.444,44.44,3343.37,3587.44,3066.65,7637,789
Philippine Airlines,MNL-ILO,2023.0,4,16088.94,32.96,3343.37,3587.44,3066.65,7637,789
AirAsia,MNL-KLO,2023.0,4,13431.06,17.83,6168.92,3587.44,6190.13,7637,236
Cebu Pacific,MNL-KLO,2023.0,4,4676.04,44.44,6168.92,3587.44,6190.13,7637,236
Philippine Airlines,MNL-LAO,2023.0,4,4537.176,32.96,10000.0,3587.44,10000.0,7637,78
AirAsia,MNL-MNL,2023.0,4,154.38,17.83,10000.0,3587.44,3587.44,7637,7637
AirAsia,MNL-MPH,2023.0,4,14048.58,17.83,3319.31,3587.44,3430.74,7637,846
Cebgo,MNL-MPH,2023.0,4,1568.7359999999999,4.77,3319.31,3587.44,3430.74,7637,846
Cebu Pacific,MNL-MPH,2023.0,4,19639.368,44.44,3319.31,3587.44,3430.74,7637,846
Philippine Airlines,MNL-MPH,2023.0,4,10588.326000000001,32.96,3319.31,3587.44,3430.74,7637,846
Cebu Pacific,MNL-NAN,2023.0,4,192.74,44.44,10000.0,3587.44,9266.83,7637,9
Cebu Pacific,MNL-OZC,2023.0,4,7014.0599999999995,44.44,10000.0,3587.44,6313.5,7637,133
Cebu Pacific,MNL-PAG,2023.0,4,4052.5679999999998,44.44,10000.0,3587.44,6655.58,7637,134
AirAsia,MNL-PPS,2023.0,4,4631.4,17.83,4073.98,3587.44,3636.72,7637,426
AirSWIFT,MNL-PPS,2023.0,4,60.336,0.0,4073.98,3587.44,3636.72,7637,426
Cebu Pacific,MNL-PPS,2023.0,4,10568.856,44.44,4073.98,3587.44,3636.72,7637,426
Philippine Airlines,MNL-PPS,2023.0,4,3747.7580000000003,32.96,4073.98,3587.44,3636.72,7637,426
Cebu Pacific,MNL-RXS,2023.0,4,1246.944,44.44,10000.0,3587.44,4134.92,7637,86
AirAsia,MNL-TAC,2023.0,4,7255.86,17.83,3365.32,3587.44,3187.24,7637,539
Cebu Pacific,MNL-TAC,2023.0,4,9196.212,44.44,3365.32,3587.44,3187.24,7637,539
Philippine Airlines,MNL-TAC,2023.0,4,8680.434000000001,32.96,3365.32,3587.44,3187.24,7637,539
AirAsia,MNL-TAG,2023.0,4,9262.8,17.83,3475.38,3587.44,3426.82,7637,356
Cebu Pacific,MNL-TAG,2023.0,4,5745.328,44.44,3475.38,3587.44,3426.82,7637,356
Philippine Airlines,MNL-TAG,2023.0,4,6655.474,32.96,3475.38,3587.44,3426.82,7637,356
Cebu Pacific,MNL-TUG,2023.0,4,4676.04,44.44,10000.0,3587.44,10000.0,7637,88
Cebgo,MNL-USU,2023.0,4,1689.408,4.77,10000.0,3587.44,5477.33,7637,285
Cebgo,MNL-WNP,2023.0,4,3187.752,4.77,10000.0,3587.44,10000.0,7637,103
Cebu Pacific,MPH-CEB,2023.0,4,4520.172,44.44,6294.79,3430.74,2992.08,846,2528
Philippine Airlines,MPH-CEB,2023.0,4,1471.26,32.96,6294.79,3430.74,2992.08,846,2528
Cebu Pacific,MPH-CRK,2023.0,4,779.3399999999999,44.44,10000.0,3430.74,3406.77,846,60
AirAsia,MPH-MNL,2023.0,4,18216.84,17.83,3262.31,3430.74,3587.44,846,7637
Cebgo,MPH-MNL,2023.0,4,1684.3799999999999,4.77,3262.31,3430.74,3587.44,846,7637
Cebu Pacific,MPH-MNL,2023.0,4,24003.672,44.44,3262.31,3430.74,3587.44,846,7637
Philippine Airlines,MPH-MNL,2023.0,4,15483.034,32.96,3262.31,3430.74,3587.44,846,7637
Philippine Airlines,NAN-MNL,2023.0,4,53.788,32.96,10000.0,9266.83,3587.44,9,7637
Cebu Pacific,NAN-NAN,2023.0,4,155.868,44.44,10000.0,9266.83,9266.83,9,9
Cebgo,OZC-CEB,2023.0,4,1267.056,4.77,10000.0,6313.5,2992.08,133,2528
Cebu Pacific,OZC-MNL,2023.0,4,7014.0599999999995,44.44,5924.76,6313.5,3587.44,133,7637
Philippine Airlines,OZC-MNL,2023.0,4,2795.3940000000002,32.96,5924.76,6313.5,3587.44,133,7637
Cebu Pacific,OZC-NAN,2023.0,4,311.736,44.44,10000.0,6313.5,9266.83,133,9
Cebgo,PAG-CEB,2023.0,4,2534.112,4.77,10000.0,6655.58,2992.08,134,2528
Cebu Pacific,PAG-MNL,2023.0,4,8261.003999999999,44.44,10000.0,6655.58,3587.44,134,7637
Cebu Pacific,PPS-CEB,2023.0,4,1870.416,44.44,5430.23,3636.72,2992.08,426,2528
Philippine Airlines,PPS-CEB,2023.0,4,1021.972,32.96,5430.23,3636.72,2992.08,426,2528
AirAsia,PPS-MNL,2023.0,4,8954.039999999999,17.83,3460.13,3636.72,3587.44,426,7637
Cebu Pacific,PPS-MNL,2023.0,4,14530.92,44.44,3460.13,3636.72,3587.44,426,7637
Philippine Airlines,PPS-MNL,2023.0,4,13290.382,32.96,3460.13,3636.72,3587.44,426,7637
Cebu Pacific,PPS-NAN,2023.0,4,541.348,44.44,10000.0,3636.72,9266.83,426,9
AirAsia,RXS-MNL,2023.0,4,2006.94,17.83,3883.53,4134.92,3587.44,86,7637
Cebu Pacific,RXS-MNL,2023.0,4,5922.9839999999995,44.44,3883.53,4134.92,3587.44,86,7637
Philippine Airlines,RXS-MNL,2023.0,4,3879.0640000000003,32.96,3883.53,4134.92,3587.44,86,7637
Cebgo,SUG-CEB,2023.0,4,422.352,4.77,10000.0,10000.0,2992.08,7,2528
Cebgo,TAC-CEB,2023.0,4,1025.712,4.77,5004.16,3187.24,2992.08,539,2528
Philippine Airlines,TAC-CEB,2023.0,4,968.184,32.96,5004.16,3187.24,2992.08,539,2528
AirAsia,TAC-MNL,2023.0,4,16673.04,17.83,3628.81,3187.24,3587.44,539,7637
Cebu Pacific,TAC-MNL,2023.0,4,19639.368,44.44,3628.81,3187.24,3587.44,539,7637
Philippine Airlines,TAC-MNL,2023.0,4,8974.686,32.96,3628.81,3187.24,3587.44,539,7637
Philippine Airlines,TAG-DVO,2023.0,4,860.608,32.96,10000.0,3426.82,4775.03,356,958
AirAsia,TAG-MNL,2023.0,4,9262.8,17.83,3866.93,3426.82,3587.44,356,7637
Cebu Pacific,TAG-MNL,2023.0,4,16121.444,44.44,3866.93,3426.82,3587.44,356,7637
Philippine Airlines,TAG-MNL,2023.0,4,6066.97,32.96,3866.93,3426.82,3587.44,356,7637
Cebu Pacific,TUG-MNL,2023.0,4,9040.344,44.44,10000.0,10000.0,3587.44,88,7637
Cebgo,USU-CEB,2023.0,4,2353.104,4.77,5371.84,5477.33,2992.08,285,2528
Philippine Airlines,USU-CEB,2023.0,4,1344.6999999999998,32.96,5371.84,5477.33,2992.08,285,2528
Philippine Airlines,USU-CRK,2023.0,4,753.0319999999999,32.96,10000.0,5477.33,3406.77,285,60
Cebgo,USU-MNL,2023.0,4,5007.888,4.77,6514.65,5477.33,3587.44,285,7637
Philippine Airlines,USU-MNL,2023.0,4,1452.2759999999998,32.96,6514.65,5477.33,3587.44,285,7637
Cebgo,WNP-MNL,2023.0,4,3011.772,4.77,10000.0,10000.0,3587.44,103,7637
Philippine Airlines,ZAM-CEB,2023.0,4,968.184,32.96,10000.0,6380.88,2992.08,197,2528
Cebu Pacific,ZAM-MNL,2023.0,4,17358.332,44.44,6643.27,6380.88,3587.44,197,7637
Philippine Airlines,ZAM-MNL,2023.0,4,4708.032,32.96,6643.27,6380.88,3587.44,197,7637
Cebu Pacific,ZAM-TWT,2023.0,4,4676.04,44.44,6786.91,6380.88,6256.22,197,45
Philippine Airlines,ZAM-TWT,2023.0,4,1177.008,32.96,6786.91,6380.88,6256.22,197,45
Philippine Airlines,BCD-CEB,2023.0,5,591.668,33.86,10000.0,3564.17,2991.83,550,2648
Cebu Pacific,BCD-DVO,2023.0,5,3772.224,43.81,10000.0,3564.17,4771.41,550,1049
AirAsia,BCD-MNL,2023.0,5,14202.96,17.64,3386.78,3564.17,3568.78,550,7955
Cebu Pacific,BCD-MNL,2023.0,5,18959.616,43.81,3386.78,3564.17,3568.78,550,7955
Philippine Airlines,BCD-MNL,2023.0,5,15236.242,33.86,3386.78,3564.17,3568.78,550,7955
Philippine Airlines,BPA-CEB,2023.0,5,430.304,33.86,10000.0,10000.0,2991.83,17,2648
Cebgo,BXU-CEB,2023.0,5,1928.4479999999999,4.68,10000.0,4717.42,2991.83,314,2648
Cebu Pacific,BXU-MNL,2023.0,5,13017.024000000001,43.81,5607.76,4717.42,3568.78,314,7955
Philippine Airlines,BXU-MNL,2023.0,5,6286.868,33.86,5607.76,4717.42,3568.78,314,7955
Cebu Pacific,BXU-NAN,2023.0,5,160.704,43.81,10000.0,4717.42,4725.59,314,11
Philippine Airlines,CBO-MNL,2023.0,5,4119.528,33.86,10000.0,10000.0,3568.78,64,7955
Philippine Airlines,CBO-TWT,2023.0,5,484.092,33.86,10000.0,10000.0,5170.51,64,46
Philippine Airlines,CEB-BCD,2023.0,5,645.4559999999999,33.86,10000.0,2991.83,3564.17,2648,550
Philippine Airlines,CEB-BPA,2023.0,5,484.092,33.86,10000.0,2991.83,10000.0,2648,17
Cebgo,CEB-BXU,2023.0,5,1990.656,4.68,10000.0,2991.83,4717.42,2648,314
Cebgo,CEB-CGY,2023.0,5,5536.512,4.68,6637.62,2991.83,3250.8,2648,731
Philippine Airlines,CEB-CGY,2023.0,5,1506.0639999999999,33.86,6637.62,2991.83,3250.8,2648,731
Cebgo,CEB-CYP,2023.0,5,995.328,4.68,10000.0,2991.83,5016.4,2648,65
Cebgo,CEB-DGT,2023.0,5,124.416,4.68,10000.0,2991.83,5045.95,2648,183
Cebu Pacific,CEB-DVO,2023.0,5,7070.976000000001,43.81,5000.06,2991.83,4771.41,2648,1049
Philippine Airlines,CEB-DVO,2023.0,5,7024.08,33.86,5000.06,2991.83,4771.41,2648,1049
Cebgo,CEB-IAO,2023.0,5,3919.104,4.68,5085.61,2991.83,5272.09,2648,389
Philippine Airlines,CEB-IAO,2023.0,5,3012.1279999999997,33.86,5085.61,2991.83,5272.09,2648,389
Cebgo,CEB-ILO,2023.0,5,3421.44,4.68,10000.0,2991.83,3064.28,2648,788
AirAsia,CEB-MNL,2023.0,5,19143.12,17.64,3702.57,2991.83,3568.78,2648,7955
Cebu Pacific,CEB-MNL,2023.0,5,46656.864,43.81,3702.57,2991.83,3568.78,2648,7955
Philippine Airlines,CEB-MNL,2023.0,5,36781.5,33.86,3702.57,2991.83,3568.78,2648,7955
Cebu Pacific,CEB-MPH,2023.0,5,4981.8240000000005,43.81,5630.13,2991.83,3537.5,2648,961
Philippine Airlines,CEB-MPH,2023.0,5,2371.418,33.86,5630.13,2991.83,3537.5,2648,961
Cebgo,CEB-NAN,2023.0,5,124.416,4.68,10000.0,2991.83,4725.59,2648,11
Cebgo,CEB-PAG,2023.0,5,497.664,4.68,10000.0,2991.83,6851.96,2648,114
Cebu Pacific,CEB-PPS,2023.0,5,321.408,43.81,8092.89,2991.83,3563.04,2648,470
Philippine Airlines,CEB-PPS,2023.0,5,2689.3999999999996,33.86,8092.89,2991.83,3563.04,2648,470
Cebgo,CEB-TAC,2023.0,5,1866.24,4.68,5175.94,2991.83,3141.15,2648,611
Philippine Airlines,CEB-TAC,2023.0,5,1276.674,33.86,5175.94,2991.83,3141.15,2648,611
Cebgo,CEB-USU,2023.0,5,1804.032,4.68,5040.52,2991.83,5590.96,2648,291
Philippine Airlines,CEB-USU,2023.0,5,1506.0639999999999,33.86,5040.52,2991.83,5590.96,2648,291
Cebgo,CGY-CEB,2023.0,5,5536.512,4.68,6707.61,3250.8,2991.83,731,2648
Philippine Airlines,CGY-CEB,2023.0,5,1452.2759999999998,33.86,6707.61,3250.8,2991.83,731,2648
Cebgo,CGY-DVO,2023.0,5,1057.536,4.68,10000.0,3250.8,4771.41,731,1049
AirAsia,CGY-MNL,2023.0,5,4785.78,17.64,4027.21,3250.8,3568.78,731,7955
Cebu Pacific,CGY-MNL,2023.0,5,18448.128,43.81,4027.21,3250.8,3568.78,731,7955
Philippine Airlines,CGY-MNL,2023.0,5,14554.4,33.86,4027.21,3250.8,3568.78,731,7955
Cebu Pacific,CRK-MPH,2023.0,5,3696.192,43.81,10000.0,7468.71,3537.5,70,961
Philippine Airlines,CRK-USU,2023.0,5,537.88,33.86,10000.0,7468.71,5590.96,70,291
Cebgo,CYP-CEB,2023.0,5,995.328,4.68,10000.0,5016.4,2991.83,65,2648
Philippine Airlines,CYP-MNL,2023.0,5,860.608,33.86,10000.0,5016.4,3568.78,65,7955
Cebu Pacific,CYZ-MNL,2023.0,5,4499.712,43.81,10000.0,10000.0,3568.78,56,7955
Cebgo,DGT-CEB,2023.0,5,62.208,4.68,10000.0,5045.95,2991.83,183,2648
Cebu Pacific,DGT-MNL,2023.0,5,3374.784,43.81,5795.08,5045.95,3568.78,183,7955
Philippine Airlines,DGT-MNL,2023.0,5,7851.466,33.86,5795.08,5045.95,3568.78,183,7955
Cebu Pacific,DPL-MNL,2023.0,5,4821.12,43.81,5119.29,5104.23,3568.78,109,7955
Philippine Airlines,DPL-MNL,2023.0,5,3531.0240000000003,33.86,5119.29,5104.23,3568.78,109,7955
Cebu Pacific,DRP-MNL,2023.0,5,8999.424,43.81,5004.02,5004.48,3568.78,271,7955
Philippine Airlines,DRP-MNL,2023.0,5,8503.25,33.86,5004.02,5004.48,3568.78,271,7955
Cebu Pacific,DVO-BCD,2023.0,5,3772.224,43.81,10000.0,4771.41,3564.17,1049,550
Cebu Pacific,DVO-CEB,2023.0,5,7070.976000000001,43.81,5004.76,4771.41,2991.83,1049,2648
Philippine Airlines,DVO-CEB,2023.0,5,6647.564,33.86,5004.76,4771.41,2991.83,1049,2648
Cebgo,DVO-CGY,2023.0,5,1057.536,4.68,10000.0,4771.41,3250.8,1049,731
Cebgo,DVO-IAO,2023.0,5,808.704,4.68,10000.0,4771.41,5272.09,1049,389
AirAsia,DVO-MNL,2023.0,5,154.38,17.64,4984.22,4771.41,3568.78,1049,7955
Cebu Pacific,DVO-MNL,2023.0,5,29180.736,43.81,4984.22,4771.41,3568.78,1049,7955
Philippine Airlines,DVO-MNL,2023.0,5,31828.258,33.86,4984.22,4771.41,3568.78,1049,7955
Philippine Airlines,DVO-TAG,2023.0,5,914.396,33.86,10000.0,4771.41,3475.82,1049,391
Philippine Airlines,EUQ-MNL,2023.0,5,645.4559999999999,33.86,10000.0,10000.0,3568.78,25,7955
Cebu Pacific,GES-MNL,2023.0,5,12075.264,43.81,5029.73,5029.73,3568.78,186,7955
Philippine Airlines,GES-MNL,2023.0,5,10346.28,33.86,5029.73,5029.73,3568.78,186,7955
Cebgo,IAO-CEB,2023.0,5,2861.5679999999998,4.68,5002.23,5272.09,2991.83,389,2648
Philippine Airlines,IAO-CEB,2023.0,5,2743.1879999999996,33.86,5002.23,5272.09,2991.83,389,2648
Cebgo,IAO-DVO,2023.0,5,870.912,4.68,10000.0,5272.09,4771.41,389,1049
Philippine Airlines,IAO-MNL,2023.0,5,3012.1279999999997,33.86,10000.0,5272.09,3568.78,389,7955
Cebu Pacific,ILO-BCD,2023.0,5,160.704,43.81,10000.0,3064.28,3564.17,788,550
Cebgo,ILO-CEB,2023.0,5,3421.44,4.68,10000.0,3064.28,2991.83,788,2648
Cebgo,ILO-ILO,2023.0,5,62.208,4.68,10000.0,3064.28,3064.28,788,788
AirAsia,ILO-MNL,2023.0,5,24451.8,17.64,3515.35,3064.28,3568.78,788,7955
Cebu Pacific,ILO-MNL,2023.0,5,17485.632,43.81,3515.35,3064.28,3568.78,788,7955
Philippine Airlines,ILO-MNL,2023.0,5,13972.224,33.86,3515.35,3064.28,3568.78,788,7955
AirAsia,KLO-MNL,2023.0,5,14357.34,17.64,6175.13,6175.13,3568.78,248,7955
Cebu Pacific,KLO-MNL,2023.0,5,4981.8240000000005,43.81,6175.13,6175.13,3568.78,248,7955
Philippine Airlines,LAO-MNL,2023.0,5,7313.586,33.86,10000.0,10000.0,3568.78,73,7955
AirAsia,MNL-BCD,2023.0,5,9571.56,17.64,3542.21,3568.78,3564.17,7955,550
Cebu Pacific,MNL-BCD,2023.0,5,13395.456,43.81,3542.21,3568.78,3564.17,7955,550
Philippine Airlines,MNL-BCD,2023.0,5,7277.2,33.86,3542.21,3568.78,3564.17,7955,550
Philippine Airlines,MNL-BSO,2023.0,5,1452.2759999999998,33.86,10000.0,3568.78,10000.0,7955,27
Cebu Pacific,MNL-BXU,2023.0,5,13017.024000000001,43.81,5607.76,3568.78,4717.42,7955,314
Philippine Airlines,MNL-BXU,2023.0,5,6286.868,33.86,5607.76,3568.78,4717.42,7955,314
Philippine Airlines,MNL-CBO,2023.0,5,3972.402,33.86,10000.0,3568.78,10000.0,7955,64
AirAsia,MNL-CEB,2023.0,5,23465.76,17.64,3439.08,3568.78,2991.83,7955,2648
Cebgo,MNL-CEB,2023.0,5,559.872,4.68,3439.08,3568.78,2991.83,7955,2648
Cebu Pacific,MNL-CEB,2023.0,5,39189.312,43.81,3439.08,3568.78,2991.83,7955,2648
Philippine Airlines,MNL-CEB,2023.0,5,36609.062,33.86,3439.08,3568.78,2991.83,7955,2648
AirAsia,MNL-CGY,2023.0,5,4785.78,17.64,4436.36,3568.78,3250.8,7955,731
Cebu Pacific,MNL-CGY,2023.0,5,22980.672,43.81,4436.36,3568.78,3250.8,7955,731
Philippine Airlines,MNL-CGY,2023.0,5,11436.278,33.86,4436.36,3568.78,3250.8,7955,731
Philippine Airlines,MNL-CRM,2023.0,5,968.184,33.86,10000.0,3568.78,10000.0,7955,18
Philippine Airlines,MNL-CYP,2023.0,5,914.396,33.86,10000.0,3568.78,5016.4,7955,65
Cebu Pacific,MNL-CYZ,2023.0,5,4499.712,43.81,10000.0,3568.78,10000.0,7955,56
Cebu Pacific,MNL-DGT,2023.0,5,8195.904,43.81,5002.3,3568.78,5045.95,7955,183
Philippine Airlines,MNL-DGT,2023.0,5,7851.466,33.86,5002.3,3568.78,5045.95,7955,183
Cebu Pacific,MNL-DPL,2023.0,5,4821.12,43.81,5090.42,3568.78,5104.23,7955,109
Philippine Airlines,MNL-DPL,2023.0,5,3678.15,33.86,5090.42,3568.78,5104.23,7955,109
Cebu Pacific,MNL-DRP,2023.0,5,8999.424,43.81,5004.97,3568.78,5004.48,7955,271
Philippine Airlines,MNL-DRP,2023.0,5,8449.462,33.86,5004.97,3568.78,5004.48,7955,271
Cebu Pacific,MNL-DVO,2023.0,5,31531.68,43.81,5000.03,3568.78,4771.41,7955,1049
Philippine Airlines,MNL-DVO,2023.0,5,31681.132,33.86,5000.03,3568.78,4771.41,7955,1049
Philippine Airlines,MNL-EUQ,2023.0,5,699.2439999999999,33.86,10000.0,3568.78,10000.0,7955,25
Cebu Pacific,MNL-GES,2023.0,5,12075.264,43.81,5029.73,3568.78,5029.73,7955,186
Philippine Airlines,MNL-GES,2023.0,5,10346.28,33.86,5029.73,3568.78,5029.73,7955,186
Philippine Airlines,MNL-IAO,2023.0,5,4840.92,33.86,10000.0,3568.78,5272.09,7955,389
AirAsia,MNL-ILO,2023.0,5,19297.5,17.64,3373.57,3568.78,3064.28,7955,788
Cebu Pacific,MNL-ILO,2023.0,5,17324.928,43.81,3373.57,3568.78,3064.28,7955,788
Philippine Airlines,MNL-ILO,2023.0,5,14707.854000000001,33.86,3373.57,3568.78,3064.28,7955,788
AirAsia,MNL-KLO,2023.0,5,14357.34,17.64,6175.13,3568.78,6175.13,7955,248
Cebu Pacific,MNL-KLO,2023.0,5,4981.8240000000005,43.81,6175.13,3568.78,6175.13,7955,248
Philippine Airlines,MNL-LAO,2023.0,5,3600.632,33.86,10000.0,3568.78,10000.0,7955,73
AirAsia,MNL-MPH,2023.0,5,14357.34,17.64,3319.28,3568.78,3537.5,7955,961
Cebgo,MNL-MPH,2023.0,5,1804.032,4.68,3319.28,3568.78,3537.5,7955,961
Cebu Pacific,MNL-MPH,2023.0,5,21373.632,43.81,3319.28,3568.78,3537.5,7955,961
Philippine Airlines,MNL-MPH,2023.0,5,11539.108,33.86,3319.28,3568.78,3537.5,7955,961
AirAsia,MNL-NAN,2023.0,5,154.38,17.64,6099.55,3568.78,4725.59,7955,11
Cebgo,MNL-NAN,2023.0,5,62.208,4.68,6099.55,3568.78,4725.59,7955,11
Cebu Pacific,MNL-NAN,2023.0,5,680.832,43.81,6099.55,3568.78,4725.59,7955,11
Cebu Pacific,MNL-OZC,2023.0,5,7231.68,43.81,10000.0,3568.78,6412.29,7955,129
Cebu Pacific,MNL-PAG,2023.0,5,4339.008,43.81,10000.0,3568.78,6851.96,7955,114
AirAsia,MNL-PPS,2023.0,5,4785.78,17.64,3728.05,3568.78,3563.04,7955,470
Cebu Pacific,MNL-PPS,2023.0,5,11019.456,43.81,3728.05,3568.78,3563.04,7955,470
Philippine Airlines,MNL-PPS,2023.0,5,6821.584,33.86,3728.05,3568.78,3563.04,7955,470
Cebu Pacific,MNL-RXS,2023.0,5,1124.928,43.81,10000.0,3568.78,4138.29,7955,84
AirAsia,MNL-TAC,2023.0,5,7564.62,17.64,3378.44,3568.78,3141.15,7955,611
Cebu Pacific,MNL-TAC,2023.0,5,9481.536,43.81,3378.44,3568.78,3141.15,7955,611
Philippine Airlines,MNL-TAC,2023.0,5,10004.568000000001,33.86,3378.44,3568.78,3141.15,7955,611
AirAsia,MNL-TAG,2023.0,5,9571.56,17.64,3388.66,3568.78,3475.82,7955,391
Cebu Pacific,MNL-TAG,2023.0,5,7361.28,43.81,3388.66,3568.78,3475.82,7955,391
Philippine Airlines,MNL-TAG,2023.0,5,7356.3,33.86,3388.66,3568.78,3475.82,7955,391
Cebu Pacific,MNL-TUG,2023.0,5,4178.304,43.81,10000.0,3568.78,10000.0,7955,80
Cebgo,MNL-USU,2023.0,5,1804.032,4.68,10000.0,3568.78,5590.96,7955,291
Cebgo,MNL-WNP,2023.0,5,3037.824,4.68,10000.0,3568.78,10000.0,7955,99
Cebu Pacific,MPH-CEB,2023.0,5,4981.8240000000005,43.81,5703.57,3537.5,2991.83,961,2648
Philippine Airlines,MPH-CEB,2023.0,5,2263.842,33.86,5703.57,3537.5,2991.83,961,2648
Cebu Pacific,MPH-CRK,2023.0,5,3696.192,43.81,10000.0,3537.5,7468.71,961,70
AirAsia,MPH-MNL,2023.0,5,19143.12,17.64,3267.83,3537.5,3568.78,961,7955
Cebgo,MPH-MNL,2023.0,5,1928.4479999999999,4.68,3267.83,3537.5,3568.78,961,7955
Cebu Pacific,MPH-MNL,2023.0,5,26034.048000000003,43.81,3267.83,3537.5,3568.78,961,7955
Philippine Airlines,MPH-MNL,2023.0,5,16286.69,33.86,3267.83,3537.5,3568.78,961,7955
Cebu Pacific,MPH-MPH,2023.0,5,160.704,43.81,10000.0,3537.5,3537.5,961,961
Philippine Airlines,NAN-MNL,2023.0,5,53.788,33.86,10000.0,4725.59,3568.78,11,7955
Cebgo,OZC-CEB,2023.0,5,870.912,4.68,10000.0,6412.29,2991.83,129,2648
Cebu Pacific,OZC-MNL,2023.0,5,7231.68,43.81,5701.44,6412.29,3568.78,129,7955
Philippine Airlines,OZC-MNL,2023.0,5,3290.56,33.86,5701.44,6412.29,3568.78,129,7955
Cebu Pacific,OZC-OZC,2023.0,5,160.704,43.81,10000.0,6412.29,6412.29,129,129
Cebgo,PAG-CEB,2023.0,5,2239.488,4.68,10000.0,6851.96,2991.83,114,2648
Cebu Pacific,PAG-MNL,2023.0,5,6910.272,43.81,10000.0,6851.96,3568.78,114,7955
Cebu Pacific,PPS-CEB,2023.0,5,321.408,43.81,6886.09,3563.04,2991.83,470,2648
Philippine Airlines,PPS-CEB,2023.0,5,1344.6999999999998,33.86,6886.09,3563.04,2991.83,470,2648
AirAsia,PPS-MNL,2023.0,5,9571.56,17.64,3489.65,3563.04,3568.78,470,7955
Cebu Pacific,PPS-MNL,2023.0,5,15277.248,43.81,3489.65,3563.04,3568.78,470,7955
Philippine Airlines,PPS-MNL,2023.0,5,16345.224,33.86,3489.65,3563.04,3568.78,470,7955
AirAsia,RXS-MNL,2023.0,5,1852.56,17.64,3925.46,4138.29,3568.78,84,7955
Cebu Pacific,RXS-MNL,2023.0,5,5946.048000000001,43.81,3925.46,4138.29,3568.78,84,7955
Philippine Airlines,RXS-MNL,2023.0,5,4119.528,33.86,3925.46,4138.29,3568.78,84,7955
Cebgo,SUG-CEB,2023.0,5,435.456,4.68,10000.0,10000.0,2991.83,7,2648
Cebgo,TAC-CEB,2023.0,5,1679.616,4.68,5092.89,3141.15,2991.83,611,2648
Philippine Airlines,TAC-CEB,2023.0,5,1276.674,33.86,5092.89,3141.15,2991.83,611,2648
AirAsia,TAC-MNL,2023.0,5,17908.079999999998,17.64,3627.97,3141.15,3568.78,611,7955
Cebu Pacific,TAC-MNL,2023.0,5,23141.376,43.81,3627.97,3141.15,3568.78,611,7955
Philippine Airlines,TAC-MNL,2023.0,5,10646.86,33.86,3627.97,3141.15,3568.78,611,7955
Cebgo,TAC-NAN,2023.0,5,62.208,4.68,10000.0,3141.15,4725.59,611,11
Philippine Airlines,TAG-DVO,2023.0,5,914.396,33.86,10000.0,3475.82,4771.41,391,1049
AirAsia,TAG-MNL,2023.0,5,9417.18,17.64,3959.07,3475.82,3568.78,391,7955
Cebu Pacific,TAG-MNL,2023.0,5,19085.76,43.81,3959.07,3475.82,3568.78,391,7955
Philippine Airlines,TAG-MNL,2023.0,5,7209.174,33.86,3959.07,3475.82,3568.78,391,7955
Cebu Pacific,TUG-MNL,2023.0,5,8678.016,43.81,10000.0,10000.0,3568.78,80,7955
Cebgo,USU-CEB,2023.0,5,2799.36,4.68,5680.03,5590.96,2991.83,291,2648
Philippine Airlines,USU-CEB,2023.0,5,1290.9119999999998,33.86,5680.03,5590.96,2991.83,291,2648
Philippine Airlines,USU-CRK,2023.0,5,753.0319999999999,33.86,10000.0,5590.96,7468.71,291,70
Cebgo,USU-MNL,2023.0,5,5158.08,4.68,6434.42,5590.96,3568.78,291,7955
Philippine Airlines,USU-MNL,2023.0,5,1559.8519999999999,33.86,6434.42,5590.96,3568.78,291,7955
Cebgo,WNP-MNL,2023.0,5,3105.216,4.68,10000.0,10000.0,3568.78,99,7955
Philippine Airlines,ZAM-CEB,2023.0,5,1183.336,33.86,10000.0,5709.02,2991.83,200,2648
Cebu Pacific,ZAM-MNL,2023.0,5,16459.2,43.81,6119.77,5709.02,3568.78,200,7955
Philippine Airlines,ZAM-MNL,2023.0,5,5885.04,33.86,6119.77,5709.02,3568.78,200,7955
Cebu Pacific,ZAM-TWT,2023.0,5,3696.192,43.81,5404.14,5709.02,5170.51,200,46
Philippine Airlines,ZAM-TWT,2023.0,5,2059.764,33.86,5404.14,5709.02,5170.51,200,46
Cebgo,BCD-CEB,2023.0,6,63.0,4.93,8122.93,3614.47,2953.51,559,2666
Philippine Airlines,BCD-CEB,2023.0,6,537.88,35.01,8122.93,3614.47,2953.51,559,2666
Cebu Pacific,BCD-DVO,2023.0,6,3417.75,42.36,10000.0,3614.47,4767.8,559,985
AirAsia,BCD-MNL,2023.0,6,13585.439999999999,17.7,3450.16,3614.47,3534.7,559,7701
Cebu Pacific,BCD-MNL,2023.0,6,20914.25,42.36,3450.16,3614.47,3534.7,559,7701
Philippine Airlines,BCD-MNL,2023.0,6,15413.426000000001,35.01,3450.16,3614.47,3534.7,559,7701
Philippine Airlines,BPA-CEB,2023.0,6,430.304,35.01,10000.0,10000.0,2953.51,16,2666
Cebgo,BXU-CEB,2023.0,6,1512.0,4.93,10000.0,4689.29,2953.51,294,2666
Cebu Pacific,BXU-MNL,2023.0,6,12369.0,42.36,5421.5,4689.29,3534.7,294,7701
Philippine Airlines,BXU-MNL,2023.0,6,6802.6,35.01,5421.5,4689.29,3534.7,294,7701
Philippine Airlines,CBO-MNL,2023.0,6,2206.89,35.01,10000.0,10000.0,3534.7,34,7701
Philippine Airlines,CBO-TWT,2023.0,6,268.94,35.01,10000.0,10000.0,5621.32,34,46
Cebgo,CEB-BCD,2023.0,6,63.0,4.93,5483.7,2953.51,3614.47,2666,559
Cebu Pacific,CEB-BCD,2023.0,6,162.75,42.36,5483.7,2953.51,3614.47,2666,559
Philippine Airlines,CEB-BCD,2023.0,6,537.88,35.01,5483.7,2953.51,3614.47,2666,559
Philippine Airlines,CEB-BPA,2023.0,6,430.304,35.01,10000.0,2953.51,10000.0,2666,16
Cebgo,CEB-BXU,2023.0,6,1575.0,4.93,10000.0,2953.51,4689.29,2666,294
Cebgo,CEB-CEB,2023.0,6,126.0,4.93,10000.0,2953.51,2953.51,2666,2666
Cebgo,CEB-CGY,2023.0,6,6363.0,4.93,6589.21,2953.51,3050.06,2666,732
Philippine Airlines,CEB-CGY,2023.0,6,1775.004,35.01,6589.21,2953.51,3050.06,2666,732
Cebgo,CEB-CYP,2023.0,6,1008.0,4.93,10000.0,2953.51,5001.35,2666,64
Cebu Pacific,CEB-DVO,2023.0,6,5696.25,42.36,5035.64,2953.51,4767.8,2666,985
Philippine Airlines,CEB-DVO,2023.0,6,4809.28,35.01,5035.64,2953.51,4767.8,2666,985
Cebgo,CEB-IAO,2023.0,6,3969.0,4.93,5082.4,2953.51,5309.66,2666,392
Philippine Airlines,CEB-IAO,2023.0,6,3065.9159999999997,35.01,5082.4,2953.51,5309.66,2666,392
Cebgo,CEB-ILO,2023.0,6,3213.0,4.93,10000.0,2953.51,3087.91,2666,733
AirAsia,CEB-MNL,2023.0,6,18216.84,17.7,3764.27,2953.51,3534.7,2666,7701
Cebu Pacific,CEB-MNL,2023.0,6,47542.25,42.36,3764.27,2953.51,3534.7,2666,7701
Philippine Airlines,CEB-MNL,2023.0,6,34283.522000000004,35.01,3764.27,2953.51,3534.7,2666,7701
Cebu Pacific,CEB-MPH,2023.0,6,4882.5,42.36,6236.86,2953.51,3328.23,2666,850
Philippine Airlines,CEB-MPH,2023.0,6,1638.952,35.01,6236.86,2953.51,3328.23,2666,850
Cebgo,CEB-NAN,2023.0,6,126.0,4.93,10000.0,2953.51,3808.56,2666,11
Cebgo,CEB-PAG,2023.0,6,756.0,4.93,10000.0,2953.51,6901.52,2666,129
Cebu Pacific,CEB-PPS,2023.0,6,813.75,42.36,6433.36,2953.51,3569.33,2666,454
Philippine Airlines,CEB-PPS,2023.0,6,2689.3999999999996,35.01,6433.36,2953.51,3569.33,2666,454
Cebgo,CEB-TAC,2023.0,6,1701.0,4.93,5018.47,2953.51,3043.96,2666,620
Philippine Airlines,CEB-TAC,2023.0,6,1506.0639999999999,35.01,5018.47,2953.51,3043.96,2666,620
Cebgo,CEB-USU,2023.0,6,1764.0,4.93,5090.96,2953.51,5565.67,2666,283
Philippine Airlines,CEB-USU,2023.0,6,1344.6999999999998,35.01,5090.96,2953.51,5565.67,2666,283
Cebgo,CGY-CEB,2023.0,6,6363.0,4.93,6589.21,3050.06,2953.51,732,2666
Philippine Airlines,CGY-CEB,2023.0,6,1775.004,35.01,6589.21,3050.06,2953.51,732,2666
Cebgo,CGY-DVO,2023.0,6,1008.0,4.93,10000.0,3050.06,4767.8,732,985
AirAsia,CGY-MNL,2023.0,6,4631.4,17.7,3995.52,3050.06,3534.7,732,7701
Cebu Pacific,CGY-MNL,2023.0,6,16469.25,42.36,3995.52,3050.06,3534.7,732,7701
Philippine Airlines,CGY-MNL,2023.0,6,16484.440000000002,35.01,3995.52,3050.06,3534.7,732,7701
Cebgo,CGY-NAN,2023.0,6,63.0,4.93,10000.0,3050.06,3808.56,732,11
Cebu Pacific,CRK-CEB,2023.0,6,1627.5,42.36,10000.0,7172.34,2953.51,60,2666
Cebu Pacific,CRK-MPH,2023.0,6,2278.5,42.36,10000.0,7172.34,3328.23,60,850
Philippine Airlines,CRK-USU,2023.0,6,645.4559999999999,35.01,10000.0,7172.34,5565.67,60,283
Cebgo,CYP-CEB,2023.0,6,882.0,4.93,10000.0,5001.35,2953.51,64,2666
Philippine Airlines,CYP-MNL,2023.0,6,914.396,35.01,10000.0,5001.35,3534.7,64,7701
Cebu Pacific,CYZ-MNL,2023.0,6,4719.75,42.36,10000.0,10000.0,3534.7,58,7701
Cebu Pacific,DGT-MNL,2023.0,6,4394.25,42.36,5226.09,5003.08,3534.7,173,7701
Philippine Airlines,DGT-MNL,2023.0,6,6767.796,35.01,5226.09,5003.08,3534.7,173,7701
Cebu Pacific,DPL-MNL,2023.0,6,4882.5,42.36,5098.96,5098.96,3534.7,110,7701
Philippine Airlines,DPL-MNL,2023.0,6,3678.15,35.01,5098.96,5098.96,3534.7,110,7701
Cebgo,DRP-MNL,2023.0,6,63.0,4.93,4981.93,4983.69,3534.7,274,7701
Cebu Pacific,DRP-MNL,2023.0,6,8463.0,42.36,4981.93,4983.69,3534.7,274,7701
Philippine Airlines,DRP-MNL,2023.0,6,9504.656,35.01,4981.93,4983.69,3534.7,274,7701
Cebu Pacific,DVO-BCD,2023.0,6,3417.75,42.36,10000.0,4767.8,3614.47,985,559
Cebu Pacific,DVO-CEB,2023.0,6,5696.25,42.36,5040.51,4767.8,2953.51,985,2666
Philippine Airlines,DVO-CEB,2023.0,6,4755.492,35.01,5040.51,4767.8,2953.51,985,2666
Cebgo,DVO-CGY,2023.0,6,1008.0,4.93,10000.0,4767.8,3050.06,985,732
Cebgo,DVO-IAO,2023.0,6,819.0,4.93,10000.0,4767.8,5309.66,985,392
Cebu Pacific,DVO-MNL,2023.0,6,25923.625,42.36,5045.44,4767.8,3534.7,985,7701
Philippine Airlines,DVO-MNL,2023.0,6,31386.88,35.01,5045.44,4767.8,3534.7,985,7701
Cebu Pacific,DVO-NAN,2023.0,6,201.25,42.36,10000.0,4767.8,3808.56,985,11
Philippine Airlines,DVO-TAG,2023.0,6,914.396,35.01,10000.0,4767.8,3392.86,985,380
AirSWIFT,ENI-MNL,2023.0,6,43.75,0.01,10000.0,10000.0,3534.7,2,7701
Philippine Airlines,EUQ-MNL,2023.0,6,591.668,35.01,10000.0,10000.0,3534.7,23,7701
Cebu Pacific,GES-MNL,2023.0,6,11873.75,42.36,5000.0,5000.06,3534.7,205,7701
Philippine Airlines,GES-MNL,2023.0,6,11863.418,35.01,5000.0,5000.06,3534.7,205,7701
Cebgo,IAO-CEB,2023.0,6,2772.0,4.93,5008.62,5309.66,2953.51,392,2666
Philippine Airlines,IAO-CEB,2023.0,6,3012.1279999999997,35.01,5008.62,5309.66,2953.51,392,2666
Cebgo,IAO-DVO,2023.0,6,819.0,4.93,10000.0,5309.66,4767.8,392,985
Philippine Airlines,IAO-MNL,2023.0,6,3012.1279999999997,35.01,10000.0,5309.66,3534.7,392,7701
Cebgo,ILO-CEB,2023.0,6,3339.0,4.93,10000.0,3087.91,2953.51,733,2666
AirAsia,ILO-MNL,2023.0,6,23870.8,17.7,3562.75,3087.91,3534.7,733,7701
Cebu Pacific,ILO-MNL,2023.0,6,13382.25,42.36,3562.75,3087.91,3534.7,733,7701
Philippine Airlines,ILO-MNL,2023.0,6,15158.724,35.01,3562.75,3087.91,3534.7,733,7701
AirAsia,KLO-MNL,2023.0,6,13739.82,17.7,6131.12,6141.43,3534.7,239,7701
Cebu Pacific,KLO-MNL,2023.0,6,4882.5,42.36,6131.12,6141.43,3534.7,239,7701
Philippine Airlines,LAO-MNL,2023.0,6,7694.848,35.01,10000.0,10000.0,3534.7,77,7701
AirAsia,MNL-BCD,2023.0,6,8954.039999999999,17.7,3561.43,3534.7,3614.47,7701,559
Cebu Pacific,MNL-BCD,2023.0,6,14054.25,42.36,3561.43,3534.7,3614.47,7701,559
Philippine Airlines,MNL-BCD,2023.0,6,7879.942,35.01,3561.43,3534.7,3614.47,7701,559
Philippine Airlines,MNL-BSO,2023.0,6,1398.4879999999998,35.01,10000.0,3534.7,10000.0,7701,26
Cebu Pacific,MNL-BXU,2023.0,6,12369.0,42.36,5393.46,3534.7,4689.29,7701,294
Philippine Airlines,MNL-BXU,2023.0,6,6949.726000000001,35.01,5393.46,3534.7,4689.29,7701,294
Philippine Airlines,MNL-CBO,2023.0,6,2059.764,35.01,10000.0,3534.7,10000.0,7701,34
AirAsia,MNL-CEB,2023.0,6,23002.62,17.7,3406.92,3534.7,2953.51,7701,2666
Cebgo,MNL-CEB,2023.0,6,693.0,4.93,3406.92,3534.7,2953.51,7701,2666
Cebu Pacific,MNL-CEB,2023.0,6,36965.25,42.36,3406.92,3534.7,2953.51,7701,2666
Philippine Airlines,MNL-CEB,2023.0,6,34220.242,35.01,3406.92,3534.7,2953.51,7701,2666
AirAsia,MNL-CGY,2023.0,6,4631.4,17.7,3998.54,3534.7,3050.06,7701,732
Cebu Pacific,MNL-CGY,2023.0,6,16670.5,42.36,3998.54,3534.7,3050.06,7701,732
Philippine Airlines,MNL-CGY,2023.0,6,11966.248,35.01,3998.54,3534.7,3050.06,7701,732
Philippine Airlines,MNL-CRM,2023.0,6,914.396,35.01,10000.0,3534.7,10000.0,7701,17
Philippine Airlines,MNL-CYP,2023.0,6,914.396,35.01,10000.0,3534.7,5001.35,7701,64
Cebu Pacific,MNL-CYZ,2023.0,6,4719.75,42.36,10000.0,3534.7,10000.0,7701,58
Cebu Pacific,MNL-DGT,2023.0,6,8625.75,42.36,5060.6,3534.7,5003.08,7701,173
Philippine Airlines,MNL-DGT,2023.0,6,6914.9220000000005,35.01,5060.6,3534.7,5003.08,7701,173
Cebu Pacific,MNL-DPL,2023.0,6,4882.5,42.36,5098.96,3534.7,5098.96,7701,110
Philippine Airlines,MNL-DPL,2023.0,6,3678.15,35.01,5098.96,3534.7,5098.96,7701,110
Cebgo,MNL-DRP,2023.0,6,63.0,4.93,4985.52,3534.7,4983.69,7701,274
Cebu Pacific,MNL-DRP,2023.0,6,8463.0,42.36,4985.52,3534.7,4983.69,7701,274
Philippine Airlines,MNL-DRP,2023.0,6,9612.232,35.01,4985.52,3534.7,4983.69,7701,274
Cebu Pacific,MNL-DVO,2023.0,6,24219.125,42.36,5086.78,3534.7,4767.8,7701,985
Philippine Airlines,MNL-DVO,2023.0,6,31568.81,35.01,5086.78,3534.7,4767.8,7701,985
AirSWIFT,MNL-ENI,2023.0,6,43.75,0.01,10000.0,3534.7,10000.0,7701,2
Philippine Airlines,MNL-EUQ,2023.0,6,645.4559999999999,35.01,10000.0,3534.7,10000.0,7701,23
Cebu Pacific,MNL-GES,2023.0,6,11873.75,42.36,5000.26,3534.7,5000.06,7701,205
Philippine Airlines,MNL-GES,2023.0,6,12045.348,35.01,5000.26,3534.7,5000.06,7701,205
Philippine Airlines,MNL-IAO,2023.0,6,4840.92,35.01,10000.0,3534.7,5309.66,7701,392
AirAsia,MNL-ILO,2023.0,6,18371.22,17.7,3389.72,3534.7,3087.91,7701,733
Cebu Pacific,MNL-ILO,2023.0,6,13382.25,42.36,3389.72,3534.7,3087.91,7701,733
Philippine Airlines,MNL-ILO,2023.0,6,15452.976,35.01,3389.72,3534.7,3087.91,7701,733
AirAsia,MNL-KLO,2023.0,6,13894.199999999999,17.7,6151.71,3534.7,6141.43,7701,239
Cebu Pacific,MNL-KLO,2023.0,6,4882.5,42.36,6151.71,3534.7,6141.43,7701,239
Philippine Airlines,MNL-LAO,2023.0,6,3991.386,35.01,10000.0,3534.7,10000.0,7701,77
AirAsia,MNL-MPH,2023.0,6,13894.199999999999,17.7,3144.36,3534.7,3328.23,7701,850
Cebgo,MNL-MPH,2023.0,6,1575.0,4.93,3144.36,3534.7,3328.23,7701,850
Cebu Pacific,MNL-MPH,2023.0,6,15624.0,42.36,3144.36,3534.7,3328.23,7701,850
Philippine Airlines,MNL-MPH,2023.0,6,11912.460000000001,35.01,3144.36,3534.7,3328.23,7701,850
AirAsia,MNL-NAN,2023.0,6,463.14,17.7,5071.83,3534.7,3808.56,7701,11
Cebu Pacific,MNL-NAN,2023.0,6,364.0,42.36,5071.83,3534.7,3808.56,7701,11
Cebu Pacific,MNL-OZC,2023.0,6,6510.0,42.36,10000.0,3534.7,5989.41,7701,119
Cebu Pacific,MNL-PAG,2023.0,6,4719.75,42.36,10000.0,3534.7,6901.52,7701,129
AirAsia,MNL-PPS,2023.0,6,4631.4,17.7,3531.58,3534.7,3569.33,7701,454
Cebu Pacific,MNL-PPS,2023.0,6,8564.5,42.36,3531.58,3534.7,3569.33,7701,454
Philippine Airlines,MNL-PPS,2023.0,6,7851.466,35.01,3531.58,3534.7,3569.33,7701,454
Cebu Pacific,MNL-RXS,2023.0,6,3906.0,42.36,10000.0,3534.7,5285.03,7701,114
AirAsia,MNL-TAC,2023.0,6,7255.86,17.7,3527.48,3534.7,3043.96,7701,620
Cebu Pacific,MNL-TAC,2023.0,6,6672.75,42.36,3527.48,3534.7,3043.96,7701,620
Philippine Airlines,MNL-TAC,2023.0,6,11227.454,35.01,3527.48,3534.7,3043.96,7701,620
AirAsia,MNL-TAG,2023.0,6,9262.8,17.7,3453.6,3534.7,3392.86,7701,380
Cebu Pacific,MNL-TAG,2023.0,6,5768.0,42.36,3453.6,3534.7,3392.86,7701,380
Philippine Airlines,MNL-TAG,2023.0,6,7503.426,35.01,3453.6,3534.7,3392.86,7701,380
Cebu Pacific,MNL-TUG,2023.0,6,4557.0,42.36,10000.0,3534.7,10000.0,7701,86
Cebgo,MNL-USU,2023.0,6,1827.0,4.93,9413.68,3534.7,5565.67,7701,283
Philippine Airlines,MNL-USU,2023.0,6,56.952,35.01,9413.68,3534.7,5565.67,7701,283
Cebgo,MNL-WNP,2023.0,6,3276.0,4.93,10000.0,3534.7,10000.0,7701,104
Cebu Pacific,MPH-CEB,2023.0,6,4882.5,42.36,6118.96,3328.23,2953.51,850,2666
Philippine Airlines,MPH-CEB,2023.0,6,1746.528,35.01,6118.96,3328.23,2953.51,850,2666
Cebu Pacific,MPH-CRK,2023.0,6,2115.75,42.36,10000.0,3328.23,7172.34,850,60
AirAsia,MPH-MNL,2023.0,6,18371.22,17.7,3187.36,3328.23,3534.7,850,7701
Cebgo,MPH-MNL,2023.0,6,1575.0,4.93,3187.36,3328.23,3534.7,850,7701
Cebu Pacific,MPH-MNL,2023.0,6,20343.75,42.36,3187.36,3328.23,3534.7,850,7701
Philippine Airlines,MPH-MNL,2023.0,6,15978.2,35.01,3187.36,3328.23,3534.7,850,7701
Philippine Airlines,NAN-MNL,2023.0,6,53.788,35.01,10000.0,3808.56,3534.7,11,7701
Cebgo,OZC-CEB,2023.0,6,882.0,4.93,10000.0,5989.41,2953.51,119,2666
Cebu Pacific,OZC-MNL,2023.0,6,6510.0,42.36,5419.84,5989.41,3534.7,119,7701
Philippine Airlines,OZC-MNL,2023.0,6,3584.812,35.01,5419.84,5989.41,3534.7,119,7701
Cebgo,PAG-CEB,2023.0,6,2331.0,4.93,10000.0,6901.52,2953.51,129,2666
Cebu Pacific,PAG-MNL,2023.0,6,8300.25,42.36,10000.0,6901.52,3534.7,129,7701
Cebu Pacific,PPS-CEB,2023.0,6,813.75,42.36,5349.32,3569.33,2953.51,454,2666
Philippine Airlines,PPS-CEB,2023.0,6,1398.4879999999998,35.01,5349.32,3569.33,2953.51,454,2666
AirAsia,PPS-MNL,2023.0,6,9262.8,17.7,3482.41,3569.33,3534.7,454,7701
Cebu Pacific,PPS-MNL,2023.0,6,14966.0,42.36,3482.41,3569.33,3534.7,454,7701
Philippine Airlines,PPS-MNL,2023.0,6,15384.95,35.01,3482.41,3569.33,3534.7,454,7701
AirAsia,RXS-MNL,2023.0,6,1852.56,17.7,4509.23,5285.03,3534.7,114,7701
Cebu Pacific,RXS-MNL,2023.0,6,8463.0,42.36,4509.23,5285.03,3534.7,114,7701
Philippine Airlines,RXS-MNL,2023.0,6,3731.938,35.01,4509.23,5285.03,3534.7,114,7701
Cebgo,SUG-CEB,2023.0,6,315.0,4.93,10000.0,10000.0,2953.51,5,2666
Cebgo,TAC-CEB,2023.0,6,2646.0,4.93,5376.88,3043.96,2953.51,620,2666
Philippine Airlines,TAC-CEB,2023.0,6,1506.0639999999999,35.01,5376.88,3043.96,2953.51,620,2666
AirAsia,TAC-MNL,2023.0,6,17672.36,17.7,3604.06,3043.96,3534.7,620,7701
Cebu Pacific,TAC-MNL,2023.0,6,22947.75,42.36,3604.06,3043.96,3534.7,620,7701
Philippine Airlines,TAC-MNL,2023.0,6,10971.17,35.01,3604.06,3043.96,3534.7,620,7701
Philippine Airlines,TAG-DVO,2023.0,6,914.396,35.01,10000.0,3392.86,4767.8,380,985
AirAsia,TAG-MNL,2023.0,6,9262.8,17.7,3787.34,3392.86,3534.7,380,7701
Cebu Pacific,TAG-MNL,2023.0,6,17620.75,42.36,3787.34,3392.86,3534.7,380,7701
Philippine Airlines,TAG-MNL,2023.0,6,7944.804,35.01,3787.34,3392.86,3534.7,380,7701
Cebu Pacific,TUG-MNL,2023.0,6,9439.5,42.36,10000.0,10000.0,3534.7,86,7701
Cebgo,USU-CEB,2023.0,6,2583.0,4.93,5496.99,5565.67,2953.51,283,2666
Philippine Airlines,USU-CEB,2023.0,6,1344.6999999999998,35.01,5496.99,5565.67,2953.51,283,2666
Philippine Airlines,USU-CRK,2023.0,6,591.668,35.01,10000.0,5565.67,7172.34,283,60
Cebgo,USU-MNL,2023.0,6,4851.0,4.93,6250.23,5565.67,3534.7,283,7701
Philippine Airlines,USU-MNL,2023.0,6,1616.8039999999999,35.01,6250.23,5565.67,3534.7,283,7701
Cebgo,USU-USU,2023.0,6,126.0,4.93,10000.0,5565.67,5565.67,283,283
Cebu Pacific,VRC-MNL,2023.0,6,162.75,42.36,10000.0,10000.0,3534.7,1,7701
Cebgo,WNP-MNL,2023.0,6,3276.0,4.93,10000.0,10000.0,3534.7,104,7701
Cebu Pacific,ZAM-CEB,2023.0,6,813.75,42.36,5171.24,6164.63,2953.51,214,2666
Philippine Airlines,ZAM-CEB,2023.0,6,1183.336,35.01,5171.24,6164.63,2953.51,214,2666
Cebu Pacific,ZAM-MNL,2023.0,6,18095.0,42.36,6550.87,6164.63,3534.7,214,7701
Philippine Airlines,ZAM-MNL,2023.0,6,5149.41,35.01,6550.87,6164.63,3534.7,214,7701
Cebu Pacific,ZAM-NAN,2023.0,6,162.75,42.36,10000.0,6164.63,3808.56,214,11
Cebu Pacific,ZAM-TWT,2023.0,6,4557.0,42.36,5835.32,6164.63,5621.32,214,46
Philippine Airlines,ZAM-TWT,2023.0,6,1912.6380000000001,35.01,5835.32,6164.63,5621.32,214,46
Philippine Airlines,BCD-CEB,2023.0,7,824.1600000000001,34.67,10000.0,3598.26,2983.79,626,2730
Cebu Pacific,BCD-DVO,2023.0,7,3633.696,43.29,10000.0,3598.26,4788.89,626,1125
AirAsia,BCD-MNL,2023.0,7,15395.22,17.48,3453.67,3598.26,3569.46,626,8569
Cebu Pacific,BCD-MNL,2023.0,7,24293.904000000002,43.29,3453.67,3598.26,3569.46,626,8569
Philippine Airlines,BCD-MNL,2023.0,7,18516.128,34.67,3453.67,3598.26,3569.46,626,8569
Philippine Airlines,BPA-CEB,2023.0,7,439.552,34.67,10000.0,10000.0,2983.79,17,2730
Cebgo,BXU-CEB,2023.0,7,1406.592,4.55,10000.0,4691.4,2983.79,339,2730
Cebu Pacific,BXU-MNL,2023.0,7,14204.448,43.29,5228.26,4691.4,3569.46,339,8569
Philippine Airlines,BXU-MNL,2023.0,7,9203.12,34.67,5228.26,4691.4,3569.46,339,8569
Cebgo,CEB-BCD,2023.0,7,63.936,4.55,8663.81,2983.79,3598.26,2730,626
Philippine Airlines,CEB-BCD,2023.0,7,824.1600000000001,34.67,8663.81,2983.79,3598.26,2730,626
Philippine Airlines,CEB-BPA,2023.0,7,494.49600000000004,34.67,10000.0,2983.79,10000.0,2730,17
Cebgo,CEB-BXU,2023.0,7,1406.592,4.55,10000.0,2983.79,4691.4,2730,339
Cebgo,CEB-CEB,2023.0,7,63.936,4.55,10000.0,2983.79,2983.79,2730,2730
Cebgo,CEB-CGY,2023.0,7,7480.512,4.55,7040.81,2983.79,3167.0,2730,837
Philippine Airlines,CEB-CGY,2023.0,7,1648.3200000000002,34.67,7040.81,2983.79,3167.0,2730,837
Cebgo,CEB-CYP,2023.0,7,1086.912,4.55,10000.0,2983.79,5018.74,2730,69
Cebgo,CEB-DPL,2023.0,7,575.424,4.55,10000.0,2983.79,4563.68,2730,115
Cebu Pacific,CEB-DVO,2023.0,7,4955.04,43.29,5000.07,2983.79,4788.89,2730,1125
Philippine Airlines,CEB-DVO,2023.0,7,4993.4400000000005,34.67,5000.07,2983.79,4788.89,2730,1125
Cebgo,CEB-IAO,2023.0,7,3452.544,4.55,5002.67,2983.79,5534.43,2730,392
Philippine Airlines,CEB-IAO,2023.0,7,3296.6400000000003,34.67,5002.67,2983.79,5534.43,2730,392
Cebgo,CEB-ILO,2023.0,7,2749.248,4.55,10000.0,2983.79,3123.05,2730,792
AirAsia,CEB-MNL,2023.0,7,20361.42,17.48,3780.92,2983.79,3569.46,2730,8569
Cebu Pacific,CEB-MNL,2023.0,7,53780.832,43.29,3780.92,2983.79,3569.46,2730,8569
Philippine Airlines,CEB-MNL,2023.0,7,37572.0,34.67,3780.92,2983.79,3569.46,2730,8569
Cebu Pacific,CEB-MPH,2023.0,7,5120.2080000000005,43.29,6019.72,2983.79,3314.55,2730,963
Philippine Airlines,CEB-MPH,2023.0,7,1934.352,34.67,6019.72,2983.79,3314.55,2730,963
AirAsia,CEB-NAN,2023.0,7,165.54,17.48,3377.87,2983.79,5552.0,2730,25
Cebgo,CEB-NAN,2023.0,7,127.872,4.55,3377.87,2983.79,5552.0,2730,25
Cebu Pacific,CEB-NAN,2023.0,7,165.168,43.29,3377.87,2983.79,5552.0,2730,25
Cebgo,CEB-PAG,2023.0,7,575.424,4.55,10000.0,2983.79,7365.62,2730,133
Cebu Pacific,CEB-PPS,2023.0,7,825.84,43.29,6181.68,2983.79,3721.6,2730,424
Philippine Airlines,CEB-PPS,2023.0,7,2388.4480000000003,34.67,6181.68,2983.79,3721.6,2730,424
Cebgo,CEB-TAC,2023.0,7,1726.272,4.55,5209.81,2983.79,3138.61,2730,684
Philippine Airlines,CEB-TAC,2023.0,7,1139.28,34.67,5209.81,2983.79,3138.61,2730,684
Cebgo,CEB-USU,2023.0,7,1918.08,4.55,5257.29,2983.79,5608.19,2730,303
Philippine Airlines,CEB-USU,2023.0,7,1208.768,34.67,5257.29,2983.79,5608.19,2730,303
Cebgo,CGY-CEB,2023.0,7,7352.64,4.55,7008.17,3167.0,2983.79,837,2730
Philippine Airlines,CGY-CEB,2023.0,7,1648.3200000000002,34.67,7008.17,3167.0,2983.79,837,2730
Cebgo,CGY-DVO,2023.0,7,1150.848,4.55,10000.0,3167.0,4788.89,837,1125
AirAsia,CGY-MNL,2023.0,7,5131.74,17.48,4028.51,3167.0,3569.46,837,8569
Cebu Pacific,CGY-MNL,2023.0,7,19717.152000000002,43.29,4028.51,3167.0,3569.46,837,8569
Philippine Airlines,CGY-MNL,2023.0,7,18325.440000000002,34.67,4028.51,3167.0,3569.46,837,8569
Cebu Pacific,CRK-CEB,2023.0,7,2147.184,43.29,10000.0,6459.05,2983.79,74,2730
Cebu Pacific,CRK-MPH,2023.0,7,2147.184,43.29,10000.0,6459.05,3314.55,74,963
Philippine Airlines,CRK-USU,2023.0,7,988.9920000000001,34.67,10000.0,6459.05,5608.19,74,303
Cebgo,CYP-CEB,2023.0,7,1086.912,4.55,10000.0,5018.74,2983.79,69,2730
Philippine Airlines,CYP-MNL,2023.0,7,934.048,34.67,10000.0,5018.74,3569.46,69,8569
Cebu Pacific,CYZ-MNL,2023.0,7,4624.704,43.29,10000.0,10000.0,3569.46,57,8569
Cebu Pacific,DGT-MNL,2023.0,7,7432.56,43.29,5038.72,5015.43,3569.46,238,8569
Philippine Airlines,DGT-MNL,2023.0,7,8866.992,34.67,5038.72,5015.43,3569.46,238,8569
Cebgo,DPL-CEB,2023.0,7,575.424,4.55,10000.0,4563.68,2983.79,115,2730
Cebu Pacific,DPL-MNL,2023.0,7,2973.0240000000003,43.29,5210.64,4563.68,3569.46,115,8569
Philippine Airlines,DPL-MNL,2023.0,7,4508.64,34.67,5210.64,4563.68,3569.46,115,8569
Cebgo,DRP-MNL,2023.0,7,63.936,4.55,4969.98,4969.85,3569.46,307,8569
Cebu Pacific,DRP-MNL,2023.0,7,10405.584,43.29,4969.98,4969.85,3569.46,307,8569
Philippine Airlines,DRP-MNL,2023.0,7,10133.936000000002,34.67,4969.98,4969.85,3569.46,307,8569
Cebu Pacific,DVO-BCD,2023.0,7,3633.696,43.29,10000.0,4788.89,3598.26,1125,626
Cebu Pacific,DVO-CEB,2023.0,7,4955.04,43.29,5000.01,4788.89,2983.79,1125,2730
Philippine Airlines,DVO-CEB,2023.0,7,4938.496,34.67,5000.01,4788.89,2983.79,1125,2730
Cebgo,DVO-CGY,2023.0,7,1150.848,4.55,10000.0,4788.89,3167.0,1125,837
Cebgo,DVO-IAO,2023.0,7,831.168,4.55,10000.0,4788.89,5534.43,1125,392
Cebu Pacific,DVO-ILO,2023.0,7,165.168,43.29,10000.0,4788.89,3123.05,1125,792
Cebu Pacific,DVO-MNL,2023.0,7,35739.336,43.29,5000.15,4788.89,3569.46,1125,8569
Philippine Airlines,DVO-MNL,2023.0,7,36130.528,34.67,5000.15,4788.89,3569.46,1125,8569
Philippine Airlines,DVO-TAG,2023.0,7,714.272,34.67,10000.0,4788.89,3366.86,1125,391
Philippine Airlines,EUQ-MNL,2023.0,7,659.328,34.67,10000.0,10000.0,3569.46,24,8569
Cebu Pacific,GES-MNL,2023.0,7,12667.32,43.29,5003.9,5003.9,3569.46,204,8569
Philippine Airlines,GES-MNL,2023.0,7,11979.408,34.67,5003.9,5003.9,3569.46,204,8569
Cebgo,IAO-CEB,2023.0,7,2493.504,4.55,5085.09,5534.43,2983.79,392,2730
Philippine Airlines,IAO-CEB,2023.0,7,3241.6960000000004,34.67,5085.09,5534.43,2983.79,392,2730
Cebgo,IAO-DVO,2023.0,7,831.168,4.55,10000.0,5534.43,4788.89,392,1125
Philippine Airlines,IAO-MNL,2023.0,7,3351.5840000000003,34.67,10000.0,5534.43,3569.46,392,8569
Cebgo,ILO-CEB,2023.0,7,2941.056,4.55,10000.0,3123.05,2983.79,792,2730
AirAsia,ILO-MNL,2023.0,7,26667.96,17.48,3489.76,3123.05,3569.46,792,8569
Cebgo,ILO-MNL,2023.0,7,63.936,4.55,3489.76,3123.05,3569.46,792,8569
Cebu Pacific,ILO-MNL,2023.0,7,17214.768,43.29,3489.76,3123.05,3569.46,792,8569
Philippine Airlines,ILO-MNL,2023.0,7,17031.024,34.67,3489.76,3123.05,3569.46,792,8569
Cebu Pacific,ILO-NAN,2023.0,7,165.168,43.29,10000.0,3123.05,5552.0,792,25
AirAsia,KLO-MNL,2023.0,7,15560.759999999998,17.48,6274.31,6274.31,3569.46,250,8569
Cebu Pacific,KLO-MNL,2023.0,7,5120.2080000000005,43.29,6274.31,6274.31,3569.46,250,8569
Philippine Airlines,LAO-MNL,2023.0,7,7936.176,34.67,10000.0,10000.0,3569.46,77,8569
AirAsia,MNL-BCD,2023.0,7,10263.48,17.48,3575.72,3569.46,3598.26,8569,626
Cebu Pacific,MNL-BCD,2023.0,7,16106.544,43.29,3575.72,3569.46,3598.26,8569,626
Philippine Airlines,MNL-BCD,2023.0,7,8787.808,34.67,3575.72,3569.46,3598.26,8569,626
Philippine Airlines,MNL-BSO,2023.0,7,1593.376,34.67,10000.0,3569.46,10000.0,8569,29
Cebu Pacific,MNL-BXU,2023.0,7,14369.616,43.29,5240.18,3569.46,4691.4,8569,339
Philippine Airlines,MNL-BXU,2023.0,7,9203.12,34.67,5240.18,3569.46,4691.4,8569,339
AirAsia,MNL-CEB,2023.0,7,25327.62,17.48,3445.78,3569.46,2983.79,8569,2730
Cebgo,MNL-CEB,2023.0,7,703.296,4.55,3445.78,3569.46,2983.79,8569,2730
Cebu Pacific,MNL-CEB,2023.0,7,44011.056000000004,43.29,3445.78,3569.46,2983.79,8569,2730
Philippine Airlines,MNL-CEB,2023.0,7,37418.48,34.67,3445.78,3569.46,2983.79,8569,2730
AirAsia,MNL-CGY,2023.0,7,5131.74,17.48,4394.96,3569.46,3167.0,8569,837
Cebu Pacific,MNL-CGY,2023.0,7,25435.872,43.29,4394.96,3569.46,3167.0,8569,837
Philippine Airlines,MNL-CGY,2023.0,7,13679.44,34.67,4394.96,3569.46,3167.0,8569,837
Philippine Airlines,MNL-CRM,2023.0,7,879.104,34.67,10000.0,3569.46,10000.0,8569,16
Philippine Airlines,MNL-CYP,2023.0,7,988.9920000000001,34.67,10000.0,3569.46,5018.74,8569,69
Cebu Pacific,MNL-CYZ,2023.0,7,4789.872,43.29,10000.0,3569.46,10000.0,8569,57
Cebu Pacific,MNL-DGT,2023.0,7,12387.6,43.29,5137.18,3569.46,5015.43,8569,238
Philippine Airlines,MNL-DGT,2023.0,7,8866.992,34.67,5137.18,3569.46,5015.43,8569,238
Cebu Pacific,MNL-DPL,2023.0,7,2973.0240000000003,43.29,5243.99,3569.46,4563.68,8569,115
Philippine Airlines,MNL-DPL,2023.0,7,4658.928,34.67,5243.99,3569.46,4563.68,8569,115
Cebgo,MNL-DRP,2023.0,7,63.936,4.55,4969.74,3569.46,4969.85,8569,307
Cebu Pacific,MNL-DRP,2023.0,7,10405.584,43.29,4969.74,3569.46,4969.85,8569,307
Philippine Airlines,MNL-DRP,2023.0,7,10188.880000000001,34.67,4969.74,3569.46,4969.85,8569,307
Cebu Pacific,MNL-DVO,2023.0,7,36391.128000000004,43.29,5000.0,3569.46,4788.89,8569,1125
Philippine Airlines,MNL-DVO,2023.0,7,36431.104,34.67,5000.0,3569.46,4788.89,8569,1125
Philippine Airlines,MNL-EUQ,2023.0,7,659.328,34.67,10000.0,3569.46,10000.0,8569,24
Cebu Pacific,MNL-GES,2023.0,7,12667.32,43.29,5003.9,3569.46,5003.9,8569,204
Philippine Airlines,MNL-GES,2023.0,7,11979.408,34.67,5003.9,3569.46,5003.9,8569,204
Philippine Airlines,MNL-IAO,2023.0,7,5109.792,34.67,10000.0,3569.46,5534.43,8569,392
AirAsia,MNL-ILO,2023.0,7,20692.5,17.48,3360.23,3569.46,3123.05,8569,792
Cebu Pacific,MNL-ILO,2023.0,7,17379.936,43.29,3360.23,3569.46,3123.05,8569,792
Philippine Airlines,MNL-ILO,2023.0,7,17031.024,34.67,3360.23,3569.46,3123.05,8569,792
AirAsia,MNL-KLO,2023.0,7,15560.759999999998,17.48,6274.31,3569.46,6274.31,8569,250
Cebu Pacific,MNL-KLO,2023.0,7,5120.2080000000005,43.29,6274.31,3569.46,6274.31,8569,250
Philippine Airlines,MNL-LAO,2023.0,7,4227.456,34.67,10000.0,3569.46,10000.0,8569,77
Philippine Airlines,MNL-MNL,2023.0,7,185.84,34.67,10000.0,3569.46,3569.46,8569,8569
AirAsia,MNL-MPH,2023.0,7,15395.22,17.48,3150.59,3569.46,3314.55,8569,963
Cebgo,MNL-MPH,2023.0,7,1918.08,4.55,3150.59,3569.46,3314.55,8569,963
Cebu Pacific,MNL-MPH,2023.0,7,19489.824,43.29,3150.59,3569.46,3314.55,8569,963
Philippine Airlines,MNL-MPH,2023.0,7,15023.952000000001,34.67,3150.59,3569.46,3314.55,8569,963
AirAsia,MNL-NAN,2023.0,7,662.16,17.48,6498.68,3569.46,5552.0,8569,25
Cebu Pacific,MNL-NAN,2023.0,7,2264.4,43.29,6498.68,3569.46,5552.0,8569,25
Cebu Pacific,MNL-OZC,2023.0,7,7597.728,43.29,10000.0,3569.46,6095.89,8569,132
Cebu Pacific,MNL-PAG,2023.0,7,5120.2080000000005,43.29,10000.0,3569.46,7365.62,8569,133
AirAsia,MNL-PPS,2023.0,7,5131.74,17.48,3680.36,3569.46,3721.6,8569,424
Cebu Pacific,MNL-PPS,2023.0,7,4576.752,43.29,3680.36,3569.46,3721.6,8569,424
Philippine Airlines,MNL-PPS,2023.0,7,9123.936000000002,34.67,3680.36,3569.46,3721.6,8569,424
Cebu Pacific,MNL-RXS,2023.0,7,4459.536,43.29,10000.0,3569.46,5182.42,8569,128
AirAsia,MNL-TAC,2023.0,7,8111.46,17.48,3448.37,3569.46,3138.61,8569,684
Cebu Pacific,MNL-TAC,2023.0,7,10240.416000000001,43.29,3448.37,3569.46,3138.61,8569,684
Philippine Airlines,MNL-TAC,2023.0,7,12834.272,34.67,3448.37,3569.46,3138.61,8569,684
AirAsia,MNL-TAG,2023.0,7,10263.48,17.48,3472.77,3569.46,3366.86,8569,391
Cebu Pacific,MNL-TAG,2023.0,7,6127.200000000001,43.29,3472.77,3569.46,3366.86,8569,391
Philippine Airlines,MNL-TAG,2023.0,7,9009.2,34.67,3472.77,3569.46,3366.86,8569,391
Cebu Pacific,MNL-TUG,2023.0,7,4624.704,43.29,10000.0,3569.46,10000.0,8569,84
Cebgo,MNL-USU,2023.0,7,1918.08,4.55,10000.0,3569.46,5608.19,8569,303
Cebgo,MNL-WNP,2023.0,7,3516.48,4.55,10000.0,3569.46,10000.0,8569,109
Cebu Pacific,MPH-CEB,2023.0,7,5120.2080000000005,43.29,6126.09,3314.55,2983.79,963,2730
Philippine Airlines,MPH-CEB,2023.0,7,1824.4640000000002,34.67,6126.09,3314.55,2983.79,963,2730
Cebu Pacific,MPH-CRK,2023.0,7,2147.184,43.29,10000.0,3314.55,6459.05,963,74
AirAsia,MPH-MNL,2023.0,7,20526.96,17.48,3173.27,3314.55,3569.46,963,8569
Cebgo,MPH-MNL,2023.0,7,2045.952,4.55,3173.27,3314.55,3569.46,963,8569
Cebu Pacific,MPH-MNL,2023.0,7,24610.032,43.29,3173.27,3314.55,3569.46,963,8569
Philippine Airlines,MPH-MNL,2023.0,7,19627.936,34.67,3173.27,3314.55,3569.46,963,8569
Philippine Airlines,MPH-MPH,2023.0,7,54.944,34.67,10000.0,3314.55,3314.55,963,963
AirAsia,MPH-NAN,2023.0,7,165.54,17.48,10000.0,3314.55,5552.0,963,25
Cebgo,OZC-CEB,2023.0,7,575.424,4.55,10000.0,6095.89,2983.79,132,2730
Cebu Pacific,OZC-MNL,2023.0,7,7432.56,43.29,5285.98,6095.89,3569.46,132,8569
Philippine Airlines,OZC-MNL,2023.0,7,4563.584000000001,34.67,5285.98,6095.89,3569.46,132,8569
Cebu Pacific,OZC-NAN,2023.0,7,165.168,43.29,10000.0,6095.89,5552.0,132,25
Cebgo,PAG-CEB,2023.0,7,2173.824,4.55,10000.0,7365.62,2983.79,133,2730
Cebu Pacific,PAG-MNL,2023.0,7,9744.912,43.29,10000.0,7365.62,3569.46,133,8569
Cebu Pacific,PPS-CEB,2023.0,7,825.84,43.29,5166.28,3721.6,2983.79,424,2730
Philippine Airlines,PPS-CEB,2023.0,7,1194.2240000000002,34.67,5166.28,3721.6,2983.79,424,2730
AirAsia,PPS-MNL,2023.0,7,10263.48,17.48,3625.45,3721.6,3569.46,424,8569
Cebu Pacific,PPS-MNL,2023.0,7,10439.328000000001,43.29,3625.45,3721.6,3569.46,424,8569
Philippine Airlines,PPS-MNL,2023.0,7,18571.072,34.67,3625.45,3721.6,3569.46,424,8569
AirAsia,RXS-MNL,2023.0,7,2152.02,17.48,4425.79,5182.42,3569.46,128,8569
Cebu Pacific,RXS-MNL,2023.0,7,9579.744,43.29,4425.79,5182.42,3569.46,128,8569
Philippine Airlines,RXS-MNL,2023.0,7,4508.64,34.67,4425.79,5182.42,3569.46,128,8569
Cebgo,TAC-CEB,2023.0,7,2493.504,4.55,5694.82,3138.61,2983.79,684,2730
Philippine Airlines,TAC-CEB,2023.0,7,1139.28,34.67,5694.82,3138.61,2983.79,684,2730
AirAsia,TAC-MNL,2023.0,7,20085.52,17.48,3626.85,3138.61,3569.46,684,8569
Cebu Pacific,TAC-MNL,2023.0,7,27748.224000000002,43.29,3626.85,3138.61,3569.46,684,8569
Philippine Airlines,TAC-MNL,2023.0,7,13010.416000000001,34.67,3626.85,3138.61,3569.46,684,8569
Philippine Airlines,TAG-DVO,2023.0,7,714.272,34.67,10000.0,3366.86,4788.89,391,1125
AirAsia,TAG-MNL,2023.0,7,10097.939999999999,17.48,3708.37,3366.86,3569.46,391,8569
Cebu Pacific,TAG-MNL,2023.0,7,18399.36,43.29,3708.37,3366.86,3569.46,391,8569
Philippine Airlines,TAG-MNL,2023.0,7,9009.2,34.67,3708.37,3366.86,3569.46,391,8569
AirAsia,TAG-TAG,2023.0,7,165.54,17.48,10000.0,3366.86,3366.86,391,391
Cebu Pacific,TUG-MNL,2023.0,7,9249.408,43.29,10000.0,10000.0,3569.46,84,8569
Cebgo,USU-CEB,2023.0,7,2685.312,4.55,5718.87,5608.19,2983.79,303,2730
Philippine Airlines,USU-CEB,2023.0,7,1208.768,34.67,5718.87,5608.19,2983.79,303,2730
Philippine Airlines,USU-CRK,2023.0,7,934.048,34.67,10000.0,5608.19,6459.05,303,74
Cebgo,USU-MNL,2023.0,7,5818.176,4.55,6559.48,5608.19,3569.46,303,8569
Philippine Airlines,USU-MNL,2023.0,7,1648.3200000000002,34.67,6559.48,5608.19,3569.46,303,8569
Cebgo,USU-NAN,2023.0,7,63.936,4.55,10000.0,5608.19,5552.0,303,25
Cebgo,WNP-MNL,2023.0,7,3452.544,4.55,10000.0,10000.0,3569.46,109,8569
Cebu Pacific,ZAM-CEB,2023.0,7,991.008,43.29,5198.05,5761.98,2983.79,232,2730
Philippine Airlines,ZAM-CEB,2023.0,7,1483.488,34.67,5198.05,5761.98,2983.79,232,2730
Cebu Pacific,ZAM-MNL,2023.0,7,19489.824,43.29,6056.68,5761.98,3569.46,232,8569
Philippine Airlines,ZAM-MNL,2023.0,7,7213.8240000000005,34.67,6056.68,5761.98,3569.46,232,8569
Cebu Pacific,ZAM-TWT,2023.0,7,3468.5280000000002,43.29,5498.76,5761.98,5498.76,232,33
Philippine Airlines,ZAM-TWT,2023.0,7,1803.4560000000001,34.67,5498.76,5761.98,5498.76,232,33
Philippine Airlines,BCD-CEB,2023.0,8,1043.9360000000001,36.31,10000.0,3499.13,3057.26,616,2749
Cebu Pacific,BCD-DVO,2023.0,8,2908.9139999999998,41.16,10000.0,3499.13,4818.35,616,1158
AirAsia,BCD-MNL,2023.0,8,15395.22,18.36,3387.53,3499.13,3512.35,616,8317
Cebu Pacific,BCD-MNL,2023.0,8,21087.594,41.16,3387.53,3499.13,3512.35,616,8317
Philippine Airlines,BCD-MNL,2023.0,8,18192.928,36.31,3387.53,3499.13,3512.35,616,8317
Philippine Airlines,BPA-CEB,2023.0,8,439.552,36.31,10000.0,10000.0,3057.26,16,2749
Cebgo,BXU-CEB,2023.0,8,1463.4,4.16,10000.0,4653.39,3057.26,344,2749
Cebu Pacific,BXU-MNL,2023.0,8,13307.184,41.16,5263.87,4653.39,3512.35,344,8317
Philippine Airlines,BXU-MNL,2023.0,8,8335.328000000001,36.31,5263.87,4653.39,3512.35,344,8317
Philippine Airlines,CEB-BCD,2023.0,8,1043.9360000000001,36.31,10000.0,3057.26,3499.13,2749,616
Philippine Airlines,CEB-BPA,2023.0,8,439.552,36.31,10000.0,3057.26,10000.0,2749,16
Cebgo,CEB-BXU,2023.0,8,1463.4,4.16,9302.45,3057.26,4653.39,2749,344
Philippine Airlines,CEB-BXU,2023.0,8,54.944,36.31,9302.45,3057.26,4653.39,2749,344
Cebgo,CEB-CEB,2023.0,8,175.608,4.16,10000.0,3057.26,3057.26,2749,2749
Cebgo,CEB-CGY,2023.0,8,6497.496,4.16,6282.87,3057.26,3206.26,2749,815
Philippine Airlines,CEB-CGY,2023.0,8,2128.272,36.31,6282.87,3057.26,3206.26,2749,815
Cebu Pacific,CEB-CRK,2023.0,8,1360.962,41.16,10000.0,3057.26,7340.41,2749,94
Cebgo,CEB-CYP,2023.0,8,995.1120000000001,4.16,10000.0,3057.26,5000.0,2749,64
Cebgo,CEB-DPL,2023.0,8,117.072,4.16,10000.0,3057.26,4974.83,2749,108
Cebu Pacific,CEB-DVO,2023.0,8,4687.758,41.16,5321.31,3057.26,4818.35,2749,1158
Philippine Airlines,CEB-DVO,2023.0,8,7871.536000000001,36.31,5321.31,3057.26,4818.35,2749,1158
Cebgo,CEB-IAO,2023.0,8,3629.232,4.16,5027.06,3057.26,5444.05,2749,395
Philippine Airlines,CEB-IAO,2023.0,8,3131.808,36.31,5027.06,3057.26,5444.05,2749,395
Cebgo,CEB-ILO,2023.0,8,2458.512,4.16,10000.0,3057.26,3169.79,2749,785
AirAsia,CEB-MNL,2023.0,8,20526.96,18.36,3645.95,3057.26,3512.35,2749,8317
Cebu Pacific,CEB-MNL,2023.0,8,45984.906,41.16,3645.95,3057.26,3512.35,2749,8317
Philippine Airlines,CEB-MNL,2023.0,8,40115.584,36.31,3645.95,3057.26,3512.35,2749,8317
Cebu Pacific,CEB-MPH,2023.0,8,4687.758,41.16,5211.07,3057.26,3281.43,2749,892
Philippine Airlines,CEB-MPH,2023.0,8,3089.7920000000004,36.31,5211.07,3057.26,3281.43,2749,892
AirAsia,CEB-NAN,2023.0,8,165.54,18.36,6140.2,3057.26,6652.42,2749,24
Cebgo,CEB-NAN,2023.0,8,58.536,4.16,6140.2,3057.26,6652.42,2749,24
Cebgo,CEB-PAG,2023.0,8,58.536,4.16,10000.0,3057.26,8012.04,2749,114
Cebu Pacific,CEB-PPS,2023.0,8,1360.962,41.16,5747.51,3057.26,3564.91,2749,499
Philippine Airlines,CEB-PPS,2023.0,8,3076.864,36.31,5747.51,3057.26,3564.91,2749,499
Cebgo,CEB-TAC,2023.0,8,1639.008,4.16,5000.04,3057.26,3155.22,2749,665
Philippine Airlines,CEB-TAC,2023.0,8,1648.3200000000002,36.31,5000.04,3057.26,3155.22,2749,665
Cebgo,CEB-USU,2023.0,8,1814.616,4.16,5160.14,3057.26,5488.68,2749,296
Philippine Airlines,CEB-USU,2023.0,8,1263.712,36.31,5160.14,3057.26,5488.68,2749,296
Cebgo,CGY-CEB,2023.0,8,6321.888,4.16,6437.72,3206.26,3057.26,815,2749
Philippine Airlines,CGY-CEB,2023.0,8,1908.496,36.31,6437.72,3206.26,3057.26,815,2749
Cebgo,CGY-DVO,2023.0,8,1053.6480000000001,4.16,10000.0,3206.26,4818.35,815,1158
AirAsia,CGY-MNL,2023.0,8,5131.74,18.36,3995.45,3206.26,3512.35,815,8317
Cebu Pacific,CGY-MNL,2023.0,8,18788.43,41.16,3995.45,3206.26,3512.35,815,8317
Philippine Airlines,CGY-MNL,2023.0,8,14396.944000000001,36.31,3995.45,3206.26,3512.35,815,8317
Cebu Pacific,CRK-CEB,2023.0,8,1814.616,41.16,10000.0,7340.41,3057.26,94,2749
Cebu Pacific,CRK-MNL,2023.0,8,151.218,41.16,10000.0,7340.41,3512.35,94,8317
Cebu Pacific,CRK-MPH,2023.0,8,3024.3599999999997,41.16,10000.0,7340.41,3281.43,94,892
Philippine Airlines,CRK-USU,2023.0,8,879.104,36.31,10000.0,7340.41,5488.68,94,296
Cebgo,CYP-CEB,2023.0,8,819.504,4.16,10000.0,5000.0,3057.26,64,2749
Philippine Airlines,CYP-MNL,2023.0,8,934.048,36.31,10000.0,5000.0,3512.35,64,8317
Cebu Pacific,CYZ-MNL,2023.0,8,4082.8859999999995,41.16,10000.0,10000.0,3512.35,54,8317
Cebu Pacific,DGT-MNL,2023.0,8,6502.374,41.16,5058.2,5006.95,3512.35,223,8317
Philippine Airlines,DGT-MNL,2023.0,8,8075.152000000001,36.31,5058.2,5006.95,3512.35,223,8317
Cebu Pacific,DPL-MNL,2023.0,8,4385.322,41.16,5047.43,4974.83,3512.35,108,8317
Philippine Airlines,DPL-MNL,2023.0,8,3606.9120000000003,36.31,5047.43,4974.83,3512.35,108,8317
Cebu Pacific,DRP-MNL,2023.0,8,6307.254,41.16,5208.82,5203.2,3512.35,254,8317
Philippine Airlines,DRP-MNL,2023.0,8,9547.328000000001,36.31,5208.82,5203.2,3512.35,254,8317
Cebu Pacific,DVO-BCD,2023.0,8,2908.9139999999998,41.16,10000.0,4818.35,3499.13,1158,616
Cebu Pacific,DVO-CEB,2023.0,8,4687.758,41.16,5329.61,4818.35,3057.26,1158,2749
Philippine Airlines,DVO-CEB,2023.0,8,7926.4800000000005,36.31,5329.61,4818.35,3057.26,1158,2749
Cebgo,DVO-CGY,2023.0,8,995.1120000000001,4.16,10000.0,4818.35,3206.26,1158,815
Cebgo,DVO-IAO,2023.0,8,760.9680000000001,4.16,10000.0,4818.35,5444.05,1158,395
Cebu Pacific,DVO-ILO,2023.0,8,302.436,41.16,10000.0,4818.35,3169.79,1158,785
Cebu Pacific,DVO-MNL,2023.0,8,35288.265,41.16,5004.79,4818.35,3512.35,1158,8317
Philippine Airlines,DVO-MNL,2023.0,8,37541.296,36.31,5004.79,4818.35,3512.35,1158,8317
Cebgo,DVO-NAN,2023.0,8,58.536,4.16,10000.0,4818.35,6652.42,1158,24
Philippine Airlines,DVO-TAG,2023.0,8,1153.824,36.31,10000.0,4818.35,3341.86,1158,401
Philippine Airlines,EUQ-MNL,2023.0,8,659.328,36.31,10000.0,10000.0,3512.35,26,8317
Cebu Pacific,GES-MNL,2023.0,8,10996.638,41.16,5072.84,5072.84,3512.35,220,8317
Philippine Airlines,GES-MNL,2023.0,8,14015.568,36.31,5072.84,5072.84,3512.35,220,8317
Cebgo,IAO-CEB,2023.0,8,2634.12,4.16,5023.51,5444.05,3057.26,395,2749
Philippine Airlines,IAO-CEB,2023.0,8,3021.92,36.31,5023.51,5444.05,3057.26,395,2749
Cebgo,IAO-DVO,2023.0,8,702.432,4.16,10000.0,5444.05,4818.35,395,1158
Philippine Airlines,IAO-MNL,2023.0,8,3186.752,36.31,10000.0,5444.05,3512.35,395,8317
Cebgo,IAO-NAN,2023.0,8,58.536,4.16,10000.0,5444.05,6652.42,395,24
Cebgo,ILO-CEB,2023.0,8,2634.12,4.16,10000.0,3169.79,3057.26,785,2749
AirAsia,ILO-MNL,2023.0,8,25984.44,18.36,3537.83,3169.79,3512.35,785,8317
Cebu Pacific,ILO-MNL,2023.0,8,15474.642,41.16,3537.83,3169.79,3512.35,785,8317
Philippine Airlines,ILO-MNL,2023.0,8,16310.288,36.31,3537.83,3169.79,3512.35,785,8317
Cebu Pacific,ILO-NAN,2023.0,8,302.436,41.16,10000.0,3169.79,6652.42,785,24
AirAsia,KLO-MNL,2023.0,8,15395.22,18.36,6421.3,6411.02,3512.35,247,8317
Cebu Pacific,KLO-MNL,2023.0,8,4687.758,41.16,6421.3,6411.02,3512.35,247,8317
Philippine Airlines,LAO-MNL,2023.0,8,7558.032000000001,36.31,10000.0,10000.0,3512.35,83,8317
AirAsia,MNL-BCD,2023.0,8,10263.48,18.36,3550.89,3512.35,3499.13,8317,616
Cebu Pacific,MNL-BCD,2023.0,8,15274.644,41.16,3550.89,3512.35,3499.13,8317,616
Philippine Airlines,MNL-BCD,2023.0,8,8430.672,36.31,3550.89,3512.35,3499.13,8317,616
Philippine Airlines,MNL-BSO,2023.0,8,1373.6000000000001,36.31,10000.0,3512.35,10000.0,8317,25
Cebu Pacific,MNL-BXU,2023.0,8,13307.184,41.16,5256.77,3512.35,4653.39,8317,344
Philippine Airlines,MNL-BXU,2023.0,8,8390.272,36.31,5256.77,3512.35,4653.39,8317,344
AirAsia,MNL-CEB,2023.0,8,25658.699999999997,18.36,3436.66,3512.35,3057.26,8317,2749
Cebu Pacific,MNL-CEB,2023.0,8,35285.826,41.16,3436.66,3512.35,3057.26,8317,2749
Philippine Airlines,MNL-CEB,2023.0,8,39850.56,36.31,3436.66,3512.35,3057.26,8317,2749
AirAsia,MNL-CGY,2023.0,8,5131.74,18.36,4562.9,3512.35,3206.26,8317,815
Cebu Pacific,MNL-CGY,2023.0,8,24593.25,41.16,4562.9,3512.35,3206.26,8317,815
Philippine Airlines,MNL-CGY,2023.0,8,10699.536,36.31,4562.9,3512.35,3206.26,8317,815
Philippine Airlines,MNL-CRM,2023.0,8,934.048,36.31,10000.0,3512.35,10000.0,8317,17
Philippine Airlines,MNL-CYP,2023.0,8,879.104,36.31,10000.0,3512.35,5000.0,8317,64
Cebu Pacific,MNL-CYZ,2023.0,8,4082.8859999999995,41.16,10000.0,3512.35,10000.0,8317,54
Cebu Pacific,MNL-DGT,2023.0,8,10736.478,41.16,5113.5,3512.35,5006.95,8317,223
Philippine Airlines,MNL-DGT,2023.0,8,7924.8640000000005,36.31,5113.5,3512.35,5006.95,8317,223
Cebu Pacific,MNL-DPL,2023.0,8,4385.322,41.16,5047.43,3512.35,4974.83,8317,108
Philippine Airlines,MNL-DPL,2023.0,8,3606.9120000000003,36.31,5047.43,3512.35,4974.83,8317,108
Cebu Pacific,MNL-DRP,2023.0,8,6307.254,41.16,5197.62,3512.35,5203.2,8317,254
Philippine Airlines,MNL-DRP,2023.0,8,9437.44,36.31,5197.62,3512.35,5203.2,8317,254
Cebu Pacific,MNL-DVO,2023.0,8,35137.047,41.16,5005.47,3512.35,4818.35,8317,1158
Philippine Airlines,MNL-DVO,2023.0,8,37541.296,36.31,5005.47,3512.35,4818.35,8317,1158
Philippine Airlines,MNL-EUQ,2023.0,8,769.216,36.31,10000.0,3512.35,10000.0,8317,26
Cebu Pacific,MNL-GES,2023.0,8,10996.638,41.16,5072.84,3512.35,5072.84,8317,220
Philippine Airlines,MNL-GES,2023.0,8,14015.568,36.31,5072.84,3512.35,5072.84,8317,220
Philippine Airlines,MNL-IAO,2023.0,8,5054.848,36.31,10000.0,3512.35,5444.05,8317,395
AirAsia,MNL-ILO,2023.0,8,20526.96,18.36,3386.93,3512.35,3169.79,8317,785
Cebu Pacific,MNL-ILO,2023.0,8,15474.642,41.16,3386.93,3512.35,3169.79,8317,785
Philippine Airlines,MNL-ILO,2023.0,8,16310.288,36.31,3386.93,3512.35,3169.79,8317,785
AirAsia,MNL-KLO,2023.0,8,15229.679999999998,18.36,6400.69,3512.35,6411.02,8317,247
Cebu Pacific,MNL-KLO,2023.0,8,4687.758,41.16,6400.69,3512.35,6411.02,8317,247
Philippine Airlines,MNL-LAO,2023.0,8,3867.088,36.31,10000.0,3512.35,10000.0,8317,83
AirAsia,MNL-MPH,2023.0,8,15395.22,18.36,3139.56,3512.35,3281.43,8317,892
Cebgo,MNL-MPH,2023.0,8,1697.544,4.16,3139.56,3512.35,3281.43,8317,892
Cebu Pacific,MNL-MPH,2023.0,8,15877.89,41.16,3139.56,3512.35,3281.43,8317,892
Philippine Airlines,MNL-MPH,2023.0,8,12263.824,36.31,3139.56,3512.35,3281.43,8317,892
AirAsia,MNL-NAN,2023.0,8,165.54,18.36,7416.87,3512.35,6652.42,8317,24
Cebu Pacific,MNL-NAN,2023.0,8,2073.15,41.16,7416.87,3512.35,6652.42,8317,24
Philippine Airlines,MNL-NAN,2023.0,8,185.84,36.31,7416.87,3512.35,6652.42,8317,24
Cebu Pacific,MNL-OZC,2023.0,8,6956.027999999999,41.16,10000.0,3512.35,5936.46,8317,136
Cebu Pacific,MNL-PAG,2023.0,8,4385.322,41.16,10000.0,3512.35,8012.04,8317,114
AirAsia,MNL-PPS,2023.0,8,5131.74,18.36,3568.73,3512.35,3564.91,8317,499
Cebu Pacific,MNL-PPS,2023.0,8,10110.468,41.16,3568.73,3512.35,3564.91,8317,499
Philippine Airlines,MNL-PPS,2023.0,8,7708.320000000001,36.31,3568.73,3512.35,3564.91,8317,499
Cebu Pacific,MNL-RXS,2023.0,8,4082.8859999999995,41.16,10000.0,3512.35,4955.01,8317,122
AirAsia,MNL-TAC,2023.0,8,7945.92,18.36,3463.72,3512.35,3155.22,8317,665
Cebu Pacific,MNL-TAC,2023.0,8,9224.297999999999,41.16,3463.72,3512.35,3155.22,8317,665
Philippine Airlines,MNL-TAC,2023.0,8,12598.336000000001,36.31,3463.72,3512.35,3155.22,8317,665
AirAsia,MNL-TAG,2023.0,8,10263.48,18.36,3558.46,3512.35,3341.86,8317,401
Cebu Pacific,MNL-TAG,2023.0,8,5260.11,41.16,3558.46,3512.35,3341.86,8317,401
Philippine Airlines,MNL-TAG,2023.0,8,8151.104,36.31,3558.46,3512.35,3341.86,8317,401
Cebu Pacific,MNL-TUG,2023.0,8,3931.6679999999997,41.16,10000.0,3512.35,10000.0,8317,73
Cebgo,MNL-USU,2023.0,8,1814.616,4.16,10000.0,3512.35,5488.68,8317,296
Cebgo,MNL-WNP,2023.0,8,2985.3360000000002,4.16,10000.0,3512.35,10000.0,8317,100
Cebu Pacific,MPH-CEB,2023.0,8,4687.758,41.16,5194.05,3281.43,3057.26,892,2749
Philippine Airlines,MPH-CEB,2023.0,8,3144.7360000000003,36.31,5194.05,3281.43,3057.26,892,2749
Cebu Pacific,MPH-CRK,2023.0,8,3024.3599999999997,41.16,10000.0,3281.43,7340.41,892,94
AirAsia,MPH-MNL,2023.0,8,20361.42,18.36,3191.3,3281.43,3512.35,892,8317
Cebgo,MPH-MNL,2023.0,8,1756.08,4.16,3191.3,3281.43,3512.35,892,8317
Cebu Pacific,MPH-MNL,2023.0,8,20414.43,41.16,3191.3,3281.43,3512.35,892,8317
Philippine Airlines,MPH-MNL,2023.0,8,15489.36,36.31,3191.3,3281.43,3512.35,892,8317
Cebu Pacific,NAN-NAN,2023.0,8,186.99,41.16,10000.0,6652.42,6652.42,24,24
Cebgo,OZC-CEB,2023.0,8,995.1120000000001,4.16,10000.0,5936.46,3057.26,136,2749
Cebu Pacific,OZC-MNL,2023.0,8,6804.8099999999995,41.16,5392.34,5936.46,3512.35,136,8317
Philippine Airlines,OZC-MNL,2023.0,8,3826.688,36.31,5392.34,5936.46,3512.35,136,8317
Cebgo,PAG-CEB,2023.0,8,1580.472,4.16,10000.0,8012.04,3057.26,114,2749
Cebu Pacific,PAG-MNL,2023.0,8,8619.426,41.16,10000.0,8012.04,3512.35,114,8317
Cebu Pacific,PPS-CEB,2023.0,8,1360.962,41.16,5018.73,3564.91,3057.26,499,2749
Philippine Airlines,PPS-CEB,2023.0,8,1538.432,36.31,5018.73,3564.91,3057.26,499,2749
AirAsia,PPS-MNL,2023.0,8,10263.48,18.36,3535.86,3564.91,3512.35,499,8317
Cebu Pacific,PPS-MNL,2023.0,8,12258.414,41.16,3535.86,3564.91,3512.35,499,8317
Philippine Airlines,PPS-MNL,2023.0,8,18133.136000000002,36.31,3535.86,3564.91,3512.35,499,8317
AirAsia,RXS-MNL,2023.0,8,2317.56,18.36,4186.29,4955.01,3512.35,122,8317
Cebu Pacific,RXS-MNL,2023.0,8,8165.771999999999,41.16,4186.29,4955.01,3512.35,122,8317
Philippine Airlines,RXS-MNL,2023.0,8,4057.7760000000003,36.31,4186.29,4955.01,3512.35,122,8317
Cebgo,SUG-CEB,2023.0,8,409.752,4.16,10000.0,10000.0,3057.26,7,2749
Cebgo,TAC-CEB,2023.0,8,1229.256,4.16,5106.04,3155.22,3057.26,665,2749
Philippine Airlines,TAC-CEB,2023.0,8,1648.3200000000002,36.31,5106.04,3155.22,3057.26,665,2749
AirAsia,TAC-MNL,2023.0,8,19654.76,18.36,3533.57,3155.22,3512.35,665,8317
Cebu Pacific,TAC-MNL,2023.0,8,23438.789999999997,41.16,3533.57,3155.22,3512.35,665,8317
Philippine Airlines,TAC-MNL,2023.0,8,12488.448,36.31,3533.57,3155.22,3512.35,665,8317
Philippine Airlines,TAG-DVO,2023.0,8,1208.768,36.31,10000.0,3341.86,4818.35,401,1158
AirAsia,TAG-MNL,2023.0,8,10263.48,18.36,3603.48,3341.86,3512.35,401,8317
Cebu Pacific,TAG-MNL,2023.0,8,16380.324,41.16,3603.48,3341.86,3512.35,401,8317
Philippine Airlines,TAG-MNL,2023.0,8,8601.968,36.31,3603.48,3341.86,3512.35,401,8317
Cebu Pacific,TUG-MNL,2023.0,8,7107.245999999999,41.16,10000.0,10000.0,3512.35,73,8317
Cebgo,USU-CEB,2023.0,8,2399.976,4.16,5544.79,5488.68,3057.26,296,2749
Philippine Airlines,USU-CEB,2023.0,8,1208.768,36.31,5544.79,5488.68,3057.26,296,2749
Philippine Airlines,USU-CRK,2023.0,8,879.104,36.31,10000.0,5488.68,7340.41,296,94
Cebgo,USU-MNL,2023.0,8,5092.6320000000005,4.16,6369.58,5488.68,3512.35,296,8317
Philippine Airlines,USU-MNL,2023.0,8,1593.376,36.31,6369.58,5488.68,3512.35,296,8317
Cebgo,WNP-MNL,2023.0,8,2868.264,4.16,10000.0,10000.0,3512.35,100,8317
Cebu Pacific,ZAM-CEB,2023.0,8,756.0899999999999,41.16,5527.45,5241.55,3057.26,189,2749
Philippine Airlines,ZAM-CEB,2023.0,8,1483.488,36.31,5527.45,5241.55,3057.26,189,2749
Cebu Pacific,ZAM-MNL,2023.0,8,14588.472,41.16,5658.85,5241.55,3512.35,189,8317
Philippine Airlines,ZAM-MNL,2023.0,8,6817.904,36.31,5658.85,5241.55,3512.35,189,8317
Cebu Pacific,ZAM-NAN,2023.0,8,151.218,41.16,10000.0,5241.55,6652.42,189,24
Cebu Pacific,ZAM-TWT,2023.0,8,302.436,41.16,7540.22,5241.55,7540.22,189,14
Philippine Airlines,ZAM-TWT,2023.0,8,1803.4560000000001,36.31,7540.22,5241.55,7540.22,189,14
Philippine Airlines,BCD-CEB,2023.0,9,439.552,35.85,10000.0,3437.22,3057.21,476,2579
Cebu Pacific,BCD-DVO,2023.0,9,2354.76,41.94,10000.0,3437.22,4808.15,476,1026
AirAsia,BCD-MNL,2023.0,9,12746.58,17.22,3381.24,3437.22,3545.75,476,7497
Cebu Pacific,BCD-MNL,2023.0,9,17133.2,41.94,3381.24,3437.22,3545.75,476,7497
Philippine Airlines,BCD-MNL,2023.0,9,15594.400000000001,35.85,3381.24,3437.22,3545.75,476,7497
Philippine Airlines,BPA-CEB,2023.0,9,494.49600000000004,35.85,10000.0,10000.0,3057.21,20,2579
Cebgo,BXU-CEB,2023.0,9,1215.3600000000001,5.0,10000.0,4376.19,3057.21,257,2579
Cebu Pacific,BXU-MNL,2023.0,9,8588.544,41.94,5005.96,4376.19,3545.75,257,7497
Philippine Airlines,BXU-MNL,2023.0,9,8015.360000000001,35.85,5005.96,4376.19,3545.75,257,7497
Cebgo,CEB-BCD,2023.0,9,60.768,5.0,7643.49,3057.21,3437.22,2579,476
Philippine Airlines,CEB-BCD,2023.0,9,384.608,35.85,7643.49,3057.21,3437.22,2579,476
Philippine Airlines,CEB-BPA,2023.0,9,604.384,35.85,10000.0,3057.21,10000.0,2579,20
Cebgo,CEB-BXU,2023.0,9,1276.128,5.0,10000.0,3057.21,4376.19,2579,257
Cebgo,CEB-CEB,2023.0,9,60.768,5.0,10000.0,3057.21,3057.21,2579,2579
Cebgo,CEB-CGY,2023.0,9,6806.016,5.0,7205.41,3057.21,3366.88,2579,805
Philippine Airlines,CEB-CGY,2023.0,9,1373.6000000000001,35.85,7205.41,3057.21,3366.88,2579,805
Cebgo,CEB-CRK,2023.0,9,364.608,5.0,5027.85,3057.21,4101.45,2579,74
Cebu Pacific,CEB-CRK,2023.0,9,313.968,41.94,5027.85,3057.21,4101.45,2579,74
Cebgo,CEB-CYP,2023.0,9,1093.824,5.0,10000.0,3057.21,5061.67,2579,81
Cebgo,CEB-DGT,2023.0,9,60.768,5.0,10000.0,3057.21,5136.86,2579,192
Cebgo,CEB-DPL,2023.0,9,60.768,5.0,10000.0,3057.21,4973.11,2579,112
Cebgo,CEB-DRP,2023.0,9,60.768,5.0,10000.0,3057.21,4969.22,2579,293
Cebu Pacific,CEB-DVO,2023.0,9,5494.4400000000005,41.94,5000.18,3057.21,4808.15,2579,1026
Philippine Airlines,CEB-DVO,2023.0,9,5429.76,35.85,5000.18,3057.21,4808.15,2579,1026
Cebgo,CEB-IAO,2023.0,9,3524.544,5.0,5005.58,3057.21,5434.58,2579,394
Philippine Airlines,CEB-IAO,2023.0,9,3296.6400000000003,35.85,5005.58,3057.21,5434.58,2579,394
Cebgo,CEB-ILO,2023.0,9,2795.328,5.0,10000.0,3057.21,3120.25,2579,669
AirAsia,CEB-MNL,2023.0,9,14733.06,17.22,3931.17,3057.21,3545.75,2579,7497
Cebu Pacific,CEB-MNL,2023.0,9,47709.632000000005,41.94,3931.17,3057.21,3545.75,2579,7497
Philippine Airlines,CEB-MNL,2023.0,9,33139.312,35.85,3931.17,3057.21,3545.75,2579,7497
Cebu Pacific,CEB-MPH,2023.0,9,4709.52,41.94,5898.62,3057.21,3189.9,2579,767
Philippine Airlines,CEB-MPH,2023.0,9,1905.2640000000001,35.85,5898.62,3057.21,3189.9,2579,767
Cebu Pacific,CEB-NAN,2023.0,9,470.952,41.94,10000.0,3057.21,5284.22,2579,55
Cebgo,CEB-PAG,2023.0,9,486.144,5.0,10000.0,3057.21,7459.39,2579,125
Cebu Pacific,CEB-PPS,2023.0,9,1412.856,41.94,5236.29,3057.21,3511.45,2579,456
Philippine Airlines,CEB-PPS,2023.0,9,2197.76,35.85,5236.29,3057.21,3511.45,2579,456
Cebgo,CEB-TAC,2023.0,9,1640.736,5.0,5000.03,3057.21,3131.27,2579,591
Philippine Airlines,CEB-TAC,2023.0,9,1648.3200000000002,35.85,5000.03,3057.21,3131.27,2579,591
Cebgo,CEB-USU,2023.0,9,1823.04,5.0,5252.69,3057.21,5606.06,2579,287
Philippine Airlines,CEB-USU,2023.0,9,1153.824,35.85,5252.69,3057.21,5606.06,2579,287
Cebgo,CGY-CEB,2023.0,9,6866.784,5.0,7148.92,3366.88,3057.21,805,2579
Philippine Airlines,CGY-CEB,2023.0,9,1428.544,35.85,7148.92,3366.88,3057.21,805,2579
Cebgo,CGY-DVO,2023.0,9,911.52,5.0,10000.0,3366.88,4808.15,805,1026
AirAsia,CGY-MNL,2023.0,9,4966.2,17.22,4176.25,3366.88,3545.75,805,7497
Cebu Pacific,CGY-MNL,2023.0,9,21916.992000000002,41.94,4176.25,3366.88,3545.75,805,7497
Philippine Airlines,CGY-MNL,2023.0,9,14510.064,35.85,4176.25,3366.88,3545.75,805,7497
Cebgo,CRK-CEB,2023.0,9,364.608,5.0,6940.87,4101.45,3057.21,74,2579
Cebu Pacific,CRK-CEB,2023.0,9,1569.8400000000001,41.94,6940.87,4101.45,3057.21,74,2579
Cebu Pacific,CRK-MNL,2023.0,9,194.12,41.94,10000.0,4101.45,3545.75,74,7497
Cebu Pacific,CRK-MPH,2023.0,9,784.9200000000001,41.94,10000.0,4101.45,3189.9,74,767
Cebgo,CRK-PPS,2023.0,9,243.072,5.0,10000.0,4101.45,3511.45,74,456
Philippine Airlines,CRK-USU,2023.0,9,879.104,35.85,10000.0,4101.45,5606.06,74,287
Cebgo,CYP-CEB,2023.0,9,972.288,5.0,10000.0,5061.67,3057.21,81,2579
Philippine Airlines,CYP-MNL,2023.0,9,1318.656,35.85,10000.0,5061.67,3545.75,81,7497
Cebu Pacific,CYZ-MNL,2023.0,9,4395.552000000001,41.94,10000.0,10000.0,3545.75,56,7497
Cebgo,DGT-CEB,2023.0,9,60.768,5.0,10000.0,5136.86,3057.21,192,2579
Cebu Pacific,DGT-MNL,2023.0,9,3610.632,41.94,5828.15,5136.86,3545.75,192,7497
Philippine Airlines,DGT-MNL,2023.0,9,8566.416000000001,35.85,5828.15,5136.86,3545.75,192,7497
Cebu Pacific,DPL-MNL,2023.0,9,4081.5840000000003,41.94,5005.38,4973.11,3545.75,112,7497
Philippine Airlines,DPL-MNL,2023.0,9,4358.352000000001,35.85,5005.38,4973.11,3545.75,112,7497
Cebgo,DRP-CEB,2023.0,9,60.768,5.0,10000.0,4969.22,3057.21,293,2579
Cebu Pacific,DRP-MNL,2023.0,9,9373.464,41.94,5001.32,4969.22,3545.75,293,7497
Philippine Airlines,DRP-MNL,2023.0,9,9683.072,35.85,5001.32,4969.22,3545.75,293,7497
Cebu Pacific,DVO-BCD,2023.0,9,2354.76,41.94,10000.0,4808.15,3437.22,1026,476
Cebu Pacific,DVO-CEB,2023.0,9,5337.456,41.94,5001.11,4808.15,3057.21,1026,2579
Philippine Airlines,DVO-CEB,2023.0,9,5499.2480000000005,35.85,5001.11,4808.15,3057.21,1026,2579
Cebgo,DVO-CGY,2023.0,9,911.52,5.0,10000.0,4808.15,3366.88,1026,805
Cebgo,DVO-IAO,2023.0,9,789.984,5.0,10000.0,4808.15,5434.58,1026,394
Cebu Pacific,DVO-MNL,2023.0,9,31211.12,41.94,5014.21,4808.15,3545.75,1026,7497
Philippine Airlines,DVO-MNL,2023.0,9,34726.224,35.85,5014.21,4808.15,3545.75,1026,7497
Philippine Airlines,DVO-TAG,2023.0,9,988.9920000000001,35.85,10000.0,4808.15,3357.62,1026,359
Philippine Airlines,EUQ-MNL,2023.0,9,714.272,35.85,10000.0,10000.0,3545.75,25,7497
Cebu Pacific,GES-MNL,2023.0,9,9321.98,41.94,5180.52,5156.23,3545.75,197,7497
Philippine Airlines,GES-MNL,2023.0,9,13695.6,35.85,5180.52,5156.23,3545.75,197,7497
Cebgo,IAO-CEB,2023.0,9,2734.56,5.0,5043.43,5434.58,3057.21,394,2579
Philippine Airlines,IAO-CEB,2023.0,9,3296.6400000000003,35.85,5043.43,5434.58,3057.21,394,2579
Cebgo,IAO-DVO,2023.0,9,729.216,5.0,10000.0,5434.58,4808.15,394,1026
Philippine Airlines,IAO-MNL,2023.0,9,3021.92,35.85,10000.0,5434.58,3545.75,394,7497
Cebgo,IAO-NAN,2023.0,9,121.536,5.0,10000.0,5434.58,5284.22,394,55
Cebgo,ILO-CEB,2023.0,9,2734.56,5.0,10000.0,3120.25,3057.21,669,2579
Cebgo,ILO-ILO,2023.0,9,60.768,5.0,10000.0,3120.25,3120.25,669,669
AirAsia,ILO-MNL,2023.0,9,21466.8,17.22,3559.9,3120.25,3545.75,669,7497
Cebu Pacific,ILO-MNL,2023.0,9,16886.752,41.94,3559.9,3120.25,3545.75,669,7497
Philippine Airlines,ILO-MNL,2023.0,9,10990.416000000001,35.85,3559.9,3120.25,3545.75,669,7497
AirAsia,KLO-MNL,2023.0,9,12746.58,17.22,6828.49,6828.49,3545.75,194,7497
Cebu Pacific,KLO-MNL,2023.0,9,3139.6800000000003,41.94,6828.49,6828.49,3545.75,194,7497
Philippine Airlines,LAO-MNL,2023.0,9,5765.888000000001,35.85,10000.0,10000.0,3545.75,60,7497
AirAsia,MNL-BCD,2023.0,9,7945.92,17.22,3385.89,3545.75,3437.22,7497,476
Cebu Pacific,MNL-BCD,2023.0,9,9702.624,41.94,3385.89,3545.75,3437.22,7497,476
Philippine Airlines,MNL-BCD,2023.0,9,7223.52,35.85,3385.89,3545.75,3437.22,7497,476
Philippine Airlines,MNL-BSO,2023.0,9,1648.3200000000002,35.85,10000.0,3545.75,10000.0,7497,30
Cebu Pacific,MNL-BXU,2023.0,9,8431.560000000001,41.94,5004.13,3545.75,4376.19,7497,257
Philippine Airlines,MNL-BXU,2023.0,9,7960.416,35.85,5004.13,3545.75,4376.19,7497,257
AirAsia,MNL-CEB,2023.0,9,19699.26,17.22,3537.69,3545.75,3057.21,7497,2579
Cebu Pacific,MNL-CEB,2023.0,9,36936.816,41.94,3537.69,3545.75,3057.21,7497,2579
Philippine Airlines,MNL-CEB,2023.0,9,33360.704,35.85,3537.69,3545.75,3057.21,7497,2579
AirAsia,MNL-CGY,2023.0,9,4966.2,17.22,4792.96,3545.75,3366.88,7497,805
Cebu Pacific,MNL-CGY,2023.0,9,27406.368000000002,41.94,4792.96,3545.75,3366.88,7497,805
Philippine Airlines,MNL-CGY,2023.0,9,10752.864000000001,35.85,4792.96,3545.75,3366.88,7497,805
Philippine Airlines,MNL-CRM,2023.0,9,1098.88,35.85,10000.0,3545.75,10000.0,7497,20
Philippine Airlines,MNL-CYP,2023.0,9,1263.712,35.85,10000.0,3545.75,5061.67,7497,81
Cebu Pacific,MNL-CYZ,2023.0,9,4395.552000000001,41.94,10000.0,3545.75,10000.0,7497,56
Cebu Pacific,MNL-DGT,2023.0,9,8163.168000000001,41.94,5005.38,3545.75,5136.86,7497,192
Philippine Airlines,MNL-DGT,2023.0,9,8716.704000000002,35.85,5005.38,3545.75,5136.86,7497,192
Cebu Pacific,MNL-DPL,2023.0,9,4081.5840000000003,41.94,5012.36,3545.75,4973.11,7497,112
Philippine Airlines,MNL-DPL,2023.0,9,4508.64,35.85,5012.36,3545.75,4973.11,7497,112
Cebu Pacific,MNL-DRP,2023.0,9,9530.448,41.94,5000.32,3545.75,4969.22,7497,293
Philippine Airlines,MNL-DRP,2023.0,9,9683.072,35.85,5000.32,3545.75,4969.22,7497,293
Cebu Pacific,MNL-DVO,2023.0,9,28761.832000000002,41.94,5044.13,3545.75,4808.15,7497,1026
Philippine Airlines,MNL-DVO,2023.0,9,34726.224,35.85,5044.13,3545.75,4808.15,7497,1026
Philippine Airlines,MNL-EUQ,2023.0,9,659.328,35.85,10000.0,3545.75,10000.0,7497,25
Cebu Pacific,MNL-GES,2023.0,9,9710.22,41.94,5133.88,3545.75,5156.23,7497,197
Philippine Airlines,MNL-GES,2023.0,9,13509.76,35.85,5133.88,3545.75,5156.23,7497,197
Philippine Airlines,MNL-IAO,2023.0,9,4890.0160000000005,35.85,10000.0,3545.75,5434.58,7497,394
AirAsia,MNL-ILO,2023.0,9,15560.759999999998,17.22,3422.46,3545.75,3120.25,7497,669
Cebu Pacific,MNL-ILO,2023.0,9,16572.784,41.94,3422.46,3545.75,3120.25,7497,669
Philippine Airlines,MNL-ILO,2023.0,9,11140.704000000002,35.85,3422.46,3545.75,3120.25,7497,669
AirAsia,MNL-KLO,2023.0,9,12746.58,17.22,6828.49,3545.75,6828.49,7497,194
Cebu Pacific,MNL-KLO,2023.0,9,3139.6800000000003,41.94,6828.49,3545.75,6828.49,7497,194
Philippine Airlines,MNL-LAO,2023.0,9,3156.0480000000002,35.85,10000.0,3545.75,10000.0,7497,60
Philippine Airlines,MNL-MNL,2023.0,9,54.944,35.85,10000.0,3545.75,3545.75,7497,7497
AirAsia,MNL-MPH,2023.0,9,14236.439999999999,17.22,3110.93,3545.75,3189.9,7497,767
Cebgo,MNL-MPH,2023.0,9,1823.04,5.0,3110.93,3545.75,3189.9,7497,767
Cebu Pacific,MNL-MPH,2023.0,9,14285.544000000002,41.94,3110.93,3545.75,3189.9,7497,767
Philippine Airlines,MNL-MPH,2023.0,9,10815.888,35.85,3110.93,3545.75,3189.9,7497,767
AirAsia,MNL-NAN,2023.0,9,1489.86,17.22,6240.86,3545.75,5284.22,7497,55
Cebgo,MNL-NAN,2023.0,9,60.768,5.0,6240.86,3545.75,5284.22,7497,55
Cebu Pacific,MNL-NAN,2023.0,9,5431.984,41.94,6240.86,3545.75,5284.22,7497,55
Philippine Airlines,MNL-NAN,2023.0,9,150.288,35.85,6240.86,3545.75,5284.22,7497,55
Cebu Pacific,MNL-OZC,2023.0,9,5965.392000000001,41.94,10000.0,3545.75,5158.05,7497,132
Cebu Pacific,MNL-PAG,2023.0,9,4395.552000000001,41.94,10000.0,3545.75,7459.39,7497,125
AirAsia,MNL-PPS,2023.0,9,4635.12,17.22,3763.6,3545.75,3511.45,7497,456
Cebu Pacific,MNL-PPS,2023.0,9,10644.528,41.94,3763.6,3545.75,3511.45,7497,456
Philippine Airlines,MNL-PPS,2023.0,9,6092.320000000001,35.85,3763.6,3545.75,3511.45,7497,456
Cebu Pacific,MNL-RXS,2023.0,9,3924.6000000000004,41.94,10000.0,3545.75,4609.14,7497,106
AirAsia,MNL-TAC,2023.0,9,7945.92,17.22,3744.32,3545.75,3131.27,7497,591
Cebu Pacific,MNL-TAC,2023.0,9,5337.456,41.94,3744.32,3545.75,3131.27,7497,591
Philippine Airlines,MNL-TAC,2023.0,9,12679.136,35.85,3744.32,3545.75,3131.27,7497,591
AirAsia,MNL-TAG,2023.0,9,9766.859999999999,17.22,3571.12,3545.75,3357.62,7497,359
Cebu Pacific,MNL-TAG,2023.0,9,4895.2,41.94,3571.12,3545.75,3357.62,7497,359
Philippine Airlines,MNL-TAG,2023.0,9,8451.68,35.85,3571.12,3545.75,3357.62,7497,359
Cebu Pacific,MNL-TUG,2023.0,9,4395.552000000001,41.94,10000.0,3545.75,10000.0,7497,81
Cebgo,MNL-USU,2023.0,9,1823.04,5.0,10000.0,3545.75,5606.06,7497,287
Cebgo,MNL-WNP,2023.0,9,3585.312,5.0,10000.0,3545.75,10000.0,7497,117
Cebu Pacific,MPH-CEB,2023.0,9,4709.52,41.94,5898.62,3189.9,3057.21,767,2579
Philippine Airlines,MPH-CEB,2023.0,9,1905.2640000000001,35.85,5898.62,3189.9,3057.21,767,2579
Cebu Pacific,MPH-CRK,2023.0,9,784.9200000000001,41.94,10000.0,3189.9,4101.45,767,74
Cebu Pacific,MPH-ILO,2023.0,9,156.984,41.94,10000.0,3189.9,3120.25,767,669
AirAsia,MPH-MNL,2023.0,9,18706.02,17.22,3169.3,3189.9,3545.75,767,7497
Cebgo,MPH-MNL,2023.0,9,1823.04,5.0,3169.3,3189.9,3545.75,767,7497
Cebu Pacific,MPH-MNL,2023.0,9,14442.528,41.94,3169.3,3189.9,3545.75,767,7497
Philippine Airlines,MPH-MNL,2023.0,9,13356.240000000002,35.85,3169.3,3189.9,3545.75,767,7497
Cebu Pacific,MPH-MPH,2023.0,9,313.968,41.94,10000.0,3189.9,3189.9,767,767
AirAsia,MPH-NAN,2023.0,9,165.54,17.22,10000.0,3189.9,5284.22,767,55
Philippine Airlines,NAN-NAN,2023.0,9,300.576,35.85,10000.0,5284.22,5284.22,55,55
Cebgo,OZC-CEB,2023.0,9,1579.968,5.0,10000.0,5158.05,3057.21,132,2579
Cebu Pacific,OZC-MNL,2023.0,9,5965.392000000001,41.94,5121.16,5158.05,3545.75,132,7497
Philippine Airlines,OZC-MNL,2023.0,9,4358.352000000001,35.85,5121.16,5158.05,3545.75,132,7497
Cebu Pacific,OZC-NAN,2023.0,9,156.984,41.94,10000.0,5158.05,5284.22,132,55
Cebgo,PAG-CEB,2023.0,9,1883.808,5.0,10000.0,7459.39,3057.21,125,2579
Cebu Pacific,PAG-MNL,2023.0,9,9105.072,41.94,10000.0,7459.39,3545.75,125,7497
Cebu Pacific,PPS-CEB,2023.0,9,1412.856,41.94,5112.75,3511.45,3057.21,456,2579
Philippine Airlines,PPS-CEB,2023.0,9,1043.9360000000001,35.85,5112.75,3511.45,3057.21,456,2579
Cebgo,PPS-CRK,2023.0,9,243.072,5.0,10000.0,3511.45,4101.45,456,74
AirAsia,PPS-MNL,2023.0,9,9766.859999999999,17.22,3444.21,3511.45,3545.75,456,7497
Cebu Pacific,PPS-MNL,2023.0,9,14878.032000000001,41.94,3444.21,3511.45,3545.75,456,7497
Philippine Airlines,PPS-MNL,2023.0,9,14839.728000000001,35.85,3444.21,3511.45,3545.75,456,7497
AirAsia,RXS-MNL,2023.0,9,2152.02,17.22,3866.49,4609.14,3545.75,106,7497
Cebu Pacific,RXS-MNL,2023.0,9,6279.360000000001,41.94,3866.49,4609.14,3545.75,106,7497
Philippine Airlines,RXS-MNL,2023.0,9,4208.064,35.85,3866.49,4609.14,3545.75,106,7497
Cebgo,SUG-CEB,2023.0,9,668.448,5.0,10000.0,10000.0,3057.21,11,2579
Cebgo,TAC-CEB,2023.0,9,1215.3600000000001,5.0,5114.29,3131.27,3057.21,591,2579
Philippine Airlines,TAC-CEB,2023.0,9,1648.3200000000002,35.85,5114.29,3131.27,3057.21,591,2579
AirAsia,TAC-MNL,2023.0,9,17216.16,17.22,3432.62,3131.27,3545.75,591,7497
Cebu Pacific,TAC-MNL,2023.0,9,19936.968,41.94,3432.62,3131.27,3545.75,591,7497
Philippine Airlines,TAC-MNL,2023.0,9,12936.080000000002,35.85,3432.62,3131.27,3545.75,591,7497
Philippine Airlines,TAG-DVO,2023.0,9,988.9920000000001,35.85,10000.0,3357.62,4808.15,359,1026
AirAsia,TAG-MNL,2023.0,9,9766.859999999999,17.22,3373.53,3357.62,3545.75,359,7497
Cebu Pacific,TAG-MNL,2023.0,9,11078.344000000001,41.94,3373.53,3357.62,3545.75,359,7497
Philippine Airlines,TAG-MNL,2023.0,9,8451.68,35.85,3373.53,3357.62,3545.75,359,7497
Cebu Pacific,TUG-MNL,2023.0,9,8320.152,41.94,10000.0,10000.0,3545.75,81,7497
Cebgo,USU-CEB,2023.0,9,2430.7200000000003,5.0,5634.47,5606.06,3057.21,287,2579
Philippine Airlines,USU-CEB,2023.0,9,1153.824,35.85,5634.47,5606.06,3057.21,287,2579
Philippine Airlines,USU-CRK,2023.0,9,824.1600000000001,35.85,10000.0,5606.06,4101.45,287,74
Cebgo,USU-MNL,2023.0,9,5286.816,5.0,6577.91,5606.06,3545.75,287,7497
Philippine Airlines,USU-MNL,2023.0,9,1483.488,35.85,6577.91,5606.06,3545.75,287,7497
Cebgo,WNP-MNL,2023.0,9,3463.776,5.0,10000.0,10000.0,3545.75,117,7497
Cebgo,WNP-NAN,2023.0,9,60.768,5.0,10000.0,10000.0,5284.22,117,55
Cebu Pacific,ZAM-CEB,2023.0,9,941.904,41.94,5249.31,5425.0,3057.21,200,2579
Philippine Airlines,ZAM-CEB,2023.0,9,1483.488,35.85,5249.31,5425.0,3057.21,200,2579
Cebu Pacific,ZAM-MNL,2023.0,9,14239.968,41.94,5633.67,5425.0,3545.75,200,7497
Philippine Airlines,ZAM-MNL,2023.0,9,6762.960000000001,35.85,5633.67,5425.0,3545.75,200,7497
Cebu Pacific,ZAM-TWT,2023.0,9,3139.6800000000003,41.94,5365.36,5425.0,5365.36,200,32
Philippine Airlines,ZAM-TWT,2023.0,9,1803.4560000000001,35.85,5365.36,5425.0,5365.36,200,32
Philippine Airlines,BCD-CEB,2023.0,10,988.9920000000001,34.37,10000.0,3595.28,3087.91,623,2586
Cebu Pacific,BCD-DVO,2023.0,10,3296.664,44.69,10000.0,3595.28,4786.34,623,1061
AirAsia,BCD-MNL,2023.0,10,14530.320000000002,16.89,3466.46,3595.28,3616.52,623,8168
Cebu Pacific,BCD-MNL,2023.0,10,23333.224000000002,44.69,3466.46,3595.28,3616.52,623,8168
Philippine Airlines,BCD-MNL,2023.0,10,17302.512000000002,34.37,3466.46,3595.28,3616.52,623,8168
Philippine Airlines,BPA-CEB,2023.0,10,439.552,34.37,10000.0,10000.0,3087.91,16,2586
Cebgo,BXU-CEB,2023.0,10,729.216,4.05,6992.5,4986.08,3087.91,327,2586
Philippine Airlines,BXU-CEB,2023.0,10,164.832,34.37,6992.5,4986.08,3087.91,327,2586
Cebu Pacific,BXU-MNL,2023.0,10,14516.800000000001,44.69,5322.37,4986.08,3616.52,327,8168
Philippine Airlines,BXU-MNL,2023.0,10,8637.52,34.37,5322.37,4986.08,3616.52,327,8168
Philippine Airlines,CBO-MNL,2023.0,10,4208.064,34.37,10000.0,10000.0,3616.52,66,8168
Philippine Airlines,CBO-TWT,2023.0,10,494.49600000000004,34.37,10000.0,10000.0,5003.26,66,33
Cebgo,CEB-BCD,2023.0,10,60.768,4.05,8852.93,3087.91,3595.28,2586,623
Philippine Airlines,CEB-BCD,2023.0,10,934.048,34.37,8852.93,3087.91,3595.28,2586,623
Philippine Airlines,CEB-BPA,2023.0,10,439.552,34.37,10000.0,3087.91,10000.0,2586,16
Cebgo,CEB-BXU,2023.0,10,729.216,4.05,6992.5,3087.91,4986.08,2586,327
Philippine Airlines,CEB-BXU,2023.0,10,164.832,34.37,6992.5,3087.91,4986.08,2586,327
Cebgo,CEB-CEB,2023.0,10,121.536,4.05,5114.29,3087.91,3087.91,2586,2586
Philippine Airlines,CEB-CEB,2023.0,10,164.832,34.37,5114.29,3087.91,3087.91,2586,2586
Cebgo,CEB-CGY,2023.0,10,4679.136,4.05,6275.8,3087.91,3412.26,2586,750
Philippine Airlines,CEB-CGY,2023.0,10,1538.432,34.37,6275.8,3087.91,3412.26,2586,750
Cebgo,CEB-CRK,2023.0,10,60.768,4.05,9343.23,3087.91,6370.98,2586,80
Cebu Pacific,CEB-CRK,2023.0,10,1726.824,44.69,9343.23,3087.91,6370.98,2586,80
Cebgo,CEB-CYP,2023.0,10,1154.592,4.05,10000.0,3087.91,5006.57,2586,81
Cebgo,CEB-DRP,2023.0,10,60.768,4.05,10000.0,3087.91,4968.52,2586,285
Cebu Pacific,CEB-DVO,2023.0,10,5337.456,44.69,5012.2,3087.91,4786.34,2586,1061
Philippine Airlines,CEB-DVO,2023.0,10,4835.072,34.37,5012.2,3087.91,4786.34,2586,1061
Cebgo,CEB-IAO,2023.0,10,3767.616,4.05,5107.98,3087.91,5323.31,2586,389
Philippine Airlines,CEB-IAO,2023.0,10,2802.1440000000002,34.37,5107.98,3087.91,5323.31,2586,389
Cebgo,CEB-ILO,2023.0,10,1944.576,4.05,9465.53,3087.91,3180.11,2586,744
Philippine Airlines,CEB-ILO,2023.0,10,54.944,34.37,9465.53,3087.91,3180.11,2586,744
AirAsia,CEB-MNL,2023.0,10,18592.56,16.89,3787.39,3087.91,3616.52,2586,8168
Cebu Pacific,CEB-MNL,2023.0,10,48664.196,44.69,3787.39,3087.91,3616.52,2586,8168
Philippine Airlines,CEB-MNL,2023.0,10,32609.264,34.37,3787.39,3087.91,3616.52,2586,8168
Cebu Pacific,CEB-MPH,2023.0,10,4395.552000000001,44.69,5989.64,3087.91,3481.3,2586,843
Philippine Airlines,CEB-MPH,2023.0,10,1688.72,34.37,5989.64,3087.91,3481.3,2586,843
Cebgo,CEB-NAN,2023.0,10,121.536,4.05,5976.2,3087.91,5523.44,2586,36
Cebu Pacific,CEB-NAN,2023.0,10,313.968,44.69,5976.2,3087.91,5523.44,2586,36
Cebgo,CEB-PAG,2023.0,10,607.6800000000001,4.05,10000.0,3087.91,7385.61,2586,134
Cebu Pacific,CEB-PPS,2023.0,10,2197.7760000000003,44.69,5232.6,3087.91,3587.6,2586,491
Philippine Airlines,CEB-PPS,2023.0,10,3406.5280000000002,34.37,5232.6,3087.91,3587.6,2586,491
Cebgo,CEB-TAC,2023.0,10,1762.272,4.05,5012.67,3087.91,3208.64,2586,639
Philippine Airlines,CEB-TAC,2023.0,10,1593.376,34.37,5012.67,3087.91,3208.64,2586,639
Cebgo,CEB-USU,2023.0,10,1762.272,4.05,5103.66,3087.91,5459.56,2586,296
Philippine Airlines,CEB-USU,2023.0,10,1318.656,34.37,5103.66,3087.91,5459.56,2586,296
Cebgo,CEB-ZAM,2023.0,10,60.768,4.05,10000.0,3087.91,5787.99,2586,220
Cebgo,CGY-CEB,2023.0,10,4679.136,4.05,6416.26,3412.26,3087.91,750,2586
Philippine Airlines,CGY-CEB,2023.0,10,1428.544,34.37,6416.26,3412.26,3087.91,750,2586
Cebgo,CGY-DVO,2023.0,10,1093.824,4.05,10000.0,3412.26,4786.34,750,1061
AirAsia,CGY-MNL,2023.0,10,4843.4400000000005,16.89,4082.42,3412.26,3616.52,750,8168
Cebu Pacific,CGY-MNL,2023.0,10,20375.848,44.69,4082.42,3412.26,3616.52,750,8168
Philippine Airlines,CGY-MNL,2023.0,10,16914.672000000002,34.37,4082.42,3412.26,3616.52,750,8168
Cebgo,CRK-CEB,2023.0,10,60.768,4.05,9343.23,6370.98,3087.91,80,2586
Cebu Pacific,CRK-CEB,2023.0,10,1726.824,44.69,9343.23,6370.98,3087.91,80,2586
Cebu Pacific,CRK-CRK,2023.0,10,156.984,44.69,10000.0,6370.98,6370.98,80,80
Cebu Pacific,CRK-MPH,2023.0,10,1412.856,44.69,10000.0,6370.98,3481.3,80,843
Philippine Airlines,CRK-USU,2023.0,10,988.9920000000001,34.37,10000.0,6370.98,5459.56,80,296
Cebgo,CYP-CEB,2023.0,10,1033.056,4.05,10000.0,5006.57,3087.91,81,2586
Philippine Airlines,CYP-MNL,2023.0,10,1263.712,34.37,10000.0,5006.57,3616.52,81,8168
Cebgo,CYP-NAN,2023.0,10,60.768,4.05,10000.0,5006.57,5523.44,81,36
Cebu Pacific,CYZ-MNL,2023.0,10,4709.52,44.69,10000.0,10000.0,3616.52,60,8168
Cebu Pacific,DGT-MNL,2023.0,10,7064.280000000001,44.69,5000.55,5081.27,3616.52,217,8168
Philippine Airlines,DGT-MNL,2023.0,10,7213.8240000000005,34.37,5000.55,5081.27,3616.52,217,8168
Cebu Pacific,DPL-MNL,2023.0,10,2354.76,44.69,5000.55,5000.55,3616.52,62,8168
Philippine Airlines,DPL-MNL,2023.0,10,2404.608,34.37,5000.55,5000.55,3616.52,62,8168
Cebgo,DRP-CEB,2023.0,10,60.768,4.05,10000.0,4968.52,3087.91,285,2586
Cebu Pacific,DRP-MNL,2023.0,10,9567.584,44.69,5000.06,4968.52,3616.52,285,8168
Philippine Airlines,DRP-MNL,2023.0,10,9503.696,34.37,5000.06,4968.52,3616.52,285,8168
Cebu Pacific,DVO-BCD,2023.0,10,3296.664,44.69,10000.0,4786.34,3595.28,1061,623
Cebu Pacific,DVO-CEB,2023.0,10,5494.4400000000005,44.69,5048.91,4786.34,3087.91,1061,2586
Philippine Airlines,DVO-CEB,2023.0,10,4505.408,34.37,5048.91,4786.34,3087.91,1061,2586
Cebgo,DVO-CGY,2023.0,10,1093.824,4.05,10000.0,4786.34,3412.26,1061,750
Cebgo,DVO-IAO,2023.0,10,789.984,4.05,10000.0,4786.34,5323.31,1061,389
Cebu Pacific,DVO-MNL,2023.0,10,32698.248,44.69,5000.42,4786.34,3616.52,1061,8168
Philippine Airlines,DVO-MNL,2023.0,10,33302.528,34.37,5000.42,4786.34,3616.52,1061,8168
Philippine Airlines,DVO-TAG,2023.0,10,1098.88,34.37,10000.0,4786.34,3345.98,1061,400
Philippine Airlines,EUQ-MNL,2023.0,10,604.384,34.37,10000.0,10000.0,3616.52,24,8168
Cebu Pacific,GES-MNL,2023.0,10,11998.304,44.69,5003.04,5003.31,3616.52,216,8168
Philippine Airlines,GES-MNL,2023.0,10,12604.8,34.37,5003.04,5003.31,3616.52,216,8168
Cebgo,IAO-CEB,2023.0,10,2916.864,4.05,5000.54,5323.31,3087.91,389,2586
Philippine Airlines,IAO-CEB,2023.0,10,2857.088,34.37,5000.54,5323.31,3087.91,389,2586
Cebgo,IAO-DVO,2023.0,10,789.984,4.05,10000.0,5323.31,4786.34,389,1061
Philippine Airlines,IAO-MNL,2023.0,10,3241.6960000000004,34.37,10000.0,5323.31,3616.52,389,8168
Cebu Pacific,ILO-BCD,2023.0,10,156.984,44.69,10000.0,3180.11,3595.28,744,623
Cebgo,ILO-CEB,2023.0,10,1944.576,4.05,10000.0,3180.11,3087.91,744,2586
AirAsia,ILO-MNL,2023.0,10,23237.760000000002,16.89,3463.71,3180.11,3616.52,744,8168
Cebu Pacific,ILO-MNL,2023.0,10,15002.944000000001,44.69,3463.71,3180.11,3616.52,744,8168
Philippine Airlines,ILO-MNL,2023.0,10,16383.008000000002,34.37,3463.71,3180.11,3616.52,744,8168
AirAsia,KLO-MNL,2023.0,10,14530.320000000002,16.89,6433.79,6423.5,3616.52,241,8168
Cebu Pacific,KLO-MNL,2023.0,10,4395.552000000001,44.69,6433.79,6423.5,3616.52,241,8168
Philippine Airlines,LAO-MNL,2023.0,10,5295.6320000000005,34.37,10000.0,10000.0,3616.52,52,8168
AirAsia,MNL-BCD,2023.0,10,9686.880000000001,16.89,3545.33,3616.52,3595.28,8168,623
Cebu Pacific,MNL-BCD,2023.0,10,15440.136,44.69,3545.33,3616.52,3595.28,8168,623
Philippine Airlines,MNL-BCD,2023.0,10,9052.832,34.37,3545.33,3616.52,3595.28,8168,623
Philippine Airlines,MNL-BSO,2023.0,10,1538.432,34.37,10000.0,3616.52,10000.0,8168,28
Cebu Pacific,MNL-BXU,2023.0,10,14359.816,44.69,5309.57,3616.52,4986.08,8168,327
Philippine Airlines,MNL-BXU,2023.0,10,8637.52,34.37,5309.57,3616.52,4986.08,8168,327
Philippine Airlines,MNL-CBO,2023.0,10,4358.352000000001,34.37,10000.0,3616.52,10000.0,8168,66
AirAsia,MNL-CEB,2023.0,10,23748.480000000003,16.89,3453.66,3616.52,3087.91,8168,2586
Cebgo,MNL-CEB,2023.0,10,121.536,4.05,3453.66,3616.52,3087.91,8168,2586
Cebu Pacific,MNL-CEB,2023.0,10,39023.184,44.69,3453.66,3616.52,3087.91,8168,2586
Philippine Airlines,MNL-CEB,2023.0,10,32993.872,34.37,3453.66,3616.52,3087.91,8168,2586
AirAsia,MNL-CGY,2023.0,10,4843.4400000000005,16.89,4488.7,3616.52,3412.26,8168,750
Cebu Pacific,MNL-CGY,2023.0,10,25431.408,44.69,4488.7,3616.52,3412.26,8168,750
Philippine Airlines,MNL-CGY,2023.0,10,12892.448,34.37,4488.7,3616.52,3412.26,8168,750
Philippine Airlines,MNL-CRM,2023.0,10,1098.88,34.37,10000.0,3616.52,10000.0,8168,20
Philippine Airlines,MNL-CYP,2023.0,10,1153.824,34.37,10000.0,3616.52,5006.57,8168,81
Cebu Pacific,MNL-CYZ,2023.0,10,4709.52,44.69,10000.0,3616.52,10000.0,8168,60
Cebu Pacific,MNL-DGT,2023.0,10,11773.800000000001,44.69,5265.46,3616.52,5081.27,8168,217
Philippine Airlines,MNL-DGT,2023.0,10,7364.112000000001,34.37,5265.46,3616.52,5081.27,8168,217
Cebu Pacific,MNL-DPL,2023.0,10,2354.76,44.69,5000.55,3616.52,5000.55,8168,62
Philippine Airlines,MNL-DPL,2023.0,10,2404.608,34.37,5000.55,3616.52,5000.55,8168,62
Cebu Pacific,MNL-DRP,2023.0,10,9567.584,44.69,5000.56,3616.52,4968.52,8168,285
Philippine Airlines,MNL-DRP,2023.0,10,9367.952000000001,34.37,5000.56,3616.52,4968.52,8168,285
Cebu Pacific,MNL-DVO,2023.0,10,33805.576,44.69,5000.02,3616.52,4786.34,8168,1061
Philippine Airlines,MNL-DVO,2023.0,10,33674.208,34.37,5000.02,3616.52,4786.34,8168,1061
Philippine Airlines,MNL-EUQ,2023.0,10,714.272,34.37,10000.0,3616.52,10000.0,8168,24
Cebu Pacific,MNL-GES,2023.0,10,11804.184000000001,44.69,5003.59,3616.52,5003.31,8168,216
Philippine Airlines,MNL-GES,2023.0,10,12454.512,34.37,5003.59,3616.52,5003.31,8168,216
Philippine Airlines,MNL-IAO,2023.0,10,4999.904,34.37,10000.0,3616.52,5323.31,8168,389
AirAsia,MNL-ILO,2023.0,10,19061.280000000002,16.89,3365.58,3616.52,3180.11,8168,744
Cebu Pacific,MNL-ILO,2023.0,10,15002.944000000001,44.69,3365.58,3616.52,3180.11,8168,744
Philippine Airlines,MNL-ILO,2023.0,10,16698.128,34.37,3365.58,3616.52,3180.11,8168,744
AirAsia,MNL-KLO,2023.0,10,14374.080000000002,16.89,6413.16,3616.52,6423.5,8168,241
Cebu Pacific,MNL-KLO,2023.0,10,4395.552000000001,44.69,6413.16,3616.52,6423.5,8168,241
Philippine Airlines,MNL-LAO,2023.0,10,2554.896,34.37,10000.0,3616.52,10000.0,8168,52
Cebu Pacific,MNL-MNL,2023.0,10,194.12,44.69,6561.27,3616.52,3616.52,8168,8168
Philippine Airlines,MNL-MNL,2023.0,10,54.944,34.37,6561.27,3616.52,3616.52,8168,8168
AirAsia,MNL-MPH,2023.0,10,12030.480000000001,16.89,3248.98,3616.52,3481.3,8168,843
Cebgo,MNL-MPH,2023.0,10,1823.04,4.05,3248.98,3616.52,3481.3,8168,843
Cebu Pacific,MNL-MPH,2023.0,10,18681.096,44.69,3248.98,3616.52,3481.3,8168,843
Philippine Airlines,MNL-MPH,2023.0,10,11376.640000000001,34.37,3248.98,3616.52,3481.3,8168,843
AirAsia,MNL-NAN,2023.0,10,624.96,16.89,6515.69,3616.52,5523.44,8168,36
Cebgo,MNL-NAN,2023.0,10,60.768,4.05,6515.69,3616.52,5523.44,8168,36
Cebu Pacific,MNL-NAN,2023.0,10,3316.92,44.69,6515.69,3616.52,5523.44,8168,36
Philippine Airlines,MNL-NAN,2023.0,10,185.84,34.37,6515.69,3616.52,5523.44,8168,36
Cebu Pacific,MNL-OZC,2023.0,10,7692.216,44.69,10000.0,3616.52,6183.76,8168,145
Cebu Pacific,MNL-PAG,2023.0,10,4866.504,44.69,10000.0,3616.52,7385.61,8168,134
AirAsia,MNL-PPS,2023.0,10,4843.4400000000005,16.89,3736.98,3616.52,3587.6,8168,491
Cebu Pacific,MNL-PPS,2023.0,10,10690.104000000001,44.69,3736.98,3616.52,3587.6,8168,491
Philippine Airlines,MNL-PPS,2023.0,10,6113.328,34.37,3736.98,3616.52,3587.6,8168,491
Cebu Pacific,MNL-RXS,2023.0,10,3767.616,44.69,10000.0,3616.52,5096.33,8168,115
AirAsia,MNL-TAC,2023.0,10,7343.280000000001,16.89,3481.98,3616.52,3208.64,8168,639
Cebu Pacific,MNL-TAC,2023.0,10,8948.088,44.69,3481.98,3616.52,3208.64,8168,639
Philippine Airlines,MNL-TAC,2023.0,10,12160.400000000001,34.37,3481.98,3616.52,3208.64,8168,639
AirAsia,MNL-TAG,2023.0,10,9686.880000000001,16.89,3528.09,3616.52,3345.98,8168,400
Cebu Pacific,MNL-TAG,2023.0,10,5258.12,44.69,3528.09,3616.52,3345.98,8168,400
Philippine Airlines,MNL-TAG,2023.0,10,8799.12,34.37,3528.09,3616.52,3345.98,8168,400
Cebu Pacific,MNL-TUG,2023.0,10,5023.488,44.69,10000.0,3616.52,9616.55,8168,98
Cebgo,MNL-USU,2023.0,10,1883.808,4.05,10000.0,3616.52,5459.56,8168,296
Cebgo,MNL-WNP,2023.0,10,3403.008,4.05,10000.0,3616.52,10000.0,8168,112
Cebu Pacific,MPH-CEB,2023.0,10,4395.552000000001,44.69,5989.64,3481.3,3087.91,843,2586
Philippine Airlines,MPH-CEB,2023.0,10,1688.72,34.37,5989.64,3481.3,3087.91,843,2586
Cebu Pacific,MPH-CRK,2023.0,10,1569.8400000000001,44.69,10000.0,3481.3,6370.98,843,80
AirAsia,MPH-MNL,2023.0,10,14530.320000000002,16.89,3302.84,3481.3,3616.52,843,8168
Cebgo,MPH-MNL,2023.0,10,1762.272,4.05,3302.84,3481.3,3616.52,843,8168
Cebu Pacific,MPH-MNL,2023.0,10,23076.648,44.69,3302.84,3481.3,3616.52,843,8168
Philippine Airlines,MPH-MNL,2023.0,10,14287.056,34.37,3302.84,3481.3,3616.52,843,8168
Cebgo,MPH-MPH,2023.0,10,60.768,4.05,10000.0,3481.3,3481.3,843,843
Cebu Pacific,MPH-NAN,2023.0,10,156.984,44.69,10000.0,3481.3,5523.44,843,36
Cebgo,NAN-CEB,2023.0,10,60.768,4.05,10000.0,5523.44,3087.91,36,2586
Philippine Airlines,NAN-MNL,2023.0,10,150.288,34.37,10000.0,5523.44,3616.52,36,8168
Philippine Airlines,NAN-NAN,2023.0,10,54.944,34.37,10000.0,5523.44,5523.44,36,36
Cebgo,OZC-CEB,2023.0,10,972.288,4.05,10000.0,6183.76,3087.91,145,2586
Cebu Pacific,OZC-MNL,2023.0,10,7692.216,44.69,5478.38,6183.76,3616.52,145,8168
Philippine Airlines,OZC-MNL,2023.0,10,4057.7760000000003,34.37,5478.38,6183.76,3616.52,145,8168
Cebu Pacific,OZC-OZC,2023.0,10,313.968,44.69,10000.0,6183.76,6183.76,145,145
Cebgo,PAG-CEB,2023.0,10,2005.344,4.05,10000.0,7385.61,3087.91,134,2586
Cebu Pacific,PAG-MNL,2023.0,10,9419.04,44.69,10000.0,7385.61,3616.52,134,8168
Cebu Pacific,PPS-CEB,2023.0,10,2197.7760000000003,44.69,5155.72,3587.6,3087.91,491,2586
Philippine Airlines,PPS-CEB,2023.0,10,1538.432,34.37,5155.72,3587.6,3087.91,491,2586
AirAsia,PPS-MNL,2023.0,10,9686.880000000001,16.89,3447.06,3587.6,3616.52,491,8168
Cebu Pacific,PPS-MNL,2023.0,10,14638.336000000001,44.69,3447.06,3587.6,3616.52,491,8168
Philippine Airlines,PPS-MNL,2023.0,10,14986.784000000001,34.37,3447.06,3587.6,3616.52,491,8168
AirAsia,RXS-MNL,2023.0,10,2031.1200000000001,16.89,4347.8,5096.33,3616.52,115,8168
Cebu Pacific,RXS-MNL,2023.0,10,8163.168000000001,44.69,4347.8,5096.33,3616.52,115,8168
Philippine Airlines,RXS-MNL,2023.0,10,3812.1440000000002,34.37,4347.8,5096.33,3616.52,115,8168
Cebgo,SUG-CEB,2023.0,10,729.216,4.05,10000.0,10000.0,3087.91,12,2586
Cebgo,TAC-CEB,2023.0,10,607.6800000000001,4.05,6002.75,3208.64,3087.91,639,2586
Philippine Airlines,TAC-CEB,2023.0,10,1593.376,34.37,6002.75,3208.64,3087.91,639,2586
AirAsia,TAC-MNL,2023.0,10,18822.72,16.89,3609.73,3208.64,3616.52,639,8168
Cebu Pacific,TAC-MNL,2023.0,10,24803.472,44.69,3609.73,3208.64,3616.52,639,8168
Philippine Airlines,TAC-MNL,2023.0,10,11788.720000000001,34.37,3609.73,3208.64,3616.52,639,8168
Philippine Airlines,TAG-DVO,2023.0,10,1098.88,34.37,10000.0,3345.98,4786.34,400,1061
AirAsia,TAG-MNL,2023.0,10,9530.640000000001,16.89,3652.32,3345.98,3616.52,400,8168
Cebu Pacific,TAG-MNL,2023.0,10,16885.064000000002,44.69,3652.32,3345.98,3616.52,400,8168
Philippine Airlines,TAG-MNL,2023.0,10,8854.064,34.37,3652.32,3345.98,3616.52,400,8168
Cebu Pacific,TUG-MNL,2023.0,10,10046.976,44.69,9435.92,9616.55,3616.52,98,8168
Philippine Airlines,TUG-MNL,2023.0,10,300.576,34.37,9435.92,9616.55,3616.52,98,8168
Cebgo,USU-CEB,2023.0,10,2309.184,4.05,5630.58,5459.56,3087.91,296,2586
Philippine Airlines,USU-CEB,2023.0,10,1098.88,34.37,5630.58,5459.56,3087.91,296,2586
Philippine Airlines,USU-CRK,2023.0,10,934.048,34.37,10000.0,5459.56,6370.98,296,80
Cebgo,USU-MNL,2023.0,10,5286.816,4.05,6314.11,5459.56,3616.52,296,8168
Philippine Airlines,USU-MNL,2023.0,10,1703.2640000000001,34.37,6314.11,5459.56,3616.52,296,8168
Cebgo,USU-NAN,2023.0,10,60.768,4.05,10000.0,5459.56,5523.44,296,36
Cebgo,WNP-MNL,2023.0,10,3403.008,4.05,10000.0,10000.0,3616.52,112,8168
Cebu Pacific,ZAM-CEB,2023.0,10,2040.7920000000001,44.69,5190.92,5787.99,3087.91,220,2586
Philippine Airlines,ZAM-CEB,2023.0,10,1373.6000000000001,34.37,5190.92,5787.99,3087.91,220,2586
Cebu Pacific,ZAM-MNL,2023.0,10,18193.264,44.69,6131.87,5787.99,3616.52,220,8168
Philippine Airlines,ZAM-MNL,2023.0,10,6462.384,34.37,6131.87,5787.99,3616.52,220,8168
Cebu Pacific,ZAM-TWT,2023.0,10,2040.7920000000001,44.69,5055.06,5787.99,5003.26,220,33
Philippine Airlines,ZAM-TWT,2023.0,10,1653.1680000000001,34.37,5055.06,5787.99,5003.26,220,33
Philippine Airlines,BCD-CEB,2023.0,11,714.272,37.43,10000.0,3536.72,3290.14,563,2413
Cebu Pacific,BCD-DVO,2023.0,11,3296.664,42.56,10000.0,3536.72,4806.14,563,1153
AirAsia,BCD-MNL,2023.0,11,13124.16,16.31,3461.93,3536.72,3618.23,563,8103
Cebu Pacific,BCD-MNL,2023.0,11,21466.296000000002,42.56,3461.93,3536.72,3618.23,563,8103
Philippine Airlines,BCD-MNL,2023.0,11,17436.64,37.43,3461.93,3536.72,3618.23,563,8103
Philippine Airlines,BPA-CEB,2023.0,11,329.664,37.43,10000.0,10000.0,3290.14,14,2413
Philippine Airlines,BXU-CEB,2023.0,11,1538.432,37.43,10000.0,5042.6,3290.14,317,2413
Cebu Pacific,BXU-MNL,2023.0,11,11848.072,42.56,5179.68,5042.6,3618.23,317,8103
Philippine Airlines,BXU-MNL,2023.0,11,8071.920000000001,37.43,5179.68,5042.6,3618.23,317,8103
Philippine Airlines,CBO-MNL,2023.0,11,4263.008000000001,37.43,10000.0,10000.0,3618.23,66,8103
Philippine Airlines,CBO-TWT,2023.0,11,439.552,37.43,10000.0,10000.0,10000.0,66,18
Philippine Airlines,CEB-BAG,2023.0,11,54.944,37.43,10000.0,3290.14,10000.0,2413,1
Philippine Airlines,CEB-BCD,2023.0,11,824.1600000000001,37.43,10000.0,3290.14,3536.72,2413,563
Philippine Airlines,CEB-BPA,2023.0,11,439.552,37.43,10000.0,3290.14,10000.0,2413,14
Philippine Airlines,CEB-BXU,2023.0,11,1538.432,37.43,10000.0,3290.14,5042.6,2413,317
Cebgo,CEB-CEB,2023.0,11,364.608,3.69,5711.91,3290.14,3290.14,2413,2413
Philippine Airlines,CEB-CEB,2023.0,11,164.832,37.43,5711.91,3290.14,3290.14,2413,2413
Cebgo,CEB-CGY,2023.0,11,2430.7200000000003,3.69,5000.36,3290.14,3499.33,2413,643
Philippine Airlines,CEB-CGY,2023.0,11,2472.48,37.43,5000.36,3290.14,3499.33,2413,643
Cebgo,CEB-CRK,2023.0,11,850.752,3.69,10000.0,3290.14,3451.03,2413,74
Cebgo,CEB-CYP,2023.0,11,911.52,3.69,10000.0,3290.14,5039.27,2413,52
Cebgo,CEB-DRP,2023.0,11,60.768,3.69,10000.0,3290.14,4999.54,2413,293
Cebu Pacific,CEB-DVO,2023.0,11,2040.7920000000001,42.56,5864.15,3290.14,4806.14,2413,1153
Philippine Airlines,CEB-DVO,2023.0,11,4944.96,37.43,5864.15,3290.14,4806.14,2413,1153
Cebgo,CEB-IAO,2023.0,11,3585.312,3.69,5008.8,3290.14,5429.61,2413,390
Philippine Airlines,CEB-IAO,2023.0,11,3296.6400000000003,37.43,5008.8,3290.14,5429.61,2413,390
Cebgo,CEB-ILO,2023.0,11,1701.504,3.69,10000.0,3290.14,3148.31,2413,743
AirAsia,CEB-MNL,2023.0,11,14530.320000000002,16.31,3795.02,3290.14,3618.23,2413,8103
Cebgo,CEB-MNL,2023.0,11,60.768,3.69,3795.02,3290.14,3618.23,2413,8103
Cebu Pacific,CEB-MNL,2023.0,11,39983.656,42.56,3795.02,3290.14,3618.23,2413,8103
Philippine Airlines,CEB-MNL,2023.0,11,37736.832,37.43,3795.02,3290.14,3618.23,2413,8103
Cebu Pacific,CEB-MPH,2023.0,11,2040.7920000000001,42.56,5147.67,3290.14,3256.96,2413,856
Philippine Airlines,CEB-MPH,2023.0,11,2887.7920000000004,37.43,5147.67,3290.14,3256.96,2413,856
Cebgo,CEB-NAN,2023.0,11,60.768,3.69,10000.0,3290.14,6146.95,2413,21
Cebgo,CEB-PAG,2023.0,11,546.912,3.69,10000.0,3290.14,7903.69,2413,116
Cebu Pacific,CEB-PPS,2023.0,11,2040.7920000000001,42.56,5204.93,3290.14,3672.48,2413,505
Philippine Airlines,CEB-PPS,2023.0,11,3076.864,37.43,5204.93,3290.14,3672.48,2413,505
Cebgo,CEB-TAC,2023.0,11,1519.2,3.69,5000.71,3290.14,3208.69,2413,640
Philippine Airlines,CEB-TAC,2023.0,11,1483.488,37.43,5000.71,3290.14,3208.69,2413,640
Cebgo,CEB-USU,2023.0,11,1883.808,3.69,5034.88,3290.14,5259.76,2413,295
Philippine Airlines,CEB-USU,2023.0,11,1593.376,37.43,5034.88,3290.14,5259.76,2413,295
Cebgo,CGY-CEB,2023.0,11,2552.256,3.69,5000.12,3499.33,3290.14,643,2413
Philippine Airlines,CGY-CEB,2023.0,11,2527.424,37.43,5000.12,3499.33,3290.14,643,2413
Cebgo,CGY-DVO,2023.0,11,972.288,3.69,10000.0,3499.33,4806.14,643,1153
AirAsia,CGY-MNL,2023.0,11,4687.200000000001,16.31,3987.91,3499.33,3618.23,643,8103
Cebu Pacific,CGY-MNL,2023.0,11,16844.552,42.56,3987.91,3499.33,3618.23,643,8103
Philippine Airlines,CGY-MNL,2023.0,11,12545.008000000002,37.43,3987.91,3499.33,3618.23,643,8103
Cebgo,CRK-CEB,2023.0,11,850.752,3.69,10000.0,3451.03,3290.14,74,2413
Cebu Pacific,CRK-MPH,2023.0,11,627.936,42.56,10000.0,3451.03,3256.96,74,856
Cebgo,CRK-NAN,2023.0,11,60.768,3.69,10000.0,3451.03,6146.95,74,21
Cebgo,CRK-PPS,2023.0,11,121.536,3.69,10000.0,3451.03,3672.48,74,505
Philippine Airlines,CRK-USU,2023.0,11,879.104,37.43,10000.0,3451.03,5259.76,74,295
Cebgo,CYP-CEB,2023.0,11,729.216,3.69,10000.0,5039.27,3290.14,52,2413
Philippine Airlines,CYP-MNL,2023.0,11,659.328,37.43,10000.0,5039.27,3618.23,52,8103
Cebu Pacific,CYZ-MNL,2023.0,11,4238.568,42.56,10000.0,10000.0,3618.23,57,8103
Cebgo,DGT-CEB,2023.0,11,60.768,3.69,10000.0,5062.77,3290.14,262,2413
Cebu Pacific,DGT-MNL,2023.0,11,9262.056,42.56,5007.61,5062.77,3618.23,262,8103
Philippine Airlines,DGT-MNL,2023.0,11,8566.416000000001,37.43,5007.61,5062.77,3618.23,262,8103
Cebgo,DPL-CEB,2023.0,11,60.768,3.69,10000.0,9406.13,3290.14,36,2413
Philippine Airlines,DPL-MNL,2023.0,11,934.048,37.43,10000.0,9406.13,3618.23,36,8103
Cebu Pacific,DRP-MNL,2023.0,11,9456.176000000001,42.56,5016.16,4999.54,3618.23,293,8103
Philippine Airlines,DRP-MNL,2023.0,11,10596.112000000001,37.43,5016.16,4999.54,3618.23,293,8103
Cebu Pacific,DVO-BCD,2023.0,11,3296.664,42.56,10000.0,4806.14,3536.72,1153,563
Cebu Pacific,DVO-CEB,2023.0,11,2040.7920000000001,42.56,5845.0,4806.14,3290.14,1153,2413
Philippine Airlines,DVO-CEB,2023.0,11,4890.0160000000005,37.43,5845.0,4806.14,3290.14,1153,2413
Cebgo,DVO-CGY,2023.0,11,1033.056,3.69,10000.0,4806.14,3499.33,1153,643
Cebgo,DVO-IAO,2023.0,11,789.984,3.69,10000.0,4806.14,5429.61,1153,390
Cebu Pacific,DVO-MNL,2023.0,11,41904.6,42.56,5042.42,4806.14,3618.23,1153,8103
Philippine Airlines,DVO-MNL,2023.0,11,34836.112,37.43,5042.42,4806.14,3618.23,1153,8103
Philippine Airlines,DVO-TAG,2023.0,11,1153.824,37.43,10000.0,4806.14,3338.23,1153,388
Philippine Airlines,EUQ-MNL,2023.0,11,659.328,37.43,10000.0,10000.0,3618.23,25,8103
Cebu Pacific,GES-MNL,2023.0,11,10644.528,42.56,5020.75,5017.94,3618.23,209,8103
Philippine Airlines,GES-MNL,2023.0,11,12110.304,37.43,5020.75,5017.94,3618.23,209,8103
Cebu Pacific,GES-NAN,2023.0,11,194.12,42.56,10000.0,5017.94,6146.95,209,21
Cebgo,IAO-CEB,2023.0,11,2673.792,3.69,5031.12,5429.61,3290.14,390,2413
Philippine Airlines,IAO-CEB,2023.0,11,3131.808,37.43,5031.12,5429.61,3290.14,390,2413
Cebgo,IAO-DVO,2023.0,11,789.984,3.69,10000.0,5429.61,4806.14,390,1153
Philippine Airlines,IAO-IAO,2023.0,11,54.944,37.43,10000.0,5429.61,5429.61,390,390
Philippine Airlines,IAO-MNL,2023.0,11,3076.864,37.43,10000.0,5429.61,3618.23,390,8103
Cebgo,ILO-CEB,2023.0,11,1701.504,3.69,10000.0,3148.31,3290.14,743,2413
AirAsia,ILO-MNL,2023.0,11,21473.760000000002,16.31,3380.81,3148.31,3618.23,743,8103
Cebu Pacific,ILO-MNL,2023.0,11,18777.312,42.56,3380.81,3148.31,3618.23,743,8103
Philippine Airlines,ILO-MNL,2023.0,11,15993.552000000001,37.43,3380.81,3148.31,3618.23,743,8103
AirAsia,KLO-MNL,2023.0,11,12967.92,16.31,10000.0,10000.0,3618.23,166,8103
Philippine Airlines,LAO-MNL,2023.0,11,5536.416,37.43,10000.0,10000.0,3618.23,56,8103
AirAsia,MNL-BCD,2023.0,11,8749.44,16.31,3391.6,3618.23,3536.72,8103,563
Cebu Pacific,MNL-BCD,2023.0,11,11458.144,42.56,3391.6,3618.23,3536.72,8103,563
Philippine Airlines,MNL-BCD,2023.0,11,8752.256000000001,37.43,3391.6,3618.23,3536.72,8103,563
Philippine Airlines,MNL-BSO,2023.0,11,1648.3200000000002,37.43,10000.0,3618.23,10000.0,8103,30
Cebu Pacific,MNL-BXU,2023.0,11,12005.056,42.56,5129.82,3618.23,5042.6,8103,317
Philippine Airlines,MNL-BXU,2023.0,11,8673.072,37.43,5129.82,3618.23,5042.6,8103,317
Philippine Airlines,MNL-CBO,2023.0,11,4263.008000000001,37.43,10000.0,3618.23,10000.0,8103,66
AirAsia,MNL-CEB,2023.0,11,19686.24,16.31,3486.21,3618.23,3290.14,8103,2413
Cebgo,MNL-CEB,2023.0,11,789.984,3.69,3486.21,3618.23,3290.14,8103,2413
Cebu Pacific,MNL-CEB,2023.0,11,29682.636000000002,42.56,3486.21,3618.23,3290.14,8103,2413
Philippine Airlines,MNL-CEB,2023.0,11,37738.448000000004,37.43,3486.21,3618.23,3290.14,8103,2413
AirAsia,MNL-CGY,2023.0,11,4687.200000000001,16.31,4377.18,3618.23,3499.33,8103,643
Cebu Pacific,MNL-CGY,2023.0,11,21702.616,42.56,4377.18,3618.23,3499.33,8103,643
Philippine Airlines,MNL-CGY,2023.0,11,11192.416000000001,37.43,4377.18,3618.23,3499.33,8103,643
Philippine Airlines,MNL-CRM,2023.0,11,824.1600000000001,37.43,10000.0,3618.23,10000.0,8103,15
Philippine Airlines,MNL-CYP,2023.0,11,714.272,37.43,10000.0,3618.23,5039.27,8103,52
Cebu Pacific,MNL-CYZ,2023.0,11,4709.52,42.56,10000.0,3618.23,10000.0,8103,57
Cebu Pacific,MNL-DGT,2023.0,11,13343.640000000001,42.56,5187.17,3618.23,5062.77,8103,262
Philippine Airlines,MNL-DGT,2023.0,11,9017.28,37.43,5187.17,3618.23,5062.77,8103,262
Philippine Airlines,MNL-DPL,2023.0,11,988.9920000000001,37.43,10000.0,3618.23,9406.13,8103,36
Cebu Pacific,MNL-DRP,2023.0,11,9456.176000000001,42.56,5013.34,3618.23,4999.54,8103,293
Philippine Airlines,MNL-DRP,2023.0,11,10486.224,37.43,5013.34,3618.23,4999.54,8103,293
Cebu Pacific,MNL-DVO,2023.0,11,34391.312,42.56,5000.21,3618.23,4806.14,8103,1153
Philippine Airlines,MNL-DVO,2023.0,11,34836.112,37.43,5000.21,3618.23,4806.14,8103,1153
Philippine Airlines,MNL-EUQ,2023.0,11,714.272,37.43,10000.0,3618.23,10000.0,8103,25
Cebu Pacific,MNL-GES,2023.0,11,10644.528,42.56,5020.75,3618.23,5017.94,8103,209
Philippine Airlines,MNL-GES,2023.0,11,12110.304,37.43,5020.75,3618.23,5017.94,8103,209
Philippine Airlines,MNL-IAO,2023.0,11,4725.184,37.43,10000.0,3618.23,5429.61,8103,390
AirAsia,MNL-ILO,2023.0,11,15936.480000000001,16.31,3350.99,3618.23,3148.31,8103,743
Cebu Pacific,MNL-ILO,2023.0,11,18620.328,42.56,3350.99,3618.23,3148.31,8103,743
Philippine Airlines,MNL-ILO,2023.0,11,18734.288,37.43,3350.99,3618.23,3148.31,8103,743
AirAsia,MNL-KLO,2023.0,11,12967.92,16.31,10000.0,3618.23,10000.0,8103,166
Philippine Airlines,MNL-LAO,2023.0,11,2926.576,37.43,10000.0,3618.23,10000.0,8103,56
Cebu Pacific,MNL-MNL,2023.0,11,156.984,42.56,5138.88,3618.23,3618.23,8103,8103
Philippine Airlines,MNL-MNL,2023.0,11,219.776,37.43,5138.88,3618.23,3618.23,8103,8103
AirAsia,MNL-MPH,2023.0,11,13124.16,16.31,3188.1,3618.23,3256.96,8103,856
Cebgo,MNL-MPH,2023.0,11,1823.04,3.69,3188.1,3618.23,3256.96,8103,856
Cebu Pacific,MNL-MPH,2023.0,11,17739.192000000003,42.56,3188.1,3618.23,3256.96,8103,856
Philippine Airlines,MNL-MPH,2023.0,11,11507.536,37.43,3188.1,3618.23,3256.96,8103,856
AirAsia,MNL-NAN,2023.0,11,312.48,16.31,7130.25,3618.23,6146.95,8103,21
Cebu Pacific,MNL-NAN,2023.0,11,1487.1280000000002,42.56,7130.25,3618.23,6146.95,8103,21
Cebu Pacific,MNL-OZC,2023.0,11,6750.312000000001,42.56,10000.0,3618.23,5735.87,8103,130
Cebu Pacific,MNL-PAG,2023.0,11,4709.52,42.56,10000.0,3618.23,7903.69,8103,116
AirAsia,MNL-PPS,2023.0,11,4687.200000000001,16.31,3670.62,3618.23,3672.48,8103,505
Cebu Pacific,MNL-PPS,2023.0,11,10533.12,42.56,3670.62,3618.23,3672.48,8103,505
Philippine Airlines,MNL-PPS,2023.0,11,7323.712,37.43,3670.62,3618.23,3672.48,8103,505
Cebu Pacific,MNL-RXS,2023.0,11,3610.632,42.56,10000.0,3618.23,5036.71,8103,114
AirAsia,MNL-TAC,2023.0,11,8593.2,16.31,3432.8,3618.23,3208.69,8103,640
Cebu Pacific,MNL-TAC,2023.0,11,9419.04,42.56,3432.8,3618.23,3208.69,8103,640
Philippine Airlines,MNL-TAC,2023.0,11,12687.216,37.43,3432.8,3618.23,3208.69,8103,640
AirAsia,MNL-TAG,2023.0,11,9061.92,16.31,3570.31,3618.23,3338.23,8103,388
Cebu Pacific,MNL-TAG,2023.0,11,4709.52,42.56,3570.31,3618.23,3338.23,8103,388
Philippine Airlines,MNL-TAG,2023.0,11,8902.544,37.43,3570.31,3618.23,3338.23,8103,388
Cebu Pacific,MNL-TUG,2023.0,11,4395.552000000001,42.56,10000.0,3618.23,7395.23,8103,167
Cebgo,MNL-USU,2023.0,11,1762.272,3.69,10000.0,3618.23,5259.76,8103,295
Cebgo,MNL-WNP,2023.0,11,3159.936,3.69,10000.0,3618.23,10000.0,8103,103
Cebu Pacific,MPH-CEB,2023.0,11,2040.7920000000001,42.56,5092.31,3256.96,3290.14,856,2413
Philippine Airlines,MPH-CEB,2023.0,11,2682.56,37.43,5092.31,3256.96,3290.14,856,2413
Cebu Pacific,MPH-CRK,2023.0,11,627.936,42.56,10000.0,3256.96,3451.03,856,74
AirAsia,MPH-MNL,2023.0,11,17811.36,16.31,3300.72,3256.96,3618.23,856,8103
Cebgo,MPH-MNL,2023.0,11,1823.04,3.69,3300.72,3256.96,3618.23,856,8103
Cebu Pacific,MPH-MNL,2023.0,11,22448.712,42.56,3300.72,3256.96,3618.23,856,8103
Philippine Airlines,MPH-MNL,2023.0,11,12265.44,37.43,3300.72,3256.96,3618.23,856,8103
AirAsia,MPH-NAN,2023.0,11,156.24,16.31,3771.19,3256.96,6146.95,856,21
Cebgo,MPH-NAN,2023.0,11,60.768,3.69,3771.19,3256.96,6146.95,856,21
Cebu Pacific,MPH-NAN,2023.0,11,156.984,42.56,3771.19,3256.96,6146.95,856,21
Philippine Airlines,NAN-MNL,2023.0,11,54.944,37.43,10000.0,6146.95,3618.23,21,8103
Cebu Pacific,NAN-NAN,2023.0,11,156.984,42.56,10000.0,6146.95,6146.95,21,21
Cebu Pacific,NAN-ZAM,2023.0,11,156.984,42.56,10000.0,6146.95,5541.14,21,206
Cebgo,OZC-CEB,2023.0,11,911.52,3.69,10000.0,5735.87,3290.14,130,2413
Cebu Pacific,OZC-MNL,2023.0,11,6750.312000000001,42.56,5231.82,5735.87,3618.23,130,8103
Philippine Airlines,OZC-MNL,2023.0,11,4358.352000000001,37.43,5231.82,5735.87,3618.23,130,8103
Cebgo,PAG-CEB,2023.0,11,1276.128,3.69,10000.0,7903.69,3290.14,116,2413
Cebu Pacific,PAG-MNL,2023.0,11,8791.104000000001,42.56,10000.0,7903.69,3618.23,116,8103
Cebu Pacific,PPS-CEB,2023.0,11,2040.7920000000001,42.56,5098.5,3672.48,3290.14,505,2413
Philippine Airlines,PPS-CEB,2023.0,11,1538.432,37.43,5098.5,3672.48,3290.14,505,2413
Cebgo,PPS-CRK,2023.0,11,121.536,3.69,10000.0,3672.48,3451.03,505,74
AirAsia,PPS-MNL,2023.0,11,8124.4800000000005,16.31,3618.62,3672.48,3618.23,505,8103
Cebu Pacific,PPS-MNL,2023.0,11,15308.472,42.56,3618.62,3672.48,3618.23,505,8103
Philippine Airlines,PPS-MNL,2023.0,11,17443.104,37.43,3618.62,3672.48,3618.23,505,8103
AirAsia,RXS-MNL,2023.0,11,2031.1200000000001,16.31,4326.22,5036.71,3618.23,114,8103
Cebu Pacific,RXS-MNL,2023.0,11,8163.168000000001,42.56,4326.22,5036.71,3618.23,114,8103
Philippine Airlines,RXS-MNL,2023.0,11,3907.4880000000003,37.43,4326.22,5036.71,3618.23,114,8103
Cebgo,SUG-CEB,2023.0,11,729.216,3.69,10000.0,10000.0,3290.14,12,2413
Cebgo,TAC-CEB,2023.0,11,850.752,3.69,5414.23,3208.69,3290.14,640,2413
Philippine Airlines,TAC-CEB,2023.0,11,1538.432,37.43,5414.23,3208.69,3290.14,640,2413
AirAsia,TAC-MNL,2023.0,11,17453.52,16.31,3588.81,3208.69,3618.23,640,8103
Cebu Pacific,TAC-MNL,2023.0,11,24489.504,42.56,3588.81,3208.69,3618.23,640,8103
Philippine Airlines,TAC-MNL,2023.0,11,12279.984,37.43,3588.81,3208.69,3618.23,640,8103
Philippine Airlines,TAG-DVO,2023.0,11,769.216,37.43,10000.0,3338.23,4806.14,388,1153
AirAsia,TAG-MNL,2023.0,11,9374.400000000001,16.31,3600.12,3338.23,3618.23,388,8103
Cebu Pacific,TAG-MNL,2023.0,11,15539.728000000001,42.56,3600.12,3338.23,3618.23,388,8103
Philippine Airlines,TAG-MNL,2023.0,11,8451.68,37.43,3600.12,3338.23,3618.23,388,8103
Cebu Pacific,TUG-MNL,2023.0,11,17383.024,42.56,6976.53,7395.23,3618.23,167,8103
Philippine Airlines,TUG-MNL,2023.0,11,3962.4320000000002,37.43,6976.53,7395.23,3618.23,167,8103
Cebgo,USU-CEB,2023.0,11,1762.272,3.69,5005.58,5259.76,3290.14,295,2413
Philippine Airlines,USU-CEB,2023.0,11,1648.3200000000002,37.43,5005.58,5259.76,3290.14,295,2413
Philippine Airlines,USU-CRK,2023.0,11,934.048,37.43,10000.0,5259.76,3451.03,295,74
Cebgo,USU-MNL,2023.0,11,5165.28,3.69,6396.53,5259.76,3618.23,295,8103
Philippine Airlines,USU-MNL,2023.0,11,1593.376,37.43,6396.53,5259.76,3618.23,295,8103
Cebgo,WNP-MNL,2023.0,11,3099.168,3.69,10000.0,10000.0,3618.23,103,8103
Philippine Airlines,ZAM-CEB,2023.0,11,1648.3200000000002,37.43,10000.0,5541.14,3290.14,206,2413
Cebu Pacific,ZAM-DVO,2023.0,11,941.904,42.56,10000.0,5541.14,4806.14,206,1153
Cebu Pacific,ZAM-MNL,2023.0,11,18238.84,42.56,6094.3,5541.14,3618.23,206,8103
Philippine Airlines,ZAM-MNL,2023.0,11,6612.6720000000005,37.43,6094.3,5541.14,3618.23,206,8103
Philippine Airlines,ZAM-TWT,2023.0,11,1502.88,37.43,10000.0,5541.14,10000.0,206,18
Philippine Airlines,BCD-CEB,2023.0,12,934.048,36.76,10000.0,3671.53,3214.74,634,2701
Cebu Pacific,BCD-DVO,2023.0,12,3486.384,44.12,10000.0,3671.53,4866.63,634,1241
AirAsia,BCD-MNL,2023.0,12,13592.880000000001,15.35,3564.13,3671.53,3673.26,634,8845
Cebu Pacific,BCD-MNL,2023.0,12,26214.336000000003,44.12,3564.13,3671.53,3673.26,634,8845
Philippine Airlines,BCD-MNL,2023.0,12,19097.888000000003,36.76,3564.13,3671.53,3673.26,634,8845
Philippine Airlines,BPA-CEB,2023.0,12,494.49600000000004,36.76,10000.0,10000.0,3214.74,18,2701
Philippine Airlines,BXU-CEB,2023.0,12,1483.488,36.76,10000.0,5096.74,3214.74,369,2701
Cebu Pacific,BXU-MNL,2023.0,12,14737.896,44.12,5236.98,5096.74,3673.26,369,8845
Philippine Airlines,BXU-MNL,2023.0,12,9468.144,36.76,5236.98,5096.74,3673.26,369,8845
Philippine Airlines,CBO-MNL,2023.0,12,4658.928,36.76,10000.0,10000.0,3673.26,70,8845
Philippine Airlines,CBO-TWT,2023.0,12,439.552,36.76,10000.0,10000.0,5336.02,70,31
Philippine Airlines,CEB-BCD,2023.0,12,988.9920000000001,36.76,10000.0,3214.74,3671.53,2701,634
Philippine Airlines,CEB-BPA,2023.0,12,494.49600000000004,36.76,10000.0,3214.74,10000.0,2701,18
Philippine Airlines,CEB-BXU,2023.0,12,1648.3200000000002,36.76,10000.0,3214.74,5096.74,2701,369
Philippine Airlines,CEB-CEB,2023.0,12,109.888,36.76,10000.0,3214.74,3214.74,2701,2701
Cebgo,CEB-CGY,2023.0,12,4478.112,3.76,5583.39,3214.74,3528.23,2701,803
Philippine Airlines,CEB-CGY,2023.0,12,2197.76,36.76,5583.39,3214.74,3528.23,2701,803
Cebgo,CEB-CRK,2023.0,12,306.72,3.76,10000.0,3214.74,4859.78,2701,75
Cebgo,CEB-CYP,2023.0,12,858.816,3.76,10000.0,3214.74,5082.67,2701,54
Cebgo,CEB-DPL,2023.0,12,61.344,3.76,10000.0,3214.74,5289.75,2701,72
Cebu Pacific,CEB-DVO,2023.0,12,5229.576,44.12,5002.52,3214.74,4866.63,2701,1241
Philippine Airlines,CEB-DVO,2023.0,12,4999.904,36.76,5002.52,3214.74,4866.63,2701,1241
Philippine Airlines,CEB-GES,2023.0,12,988.9920000000001,36.76,10000.0,3214.74,4989.61,2701,258
Cebgo,CEB-IAO,2023.0,12,3496.608,3.76,5033.57,3214.74,5543.98,2701,373
Philippine Airlines,CEB-IAO,2023.0,12,2966.976,36.76,5033.57,3214.74,5543.98,2701,373
Cebgo,CEB-ILO,2023.0,12,2699.136,3.76,10000.0,3214.74,3073.95,2701,838
AirAsia,CEB-MNL,2023.0,12,17186.4,15.35,3875.65,3214.74,3673.26,2701,8845
Cebgo,CEB-MNL,2023.0,12,184.032,3.76,3875.65,3214.74,3673.26,2701,8845
Cebu Pacific,CEB-MNL,2023.0,12,52749.876000000004,44.12,3875.65,3214.74,3673.26,2701,8845
Philippine Airlines,CEB-MNL,2023.0,12,36970.848,36.76,3875.65,3214.74,3673.26,2701,8845
Cebu Pacific,CEB-MPH,2023.0,12,3644.856,44.12,5041.22,3214.74,3315.18,2701,917
Philippine Airlines,CEB-MPH,2023.0,12,3038.0800000000004,36.76,5041.22,3214.74,3315.18,2701,917
AirAsia,CEB-NAN,2023.0,12,156.24,15.35,3892.81,3214.74,7070.22,2701,15
Cebgo,CEB-NAN,2023.0,12,61.344,3.76,3892.81,3214.74,7070.22,2701,15
Cebu Pacific,CEB-NAN,2023.0,12,195.96,44.12,3892.81,3214.74,7070.22,2701,15
Cebgo,CEB-PAG,2023.0,12,736.128,3.76,10000.0,3214.74,7222.88,2701,138
Cebu Pacific,CEB-PPS,2023.0,12,2377.08,44.12,5131.34,3214.74,3658.61,2701,554
Philippine Airlines,CEB-PPS,2023.0,12,3296.6400000000003,36.76,5131.34,3214.74,3658.61,2701,554
Cebgo,CEB-TAC,2023.0,12,1717.632,3.76,5007.04,3214.74,3213.05,2701,710
Philippine Airlines,CEB-TAC,2023.0,12,1593.376,36.76,5007.04,3214.74,3213.05,2701,710
AirAsia,CEB-TAG,2023.0,12,156.24,15.35,10000.0,3214.74,3349.71,2701,419
Cebgo,CEB-USU,2023.0,12,1840.32,3.76,5007.48,3214.74,5344.58,2701,304
Philippine Airlines,CEB-USU,2023.0,12,1703.2640000000001,36.76,5007.48,3214.74,5344.58,2701,304
Cebgo,CGY-CEB,2023.0,12,4416.768,3.76,5683.04,3528.23,3214.74,803,2701
Philippine Airlines,CGY-CEB,2023.0,12,2032.928,36.76,5683.04,3528.23,3214.74,803,2701
Cebgo,CGY-DVO,2023.0,12,858.816,3.76,10000.0,3528.23,4866.63,803,1241
AirAsia,CGY-MNL,2023.0,12,4687.200000000001,15.35,4154.75,3528.23,3673.26,803,8845
Cebu Pacific,CGY-MNL,2023.0,12,22003.752,44.12,4154.75,3528.23,3673.26,803,8845
Philippine Airlines,CGY-MNL,2023.0,12,18335.136000000002,36.76,4154.75,3528.23,3673.26,803,8845
Cebgo,CRK-CEB,2023.0,12,306.72,3.76,7423.19,4859.78,3214.74,75,2701
Philippine Airlines,CRK-CEB,2023.0,12,54.944,36.76,7423.19,4859.78,3214.74,75,2701
Cebu Pacific,CRK-MPH,2023.0,12,2218.608,44.12,10000.0,4859.78,3315.18,75,917
Cebu Pacific,CRK-NAN,2023.0,12,316.944,44.12,10000.0,4859.78,7070.22,75,15
Cebgo,CRK-PPS,2023.0,12,184.032,3.76,10000.0,4859.78,3658.61,75,554
Philippine Airlines,CRK-USU,2023.0,12,824.1600000000001,36.76,10000.0,4859.78,5344.58,75,304
Cebgo,CYP-CEB,2023.0,12,920.16,3.76,10000.0,5082.67,3214.74,54,2701
Philippine Airlines,CYP-MNL,2023.0,12,659.328,36.76,10000.0,5082.67,3673.26,54,8845
Cebu Pacific,CYZ-MNL,2023.0,12,4912.6320000000005,44.12,10000.0,10000.0,3673.26,62,8845
Cebu Pacific,DGT-MNL,2023.0,12,7606.656000000001,44.12,5043.3,5004.68,3673.26,249,8845
Philippine Airlines,DGT-MNL,2023.0,12,9167.568000000001,36.76,5043.3,5004.68,3673.26,249,8845
Cebu Pacific,DPL-MNL,2023.0,12,2060.136,44.12,5339.16,5289.75,3673.26,72,8845
Philippine Airlines,DPL-MNL,2023.0,12,1208.768,36.76,5339.16,5289.75,3673.26,72,8845
Cebu Pacific,DRP-MNL,2023.0,12,7168.728,44.12,5274.18,5264.98,3673.26,285,8845
Philippine Airlines,DRP-MNL,2023.0,12,11552.784000000001,36.76,5274.18,5264.98,3673.26,285,8845
Cebu Pacific,DVO-BCD,2023.0,12,3486.384,44.12,10000.0,4866.63,3671.53,1241,634
Cebu Pacific,DVO-CEB,2023.0,12,5071.104,44.12,5004.36,4866.63,3214.74,1241,2701
Philippine Airlines,DVO-CEB,2023.0,12,4780.128000000001,36.76,5004.36,4866.63,3214.74,1241,2701
Cebgo,DVO-CGY,2023.0,12,858.816,3.76,10000.0,4866.63,3528.23,1241,803
Cebgo,DVO-IAO,2023.0,12,552.096,3.76,10000.0,4866.63,5543.98,1241,373
Cebu Pacific,DVO-MNL,2023.0,12,44240.952000000005,44.12,5027.37,4866.63,3673.26,1241,8845
Philippine Airlines,DVO-MNL,2023.0,12,38145.68,36.76,5027.37,4866.63,3673.26,1241,8845
Philippine Airlines,DVO-TAG,2023.0,12,1208.768,36.76,10000.0,4866.63,3349.71,1241,419
Philippine Airlines,EUQ-MNL,2023.0,12,769.216,36.76,10000.0,10000.0,3673.26,27,8845
Cebgo,GES-CEB,2023.0,12,61.344,3.76,8780.53,4989.61,3214.74,258,2701
Philippine Airlines,GES-CEB,2023.0,12,879.104,36.76,8780.53,4989.61,3214.74,258,2701
Cebu Pacific,GES-MNL,2023.0,12,14328.084,44.12,5005.52,4989.61,3673.26,258,8845
Philippine Airlines,GES-MNL,2023.0,12,13406.336,36.76,5005.52,4989.61,3673.26,258,8845
Cebgo,IAO-CEB,2023.0,12,2453.76,3.76,5053.83,5543.98,3214.74,373,2701
Philippine Airlines,IAO-CEB,2023.0,12,3021.92,36.76,5053.83,5543.98,3214.74,373,2701
Cebgo,IAO-DVO,2023.0,12,552.096,3.76,10000.0,5543.98,4866.63,373,1241
Philippine Airlines,IAO-MNL,2023.0,12,3076.864,36.76,10000.0,5543.98,3673.26,373,8845
Cebgo,IAO-NAN,2023.0,12,61.344,3.76,10000.0,5543.98,7070.22,373,15
Cebgo,ILO-CEB,2023.0,12,2637.792,3.76,10000.0,3073.95,3214.74,838,2701
AirAsia,ILO-MNL,2023.0,12,22916.88,15.35,3354.56,3073.95,3673.26,838,8845
Cebu Pacific,ILO-MNL,2023.0,12,19955.544,44.12,3354.56,3073.95,3673.26,838,8845
Philippine Airlines,ILO-MNL,2023.0,12,19062.336000000003,36.76,3354.56,3073.95,3673.26,838,8845
AirAsia,KLO-MNL,2023.0,12,12967.92,15.35,10000.0,10000.0,3673.26,165,8845
Philippine Airlines,LAO-MNL,2023.0,12,6711.2480000000005,36.76,10000.0,10000.0,3673.26,65,8845
Cebgo,MBT-MNL,2023.0,12,61.344,3.76,10000.0,10000.0,3673.26,1,8845
AirAsia,MNL-BCD,2023.0,12,8905.68,15.35,3539.99,3673.26,3671.53,8845,634
Cebu Pacific,MNL-BCD,2023.0,12,14906.592,44.12,3539.99,3673.26,3671.53,8845,634
Philippine Airlines,MNL-BCD,2023.0,12,9274.224,36.76,3539.99,3673.26,3671.53,8845,634
Philippine Airlines,MNL-BSO,2023.0,12,1593.376,36.76,10000.0,3673.26,10000.0,8845,29
Cebu Pacific,MNL-BXU,2023.0,12,14262.480000000001,44.12,5219.86,3673.26,5096.74,8845,369
Philippine Airlines,MNL-BXU,2023.0,12,9317.856,36.76,5219.86,3673.26,5096.74,8845,369
Philippine Airlines,MNL-CBO,2023.0,12,4658.928,36.76,10000.0,3673.26,10000.0,8845,70
AirAsia,MNL-CEB,2023.0,12,20154.960000000003,15.35,3530.81,3673.26,3214.74,8845,2701
Cebgo,MNL-CEB,2023.0,12,736.128,3.76,3530.81,3673.26,3214.74,8845,2701
Cebu Pacific,MNL-CEB,2023.0,12,40425.696,44.12,3530.81,3673.26,3214.74,8845,2701
Philippine Airlines,MNL-CEB,2023.0,12,37594.624,36.76,3530.81,3673.26,3214.74,8845,2701
AirAsia,MNL-CGY,2023.0,12,4687.200000000001,15.35,4509.27,3673.26,3528.23,8845,803
Cebu Pacific,MNL-CGY,2023.0,12,26674.416,44.12,4509.27,3673.26,3528.23,8845,803
Philippine Airlines,MNL-CGY,2023.0,12,14127.072,36.76,4509.27,3673.26,3528.23,8845,803
Philippine Airlines,MNL-CRM,2023.0,12,988.9920000000001,36.76,10000.0,3673.26,10000.0,8845,18
Philippine Airlines,MNL-CYP,2023.0,12,714.272,36.76,10000.0,3673.26,5082.67,8845,54
Cebu Pacific,MNL-CYZ,2023.0,12,4912.6320000000005,44.12,10000.0,3673.26,10000.0,8845,62
Cebu Pacific,MNL-DGT,2023.0,12,11885.400000000001,44.12,5083.33,3673.26,5004.68,8845,249
Philippine Airlines,MNL-DGT,2023.0,12,9167.568000000001,36.76,5083.33,3673.26,5004.68,8845,249
Cebu Pacific,MNL-DPL,2023.0,12,2218.608,44.12,5434.06,3673.26,5289.75,8845,72
Philippine Airlines,MNL-DPL,2023.0,12,1208.768,36.76,5434.06,3673.26,5289.75,8845,72
Cebgo,MNL-DRP,2023.0,12,61.344,3.76,5255.66,3673.26,5264.98,8845,285
Cebu Pacific,MNL-DRP,2023.0,12,6851.784000000001,44.12,5255.66,3673.26,5264.98,8845,285
Philippine Airlines,MNL-DRP,2023.0,12,11211.808,36.76,5255.66,3673.26,5264.98,8845,285
Cebu Pacific,MNL-DVO,2023.0,12,36381.252,44.12,5002.69,3673.26,4866.63,8845,1241
Philippine Airlines,MNL-DVO,2023.0,12,38110.128000000004,36.76,5002.69,3673.26,4866.63,8845,1241
Philippine Airlines,MNL-EUQ,2023.0,12,659.328,36.76,10000.0,3673.26,10000.0,8845,27
Cebu Pacific,MNL-GES,2023.0,12,14328.084,44.12,5002.03,3673.26,4989.61,8845,258
Philippine Airlines,MNL-GES,2023.0,12,13761.856,36.76,5002.03,3673.26,4989.61,8845,258
Philippine Airlines,MNL-IAO,2023.0,12,5054.848,36.76,10000.0,3673.26,5543.98,8845,373
AirAsia,MNL-ILO,2023.0,12,17342.64,15.35,3351.58,3673.26,3073.95,8845,838
Cebu Pacific,MNL-ILO,2023.0,12,20309.976000000002,44.12,3351.58,3673.26,3073.95,8845,838
Philippine Airlines,MNL-ILO,2023.0,12,20450.480000000003,36.76,3351.58,3673.26,3073.95,8845,838
AirAsia,MNL-KLO,2023.0,12,12811.68,15.35,10000.0,3673.26,10000.0,8845,165
Philippine Airlines,MNL-LAO,2023.0,12,3306.3360000000002,36.76,10000.0,3673.26,10000.0,8845,65
Cebu Pacific,MNL-MNL,2023.0,12,195.96,44.12,6579.4,3673.26,3673.26,8845,8845
Philippine Airlines,MNL-MNL,2023.0,12,54.944,36.76,6579.4,3673.26,3673.26,8845,8845
AirAsia,MNL-MPH,2023.0,12,13749.12,15.35,3148.02,3673.26,3315.18,8845,917
Cebgo,MNL-MPH,2023.0,12,1840.32,3.76,3148.02,3673.26,3315.18,8845,917
Cebu Pacific,MNL-MPH,2023.0,12,17114.976000000002,44.12,3148.02,3673.26,3315.18,8845,917
Philippine Airlines,MNL-MPH,2023.0,12,12053.744,36.76,3148.02,3673.26,3315.18,8845,917
Cebu Pacific,MNL-NAN,2023.0,12,1459.476,44.12,10000.0,3673.26,7070.22,8845,15
Cebu Pacific,MNL-OZC,2023.0,12,7606.656000000001,44.12,10000.0,3673.26,5951.62,8845,139
Cebu Pacific,MNL-PAG,2023.0,12,5388.048000000001,44.12,10000.0,3673.26,7222.88,8845,138
AirAsia,MNL-PPS,2023.0,12,4687.200000000001,15.35,3679.11,3673.26,3658.61,8845,554
Cebu Pacific,MNL-PPS,2023.0,12,11070.888,44.12,3679.11,3673.26,3658.61,8845,554
Philippine Airlines,MNL-PPS,2023.0,12,9167.568000000001,36.76,3679.11,3673.26,3658.61,8845,554
Cebu Pacific,MNL-RXS,2023.0,12,4912.6320000000005,44.12,10000.0,3673.26,5337.71,8845,136
AirAsia,MNL-TAC,2023.0,12,9686.880000000001,15.35,3429.86,3673.26,3213.05,8845,710
Cebu Pacific,MNL-TAC,2023.0,12,9983.736,44.12,3429.86,3673.26,3213.05,8845,710
Philippine Airlines,MNL-TAC,2023.0,12,13862.048,36.76,3429.86,3673.26,3213.05,8845,710
AirAsia,MNL-TAG,2023.0,12,8905.68,15.35,3557.87,3673.26,3349.71,8845,419
Cebu Pacific,MNL-TAG,2023.0,12,5108.592000000001,44.12,3557.87,3673.26,3349.71,8845,419
Philippine Airlines,MNL-TAG,2023.0,12,9919.008000000002,36.76,3557.87,3673.26,3349.71,8845,419
Cebu Pacific,MNL-TUG,2023.0,12,4754.16,44.12,10000.0,3673.26,7259.6,8845,181
Cebgo,MNL-USU,2023.0,12,1901.664,3.76,10000.0,3673.26,5344.58,8845,304
Cebgo,MNL-WNP,2023.0,12,3741.984,3.76,10000.0,3673.26,10000.0,8845,123
Cebu Pacific,MPH-CEB,2023.0,12,3644.856,44.12,5049.84,3315.18,3214.74,917,2701
Philippine Airlines,MPH-CEB,2023.0,12,2983.1360000000004,36.76,5049.84,3315.18,3214.74,917,2701
Cebu Pacific,MPH-CRK,2023.0,12,2218.608,44.12,10000.0,3315.18,4859.78,917,75
AirAsia,MPH-MNL,2023.0,12,17811.36,15.35,3237.1,3315.18,3673.26,917,8845
Cebgo,MPH-MNL,2023.0,12,1840.32,3.76,3237.1,3315.18,3673.26,917,8845
Cebu Pacific,MPH-MNL,2023.0,12,22186.08,44.12,3237.1,3315.18,3673.26,917,8845
Philippine Airlines,MPH-MNL,2023.0,12,13947.696000000002,36.76,3237.1,3315.18,3673.26,917,8845
Philippine Airlines,NAN-MNL,2023.0,12,109.888,36.76,10000.0,7070.22,3673.26,15,8845
Cebgo,OZC-CEB,2023.0,12,736.128,3.76,10000.0,5951.62,3214.74,139,2701
Cebu Pacific,OZC-MNL,2023.0,12,7448.184,44.12,5265.38,5951.62,3673.26,139,8845
Philippine Airlines,OZC-MNL,2023.0,12,4658.928,36.76,5265.38,5951.62,3673.26,139,8845
Cebgo,PAG-CEB,2023.0,12,2147.04,3.76,10000.0,7222.88,3214.74,138,2701
Cebu Pacific,PAG-MNL,2023.0,12,9032.904,44.12,10000.0,7222.88,3673.26,138,8845
Cebu Pacific,PPS-CEB,2023.0,12,2377.08,44.12,5194.8,3658.61,3214.74,554,2701
Philippine Airlines,PPS-CEB,2023.0,12,1593.376,36.76,5194.8,3658.61,3214.74,554,2701
Cebgo,PPS-CRK,2023.0,12,184.032,3.76,10000.0,3658.61,4859.78,554,75
AirAsia,PPS-MNL,2023.0,12,9530.640000000001,15.35,3573.43,3658.61,3673.26,554,8845
Cebu Pacific,PPS-MNL,2023.0,12,16303.872000000001,44.12,3573.43,3658.61,3673.26,554,8845
Philippine Airlines,PPS-MNL,2023.0,12,19109.2,36.76,3573.43,3658.61,3673.26,554,8845
AirAsia,RXS-MNL,2023.0,12,2031.1200000000001,15.35,4517.65,5337.71,3673.26,136,8845
Cebu Pacific,RXS-MNL,2023.0,12,9825.264000000001,44.12,4517.65,5337.71,3673.26,136,8845
Philippine Airlines,RXS-MNL,2023.0,12,4508.64,36.76,4517.65,5337.71,3673.26,136,8845
Cebgo,SUG-CEB,2023.0,12,552.096,3.76,10000.0,10000.0,3214.74,9,2701
Cebgo,TAC-CEB,2023.0,12,981.504,3.76,5282.34,3213.05,3214.74,710,2701
Philippine Airlines,TAC-CEB,2023.0,12,1593.376,36.76,5282.34,3213.05,3214.74,710,2701
AirAsia,TAC-MNL,2023.0,12,18592.56,15.35,3599.29,3213.05,3673.26,710,8845
Cebu Pacific,TAC-MNL,2023.0,12,28049.544,44.12,3599.29,3213.05,3673.26,710,8845
Philippine Airlines,TAC-MNL,2023.0,12,14312.912,36.76,3599.29,3213.05,3673.26,710,8845
Philippine Airlines,TAG-DVO,2023.0,12,1208.768,36.76,10000.0,3349.71,4866.63,419,1241
AirAsia,TAG-MNL,2023.0,12,9686.880000000001,15.35,3600.79,3349.71,3673.26,419,8845
Cebu Pacific,TAG-MNL,2023.0,12,16770.768,44.12,3600.79,3349.71,3673.26,419,8845
Philippine Airlines,TAG-MNL,2023.0,12,9468.144,36.76,3600.79,3349.71,3673.26,419,8845
Cebu Pacific,TUG-MNL,2023.0,12,19016.64,44.12,6838.82,7259.6,3673.26,181,8845
Philippine Airlines,TUG-MNL,2023.0,12,4658.928,36.76,6838.82,7259.6,3673.26,181,8845
Cebgo,USU-CEB,2023.0,12,2208.384,3.76,5083.38,5344.58,3214.74,304,2701
Philippine Airlines,USU-CEB,2023.0,12,1703.2640000000001,36.76,5083.38,5344.58,3214.74,304,2701
Philippine Airlines,USU-CRK,2023.0,12,714.272,36.76,10000.0,5344.58,4859.78,304,75
Cebgo,USU-MNL,2023.0,12,5336.928,3.76,6394.22,5344.58,3673.26,304,8845
Philippine Airlines,USU-MNL,2023.0,12,1648.3200000000002,36.76,6394.22,5344.58,3673.26,304,8845
Cebgo,WNP-MNL,2023.0,12,3803.328,3.76,10000.0,10000.0,3673.26,123,8845
Philippine Airlines,ZAM-CEB,2023.0,12,1703.2640000000001,36.76,10000.0,5665.36,3214.74,228,2701
Cebu Pacific,ZAM-MNL,2023.0,12,19529.544,44.12,5986.93,5665.36,3673.26,228,8845
Philippine Airlines,ZAM-MNL,2023.0,12,7514.400000000001,36.76,5986.93,5665.36,3673.26,228,8845
Cebu Pacific,ZAM-TWT,2023.0,12,2535.552,44.12,5855.0,5665.36,5336.02,228,31
Philippine Airlines,ZAM-TWT,2023.0,12,1052.016,36.76,5855.0,5665.36,5336.02,228,31
Philippine Airlines,BCD-CEB,2024.0,1,430.304,37.06,10000.0,3774.42,3295.3,633,2623
Cebu Pacific,BCD-DVO,2024.0,1,3700.47,44.17,10000.0,3774.42,4809.51,633,1249
AirAsia,BCD-MNL,2024.0,1,14078.34,15.0,3632.7,3774.42,3693.35,633,8685
Cebu Pacific,BCD-MNL,2024.0,1,28937.71,44.17,3632.7,3774.42,3693.35,633,8685
Philippine Airlines,BCD-MNL,2024.0,1,18923.884000000002,37.06,3632.7,3774.42,3693.35,633,8685
Cebu Pacific,BCD-NAN,2024.0,1,160.89,44.17,10000.0,3774.42,7996.5,633,20
Philippine Airlines,BPA-CEB,2024.0,1,484.092,37.06,10000.0,10000.0,3295.3,16,2623
Philippine Airlines,BXU-CEB,2024.0,1,1559.8519999999999,37.06,10000.0,5103.29,3295.3,361,2623
Cebu Pacific,BXU-MNL,2024.0,1,14839.939999999999,44.17,5342.9,5103.29,3693.35,361,8685
Philippine Airlines,BXU-MNL,2024.0,1,8680.434000000001,37.06,5342.9,5103.29,3693.35,361,8685
Philippine Airlines,CBO-MNL,2024.0,1,3531.0240000000003,37.06,10000.0,10000.0,3693.35,57,8685
Philippine Airlines,CBO-TWT,2024.0,1,430.304,37.06,10000.0,10000.0,5031.47,57,36
Philippine Airlines,CEB-BCD,2024.0,1,484.092,37.06,10000.0,3295.3,3774.42,2623,633
Philippine Airlines,CEB-BPA,2024.0,1,376.51599999999996,37.06,10000.0,3295.3,10000.0,2623,16
Philippine Airlines,CEB-BXU,2024.0,1,1559.8519999999999,37.06,10000.0,3295.3,5103.29,2623,361
Cebgo,CEB-CEB,2024.0,1,62.28,3.77,10000.0,3295.3,3295.3,2623,2623
Cebgo,CEB-CGY,2024.0,1,4297.32,3.77,6030.66,3295.3,3384.37,2623,748
Philippine Airlines,CEB-CGY,2024.0,1,1613.6399999999999,37.06,6030.66,3295.3,3384.37,2623,748
Cebgo,CEB-CRK,2024.0,1,560.52,3.77,10000.0,3295.3,3586.24,2623,59
Cebgo,CEB-CYP,2024.0,1,1058.76,3.77,10000.0,3295.3,5249.13,2623,59
Cebu Pacific,CEB-DGT,2024.0,1,160.89,44.17,10000.0,3295.3,5002.82,2623,235
Cebu Pacific,CEB-DVO,2024.0,1,4504.92,44.17,5016.62,3295.3,4809.51,2623,1249
Philippine Airlines,CEB-DVO,2024.0,1,5056.072,37.06,5016.62,3295.3,4809.51,2623,1249
Philippine Airlines,CEB-GES,2024.0,1,1506.0639999999999,37.06,10000.0,3295.3,5000.35,2623,278
Cebgo,CEB-IAO,2024.0,1,2553.48,3.77,5098.77,3295.3,5790.39,2623,376
Philippine Airlines,CEB-IAO,2024.0,1,3388.644,37.06,5098.77,3295.3,5790.39,2623,376
Cebgo,CEB-ILO,2024.0,1,2864.88,3.77,10000.0,3295.3,3060.37,2623,830
AirAsia,CEB-MNL,2024.0,1,14240.16,15.0,3996.46,3295.3,3693.35,2623,8685
Cebu Pacific,CEB-MNL,2024.0,1,51990.825,44.17,3996.46,3295.3,3693.35,2623,8685
Philippine Airlines,CEB-MNL,2024.0,1,39220.944,37.06,3996.46,3295.3,3693.35,2623,8685
Cebu Pacific,CEB-MPH,2024.0,1,4987.589999999999,44.17,5407.05,3295.3,3293.0,2623,885
Philippine Airlines,CEB-MPH,2024.0,1,2773.246,37.06,5407.05,3295.3,3293.0,2623,885
Cebgo,CEB-NAN,2024.0,1,62.28,3.77,10000.0,3295.3,7996.5,2623,20
Cebgo,CEB-PAG,2024.0,1,747.36,3.77,10000.0,3295.3,7504.49,2623,143
Cebu Pacific,CEB-PPS,2024.0,1,643.56,44.17,7288.09,3295.3,3646.57,2623,509
Philippine Airlines,CEB-PPS,2024.0,1,3334.8559999999998,37.06,7288.09,3295.3,3646.57,2623,509
Cebgo,CEB-TAC,2024.0,1,1494.72,3.77,5001.04,3295.3,3247.16,2623,669
Philippine Airlines,CEB-TAC,2024.0,1,1452.2759999999998,37.06,5001.04,3295.3,3247.16,2623,669
Cebgo,CEB-USU,2024.0,1,1806.1200000000001,3.77,5002.9,3295.3,5407.45,2623,309
Philippine Airlines,CEB-USU,2024.0,1,1721.216,37.06,5002.9,3295.3,5407.45,2623,309
Cebgo,CGY-CEB,2024.0,1,4235.04,3.77,6065.58,3384.37,3295.3,748,2623
Philippine Airlines,CGY-CEB,2024.0,1,1559.8519999999999,37.06,6065.58,3384.37,3295.3,748,2623
Cebgo,CGY-DVO,2024.0,1,1058.76,3.77,10000.0,3384.37,4809.51,748,1249
AirAsia,CGY-MNL,2024.0,1,5016.42,15.0,4029.17,3384.37,3693.35,748,8685
Cebu Pacific,CGY-MNL,2024.0,1,19054.219999999998,44.17,4029.17,3384.37,3693.35,748,8685
Philippine Airlines,CGY-MNL,2024.0,1,18390.75,37.06,4029.17,3384.37,3693.35,748,8685
Cebgo,CRK-CEB,2024.0,1,498.24,3.77,10000.0,3586.24,3295.3,59,2623
Cebu Pacific,CRK-MPH,2024.0,1,482.66999999999996,44.17,10000.0,3586.24,3293.0,59,885
Philippine Airlines,CRK-USU,2024.0,1,968.184,37.06,10000.0,3586.24,5407.45,59,309
Cebgo,CYP-CEB,2024.0,1,1058.76,3.77,10000.0,5249.13,3295.3,59,2623
Philippine Airlines,CYP-MNL,2024.0,1,645.4559999999999,37.06,10000.0,5249.13,3693.35,59,8685
Cebu Pacific,CYZ-MNL,2024.0,1,4826.7,44.17,10000.0,10000.0,3693.35,61,8685
Cebu Pacific,DGT-MNL,2024.0,1,6596.49,44.17,5116.63,5002.82,3693.35,235,8685
Philippine Airlines,DGT-MNL,2024.0,1,8974.686,37.06,5116.63,5002.82,3693.35,235,8685
Cebu Pacific,DPL-MNL,2024.0,1,4826.7,44.17,5009.98,5014.01,3693.35,121,8685
Philippine Airlines,DPL-MNL,2024.0,1,4413.78,37.06,5009.98,5014.01,3693.35,121,8685
Cebu Pacific,DRP-MNL,2024.0,1,6435.599999999999,44.17,5319.42,5330.21,3693.35,268,8685
Philippine Airlines,DRP-MNL,2024.0,1,10789.24,37.06,5319.42,5330.21,3693.35,268,8685
Cebu Pacific,DVO-BCD,2024.0,1,3700.47,44.17,10000.0,4809.51,3774.42,1249,633
Cebu Pacific,DVO-CEB,2024.0,1,4504.92,44.17,5011.01,4809.51,3295.3,1249,2623
Philippine Airlines,DVO-CEB,2024.0,1,4948.496,37.06,5011.01,4809.51,3295.3,1249,2623
Cebgo,DVO-CGY,2024.0,1,996.48,3.77,10000.0,4809.51,3384.37,1249,748
Cebgo,DVO-DVO,2024.0,1,62.28,3.77,10000.0,4809.51,4809.51,1249,1249
Cebgo,DVO-IAO,2024.0,1,934.2,3.77,10000.0,4809.51,5790.39,1249,376
Cebu Pacific,DVO-MNL,2024.0,1,44412.56,44.17,5030.89,4809.51,3693.35,1249,8685
Philippine Airlines,DVO-MNL,2024.0,1,37939.524000000005,37.06,5030.89,4809.51,3693.35,1249,8685
Philippine Airlines,DVO-TAG,2024.0,1,1183.336,37.06,10000.0,4809.51,3397.68,1249,390
Philippine Airlines,EUQ-MNL,2024.0,1,645.4559999999999,37.06,10000.0,10000.0,3693.35,25,8685
Philippine Airlines,GES-CEB,2024.0,1,1559.8519999999999,37.06,10000.0,5000.35,3295.3,278,2623
Cebu Pacific,GES-MNL,2024.0,1,15166.045,44.17,5024.18,5000.35,3693.35,278,8685
Philippine Airlines,GES-MNL,2024.0,1,13193.880000000001,37.06,5024.18,5000.35,3693.35,278,8685
Cebgo,IAO-CEB,2024.0,1,1992.96,3.77,5224.92,5790.39,3295.3,376,2623
Philippine Airlines,IAO-CEB,2024.0,1,3065.9159999999997,37.06,5224.92,5790.39,3295.3,376,2623
Cebgo,IAO-DVO,2024.0,1,871.9200000000001,3.77,10000.0,5790.39,4809.51,376,1249
Philippine Airlines,IAO-MNL,2024.0,1,3227.2799999999997,37.06,10000.0,5790.39,3693.35,376,8685
Cebgo,ILO-CEB,2024.0,1,2802.6,3.77,10000.0,3060.37,3295.3,830,2623
AirAsia,ILO-MNL,2024.0,1,23356.02,15.0,3363.02,3060.37,3693.35,830,8685
Cebu Pacific,ILO-MNL,2024.0,1,19926.14,44.17,3363.02,3060.37,3693.35,830,8685
Philippine Airlines,ILO-MNL,2024.0,1,18757.774,37.06,3363.02,3060.37,3693.35,830,8685
AirAsia,KLO-MNL,2024.0,1,13916.519999999999,15.0,10000.0,10000.0,3693.35,172,8685
Philippine Airlines,LAO-MNL,2024.0,1,5885.04,37.06,10000.0,10000.0,3693.35,60,8685
AirAsia,MNL-BCD,2024.0,1,9385.56,15.0,3609.98,3693.35,3774.42,8685,633
Cebu Pacific,MNL-BCD,2024.0,1,16632.219999999998,44.17,3609.98,3693.35,3774.42,8685,633
Philippine Airlines,MNL-BCD,2024.0,1,9435.048,37.06,3609.98,3693.35,3774.42,8685,633
Philippine Airlines,MNL-BSO,2024.0,1,1613.6399999999999,37.06,10000.0,3693.35,10000.0,8685,30
Cebu Pacific,MNL-BXU,2024.0,1,12909.259999999998,44.17,5161.63,3693.35,5103.29,8685,361
Philippine Airlines,MNL-BXU,2024.0,1,8974.686,37.06,5161.63,3693.35,5103.29,8685,361
Philippine Airlines,MNL-CBO,2024.0,1,3678.15,37.06,10000.0,3693.35,10000.0,8685,57
AirAsia,MNL-CEB,2024.0,1,18609.3,15.0,3562.37,3693.35,3295.3,8685,2623
Cebgo,MNL-CEB,2024.0,1,809.64,3.77,3562.37,3693.35,3295.3,8685,2623
Cebu Pacific,MNL-CEB,2024.0,1,38108.439999999995,44.17,3562.37,3693.35,3295.3,8685,2623
Philippine Airlines,MNL-CEB,2024.0,1,38895.052,37.06,3562.37,3693.35,3295.3,8685,2623
AirAsia,MNL-CGY,2024.0,1,5016.42,15.0,4333.6,3693.35,3384.37,8685,748
Cebu Pacific,MNL-CGY,2024.0,1,24155.989999999998,44.17,4333.6,3693.35,3384.37,8685,748
Philippine Airlines,MNL-CGY,2024.0,1,13682.718,37.06,4333.6,3693.35,3384.37,8685,748
Philippine Airlines,MNL-CRM,2024.0,1,1021.972,37.06,10000.0,3693.35,10000.0,8685,19
Philippine Airlines,MNL-CYP,2024.0,1,699.2439999999999,37.06,10000.0,3693.35,5249.13,8685,59
Cebu Pacific,MNL-CYZ,2024.0,1,4987.589999999999,44.17,10000.0,3693.35,10000.0,8685,61
Cebu Pacific,MNL-DGT,2024.0,1,10779.63,44.17,5022.79,3693.35,5002.82,8685,235
Philippine Airlines,MNL-DGT,2024.0,1,9416.064,37.06,5022.79,3693.35,5002.82,8685,235
Cebu Pacific,MNL-DPL,2024.0,1,4987.589999999999,44.17,5018.63,3693.35,5014.01,8685,121
Philippine Airlines,MNL-DPL,2024.0,1,4413.78,37.06,5018.63,3693.35,5014.01,8685,121
Cebu Pacific,MNL-DRP,2024.0,1,6113.82,44.17,5341.63,3693.35,5330.21,8685,268
Philippine Airlines,MNL-DRP,2024.0,1,10441.2,37.06,5341.63,3693.35,5330.21,8685,268
Cebu Pacific,MNL-DVO,2024.0,1,37047.085,44.17,5001.02,3693.35,4809.51,8685,1249
Philippine Airlines,MNL-DVO,2024.0,1,38121.454,37.06,5001.02,3693.35,4809.51,8685,1249
Philippine Airlines,MNL-EUQ,2024.0,1,699.2439999999999,37.06,10000.0,3693.35,10000.0,8685,25
Cebu Pacific,MNL-GES,2024.0,1,14785.445,44.17,5016.18,3693.35,5000.35,8685,278
Philippine Airlines,MNL-GES,2024.0,1,13193.880000000001,37.06,5016.18,3693.35,5000.35,8685,278
Philippine Airlines,MNL-IAO,2024.0,1,5056.072,37.06,10000.0,3693.35,5790.39,8685,376
AirAsia,MNL-ILO,2024.0,1,17314.739999999998,15.0,3351.59,3693.35,3060.37,8685,830
Cebu Pacific,MNL-ILO,2024.0,1,20087.03,44.17,3351.59,3693.35,3060.37,8685,830
Philippine Airlines,MNL-ILO,2024.0,1,20553.344,37.06,3351.59,3693.35,3060.37,8685,830
AirAsia,MNL-KLO,2024.0,1,13916.519999999999,15.0,10000.0,3693.35,10000.0,8685,172
Philippine Airlines,MNL-LAO,2024.0,1,2942.52,37.06,10000.0,3693.35,10000.0,8685,60
Cebu Pacific,MNL-MNL,2024.0,1,321.78,44.17,5000.01,3693.35,3693.35,8685,8685
Philippine Airlines,MNL-MNL,2024.0,1,322.72799999999995,37.06,5000.01,3693.35,3693.35,8685,8685
AirAsia,MNL-MPH,2024.0,1,12136.5,15.0,3103.14,3693.35,3293.0,8685,885
Cebgo,MNL-MPH,2024.0,1,1930.68,3.77,3103.14,3693.35,3293.0,8685,885
Cebu Pacific,MNL-MPH,2024.0,1,15767.22,44.17,3103.14,3693.35,3293.0,8685,885
Philippine Airlines,MNL-MPH,2024.0,1,12309.542,37.06,3103.14,3693.35,3293.0,8685,885
AirAsia,MNL-NAN,2024.0,1,361.91999999999996,15.0,7925.88,3693.35,7996.5,8685,20
Cebu Pacific,MNL-NAN,2024.0,1,2717.83,44.17,7925.88,3693.35,7996.5,8685,20
Cebu Pacific,MNL-OZC,2024.0,1,7561.829999999999,44.17,10000.0,3693.35,6117.46,8685,138
Cebu Pacific,MNL-PAG,2024.0,1,5148.48,44.17,10000.0,3693.35,7504.49,8685,143
AirAsia,MNL-PPS,2024.0,1,4530.96,15.0,3619.81,3693.35,3646.57,8685,509
Cebu Pacific,MNL-PPS,2024.0,1,9771.039999999999,44.17,3619.81,3693.35,3646.57,8685,509
Philippine Airlines,MNL-PPS,2024.0,1,8386.182,37.06,3619.81,3693.35,3646.57,8685,509
Cebu Pacific,MNL-RXS,2024.0,1,4826.7,44.17,10000.0,3693.35,5297.84,8685,134
AirAsia,MNL-TAC,2024.0,1,9061.92,15.0,3422.18,3693.35,3247.16,8685,669
Cebu Pacific,MNL-TAC,2024.0,1,9331.619999999999,44.17,3422.18,3693.35,3247.16,8685,669
Philippine Airlines,MNL-TAC,2024.0,1,12788.888,37.06,3422.18,3693.35,3247.16,8685,669
AirAsia,MNL-TAG,2024.0,1,9061.92,15.0,3558.13,3693.35,3397.68,8685,390
Cebu Pacific,MNL-TAG,2024.0,1,4902.82,44.17,3558.13,3693.35,3397.68,8685,390
Philippine Airlines,MNL-TAG,2024.0,1,9268.938,37.06,3558.13,3693.35,3397.68,8685,390
Cebu Pacific,MNL-TUG,2024.0,1,4987.589999999999,44.17,10000.0,3693.35,7458.59,8685,180
Cebgo,MNL-USU,2024.0,1,1868.4,3.77,10000.0,3693.35,5407.45,8685,309
Cebgo,MNL-WNP,2024.0,1,3674.52,3.77,10000.0,3693.35,10000.0,8685,119
Cebu Pacific,MPH-CEB,2024.0,1,4987.589999999999,44.17,5298.85,3293.0,3295.3,885,2623
Philippine Airlines,MPH-CEB,2024.0,1,3027.948,37.06,5298.85,3293.0,3295.3,885,2623
Cebu Pacific,MPH-CRK,2024.0,1,643.56,44.17,10000.0,3293.0,3586.24,885,59
AirAsia,MPH-MNL,2024.0,1,16667.46,15.0,3211.55,3293.0,3693.35,885,8685
Cebgo,MPH-MNL,2024.0,1,1868.4,3.77,3211.55,3293.0,3693.35,885,8685
Cebu Pacific,MPH-MNL,2024.0,1,21398.37,44.17,3211.55,3293.0,3693.35,885,8685
Philippine Airlines,MPH-MNL,2024.0,1,14149.408,37.06,3211.55,3293.0,3693.35,885,8685
Cebu Pacific,NAN-MNL,2024.0,1,160.89,44.17,10000.0,7996.5,3693.35,20,8685
Cebgo,OZC-CEB,2024.0,1,560.52,3.77,6534.34,6117.46,3295.3,138,2623
Cebu Pacific,OZC-CEB,2024.0,1,160.89,44.17,6534.34,6117.46,3295.3,138,2623
Cebu Pacific,OZC-MNL,2024.0,1,7561.829999999999,44.17,5306.39,6117.46,3693.35,138,8685
Philippine Airlines,OZC-MNL,2024.0,1,4560.906,37.06,5306.39,6117.46,3693.35,138,8685
Cebgo,PAG-CEB,2024.0,1,1868.4,3.77,10000.0,7504.49,3295.3,143,2623
Cebu Pacific,PAG-MNL,2024.0,1,10136.07,44.17,10000.0,7504.49,3693.35,143,8685
Cebu Pacific,PPS-CEB,2024.0,1,643.56,44.17,5981.44,3646.57,3295.3,509,2623
Philippine Airlines,PPS-CEB,2024.0,1,1667.4279999999999,37.06,5981.44,3646.57,3295.3,509,2623
AirAsia,PPS-MNL,2024.0,1,9385.56,15.0,3542.8,3646.57,3693.35,509,8685
Cebu Pacific,PPS-MNL,2024.0,1,15528.48,44.17,3542.8,3646.57,3693.35,509,8685
Philippine Airlines,PPS-MNL,2024.0,1,17859.198,37.06,3542.8,3646.57,3693.35,509,8685
Cebu Pacific,PPS-NAN,2024.0,1,359.84,44.17,10000.0,3646.57,7996.5,509,20
AirAsia,RXS-MNL,2024.0,1,2103.66,15.0,4477.89,5297.84,3693.35,134,8685
Cebu Pacific,RXS-MNL,2024.0,1,9653.4,44.17,4477.89,5297.84,3693.35,134,8685
Philippine Airlines,RXS-MNL,2024.0,1,4413.78,37.06,4477.89,5297.84,3693.35,134,8685
Cebgo,SUG-CEB,2024.0,1,560.52,3.77,10000.0,10000.0,3295.3,9,2623
Cebgo,TAC-CEB,2024.0,1,809.64,3.77,5355.57,3247.16,3295.3,669,2623
Philippine Airlines,TAC-CEB,2024.0,1,1398.4879999999998,37.06,5355.57,3247.16,3295.3,669,2623
AirAsia,TAC-MNL,2024.0,1,16904.1,15.0,3654.47,3247.16,3693.35,669,8685
Cebu Pacific,TAC-MNL,2024.0,1,27351.3,44.17,3654.47,3247.16,3693.35,669,8685
Philippine Airlines,TAC-MNL,2024.0,1,13309.366,37.06,3654.47,3247.16,3693.35,669,8685
Philippine Airlines,TAG-DVO,2024.0,1,1129.548,37.06,10000.0,3397.68,4809.51,390,1249
AirAsia,TAG-MNL,2024.0,1,6796.44,15.0,3860.81,3397.68,3693.35,390,8685
Cebu Pacific,TAG-MNL,2024.0,1,17237.719999999998,44.17,3860.81,3397.68,3693.35,390,8685
Philippine Airlines,TAG-MNL,2024.0,1,9416.064,37.06,3860.81,3397.68,3693.35,390,8685
Cebu Pacific,TUG-MNL,2024.0,1,19306.8,44.17,7035.3,7458.59,3693.35,180,8685
Philippine Airlines,TUG-MNL,2024.0,1,4266.654,37.06,7035.3,7458.59,3693.35,180,8685
Cebgo,USU-CEB,2024.0,1,2553.48,3.77,5427.07,5407.45,3295.3,309,2623
Philippine Airlines,USU-CEB,2024.0,1,1398.4879999999998,37.06,5427.07,5407.45,3295.3,309,2623
Philippine Airlines,USU-CRK,2024.0,1,914.396,37.06,10000.0,5407.45,3586.24,309,59
Cebgo,USU-MNL,2024.0,1,5480.64,3.77,6618.11,5407.45,3693.35,309,8685
Philippine Airlines,USU-MNL,2024.0,1,1506.0639999999999,37.06,6618.11,5407.45,3693.35,309,8685
Cebgo,WNP-MNL,2024.0,1,3736.8,3.77,10000.0,10000.0,3693.35,119,8685
Philippine Airlines,ZAM-CEB,2024.0,1,1721.216,37.06,10000.0,5643.73,3295.3,232,2623
Cebu Pacific,ZAM-MNL,2024.0,1,19780.82,44.17,6122.54,5643.73,3693.35,232,8685
Philippine Airlines,ZAM-MNL,2024.0,1,7062.048000000001,37.06,6122.54,5643.73,3693.35,232,8685
Cebu Pacific,ZAM-TWT,2024.0,1,2574.24,44.17,5173.64,5643.73,5031.47,232,36
Philippine Airlines,ZAM-TWT,2024.0,1,1765.5120000000002,37.06,5173.64,5643.73,5031.47,232,36
Philippine Airlines,BCD-CEB,2024.0,2,161.36399999999998,37.27,10000.0,3603.68,3128.09,545,2283
Cebu Pacific,BCD-DVO,2024.0,2,3228.96,43.27,10000.0,3603.68,4785.28,545,1059
AirAsia,BCD-MNL,2024.0,2,13107.42,15.7,3494.36,3603.68,3647.76,545,8162
Cebu Pacific,BCD-MNL,2024.0,2,22484.672,43.27,3494.36,3603.68,3647.76,545,8162
Philippine Airlines,BCD-MNL,2024.0,2,16946.384000000002,37.27,3494.36,3603.68,3647.76,545,8162
Philippine Airlines,BPA-CEB,2024.0,2,430.304,37.27,10000.0,10000.0,3128.09,16,2283
Philippine Airlines,BXU-CEB,2024.0,2,1344.6999999999998,37.27,10000.0,5024.13,3128.09,325,2283
Cebu Pacific,BXU-MNL,2024.0,2,12669.328000000001,43.27,5190.26,5024.13,3647.76,325,8162
Philippine Airlines,BXU-MNL,2024.0,2,8533.308,37.27,5190.26,5024.13,3647.76,325,8162
Philippine Airlines,CBO-MNL,2024.0,2,2501.1420000000003,37.27,10000.0,10000.0,3647.76,42,8162
Philippine Airlines,CBO-TWT,2024.0,2,376.51599999999996,37.27,10000.0,10000.0,5898.2,42,23
Philippine Airlines,CEB-BCD,2024.0,2,215.152,37.27,10000.0,3128.09,3603.68,2283,545
Philippine Airlines,CEB-BPA,2024.0,2,430.304,37.27,10000.0,3128.09,10000.0,2283,16
Cebgo,CEB-BXU,2024.0,2,62.496,3.76,9151.21,3128.09,5024.13,2283,325
Philippine Airlines,CEB-BXU,2024.0,2,1344.6999999999998,37.27,9151.21,3128.09,5024.13,2283,325
Cebgo,CEB-CEB,2024.0,2,62.496,3.76,10000.0,3128.09,3128.09,2283,2283
Cebgo,CEB-CGY,2024.0,2,3499.7760000000003,3.76,6062.95,3128.09,3295.51,2283,651
Philippine Airlines,CEB-CGY,2024.0,2,1290.9119999999998,37.27,6062.95,3128.09,3295.51,2283,651
Cebgo,CEB-CYP,2024.0,2,999.936,3.76,10000.0,3128.09,5156.58,2283,58
Cebgo,CEB-DPL,2024.0,2,62.496,3.76,10000.0,3128.09,4968.18,2283,115
Cebu Pacific,CEB-DVO,2024.0,2,1453.0320000000002,43.27,5799.13,3128.09,4785.28,2283,1059
Philippine Airlines,CEB-DVO,2024.0,2,3388.644,37.27,5799.13,3128.09,4785.28,2283,1059
Philippine Airlines,CEB-GES,2024.0,2,699.2439999999999,37.27,10000.0,3128.09,5009.01,2283,233
Cebgo,CEB-IAO,2024.0,2,2687.328,3.76,5027.72,3128.09,5774.54,2283,356
Philippine Airlines,CEB-IAO,2024.0,2,3119.7039999999997,37.27,5027.72,3128.09,5774.54,2283,356
Cebgo,CEB-ILO,2024.0,2,2062.368,3.76,10000.0,3128.09,3125.55,2283,773
AirAsia,CEB-MNL,2024.0,2,15858.359999999999,15.7,3787.36,3128.09,3647.76,2283,8162
Cebgo,CEB-MNL,2024.0,2,62.496,3.76,3787.36,3128.09,3647.76,2283,8162
Cebu Pacific,CEB-MNL,2024.0,2,43921.668,43.27,3787.36,3128.09,3647.76,2283,8162
Philippine Airlines,CEB-MNL,2024.0,2,34465.452,37.27,3787.36,3128.09,3647.76,2283,8162
Cebu Pacific,CEB-MPH,2024.0,2,4036.2000000000003,43.27,5189.95,3128.09,3455.12,2283,863
Philippine Airlines,CEB-MPH,2024.0,2,2719.458,37.27,5189.95,3128.09,3455.12,2283,863
Cebgo,CEB-NAN,2024.0,2,62.496,3.76,8298.8,3128.09,5680.45,2283,26
Cebu Pacific,CEB-NAN,2024.0,2,603.26,43.27,8298.8,3128.09,5680.45,2283,26
Cebu Pacific,CEB-OZC,2024.0,2,161.448,43.27,10000.0,3128.09,6113.09,2283,131
Cebgo,CEB-PAG,2024.0,2,812.448,3.76,10000.0,3128.09,7169.11,2283,123
Cebu Pacific,CEB-PPS,2024.0,2,161.448,43.27,8892.23,3128.09,3691.51,2283,457
Philippine Airlines,CEB-PPS,2024.0,2,2581.8239999999996,37.27,8892.23,3128.09,3691.51,2283,457
Cebgo,CEB-TAC,2024.0,2,1187.424,3.76,5115.77,3128.09,3222.08,2283,630
Philippine Airlines,CEB-TAC,2024.0,2,1613.6399999999999,37.27,5115.77,3128.09,3222.08,2283,630
Cebgo,CEB-USU,2024.0,2,1874.88,3.76,5042.06,3128.09,5432.27,2283,299
Philippine Airlines,CEB-USU,2024.0,2,1559.8519999999999,37.27,5042.06,3128.09,5432.27,2283,299
Cebgo,CGY-CEB,2024.0,2,3562.272,3.76,6173.54,3295.51,3128.09,651,2283
Philippine Airlines,CGY-CEB,2024.0,2,1237.124,37.27,6173.54,3295.51,3128.09,651,2283
Cebgo,CGY-DVO,2024.0,2,999.936,3.76,10000.0,3295.51,4785.28,651,1059
AirAsia,CGY-MNL,2024.0,2,4692.78,15.7,4002.75,3295.51,3647.76,651,8162
Cebu Pacific,CGY-MNL,2024.0,2,15018.136,43.27,4002.75,3295.51,3647.76,651,8162
Philippine Airlines,CGY-MNL,2024.0,2,17580.766,37.27,4002.75,3295.51,3647.76,651,8162
Cebgo,CGY-NAN,2024.0,2,62.496,3.76,10000.0,3295.51,5680.45,651,26
Cebu Pacific,CRK-MPH,2024.0,2,1130.136,43.27,10000.0,5200.5,3455.12,42,863
Cebu Pacific,CRK-NAN,2024.0,2,161.448,43.27,10000.0,5200.5,5680.45,42,26
Philippine Airlines,CRK-USU,2024.0,2,699.2439999999999,37.27,10000.0,5200.5,5432.27,42,299
Cebgo,CYP-CEB,2024.0,2,999.936,3.76,10000.0,5156.58,3128.09,58,2283
Philippine Airlines,CYP-MNL,2024.0,2,699.2439999999999,37.27,10000.0,5156.58,3647.76,58,8162
Cebu Pacific,CYZ-MNL,2024.0,2,4681.992,43.27,10000.0,10000.0,3647.76,58,8162
Cebu Pacific,DGT-MNL,2024.0,2,9041.088,43.27,5004.17,5045.11,3647.76,254,8162
Philippine Airlines,DGT-MNL,2024.0,2,8533.308,37.27,5004.17,5045.11,3647.76,254,8162
Cebu Pacific,DPL-MNL,2024.0,2,4520.544,43.27,5010.77,4968.18,3647.76,115,8162
Philippine Airlines,DPL-MNL,2024.0,2,4119.528,37.27,5010.77,4968.18,3647.76,115,8162
Cebu Pacific,DRP-MNL,2024.0,2,8756.384,43.27,5045.97,5078.62,3647.76,295,8162
Philippine Airlines,DRP-MNL,2024.0,2,10613.638,37.27,5045.97,5078.62,3647.76,295,8162
Cebu Pacific,DVO-BCD,2024.0,2,3228.96,43.27,10000.0,4785.28,3603.68,1059,545
Cebu Pacific,DVO-CEB,2024.0,2,1614.48,43.27,5579.46,4785.28,3128.09,1059,2283
Philippine Airlines,DVO-CEB,2024.0,2,3281.0679999999998,37.27,5579.46,4785.28,3128.09,1059,2283
Cebgo,DVO-CGY,2024.0,2,1062.432,3.76,10000.0,4785.28,3295.51,1059,651
Cebgo,DVO-IAO,2024.0,2,749.952,3.76,10000.0,4785.28,5774.54,1059,356
Cebu Pacific,DVO-MNL,2024.0,2,37376.948000000004,43.27,5003.75,4785.28,3647.76,1059,8162
Philippine Airlines,DVO-MNL,2024.0,2,35384.594000000005,37.27,5003.75,4785.28,3647.76,1059,8162
Philippine Airlines,DVO-TAG,2024.0,2,591.668,37.27,10000.0,4785.28,3351.26,1059,362
Philippine Airlines,EUQ-MNL,2024.0,2,699.2439999999999,37.27,10000.0,10000.0,3647.76,26,8162
Philippine Airlines,GES-CEB,2024.0,2,753.0319999999999,37.27,10000.0,5009.01,3128.09,233,2283
Cebu Pacific,GES-MNL,2024.0,2,12200.608,43.27,5000.01,5009.01,3647.76,233,8162
Philippine Airlines,GES-MNL,2024.0,2,12238.352,37.27,5000.01,5009.01,3647.76,233,8162
Cebgo,IAO-CEB,2024.0,2,1687.392,3.76,5328.59,5774.54,3128.09,356,2283
Philippine Airlines,IAO-CEB,2024.0,2,2850.7639999999997,37.27,5328.59,5774.54,3128.09,356,2283
Cebgo,IAO-DVO,2024.0,2,749.952,3.76,10000.0,5774.54,4785.28,356,1059
Cebgo,IAO-IAO,2024.0,2,62.496,3.76,5351.3,5774.54,5774.54,356,356
Philippine Airlines,IAO-IAO,2024.0,2,107.576,37.27,5351.3,5774.54,5774.54,356,356
Philippine Airlines,IAO-MNL,2024.0,2,3119.7039999999997,37.27,10000.0,5774.54,3647.76,356,8162
Cebgo,ILO-CEB,2024.0,2,1937.376,3.76,10000.0,3125.55,3128.09,773,2283
AirAsia,ILO-MNL,2024.0,2,21823.079999999998,15.7,3366.41,3125.55,3647.76,773,8162
Cebu Pacific,ILO-MNL,2024.0,2,19698.392,43.27,3366.41,3125.55,3647.76,773,8162
Philippine Airlines,ILO-MNL,2024.0,2,17066.616,37.27,3366.41,3125.55,3647.76,773,8162
Cebu Pacific,ILO-MPH,2024.0,2,161.448,43.27,10000.0,3125.55,3455.12,773,863
AirAsia,KLO-MNL,2024.0,2,11651.039999999999,15.7,10000.0,10000.0,3647.76,144,8162
Philippine Airlines,LAO-MNL,2024.0,2,5737.914,37.27,10000.0,10000.0,3647.76,59,8162
Philippine Airlines,LAO-NAN,2024.0,2,147.126,37.27,10000.0,10000.0,5680.45,59,26
AirAsia,MNL-BCD,2024.0,2,8414.64,15.7,3440.44,3647.76,3603.68,8162,545
Cebu Pacific,MNL-BCD,2024.0,2,12306.503999999999,43.27,3440.44,3647.76,3603.68,8162,545
Philippine Airlines,MNL-BCD,2024.0,2,8750.042,37.27,3440.44,3647.76,3603.68,8162,545
Philippine Airlines,MNL-BSO,2024.0,2,1452.2759999999998,37.27,10000.0,3647.76,10000.0,8162,27
Cebu Pacific,MNL-BXU,2024.0,2,10893.4,43.27,5073.8,3647.76,5024.13,8162,325
Philippine Airlines,MNL-BXU,2024.0,2,8533.308,37.27,5073.8,3647.76,5024.13,8162,325
Philippine Airlines,MNL-CBO,2024.0,2,2648.268,37.27,10000.0,3647.76,10000.0,8162,42
AirAsia,MNL-CEB,2024.0,2,21522.059999999998,15.7,3392.99,3647.76,3128.09,8162,2283
Cebgo,MNL-CEB,2024.0,2,874.9440000000001,3.76,3392.99,3647.76,3128.09,8162,2283
Cebu Pacific,MNL-CEB,2024.0,2,34023.864,43.27,3392.99,3647.76,3128.09,8162,2283
Philippine Airlines,MNL-CEB,2024.0,2,33441.898,37.27,3392.99,3647.76,3128.09,8162,2283
AirAsia,MNL-CGY,2024.0,2,4692.78,15.7,4035.55,3647.76,3295.51,8162,651
Cebu Pacific,MNL-CGY,2024.0,2,18038.776,43.27,4035.55,3647.76,3295.51,8162,651
Philippine Airlines,MNL-CGY,2024.0,2,13461.238000000001,37.27,4035.55,3647.76,3295.51,8162,651
Philippine Airlines,MNL-CRM,2024.0,2,860.608,37.27,10000.0,3647.76,10000.0,8162,16
Philippine Airlines,MNL-CYP,2024.0,2,699.2439999999999,37.27,10000.0,3647.76,5156.58,8162,58
Cebu Pacific,MNL-CYZ,2024.0,2,4681.992,43.27,10000.0,3647.76,10000.0,8162,58
Cebu Pacific,MNL-DGT,2024.0,2,11785.704,43.27,5115.11,3647.76,5045.11,8162,254
Philippine Airlines,MNL-DGT,2024.0,2,8680.434000000001,37.27,5115.11,3647.76,5045.11,8162,254
Cebu Pacific,MNL-DPL,2024.0,2,4359.0960000000005,43.27,5000.57,3647.76,4968.18,8162,115
Philippine Airlines,MNL-DPL,2024.0,2,4266.654,37.27,5000.57,3647.76,4968.18,8162,115
Cebu Pacific,MNL-DRP,2024.0,2,7626.2480000000005,43.27,5123.22,3647.76,5078.62,8162,295
Philippine Airlines,MNL-DRP,2024.0,2,10466.512,37.27,5123.22,3647.76,5078.62,8162,295
Cebu Pacific,MNL-DVO,2024.0,2,32041.352000000003,43.27,5003.63,3647.76,4785.28,8162,1059
Philippine Airlines,MNL-DVO,2024.0,2,33816.832,37.27,5003.63,3647.76,4785.28,8162,1059
Philippine Airlines,MNL-EUQ,2024.0,2,699.2439999999999,37.27,10000.0,3647.76,10000.0,8162,26
Cebu Pacific,MNL-GES,2024.0,2,12039.16,43.27,5003.55,3647.76,5009.01,8162,233
Philippine Airlines,MNL-GES,2024.0,2,12698.714,37.27,5003.55,3647.76,5009.01,8162,233
Cebgo,MNL-IAO,2024.0,2,62.496,3.76,9736.95,3647.76,5774.54,8162,356
Philippine Airlines,MNL-IAO,2024.0,2,4625.768,37.27,9736.95,3647.76,5774.54,8162,356
AirAsia,MNL-ILO,2024.0,2,16020.179999999998,15.7,3352.56,3647.76,3125.55,8162,773
Cebu Pacific,MNL-ILO,2024.0,2,19214.048,43.27,3352.56,3647.76,3125.55,8162,773
Philippine Airlines,MNL-ILO,2024.0,2,18425.554,37.27,3352.56,3647.76,3125.55,8162,773
AirAsia,MNL-KLO,2024.0,2,11651.039999999999,15.7,10000.0,3647.76,10000.0,8162,144
Philippine Airlines,MNL-LAO,2024.0,2,2795.3940000000002,37.27,10000.0,3647.76,10000.0,8162,59
Philippine Airlines,MNL-MNL,2024.0,2,200.914,37.27,10000.0,3647.76,3647.76,8162,8162
AirAsia,MNL-MPH,2024.0,2,11003.76,15.7,3190.08,3647.76,3455.12,8162,863
Cebgo,MNL-MPH,2024.0,2,1874.88,3.76,3190.08,3647.76,3455.12,8162,863
Cebu Pacific,MNL-MPH,2024.0,2,17113.488,43.27,3190.08,3647.76,3455.12,8162,863
Philippine Airlines,MNL-MPH,2024.0,2,11653.012,37.27,3190.08,3647.76,3455.12,8162,863
AirAsia,MNL-NAN,2024.0,2,161.82,15.7,5723.1,3647.76,5680.45,8162,26
Cebu Pacific,MNL-NAN,2024.0,2,1406.16,43.27,5723.1,3647.76,5680.45,8162,26
Philippine Airlines,MNL-NAN,2024.0,2,363.86,37.27,5723.1,3647.76,5680.45,8162,26
Cebu Pacific,MNL-OZC,2024.0,2,6942.264,43.27,10000.0,3647.76,6113.09,8162,131
Cebu Pacific,MNL-PAG,2024.0,2,4520.544,43.27,10000.0,3647.76,7169.11,8162,123
AirAsia,MNL-PPS,2024.0,2,4854.599999999999,15.7,3569.22,3647.76,3691.51,8162,457
Cebu Pacific,MNL-PPS,2024.0,2,9660.84,43.27,3569.22,3647.76,3691.51,8162,457
Philippine Airlines,MNL-PPS,2024.0,2,7797.678,37.27,3569.22,3647.76,3691.51,8162,457
Cebu Pacific,MNL-RXS,2024.0,2,4681.992,43.27,10000.0,3647.76,5250.59,8162,128
AirAsia,MNL-TAC,2024.0,2,6796.44,15.7,3567.81,3647.76,3222.08,8162,630
Cebu Pacific,MNL-TAC,2024.0,2,8718.192000000001,43.27,3567.81,3647.76,3222.08,8162,630
Philippine Airlines,MNL-TAC,2024.0,2,12799.962,37.27,3567.81,3647.76,3222.08,8162,630
AirAsia,MNL-TAG,2024.0,2,8900.1,15.7,3560.54,3647.76,3351.26,8162,362
Cebu Pacific,MNL-TAG,2024.0,2,4720.184,43.27,3560.54,3647.76,3351.26,8162,362
Philippine Airlines,MNL-TAG,2024.0,2,8827.56,37.27,3560.54,3647.76,3351.26,8162,362
Cebu Pacific,MNL-TUG,2024.0,2,4520.544,43.27,10000.0,3647.76,7455.46,8162,172
Cebgo,MNL-USU,2024.0,2,1812.384,3.76,9440.16,3647.76,5432.27,8162,299
Philippine Airlines,MNL-USU,2024.0,2,53.788,37.27,9440.16,3647.76,5432.27,8162,299
Cebgo,MNL-WNP,2024.0,2,3437.28,3.76,10000.0,3647.76,10000.0,8162,110
Cebu Pacific,MPH-CEB,2024.0,2,4036.2000000000003,43.27,5172.0,3455.12,3128.09,863,2283
Philippine Airlines,MPH-CEB,2024.0,2,2773.246,37.27,5172.0,3455.12,3128.09,863,2283
Cebu Pacific,MPH-CRK,2024.0,2,968.6880000000001,43.27,10000.0,3455.12,5200.5,863,42
Cebu Pacific,MPH-ILO,2024.0,2,161.448,43.27,10000.0,3455.12,3125.55,863,773
AirAsia,MPH-MNL,2024.0,2,13592.88,15.7,3364.04,3455.12,3647.76,863,8162
Cebgo,MPH-MNL,2024.0,2,1812.384,3.76,3364.04,3455.12,3647.76,863,8162
Cebu Pacific,MPH-MNL,2024.0,2,23248.512000000002,43.27,3364.04,3455.12,3647.76,863,8162
Philippine Airlines,MPH-MNL,2024.0,2,12997.712,37.27,3364.04,3455.12,3647.76,863,8162
Cebu Pacific,MPH-NAN,2024.0,2,484.34400000000005,43.27,10000.0,3455.12,5680.45,863,26
Cebgo,NAN-MNL,2024.0,2,62.496,3.76,5351.3,5680.45,3647.76,26,8162
Philippine Airlines,NAN-MNL,2024.0,2,107.576,37.27,5351.3,5680.45,3647.76,26,8162
Cebgo,OZC-CEB,2024.0,2,749.952,3.76,10000.0,6113.09,3128.09,131,2283
Cebu Pacific,OZC-MNL,2024.0,2,6942.264,43.27,5370.19,6113.09,3647.76,131,8162
Philippine Airlines,OZC-MNL,2024.0,2,3972.402,37.27,5370.19,6113.09,3647.76,131,8162
Cebu Pacific,OZC-NAN,2024.0,2,322.896,43.27,10000.0,6113.09,5680.45,131,26
Cebgo,PAG-CEB,2024.0,2,1812.384,3.76,10000.0,7169.11,3128.09,123,2283
Cebu Pacific,PAG-MNL,2024.0,2,8233.848,43.27,10000.0,7169.11,3647.76,123,8162
Cebu Pacific,PPS-CEB,2024.0,2,161.448,43.27,8023.89,3691.51,3128.09,457,2283
Philippine Airlines,PPS-CEB,2024.0,2,1290.9119999999998,37.27,8023.89,3691.51,3128.09,457,2283
AirAsia,PPS-MNL,2024.0,2,6958.259999999999,15.7,3688.12,3691.51,3647.76,457,8162
Cebu Pacific,PPS-MNL,2024.0,2,15106.672,43.27,3688.12,3691.51,3647.76,457,8162
Philippine Airlines,PPS-MNL,2024.0,2,16419.578,37.27,3688.12,3691.51,3647.76,457,8162
Philippine Airlines,PPS-NAN,2024.0,2,147.126,37.27,10000.0,3691.51,5680.45,457,26
AirAsia,RXS-MNL,2024.0,2,2103.66,15.7,4425.17,5250.59,3647.76,128,8162
Cebu Pacific,RXS-MNL,2024.0,2,9202.536,43.27,4425.17,5250.59,3647.76,128,8162
Philippine Airlines,RXS-MNL,2024.0,2,4266.654,37.27,4425.17,5250.59,3647.76,128,8162
Cebgo,SUG-CEB,2024.0,2,562.464,3.76,10000.0,10000.0,3128.09,9,2283
Cebgo,TAC-CEB,2024.0,2,874.9440000000001,3.76,5223.95,3222.08,3128.09,630,2283
Philippine Airlines,TAC-CEB,2024.0,2,1344.6999999999998,37.27,5223.95,3222.08,3128.09,630,2283
AirAsia,TAC-MNL,2024.0,2,18609.3,15.7,3531.16,3222.08,3647.76,630,8162
Cebu Pacific,TAC-MNL,2024.0,2,24217.2,43.27,3531.16,3222.08,3647.76,630,8162
Philippine Airlines,TAC-MNL,2024.0,2,13094.214,37.27,3531.16,3222.08,3647.76,630,8162
Philippine Airlines,TAG-DVO,2024.0,2,645.4559999999999,37.27,10000.0,3351.26,4785.28,362,1059
AirAsia,TAG-MNL,2024.0,2,8252.82,15.7,3685.35,3351.26,3647.76,362,8162
Cebu Pacific,TAG-MNL,2024.0,2,15764.616,43.27,3685.35,3351.26,3647.76,362,8162
Philippine Airlines,TAG-MNL,2024.0,2,8386.182,37.27,3685.35,3351.26,3647.76,362,8162
Cebu Pacific,TUG-MNL,2024.0,2,17833.928,43.27,7039.29,7455.46,3647.76,172,8162
Philippine Airlines,TUG-MNL,2024.0,2,3932.8520000000003,37.27,7039.29,7455.46,3647.76,172,8162
Cebgo,USU-CEB,2024.0,2,2499.84,3.76,5232.07,5432.27,3128.09,299,2283
Philippine Airlines,USU-CEB,2024.0,2,1613.6399999999999,37.27,5232.07,5432.27,3128.09,299,2283
Philippine Airlines,USU-CRK,2024.0,2,806.8199999999999,37.27,10000.0,5432.27,5200.5,299,42
Cebgo,USU-MNL,2024.0,2,5249.664,3.76,6535.34,5432.27,3647.76,299,8162
Philippine Airlines,USU-MNL,2024.0,2,1506.0639999999999,37.27,6535.34,5432.27,3647.76,299,8162
Cebgo,WNP-MNL,2024.0,2,3437.28,3.76,10000.0,10000.0,3647.76,110,8162
Philippine Airlines,ZAM-CEB,2024.0,2,1290.9119999999998,37.27,10000.0,5485.57,3128.09,192,2283
Cebu Pacific,ZAM-DVO,2024.0,2,161.448,43.27,10000.0,5485.57,4785.28,192,1059
Cebu Pacific,ZAM-MNL,2024.0,2,17189.872,43.27,5985.18,5485.57,3647.76,192,8162
Philippine Airlines,ZAM-MNL,2024.0,2,6620.67,37.27,5985.18,5485.57,3647.76,192,8162
Cebu Pacific,ZAM-TWT,2024.0,2,807.24,43.27,5559.14,5485.57,5898.2,192,23
Philippine Airlines,ZAM-TWT,2024.0,2,1618.386,37.27,5559.14,5485.57,5898.2,192,23
Cebgo,BCD-CEB,2024.0,3,58.608,3.33,7668.99,3600.1,3208.04,629,2564
Philippine Airlines,BCD-CEB,2024.0,3,376.51599999999996,35.82,7668.99,3600.1,3208.04,629,2564
Cebu Pacific,BCD-DVO,2024.0,3,3482.292,43.63,10000.0,3600.1,4845.7,629,1147
AirAsia,BCD-MNL,2024.0,3,14887.439999999999,17.23,3503.58,3600.1,3584.9,629,8902
Cebu Pacific,BCD-MNL,2024.0,3,25741.936,43.63,3503.58,3600.1,3584.9,629,8902
Philippine Airlines,BCD-MNL,2024.0,3,18878.006,35.82,3503.58,3600.1,3584.9,629,8902
Philippine Airlines,BPA-CEB,2024.0,3,484.092,35.82,10000.0,10000.0,3208.04,18,2564
Cebgo,BXU-CEB,2024.0,3,58.608,3.33,9278.92,5004.64,3208.04,354,2564
Philippine Airlines,BXU-CEB,2024.0,3,1506.0639999999999,35.82,9278.92,5004.64,3208.04,354,2564
Cebu Pacific,BXU-MNL,2024.0,3,12586.068,43.63,5140.28,5004.64,3584.9,354,8902
Philippine Airlines,BXU-MNL,2024.0,3,8974.686,35.82,5140.28,5004.64,3584.9,354,8902
Philippine Airlines,CBO-MNL,2024.0,3,2501.1420000000003,35.82,10000.0,10000.0,3584.9,35,8902
Philippine Airlines,CBO-TWT,2024.0,3,107.576,35.82,10000.0,10000.0,5223.22,35,33
Cebgo,CEB-BCD,2024.0,3,58.608,3.33,7889.91,3208.04,3600.1,2564,629
Philippine Airlines,CEB-BCD,2024.0,3,430.304,35.82,7889.91,3208.04,3600.1,2564,629
Philippine Airlines,CEB-BPA,2024.0,3,484.092,35.82,10000.0,3208.04,10000.0,2564,18
Cebgo,CEB-BXU,2024.0,3,58.608,3.33,9301.98,3208.04,5004.64,2564,354
Philippine Airlines,CEB-BXU,2024.0,3,1559.8519999999999,35.82,9301.98,3208.04,5004.64,2564,354
Cebgo,CEB-CEB,2024.0,3,58.608,3.33,10000.0,3208.04,3208.04,2564,2564
Cebgo,CEB-CGY,2024.0,3,3164.832,3.33,5687.89,3208.04,3447.17,2564,723
Philippine Airlines,CEB-CGY,2024.0,3,1452.2759999999998,35.82,5687.89,3208.04,3447.17,2564,723
Cebu Pacific,CEB-CRK,2024.0,3,1968.252,43.63,10000.0,3208.04,7391.09,2564,100
Cebgo,CEB-CYP,2024.0,3,1054.944,3.33,10000.0,3208.04,5245.31,2564,61
Cebu Pacific,CEB-DGT,2024.0,3,151.404,43.63,10000.0,3208.04,5080.46,2564,277
Cebu Pacific,CEB-DVO,2024.0,3,3330.888,43.63,5052.06,3208.04,4845.7,2564,1147
Philippine Airlines,CEB-DVO,2024.0,3,4087.888,35.82,5052.06,3208.04,4845.7,2564,1147
Philippine Airlines,CEB-GES,2024.0,3,1365.2659999999998,35.82,10000.0,3208.04,5015.02,2564,265
Cebgo,CEB-IAO,2024.0,3,2578.752,3.33,5125.57,3208.04,5939.85,2564,372
Philippine Airlines,CEB-IAO,2024.0,3,3550.008,35.82,5125.57,3208.04,5939.85,2564,372
Cebgo,CEB-ILO,2024.0,3,1523.808,3.33,10000.0,3208.04,3206.07,2564,854
AirAsia,CEB-MNL,2024.0,3,18285.66,17.23,3708.94,3208.04,3584.9,2564,8902
Cebgo,CEB-MNL,2024.0,3,58.608,3.33,3708.94,3208.04,3584.9,2564,8902
Cebu Pacific,CEB-MNL,2024.0,3,45332.474,43.63,3708.94,3208.04,3584.9,2564,8902
Philippine Airlines,CEB-MNL,2024.0,3,38857.084,35.82,3708.94,3208.04,3584.9,2564,8902
Cebgo,CEB-MPH,2024.0,3,58.608,3.33,4953.85,3208.04,3354.42,2564,991
Cebu Pacific,CEB-MPH,2024.0,3,3482.292,43.63,4953.85,3208.04,3354.42,2564,991
Philippine Airlines,CEB-MPH,2024.0,3,2880.822,35.82,4953.85,3208.04,3354.42,2564,991
AirAsia,CEB-NAN,2024.0,3,161.82,17.23,6096.22,3208.04,3580.25,2564,18
Cebgo,CEB-NAN,2024.0,3,58.608,3.33,6096.22,3208.04,3580.25,2564,18
Cebgo,CEB-PAG,2024.0,3,761.904,3.33,10000.0,3208.04,7411.03,2564,129
Cebu Pacific,CEB-PPS,2024.0,3,2573.868,43.63,5018.22,3208.04,3629.67,2564,543
Philippine Airlines,CEB-PPS,2024.0,3,2904.5519999999997,35.82,5018.22,3208.04,3629.67,2564,543
Cebgo,CEB-TAC,2024.0,3,1054.944,3.33,5253.08,3208.04,3249.13,2564,683
Philippine Airlines,CEB-TAC,2024.0,3,1667.4279999999999,35.82,5253.08,3208.04,3249.13,2564,683
Cebgo,CEB-USU,2024.0,3,1816.848,3.33,5028.96,3208.04,5362.03,2564,319
Philippine Airlines,CEB-USU,2024.0,3,1559.8519999999999,35.82,5028.96,3208.04,5362.03,2564,319
Cebgo,CGY-CEB,2024.0,3,3282.048,3.33,5746.88,3447.17,3208.04,723,2564
Philippine Airlines,CGY-CEB,2024.0,3,1452.2759999999998,35.82,5746.88,3447.17,3208.04,723,2564
Cebgo,CGY-DVO,2024.0,3,1054.944,3.33,10000.0,3447.17,4845.7,723,1147
Cebu Pacific,CGY-ILO,2024.0,3,757.02,43.63,10000.0,3447.17,3206.07,723,854
AirAsia,CGY-MNL,2024.0,3,5016.42,17.23,4005.37,3447.17,3584.9,723,8902
Cebu Pacific,CGY-MNL,2024.0,3,18062.66,43.63,4005.37,3447.17,3584.9,723,8902
Philippine Airlines,CGY-MNL,2024.0,3,18150.286,35.82,4005.37,3447.17,3584.9,723,8902
Cebu Pacific,CRK-CEB,2024.0,3,302.808,43.63,10000.0,7391.09,3208.04,100,2564
Cebu Pacific,CRK-CRK,2024.0,3,151.404,43.63,10000.0,7391.09,7391.09,100,100
Cebu Pacific,CRK-MNL,2024.0,3,187.22,43.63,10000.0,7391.09,3584.9,100,8902
Cebu Pacific,CRK-MPH,2024.0,3,3330.888,43.63,10000.0,7391.09,3354.42,100,991
Cebu Pacific,CRK-NAN,2024.0,3,605.616,43.63,10000.0,7391.09,3580.25,100,18
Philippine Airlines,CRK-USU,2024.0,3,914.396,35.82,10000.0,7391.09,5362.03,100,319
Cebgo,CYP-CEB,2024.0,3,1054.944,3.33,10000.0,5245.31,3208.04,61,2564
Philippine Airlines,CYP-MNL,2024.0,3,645.4559999999999,35.82,10000.0,5245.31,3584.9,61,8902
Cebu Pacific,CYZ-MNL,2024.0,3,4542.12,43.63,10000.0,10000.0,3584.9,60,8902
Cebu Pacific,DGT-MNL,2024.0,3,9387.047999999999,43.63,5004.72,5080.46,3584.9,277,8902
Philippine Airlines,DGT-MNL,2024.0,3,8827.56,35.82,5004.72,5080.46,3584.9,277,8902
Cebu Pacific,DPL-MNL,2024.0,3,4542.12,43.63,5000.02,5000.19,3584.9,123,8902
Philippine Airlines,DPL-MNL,2024.0,3,4560.906,35.82,5000.02,5000.19,3584.9,123,8902
Cebu Pacific,DRP-MNL,2024.0,3,8613.748,43.63,5052.19,5049.98,3584.9,299,8902
Philippine Airlines,DRP-MNL,2024.0,3,10574.088,35.82,5052.19,5049.98,3584.9,299,8902
Cebu Pacific,DVO-BCD,2024.0,3,3482.292,43.63,10000.0,4845.7,3600.1,1147,629
Cebu Pacific,DVO-CEB,2024.0,3,3330.888,43.63,5028.29,4845.7,3208.04,1147,2564
Philippine Airlines,DVO-CEB,2024.0,3,3872.736,35.82,5028.29,4845.7,3208.04,1147,2564
Cebgo,DVO-CGY,2024.0,3,1054.944,3.33,10000.0,4845.7,3447.17,1147,723
Cebgo,DVO-IAO,2024.0,3,703.2959999999999,3.33,10000.0,4845.7,5939.85,1147,372
Cebu Pacific,DVO-MNL,2024.0,3,42016.238,43.63,5071.6,4845.7,3584.9,1147,8902
Philippine Airlines,DVO-MNL,2024.0,3,33035.324,35.82,5071.6,4845.7,3584.9,1147,8902
Cebgo,DVO-NAN,2024.0,3,58.608,3.33,10000.0,4845.7,3580.25,1147,18
Philippine Airlines,DVO-TAG,2024.0,3,860.608,35.82,10000.0,4845.7,3333.67,1147,404
Philippine Airlines,EUQ-MNL,2024.0,3,645.4559999999999,35.82,10000.0,10000.0,3584.9,24,8902
Philippine Airlines,GES-CEB,2024.0,3,1365.2659999999998,35.82,10000.0,5015.02,3208.04,265,2564
Cebu Pacific,GES-MNL,2024.0,3,14892.13,43.63,5055.02,5015.02,3584.9,265,8902
Philippine Airlines,GES-MNL,2024.0,3,12064.332,35.82,5055.02,5015.02,3584.9,265,8902
Cebgo,IAO-CEB,2024.0,3,1699.6319999999998,3.33,5527.49,5939.85,3208.04,372,2564
Philippine Airlines,IAO-CEB,2024.0,3,3334.8559999999998,35.82,5527.49,5939.85,3208.04,372,2564
Cebgo,IAO-DVO,2024.0,3,761.904,3.33,10000.0,5939.85,4845.7,372,1147
Philippine Airlines,IAO-MNL,2024.0,3,3012.1279999999997,35.82,10000.0,5939.85,3584.9,372,8902
Cebgo,IAO-NAN,2024.0,3,58.608,3.33,10000.0,5939.85,3580.25,372,18
Cebgo,ILO-CEB,2024.0,3,1406.5919999999999,3.33,10000.0,3206.07,3208.04,854,2564
Cebu Pacific,ILO-CGY,2024.0,3,757.02,43.63,10000.0,3206.07,3447.17,854,723
AirAsia,ILO-MNL,2024.0,3,25391.82,17.23,3397.5,3206.07,3584.9,854,8902
Cebu Pacific,ILO-MNL,2024.0,3,20970.268,43.63,3397.5,3206.07,3584.9,854,8902
Philippine Airlines,ILO-MNL,2024.0,3,18142.376,35.82,3397.5,3206.07,3584.9,854,8902
AirAsia,KLO-MNL,2024.0,3,14078.34,17.23,9789.46,9794.1,3584.9,180,8902
Cebu Pacific,KLO-MNL,2024.0,3,151.404,43.63,9789.46,9794.1,3584.9,180,8902
Philippine Airlines,LAO-MNL,2024.0,3,6655.474,35.82,10000.0,10000.0,3584.9,69,8902
Philippine Airlines,MBO-NAN,2024.0,3,147.126,35.82,10000.0,10000.0,3580.25,1,18
AirAsia,MNL-BCD,2024.0,3,10032.84,17.23,3475.59,3584.9,3600.1,8902,629
Cebu Pacific,MNL-BCD,2024.0,3,14170.112,43.63,3475.59,3584.9,3600.1,8902,629
Philippine Airlines,MNL-BCD,2024.0,3,8862.364,35.82,3475.59,3584.9,3600.1,8902,629
Philippine Airlines,MNL-BSO,2024.0,3,1667.4279999999999,35.82,10000.0,3584.9,10000.0,8902,31
Cebu Pacific,MNL-BXU,2024.0,3,11980.452,43.63,5102.87,3584.9,5004.64,8902,354
Philippine Airlines,MNL-BXU,2024.0,3,8974.686,35.82,5102.87,3584.9,5004.64,8902,354
Philippine Airlines,MNL-CBO,2024.0,3,2354.016,35.82,10000.0,3584.9,10000.0,8902,35
AirAsia,MNL-CEB,2024.0,3,24758.46,17.23,3379.81,3584.9,3208.04,8902,2564
Cebgo,MNL-CEB,2024.0,3,820.512,3.33,3379.81,3584.9,3208.04,8902,2564
Cebu Pacific,MNL-CEB,2024.0,3,35365.858,43.63,3379.81,3584.9,3208.04,8902,2564
Philippine Airlines,MNL-CEB,2024.0,3,38050.264,35.82,3379.81,3584.9,3208.04,8902,2564
AirAsia,MNL-CGY,2024.0,3,4854.599999999999,17.23,4201.46,3584.9,3447.17,8902,723
Cebu Pacific,MNL-CGY,2024.0,3,21385.408,43.63,4201.46,3584.9,3447.17,8902,723
Philippine Airlines,MNL-CGY,2024.0,3,13442.254,35.82,4201.46,3584.9,3447.17,8902,723
Philippine Airlines,MNL-CRM,2024.0,3,968.184,35.82,10000.0,3584.9,10000.0,8902,18
Philippine Airlines,MNL-CYP,2024.0,3,699.2439999999999,35.82,10000.0,3584.9,5245.31,8902,61
Cebu Pacific,MNL-CYZ,2024.0,3,4542.12,43.63,10000.0,3584.9,10000.0,8902,60
Cebu Pacific,MNL-DGT,2024.0,3,13626.36,43.63,5196.06,3584.9,5080.46,8902,277
Philippine Airlines,MNL-DGT,2024.0,3,9121.812,35.82,5196.06,3584.9,5080.46,8902,277
Cebu Pacific,MNL-DPL,2024.0,3,4693.523999999999,43.63,5001.03,3584.9,5000.19,8902,123
Philippine Airlines,MNL-DPL,2024.0,3,4560.906,35.82,5001.03,3584.9,5000.19,8902,123
Cebu Pacific,MNL-DRP,2024.0,3,8613.748,43.63,5047.8,3584.9,5049.98,8902,299
Philippine Airlines,MNL-DRP,2024.0,3,10480.75,35.82,5047.8,3584.9,5049.98,8902,299
Cebu Pacific,MNL-DVO,2024.0,3,33977.174,43.63,5030.79,3584.9,4845.7,8902,1147
Philippine Airlines,MNL-DVO,2024.0,3,29032.864,35.82,5030.79,3584.9,4845.7,8902,1147
Philippine Airlines,MNL-EUQ,2024.0,3,645.4559999999999,35.82,10000.0,3584.9,10000.0,8902,24
Cebu Pacific,MNL-GES,2024.0,3,14896.2,43.63,5062.59,3584.9,5015.02,8902,265
Philippine Airlines,MNL-GES,2024.0,3,11898.222,35.82,5062.59,3584.9,5015.02,8902,265
Philippine Airlines,MNL-IAO,2024.0,3,4787.132,35.82,10000.0,3584.9,5939.85,8902,372
AirAsia,MNL-ILO,2024.0,3,19742.04,17.23,3336.42,3584.9,3206.07,8902,854
Cebu Pacific,MNL-ILO,2024.0,3,21121.672,43.63,3336.42,3584.9,3206.07,8902,854
Philippine Airlines,MNL-ILO,2024.0,3,19903.142,35.82,3336.42,3584.9,3206.07,8902,854
AirAsia,MNL-KLO,2024.0,3,14725.619999999999,17.23,9798.53,3584.9,9794.1,8902,180
Cebu Pacific,MNL-KLO,2024.0,3,151.404,43.63,9798.53,3584.9,9794.1,8902,180
Philippine Airlines,MNL-LAO,2024.0,3,3565.828,35.82,10000.0,3584.9,10000.0,8902,69
Cebu Pacific,MNL-MNL,2024.0,3,490.028,43.63,6448.18,3584.9,3584.9,8902,8902
Philippine Airlines,MNL-MNL,2024.0,3,147.126,35.82,6448.18,3584.9,3584.9,8902,8902
AirAsia,MNL-MPH,2024.0,3,14240.16,17.23,3165.07,3584.9,3354.42,8902,991
Cebgo,MNL-MPH,2024.0,3,1758.24,3.33,3165.07,3584.9,3354.42,8902,991
Cebu Pacific,MNL-MPH,2024.0,3,17714.268,43.63,3165.07,3584.9,3354.42,8902,991
Philippine Airlines,MNL-MPH,2024.0,3,12496.218,35.82,3165.07,3584.9,3354.42,8902,991
AirAsia,MNL-NAN,2024.0,3,161.82,17.23,4171.11,3584.9,3580.25,8902,18
Cebu Pacific,MNL-NAN,2024.0,3,454.212,43.63,4171.11,3584.9,3580.25,8902,18
Philippine Airlines,MNL-NAN,2024.0,3,181.93,35.82,4171.11,3584.9,3580.25,8902,18
Cebu Pacific,MNL-OZC,2024.0,3,7267.392,43.63,10000.0,3584.9,5954.02,8902,141
Cebu Pacific,MNL-PAG,2024.0,3,4693.523999999999,43.63,10000.0,3584.9,7411.03,8902,129
AirAsia,MNL-PPS,2024.0,3,5178.24,17.23,3578.11,3584.9,3629.67,8902,543
Cebu Pacific,MNL-PPS,2024.0,3,10469.668,43.63,3578.11,3584.9,3629.67,8902,543
Philippine Airlines,MNL-PPS,2024.0,3,8715.238000000001,35.82,3578.11,3584.9,3629.67,8902,543
Cebu Pacific,MNL-RXS,2024.0,3,4542.12,43.63,10000.0,3584.9,5287.04,8902,136
AirAsia,MNL-TAC,2024.0,3,9385.56,17.23,3486.72,3584.9,3249.13,8902,683
Cebu Pacific,MNL-TAC,2024.0,3,8630.028,43.63,3486.72,3584.9,3249.13,8902,683
Philippine Airlines,MNL-TAC,2024.0,3,13787.130000000001,35.82,3486.72,3584.9,3249.13,8902,683
AirAsia,MNL-TAG,2024.0,3,10032.84,17.23,3611.51,3584.9,3333.67,8902,404
Cebu Pacific,MNL-TAG,2024.0,3,4757.016,43.63,3611.51,3584.9,3333.67,8902,404
Philippine Airlines,MNL-TAG,2024.0,3,9121.812,35.82,3611.51,3584.9,3333.67,8902,404
Cebu Pacific,MNL-TUG,2024.0,3,4693.523999999999,43.63,10000.0,3584.9,7558.34,8902,166
Cebgo,MNL-USU,2024.0,3,1816.848,3.33,10000.0,3584.9,5362.03,8902,319
Cebgo,MNL-WNP,2024.0,3,3633.696,3.33,10000.0,3584.9,10000.0,8902,122
Cebu Pacific,MPH-CEB,2024.0,3,3482.292,43.63,5053.93,3354.42,3208.04,991,2564
Philippine Airlines,MPH-CEB,2024.0,3,2827.034,35.82,5053.93,3354.42,3208.04,991,2564
Cebu Pacific,MPH-CRK,2024.0,3,3330.888,43.63,10000.0,3354.42,7391.09,991,100
AirAsia,MPH-MNL,2024.0,3,19094.76,17.23,3263.04,3354.42,3584.9,991,8902
Cebgo,MPH-MNL,2024.0,3,1816.848,3.33,3263.04,3354.42,3584.9,991,8902
Cebu Pacific,MPH-MNL,2024.0,3,23467.62,43.63,3263.04,3354.42,3584.9,991,8902
Philippine Airlines,MPH-MNL,2024.0,3,14256.984,35.82,3263.04,3354.42,3584.9,991,8902
AirAsia,MPH-MPH,2024.0,3,161.82,17.23,5005.53,3354.42,3354.42,991,991
Cebu Pacific,MPH-MPH,2024.0,3,151.404,43.63,5005.53,3354.42,3354.42,991,991
AirAsia,MPH-NAN,2024.0,3,161.82,17.23,6096.22,3354.42,3580.25,991,18
Cebgo,MPH-NAN,2024.0,3,58.608,3.33,6096.22,3354.42,3580.25,991,18
Cebgo,OZC-CEB,2024.0,3,703.2959999999999,3.33,10000.0,5954.02,3208.04,141,2564
Cebu Pacific,OZC-MNL,2024.0,3,7418.796,43.63,5284.56,5954.02,3584.9,141,8902
Philippine Airlines,OZC-MNL,2024.0,3,4560.906,35.82,5284.56,5954.02,3584.9,141,8902
Cebgo,PAG-CEB,2024.0,3,1641.024,3.33,10000.0,7411.03,3208.04,129,2564
Cebu Pacific,PAG-MNL,2024.0,3,8630.028,43.63,10000.0,7411.03,3584.9,129,8902
Cebu Pacific,PPS-CEB,2024.0,3,2573.868,43.63,5388.03,3629.67,3208.04,543,2564
Philippine Airlines,PPS-CEB,2024.0,3,1452.2759999999998,35.82,5388.03,3629.67,3208.04,543,2564
AirAsia,PPS-MNL,2024.0,3,9871.02,17.23,3536.83,3629.67,3584.9,543,8902
Cebu Pacific,PPS-MNL,2024.0,3,15496.932,43.63,3536.83,3629.67,3584.9,543,8902
Philippine Airlines,PPS-MNL,2024.0,3,18629.632,35.82,3536.83,3629.67,3584.9,543,8902
Cebu Pacific,PPS-NAN,2024.0,3,187.22,43.63,10000.0,3629.67,3580.25,543,18
AirAsia,RXS-MNL,2024.0,3,2103.66,17.23,4481.49,5287.04,3584.9,136,8902
Cebu Pacific,RXS-MNL,2024.0,3,9387.047999999999,43.63,4481.49,5287.04,3584.9,136,8902
Philippine Airlines,RXS-MNL,2024.0,3,4173.316,35.82,4481.49,5287.04,3584.9,136,8902
Cebgo,SUG-CEB,2024.0,3,703.2959999999999,3.33,10000.0,10000.0,3208.04,12,2564
Cebgo,TAC-CEB,2024.0,3,703.2959999999999,3.33,5716.24,3249.13,3208.04,683,2564
Philippine Airlines,TAC-CEB,2024.0,3,1559.8519999999999,35.82,5716.24,3249.13,3208.04,683,2564
AirAsia,TAC-MNL,2024.0,3,18809.399999999998,17.23,3646.28,3249.13,3584.9,683,8902
Cebu Pacific,TAC-MNL,2024.0,3,26949.912,43.63,3646.28,3249.13,3584.9,683,8902
Philippine Airlines,TAC-MNL,2024.0,3,12428.192000000001,35.82,3646.28,3249.13,3584.9,683,8902
Philippine Airlines,TAG-DVO,2024.0,3,860.608,35.82,10000.0,3333.67,4845.7,404,1147
AirAsia,TAG-MNL,2024.0,3,10032.84,17.23,3541.14,3333.67,3584.9,404,8902
Cebu Pacific,TAG-MNL,2024.0,3,15676.012,43.63,3541.14,3333.67,3584.9,404,8902
Philippine Airlines,TAG-MNL,2024.0,3,9121.812,35.82,3541.14,3333.67,3584.9,404,8902
Cebu Pacific,TUG-MNL,2024.0,3,15542.516,43.63,7077.64,7558.34,3584.9,166,8902
Philippine Airlines,TUG-MNL,2024.0,3,3358.5860000000002,35.82,7077.64,7558.34,3584.9,166,8902
Cebgo,USU-CEB,2024.0,3,2520.144,3.33,5276.99,5362.03,3208.04,319,2564
Philippine Airlines,USU-CEB,2024.0,3,1559.8519999999999,35.82,5276.99,5362.03,3208.04,319,2564
Philippine Airlines,USU-CRK,2024.0,3,914.396,35.82,10000.0,5362.03,7391.09,319,100
Cebgo,USU-MNL,2024.0,3,5274.719999999999,3.33,6350.03,5362.03,3584.9,319,8902
Philippine Airlines,USU-MNL,2024.0,3,1667.4279999999999,35.82,6350.03,5362.03,3584.9,319,8902
Cebgo,USU-NAN,2024.0,3,58.608,3.33,10000.0,5362.03,3580.25,319,18
Cebgo,WNP-MNL,2024.0,3,3516.48,3.33,10000.0,10000.0,3584.9,122,8902
Cebu Pacific,ZAM-CEB,2024.0,3,151.404,43.63,8057.01,5699.9,3208.04,215,2564
Philippine Airlines,ZAM-CEB,2024.0,3,1237.124,35.82,8057.01,5699.9,3208.04,215,2564
Cebu Pacific,ZAM-MNL,2024.0,3,17777.76,43.63,6086.38,5699.9,3584.9,215,8902
Philippine Airlines,ZAM-MNL,2024.0,3,6473.544,35.82,6086.38,5699.9,3584.9,215,8902
Cebu Pacific,ZAM-TWT,2024.0,3,2876.676,43.63,5286.47,5699.9,5223.22,215,33
Philippine Airlines,ZAM-TWT,2024.0,3,1765.5120000000002,35.82,5286.47,5699.9,5223.22,215,33
Cebgo,BCD-CEB,2024.0,4,1267.056,4.01,5053.64,3581.33,3006.55,719,2783
Philippine Airlines,BCD-CEB,2024.0,4,1559.8519999999999,35.13,5053.64,3581.33,3006.55,719,2783
Cebu Pacific,BCD-DVO,2024.0,4,3273.228,45.19,10000.0,3581.33,4864.95,719,1167
AirAsia,BCD-MNL,2024.0,4,10189.08,15.66,3723.55,3581.33,3674.85,719,8916
Cebu Pacific,BCD-MNL,2024.0,4,25627.716,45.19,3723.55,3581.33,3674.85,719,8916
Philippine Airlines,BCD-MNL,2024.0,4,22102.122,35.13,3723.55,3581.33,3674.85,719,8916
Philippine Airlines,BPA-CEB,2024.0,4,537.88,35.13,10000.0,10000.0,3006.55,19,2783
Cebgo,BXU-CEB,2024.0,4,2473.776,4.01,5295.62,4189.35,3006.55,424,2783
Philippine Airlines,BXU-CEB,2024.0,4,1506.0639999999999,35.13,5295.62,4189.35,3006.55,424,2783
Cebu Pacific,BXU-MNL,2024.0,4,12038.707999999999,45.19,5145.17,4189.35,3674.85,424,8916
Philippine Airlines,BXU-MNL,2024.0,4,8533.308,35.13,5145.17,4189.35,3674.85,424,8916
Philippine Airlines,CBO-MNL,2024.0,4,3531.0240000000003,35.13,10000.0,10000.0,3674.85,53,8916
Philippine Airlines,CBO-TWT,2024.0,4,268.94,35.13,10000.0,10000.0,10000.0,53,14
Cebgo,CEB-BCD,2024.0,4,1146.384,4.01,5116.71,3006.55,3581.33,2783,719
Philippine Airlines,CEB-BCD,2024.0,4,1559.8519999999999,35.13,5116.71,3006.55,3581.33,2783,719
Philippine Airlines,CEB-BPA,2024.0,4,484.092,35.13,10000.0,3006.55,10000.0,2783,19
Cebgo,CEB-BXU,2024.0,4,2413.44,4.01,5197.22,3006.55,4189.35,2783,424
Philippine Airlines,CEB-BXU,2024.0,4,1613.6399999999999,35.13,5197.22,3006.55,4189.35,2783,424
Cebgo,CEB-CGY,2024.0,4,2594.448,4.01,5050.39,3006.55,3865.11,2783,884
Philippine Airlines,CEB-CGY,2024.0,4,3173.4919999999997,35.13,5050.39,3006.55,3865.11,2783,884
Cebgo,CEB-CRK,2024.0,4,784.3679999999999,4.01,5929.64,3006.55,6559.24,2783,143
Cebu Pacific,CEB-CRK,2024.0,4,311.736,45.19,5929.64,3006.55,6559.24,2783,143
Cebgo,CEB-CYP,2024.0,4,1508.3999999999999,4.01,10000.0,3006.55,5734.89,2783,75
Cebu Pacific,CEB-DGT,2024.0,4,155.868,45.19,10000.0,3006.55,5065.56,2783,268
Cebgo,CEB-DRP,2024.0,4,784.3679999999999,4.01,10000.0,3006.55,4691.12,2783,321
Cebgo,CEB-DVO,2024.0,4,60.336,4.01,4988.74,3006.55,4864.95,2783,1167
Cebu Pacific,CEB-DVO,2024.0,4,4052.5679999999998,45.19,4988.74,3006.55,4864.95,2783,1167
Philippine Airlines,CEB-DVO,2024.0,4,5002.284,35.13,4988.74,3006.55,4864.95,2783,1167
Philippine Airlines,CEB-GES,2024.0,4,1559.8519999999999,35.13,10000.0,3006.55,5028.68,2783,319
Cebgo,CEB-IAO,2024.0,4,3559.824,4.01,5028.54,3006.55,5584.18,2783,424
Philippine Airlines,CEB-IAO,2024.0,4,4141.6759999999995,35.13,5028.54,3006.55,5584.18,2783,424
Cebgo,CEB-ILO,2024.0,4,1508.3999999999999,4.01,10000.0,3006.55,3185.01,2783,823
AirAsia,CEB-MNL,2024.0,4,18371.22,15.66,3656.94,3006.55,3674.85,2783,8916
Cebu Pacific,CEB-MNL,2024.0,4,41624.298,45.19,3656.94,3006.55,3674.85,2783,8916
Philippine Airlines,CEB-MNL,2024.0,4,31753.904000000002,35.13,3656.94,3006.55,3674.85,2783,8916
Cebu Pacific,CEB-MPH,2024.0,4,4676.04,45.19,6185.32,3006.55,3476.43,2783,1075
Philippine Airlines,CEB-MPH,2024.0,4,1613.6399999999999,35.13,6185.32,3006.55,3476.43,2783,1075
Cebgo,CEB-NAN,2024.0,4,60.336,4.01,10000.0,3006.55,6268.17,2783,24
Cebgo,CEB-PAG,2024.0,4,724.0319999999999,4.01,10000.0,3006.55,6715.09,2783,69
Cebu Pacific,CEB-PPS,2024.0,4,2026.2839999999999,45.19,10000.0,3006.55,3855.64,2783,402
Cebgo,CEB-TAC,2024.0,4,1810.08,4.01,5082.28,3006.55,3196.22,2783,657
Philippine Airlines,CEB-TAC,2024.0,4,1398.4879999999998,35.13,5082.28,3006.55,3196.22,2783,657
Cebgo,CEB-USU,2024.0,4,1810.08,4.01,5008.41,3006.55,5366.76,2783,309
Philippine Airlines,CEB-USU,2024.0,4,1667.4279999999999,35.13,5008.41,3006.55,5366.76,2783,309
Cebgo,CGY-CEB,2024.0,4,2594.448,4.01,5034.69,3865.11,3006.55,884,2783
Philippine Airlines,CGY-CEB,2024.0,4,3065.9159999999997,35.13,5034.69,3865.11,3006.55,884,2783
Cebgo,CGY-DVO,2024.0,4,1025.712,4.01,10000.0,3865.11,4864.95,884,1167
AirAsia,CGY-MNL,2024.0,4,4631.4,15.66,4301.09,3865.11,3674.85,884,8916
Cebu Pacific,CGY-MNL,2024.0,4,27432.768,45.19,4301.09,3865.11,3674.85,884,8916
Philippine Airlines,CGY-MNL,2024.0,4,22358.406,35.13,4301.09,3865.11,3674.85,884,8916
Cebgo,CRK-CEB,2024.0,4,724.0319999999999,4.01,5509.28,6559.24,3006.55,143,2783
Cebu Pacific,CRK-CEB,2024.0,4,1402.812,45.19,5509.28,6559.24,3006.55,143,2783
Cebu Pacific,CRK-CRK,2024.0,4,311.736,45.19,10000.0,6559.24,6559.24,143,143
Cebu Pacific,CRK-MNL,2024.0,4,192.74,45.19,10000.0,6559.24,3674.85,143,8916
Cebu Pacific,CRK-MPH,2024.0,4,4676.04,45.19,10000.0,6559.24,3476.43,143,1075
Cebgo,CRK-NAN,2024.0,4,60.336,4.01,9006.88,6559.24,6268.17,143,24
Cebu Pacific,CRK-NAN,2024.0,4,1091.076,45.19,9006.88,6559.24,6268.17,143,24
Philippine Airlines,CRK-USU,2024.0,4,914.396,35.13,10000.0,6559.24,5366.76,143,309
Cebgo,CYP-CEB,2024.0,4,1508.3999999999999,4.01,10000.0,5734.89,3006.55,75,2783
Philippine Airlines,CYP-MNL,2024.0,4,645.4559999999999,35.13,10000.0,5734.89,3674.85,75,8916
Cebu Pacific,CYZ-MNL,2024.0,4,4676.04,45.19,10000.0,10000.0,3674.85,60,8916
Cebu Pacific,DGT-MNL,2024.0,4,8884.476,45.19,5000.67,5065.56,3674.85,268,8916
Philippine Airlines,DGT-MNL,2024.0,4,8680.434000000001,35.13,5000.67,5065.56,3674.85,268,8916
Cebgo,DPL-CEB,2024.0,4,60.336,4.01,10000.0,4975.0,3006.55,122,2783
Cebu Pacific,DPL-MNL,2024.0,4,4676.04,45.19,5004.16,4975.0,3674.85,122,8916
Philippine Airlines,DPL-MNL,2024.0,4,4413.78,35.13,5004.16,4975.0,3674.85,122,8916
Cebgo,DRP-CEB,2024.0,4,724.0319999999999,4.01,10000.0,4691.12,3006.55,321,2783
Cebu Pacific,DRP-MNL,2024.0,4,10052.648,45.19,5026.78,4691.12,3674.85,321,8916
Philippine Airlines,DRP-MNL,2024.0,4,11640.356,35.13,5026.78,4691.12,3674.85,321,8916
Cebu Pacific,DVO-BCD,2024.0,4,3273.228,45.19,10000.0,4864.95,3581.33,1167,719
Cebu Pacific,DVO-CEB,2024.0,4,4052.5679999999998,45.19,5049.54,4864.95,3006.55,1167,2783
Philippine Airlines,DVO-CEB,2024.0,4,4948.496,35.13,5049.54,4864.95,3006.55,1167,2783
Cebgo,DVO-CGY,2024.0,4,1025.712,4.01,10000.0,4864.95,3865.11,1167,884
Cebgo,DVO-IAO,2024.0,4,784.3679999999999,4.01,10000.0,4864.95,5584.18,1167,424
Cebu Pacific,DVO-MNL,2024.0,4,43669.018000000004,45.19,5078.2,4864.95,3674.85,1167,8916
Philippine Airlines,DVO-MNL,2024.0,4,33960.794,35.13,5078.2,4864.95,3674.85,1167,8916
Philippine Airlines,DVO-TAG,2024.0,4,968.184,35.13,10000.0,4864.95,3570.44,1167,457
Philippine Airlines,EUQ-MNL,2024.0,4,699.2439999999999,35.13,10000.0,10000.0,3674.85,26,8916
Philippine Airlines,GES-CEB,2024.0,4,1559.8519999999999,35.13,10000.0,5028.68,3006.55,319,2783
Cebu Pacific,GES-MNL,2024.0,4,16220.328000000001,45.19,5074.15,5028.68,3674.85,319,8916
Philippine Airlines,GES-MNL,2024.0,4,12698.714,35.13,5074.15,5028.68,3674.85,319,8916
Cebu Pacific,GES-NAN,2024.0,4,192.74,45.19,10000.0,5028.68,6268.17,319,24
Cebgo,IAO-CEB,2024.0,4,2594.448,4.01,5249.74,5584.18,3006.55,424,2783
Philippine Airlines,IAO-CEB,2024.0,4,4087.888,35.13,5249.74,5584.18,3006.55,424,2783
Cebgo,IAO-DVO,2024.0,4,784.3679999999999,4.01,10000.0,5584.18,4864.95,424,1167
Philippine Airlines,IAO-MNL,2024.0,4,3119.7039999999997,35.13,10000.0,5584.18,3674.85,424,8916
Cebgo,IAO-NAN,2024.0,4,60.336,4.01,10000.0,5584.18,6268.17,424,24
Cebgo,ILO-CEB,2024.0,4,1568.7359999999999,4.01,10000.0,3185.01,3006.55,823,2783
AirAsia,ILO-MNL,2024.0,4,23696.5,15.66,3395.21,3185.01,3674.85,823,8916
Cebu Pacific,ILO-MNL,2024.0,4,21268.440000000002,45.19,3395.21,3185.01,3674.85,823,8916
Philippine Airlines,ILO-MNL,2024.0,4,16905.252,35.13,3395.21,3185.01,3674.85,823,8916
Philippine Airlines,ILO-NAN,2024.0,4,147.126,35.13,10000.0,3185.01,6268.17,823,24
AirAsia,KLO-MNL,2024.0,4,13894.199999999999,15.66,6232.04,6253.08,3674.85,239,8916
Cebu Pacific,KLO-MNL,2024.0,4,4676.04,45.19,6232.04,6253.08,3674.85,239,8916
Philippine Airlines,LAO-MNL,2024.0,4,7772.366,35.13,10000.0,10000.0,3674.85,84,8916
Cebgo,MBT-MNL,2024.0,4,60.336,4.01,10000.0,10000.0,3674.85,1,8916
AirAsia,MNL-BCD,2024.0,4,8027.76,15.66,3537.44,3674.85,3581.33,8916,719
Cebu Pacific,MNL-BCD,2024.0,4,15092.380000000001,45.19,3537.44,3674.85,3581.33,8916,719
Philippine Airlines,MNL-BCD,2024.0,4,13410.614,35.13,3537.44,3674.85,3581.33,8916,719
Philippine Airlines,MNL-BSO,2024.0,4,1613.6399999999999,35.13,10000.0,3674.85,10000.0,8916,30
Cebu Pacific,MNL-BXU,2024.0,4,12194.576,45.19,5141.7,3674.85,4189.35,8916,424
Philippine Airlines,MNL-BXU,2024.0,4,8680.434000000001,35.13,5141.7,3674.85,4189.35,8916,424
Philippine Airlines,MNL-CBO,2024.0,4,3531.0240000000003,35.13,10000.0,3674.85,10000.0,8916,53
AirAsia,MNL-CEB,2024.0,4,23311.38,15.66,3330.92,3674.85,3006.55,8916,2783
Cebgo,MNL-CEB,2024.0,4,965.376,4.01,3330.92,3674.85,3006.55,8916,2783
Cebu Pacific,MNL-CEB,2024.0,4,32458.254,45.19,3330.92,3674.85,3006.55,8916,2783
Philippine Airlines,MNL-CEB,2024.0,4,32168.388000000003,35.13,3330.92,3674.85,3006.55,8916,2783
AirAsia,MNL-CGY,2024.0,4,4477.0199999999995,15.66,4500.16,3674.85,3865.11,8916,884
Cebu Pacific,MNL-CGY,2024.0,4,29799.28,45.19,4500.16,3674.85,3865.11,8916,884
Philippine Airlines,MNL-CGY,2024.0,4,18204.074,35.13,4500.16,3674.85,3865.11,8916,884
Philippine Airlines,MNL-CRM,2024.0,4,914.396,35.13,10000.0,3674.85,10000.0,8916,17
Philippine Airlines,MNL-CYP,2024.0,4,699.2439999999999,35.13,10000.0,3674.85,5734.89,8916,75
Cebu Pacific,MNL-CYZ,2024.0,4,4676.04,45.19,10000.0,3674.85,10000.0,8916,60
Cebu Pacific,MNL-DGT,2024.0,4,12625.307999999999,45.19,5187.01,3674.85,5065.56,8916,268
Philippine Airlines,MNL-DGT,2024.0,4,8533.308,35.13,5187.01,3674.85,5065.56,8916,268
Cebu Pacific,MNL-DPL,2024.0,4,4676.04,45.19,5004.16,3674.85,4975.0,8916,122
Philippine Airlines,MNL-DPL,2024.0,4,4413.78,35.13,5004.16,3674.85,4975.0,8916,122
Cebgo,MNL-DRP,2024.0,4,60.336,4.01,4994.42,3674.85,4691.12,8916,321
Cebu Pacific,MNL-DRP,2024.0,4,10052.648,45.19,4994.42,3674.85,4691.12,8916,321
Philippine Airlines,MNL-DRP,2024.0,4,11493.23,35.13,4994.42,3674.85,4691.12,8916,321
Cebu Pacific,MNL-DVO,2024.0,4,37857.488,45.19,5069.8,3674.85,4864.95,8916,1167
Philippine Airlines,MNL-DVO,2024.0,4,29857.086,35.13,5069.8,3674.85,4864.95,8916,1167
Philippine Airlines,MNL-EUQ,2024.0,4,699.2439999999999,35.13,10000.0,3674.85,10000.0,8916,26
Cebu Pacific,MNL-GES,2024.0,4,16413.068,45.19,5097.8,3674.85,5028.68,8916,319
Philippine Airlines,MNL-GES,2024.0,4,12385.478000000001,35.13,5097.8,3674.85,5028.68,8916,319
Philippine Airlines,MNL-IAO,2024.0,4,4518.192,35.13,10000.0,3674.85,5584.18,8916,424
AirAsia,MNL-ILO,2024.0,4,18371.22,15.66,3348.83,3674.85,3185.01,8916,823
Cebu Pacific,MNL-ILO,2024.0,4,21268.440000000002,45.19,3348.83,3674.85,3185.01,8916,823
Philippine Airlines,MNL-ILO,2024.0,4,21353.836,35.13,3348.83,3674.85,3185.01,8916,823
AirAsia,MNL-KLO,2024.0,4,13739.82,15.66,6274.67,3674.85,6253.08,8916,239
Cebu Pacific,MNL-KLO,2024.0,4,4520.172,45.19,6274.67,3674.85,6253.08,8916,239
Philippine Airlines,MNL-LAO,2024.0,4,4119.528,35.13,10000.0,3674.85,10000.0,8916,84
AirAsia,MNL-MNL,2024.0,4,154.38,15.66,5300.71,3674.85,3674.85,8916,8916
Philippine Airlines,MNL-MNL,2024.0,4,254.702,35.13,5300.71,3674.85,3674.85,8916,8916
AirAsia,MNL-MPH,2024.0,4,15901.14,15.66,3204.03,3674.85,3476.43,8916,1075
Cebgo,MNL-MPH,2024.0,4,1810.08,4.01,3204.03,3674.85,3476.43,8916,1075
Cebu Pacific,MNL-MPH,2024.0,4,20886.311999999998,45.19,3204.03,3674.85,3476.43,8916,1075
Philippine Airlines,MNL-MPH,2024.0,4,14359.814,35.13,3204.03,3674.85,3476.43,8916,1075
Cebu Pacific,MNL-NAN,2024.0,4,155.868,45.19,10000.0,3674.85,6268.17,8916,24
Cebu Pacific,MNL-OZC,2024.0,4,7637.532,45.19,10000.0,3674.85,5603.55,8916,152
Cebu Pacific,MNL-PAG,2024.0,4,2026.2839999999999,45.19,10000.0,3674.85,6715.09,8916,69
AirAsia,MNL-PPS,2024.0,4,4477.0199999999995,15.66,4659.29,3674.85,3855.64,8916,402
Cebu Pacific,MNL-PPS,2024.0,4,15358.864,45.19,4659.29,3674.85,3855.64,8916,402
Philippine Airlines,MNL-PPS,2024.0,4,4518.192,35.13,4659.29,3674.85,3855.64,8916,402
Cebu Pacific,MNL-RXS,2024.0,4,1402.812,45.19,10000.0,3674.85,4084.13,8916,90
AirAsia,MNL-TAC,2024.0,4,9262.8,15.66,3391.42,3674.85,3196.22,8916,657
Cebu Pacific,MNL-TAC,2024.0,4,9100.68,45.19,3391.42,3674.85,3196.22,8916,657
Philippine Airlines,MNL-TAC,2024.0,4,12013.708,35.13,3391.42,3674.85,3196.22,8916,657
AirAsia,MNL-TAG,2024.0,4,9417.18,15.66,3371.23,3674.85,3570.44,8916,457
Cebu Pacific,MNL-TAG,2024.0,4,11334.788,45.19,3371.23,3674.85,3570.44,8916,457
Philippine Airlines,MNL-TAG,2024.0,4,8881.348,35.13,3371.23,3674.85,3570.44,8916,457
Cebu Pacific,MNL-TUG,2024.0,4,4676.04,45.19,10000.0,3674.85,7531.26,8916,165
Cebgo,MNL-USU,2024.0,4,1810.08,4.01,10000.0,3674.85,5366.76,8916,309
Cebgo,MNL-WNP,2024.0,4,3559.824,4.01,10000.0,3674.85,10000.0,8916,118
Cebu Pacific,MPH-CEB,2024.0,4,4676.04,45.19,6185.32,3476.43,3006.55,1075,2783
Philippine Airlines,MPH-CEB,2024.0,4,1613.6399999999999,35.13,6185.32,3476.43,3006.55,1075,2783
Cebu Pacific,MPH-CRK,2024.0,4,4831.907999999999,45.19,10000.0,3476.43,6559.24,1075,143
AirAsia,MPH-MNL,2024.0,4,20532.54,15.66,3252.62,3476.43,3674.85,1075,8916
Cebgo,MPH-MNL,2024.0,4,1749.744,4.01,3252.62,3476.43,3674.85,1075,8916
Cebu Pacific,MPH-MNL,2024.0,4,26965.164,45.19,3252.62,3476.43,3674.85,1075,8916
Philippine Airlines,MPH-MNL,2024.0,4,18666.018,35.13,3252.62,3476.43,3674.85,1075,8916
Cebu Pacific,MPH-NAN,2024.0,4,0.0,45.19,0.0,3476.43,6268.17,1075,24
Cebu Pacific,NAN-DPL,2024.0,4,192.74,45.19,10000.0,6268.17,4975.0,24,122
Cebgo,NAN-MNL,2024.0,4,60.336,4.01,6368.58,6268.17,3674.85,24,8916
Cebu Pacific,NAN-MNL,2024.0,4,192.74,45.19,6368.58,6268.17,3674.85,24,8916
Cebu Pacific,NAN-NAN,2024.0,4,192.74,45.19,5090.06,6268.17,6268.17,24,24
Philippine Airlines,NAN-NAN,2024.0,4,147.126,35.13,5090.06,6268.17,6268.17,24,24
Cebgo,OZC-CEB,2024.0,4,1568.7359999999999,4.01,10000.0,5603.55,3006.55,152,2783
Cebu Pacific,OZC-MNL,2024.0,4,7325.795999999999,45.19,5307.65,5603.55,3674.85,152,8916
Philippine Airlines,OZC-MNL,2024.0,4,4413.78,35.13,5307.65,5603.55,3674.85,152,8916
Cebgo,PAG-CEB,2024.0,4,905.04,4.01,10000.0,6715.09,3006.55,69,2783
Cebu Pacific,PAG-MNL,2024.0,4,4208.436,45.19,10000.0,6715.09,3674.85,69,8916
Cebu Pacific,PPS-CEB,2024.0,4,2182.152,45.19,10000.0,3855.64,3006.55,402,2783
AirAsia,PPS-MNL,2024.0,4,9108.42,15.66,3442.28,3855.64,3674.85,402,8916
Cebu Pacific,PPS-MNL,2024.0,4,13904.096,45.19,3442.28,3855.64,3674.85,402,8916
Philippine Airlines,PPS-MNL,2024.0,4,13689.046,35.13,3442.28,3855.64,3674.85,402,8916
Cebu Pacific,PPS-NAN,2024.0,4,348.608,45.19,10000.0,3855.64,6268.17,402,24
AirAsia,RXS-MNL,2024.0,4,2006.94,15.66,3845.39,4084.13,3674.85,90,8916
Cebu Pacific,RXS-MNL,2024.0,4,5922.9839999999995,45.19,3845.39,4084.13,3674.85,90,8916
Philippine Airlines,RXS-MNL,2024.0,4,4413.78,35.13,3845.39,4084.13,3674.85,90,8916
Cebgo,TAC-CEB,2024.0,4,784.3679999999999,4.01,5395.75,3196.22,3006.55,657,2783
Philippine Airlines,TAC-CEB,2024.0,4,1398.4879999999998,35.13,5395.75,3196.22,3006.55,657,2783
AirAsia,TAC-MNL,2024.0,4,18172.02,15.66,3611.08,3196.22,3674.85,657,8916
Cebu Pacific,TAC-MNL,2024.0,4,25310.951999999997,45.19,3611.08,3196.22,3674.85,657,8916
Philippine Airlines,TAC-MNL,2024.0,4,12203.548,35.13,3611.08,3196.22,3674.85,657,8916
Philippine Airlines,TAG-DVO,2024.0,4,968.184,35.13,10000.0,3570.44,4864.95,457,1167
AirAsia,TAG-MNL,2024.0,4,8954.039999999999,15.66,3967.61,3570.44,3674.85,457,8916
Cebu Pacific,TAG-MNL,2024.0,4,21022.068,45.19,3967.61,3570.44,3674.85,457,8916
Philippine Airlines,TAG-MNL,2024.0,4,9028.474,35.13,3967.61,3570.44,3674.85,457,8916
Cebu Pacific,TUG-MNL,2024.0,4,17145.48,45.19,7091.32,7531.26,3674.85,165,8916
Philippine Airlines,TUG-MNL,2024.0,4,3678.15,35.13,7091.32,7531.26,3674.85,165,8916
Cebgo,USU-CEB,2024.0,4,2473.776,4.01,5221.41,5366.76,3006.55,309,2783
Philippine Airlines,USU-CEB,2024.0,4,1613.6399999999999,35.13,5221.41,5366.76,3006.55,309,2783
Philippine Airlines,USU-CRK,2024.0,4,860.608,35.13,10000.0,5366.76,6559.24,309,143
Cebgo,USU-MNL,2024.0,4,5188.896,4.01,6582.85,5366.76,3674.85,309,8916
Philippine Airlines,USU-MNL,2024.0,4,1452.2759999999998,35.13,6582.85,5366.76,3674.85,309,8916
Cebgo,USU-NAN,2024.0,4,60.336,4.01,10000.0,5366.76,6268.17,309,24
Cebgo,WNP-MNL,2024.0,4,3559.824,4.01,10000.0,10000.0,3674.85,118,8916
Cebu Pacific,ZAM-CEB,2024.0,4,4676.04,45.19,6248.59,5912.0,3006.55,233,2783
Philippine Airlines,ZAM-CEB,2024.0,4,1559.8519999999999,35.13,6248.59,5912.0,3006.55,233,2783
Cebu Pacific,ZAM-MNL,2024.0,4,18999.136,45.19,6167.22,5912.0,3674.85,233,8916
Philippine Airlines,ZAM-MNL,2024.0,4,6620.67,35.13,6167.22,5912.0,3674.85,233,8916
Philippine Airlines,ZAM-TWT,2024.0,4,1324.134,35.13,10000.0,5912.0,10000.0,233,14
Cebgo,BCD-CEB,2024.0,5,1119.744,3.83,5108.23,3516.92,3112.81,737,2754
Philippine Airlines,BCD-CEB,2024.0,5,1506.0639999999999,34.9,5108.23,3516.92,3112.81,737,2754
Cebu Pacific,BCD-DVO,2024.0,5,2892.672,46.38,10000.0,3516.92,4908.67,737,1212
AirAsia,BCD-MNL,2024.0,5,11269.74,14.88,3688.16,3516.92,3738.86,737,9176
Cebu Pacific,BCD-MNL,2024.0,5,26960.256,46.38,3688.16,3516.92,3738.86,737,9176
Philippine Airlines,BCD-MNL,2024.0,5,21855.33,34.9,3688.16,3516.92,3738.86,737,9176
Philippine Airlines,BPA-CEB,2024.0,5,376.51599999999996,34.9,10000.0,10000.0,3112.81,14,2754
Cebgo,BXU-CEB,2024.0,5,2115.072,3.83,5141.43,4391.85,3112.81,423,2754
Philippine Airlines,BXU-CEB,2024.0,5,1506.0639999999999,34.9,5141.43,4391.85,3112.81,423,2754
Cebu Pacific,BXU-MNL,2024.0,5,13934.592,46.38,5217.86,4391.85,3738.86,423,9176
Philippine Airlines,BXU-MNL,2024.0,5,9121.812,34.9,5217.86,4391.85,3738.86,423,9176
Philippine Airlines,CBO-MNL,2024.0,5,4560.906,34.9,10000.0,10000.0,3738.86,69,9176
Philippine Airlines,CBO-TWT,2024.0,5,430.304,34.9,10000.0,10000.0,10000.0,69,21
Cebgo,CEB-BCD,2024.0,5,1181.952,3.83,5072.69,3112.81,3516.92,2754,737
Philippine Airlines,CEB-BCD,2024.0,5,1506.0639999999999,34.9,5072.69,3112.81,3516.92,2754,737
Philippine Airlines,CEB-BPA,2024.0,5,376.51599999999996,34.9,10000.0,3112.81,10000.0,2754,14
Cebgo,CEB-BXU,2024.0,5,2115.072,3.83,5172.6,3112.81,4391.85,2754,423
Philippine Airlines,CEB-BXU,2024.0,5,1452.2759999999998,34.9,5172.6,3112.81,4391.85,2754,423
AirAsia,CEB-CEB,2024.0,5,154.38,14.88,5905.52,3112.81,3112.81,2754,2754
Cebgo,CEB-CEB,2024.0,5,62.208,3.83,5905.52,3112.81,3112.81,2754,2754
Cebgo,CEB-CGY,2024.0,5,2674.944,3.83,5023.19,3112.81,3918.99,2754,903
Philippine Airlines,CEB-CGY,2024.0,5,3065.9159999999997,34.9,5023.19,3112.81,3918.99,2754,903
Cebgo,CEB-CRK,2024.0,5,808.704,3.83,10000.0,3112.81,6591.98,2754,148
Cebgo,CEB-CYP,2024.0,5,1119.744,3.83,10000.0,3112.81,5452.48,2754,60
Cebgo,CEB-DGT,2024.0,5,995.328,3.83,10000.0,3112.81,4593.9,2754,310
Cebu Pacific,CEB-DPL,2024.0,5,160.704,46.38,10000.0,3112.81,4981.42,2754,126
Cebgo,CEB-DRP,2024.0,5,435.456,3.83,10000.0,3112.81,4841.4,2754,311
Cebu Pacific,CEB-DVO,2024.0,5,5019.84,46.38,5000.02,3112.81,4908.67,2754,1212
Philippine Airlines,CEB-DVO,2024.0,5,5002.284,34.9,5000.02,3112.81,4908.67,2754,1212
Philippine Airlines,CEB-GES,2024.0,5,1506.0639999999999,34.9,10000.0,3112.81,5102.35,2754,328
Cebgo,CEB-IAO,2024.0,5,3794.688,3.83,5000.05,3112.81,5450.89,2754,422
Philippine Airlines,CEB-IAO,2024.0,5,3818.948,34.9,5000.05,3112.81,5450.89,2754,422
Cebgo,CEB-ILO,2024.0,5,1555.2,3.83,10000.0,3112.81,3191.84,2754,855
AirAsia,CEB-MNL,2024.0,5,15283.619999999999,14.88,3815.65,3112.81,3738.86,2754,9176
Cebu Pacific,CEB-MNL,2024.0,5,43583.616,46.38,3815.65,3112.81,3738.86,2754,9176
Philippine Airlines,CEB-MNL,2024.0,5,33492.522000000004,34.9,3815.65,3112.81,3738.86,2754,9176
Cebu Pacific,CEB-MPH,2024.0,5,4660.416,46.38,6179.11,3112.81,3635.4,2754,1088
Philippine Airlines,CEB-MPH,2024.0,5,1613.6399999999999,34.9,6179.11,3112.81,3635.4,2754,1088
Cebgo,CEB-NAN,2024.0,5,124.416,3.83,5080.99,3112.81,5019.14,2754,26
Cebu Pacific,CEB-NAN,2024.0,5,160.704,46.38,5080.99,3112.81,5019.14,2754,26
Cebgo,CEB-PAG,2024.0,5,373.248,3.83,10000.0,3112.81,7363.79,2754,68
Cebu Pacific,CEB-PPS,2024.0,5,2249.856,46.38,10000.0,3112.81,3854.25,2754,420
Cebgo,CEB-TAC,2024.0,5,1430.7839999999999,3.83,5029.17,3112.81,3242.42,2754,673
Philippine Airlines,CEB-TAC,2024.0,5,1667.4279999999999,34.9,5029.17,3112.81,3242.42,2754,673
Cebgo,CEB-USU,2024.0,5,1928.4479999999999,3.83,5055.83,3112.81,5446.47,2754,320
Philippine Airlines,CEB-USU,2024.0,5,1559.8519999999999,34.9,5055.83,3112.81,5446.47,2754,320
Cebgo,CGY-CEB,2024.0,5,2674.944,3.83,5023.19,3918.99,3112.81,903,2754
Philippine Airlines,CGY-CEB,2024.0,5,3065.9159999999997,34.9,5023.19,3918.99,3112.81,903,2754
Cebgo,CGY-DVO,2024.0,5,933.12,3.83,10000.0,3918.99,4908.67,903,1212
AirAsia,CGY-MNL,2024.0,5,4785.78,14.88,4342.59,3918.99,3738.86,903,9176
Cebu Pacific,CGY-MNL,2024.0,5,29341.44,46.38,4342.59,3918.99,3738.86,903,9176
Philippine Airlines,CGY-MNL,2024.0,5,21956.578,34.9,4342.59,3918.99,3738.86,903,9176
Cebgo,CRK-CEB,2024.0,5,808.704,3.83,5976.2,6591.98,3112.81,148,2754
Cebu Pacific,CRK-CEB,2024.0,5,2089.152,46.38,5976.2,6591.98,3112.81,148,2754
Cebu Pacific,CRK-MNL,2024.0,5,160.704,46.38,10000.0,6591.98,3738.86,148,9176
Cebu Pacific,CRK-MPH,2024.0,5,5624.64,46.38,10000.0,6591.98,3635.4,148,1088
Cebgo,CRK-NAN,2024.0,5,62.208,3.83,7282.69,6591.98,5019.14,148,26
Cebu Pacific,CRK-NAN,2024.0,5,321.408,46.38,7282.69,6591.98,5019.14,148,26
Philippine Airlines,CRK-USU,2024.0,5,860.608,34.9,10000.0,6591.98,5446.47,148,320
Cebgo,CYP-CEB,2024.0,5,1057.536,3.83,10000.0,5452.48,3112.81,60,2754
Cebgo,CYP-CYP,2024.0,5,62.208,3.83,10000.0,5452.48,5452.48,60,60
Philippine Airlines,CYP-MNL,2024.0,5,591.668,34.9,10000.0,5452.48,3738.86,60,9176
Cebu Pacific,CYZ-MNL,2024.0,5,4981.8240000000005,46.38,10000.0,10000.0,3738.86,62,9176
Cebgo,DGT-CEB,2024.0,5,995.328,3.83,10000.0,4593.9,3112.81,310,2754
Cebu Pacific,DGT-MNL,2024.0,5,9320.832,46.38,5001.79,4593.9,3738.86,310,9176
Philippine Airlines,DGT-MNL,2024.0,5,8974.686,34.9,5001.79,4593.9,3738.86,310,9176
Cebgo,DPL-CEB,2024.0,5,62.208,3.83,10000.0,4981.42,3112.81,126,2754
Cebu Pacific,DPL-MNL,2024.0,5,4981.8240000000005,46.38,5009.73,4981.42,3738.86,126,9176
Philippine Airlines,DPL-MNL,2024.0,5,4560.906,34.9,5009.73,4981.42,3738.86,126,9176
Cebgo,DRP-CEB,2024.0,5,435.456,3.83,10000.0,4841.4,3112.81,311,2754
Cebu Pacific,DRP-MNL,2024.0,5,10212.48,46.38,5022.46,4841.4,3738.86,311,9176
Philippine Airlines,DRP-MNL,2024.0,5,11679.906,34.9,5022.46,4841.4,3738.86,311,9176
Cebu Pacific,DVO-BCD,2024.0,5,2731.9680000000003,46.38,10000.0,4908.67,3516.92,1212,737
Cebu Pacific,DVO-CEB,2024.0,5,5019.84,46.38,5000.26,4908.67,3112.81,1212,2754
Philippine Airlines,DVO-CEB,2024.0,5,4948.496,34.9,5000.26,4908.67,3112.81,1212,2754
Cebgo,DVO-CGY,2024.0,5,933.12,3.83,10000.0,4908.67,3918.99,1212,903
Cebgo,DVO-IAO,2024.0,5,808.704,3.83,10000.0,4908.67,5450.89,1212,422
Cebu Pacific,DVO-MNL,2024.0,5,47529.504,46.38,5092.78,4908.67,3738.86,1212,9176
Philippine Airlines,DVO-MNL,2024.0,5,36132.880000000005,34.9,5092.78,4908.67,3738.86,1212,9176
Cebu Pacific,DVO-NAN,2024.0,5,198.72,46.38,10000.0,4908.67,5019.14,1212,26
Philippine Airlines,DVO-TAG,2024.0,5,860.608,34.9,10000.0,4908.67,3571.02,1212,467
Philippine Airlines,EUQ-MNL,2024.0,5,591.668,34.9,10000.0,10000.0,3738.86,22,9176
Philippine Airlines,GES-CEB,2024.0,5,1452.2759999999998,34.9,10000.0,5102.35,3112.81,328,2754
Cebu Pacific,GES-MNL,2024.0,5,17814.816,46.38,5214.44,5102.35,3738.86,328,9176
Philippine Airlines,GES-MNL,2024.0,5,11702.054,34.9,5214.44,5102.35,3738.86,328,9176
Cebgo,IAO-CEB,2024.0,5,2737.152,3.83,5136.13,5450.89,3112.81,422,2754
Philippine Airlines,IAO-CEB,2024.0,5,3818.948,34.9,5136.13,5450.89,3112.81,422,2754
Cebgo,IAO-DVO,2024.0,5,808.704,3.83,10000.0,5450.89,4908.67,422,1212
Cebgo,IAO-IAO,2024.0,5,62.208,3.83,10000.0,5450.89,5450.89,422,422
Philippine Airlines,IAO-MNL,2024.0,5,3065.9159999999997,34.9,10000.0,5450.89,3738.86,422,9176
Cebgo,ILO-CEB,2024.0,5,1492.992,3.83,10000.0,3191.84,3112.81,855,2754
AirAsia,ILO-MNL,2024.0,5,24395.36,14.88,3375.25,3191.84,3738.86,855,9176
Cebu Pacific,ILO-MNL,2024.0,5,21840.192,46.38,3375.25,3191.84,3738.86,855,9176
Philippine Airlines,ILO-MNL,2024.0,5,18487.252,34.9,3375.25,3191.84,3738.86,855,9176
AirAsia,KLO-MNL,2024.0,5,13739.82,14.88,6094.19,6083.9,3738.86,239,9176
Cebu Pacific,KLO-MNL,2024.0,5,4981.8240000000005,46.38,6094.19,6083.9,3738.86,239,9176
Philippine Airlines,LAO-MNL,2024.0,5,7802.424,34.9,10000.0,10000.0,3738.86,83,9176
AirAsia,MNL-BCD,2024.0,5,9417.18,14.88,3454.33,3738.86,3516.92,9176,737
Cebu Pacific,MNL-BCD,2024.0,5,15218.496000000001,46.38,3454.33,3738.86,3516.92,9176,737
Philippine Airlines,MNL-BCD,2024.0,5,12958.162,34.9,3454.33,3738.86,3516.92,9176,737
Philippine Airlines,MNL-BSO,2024.0,5,1667.4279999999999,34.9,10000.0,3738.86,10000.0,9176,31
Cebu Pacific,MNL-BXU,2024.0,5,14256.0,46.38,5258.42,3738.86,4391.85,9176,423
Philippine Airlines,MNL-BXU,2024.0,5,8974.686,34.9,5258.42,3738.86,4391.85,9176,423
Philippine Airlines,MNL-CBO,2024.0,5,4413.78,34.9,10000.0,3738.86,10000.0,9176,69
AirAsia,MNL-CEB,2024.0,5,19451.88,14.88,3404.0,3738.86,3112.81,9176,2754
Cebgo,MNL-CEB,2024.0,5,1617.408,3.83,3404.0,3738.86,3112.81,9176,2754
Cebu Pacific,MNL-CEB,2024.0,5,36057.312,46.38,3404.0,3738.86,3112.81,9176,2754
Philippine Airlines,MNL-CEB,2024.0,5,31632.09,34.9,3404.0,3738.86,3112.81,9176,2754
AirAsia,MNL-CGY,2024.0,5,4785.78,14.88,4598.29,3738.86,3918.99,9176,903
Cebu Pacific,MNL-CGY,2024.0,5,32631.552,46.38,4598.29,3738.86,3918.99,9176,903
Philippine Airlines,MNL-CGY,2024.0,5,17969.938000000002,34.9,4598.29,3738.86,3918.99,9176,903
Philippine Airlines,MNL-CRM,2024.0,5,968.184,34.9,10000.0,3738.86,10000.0,9176,18
Philippine Airlines,MNL-CYP,2024.0,5,645.4559999999999,34.9,10000.0,3738.86,5452.48,9176,60
Cebu Pacific,MNL-CYZ,2024.0,5,4981.8240000000005,46.38,10000.0,3738.86,10000.0,9176,62
Cebu Pacific,MNL-DGT,2024.0,5,12213.504,46.38,5129.48,3738.86,4593.9,9176,310
Philippine Airlines,MNL-DGT,2024.0,5,8827.56,34.9,5129.48,3738.86,4593.9,9176,310
Cebu Pacific,MNL-DPL,2024.0,5,4981.8240000000005,46.38,5009.73,3738.86,4981.42,9176,126
Philippine Airlines,MNL-DPL,2024.0,5,4560.906,34.9,5009.73,3738.86,4981.42,9176,126
Cebu Pacific,MNL-DRP,2024.0,5,9891.072,46.38,5043.83,3738.86,4841.4,9176,311
Philippine Airlines,MNL-DRP,2024.0,5,11934.608,34.9,5043.83,3738.86,4841.4,9176,311
Cebu Pacific,MNL-DVO,2024.0,5,42523.488,46.38,5079.56,3738.86,4908.67,9176,1212
Philippine Airlines,MNL-DVO,2024.0,5,32997.356,34.9,5079.56,3738.86,4908.67,9176,1212
Philippine Airlines,MNL-EUQ,2024.0,5,591.668,34.9,10000.0,3738.86,10000.0,9176,22
Cebu Pacific,MNL-GES,2024.0,5,17814.816,46.38,5186.3,3738.86,5102.35,9176,328
Philippine Airlines,MNL-GES,2024.0,5,12050.094000000001,34.9,5186.3,3738.86,5102.35,9176,328
Cebgo,MNL-IAO,2024.0,5,62.208,3.83,9746.73,3738.86,5450.89,9176,422
Philippine Airlines,MNL-IAO,2024.0,5,4787.132,34.9,9746.73,3738.86,5450.89,9176,422
AirAsia,MNL-ILO,2024.0,5,19297.5,14.88,3351.97,3738.86,3191.84,9176,855
Cebu Pacific,MNL-ILO,2024.0,5,23003.136,46.38,3351.97,3738.86,3191.84,9176,855
Philippine Airlines,MNL-ILO,2024.0,5,22323.602,34.9,3351.97,3738.86,3191.84,9176,855
AirAsia,MNL-KLO,2024.0,5,13585.439999999999,14.88,6073.58,3738.86,6083.9,9176,239
Cebu Pacific,MNL-KLO,2024.0,5,4981.8240000000005,46.38,6073.58,3738.86,6083.9,9176,239
Philippine Airlines,MNL-LAO,2024.0,5,3860.08,34.9,10000.0,3738.86,10000.0,9176,83
Cebgo,MNL-MNL,2024.0,5,124.416,3.83,5083.58,3738.86,3738.86,9176,9176
Philippine Airlines,MNL-MNL,2024.0,5,161.36399999999998,34.9,5083.58,3738.86,3738.86,9176,9176
AirAsia,MNL-MPH,2024.0,5,14820.48,14.88,3266.86,3738.86,3635.4,9176,1088
Cebgo,MNL-MPH,2024.0,5,1866.24,3.83,3266.86,3738.86,3635.4,9176,1088
Cebu Pacific,MNL-MPH,2024.0,5,22819.968,46.38,3266.86,3738.86,3635.4,9176,1088
Philippine Airlines,MNL-MPH,2024.0,5,14707.854000000001,34.9,3266.86,3738.86,3635.4,9176,1088
Cebu Pacific,MNL-NAN,2024.0,5,718.848,46.38,10000.0,3738.86,5019.14,9176,26
Cebu Pacific,MNL-OZC,2024.0,5,7070.976000000001,46.38,10000.0,3738.86,6049.62,9176,136
Cebu Pacific,MNL-PAG,2024.0,5,2410.56,46.38,10000.0,3738.86,7363.79,9176,68
AirAsia,MNL-PPS,2024.0,5,4785.78,14.88,4641.71,3738.86,3854.25,9176,420
Cebu Pacific,MNL-PPS,2024.0,5,16118.784,46.38,4641.71,3738.86,3854.25,9176,420
Philippine Airlines,MNL-PPS,2024.0,5,4734.926,34.9,4641.71,3738.86,3854.25,9176,420
AirAsia,MNL-TAC,2024.0,5,9725.94,14.88,3419.73,3738.86,3242.42,9176,673
Cebu Pacific,MNL-TAC,2024.0,5,9642.24,46.38,3419.73,3738.86,3242.42,9176,673
Philippine Airlines,MNL-TAC,2024.0,5,13415.36,34.9,3419.73,3738.86,3242.42,9176,673
AirAsia,MNL-TAG,2024.0,5,9725.94,14.88,3357.74,3738.86,3571.02,9176,467
Cebu Pacific,MNL-TAG,2024.0,5,11162.880000000001,46.38,3357.74,3738.86,3571.02,9176,467
Philippine Airlines,MNL-TAG,2024.0,5,9121.812,34.9,3357.74,3738.86,3571.02,9176,467
Cebu Pacific,MNL-TUG,2024.0,5,4981.8240000000005,46.38,10000.0,3738.86,7577.45,9176,171
Cebgo,MNL-USU,2024.0,5,2052.864,3.83,10000.0,3738.86,5446.47,9176,320
Cebgo,MNL-WNP,2024.0,5,3048.192,3.83,10000.0,3738.86,10000.0,9176,97
Cebu Pacific,MPH-CEB,2024.0,5,4981.8240000000005,46.38,6303.98,3635.4,3112.81,1088,2754
Philippine Airlines,MPH-CEB,2024.0,5,1613.6399999999999,34.9,6303.98,3635.4,3112.81,1088,2754
Cebu Pacific,MPH-CRK,2024.0,5,5785.344,46.38,10000.0,3635.4,6591.98,1088,148
AirAsia,MPH-MNL,2024.0,5,19297.5,14.88,3324.86,3635.4,3738.86,1088,9176
Cebgo,MPH-MNL,2024.0,5,1804.032,3.83,3324.86,3635.4,3738.86,1088,9176
Cebu Pacific,MPH-MNL,2024.0,5,29408.832000000002,46.38,3324.86,3635.4,3738.86,1088,9176
Philippine Airlines,MPH-MNL,2024.0,5,18425.554,34.9,3324.86,3635.4,3738.86,1088,9176
Cebu Pacific,MPH-MPH,2024.0,5,160.704,46.38,10000.0,3635.4,3635.4,1088,1088
Cebu Pacific,MPH-NAN,2024.0,5,482.112,46.38,10000.0,3635.4,5019.14,1088,26
Philippine Airlines,NAN-MNL,2024.0,5,200.914,34.9,10000.0,5019.14,3738.86,26,9176
Philippine Airlines,NAN-NAN,2024.0,5,401.82800000000003,34.9,10000.0,5019.14,5019.14,26,26
Cebgo,OZC-CEB,2024.0,5,559.872,3.83,10000.0,6049.62,3112.81,136,2754
Cebu Pacific,OZC-MNL,2024.0,5,7713.792,46.38,5329.89,6049.62,3738.86,136,9176
Philippine Airlines,OZC-MNL,2024.0,5,4560.906,34.9,5329.89,6049.62,3738.86,136,9176
Cebgo,PAG-CEB,2024.0,5,995.328,3.83,10000.0,7363.79,3112.81,68,2754
Cebu Pacific,PAG-MNL,2024.0,5,4981.8240000000005,46.38,10000.0,7363.79,3738.86,68,9176
Cebu Pacific,PPS-CEB,2024.0,5,2249.856,46.38,10000.0,3854.25,3112.81,420,2754
AirAsia,PPS-MNL,2024.0,5,9417.18,14.88,3469.79,3854.25,3738.86,420,9176
Cebu Pacific,PPS-MNL,2024.0,5,15215.04,46.38,3469.79,3854.25,3738.86,420,9176
Philippine Airlines,PPS-MNL,2024.0,5,14927.752,34.9,3469.79,3854.25,3738.86,420,9176
AirAsia,RXS-MNL,2024.0,5,2006.94,14.88,3706.22,3706.22,3738.86,74,9176
Cebu Pacific,RXS-MNL,2024.0,5,4821.12,46.38,3706.22,3706.22,3738.86,74,9176
Philippine Airlines,RXS-MNL,2024.0,5,4560.906,34.9,3706.22,3706.22,3738.86,74,9176
Cebgo,SUG-CEB,2024.0,5,186.624,3.83,10000.0,10000.0,3112.81,3,2754
Cebgo,TAC-CEB,2024.0,5,622.0799999999999,3.83,6042.34,3242.42,3112.81,673,2754
Philippine Airlines,TAC-CEB,2024.0,5,1667.4279999999999,34.9,6042.34,3242.42,3112.81,673,2754
AirAsia,TAC-MNL,2024.0,5,17209.22,14.88,3608.98,3242.42,3738.86,673,9176
Cebu Pacific,TAC-MNL,2024.0,5,26355.456000000002,46.38,3608.98,3242.42,3738.86,673,9176
Philippine Airlines,TAC-MNL,2024.0,5,13345.752,34.9,3608.98,3242.42,3738.86,673,9176
Philippine Airlines,TAG-DVO,2024.0,5,914.396,34.9,10000.0,3571.02,4908.67,467,1212
AirAsia,TAG-MNL,2024.0,5,9571.56,14.88,3974.72,3571.02,3738.86,467,9176
Cebu Pacific,TAG-MNL,2024.0,5,22123.584,46.38,3974.72,3571.02,3738.86,467,9176
Philippine Airlines,TAG-MNL,2024.0,5,9268.938,34.9,3974.72,3571.02,3738.86,467,9176
Cebu Pacific,TAG-NAN,2024.0,5,198.72,46.38,10000.0,3571.02,5019.14,467,26
Cebu Pacific,TUG-MNL,2024.0,5,18320.256,46.38,7142.07,7577.45,3738.86,171,9176
Philippine Airlines,TUG-MNL,2024.0,5,3825.2760000000003,34.9,7142.07,7577.45,3738.86,171,9176
Cebgo,USU-CEB,2024.0,5,2674.944,3.83,5390.79,5446.47,3112.81,320,2754
Philippine Airlines,USU-CEB,2024.0,5,1506.0639999999999,34.9,5390.79,5446.47,3112.81,320,2754
Philippine Airlines,USU-CRK,2024.0,5,968.184,34.9,10000.0,5446.47,6591.98,320,148
Cebgo,USU-MNL,2024.0,5,5598.72,3.83,6403.01,5446.47,3738.86,320,9176
Philippine Airlines,USU-MNL,2024.0,5,1721.216,34.9,6403.01,5446.47,3738.86,320,9176
Cebgo,WNP-MNL,2024.0,5,2985.984,3.83,10000.0,10000.0,3738.86,97,9176
Cebu Pacific,ZAM-CEB,2024.0,5,2731.9680000000003,46.38,5521.13,5791.65,3112.81,223,2754
Philippine Airlines,ZAM-CEB,2024.0,5,1398.4879999999998,34.9,5521.13,5791.65,3112.81,223,2754
Cebu Pacific,ZAM-MNL,2024.0,5,19643.904000000002,46.38,6314.8,5791.65,3738.86,223,9176
Philippine Airlines,ZAM-MNL,2024.0,5,6326.418000000001,34.9,6314.8,5791.65,3738.86,223,9176
Philippine Airlines,ZAM-TWT,2024.0,5,1912.6380000000001,34.9,10000.0,5791.65,10000.0,223,21
Cebgo,BCD-CEB,2024.0,6,756.0,3.77,5549.74,3614.01,3155.64,700,2851
Philippine Airlines,BCD-CEB,2024.0,6,1506.0639999999999,34.64,5549.74,3614.01,3155.64,700,2851
Cebu Pacific,BCD-DVO,2024.0,6,3580.5,46.75,10000.0,3614.01,4858.32,700,1231
AirAsia,BCD-MNL,2024.0,6,11887.26,14.83,3600.74,3614.01,3746.67,700,8945
Cebu Pacific,BCD-MNL,2024.0,6,24853.5,46.75,3600.74,3614.01,3746.67,700,8945
Philippine Airlines,BCD-MNL,2024.0,6,21599.046000000002,34.64,3600.74,3614.01,3746.67,700,8945
Philippine Airlines,BPA-CEB,2024.0,6,322.72799999999995,34.64,10000.0,10000.0,3155.64,14,2851
Cebgo,BXU-CEB,2024.0,6,2205.0,3.77,5177.36,4333.9,3155.64,421,2851
Philippine Airlines,BXU-CEB,2024.0,6,1506.0639999999999,34.64,5177.36,4333.9,3155.64,421,2851
Cebu Pacific,BXU-MNL,2024.0,6,13662.25,46.75,5231.07,4333.9,3746.67,421,8945
Philippine Airlines,BXU-MNL,2024.0,6,8827.56,34.64,5231.07,4333.9,3746.67,421,8945
Philippine Airlines,CBO-MNL,2024.0,6,4413.78,34.64,10000.0,10000.0,3746.67,68,8945
Philippine Airlines,CBO-TWT,2024.0,6,430.304,34.64,10000.0,10000.0,10000.0,68,19
Cebgo,CEB-BCD,2024.0,6,819.0,3.77,5388.7,3155.64,3614.01,2851,700
Philippine Airlines,CEB-BCD,2024.0,6,1452.2759999999998,34.64,5388.7,3155.64,3614.01,2851,700
Philippine Airlines,CEB-BPA,2024.0,6,430.304,34.64,10000.0,3155.64,10000.0,2851,14
Cebgo,CEB-BXU,2024.0,6,2205.0,3.77,5146.82,3155.64,4333.9,2851,421
Philippine Airlines,CEB-BXU,2024.0,6,1559.8519999999999,34.64,5146.82,3155.64,4333.9,2851,421
Cebgo,CEB-CEB,2024.0,6,63.0,3.77,5341.46,3155.64,3155.64,2851,2851
Philippine Airlines,CEB-CEB,2024.0,6,107.576,34.64,5341.46,3155.64,3155.64,2851,2851
Cebgo,CEB-CGM,2024.0,6,315.0,3.77,10000.0,3155.64,10000.0,2851,10
Cebgo,CEB-CGY,2024.0,6,2394.0,3.77,5118.87,3155.64,3947.04,2851,877
Philippine Airlines,CEB-CGY,2024.0,6,3266.83,34.64,5118.87,3155.64,3947.04,2851,877
Cebu Pacific,CEB-CRK,2024.0,6,2766.75,46.75,10000.0,3155.64,8423.29,2851,144
Cebgo,CEB-CYP,2024.0,6,1008.0,3.77,10000.0,3155.64,5286.62,2851,55
Cebgo,CEB-DGT,2024.0,6,567.0,3.77,10000.0,3155.64,4990.25,2851,310
Cebgo,CEB-DRP,2024.0,6,189.0,3.77,10000.0,3155.64,4921.66,2851,304
Cebu Pacific,CEB-DVO,2024.0,6,5859.0,46.75,5031.11,3155.64,4858.32,2851,1231
Philippine Airlines,CEB-DVO,2024.0,6,5002.284,34.64,5031.11,3155.64,4858.32,2851,1231
Philippine Airlines,CEB-GES,2024.0,6,1613.6399999999999,34.64,10000.0,3155.64,5028.19,2851,329
Cebgo,CEB-IAO,2024.0,6,5607.0,3.77,5133.08,3155.64,5108.94,2851,469
Philippine Airlines,CEB-IAO,2024.0,6,4034.1,34.64,5133.08,3155.64,5108.94,2851,469
Cebgo,CEB-ILO,2024.0,6,1134.0,3.77,10000.0,3155.64,3209.94,2851,763
AirAsia,CEB-MNL,2024.0,6,18216.84,14.83,3921.96,3155.64,3746.67,2851,8945
Cebu Pacific,CEB-MNL,2024.0,6,54655.125,46.75,3921.96,3155.64,3746.67,2851,8945
Philippine Airlines,CEB-MNL,2024.0,6,33720.33,34.64,3921.96,3155.64,3746.67,2851,8945
Cebu Pacific,CEB-MPH,2024.0,6,4719.75,46.75,6202.63,3155.64,3513.24,2851,1032
Philippine Airlines,CEB-MPH,2024.0,6,1613.6399999999999,34.64,6202.63,3155.64,3513.24,2851,1032
Cebgo,CEB-NAN,2024.0,6,63.0,3.77,7484.55,3155.64,5999.33,2851,11
Cebu Pacific,CEB-NAN,2024.0,6,364.0,46.75,7484.55,3155.64,5999.33,2851,11
Cebgo,CEB-PAG,2024.0,6,1134.0,3.77,10000.0,3155.64,7163.2,2851,138
Cebu Pacific,CEB-PPS,2024.0,6,2278.5,46.75,10000.0,3155.64,4158.17,2851,429
Cebgo,CEB-SUG,2024.0,6,630.0,3.77,10000.0,3155.64,10000.0,2851,24
Cebgo,CEB-TAC,2024.0,6,1512.0,3.77,5000.02,3155.64,3208.78,2851,649
Philippine Airlines,CEB-TAC,2024.0,6,1506.0639999999999,34.64,5000.02,3155.64,3208.78,2851,649
Cebgo,CEB-USU,2024.0,6,1827.0,3.77,5010.43,3155.64,5369.72,2851,294
Philippine Airlines,CEB-USU,2024.0,6,1667.4279999999999,34.64,5010.43,3155.64,5369.72,2851,294
Philippine Airlines,CEB-ZAM,2024.0,6,53.788,34.64,10000.0,3155.64,5995.65,2851,244
Cebgo,CGM-CEB,2024.0,6,315.0,3.77,10000.0,10000.0,3155.64,10,2851
Cebgo,CGY-CEB,2024.0,6,2394.0,3.77,5106.69,3947.04,3155.64,877,2851
Philippine Airlines,CGY-CEB,2024.0,6,3213.042,34.64,5106.69,3947.04,3155.64,877,2851
Cebgo,CGY-DVO,2024.0,6,1134.0,3.77,10000.0,3947.04,4858.32,877,1231
Cebu Pacific,CGY-ILO,2024.0,6,2604.0,46.75,10000.0,3947.04,3209.94,877,763
AirAsia,CGY-MNL,2024.0,6,4631.4,14.83,4308.34,3947.04,3746.67,877,8945
Cebu Pacific,CGY-MNL,2024.0,6,27088.25,46.75,4308.34,3947.04,3746.67,877,8945
Philippine Airlines,CGY-MNL,2024.0,6,20662.502,34.64,4308.34,3947.04,3746.67,877,8945
Cebu Pacific,CRK-CEB,2024.0,6,488.25,46.75,10000.0,8423.29,3155.64,144,2851
Cebu Pacific,CRK-MNL,2024.0,6,162.75,46.75,10000.0,8423.29,3746.67,144,8945
Cebu Pacific,CRK-MPH,2024.0,6,7486.5,46.75,10000.0,8423.29,3513.24,144,1032
Philippine Airlines,CRK-USU,2024.0,6,860.608,34.64,10000.0,8423.29,5369.72,144,294
Cebgo,CYP-CEB,2024.0,6,1008.0,3.77,10000.0,5286.62,3155.64,55,2851
Philippine Airlines,CYP-MNL,2024.0,6,537.88,34.64,10000.0,5286.62,3746.67,55,8945
Cebu Pacific,CYZ-MNL,2024.0,6,4394.25,46.75,10000.0,10000.0,3746.67,56,8945
Cebgo,DGT-CEB,2024.0,6,567.0,3.77,10000.0,4990.25,3155.64,310,2851
Cebu Pacific,DGT-MNL,2024.0,6,11555.25,46.75,5140.34,4990.25,3746.67,310,8945
Philippine Airlines,DGT-MNL,2024.0,6,8239.056,34.64,5140.34,4990.25,3746.67,310,8945
Cebu Pacific,DPL-MNL,2024.0,6,4882.5,46.75,5022.65,5028.85,3746.67,117,8945
Philippine Airlines,DPL-MNL,2024.0,6,4266.654,34.64,5022.65,5028.85,3746.67,117,8945
Cebgo,DRP-CEB,2024.0,6,189.0,3.77,10000.0,4921.66,3155.64,304,2851
Cebu Pacific,DRP-MNL,2024.0,6,10843.0,46.75,5003.13,4921.66,3746.67,304,8945
Philippine Airlines,DRP-MNL,2024.0,6,11399.892,34.64,5003.13,4921.66,3746.67,304,8945
Cebu Pacific,DVO-BCD,2024.0,6,3255.0,46.75,10000.0,4858.32,3614.01,1231,700
Cebu Pacific,DVO-CEB,2024.0,6,5859.0,46.75,5040.2,4858.32,3155.64,1231,2851
Philippine Airlines,DVO-CEB,2024.0,6,4894.708,34.64,5040.2,4858.32,3155.64,1231,2851
Cebgo,DVO-CGY,2024.0,6,1134.0,3.77,10000.0,4858.32,3947.04,1231,877
Cebgo,DVO-IAO,2024.0,6,756.0,3.77,10000.0,4858.32,5108.94,1231,469
Cebu Pacific,DVO-MNL,2024.0,6,44357.25,46.75,5033.5,4858.32,3746.67,1231,8945
Philippine Airlines,DVO-MNL,2024.0,6,37645.272000000004,34.64,5033.5,4858.32,3746.67,1231,8945
Philippine Airlines,DVO-TAG,2024.0,6,806.8199999999999,34.64,10000.0,4858.32,3368.85,1231,372
Philippine Airlines,EUQ-MNL,2024.0,6,645.4559999999999,34.64,10000.0,10000.0,3746.67,24,8945
Philippine Airlines,GES-CEB,2024.0,6,1559.8519999999999,34.64,10000.0,5028.19,3155.64,329,2851
Cebu Pacific,GES-MNL,2024.0,6,16717.75,46.75,5091.92,5028.19,3746.67,329,8945
Philippine Airlines,GES-MNL,2024.0,6,12725.608,34.64,5091.92,5028.19,3746.67,329,8945
Cebgo,IAO-CEB,2024.0,6,4347.0,3.77,5020.91,5108.94,3155.64,469,2851
Philippine Airlines,IAO-CEB,2024.0,6,3818.948,34.64,5020.91,5108.94,3155.64,469,2851
Cebgo,IAO-DVO,2024.0,6,756.0,3.77,10000.0,5108.94,4858.32,469,1231
Philippine Airlines,IAO-MNL,2024.0,6,2958.3399999999997,34.64,10000.0,5108.94,3746.67,469,8945
Cebgo,ILO-CEB,2024.0,6,1323.0,3.77,10000.0,3209.94,3155.64,763,2851
Cebu Pacific,ILO-CGY,2024.0,6,2604.0,46.75,10000.0,3209.94,3947.04,763,877
AirAsia,ILO-MNL,2024.0,6,23314.7,14.83,3460.54,3209.94,3746.67,763,8945
Cebu Pacific,ILO-MNL,2024.0,6,14735.0,46.75,3460.54,3209.94,3746.67,763,8945
Philippine Airlines,ILO-MNL,2024.0,6,17251.71,34.64,3460.54,3209.94,3746.67,763,8945
AirAsia,KLO-KLO,2024.0,6,154.38,14.83,10000.0,6172.16,6172.16,242,242
AirAsia,KLO-MNL,2024.0,6,13894.199999999999,14.83,6151.71,6172.16,3746.67,242,8945
Cebu Pacific,KLO-MNL,2024.0,6,4882.5,46.75,6151.71,6172.16,3746.67,242,8945
Philippine Airlines,LAO-MNL,2024.0,6,8292.844000000001,34.64,10000.0,10000.0,3746.67,85,8945
AirAsia,MNL-BCD,2024.0,6,7410.24,14.83,3643.06,3746.67,3614.01,8945,700
Cebu Pacific,MNL-BCD,2024.0,6,16576.0,46.75,3643.06,3746.67,3614.01,8945,700
Philippine Airlines,MNL-BCD,2024.0,6,13488.132,34.64,3643.06,3746.67,3614.01,8945,700
Philippine Airlines,MNL-BSO,2024.0,6,1559.8519999999999,34.64,10000.0,3746.67,10000.0,8945,29
Cebu Pacific,MNL-BXU,2024.0,6,13336.75,46.75,5206.95,3746.67,4333.9,8945,421
Philippine Airlines,MNL-BXU,2024.0,6,8827.56,34.64,5206.95,3746.67,4333.9,8945,421
Philippine Airlines,MNL-CBO,2024.0,6,4413.78,34.64,10000.0,3746.67,10000.0,8945,68
AirAsia,MNL-CEB,2024.0,6,22693.86,14.83,3544.4,3746.67,3155.64,8945,2851
Cebu Pacific,MNL-CEB,2024.0,6,43114.75,46.75,3544.4,3746.67,3155.64,8945,2851
Philippine Airlines,MNL-CEB,2024.0,6,33679.198000000004,34.64,3544.4,3746.67,3155.64,8945,2851
AirAsia,MNL-CGY,2024.0,6,4631.4,14.83,4470.81,3746.67,3947.04,8945,877
Cebu Pacific,MNL-CGY,2024.0,6,29760.5,46.75,4470.81,3746.67,3947.04,8945,877
Philippine Airlines,MNL-CGY,2024.0,6,18370.184,34.64,4470.81,3746.67,3947.04,8945,877
Philippine Airlines,MNL-CRM,2024.0,6,914.396,34.64,10000.0,3746.67,10000.0,8945,17
Philippine Airlines,MNL-CYP,2024.0,6,699.2439999999999,34.64,10000.0,3746.67,5286.62,8945,55
Cebu Pacific,MNL-CYZ,2024.0,6,4719.75,46.75,10000.0,3746.67,10000.0,8945,56
Cebu Pacific,MNL-DGT,2024.0,6,14484.75,46.75,5377.72,3746.67,4990.25,8945,310
Philippine Airlines,MNL-DGT,2024.0,6,8239.056,34.64,5377.72,3746.67,4990.25,8945,310
Cebu Pacific,MNL-DPL,2024.0,6,4882.5,46.75,5035.92,3746.67,5028.85,8945,117
Philippine Airlines,MNL-DPL,2024.0,6,4119.528,34.64,5035.92,3746.67,5028.85,8945,117
Cebu Pacific,MNL-DRP,2024.0,6,11044.25,46.75,5004.77,3746.67,4921.66,8945,304
Philippine Airlines,MNL-DRP,2024.0,6,11747.932,34.64,5004.77,3746.67,4921.66,8945,304
Cebu Pacific,MNL-DVO,2024.0,6,42054.25,46.75,5020.55,3746.67,4858.32,8945,1231
Philippine Airlines,MNL-DVO,2024.0,6,36987.16,34.64,5020.55,3746.67,4858.32,8945,1231
Philippine Airlines,MNL-EUQ,2024.0,6,645.4559999999999,34.64,10000.0,3746.67,10000.0,8945,24
Cebu Pacific,MNL-GES,2024.0,6,16555.0,46.75,5085.52,3746.67,5028.19,8945,329
Philippine Airlines,MNL-GES,2024.0,6,12725.608,34.64,5085.52,3746.67,5028.19,8945,329
Philippine Airlines,MNL-IAO,2024.0,6,4625.768,34.64,10000.0,3746.67,5108.94,8945,469
AirAsia,MNL-ILO,2024.0,6,18216.84,14.83,3366.08,3746.67,3209.94,8945,763
Cebu Pacific,MNL-ILO,2024.0,6,16765.0,46.75,3366.08,3746.67,3209.94,8945,763
Philippine Airlines,MNL-ILO,2024.0,6,21224.112,34.64,3366.08,3746.67,3209.94,8945,763
AirAsia,MNL-KLO,2024.0,6,13894.199999999999,14.83,6151.71,3746.67,6172.16,8945,242
Cebu Pacific,MNL-KLO,2024.0,6,4882.5,46.75,6151.71,3746.67,6172.16,8945,242
Philippine Airlines,MNL-LAO,2024.0,6,4119.528,34.64,10000.0,3746.67,10000.0,8945,85
Cebgo,MNL-MBT,2024.0,6,63.0,3.77,10000.0,3746.67,10000.0,8945,1
Cebu Pacific,MNL-MNL,2024.0,6,162.75,46.75,5208.29,3746.67,3746.67,8945,8945
Philippine Airlines,MNL-MNL,2024.0,6,107.576,34.64,5208.29,3746.67,3746.67,8945,8945
AirAsia,MNL-MPH,2024.0,6,14511.72,14.83,3126.22,3746.67,3513.24,8945,1032
Cebgo,MNL-MPH,2024.0,6,1953.0,3.77,3126.22,3746.67,3513.24,8945,1032
Cebu Pacific,MNL-MPH,2024.0,6,18228.0,46.75,3126.22,3746.67,3513.24,8945,1032
Philippine Airlines,MNL-MPH,2024.0,6,14747.404,34.64,3126.22,3746.67,3513.24,8945,1032
AirAsia,MNL-NAN,2024.0,6,154.38,14.83,4186.35,3746.67,5999.33,8945,11
Cebu Pacific,MNL-NAN,2024.0,6,402.5,46.75,4186.35,3746.67,5999.33,8945,11
Philippine Airlines,MNL-NAN,2024.0,6,147.126,34.64,4186.35,3746.67,5999.33,8945,11
Cebu Pacific,MNL-OZC,2024.0,6,7323.75,46.75,10000.0,3746.67,6576.79,8945,126
Cebu Pacific,MNL-PAG,2024.0,6,4882.5,46.75,10000.0,3746.67,7163.2,8945,138
AirAsia,MNL-PPS,2024.0,6,4631.4,14.83,4815.3,3746.67,4158.17,8945,429
Cebu Pacific,MNL-PPS,2024.0,6,15921.5,46.75,4815.3,3746.67,4158.17,8945,429
Philippine Airlines,MNL-PPS,2024.0,6,4042.01,34.64,4815.3,3746.67,4158.17,8945,429
Cebu Pacific,MNL-RXS,2024.0,6,4557.0,46.75,10000.0,3746.67,5288.67,8945,132
AirAsia,MNL-TAC,2024.0,6,9262.8,14.83,3406.69,3746.67,3208.78,8945,649
Cebu Pacific,MNL-TAC,2024.0,6,9765.0,46.75,3406.69,3746.67,3208.78,8945,649
Philippine Airlines,MNL-TAC,2024.0,6,12826.856,34.64,3406.69,3746.67,3208.78,8945,649
AirAsia,MNL-TAG,2024.0,6,8490.9,14.83,3427.36,3746.67,3368.85,8945,372
Cebu Pacific,MNL-TAG,2024.0,6,5661.25,46.75,3427.36,3746.67,3368.85,8945,372
Philippine Airlines,MNL-TAG,2024.0,6,8049.216,34.64,3427.36,3746.67,3368.85,8945,372
Cebu Pacific,MNL-TUG,2024.0,6,4882.5,46.75,10000.0,3746.67,7801.48,8945,153
Cebgo,MNL-USU,2024.0,6,1953.0,3.77,10000.0,3746.67,5369.72,8945,294
Cebgo,MNL-WNP,2024.0,6,3024.0,3.77,10000.0,3746.67,10000.0,8945,97
Cebu Pacific,MPH-CEB,2024.0,6,4882.5,46.75,6329.99,3513.24,3155.64,1032,2851
Philippine Airlines,MPH-CEB,2024.0,6,1559.8519999999999,34.64,6329.99,3513.24,3155.64,1032,2851
Cebu Pacific,MPH-CRK,2024.0,6,7323.75,46.75,10000.0,3513.24,8423.29,1032,144
AirAsia,MPH-MNL,2024.0,6,18834.36,14.83,3198.44,3513.24,3746.67,1032,8945
Cebgo,MPH-MNL,2024.0,6,1890.0,3.77,3198.44,3513.24,3746.67,1032,8945
Cebu Pacific,MPH-MNL,2024.0,6,24412.5,46.75,3198.44,3513.24,3746.67,1032,8945
Philippine Airlines,MPH-MNL,2024.0,6,18866.932,34.64,3198.44,3513.24,3746.67,1032,8945
Cebu Pacific,MPH-MPH,2024.0,6,162.75,46.75,10000.0,3513.24,3513.24,1032,1032
Cebu Pacific,NAN-MNL,2024.0,6,201.25,46.75,10000.0,5999.33,3746.67,11,8945
Cebu Pacific,NAN-NAN,2024.0,6,201.25,46.75,10000.0,5999.33,5999.33,11,11
Cebgo,OZC-CEB,2024.0,6,189.0,3.77,10000.0,6576.79,3155.64,126,2851
Cebu Pacific,OZC-MNL,2024.0,6,7812.0,46.75,5530.79,6576.79,3746.67,126,8945
Philippine Airlines,OZC-MNL,2024.0,6,3972.402,34.64,5530.79,6576.79,3746.67,126,8945
Cebgo,PAG-CEB,2024.0,6,1890.0,3.77,10000.0,7163.2,3155.64,138,2851
Cebu Pacific,PAG-MNL,2024.0,6,9765.0,46.75,10000.0,7163.2,3746.67,138,8945
Cebu Pacific,PPS-CEB,2024.0,6,2278.5,46.75,10000.0,4158.17,3155.64,429,2851
AirAsia,PPS-MNL,2024.0,6,8954.039999999999,14.83,3687.88,4158.17,3746.67,429,8945
Cebu Pacific,PPS-MNL,2024.0,6,20401.5,46.75,3687.88,4158.17,3746.67,429,8945
Philippine Airlines,PPS-MNL,2024.0,6,13801.368,34.64,3687.88,4158.17,3746.67,429,8945
AirAsia,RXS-MNL,2024.0,6,2006.94,14.83,4507.07,5288.67,3746.67,132,8945
Cebu Pacific,RXS-MNL,2024.0,6,9602.25,46.75,4507.07,5288.67,3746.67,132,8945
Philippine Airlines,RXS-MNL,2024.0,6,4413.78,34.64,4507.07,5288.67,3746.67,132,8945
Cebgo,SUG-CEB,2024.0,6,882.0,3.77,10000.0,10000.0,3155.64,24,2851
Cebgo,TAC-CEB,2024.0,6,630.0,3.77,5901.5,3208.78,3155.64,649,2851
Philippine Airlines,TAC-CEB,2024.0,6,1559.8519999999999,34.64,5901.5,3208.78,3155.64,649,2851
AirAsia,TAC-MNL,2024.0,6,18289.88,14.83,3527.0,3208.78,3746.67,649,8945
Cebu Pacific,TAC-MNL,2024.0,6,23761.5,46.75,3527.0,3208.78,3746.67,649,8945
Philippine Airlines,TAC-MNL,2024.0,6,12939.178,34.64,3527.0,3208.78,3746.67,649,8945
Philippine Airlines,TAG-DVO,2024.0,6,806.8199999999999,34.64,10000.0,3368.85,4858.32,372,1231
AirAsia,TAG-MNL,2024.0,6,8645.279999999999,14.83,3677.88,3368.85,3746.67,372,8945
Cebu Pacific,TAG-MNL,2024.0,6,15986.25,46.75,3677.88,3368.85,3746.67,372,8945
Philippine Airlines,TAG-MNL,2024.0,6,8343.468,34.64,3677.88,3368.85,3746.67,372,8945
Cebu Pacific,TUG-MNL,2024.0,6,16600.5,46.75,7354.17,7801.48,3746.67,153,8945
Philippine Airlines,TUG-MNL,2024.0,6,3089.646,34.64,7354.17,7801.48,3746.67,153,8945
Cebgo,USU-CEB,2024.0,6,1890.0,3.77,5031.11,5369.72,3155.64,294,2851
Philippine Airlines,USU-CEB,2024.0,6,1613.6399999999999,34.64,5031.11,5369.72,3155.64,294,2851
Philippine Airlines,USU-CRK,2024.0,6,860.608,34.64,10000.0,5369.72,8423.29,294,144
Cebgo,USU-MNL,2024.0,6,5355.0,3.77,6791.48,5369.72,3746.67,294,8945
Philippine Airlines,USU-MNL,2024.0,6,1344.6999999999998,34.64,6791.48,5369.72,3746.67,294,8945
Cebgo,USU-NAN,2024.0,6,63.0,3.77,10000.0,5369.72,5999.33,294,11
Cebgo,WNP-MNL,2024.0,6,3087.0,3.77,10000.0,10000.0,3746.67,97,8945
Cebu Pacific,ZAM-CEB,2024.0,6,1464.75,46.75,5011.7,5995.65,3155.64,244,2851
Philippine Airlines,ZAM-CEB,2024.0,6,1613.6399999999999,34.64,5011.7,5995.65,3155.64,244,2851
Cebu Pacific,ZAM-MNL,2024.0,6,24164.0,46.75,6623.77,5995.65,3746.67,244,8945
Philippine Airlines,ZAM-MNL,2024.0,6,6620.67,34.64,6623.77,5995.65,3746.67,244,8945
Philippine Airlines,ZAM-TWT,2024.0,6,1525.048,34.64,10000.0,5995.65,10000.0,244,19
Cebgo,BCD-CEB,2024.0,7,1342.656,3.76,5582.52,3459.44,3048.66,713,2787
Philippine Airlines,BCD-CEB,2024.0,7,659.328,33.48,5582.52,3459.44,3048.66,713,2787
Cebu Pacific,BCD-DVO,2024.0,7,3468.5280000000002,46.84,10000.0,3459.44,4897.18,713,1267
AirAsia,BCD-MNL,2024.0,7,14401.98,15.93,3552.18,3459.44,3701.34,713,9053
Cebu Pacific,BCD-MNL,2024.0,7,27826.368000000002,46.84,3552.18,3459.44,3701.34,713,9053
Philippine Airlines,BCD-MNL,2024.0,7,22237.776,33.48,3552.18,3459.44,3701.34,713,9053
Philippine Airlines,BPA-CEB,2024.0,7,439.552,33.48,10000.0,10000.0,3048.66,17,2787
Philippine Airlines,BSO-CRK,2024.0,7,714.272,33.48,10000.0,10000.0,7949.75,49,219
Cebgo,BXU-CEB,2024.0,7,1342.656,3.76,5012.42,4594.49,3048.66,386,2787
Philippine Airlines,BXU-CEB,2024.0,7,1483.488,33.48,5012.42,4594.49,3048.66,386,2787
Cebu Pacific,BXU-MNL,2024.0,7,13934.496000000001,46.84,5229.5,4594.49,3701.34,386,9053
Philippine Airlines,BXU-MNL,2024.0,7,9017.28,33.48,5229.5,4594.49,3701.34,386,9053
Philippine Airlines,CBO-MNL,2024.0,7,4809.216,33.48,10000.0,10000.0,3701.34,72,9053
Philippine Airlines,CBO-TWT,2024.0,7,439.552,33.48,10000.0,10000.0,5334.31,72,28
Cebgo,CEB-BCD,2024.0,7,1342.656,3.76,5582.52,3048.66,3459.44,2787,713
Philippine Airlines,CEB-BCD,2024.0,7,659.328,33.48,5582.52,3048.66,3459.44,2787,713
Philippine Airlines,CEB-BPA,2024.0,7,494.49600000000004,33.48,10000.0,3048.66,10000.0,2787,17
Cebgo,CEB-BXU,2024.0,7,1342.656,3.76,5004.8,3048.66,4594.49,2787,386
Philippine Airlines,CEB-BXU,2024.0,7,1428.544,33.48,5004.8,3048.66,4594.49,2787,386
Cebgo,CEB-CEB,2024.0,7,63.936,3.76,10000.0,3048.66,3048.66,2787,2787
Cebgo,CEB-CGM,2024.0,7,575.424,3.76,10000.0,3048.66,10000.0,2787,18
Cebgo,CEB-CGY,2024.0,7,2557.44,3.76,5015.31,3048.66,3937.99,2787,883
Philippine Airlines,CEB-CGY,2024.0,7,2857.088,33.48,5015.31,3048.66,3937.99,2787,883
Cebu Pacific,CEB-CRK,2024.0,7,4789.872,46.84,10000.0,3048.66,7949.75,2787,219
Cebgo,CEB-CYP,2024.0,7,895.104,3.76,10000.0,3048.66,5063.13,2787,54
Cebgo,CEB-DGT,2024.0,7,767.232,3.76,10000.0,3048.66,4754.11,2787,294
Cebgo,CEB-DPL,2024.0,7,63.936,3.76,10000.0,3048.66,4950.8,2787,116
Cebgo,CEB-DRP,2024.0,7,575.424,3.76,10000.0,3048.66,4746.58,2787,304
Cebgo,CEB-DVO,2024.0,7,63.936,3.76,5080.04,3048.66,4897.18,2787,1267
Cebu Pacific,CEB-DVO,2024.0,7,7102.224,46.84,5080.04,3048.66,4897.18,2787,1267
Philippine Airlines,CEB-DVO,2024.0,7,5109.792,33.48,5080.04,3048.66,4897.18,2787,1267
Philippine Airlines,CEB-GES,2024.0,7,1263.712,33.48,10000.0,3048.66,5174.21,2787,331
Cebgo,CEB-IAO,2024.0,7,5946.048,3.76,5276.71,3048.66,5062.42,2787,479
Philippine Airlines,CEB-IAO,2024.0,7,3681.248,33.48,5276.71,3048.66,5062.42,2787,479
Cebgo,CEB-ILO,2024.0,7,1278.72,3.76,7973.88,3048.66,3254.67,2787,870
Cebu Pacific,CEB-ILO,2024.0,7,165.168,46.84,7973.88,3048.66,3254.67,2787,870
AirAsia,CEB-MNL,2024.0,7,20030.34,15.93,3798.91,3048.66,3701.34,2787,9053
Cebu Pacific,CEB-MNL,2024.0,7,51752.64,46.84,3798.91,3048.66,3701.34,2787,9053
Philippine Airlines,CEB-MNL,2024.0,7,32820.96,33.48,3798.91,3048.66,3701.34,2787,9053
Cebu Pacific,CEB-MPH,2024.0,7,5120.2080000000005,46.84,6664.36,3048.66,3495.36,2787,1072
Philippine Airlines,CEB-MPH,2024.0,7,1373.6000000000001,33.48,6664.36,3048.66,3495.36,2787,1072
Cebgo,CEB-NAN,2024.0,7,63.936,3.76,10000.0,3048.66,3335.8,2787,20
Cebgo,CEB-PAG,2024.0,7,831.168,3.76,10000.0,3048.66,7139.19,2787,134
Cebu Pacific,CEB-PPS,2024.0,7,2312.352,46.84,10000.0,3048.66,4005.24,2787,433
Cebgo,CEB-SUG,2024.0,7,959.04,3.76,10000.0,3048.66,10000.0,2787,42
Cebgo,CEB-TAC,2024.0,7,1470.528,3.76,5026.89,3048.66,3234.41,2787,688
Philippine Airlines,CEB-TAC,2024.0,7,1703.2640000000001,33.48,5026.89,3048.66,3234.41,2787,688
Cebgo,CEB-USU,2024.0,7,1918.08,3.76,5368.65,3048.66,5625.55,2787,280
Philippine Airlines,CEB-USU,2024.0,7,1098.88,33.48,5368.65,3048.66,5625.55,2787,280
Cebgo,CGM-CEB,2024.0,7,575.424,3.76,10000.0,10000.0,3048.66,18,2787
Cebgo,CGY-CEB,2024.0,7,2557.44,3.76,5027.48,3937.99,3048.66,883,2787
Philippine Airlines,CGY-CEB,2024.0,7,2966.976,33.48,5027.48,3937.99,3048.66,883,2787
Cebgo,CGY-DVO,2024.0,7,1022.976,3.76,10000.0,3937.99,4897.18,883,1267
Cebu Pacific,CGY-ILO,2024.0,7,2973.0240000000003,46.84,10000.0,3937.99,3254.67,883,870
AirAsia,CGY-MNL,2024.0,7,5131.74,15.93,4257.72,3937.99,3701.34,883,9053
Cebu Pacific,CGY-MNL,2024.0,7,28046.592,46.84,4257.72,3937.99,3701.34,883,9053
Philippine Airlines,CGY-MNL,2024.0,7,22216.768,33.48,4257.72,3937.99,3701.34,883,9053
Philippine Airlines,CRK-BSO,2024.0,7,714.272,33.48,10000.0,7949.75,10000.0,219,49
Cebu Pacific,CRK-CEB,2024.0,7,1982.016,46.84,10000.0,7949.75,3048.66,219,2787
Philippine Airlines,CRK-CRK,2024.0,7,54.944,33.48,10000.0,7949.75,7949.75,219,219
Cebu Pacific,CRK-MNL,2024.0,7,204.24,46.84,10000.0,7949.75,3701.34,219,9053
Cebu Pacific,CRK-MPH,2024.0,7,9579.744,46.84,10000.0,7949.75,3495.36,219,1072
Philippine Airlines,CRK-USU,2024.0,7,1043.9360000000001,33.48,10000.0,7949.75,5625.55,219,280
Cebgo,CYP-CEB,2024.0,7,895.104,3.76,10000.0,5063.13,3048.66,54,2787
Philippine Airlines,CYP-MNL,2024.0,7,714.272,33.48,10000.0,5063.13,3701.34,54,9053
Cebu Pacific,CYZ-MNL,2024.0,7,4789.872,46.84,10000.0,10000.0,3701.34,59,9053
Cebu Pacific,CYZ-NAN,2024.0,7,165.168,46.84,10000.0,10000.0,3335.8,59,20
Cebgo,DGT-CEB,2024.0,7,767.232,3.76,10000.0,4754.11,3048.66,294,2787
Cebu Pacific,DGT-MNL,2024.0,7,9910.08,46.84,5020.52,4754.11,3701.34,294,9053
Philippine Airlines,DGT-MNL,2024.0,7,8716.704000000002,33.48,5020.52,4754.11,3701.34,294,9053
Cebgo,DPL-CEB,2024.0,7,63.936,3.76,10000.0,4950.8,3048.66,116,2787
Cebu Pacific,DPL-MNL,2024.0,7,4789.872,46.84,5020.9,4950.8,3701.34,116,9053
Philippine Airlines,DPL-MNL,2024.0,7,4208.064,33.48,5020.9,4950.8,3701.34,116,9053
Cebgo,DRP-CEB,2024.0,7,575.424,3.76,10000.0,4746.58,3048.66,304,2787
Cebu Pacific,DRP-MNL,2024.0,7,10547.664,46.84,5000.04,4746.58,3701.34,304,9053
Philippine Airlines,DRP-MNL,2024.0,7,10607.424,33.48,5000.04,4746.58,3701.34,304,9053
Cebu Pacific,DVO-BCD,2024.0,7,3468.5280000000002,46.84,10000.0,4897.18,3459.44,1267,713
Cebu Pacific,DVO-CEB,2024.0,7,7102.224,46.84,5150.88,4897.18,3048.66,1267,2787
Philippine Airlines,DVO-CEB,2024.0,7,4999.904,33.48,5150.88,4897.18,3048.66,1267,2787
Cebgo,DVO-CGY,2024.0,7,959.04,3.76,10000.0,4897.18,3937.99,1267,883
Cebgo,DVO-IAO,2024.0,7,895.104,3.76,10000.0,4897.18,5062.42,1267,479
Cebu Pacific,DVO-MNL,2024.0,7,49558.392,46.84,5079.2,4897.18,3701.34,1267,9053
Philippine Airlines,DVO-MNL,2024.0,7,38478.576,33.48,5079.2,4897.18,3701.34,1267,9053
Philippine Airlines,DVO-TAG,2024.0,7,1153.824,33.48,10000.0,4897.18,3353.0,1267,405
Cebgo,DVO-ZAM,2024.0,7,63.936,3.76,10000.0,4897.18,6246.28,1267,240
Philippine Airlines,EUQ-MNL,2024.0,7,659.328,33.48,10000.0,10000.0,3701.34,24,9053
Philippine Airlines,GES-CEB,2024.0,7,1318.656,33.48,10000.0,5174.21,3048.66,331,2787
Cebu Pacific,GES-MNL,2024.0,7,20621.136000000002,46.84,5235.7,5174.21,3701.34,331,9053
Philippine Airlines,GES-MNL,2024.0,7,13264.128,33.48,5235.7,5174.21,3701.34,331,9053
Cebgo,IAO-CEB,2024.0,7,4731.264,3.76,5087.4,5062.42,3048.66,479,2787
Philippine Airlines,IAO-CEB,2024.0,7,3626.304,33.48,5087.4,5062.42,3048.66,479,2787
Cebgo,IAO-DVO,2024.0,7,895.104,3.76,10000.0,5062.42,4897.18,479,1267
Philippine Airlines,IAO-IAO,2024.0,7,109.888,33.48,10000.0,5062.42,5062.42,479,479
Philippine Airlines,IAO-MNL,2024.0,7,3021.92,33.48,10000.0,5062.42,3701.34,479,9053
Cebgo,ILO-CEB,2024.0,7,1406.592,3.76,10000.0,3254.67,3048.66,870,2787
Cebu Pacific,ILO-CGY,2024.0,7,2973.0240000000003,46.84,10000.0,3254.67,3937.99,870,883
AirAsia,ILO-MNL,2024.0,7,25945.28,15.93,3413.65,3254.67,3701.34,870,9053
Cebu Pacific,ILO-MNL,2024.0,7,22654.656000000003,46.84,3413.65,3254.67,3701.34,870,9053
Philippine Airlines,ILO-MNL,2024.0,7,17614.4,33.48,3413.65,3254.67,3701.34,870,9053
Cebu Pacific,ILO-NAN,2024.0,7,165.168,46.84,10000.0,3254.67,3335.8,870,20
AirAsia,KLO-MNL,2024.0,7,15395.22,15.93,6315.97,6347.79,3701.34,245,9053
Cebu Pacific,KLO-MNL,2024.0,7,4955.04,46.84,6315.97,6347.79,3701.34,245,9053
Philippine Airlines,LAO-MNL,2024.0,7,8196.352,33.48,10000.0,10000.0,3701.34,86,9053
AirAsia,MNL-BCD,2024.0,7,9270.24,15.93,3475.73,3701.34,3459.44,9053,713
Cebu Pacific,MNL-BCD,2024.0,7,15641.232,46.84,3475.73,3701.34,3459.44,9053,713
Philippine Airlines,MNL-BCD,2024.0,7,13458.048,33.48,3475.73,3701.34,3459.44,9053,713
Philippine Airlines,MNL-BSO,2024.0,7,1263.712,33.48,10000.0,3701.34,10000.0,9053,49
Cebu Pacific,MNL-BXU,2024.0,7,13438.992,46.84,5193.85,3701.34,4594.49,9053,386
Philippine Airlines,MNL-BXU,2024.0,7,9017.28,33.48,5193.85,3701.34,4594.49,9053,386
Philippine Airlines,MNL-CBO,2024.0,7,4809.216,33.48,10000.0,3701.34,10000.0,9053,72
AirAsia,MNL-CEB,2024.0,7,24996.539999999997,15.93,3431.3,3701.34,3048.66,9053,2787
Cebgo,MNL-CEB,2024.0,7,63.936,3.76,3431.3,3701.34,3048.66,9053,2787
Cebu Pacific,MNL-CEB,2024.0,7,38737.224,46.84,3431.3,3701.34,3048.66,9053,2787
Philippine Airlines,MNL-CEB,2024.0,7,34373.936,33.48,3431.3,3701.34,3048.66,9053,2787
AirAsia,MNL-CGY,2024.0,7,5131.74,15.93,4439.85,3701.34,3937.99,9053,883
Cebu Pacific,MNL-CGY,2024.0,7,30992.976000000002,46.84,4439.85,3701.34,3937.99,9053,883
Philippine Airlines,MNL-CGY,2024.0,7,18886.192000000003,33.48,4439.85,3701.34,3937.99,9053,883
Philippine Airlines,MNL-CRM,2024.0,7,934.048,33.48,10000.0,3701.34,10000.0,9053,17
Philippine Airlines,MNL-CYP,2024.0,7,714.272,33.48,10000.0,3701.34,5063.13,9053,54
Cebu Pacific,MNL-CYZ,2024.0,7,4789.872,46.84,10000.0,3701.34,10000.0,9053,59
Cebu Pacific,MNL-DGT,2024.0,7,13543.776,46.84,5217.75,3701.34,4754.11,9053,294
Philippine Airlines,MNL-DGT,2024.0,7,8866.992,33.48,5217.75,3701.34,4754.11,9053,294
Cebu Pacific,MNL-DPL,2024.0,7,4789.872,46.84,5020.9,3701.34,4950.8,9053,116
Philippine Airlines,MNL-DPL,2024.0,7,4208.064,33.48,5020.9,3701.34,4950.8,9053,116
Cebu Pacific,MNL-DRP,2024.0,7,10382.496000000001,46.84,5002.06,3701.34,4746.58,9053,304
Philippine Airlines,MNL-DRP,2024.0,7,10812.656,33.48,5002.06,3701.34,4746.58,9053,304
Cebu Pacific,MNL-DVO,2024.0,7,45560.616,46.84,5033.15,3701.34,4897.18,9053,1267
Philippine Airlines,MNL-DVO,2024.0,7,38699.968,33.48,5033.15,3701.34,4897.18,9053,1267
Philippine Airlines,MNL-ENI,2024.0,7,150.288,33.48,10000.0,3701.34,10000.0,9053,1
Philippine Airlines,MNL-EUQ,2024.0,7,659.328,33.48,10000.0,3701.34,10000.0,9053,24
Cebu Pacific,MNL-GES,2024.0,7,21851.016,46.84,5298.99,3701.34,5174.21,9053,331
Philippine Airlines,MNL-GES,2024.0,7,13264.128,33.48,5298.99,3701.34,5174.21,9053,331
Philippine Airlines,MNL-IAO,2024.0,7,5054.848,33.48,10000.0,3701.34,5062.42,9053,479
AirAsia,MNL-ILO,2024.0,7,20195.879999999997,15.93,3349.26,3701.34,3254.67,9053,870
Cebu Pacific,MNL-ILO,2024.0,7,23936.928,46.84,3349.26,3701.34,3254.67,9053,870
Philippine Airlines,MNL-ILO,2024.0,7,22249.088000000003,33.48,3349.26,3701.34,3254.67,9053,870
AirAsia,MNL-KLO,2024.0,7,15395.22,15.93,6380.25,3701.34,6347.79,9053,245
Cebu Pacific,MNL-KLO,2024.0,7,4789.872,46.84,6380.25,3701.34,6347.79,9053,245
Philippine Airlines,MNL-LAO,2024.0,7,4369.664000000001,33.48,10000.0,3701.34,10000.0,9053,86
Cebgo,MNL-MBT,2024.0,7,63.936,3.76,10000.0,3701.34,10000.0,9053,1
Philippine Airlines,MNL-MNL,2024.0,7,54.944,33.48,10000.0,3701.34,3701.34,9053,9053
AirAsia,MNL-MPH,2024.0,7,17547.239999999998,15.93,3125.4,3701.34,3495.36,9053,1072
Cebgo,MNL-MPH,2024.0,7,1854.144,3.76,3125.4,3701.34,3495.36,9053,1072
Cebu Pacific,MNL-MPH,2024.0,7,17342.64,46.84,3125.4,3701.34,3495.36,9053,1072
Philippine Airlines,MNL-MPH,2024.0,7,15133.840000000002,33.48,3125.4,3701.34,3495.36,9053,1072
AirAsia,MNL-NAN,2024.0,7,331.08,15.93,10000.0,3701.34,3335.8,9053,20
Cebu Pacific,MNL-OZC,2024.0,7,7597.728,46.84,10000.0,3701.34,6290.41,9053,127
Cebu Pacific,MNL-PAG,2024.0,7,4789.872,46.84,10000.0,3701.34,7139.19,9053,134
AirAsia,MNL-PPS,2024.0,7,5131.74,15.93,4606.91,3701.34,4005.24,9053,433
Cebu Pacific,MNL-PPS,2024.0,7,15584.400000000001,46.84,4606.91,3701.34,4005.24,9053,433
Philippine Airlines,MNL-PPS,2024.0,7,4258.16,33.48,4606.91,3701.34,4005.24,9053,433
Cebu Pacific,MNL-RXS,2024.0,7,4955.04,46.84,10000.0,3701.34,5286.63,9053,131
AirAsia,MNL-TAC,2024.0,7,10263.48,15.93,3405.12,3701.34,3234.41,9053,688
Cebu Pacific,MNL-TAC,2024.0,7,9744.912,46.84,3405.12,3701.34,3234.41,9053,688
Philippine Airlines,MNL-TAC,2024.0,7,13446.736,33.48,3405.12,3701.34,3234.41,9053,688
AirAsia,MNL-TAG,2024.0,7,9932.4,15.93,3438.22,3701.34,3353.0,9053,405
Cebu Pacific,MNL-TAG,2024.0,7,6418.464,46.84,3438.22,3701.34,3353.0,9053,405
Philippine Airlines,MNL-TAG,2024.0,7,9167.568000000001,33.48,3438.22,3701.34,3353.0,9053,405
Cebu Pacific,MNL-TUG,2024.0,7,4459.536,46.84,10000.0,3701.34,7784.81,9053,138
Cebgo,MNL-USU,2024.0,7,1854.144,3.76,10000.0,3701.34,5625.55,9053,280
Cebgo,MNL-WNP,2024.0,7,2429.568,3.76,10000.0,3701.34,10000.0,9053,79
Cebu Pacific,MPH-CEB,2024.0,7,5120.2080000000005,46.84,6588.9,3495.36,3048.66,1072,2787
Philippine Airlines,MPH-CEB,2024.0,7,1428.544,33.48,6588.9,3495.36,3048.66,1072,2787
Cebu Pacific,MPH-CRK,2024.0,7,9414.576000000001,46.84,10000.0,3495.36,7949.75,1072,219
Cebu Pacific,MPH-ILO,2024.0,7,165.168,46.84,10000.0,3495.36,3254.67,1072,870
AirAsia,MPH-MNL,2024.0,7,22182.36,15.93,3185.26,3495.36,3701.34,1072,9053
Cebgo,MPH-MNL,2024.0,7,1918.08,3.76,3185.26,3495.36,3701.34,1072,9053
Cebu Pacific,MPH-MNL,2024.0,7,24114.528000000002,46.84,3185.26,3495.36,3701.34,1072,9053
Philippine Airlines,MPH-MNL,2024.0,7,18836.096,33.48,3185.26,3495.36,3701.34,1072,9053
Cebu Pacific,MPH-MPH,2024.0,7,165.168,46.84,10000.0,3495.36,3495.36,1072,1072
Cebu Pacific,MPH-NAN,2024.0,7,165.168,46.84,10000.0,3495.36,3335.8,1072,20
Philippine Airlines,NAN-ILO,2024.0,7,54.944,33.48,10000.0,3335.8,3254.67,20,870
Cebu Pacific,NAN-MNL,2024.0,7,165.168,46.84,5732.74,3335.8,3701.34,20,9053
Philippine Airlines,NAN-MNL,2024.0,7,370.064,33.48,5732.74,3335.8,3701.34,20,9053
Philippine Airlines,NAN-NAN,2024.0,7,300.576,33.48,10000.0,3335.8,3335.8,20,20
Cebgo,OZC-CEB,2024.0,7,383.616,3.76,10000.0,6290.41,3048.66,127,2787
Cebu Pacific,OZC-MNL,2024.0,7,7597.728,46.84,5367.04,6290.41,3701.34,127,9053
Philippine Airlines,OZC-MNL,2024.0,7,4358.352000000001,33.48,5367.04,6290.41,3701.34,127,9053
Cebgo,PAG-CEB,2024.0,7,2173.824,3.76,10000.0,7139.19,3048.66,134,2787
Cebu Pacific,PAG-MNL,2024.0,7,9579.744,46.84,10000.0,7139.19,3701.34,134,9053
Cebu Pacific,PPS-CEB,2024.0,7,2312.352,46.84,10000.0,4005.24,3048.66,433,2787
AirAsia,PPS-MNL,2024.0,7,10263.48,15.93,3585.61,4005.24,3701.34,433,9053
Cebu Pacific,PPS-MNL,2024.0,7,20305.008,46.84,3585.61,4005.24,3701.34,433,9053
Philippine Airlines,PPS-MNL,2024.0,7,14377.552000000001,33.48,3585.61,4005.24,3701.34,433,9053
AirAsia,RXS-MNL,2024.0,7,2152.02,15.93,4445.58,5286.63,3701.34,131,9053
Cebu Pacific,RXS-MNL,2024.0,7,9579.744,46.84,4445.58,5286.63,3701.34,131,9053
Philippine Airlines,RXS-MNL,2024.0,7,4413.296,33.48,4445.58,5286.63,3701.34,131,9053
Cebgo,SUG-CEB,2024.0,7,1726.272,3.76,10000.0,10000.0,3048.66,42,2787
Cebgo,TAC-CEB,2024.0,7,511.488,3.76,6385.26,3234.41,3048.66,688,2787
Philippine Airlines,TAC-CEB,2024.0,7,1648.3200000000002,33.48,6385.26,3234.41,3048.66,688,2787
AirAsia,TAC-MNL,2024.0,7,20235.039999999997,15.93,3576.67,3234.41,3701.34,688,9053
Cebu Pacific,TAC-MNL,2024.0,7,27252.72,46.84,3576.67,3234.41,3701.34,688,9053
Philippine Airlines,TAC-MNL,2024.0,7,13747.312000000002,33.48,3576.67,3234.41,3701.34,688,9053
Philippine Airlines,TAG-DVO,2024.0,7,1153.824,33.48,10000.0,3353.0,4897.18,405,1267
AirAsia,TAG-MNL,2024.0,7,9932.4,15.93,3645.86,3353.0,3701.34,405,9053
Cebu Pacific,TAG-MNL,2024.0,7,17122.416,46.84,3645.86,3353.0,3701.34,405,9053
Philippine Airlines,TAG-MNL,2024.0,7,8866.992,33.48,3645.86,3353.0,3701.34,405,9053
Cebu Pacific,TUG-MNL,2024.0,7,15195.456,46.84,7336.68,7784.81,3701.34,138,9053
Philippine Airlines,TUG-MNL,2024.0,7,2855.472,33.48,7336.68,7784.81,3701.34,138,9053
Cebgo,USU-CEB,2024.0,7,2621.376,3.76,5837.41,5625.55,3048.66,280,2787
Philippine Airlines,USU-CEB,2024.0,7,1098.88,33.48,5837.41,5625.55,3048.66,280,2787
Philippine Airlines,USU-CRK,2024.0,7,824.1600000000001,33.48,10000.0,5625.55,7949.75,280,219
Cebgo,USU-MNL,2024.0,7,4987.008,3.76,6538.25,5625.55,3701.34,280,9053
Philippine Airlines,USU-MNL,2024.0,7,1428.544,33.48,6538.25,5625.55,3701.34,280,9053
Cebgo,USU-NAN,2024.0,7,127.872,3.76,10000.0,5625.55,3335.8,280,20
Cebgo,WNP-MNL,2024.0,7,2621.376,3.76,10000.0,10000.0,3701.34,79,9053
Cebu Pacific,ZAM-CEB,2024.0,7,2147.184,46.84,5597.63,6246.28,3048.66,240,2787
Philippine Airlines,ZAM-CEB,2024.0,7,1043.9360000000001,33.48,5597.63,6246.28,3048.66,240,2787
Cebgo,ZAM-DVO,2024.0,7,63.936,3.76,10000.0,6246.28,4897.18,240,1267
Cebu Pacific,ZAM-MNL,2024.0,7,23523.120000000003,46.84,6757.75,6246.28,3701.34,240,9053
Philippine Airlines,ZAM-MNL,2024.0,7,6011.52,33.48,6757.75,6246.28,3701.34,240,9053
Cebu Pacific,ZAM-NAN,2024.0,7,165.168,46.84,10000.0,6246.28,3335.8,240,20
Cebu Pacific,ZAM-TWT,2024.0,7,1321.344,46.84,5119.02,6246.28,5334.31,240,28
Philippine Airlines,ZAM-TWT,2024.0,7,1803.4560000000001,33.48,5119.02,6246.28,5334.31,240,28
Cebgo,BCD-CEB,2024.0,8,1639.008,3.61,5455.34,3396.85,3195.53,742,2788
Philippine Airlines,BCD-CEB,2024.0,8,879.104,33.21,5455.34,3396.85,3195.53,742,2788
Cebu Pacific,BCD-DVO,2024.0,8,3326.796,47.28,10000.0,3396.85,4929.83,742,1301
AirAsia,BCD-MNL,2024.0,8,14567.519999999999,15.9,3525.47,3396.85,3704.6,742,9381
Cebu Pacific,BCD-MNL,2024.0,8,26752.578,47.28,3525.47,3396.85,3704.6,742,9381
Philippine Airlines,BCD-MNL,2024.0,8,20849.632,33.21,3525.47,3396.85,3704.6,742,9381
Cebu Pacific,BCD-NAN,2024.0,8,186.99,47.28,10000.0,3396.85,4228.09,742,12
Philippine Airlines,BPA-CEB,2024.0,8,384.608,33.21,10000.0,10000.0,3195.53,16,2788
Philippine Airlines,BSO-CRK,2024.0,8,879.104,33.21,10000.0,10000.0,7822.72,63,218
Cebgo,BXU-CEB,2024.0,8,1697.544,3.61,5229.16,4488.58,3195.53,401,2788
Philippine Airlines,BXU-CEB,2024.0,8,1098.88,33.21,5229.16,4488.58,3195.53,401,2788
Cebu Pacific,BXU-MNL,2024.0,8,13673.034,47.28,5194.55,4488.58,3704.6,401,9381
Philippine Airlines,BXU-MNL,2024.0,8,9167.568000000001,33.21,5194.55,4488.58,3704.6,401,9381
Philippine Airlines,CBO-MNL,2024.0,8,4658.928,33.21,10000.0,10000.0,3704.6,71,9381
Philippine Airlines,CBO-TWT,2024.0,8,494.49600000000004,33.21,10000.0,10000.0,5251.37,71,29
Cebgo,CEB-BCD,2024.0,8,1521.9360000000001,3.61,5286.49,3195.53,3396.85,2788,742
Philippine Airlines,CEB-BCD,2024.0,8,934.048,33.21,5286.49,3195.53,3396.85,2788,742
Philippine Airlines,CEB-BPA,2024.0,8,494.49600000000004,33.21,10000.0,3195.53,10000.0,2788,16
Cebgo,CEB-BXU,2024.0,8,1639.008,3.61,5114.12,3195.53,4488.58,2788,401
Philippine Airlines,CEB-BXU,2024.0,8,1208.768,33.21,5114.12,3195.53,4488.58,2788,401
Cebgo,CEB-CEB,2024.0,8,117.072,3.61,5005.01,3195.53,3195.53,2788,2788
Philippine Airlines,CEB-CEB,2024.0,8,109.888,33.21,5005.01,3195.53,3195.53,2788,2788
Cebgo,CEB-CGM,2024.0,8,175.608,3.61,10000.0,3195.53,10000.0,2788,6
Cebgo,CEB-CGY,2024.0,8,2517.0480000000002,3.61,4661.57,3195.53,3936.81,2788,884
Cebu Pacific,CEB-CGY,2024.0,8,186.99,47.28,4661.57,3195.53,3936.81,2788,884
Philippine Airlines,CEB-CGY,2024.0,8,2197.76,33.21,4661.57,3195.53,3936.81,2788,884
Cebu Pacific,CEB-CRK,2024.0,8,4687.758,47.28,10000.0,3195.53,7822.72,2788,218
Cebgo,CEB-CYP,2024.0,8,819.504,3.61,10000.0,3195.53,5012.4,2788,55
Cebgo,CEB-DGT,2024.0,8,702.432,3.61,10000.0,3195.53,4699.96,2788,301
Cebgo,CEB-DVO,2024.0,8,58.536,3.61,5192.84,3195.53,4929.83,2788,1301
Cebu Pacific,CEB-DVO,2024.0,8,7560.9,47.28,5192.84,3195.53,4929.83,2788,1301
Philippine Airlines,CEB-DVO,2024.0,8,4835.072,33.21,5192.84,3195.53,4929.83,2788,1301
Philippine Airlines,CEB-GES,2024.0,8,1538.432,33.21,10000.0,3195.53,5329.84,2788,336
Cebgo,CEB-IAO,2024.0,8,5560.92,3.61,5573.49,3195.53,5077.04,2788,464
Philippine Airlines,CEB-IAO,2024.0,8,2747.2000000000003,33.21,5573.49,3195.53,5077.04,2788,464
Cebgo,CEB-ILO,2024.0,8,1229.256,3.61,10000.0,3195.53,3270.2,2788,884
AirAsia,CEB-MNL,2024.0,8,20195.879999999997,15.9,3924.78,3195.53,3704.6,2788,9381
Cebu Pacific,CEB-MNL,2024.0,8,58909.167,47.28,3924.78,3195.53,3704.6,2788,9381
Philippine Airlines,CEB-MNL,2024.0,8,34651.888,33.21,3924.78,3195.53,3704.6,2788,9381
Cebu Pacific,CEB-MPH,2024.0,8,4687.758,47.28,8273.68,3195.53,3484.91,2788,1052
Philippine Airlines,CEB-MPH,2024.0,8,494.49600000000004,33.21,8273.68,3195.53,3484.91,2788,1052
Cebgo,CEB-NAN,2024.0,8,58.536,3.61,10000.0,3195.53,4228.09,2788,12
Cebgo,CEB-PAG,2024.0,8,995.1120000000001,3.61,10000.0,3195.53,7148.2,2788,144
Cebu Pacific,CEB-PPS,2024.0,8,1965.8339999999998,47.28,7013.12,3195.53,3712.27,2788,421
Philippine Airlines,CEB-PPS,2024.0,8,439.552,33.21,7013.12,3195.53,3712.27,2788,421
Cebgo,CEB-SUG,2024.0,8,351.216,3.61,10000.0,3195.53,10000.0,2788,22
Cebgo,CEB-TAC,2024.0,8,1580.472,3.61,5062.02,3195.53,3195.72,2788,695
Philippine Airlines,CEB-TAC,2024.0,8,1263.712,33.21,5062.02,3195.53,3195.72,2788,695
Cebgo,CEB-USU,2024.0,8,1814.616,3.61,6090.36,3195.53,6035.55,2788,270
Philippine Airlines,CEB-USU,2024.0,8,659.328,33.21,6090.36,3195.53,6035.55,2788,270
Cebgo,CGM-CEB,2024.0,8,175.608,3.61,10000.0,10000.0,3195.53,6,2788
Cebgo,CGY-CEB,2024.0,8,2517.0480000000002,3.61,5022.93,3936.81,3195.53,884,2788
Philippine Airlines,CGY-CEB,2024.0,8,2197.76,33.21,5022.93,3936.81,3195.53,884,2788
Cebgo,CGY-DVO,2024.0,8,1053.6480000000001,3.61,10000.0,3936.81,4929.83,884,1301
Cebu Pacific,CGY-ILO,2024.0,8,2721.924,47.28,10000.0,3936.81,3270.2,884,884
AirAsia,CGY-MNL,2024.0,8,5131.74,15.9,4247.13,3936.81,3704.6,884,9381
Cebu Pacific,CGY-MNL,2024.0,8,27583.464,47.28,4247.13,3936.81,3704.6,884,9381
Philippine Airlines,CGY-MNL,2024.0,8,21880.640000000003,33.21,4247.13,3936.81,3704.6,884,9381
Philippine Airlines,CRK-BSO,2024.0,8,879.104,33.21,10000.0,7822.72,10000.0,218,63
Cebu Pacific,CRK-CEB,2024.0,8,1814.616,47.28,10000.0,7822.72,3195.53,218,2788
Philippine Airlines,CRK-CRK,2024.0,8,54.944,33.21,10000.0,7822.72,7822.72,218,218
Philippine Airlines,CRK-MNL,2024.0,8,150.288,33.21,10000.0,7822.72,3704.6,218,9381
Cebu Pacific,CRK-MPH,2024.0,8,8165.771999999999,47.28,10000.0,7822.72,3484.91,218,1052
Philippine Airlines,CRK-USU,2024.0,8,714.272,33.21,10000.0,7822.72,6035.55,218,270
Cebgo,CYP-CEB,2024.0,8,819.504,3.61,10000.0,5012.4,3195.53,55,2788
Philippine Airlines,CYP-MNL,2024.0,8,714.272,33.21,10000.0,5012.4,3704.6,55,9381
Cebu Pacific,CYZ-MNL,2024.0,8,4687.758,47.28,10000.0,10000.0,3704.6,62,9381
Cebgo,DGT-CEB,2024.0,8,760.9680000000001,3.61,10000.0,4699.96,3195.53,301,2788
Cebu Pacific,DGT-MNL,2024.0,8,8619.426,47.28,5000.0,4699.96,3704.6,301,9381
Philippine Airlines,DGT-MNL,2024.0,8,8621.36,33.21,5000.0,4699.96,3704.6,301,9381
Cebu Pacific,DPL-MNL,2024.0,8,4687.758,47.28,5000.05,5001.9,3704.6,122,9381
Philippine Airlines,DPL-MNL,2024.0,8,4658.928,33.21,5000.05,5001.9,3704.6,122,9381
Cebu Pacific,DRP-MNL,2024.0,8,10404.774,47.28,5014.18,5005.48,3704.6,293,9381
Philippine Airlines,DRP-MNL,2024.0,8,11575.408000000001,33.21,5014.18,5005.48,3704.6,293,9381
Cebu Pacific,DVO-BCD,2024.0,8,2873.142,47.28,10000.0,4929.83,3396.85,1301,742
Cebu Pacific,DVO-CEB,2024.0,8,7560.9,47.28,5253.86,4929.83,3195.53,1301,2788
Philippine Airlines,DVO-CEB,2024.0,8,4780.128000000001,33.21,5253.86,4929.83,3195.53,1301,2788
Cebgo,DVO-CGY,2024.0,8,995.1120000000001,3.61,10000.0,4929.83,3936.81,1301,884
Cebgo,DVO-IAO,2024.0,8,760.9680000000001,3.61,10000.0,4929.83,5077.04,1301,464
Cebu Pacific,DVO-ILO,2024.0,8,302.436,47.28,10000.0,4929.83,3270.2,1301,884
Cebu Pacific,DVO-MNL,2024.0,8,50951.523,47.28,5076.23,4929.83,3704.6,1301,9381
Philippine Airlines,DVO-MNL,2024.0,8,39751.984000000004,33.21,5076.23,4929.83,3704.6,1301,9381
Cebgo,DVO-NAN,2024.0,8,58.536,3.61,10000.0,4929.83,4228.09,1301,12
Philippine Airlines,DVO-TAG,2024.0,8,1263.712,33.21,10000.0,4929.83,3335.1,1301,406
Philippine Airlines,EUQ-MNL,2024.0,8,769.216,33.21,10000.0,10000.0,3704.6,28,9381
Philippine Airlines,GES-CEB,2024.0,8,1318.656,33.21,10000.0,5329.84,3195.53,336,2788
Cebu Pacific,GES-MNL,2024.0,8,24076.995000000003,47.28,5443.0,5329.84,3704.6,336,9381
Philippine Airlines,GES-MNL,2024.0,8,13031.423999999999,33.21,5443.0,5329.84,3704.6,336,9381
Cebu Pacific,GES-NAN,2024.0,8,378.045,47.28,10000.0,5329.84,4228.09,336,12
Cebgo,IAO-CEB,2024.0,8,4390.2,3.61,5243.76,5077.04,3195.53,464,2788
Philippine Airlines,IAO-CEB,2024.0,8,2802.1440000000002,33.21,5243.76,5077.04,3195.53,464,2788
Cebgo,IAO-DVO,2024.0,8,760.9680000000001,3.61,10000.0,5077.04,4929.83,464,1301
Philippine Airlines,IAO-MNL,2024.0,8,3626.304,33.21,10000.0,5077.04,3704.6,464,9381
Cebgo,ILO-CEB,2024.0,8,1229.256,3.61,8058.55,3270.2,3195.53,884,2788
Philippine Airlines,ILO-CEB,2024.0,8,150.288,33.21,8058.55,3270.2,3195.53,884,2788
Cebu Pacific,ILO-CGY,2024.0,8,2721.924,47.28,10000.0,3270.2,3936.81,884,884
Cebu Pacific,ILO-DVO,2024.0,8,302.436,47.28,10000.0,3270.2,4929.83,884,1301
AirAsia,ILO-MNL,2024.0,8,26441.899999999998,15.9,3431.04,3270.2,3704.6,884,9381
Cebu Pacific,ILO-MNL,2024.0,8,22033.926,47.28,3431.04,3270.2,3704.6,884,9381
Philippine Airlines,ILO-MNL,2024.0,8,17255.648,33.21,3431.04,3270.2,3704.6,884,9381
AirAsia,KLO-MNL,2024.0,8,15395.22,15.9,6484.0,6484.0,3704.6,248,9381
Cebu Pacific,KLO-MNL,2024.0,8,4536.54,47.28,6484.0,6484.0,3704.6,248,9381
Philippine Airlines,LAO-MNL,2024.0,8,7994.352000000001,33.21,10000.0,10000.0,3704.6,84,9381
Cebu Pacific,MNL-BAG,2024.0,8,186.99,47.28,10000.0,3704.6,10000.0,9381,1
AirAsia,MNL-BCD,2024.0,8,9435.779999999999,15.9,3455.24,3704.6,3396.85,9381,742
Cebu Pacific,MNL-BCD,2024.0,8,15230.742,47.28,3455.24,3704.6,3396.85,9381,742
Philippine Airlines,MNL-BCD,2024.0,8,12457.744,33.21,3455.24,3704.6,3396.85,9381,742
Philippine Airlines,MNL-BSO,2024.0,8,1703.2640000000001,33.21,10000.0,3704.6,10000.0,9381,63
Cebu Pacific,MNL-BXU,2024.0,8,13521.815999999999,47.28,5155.45,3704.6,4488.58,9381,401
Philippine Airlines,MNL-BXU,2024.0,8,9468.144,33.21,5155.45,3704.6,4488.58,9381,401
Philippine Airlines,MNL-CBO,2024.0,8,4658.928,33.21,10000.0,3704.6,10000.0,9381,71
AirAsia,MNL-CEB,2024.0,8,25327.62,15.9,3548.35,3704.6,3195.53,9381,2788
Cebu Pacific,MNL-CEB,2024.0,8,47386.518000000004,47.28,3548.35,3704.6,3195.53,9381,2788
Philippine Airlines,MNL-CEB,2024.0,8,34283.44,33.21,3548.35,3704.6,3195.53,9381,2788
AirAsia,MNL-CGY,2024.0,8,5131.74,15.9,4480.56,3704.6,3936.81,9381,884
Cebu Pacific,MNL-CGY,2024.0,8,30619.206000000002,47.28,4480.56,3704.6,3936.81,9381,884
Philippine Airlines,MNL-CGY,2024.0,8,17467.344,33.21,4480.56,3704.6,3936.81,9381,884
Philippine Airlines,MNL-CRM,2024.0,8,988.9920000000001,33.21,10000.0,3704.6,10000.0,9381,18
Philippine Airlines,MNL-CYP,2024.0,8,769.216,33.21,10000.0,3704.6,5012.4,9381,55
Cebu Pacific,MNL-CYZ,2024.0,8,4687.758,47.28,10000.0,3704.6,10000.0,9381,62
Cebu Pacific,MNL-DGT,2024.0,8,12399.875999999998,47.28,5177.18,3704.6,4699.96,9381,301
Philippine Airlines,MNL-DGT,2024.0,8,8471.072,33.21,5177.18,3704.6,4699.96,9381,301
Cebu Pacific,MNL-DPL,2024.0,8,4687.758,47.28,5006.63,3704.6,5001.9,9381,122
Philippine Airlines,MNL-DPL,2024.0,8,4358.352000000001,33.21,5006.63,3704.6,5001.9,9381,122
Cebgo,MNL-DRP,2024.0,8,58.536,3.61,4997.5,3704.6,5005.48,9381,293
Cebu Pacific,MNL-DRP,2024.0,8,10253.556,47.28,4997.5,3704.6,5005.48,9381,293
Philippine Airlines,MNL-DRP,2024.0,8,11780.640000000001,33.21,4997.5,3704.6,5005.48,9381,293
Cebu Pacific,MNL-DVO,2024.0,8,49177.557,47.28,5049.54,3704.6,4929.83,9381,1301
Philippine Airlines,MNL-DVO,2024.0,8,40273.952000000005,33.21,5049.54,3704.6,4929.83,9381,1301
Philippine Airlines,MNL-EUQ,2024.0,8,769.216,33.21,10000.0,3704.6,10000.0,9381,28
Cebu Pacific,MNL-GES,2024.0,8,24455.04,47.28,5464.33,3704.6,5329.84,9381,336
Philippine Airlines,MNL-GES,2024.0,8,13031.423999999999,33.21,5464.33,3704.6,5329.84,9381,336
Philippine Airlines,MNL-IAO,2024.0,8,5549.344,33.21,10000.0,3704.6,5077.04,9381,464
AirAsia,MNL-ILO,2024.0,8,20692.5,15.9,3349.56,3704.6,3270.2,9381,884
Cebu Pacific,MNL-ILO,2024.0,8,24035.532,47.28,3349.56,3704.6,3270.2,9381,884
Philippine Airlines,MNL-ILO,2024.0,8,20912.656000000003,33.21,3349.56,3704.6,3270.2,9381,884
AirAsia,MNL-KLO,2024.0,8,15395.22,15.9,6484.0,3704.6,6484.0,9381,248
Cebu Pacific,MNL-KLO,2024.0,8,4536.54,47.28,6484.0,3704.6,6484.0,9381,248
Philippine Airlines,MNL-LAO,2024.0,8,3867.088,33.21,10000.0,3704.6,10000.0,9381,84
Cebgo,MNL-MNL,2024.0,8,58.536,3.61,5005.01,3704.6,3704.6,9381,9381
Philippine Airlines,MNL-MNL,2024.0,8,54.944,33.21,5005.01,3704.6,3704.6,9381,9381
AirAsia,MNL-MPH,2024.0,8,17050.62,15.9,3123.7,3704.6,3484.91,9381,1052
Cebgo,MNL-MPH,2024.0,8,1814.616,3.61,3123.7,3704.6,3484.91,9381,1052
Cebu Pacific,MNL-MPH,2024.0,8,16936.415999999997,47.28,3123.7,3704.6,3484.91,9381,1052
Philippine Airlines,MNL-MPH,2024.0,8,14833.264000000001,33.21,3123.7,3704.6,3484.91,9381,1052
Cebu Pacific,MNL-OZC,2024.0,8,7409.682,47.28,10000.0,3704.6,6153.44,9381,137
Cebu Pacific,MNL-PAG,2024.0,8,4838.976,47.28,10000.0,3704.6,7148.2,9381,144
AirAsia,MNL-PPS,2024.0,8,5131.74,15.9,4522.47,3704.6,3712.27,9381,421
Cebu Pacific,MNL-PPS,2024.0,8,14980.338,47.28,4522.47,3704.6,3712.27,9381,421
Philippine Airlines,MNL-PPS,2024.0,8,4279.168000000001,33.21,4522.47,3704.6,3712.27,9381,421
Cebu Pacific,MNL-RXS,2024.0,8,4536.54,47.28,10000.0,3704.6,5074.24,9381,136
AirAsia,MNL-TAC,2024.0,8,8939.16,15.9,3483.72,3704.6,3195.72,9381,695
Cebu Pacific,MNL-TAC,2024.0,8,9224.297999999999,47.28,3483.72,3704.6,3195.72,9381,695
Philippine Airlines,MNL-TAC,2024.0,8,13889.52,33.21,3483.72,3704.6,3195.72,9381,695
AirAsia,MNL-TAG,2024.0,8,9932.4,15.9,3505.72,3704.6,3335.1,9381,406
Cebu Pacific,MNL-TAG,2024.0,8,5582.058,47.28,3505.72,3704.6,3335.1,9381,406
Philippine Airlines,MNL-TAG,2024.0,8,8807.2,33.21,3505.72,3704.6,3335.1,9381,406
Cebu Pacific,MNL-TUG,2024.0,8,4687.758,47.28,10000.0,3704.6,7574.38,9381,162
Cebgo,MNL-USU,2024.0,8,1814.616,3.61,10000.0,3704.6,6035.55,9381,270
Cebu Pacific,MNL-VRC,2024.0,8,302.436,47.28,10000.0,3704.6,10000.0,9381,4
Cebgo,MNL-WNP,2024.0,8,3219.48,3.61,10000.0,3704.6,10000.0,9381,111
Cebu Pacific,MPH-CEB,2024.0,8,4687.758,47.28,8273.68,3484.91,3195.53,1052,2788
Philippine Airlines,MPH-CEB,2024.0,8,494.49600000000004,33.21,8273.68,3484.91,3195.53,1052,2788
Cebu Pacific,MPH-CRK,2024.0,8,9224.297999999999,47.28,10000.0,3484.91,7822.72,1052,218
AirAsia,MPH-MNL,2024.0,8,22016.82,15.9,3184.33,3484.91,3704.6,1052,9381
Cebgo,MPH-MNL,2024.0,8,1814.616,3.61,3184.33,3484.91,3704.6,1052,9381
Cebu Pacific,MPH-MNL,2024.0,8,23287.572,47.28,3184.33,3484.91,3704.6,1052,9381
Philippine Airlines,MPH-MNL,2024.0,8,18821.552,33.21,3184.33,3484.91,3704.6,1052,9381
Cebu Pacific,MPH-MPH,2024.0,8,453.654,47.28,10000.0,3484.91,3484.91,1052,1052
AirAsia,MPH-NAN,2024.0,8,165.54,15.9,5010.22,3484.91,4228.09,1052,12
Cebu Pacific,MPH-NAN,2024.0,8,151.218,47.28,5010.22,3484.91,4228.09,1052,12
Cebu Pacific,NAN-MNL,2024.0,8,186.99,47.28,6489.45,4228.09,3704.6,12,9381
Philippine Airlines,NAN-MNL,2024.0,8,54.944,33.21,6489.45,4228.09,3704.6,12,9381
Philippine Airlines,NAN-NAN,2024.0,8,150.288,33.21,10000.0,4228.09,4228.09,12,12
Cebgo,OZC-CEB,2024.0,8,292.68,3.61,7233.64,6153.44,3195.53,137,2788
Philippine Airlines,OZC-CEB,2024.0,8,58.176,33.21,7233.64,6153.44,3195.53,137,2788
Cebu Pacific,OZC-MNL,2024.0,8,7409.682,47.28,5259.75,6153.44,3704.6,137,9381
Philippine Airlines,OZC-MNL,2024.0,8,4658.928,33.21,5259.75,6153.44,3704.6,137,9381
Cebgo,PAG-CEB,2024.0,8,1931.688,3.61,10000.0,7148.2,3195.53,144,2788
Cebu Pacific,PAG-MNL,2024.0,8,9224.297999999999,47.28,10000.0,7148.2,3704.6,144,9381
Cebu Pacific,PPS-CEB,2024.0,8,1965.8339999999998,47.28,8191.11,3712.27,3195.53,421,2788
Philippine Airlines,PPS-CEB,2024.0,8,219.776,33.21,8191.11,3712.27,3195.53,421,2788
AirAsia,PPS-MNL,2024.0,8,10263.48,15.9,3397.85,3712.27,3704.6,421,9381
Cebu Pacific,PPS-MNL,2024.0,8,14022.624,47.28,3397.85,3712.27,3704.6,421,9381
Philippine Airlines,PPS-MNL,2024.0,8,14046.272,33.21,3397.85,3712.27,3704.6,421,9381
AirAsia,RXS-MNL,2024.0,8,2317.56,15.9,4300.41,5074.24,3704.6,136,9381
Cebu Pacific,RXS-MNL,2024.0,8,9224.297999999999,47.28,4300.41,5074.24,3704.6,136,9381
Philippine Airlines,RXS-MNL,2024.0,8,4508.64,33.21,4300.41,5074.24,3704.6,136,9381
Cebgo,SUG-CEB,2024.0,8,936.576,3.61,10000.0,10000.0,3195.53,22,2788
Cebgo,TAC-CEB,2024.0,8,995.1120000000001,3.61,5027.27,3195.72,3195.53,695,2788
Philippine Airlines,TAC-CEB,2024.0,8,1153.824,33.21,5027.27,3195.72,3195.53,695,2788
AirAsia,TAC-MNL,2024.0,8,20313.36,15.9,3544.94,3195.72,3704.6,695,9381
Cebu Pacific,TAC-MNL,2024.0,8,26916.803999999996,47.28,3544.94,3195.72,3704.6,695,9381
Philippine Airlines,TAC-MNL,2024.0,8,14269.28,33.21,3544.94,3195.72,3704.6,695,9381
Philippine Airlines,TAG-DVO,2024.0,8,1153.824,33.21,10000.0,3335.1,4929.83,406,1301
AirAsia,TAG-MNL,2024.0,8,9932.4,15.9,3531.94,3335.1,3704.6,406,9381
Cebu Pacific,TAG-MNL,2024.0,8,15425.862000000001,47.28,3531.94,3335.1,3704.6,406,9381
Philippine Airlines,TAG-MNL,2024.0,8,9107.776,33.21,3531.94,3335.1,3704.6,406,9381
Cebu Pacific,TUG-MNL,2024.0,8,16331.543999999998,47.28,7116.64,7574.38,3704.6,162,9381
Philippine Airlines,TUG-MNL,2024.0,8,3456.6240000000003,33.21,7116.64,7574.38,3704.6,162,9381
Cebgo,USU-CEB,2024.0,8,2224.368,3.61,6639.84,6035.55,3195.53,270,2788
Philippine Airlines,USU-CEB,2024.0,8,604.384,33.21,6639.84,6035.55,3195.53,270,2788
Philippine Airlines,USU-CRK,2024.0,8,659.328,33.21,10000.0,6035.55,7822.72,270,218
Cebgo,USU-MNL,2024.0,8,5385.312,3.61,6476.2,6035.55,3704.6,270,9381
Philippine Airlines,USU-MNL,2024.0,8,1593.376,33.21,6476.2,6035.55,3704.6,270,9381
Cebgo,USU-NAN,2024.0,8,58.536,3.61,10000.0,6035.55,4228.09,270,12
Cebu Pacific,VRC-MNL,2024.0,8,302.436,47.28,10000.0,10000.0,3704.6,4,9381
Cebgo,WNP-MNL,2024.0,8,3278.016,3.61,10000.0,10000.0,3704.6,111,9381
Cebu Pacific,ZAM-CEB,2024.0,8,4687.758,47.28,7976.77,6419.39,3195.53,264,2788
Philippine Airlines,ZAM-CEB,2024.0,8,604.384,33.21,7976.77,6419.39,3195.53,264,2788
Cebu Pacific,ZAM-MNL,2024.0,8,23394.888,47.28,6520.74,6419.39,3704.6,264,9381
Philippine Airlines,ZAM-MNL,2024.0,8,6762.960000000001,33.21,6520.74,6419.39,3704.6,264,9381
Cebu Pacific,ZAM-NAN,2024.0,8,151.218,47.28,10000.0,6419.39,4228.09,264,12
Cebu Pacific,ZAM-TWT,2024.0,8,1360.962,47.28,5046.99,6419.39,5251.37,264,29
Philippine Airlines,ZAM-TWT,2024.0,8,1653.1680000000001,33.21,5046.99,6419.39,5251.37,264,29
Cebgo,BCD-CEB,2024.0,9,1701.504,3.43,5231.54,3384.18,3217.24,725,2638
Philippine Airlines,BCD-CEB,2024.0,9,1098.88,36.25,5231.54,3384.18,3217.24,725,2638
Cebu Pacific,BCD-DVO,2024.0,9,2115.0640000000003,44.8,10000.0,3384.18,4851.3,725,1243
AirAsia,BCD-MNL,2024.0,9,13739.82,15.52,3564.46,3384.18,3682.56,725,8726
Cebu Pacific,BCD-MNL,2024.0,9,27058.64,44.8,3564.46,3384.18,3682.56,725,8726
Philippine Airlines,BCD-MNL,2024.0,9,21366.752,36.25,3564.46,3384.18,3682.56,725,8726
Philippine Airlines,BPA-CEB,2024.0,9,714.272,36.25,10000.0,10000.0,3217.24,26,2638
Philippine Airlines,BSO-CRK,2024.0,9,604.384,36.25,10000.0,10000.0,6970.56,46,124
Cebgo,BXU-CEB,2024.0,9,1762.272,3.43,5268.8,4445.69,3217.24,388,2638
Philippine Airlines,BXU-CEB,2024.0,9,1098.88,36.25,5268.8,4445.69,3217.24,388,2638
Cebu Pacific,BXU-MNL,2024.0,9,13178.216,44.8,5168.68,4445.69,3682.56,388,8726
Philippine Airlines,BXU-MNL,2024.0,9,9088.384,36.25,5168.68,4445.69,3682.56,388,8726
Philippine Airlines,CBO-CBO,2024.0,9,150.288,36.25,10000.0,10000.0,10000.0,97,97
Philippine Airlines,CBO-MNL,2024.0,9,6312.0960000000005,36.25,10000.0,10000.0,3682.56,97,8726
Philippine Airlines,CBO-TAG,2024.0,9,300.576,36.25,10000.0,10000.0,3414.36,97,368
Philippine Airlines,CBO-TWT,2024.0,9,494.49600000000004,36.25,10000.0,10000.0,7516.46,97,20
Cebgo,CEB-BCD,2024.0,9,1762.272,3.43,5268.8,3217.24,3384.18,2638,725
Philippine Airlines,CEB-BCD,2024.0,9,1098.88,36.25,5268.8,3217.24,3384.18,2638,725
Philippine Airlines,CEB-BPA,2024.0,9,714.272,36.25,10000.0,3217.24,10000.0,2638,26
Cebgo,CEB-BXU,2024.0,9,1762.272,3.43,5268.8,3217.24,4445.69,2638,388
Philippine Airlines,CEB-BXU,2024.0,9,1098.88,36.25,5268.8,3217.24,4445.69,2638,388
Cebgo,CEB-CEB,2024.0,9,121.536,3.43,5711.91,3217.24,3217.24,2638,2638
Philippine Airlines,CEB-CEB,2024.0,9,54.944,36.25,5711.91,3217.24,3217.24,2638,2638
Cebgo,CEB-CGM,2024.0,9,60.768,3.43,10000.0,3217.24,10000.0,2638,2
Cebgo,CEB-CGY,2024.0,9,3524.544,3.43,5194.78,3217.24,3872.63,2638,881
Philippine Airlines,CEB-CGY,2024.0,9,2362.592,36.25,5194.78,3217.24,3872.63,2638,881
Cebu Pacific,CEB-CRK,2024.0,9,1883.808,44.8,10000.0,3217.24,6970.56,2638,124
Cebgo,CEB-CYP,2024.0,9,850.752,3.43,10000.0,3217.24,5108.99,2638,51
Cebgo,CEB-DGT,2024.0,9,789.984,3.43,10000.0,3217.24,4714.8,2638,292
Cebu Pacific,CEB-DVO,2024.0,9,6750.312000000001,44.8,5043.02,3217.24,4851.3,2638,1243
Philippine Airlines,CEB-DVO,2024.0,9,5604.2880000000005,36.25,5043.02,3217.24,4851.3,2638,1243
Philippine Airlines,CEB-GES,2024.0,9,1373.6000000000001,36.25,10000.0,3217.24,5001.5,2638,259
Cebgo,CEB-IAO,2024.0,9,4922.208,3.43,5862.86,3217.24,5065.47,2638,409
Philippine Airlines,CEB-IAO,2024.0,9,2032.928,36.25,5862.86,3217.24,5065.47,2638,409
AirAsia,CEB-MNL,2024.0,9,17547.239999999998,15.52,3916.73,3217.24,3682.56,2638,8726
Cebu Pacific,CEB-MNL,2024.0,9,53875.896,44.8,3916.73,3217.24,3682.56,2638,8726
Philippine Airlines,CEB-MNL,2024.0,9,34960.544,36.25,3916.73,3217.24,3682.56,2638,8726
Cebu Pacific,CEB-MPH,2024.0,9,4395.552000000001,44.8,7874.66,3217.24,3391.35,2638,939
Philippine Airlines,CEB-MPH,2024.0,9,604.384,36.25,7874.66,3217.24,3391.35,2638,939
Cebgo,CEB-PAG,2024.0,9,972.288,3.43,10000.0,3217.24,7346.8,2638,131
Cebu Pacific,CEB-PPS,2024.0,9,2040.7920000000001,44.8,5035.7,3217.24,3607.19,2638,439
Philippine Airlines,CEB-PPS,2024.0,9,2417.536,36.25,5035.7,3217.24,3607.19,2638,439
Cebgo,CEB-TAC,2024.0,9,1762.272,3.43,5268.8,3217.24,3196.93,2638,667
Philippine Airlines,CEB-TAC,2024.0,9,1098.88,36.25,5268.8,3217.24,3196.93,2638,667
Cebgo,CEB-USU,2024.0,9,486.144,3.43,5747.21,3217.24,5265.61,2638,203
Philippine Airlines,CEB-USU,2024.0,9,1098.88,36.25,5747.21,3217.24,5265.61,2638,203
Cebgo,CGM-CEB,2024.0,9,60.768,3.43,10000.0,10000.0,3217.24,2,2638
Cebgo,CGY-CEB,2024.0,9,3585.312,3.43,5235.04,3872.63,3217.24,881,2638
Philippine Airlines,CGY-CEB,2024.0,9,2307.648,36.25,5235.04,3872.63,3217.24,881,2638
Cebgo,CGY-DVO,2024.0,9,789.984,3.43,10000.0,3872.63,4851.3,881,1243
Cebu Pacific,CGY-ILO,2024.0,9,2226.472,44.8,10000.0,3872.63,3351.17,881,723
AirAsia,CGY-MNL,2024.0,9,4800.66,15.52,4304.82,3872.63,3682.56,881,8726
Cebu Pacific,CGY-MNL,2024.0,9,27247.696,44.8,4304.82,3872.63,3682.56,881,8726
Philippine Airlines,CGY-MNL,2024.0,9,19855.792,36.25,4304.82,3872.63,3682.56,881,8726
Philippine Airlines,CRK-BSO,2024.0,9,714.272,36.25,10000.0,6970.56,10000.0,124,46
Cebu Pacific,CRK-CEB,2024.0,9,156.984,44.8,10000.0,6970.56,3217.24,124,2638
Cebu Pacific,CRK-MNL,2024.0,9,156.984,44.8,10000.0,6970.56,3682.56,124,8726
Cebu Pacific,CRK-MPH,2024.0,9,4866.504,44.8,10000.0,6970.56,3391.35,124,939
Philippine Airlines,CRK-USU,2024.0,9,659.328,36.25,10000.0,6970.56,5265.61,124,203
Cebgo,CYP-CEB,2024.0,9,850.752,3.43,10000.0,5108.99,3217.24,51,2638
Philippine Airlines,CYP-MNL,2024.0,9,604.384,36.25,10000.0,5108.99,3682.56,51,8726
Cebu Pacific,CYZ-MNL,2024.0,9,3924.6000000000004,44.8,10000.0,10000.0,3682.56,52,8726
Cebu Pacific,CYZ-NAN,2024.0,9,156.984,44.8,10000.0,10000.0,3346.56,52,13
Cebgo,DGT-CEB,2024.0,9,668.448,3.43,10000.0,4714.8,3217.24,292,2638
Cebu Pacific,DGT-MNL,2024.0,9,9262.056,44.8,5000.9,4714.8,3682.56,292,8726
Philippine Airlines,DGT-MNL,2024.0,9,9017.28,36.25,5000.9,4714.8,3682.56,292,8726
Cebu Pacific,DPL-MNL,2024.0,9,4552.536,44.8,5000.67,5000.13,3682.56,120,8726
Philippine Airlines,DPL-MNL,2024.0,9,4658.928,36.25,5000.67,5000.13,3682.56,120,8726
Cebu Pacific,DRP-MNL,2024.0,9,9905.184000000001,44.8,5045.17,5035.24,3682.56,287,8726
Philippine Airlines,DRP-MNL,2024.0,9,11985.872000000001,36.25,5045.17,5035.24,3682.56,287,8726
Cebu Pacific,DVO-BCD,2024.0,9,2115.0640000000003,44.8,10000.0,4851.3,3384.18,1243,725
Cebu Pacific,DVO-CEB,2024.0,9,6436.344,44.8,5035.23,4851.3,3217.24,1243,2638
Philippine Airlines,DVO-CEB,2024.0,9,5439.456,36.25,5035.23,4851.3,3217.24,1243,2638
Cebgo,DVO-CGY,2024.0,9,729.216,3.43,10000.0,4851.3,3872.63,1243,881
Cebgo,DVO-IAO,2024.0,9,789.984,3.43,10000.0,4851.3,5065.47,1243,409
Cebu Pacific,DVO-MNL,2024.0,9,39646.056,44.8,5006.64,4851.3,3682.56,1243,8726
Philippine Airlines,DVO-MNL,2024.0,9,42644.624,36.25,5006.64,4851.3,3682.56,1243,8726
Philippine Airlines,DVO-TAG,2024.0,9,824.1600000000001,36.25,10000.0,4851.3,3414.36,1243,368
Philippine Airlines,EUQ-MNL,2024.0,9,604.384,36.25,10000.0,10000.0,3682.56,23,8726
Philippine Airlines,GES-CEB,2024.0,9,1318.656,36.25,10000.0,5001.5,3217.24,259,2638
Cebu Pacific,GES-GES,2024.0,9,194.12,44.8,10000.0,5001.5,5001.5,259,259
Cebu Pacific,GES-MNL,2024.0,9,13540.292,44.8,5000.2,5001.5,3682.56,259,8726
Philippine Airlines,GES-MNL,2024.0,9,13370.784,36.25,5000.2,5001.5,3682.56,259,8726
Cebgo,IAO-CEB,2024.0,9,3889.152,3.43,5491.23,5065.47,3217.24,409,2638
Philippine Airlines,IAO-CEB,2024.0,9,2032.928,36.25,5491.23,5065.47,3217.24,409,2638
Cebgo,IAO-DVO,2024.0,9,729.216,3.43,10000.0,5065.47,4851.3,409,1243
Philippine Airlines,IAO-IAO,2024.0,9,54.944,36.25,10000.0,5065.47,5065.47,409,409
Philippine Airlines,IAO-MNL,2024.0,9,3681.248,36.25,10000.0,5065.47,3682.56,409,8726
Cebgo,IAO-NAN,2024.0,9,60.768,3.43,10000.0,5065.47,3346.56,409,13
Cebu Pacific,ILO-CGY,2024.0,9,2226.472,44.8,10000.0,3351.17,3872.63,723,881
Cebu Pacific,ILO-KLO,2024.0,9,156.984,44.8,10000.0,3351.17,6742.7,723,207
AirAsia,ILO-MNL,2024.0,9,24952.039999999997,15.52,3450.33,3351.17,3682.56,723,8726
Cebu Pacific,ILO-MNL,2024.0,9,16616.672000000002,44.8,3450.33,3351.17,3682.56,723,8726
Philippine Airlines,ILO-MNL,2024.0,9,17696.816000000003,36.25,3450.33,3351.17,3682.56,723,8726
AirAsia,KLO-MNL,2024.0,9,13408.74,15.52,6742.7,6742.7,3682.56,207,8726
Cebu Pacific,KLO-MNL,2024.0,9,3453.648,44.8,6742.7,6742.7,3682.56,207,8726
Philippine Airlines,LAO-MNL,2024.0,9,7133.024,36.25,10000.0,10000.0,3682.56,79,8726
AirAsia,MNL-BCD,2024.0,9,8939.16,15.52,3501.47,3682.56,3384.18,8726,725
Cebu Pacific,MNL-BCD,2024.0,9,15679.832,44.8,3501.47,3682.56,3384.18,8726,725
Philippine Airlines,MNL-BCD,2024.0,9,12152.320000000002,36.25,3501.47,3682.56,3384.18,8726,725
Philippine Airlines,MNL-BSO,2024.0,9,1208.768,36.25,10000.0,3682.56,10000.0,8726,46
Cebu Pacific,MNL-BXU,2024.0,9,13178.216,44.8,5183.78,3682.56,4445.69,8726,388
Philippine Airlines,MNL-BXU,2024.0,9,8938.096000000001,36.25,5183.78,3682.56,4445.69,8726,388
Philippine Airlines,MNL-CBO,2024.0,9,6312.0960000000005,36.25,10000.0,3682.56,10000.0,8726,97
AirAsia,MNL-CEB,2024.0,9,22678.98,15.52,3537.19,3682.56,3217.24,8726,2638
Cebgo,MNL-CEB,2024.0,9,60.768,3.43,3537.19,3682.56,3217.24,8726,2638
Cebu Pacific,MNL-CEB,2024.0,9,43141.06,44.8,3537.19,3682.56,3217.24,8726,2638
Philippine Airlines,MNL-CEB,2024.0,9,36174.16,36.25,3537.19,3682.56,3217.24,8726,2638
AirAsia,MNL-CGY,2024.0,9,4800.66,15.52,4507.02,3682.56,3872.63,8726,881
Cebu Pacific,MNL-CGY,2024.0,9,30944.416,44.8,4507.02,3682.56,3872.63,8726,881
Philippine Airlines,MNL-CGY,2024.0,9,18222.016,36.25,4507.02,3682.56,3872.63,8726,881
Philippine Airlines,MNL-CRM,2024.0,9,934.048,36.25,10000.0,3682.56,10000.0,8726,17
Philippine Airlines,MNL-CYP,2024.0,9,659.328,36.25,10000.0,3682.56,5108.99,8726,51
Cebu Pacific,MNL-CYZ,2024.0,9,4081.5840000000003,44.8,10000.0,3682.56,10000.0,8726,52
Cebu Pacific,MNL-DGT,2024.0,9,12715.704000000002,44.8,5159.0,3682.56,4714.8,8726,292
Philippine Airlines,MNL-DGT,2024.0,9,8866.992,36.25,5159.0,3682.56,4714.8,8726,292
Cebu Pacific,MNL-DPL,2024.0,9,4709.52,44.8,5002.37,3682.56,5000.13,8726,120
Philippine Airlines,MNL-DPL,2024.0,9,4508.64,36.25,5002.37,3682.56,5000.13,8726,120
Cebu Pacific,MNL-DRP,2024.0,9,10099.304,44.8,5026.5,3682.56,5035.24,8726,287
Philippine Airlines,MNL-DRP,2024.0,9,11685.296,36.25,5026.5,3682.56,5035.24,8726,287
Cebu Pacific,MNL-DVO,2024.0,9,41843.832,44.8,5000.02,3682.56,4851.3,8726,1243
Philippine Airlines,MNL-DVO,2024.0,9,42007.92,36.25,5000.02,3682.56,4851.3,8726,1243
Philippine Airlines,MNL-EUQ,2024.0,9,659.328,36.25,10000.0,3682.56,10000.0,8726,23
Cebu Pacific,MNL-GES,2024.0,9,14358.128,44.8,5008.51,3682.56,5001.5,8726,259
Philippine Airlines,MNL-GES,2024.0,9,13220.496,36.25,5008.51,3682.56,5001.5,8726,259
Philippine Airlines,MNL-IAO,2024.0,9,5219.68,36.25,10000.0,3682.56,5065.47,8726,409
AirAsia,MNL-ILO,2024.0,9,19202.64,15.52,3361.81,3682.56,3351.17,8726,723
Cebu Pacific,MNL-ILO,2024.0,9,16422.552,44.8,3361.81,3682.56,3351.17,8726,723
Philippine Airlines,MNL-ILO,2024.0,9,20587.84,36.25,3361.81,3682.56,3351.17,8726,723
AirAsia,MNL-KLO,2024.0,9,13408.74,15.52,6832.05,3682.56,6742.7,8726,207
Cebu Pacific,MNL-KLO,2024.0,9,3296.664,44.8,6832.05,3682.56,6742.7,8726,207
Philippine Airlines,MNL-LAO,2024.0,9,4358.352000000001,36.25,10000.0,3682.56,10000.0,8726,79
Cebgo,MNL-MBT,2024.0,9,182.304,3.43,10000.0,3682.56,10000.0,8726,3
Cebu Pacific,MNL-MNL,2024.0,9,351.10400000000004,44.8,10000.0,3682.56,3682.56,8726,8726
AirAsia,MNL-MPH,2024.0,9,16057.38,15.52,3146.81,3682.56,3391.35,8726,939
Cebgo,MNL-MPH,2024.0,9,1762.272,3.43,3146.81,3682.56,3391.35,8726,939
Cebu Pacific,MNL-MPH,2024.0,9,17896.176,44.8,3146.81,3682.56,3391.35,8726,939
Philippine Airlines,MNL-MPH,2024.0,9,13832.960000000001,36.25,3146.81,3682.56,3391.35,8726,939
Cebu Pacific,MNL-OZC,2024.0,9,7378.2480000000005,44.8,10000.0,3682.56,6438.68,8726,125
Cebu Pacific,MNL-PAG,2024.0,9,5023.488,44.8,10000.0,3682.56,7346.8,8726,131
AirAsia,MNL-PPS,2024.0,9,4966.2,15.52,4023.14,3682.56,3607.19,8726,439
Cebu Pacific,MNL-PPS,2024.0,9,11264.024000000001,44.8,4023.14,3682.56,3607.19,8726,439
Philippine Airlines,MNL-PPS,2024.0,9,4358.352000000001,36.25,4023.14,3682.56,3607.19,8726,439
Cebu Pacific,MNL-RXS,2024.0,9,2825.712,44.8,10000.0,3682.56,4604.28,8726,107
AirAsia,MNL-TAC,2024.0,9,8773.619999999999,15.52,3477.55,3682.56,3196.93,8726,667
Cebu Pacific,MNL-TAC,2024.0,9,9105.072,44.8,3477.55,3682.56,3196.93,8726,667
Philippine Airlines,MNL-TAC,2024.0,9,13553.392000000002,36.25,3477.55,3682.56,3196.93,8726,667
AirAsia,MNL-TAG,2024.0,9,7614.839999999999,15.52,3367.9,3682.56,3414.36,8726,368
Cebu Pacific,MNL-TAG,2024.0,9,6588.264,44.8,3367.9,3682.56,3414.36,8726,368
Philippine Airlines,MNL-TAG,2024.0,9,8471.072,36.25,3367.9,3682.56,3414.36,8726,368
Cebu Pacific,MNL-TUG,2024.0,9,4081.5840000000003,44.8,10000.0,3682.56,7656.46,8726,135
Cebgo,MNL-USU,2024.0,9,1640.736,3.43,10000.0,3682.56,5265.61,8726,203
Cebu Pacific,MNL-VRC,2024.0,9,156.984,44.8,10000.0,3682.56,10000.0,8726,2
Cebgo,MNL-WNP,2024.0,9,3038.4,3.43,10000.0,3682.56,10000.0,8726,99
Cebu Pacific,MPH-CEB,2024.0,9,4709.52,44.8,7983.99,3391.35,3217.24,939,2638
Philippine Airlines,MPH-CEB,2024.0,9,604.384,36.25,7983.99,3391.35,3217.24,939,2638
Cebu Pacific,MPH-CRK,2024.0,9,4709.52,44.8,10000.0,3391.35,6970.56,939,124
AirAsia,MPH-MNL,2024.0,9,20361.42,15.52,3185.13,3391.35,3682.56,939,8726
Cebgo,MPH-MNL,2024.0,9,1823.04,3.43,3185.13,3391.35,3682.56,939,8726
Cebu Pacific,MPH-MNL,2024.0,9,23076.648,44.8,3185.13,3391.35,3682.56,939,8726
Philippine Airlines,MPH-MNL,2024.0,9,17945.68,36.25,3185.13,3391.35,3682.56,939,8726
AirAsia,MPH-MPH,2024.0,9,165.54,15.52,6071.67,3391.35,3391.35,939,939
Cebgo,MPH-MPH,2024.0,9,60.768,3.43,6071.67,3391.35,3391.35,939,939
AirAsia,MPH-NAN,2024.0,9,165.54,15.52,3794.1,3391.35,3346.56,939,13
Cebgo,MPH-NAN,2024.0,9,60.768,3.43,3794.1,3391.35,3346.56,939,13
Cebu Pacific,MPH-NAN,2024.0,9,156.984,44.8,3794.1,3391.35,3346.56,939,13
Philippine Airlines,NAN-CRK,2024.0,9,54.944,36.25,10000.0,3346.56,6970.56,13,124
Philippine Airlines,NAN-MNL,2024.0,9,219.776,36.25,10000.0,3346.56,3682.56,13,8726
Philippine Airlines,NAN-NAN,2024.0,9,150.288,36.25,10000.0,3346.56,3346.56,13,13
Cebgo,OZC-CEB,2024.0,9,60.768,3.43,10000.0,6438.68,3217.24,125,2638
Cebu Pacific,OZC-MNL,2024.0,9,7378.2480000000005,44.8,5331.03,6438.68,3682.56,125,8726
Philippine Airlines,OZC-MNL,2024.0,9,4358.352000000001,36.25,5331.03,6438.68,3682.56,125,8726
Cebgo,PAG-CEB,2024.0,9,1579.968,3.43,10000.0,7346.8,3217.24,131,2638
Cebu Pacific,PAG-MNL,2024.0,9,8477.136,44.8,10000.0,7346.8,3682.56,131,8726
Cebu Pacific,PAG-NAN,2024.0,9,156.984,44.8,10000.0,7346.8,3346.56,131,13
Cebu Pacific,PPS-CEB,2024.0,9,2040.7920000000001,44.8,5276.5,3607.19,3217.24,439,2638
Philippine Airlines,PPS-CEB,2024.0,9,1263.712,36.25,5276.5,3607.19,3217.24,439,2638
AirAsia,PPS-MNL,2024.0,9,8773.619999999999,15.52,3473.33,3607.19,3682.56,439,8726
Cebu Pacific,PPS-MNL,2024.0,9,13598.528,44.8,3473.33,3607.19,3682.56,439,8726
Philippine Airlines,PPS-MNL,2024.0,9,14521.376,36.25,3473.33,3607.19,3682.56,439,8726
AirAsia,RXS-MNL,2024.0,9,1986.48,15.52,4089.59,4604.28,3682.56,107,8726
Cebu Pacific,RXS-MNL,2024.0,9,7378.2480000000005,44.8,4089.59,4604.28,3682.56,107,8726
Philippine Airlines,RXS-MNL,2024.0,9,4508.64,36.25,4089.59,4604.28,3682.56,107,8726
Cebgo,SUG-CEB,2024.0,9,729.216,3.43,10000.0,10000.0,3217.24,12,2638
Cebgo,TAC-CEB,2024.0,9,1033.056,3.43,5015.25,3196.93,3217.24,667,2638
Philippine Airlines,TAC-CEB,2024.0,9,1153.824,36.25,5015.25,3196.93,3217.24,667,2638
AirAsia,TAC-MNL,2024.0,9,19280.96,15.52,3602.82,3196.93,3682.56,667,8726
Cebu Pacific,TAC-MNL,2024.0,9,27472.2,44.8,3602.82,3196.93,3682.56,667,8726
Philippine Airlines,TAC-MNL,2024.0,9,13545.312000000002,36.25,3602.82,3196.93,3682.56,667,8726
Philippine Airlines,TAG-DVO,2024.0,9,714.272,36.25,10000.0,3414.36,4851.3,368,1243
AirAsia,TAG-MNL,2024.0,9,7614.839999999999,15.52,3727.19,3414.36,3682.56,368,8726
Cebu Pacific,TAG-MNL,2024.0,9,15873.952000000001,44.8,3727.19,3414.36,3682.56,368,8726
Philippine Airlines,TAG-MNL,2024.0,9,8621.36,36.25,3727.19,3414.36,3682.56,368,8726
Philippine Airlines,TAG-TAG,2024.0,9,150.288,36.25,10000.0,3414.36,3414.36,368,368
Cebu Pacific,TUG-MNL,2024.0,9,14128.560000000001,44.8,7202.8,7656.46,3682.56,135,8726
Philippine Airlines,TUG-MNL,2024.0,9,2855.472,36.25,7202.8,7656.46,3682.56,135,8726
Cebgo,USU-CEB,2024.0,9,850.752,3.43,5001.34,5265.61,3217.24,203,2638
Philippine Airlines,USU-CEB,2024.0,9,879.104,36.25,5001.34,5265.61,3217.24,203,2638
Philippine Airlines,USU-CRK,2024.0,9,659.328,36.25,10000.0,5265.61,6970.56,203,124
Cebgo,USU-MNL,2024.0,9,4314.528,3.43,6495.57,5265.61,3682.56,203,8726
Philippine Airlines,USU-MNL,2024.0,9,1263.712,36.25,6495.57,5265.61,3682.56,203,8726
Cebu Pacific,VRC-MNL,2024.0,9,156.984,44.8,10000.0,10000.0,3682.56,2,8726
Cebgo,WNP-MNL,2024.0,9,2977.632,3.43,10000.0,10000.0,3682.56,99,8726
Cebu Pacific,ZAM-CEB,2024.0,9,4552.536,44.8,7655.49,6323.84,3217.24,250,2638
Philippine Airlines,ZAM-CEB,2024.0,9,714.272,36.25,7655.49,6323.84,3217.24,250,2638
Cebu Pacific,ZAM-MNL,2024.0,9,23150.920000000002,44.8,6458.54,6323.84,3682.56,250,8726
Philippine Airlines,ZAM-MNL,2024.0,9,6913.2480000000005,36.25,6458.54,6323.84,3682.56,250,8726
Cebu Pacific,ZAM-TWT,2024.0,9,313.968,44.8,6941.98,6323.84,7516.46,250,20
Philippine Airlines,ZAM-TWT,2024.0,9,1352.592,36.25,6941.98,6323.84,7516.46,250,20
Cebgo,BCD-CEB,2024.0,10,1519.2,3.74,5024.97,3488.66,3234.99,772,3021
Philippine Airlines,BCD-CEB,2024.0,10,1318.656,34.97,5024.97,3488.66,3234.99,772,3021
Cebu Pacific,BCD-DVO,2024.0,10,3610.632,47.25,10000.0,3488.66,4911.96,772,1387
AirAsia,BCD-MNL,2024.0,10,13592.880000000001,14.03,3593.7,3488.66,3772.33,772,9149
Cebu Pacific,BCD-MNL,2024.0,10,28177.784,47.25,3593.7,3488.66,3772.33,772,9149
Philippine Airlines,BCD-MNL,2024.0,10,23317.264000000003,34.97,3593.7,3488.66,3772.33,772,9149
Cebu Pacific,BCD-NAN,2024.0,10,194.12,47.25,10000.0,3488.66,3298.55,772,9
Philippine Airlines,BPA-CEB,2024.0,10,714.272,34.97,10000.0,10000.0,3234.99,25,3021
Philippine Airlines,BSO-CRK,2024.0,10,549.44,34.97,10000.0,10000.0,8404.24,41,228
Cebgo,BXU-CEB,2024.0,10,1215.3600000000001,3.74,5090.57,4660.28,3234.99,393,3021
Philippine Airlines,BXU-CEB,2024.0,10,1593.376,34.97,5090.57,4660.28,3234.99,393,3021
Cebu Pacific,BXU-MNL,2024.0,10,13917.560000000001,47.25,5224.26,4660.28,3772.33,393,9149
Philippine Airlines,BXU-MNL,2024.0,10,9052.832,34.97,5224.26,4660.28,3772.33,393,9149
Philippine Airlines,CBO-MNL,2024.0,10,6462.384,34.97,10000.0,10000.0,3772.33,97,9149
Philippine Airlines,CBO-TWT,2024.0,10,494.49600000000004,34.97,10000.0,10000.0,5027.87,97,38
Cebgo,CEB-BCD,2024.0,10,1640.736,3.74,5059.22,3234.99,3488.66,3021,772
Philippine Airlines,CEB-BCD,2024.0,10,1318.656,34.97,5059.22,3234.99,3488.66,3021,772
Philippine Airlines,CEB-BPA,2024.0,10,659.328,34.97,10000.0,3234.99,10000.0,3021,25
Cebgo,CEB-BXU,2024.0,10,1093.824,3.74,5228.54,3234.99,4660.28,3021,393
Philippine Airlines,CEB-BXU,2024.0,10,1688.72,34.97,5228.54,3234.99,4660.28,3021,393
Cebgo,CEB-CEB,2024.0,10,243.072,3.74,5231.53,3234.99,3234.99,3021,3021
Cebu Pacific,CEB-CEB,2024.0,10,156.984,47.25,5231.53,3234.99,3234.99,3021,3021
Cebgo,CEB-CGM,2024.0,10,850.752,3.74,10000.0,3234.99,10000.0,3021,27
Cebgo,CEB-CGY,2024.0,10,2126.88,3.74,5080.99,3234.99,3998.33,3021,877
Philippine Airlines,CEB-CGY,2024.0,10,2747.2000000000003,34.97,5080.99,3234.99,3998.33,3021,877
Cebu Pacific,CEB-CRK,2024.0,10,4709.52,47.25,10000.0,3234.99,8404.24,3021,228
Cebgo,CEB-CYP,2024.0,10,850.752,3.74,10000.0,3234.99,5039.27,3021,52
Cebgo,CEB-DGT,2024.0,10,668.448,3.74,10000.0,3234.99,4753.63,3021,297
Cebgo,CEB-DRP,2024.0,10,243.072,3.74,10000.0,3234.99,4916.59,3021,290
Cebu Pacific,CEB-DVO,2024.0,10,6593.328,47.25,5002.08,3234.99,4911.96,3021,1387
Philippine Airlines,CEB-DVO,2024.0,10,6868.0,34.97,5002.08,3234.99,4911.96,3021,1387
Philippine Airlines,CEB-GES,2024.0,10,1593.376,34.97,10000.0,3234.99,5079.18,3021,337
Cebgo,CEB-IAO,2024.0,10,5651.424,3.74,5411.46,3234.99,5056.84,3021,474
Philippine Airlines,CEB-IAO,2024.0,10,3131.808,34.97,5411.46,3234.99,5056.84,3021,474
Cebgo,CEB-ILO,2024.0,10,972.288,3.74,10000.0,3234.99,3312.81,3021,880
Philippine Airlines,CEB-MBT,2024.0,10,150.288,34.97,10000.0,3234.99,10000.0,3021,1
AirAsia,CEB-MNL,2024.0,10,17030.16,14.03,3931.7,3234.99,3772.33,3021,9149
Cebgo,CEB-MNL,2024.0,10,121.536,3.74,3931.7,3234.99,3772.33,3021,9149
Cebu Pacific,CEB-MNL,2024.0,10,54966.344000000005,47.25,3931.7,3234.99,3772.33,3021,9149
Philippine Airlines,CEB-MNL,2024.0,10,36912.672,34.97,3931.7,3234.99,3772.33,3021,9149
Cebgo,CEB-MPH,2024.0,10,60.768,3.74,7192.74,3234.99,3596.54,3021,1035
Cebu Pacific,CEB-MPH,2024.0,10,4709.52,47.25,7192.74,3234.99,3596.54,3021,1035
Philippine Airlines,CEB-MPH,2024.0,10,879.104,34.97,7192.74,3234.99,3596.54,3021,1035
Cebu Pacific,CEB-OZC,2024.0,10,156.984,47.25,10000.0,3234.99,6218.63,3021,134
Cebgo,CEB-PAG,2024.0,10,668.448,3.74,10000.0,3234.99,7198.72,3021,132
Cebu Pacific,CEB-PPS,2024.0,10,2697.424,47.25,5011.32,3234.99,3790.24,3021,507
Philippine Airlines,CEB-PPS,2024.0,10,2966.976,34.97,5011.32,3234.99,3790.24,3021,507
Cebgo,CEB-SUG,2024.0,10,1640.736,3.74,10000.0,3234.99,10000.0,3021,66
Cebgo,CEB-TAC,2024.0,10,1458.432,3.74,5004.49,3234.99,3231.4,3021,687
Philippine Airlines,CEB-TAC,2024.0,10,1373.6000000000001,34.97,5004.49,3234.99,3231.4,3021,687
Cebgo,CEB-USU,2024.0,10,1701.504,3.74,5183.96,3234.99,5635.69,3021,279
Philippine Airlines,CEB-USU,2024.0,10,1153.824,34.97,5183.96,3234.99,5635.69,3021,279
Cebgo,CGM-CEB,2024.0,10,789.984,3.74,10000.0,10000.0,3234.99,27,3021
Cebgo,CGY-CEB,2024.0,10,2126.88,3.74,5068.82,3998.33,3234.99,877,3021
Philippine Airlines,CGY-CEB,2024.0,10,2692.2560000000003,34.97,5068.82,3998.33,3234.99,877,3021
Cebgo,CGY-DVO,2024.0,10,1093.824,3.74,10000.0,3998.33,4911.96,877,1387
Cebu Pacific,CGY-ILO,2024.0,10,3139.6800000000003,47.25,10000.0,3998.33,3312.81,877,880
AirAsia,CGY-MNL,2024.0,10,4687.200000000001,14.03,4274.99,3998.33,3772.33,877,9149
Cebu Pacific,CGY-MNL,2024.0,10,26797.0,47.25,4274.99,3998.33,3772.33,877,9149
Philippine Airlines,CGY-MNL,2024.0,10,24008.912,34.97,4274.99,3998.33,3772.33,877,9149
Philippine Airlines,CRK-BSO,2024.0,10,604.384,34.97,10000.0,8404.24,10000.0,228,41
Cebu Pacific,CRK-CEB,2024.0,10,2511.744,47.25,10000.0,8404.24,3234.99,228,3021
Cebu Pacific,CRK-DVO,2024.0,10,1255.872,47.25,10000.0,8404.24,4911.96,228,1387
Cebu Pacific,CRK-MPH,2024.0,10,9262.056,47.25,10000.0,8404.24,3596.54,228,1035
Philippine Airlines,CRK-USU,2024.0,10,824.1600000000001,34.97,10000.0,8404.24,5635.69,228,279
Cebgo,CYP-CEB,2024.0,10,789.984,3.74,10000.0,5039.27,3234.99,52,3021
Philippine Airlines,CYP-MNL,2024.0,10,659.328,34.97,10000.0,5039.27,3772.33,52,9149
Cebu Pacific,CYZ-MNL,2024.0,10,4081.5840000000003,47.25,10000.0,10000.0,3772.33,52,9149
Cebgo,DGT-CEB,2024.0,10,729.216,3.74,10000.0,4753.63,3234.99,297,3021
Cebu Pacific,DGT-MNL,2024.0,10,9419.04,47.25,5000.15,4753.63,3772.33,297,9149
Philippine Airlines,DGT-MNL,2024.0,10,9317.856,34.97,5000.15,4753.63,3772.33,297,9149
Cebu Pacific,DPL-MNL,2024.0,10,4552.536,47.25,5000.12,5000.06,3772.33,119,9149
Philippine Airlines,DPL-MNL,2024.0,10,4508.64,34.97,5000.12,5000.06,3772.33,119,9149
Cebgo,DRP-CEB,2024.0,10,243.072,3.74,10000.0,4916.59,3234.99,290,3021
Cebu Pacific,DRP-MNL,2024.0,10,10099.304,47.25,5018.97,4916.59,3772.33,290,9149
Philippine Airlines,DRP-MNL,2024.0,10,11425.12,34.97,5018.97,4916.59,3772.33,290,9149
Cebu Pacific,DVO-BCD,2024.0,10,3610.632,47.25,10000.0,4911.96,3488.66,1387,772
Cebu Pacific,DVO-CEB,2024.0,10,6593.328,47.25,5000.0,4911.96,3234.99,1387,3021
Philippine Airlines,DVO-CEB,2024.0,10,6593.280000000001,34.97,5000.0,4911.96,3234.99,1387,3021
Cebgo,DVO-CGY,2024.0,10,1033.056,3.74,10000.0,4911.96,3998.33,1387,877
Cebu Pacific,DVO-CRK,2024.0,10,1255.872,47.25,10000.0,4911.96,8404.24,1387,228
Philippine Airlines,DVO-DVO,2024.0,10,54.944,34.97,10000.0,4911.96,4911.96,1387,1387
Cebgo,DVO-IAO,2024.0,10,972.288,3.74,10000.0,4911.96,5056.84,1387,474
Cebu Pacific,DVO-ILO,2024.0,10,784.9200000000001,47.25,10000.0,4911.96,3312.81,1387,880
Cebu Pacific,DVO-MNL,2024.0,10,50643.376,47.25,5057.57,4911.96,3772.33,1387,9149
Philippine Airlines,DVO-MNL,2024.0,10,40828.24,34.97,5057.57,4911.96,3772.33,1387,9149
Cebu Pacific,DVO-MPH,2024.0,10,784.9200000000001,47.25,10000.0,4911.96,3596.54,1387,1035
Cebgo,DVO-NAN,2024.0,10,60.768,3.74,10000.0,4911.96,3298.55,1387,9
Philippine Airlines,DVO-TAG,2024.0,10,1098.88,34.97,10000.0,4911.96,3434.83,1387,383
Philippine Airlines,EUQ-MNL,2024.0,10,659.328,34.97,10000.0,10000.0,3772.33,26,9149
Philippine Airlines,GES-CEB,2024.0,10,1538.432,34.97,10000.0,5079.18,3234.99,337,3021
Cebu Pacific,GES-MNL,2024.0,10,19942.032,47.25,5171.68,5079.18,3772.33,337,9149
Philippine Airlines,GES-MNL,2024.0,10,13706.912,34.97,5171.68,5079.18,3772.33,337,9149
Cebgo,IAO-CEB,2024.0,10,4557.6,3.74,5188.09,5056.84,3234.99,474,3021
Philippine Airlines,IAO-CEB,2024.0,10,3076.864,34.97,5188.09,5056.84,3234.99,474,3021
Cebgo,IAO-DVO,2024.0,10,972.288,3.74,10000.0,5056.84,4911.96,474,1387
Philippine Airlines,IAO-MNL,2024.0,10,3736.192,34.97,10000.0,5056.84,3772.33,474,9149
Cebgo,ILO-CEB,2024.0,10,911.52,3.74,7493.32,3312.81,3234.99,880,3021
Cebu Pacific,ILO-CEB,2024.0,10,156.984,47.25,7493.32,3312.81,3234.99,880,3021
Cebu Pacific,ILO-CGY,2024.0,10,3139.6800000000003,47.25,10000.0,3312.81,3998.33,880,877
Cebu Pacific,ILO-DVO,2024.0,10,784.9200000000001,47.25,10000.0,3312.81,4911.96,880,1387
AirAsia,ILO-MNL,2024.0,10,23936.64,14.03,3367.16,3312.81,3772.33,880,9149
Cebgo,ILO-MNL,2024.0,10,60.768,3.74,3367.16,3312.81,3772.33,880,9149
Cebu Pacific,ILO-MNL,2024.0,10,22357.56,47.25,3367.16,3312.81,3772.33,880,9149
Philippine Airlines,ILO-MNL,2024.0,10,18322.208000000002,34.97,3367.16,3312.81,3772.33,880,9149
AirAsia,ILO-NAN,2024.0,10,156.24,14.03,10000.0,3312.81,3298.55,880,9
Cebu Pacific,ILO-TAC,2024.0,10,470.952,47.25,10000.0,3312.81,3231.4,880,687
AirAsia,KLO-MNL,2024.0,10,14217.84,14.03,6461.75,6402.77,3772.33,239,9149
Cebu Pacific,KLO-MNL,2024.0,10,4238.568,47.25,6461.75,6402.77,3772.33,239,9149
Philippine Airlines,LAO-MNL,2024.0,10,6943.952,34.97,10000.0,10000.0,3772.33,74,9149
AirAsia,MNL-BCD,2024.0,10,8749.44,14.03,3537.32,3772.33,3488.66,9149,772
Cebu Pacific,MNL-BCD,2024.0,10,16522.144,47.25,3537.32,3772.33,3488.66,9149,772
Philippine Airlines,MNL-BCD,2024.0,10,13616.416000000001,34.97,3537.32,3772.33,3488.66,9149,772
Philippine Airlines,MNL-BSO,2024.0,10,1098.88,34.97,10000.0,3772.33,10000.0,9149,41
Cebu Pacific,MNL-BXU,2024.0,10,13917.560000000001,47.25,5224.26,3772.33,4660.28,9149,393
Philippine Airlines,MNL-BXU,2024.0,10,9052.832,34.97,5224.26,3772.33,4660.28,9149,393
Philippine Airlines,MNL-CBO,2024.0,10,6762.960000000001,34.97,10000.0,3772.33,10000.0,9149,97
AirAsia,MNL-CEB,2024.0,10,20311.2,14.03,3607.55,3772.33,3234.99,9149,3021
Cebgo,MNL-CEB,2024.0,10,425.376,3.74,3607.55,3772.33,3234.99,9149,3021
Cebu Pacific,MNL-CEB,2024.0,10,45053.564,47.25,3607.55,3772.33,3234.99,9149,3021
Philippine Airlines,MNL-CEB,2024.0,10,36679.968,34.97,3607.55,3772.33,3234.99,9149,3021
AirAsia,MNL-CGY,2024.0,10,4687.200000000001,14.03,4519.77,3772.33,3998.33,9149,877
Cebu Pacific,MNL-CGY,2024.0,10,30679.4,47.25,4519.77,3772.33,3998.33,9149,877
Philippine Airlines,MNL-CGY,2024.0,10,17997.392,34.97,4519.77,3772.33,3998.33,9149,877
Philippine Airlines,MNL-CRM,2024.0,10,934.048,34.97,10000.0,3772.33,10000.0,9149,17
Philippine Airlines,MNL-CYP,2024.0,10,714.272,34.97,10000.0,3772.33,5039.27,9149,52
Cebu Pacific,MNL-CYZ,2024.0,10,4081.5840000000003,47.25,10000.0,3772.33,10000.0,9149,52
Cebu Pacific,MNL-DGT,2024.0,10,13971.576000000001,47.25,5199.64,3772.33,4753.63,9149,297
Philippine Airlines,MNL-DGT,2024.0,10,9317.856,34.97,5199.64,3772.33,4753.63,9149,297
Cebu Pacific,MNL-DPL,2024.0,10,4552.536,47.25,5000.67,3772.33,5000.06,9149,119
Philippine Airlines,MNL-DPL,2024.0,10,4658.928,34.97,5000.67,3772.33,5000.06,9149,119
Cebu Pacific,MNL-DRP,2024.0,10,9785.336000000001,47.25,5037.11,3772.33,4916.59,9149,290
Philippine Airlines,MNL-DRP,2024.0,10,11630.352,34.97,5037.11,3772.33,4916.59,9149,290
Cebu Pacific,MNL-DVO,2024.0,10,49958.048,47.25,5050.13,3772.33,4911.96,9149,1387
Philippine Airlines,MNL-DVO,2024.0,10,40863.792,34.97,5050.13,3772.33,4911.96,9149,1387
Philippine Airlines,MNL-EUQ,2024.0,10,769.216,34.97,10000.0,3772.33,10000.0,9149,26
Cebu Pacific,MNL-GES,2024.0,10,19785.048,47.25,5146.16,3772.33,5079.18,9149,337
Philippine Airlines,MNL-GES,2024.0,10,14007.488,34.97,5146.16,3772.33,5079.18,9149,337
Philippine Airlines,MNL-IAO,2024.0,10,5109.792,34.97,10000.0,3772.33,5056.84,9149,474
AirAsia,MNL-ILO,2024.0,10,18436.32,14.03,3378.87,3772.33,3312.81,9149,880
Cebu Pacific,MNL-ILO,2024.0,10,24592.472,47.25,3378.87,3772.33,3312.81,9149,880
Philippine Airlines,MNL-ILO,2024.0,10,22434.928,34.97,3378.87,3772.33,3312.81,9149,880
AirAsia,MNL-KLO,2024.0,10,14374.080000000002,14.03,6346.43,3772.33,6402.77,9149,239
Cebu Pacific,MNL-KLO,2024.0,10,4552.536,47.25,6346.43,3772.33,6402.77,9149,239
Philippine Airlines,MNL-LAO,2024.0,10,4128.88,34.97,10000.0,3772.33,10000.0,9149,74
Cebu Pacific,MNL-MNL,2024.0,10,194.12,47.25,6561.27,3772.33,3772.33,9149,9149
Philippine Airlines,MNL-MNL,2024.0,10,54.944,34.97,6561.27,3772.33,3772.33,9149,9149
AirAsia,MNL-MPH,2024.0,10,15467.76,14.03,3139.19,3772.33,3596.54,9149,1035
Cebgo,MNL-MPH,2024.0,10,2005.344,3.74,3139.19,3772.33,3596.54,9149,1035
Cebu Pacific,MNL-MPH,2024.0,10,18524.112,47.25,3139.19,3772.33,3596.54,9149,1035
Philippine Airlines,MNL-MPH,2024.0,10,13396.640000000001,34.97,3139.19,3772.33,3596.54,9149,1035
Philippine Airlines,MNL-NAN,2024.0,10,185.84,34.97,10000.0,3772.33,3298.55,9149,9
Cebu Pacific,MNL-OZC,2024.0,10,7064.280000000001,47.25,10000.0,3772.33,6218.63,9149,134
Cebu Pacific,MNL-PAG,2024.0,10,4552.536,47.25,10000.0,3772.33,7198.72,9149,132
AirAsia,MNL-PPS,2024.0,10,4843.4400000000005,14.03,4583.64,3772.33,3790.24,9149,507
Cebu Pacific,MNL-PPS,2024.0,10,16376.976,47.25,4583.64,3772.33,3790.24,9149,507
Philippine Airlines,MNL-PPS,2024.0,10,5109.792,34.97,4583.64,3772.33,3790.24,9149,507
Cebu Pacific,MNL-RXS,2024.0,10,5023.488,47.25,10000.0,3772.33,5163.24,9149,136
AirAsia,MNL-TAC,2024.0,10,8749.44,14.03,3461.8,3772.33,3231.4,9149,687
Cebu Pacific,MNL-TAC,2024.0,10,9576.024000000001,47.25,3461.8,3772.33,3231.4,9149,687
Philippine Airlines,MNL-TAC,2024.0,10,13525.920000000002,34.97,3461.8,3772.33,3231.4,9149,687
AirAsia,MNL-TAG,2024.0,10,7499.52,14.03,3435.43,3772.33,3434.83,9149,383
Cebu Pacific,MNL-TAG,2024.0,10,5980.584,47.25,3435.43,3772.33,3434.83,9149,383
Philippine Airlines,MNL-TAG,2024.0,10,9222.512,34.97,3435.43,3772.33,3434.83,9149,383
Cebu Pacific,MNL-TUG,2024.0,10,4081.5840000000003,47.25,10000.0,3772.33,7612.22,9149,139
Cebgo,MNL-USU,2024.0,10,1823.04,3.74,10000.0,3772.33,5635.69,9149,279
Cebu Pacific,MNL-VRC,2024.0,10,470.952,47.25,10000.0,3772.33,10000.0,9149,6
Cebgo,MNL-WNP,2024.0,10,2795.328,3.74,10000.0,3772.33,10000.0,9149,94
Cebu Pacific,MPH-CEB,2024.0,10,4709.52,47.25,7056.06,3596.54,3234.99,1035,3021
Philippine Airlines,MPH-CEB,2024.0,10,1029.392,34.97,7056.06,3596.54,3234.99,1035,3021
Cebu Pacific,MPH-CRK,2024.0,10,9105.072,47.25,10000.0,3596.54,8404.24,1035,228
Cebu Pacific,MPH-DVO,2024.0,10,784.9200000000001,47.25,10000.0,3596.54,4911.96,1035,1387
AirAsia,MPH-MNL,2024.0,10,19998.72,14.03,3191.96,3596.54,3772.33,1035,9149
Cebgo,MPH-MNL,2024.0,10,1823.04,3.74,3191.96,3596.54,3772.33,1035,9149
Cebu Pacific,MPH-MNL,2024.0,10,23861.568000000003,47.25,3191.96,3596.54,3772.33,1035,9149
Philippine Airlines,MPH-MNL,2024.0,10,18491.888000000003,34.97,3191.96,3596.54,3772.33,1035,9149
Cebgo,MPH-MPH,2024.0,10,60.768,3.74,10000.0,3596.54,3596.54,1035,1035
Cebgo,MPH-NAN,2024.0,10,60.768,3.74,5976.2,3596.54,3298.55,1035,9
Cebu Pacific,MPH-NAN,2024.0,10,156.984,47.25,5976.2,3596.54,3298.55,1035,9
Philippine Airlines,NAN-NAN,2024.0,10,150.288,34.97,10000.0,3298.55,3298.55,9,9
Cebgo,OZC-CEB,2024.0,10,243.072,3.74,10000.0,6218.63,3234.99,134,3021
Cebu Pacific,OZC-MNL,2024.0,10,7535.232,47.25,5278.19,6218.63,3772.33,134,9149
Philippine Airlines,OZC-MNL,2024.0,10,4658.928,34.97,5278.19,6218.63,3772.33,134,9149
Cebu Pacific,OZC-NAN,2024.0,10,156.984,47.25,10000.0,6218.63,3298.55,134,9
Cebgo,PAG-CEB,2024.0,10,2066.112,3.74,10000.0,7198.72,3234.99,132,3021
Cebu Pacific,PAG-MNL,2024.0,10,8948.088,47.25,10000.0,7198.72,3772.33,132,9149
Cebu Pacific,PPS-CEB,2024.0,10,2697.424,47.25,5421.52,3790.24,3234.99,507,3021
Philippine Airlines,PPS-CEB,2024.0,10,1483.488,34.97,5421.52,3790.24,3234.99,507,3021
AirAsia,PPS-MNL,2024.0,10,9374.400000000001,14.03,3480.63,3790.24,3772.33,507,9149
Cebu Pacific,PPS-MNL,2024.0,10,15448.576000000001,47.25,3480.63,3790.24,3772.33,507,9149
Philippine Airlines,PPS-MNL,2024.0,10,15185.552000000001,34.97,3480.63,3790.24,3772.33,507,9149
AirAsia,RXS-MNL,2024.0,10,2187.36,14.03,4326.98,5163.24,3772.33,136,9149
Cebu Pacific,RXS-MNL,2024.0,10,9262.056,47.25,4326.98,5163.24,3772.33,136,9149
Philippine Airlines,RXS-MNL,2024.0,10,4658.928,34.97,4326.98,5163.24,3772.33,136,9149
Cebgo,SUG-CEB,2024.0,10,2369.952,3.74,10000.0,10000.0,3234.99,66,3021
Cebgo,SWL-CEB,2024.0,10,243.072,3.74,10000.0,10000.0,3234.99,4,3021
Cebgo,TAC-CEB,2024.0,10,1033.056,3.74,5050.43,3231.4,3234.99,687,3021
Philippine Airlines,TAC-CEB,2024.0,10,1263.712,34.97,5050.43,3231.4,3234.99,687,3021
Cebu Pacific,TAC-DVO,2024.0,10,313.968,47.25,10000.0,3231.4,4911.96,687,1387
Cebu Pacific,TAC-ILO,2024.0,10,470.952,47.25,10000.0,3231.4,3312.81,687,880
AirAsia,TAC-MNL,2024.0,10,18748.800000000003,14.03,3583.64,3231.4,3772.33,687,9149
Cebu Pacific,TAC-MNL,2024.0,10,26844.264000000003,47.25,3583.64,3231.4,3772.33,687,9149
Philippine Airlines,TAC-MNL,2024.0,10,13695.6,34.97,3583.64,3231.4,3772.33,687,9149
Philippine Airlines,TAG-AAV,2024.0,10,150.288,34.97,10000.0,3434.83,10000.0,383,1
Philippine Airlines,TAG-DVO,2024.0,10,1098.88,34.97,10000.0,3434.83,4911.96,383,1387
AirAsia,TAG-MNL,2024.0,10,7343.280000000001,14.03,3790.62,3434.83,3772.33,383,9149
Cebu Pacific,TAG-MNL,2024.0,10,16893.504,47.25,3790.62,3434.83,3772.33,383,9149
Philippine Airlines,TAG-MNL,2024.0,10,9222.512,34.97,3790.62,3434.83,3772.33,383,9149
Cebu Pacific,TUG-MNL,2024.0,10,14599.512,47.25,7168.37,7612.22,3772.33,139,9149
Philippine Airlines,TUG-MNL,2024.0,10,3005.76,34.97,7168.37,7612.22,3772.33,139,9149
Cebgo,USU-CEB,2024.0,10,2369.952,3.74,5671.34,5635.69,3234.99,279,3021
Philippine Airlines,USU-CEB,2024.0,10,1098.88,34.97,5671.34,5635.69,3234.99,279,3021
Philippine Airlines,USU-CRK,2024.0,10,714.272,34.97,10000.0,5635.69,8404.24,279,228
Cebgo,USU-MNL,2024.0,10,5226.048,3.74,6555.69,5635.69,3772.33,279,9149
Philippine Airlines,USU-MNL,2024.0,10,1483.488,34.97,6555.69,5635.69,3772.33,279,9149
Cebu Pacific,VRC-MNL,2024.0,10,470.952,47.25,10000.0,10000.0,3772.33,6,9149
Cebgo,WNP-MNL,2024.0,10,2916.864,3.74,10000.0,10000.0,3772.33,94,9149
Cebu Pacific,ZAM-CEB,2024.0,10,4866.504,47.25,7298.05,6375.7,3234.99,277,3021
Philippine Airlines,ZAM-CEB,2024.0,10,934.048,34.97,7298.05,6375.7,3234.99,277,3021
Cebu Pacific,ZAM-DVO,2024.0,10,784.9200000000001,47.25,10000.0,6375.7,4911.96,277,1387
Cebu Pacific,ZAM-MNL,2024.0,10,23588.112,47.25,6412.99,6375.7,3772.33,277,9149
Philippine Airlines,ZAM-MNL,2024.0,10,7213.8240000000005,34.97,6412.99,6375.7,3772.33,277,9149
Cebu Pacific,ZAM-TWT,2024.0,10,2668.728,47.25,5187.17,6375.7,5027.87,277,38
Philippine Airlines,ZAM-TWT,2024.0,10,1803.4560000000001,34.97,5187.17,6375.7,5027.87,277,38
Cebgo,BCD-CEB,2024.0,11,1397.664,5.01,5197.67,3530.36,2949.85,745,3312
Philippine Airlines,BCD-CEB,2024.0,11,934.048,33.46,5197.67,3530.36,2949.85,745,3312
Cebu Pacific,BCD-DVO,2024.0,11,4709.52,48.01,10000.0,3530.36,5088.4,745,1643
AirAsia,BCD-MNL,2024.0,11,13280.400000000001,13.52,3585.49,3530.36,3766.6,745,9270
Cebu Pacific,BCD-MNL,2024.0,11,27132.912,48.01,3585.49,3530.36,3766.6,745,9270
Philippine Airlines,BCD-MNL,2024.0,11,21841.856,33.46,3585.49,3530.36,3766.6,745,9270
Philippine Airlines,BPA-CEB,2024.0,11,714.272,33.46,10000.0,10000.0,2949.85,25,3312
Philippine Airlines,BSO-CRK,2024.0,11,384.608,33.46,10000.0,10000.0,8649.7,27,253
Cebgo,BXU-CEB,2024.0,11,1701.504,5.01,6510.52,4595.73,2949.85,372,3312
Philippine Airlines,BXU-CEB,2024.0,11,494.49600000000004,33.46,6510.52,4595.73,2949.85,372,3312
Cebu Pacific,BXU-MNL,2024.0,11,14380.072,48.01,5316.06,4595.73,3766.6,372,9270
Philippine Airlines,BXU-MNL,2024.0,11,8601.968,33.46,5316.06,4595.73,3766.6,372,9270
Philippine Airlines,CBO-MNL,2024.0,11,6312.0960000000005,33.46,10000.0,10000.0,3766.6,92,9270
Philippine Airlines,CBO-TWT,2024.0,11,439.552,33.46,10000.0,10000.0,5739.96,92,49
Cebgo,CEB-BCD,2024.0,11,1458.432,5.01,5307.12,2949.85,3530.36,3312,745
Philippine Airlines,CEB-BCD,2024.0,11,879.104,33.46,5307.12,2949.85,3530.36,3312,745
Philippine Airlines,CEB-BPA,2024.0,11,659.328,33.46,10000.0,2949.85,10000.0,3312,25
Cebgo,CEB-BXU,2024.0,11,1701.504,5.01,6510.52,2949.85,4595.73,3312,372
Philippine Airlines,CEB-BXU,2024.0,11,494.49600000000004,33.46,6510.52,2949.85,4595.73,3312,372
Cebgo,CEB-CEB,2024.0,11,121.536,5.01,10000.0,2949.85,2949.85,3312,3312
Cebgo,CEB-CGM,2024.0,11,1640.736,5.01,10000.0,2949.85,10000.0,3312,54
Cebgo,CEB-CGY,2024.0,11,5043.744,5.01,5414.98,2949.85,3803.71,3312,968
Philippine Airlines,CEB-CGY,2024.0,11,2787.6000000000004,33.46,5414.98,2949.85,3803.71,3312,968
Cebu Pacific,CEB-CRK,2024.0,11,3924.6000000000004,48.01,10000.0,2949.85,8649.7,3312,253
Cebgo,CEB-CYP,2024.0,11,1640.736,5.01,10000.0,2949.85,5845.14,3312,76
Cebgo,CEB-DGT,2024.0,11,1762.272,5.01,10000.0,2949.85,4417.1,3312,319
Cebgo,CEB-DPL,2024.0,11,1154.592,5.01,10000.0,2949.85,4074.62,3312,158
Cebgo,CEB-DRP,2024.0,11,1640.736,5.01,10000.0,2949.85,4334.16,3312,341
Cebu Pacific,CEB-DVO,2024.0,11,4432.688,48.01,5370.0,2949.85,5088.4,3312,1643
Philippine Airlines,CEB-DVO,2024.0,11,7745.488,33.46,5370.0,2949.85,5088.4,3312,1643
Philippine Airlines,CEB-GES,2024.0,11,824.1600000000001,33.46,10000.0,2949.85,5154.14,3312,307
Cebgo,CEB-IAO,2024.0,11,5104.512,5.01,5423.97,2949.85,5001.64,3312,465
Philippine Airlines,CEB-IAO,2024.0,11,2802.1440000000002,33.46,5423.97,2949.85,5001.64,3312,465
Cebgo,CEB-ILO,2024.0,11,2613.024,5.01,10000.0,2949.85,3387.03,3312,998
AirAsia,CEB-MNL,2024.0,11,19842.48,13.52,3637.86,2949.85,3766.6,3312,9270
Cebgo,CEB-MNL,2024.0,11,243.072,5.01,3637.86,2949.85,3766.6,3312,9270
Cebu Pacific,CEB-MNL,2024.0,11,45188.604,48.01,3637.86,2949.85,3766.6,3312,9270
Philippine Airlines,CEB-MNL,2024.0,11,38184.464,33.46,3637.86,2949.85,3766.6,3312,9270
Cebu Pacific,CEB-MPH,2024.0,11,4709.52,48.01,5444.15,2949.85,3772.76,3312,1073
Philippine Airlines,CEB-MPH,2024.0,11,2546.8160000000003,33.46,5444.15,2949.85,3772.76,3312,1073
Cebgo,CEB-NAN,2024.0,11,121.536,5.01,10000.0,2949.85,7116.63,3312,10
Cebgo,CEB-PAG,2024.0,11,486.144,5.01,10000.0,2949.85,8028.0,3312,119
Cebu Pacific,CEB-PPS,2024.0,11,5629.4800000000005,48.01,5341.52,2949.85,3923.26,3312,593
Philippine Airlines,CEB-PPS,2024.0,11,3296.6400000000003,33.46,5341.52,2949.85,3923.26,3312,593
Cebgo,CEB-SUG,2024.0,11,1215.3600000000001,5.01,10000.0,2949.85,10000.0,3312,63
Cebgo,CEB-TAC,2024.0,11,1336.896,5.01,5005.49,2949.85,3286.41,3312,719
Philippine Airlines,CEB-TAC,2024.0,11,1428.544,33.46,5005.49,2949.85,3286.41,3312,719
Cebgo,CEB-USU,2024.0,11,1336.896,5.01,5111.87,2949.85,5959.57,3312,285
Philippine Airlines,CEB-USU,2024.0,11,988.9920000000001,33.46,5111.87,2949.85,5959.57,3312,285
Cebgo,CGM-CEB,2024.0,11,1640.736,5.01,10000.0,10000.0,2949.85,54,3312
Cebgo,CGY-CEB,2024.0,11,4922.208,5.01,5464.41,3803.71,2949.85,968,3312
Philippine Airlines,CGY-CEB,2024.0,11,2622.768,33.46,5464.41,3803.71,2949.85,968,3312
Cebgo,CGY-DVO,2024.0,11,972.288,5.01,10000.0,3803.71,5088.4,968,1643
Cebu Pacific,CGY-ILO,2024.0,11,4709.52,48.01,10000.0,3803.71,3387.03,968,998
AirAsia,CGY-MNL,2024.0,11,4687.200000000001,13.52,4262.58,3803.71,3766.6,968,9270
Cebu Pacific,CGY-MNL,2024.0,11,25679.544,48.01,4262.58,3803.71,3766.6,968,9270
Philippine Airlines,CGY-MNL,2024.0,11,20025.472,33.46,4262.58,3803.71,3766.6,968,9270
Philippine Airlines,CRK-BSO,2024.0,11,384.608,33.46,10000.0,8649.7,10000.0,253,27
Cebu Pacific,CRK-CEB,2024.0,11,4395.552000000001,48.01,10000.0,8649.7,2949.85,253,3312
Cebu Pacific,CRK-CRK,2024.0,11,156.984,48.01,6159.14,8649.7,8649.7,253,253
Philippine Airlines,CRK-CRK,2024.0,11,54.944,33.46,6159.14,8649.7,8649.7,253,253
Cebu Pacific,CRK-DVO,2024.0,11,4552.536,48.01,10000.0,8649.7,5088.4,253,1643
Cebu Pacific,CRK-MNL,2024.0,11,156.984,48.01,10000.0,8649.7,3766.6,253,9270
Cebu Pacific,CRK-MPH,2024.0,11,7221.264,48.01,10000.0,8649.7,3772.76,253,1073
Philippine Airlines,CRK-USU,2024.0,11,824.1600000000001,33.46,10000.0,8649.7,5959.57,253,285
Cebgo,CYP-CEB,2024.0,11,1519.2,5.01,10000.0,5845.14,2949.85,76,3312
Philippine Airlines,CYP-MNL,2024.0,11,659.328,33.46,10000.0,5845.14,3766.6,76,9270
Cebu Pacific,CYZ-MNL,2024.0,11,5965.392000000001,48.01,10000.0,10000.0,3766.6,79,9270
Cebgo,DGT-CEB,2024.0,11,1579.968,5.01,10000.0,4417.1,2949.85,319,3312
Cebu Pacific,DGT-MNL,2024.0,11,9419.04,48.01,5015.81,4417.1,3766.6,319,9270
Philippine Airlines,DGT-MNL,2024.0,11,8416.128,33.46,5015.81,4417.1,3766.6,319,9270
Cebgo,DPL-CEB,2024.0,11,1154.592,5.01,10000.0,4074.62,2949.85,158,3312
Cebu Pacific,DPL-MNL,2024.0,11,4709.52,48.01,5002.37,4074.62,3766.6,158,9270
Philippine Airlines,DPL-MNL,2024.0,11,4508.64,33.46,5002.37,4074.62,3766.6,158,9270
Cebgo,DRP-CEB,2024.0,11,1640.736,5.01,10000.0,4334.16,2949.85,341,3312
Cebu Pacific,DRP-MNL,2024.0,11,10413.272,48.01,5005.18,4334.16,3766.6,341,9270
Philippine Airlines,DRP-MNL,2024.0,11,9763.872000000001,33.46,5005.18,4334.16,3766.6,341,9270
Cebu Pacific,DVO-BCD,2024.0,11,4552.536,48.01,10000.0,5088.4,3530.36,1643,745
Cebgo,DVO-CEB,2024.0,11,121.536,5.01,5265.37,5088.4,2949.85,1643,3312
Cebu Pacific,DVO-CEB,2024.0,11,4432.688,48.01,5265.37,5088.4,2949.85,1643,3312
Philippine Airlines,DVO-CEB,2024.0,11,7745.488,33.46,5265.37,5088.4,2949.85,1643,3312
Cebgo,DVO-CGY,2024.0,11,789.984,5.01,10000.0,5088.4,3803.71,1643,968
Cebu Pacific,DVO-CRK,2024.0,11,4552.536,48.01,10000.0,5088.4,8649.7,1643,253
Cebgo,DVO-IAO,2024.0,11,1762.272,5.01,10000.0,5088.4,5001.64,1643,465
Cebu Pacific,DVO-ILO,2024.0,11,4709.52,48.01,10000.0,5088.4,3387.03,1643,998
Cebu Pacific,DVO-MNL,2024.0,11,57480.62,48.01,5133.56,5088.4,3766.6,1643,9270
Philippine Airlines,DVO-MNL,2024.0,11,41330.816,33.46,5133.56,5088.4,3766.6,1643,9270
Cebu Pacific,DVO-MPH,2024.0,11,4709.52,48.01,10000.0,5088.4,3772.76,1643,1073
Philippine Airlines,DVO-TAG,2024.0,11,934.048,33.46,10000.0,5088.4,3375.51,1643,382
Philippine Airlines,EUQ-MNL,2024.0,11,659.328,33.46,10000.0,10000.0,3766.6,24,9270
Philippine Airlines,GES-CEB,2024.0,11,824.1600000000001,33.46,10000.0,5154.14,2949.85,307,3312
Cebu Pacific,GES-MNL,2024.0,11,19813.744,48.01,5215.91,5154.14,3766.6,307,9270
Philippine Airlines,GES-MNL,2024.0,11,12995.872,33.46,5215.91,5154.14,3766.6,307,9270
Cebgo,IAO-CEB,2024.0,11,4982.976,5.01,5418.26,5001.64,2949.85,465,3312
Philippine Airlines,IAO-CEB,2024.0,11,2747.2000000000003,33.46,5418.26,5001.64,2949.85,465,3312
Cebgo,IAO-DVO,2024.0,11,1701.504,5.01,10000.0,5001.64,5088.4,465,1643
Cebgo,IAO-IAO,2024.0,11,60.768,5.01,5012.67,5001.64,5001.64,465,465
Philippine Airlines,IAO-IAO,2024.0,11,54.944,33.46,5012.67,5001.64,5001.64,465,465
Philippine Airlines,IAO-MNL,2024.0,11,2802.1440000000002,33.46,10000.0,5001.64,3766.6,465,9270
Cebgo,ILO-CEB,2024.0,11,2613.024,5.01,10000.0,3387.03,2949.85,998,3312
Cebu Pacific,ILO-CGY,2024.0,11,4709.52,48.01,10000.0,3387.03,3803.71,998,968
Cebu Pacific,ILO-DVO,2024.0,11,4709.52,48.01,10000.0,3387.03,5088.4,998,1643
AirAsia,ILO-MNL,2024.0,11,22325.52,13.52,3361.18,3387.03,3766.6,998,9270
Cebu Pacific,ILO-MNL,2024.0,11,20970.024,48.01,3361.18,3387.03,3766.6,998,9270
Philippine Airlines,ILO-MNL,2024.0,11,17872.960000000003,33.46,3361.18,3387.03,3766.6,998,9270
Cebu Pacific,ILO-TAC,2024.0,11,2511.744,48.01,10000.0,3387.03,3286.41,998,719
AirAsia,KLO-MNL,2024.0,11,12811.68,13.52,6027.14,6078.64,3766.6,223,9270
Cebu Pacific,KLO-MNL,2024.0,11,4552.536,48.01,6027.14,6078.64,3766.6,223,9270
Philippine Airlines,KLO-MNL,2024.0,11,150.288,33.46,6027.14,6078.64,3766.6,223,9270
Philippine Airlines,LAO-MNL,2024.0,11,6777.504000000001,33.46,10000.0,10000.0,3766.6,73,9270
AirAsia,MNL-BCD,2024.0,11,8749.44,13.52,3517.39,3766.6,3530.36,9270,745
Cebu Pacific,MNL-BCD,2024.0,11,15857.072,48.01,3517.39,3766.6,3530.36,9270,745
Philippine Airlines,MNL-BCD,2024.0,11,12449.664,33.46,3517.39,3766.6,3530.36,9270,745
Philippine Airlines,MNL-BSO,2024.0,11,714.272,33.46,10000.0,3766.6,10000.0,9270,27
Cebu Pacific,MNL-BXU,2024.0,11,14380.072,48.01,5258.42,3766.6,4595.73,9270,372
Philippine Airlines,MNL-BXU,2024.0,11,9052.832,33.46,5258.42,3766.6,4595.73,9270,372
Philippine Airlines,MNL-CBO,2024.0,11,6312.0960000000005,33.46,10000.0,3766.6,10000.0,9270,92
AirAsia,MNL-CEB,2024.0,11,24685.920000000002,13.52,3430.02,3766.6,2949.85,9270,3312
Cebgo,MNL-CEB,2024.0,11,2005.344,5.01,3430.02,3766.6,2949.85,9270,3312
Cebu Pacific,MNL-CEB,2024.0,11,42970.572,48.01,3430.02,3766.6,2949.85,9270,3312
Philippine Airlines,MNL-CEB,2024.0,11,46954.496,33.46,3430.02,3766.6,2949.85,9270,3312
AirAsia,MNL-CGY,2024.0,11,4687.200000000001,13.52,4595.42,3766.6,3803.71,9270,968
Cebu Pacific,MNL-CGY,2024.0,11,30689.528000000002,48.01,4595.42,3766.6,3803.71,9270,968
Philippine Airlines,MNL-CGY,2024.0,11,16455.728000000003,33.46,4595.42,3766.6,3803.71,9270,968
Philippine Airlines,MNL-CRM,2024.0,11,934.048,33.46,10000.0,3766.6,10000.0,9270,17
Philippine Airlines,MNL-CYP,2024.0,11,659.328,33.46,10000.0,3766.6,5845.14,9270,76
Cebu Pacific,MNL-CYZ,2024.0,11,6436.344,48.01,10000.0,3766.6,10000.0,9270,79
Cebu Pacific,MNL-DGT,2024.0,11,13814.592,48.01,5237.91,3766.6,4417.1,9270,319
Philippine Airlines,MNL-DGT,2024.0,11,8866.992,33.46,5237.91,3766.6,4417.1,9270,319
Cebu Pacific,MNL-DPL,2024.0,11,4709.52,48.01,5002.37,3766.6,4074.62,9270,158
Philippine Airlines,MNL-DPL,2024.0,11,4508.64,33.46,5002.37,3766.6,4074.62,9270,158
Cebu Pacific,MNL-DRP,2024.0,11,10256.288,48.01,5003.02,3766.6,4334.16,9270,341
Philippine Airlines,MNL-DRP,2024.0,11,9763.872000000001,33.46,5003.02,3766.6,4334.16,9270,341
Cebu Pacific,MNL-DVO,2024.0,11,55348.676,48.01,5090.33,3766.6,5088.4,9270,1643
Philippine Airlines,MNL-DVO,2024.0,11,42232.544,33.46,5090.33,3766.6,5088.4,9270,1643
Philippine Airlines,MNL-EUQ,2024.0,11,659.328,33.46,10000.0,3766.6,10000.0,9270,24
Cebu Pacific,MNL-GES,2024.0,11,19813.744,48.01,5204.61,3766.6,5154.14,9270,307
Philippine Airlines,MNL-GES,2024.0,11,13146.16,33.46,5204.61,3766.6,5154.14,9270,307
Philippine Airlines,MNL-IAO,2024.0,11,4725.184,33.46,10000.0,3766.6,5001.64,9270,465
AirAsia,MNL-ILO,2024.0,11,17655.120000000003,13.52,3394.54,3766.6,3387.03,9270,998
Cebu Pacific,MNL-ILO,2024.0,11,24609.352000000003,48.01,3394.54,3766.6,3387.03,9270,998
Philippine Airlines,MNL-ILO,2024.0,11,20728.432,33.46,3394.54,3766.6,3387.03,9270,998
AirAsia,MNL-KLO,2024.0,11,12811.68,13.52,6131.17,3766.6,6078.64,9270,223
Cebu Pacific,MNL-KLO,2024.0,11,4552.536,48.01,6131.17,3766.6,6078.64,9270,223
Philippine Airlines,MNL-LAO,2024.0,11,3907.4880000000003,33.46,10000.0,3766.6,10000.0,9270,73
Cebu Pacific,MNL-MNL,2024.0,11,156.984,48.01,8091.31,3766.6,3766.6,9270,9270
Philippine Airlines,MNL-MNL,2024.0,11,1312.192,33.46,8091.31,3766.6,3766.6,9270,9270
AirAsia,MNL-MPH,2024.0,11,13592.880000000001,13.52,3253.05,3766.6,3772.76,9270,1073
Cebgo,MNL-MPH,2024.0,11,1762.272,5.01,3253.05,3766.6,3772.76,9270,1073
Cebu Pacific,MNL-MPH,2024.0,11,20721.888000000003,48.01,3253.05,3766.6,3772.76,9270,1073
Philippine Airlines,MNL-MPH,2024.0,11,13491.984,33.46,3253.05,3766.6,3772.76,9270,1073
Cebgo,MNL-NAN,2024.0,11,60.768,5.01,7906.68,3766.6,7116.63,9270,10
Philippine Airlines,MNL-NAN,2024.0,11,450.86400000000003,33.46,7906.68,3766.6,7116.63,9270,10
Cebu Pacific,MNL-OZC,2024.0,11,7221.264,48.01,10000.0,3766.6,5637.92,9270,144
Cebu Pacific,MNL-PAG,2024.0,11,4709.52,48.01,10000.0,3766.6,8028.0,9270,119
AirAsia,MNL-PPS,2024.0,11,4687.200000000001,13.52,4274.19,3766.6,3923.26,9270,593
Cebu Pacific,MNL-PPS,2024.0,11,16988.032,48.01,4274.19,3766.6,3923.26,9270,593
Philippine Airlines,MNL-PPS,2024.0,11,7806.896000000001,33.46,4274.19,3766.6,3923.26,9270,593
Cebu Pacific,MNL-RXS,2024.0,11,4709.52,48.01,10000.0,3766.6,5221.07,9270,132
AirAsia,MNL-TAC,2024.0,11,9374.400000000001,13.52,3418.94,3766.6,3286.41,9270,719
Cebu Pacific,MNL-TAC,2024.0,11,8948.088,48.01,3418.94,3766.6,3286.41,9270,719
Philippine Airlines,MNL-TAC,2024.0,11,12651.664,33.46,3418.94,3766.6,3286.41,9270,719
AirAsia,MNL-TAG,2024.0,11,9374.400000000001,13.52,3458.22,3766.6,3375.51,9270,382
Cebu Pacific,MNL-TAG,2024.0,11,5786.464,48.01,3458.22,3766.6,3375.51,9270,382
Philippine Airlines,MNL-TAG,2024.0,11,8485.616,33.46,3458.22,3766.6,3375.51,9270,382
Cebu Pacific,MNL-TUG,2024.0,11,4081.5840000000003,48.01,10000.0,3766.6,7379.92,9270,143
Cebgo,MNL-USU,2024.0,11,1883.808,5.01,10000.0,3766.6,5959.57,9270,285
Cebu Pacific,MNL-VRC,2024.0,11,313.968,48.01,10000.0,3766.6,10000.0,9270,4
Cebgo,MNL-WNP,2024.0,11,2856.096,5.01,10000.0,3766.6,10000.0,9270,96
Cebu Pacific,MPH-CEB,2024.0,11,4709.52,48.01,5344.11,3772.76,2949.85,1073,3312
Philippine Airlines,MPH-CEB,2024.0,11,2752.0480000000002,33.46,5344.11,3772.76,2949.85,1073,3312
Cebu Pacific,MPH-CRK,2024.0,11,7064.280000000001,48.01,10000.0,3772.76,8649.7,1073,253
Cebu Pacific,MPH-DVO,2024.0,11,4709.52,48.01,10000.0,3772.76,5088.4,1073,1643
AirAsia,MPH-MNL,2024.0,11,17967.600000000002,13.52,3241.4,3772.76,3766.6,1073,9270
Cebgo,MPH-MNL,2024.0,11,1762.272,5.01,3241.4,3772.76,3766.6,1073,9270
Cebu Pacific,MPH-MNL,2024.0,11,25274.424000000003,48.01,3241.4,3772.76,3766.6,1073,9270
Philippine Airlines,MPH-MNL,2024.0,11,18451.488,33.46,3241.4,3772.76,3766.6,1073,9270
AirAsia,MPH-MPH,2024.0,11,156.24,13.52,5000.03,3772.76,3772.76,1073,1073
Cebu Pacific,MPH-MPH,2024.0,11,156.984,48.01,5000.03,3772.76,3772.76,1073,1073
Philippine Airlines,NAN-MNL,2024.0,11,109.888,33.46,10000.0,7116.63,3766.6,10,9270
Cebgo,OZC-CEB,2024.0,11,1215.3600000000001,5.01,10000.0,5637.92,2949.85,144,3312
Cebu Pacific,OZC-MNL,2024.0,11,7378.2480000000005,48.01,5291.39,5637.92,3766.6,144,9270
Philippine Airlines,OZC-MNL,2024.0,11,4508.64,33.46,5291.39,5637.92,3766.6,144,9270
Philippine Airlines,OZC-NAN,2024.0,11,150.288,33.46,10000.0,5637.92,7116.63,144,10
Cebgo,PAG-CEB,2024.0,11,1276.128,5.01,10000.0,8028.0,2949.85,119,3312
Cebu Pacific,PAG-MNL,2024.0,11,9419.04,48.01,10000.0,8028.0,3766.6,119,9270
Cebu Pacific,PPS-CEB,2024.0,11,5629.4800000000005,48.01,6561.27,3923.26,2949.85,593,3312
Philippine Airlines,PPS-CEB,2024.0,11,1593.376,33.46,6561.27,3923.26,2949.85,593,3312
AirAsia,PPS-MNL,2024.0,11,9374.400000000001,13.52,3570.23,3923.26,3766.6,593,9270
Cebu Pacific,PPS-MNL,2024.0,11,16836.112,48.01,3570.23,3923.26,3766.6,593,9270
Philippine Airlines,PPS-MNL,2024.0,11,18522.592,33.46,3570.23,3923.26,3766.6,593,9270
Philippine Airlines,PPS-NAN,2024.0,11,150.288,33.46,10000.0,3923.26,7116.63,593,10
AirAsia,RXS-MNL,2024.0,11,2031.1200000000001,13.52,4414.9,5221.07,3766.6,132,9270
Cebu Pacific,RXS-MNL,2024.0,11,9262.056,48.01,4414.9,5221.07,3766.6,132,9270
Philippine Airlines,RXS-MNL,2024.0,11,4508.64,33.46,4414.9,5221.07,3766.6,132,9270
Cebu Pacific,SIN-ILO,2024.0,11,470.952,48.01,10000.0,10000.0,3387.03,3,998
Cebgo,SUG-CEB,2024.0,11,2613.024,5.01,10000.0,10000.0,2949.85,63,3312
Cebgo,SWL-CEB,2024.0,11,911.52,5.01,10000.0,10000.0,2949.85,15,3312
Cebgo,TAC-CEB,2024.0,11,1579.968,5.01,5024.41,3286.41,2949.85,719,3312
Philippine Airlines,TAC-CEB,2024.0,11,1373.6000000000001,33.46,5024.41,3286.41,2949.85,719,3312
Cebu Pacific,TAC-DVO,2024.0,11,1883.808,48.01,10000.0,3286.41,5088.4,719,1643
Cebu Pacific,TAC-ILO,2024.0,11,2511.744,48.01,10000.0,3286.41,3387.03,719,998
AirAsia,TAC-MNL,2024.0,11,18510.24,13.52,3605.57,3286.41,3766.6,719,9270
Cebu Pacific,TAC-MNL,2024.0,11,26844.264000000003,48.01,3605.57,3286.41,3766.6,719,9270
Philippine Airlines,TAC-MNL,2024.0,11,13280.288,33.46,3605.57,3286.41,3766.6,719,9270
Philippine Airlines,TAG-DVO,2024.0,11,879.104,33.46,10000.0,3375.51,5088.4,382,1643
AirAsia,TAG-MNL,2024.0,11,8280.720000000001,13.52,3771.07,3375.51,3766.6,382,9270
Cebu Pacific,TAG-MNL,2024.0,11,17045.424,48.01,3771.07,3375.51,3766.6,382,9270
Philippine Airlines,TAG-MNL,2024.0,11,8485.616,33.46,3771.07,3375.51,3766.6,382,9270
Cebu Pacific,TUG-MNL,2024.0,11,14756.496000000001,48.01,6924.63,7379.92,3766.6,143,9270
Philippine Airlines,TUG-MNL,2024.0,11,3456.6240000000003,33.46,6924.63,7379.92,3766.6,143,9270
Cebgo,USU-CEB,2024.0,11,2187.648,5.01,6150.6,5959.57,2949.85,285,3312
Philippine Airlines,USU-CEB,2024.0,11,769.216,33.46,6150.6,5959.57,2949.85,285,3312
Philippine Airlines,USU-CRK,2024.0,11,824.1600000000001,33.46,10000.0,5959.57,8649.7,285,253
Cebgo,USU-MNL,2024.0,11,6684.4800000000005,5.01,7247.62,5959.57,3766.6,285,9270
Philippine Airlines,USU-MNL,2024.0,11,1318.656,33.46,7247.62,5959.57,3766.6,285,9270
Cebu Pacific,VRC-MNL,2024.0,11,313.968,48.01,10000.0,10000.0,3766.6,4,9270
Cebgo,WNP-MNL,2024.0,11,2977.632,5.01,10000.0,10000.0,3766.6,96,9270
Cebu Pacific,ZAM-CEB,2024.0,11,4709.52,48.01,7348.83,6806.65,2949.85,297,3312
Philippine Airlines,ZAM-CEB,2024.0,11,879.104,33.46,7348.83,6806.65,2949.85,297,3312
Cebu Pacific,ZAM-DVO,2024.0,11,4238.568,48.01,10000.0,6806.65,5088.4,297,1643
Cebu Pacific,ZAM-MNL,2024.0,11,23652.256,48.01,6541.74,6806.65,3766.6,297,9270
Philippine Airlines,ZAM-MNL,2024.0,11,6762.960000000001,33.46,6541.74,6806.65,3766.6,297,9270
Cebu Pacific,ZAM-TWT,2024.0,11,4709.52,48.01,6153.71,6806.65,5739.96,297,49
Philippine Airlines,ZAM-TWT,2024.0,11,1653.1680000000001,33.46,6153.71,6806.65,5739.96,297,49
Cebgo,BCD-CEB,2024.0,12,1717.632,5.48,5015.14,3492.01,2977.24,807,3769
Philippine Airlines,BCD-CEB,2024.0,12,1538.432,34.81,5015.14,3492.01,2977.24,807,3769
Cebu Pacific,BCD-DVO,2024.0,12,4912.6320000000005,46.26,10000.0,3492.01,4906.76,807,1712
AirAsia,BCD-MNL,2024.0,12,14061.6,13.45,3576.8,3492.01,3737.14,807,9677
Cebu Pacific,BCD-MNL,2024.0,12,28369.896,46.26,3576.8,3492.01,3737.14,807,9677
Philippine Airlines,BCD-MNL,2024.0,12,23574.208000000002,34.81,3576.8,3492.01,3737.14,807,9677
Philippine Airlines,BPA-CEB,2024.0,12,549.44,34.81,10000.0,10000.0,2977.24,21,3769
Philippine Airlines,BSO-CRK,2024.0,12,988.9920000000001,34.81,10000.0,10000.0,7739.89,63,319
Cebgo,BXU-CEB,2024.0,12,2760.48,5.48,5280.48,4314.78,2977.24,463,3769
Philippine Airlines,BXU-CEB,2024.0,12,1703.2640000000001,34.81,5280.48,4314.78,2977.24,463,3769
Cebu Pacific,BXU-MNL,2024.0,12,15504.696,46.26,5310.61,4314.78,3737.14,463,9677
Philippine Airlines,BXU-MNL,2024.0,12,9317.856,34.81,5310.61,4314.78,3737.14,463,9677
Philippine Airlines,CBO-MNL,2024.0,12,6462.384,34.81,10000.0,10000.0,3737.14,97,9677
Philippine Airlines,CBO-TWT,2024.0,12,439.552,34.81,10000.0,10000.0,5643.98,97,50
Cebgo,CEB-BCD,2024.0,12,1717.632,5.48,5015.14,2977.24,3492.01,3769,807
Philippine Airlines,CEB-BCD,2024.0,12,1538.432,34.81,5015.14,2977.24,3492.01,3769,807
Philippine Airlines,CEB-BPA,2024.0,12,604.384,34.81,10000.0,2977.24,10000.0,3769,21
Cebgo,CEB-BXU,2024.0,12,2760.48,5.48,5318.17,2977.24,4314.78,3769,463
Philippine Airlines,CEB-BXU,2024.0,12,1648.3200000000002,34.81,5318.17,2977.24,4314.78,3769,463
Cebgo,CEB-CEB,2024.0,12,306.72,5.48,5196.49,2977.24,2977.24,3769,3769
Philippine Airlines,CEB-CEB,2024.0,12,205.23200000000003,34.81,5196.49,2977.24,2977.24,3769,3769
Cebgo,CEB-CGM,2024.0,12,1778.976,5.48,10000.0,2977.24,10000.0,3769,57
Cebgo,CEB-CGY,2024.0,12,7852.032,5.48,5893.06,2977.24,3598.06,3769,1117
Philippine Airlines,CEB-CGY,2024.0,12,3186.752,34.81,5893.06,2977.24,3598.06,3769,1117
Cebu Pacific,CEB-CRK,2024.0,12,4912.6320000000005,46.26,10000.0,2977.24,7739.89,3769,319
Cebgo,CEB-CYP,2024.0,12,1901.664,5.48,10000.0,2977.24,5851.12,3769,82
Cebgo,CEB-DGT,2024.0,12,1840.32,5.48,10000.0,2977.24,4383.4,3769,338
Cebgo,CEB-DPL,2024.0,12,1717.632,5.48,10000.0,2977.24,3814.04,3769,174
Cebgo,CEB-DRP,2024.0,12,1717.632,5.48,10000.0,2977.24,4359.29,3769,349
Cebgo,CEB-DVO,2024.0,12,61.344,5.48,6328.26,2977.24,4906.76,3769,1712
Cebu Pacific,CEB-DVO,2024.0,12,3486.384,46.26,6328.26,2977.24,4906.76,3769,1712
Philippine Airlines,CEB-DVO,2024.0,12,11210.192000000001,34.81,6328.26,2977.24,4906.76,3769,1712
Philippine Airlines,CEB-GES,2024.0,12,1593.376,34.81,10000.0,2977.24,5097.41,3769,327
Cebgo,CEB-IAO,2024.0,12,5520.96,5.48,5199.84,2977.24,5034.2,3769,547
Philippine Airlines,CEB-IAO,2024.0,12,3681.248,34.81,5199.84,2977.24,5034.2,3769,547
Cebgo,CEB-ILO,2024.0,12,2944.512,5.48,10000.0,2977.24,3349.97,3769,1044
AirAsia,CEB-MNL,2024.0,12,22186.08,13.45,3602.95,2977.24,3737.14,3769,9677
Cebu Pacific,CEB-MNL,2024.0,12,46376.064,46.26,3602.95,2977.24,3737.14,3769,9677
Philippine Airlines,CEB-MNL,2024.0,12,41298.496,34.81,3602.95,2977.24,3737.14,3769,9677
Cebu Pacific,CEB-MPH,2024.0,12,4912.6320000000005,46.26,5060.83,2977.24,3706.31,3769,1135
Philippine Airlines,CEB-MPH,2024.0,12,3936.576,34.81,5060.83,2977.24,3706.31,3769,1135
Cebgo,CEB-NAN,2024.0,12,61.344,5.48,10000.0,2977.24,5965.96,3769,6
Cebgo,CEB-PAG,2024.0,12,122.688,5.48,10000.0,2977.24,8114.26,3769,120
Cebu Pacific,CEB-PPS,2024.0,12,6074.76,46.26,5092.13,2977.24,3906.27,3769,602
Philippine Airlines,CEB-PPS,2024.0,12,7983.040000000001,34.81,5092.13,2977.24,3906.27,3769,602
Cebgo,CEB-SUG,2024.0,12,1533.6000000000001,5.48,10000.0,2977.24,10000.0,3769,66
Cebgo,CEB-TAC,2024.0,12,1594.944,5.48,5005.39,2977.24,3304.62,3769,770
Philippine Airlines,CEB-TAC,2024.0,12,1703.2640000000001,34.81,5005.39,2977.24,3304.62,3769,770
Cebgo,CEB-USU,2024.0,12,1717.632,5.48,5000.09,2977.24,5506.74,3769,347
Philippine Airlines,CEB-USU,2024.0,12,1703.2640000000001,34.81,5000.09,2977.24,5506.74,3769,347
Cebgo,CGM-CEB,2024.0,12,1717.632,5.48,10000.0,10000.0,2977.24,57,3769
Cebgo,CGY-CEB,2024.0,12,7852.032,5.48,5923.39,3598.06,2977.24,1117,3769
Philippine Airlines,CGY-CEB,2024.0,12,3131.808,34.81,5923.39,3598.06,2977.24,1117,3769
Cebgo,CGY-CGY,2024.0,12,61.344,5.48,10000.0,3598.06,3598.06,1117,1117
Cebgo,CGY-DVO,2024.0,12,981.504,5.48,10000.0,3598.06,4906.76,1117,1712
Cebu Pacific,CGY-ILO,2024.0,12,4912.6320000000005,46.26,10000.0,3598.06,3349.97,1117,1044
AirAsia,CGY-MNL,2024.0,12,4843.4400000000005,13.45,4280.13,3598.06,3737.14,1117,9677
Cebu Pacific,CGY-MNL,2024.0,12,27589.464,46.26,4280.13,3598.06,3737.14,1117,9677
Philippine Airlines,CGY-MNL,2024.0,12,22184.448,34.81,4280.13,3598.06,3737.14,1117,9677
Philippine Airlines,CGY-NAN,2024.0,12,150.288,34.81,10000.0,3598.06,5965.96,1117,6
Philippine Airlines,CRK-BSO,2024.0,12,934.048,34.81,10000.0,7739.89,10000.0,319,63
Cebu Pacific,CRK-CEB,2024.0,12,4912.6320000000005,46.26,10000.0,7739.89,2977.24,319,3769
Philippine Airlines,CRK-CRK,2024.0,12,54.944,34.81,10000.0,7739.89,7739.89,319,319
Cebu Pacific,CRK-DVO,2024.0,12,4912.6320000000005,46.26,10000.0,7739.89,4906.76,319,1712
Philippine Airlines,CRK-IAO,2024.0,12,714.272,34.81,10000.0,7739.89,5034.2,319,547
Cebu Pacific,CRK-MPH,2024.0,12,7923.6,46.26,10000.0,7739.89,3706.31,319,1135
Philippine Airlines,CRK-USU,2024.0,12,934.048,34.81,10000.0,7739.89,5506.74,319,347
Cebgo,CYP-CEB,2024.0,12,1533.6000000000001,5.48,10000.0,5851.12,2977.24,82,3769
Philippine Airlines,CYP-MNL,2024.0,12,714.272,34.81,10000.0,5851.12,3737.14,82,9677
Cebu Pacific,CYZ-MNL,2024.0,12,6972.768,46.26,10000.0,10000.0,3737.14,92,9677
Cebgo,DGT-CEB,2024.0,12,1840.32,5.48,10000.0,4383.4,2977.24,338,3769
Cebgo,DGT-ILO,2024.0,12,61.344,5.48,10000.0,4383.4,3349.97,338,1044
Cebu Pacific,DGT-MNL,2024.0,12,9825.264000000001,46.26,5006.0,4383.4,3737.14,338,9677
Philippine Airlines,DGT-MNL,2024.0,12,9167.568000000001,34.81,5006.0,4383.4,3737.14,338,9677
Cebgo,DPL-CEB,2024.0,12,1656.288,5.48,10000.0,3814.04,2977.24,174,3769
Cebu Pacific,DPL-MNL,2024.0,12,4754.16,46.26,5009.43,3814.04,3737.14,174,9677
Philippine Airlines,DPL-MNL,2024.0,12,4358.352000000001,34.81,5009.43,3814.04,3737.14,174,9677
Cebgo,DRP-CEB,2024.0,12,1594.944,5.48,10000.0,4359.29,2977.24,349,3769
Cebu Pacific,DRP-MNL,2024.0,12,10782.912,46.26,5006.92,4359.29,3737.14,349,9677
Philippine Airlines,DRP-MNL,2024.0,12,10009.504,34.81,5006.92,4359.29,3737.14,349,9677
Cebu Pacific,DVO-BCD,2024.0,12,4912.6320000000005,46.26,10000.0,4906.76,3492.01,1712,807
Cebgo,DVO-CEB,2024.0,12,61.344,5.48,6302.29,4906.76,2977.24,1712,3769
Cebu Pacific,DVO-CEB,2024.0,12,3486.384,46.26,6302.29,4906.76,2977.24,1712,3769
Philippine Airlines,DVO-CEB,2024.0,12,11059.904,34.81,6302.29,4906.76,2977.24,1712,3769
Cebgo,DVO-CGY,2024.0,12,1104.192,5.48,7891.03,4906.76,3598.06,1712,1117
Philippine Airlines,DVO-CGY,2024.0,12,150.288,34.81,7891.03,4906.76,3598.06,1712,1117
Cebu Pacific,DVO-CRK,2024.0,12,4912.6320000000005,46.26,10000.0,4906.76,7739.89,1712,319
Cebu Pacific,DVO-DVO,2024.0,12,158.472,46.26,10000.0,4906.76,4906.76,1712,1712
Cebgo,DVO-IAO,2024.0,12,1840.32,5.48,10000.0,4906.76,5034.2,1712,547
Cebu Pacific,DVO-ILO,2024.0,12,4595.688,46.26,10000.0,4906.76,3349.97,1712,1044
Cebu Pacific,DVO-MNL,2024.0,12,53716.044,46.26,5048.1,4906.76,3737.14,1712,9677
Philippine Airlines,DVO-MNL,2024.0,12,44120.032,34.81,5048.1,4906.76,3737.14,1712,9677
Cebu Pacific,DVO-MPH,2024.0,12,4754.16,46.26,10000.0,4906.76,3706.31,1712,1135
Philippine Airlines,DVO-TAG,2024.0,12,1593.376,34.81,10000.0,4906.76,3361.86,1712,425
Philippine Airlines,EUQ-MNL,2024.0,12,714.272,34.81,10000.0,10000.0,3737.14,26,9677
Philippine Airlines,GES-CEB,2024.0,12,1648.3200000000002,34.81,10000.0,5097.41,2977.24,327,3769
Cebu Pacific,GES-MNL,2024.0,12,18791.712,46.26,5196.96,5097.41,3737.14,327,9677
Philippine Airlines,GES-MNL,2024.0,12,12567.632,34.81,5196.96,5097.41,3737.14,327,9677
Cebgo,IAO-CEB,2024.0,12,5030.2080000000005,5.48,5143.83,5034.2,2977.24,547,3769
Philippine Airlines,IAO-CEB,2024.0,12,3571.36,34.81,5143.83,5034.2,2977.24,547,3769
Philippine Airlines,IAO-CRK,2024.0,12,659.328,34.81,10000.0,5034.2,7739.89,547,319
Cebgo,IAO-DVO,2024.0,12,1901.664,5.48,10000.0,5034.2,4906.76,547,1712
Cebgo,IAO-IAO,2024.0,12,61.344,5.48,6046.78,5034.2,5034.2,547,547
Philippine Airlines,IAO-IAO,2024.0,12,164.832,34.81,6046.78,5034.2,5034.2,547,547
Philippine Airlines,IAO-MNL,2024.0,12,3131.808,34.81,10000.0,5034.2,3737.14,547,9677
Cebgo,IAO-NAN,2024.0,12,61.344,5.48,10000.0,5034.2,5965.96,547,6
Cebgo,ILO-CEB,2024.0,12,2637.792,5.48,9600.24,3349.97,2977.24,1044,3769
Philippine Airlines,ILO-CEB,2024.0,12,54.944,34.81,9600.24,3349.97,2977.24,1044,3769
Cebu Pacific,ILO-CGY,2024.0,12,4912.6320000000005,46.26,10000.0,3349.97,3598.06,1044,1117
Cebu Pacific,ILO-DVO,2024.0,12,4754.16,46.26,9405.92,3349.97,4906.76,1044,1712
Philippine Airlines,ILO-DVO,2024.0,12,150.288,34.81,9405.92,3349.97,4906.76,1044,1712
AirAsia,ILO-MNL,2024.0,12,23427.600000000002,13.45,3381.84,3349.97,3737.14,1044,9677
Cebu Pacific,ILO-MNL,2024.0,12,20981.352000000003,46.26,3381.84,3349.97,3737.14,1044,9677
Philippine Airlines,ILO-MNL,2024.0,12,17378.464,34.81,3381.84,3349.97,3737.14,1044,9677
Cebu Pacific,ILO-TAC,2024.0,12,2852.496,46.26,10000.0,3349.97,3304.62,1044,770
AirAsia,KLO-MNL,2024.0,12,14061.6,13.45,6162.48,6172.74,3737.14,243,9677
Cebu Pacific,KLO-MNL,2024.0,12,4912.6320000000005,46.26,6162.48,6172.74,3737.14,243,9677
Philippine Airlines,LAO-MNL,2024.0,12,8731.248000000001,34.81,10000.0,10000.0,3737.14,91,9677
AirAsia,MNL-BCD,2024.0,12,9374.400000000001,13.45,3511.07,3737.14,3492.01,9677,807
Cebu Pacific,MNL-BCD,2024.0,12,16828.704,46.26,3511.07,3737.14,3492.01,9677,807
Philippine Airlines,MNL-BCD,2024.0,12,13367.552000000001,34.81,3511.07,3737.14,3492.01,9677,807
Philippine Airlines,MNL-BSO,2024.0,12,1538.432,34.81,10000.0,3737.14,10000.0,9677,63
Cebu Pacific,MNL-BXU,2024.0,12,15504.696,46.26,5349.95,3737.14,4314.78,9677,463
Philippine Airlines,MNL-BXU,2024.0,12,9017.28,34.81,5349.95,3737.14,4314.78,9677,463
Philippine Airlines,MNL-CBO,2024.0,12,6913.2480000000005,34.81,10000.0,3737.14,10000.0,9677,97
AirAsia,MNL-CEB,2024.0,12,26873.280000000002,13.45,3476.3,3737.14,2977.24,9677,3769
Cebgo,MNL-CEB,2024.0,12,1288.224,5.48,3476.3,3737.14,2977.24,9677,3769
Cebu Pacific,MNL-CEB,2024.0,12,44753.856,46.26,3476.3,3737.14,2977.24,9677,3769
Philippine Airlines,MNL-CEB,2024.0,12,51623.12,34.81,3476.3,3737.14,2977.24,9677,3769
AirAsia,MNL-CGY,2024.0,12,4843.4400000000005,13.45,4563.1,3737.14,3598.06,9677,1117
Cebu Pacific,MNL-CGY,2024.0,12,32684.424000000003,46.26,4563.1,3737.14,3598.06,9677,1117
Philippine Airlines,MNL-CGY,2024.0,12,18611.472,34.81,4563.1,3737.14,3598.06,9677,1117
Philippine Airlines,MNL-CRM,2024.0,12,988.9920000000001,34.81,10000.0,3737.14,10000.0,9677,18
Philippine Airlines,MNL-CYP,2024.0,12,714.272,34.81,10000.0,3737.14,5851.12,9677,82
Cebu Pacific,MNL-CYZ,2024.0,12,7606.656000000001,46.26,10000.0,3737.14,10000.0,9677,92
Cebu Pacific,MNL-DGT,2024.0,12,14737.896,46.26,5271.48,3737.14,4383.4,9677,338
Philippine Airlines,MNL-DGT,2024.0,12,9167.568000000001,34.81,5271.48,3737.14,4383.4,9677,338
Cebu Pacific,MNL-DPL,2024.0,12,4754.16,46.26,5003.51,3737.14,3814.04,9677,174
Philippine Airlines,MNL-DPL,2024.0,12,4508.64,34.81,5003.51,3737.14,3814.04,9677,174
Cebu Pacific,MNL-DRP,2024.0,12,11174.832,46.26,5007.07,3737.14,4359.29,9677,349
Philippine Airlines,MNL-DRP,2024.0,12,10365.024000000001,34.81,5007.07,3737.14,4359.29,9677,349
Cebu Pacific,MNL-DVO,2024.0,12,52122.804000000004,46.26,5015.89,3737.14,4906.76,9677,1712
Philippine Airlines,MNL-DVO,2024.0,12,46560.192,34.81,5015.89,3737.14,4906.76,9677,1712
Philippine Airlines,MNL-EUQ,2024.0,12,714.272,34.81,10000.0,3737.14,10000.0,9677,26
Cebu Pacific,MNL-GES,2024.0,12,18791.712,46.26,5196.96,3737.14,5097.41,9677,327
Philippine Airlines,MNL-GES,2024.0,12,12567.632,34.81,5196.96,3737.14,5097.41,9677,327
Philippine Airlines,MNL-IAO,2024.0,12,4999.904,34.81,10000.0,3737.14,5034.2,9677,547
AirAsia,MNL-ILO,2024.0,12,19061.280000000002,13.45,3365.76,3737.14,3349.97,9677,1044
Cebu Pacific,MNL-ILO,2024.0,12,24012.768,46.26,3365.76,3737.14,3349.97,9677,1044
Philippine Airlines,MNL-ILO,2024.0,12,23275.248000000003,34.81,3365.76,3737.14,3349.97,9677,1044
AirAsia,MNL-KLO,2024.0,12,14217.84,13.45,6182.96,3737.14,6172.74,9677,243
Cebu Pacific,MNL-KLO,2024.0,12,4912.6320000000005,46.26,6182.96,3737.14,6172.74,9677,243
Philippine Airlines,MNL-LAO,2024.0,12,4658.928,34.81,10000.0,3737.14,10000.0,9677,91
AirAsia,MNL-MNL,2024.0,12,468.72,13.45,3874.02,3737.14,3737.14,9677,9677
Cebgo,MNL-MNL,2024.0,12,61.344,5.48,3874.02,3737.14,3737.14,9677,9677
Cebu Pacific,MNL-MNL,2024.0,12,1342.752,46.26,3874.02,3737.14,3737.14,9677,9677
Philippine Airlines,MNL-MNL,2024.0,12,1743.6640000000002,34.81,3874.02,3737.14,3737.14,9677,9677
AirAsia,MNL-MPH,2024.0,12,14530.320000000002,13.45,3219.21,3737.14,3706.31,9677,1135
Cebgo,MNL-MPH,2024.0,12,1963.008,5.48,3219.21,3737.14,3706.31,9677,1135
Cebu Pacific,MNL-MPH,2024.0,12,21869.136000000002,46.26,3219.21,3737.14,3706.31,9677,1135
Philippine Airlines,MNL-MPH,2024.0,12,15379.472000000002,34.81,3219.21,3737.14,3706.31,9677,1135
Cebu Pacific,MNL-OZC,2024.0,12,7606.656000000001,46.26,10000.0,3737.14,5618.48,9677,152
Cebu Pacific,MNL-PAG,2024.0,12,4912.6320000000005,46.26,10000.0,3737.14,8114.26,9677,120
AirAsia,MNL-PPS,2024.0,12,4530.96,13.45,4297.76,3737.14,3906.27,9677,602
Cebu Pacific,MNL-PPS,2024.0,12,17578.464,46.26,4297.76,3737.14,3906.27,9677,602
Philippine Airlines,MNL-PPS,2024.0,12,8404.816,34.81,4297.76,3737.14,3906.27,9677,602
Cebu Pacific,MNL-RXS,2024.0,12,4912.6320000000005,46.26,10000.0,3737.14,5398.5,9677,128
AirAsia,MNL-TAC,2024.0,12,9374.400000000001,13.45,3496.51,3737.14,3304.62,9677,770
Cebu Pacific,MNL-TAC,2024.0,12,9666.792000000001,46.26,3496.51,3737.14,3304.62,9677,770
Philippine Airlines,MNL-TAC,2024.0,12,14810.640000000001,34.81,3496.51,3737.14,3304.62,9677,770
AirAsia,MNL-TAG,2024.0,12,9686.880000000001,13.45,3453.61,3737.14,3361.86,9677,425
Cebu Pacific,MNL-TAG,2024.0,12,6074.76,46.26,3453.61,3737.14,3361.86,9677,425
Philippine Airlines,MNL-TAG,2024.0,12,9017.28,34.81,3453.61,3737.14,3361.86,9677,425
Cebu Pacific,MNL-TUG,2024.0,12,4595.688,46.26,10000.0,3737.14,7358.32,9677,171
Cebgo,MNL-USU,2024.0,12,1778.976,5.48,10000.0,3737.14,5506.74,9677,347
Cebgo,MNL-WNP,2024.0,12,3251.232,5.48,10000.0,3737.14,10000.0,9677,105
Cebu Pacific,MPH-CEB,2024.0,12,4754.16,46.26,5044.25,3706.31,2977.24,1135,3769
Philippine Airlines,MPH-CEB,2024.0,12,3936.5760000000005,34.81,5044.25,3706.31,2977.24,1135,3769
Cebu Pacific,MPH-CRK,2024.0,12,7765.128000000001,46.26,10000.0,3706.31,7739.89,1135,319
Cebu Pacific,MPH-DVO,2024.0,12,4754.16,46.26,10000.0,3706.31,4906.76,1135,1712
AirAsia,MPH-MNL,2024.0,12,19373.760000000002,13.45,3237.29,3706.31,3737.14,1135,9677
Cebgo,MPH-MNL,2024.0,12,1901.664,5.48,3237.29,3706.31,3737.14,1135,9677
Cebu Pacific,MPH-MNL,2024.0,12,26623.296000000002,46.26,3237.29,3706.31,3737.14,1135,9677
Philippine Airlines,MPH-MNL,2024.0,12,18986.384000000002,34.81,3237.29,3706.31,3737.14,1135,9677
Philippine Airlines,NAN-MNL,2024.0,12,54.944,34.81,10000.0,5965.96,3737.14,6,9677
Philippine Airlines,NAN-NAN,2024.0,12,54.944,34.81,10000.0,5965.96,5965.96,6,6
Cebgo,OZC-CEB,2024.0,12,1656.288,5.48,10000.0,5618.48,2977.24,152,3769
Cebu Pacific,OZC-MNL,2024.0,12,7606.656000000001,46.26,5368.52,5618.48,3737.14,152,9677
Philippine Airlines,OZC-MNL,2024.0,12,4358.352000000001,34.81,5368.52,5618.48,3737.14,152,9677
Cebgo,PAG-CEB,2024.0,12,1594.944,5.48,10000.0,8114.26,2977.24,120,3769
Cebu Pacific,PAG-MNL,2024.0,12,9666.792000000001,46.26,10000.0,8114.26,3737.14,120,9677
Cebu Pacific,PPS-CEB,2024.0,12,6074.76,46.26,5242.6,3906.27,2977.24,602,3769
Philippine Airlines,PPS-CEB,2024.0,12,3881.6320000000005,34.81,5242.6,3906.27,2977.24,602,3769
AirAsia,PPS-MNL,2024.0,12,9686.880000000001,13.45,3534.39,3906.27,3737.14,602,9677
Cebu Pacific,PPS-MNL,2024.0,12,16678.752,46.26,3534.39,3906.27,3737.14,602,9677
Philippine Airlines,PPS-MNL,2024.0,12,17926.288,34.81,3534.39,3906.27,3737.14,602,9677
AirAsia,RXS-MNL,2024.0,12,1718.64,13.45,4535.18,5398.5,3737.14,128,9677
Cebu Pacific,RXS-MNL,2024.0,12,9032.904,46.26,4535.18,5398.5,3737.14,128,9677
Philippine Airlines,RXS-MNL,2024.0,12,4358.352000000001,34.81,4535.18,5398.5,3737.14,128,9677
Cebu Pacific,SIN-ILO,2024.0,12,1901.6640000000002,46.26,10000.0,10000.0,3349.97,12,1044
Cebgo,SUG-CEB,2024.0,12,2515.1040000000003,5.48,10000.0,10000.0,2977.24,66,3769
Cebgo,SWL-CEB,2024.0,12,1226.88,5.48,10000.0,10000.0,2977.24,20,3769
Cebgo,TAC-CEB,2024.0,12,1963.008,5.48,5025.1,3304.62,2977.24,770,3769
Philippine Airlines,TAC-CEB,2024.0,12,1703.2640000000001,34.81,5025.1,3304.62,2977.24,770,3769
Cebu Pacific,TAC-DVO,2024.0,12,2060.136,46.26,10000.0,3304.62,4906.76,770,1712
Cebu Pacific,TAC-ILO,2024.0,12,2852.496,46.26,10000.0,3304.62,3349.97,770,1044
AirAsia,TAC-MNL,2024.0,12,18584.16,13.45,3715.66,3304.62,3737.14,770,9677
Cebu Pacific,TAC-MNL,2024.0,12,29158.848,46.26,3715.66,3304.62,3737.14,770,9677
Philippine Airlines,TAC-MNL,2024.0,12,12671.056,34.81,3715.66,3304.62,3737.14,770,9677
Cebu Pacific,TAC-TAC,2024.0,12,158.472,46.26,10000.0,3304.62,3304.62,770,770
Philippine Airlines,TAG-DVO,2024.0,12,1593.376,34.81,10000.0,3361.86,4906.76,425,1712
AirAsia,TAG-MNL,2024.0,12,9686.880000000001,13.45,3722.9,3361.86,3737.14,425,9677
Cebu Pacific,TAG-MNL,2024.0,12,18111.816000000003,46.26,3722.9,3361.86,3737.14,425,9677
Philippine Airlines,TAG-MNL,2024.0,12,8866.992,34.81,3722.9,3361.86,3737.14,425,9677
Philippine Airlines,TBH-MNL,2024.0,12,150.288,34.81,10000.0,10000.0,3737.14,2,9677
Philippine Airlines,TBH-MPH,2024.0,12,150.288,34.81,10000.0,10000.0,3706.31,2,1135
Cebu Pacific,TUG-MNL,2024.0,12,18065.808,46.26,6935.37,7358.32,3737.14,171,9677
Philippine Airlines,TUG-MNL,2024.0,12,4208.064,34.81,6935.37,7358.32,3737.14,171,9677
Cebgo,USU-CEB,2024.0,12,2576.448,5.48,5277.91,5506.74,2977.24,347,3769
Philippine Airlines,USU-CEB,2024.0,12,1593.376,34.81,5277.91,5506.74,2977.24,347,3769
Philippine Airlines,USU-CRK,2024.0,12,934.048,34.81,10000.0,5506.74,7739.89,347,319
Cebgo,USU-MNL,2024.0,12,7422.624,5.48,6963.88,5506.74,3737.14,347,9677
Philippine Airlines,USU-MNL,2024.0,12,1703.2640000000001,34.81,6963.88,5506.74,3737.14,347,9677
Philippine Airlines,USU-USU,2024.0,12,54.944,34.81,10000.0,5506.74,5506.74,347,347
Cebgo,WNP-MNL,2024.0,12,3189.888,5.48,10000.0,10000.0,3737.14,105,9677
Cebu Pacific,ZAM-CEB,2024.0,12,4120.272,46.26,5977.95,6870.7,2977.24,308,3769
Philippine Airlines,ZAM-CEB,2024.0,12,1593.376,34.81,5977.95,6870.7,2977.24,308,3769
Cebu Pacific,ZAM-DVO,2024.0,12,4754.16,46.26,10000.0,6870.7,4906.76,308,1712
Cebu Pacific,ZAM-MNL,2024.0,12,25418.568000000003,46.26,6906.33,6870.7,3737.14,308,9677
Philippine Airlines,ZAM-MNL,2024.0,12,6011.52,34.81,6906.33,6870.7,3737.14,308,9677
Cebu Pacific,ZAM-TWT,2024.0,12,4754.16,46.26,6012.35,6870.7,5643.98,308,50
Philippine Airlines,ZAM-TWT,2024.0,12,1803.4560000000001,34.81,6012.35,6870.7,5643.98,308,50
Cebgo,BCD-CEB,2025.0,1,1930.68,4.97,5197.19,3407.96,2912.58,811,3524
Philippine Airlines,BCD-CEB,2025.0,1,1290.9119999999998,32.71,5197.19,3407.96,2912.58,811,3524
Cebu Pacific,BCD-DVO,2025.0,1,4665.8099999999995,47.97,10000.0,3407.96,5116.36,811,1661
AirAsia,BCD-MNL,2025.0,1,16667.46,14.35,3503.8,3407.96,3750.48,811,9655
Cebu Pacific,BCD-MNL,2025.0,1,28662.64,47.97,3503.8,3407.96,3750.48,811,9655
Philippine Airlines,BCD-MNL,2025.0,1,20740.02,32.71,3503.8,3407.96,3750.48,811,9655
Philippine Airlines,BPA-CEB,2025.0,1,699.2439999999999,32.71,10000.0,10000.0,2912.58,27,3524
Philippine Airlines,BSO-CRK,2025.0,1,806.8199999999999,32.71,10000.0,10000.0,7807.67,61,310
Cebgo,BXU-CEB,2025.0,1,1992.96,4.97,5039.55,4618.85,2912.58,431,3524
Philippine Airlines,BXU-CEB,2025.0,1,1667.4279999999999,32.71,5039.55,4618.85,2912.58,431,3524
Cebu Pacific,BXU-MNL,2025.0,1,16370.989999999998,47.97,5572.68,4618.85,3750.48,431,9655
Philippine Airlines,BXU-MNL,2025.0,1,8091.93,32.71,5572.68,4618.85,3750.48,431,9655
Philippine Airlines,CBO-MNL,2025.0,1,5149.41,32.71,10000.0,10000.0,3750.48,92,9655
Philippine Airlines,CBO-TWT,2025.0,1,484.092,32.71,10000.0,10000.0,5610.38,92,50
Cebgo,CEB-BCD,2025.0,1,1930.68,4.97,5197.19,2912.58,3407.96,3524,811
Philippine Airlines,CEB-BCD,2025.0,1,1290.9119999999998,32.71,5197.19,2912.58,3407.96,3524,811
Philippine Airlines,CEB-BPA,2025.0,1,753.0319999999999,32.71,10000.0,2912.58,10000.0,3524,27
Cebgo,CEB-BXU,2025.0,1,1992.96,4.97,5039.55,2912.58,4618.85,3524,431
Philippine Airlines,CEB-BXU,2025.0,1,1667.4279999999999,32.71,5039.55,2912.58,4618.85,3524,431
Cebgo,CEB-CGM,2025.0,1,1806.1200000000001,4.97,10000.0,2912.58,10000.0,3524,59
Cebgo,CEB-CGY,2025.0,1,4484.16,4.97,5146.48,2912.58,3832.73,3524,998
Philippine Airlines,CEB-CGY,2025.0,1,3173.4919999999997,32.71,5146.48,2912.58,3832.73,3524,998
Cebu Pacific,CEB-CRK,2025.0,1,4987.589999999999,47.97,10000.0,2912.58,7807.67,3524,310
Cebgo,CEB-CYP,2025.0,1,1743.8400000000001,4.97,10000.0,2912.58,5789.06,3524,82
Cebgo,CEB-DGT,2025.0,1,1868.4,4.97,8540.04,2912.58,4371.96,3524,330
Cebu Pacific,CEB-DGT,2025.0,1,160.89,47.97,8540.04,2912.58,4371.96,3524,330
Cebgo,CEB-DPL,2025.0,1,1681.56,4.97,10000.0,2912.58,3853.04,3524,174
Cebgo,CEB-DRP,2025.0,1,1681.56,4.97,10000.0,2912.58,4391.31,3524,355
Cebu Pacific,CEB-DVO,2025.0,1,3217.7999999999997,47.97,5616.32,2912.58,5116.36,3524,1661
Philippine Airlines,CEB-DVO,2025.0,1,6699.7699999999995,32.71,5616.32,2912.58,5116.36,3524,1661
Philippine Airlines,CEB-GES,2025.0,1,1344.6999999999998,32.71,10000.0,2912.58,5218.02,3524,323
Cebgo,CEB-IAO,2025.0,1,5854.32,4.97,5194.24,2912.58,5015.74,3524,567
Philippine Airlines,CEB-IAO,2025.0,1,3926.524,32.71,5194.24,2912.58,5015.74,3524,567
Cebgo,CEB-ILO,2025.0,1,1432.44,4.97,10000.0,2912.58,3480.53,3524,999
AirAsia,CEB-MNL,2025.0,1,22654.8,14.35,3620.83,2912.58,3750.48,3524,9655
Cebu Pacific,CEB-MNL,2025.0,1,48594.835,47.97,3620.83,2912.58,3750.48,3524,9655
Philippine Airlines,CEB-MNL,2025.0,1,37189.656,32.71,3620.83,2912.58,3750.48,3524,9655
Cebu Pacific,CEB-MPH,2025.0,1,4826.7,47.97,5614.6,2912.58,3753.74,3524,1130
Philippine Airlines,CEB-MPH,2025.0,1,2320.794,32.71,5614.6,2912.58,3753.74,3524,1130
Cebgo,CEB-NAN,2025.0,1,124.56,4.97,5080.99,2912.58,3435.14,3524,14
Cebu Pacific,CEB-NAN,2025.0,1,160.89,47.97,5080.99,2912.58,3435.14,3524,14
Cebgo,CEB-PAG,2025.0,1,1183.32,4.97,10000.0,2912.58,6846.29,3524,150
Cebu Pacific,CEB-PPS,2025.0,1,6366.4,47.97,5672.99,2912.58,3857.42,3524,576
Philippine Airlines,CEB-PPS,2025.0,1,2948.848,32.71,5672.99,2912.58,3857.42,3524,576
Cebgo,CEB-SUG,2025.0,1,1743.8400000000001,4.97,10000.0,2912.58,8248.72,3524,69
Cebgo,CEB-TAC,2025.0,1,1619.28,4.97,4559.66,2912.58,3288.94,3524,757
Cebu Pacific,CEB-TAC,2025.0,1,160.89,47.97,4559.66,2912.58,3288.94,3524,757
Philippine Airlines,CEB-TAC,2025.0,1,1613.6399999999999,32.71,4559.66,2912.58,3288.94,3524,757
Cebgo,CEB-USU,2025.0,1,1930.68,4.97,5040.01,2912.58,5644.07,3524,351
Philippine Airlines,CEB-USU,2025.0,1,1613.6399999999999,32.71,5040.01,2912.58,5644.07,3524,351
Cebgo,CGM-CEB,2025.0,1,1868.4,4.97,10000.0,10000.0,2912.58,59,3524
Cebgo,CGY-CEB,2025.0,1,4421.88,4.97,5135.07,3832.73,2912.58,998,3524
Philippine Airlines,CGY-CEB,2025.0,1,3173.4919999999997,32.71,5135.07,3832.73,2912.58,998,3524
Cebgo,CGY-DVO,2025.0,1,1058.76,4.97,10000.0,3832.73,5116.36,998,1661
Cebu Pacific,CGY-ILO,2025.0,1,4826.7,47.97,10000.0,3832.73,3480.53,998,999
AirAsia,CGY-MNL,2025.0,1,5016.42,14.35,4248.15,3832.73,3750.48,998,9655
Cebu Pacific,CGY-MNL,2025.0,1,27320.16,47.97,4248.15,3832.73,3750.48,998,9655
Philippine Airlines,CGY-MNL,2025.0,1,22752.324,32.71,4248.15,3832.73,3750.48,998,9655
Philippine Airlines,CRK-BSO,2025.0,1,968.184,32.71,10000.0,7807.67,10000.0,310,61
Cebu Pacific,CRK-CEB,2025.0,1,4987.589999999999,47.97,10000.0,7807.67,2912.58,310,3524
Cebu Pacific,CRK-DVO,2025.0,1,4826.7,47.97,10000.0,7807.67,5116.36,310,1661
Philippine Airlines,CRK-IAO,2025.0,1,645.4559999999999,32.71,10000.0,7807.67,5015.74,310,567
Cebu Pacific,CRK-MPH,2025.0,1,7722.719999999999,47.97,10000.0,7807.67,3753.74,310,1130
Philippine Airlines,CRK-USU,2025.0,1,914.396,32.71,10000.0,7807.67,5644.07,310,351
Cebgo,CYP-CEB,2025.0,1,1806.1200000000001,4.97,10000.0,5789.06,2912.58,82,3524
Philippine Airlines,CYP-MNL,2025.0,1,591.668,32.71,10000.0,5789.06,3750.48,82,9655
Philippine Airlines,CYP-TAC,2025.0,1,294.252,32.71,10000.0,5789.06,3288.94,82,757
Cebu Pacific,CYZ-MNL,2025.0,1,7883.61,47.97,10000.0,10000.0,3750.48,98,9655
Cebgo,DGT-CEB,2025.0,1,1868.4,4.97,10000.0,4371.96,2912.58,330,3524
Cebu Pacific,DGT-MNL,2025.0,1,9492.509999999998,47.97,5003.93,4371.96,3750.48,330,9655
Philippine Airlines,DGT-MNL,2025.0,1,8974.686,32.71,5003.93,4371.96,3750.48,330,9655
Cebgo,DPL-CEB,2025.0,1,1619.28,4.97,10000.0,3853.04,2912.58,174,3524
Cebu Pacific,DPL-MNL,2025.0,1,4987.589999999999,47.97,5045.43,3853.04,3750.48,174,9655
Philippine Airlines,DPL-MNL,2025.0,1,4119.528,32.71,5045.43,3853.04,3750.48,174,9655
Cebgo,DRP-CEB,2025.0,1,1619.28,4.97,10000.0,4391.31,2912.58,355,3524
Cebu Pacific,DRP-MNL,2025.0,1,11565.05,47.97,5086.49,4391.31,3750.48,355,9655
Philippine Airlines,DRP-MNL,2025.0,1,8876.602,32.71,5086.49,4391.31,3750.48,355,9655
Cebu Pacific,DVO-BCD,2025.0,1,4826.7,47.97,10000.0,5116.36,3407.96,1661,811
Cebu Pacific,DVO-CEB,2025.0,1,3217.7999999999997,47.97,5616.32,5116.36,2912.58,1661,3524
Philippine Airlines,DVO-CEB,2025.0,1,6699.7699999999995,32.71,5616.32,5116.36,2912.58,1661,3524
Cebgo,DVO-CGY,2025.0,1,996.48,4.97,10000.0,5116.36,3832.73,1661,998
Cebu Pacific,DVO-CRK,2025.0,1,4665.8099999999995,47.97,10000.0,5116.36,7807.67,1661,310
Cebgo,DVO-IAO,2025.0,1,1930.68,4.97,10000.0,5116.36,5015.74,1661,567
Cebu Pacific,DVO-ILO,2025.0,1,4987.589999999999,47.97,10000.0,5116.36,3480.53,1661,999
Cebu Pacific,DVO-MNL,2025.0,1,60018.89,47.97,5171.26,5116.36,3750.48,1661,9655
Philippine Airlines,DVO-MNL,2025.0,1,41272.798,32.71,5171.26,5116.36,3750.48,1661,9655
Cebu Pacific,DVO-MPH,2025.0,1,4826.7,47.97,10000.0,5116.36,3753.74,1661,1130
Cebgo,DVO-NAN,2025.0,1,62.28,4.97,10000.0,5116.36,3435.14,1661,14
Philippine Airlines,DVO-TAG,2025.0,1,1452.2759999999998,32.71,10000.0,5116.36,3358.27,1661,427
Philippine Airlines,EUQ-MNL,2025.0,1,645.4559999999999,32.71,10000.0,10000.0,3750.48,26,9655
Philippine Airlines,GES-CEB,2025.0,1,1344.6999999999998,32.71,10000.0,5218.02,2912.58,323,3524
Cebu Pacific,GES-MNL,2025.0,1,21450.27,47.97,5335.75,5218.02,3750.48,323,9655
Philippine Airlines,GES-MNL,2025.0,1,12621.196,32.71,5335.75,5218.02,3750.48,323,9655
Cebgo,IAO-CEB,2025.0,1,5605.2,4.97,5206.6,5015.74,2912.58,567,3524
Philippine Airlines,IAO-CEB,2025.0,1,3711.372,32.71,5206.6,5015.74,2912.58,567,3524
Philippine Airlines,IAO-CRK,2025.0,1,699.2439999999999,32.71,10000.0,5015.74,7807.67,567,310
Cebgo,IAO-DVO,2025.0,1,1930.68,4.97,10000.0,5015.74,5116.36,567,1661
Philippine Airlines,IAO-MNL,2025.0,1,3173.4919999999997,32.71,10000.0,5015.74,3750.48,567,9655
Cebgo,IAO-NAN,2025.0,1,62.28,4.97,10000.0,5015.74,3435.14,567,14
Cebgo,ILO-CEB,2025.0,1,1432.44,4.97,10000.0,3480.53,2912.58,999,3524
Cebu Pacific,ILO-CGY,2025.0,1,4665.8099999999995,47.97,10000.0,3480.53,3832.73,999,998
Cebu Pacific,ILO-DVO,2025.0,1,4987.589999999999,47.97,10000.0,3480.53,5116.36,999,1661
AirAsia,ILO-MNL,2025.0,1,24770.64,14.35,3446.01,3480.53,3750.48,999,9655
Cebu Pacific,ILO-MNL,2025.0,1,21453.73,47.97,3446.01,3480.53,3750.48,999,9655
Philippine Airlines,ILO-MNL,2025.0,1,15604.848,32.71,3446.01,3480.53,3750.48,999,9655
Cebu Pacific,ILO-TAC,2025.0,1,2574.24,47.97,10000.0,3480.53,3288.94,999,757
AirAsia,KLO-MNL,2025.0,1,15049.26,14.35,6260.81,6260.81,3750.48,248,9655
Cebu Pacific,KLO-MNL,2025.0,1,4987.589999999999,47.97,6260.81,6260.81,3750.48,248,9655
Philippine Airlines,LAO-MNL,2025.0,1,7425.908,32.71,10000.0,10000.0,3750.48,83,9655
Philippine Airlines,LAO-NAN,2025.0,1,147.126,32.71,10000.0,10000.0,3435.14,83,14
AirAsia,MNL-BCD,2025.0,1,10032.84,14.35,3482.84,3750.48,3407.96,9655,811
Cebu Pacific,MNL-BCD,2025.0,1,17152.949999999997,47.97,3482.84,3750.48,3407.96,9655,811
Philippine Airlines,MNL-BCD,2025.0,1,14886.62,32.71,3482.84,3750.48,3407.96,9655,811
Philippine Airlines,MNL-BSO,2025.0,1,1506.0639999999999,32.71,10000.0,3750.48,10000.0,9655,61
Cebu Pacific,MNL-BXU,2025.0,1,16768.89,47.97,5481.28,3750.48,4618.85,9655,431
Philippine Airlines,MNL-BXU,2025.0,1,8827.56,32.71,5481.28,3750.48,4618.85,9655,431
Philippine Airlines,MNL-CBO,2025.0,1,7062.048000000001,32.71,10000.0,3750.48,10000.0,9655,92
AirAsia,MNL-CEB,2025.0,1,27833.039999999997,14.35,3470.27,3750.48,2912.58,9655,3524
Cebgo,MNL-CEB,2025.0,1,435.96000000000004,4.97,3470.27,3750.48,2912.58,9655,3524
Cebu Pacific,MNL-CEB,2025.0,1,44424.67,47.97,3470.27,3750.48,2912.58,9655,3524
Philippine Airlines,MNL-CEB,2025.0,1,48219.36,32.71,3470.27,3750.48,2912.58,9655,3524
AirAsia,MNL-CGY,2025.0,1,5016.42,14.35,4549.47,3750.48,3832.73,9655,998
Cebu Pacific,MNL-CGY,2025.0,1,32293.91,47.97,4549.47,3750.48,3832.73,9655,998
Philippine Airlines,MNL-CGY,2025.0,1,18018.98,32.71,4549.47,3750.48,3832.73,9655,998
Philippine Airlines,MNL-CRM,2025.0,1,860.608,32.71,10000.0,3750.48,10000.0,9655,16
Philippine Airlines,MNL-CYP,2025.0,1,645.4559999999999,32.71,10000.0,3750.48,5789.06,9655,82
Cebu Pacific,MNL-CYZ,2025.0,1,7883.61,47.97,10000.0,3750.48,10000.0,9655,98
Cebu Pacific,MNL-DGT,2025.0,1,14319.21,47.97,5281.45,3750.48,4371.96,9655,330
Philippine Airlines,MNL-DGT,2025.0,1,8827.56,32.71,5281.45,3750.48,4371.96,9655,330
Cebu Pacific,MNL-DPL,2025.0,1,4987.589999999999,47.97,5009.98,3750.48,3853.04,9655,174
Philippine Airlines,MNL-DPL,2025.0,1,4560.906,32.71,5009.98,3750.48,3853.04,9655,174
Cebu Pacific,MNL-DRP,2025.0,1,11764.0,47.97,5000.32,3750.48,4391.31,9655,355
Philippine Airlines,MNL-DRP,2025.0,1,11578.658,32.71,5000.32,3750.48,4391.31,9655,355
Cebu Pacific,MNL-DVO,2025.0,1,60302.61,47.97,5152.1,3750.48,5116.36,9655,1661
Philippine Airlines,MNL-DVO,2025.0,1,42391.272000000004,32.71,5152.1,3750.48,5116.36,9655,1661
Philippine Airlines,MNL-EUQ,2025.0,1,753.0319999999999,32.71,10000.0,3750.48,10000.0,9655,26
Cebu Pacific,MNL-GES,2025.0,1,21450.27,47.97,5321.87,3750.48,5218.02,9655,323
Philippine Airlines,MNL-GES,2025.0,1,12768.322,32.71,5321.87,3750.48,5218.02,9655,323
Philippine Airlines,MNL-IAO,2025.0,1,5056.072,32.71,10000.0,3750.48,5015.74,9655,567
AirAsia,MNL-ILO,2025.0,1,20389.32,14.35,3362.78,3750.48,3480.53,9655,999
Cebu Pacific,MNL-ILO,2025.0,1,25610.92,47.97,3362.78,3750.48,3480.53,9655,999
Philippine Airlines,MNL-ILO,2025.0,1,24128.664,32.71,3362.78,3750.48,3480.53,9655,999
AirAsia,MNL-KLO,2025.0,1,15049.26,14.35,6260.81,3750.48,6260.81,9655,248
Cebu Pacific,MNL-KLO,2025.0,1,4987.589999999999,47.97,6260.81,3750.48,6260.81,9655,248
Philippine Airlines,MNL-LAO,2025.0,1,4708.032,32.71,10000.0,3750.48,10000.0,9655,83
AirAsia,MNL-MNL,2025.0,1,200.1,14.35,4758.0,3750.48,3750.48,9655,9655
Cebu Pacific,MNL-MNL,2025.0,1,1676.37,47.97,4758.0,3750.48,3750.48,9655,9655
Philippine Airlines,MNL-MNL,2025.0,1,2515.38,32.71,4758.0,3750.48,3750.48,9655,9655
AirAsia,MNL-MPH,2025.0,1,15049.26,14.35,3225.46,3750.48,3753.74,9655,1130
Cebgo,MNL-MPH,2025.0,1,1930.68,4.97,3225.46,3750.48,3753.74,9655,1130
Cebu Pacific,MNL-MPH,2025.0,1,22041.929999999997,47.97,3225.46,3750.48,3753.74,9655,1130
Philippine Airlines,MNL-MPH,2025.0,1,14948.318000000001,32.71,3225.46,3750.48,3753.74,9655,1130
Cebu Pacific,MNL-OZC,2025.0,1,7722.719999999999,47.97,10000.0,3750.48,5737.37,9655,149
Cebu Pacific,MNL-PAG,2025.0,1,4987.589999999999,47.97,10000.0,3750.48,6846.29,9655,150
AirAsia,MNL-PPS,2025.0,1,5825.5199999999995,14.35,4062.73,3750.48,3857.42,9655,576
Cebu Pacific,MNL-PPS,2025.0,1,18121.75,47.97,4062.73,3750.48,3857.42,9655,576
Philippine Airlines,MNL-PPS,2025.0,1,9268.938,32.71,4062.73,3750.48,3857.42,9655,576
Cebu Pacific,MNL-RXS,2025.0,1,4987.589999999999,47.97,10000.0,3750.48,5416.7,9655,135
AirAsia,MNL-TAC,2025.0,1,10032.84,14.35,3472.48,3750.48,3288.94,9655,757
Cebu Pacific,MNL-TAC,2025.0,1,9653.4,47.97,3472.48,3750.48,3288.94,9655,757
Philippine Airlines,MNL-TAC,2025.0,1,14817.012,32.71,3472.48,3750.48,3288.94,9655,757
AirAsia,MNL-TAG,2025.0,1,10032.84,14.35,3463.03,3750.48,3358.27,9655,427
Cebu Pacific,MNL-TAG,2025.0,1,6167.45,47.97,3463.03,3750.48,3358.27,9655,427
Philippine Airlines,MNL-TAG,2025.0,1,9303.742,32.71,3463.03,3750.48,3358.27,9655,427
Cebu Pacific,MNL-TUG,2025.0,1,4987.589999999999,47.97,10000.0,3750.48,7754.84,9655,158
Cebgo,MNL-USU,2025.0,1,1868.4,4.97,10000.0,3750.48,5644.07,9655,351
Cebgo,MNL-WNP,2025.0,1,2740.32,4.97,10000.0,3750.48,10000.0,9655,87
Cebu Pacific,MPH-CEB,2025.0,1,4826.7,47.97,5614.6,3753.74,2912.58,1130,3524
Philippine Airlines,MPH-CEB,2025.0,1,2320.794,32.71,5614.6,3753.74,2912.58,1130,3524
Cebu Pacific,MPH-CRK,2025.0,1,7722.719999999999,47.97,10000.0,3753.74,7807.67,1130,310
Cebu Pacific,MPH-DVO,2025.0,1,4826.7,47.97,10000.0,3753.74,5116.36,1130,1661
AirAsia,MPH-MNL,2025.0,1,20065.68,14.35,3244.42,3753.74,3750.48,1130,9655
Cebgo,MPH-MNL,2025.0,1,1930.68,4.97,3244.42,3753.74,3750.48,1130,9655
Cebu Pacific,MPH-MNL,2025.0,1,26868.629999999997,47.97,3244.42,3753.74,3750.48,1130,9655
Philippine Airlines,MPH-MNL,2025.0,1,18238.878,32.71,3244.42,3753.74,3750.48,1130,9655
Cebgo,MPH-MPH,2025.0,1,62.28,4.97,10000.0,3753.74,3753.74,1130,1130
Cebgo,MPH-NAN,2025.0,1,62.28,4.97,7282.69,3753.74,3435.14,1130,14
Cebu Pacific,MPH-NAN,2025.0,1,321.78,47.97,7282.69,3753.74,3435.14,1130,14
Philippine Airlines,NAN-CRK,2025.0,1,53.788,32.71,10000.0,3435.14,7807.67,14,310
Philippine Airlines,NAN-MNL,2025.0,1,215.152,32.71,10000.0,3435.14,3750.48,14,9655
Cebgo,OZC-CEB,2025.0,1,1432.44,4.97,10000.0,5737.37,2912.58,149,3524
Cebu Pacific,OZC-MNL,2025.0,1,7722.719999999999,47.97,5371.67,5737.37,3750.48,149,9655
Philippine Airlines,OZC-MNL,2025.0,1,4413.78,32.71,5371.67,5737.37,3750.48,149,9655
Cebgo,PAG-CEB,2025.0,1,2428.92,4.97,10000.0,6846.29,2912.58,150,3524
Cebu Pacific,PAG-MNL,2025.0,1,9814.289999999999,47.97,10000.0,6846.29,3750.48,150,9655
Cebu Pacific,PPS-CEB,2025.0,1,6167.45,47.97,6750.62,3857.42,2912.58,576,3524
Philippine Airlines,PPS-CEB,2025.0,1,1582.0,32.71,6750.62,3857.42,2912.58,576,3524
AirAsia,PPS-MNL,2025.0,1,10680.119999999999,14.35,3487.55,3857.42,3750.48,576,9655
Cebu Pacific,PPS-MNL,2025.0,1,16962.649999999998,47.97,3487.55,3857.42,3750.48,576,9655
Philippine Airlines,PPS-MNL,2025.0,1,18175.598,32.71,3487.55,3857.42,3750.48,576,9655
AirAsia,RXS-MNL,2025.0,1,2103.66,14.35,4571.31,5416.7,3750.48,135,9655
Cebu Pacific,RXS-MNL,2025.0,1,9975.179999999998,47.97,4571.31,5416.7,3750.48,135,9655
Philippine Airlines,RXS-MNL,2025.0,1,4266.654,32.71,4571.31,5416.7,3750.48,135,9655
Cebu Pacific,SIN-ILO,2025.0,1,2451.41,47.97,10000.0,10000.0,3480.53,15,999
Philippine Airlines,SUG-BXU,2025.0,1,294.252,32.71,10000.0,8248.72,4618.85,69,431
Cebgo,SUG-CEB,2025.0,1,2366.64,4.97,8897.95,8248.72,2912.58,69,3524
Philippine Airlines,SUG-CEB,2025.0,1,147.126,32.71,8897.95,8248.72,2912.58,69,3524
Cebgo,SWL-CEB,2025.0,1,1183.32,4.97,10000.0,10000.0,2912.58,19,3524
AirAsia,TAC-CEB,2025.0,1,161.82,14.35,4575.76,3288.94,2912.58,757,3524
Cebgo,TAC-CEB,2025.0,1,1370.16,4.97,4575.76,3288.94,2912.58,757,3524
Philippine Airlines,TAC-CEB,2025.0,1,1667.4279999999999,32.71,4575.76,3288.94,2912.58,757,3524
Cebu Pacific,TAC-DVO,2025.0,1,1769.79,47.97,10000.0,3288.94,5116.36,757,1661
Cebu Pacific,TAC-ILO,2025.0,1,2574.24,47.97,10000.0,3288.94,3480.53,757,999
AirAsia,TAC-MNL,2025.0,1,19294.86,14.35,3691.6,3288.94,3750.48,757,9655
Cebu Pacific,TAC-MNL,2025.0,1,28477.53,47.97,3691.6,3288.94,3750.48,757,9655
Philippine Airlines,TAC-MNL,2025.0,1,12420.282000000001,32.71,3691.6,3288.94,3750.48,757,9655
Philippine Airlines,TAG-DVO,2025.0,1,1452.2759999999998,32.71,10000.0,3358.27,5116.36,427,1661
AirAsia,TAG-MNL,2025.0,1,10032.84,14.35,3703.53,3358.27,3750.48,427,9655
Cebu Pacific,TAG-MNL,2025.0,1,18426.23,47.97,3703.53,3358.27,3750.48,427,9655
Philippine Airlines,TAG-MNL,2025.0,1,9156.616,32.71,3703.53,3358.27,3750.48,427,9655
Philippine Airlines,TBH-MNL,2025.0,1,147.126,32.71,10000.0,10000.0,3750.48,2,9655
Philippine Airlines,TBH-MPH,2025.0,1,147.126,32.71,10000.0,10000.0,3753.74,2,1130
Cebu Pacific,TUG-MNL,2025.0,1,16893.449999999997,47.97,7301.25,7754.84,3750.48,158,9655
Philippine Airlines,TUG-MNL,2025.0,1,3236.772,32.71,7301.25,7754.84,3750.48,158,9655
Cebgo,USU-CEB,2025.0,1,3051.7200000000003,4.97,5475.08,5644.07,2912.58,351,3524
Philippine Airlines,USU-CEB,2025.0,1,1613.6399999999999,32.71,5475.08,5644.07,2912.58,351,3524
Philippine Airlines,USU-CRK,2025.0,1,914.396,32.71,10000.0,5644.07,7807.67,351,310
Cebgo,USU-MNL,2025.0,1,7286.76,4.97,7031.4,5644.07,3750.48,351,9655
Philippine Airlines,USU-MNL,2025.0,1,1613.6399999999999,32.71,7031.4,5644.07,3750.48,351,9655
Cebgo,WNP-MNL,2025.0,1,2678.04,4.97,10000.0,10000.0,3750.48,87,9655
Cebu Pacific,ZAM-CEB,2025.0,1,4420.15,47.97,6208.98,6809.37,2912.58,287,3524
Philippine Airlines,ZAM-CEB,2025.0,1,1506.0639999999999,32.71,6208.98,6809.37,2912.58,287,3524
Cebu Pacific,ZAM-DVO,2025.0,1,3378.6899999999996,47.97,10000.0,6809.37,5116.36,287,1661
Cebu Pacific,ZAM-MNL,2025.0,1,24341.1,47.97,6864.16,6809.37,3750.48,287,9655
Philippine Airlines,ZAM-MNL,2025.0,1,5885.04,32.71,6864.16,6809.37,3750.48,287,9655
Cebu Pacific,ZAM-TWT,2025.0,1,4665.8099999999995,47.97,6016.84,6809.37,5610.38,287,50
Philippine Airlines,ZAM-TWT,2025.0,1,1765.5120000000002,32.71,6016.84,6809.37,5610.38,287,50
Cebgo,BCD-CEB,2025.0,2,999.936,4.98,5203.95,3408.23,2888.42,690,2985
Philippine Airlines,BCD-CEB,2025.0,2,1506.0639999999999,33.4,5203.95,3408.23,2888.42,690,2985
Cebu Pacific,BCD-DVO,2025.0,2,4558.736,46.76,10000.0,3408.23,4928.99,690,1423
AirAsia,BCD-MNL,2025.0,2,15049.26,14.85,3421.64,3408.23,3694.78,690,8587
Cebu Pacific,BCD-MNL,2025.0,2,22602.719999999998,46.76,3421.64,3408.23,3694.78,690,8587
Philippine Airlines,BCD-MNL,2025.0,2,19422.214,33.4,3421.64,3408.23,3694.78,690,8587
Philippine Airlines,BPA-CEB,2025.0,2,484.092,33.4,10000.0,10000.0,2888.42,19,2985
Philippine Airlines,BSO-CRK,2025.0,2,753.0319999999999,33.4,10000.0,10000.0,7686.51,53,253
Cebgo,BXU-CEB,2025.0,2,1562.4,4.98,5001.69,4627.1,2888.42,376,2985
Philippine Airlines,BXU-CEB,2025.0,2,1506.0639999999999,33.4,5001.69,4627.1,2888.42,376,2985
Cebu Pacific,BXU-MNL,2025.0,2,14269.92,46.76,5570.85,4627.1,3694.78,376,8587
Philippine Airlines,BXU-MNL,2025.0,2,7062.048000000001,33.4,5570.85,4627.1,3694.78,376,8587
Philippine Airlines,CBO-MNL,2025.0,2,5443.662,33.4,10000.0,10000.0,3694.78,85,8587
Philippine Airlines,CBO-TWT,2025.0,2,376.51599999999996,33.4,10000.0,10000.0,5307.9,85,36
Cebgo,CEB-BCD,2025.0,2,937.44,4.98,5270.77,2888.42,3408.23,2985,690
Philippine Airlines,CEB-BCD,2025.0,2,1506.0639999999999,33.4,5270.77,2888.42,3408.23,2985,690
Philippine Airlines,CEB-BPA,2025.0,2,537.88,33.4,10000.0,2888.42,10000.0,2985,19
Cebgo,CEB-BXU,2025.0,2,1624.896,4.98,5007.2,2888.42,4627.1,2985,376
Philippine Airlines,CEB-BXU,2025.0,2,1506.0639999999999,33.4,5007.2,2888.42,4627.1,2985,376
Philippine Airlines,CEB-CEB,2025.0,2,53.788,33.4,10000.0,2888.42,2888.42,2985,2985
Cebgo,CEB-CGM,2025.0,2,1437.4080000000001,4.98,10000.0,2888.42,10000.0,2985,46
Cebgo,CEB-CGY,2025.0,2,4312.224,4.98,5347.07,2888.42,3715.27,2985,880
Philippine Airlines,CEB-CGY,2025.0,2,2513.798,33.4,5347.07,2888.42,3715.27,2985,880
Cebu Pacific,CEB-CRK,2025.0,2,3713.304,46.76,10000.0,2888.42,7686.51,2985,253
Cebgo,CEB-CYP,2025.0,2,1562.4,4.98,10000.0,2888.42,6086.43,2985,74
Cebgo,CEB-DGT,2025.0,2,1562.4,4.98,9317.62,2888.42,4405.48,2985,296
Cebu Pacific,CEB-DGT,2025.0,2,57.288,46.76,9317.62,2888.42,4405.48,2985,296
Cebgo,CEB-DPL,2025.0,2,1562.4,4.98,10000.0,2888.42,3825.36,2985,161
Cebgo,CEB-DRP,2025.0,2,1374.912,4.98,10000.0,2888.42,4445.96,2985,316
Cebu Pacific,CEB-DVO,2025.0,2,1975.568,46.76,5825.41,2888.42,4928.99,2985,1423
Philippine Airlines,CEB-DVO,2025.0,2,4679.556,33.4,5825.41,2888.42,4928.99,2985,1423
Philippine Airlines,CEB-GES,2025.0,2,699.2439999999999,33.4,10000.0,2888.42,5383.61,2985,245
Cebgo,CEB-IAO,2025.0,2,5249.664,4.98,5216.15,2888.42,5009.33,2985,501
Philippine Airlines,CEB-IAO,2025.0,2,3442.432,33.4,5216.15,2888.42,5009.33,2985,501
Cebgo,CEB-ILO,2025.0,2,1124.928,4.98,10000.0,2888.42,3447.11,2985,838
AirAsia,CEB-MNL,2025.0,2,19580.219999999998,14.85,3573.53,2888.42,3694.78,2985,8587
Cebu Pacific,CEB-MNL,2025.0,2,39128.572,46.76,3573.53,2888.42,3694.78,2985,8587
Philippine Airlines,CEB-MNL,2025.0,2,34484.436,33.4,3573.53,2888.42,3694.78,2985,8587
Cebu Pacific,CEB-MPH,2025.0,2,4520.544,46.76,6250.98,2888.42,3745.18,2985,1011
Philippine Airlines,CEB-MPH,2025.0,2,1506.0639999999999,33.4,6250.98,2888.42,3745.18,2985,1011
Cebgo,CEB-NAN,2025.0,2,62.496,4.98,10000.0,2888.42,6671.26,2985,9
Cebgo,CEB-PAG,2025.0,2,1437.4080000000001,4.98,10000.0,2888.42,6459.39,2985,147
Cebu Pacific,CEB-PPS,2025.0,2,5589.92,46.76,6951.75,2888.42,3731.49,2985,523
Philippine Airlines,CEB-PPS,2025.0,2,1290.9119999999998,33.4,6951.75,2888.42,3731.49,2985,523
Cebgo,CEB-SUG,2025.0,2,1374.912,4.98,10000.0,2888.42,7295.73,2985,53
Cebgo,CEB-TAC,2025.0,2,1249.92,4.98,5043.19,2888.42,3341.04,2985,664
Philippine Airlines,CEB-TAC,2025.0,2,1506.0639999999999,33.4,5043.19,2888.42,3341.04,2985,664
Cebgo,CEB-USU,2025.0,2,1749.8880000000001,4.98,5028.04,2888.42,5685.46,2985,316
Philippine Airlines,CEB-USU,2025.0,2,1506.0639999999999,33.4,5028.04,2888.42,5685.46,2985,316
Cebgo,CGM-CEB,2025.0,2,1437.4080000000001,4.98,10000.0,10000.0,2888.42,46,2985
Cebgo,CGY-CEB,2025.0,2,4249.728,4.98,5280.81,3715.27,2888.42,880,2985
Philippine Airlines,CGY-CEB,2025.0,2,2621.374,33.4,5280.81,3715.27,2888.42,880,2985
Cebgo,CGY-CGY,2025.0,2,62.496,4.98,10000.0,3715.27,3715.27,880,880
Cebgo,CGY-DVO,2025.0,2,999.936,4.98,10000.0,3715.27,4928.99,880,1423
Cebu Pacific,CGY-ILO,2025.0,2,3228.96,46.76,10000.0,3715.27,3447.11,880,838
AirAsia,CGY-MNL,2025.0,2,4530.96,14.85,4237.97,3715.27,3694.78,880,8587
Cebu Pacific,CGY-MNL,2025.0,2,24255.392,46.76,4237.97,3715.27,3694.78,880,8587
Philippine Airlines,CGY-MNL,2025.0,2,20134.114,33.4,4237.97,3715.27,3694.78,880,8587
Philippine Airlines,CRK-BSO,2025.0,2,699.2439999999999,33.4,10000.0,7686.51,10000.0,253,53
Cebu Pacific,CRK-CEB,2025.0,2,3551.856,46.76,10000.0,7686.51,2888.42,253,2985
Cebu Pacific,CRK-DVO,2025.0,2,3228.96,46.76,10000.0,7686.51,4928.99,253,1423
Philippine Airlines,CRK-IAO,2025.0,2,591.668,33.4,10000.0,7686.51,5009.33,253,501
Cebu Pacific,CRK-MPH,2025.0,2,7103.712,46.76,10000.0,7686.51,3745.18,253,1011
Philippine Airlines,CRK-USU,2025.0,2,806.8199999999999,33.4,10000.0,7686.51,5685.46,253,316
Cebgo,CYP-CEB,2025.0,2,1437.4080000000001,4.98,10000.0,6086.43,2888.42,74,2985
Cebgo,CYP-CYP,2025.0,2,124.992,4.98,10000.0,6086.43,6086.43,74,74
Philippine Airlines,CYP-MNL,2025.0,2,537.88,33.4,10000.0,6086.43,3694.78,74,8587
Cebu Pacific,CYZ-MNL,2025.0,2,7103.712,46.76,10000.0,10000.0,3694.78,88,8587
Cebgo,DGT-CEB,2025.0,2,1624.896,4.98,10000.0,4405.48,2888.42,296,2985
Cebu Pacific,DGT-MNL,2025.0,2,8556.744,46.76,5006.88,4405.48,3694.78,296,8587
Philippine Airlines,DGT-MNL,2025.0,2,7944.804,33.4,5006.88,4405.48,3694.78,296,8587
Cebgo,DPL-CEB,2025.0,2,1562.4,4.98,10000.0,3825.36,2888.42,161,2985
Cebu Pacific,DPL-MNL,2025.0,2,4520.544,46.76,5010.77,3825.36,3694.78,161,8587
Philippine Airlines,DPL-MNL,2025.0,2,4119.528,33.4,5010.77,3825.36,3694.78,161,8587
Cebgo,DRP-CEB,2025.0,2,1374.912,4.98,10000.0,4445.96,2888.42,316,2985
Cebu Pacific,DRP-MNL,2025.0,2,10560.088,46.76,5130.72,4445.96,3694.78,316,8587
Philippine Airlines,DRP-MNL,2025.0,2,7620.494,33.4,5130.72,4445.96,3694.78,316,8587
Cebu Pacific,DVO-BCD,2025.0,2,4596.928,46.76,10000.0,4928.99,3408.23,1423,690
Cebu Pacific,DVO-CEB,2025.0,2,1975.568,46.76,5766.55,4928.99,2888.42,1423,2985
Philippine Airlines,DVO-CEB,2025.0,2,4518.192,33.4,5766.55,4928.99,2888.42,1423,2985
Cebgo,DVO-CGY,2025.0,2,937.44,4.98,10000.0,4928.99,3715.27,1423,880
Cebu Pacific,DVO-CRK,2025.0,2,3228.96,46.76,10000.0,4928.99,7686.51,1423,253
Cebgo,DVO-IAO,2025.0,2,1687.392,4.98,10000.0,4928.99,5009.33,1423,501
Cebu Pacific,DVO-ILO,2025.0,2,4520.544,46.76,10000.0,4928.99,3447.11,1423,838
Cebu Pacific,DVO-MNL,2025.0,2,47264.335999999996,46.76,5035.89,4928.99,3694.78,1423,8587
Philippine Airlines,DVO-MNL,2025.0,2,39880.638,33.4,5035.89,4928.99,3694.78,1423,8587
Cebu Pacific,DVO-MPH,2025.0,2,3228.96,46.76,10000.0,4928.99,3745.18,1423,1011
Cebgo,DVO-NAN,2025.0,2,62.496,4.98,10000.0,4928.99,6671.26,1423,9
Philippine Airlines,DVO-TAG,2025.0,2,860.608,33.4,10000.0,4928.99,3357.94,1423,356
Philippine Airlines,EUQ-MNL,2025.0,2,484.092,33.4,10000.0,10000.0,3694.78,21,8587
Philippine Airlines,GES-CEB,2025.0,2,753.0319999999999,33.4,10000.0,5383.61,2888.42,245,2985
Cebu Pacific,GES-MNL,2025.0,2,18214.98,46.76,5481.56,5383.61,3694.78,245,8587
Philippine Airlines,GES-MNL,2025.0,2,9586.92,33.4,5481.56,5383.61,3694.78,245,8587
Cebgo,IAO-CEB,2025.0,2,4937.184,4.98,5236.43,5009.33,2888.42,501,2985
Philippine Airlines,IAO-CEB,2025.0,2,3173.4919999999997,33.4,5236.43,5009.33,2888.42,501,2985
Philippine Airlines,IAO-CRK,2025.0,2,591.668,33.4,10000.0,5009.33,7686.51,501,253
Cebgo,IAO-DVO,2025.0,2,1687.392,4.98,10000.0,5009.33,4928.99,501,1423
Cebgo,IAO-IAO,2025.0,2,124.992,4.98,5080.67,5009.33,5009.33,501,501
Philippine Airlines,IAO-IAO,2025.0,2,161.36399999999998,33.4,5080.67,5009.33,5009.33,501,501
Philippine Airlines,IAO-MNL,2025.0,2,2687.8179999999998,33.4,10000.0,5009.33,3694.78,501,8587
Philippine Airlines,ILO-BCD,2025.0,2,147.126,33.4,10000.0,3447.11,3408.23,838,690
Cebgo,ILO-CEB,2025.0,2,1124.928,4.98,10000.0,3447.11,2888.42,838,2985
Cebu Pacific,ILO-CGY,2025.0,2,3067.512,46.76,10000.0,3447.11,3715.27,838,880
Cebu Pacific,ILO-DVO,2025.0,2,4520.544,46.76,10000.0,3447.11,4928.99,838,1423
AirAsia,ILO-MNL,2025.0,2,20619.0,14.85,3436.58,3447.11,3694.78,838,8587
Cebu Pacific,ILO-MNL,2025.0,2,16328.815999999999,46.76,3436.58,3447.11,3694.78,838,8587
Philippine Airlines,ILO-MNL,2025.0,2,13424.852,33.4,3436.58,3447.11,3694.78,838,8587
Cebu Pacific,ILO-PPS,2025.0,2,199.64,46.76,10000.0,3447.11,3731.49,838,523
Cebu Pacific,ILO-TAC,2025.0,2,2583.168,46.76,10000.0,3447.11,3341.04,838,664
AirAsia,KLO-MNL,2025.0,2,13592.88,14.85,6254.32,6265.46,3694.78,225,8587
Cebu Pacific,KLO-MNL,2025.0,2,4520.544,46.76,6254.32,6265.46,3694.78,225,8587
Philippine Airlines,LAO-MNL,2025.0,2,6864.298000000001,33.4,10000.0,10000.0,3694.78,75,8587
AirAsia,MNL-BCD,2025.0,2,8738.279999999999,14.85,3422.69,3694.78,3408.23,8587,690
Cebu Pacific,MNL-BCD,2025.0,2,12697.104,46.76,3422.69,3694.78,3408.23,8587,690
Philippine Airlines,MNL-BCD,2025.0,2,12678.148000000001,33.4,3422.69,3694.78,3408.23,8587,690
Philippine Airlines,MNL-BSO,2025.0,2,1398.4879999999998,33.4,10000.0,3694.78,10000.0,8587,53
Cebu Pacific,MNL-BXU,2025.0,2,14269.92,46.76,5405.35,3694.78,4627.1,8587,376
Philippine Airlines,MNL-BXU,2025.0,2,7944.804,33.4,5405.35,3694.78,4627.1,8587,376
Philippine Airlines,MNL-CBO,2025.0,2,6032.166,33.4,10000.0,3694.78,10000.0,8587,85
AirAsia,MNL-CEB,2025.0,2,24111.18,14.85,3475.2,3694.78,2888.42,8587,2985
Cebgo,MNL-CEB,2025.0,2,437.47200000000004,4.98,3475.2,3694.78,2888.42,8587,2985
Cebu Pacific,MNL-CEB,2025.0,2,36554.084,46.76,3475.2,3694.78,2888.42,8587,2985
Philippine Airlines,MNL-CEB,2025.0,2,42960.792,33.4,3475.2,3694.78,2888.42,8587,2985
AirAsia,MNL-CGY,2025.0,2,4530.96,14.85,4440.22,3694.78,3715.27,8587,880
Cebu Pacific,MNL-CGY,2025.0,2,27411.44,46.76,4440.22,3694.78,3715.27,8587,880
Philippine Airlines,MNL-CGY,2025.0,2,16721.74,33.4,4440.22,3694.78,3715.27,8587,880
Philippine Airlines,MNL-CRM,2025.0,2,860.608,33.4,10000.0,3694.78,10000.0,8587,16
Philippine Airlines,MNL-CYP,2025.0,2,645.4559999999999,33.4,10000.0,3694.78,6086.43,8587,74
Cebu Pacific,MNL-CYZ,2025.0,2,7103.712,46.76,10000.0,3694.78,10000.0,8587,88
Cebu Pacific,MNL-DGT,2025.0,2,13030.416000000001,46.76,5273.32,3694.78,4405.48,8587,296
Philippine Airlines,MNL-DGT,2025.0,2,8091.93,33.4,5273.32,3694.78,4405.48,8587,296
Cebu Pacific,MNL-DPL,2025.0,2,4520.544,46.76,5020.83,3694.78,3825.36,8587,161
Philippine Airlines,MNL-DPL,2025.0,2,3972.402,33.4,5020.83,3694.78,3825.36,8587,161
Cebgo,MNL-DRP,2025.0,2,124.992,4.98,4990.86,3694.78,4445.96,8587,316
Cebu Pacific,MNL-DRP,2025.0,2,10959.367999999999,46.76,4990.86,3694.78,4445.96,8587,316
Philippine Airlines,MNL-DRP,2025.0,2,8905.078,33.4,4990.86,3694.78,4445.96,8587,316
Cebu Pacific,MNL-DVO,2025.0,2,44949.38,46.76,5016.52,3694.78,4928.99,8587,1423
Philippine Airlines,MNL-DVO,2025.0,2,40062.568,33.4,5016.52,3694.78,4928.99,8587,1423
Philippine Airlines,MNL-EUQ,2025.0,2,645.4559999999999,33.4,10000.0,3694.78,10000.0,8587,21
Cebu Pacific,MNL-GES,2025.0,2,18214.98,46.76,5481.56,3694.78,5383.61,8587,245
Philippine Airlines,MNL-GES,2025.0,2,9586.92,33.4,5481.56,3694.78,5383.61,8587,245
Philippine Airlines,MNL-IAO,2025.0,2,4249.2519999999995,33.4,10000.0,3694.78,5009.33,8587,501
AirAsia,MNL-ILO,2025.0,2,17314.739999999998,14.85,3353.91,3694.78,3447.11,8587,838
Cebu Pacific,MNL-ILO,2025.0,2,20899.703999999998,46.76,3353.91,3694.78,3447.11,8587,838
Philippine Airlines,MNL-ILO,2025.0,2,20017.046000000002,33.4,3353.91,3694.78,3447.11,8587,838
AirAsia,MNL-KLO,2025.0,2,13754.699999999999,14.85,6276.55,3694.78,6265.46,8587,225
Cebu Pacific,MNL-KLO,2025.0,2,4520.544,46.76,6276.55,3694.78,6265.46,8587,225
Philippine Airlines,MNL-LAO,2025.0,2,4622.604,33.4,10000.0,3694.78,10000.0,8587,75
AirAsia,MNL-MNL,2025.0,2,200.1,14.85,5077.83,3694.78,3694.78,8587,8587
Cebu Pacific,MNL-MNL,2025.0,2,1159.648,46.76,5077.83,3694.78,3694.78,8587,8587
Philippine Airlines,MNL-MNL,2025.0,2,2433.116,33.4,5077.83,3694.78,3694.78,8587,8587
AirAsia,MNL-MPH,2025.0,2,13592.88,14.85,3246.09,3694.78,3745.18,8587,1011
Cebgo,MNL-MPH,2025.0,2,1624.896,4.98,3246.09,3694.78,3745.18,8587,1011
Cebu Pacific,MNL-MPH,2025.0,2,20181.0,46.76,3246.09,3694.78,3745.18,8587,1011
Philippine Airlines,MNL-MPH,2025.0,2,13663.734,33.4,3246.09,3694.78,3745.18,8587,1011
Cebu Pacific,MNL-NAN,2025.0,2,361.08799999999997,46.76,10000.0,3694.78,6671.26,8587,9
Cebu Pacific,MNL-OZC,2025.0,2,7103.712,46.76,10000.0,3694.78,6052.24,8587,127
Cebu Pacific,MNL-PAG,2025.0,2,4520.544,46.76,10000.0,3694.78,6459.39,8587,147
AirAsia,MNL-PPS,2025.0,2,6634.62,14.85,3840.91,3694.78,3731.49,8587,523
Cebu Pacific,MNL-PPS,2025.0,2,16064.944,46.76,3840.91,3694.78,3731.49,8587,523
Philippine Airlines,MNL-PPS,2025.0,2,8568.112000000001,33.4,3840.91,3694.78,3731.49,8587,523
Cebu Pacific,MNL-RXS,2025.0,2,4520.544,46.76,10000.0,3694.78,5468.84,8587,121
AirAsia,MNL-TAC,2025.0,2,9061.92,14.85,3391.01,3694.78,3341.04,8587,664
Cebu Pacific,MNL-TAC,2025.0,2,8718.192000000001,46.76,3391.01,3694.78,3341.04,8587,664
Philippine Airlines,MNL-TAC,2025.0,2,11607.134,33.4,3391.01,3694.78,3341.04,8587,664
AirAsia,MNL-TAG,2025.0,2,8900.1,14.85,3451.37,3694.78,3357.94,8587,356
Cebu Pacific,MNL-TAG,2025.0,2,5551.728,46.76,3451.37,3694.78,3357.94,8587,356
Philippine Airlines,MNL-TAG,2025.0,2,7867.286,33.4,3451.37,3694.78,3357.94,8587,356
Cebu Pacific,MNL-TUG,2025.0,2,4520.544,46.76,10000.0,3694.78,7573.17,8587,161
Cebgo,MNL-USU,2025.0,2,1687.392,4.98,10000.0,3694.78,5685.46,8587,316
Cebgo,MNL-WNP,2025.0,2,2624.832,4.98,10000.0,3694.78,10000.0,8587,82
Cebu Pacific,MPH-CEB,2025.0,2,4520.544,46.76,6319.46,3745.18,2888.42,1011,2985
Philippine Airlines,MPH-CEB,2025.0,2,1452.2759999999998,33.4,6319.46,3745.18,2888.42,1011,2985
Cebu Pacific,MPH-CRK,2025.0,2,7103.712,46.76,10000.0,3745.18,7686.51,1011,253
Cebu Pacific,MPH-DVO,2025.0,2,3390.4080000000004,46.76,10000.0,3745.18,4928.99,1011,1423
AirAsia,MPH-MNL,2025.0,2,18123.84,14.85,3236.71,3745.18,3694.78,1011,8587
Cebgo,MPH-MNL,2025.0,2,1749.8880000000001,4.98,3236.71,3745.18,3694.78,1011,8587
Cebu Pacific,MPH-MNL,2025.0,2,24378.648,46.76,3236.71,3745.18,3694.78,1011,8587
Philippine Airlines,MPH-MNL,2025.0,2,17087.182,33.4,3236.71,3745.18,3694.78,1011,8587
Philippine Airlines,MPH-MPH,2025.0,2,53.788,33.4,10000.0,3745.18,3745.18,1011,1011
Cebu Pacific,NAN-MNL,2025.0,2,199.64,46.76,5449.02,6671.26,3694.78,9,8587
Philippine Airlines,NAN-MNL,2025.0,2,107.576,33.4,5449.02,6671.26,3694.78,9,8587
Cebu Pacific,NAN-NAN,2025.0,2,199.64,46.76,10000.0,6671.26,6671.26,9,9
Cebgo,OZC-CEB,2025.0,2,874.9440000000001,4.98,10000.0,6052.24,2888.42,127,2985
Cebu Pacific,OZC-MNL,2025.0,2,6942.264,46.76,5418.99,6052.24,3694.78,127,8587
Philippine Airlines,OZC-MNL,2025.0,2,3825.2760000000003,33.4,5418.99,6052.24,3694.78,127,8587
Cebgo,PAG-CEB,2025.0,2,2437.344,4.98,10000.0,6459.39,2888.42,147,2985
Cebu Pacific,PAG-MNL,2025.0,2,8879.640000000001,46.76,10000.0,6459.39,3694.78,147,8587
Cebgo,PAG-PAG,2025.0,2,62.496,4.98,10000.0,6459.39,6459.39,147,147
Cebu Pacific,PPS-CEB,2025.0,2,5589.92,46.76,8533.06,3731.49,2888.42,523,2985
Philippine Airlines,PPS-CEB,2025.0,2,484.092,33.4,8533.06,3731.49,2888.42,523,2985
AirAsia,PPS-MNL,2025.0,2,11003.76,14.85,3438.42,3731.49,3694.78,523,8587
Cebu Pacific,PPS-MNL,2025.0,2,14672.672,46.76,3438.42,3731.49,3694.78,523,8587
Philippine Airlines,PPS-MNL,2025.0,2,17180.52,33.4,3438.42,3731.49,3694.78,523,8587
AirAsia,RXS-MNL,2025.0,2,1941.84,14.85,4607.68,5468.84,3694.78,121,8587
Cebu Pacific,RXS-MNL,2025.0,2,9041.088,46.76,4607.68,5468.84,3694.78,121,8587
Philippine Airlines,RXS-MNL,2025.0,2,3678.15,33.4,4607.68,5468.84,3694.78,121,8587
Cebu Pacific,SIN-ILO,2025.0,2,1937.3760000000002,46.76,10000.0,10000.0,3447.11,12,838
Philippine Airlines,SUG-BXU,2025.0,2,441.37800000000004,33.4,10000.0,7295.73,4627.1,53,376
Cebgo,SUG-CEB,2025.0,2,1687.392,4.98,10000.0,7295.73,2888.42,53,2985
Philippine Airlines,SUG-TAG,2025.0,2,147.126,33.4,10000.0,7295.73,3357.94,53,356
Cebgo,SWL-CEB,2025.0,2,937.44,4.98,10000.0,10000.0,2888.42,15,2985
Cebgo,TAC-CEB,2025.0,2,1062.432,4.98,5120.16,3341.04,2888.42,664,2985
Philippine Airlines,TAC-CEB,2025.0,2,1452.2759999999998,33.4,5120.16,3341.04,2888.42,664,2985
Cebu Pacific,TAC-DVO,2025.0,2,1937.3760000000002,46.76,10000.0,3341.04,4928.99,664,1423
Cebu Pacific,TAC-ILO,2025.0,2,2583.168,46.76,10000.0,3341.04,3447.11,664,838
AirAsia,TAC-MNL,2025.0,2,17791.5,14.85,3674.34,3341.04,3694.78,664,8587
Cebu Pacific,TAC-MNL,2025.0,2,25347.336000000003,46.76,3674.34,3341.04,3694.78,664,8587
Philippine Airlines,TAC-MNL,2025.0,2,11173.666000000001,33.4,3674.34,3341.04,3694.78,664,8587
Philippine Airlines,TAG-DVO,2025.0,2,860.608,33.4,10000.0,3357.94,4928.99,356,1423
AirAsia,TAG-MNL,2025.0,2,8900.1,14.85,3668.42,3357.94,3694.78,356,8587
Cebu Pacific,TAG-MNL,2025.0,2,15580.599999999999,46.76,3668.42,3357.94,3694.78,356,8587
Philippine Airlines,TAG-MNL,2025.0,2,7867.286,33.4,3668.42,3357.94,3694.78,356,8587
Philippine Airlines,TBH-MNL,2025.0,2,441.37800000000004,33.4,10000.0,10000.0,3694.78,4,8587
Philippine Airlines,TBH-MPH,2025.0,2,147.126,33.4,10000.0,10000.0,3745.18,4,1011
Cebu Pacific,TUG-MNL,2025.0,2,16455.544,46.76,7133.37,7573.17,3694.78,161,8587
Philippine Airlines,TUG-MNL,2025.0,2,3451.924,33.4,7133.37,7573.17,3694.78,161,8587
Cebgo,USU-CEB,2025.0,2,2687.328,4.98,5616.05,5685.46,2888.42,316,2985
Philippine Airlines,USU-CEB,2025.0,2,1290.9119999999998,33.4,5616.05,5685.46,2888.42,316,2985
Philippine Airlines,USU-CRK,2025.0,2,860.608,33.4,10000.0,5685.46,7686.51,316,253
Cebgo,USU-MNL,2025.0,2,6749.568,4.98,7085.71,5685.46,3694.78,316,8587
Philippine Airlines,USU-MNL,2025.0,2,1452.2759999999998,33.4,7085.71,5685.46,3694.78,316,8587
Cebgo,WNP-MNL,2025.0,2,2499.84,4.98,10000.0,10000.0,3694.78,82,8587
Cebu Pacific,ZAM-CEB,2025.0,2,3228.96,46.76,6676.9,6598.49,2888.42,238,2985
Philippine Airlines,ZAM-CEB,2025.0,2,860.608,33.4,6676.9,6598.49,2888.42,238,2985
Cebu Pacific,ZAM-DVO,2025.0,2,1775.928,46.76,10000.0,6598.49,4928.99,238,1423
Cebu Pacific,ZAM-MNL,2025.0,2,22055.88,46.76,6627.25,6598.49,3694.78,238,8587
Philippine Airlines,ZAM-MNL,2025.0,2,6032.166,33.4,6627.25,6598.49,3694.78,238,8587
Cebu Pacific,ZAM-TWT,2025.0,2,3067.512,46.76,5618.44,6598.49,5307.9,238,36
Philippine Airlines,ZAM-TWT,2025.0,2,1471.26,33.4,5618.44,6598.49,5307.9,238,36
Cebgo,BCD-CEB,2025.0,3,1699.6319999999998,4.4,5160.36,3344.76,2942.27,784,3101
Philippine Airlines,BCD-CEB,2025.0,3,1183.336,35.5,5160.36,3344.76,2942.27,784,3101
Cebu Pacific,BCD-DVO,2025.0,3,4462.348,44.88,10000.0,3344.76,4905.37,784,1509
AirAsia,BCD-MNL,2025.0,3,16182.0,15.23,3432.45,3344.76,3638.22,784,9510
Cebu Pacific,BCD-MNL,2025.0,3,24753.739999999998,44.88,3432.45,3344.76,3638.22,784,9510
Philippine Airlines,BCD-MNL,2025.0,3,22745.996,35.5,3432.45,3344.76,3638.22,784,9510
Philippine Airlines,BPA-CEB,2025.0,3,591.668,35.5,10000.0,10000.0,2942.27,22,3101
Philippine Airlines,BSO-CRK,2025.0,3,860.608,35.5,10000.0,10000.0,6665.09,63,312
Cebgo,BXU-CEB,2025.0,3,703.2959999999999,4.4,5716.24,4857.04,2942.27,379,3101
Philippine Airlines,BXU-CEB,2025.0,3,1559.8519999999999,35.5,5716.24,4857.04,2942.27,379,3101
Cebu Pacific,BXU-MNL,2025.0,3,14533.155999999999,44.88,5298.26,4857.04,3638.22,379,9510
Philippine Airlines,BXU-MNL,2025.0,3,8827.56,35.5,5298.26,4857.04,3638.22,379,9510
Philippine Airlines,CBO-MNL,2025.0,3,6473.544,35.5,10000.0,10000.0,3638.22,91,9510
Philippine Airlines,CBO-TWT,2025.0,3,53.788,35.5,10000.0,10000.0,5749.53,91,37
Cebgo,CEB-BCD,2025.0,3,1699.6319999999998,4.4,5124.01,2942.27,3344.76,3101,784
Philippine Airlines,CEB-BCD,2025.0,3,1237.124,35.5,5124.01,2942.27,3344.76,3101,784
Philippine Airlines,CEB-BPA,2025.0,3,591.668,35.5,10000.0,2942.27,10000.0,3101,22
Cebgo,CEB-BXU,2025.0,3,703.2959999999999,4.4,5771.89,2942.27,4857.04,3101,379
Philippine Airlines,CEB-BXU,2025.0,3,1613.6399999999999,35.5,5771.89,2942.27,4857.04,3101,379
Cebgo,CEB-CGM,2025.0,3,1347.984,4.4,10000.0,2942.27,10000.0,3101,50
Cebgo,CEB-CGY,2025.0,3,2461.536,4.4,5000.35,2942.27,3952.52,3101,902
Philippine Airlines,CEB-CGY,2025.0,3,2420.46,35.5,5000.35,2942.27,3952.52,3101,902
Cebu Pacific,CEB-CRK,2025.0,3,3179.484,44.88,10000.0,2942.27,6665.09,3101,312
Philippine Airlines,CEB-CRM,2025.0,3,537.88,35.5,10000.0,2942.27,10000.0,3101,36
Cebgo,CEB-CYP,2025.0,3,1347.984,4.4,10000.0,2942.27,5722.58,3101,70
Cebgo,CEB-DGT,2025.0,3,1523.808,4.4,10000.0,2942.27,4310.52,3101,298
Cebgo,CEB-DPL,2025.0,3,1406.5919999999999,4.4,8285.48,2942.27,3941.36,3101,168
Philippine Airlines,CEB-DPL,2025.0,3,147.126,35.5,8285.48,2942.27,3941.36,3101,168
Cebgo,CEB-DRP,2025.0,3,1582.416,4.4,10000.0,2942.27,4413.97,3101,368
Cebu Pacific,CEB-DVO,2025.0,3,2119.656,44.88,5427.93,2942.27,4905.37,3101,1509
Philippine Airlines,CEB-DVO,2025.0,3,3872.736,35.5,5427.93,2942.27,4905.37,3101,1509
Philippine Airlines,CEB-GES,2025.0,3,537.88,35.5,10000.0,2942.27,5224.77,3101,280
Cebgo,CEB-IAO,2025.0,3,5391.936,4.4,5038.87,2942.27,5059.43,3101,582
Philippine Airlines,CEB-IAO,2025.0,3,4518.192,35.5,5038.87,2942.27,5059.43,3101,582
Cebgo,CEB-ILO,2025.0,3,937.728,4.4,10000.0,2942.27,3412.2,3101,964
AirAsia,CEB-MNL,2025.0,3,22169.34,15.23,3522.77,2942.27,3638.22,3101,9510
Cebu Pacific,CEB-MNL,2025.0,3,39068.744,44.88,3522.77,2942.27,3638.22,3101,9510
Philippine Airlines,CEB-MNL,2025.0,3,39095.966,35.5,3522.77,2942.27,3638.22,3101,9510
Cebu Pacific,CEB-MPH,2025.0,3,4693.523999999999,44.88,6192.26,2942.27,3685.07,3101,1144
Philippine Airlines,CEB-MPH,2025.0,3,1613.6399999999999,35.5,6192.26,2942.27,3685.07,3101,1144
Cebgo,CEB-NAN,2025.0,3,175.82399999999998,4.4,10000.0,2942.27,3354.64,3101,5
Cebgo,CEB-PAG,2025.0,3,1289.376,4.4,10000.0,2942.27,7038.63,3101,146
Cebu Pacific,CEB-PPS,2025.0,3,5803.82,44.88,6147.69,2942.27,3657.18,3101,598
Philippine Airlines,CEB-PPS,2025.0,3,2043.944,35.5,6147.69,2942.27,3657.18,3101,598
Cebgo,CEB-SUG,2025.0,3,527.472,4.4,10000.0,2942.27,10000.0,3101,41
Cebgo,CEB-TAC,2025.0,3,996.3359999999999,4.4,5140.99,2942.27,3242.68,3101,678
Philippine Airlines,CEB-TAC,2025.0,3,1398.4879999999998,35.5,5140.99,2942.27,3242.68,3101,678
Cebgo,CEB-USU,2025.0,3,1816.848,4.4,5017.54,2942.27,5345.57,3101,373
Philippine Airlines,CEB-USU,2025.0,3,1613.6399999999999,35.5,5017.54,2942.27,5345.57,3101,373
Cebgo,CGM-CEB,2025.0,3,1582.416,4.4,10000.0,10000.0,2942.27,50,3101
Cebgo,CGY-CEB,2025.0,3,2520.144,4.4,5000.73,3952.52,2942.27,902,3101
Philippine Airlines,CGY-CEB,2025.0,3,2581.8239999999996,35.5,5000.73,3952.52,2942.27,902,3101
Philippine Airlines,CGY-CGY,2025.0,3,147.126,35.5,10000.0,3952.52,3952.52,902,902
Cebgo,CGY-DVO,2025.0,3,937.728,4.4,10000.0,3952.52,4905.37,902,1509
Cebu Pacific,CGY-ILO,2025.0,3,4542.12,44.88,10000.0,3952.52,3412.2,902,964
AirAsia,CGY-MNL,2025.0,3,4854.599999999999,15.23,4213.24,3952.52,3638.22,902,9510
Cebu Pacific,CGY-MNL,2025.0,3,25056.548,44.88,4213.24,3952.52,3638.22,902,9510
Philippine Airlines,CGY-MNL,2025.0,3,21787.304,35.5,4213.24,3952.52,3638.22,902,9510
Philippine Airlines,CRK-BSO,2025.0,3,860.608,35.5,10000.0,6665.09,10000.0,312,63
Cebu Pacific,CRK-CEB,2025.0,3,3179.484,44.88,10000.0,6665.09,2942.27,312,3101
Cebu Pacific,CRK-DVO,2025.0,3,3099.712,44.88,10000.0,6665.09,4905.37,312,1509
Cebgo,CRK-ENI,2025.0,3,117.216,4.4,10000.0,6665.09,10000.0,312,4
Cebgo,CRK-IAO,2025.0,3,117.216,4.4,7540.9,6665.09,5059.43,312,582
Philippine Airlines,CRK-IAO,2025.0,3,699.2439999999999,35.5,7540.9,6665.09,5059.43,312,582
Cebgo,CRK-MBT,2025.0,3,117.216,4.4,10000.0,6665.09,10000.0,312,4
Cebu Pacific,CRK-MPH,2025.0,3,7570.2,44.88,10000.0,6665.09,3685.07,312,1144
Cebgo,CRK-TAG,2025.0,3,117.216,4.4,10000.0,6665.09,3405.5,312,466
Philippine Airlines,CRK-USU,2025.0,3,1559.8519999999999,35.5,10000.0,6665.09,5345.57,312,373
Philippine Airlines,CRM-CEB,2025.0,3,537.88,35.5,10000.0,10000.0,2942.27,36,3101
Cebgo,CYP-CEB,2025.0,3,1289.376,4.4,10000.0,5722.58,2942.27,70,3101
Cebgo,CYP-CYP,2025.0,3,58.608,4.4,10000.0,5722.58,5722.58,70,70
Philippine Airlines,CYP-MNL,2025.0,3,645.4559999999999,35.5,10000.0,5722.58,3638.22,70,9510
Cebu Pacific,CYZ-MNL,2025.0,3,8932.836,44.88,10000.0,10000.0,3638.22,119,9510
Cebgo,DGT-CEB,2025.0,3,1582.416,4.4,10000.0,4310.52,2942.27,298,3101
Cebu Pacific,DGT-MNL,2025.0,3,6964.584,44.88,5089.92,4310.52,3638.22,298,9510
Philippine Airlines,DGT-MNL,2025.0,3,9121.812,35.5,5089.92,4310.52,3638.22,298,9510
Cebgo,DPL-CEB,2025.0,3,1347.984,4.4,10000.0,3941.36,2942.27,168,3101
Cebu Pacific,DPL-MNL,2025.0,3,4542.12,44.88,5001.03,3941.36,3638.22,168,9510
Philippine Airlines,DPL-MNL,2025.0,3,4413.78,35.5,5001.03,3941.36,3638.22,168,9510
Cebgo,DRP-CEB,2025.0,3,1582.416,4.4,10000.0,4413.97,2942.27,368,3101
Cebu Pacific,DRP-MNL,2025.0,3,11337.392,44.88,5024.94,4413.97,3638.22,368,9510
Philippine Airlines,DRP-MNL,2025.0,3,9841.622,35.5,5024.94,4413.97,3638.22,368,9510
Cebu Pacific,DVO-BCD,2025.0,3,4310.9439999999995,44.88,10000.0,4905.37,3344.76,1509,784
Cebu Pacific,DVO-CEB,2025.0,3,2119.656,44.88,5465.21,4905.37,2942.27,1509,3101
Philippine Airlines,DVO-CEB,2025.0,3,3980.312,35.5,5465.21,4905.37,2942.27,1509,3101
Cebgo,DVO-CGY,2025.0,3,996.3359999999999,4.4,10000.0,4905.37,3952.52,1509,902
Cebu Pacific,DVO-CRK,2025.0,3,3099.712,44.88,10000.0,4905.37,6665.09,1509,312
Cebgo,DVO-IAO,2025.0,3,1699.6319999999998,4.4,10000.0,4905.37,5059.43,1509,582
Cebu Pacific,DVO-ILO,2025.0,3,4577.936,44.88,10000.0,4905.37,3412.2,1509,964
Cebu Pacific,DVO-MNL,2025.0,3,47416.314,44.88,5003.71,4905.37,3638.22,1509,9510
Philippine Airlines,DVO-MNL,2025.0,3,44900.324,35.5,5003.71,4905.37,3638.22,1509,9510
Cebu Pacific,DVO-MPH,2025.0,3,4390.716,44.88,10000.0,4905.37,3685.07,1509,1144
Philippine Airlines,DVO-TAG,2025.0,3,860.608,35.5,10000.0,4905.37,3405.5,1509,466
Cebgo,ENI-CRK,2025.0,3,117.216,4.4,10000.0,10000.0,6665.09,4,312
Philippine Airlines,EUQ-MNL,2025.0,3,645.4559999999999,35.5,10000.0,10000.0,3638.22,24,9510
Philippine Airlines,GES-CEB,2025.0,3,537.88,35.5,10000.0,5224.77,2942.27,280,3101
Cebu Pacific,GES-MNL,2025.0,3,18770.84,44.88,5259.96,5224.77,3638.22,280,9510
Philippine Airlines,GES-MNL,2025.0,3,11800.138,35.5,5259.96,5224.77,3638.22,280,9510
Cebgo,IAO-CEB,2025.0,3,5216.112,4.4,5040.29,5059.43,2942.27,582,3101
Philippine Airlines,IAO-CEB,2025.0,3,4356.8279999999995,35.5,5040.29,5059.43,2942.27,582,3101
Cebgo,IAO-CRK,2025.0,3,117.216,4.4,7540.9,5059.43,6665.09,582,312
Philippine Airlines,IAO-CRK,2025.0,3,699.2439999999999,35.5,7540.9,5059.43,6665.09,582,312
Cebgo,IAO-DVO,2025.0,3,1816.848,4.4,10000.0,5059.43,4905.37,582,1509
Cebgo,IAO-IAO,2025.0,3,58.608,4.4,10000.0,5059.43,5059.43,582,582
Philippine Airlines,IAO-MNL,2025.0,3,3119.7039999999997,35.5,10000.0,5059.43,3638.22,582,9510
Cebgo,ILO-CEB,2025.0,3,820.512,4.4,10000.0,3412.2,2942.27,964,3101
Cebu Pacific,ILO-CGY,2025.0,3,4542.12,44.88,10000.0,3412.2,3952.52,964,902
Cebu Pacific,ILO-DVO,2025.0,3,4577.936,44.88,10000.0,3412.2,4905.37,964,1509
AirAsia,ILO-MNL,2025.0,3,23817.12,15.23,3390.33,3412.2,3638.22,964,9510
Cebu Pacific,ILO-MNL,2025.0,3,18173.364,44.88,3390.33,3412.2,3638.22,964,9510
Philippine Airlines,ILO-MNL,2025.0,3,18311.65,35.5,3390.33,3412.2,3638.22,964,9510
Cebu Pacific,ILO-TAC,2025.0,3,2573.868,44.88,10000.0,3412.2,3242.68,964,678
AirAsia,KLO-MNL,2025.0,3,14240.16,15.23,6271.16,6292.43,3638.22,240,9510
Cebu Pacific,KLO-MNL,2025.0,3,4693.523999999999,44.88,6271.16,6292.43,3638.22,240,9510
Philippine Airlines,LAO-MNL,2025.0,3,8360.87,35.5,10000.0,10000.0,3638.22,92,9510
Cebgo,MBT-CRK,2025.0,3,117.216,4.4,10000.0,10000.0,6665.09,4,312
AirAsia,MNL-BCD,2025.0,3,9547.38,15.23,3446.63,3638.22,3344.76,9510,784
Cebu Pacific,MNL-BCD,2025.0,3,15117.608,44.88,3446.63,3638.22,3344.76,9510,784
Philippine Airlines,MNL-BCD,2025.0,3,13605.2,35.5,3446.63,3638.22,3344.76,9510,784
Philippine Airlines,MNL-BSO,2025.0,3,1667.4279999999999,35.5,10000.0,3638.22,10000.0,9510,63
Cebu Pacific,MNL-BXU,2025.0,3,14533.155999999999,44.88,5261.66,3638.22,4857.04,9510,379
Philippine Airlines,MNL-BXU,2025.0,3,9121.812,35.5,5261.66,3638.22,4857.04,9510,379
Philippine Airlines,MNL-CBO,2025.0,3,6767.796,35.5,10000.0,3638.22,10000.0,9510,91
AirAsia,MNL-CEB,2025.0,3,27185.76,15.23,3486.27,3638.22,2942.27,9510,3101
Cebgo,MNL-CEB,2025.0,3,468.864,4.4,3486.27,3638.22,2942.27,9510,3101
Cebu Pacific,MNL-CEB,2025.0,3,36546.972,44.88,3486.27,3638.22,2942.27,9510,3101
Philippine Airlines,MNL-CEB,2025.0,3,48549.998,35.5,3486.27,3638.22,2942.27,9510,3101
AirAsia,MNL-CGY,2025.0,3,4854.599999999999,15.23,4421.84,3638.22,3952.52,9510,902
Cebu Pacific,MNL-CGY,2025.0,3,28952.352,44.88,4421.84,3638.22,3952.52,9510,902
Philippine Airlines,MNL-CGY,2025.0,3,17898.748,35.5,4421.84,3638.22,3952.52,9510,902
Philippine Airlines,MNL-CRM,2025.0,3,860.608,35.5,10000.0,3638.22,10000.0,9510,36
Philippine Airlines,MNL-CYP,2025.0,3,591.668,35.5,10000.0,3638.22,5722.58,9510,70
Cebu Pacific,MNL-CYZ,2025.0,3,9084.24,44.88,10000.0,3638.22,10000.0,9510,119
Cebu Pacific,MNL-DGT,2025.0,3,11658.108,44.88,5095.46,3638.22,4310.52,9510,298
Philippine Airlines,MNL-DGT,2025.0,3,8827.56,35.5,5095.46,3638.22,4310.52,9510,298
Cebu Pacific,MNL-DPL,2025.0,3,4693.523999999999,44.88,5011.35,3638.22,3941.36,9510,168
Philippine Airlines,MNL-DPL,2025.0,3,4266.654,35.5,5011.35,3638.22,3941.36,9510,168
Cebu Pacific,MNL-DRP,2025.0,3,11899.052,44.88,5046.69,3638.22,4413.97,9510,368
Philippine Airlines,MNL-DRP,2025.0,3,9802.072,35.5,5046.69,3638.22,4413.97,9510,368
Cebu Pacific,MNL-DVO,2025.0,3,46559.986,44.88,5001.65,3638.22,4905.37,9510,1509
Philippine Airlines,MNL-DVO,2025.0,3,44900.324,35.5,5001.65,3638.22,4905.37,9510,1509
Philippine Airlines,MNL-EUQ,2025.0,3,645.4559999999999,35.5,10000.0,3638.22,10000.0,9510,24
Cebu Pacific,MNL-GES,2025.0,3,18958.06,44.88,5284.75,3638.22,5224.77,9510,280
Philippine Airlines,MNL-GES,2025.0,3,11653.012,35.5,5284.75,3638.22,5224.77,9510,280
Philippine Airlines,MNL-IAO,2025.0,3,4625.768,35.5,10000.0,3638.22,5059.43,9510,582
AirAsia,MNL-ILO,2025.0,3,19580.219999999998,15.23,3342.73,3638.22,3412.2,9510,964
Cebu Pacific,MNL-ILO,2025.0,3,21292.612,44.88,3342.73,3638.22,3412.2,9510,964
Philippine Airlines,MNL-ILO,2025.0,3,22287.216,35.5,3342.73,3638.22,3412.2,9510,964
AirAsia,MNL-KLO,2025.0,3,14563.8,15.23,6313.52,3638.22,6292.43,9510,240
Cebu Pacific,MNL-KLO,2025.0,3,4693.523999999999,44.88,6313.52,3638.22,6292.43,9510,240
Philippine Airlines,MNL-LAO,2025.0,3,4708.032,35.5,10000.0,3638.22,10000.0,9510,92
Cebu Pacific,MNL-MNL,2025.0,3,605.616,44.88,5598.62,3638.22,3638.22,9510,9510
Philippine Airlines,MNL-MNL,2025.0,3,294.252,35.5,5598.62,3638.22,3638.22,9510,9510
AirAsia,MNL-MPH,2025.0,3,15211.08,15.23,3197.74,3638.22,3685.07,9510,1144
Cebgo,MNL-MPH,2025.0,3,1758.24,4.4,3197.74,3638.22,3685.07,9510,1144
Cebu Pacific,MNL-MPH,2025.0,3,20742.347999999998,44.88,3197.74,3638.22,3685.07,9510,1144
Philippine Airlines,MNL-MPH,2025.0,3,15350.146,35.5,3197.74,3638.22,3685.07,9510,1144
Cebu Pacific,MNL-OZC,2025.0,3,7267.392,44.88,10000.0,3638.22,5843.51,9510,143
Cebu Pacific,MNL-PAG,2025.0,3,4844.928,44.88,10000.0,3638.22,7038.63,9510,146
AirAsia,MNL-PPS,2025.0,3,7120.08,15.23,3726.27,3638.22,3657.18,9510,598
Cebu Pacific,MNL-PPS,2025.0,3,15902.304,44.88,3726.27,3638.22,3657.18,9510,598
Philippine Airlines,MNL-PPS,2025.0,3,9442.958,35.5,3726.27,3638.22,3657.18,9510,598
Cebu Pacific,MNL-RXS,2025.0,3,4844.928,44.88,10000.0,3638.22,5373.8,9510,135
Cebu Pacific,MNL-SJI,2025.0,3,302.808,44.88,10000.0,3638.22,10000.0,9510,4
AirAsia,MNL-TAC,2025.0,3,9709.199999999999,15.23,3533.23,3638.22,3242.68,9510,678
Cebu Pacific,MNL-TAC,2025.0,3,7115.987999999999,44.88,3533.23,3638.22,3242.68,9510,678
Philippine Airlines,MNL-TAC,2025.0,3,13078.394,35.5,3533.23,3638.22,3242.68,9510,678
AirAsia,MNL-TAG,2025.0,3,10032.84,15.23,3686.17,3638.22,3405.5,9510,466
Cebu Pacific,MNL-TAG,2025.0,3,5955.224,44.88,3686.17,3638.22,3405.5,9510,466
Philippine Airlines,MNL-TAG,2025.0,3,13891.542000000001,35.5,3686.17,3638.22,3405.5,9510,466
Cebu Pacific,MNL-TUG,2025.0,3,5299.139999999999,44.88,9474.31,3638.22,7613.89,9510,171
Philippine Airlines,MNL-TUG,2025.0,3,147.126,35.5,9474.31,3638.22,7613.89,9510,171
Cebgo,MNL-USU,2025.0,3,1816.848,4.4,10000.0,3638.22,5345.57,9510,373
Cebu Pacific,MNL-VRC,2025.0,3,151.404,44.88,10000.0,3638.22,10000.0,9510,2
Cebgo,MNL-WNP,2025.0,3,2813.1839999999997,4.4,10000.0,3638.22,10000.0,9510,98
Cebu Pacific,MPH-CEB,2025.0,3,4693.523999999999,44.88,6192.26,3685.07,2942.27,1144,3101
Philippine Airlines,MPH-CEB,2025.0,3,1613.6399999999999,35.5,6192.26,3685.07,2942.27,1144,3101
Cebu Pacific,MPH-CRK,2025.0,3,7570.2,44.88,10000.0,3685.07,6665.09,1144,312
Cebu Pacific,MPH-DVO,2025.0,3,4390.716,44.88,10000.0,3685.07,4905.37,1144,1509
AirAsia,MPH-MNL,2025.0,3,20065.68,15.23,3206.7,3685.07,3638.22,1144,9510
Cebgo,MPH-MNL,2025.0,3,1816.848,4.4,3206.7,3685.07,3638.22,1144,9510
Cebu Pacific,MPH-MNL,2025.0,3,25435.872,44.88,3206.7,3685.07,3638.22,1144,9510
Philippine Airlines,MPH-MNL,2025.0,3,19911.052,35.5,3206.7,3685.07,3638.22,1144,9510
Cebu Pacific,NAN-MPH,2025.0,3,151.404,44.88,10000.0,3354.64,3685.07,5,1144
Philippine Airlines,NAN-ZAM,2025.0,3,147.126,35.5,10000.0,3354.64,6619.79,5,272
Cebgo,OZC-CEB,2025.0,3,1230.768,4.4,10000.0,5843.51,2942.27,143,3101
Cebu Pacific,OZC-MNL,2025.0,3,7115.987999999999,44.88,5401.87,5843.51,3638.22,143,9510
Philippine Airlines,OZC-MNL,2025.0,3,3972.402,35.5,5401.87,5843.51,3638.22,143,9510
Cebgo,PAG-CEB,2025.0,3,1699.6319999999998,4.4,10000.0,7038.63,2942.27,146,3101
Cebu Pacific,PAG-MNL,2025.0,3,9235.644,44.88,10000.0,7038.63,3638.22,146,9510
Cebgo,PAG-PAG,2025.0,3,58.608,4.4,10000.0,7038.63,7038.63,146,146
Cebu Pacific,PPS-CEB,2025.0,3,5803.82,44.88,7549.43,3657.18,2942.27,598,3101
Philippine Airlines,PPS-CEB,2025.0,3,968.184,35.5,7549.43,3657.18,2942.27,598,3101
AirAsia,PPS-MNL,2025.0,3,12136.5,15.23,3453.67,3657.18,3638.22,598,9510
Cebu Pacific,PPS-MNL,2025.0,3,15783.46,44.88,3453.67,3657.18,3638.22,598,9510
Philippine Airlines,PPS-MNL,2025.0,3,19491.822,35.5,3453.67,3657.18,3638.22,598,9510
AirAsia,RXS-MNL,2025.0,3,1941.84,15.23,4526.41,5373.8,3638.22,135,9510
Cebu Pacific,RXS-MNL,2025.0,3,9387.047999999999,44.88,4526.41,5373.8,3638.22,135,9510
Philippine Airlines,RXS-MNL,2025.0,3,4266.654,35.5,4526.41,5373.8,3638.22,135,9510
Cebu Pacific,SIN-ILO,2025.0,3,1968.252,44.88,10000.0,10000.0,3412.2,13,964
Cebu Pacific,SJI-MNL,2025.0,3,302.808,44.88,10000.0,10000.0,3638.22,4,9510
Cebgo,SUG-CEB,2025.0,3,1875.456,4.4,10000.0,10000.0,2942.27,41,3101
Cebgo,SWL-CEB,2025.0,3,820.512,4.4,10000.0,10000.0,2942.27,14,3101
Cebgo,TAC-CEB,2025.0,3,879.12,4.4,5302.19,3242.68,2942.27,678,3101
Philippine Airlines,TAC-CEB,2025.0,3,1452.2759999999998,35.5,5302.19,3242.68,2942.27,678,3101
Cebu Pacific,TAC-DVO,2025.0,3,1968.252,44.88,10000.0,3242.68,4905.37,678,1509
Cebu Pacific,TAC-ILO,2025.0,3,2573.868,44.88,10000.0,3242.68,3412.2,678,964
AirAsia,TAC-MNL,2025.0,3,19695.059999999998,15.23,3476.63,3242.68,3638.22,678,9510
Cebu Pacific,TAC-MNL,2025.0,3,21802.176,44.88,3476.63,3242.68,3638.22,678,9510
Philippine Airlines,TAC-MNL,2025.0,3,12973.982,35.5,3476.63,3242.68,3638.22,678,9510
Cebgo,TAG-CRK,2025.0,3,117.216,4.4,10000.0,3405.5,6665.09,466,312
Philippine Airlines,TAG-DVO,2025.0,3,860.608,35.5,10000.0,3405.5,4905.37,466,1509
AirAsia,TAG-MNL,2025.0,3,10032.84,15.23,3457.83,3405.5,3638.22,466,9510
Cebu Pacific,TAG-MNL,2025.0,3,16332.096,44.88,3457.83,3405.5,3638.22,466,9510
Philippine Airlines,TAG-MNL,2025.0,3,13891.542000000001,35.5,3457.83,3405.5,3638.22,466,9510
Cebu Pacific,TUG-MNL,2025.0,3,16421.636,44.88,7188.61,7613.89,3638.22,171,9510
Philippine Airlines,TUG-MNL,2025.0,3,3344.348,35.5,7188.61,7613.89,3638.22,171,9510
Cebgo,USU-CEB,2025.0,3,2813.1839999999997,4.4,5457.91,5345.57,2942.27,373,3101
Philippine Airlines,USU-CEB,2025.0,3,1506.0639999999999,35.5,5457.91,5345.57,2942.27,373,3101
Philippine Airlines,USU-CRK,2025.0,3,1452.2759999999998,35.5,10000.0,5345.57,6665.09,373,312
Cebgo,USU-MNL,2025.0,3,6915.744,4.4,6869.45,5345.57,3638.22,373,9510
Philippine Airlines,USU-MNL,2025.0,3,1667.4279999999999,35.5,6869.45,5345.57,3638.22,373,9510
Cebu Pacific,VRC-MNL,2025.0,3,151.404,44.88,10000.0,10000.0,3638.22,2,9510
Cebgo,WNP-MNL,2025.0,3,2930.3999999999996,4.4,10000.0,10000.0,3638.22,98,9510
Cebu Pacific,ZAM-CEB,2025.0,3,3028.08,44.88,7265.24,6619.79,2942.27,272,3101
Philippine Airlines,ZAM-CEB,2025.0,3,591.668,35.5,7265.24,6619.79,2942.27,272,3101
Cebu Pacific,ZAM-DVO,2025.0,3,4239.312,44.88,10000.0,6619.79,4905.37,272,1509
Cebu Pacific,ZAM-MNL,2025.0,3,22718.739999999998,44.88,6422.08,6619.79,3638.22,272,9510
Philippine Airlines,ZAM-MNL,2025.0,3,6914.9220000000005,35.5,6422.08,6619.79,3638.22,272,9510
Cebu Pacific,ZAM-TWT,2025.0,3,3785.1,44.88,5803.94,6619.79,5749.53,272,37
Philippine Airlines,ZAM-TWT,2025.0,3,1618.386,35.5,5803.94,6619.79,5749.53,272,37
Cebgo,BCD-CEB,2025.0,4,1749.744,5.88,5008.19,3339.23,2908.76,782,3667
Philippine Airlines,BCD-CEB,2025.0,4,1613.6399999999999,34.08,5008.19,3339.23,2908.76,782,3667
Cebu Pacific,BCD-DVO,2025.0,4,2026.2839999999999,46.16,10000.0,3339.23,4991.46,782,1559
AirAsia,BCD-MNL,2025.0,4,15901.14,13.88,3483.73,3339.23,3733.82,782,10054
Cebu Pacific,BCD-MNL,2025.0,4,27132.764,46.16,3483.73,3339.23,3733.82,782,10054
Philippine Airlines,BCD-MNL,2025.0,4,21743.008,34.08,3483.73,3339.23,3733.82,782,10054
Philippine Airlines,BPA-CEB,2025.0,4,699.2439999999999,34.08,10000.0,10000.0,2908.76,26,3667
Philippine Airlines,BSO-CRK,2025.0,4,753.0319999999999,34.08,10000.0,10000.0,4501.83,60,556
Cebgo,BXU-CEB,2025.0,4,1749.744,5.88,5008.19,5025.39,2908.76,465,3667
Philippine Airlines,BXU-CEB,2025.0,4,1613.6399999999999,34.08,5008.19,5025.39,2908.76,465,3667
Cebu Pacific,BXU-MNL,2025.0,4,20948.324,46.16,5886.67,5025.39,3733.82,465,10054
Philippine Airlines,BXU-MNL,2025.0,4,8533.308,34.08,5886.67,5025.39,3733.82,465,10054
Philippine Airlines,CBO-MNL,2025.0,4,6767.796,34.08,10000.0,10000.0,3733.82,101,10054
Philippine Airlines,CBO-TWT,2025.0,4,430.304,34.08,10000.0,10000.0,10000.0,101,19
Cebgo,CEB-BCD,2025.0,4,1810.08,5.88,5016.46,2908.76,3339.23,3667,782
Philippine Airlines,CEB-BCD,2025.0,4,1613.6399999999999,34.08,5016.46,2908.76,3339.23,3667,782
Philippine Airlines,CEB-BPA,2025.0,4,699.2439999999999,34.08,10000.0,2908.76,10000.0,3667,26
Cebgo,CEB-BXU,2025.0,4,1689.408,5.88,5002.14,2908.76,5025.39,3667,465
Philippine Airlines,CEB-BXU,2025.0,4,1760.7659999999998,34.08,5002.14,2908.76,5025.39,3667,465
Cebgo,CEB-CGM,2025.0,4,1810.08,5.88,10000.0,2908.76,10000.0,3667,57
Cebgo,CEB-CGY,2025.0,4,5611.248,5.88,5363.76,2908.76,3756.72,3667,1010
Philippine Airlines,CEB-CGY,2025.0,4,3227.2799999999997,34.08,5363.76,2908.76,3756.72,3667,1010
Cebgo,CEB-CRK,2025.0,4,543.024,5.88,7165.13,2908.76,4501.83,3667,556
Cebu Pacific,CEB-CRK,2025.0,4,2632.996,46.16,7165.13,2908.76,4501.83,3667,556
Philippine Airlines,CEB-CRM,2025.0,4,699.2439999999999,34.08,10000.0,2908.76,10000.0,3667,43
Cebgo,CEB-CYP,2025.0,4,1327.392,5.88,10000.0,2908.76,5480.33,3667,70
Cebgo,CEB-DGT,2025.0,4,1508.3999999999999,5.88,8302.32,2908.76,4471.38,3667,320
Cebu Pacific,CEB-DGT,2025.0,4,155.868,46.16,8302.32,2908.76,4471.38,3667,320
Cebgo,CEB-DPL,2025.0,4,1749.744,5.88,10000.0,2908.76,3769.85,3667,175
Cebgo,CEB-DRP,2025.0,4,1810.08,5.88,10000.0,2908.76,4587.73,3667,447
Cebu Pacific,CEB-DVO,2025.0,4,7071.044,46.16,5175.25,2908.76,4991.46,3667,1559
Philippine Airlines,CEB-DVO,2025.0,4,4840.92,34.08,5175.25,2908.76,4991.46,3667,1559
Philippine Airlines,CEB-GES,2025.0,4,1075.76,34.08,10000.0,2908.76,5029.78,3667,307
Cebgo,CEB-IAO,2025.0,4,5430.24,5.88,5176.77,2908.76,5007.72,3667,607
Philippine Airlines,CEB-IAO,2025.0,4,3711.372,34.08,5176.77,2908.76,5007.72,3667,607
Cebgo,CEB-ILO,2025.0,4,3439.152,5.88,10000.0,2908.76,3237.04,3667,1039
AirAsia,CEB-MNL,2025.0,4,23157.0,13.88,3602.52,2908.76,3733.82,3667,10054
Cebgo,CEB-MNL,2025.0,4,181.00799999999998,5.88,3602.52,2908.76,3733.82,3667,10054
Cebu Pacific,CEB-MNL,2025.0,4,45350.884,46.16,3602.52,2908.76,3733.82,3667,10054
Philippine Airlines,CEB-MNL,2025.0,4,48673.394,34.08,3602.52,2908.76,3733.82,3667,10054
Cebgo,CEB-MPH,2025.0,4,60.336,5.88,6132.04,2908.76,3713.49,3667,1202
Cebu Pacific,CEB-MPH,2025.0,4,4831.907999999999,46.16,6132.04,2908.76,3713.49,3667,1202
Philippine Airlines,CEB-MPH,2025.0,4,1613.6399999999999,34.08,6132.04,2908.76,3713.49,3667,1202
Cebgo,CEB-NAN,2025.0,4,60.336,5.88,10000.0,2908.76,3516.82,3667,9
Cebgo,CEB-PAG,2025.0,4,1629.072,5.88,10000.0,2908.76,6614.81,3667,154
Cebu Pacific,CEB-PPS,2025.0,4,5560.968,46.16,6069.38,2908.76,3792.81,3667,600
Philippine Airlines,CEB-PPS,2025.0,4,2043.944,34.08,6069.38,2908.76,3792.81,3667,600
Cebgo,CEB-SUG,2025.0,4,844.704,5.88,10000.0,2908.76,10000.0,3667,46
Cebgo,CEB-TAC,2025.0,4,422.352,5.88,6711.79,2908.76,3280.75,3667,720
Philippine Airlines,CEB-TAC,2025.0,4,1613.6399999999999,34.08,6711.79,2908.76,3280.75,3667,720
Cebgo,CEB-USU,2025.0,4,1810.08,5.88,5027.57,2908.76,5293.47,3667,352
Philippine Airlines,CEB-USU,2025.0,4,1559.8519999999999,34.08,5027.57,2908.76,5293.47,3667,352
Cebgo,CGM-CEB,2025.0,4,1629.072,5.88,10000.0,10000.0,2908.76,57,3667
Cebgo,CGY-CEB,2025.0,4,5550.912,5.88,5415.84,3756.72,2908.76,1010,3667
Philippine Airlines,CGY-CEB,2025.0,4,3065.9159999999997,34.08,5415.84,3756.72,2908.76,1010,3667
Cebgo,CGY-DVO,2025.0,4,965.376,5.88,10000.0,3756.72,4991.46,1010,1559
Cebu Pacific,CGY-ILO,2025.0,4,3273.228,46.16,10000.0,3756.72,3237.04,1010,1039
AirAsia,CGY-MNL,2025.0,4,4631.4,13.88,4339.01,3756.72,3733.82,1010,10054
Cebu Pacific,CGY-MNL,2025.0,4,28047.86,46.16,4339.01,3756.72,3733.82,1010,10054
Philippine Airlines,CGY-MNL,2025.0,4,20759.004,34.08,4339.01,3756.72,3733.82,1010,10054
Philippine Airlines,CRK-BSO,2025.0,4,860.608,34.08,10000.0,4501.83,10000.0,556,60
Cebgo,CRK-CEB,2025.0,4,543.024,5.88,7165.13,4501.83,2908.76,556,3667
Cebu Pacific,CRK-CEB,2025.0,4,2632.996,46.16,7165.13,4501.83,2908.76,556,3667
Cebu Pacific,CRK-DVO,2025.0,4,3596.696,46.16,10000.0,4501.83,4991.46,556,1559
Cebgo,CRK-ENI,2025.0,4,1689.408,5.88,10000.0,4501.83,10000.0,556,56
Cebgo,CRK-IAO,2025.0,4,1810.08,5.88,6124.73,4501.83,5007.72,556,607
Philippine Airlines,CRK-IAO,2025.0,4,645.4559999999999,34.08,6124.73,4501.83,5007.72,556,607
Cebgo,CRK-MBT,2025.0,4,1810.08,5.88,10000.0,4501.83,10000.0,556,58
Cebu Pacific,CRK-MPH,2025.0,4,9352.08,46.16,10000.0,4501.83,3713.49,556,1202
Cebgo,CRK-TAG,2025.0,4,1810.08,5.88,10000.0,4501.83,3248.82,556,590
Cebgo,CRK-USU,2025.0,4,60.336,5.88,9259.3,4501.83,5293.47,556,352
Philippine Airlines,CRK-USU,2025.0,4,1506.0639999999999,34.08,9259.3,4501.83,5293.47,556,352
Philippine Airlines,CRM-CEB,2025.0,4,699.2439999999999,34.08,10000.0,10000.0,2908.76,43,3667
Philippine Airlines,CRM-MNL,2025.0,4,53.788,34.08,10000.0,10000.0,3733.82,43,10054
Cebgo,CYP-CEB,2025.0,4,1327.392,5.88,10000.0,5480.33,2908.76,70,3667
Philippine Airlines,CYP-MNL,2025.0,4,699.2439999999999,34.08,10000.0,5480.33,3733.82,70,10054
Cebu Pacific,CYZ-MNL,2025.0,4,9352.08,46.16,10000.0,10000.0,3733.82,120,10054
Cebgo,DGT-CEB,2025.0,4,1508.3999999999999,5.88,10000.0,4471.38,2908.76,320,3667
Cebu Pacific,DGT-MNL,2025.0,4,9352.08,46.16,5004.16,4471.38,3733.82,320,10054
Philippine Airlines,DGT-MNL,2025.0,4,8827.56,34.08,5004.16,4471.38,3733.82,320,10054
Cebu Pacific,DMK-ILO,2025.0,4,2026.2839999999999,46.16,10000.0,10000.0,3237.04,13,1039
Cebgo,DPL-CEB,2025.0,4,1749.744,5.88,10000.0,3769.85,2908.76,175,3667
Cebu Pacific,DPL-MNL,2025.0,4,4676.04,46.16,5020.02,3769.85,3733.82,175,10054
Philippine Airlines,DPL-MNL,2025.0,4,4119.528,34.08,5020.02,3769.85,3733.82,175,10054
Cebgo,DRP-CEB,2025.0,4,1810.08,5.88,10000.0,4587.73,2908.76,447,3667
Cebu Pacific,DRP-MNL,2025.0,4,17787.388,46.16,5107.33,4587.73,3733.82,447,10054
Philippine Airlines,DRP-MNL,2025.0,4,13241.34,34.08,5107.33,4587.73,3733.82,447,10054
Cebu Pacific,DVO-BCD,2025.0,4,2026.2839999999999,46.16,10000.0,4991.46,3339.23,1559,782
Cebu Pacific,DVO-CEB,2025.0,4,7071.044,46.16,5155.92,4991.46,2908.76,1559,3667
Philippine Airlines,DVO-CEB,2025.0,4,4948.496,34.08,5155.92,4991.46,2908.76,1559,3667
Cebgo,DVO-CGY,2025.0,4,965.376,5.88,10000.0,4991.46,3756.72,1559,1010
Cebu Pacific,DVO-CRK,2025.0,4,3596.696,46.16,10000.0,4991.46,4501.83,1559,556
Cebu Pacific,DVO-DGT,2025.0,4,192.74,46.16,10000.0,4991.46,4471.38,1559,320
Cebgo,DVO-IAO,2025.0,4,1810.08,5.88,10000.0,4991.46,5007.72,1559,607
Cebu Pacific,DVO-ILO,2025.0,4,4208.436,46.16,10000.0,4991.46,3237.04,1559,1039
Cebu Pacific,DVO-MNL,2025.0,4,51164.090000000004,46.16,5061.1,4991.46,3733.82,1559,10054
Philippine Airlines,DVO-MNL,2025.0,4,40978.546,34.08,5061.1,4991.46,3733.82,1559,10054
Cebu Pacific,DVO-MPH,2025.0,4,3117.3599999999997,46.16,10000.0,4991.46,3713.49,1559,1202
Philippine Airlines,DVO-TAG,2025.0,4,1559.8519999999999,34.08,10000.0,4991.46,3248.82,1559,590
Cebgo,ENI-CRK,2025.0,4,1689.408,5.88,10000.0,10000.0,4501.83,56,556
Philippine Airlines,EUQ-MNL,2025.0,4,645.4559999999999,34.08,10000.0,10000.0,3733.82,24,10054
Philippine Airlines,GES-CEB,2025.0,4,1075.76,34.08,10000.0,5029.78,2908.76,307,3667
Cebu Pacific,GES-MNL,2025.0,4,14300.470000000001,46.16,5008.67,5029.78,3733.82,307,10054
Philippine Airlines,GES-MNL,2025.0,4,15543.150000000001,34.08,5008.67,5029.78,3733.82,307,10054
Cebgo,IAO-CEB,2025.0,4,5309.568,5.88,5156.94,5007.72,2908.76,607,3667
Philippine Airlines,IAO-CEB,2025.0,4,3711.372,34.08,5156.94,5007.72,2908.76,607,3667
Cebgo,IAO-CRK,2025.0,4,1810.08,5.88,6124.73,5007.72,4501.83,607,556
Philippine Airlines,IAO-CRK,2025.0,4,645.4559999999999,34.08,6124.73,5007.72,4501.83,607,556
Cebgo,IAO-DVO,2025.0,4,1810.08,5.88,10000.0,5007.72,4991.46,607,1559
Philippine Airlines,IAO-MNL,2025.0,4,3227.2799999999997,34.08,10000.0,5007.72,3733.82,607,10054
Cebgo,ILO-CEB,2025.0,4,3378.816,5.88,10000.0,3237.04,2908.76,1039,3667
Cebu Pacific,ILO-CGY,2025.0,4,3273.228,46.16,10000.0,3237.04,3756.72,1039,1010
Cebu Pacific,ILO-DVO,2025.0,4,4208.436,46.16,10000.0,3237.04,4991.46,1039,1559
AirAsia,ILO-MNL,2025.0,4,23814.36,13.88,3381.92,3237.04,3733.82,1039,10054
Cebu Pacific,ILO-MNL,2025.0,4,19357.8,46.16,3381.92,3237.04,3733.82,1039,10054
Philippine Airlines,ILO-MNL,2025.0,4,18060.112,34.08,3381.92,3237.04,3733.82,1039,10054
Cebu Pacific,ILO-TAC,2025.0,4,2493.888,46.16,10000.0,3237.04,3280.75,1039,720
AirAsia,KLO-MNL,2025.0,4,9725.94,13.88,5667.65,5954.35,3733.82,211,10054
Cebu Pacific,KLO-MNL,2025.0,4,4520.172,46.16,5667.65,5954.35,3733.82,211,10054
Philippine Airlines,LAO-MNL,2025.0,4,8386.182,34.08,10000.0,10000.0,3733.82,88,10054
Cebgo,MBT-CRK,2025.0,4,1689.408,5.88,10000.0,10000.0,4501.83,58,556
AirAsia,MNL-BCD,2025.0,4,9262.8,13.88,3522.26,3733.82,3339.23,10054,782
Cebu Pacific,MNL-BCD,2025.0,4,16867.264,46.16,3522.26,3733.82,3339.23,10054,782
Philippine Airlines,MNL-BCD,2025.0,4,12992.966,34.08,3522.26,3733.82,3339.23,10054,782
Philippine Airlines,MNL-BSO,2025.0,4,1613.6399999999999,34.08,10000.0,3733.82,10000.0,10054,60
Cebu Pacific,MNL-BXU,2025.0,4,20755.584,46.16,5812.86,3733.82,5025.39,10054,465
Philippine Airlines,MNL-BXU,2025.0,4,8827.56,34.08,5812.86,3733.82,5025.39,10054,465
Philippine Airlines,MNL-CBO,2025.0,4,6914.9220000000005,34.08,10000.0,3733.82,10000.0,10054,101
AirAsia,MNL-CEB,2025.0,4,27942.78,13.88,3427.02,3733.82,2908.76,10054,3667
Cebgo,MNL-CEB,2025.0,4,2353.104,5.88,3427.02,3733.82,2908.76,10054,3667
Cebu Pacific,MNL-CEB,2025.0,4,39924.834,46.16,3427.02,3733.82,2908.76,10054,3667
Philippine Airlines,MNL-CEB,2025.0,4,53639.292,34.08,3427.02,3733.82,2908.76,10054,3667
AirAsia,MNL-CGY,2025.0,4,4631.4,13.88,4688.71,3733.82,3756.72,10054,1010
Cebu Pacific,MNL-CGY,2025.0,4,32103.780000000002,46.16,4688.71,3733.82,3756.72,10054,1010
Philippine Airlines,MNL-CGY,2025.0,4,16240.812,34.08,4688.71,3733.82,3756.72,10054,1010
Philippine Airlines,MNL-CRM,2025.0,4,860.608,34.08,10000.0,3733.82,10000.0,10054,43
Philippine Airlines,MNL-CYP,2025.0,4,699.2439999999999,34.08,10000.0,3733.82,5480.33,10054,70
Cebu Pacific,MNL-CYZ,2025.0,4,9352.08,46.16,10000.0,3733.82,10000.0,10054,120
Cebu Pacific,MNL-DGT,2025.0,4,13716.384,46.16,5235.14,3733.82,4471.38,10054,320
Philippine Airlines,MNL-DGT,2025.0,4,8827.56,34.08,5235.14,3733.82,4471.38,10054,320
Cebu Pacific,MNL-DPL,2025.0,4,4676.04,46.16,5010.48,3733.82,3769.85,10054,175
Philippine Airlines,MNL-DPL,2025.0,4,4266.654,34.08,5010.48,3733.82,3769.85,10054,175
Cebu Pacific,MNL-DRP,2025.0,4,17787.388,46.16,5099.55,3733.82,4587.73,10054,447
Philippine Airlines,MNL-DRP,2025.0,4,13388.466,34.08,5099.55,3733.82,4587.73,10054,447
Cebu Pacific,MNL-DVO,2025.0,4,49265.182,46.16,5038.4,3733.82,4991.46,10054,1559
Philippine Airlines,MNL-DVO,2025.0,4,41326.586,34.08,5038.4,3733.82,4991.46,10054,1559
Philippine Airlines,MNL-EUQ,2025.0,4,645.4559999999999,34.08,10000.0,3733.82,10000.0,10054,24
Cebu Pacific,MNL-GES,2025.0,4,14300.470000000001,46.16,5010.74,3733.82,5029.78,10054,307
Philippine Airlines,MNL-GES,2025.0,4,15690.276,34.08,5010.74,3733.82,5029.78,10054,307
Philippine Airlines,MNL-IAO,2025.0,4,4679.556,34.08,10000.0,3733.82,5007.72,10054,607
AirAsia,MNL-ILO,2025.0,4,18525.6,13.88,3360.85,3733.82,3237.04,10054,1039
Cebu Pacific,MNL-ILO,2025.0,4,22835.5,46.16,3360.85,3733.82,3237.04,10054,1039
Philippine Airlines,MNL-ILO,2025.0,4,22361.57,34.08,3360.85,3733.82,3237.04,10054,1039
AirAsia,MNL-KLO,2025.0,4,13739.82,13.88,6211.17,3733.82,5954.35,10054,211
Cebu Pacific,MNL-KLO,2025.0,4,4676.04,46.16,6211.17,3733.82,5954.35,10054,211
Philippine Airlines,MNL-LAO,2025.0,4,4560.906,34.08,10000.0,3733.82,10000.0,10054,88
Cebu Pacific,MNL-MNL,2025.0,4,311.736,46.16,5643.46,3733.82,3733.82,10054,10054
Philippine Airlines,MNL-MNL,2025.0,4,147.126,34.08,5643.46,3733.82,3733.82,10054,10054
AirAsia,MNL-MPH,2025.0,4,18371.22,13.88,3250.39,3733.82,3713.49,10054,1202
Cebgo,MNL-MPH,2025.0,4,1810.08,5.88,3250.39,3733.82,3713.49,10054,1202
Cebu Pacific,MNL-MPH,2025.0,4,23224.332,46.16,3250.39,3733.82,3713.49,10054,1202
Philippine Airlines,MNL-MPH,2025.0,4,14560.728000000001,34.08,3250.39,3733.82,3713.49,10054,1202
Cebgo,MNL-NAN,2025.0,4,120.672,5.88,10000.0,3733.82,3516.82,10054,9
Cebu Pacific,MNL-OZC,2025.0,4,7169.928,46.16,10000.0,3733.82,5567.38,10054,146
Cebu Pacific,MNL-PAG,2025.0,4,4676.04,46.16,10000.0,3733.82,6614.81,10054,154
AirAsia,MNL-PPS,2025.0,4,6638.34,13.88,3833.73,3733.82,3792.81,10054,600
Cebu Pacific,MNL-PPS,2025.0,4,16092.952000000001,46.16,3833.73,3733.82,3792.81,10054,600
Philippine Airlines,MNL-PPS,2025.0,4,8699.418,34.08,3833.73,3733.82,3792.81,10054,600
Cebu Pacific,MNL-RXS,2025.0,4,4676.04,46.16,10000.0,3733.82,5289.36,10054,131
Cebu Pacific,MNL-SJI,2025.0,4,4676.04,46.16,10000.0,3733.82,10000.0,10054,60
AirAsia,MNL-TAC,2025.0,4,9262.8,13.88,3507.72,3733.82,3280.75,10054,720
Cebu Pacific,MNL-TAC,2025.0,4,8105.1359999999995,46.16,3507.72,3733.82,3280.75,10054,720
Philippine Airlines,MNL-TAC,2025.0,4,13589.380000000001,34.08,3507.72,3733.82,3280.75,10054,720
AirAsia,MNL-TAG,2025.0,4,9262.8,13.88,3437.79,3733.82,3248.82,10054,590
Cebu Pacific,MNL-TAG,2025.0,4,10912.436,46.16,3437.79,3733.82,3248.82,10054,590
Philippine Airlines,MNL-TAG,2025.0,4,14138.334,34.08,3437.79,3733.82,3248.82,10054,590
Cebu Pacific,MNL-TUG,2025.0,4,9196.212,46.16,10000.0,3733.82,8010.38,10054,229
Cebgo,MNL-USU,2025.0,4,1749.744,5.88,10000.0,3733.82,5293.47,10054,352
Cebgo,MNL-WNP,2025.0,4,3258.144,5.88,10000.0,3733.82,10000.0,10054,111
Cebu Pacific,MPH-CEB,2025.0,4,4676.04,46.16,6314.65,3713.49,2908.76,1202,3667
Philippine Airlines,MPH-CEB,2025.0,4,1506.0639999999999,34.08,6314.65,3713.49,2908.76,1202,3667
Cebu Pacific,MPH-CRK,2025.0,4,9352.08,46.16,10000.0,3713.49,4501.83,1202,556
Cebu Pacific,MPH-DVO,2025.0,4,3117.3599999999997,46.16,10000.0,3713.49,4991.46,1202,1559
AirAsia,MPH-MNL,2025.0,4,23002.62,13.88,3251.26,3713.49,3733.82,1202,10054
Cebgo,MPH-MNL,2025.0,4,1810.08,5.88,3251.26,3713.49,3733.82,1202,10054
Cebu Pacific,MPH-MNL,2025.0,4,27900.372,46.16,3251.26,3713.49,3733.82,1202,10054
Philippine Airlines,MPH-MNL,2025.0,4,18974.508,34.08,3251.26,3713.49,3733.82,1202,10054
Philippine Airlines,NAN-CRK,2025.0,4,107.576,34.08,10000.0,3516.82,4501.83,9,556
Philippine Airlines,NAN-MNL,2025.0,4,107.576,34.08,10000.0,3516.82,3733.82,9,10054
Cebu Pacific,NAN-NAN,2025.0,4,155.868,46.16,10000.0,3516.82,3516.82,9,9
Cebgo,OZC-CEB,2025.0,4,1448.0639999999999,5.88,10000.0,5567.38,2908.76,146,3667
Cebu Pacific,OZC-MNL,2025.0,4,7169.928,46.16,5283.06,5567.38,3733.82,146,10054
Philippine Airlines,OZC-MNL,2025.0,4,4413.78,34.08,5283.06,5567.38,3733.82,146,10054
Cebgo,PAG-CEB,2025.0,4,2232.432,5.88,10000.0,6614.81,2908.76,154,3667
Cebu Pacific,PAG-MNL,2025.0,4,9352.08,46.16,10000.0,6614.81,3733.82,154,10054
Cebu Pacific,PPS-CEB,2025.0,4,5560.968,46.16,7474.05,3792.81,2908.76,600,3667
Philippine Airlines,PPS-CEB,2025.0,4,968.184,34.08,7474.05,3792.81,2908.76,600,3667
AirAsia,PPS-MNL,2025.0,4,11269.74,13.88,3492.55,3792.81,3733.82,600,10054
Cebu Pacific,PPS-MNL,2025.0,4,19205.284,46.16,3492.55,3792.81,3733.82,600,10054
Philippine Airlines,PPS-MNL,2025.0,4,18354.364,34.08,3492.55,3792.81,3733.82,600,10054
AirAsia,RXS-MNL,2025.0,4,2006.94,13.88,4462.84,5289.36,3733.82,131,10054
Cebu Pacific,RXS-MNL,2025.0,4,9196.212,46.16,4462.84,5289.36,3733.82,131,10054
Philippine Airlines,RXS-MNL,2025.0,4,4266.654,34.08,4462.84,5289.36,3733.82,131,10054
Cebu Pacific,SIN-ILO,2025.0,4,2026.2839999999999,46.16,10000.0,10000.0,3237.04,13,1039
Cebu Pacific,SJI-MNL,2025.0,4,4676.04,46.16,10000.0,10000.0,3733.82,60,10054
Cebgo,SUG-CEB,2025.0,4,1930.752,5.88,10000.0,10000.0,2908.76,46,3667
Cebgo,SWL-CEB,2025.0,4,784.3679999999999,5.88,10000.0,10000.0,2908.76,13,3667
Cebgo,TAC-CEB,2025.0,4,1930.752,5.88,5100.02,3280.75,2908.76,720,3667
Philippine Airlines,TAC-CEB,2025.0,4,1452.2759999999998,34.08,5100.02,3280.75,2908.76,720,3667
Cebu Pacific,TAC-DVO,2025.0,4,2026.2839999999999,46.16,10000.0,3280.75,4991.46,720,1559
Cebu Pacific,TAC-ILO,2025.0,4,2493.888,46.16,10000.0,3280.75,3237.04,720,1039
AirAsia,TAC-MNL,2025.0,4,18598.64,13.88,3546.09,3280.75,3733.82,720,10054
Cebu Pacific,TAC-MNL,2025.0,4,26029.956,46.16,3546.09,3280.75,3733.82,720,10054
Philippine Airlines,TAC-MNL,2025.0,4,14041.832,34.08,3546.09,3280.75,3733.82,720,10054
Cebgo,TAG-CRK,2025.0,4,1810.08,5.88,10000.0,3248.82,4501.83,590,556
Philippine Airlines,TAG-DVO,2025.0,4,1613.6399999999999,34.08,10000.0,3248.82,4991.46,590,1559
AirAsia,TAG-MNL,2025.0,4,9262.8,13.88,3756.48,3248.82,3733.82,590,10054
Cebu Pacific,TAG-MNL,2025.0,4,22366.22,46.16,3756.48,3248.82,3733.82,590,10054
Philippine Airlines,TAG-MNL,2025.0,4,13991.208,34.08,3756.48,3248.82,3733.82,590,10054
Cebu Pacific,TUG-MNL,2025.0,4,22289.124,46.16,7432.35,8010.38,3733.82,229,10054
Philippine Airlines,TUG-MNL,2025.0,4,3972.402,34.08,7432.35,8010.38,3733.82,229,10054
Cebgo,USU-CEB,2025.0,4,2292.768,5.88,5214.43,5293.47,2908.76,352,3667
Philippine Airlines,USU-CEB,2025.0,4,1506.0639999999999,34.08,5214.43,5293.47,2908.76,352,3667
Philippine Airlines,USU-CRK,2025.0,4,1559.8519999999999,34.08,10000.0,5293.47,4501.83,352,556
Cebgo,USU-MNL,2025.0,4,6697.296,5.88,6935.55,5293.47,3733.82,352,10054
Philippine Airlines,USU-MNL,2025.0,4,1559.8519999999999,34.08,6935.55,5293.47,3733.82,352,10054
Cebgo,WNP-MNL,2025.0,4,3439.152,5.88,10000.0,10000.0,3733.82,111,10054
Philippine Airlines,ZAM-CEB,2025.0,4,1559.8519999999999,34.08,10000.0,5748.96,2908.76,212,3667
Cebu Pacific,ZAM-DVO,2025.0,4,2981.6040000000003,46.16,10000.0,5748.96,4991.46,212,1559
Cebu Pacific,ZAM-MNL,2025.0,4,19857.248,46.16,6168.5,5748.96,3733.82,212,10054
Philippine Airlines,ZAM-MNL,2025.0,4,6914.9220000000005,34.08,6168.5,5748.96,3733.82,212,10054
Philippine Airlines,ZAM-TWT,2025.0,4,1618.386,34.08,10000.0,5748.96,10000.0,212,19
Cebgo,BCD-CEB,2025.0,5,1617.408,5.61,5120.1,3368.31,2979.68,762,3745
Philippine Airlines,BCD-CEB,2025.0,5,1183.336,33.94,5120.1,3368.31,2979.68,762,3745
Cebu Pacific,BCD-DVO,2025.0,5,2089.152,46.92,10000.0,3368.31,4862.73,762,1627
AirAsia,BCD-MNL,2025.0,5,16209.9,13.53,3488.63,3368.31,3787.56,762,10533
Cebu Pacific,BCD-MNL,2025.0,5,27910.656,46.92,3488.63,3368.31,3787.56,762,10533
Philippine Airlines,BCD-MNL,2025.0,5,22288.798000000003,33.94,3488.63,3368.31,3787.56,762,10533
Philippine Airlines,BPA-CEB,2025.0,5,699.2439999999999,33.94,10000.0,10000.0,2979.68,26,3745
Philippine Airlines,BSO-CRK,2025.0,5,1559.8519999999999,33.94,10000.0,10000.0,4188.53,89,642
Cebgo,BXU-CEB,2025.0,5,1804.032,5.61,5026.35,5128.14,2979.68,482,3745
Philippine Airlines,BXU-CEB,2025.0,5,1559.8519999999999,33.94,5026.35,5128.14,2979.68,482,3745
Cebu Pacific,BXU-MNL,2025.0,5,23086.08,46.92,5968.64,5128.14,3787.56,482,10533
Philippine Airlines,BXU-MNL,2025.0,5,8974.686,33.94,5968.64,5128.14,3787.56,482,10533
Philippine Airlines,CBO-MNL,2025.0,5,7062.048000000001,33.94,10000.0,10000.0,3787.56,107,10533
Philippine Airlines,CBO-TWT,2025.0,5,484.092,33.94,10000.0,10000.0,10000.0,107,18
Cebgo,CEB-BCD,2025.0,5,1679.616,5.61,5150.24,2979.68,3368.31,3745,762
Philippine Airlines,CEB-BCD,2025.0,5,1183.336,33.94,5150.24,2979.68,3368.31,3745,762
Philippine Airlines,CEB-BPA,2025.0,5,699.2439999999999,33.94,10000.0,2979.68,10000.0,3745,26
Cebgo,CEB-BXU,2025.0,5,1866.24,5.61,5004.23,2979.68,5128.14,3745,482
Philippine Airlines,CEB-BXU,2025.0,5,1760.7659999999998,33.94,5004.23,2979.68,5128.14,3745,482
Cebgo,CEB-CEB,2025.0,5,62.208,5.61,10000.0,2979.68,2979.68,3745,3745
Cebgo,CEB-CGM,2025.0,5,1866.24,5.61,10000.0,2979.68,10000.0,3745,59
Cebgo,CEB-CGY,2025.0,5,5971.968,5.61,5391.64,2979.68,3798.7,3745,1052
Philippine Airlines,CEB-CGY,2025.0,5,3360.1679999999997,33.94,5391.64,2979.68,3798.7,3745,1052
Cebgo,CEB-CRK,2025.0,5,559.872,5.61,6889.55,2979.68,4188.53,3745,642
Cebu Pacific,CEB-CRK,2025.0,5,2346.624,46.92,6889.55,2979.68,4188.53,3745,642
Philippine Airlines,CEB-CRM,2025.0,5,699.2439999999999,33.94,10000.0,2979.68,10000.0,3745,44
Cebgo,CEB-CYP,2025.0,5,1679.616,5.61,10000.0,2979.68,5332.93,3745,84
Cebgo,CEB-DGT,2025.0,5,1555.2,5.61,10000.0,2979.68,4813.1,3745,377
Cebgo,CEB-DPL,2025.0,5,1866.24,5.61,8645.31,2979.68,3775.52,3745,185
Philippine Airlines,CEB-DPL,2025.0,5,147.126,33.94,8645.31,2979.68,3775.52,3745,185
Cebgo,CEB-DRP,2025.0,5,1741.824,5.61,10000.0,2979.68,4669.3,3745,504
Cebu Pacific,CEB-DVO,2025.0,5,3395.52,46.92,5973.4,2979.68,4862.73,3745,1627
Philippine Airlines,CEB-DVO,2025.0,5,8757.952,33.94,5973.4,2979.68,4862.73,3745,1627
Philippine Airlines,CEB-GES,2025.0,5,1613.6399999999999,33.94,10000.0,2979.68,5054.11,3745,348
Cebgo,CEB-IAO,2025.0,5,5785.344,5.61,5196.08,2979.68,5000.08,3745,657
Philippine Airlines,CEB-IAO,2025.0,5,3872.736,33.94,5196.08,2979.68,5000.08,3745,657
Cebgo,CEB-ILO,2025.0,5,2612.736,5.61,10000.0,2979.68,3313.78,3745,1021
AirAsia,CEB-MNL,2025.0,5,23774.52,13.53,3641.83,2979.68,3787.56,3745,10533
Cebu Pacific,CEB-MNL,2025.0,5,50143.968,46.92,3641.83,2979.68,3787.56,3745,10533
Philippine Airlines,CEB-MNL,2025.0,5,51206.176,33.94,3641.83,2979.68,3787.56,3745,10533
Cebu Pacific,CEB-MPH,2025.0,5,4981.8240000000005,46.92,5444.11,2979.68,3707.01,3745,1239
Philippine Airlines,CEB-MPH,2025.0,5,2694.146,33.94,5444.11,2979.68,3707.01,3745,1239
Cebgo,CEB-NAN,2025.0,5,62.208,5.61,6632.65,2979.68,5777.67,3745,15
Cebu Pacific,CEB-NAN,2025.0,5,228.096,46.92,6632.65,2979.68,5777.67,3745,15
Cebgo,CEB-OZC,2025.0,5,62.208,5.61,10000.0,2979.68,5694.39,3745,154
Cebgo,CEB-PAG,2025.0,5,1555.2,5.61,10000.0,2979.68,6900.27,3745,150
Cebu Pacific,CEB-PPS,2025.0,5,6084.288,46.92,5155.13,2979.68,3745.13,3745,617
Philippine Airlines,CEB-PPS,2025.0,5,4261.908,33.94,5155.13,2979.68,3745.13,3745,617
Cebu Pacific,CEB-SJI,2025.0,5,57.024,46.92,10000.0,2979.68,10000.0,3745,63
Cebgo,CEB-SUG,2025.0,5,1119.744,5.61,7700.68,2979.68,9029.1,3745,54
Cebu Pacific,CEB-SUG,2025.0,5,171.072,46.92,7700.68,2979.68,9029.1,3745,54
Cebgo,CEB-TAC,2025.0,5,373.248,5.61,7071.02,2979.68,3397.83,3745,749
Philippine Airlines,CEB-TAC,2025.0,5,1721.216,33.94,7071.02,2979.68,3397.83,3745,749
Cebgo,CEB-USU,2025.0,5,1928.4479999999999,5.61,5075.62,2979.68,5392.65,3745,368
Philippine Airlines,CEB-USU,2025.0,5,1506.0639999999999,33.94,5075.62,2979.68,5392.65,3745,368
Philippine Airlines,CEB-ZAM,2025.0,5,107.576,33.94,10000.0,2979.68,6127.36,3745,238
Cebgo,CGM-CEB,2025.0,5,1804.032,5.61,10000.0,10000.0,2979.68,59,3745
Cebgo,CGY-CEB,2025.0,5,5971.968,5.61,5351.88,3798.7,2979.68,1052,3745
Philippine Airlines,CGY-CEB,2025.0,5,3467.7439999999997,33.94,5351.88,3798.7,2979.68,1052,3745
Cebgo,CGY-DVO,2025.0,5,1119.744,5.61,10000.0,3798.7,4862.73,1052,1627
Cebu Pacific,CGY-ILO,2025.0,5,3856.896,46.92,10000.0,3798.7,3313.78,1052,1021
AirAsia,CGY-MNL,2025.0,5,4785.78,13.53,4364.94,3798.7,3787.56,1052,10533
Cebu Pacific,CGY-MNL,2025.0,5,29797.632,46.92,4364.94,3798.7,3787.56,1052,10533
Philippine Airlines,CGY-MNL,2025.0,5,21521.528000000002,33.94,4364.94,3798.7,3787.56,1052,10533
Philippine Airlines,CRK-BSO,2025.0,5,1559.8519999999999,33.94,10000.0,4188.53,10000.0,642,89
Cebgo,CRK-CEB,2025.0,5,497.664,5.61,7243.92,4188.53,2979.68,642,3745
Cebu Pacific,CRK-CEB,2025.0,5,2517.696,46.92,7243.92,4188.53,2979.68,642,3745
Cebu Pacific,CRK-CRK,2025.0,5,57.024,46.92,5004.26,4188.53,4188.53,642,642
Philippine Airlines,CRK-CRK,2025.0,5,53.788,33.94,5004.26,4188.53,4188.53,642,642
Cebu Pacific,CRK-DVO,2025.0,5,4304.448,46.92,10000.0,4188.53,4862.73,642,1627
Cebgo,CRK-ENI,2025.0,5,1928.4479999999999,5.61,10000.0,4188.53,10000.0,642,60
Cebgo,CRK-IAO,2025.0,5,1928.4479999999999,5.61,5055.83,4188.53,5000.08,642,657
Philippine Airlines,CRK-IAO,2025.0,5,1559.8519999999999,33.94,5055.83,4188.53,5000.08,642,657
Cebgo,CRK-MBT,2025.0,5,1928.4479999999999,5.61,10000.0,4188.53,10000.0,642,60
Philippine Airlines,CRK-MNL,2025.0,5,329.05600000000004,33.94,10000.0,4188.53,3787.56,642,10533
Cebu Pacific,CRK-MPH,2025.0,5,10020.672,46.92,10000.0,4188.53,3707.01,642,1239
Cebgo,CRK-NAN,2025.0,5,62.208,5.61,6088.89,4188.53,5777.67,642,15
Cebu Pacific,CRK-NAN,2025.0,5,171.072,46.92,6088.89,4188.53,5777.67,642,15
Cebgo,CRK-TAG,2025.0,5,1804.032,5.61,10000.0,4188.53,3272.67,642,612
Philippine Airlines,CRK-USU,2025.0,5,1506.0639999999999,33.94,10000.0,4188.53,5392.65,642,368
Philippine Airlines,CRM-CEB,2025.0,5,753.0319999999999,33.94,10000.0,10000.0,2979.68,44,3745
Philippine Airlines,CRM-MNL,2025.0,5,53.788,33.94,10000.0,10000.0,3787.56,44,10533
Cebgo,CYP-CEB,2025.0,5,1741.824,5.61,10000.0,5332.93,2979.68,84,3745
Philippine Airlines,CYP-MNL,2025.0,5,753.0319999999999,33.94,10000.0,5332.93,3787.56,84,10533
Cebu Pacific,CYP-NAN,2025.0,5,198.72,46.92,10000.0,5332.93,5777.67,84,15
Cebu Pacific,CYZ-MNL,2025.0,5,9963.648000000001,46.92,10000.0,10000.0,3787.56,125,10533
Cebgo,DGT-CEB,2025.0,5,1617.408,5.61,10000.0,4813.1,2979.68,377,3745
Cebu Pacific,DGT-MNL,2025.0,5,13659.84,46.92,5198.4,4813.1,3787.56,377,10533
Philippine Airlines,DGT-MNL,2025.0,5,9121.812,33.94,5198.4,4813.1,3787.56,377,10533
Cebu Pacific,DMK-ILO,2025.0,5,2249.856,46.92,10000.0,10000.0,3313.78,14,1021
Cebgo,DPL-CEB,2025.0,5,1741.824,5.61,10000.0,3775.52,2979.68,185,3745
Cebgo,DPL-DPL,2025.0,5,62.208,5.61,10000.0,3775.52,3775.52,185,185
Cebu Pacific,DPL-MNL,2025.0,5,4981.8240000000005,46.92,5009.73,3775.52,3787.56,185,10533
Philippine Airlines,DPL-MNL,2025.0,5,4560.906,33.94,5009.73,3775.52,3787.56,185,10533
Cebgo,DRP-CEB,2025.0,5,1741.824,5.61,10000.0,4669.3,2979.68,504,3745
Cebu Pacific,DRP-MNL,2025.0,5,21028.032,46.92,5103.31,4669.3,3787.56,504,10533
Philippine Airlines,DRP-MNL,2025.0,5,15742.482,33.94,5103.31,4669.3,3787.56,504,10533
Cebu Pacific,DVO-BCD,2025.0,5,2089.152,46.92,10000.0,4862.73,3368.31,1627,762
Cebu Pacific,DVO-CEB,2025.0,5,3395.52,46.92,5962.47,4862.73,2979.68,1627,3745
Philippine Airlines,DVO-CEB,2025.0,5,8704.163999999999,33.94,5962.47,4862.73,2979.68,1627,3745
Cebgo,DVO-CGY,2025.0,5,1119.744,5.61,10000.0,4862.73,3798.7,1627,1052
Cebu Pacific,DVO-CRK,2025.0,5,4304.448,46.92,10000.0,4862.73,4188.53,1627,642
Cebu Pacific,DVO-DGT,2025.0,5,198.72,46.92,10000.0,4862.73,4813.1,1627,377
Cebgo,DVO-IAO,2025.0,5,1928.4479999999999,5.61,10000.0,4862.73,5000.08,1627,657
Cebu Pacific,DVO-ILO,2025.0,5,3856.896,46.92,10000.0,4862.73,3313.78,1627,1021
Cebu Pacific,DVO-MNL,2025.0,5,53231.904,46.92,5058.95,4862.73,3787.56,1627,10533
Philippine Airlines,DVO-MNL,2025.0,5,42804.174,33.94,5058.95,4862.73,3787.56,1627,10533
Cebu Pacific,DVO-MPH,2025.0,5,3053.376,46.92,10000.0,4862.73,3707.01,1627,1239
Cebu Pacific,DVO-NAN,2025.0,5,160.704,46.92,10000.0,4862.73,5777.67,1627,15
Cebu Pacific,DVO-TAG,2025.0,5,160.704,46.92,8306.43,4862.73,3272.67,1627,612
Philippine Airlines,DVO-TAG,2025.0,5,1559.8519999999999,33.94,8306.43,4862.73,3272.67,1627,612
Cebgo,ENI-CRK,2025.0,5,1804.032,5.61,10000.0,10000.0,4188.53,60,642
Philippine Airlines,EUQ-MNL,2025.0,5,753.0319999999999,33.94,10000.0,10000.0,3787.56,27,10533
Philippine Airlines,GES-CEB,2025.0,5,1613.6399999999999,33.94,10000.0,5054.11,2979.68,348,3745
Cebu Pacific,GES-MNL,2025.0,5,21493.728,46.92,5115.16,5054.11,3787.56,348,10533
Philippine Airlines,GES-MNL,2025.0,5,15829.492,33.94,5115.16,5054.11,3787.56,348,10533
Cebgo,IAO-CEB,2025.0,5,5598.72,5.61,5234.97,5000.08,2979.68,657,3745
Philippine Airlines,IAO-CEB,2025.0,5,3603.796,33.94,5234.97,5000.08,2979.68,657,3745
Cebgo,IAO-CRK,2025.0,5,1866.24,5.61,5015.83,5000.08,4188.53,657,642
Philippine Airlines,IAO-CRK,2025.0,5,1667.4279999999999,33.94,5015.83,5000.08,4188.53,657,642
Cebgo,IAO-DVO,2025.0,5,1928.4479999999999,5.61,10000.0,5000.08,4862.73,657,1627
Philippine Airlines,IAO-MNL,2025.0,5,3227.2799999999997,33.94,10000.0,5000.08,3787.56,657,10533
Cebgo,ILO-CEB,2025.0,5,2674.944,5.61,10000.0,3313.78,2979.68,1021,3745
Cebu Pacific,ILO-CGY,2025.0,5,4017.6000000000004,46.92,10000.0,3313.78,3798.7,1021,1052
Cebu Pacific,ILO-DVO,2025.0,5,3856.896,46.92,10000.0,3313.78,4862.73,1021,1627
AirAsia,ILO-MNL,2025.0,5,24333.94,13.53,3377.47,3313.78,3787.56,1021,10533
Cebu Pacific,ILO-MNL,2025.0,5,19809.792,46.92,3377.47,3313.78,3787.56,1021,10533
Philippine Airlines,ILO-MNL,2025.0,5,18776.758,33.94,3377.47,3313.78,3787.56,1021,10533
Cebu Pacific,ILO-TAC,2025.0,5,2410.56,46.92,10000.0,3313.78,3397.83,1021,749
AirAsia,KLO-MNL,2025.0,5,14202.96,13.53,6155.11,6175.13,3787.56,248,10533
Cebu Pacific,KLO-MNL,2025.0,5,4981.8240000000005,46.92,6155.11,6175.13,3787.56,248,10533
Philippine Airlines,LAO-MNL,2025.0,5,8680.434000000001,33.94,10000.0,10000.0,3787.56,89,10533
Cebgo,MBT-CRK,2025.0,5,1804.032,5.61,10000.0,10000.0,4188.53,60,642
AirAsia,MNL-BCD,2025.0,5,9571.56,13.53,3536.39,3787.56,3368.31,10533,762
Cebu Pacific,MNL-BCD,2025.0,5,17817.408,46.92,3536.39,3787.56,3368.31,10533,762
Philippine Airlines,MNL-BCD,2025.0,5,13538.756000000001,33.94,3536.39,3787.56,3368.31,10533,762
Philippine Airlines,MNL-BSO,2025.0,5,1667.4279999999999,33.94,10000.0,3787.56,10000.0,10533,89
Cebu Pacific,MNL-BXU,2025.0,5,23086.08,46.92,5939.9,3787.56,5128.14,10533,482
Philippine Airlines,MNL-BXU,2025.0,5,9121.812,33.94,5939.9,3787.56,5128.14,10533,482
Philippine Airlines,MNL-CBO,2025.0,5,7356.3,33.94,10000.0,3787.56,10000.0,10533,107
AirAsia,MNL-CEB,2025.0,5,28714.68,13.53,3405.22,3787.56,2979.68,10533,3745
Cebgo,MNL-CEB,2025.0,5,2612.736,5.61,3405.22,3787.56,2979.68,10533,3745
Cebu Pacific,MNL-CEB,2025.0,5,44223.840000000004,46.92,3405.22,3787.56,2979.68,10533,3745
Philippine Airlines,MNL-CEB,2025.0,5,54597.984000000004,33.94,3405.22,3787.56,2979.68,10533,3745
AirAsia,MNL-CGY,2025.0,5,4631.4,13.53,4783.61,3787.56,3798.7,10533,1052
Cebu Pacific,MNL-CGY,2025.0,5,34689.6,46.92,4783.61,3787.56,3798.7,10533,1052
Philippine Airlines,MNL-CGY,2025.0,5,16821.406,33.94,4783.61,3787.56,3798.7,10533,1052
Philippine Airlines,MNL-CRM,2025.0,5,860.608,33.94,10000.0,3787.56,10000.0,10533,44
Philippine Airlines,MNL-CYP,2025.0,5,753.0319999999999,33.94,10000.0,3787.56,5332.93,10533,84
Cebu Pacific,MNL-CYZ,2025.0,5,10124.352,46.92,10000.0,3787.56,10000.0,10533,125
Cebu Pacific,MNL-DGT,2025.0,5,18641.664,46.92,5587.87,3787.56,4813.1,10533,377
Philippine Airlines,MNL-DGT,2025.0,5,9121.812,33.94,5587.87,3787.56,4813.1,10533,377
Cebu Pacific,MNL-DPL,2025.0,5,4981.8240000000005,46.92,5009.73,3787.56,3775.52,10533,185
Philippine Airlines,MNL-DPL,2025.0,5,4560.906,33.94,5009.73,3787.56,3775.52,10533,185
Cebu Pacific,MNL-DRP,2025.0,5,21188.736,46.92,5089.67,3787.56,4669.3,10533,504
Philippine Airlines,MNL-DRP,2025.0,5,16183.86,33.94,5089.67,3787.56,4669.3,10533,504
Cebu Pacific,MNL-DVO,2025.0,5,49117.536,46.92,5016.89,3787.56,4862.73,10533,1627
Philippine Airlines,MNL-DVO,2025.0,5,43721.734000000004,33.94,5016.89,3787.56,4862.73,10533,1627
Philippine Airlines,MNL-EUQ,2025.0,5,699.2439999999999,33.94,10000.0,3787.56,10000.0,10533,27
Cebu Pacific,MNL-GES,2025.0,5,21493.728,46.92,5115.16,3787.56,5054.11,10533,348
Philippine Airlines,MNL-GES,2025.0,5,15829.492,33.94,5115.16,3787.56,5054.11,10533,348
Philippine Airlines,MNL-IAO,2025.0,5,4948.496,33.94,10000.0,3787.56,5000.08,10533,657
AirAsia,MNL-ILO,2025.0,5,18679.98,13.53,3375.54,3787.56,3313.78,10533,1021
Cebu Pacific,MNL-ILO,2025.0,5,24473.664,46.92,3375.54,3787.56,3313.78,10533,1021
Philippine Airlines,MNL-ILO,2025.0,5,23225.342,33.94,3375.54,3787.56,3313.78,10533,1021
AirAsia,MNL-KLO,2025.0,5,14511.72,13.53,6194.99,3787.56,6175.13,10533,248
Cebu Pacific,MNL-KLO,2025.0,5,4981.8240000000005,46.92,6194.99,3787.56,6175.13,10533,248
Philippine Airlines,MNL-LAO,2025.0,5,4413.78,33.94,10000.0,3787.56,10000.0,10533,89
Cebu Pacific,MNL-MNL,2025.0,5,198.72,46.92,10000.0,3787.56,3787.56,10533,10533
AirAsia,MNL-MPH,2025.0,5,18988.739999999998,13.53,3261.3,3787.56,3707.01,10533,1239
Cebgo,MNL-MPH,2025.0,5,1866.24,5.61,3261.3,3787.56,3707.01,10533,1239
Cebu Pacific,MNL-MPH,2025.0,5,24748.416,46.92,3261.3,3787.56,3707.01,10533,1239
Philippine Airlines,MNL-MPH,2025.0,5,15403.934000000001,33.94,3261.3,3787.56,3707.01,10533,1239
Cebgo,MNL-NAN,2025.0,5,62.208,5.61,10000.0,3787.56,5777.67,10533,15
Cebu Pacific,MNL-OZC,2025.0,5,7874.496,46.92,10000.0,3787.56,5694.39,10533,154
Cebu Pacific,MNL-PAG,2025.0,5,5142.528,46.92,10000.0,3787.56,6900.27,10533,150
AirAsia,MNL-PPS,2025.0,5,6947.099999999999,13.53,3814.33,3787.56,3745.13,10533,617
Cebu Pacific,MNL-PPS,2025.0,5,16574.976,46.92,3814.33,3787.56,3745.13,10533,617
Philippine Airlines,MNL-PPS,2025.0,5,9082.262,33.94,3814.33,3787.56,3745.13,10533,617
Cebu Pacific,MNL-RXS,2025.0,5,4981.8240000000005,46.92,10000.0,3787.56,5276.45,10533,137
Cebu Pacific,MNL-SJI,2025.0,5,4981.8240000000005,46.92,10000.0,3787.56,10000.0,10533,63
AirAsia,MNL-TAC,2025.0,5,9725.94,13.53,3446.09,3787.56,3397.83,10533,749
Cebu Pacific,MNL-TAC,2025.0,5,9802.944000000001,46.92,3446.09,3787.56,3397.83,10533,749
Philippine Airlines,MNL-TAC,2025.0,5,14143.08,33.94,3446.09,3787.56,3397.83,10533,749
AirAsia,MNL-TAG,2025.0,5,9725.94,13.53,3417.3,3787.56,3272.67,10533,612
Cebu Pacific,MNL-TAG,2025.0,5,11847.168,46.92,3417.3,3787.56,3272.67,10533,612
Philippine Airlines,MNL-TAG,2025.0,5,14378.798,33.94,3417.3,3787.56,3272.67,10533,612
Cebu Pacific,MNL-TUG,2025.0,5,9963.648000000001,46.92,10000.0,3787.56,7947.07,10533,247
Cebgo,MNL-USU,2025.0,5,1990.656,5.61,10000.0,3787.56,5392.65,10533,368
Cebgo,MNL-WNP,2025.0,5,3048.192,5.61,10000.0,3787.56,10000.0,10533,100
Cebu Pacific,MPH-CEB,2025.0,5,4981.8240000000005,46.92,5444.11,3707.01,2979.68,1239,3745
Philippine Airlines,MPH-CEB,2025.0,5,2694.146,33.94,5444.11,3707.01,2979.68,1239,3745
Cebu Pacific,MPH-CRK,2025.0,5,9963.648000000001,46.92,10000.0,3707.01,4188.53,1239,642
Cebu Pacific,MPH-DVO,2025.0,5,3053.376,46.92,10000.0,3707.01,4862.73,1239,1627
AirAsia,MPH-MNL,2025.0,5,23620.14,13.53,3267.55,3707.01,3787.56,1239,10533
Cebgo,MPH-MNL,2025.0,5,1804.032,5.61,3267.55,3707.01,3787.56,1239,10533
Cebu Pacific,MPH-MNL,2025.0,5,29569.536,46.92,3267.55,3707.01,3787.56,1239,10533
Philippine Airlines,MPH-MNL,2025.0,5,19763.926,33.94,3267.55,3707.01,3787.56,1239,10533
Philippine Airlines,NAN-MNL,2025.0,5,107.576,33.94,10000.0,5777.67,3787.56,15,10533
Cebgo,OZC-CEB,2025.0,5,1555.2,5.61,10000.0,5694.39,2979.68,154,3745
Cebu Pacific,OZC-MNL,2025.0,5,7874.496,46.92,5396.57,5694.39,3787.56,154,10533
Philippine Airlines,OZC-MNL,2025.0,5,4413.78,33.94,5396.57,5694.39,3787.56,154,10533
Cebgo,PAG-CEB,2025.0,5,1990.656,5.61,10000.0,6900.27,2979.68,150,3745
Cebu Pacific,PAG-MNL,2025.0,5,9802.944000000001,46.92,10000.0,6900.27,3787.56,150,10533
Cebu Pacific,PPS-CEB,2025.0,5,6084.288,46.92,6205.31,3745.13,2979.68,617,3745
Philippine Airlines,PPS-CEB,2025.0,5,2077.166,33.94,6205.31,3745.13,2979.68,617,3745
Cebgo,PPS-CRK,2025.0,5,62.208,5.61,10000.0,3745.13,4188.53,617,642
AirAsia,PPS-MNL,2025.0,5,11732.88,13.53,3469.22,3745.13,3787.56,617,10533
Cebu Pacific,PPS-MNL,2025.0,5,18883.584,46.92,3469.22,3745.13,3787.56,617,10533
Philippine Airlines,PPS-MNL,2025.0,5,18640.706000000002,33.94,3469.22,3745.13,3787.56,617,10533
AirAsia,RXS-MNL,2025.0,5,2161.3199999999997,13.53,4451.82,5276.45,3787.56,137,10533
Cebu Pacific,RXS-MNL,2025.0,5,9802.944000000001,46.92,4451.82,5276.45,3787.56,137,10533
Philippine Airlines,RXS-MNL,2025.0,5,4560.906,33.94,4451.82,5276.45,3787.56,137,10533
Cebu Pacific,SIN-ILO,2025.0,5,2249.856,46.92,10000.0,10000.0,3313.78,14,1021
Cebu Pacific,SJI-MNL,2025.0,5,4981.8240000000005,46.92,10000.0,10000.0,3787.56,63,10533
Cebgo,SUG-CEB,2025.0,5,2052.864,5.61,10000.0,9029.1,2979.68,54,3745
Cebgo,SWL-CEB,2025.0,5,1057.536,5.61,10000.0,10000.0,2979.68,17,3745
Cebgo,TAC-CEB,2025.0,5,995.328,5.61,5318.55,3397.83,2979.68,749,3745
Philippine Airlines,TAC-CEB,2025.0,5,1667.4279999999999,33.94,5318.55,3397.83,2979.68,749,3745
Cebu Pacific,TAC-DVO,2025.0,5,2249.856,46.92,10000.0,3397.83,4862.73,749,1627
Cebu Pacific,TAC-ILO,2025.0,5,2410.56,46.92,10000.0,3397.83,3313.78,749,1021
AirAsia,TAC-MNL,2025.0,5,19252.68,13.53,3618.08,3397.83,3787.56,749,10533
Cebu Pacific,TAC-MNL,2025.0,5,29730.24,46.92,3618.08,3397.83,3787.56,749,10533
Philippine Airlines,TAC-MNL,2025.0,5,14900.858,33.94,3618.08,3397.83,3787.56,749,10533
Cebgo,TAG-CRK,2025.0,5,1804.032,5.61,10000.0,3272.67,4188.53,612,642
Cebu Pacific,TAG-DVO,2025.0,5,160.704,46.92,8396.43,3272.67,4862.73,612,1627
Philippine Airlines,TAG-DVO,2025.0,5,1667.4279999999999,33.94,8396.43,3272.67,4862.73,612,1627
AirAsia,TAG-MNL,2025.0,5,9571.56,13.53,3800.23,3272.67,3787.56,612,10533
Cebu Pacific,TAG-MNL,2025.0,5,23825.664,46.92,3800.23,3272.67,3787.56,612,10533
Philippine Airlines,TAG-MNL,2025.0,5,14196.868,33.94,3800.23,3272.67,3787.56,612,10533
Cebu Pacific,TBH-NAN,2025.0,5,57.024,46.92,10000.0,10000.0,5777.67,1,15
Cebu Pacific,TUG-MNL,2025.0,5,24748.416,46.92,7372.05,7947.07,3787.56,247,10533
Philippine Airlines,TUG-MNL,2025.0,5,4560.906,33.94,7372.05,7947.07,3787.56,247,10533
Cebgo,USU-CEB,2025.0,5,2426.112,5.61,5236.16,5392.65,2979.68,368,3745
Philippine Airlines,USU-CEB,2025.0,5,1559.8519999999999,33.94,5236.16,5392.65,2979.68,368,3745
Philippine Airlines,USU-CRK,2025.0,5,1667.4279999999999,33.94,10000.0,5392.65,4188.53,368,642
Cebgo,USU-MNL,2025.0,5,7527.168,5.61,7156.18,5392.65,3787.56,368,10533
Philippine Airlines,USU-MNL,2025.0,5,1559.8519999999999,33.94,7156.18,5392.65,3787.56,368,10533
Cebgo,WNP-MNL,2025.0,5,3172.6079999999997,5.61,10000.0,10000.0,3787.56,100,10533
Philippine Airlines,ZAM-CEB,2025.0,5,1667.4279999999999,33.94,10000.0,6127.36,2979.68,238,3745
Cebu Pacific,ZAM-DVO,2025.0,5,3348.864,46.92,10000.0,6127.36,4862.73,238,1627
Cebu Pacific,ZAM-MNL,2025.0,5,25187.328,46.92,6579.42,6127.36,3787.56,238,10533
Philippine Airlines,ZAM-MNL,2025.0,5,7062.048000000001,33.94,6579.42,6127.36,3787.56,238,10533
Philippine Airlines,ZAM-TWT,2025.0,5,1324.134,33.94,10000.0,6127.36,10000.0,238,18
Cebgo,BCD-CEB,2025.0,6,1890.0,5.84,5045.79,3270.94,2949.74,743,3725
Philippine Airlines,BCD-CEB,2025.0,6,1559.8519999999999,34.68,5045.79,3270.94,2949.74,743,3725
Cebu Pacific,BCD-DVO,2025.0,6,1953.0,45.91,10000.0,3270.94,4928.01,743,1625
AirAsia,BCD-MNL,2025.0,6,15746.76,13.56,3420.39,3270.94,3752.22,743,9968
Cebu Pacific,BCD-MNL,2025.0,6,23101.75,45.91,3420.39,3270.94,3752.22,743,9968
Philippine Airlines,BCD-MNL,2025.0,6,22296.708000000002,34.68,3420.39,3270.94,3752.22,743,9968
Philippine Airlines,BPA-CEB,2025.0,6,699.2439999999999,34.68,10000.0,10000.0,2949.74,26,3725
Philippine Airlines,BSO-CRK,2025.0,6,1452.2759999999998,34.68,10000.0,10000.0,3868.82,85,521
Cebgo,BXU-CEB,2025.0,6,2457.0,5.84,5249.42,4559.39,2949.74,438,3725
Philippine Airlines,BXU-CEB,2025.0,6,1559.8519999999999,34.68,5249.42,4559.39,2949.74,438,3725
Cebu Pacific,BXU-MNL,2025.0,6,17573.5,45.91,5548.71,4559.39,3752.22,438,9968
Philippine Airlines,BXU-MNL,2025.0,6,8827.56,34.68,5548.71,4559.39,3752.22,438,9968
Philippine Airlines,CBO-MNL,2025.0,6,6914.9220000000005,34.68,10000.0,10000.0,3752.22,102,9968
Philippine Airlines,CBO-TWT,2025.0,6,376.51599999999996,34.68,10000.0,10000.0,10000.0,102,17
Cebgo,CEB-BCD,2025.0,6,1890.0,5.84,5031.11,2949.74,3270.94,3725,743
Philippine Airlines,CEB-BCD,2025.0,6,1613.6399999999999,34.68,5031.11,2949.74,3270.94,3725,743
Philippine Airlines,CEB-BPA,2025.0,6,699.2439999999999,34.68,10000.0,2949.74,10000.0,3725,26
Cebgo,CEB-BXU,2025.0,6,2520.0,5.84,5240.38,2949.74,4559.39,3725,438
Philippine Airlines,CEB-BXU,2025.0,6,1613.6399999999999,34.68,5240.38,2949.74,4559.39,3725,438
Philippine Airlines,CEB-CBO,2025.0,6,147.126,34.68,10000.0,2949.74,10000.0,3725,102
Cebgo,CEB-CGM,2025.0,6,1890.0,5.84,10000.0,2949.74,10000.0,3725,59
Cebgo,CEB-CGY,2025.0,6,6489.0,5.84,5602.4,2949.74,3782.61,3725,1010
Philippine Airlines,CEB-CGY,2025.0,6,3145.0159999999996,34.68,5602.4,2949.74,3782.61,3725,1010
Cebgo,CEB-CRK,2025.0,6,504.0,5.84,6190.72,2949.74,3868.82,3725,521
Cebu Pacific,CEB-CRK,2025.0,6,1464.75,45.91,6190.72,2949.74,3868.82,3725,521
Philippine Airlines,CEB-CRM,2025.0,6,645.4559999999999,34.68,10000.0,2949.74,10000.0,3725,43
Cebgo,CEB-CYP,2025.0,6,945.0,5.84,10000.0,2949.74,5208.29,3725,55
Cebgo,CEB-DGT,2025.0,6,1701.0,5.84,10000.0,2949.74,4689.21,3725,354
Cebgo,CEB-DPL,2025.0,6,1890.0,5.84,10000.0,2949.74,3759.11,3725,179
Cebgo,CEB-DRP,2025.0,6,1638.0,5.84,7024.79,2949.74,4645.52,3725,481
Cebu Pacific,CEB-DRP,2025.0,6,364.0,45.91,7024.79,2949.74,4645.52,3725,481
Cebu Pacific,CEB-DVO,2025.0,6,7182.0,45.91,5021.75,2949.74,4928.01,3725,1625
Philippine Airlines,CEB-DVO,2025.0,6,6293.196,34.68,5021.75,2949.74,4928.01,3725,1625
Philippine Airlines,CEB-GES,2025.0,6,1290.9119999999998,34.68,10000.0,2949.74,5000.23,3725,327
Cebgo,CEB-IAO,2025.0,6,5670.0,5.84,5232.74,2949.74,5001.06,3725,637
Philippine Airlines,CEB-IAO,2025.0,6,3657.584,34.68,5232.74,2949.74,5001.06,3725,637
Cebgo,CEB-ILO,2025.0,6,3591.0,5.84,10000.0,2949.74,3234.31,3725,994
AirAsia,CEB-MNL,2025.0,6,23157.0,13.56,3635.82,2949.74,3752.22,3725,9968
Cebu Pacific,CEB-MNL,2025.0,6,48618.5,45.91,3635.82,2949.74,3752.22,3725,9968
Philippine Airlines,CEB-MNL,2025.0,6,49238.168000000005,34.68,3635.82,2949.74,3752.22,3725,9968
Cebgo,CEB-MPH,2025.0,6,63.0,5.84,6147.18,2949.74,3617.44,3725,1155
Cebu Pacific,CEB-MPH,2025.0,6,4882.5,45.91,6147.18,2949.74,3617.44,3725,1155
Philippine Airlines,CEB-MPH,2025.0,6,1613.6399999999999,34.68,6147.18,2949.74,3617.44,3725,1155
Cebgo,CEB-NAN,2025.0,6,126.0,5.84,5709.23,2949.74,3648.34,3725,11
Cebu Pacific,CEB-NAN,2025.0,6,278.25,45.91,5709.23,2949.74,3648.34,3725,11
Cebgo,CEB-PAG,2025.0,6,1260.0,5.84,10000.0,2949.74,6911.86,3725,140
Cebu Pacific,CEB-PPS,2025.0,6,5922.0,45.91,5642.31,2949.74,3780.1,3725,586
Philippine Airlines,CEB-PPS,2025.0,6,2796.9759999999997,34.68,5642.31,2949.74,3780.1,3725,586
Cebgo,CEB-SUG,2025.0,6,1008.0,5.84,10000.0,2949.74,10000.0,3725,46
Cebgo,CEB-TAC,2025.0,6,441.0,5.84,6628.65,2949.74,3357.49,3725,718
Philippine Airlines,CEB-TAC,2025.0,6,1613.6399999999999,34.68,6628.65,2949.74,3357.49,3725,718
Cebgo,CEB-USU,2025.0,6,1890.0,5.84,5019.57,2949.74,5301.63,3725,347
Philippine Airlines,CEB-USU,2025.0,6,1667.4279999999999,34.68,5019.57,2949.74,5301.63,3725,347
Cebgo,CGM-CEB,2025.0,6,1827.0,5.84,10000.0,10000.0,2949.74,59,3725
Cebgo,CGY-CEB,2025.0,6,6552.0,5.84,5591.3,3782.61,2949.74,1010,3725
Philippine Airlines,CGY-CEB,2025.0,6,3198.8039999999996,34.68,5591.3,3782.61,2949.74,1010,3725
Cebgo,CGY-DVO,2025.0,6,819.0,5.84,10000.0,3782.61,4928.01,1010,1625
Cebu Pacific,CGY-ILO,2025.0,6,1953.0,45.91,10000.0,3782.61,3234.31,1010,994
AirAsia,CGY-MNL,2025.0,6,4631.4,13.56,4475.76,3782.61,3752.22,1010,9968
Cebu Pacific,CGY-MNL,2025.0,6,31358.25,45.91,4475.76,3782.61,3752.22,1010,9968
Philippine Airlines,CGY-MNL,2025.0,6,20170.5,34.68,4475.76,3782.61,3752.22,1010,9968
Philippine Airlines,CRK-BSO,2025.0,6,1452.2759999999998,34.68,10000.0,3868.82,10000.0,521,85
Cebgo,CRK-CEB,2025.0,6,504.0,5.84,6190.72,3868.82,2949.74,521,3725
Cebu Pacific,CRK-CEB,2025.0,6,1464.75,45.91,6190.72,3868.82,2949.74,521,3725
Cebu Pacific,CRK-DVO,2025.0,6,1464.75,45.91,10000.0,3868.82,4928.01,521,1625
Cebgo,CRK-ENI,2025.0,6,1512.0,5.84,10000.0,3868.82,10000.0,521,48
Cebgo,CRK-IAO,2025.0,6,1890.0,5.84,5031.11,3868.82,5001.06,521,637
Philippine Airlines,CRK-IAO,2025.0,6,1613.6399999999999,34.68,5031.11,3868.82,5001.06,521,637
Cebu Pacific,CRK-ILO,2025.0,6,2278.5,45.91,10000.0,3868.82,3234.31,521,994
Cebgo,CRK-MBT,2025.0,6,1071.0,5.84,10000.0,3868.82,10000.0,521,34
AirAsia,CRK-MNL,2025.0,6,154.38,13.56,3798.26,3868.82,3752.22,521,9968
Cebu Pacific,CRK-MNL,2025.0,6,162.75,45.91,3798.26,3868.82,3752.22,521,9968
Philippine Airlines,CRK-MNL,2025.0,6,329.05600000000004,34.68,3798.26,3868.82,3752.22,521,9968
Cebu Pacific,CRK-MPH,2025.0,6,6835.5,45.91,10000.0,3868.82,3617.44,521,1155
Cebgo,CRK-TAG,2025.0,6,1260.0,5.84,10000.0,3868.82,3297.57,521,559
Cebu Pacific,CRK-TBH,2025.0,6,57.75,45.91,10000.0,3868.82,10000.0,521,1
Philippine Airlines,CRK-USU,2025.0,6,1506.0639999999999,34.68,10000.0,3868.82,5301.63,521,347
Philippine Airlines,CRM-CEB,2025.0,6,645.4559999999999,34.68,10000.0,10000.0,2949.74,43,3725
Philippine Airlines,CRM-MNL,2025.0,6,53.788,34.68,10000.0,10000.0,3752.22,43,9968
Cebgo,CYP-CEB,2025.0,6,1008.0,5.84,10000.0,5208.29,2949.74,55,3725
Philippine Airlines,CYP-MNL,2025.0,6,645.4559999999999,34.68,10000.0,5208.29,3752.22,55,9968
Cebu Pacific,CYZ-MNL,2025.0,6,7323.75,45.91,10000.0,10000.0,3752.22,91,9968
Cebgo,DGT-CEB,2025.0,6,1701.0,5.84,10000.0,4689.21,2949.74,354,3725
Cebu Pacific,DGT-MNL,2025.0,6,14159.25,45.91,5287.72,4689.21,3752.22,354,9968
Philippine Airlines,DGT-MNL,2025.0,6,8680.434000000001,34.68,5287.72,4689.21,3752.22,354,9968
Cebu Pacific,DMK-ILO,2025.0,6,1953.0,45.91,10000.0,10000.0,3234.31,12,994
Cebgo,DPL-CEB,2025.0,6,1827.0,5.84,10000.0,3759.11,2949.74,179,3725
Cebu Pacific,DPL-MNL,2025.0,6,4882.5,45.91,5012.71,3759.11,3752.22,179,9968
Philippine Airlines,DPL-MNL,2025.0,6,4413.78,34.68,5012.71,3759.11,3752.22,179,9968
Cebgo,DRP-CEB,2025.0,6,1638.0,5.84,6317.58,4645.52,2949.74,481,3725
Cebu Pacific,DRP-CEB,2025.0,6,526.75,45.91,6317.58,4645.52,2949.74,481,3725
Cebu Pacific,DRP-MNL,2025.0,6,19283.25,45.91,5051.1,4645.52,3752.22,481,9968
Philippine Airlines,DRP-MNL,2025.0,6,15742.482,34.68,5051.1,4645.52,3752.22,481,9968
Cebu Pacific,DVO-BCD,2025.0,6,1953.0,45.91,10000.0,4928.01,3270.94,1625,743
Cebu Pacific,DVO-CEB,2025.0,6,7182.0,45.91,5031.11,4928.01,2949.74,1625,3725
Philippine Airlines,DVO-CEB,2025.0,6,6131.831999999999,34.68,5031.11,4928.01,2949.74,1625,3725
Cebgo,DVO-CGY,2025.0,6,756.0,5.84,10000.0,4928.01,3782.61,1625,1010
Cebu Pacific,DVO-CRK,2025.0,6,1302.0,45.91,10000.0,4928.01,3868.82,1625,521
Cebgo,DVO-IAO,2025.0,6,1890.0,5.84,10000.0,4928.01,5001.06,1625,637
Cebu Pacific,DVO-ILO,2025.0,6,5344.5,45.91,10000.0,4928.01,3234.31,1625,994
Cebu Pacific,DVO-MNL,2025.0,6,52338.125,45.91,5041.73,4928.01,3752.22,1625,9968
Philippine Airlines,DVO-MNL,2025.0,6,43576.19,34.68,5041.73,4928.01,3752.22,1625,9968
Cebu Pacific,DVO-MPH,2025.0,6,1953.0,45.91,10000.0,4928.01,3617.44,1625,1155
Cebgo,DVO-NAN,2025.0,6,63.0,5.84,10000.0,4928.01,3648.34,1625,11
Cebu Pacific,DVO-TAG,2025.0,6,1991.5,45.91,5073.87,4928.01,3297.57,1625,559
Philippine Airlines,DVO-TAG,2025.0,6,1559.8519999999999,34.68,5073.87,4928.01,3297.57,1625,559
Cebgo,ENI-CRK,2025.0,6,1512.0,5.84,10000.0,10000.0,3868.82,48,521
Philippine Airlines,EUQ-MNL,2025.0,6,537.88,34.68,10000.0,10000.0,3752.22,20,9968
Philippine Airlines,GES-CEB,2025.0,6,1398.4879999999998,34.68,10000.0,5000.23,2949.74,327,3725
Cebu Pacific,GES-MNL,2025.0,6,17522.75,45.91,5012.51,5000.23,3752.22,327,9968
Philippine Airlines,GES-MNL,2025.0,6,15853.222,34.68,5012.51,5000.23,3752.22,327,9968
Cebgo,IAO-CEB,2025.0,6,5544.0,5.84,5224.92,5001.06,2949.74,637,3725
Philippine Airlines,IAO-CEB,2025.0,6,3603.796,34.68,5224.92,5001.06,2949.74,637,3725
Cebgo,IAO-CRK,2025.0,6,1890.0,5.84,5031.11,5001.06,3868.82,637,521
Philippine Airlines,IAO-CRK,2025.0,6,1613.6399999999999,34.68,5031.11,5001.06,3868.82,637,521
Cebgo,IAO-DVO,2025.0,6,1890.0,5.84,10000.0,5001.06,4928.01,637,1625
Philippine Airlines,IAO-MNL,2025.0,6,3012.1279999999997,34.68,10000.0,5001.06,3752.22,637,9968
Cebgo,ILO-CEB,2025.0,6,3528.0,5.84,10000.0,3234.31,2949.74,994,3725
Cebu Pacific,ILO-CGY,2025.0,6,1953.0,45.91,10000.0,3234.31,3782.61,994,1010
Cebu Pacific,ILO-CRK,2025.0,6,2278.5,45.91,10000.0,3234.31,3868.82,994,521
Cebu Pacific,ILO-DVO,2025.0,6,5344.5,45.91,10000.0,3234.31,4928.01,994,1625
AirAsia,ILO-MNL,2025.0,6,20280.22,13.56,3349.1,3234.31,3752.22,994,9968
Cebu Pacific,ILO-MNL,2025.0,6,17158.75,45.91,3349.1,3234.31,3752.22,994,9968
Philippine Airlines,ILO-MNL,2025.0,6,18442.956000000002,34.68,3349.1,3234.31,3752.22,994,9968
Cebu Pacific,ILO-TAC,2025.0,6,1953.0,45.91,10000.0,3234.31,3357.49,994,718
AirAsia,KLO-MNL,2025.0,6,13894.199999999999,13.56,6151.71,6151.71,3752.22,240,9968
Cebu Pacific,KLO-MNL,2025.0,6,4882.5,45.91,6151.71,6151.71,3752.22,240,9968
Philippine Airlines,LAO-MNL,2025.0,6,8386.182,34.68,10000.0,10000.0,3752.22,86,9968
Cebgo,MBT-CRK,2025.0,6,1071.0,5.84,10000.0,10000.0,3868.82,34,521
AirAsia,MNL-BCD,2025.0,6,9262.8,13.56,3503.18,3752.22,3270.94,9968,743
Cebu Pacific,MNL-BCD,2025.0,6,16434.25,45.91,3503.18,3752.22,3270.94,9968,743
Philippine Airlines,MNL-BCD,2025.0,6,13329.932,34.68,3503.18,3752.22,3270.94,9968,743
Philippine Airlines,MNL-BSO,2025.0,6,1667.4279999999999,34.68,10000.0,3752.22,10000.0,9968,85
Cebu Pacific,MNL-BXU,2025.0,6,17573.5,45.91,5548.71,3752.22,4559.39,9968,438
Philippine Airlines,MNL-BXU,2025.0,6,8827.56,34.68,5548.71,3752.22,4559.39,9968,438
Philippine Airlines,MNL-CBO,2025.0,6,6914.9220000000005,34.68,10000.0,3752.22,10000.0,9968,102
AirAsia,MNL-CEB,2025.0,6,24546.42,13.56,3496.5,3752.22,2949.74,9968,3725
Cebgo,MNL-CEB,2025.0,6,2268.0,5.84,3496.5,3752.22,2949.74,9968,3725
Cebu Pacific,MNL-CEB,2025.0,6,42756.0,45.91,3496.5,3752.22,2949.74,9968,3725
Philippine Airlines,MNL-CEB,2025.0,6,53400.41,34.68,3496.5,3752.22,2949.74,9968,3725
AirAsia,MNL-CGY,2025.0,6,4631.4,13.56,4881.65,3752.22,3782.61,9968,1010
Cebu Pacific,MNL-CGY,2025.0,6,35546.0,45.91,4881.65,3752.22,3782.61,9968,1010
Philippine Airlines,MNL-CGY,2025.0,6,16016.168,34.68,4881.65,3752.22,3782.61,9968,1010
Philippine Airlines,MNL-CRM,2025.0,6,968.184,34.68,10000.0,3752.22,10000.0,9968,43
Philippine Airlines,MNL-CYP,2025.0,6,645.4559999999999,34.68,10000.0,3752.22,5208.29,9968,55
Cebu Pacific,MNL-CYZ,2025.0,6,7486.5,45.91,10000.0,3752.22,10000.0,9968,91
Cebu Pacific,MNL-DGT,2025.0,6,15461.25,45.91,5394.46,3752.22,4689.21,9968,354
Philippine Airlines,MNL-DGT,2025.0,6,8680.434000000001,34.68,5394.46,3752.22,4689.21,9968,354
Cebu Pacific,MNL-DPL,2025.0,6,4882.5,45.91,5012.71,3752.22,3759.11,9968,179
Philippine Airlines,MNL-DPL,2025.0,6,4413.78,34.68,5012.71,3752.22,3759.11,9968,179
Cebu Pacific,MNL-DRP,2025.0,6,19283.25,45.91,5051.1,3752.22,4645.52,9968,481
Philippine Airlines,MNL-DRP,2025.0,6,15742.482,34.68,5051.1,3752.22,4645.52,9968,481
Cebu Pacific,MNL-DVO,2025.0,6,49177.625,45.91,5016.27,3752.22,4928.01,9968,1625
Philippine Airlines,MNL-DVO,2025.0,6,43870.442,34.68,5016.27,3752.22,4928.01,9968,1625
Philippine Airlines,MNL-EUQ,2025.0,6,537.88,34.68,10000.0,3752.22,10000.0,9968,20
Cebu Pacific,MNL-GES,2025.0,6,17522.75,45.91,5009.83,3752.22,5000.23,9968,327
Philippine Airlines,MNL-GES,2025.0,6,16035.152,34.68,5009.83,3752.22,5000.23,9968,327
Philippine Airlines,MNL-IAO,2025.0,6,4733.344,34.68,10000.0,3752.22,5001.06,9968,637
AirAsia,MNL-ILO,2025.0,6,18371.22,13.56,3363.34,3752.22,3234.31,9968,994
Cebu Pacific,MNL-ILO,2025.0,6,21183.75,45.91,3363.34,3752.22,3234.31,9968,994
Philippine Airlines,MNL-ILO,2025.0,6,23212.686,34.68,3363.34,3752.22,3234.31,9968,994
AirAsia,MNL-KLO,2025.0,6,13894.199999999999,13.56,6151.71,3752.22,6151.71,9968,240
Cebu Pacific,MNL-KLO,2025.0,6,4882.5,45.91,6151.71,3752.22,6151.71,9968,240
Philippine Airlines,MNL-LAO,2025.0,6,4266.654,34.68,10000.0,3752.22,10000.0,9968,86
Cebu Pacific,MNL-MNL,2025.0,6,162.75,45.91,5414.0,3752.22,3752.22,9968,9968
Philippine Airlines,MNL-MNL,2025.0,6,294.252,34.68,5414.0,3752.22,3752.22,9968,9968
AirAsia,MNL-MPH,2025.0,6,18525.6,13.56,3272.71,3752.22,3617.44,9968,1155
Cebgo,MNL-MPH,2025.0,6,1764.0,5.84,3272.71,3752.22,3617.44,9968,1155
Cebu Pacific,MNL-MPH,2025.0,6,24249.75,45.91,3272.71,3752.22,3617.44,9968,1155
Philippine Airlines,MNL-MPH,2025.0,6,14911.932,34.68,3272.71,3752.22,3617.44,9968,1155
Cebgo,MNL-NAN,2025.0,6,63.0,5.84,10000.0,3752.22,3648.34,9968,11
Cebu Pacific,MNL-OZC,2025.0,6,7486.5,45.91,10000.0,3752.22,5947.99,9968,135
Cebu Pacific,MNL-PAG,2025.0,6,4882.5,45.91,10000.0,3752.22,6911.86,9968,140
AirAsia,MNL-PPS,2025.0,6,6483.96,13.56,3813.65,3752.22,3780.1,9968,586
Cebu Pacific,MNL-PPS,2025.0,6,15158.5,45.91,3813.65,3752.22,3780.1,9968,586
Philippine Airlines,MNL-PPS,2025.0,6,8110.914000000001,34.68,3813.65,3752.22,3780.1,9968,586
Cebu Pacific,MNL-RXS,2025.0,6,5045.25,45.91,10000.0,3752.22,5453.5,9968,133
Cebu Pacific,MNL-SJI,2025.0,6,2766.75,45.91,10000.0,3752.22,10000.0,9968,34
AirAsia,MNL-TAC,2025.0,6,9108.42,13.56,3432.02,3752.22,3357.49,9968,718
Cebu Pacific,MNL-TAC,2025.0,6,9765.0,45.91,3432.02,3752.22,3357.49,9968,718
Philippine Airlines,MNL-TAC,2025.0,6,13310.948,34.68,3432.02,3752.22,3357.49,9968,718
AirAsia,MNL-TAG,2025.0,6,9262.8,13.56,3474.72,3752.22,3297.57,9968,559
Cebu Pacific,MNL-TAG,2025.0,6,8816.5,45.91,3474.72,3752.22,3297.57,9968,559
Philippine Airlines,MNL-TAG,2025.0,6,13643.168,34.68,3474.72,3752.22,3297.57,9968,559
Cebu Pacific,MNL-TUG,2025.0,6,9602.25,45.91,10000.0,3752.22,8036.04,9968,232
Cebgo,MNL-USU,2025.0,6,1890.0,5.84,10000.0,3752.22,5301.63,9968,347
Cebgo,MNL-WNP,2025.0,6,3528.0,5.84,10000.0,3752.22,10000.0,9968,113
Cebu Pacific,MPH-CEB,2025.0,6,4882.5,45.91,6266.05,3617.44,2949.74,1155,3725
Philippine Airlines,MPH-CEB,2025.0,6,1613.6399999999999,34.68,6266.05,3617.44,2949.74,1155,3725
Cebu Pacific,MPH-CRK,2025.0,6,6835.5,45.91,10000.0,3617.44,3868.82,1155,521
Cebu Pacific,MPH-DVO,2025.0,6,1953.0,45.91,10000.0,3617.44,4928.01,1155,1625
AirAsia,MPH-MNL,2025.0,6,23157.0,13.56,3267.3,3617.44,3752.22,1155,9968
Cebgo,MPH-MNL,2025.0,6,1827.0,5.84,3267.3,3617.44,3752.22,1155,9968
Cebu Pacific,MPH-MNL,2025.0,6,29132.25,45.91,3267.3,3617.44,3752.22,1155,9968
Philippine Airlines,MPH-MNL,2025.0,6,19268.760000000002,34.68,3267.3,3617.44,3752.22,1155,9968
Cebu Pacific,NAN-CEB,2025.0,6,162.75,45.91,10000.0,3648.34,2949.74,11,3725
Philippine Airlines,NAN-MNL,2025.0,6,200.914,34.68,10000.0,3648.34,3752.22,11,9968
Cebgo,OZC-CEB,2025.0,6,945.0,5.84,10000.0,5947.99,2949.74,135,3725
Cebu Pacific,OZC-MNL,2025.0,6,7323.75,45.91,5347.85,5947.99,3752.22,135,9968
Philippine Airlines,OZC-MNL,2025.0,6,4266.654,34.68,5347.85,5947.99,3752.22,135,9968
Cebgo,PAG-CEB,2025.0,6,2079.0,5.84,10000.0,6911.86,2949.74,140,3725
Cebu Pacific,PAG-MNL,2025.0,6,9276.75,45.91,10000.0,6911.86,3752.22,140,9968
Cebu Pacific,PPS-CEB,2025.0,6,5922.0,45.91,6983.87,3780.1,2949.74,586,3725
Philippine Airlines,PPS-CEB,2025.0,6,1344.6999999999998,34.68,6983.87,3780.1,2949.74,586,3725
AirAsia,PPS-MNL,2025.0,6,11115.36,13.56,3476.23,3780.1,3752.22,586,9968
Cebu Pacific,PPS-MNL,2025.0,6,18292.75,45.91,3476.23,3780.1,3752.22,586,9968
Philippine Airlines,PPS-MNL,2025.0,6,17688.342,34.68,3476.23,3780.1,3752.22,586,9968
AirAsia,RXS-MNL,2025.0,6,1852.56,13.56,4601.82,5453.5,3752.22,133,9968
Cebu Pacific,RXS-MNL,2025.0,6,9765.0,45.91,4601.82,5453.5,3752.22,133,9968
Philippine Airlines,RXS-MNL,2025.0,6,4413.78,34.68,4601.82,5453.5,3752.22,133,9968
Cebu Pacific,SIN-ILO,2025.0,6,1953.0,45.91,10000.0,10000.0,3234.31,12,994
Cebu Pacific,SJI-MNL,2025.0,6,2766.75,45.91,10000.0,10000.0,3752.22,34,9968
Cebgo,SUG-CEB,2025.0,6,1890.0,5.84,10000.0,10000.0,2949.74,46,3725
Cebgo,SWL-CEB,2025.0,6,693.0,5.84,10000.0,10000.0,2949.74,11,3725
Cebgo,TAC-CEB,2025.0,6,1575.0,5.84,5000.12,3357.49,2949.74,718,3725
Philippine Airlines,TAC-CEB,2025.0,6,1559.8519999999999,34.68,5000.12,3357.49,2949.74,718,3725
Cebu Pacific,TAC-DVO,2025.0,6,1953.0,45.91,10000.0,3357.49,4928.01,718,1625
Cebu Pacific,TAC-ILO,2025.0,6,1953.0,45.91,10000.0,3357.49,3234.31,718,994
AirAsia,TAC-MNL,2025.0,6,18253.36,13.56,3643.03,3357.49,3752.22,718,9968
Cebu Pacific,TAC-MNL,2025.0,6,28481.25,45.91,3643.03,3357.49,3752.22,718,9968
Philippine Airlines,TAC-MNL,2025.0,6,13790.294,34.68,3643.03,3357.49,3752.22,718,9968
Cebgo,TAG-CRK,2025.0,6,1260.0,5.84,10000.0,3297.57,3868.82,559,521
Cebu Pacific,TAG-DVO,2025.0,6,1991.5,45.91,5096.32,3297.57,4928.01,559,1625
Philippine Airlines,TAG-DVO,2025.0,6,1506.0639999999999,34.68,5096.32,3297.57,4928.01,559,1625
AirAsia,TAG-MNL,2025.0,6,9262.8,13.56,3622.44,3297.57,3752.22,559,9968
Cebu Pacific,TAG-MNL,2025.0,6,19405.75,45.91,3622.44,3297.57,3752.22,559,9968
Philippine Airlines,TAG-MNL,2025.0,6,13643.168,34.68,3622.44,3297.57,3752.22,559,9968
Cebgo,TAG-NAN,2025.0,6,63.0,5.84,10000.0,3297.57,3648.34,559,11
Cebu Pacific,TUG-MNL,2025.0,6,23598.75,45.91,7469.34,8036.04,3752.22,232,9968
Philippine Airlines,TUG-MNL,2025.0,6,4119.528,34.68,7469.34,8036.04,3752.22,232,9968
Cebgo,USU-CEB,2025.0,6,2268.0,5.84,5171.12,5301.63,2949.74,347,3725
Philippine Airlines,USU-CEB,2025.0,6,1559.8519999999999,34.68,5171.12,5301.63,2949.74,347,3725
Philippine Airlines,USU-CRK,2025.0,6,1559.8519999999999,34.68,10000.0,5301.63,3868.82,347,521
Cebgo,USU-MNL,2025.0,6,6741.0,5.84,7083.32,5301.63,3752.22,347,9968
Philippine Airlines,USU-MNL,2025.0,6,1452.2759999999998,34.68,7083.32,5301.63,3752.22,347,9968
Cebgo,WNP-MNL,2025.0,6,3591.0,5.84,10000.0,10000.0,3752.22,113,9968
Philippine Airlines,ZAM-CEB,2025.0,6,1452.2759999999998,34.68,10000.0,5687.05,2949.74,203,3725
Cebu Pacific,ZAM-DVO,2025.0,6,1464.75,45.91,10000.0,5687.05,4928.01,203,1625
Cebu Pacific,ZAM-MNL,2025.0,6,19643.75,45.91,6188.34,5687.05,3752.22,203,9968
Philippine Airlines,ZAM-MNL,2025.0,6,6767.796,34.68,6188.34,5687.05,3752.22,203,9968
Philippine Airlines,ZAM-TWT,2025.0,6,1471.26,34.68,10000.0,5687.05,10000.0,203,17
Cebgo,BCD-CEB,2025.0,7,1662.336,5.16,5028.61,3266.49,2880.8,744,3710
Philippine Airlines,BCD-CEB,2025.0,7,1428.544,34.24,5028.61,3266.49,2880.8,744,3710
Cebu Pacific,BCD-DVO,2025.0,7,2390.496,44.86,10000.0,3266.49,4986.59,744,1646
AirAsia,BCD-MNL,2025.0,7,17547.239999999998,14.51,3386.82,3266.49,3627.73,744,10467
Cebu Pacific,BCD-MNL,2025.0,7,23571.072,44.86,3386.82,3266.49,3627.73,744,10467
Philippine Airlines,BCD-MNL,2025.0,7,22950.432,34.24,3386.82,3266.49,3627.73,744,10467
Philippine Airlines,BPA-CEB,2025.0,7,659.328,34.24,10000.0,10000.0,2880.8,25,3710
Philippine Airlines,BSO-CRK,2025.0,7,824.1600000000001,34.24,10000.0,10000.0,4311.93,51,505
Cebgo,BXU-CEB,2025.0,7,2877.12,5.16,5328.39,4587.84,2880.8,479,3710
Philippine Airlines,BXU-CEB,2025.0,7,1703.2640000000001,34.24,5328.39,4587.84,2880.8,479,3710
Cebu Pacific,BXU-MNL,2025.0,7,19885.872,44.86,5648.78,4587.84,3627.73,479,10467
Philippine Airlines,BXU-MNL,2025.0,7,9353.408000000001,34.24,5648.78,4587.84,3627.73,479,10467
Philippine Airlines,CBO-MNL,2025.0,7,7063.536,34.24,10000.0,10000.0,3627.73,100,10467
Philippine Airlines,CBO-TWT,2025.0,7,329.664,34.24,10000.0,10000.0,10000.0,100,20
Cebgo,CEB-BCD,2025.0,7,1598.4,5.16,5001.83,2880.8,3266.49,3710,744
Philippine Airlines,CEB-BCD,2025.0,7,1538.432,34.24,5001.83,2880.8,3266.49,3710,744
Philippine Airlines,CEB-BPA,2025.0,7,714.272,34.24,10000.0,2880.8,10000.0,3710,25
Cebgo,CEB-BXU,2025.0,7,2941.056,5.16,5396.72,2880.8,4587.84,3710,479
Philippine Airlines,CEB-BXU,2025.0,7,1648.3200000000002,34.24,5396.72,2880.8,4587.84,3710,479
Cebgo,CEB-CEB,2025.0,7,127.872,5.16,10000.0,2880.8,2880.8,3710,3710
Cebgo,CEB-CGM,2025.0,7,1022.976,5.16,10000.0,2880.8,10000.0,3710,30
Cebgo,CEB-CGY,2025.0,7,5882.112,5.16,5462.63,2880.8,3704.56,3710,971
Philippine Airlines,CEB-CGY,2025.0,7,3138.272,34.24,5462.63,2880.8,3704.56,3710,971
Cebgo,CEB-CRK,2025.0,7,575.424,5.16,7252.77,2880.8,4311.93,3710,505
Cebu Pacific,CEB-CRK,2025.0,7,2925.072,44.86,7252.77,2880.8,4311.93,3710,505
Philippine Airlines,CEB-CRM,2025.0,7,714.272,34.24,10000.0,2880.8,10000.0,3710,43
Cebgo,CEB-CYP,2025.0,7,959.04,5.16,10000.0,2880.8,5131.68,3710,57
Cebgo,CEB-DGT,2025.0,7,1854.144,5.16,10000.0,2880.8,4605.13,3710,364
Cebgo,CEB-DPL,2025.0,7,1022.976,5.16,10000.0,2880.8,4170.06,3710,148
Cebgo,CEB-DRP,2025.0,7,1790.208,5.16,10000.0,2880.8,4594.03,3710,509
Cebu Pacific,CEB-DVO,2025.0,7,6723.936000000001,44.86,5001.66,2880.8,4986.59,3710,1646
Philippine Airlines,CEB-DVO,2025.0,7,6483.392000000001,34.24,5001.66,2880.8,4986.59,3710,1646
AirSWIFT,CEB-ENI,2025.0,7,1342.656,1.23,10000.0,2880.8,8160.48,3710,470
Philippine Airlines,CEB-GES,2025.0,7,2157.36,34.24,10000.0,2880.8,5005.75,3710,343
Cebgo,CEB-IAO,2025.0,7,5178.816,5.16,5168.74,2880.8,5006.4,3710,603
Philippine Airlines,CEB-IAO,2025.0,7,3571.36,34.24,5168.74,2880.8,5006.4,3710,603
Cebgo,CEB-ILO,2025.0,7,3772.224,5.16,9196.22,2880.8,3218.33,3710,1055
Cebu Pacific,CEB-ILO,2025.0,7,165.168,44.86,9196.22,2880.8,3218.33,3710,1055
AirAsia,CEB-MNL,2025.0,7,28969.5,14.51,3498.51,2880.8,3627.73,3710,10467
Cebgo,CEB-MNL,2025.0,7,255.744,5.16,3498.51,2880.8,3627.73,3710,10467
Cebu Pacific,CEB-MNL,2025.0,7,48953.664000000004,44.86,3498.51,2880.8,3627.73,3710,10467
Philippine Airlines,CEB-MNL,2025.0,7,51109.232,34.24,3498.51,2880.8,3627.73,3710,10467
Cebu Pacific,CEB-MPH,2025.0,7,4955.04,44.86,6192.57,2880.8,3454.22,3710,1201
Philippine Airlines,CEB-MPH,2025.0,7,1703.2640000000001,34.24,6192.57,2880.8,3454.22,3710,1201
Cebgo,CEB-NAN,2025.0,7,63.936,5.16,5432.53,2880.8,3668.54,3710,10
Cebu Pacific,CEB-NAN,2025.0,7,117.216,44.86,5432.53,2880.8,3668.54,3710,10
Cebgo,CEB-PAG,2025.0,7,1214.784,5.16,10000.0,2880.8,6520.22,3710,145
Cebu Pacific,CEB-PPS,2025.0,7,6127.200000000001,44.86,6113.95,2880.8,3710.64,3710,583
Philippine Airlines,CEB-PPS,2025.0,7,2197.76,34.24,6113.95,2880.8,3710.64,3710,583
Cebu Pacific,CEB-SJI,2025.0,7,58.608,44.86,10000.0,2880.8,10000.0,3710,29
Cebgo,CEB-SUG,2025.0,7,639.36,5.16,10000.0,2880.8,10000.0,3710,45
Cebgo,CEB-TAC,2025.0,7,1662.336,5.16,5002.24,2880.8,3218.33,3710,719
Philippine Airlines,CEB-TAC,2025.0,7,1593.376,34.24,5002.24,2880.8,3218.33,3710,719
Cebgo,CEB-USU,2025.0,7,1086.912,5.16,5147.89,2880.8,4220.33,3710,338
Philippine Airlines,CEB-USU,2025.0,7,1538.432,34.24,5147.89,2880.8,4220.33,3710,338
Cebgo,CGM-CEB,2025.0,7,895.104,5.16,10000.0,10000.0,2880.8,30,3710
Cebgo,CGY-CEB,2025.0,7,5882.112,5.16,5438.93,3704.56,2880.8,971,3710
Philippine Airlines,CGY-CEB,2025.0,7,3193.2160000000003,34.24,5438.93,3704.56,2880.8,971,3710
Cebgo,CGY-DVO,2025.0,7,895.104,5.16,10000.0,3704.56,4986.59,971,1646
Cebu Pacific,CGY-ILO,2025.0,7,1651.68,44.86,10000.0,3704.56,3218.33,971,1055
AirAsia,CGY-MNL,2025.0,7,5131.74,14.51,4327.81,3704.56,3627.73,971,10467
Cebu Pacific,CGY-MNL,2025.0,7,30007.296000000002,44.86,4327.81,3704.56,3627.73,971,10467
Philippine Airlines,CGY-MNL,2025.0,7,21612.384000000002,34.24,4327.81,3704.56,3627.73,971,10467
Philippine Airlines,CRK-BSO,2025.0,7,934.048,34.24,10000.0,4311.93,10000.0,505,51
Cebgo,CRK-CEB,2025.0,7,575.424,5.16,7176.96,4311.93,2880.8,505,3710
Cebu Pacific,CRK-CEB,2025.0,7,2807.856,44.86,7176.96,4311.93,2880.8,505,3710
Cebu Pacific,CRK-DVO,2025.0,7,1982.016,44.86,10000.0,4311.93,4986.59,505,1646
Cebgo,CRK-ENI,2025.0,7,1470.528,5.16,10000.0,4311.93,8160.48,505,470
Cebgo,CRK-IAO,2025.0,7,1982.016,5.16,5079.38,4311.93,5006.4,505,603
Philippine Airlines,CRK-IAO,2025.0,7,1538.432,34.24,5079.38,4311.93,5006.4,505,603
Cebu Pacific,CRK-ILO,2025.0,7,2642.688,44.86,10000.0,4311.93,3218.33,505,1055
Cebgo,CRK-MBT,2025.0,7,1086.912,5.16,10000.0,4311.93,10000.0,505,33
Cebu Pacific,CRK-MPH,2025.0,7,6500.16,44.86,10000.0,4311.93,3454.22,505,1201
Cebu Pacific,CRK-NAN,2025.0,7,58.608,44.86,10000.0,4311.93,3668.54,505,10
Cebgo,CRK-TAG,2025.0,7,1214.784,5.16,10000.0,4311.93,3225.16,505,591
Cebu Pacific,CRK-TBH,2025.0,7,58.608,44.86,10000.0,4311.93,10000.0,505,1
Philippine Airlines,CRK-USU,2025.0,7,1263.712,34.24,10000.0,4311.93,4220.33,505,338
Philippine Airlines,CRM-CEB,2025.0,7,714.272,34.24,10000.0,10000.0,2880.8,43,3710
Cebgo,CYP-CEB,2025.0,7,1022.976,5.16,10000.0,5131.68,2880.8,57,3710
Philippine Airlines,CYP-MNL,2025.0,7,714.272,34.24,10000.0,5131.68,3627.73,57,10467
Cebu Pacific,CYZ-MNL,2025.0,7,7267.392,44.86,10000.0,10000.0,3627.73,88,10467
Cebgo,DGT-CEB,2025.0,7,1854.144,5.16,10000.0,4605.13,2880.8,364,3710
Cebu Pacific,DGT-MNL,2025.0,7,12717.936,44.86,5119.04,4605.13,3627.73,364,10467
Philippine Airlines,DGT-MNL,2025.0,7,9317.856,34.24,5119.04,4605.13,3627.73,364,10467
Cebu Pacific,DMK-ILO,2025.0,7,1651.68,44.86,10000.0,10000.0,3218.33,10,1055
Cebgo,DPL-CEB,2025.0,7,959.04,5.16,10000.0,4170.06,2880.8,148,3710
Cebu Pacific,DPL-MNL,2025.0,7,4624.704,44.86,5000.81,4170.06,3627.73,148,10467
Philippine Airlines,DPL-MNL,2025.0,7,4508.64,34.24,5000.81,4170.06,3627.73,148,10467
Cebgo,DRP-CEB,2025.0,7,1790.208,5.16,10000.0,4594.03,2880.8,509,3710
Cebu Pacific,DRP-MNL,2025.0,7,19939.152000000002,44.86,5014.76,4594.03,3627.73,509,10467
Philippine Airlines,DRP-MNL,2025.0,7,17884.272,34.24,5014.76,4594.03,3627.73,509,10467
Cebu Pacific,DVO-BCD,2025.0,7,2390.496,44.86,10000.0,4986.59,3266.49,1646,744
Cebu Pacific,DVO-CEB,2025.0,7,6850.032,44.86,5003.78,4986.59,2880.8,1646,3710
Philippine Airlines,DVO-CEB,2025.0,7,6483.392000000001,34.24,5003.78,4986.59,2880.8,1646,3710
Cebgo,DVO-CGY,2025.0,7,831.168,5.16,10000.0,4986.59,3704.56,1646,971
Cebu Pacific,DVO-CRK,2025.0,7,1982.016,44.86,10000.0,4986.59,4311.93,1646,505
Cebgo,DVO-IAO,2025.0,7,1406.592,5.16,10000.0,4986.59,5006.4,1646,603
Cebu Pacific,DVO-ILO,2025.0,7,5276.496,44.86,10000.0,4986.59,3218.33,1646,1055
Cebu Pacific,DVO-MNL,2025.0,7,57704.016,44.86,5046.15,4986.59,3627.73,1646,10467
Philippine Airlines,DVO-MNL,2025.0,7,47587.968,34.24,5046.15,4986.59,3627.73,1646,10467
Cebu Pacific,DVO-MPH,2025.0,7,2312.352,44.86,10000.0,4986.59,3454.22,1646,1201
Cebgo,DVO-NAN,2025.0,7,63.936,5.16,10000.0,4986.59,3668.54,1646,10
Cebu Pacific,DVO-TAG,2025.0,7,2390.496,44.86,5200.17,4986.59,3225.16,1646,591
Philippine Airlines,DVO-TAG,2025.0,7,1593.376,34.24,5200.17,4986.59,3225.16,1646,591
AirSWIFT,ENI-CEB,2025.0,7,1278.72,1.23,10000.0,8160.48,2880.8,470,3710
Cebgo,ENI-CRK,2025.0,7,1342.656,5.16,10000.0,8160.48,4311.93,470,505
AirSWIFT,ENI-MNL,2025.0,7,8199.792,1.23,10000.0,8160.48,3627.73,470,10467
AirSWIFT,ENI-MPH,2025.0,7,1083.36,1.23,10000.0,8160.48,3454.22,470,1201
AirSWIFT,ENI-TAG,2025.0,7,438.67199999999997,1.23,10000.0,8160.48,3225.16,470,591
AirSWIFT,ENI-USU,2025.0,7,1220.112,1.23,10000.0,8160.48,4220.33,470,338
Philippine Airlines,EUQ-MNL,2025.0,7,604.384,34.24,10000.0,10000.0,3627.73,23,10467
Philippine Airlines,GES-CEB,2025.0,7,2157.36,34.24,10000.0,5005.75,2880.8,343,3710
Cebu Pacific,GES-MNL,2025.0,7,21944.256,44.86,5037.57,5005.75,3627.73,343,10467
Philippine Airlines,GES-MNL,2025.0,7,18443.408,34.24,5037.57,5005.75,3627.73,343,10467
Cebgo,IAO-CEB,2025.0,7,5178.816,5.16,5197.53,5006.4,2880.8,603,3710
Philippine Airlines,IAO-CEB,2025.0,7,3461.472,34.24,5197.53,5006.4,2880.8,603,3710
Cebgo,IAO-CRK,2025.0,7,1982.016,5.16,5079.38,5006.4,4311.93,603,505
Philippine Airlines,IAO-CRK,2025.0,7,1538.432,34.24,5079.38,5006.4,4311.93,603,505
Cebgo,IAO-DVO,2025.0,7,1406.592,5.16,10000.0,5006.4,4986.59,603,1646
Philippine Airlines,IAO-MNL,2025.0,7,3296.6400000000003,34.24,10000.0,5006.4,3627.73,603,10467
Cebgo,ILO-CEB,2025.0,7,3708.288,5.16,8854.91,3218.33,2880.8,1055,3710
Philippine Airlines,ILO-CEB,2025.0,7,240.784,34.24,8854.91,3218.33,2880.8,1055,3710
Cebu Pacific,ILO-CGY,2025.0,7,1651.68,44.86,10000.0,3218.33,3704.56,1055,971
Cebu Pacific,ILO-CRK,2025.0,7,2477.52,44.86,10000.0,3218.33,4311.93,1055,505
Cebu Pacific,ILO-DVO,2025.0,7,5276.496,44.86,10000.0,3218.33,4986.59,1055,1646
AirAsia,ILO-MNL,2025.0,7,25566.14,14.51,3410.85,3218.33,3627.73,1055,10467
Cebu Pacific,ILO-MNL,2025.0,7,18287.472,44.86,3410.85,3218.33,3627.73,1055,10467
Philippine Airlines,ILO-MNL,2025.0,7,19338.672000000002,34.24,3410.85,3218.33,3627.73,1055,10467
Cebu Pacific,ILO-TAC,2025.0,7,1651.68,44.86,10000.0,3218.33,3218.33,1055,719
AirAsia,KLO-MNL,2025.0,7,15395.22,14.51,6380.25,6390.45,3627.73,245,10467
Cebu Pacific,KLO-MNL,2025.0,7,4789.872,44.86,6380.25,6390.45,3627.73,245,10467
AirAsia,KLO-MPH,2025.0,7,165.54,14.51,10000.0,6390.45,3454.22,245,1201
Philippine Airlines,LAO-MNL,2025.0,7,8566.416000000001,34.24,10000.0,10000.0,3627.73,85,10467
Cebgo,MBT-CRK,2025.0,7,1022.976,5.16,10000.0,10000.0,4311.93,33,505
AirAsia,MNL-BCD,2025.0,7,10263.48,14.51,3441.76,3627.73,3266.49,10467,744
Cebu Pacific,MNL-BCD,2025.0,7,16143.84,44.86,3441.76,3627.73,3266.49,10467,744
Philippine Airlines,MNL-BCD,2025.0,7,13782.864000000001,34.24,3441.76,3627.73,3266.49,10467,744
Philippine Airlines,MNL-BSO,2025.0,7,1043.9360000000001,34.24,10000.0,3627.73,10000.0,10467,51
Cebu Pacific,MNL-BXU,2025.0,7,19885.872,44.86,5623.97,3627.73,4587.84,10467,479
Philippine Airlines,MNL-BXU,2025.0,7,9503.696,34.24,5623.97,3627.73,4587.84,10467,479
Philippine Airlines,MNL-CBO,2025.0,7,7063.536,34.24,10000.0,3627.73,10000.0,10467,100
AirAsia,MNL-CEB,2025.0,7,29300.579999999998,14.51,3411.61,3627.73,2880.8,10467,3710
Cebgo,MNL-CEB,2025.0,7,2621.376,5.16,3411.61,3627.73,2880.8,10467,3710
Cebu Pacific,MNL-CEB,2025.0,7,43251.816,44.86,3411.61,3627.73,2880.8,10467,3710
Philippine Airlines,MNL-CEB,2025.0,7,55915.216,34.24,3411.61,3627.73,2880.8,10467,3710
AirAsia,MNL-CGY,2025.0,7,5131.74,14.51,4697.9,3627.73,3704.56,10467,971
Cebu Pacific,MNL-CGY,2025.0,7,34383.36,44.86,4697.9,3627.73,3704.56,10467,971
Philippine Airlines,MNL-CGY,2025.0,7,16846.8,34.24,4697.9,3627.73,3704.56,10467,971
Philippine Airlines,MNL-CRM,2025.0,7,934.048,34.24,10000.0,3627.73,10000.0,10467,43
Philippine Airlines,MNL-CYP,2025.0,7,714.272,34.24,10000.0,3627.73,5131.68,10467,57
Cebu Pacific,MNL-CYZ,2025.0,7,7267.392,44.86,10000.0,3627.73,10000.0,10467,88
Cebu Pacific,MNL-DGT,2025.0,7,17342.64,44.86,5453.0,3627.73,4605.13,10467,364
Philippine Airlines,MNL-DGT,2025.0,7,9317.856,34.24,5453.0,3627.73,4605.13,10467,364
Cebu Pacific,MNL-DPL,2025.0,7,4624.704,44.86,5000.07,3627.73,4170.06,10467,148
Philippine Airlines,MNL-DPL,2025.0,7,4658.928,34.24,5000.07,3627.73,4170.06,10467,148
Cebu Pacific,MNL-DRP,2025.0,7,20104.32,44.86,5017.08,3627.73,4594.03,10467,509
Philippine Airlines,MNL-DRP,2025.0,7,17884.272,34.24,5017.08,3627.73,4594.03,10467,509
Cebu Pacific,MNL-DVO,2025.0,7,55752.192,44.86,5028.35,3627.73,4986.59,10467,1646
Philippine Airlines,MNL-DVO,2025.0,7,47943.488000000005,34.24,5028.35,3627.73,4986.59,10467,1646
AirSWIFT,MNL-ENI,2025.0,7,8372.064,1.23,10000.0,3627.73,8160.48,10467,470
Philippine Airlines,MNL-EUQ,2025.0,7,659.328,34.24,10000.0,3627.73,10000.0,10467,23
Cebu Pacific,MNL-GES,2025.0,7,22148.496,44.86,5041.66,3627.73,5005.75,10467,343
Philippine Airlines,MNL-GES,2025.0,7,18443.408,34.24,5041.66,3627.73,5005.75,10467,343
Philippine Airlines,MNL-IAO,2025.0,7,4999.904,34.24,10000.0,3627.73,5006.4,10467,603
AirAsia,MNL-ILO,2025.0,7,20195.879999999997,14.51,3371.63,3627.73,3218.33,10467,1055
Cebu Pacific,MNL-ILO,2025.0,7,26309.664,44.86,3371.63,3627.73,3218.33,10467,1055
Philippine Airlines,MNL-ILO,2025.0,7,23937.808,34.24,3371.63,3627.73,3218.33,10467,1055
AirAsia,MNL-KLO,2025.0,7,15395.22,14.51,6380.25,3627.73,6390.45,10467,245
Cebu Pacific,MNL-KLO,2025.0,7,4789.872,44.86,6380.25,3627.73,6390.45,10467,245
Philippine Airlines,MNL-LAO,2025.0,7,4208.064,34.24,10000.0,3627.73,10000.0,10467,85
Cebu Pacific,MNL-MNL,2025.0,7,165.168,44.86,10000.0,3627.73,3627.73,10467,10467
AirAsia,MNL-MPH,2025.0,7,20030.34,14.51,3238.25,3627.73,3454.22,10467,1201
Cebgo,MNL-MPH,2025.0,7,1918.08,5.16,3238.25,3627.73,3454.22,10467,1201
Cebu Pacific,MNL-MPH,2025.0,7,24279.696,44.86,3238.25,3627.73,3454.22,10467,1201
Philippine Airlines,MNL-MPH,2025.0,7,15584.704000000002,34.24,3238.25,3627.73,3454.22,10467,1201
Cebu Pacific,MNL-OZC,2025.0,7,7928.064,44.86,10000.0,3627.73,5920.48,10467,141
Cebu Pacific,MNL-PAG,2025.0,7,4459.536,44.86,10000.0,3627.73,6520.22,10467,145
AirAsia,MNL-PPS,2025.0,7,7449.299999999999,14.51,3822.67,3627.73,3710.64,10467,583
Cebu Pacific,MNL-PPS,2025.0,7,16491.936,44.86,3822.67,3627.73,3710.64,10467,583
Philippine Airlines,MNL-PPS,2025.0,7,8176.960000000001,34.24,3822.67,3627.73,3710.64,10467,583
Cebu Pacific,MNL-RXS,2025.0,7,4955.04,44.86,10000.0,3627.73,5199.57,10467,135
Cebu Pacific,MNL-SJI,2025.0,7,2312.352,44.86,10000.0,3627.73,10000.0,10467,29
AirAsia,MNL-TAC,2025.0,7,10097.939999999999,14.51,3445.79,3627.73,3218.33,10467,719
Cebu Pacific,MNL-TAC,2025.0,7,9249.408,44.86,3445.79,3627.73,3218.33,10467,719
Philippine Airlines,MNL-TAC,2025.0,7,13933.152000000002,34.24,3445.79,3627.73,3218.33,10467,719
AirAsia,MNL-TAG,2025.0,7,10263.48,14.51,3454.84,3627.73,3225.16,10467,591
Cebu Pacific,MNL-TAG,2025.0,7,9647.232,44.86,3454.84,3627.73,3225.16,10467,591
Philippine Airlines,MNL-TAG,2025.0,7,14581.168000000001,34.24,3454.84,3627.73,3225.16,10467,591
Cebu Pacific,MNL-TUG,2025.0,7,8588.736,44.86,10000.0,3627.73,7939.67,10467,210
Cebgo,MNL-USU,2025.0,7,1854.144,5.16,10000.0,3627.73,4220.33,10467,338
Cebu Pacific,MNL-VRC,2025.0,7,3964.032,44.86,10000.0,3627.73,10000.0,10467,48
Cebgo,MNL-WNP,2025.0,7,2749.248,5.16,10000.0,3627.73,10000.0,10467,87
Cebu Pacific,MPH-CEB,2025.0,7,4789.872,44.86,6129.86,3454.22,2880.8,1201,3710
Philippine Airlines,MPH-CEB,2025.0,7,1703.2640000000001,34.24,6129.86,3454.22,2880.8,1201,3710
Cebu Pacific,MPH-CRK,2025.0,7,6441.552000000001,44.86,10000.0,3454.22,4311.93,1201,505
Cebu Pacific,MPH-DVO,2025.0,7,2312.352,44.86,10000.0,3454.22,4986.59,1201,1646
AirSWIFT,MPH-ENI,2025.0,7,1019.424,1.23,10000.0,3454.22,8160.48,1201,470
AirAsia,MPH-MNL,2025.0,7,24996.539999999997,14.51,3240.19,3454.22,3627.73,1201,10467
Cebgo,MPH-MNL,2025.0,7,1918.08,5.16,3240.19,3454.22,3627.73,1201,10467
Cebu Pacific,MPH-MNL,2025.0,7,28904.4,44.86,3240.19,3454.22,3627.73,1201,10467
Philippine Airlines,MPH-MNL,2025.0,7,20148.288,34.24,3240.19,3454.22,3627.73,1201,10467
Philippine Airlines,NAN-CEB,2025.0,7,54.944,34.24,10000.0,3668.54,2880.8,10,3710
Philippine Airlines,NAN-CRK,2025.0,7,109.888,34.24,10000.0,3668.54,4311.93,10,505
Philippine Airlines,NAN-MNL,2025.0,7,54.944,34.24,10000.0,3668.54,3627.73,10,10467
Cebgo,OZC-CEB,2025.0,7,959.04,5.16,10000.0,5920.48,2880.8,141,3710
Cebu Pacific,OZC-MNL,2025.0,7,7762.896000000001,44.86,5312.2,5920.48,3627.73,141,10467
Philippine Airlines,OZC-MNL,2025.0,7,4658.928,34.24,5312.2,5920.48,3627.73,141,10467
Cebgo,PAG-CEB,2025.0,7,2749.248,5.16,10000.0,6520.22,2880.8,145,3710
Cebu Pacific,PAG-MNL,2025.0,7,9249.408,44.86,10000.0,6520.22,3627.73,145,10467
Cebu Pacific,PPS-CEB,2025.0,7,6331.4400000000005,44.86,7479.61,3710.64,2880.8,583,3710
Philippine Airlines,PPS-CEB,2025.0,7,1098.88,34.24,7479.61,3710.64,2880.8,583,3710
Cebgo,PPS-CRK,2025.0,7,63.936,5.16,10000.0,3710.64,4311.93,583,505
AirSWIFT,PPS-ENI,2025.0,7,88.8,1.23,10000.0,3710.64,8160.48,583,470
AirAsia,PPS-MNL,2025.0,7,12581.039999999999,14.51,3397.88,3710.64,3627.73,583,10467
Cebu Pacific,PPS-MNL,2025.0,7,17086.896,44.86,3397.88,3710.64,3627.73,583,10467
Philippine Airlines,PPS-MNL,2025.0,7,17312.208000000002,34.24,3397.88,3710.64,3627.73,583,10467
AirAsia,RXS-MNL,2025.0,7,2317.56,14.51,4393.61,5199.57,3627.73,135,10467
Cebu Pacific,RXS-MNL,2025.0,7,9910.08,44.86,4393.61,5199.57,3627.73,135,10467
Philippine Airlines,RXS-MNL,2025.0,7,4658.928,34.24,4393.61,5199.57,3627.73,135,10467
Cebu Pacific,SIN-ILO,2025.0,7,1486.5120000000002,44.86,10000.0,10000.0,3218.33,9,1055
Cebu Pacific,SJI-MNL,2025.0,7,2312.352,44.86,10000.0,10000.0,3627.73,29,10467
Cebgo,SUG-CEB,2025.0,7,2237.76,5.16,10000.0,10000.0,2880.8,45,3710
Cebgo,SWL-CEB,2025.0,7,639.36,5.16,10000.0,10000.0,2880.8,10,3710
Cebgo,TAC-CEB,2025.0,7,1278.72,5.16,5042.49,3218.33,2880.8,719,3710
Philippine Airlines,TAC-CEB,2025.0,7,1538.432,34.24,5042.49,3218.33,2880.8,719,3710
Cebu Pacific,TAC-DVO,2025.0,7,1651.68,44.86,10000.0,3218.33,4986.59,719,1646
Cebu Pacific,TAC-ILO,2025.0,7,1651.68,44.86,10000.0,3218.33,3218.33,719,1055
AirAsia,TAC-MNL,2025.0,7,20566.12,14.51,3531.98,3218.33,3627.73,719,10467
Cebu Pacific,TAC-MNL,2025.0,7,26922.384000000002,44.86,3531.98,3218.33,3627.73,719,10467
Philippine Airlines,TAC-MNL,2025.0,7,14556.928,34.24,3531.98,3218.33,3627.73,719,10467
Cebgo,TAG-CRK,2025.0,7,1214.784,5.16,10000.0,3225.16,4311.93,591,505
Cebu Pacific,TAG-DVO,2025.0,7,2390.496,44.86,5274.08,3225.16,4986.59,591,1646
Philippine Airlines,TAG-DVO,2025.0,7,1483.488,34.24,5274.08,3225.16,4986.59,591,1646
AirSWIFT,TAG-ENI,2025.0,7,438.67199999999997,1.23,10000.0,3225.16,8160.48,591,470
AirAsia,TAG-MNL,2025.0,7,10263.48,14.51,3532.03,3225.16,3627.73,591,10467
Cebu Pacific,TAG-MNL,2025.0,7,18964.128,44.86,3532.03,3225.16,3627.73,591,10467
Philippine Airlines,TAG-MNL,2025.0,7,14430.880000000001,34.24,3532.03,3225.16,3627.73,591,10467
Cebu Pacific,TUG-MNL,2025.0,7,21427.440000000002,44.86,7365.85,7939.67,3627.73,210,10467
Philippine Airlines,TUG-MNL,2025.0,7,3962.4320000000002,34.24,7365.85,7939.67,3627.73,210,10467
Philippine Airlines,TWT-NAN,2025.0,7,54.944,34.24,10000.0,10000.0,3668.54,20,10
Cebgo,USU-CEB,2025.0,7,959.04,5.16,5193.34,4220.33,2880.8,338,3710
Philippine Airlines,USU-CEB,2025.0,7,1428.544,34.24,5193.34,4220.33,2880.8,338,3710
Philippine Airlines,USU-CRK,2025.0,7,1318.656,34.24,10000.0,4220.33,4311.93,338,505
AirSWIFT,USU-ENI,2025.0,7,1156.176,1.23,10000.0,4220.33,8160.48,338,470
Cebgo,USU-MNL,2025.0,7,7032.96,5.16,7123.03,4220.33,3627.73,338,10467
Philippine Airlines,USU-MNL,2025.0,7,1483.488,34.24,7123.03,4220.33,3627.73,338,10467
Cebu Pacific,VRC-MNL,2025.0,7,3964.032,44.86,10000.0,10000.0,3627.73,48,10467
Cebgo,WNP-MNL,2025.0,7,2813.184,5.16,10000.0,10000.0,3627.73,87,10467
Philippine Airlines,ZAM-CEB,2025.0,7,1538.432,34.24,10000.0,5560.41,2880.8,216,3710
Cebu Pacific,ZAM-DVO,2025.0,7,1816.848,44.86,10000.0,5560.41,4986.59,216,1646
Cebu Pacific,ZAM-MNL,2025.0,7,19363.728,44.86,6083.15,5560.41,3627.73,216,10467
Philippine Airlines,ZAM-MNL,2025.0,7,7063.536,34.24,6083.15,5560.41,3627.73,216,10467
Philippine Airlines,ZAM-TWT,2025.0,7,1953.7440000000001,34.24,10000.0,5560.41,10000.0,216,20
Cebgo,BCD-CEB,2025.0,8,1873.152,5.45,5020.38,3224.23,2898.7,761,4055
Philippine Airlines,BCD-CEB,2025.0,8,1648.3200000000002,35.27,5020.38,3224.23,2898.7,761,4055
Cebu Pacific,BCD-DVO,2025.0,8,1360.962,43.13,10000.0,3224.23,4954.51,761,1602
AirAsia,BCD-MNL,2025.0,8,16719.54,14.35,3405.74,3224.23,3578.82,761,10951
Cebu Pacific,BCD-MNL,2025.0,8,23565.618000000002,43.13,3405.74,3224.23,3578.82,761,10951
Philippine Airlines,BCD-MNL,2025.0,8,23040.928,35.27,3405.74,3224.23,3578.82,761,10951
Philippine Airlines,BPA-CEB,2025.0,8,714.272,35.27,10000.0,10000.0,2898.7,26,4055
Philippine Airlines,BSO-CRK,2025.0,8,824.1600000000001,35.27,10000.0,10000.0,4091.71,58,480
Cebgo,BXU-CEB,2025.0,8,2985.3360000000002,5.45,5373.86,4531.68,2898.7,507,4055
Philippine Airlines,BXU-CEB,2025.0,8,1703.2640000000001,35.27,5373.86,4531.68,2898.7,507,4055
Cebu Pacific,BXU-MNL,2025.0,8,19399.806,43.13,5610.4,4531.68,3578.82,507,10951
Philippine Airlines,BXU-MNL,2025.0,8,9353.408000000001,35.27,5610.4,4531.68,3578.82,507,10951
Philippine Airlines,CBO-MNL,2025.0,8,8265.84,35.27,10000.0,10000.0,3578.82,123,10951
Philippine Airlines,CBO-TWT,2025.0,8,494.49600000000004,35.27,10000.0,10000.0,10000.0,123,22
Cebgo,CEB-BCD,2025.0,8,1814.616,5.45,5001.99,2898.7,3224.23,4055,761
Philippine Airlines,CEB-BCD,2025.0,8,1743.6640000000002,35.27,5001.99,2898.7,3224.23,4055,761
Philippine Airlines,CEB-BPA,2025.0,8,714.272,35.27,10000.0,2898.7,10000.0,4055,26
Cebgo,CEB-BXU,2025.0,8,3043.8720000000003,5.45,5398.76,2898.7,4531.68,4055,507
Philippine Airlines,CEB-BXU,2025.0,8,1703.2640000000001,35.27,5398.76,2898.7,4531.68,4055,507
Cebgo,CEB-CGM,2025.0,8,1814.616,5.45,10000.0,2898.7,10000.0,4055,62
Cebgo,CEB-CGY,2025.0,8,7375.536,5.45,5677.53,2898.7,3525.7,4055,1067
Philippine Airlines,CEB-CGY,2025.0,8,3406.5280000000002,35.27,5677.53,2898.7,3525.7,4055,1067
Cebgo,CEB-CRK,2025.0,8,526.8240000000001,5.45,6167.67,2898.7,4091.71,4055,480
Cebu Pacific,CEB-CRK,2025.0,8,1512.1799999999998,43.13,6167.67,2898.7,4091.71,4055,480
Philippine Airlines,CEB-CRM,2025.0,8,714.272,35.27,10000.0,2898.7,10000.0,4055,46
Cebgo,CEB-CYP,2025.0,8,1053.6480000000001,5.45,10000.0,2898.7,5150.9,4055,63
Cebgo,CEB-DGT,2025.0,8,1756.08,5.45,10000.0,2898.7,4572.15,4055,385
Cebgo,CEB-DPL,2025.0,8,1756.08,5.45,10000.0,2898.7,3771.32,4055,179
Cebgo,CEB-DRP,2025.0,8,1463.4,5.45,5022.01,2898.7,4640.3,4055,510
Cebu Pacific,CEB-DRP,2025.0,8,1281.288,43.13,5022.01,2898.7,4640.3,4055,510
Cebgo,CEB-DVO,2025.0,8,58.536,5.45,5187.18,2898.7,4954.51,4055,1602
Cebu Pacific,CEB-DVO,2025.0,8,4830.846,43.13,5187.18,2898.7,4954.51,4055,1602
Philippine Airlines,CEB-DVO,2025.0,8,7514.400000000001,35.27,5187.18,2898.7,4954.51,4055,1602
AirSWIFT,CEB-ENI,2025.0,8,1760.958,1.81,10000.0,2898.7,8340.42,4055,715
Philippine Airlines,CEB-GES,2025.0,8,2026.4640000000002,35.27,10000.0,2898.7,5000.07,4055,340
Cebgo,CEB-IAO,2025.0,8,4507.272,5.45,5025.99,2898.7,5154.22,4055,587
Philippine Airlines,CEB-IAO,2025.0,8,3901.0240000000003,35.27,5025.99,2898.7,5154.22,4055,587
Cebgo,CEB-ILO,2025.0,8,3629.232,5.45,10000.0,2898.7,3157.84,4055,1033
AirAsia,CEB-MNL,2025.0,8,30293.82,14.35,3553.32,2898.7,3578.82,4055,10951
Cebu Pacific,CEB-MNL,2025.0,8,52737.684,43.13,3553.32,2898.7,3578.82,4055,10951
Philippine Airlines,CEB-MNL,2025.0,8,58284.272,35.27,3553.32,2898.7,3578.82,4055,10951
Cebu Pacific,CEB-MPH,2025.0,8,4990.1939999999995,43.13,5540.36,2898.7,3398.89,4055,1206
Philippine Airlines,CEB-MPH,2025.0,8,2520.96,35.27,5540.36,2898.7,3398.89,4055,1206
Cebgo,CEB-NAN,2025.0,8,117.072,5.45,5124.65,2898.7,5308.38,4055,17
Cebu Pacific,CEB-NAN,2025.0,8,160.974,43.13,5124.65,2898.7,5308.38,4055,17
Cebgo,CEB-OZC,2025.0,8,58.536,5.45,10000.0,2898.7,5683.63,4055,144
Cebgo,CEB-PAG,2025.0,8,1756.08,5.45,10000.0,2898.7,6190.72,4055,170
Cebu Pacific,CEB-PPS,2025.0,8,5796.6900000000005,43.13,6106.33,2898.7,3873.8,4055,535
Philippine Airlines,CEB-PPS,2025.0,8,2087.8720000000003,35.27,6106.33,2898.7,3873.8,4055,535
Cebgo,CEB-SUG,2025.0,8,1287.792,5.45,10000.0,2898.7,10000.0,4055,63
Cebgo,CEB-TAC,2025.0,8,117.072,5.45,8724.79,2898.7,3222.07,4055,723
Philippine Airlines,CEB-TAC,2025.0,8,1593.376,35.27,8724.79,2898.7,3222.07,4055,723
Cebgo,CEB-USU,2025.0,8,1053.6480000000001,5.45,5174.89,2898.7,3982.31,4055,381
Philippine Airlines,CEB-USU,2025.0,8,1538.432,35.27,5174.89,2898.7,3982.31,4055,381
Cebgo,CGM-CEB,2025.0,8,1814.616,5.45,10000.0,10000.0,2898.7,62,4055
Cebgo,CGY-CEB,2025.0,8,7434.072,5.45,5639.96,3525.7,2898.7,1067,4055
Philippine Airlines,CGY-CEB,2025.0,8,3516.416,35.27,5639.96,3525.7,2898.7,1067,4055
Cebgo,CGY-DVO,2025.0,8,760.9680000000001,5.45,10000.0,3525.7,4954.51,1067,1602
Cebu Pacific,CGY-ILO,2025.0,8,2117.0519999999997,43.13,10000.0,3525.7,3157.84,1067,1033
AirAsia,CGY-MNL,2025.0,8,5131.74,14.35,4254.55,3525.7,3578.82,1067,10951
Cebu Pacific,CGY-MNL,2025.0,8,27492.408,43.13,4254.55,3525.7,3578.82,1067,10951
Philippine Airlines,CGY-MNL,2025.0,8,20932.048000000003,35.27,4254.55,3525.7,3578.82,1067,10951
Philippine Airlines,CRK-BSO,2025.0,8,824.1600000000001,35.27,10000.0,4091.71,10000.0,480,58
Cebgo,CRK-CEB,2025.0,8,526.8240000000001,5.45,5773.26,4091.71,2898.7,480,4055
Cebu Pacific,CRK-CEB,2025.0,8,1209.744,43.13,5773.26,4091.71,2898.7,480,4055
Cebu Pacific,CRK-DVO,2025.0,8,1512.1799999999998,43.13,10000.0,4091.71,4954.51,480,1602
Cebgo,CRK-ENI,2025.0,8,1814.616,5.45,10000.0,4091.71,8340.42,480,715
Cebgo,CRK-IAO,2025.0,8,1580.472,5.45,5040.78,4091.71,5154.22,480,587
Philippine Airlines,CRK-IAO,2025.0,8,1318.656,35.27,5040.78,4091.71,5154.22,480,587
Cebu Pacific,CRK-ILO,2025.0,8,1058.5259999999998,43.13,10000.0,4091.71,3157.84,480,1033
Cebgo,CRK-MBT,2025.0,8,1053.6480000000001,5.45,10000.0,4091.71,10000.0,480,36
Cebu Pacific,CRK-MPH,2025.0,8,6956.027999999999,43.13,10000.0,4091.71,3398.89,480,1206
Cebgo,CRK-NAN,2025.0,8,175.608,5.45,6414.67,4091.71,5308.38,480,17
Cebu Pacific,CRK-NAN,2025.0,8,53.658,43.13,6414.67,4091.71,5308.38,480,17
Cebgo,CRK-TAG,2025.0,8,1053.6480000000001,5.45,10000.0,4091.71,3191.78,480,600
Cebu Pacific,CRK-TBH,2025.0,8,53.658,43.13,10000.0,4091.71,10000.0,480,1
Philippine Airlines,CRK-USU,2025.0,8,1098.88,35.27,10000.0,4091.71,3982.31,480,381
Philippine Airlines,CRM-CEB,2025.0,8,714.272,35.27,10000.0,10000.0,2898.7,46,4055
Philippine Airlines,CRM-MNL,2025.0,8,54.944,35.27,10000.0,10000.0,3578.82,46,10951
Cebgo,CYP-CEB,2025.0,8,1053.6480000000001,5.45,10000.0,5150.9,2898.7,63,4055
Philippine Airlines,CYP-MNL,2025.0,8,769.216,35.27,10000.0,5150.9,3578.82,63,10951
Cebu Pacific,CYZ-MNL,2025.0,8,6956.027999999999,43.13,10000.0,10000.0,3578.82,96,10951
Cebgo,DGT-CEB,2025.0,8,1873.152,5.45,10000.0,4572.15,2898.7,385,4055
Cebu Pacific,DGT-MNL,2025.0,8,12248.658,43.13,5103.49,4572.15,3578.82,385,10951
Philippine Airlines,DGT-MNL,2025.0,8,9167.568000000001,35.27,5103.49,4572.15,3578.82,385,10951
Cebu Pacific,DMK-ILO,2025.0,8,1360.962,43.13,10000.0,10000.0,3157.84,9,1033
Cebgo,DPL-CEB,2025.0,8,1697.544,5.45,10000.0,3771.32,2898.7,179,4055
Cebu Pacific,DPL-MNL,2025.0,8,4385.322,43.13,5000.96,3771.32,3578.82,179,10951
Philippine Airlines,DPL-MNL,2025.0,8,4508.64,35.27,5000.96,3771.32,3578.82,179,10951
Cebgo,DRP-CEB,2025.0,8,1463.4,5.45,5022.01,4640.3,2898.7,510,4055
Cebu Pacific,DRP-CEB,2025.0,8,1281.288,43.13,5022.01,4640.3,2898.7,510,4055
Cebu Pacific,DRP-MNL,2025.0,8,17287.632,43.13,5002.92,4640.3,3578.82,510,10951
Philippine Airlines,DRP-MNL,2025.0,8,18144.448,35.27,5002.92,4640.3,3578.82,510,10951
Cebu Pacific,DVO-BCD,2025.0,8,1360.962,43.13,10000.0,4954.51,3224.23,1602,761
Philippine Airlines,DVO-CBO,2025.0,8,150.288,35.27,10000.0,4954.51,10000.0,1602,123
Cebgo,DVO-CEB,2025.0,8,58.536,5.45,5202.71,4954.51,2898.7,1602,4055
Cebu Pacific,DVO-CEB,2025.0,8,4830.846,43.13,5202.71,4954.51,2898.7,1602,4055
Philippine Airlines,DVO-CEB,2025.0,8,7624.2880000000005,35.27,5202.71,4954.51,2898.7,1602,4055
Cebgo,DVO-CGY,2025.0,8,819.504,5.45,10000.0,4954.51,3525.7,1602,1067
Cebu Pacific,DVO-CRK,2025.0,8,1512.1799999999998,43.13,10000.0,4954.51,4091.71,1602,480
Cebgo,DVO-IAO,2025.0,8,819.504,5.45,10000.0,4954.51,5154.22,1602,587
Cebu Pacific,DVO-ILO,2025.0,8,4902.389999999999,43.13,10000.0,4954.51,3157.84,1602,1033
Cebu Pacific,DVO-MNL,2025.0,8,58006.737,43.13,5026.03,4954.51,3578.82,1602,10951
Philippine Airlines,DVO-MNL,2025.0,8,50199.424,35.27,5026.03,4954.51,3578.82,1602,10951
Cebu Pacific,DVO-MPH,2025.0,8,1360.962,43.13,10000.0,4954.51,3398.89,1602,1206
Cebu Pacific,DVO-TAG,2025.0,8,1360.962,43.13,5056.76,4954.51,3191.78,1602,600
Philippine Airlines,DVO-TAG,2025.0,8,1098.88,35.27,5056.76,4954.51,3191.78,1602,600
AirSWIFT,ENI-CEB,2025.0,8,1720.308,1.81,10000.0,8340.42,2898.7,715,4055
Cebgo,ENI-CRK,2025.0,8,1814.616,5.45,10000.0,8340.42,4091.71,715,480
AirSWIFT,ENI-MNL,2025.0,8,12126.708,1.81,10000.0,8340.42,3578.82,715,10951
AirSWIFT,ENI-MPH,2025.0,8,1689.414,1.81,10000.0,8340.42,3398.89,715,1206
AirSWIFT,ENI-TAG,2025.0,8,707.3100000000001,1.81,10000.0,8340.42,3191.78,715,600
AirSWIFT,ENI-USU,2025.0,8,1684.536,1.81,10000.0,8340.42,3982.31,715,381
Philippine Airlines,EUQ-MNL,2025.0,8,714.272,35.27,10000.0,10000.0,3578.82,25,10951
Philippine Airlines,GES-CEB,2025.0,8,2026.4640000000002,35.27,10000.0,5000.07,2898.7,340,4055
Cebu Pacific,GES-MNL,2025.0,8,19680.291,43.13,5014.03,5000.07,3578.82,340,10951
Philippine Airlines,GES-MNL,2025.0,8,17700.048,35.27,5014.03,5000.07,3578.82,340,10951
Cebgo,IAO-CEB,2025.0,8,4448.736,5.45,5077.89,5154.22,2898.7,587,4055
Philippine Airlines,IAO-CEB,2025.0,8,3461.472,35.27,5077.89,5154.22,2898.7,587,4055
Cebgo,IAO-CRK,2025.0,8,1580.472,5.45,5040.78,5154.22,4091.71,587,480
Philippine Airlines,IAO-CRK,2025.0,8,1318.656,35.27,5040.78,5154.22,4091.71,587,480
Cebgo,IAO-DVO,2025.0,8,702.432,5.45,10000.0,5154.22,4954.51,587,1602
Philippine Airlines,IAO-MNL,2025.0,8,4340.576,35.27,10000.0,5154.22,3578.82,587,10951
Cebgo,ILO-CEB,2025.0,8,3746.304,5.45,10000.0,3157.84,2898.7,1033,4055
Cebu Pacific,ILO-CGY,2025.0,8,2117.0519999999997,43.13,10000.0,3157.84,3525.7,1033,1067
Cebu Pacific,ILO-CRK,2025.0,8,1663.398,43.13,10000.0,3157.84,4091.71,1033,480
Cebu Pacific,ILO-DVO,2025.0,8,4866.6179999999995,43.13,10000.0,3157.84,4954.51,1033,1602
AirAsia,ILO-MNL,2025.0,8,23910.739999999998,14.35,3387.61,3157.84,3578.82,1033,10951
Cebu Pacific,ILO-MNL,2025.0,8,17650.23,43.13,3387.61,3157.84,3578.82,1033,10951
Philippine Airlines,ILO-MNL,2025.0,8,19702.272,35.27,3387.61,3157.84,3578.82,1033,10951
Cebu Pacific,ILO-TAC,2025.0,8,1360.962,43.13,10000.0,3157.84,3222.07,1033,723
AirAsia,KLO-MNL,2025.0,8,14070.9,14.35,6377.0,6377.0,3578.82,228,10951
Cebu Pacific,KLO-MNL,2025.0,8,4385.322,43.13,6377.0,6377.0,3578.82,228,10951
Philippine Airlines,LAO-MNL,2025.0,8,8471.072,35.27,10000.0,10000.0,3578.82,86,10951
Cebgo,MBT-CRK,2025.0,8,1053.6480000000001,5.45,10000.0,10000.0,4091.71,36,480
AirAsia,MNL-BCD,2025.0,8,10263.48,14.35,3400.32,3578.82,3224.23,10951,761
Cebu Pacific,MNL-BCD,2025.0,8,14442.132000000001,43.13,3400.32,3578.82,3224.23,10951,761
Philippine Airlines,MNL-BCD,2025.0,8,13651.968,35.27,3400.32,3578.82,3224.23,10951,761
Philippine Airlines,MNL-BSO,2025.0,8,1538.432,35.27,10000.0,3578.82,10000.0,10951,58
Cebu Pacific,MNL-BXU,2025.0,8,19399.806,43.13,5610.4,3578.82,4531.68,10951,507
Philippine Airlines,MNL-BXU,2025.0,8,9353.408000000001,35.27,5610.4,3578.82,4531.68,10951,507
Philippine Airlines,MNL-CBO,2025.0,8,8416.128,35.27,10000.0,3578.82,10000.0,10951,123
AirAsia,MNL-CEB,2025.0,8,30293.82,14.35,3453.41,3578.82,2898.7,10951,4055
Cebgo,MNL-CEB,2025.0,8,2458.512,5.45,3453.41,3578.82,2898.7,10951,4055
Cebu Pacific,MNL-CEB,2025.0,8,46737.744,43.13,3453.41,3578.82,2898.7,10951,4055
Philippine Airlines,MNL-CEB,2025.0,8,60470.72,35.27,3453.41,3578.82,2898.7,10951,4055
AirAsia,MNL-CGY,2025.0,8,5131.74,14.35,4584.6,3578.82,3525.7,10951,1067
Cebu Pacific,MNL-CGY,2025.0,8,31980.168,43.13,4584.6,3578.82,3525.7,10951,1067
Philippine Airlines,MNL-CGY,2025.0,8,16723.984,35.27,4584.6,3578.82,3525.7,10951,1067
Philippine Airlines,MNL-CRM,2025.0,8,1043.9360000000001,35.27,10000.0,3578.82,10000.0,10951,46
Philippine Airlines,MNL-CYP,2025.0,8,714.272,35.27,10000.0,3578.82,5150.9,10951,63
Cebu Pacific,MNL-CYZ,2025.0,8,6956.027999999999,43.13,10000.0,3578.82,10000.0,10951,96
Cebu Pacific,MNL-DGT,2025.0,8,16633.98,43.13,5397.37,3578.82,4572.15,10951,385
Philippine Airlines,MNL-DGT,2025.0,8,9317.856,35.27,5397.37,3578.82,4572.15,10951,385
Cebu Pacific,MNL-DPL,2025.0,8,4385.322,43.13,5000.96,3578.82,3771.32,10951,179
Philippine Airlines,MNL-DPL,2025.0,8,4508.64,35.27,5000.96,3578.82,3771.32,10951,179
Cebu Pacific,MNL-DRP,2025.0,8,17287.632,43.13,5005.25,3578.82,4640.3,10951,510
Philippine Airlines,MNL-DRP,2025.0,8,18445.024,35.27,5005.25,3578.82,4640.3,10951,510
Cebu Pacific,MNL-DVO,2025.0,8,58786.404,43.13,5031.04,3578.82,4954.51,10951,1602
Philippine Airlines,MNL-DVO,2025.0,8,50199.424,35.27,5031.04,3578.82,4954.51,10951,1602
AirSWIFT,MNL-ENI,2025.0,8,12009.636,1.81,10000.0,3578.82,8340.42,10951,715
Philippine Airlines,MNL-EUQ,2025.0,8,659.328,35.27,10000.0,3578.82,10000.0,10951,25
Cebu Pacific,MNL-GES,2025.0,8,19489.236,43.13,5011.57,3578.82,5000.07,10951,340
Philippine Airlines,MNL-GES,2025.0,8,17700.048,35.27,5011.57,3578.82,5000.07,10951,340
Philippine Airlines,MNL-IAO,2025.0,8,5109.792,35.27,10000.0,3578.82,5154.22,10951,587
AirAsia,MNL-ILO,2025.0,8,17878.32,14.35,3388.4,3578.82,3157.84,10951,1033
Cebu Pacific,MNL-ILO,2025.0,8,23037.168,43.13,3388.4,3578.82,3157.84,10951,1033
Philippine Airlines,MNL-ILO,2025.0,8,24361.2,35.27,3388.4,3578.82,3157.84,10951,1033
AirAsia,MNL-KLO,2025.0,8,14070.9,14.35,6377.0,3578.82,6377.0,10951,228
Cebu Pacific,MNL-KLO,2025.0,8,4385.322,43.13,6377.0,3578.82,6377.0,10951,228
Philippine Airlines,MNL-LAO,2025.0,8,4358.352000000001,35.27,10000.0,3578.82,10000.0,10951,86
Philippine Airlines,MNL-MNL,2025.0,8,150.288,35.27,10000.0,3578.82,3578.82,10951,10951
AirAsia,MNL-MPH,2025.0,8,20195.879999999997,14.35,3265.45,3578.82,3398.89,10951,1206
Cebgo,MNL-MPH,2025.0,8,1873.152,5.45,3265.45,3578.82,3398.89,10951,1206
Cebu Pacific,MNL-MPH,2025.0,8,23136.354,43.13,3265.45,3578.82,3398.89,10951,1206
Philippine Airlines,MNL-MPH,2025.0,8,13818.416000000001,35.27,3265.45,3578.82,3398.89,10951,1206
Cebu Pacific,MNL-NAN,2025.0,8,934.95,43.13,10000.0,3578.82,5308.38,10951,17
Cebu Pacific,MNL-OZC,2025.0,8,7107.245999999999,43.13,10000.0,3578.82,5683.63,10951,144
Cebu Pacific,MNL-PAG,2025.0,8,4687.758,43.13,10000.0,3578.82,6190.72,10951,170
AirAsia,MNL-PPS,2025.0,8,5793.9,14.35,3831.91,3578.82,3873.8,10951,535
Cebu Pacific,MNL-PPS,2025.0,8,13221.006000000001,43.13,3831.91,3578.82,3873.8,10951,535
Philippine Airlines,MNL-PPS,2025.0,8,6678.928000000001,35.27,3831.91,3578.82,3873.8,10951,535
Cebu Pacific,MNL-RXS,2025.0,8,4838.976,43.13,10000.0,3578.82,5096.84,10951,135
Cebu Pacific,MNL-SJI,2025.0,8,3024.3599999999997,43.13,10000.0,3578.82,10000.0,10951,40
AirAsia,MNL-TAC,2025.0,8,10263.48,14.35,3625.63,3578.82,3222.07,10951,723
Cebu Pacific,MNL-TAC,2025.0,8,7863.335999999999,43.13,3625.63,3578.82,3222.07,10951,723
Philippine Airlines,MNL-TAC,2025.0,8,15872.352,35.27,3625.63,3578.82,3222.07,10951,723
AirAsia,MNL-TAG,2025.0,8,11422.26,14.35,3438.1,3578.82,3191.78,10951,600
Cebu Pacific,MNL-TAG,2025.0,8,9409.662,43.13,3438.1,3578.82,3191.78,10951,600
Philippine Airlines,MNL-TAG,2025.0,8,14485.824,35.27,3438.1,3578.82,3191.78,10951,600
Cebu Pacific,MNL-TUG,2025.0,8,8165.771999999999,43.13,10000.0,3578.82,7703.81,10951,222
Cebgo,MNL-USU,2025.0,8,1873.152,5.45,9415.7,3578.82,3982.31,10951,381
Philippine Airlines,MNL-USU,2025.0,8,58.176,35.27,9415.7,3578.82,3982.31,10951,381
Cebu Pacific,MNL-VRC,2025.0,8,4082.8859999999995,43.13,10000.0,3578.82,10000.0,10951,54
Cebgo,MNL-WNP,2025.0,8,3160.944,5.45,10000.0,3578.82,10000.0,10951,114
Cebu Pacific,MPH-CEB,2025.0,8,4838.976,43.13,5527.61,3398.89,2898.7,1206,4055
Philippine Airlines,MPH-CEB,2025.0,8,2466.016,35.27,5527.61,3398.89,2898.7,1206,4055
Cebu Pacific,MPH-CRK,2025.0,8,6804.8099999999995,43.13,10000.0,3398.89,4091.71,1206,480
Cebu Pacific,MPH-DVO,2025.0,8,1360.962,43.13,10000.0,3398.89,4954.51,1206,1602
AirSWIFT,MPH-ENI,2025.0,8,1788.6,1.81,10000.0,3398.89,8340.42,1206,715
AirAsia,MPH-MNL,2025.0,8,25327.62,14.35,3291.1,3398.89,3578.82,1206,10951
Cebgo,MPH-MNL,2025.0,8,1873.152,5.45,3291.1,3398.89,3578.82,1206,10951
Cebu Pacific,MPH-MNL,2025.0,8,27672.893999999997,43.13,3291.1,3398.89,3578.82,1206,10951
Philippine Airlines,MPH-MNL,2025.0,8,16974.464,35.27,3291.1,3398.89,3578.82,1206,10951
Cebu Pacific,NAN-CRK,2025.0,8,53.658,43.13,10000.0,5308.38,4091.71,17,480
AirAsia,NAN-MNL,2025.0,8,165.54,14.35,6258.04,5308.38,3578.82,17,10951
Philippine Airlines,NAN-MNL,2025.0,8,54.944,35.27,6258.04,5308.38,3578.82,17,10951
Cebgo,OZC-CEB,2025.0,8,1053.6480000000001,5.45,10000.0,5683.63,2898.7,144,4055
Cebu Pacific,OZC-MNL,2025.0,8,7107.245999999999,43.13,5250.23,5683.63,3578.82,144,10951
Philippine Airlines,OZC-MNL,2025.0,8,4508.64,35.27,5250.23,5683.63,3578.82,144,10951
Cebgo,PAG-CEB,2025.0,8,2926.8,5.45,10000.0,6190.72,2898.7,170,4055
Cebu Pacific,PAG-MNL,2025.0,8,8921.862,43.13,10000.0,6190.72,3578.82,170,10951
Cebu Pacific,PPS-CEB,2025.0,8,5796.6900000000005,43.13,7413.62,3873.8,2898.7,535,4055
Philippine Airlines,PPS-CEB,2025.0,8,1043.9360000000001,35.27,7413.62,3873.8,2898.7,535,4055
Cebgo,PPS-CRK,2025.0,8,175.608,5.45,10000.0,3873.8,4091.71,535,480
AirSWIFT,PPS-ENI,2025.0,8,175.608,1.81,10000.0,3873.8,8340.42,535,715
AirAsia,PPS-MNL,2025.0,8,12415.5,14.35,3526.42,3873.8,3578.82,535,10951
AirSWIFT,PPS-MNL,2025.0,8,58.536,1.81,3526.42,3873.8,3578.82,535,10951
Cebu Pacific,PPS-MNL,2025.0,8,19355.904000000002,43.13,3526.42,3873.8,3578.82,535,10951
Philippine Airlines,PPS-MNL,2025.0,8,11365.328000000001,35.27,3526.42,3873.8,3578.82,535,10951
AirAsia,RXS-MNL,2025.0,8,2152.02,14.35,4279.89,5096.84,3578.82,135,10951
Cebu Pacific,RXS-MNL,2025.0,8,8921.862,43.13,4279.89,5096.84,3578.82,135,10951
Philippine Airlines,RXS-MNL,2025.0,8,4658.928,35.27,4279.89,5096.84,3578.82,135,10951
Cebu Pacific,SIN-ILO,2025.0,8,1360.962,43.13,10000.0,10000.0,3157.84,9,1033
Cebu Pacific,SJI-MNL,2025.0,8,3024.3599999999997,43.13,10000.0,10000.0,3578.82,40,10951
Cebgo,SUG-CEB,2025.0,8,2399.976,5.45,10000.0,10000.0,2898.7,63,4055
Cebgo,SWL-CEB,2025.0,8,702.432,5.45,10000.0,10000.0,2898.7,12,4055
Cebgo,TAC-CEB,2025.0,8,1990.2240000000002,5.45,5081.96,3222.07,2898.7,723,4055
Philippine Airlines,TAC-CEB,2025.0,8,1538.432,35.27,5081.96,3222.07,2898.7,723,4055
Cebu Pacific,TAC-DVO,2025.0,8,1360.962,43.13,10000.0,3222.07,4954.51,723,1602
Cebu Pacific,TAC-ILO,2025.0,8,1360.962,43.13,10000.0,3222.07,3157.84,723,1033
AirAsia,TAC-MNL,2025.0,8,21623.44,14.35,3425.97,3222.07,3578.82,723,10951
Cebu Pacific,TAC-MNL,2025.0,8,25555.841999999997,43.13,3425.97,3222.07,3578.82,723,10951
Philippine Airlines,TAC-MNL,2025.0,8,16853.264,35.27,3425.97,3222.07,3578.82,723,10951
Philippine Airlines,TAG-CEB,2025.0,8,54.944,35.27,10000.0,3191.78,2898.7,600,4055
Cebgo,TAG-CRK,2025.0,8,1053.6480000000001,5.45,10000.0,3191.78,4091.71,600,480
Cebu Pacific,TAG-DVO,2025.0,8,1360.962,43.13,5033.92,3191.78,4954.51,600,1602
Philippine Airlines,TAG-DVO,2025.0,8,1153.824,35.27,5033.92,3191.78,4954.51,600,1602
AirSWIFT,TAG-ENI,2025.0,8,707.3100000000001,1.81,10000.0,3191.78,8340.42,600,715
AirAsia,TAG-MNL,2025.0,8,9270.24,14.35,3660.3,3191.78,3578.82,600,10951
Cebu Pacific,TAG-MNL,2025.0,8,20601.420000000002,43.13,3660.3,3191.78,3578.82,600,10951
Philippine Airlines,TAG-MNL,2025.0,8,14485.824,35.27,3660.3,3191.78,3578.82,600,10951
Cebu Pacific,TUG-MNL,2025.0,8,20414.43,43.13,7100.39,7703.81,3578.82,222,10951
Philippine Airlines,TUG-MNL,2025.0,8,4358.352000000001,35.27,7100.39,7703.81,3578.82,222,10951
Cebgo,USU-CEB,2025.0,8,1112.184,5.45,5129.3,3982.31,2898.7,381,4055
Philippine Airlines,USU-CEB,2025.0,8,1538.432,35.27,5129.3,3982.31,2898.7,381,4055
Philippine Airlines,USU-CRK,2025.0,8,1098.88,35.27,10000.0,3982.31,4091.71,381,480
AirSWIFT,USU-ENI,2025.0,8,1743.0720000000001,1.81,10000.0,3982.31,8340.42,381,715
Cebgo,USU-MNL,2025.0,8,7199.928,5.45,6905.8,3982.31,3578.82,381,10951
Philippine Airlines,USU-MNL,2025.0,8,1703.2640000000001,35.27,6905.8,3982.31,3578.82,381,10951
Cebu Pacific,VRC-MNL,2025.0,8,4082.8859999999995,43.13,10000.0,10000.0,3578.82,54,10951
Cebgo,WNP-MNL,2025.0,8,3512.16,5.45,10000.0,10000.0,3578.82,114,10951
Philippine Airlines,ZAM-CEB,2025.0,8,1648.3200000000002,35.27,10000.0,5193.16,2898.7,224,4055
Cebu Pacific,ZAM-DVO,2025.0,8,1512.1799999999998,43.13,10000.0,5193.16,4954.51,224,1602
Cebu Pacific,ZAM-MNL,2025.0,8,14819.364,43.13,5564.72,5193.16,3578.82,224,10951
Philippine Airlines,ZAM-MNL,2025.0,8,7364.112000000001,35.27,5564.72,5193.16,3578.82,224,10951
Philippine Airlines,ZAM-TWT,2025.0,8,1953.7440000000001,35.27,10000.0,5193.16,10000.0,224,22
Cebgo,BCD-CEB,2025.0,9,1154.592,7.18,5091.75,3946.65,2960.06,414,2284
Philippine Airlines,BCD-CEB,2025.0,9,879.104,26.57,5091.75,3946.65,2960.06,414,2284
Cebu Pacific,BCD-DVO,2025.0,9,1255.872,53.21,10000.0,3946.65,5516.79,414,957
AirAsia,BCD-MNL,2025.0,9,4469.58,10.68,4297.1,3946.65,4100.33,414,6191
Cebu Pacific,BCD-MNL,2025.0,9,14778.44,53.21,4297.1,3946.65,4100.33,414,6191
Philippine Airlines,BCD-MNL,2025.0,9,6047.072,26.57,4297.1,3946.65,4100.33,414,6191
Philippine Airlines,BPA-CEB,2025.0,9,549.44,26.57,10000.0,10000.0,2960.06,20,2284
Philippine Airlines,BSO-CRK,2025.0,9,604.384,26.57,10000.0,10000.0,3677.29,33,304
Cebgo,BXU-CEB,2025.0,9,1397.664,7.18,5259.38,5198.13,2960.06,282,2284
Philippine Airlines,BXU-CEB,2025.0,9,879.104,26.57,5259.38,5198.13,2960.06,282,2284
Cebu Pacific,BXU-MNL,2025.0,9,10462.224,53.21,6735.25,5198.13,4100.33,282,6191
Philippine Airlines,BXU-MNL,2025.0,9,2705.184,26.57,6735.25,5198.13,4100.33,282,6191
Philippine Airlines,CBO-MNL,2025.0,9,2705.184,26.57,10000.0,10000.0,4100.33,74,6191
Philippine Airlines,CBO-TWT,2025.0,9,494.49600000000004,26.57,10000.0,10000.0,10000.0,74,21
Cebgo,CEB-BCD,2025.0,9,972.288,7.18,5012.67,2960.06,3946.65,2284,414
Philippine Airlines,CEB-BCD,2025.0,9,879.104,26.57,5012.67,2960.06,3946.65,2284,414
Philippine Airlines,CEB-BPA,2025.0,9,549.44,26.57,10000.0,2960.06,10000.0,2284,20
Cebgo,CEB-BXU,2025.0,9,1397.664,7.18,5259.38,2960.06,5198.13,2284,282
Philippine Airlines,CEB-BXU,2025.0,9,879.104,26.57,5259.38,2960.06,5198.13,2284,282
Cebgo,CEB-CGM,2025.0,9,850.752,7.18,10000.0,2960.06,10000.0,2284,29
Cebgo,CEB-CGY,2025.0,9,3646.08,7.18,5563.63,2960.06,4041.15,2284,606
Philippine Airlines,CEB-CGY,2025.0,9,1813.152,26.57,5563.63,2960.06,4041.15,2284,606
Cebgo,CEB-CRK,2025.0,9,303.84000000000003,7.18,5232.6,2960.06,3677.29,2284,304
Cebu Pacific,CEB-CRK,2025.0,9,470.952,53.21,5232.6,2960.06,3677.29,2284,304
Philippine Airlines,CEB-CRM,2025.0,9,329.664,26.57,10000.0,2960.06,10000.0,2284,21
Cebgo,CEB-CYP,2025.0,9,729.216,7.18,10000.0,2960.06,5478.62,2284,38
Cebgo,CEB-DGT,2025.0,9,972.288,7.18,10000.0,2960.06,4591.49,2284,236
Cebgo,CEB-DPL,2025.0,9,972.288,7.18,10000.0,2960.06,3817.19,2284,99
Cebgo,CEB-DRP,2025.0,9,546.912,7.18,6801.48,2960.06,5351.64,2284,301
Cebu Pacific,CEB-DRP,2025.0,9,2189.3360000000002,53.21,6801.48,2960.06,5351.64,2284,301
Cebu Pacific,CEB-DVO,2025.0,9,4407.368,53.21,5072.25,2960.06,5516.79,2284,957
Philippine Airlines,CEB-DVO,2025.0,9,3461.472,26.57,5072.25,2960.06,5516.79,2284,957
AirSWIFT,CEB-ENI,2025.0,9,1033.056,2.36,10000.0,2960.06,8391.0,2284,374
Philippine Airlines,CEB-GES,2025.0,9,659.328,26.57,10000.0,2960.06,5188.67,2284,196
Cebgo,CEB-IAO,2025.0,9,2916.864,7.18,5159.45,2960.06,5059.09,2284,373
Philippine Airlines,CEB-IAO,2025.0,9,2032.928,26.57,5159.45,2960.06,5059.09,2284,373
Cebgo,CEB-ILO,2025.0,9,2005.344,7.18,10000.0,2960.06,3835.58,2284,644
AirAsia,CEB-MNL,2025.0,9,9932.4,10.68,3943.17,2960.06,4100.33,2284,6191
Cebu Pacific,CEB-MNL,2025.0,9,29740.872,53.21,3943.17,2960.06,4100.33,2284,6191
Philippine Airlines,CEB-MNL,2025.0,9,17548.144,26.57,3943.17,2960.06,4100.33,2284,6191
Cebu Pacific,CEB-MPH,2025.0,9,2668.728,53.21,6272.24,2960.06,4282.42,2284,641
Philippine Airlines,CEB-MPH,2025.0,9,879.104,26.57,6272.24,2960.06,4282.42,2284,641
Cebgo,CEB-PAG,2025.0,9,850.752,7.18,10000.0,2960.06,6379.84,2284,93
Cebu Pacific,CEB-PPS,2025.0,9,3105.92,53.21,6561.27,2960.06,4787.13,2284,315
Philippine Airlines,CEB-PPS,2025.0,9,879.104,26.57,6561.27,2960.06,4787.13,2284,315
Cebgo,CEB-SUG,2025.0,9,607.6800000000001,7.18,10000.0,2960.06,10000.0,2284,28
Cebgo,CEB-TAC,2025.0,9,182.304,7.18,8157.47,2960.06,3389.64,2284,506
Philippine Airlines,CEB-TAC,2025.0,9,1593.376,26.57,8157.47,2960.06,3389.64,2284,506
Cebgo,CEB-USU,2025.0,9,425.376,7.18,5414.23,2960.06,4018.16,2284,200
Philippine Airlines,CEB-USU,2025.0,9,769.216,26.57,5414.23,2960.06,4018.16,2284,200
Cebgo,CGM-CEB,2025.0,9,911.52,7.18,10000.0,10000.0,2960.06,29,2284
Cebgo,CGY-CEB,2025.0,9,3949.92,7.18,5687.35,4041.15,2960.06,606,2284
Philippine Airlines,CGY-CEB,2025.0,9,1813.152,26.57,5687.35,4041.15,2960.06,606,2284
Cebgo,CGY-DVO,2025.0,9,425.376,7.18,10000.0,4041.15,5516.79,606,957
Cebu Pacific,CGY-ILO,2025.0,9,627.936,53.21,10000.0,4041.15,3835.58,606,644
AirAsia,CGY-MNL,2025.0,9,1655.3999999999999,10.68,5142.0,4041.15,4100.33,606,6191
Cebu Pacific,CGY-MNL,2025.0,9,17153.456000000002,53.21,5142.0,4041.15,4100.33,606,6191
Philippine Airlines,CGY-MNL,2025.0,9,7280.080000000001,26.57,5142.0,4041.15,4100.33,606,6191
Philippine Airlines,CRK-BSO,2025.0,9,604.384,26.57,10000.0,3677.29,10000.0,304,33
Cebgo,CRK-CEB,2025.0,9,303.84000000000003,7.18,5604.91,3677.29,2960.06,304,2284
Cebu Pacific,CRK-CEB,2025.0,9,627.936,53.21,5604.91,3677.29,2960.06,304,2284
Cebu Pacific,CRK-DVO,2025.0,9,784.9200000000001,53.21,10000.0,3677.29,5516.79,304,957
Cebgo,CRK-ENI,2025.0,9,972.288,7.18,10000.0,3677.29,8391.0,304,374
Cebgo,CRK-IAO,2025.0,9,850.752,7.18,5001.34,3677.29,5059.09,304,373
Philippine Airlines,CRK-IAO,2025.0,9,879.104,26.57,5001.34,3677.29,5059.09,304,373
Cebu Pacific,CRK-ILO,2025.0,9,784.9200000000001,53.21,10000.0,3677.29,3835.58,304,644
Cebgo,CRK-MBT,2025.0,9,546.912,7.18,10000.0,3677.29,10000.0,304,18
Cebu Pacific,CRK-MPH,2025.0,9,2825.712,53.21,10000.0,3677.29,4282.42,304,641
Cebgo,CRK-PPS,2025.0,9,364.608,7.18,10000.0,3677.29,4787.13,304,315
Cebgo,CRK-TAG,2025.0,9,972.288,7.18,10000.0,3677.29,3085.56,304,304
Philippine Airlines,CRK-USU,2025.0,9,549.44,26.57,10000.0,3677.29,4018.16,304,200
Philippine Airlines,CRM-CEB,2025.0,9,329.664,26.57,10000.0,10000.0,2960.06,21,2284
Cebgo,CYP-CEB,2025.0,9,729.216,7.18,10000.0,5478.62,2960.06,38,2284
Philippine Airlines,CYP-MNL,2025.0,9,384.608,26.57,10000.0,5478.62,4100.33,38,6191
Cebu Pacific,CYZ-MNL,2025.0,9,2354.76,53.21,10000.0,10000.0,4100.33,50,6191
Cebgo,DGT-CEB,2025.0,9,1033.056,7.18,10000.0,4591.49,2960.06,236,2284
Cebgo,DGT-ILO,2025.0,9,425.376,7.18,10000.0,4591.49,3835.58,236,644
Cebu Pacific,DGT-MNL,2025.0,9,5180.472000000001,53.21,5492.66,4591.49,4100.33,236,6191
Philippine Airlines,DGT-MNL,2025.0,9,2705.184,26.57,5492.66,4591.49,4100.33,236,6191
Cebu Pacific,DMK-ILO,2025.0,9,627.936,53.21,10000.0,10000.0,3835.58,7,644
Cebgo,DPL-CEB,2025.0,9,1154.592,7.18,10000.0,3817.19,2960.06,99,2284
Cebu Pacific,DPL-MNL,2025.0,9,2511.744,53.21,5449.88,3817.19,4100.33,99,6191
Philippine Airlines,DPL-MNL,2025.0,9,1352.592,26.57,5449.88,3817.19,4100.33,99,6191
Cebgo,DRP-CEB,2025.0,9,546.912,7.18,6801.48,5351.64,2960.06,301,2284
Cebu Pacific,DRP-CEB,2025.0,9,2189.3360000000002,53.21,6801.48,5351.64,2960.06,301,2284
Cebu Pacific,DRP-MNL,2025.0,9,9462.928,53.21,5371.21,5351.64,4100.33,301,6191
Philippine Airlines,DRP-MNL,2025.0,9,5410.368,26.57,5371.21,5351.64,4100.33,301,6191
Cebu Pacific,DVO-BCD,2025.0,9,1098.8880000000001,53.21,10000.0,5516.79,3946.65,957,414
Cebu Pacific,DVO-CEB,2025.0,9,4407.368,53.21,5129.17,5516.79,2960.06,957,2284
Philippine Airlines,DVO-CEB,2025.0,9,3186.752,26.57,5129.17,5516.79,2960.06,957,2284
Cebgo,DVO-CGY,2025.0,9,425.376,7.18,10000.0,5516.79,4041.15,957,606
Cebu Pacific,DVO-CRK,2025.0,9,627.936,53.21,10000.0,5516.79,3677.29,957,304
Cebgo,DVO-IAO,2025.0,9,972.288,7.18,10000.0,5516.79,5059.09,957,373
Cebu Pacific,DVO-ILO,2025.0,9,2697.424,53.21,10000.0,5516.79,3835.58,957,644
Cebu Pacific,DVO-MNL,2025.0,9,29543.376,53.21,5663.47,5516.79,4100.33,957,6191
Philippine Airlines,DVO-MNL,2025.0,9,13766.704,26.57,5663.47,5516.79,4100.33,957,6191
Cebu Pacific,DVO-MPH,2025.0,9,1255.872,53.21,10000.0,5516.79,4282.42,957,641
Cebu Pacific,DVO-TAG,2025.0,9,1098.8880000000001,53.21,5555.57,5516.79,3085.56,957,304
Philippine Airlines,DVO-TAG,2025.0,9,549.44,26.57,5555.57,5516.79,3085.56,957,304
AirSWIFT,ENI-CEB,2025.0,9,972.288,2.36,10000.0,8391.0,2960.06,374,2284
Cebgo,ENI-CRK,2025.0,9,972.288,7.18,10000.0,8391.0,3677.29,374,304
AirSWIFT,ENI-MNL,2025.0,9,7109.856,2.36,10000.0,8391.0,4100.33,374,6191
AirSWIFT,ENI-MPH,2025.0,9,1033.056,2.36,10000.0,8391.0,4282.42,374,641
AirSWIFT,ENI-TAG,2025.0,9,425.376,2.36,10000.0,8391.0,3085.56,374,304
AirSWIFT,ENI-USU,2025.0,9,972.288,2.36,10000.0,8391.0,4018.16,374,200
Philippine Airlines,EUQ-MNL,2025.0,9,384.608,26.57,10000.0,10000.0,4100.33,14,6191
Philippine Airlines,GES-CEB,2025.0,9,659.328,26.57,10000.0,5188.67,2960.06,196,2284
Cebu Pacific,GES-MNL,2025.0,9,9087.348,53.21,5306.3,5188.67,4100.33,196,6191
Philippine Airlines,GES-MNL,2025.0,9,5481.472,26.57,5306.3,5188.67,4100.33,196,6191
Cebgo,IAO-CEB,2025.0,9,2916.864,7.18,5137.19,5059.09,2960.06,373,2284
Philippine Airlines,IAO-CEB,2025.0,9,2087.8720000000003,26.57,5137.19,5059.09,2960.06,373,2284
Cebgo,IAO-CRK,2025.0,9,850.752,7.18,5001.34,5059.09,3677.29,373,304
Philippine Airlines,IAO-CRK,2025.0,9,879.104,26.57,5001.34,5059.09,3677.29,373,304
Cebgo,IAO-DVO,2025.0,9,1033.056,7.18,10000.0,5059.09,5516.79,373,957
Philippine Airlines,IAO-MNL,2025.0,9,3076.864,26.57,10000.0,5059.09,4100.33,373,6191
Cebgo,ILO-CEB,2025.0,9,2126.88,7.18,10000.0,3835.58,2960.06,644,2284
Cebu Pacific,ILO-CGY,2025.0,9,627.936,53.21,10000.0,3835.58,4041.15,644,606
Cebu Pacific,ILO-CRK,2025.0,9,784.9200000000001,53.21,10000.0,3835.58,3677.29,644,304
Cebgo,ILO-DGT,2025.0,9,425.376,7.18,10000.0,3835.58,4591.49,644,236
Cebu Pacific,ILO-DVO,2025.0,9,2697.424,53.21,10000.0,3835.58,5516.79,644,957
AirAsia,ILO-MNL,2025.0,9,9975.119999999999,10.68,3625.14,3835.58,4100.33,644,6191
Cebu Pacific,ILO-MNL,2025.0,9,12457.44,53.21,3625.14,3835.58,4100.33,644,6191
Philippine Airlines,ILO-MNL,2025.0,9,5730.336,26.57,3625.14,3835.58,4100.33,644,6191
Cebu Pacific,ILO-TAC,2025.0,9,1883.808,53.21,10000.0,3835.58,3389.64,644,506
AirAsia,KLO-MNL,2025.0,9,3972.96,10.68,5326.99,5326.99,4100.33,113,6191
Cebu Pacific,KLO-MNL,2025.0,9,2354.76,53.21,5326.99,5326.99,4100.33,113,6191
Philippine Airlines,LAO-MNL,2025.0,9,1803.4560000000001,26.57,10000.0,10000.0,4100.33,34,6191
Cebgo,MBT-CRK,2025.0,9,546.912,7.18,10000.0,10000.0,3677.29,18,304
AirAsia,MNL-BCD,2025.0,9,2979.72,10.68,4320.88,4100.33,3946.65,6191,414
Cebu Pacific,MNL-BCD,2025.0,9,8661.128,53.21,4320.88,4100.33,3946.65,6191,414
Philippine Airlines,MNL-BCD,2025.0,9,3041.3120000000004,26.57,4320.88,4100.33,3946.65,6191,414
Philippine Airlines,MNL-BSO,2025.0,9,604.384,26.57,10000.0,4100.33,10000.0,6191,33
Cebu Pacific,MNL-BXU,2025.0,9,10073.984,53.21,6772.44,4100.33,5198.13,6191,282
Philippine Airlines,MNL-BXU,2025.0,9,2554.896,26.57,6772.44,4100.33,5198.13,6191,282
Philippine Airlines,MNL-CBO,2025.0,9,2705.184,26.57,10000.0,4100.33,10000.0,6191,74
AirAsia,MNL-CEB,2025.0,9,9766.859999999999,10.68,3614.41,4100.33,2960.06,6191,2284
Cebgo,MNL-CEB,2025.0,9,1458.432,7.18,3614.41,4100.33,2960.06,6191,2284
Cebu Pacific,MNL-CEB,2025.0,9,25758.88,53.21,3614.41,4100.33,2960.06,6191,2284
Philippine Airlines,MNL-CEB,2025.0,9,16389.472,26.57,3614.41,4100.33,2960.06,6191,2284
AirAsia,MNL-CGY,2025.0,9,1655.3999999999999,10.68,5650.82,4100.33,4041.15,6191,606
Cebu Pacific,MNL-CGY,2025.0,9,18586.568,53.21,5650.82,4100.33,4041.15,6191,606
Philippine Airlines,MNL-CGY,2025.0,9,5722.256,26.57,5650.82,4100.33,4041.15,6191,606
Philippine Airlines,MNL-CRM,2025.0,9,494.49600000000004,26.57,10000.0,4100.33,10000.0,6191,21
Philippine Airlines,MNL-CYP,2025.0,9,384.608,26.57,10000.0,4100.33,5478.62,6191,38
Cebu Pacific,MNL-CYZ,2025.0,9,2354.76,53.21,10000.0,4100.33,10000.0,6191,50
Cebu Pacific,MNL-DGT,2025.0,9,8006.184,53.21,6224.6,4100.33,4591.49,6191,236
Philippine Airlines,MNL-DGT,2025.0,9,2705.184,26.57,6224.6,4100.33,4591.49,6191,236
Cebu Pacific,MNL-DPL,2025.0,9,2511.744,53.21,5449.88,4100.33,3817.19,6191,99
Philippine Airlines,MNL-DPL,2025.0,9,1352.592,26.57,5449.88,4100.33,3817.19,6191,99
Cebu Pacific,MNL-DRP,2025.0,9,9462.928,53.21,5407.44,4100.33,5351.64,6191,301
Philippine Airlines,MNL-DRP,2025.0,9,5260.08,26.57,5407.44,4100.33,5351.64,6191,301
Cebu Pacific,MNL-DVO,2025.0,9,28398.912,53.21,5565.71,4100.33,5516.79,6191,957
Philippine Airlines,MNL-DVO,2025.0,9,14102.832,26.57,5565.71,4100.33,5516.79,6191,957
AirSWIFT,MNL-ENI,2025.0,9,6806.016,2.36,10000.0,4100.33,8391.0,6191,374
Philippine Airlines,MNL-EUQ,2025.0,9,384.608,26.57,10000.0,4100.33,10000.0,6191,14
Cebu Pacific,MNL-GES,2025.0,9,8893.228,53.21,5313.55,4100.33,5188.67,6191,196
Philippine Airlines,MNL-GES,2025.0,9,5331.184,26.57,5313.55,4100.33,5188.67,6191,196
Philippine Airlines,MNL-IAO,2025.0,9,2912.032,26.57,10000.0,4100.33,5059.09,6191,373
AirAsia,MNL-ILO,2025.0,9,5959.44,10.68,4193.46,4100.33,3835.58,6191,644
Cebu Pacific,MNL-ILO,2025.0,9,16228.432,53.21,4193.46,4100.33,3835.58,6191,644
Philippine Airlines,MNL-ILO,2025.0,9,6145.648,26.57,4193.46,4100.33,3835.58,6191,644
AirAsia,MNL-KLO,2025.0,9,3972.96,10.68,5326.99,4100.33,5326.99,6191,113
Cebu Pacific,MNL-KLO,2025.0,9,2354.76,53.21,5326.99,4100.33,5326.99,6191,113
Philippine Airlines,MNL-LAO,2025.0,9,1052.016,26.57,10000.0,4100.33,10000.0,6191,34
AirAsia,MNL-MPH,2025.0,9,5959.44,10.68,4021.93,4100.33,4282.42,6191,641
Cebgo,MNL-MPH,2025.0,9,972.288,7.18,4021.93,4100.33,4282.42,6191,641
Cebu Pacific,MNL-MPH,2025.0,9,13657.608,53.21,4021.93,4100.33,4282.42,6191,641
Philippine Airlines,MNL-MPH,2025.0,9,3650.5440000000003,26.57,4021.93,4100.33,4282.42,6191,641
Cebu Pacific,MNL-OZC,2025.0,9,2511.744,53.21,10000.0,4100.33,5911.33,6191,79
Cebu Pacific,MNL-PAG,2025.0,9,2668.728,53.21,10000.0,4100.33,6379.84,6191,93
AirAsia,MNL-PPS,2025.0,9,1324.32,10.68,5705.32,4100.33,4787.13,6191,315
Cebu Pacific,MNL-PPS,2025.0,9,8401.176,53.21,5705.32,4100.33,4787.13,6191,315
Philippine Airlines,MNL-PPS,2025.0,9,1777.6000000000001,26.57,5705.32,4100.33,4787.13,6191,315
Cebu Pacific,MNL-RXS,2025.0,9,2197.7760000000003,53.21,10000.0,4100.33,5944.14,6191,76
Cebu Pacific,MNL-SJI,2025.0,9,784.9200000000001,53.21,10000.0,4100.33,10000.0,6191,19
AirAsia,MNL-TAC,2025.0,9,6952.679999999999,10.68,3821.52,4100.33,3389.64,6191,506
Cebu Pacific,MNL-TAC,2025.0,9,7849.200000000001,53.21,3821.52,4100.33,3389.64,6191,506
Philippine Airlines,MNL-TAC,2025.0,9,15587.936,26.57,3821.52,4100.33,3389.64,6191,506
AirAsia,MNL-TAG,2025.0,9,3641.8799999999997,10.68,3339.73,4100.33,3085.56,6191,304
Cebu Pacific,MNL-TAG,2025.0,9,3271.344,53.21,3339.73,4100.33,3085.56,6191,304
Philippine Airlines,MNL-TAG,2025.0,9,3448.5440000000003,26.57,3339.73,4100.33,3085.56,6191,304
Cebu Pacific,MNL-TUG,2025.0,9,5808.408,53.21,10000.0,4100.33,9139.32,6191,120
Cebgo,MNL-USU,2025.0,9,972.288,7.18,10000.0,4100.33,4018.16,6191,200
Cebu Pacific,MNL-VRC,2025.0,9,1255.872,53.21,10000.0,4100.33,10000.0,6191,29
Cebgo,MNL-WNP,2025.0,9,1944.576,7.18,10000.0,4100.33,10000.0,6191,66
Cebu Pacific,MPH-CEB,2025.0,9,2511.744,53.21,6159.14,4282.42,2960.06,641,2284
Philippine Airlines,MPH-CEB,2025.0,9,879.104,26.57,6159.14,4282.42,2960.06,641,2284
Cebu Pacific,MPH-CRK,2025.0,9,2668.728,53.21,10000.0,4282.42,3677.29,641,304
Cebu Pacific,MPH-DVO,2025.0,9,1255.872,53.21,10000.0,4282.42,5516.79,641,957
AirSWIFT,MPH-ENI,2025.0,9,972.288,2.36,10000.0,4282.42,8391.0,641,374
AirAsia,MPH-MNL,2025.0,9,7614.839999999999,10.68,3919.82,4282.42,4100.33,641,6191
Cebgo,MPH-MNL,2025.0,9,1093.824,7.18,3919.82,4282.42,4100.33,641,6191
Cebu Pacific,MPH-MNL,2025.0,9,16640.304,53.21,3919.82,4282.42,4100.33,641,6191
Philippine Airlines,MPH-MNL,2025.0,9,5003.136,26.57,3919.82,4282.42,4100.33,641,6191
Cebgo,OZC-CEB,2025.0,9,546.912,7.18,10000.0,5911.33,2960.06,79,2284
Cebu Pacific,OZC-MNL,2025.0,9,2982.6960000000004,53.21,5706.91,5911.33,4100.33,79,6191
Philippine Airlines,OZC-MNL,2025.0,9,1352.592,26.57,5706.91,5911.33,4100.33,79,6191
Cebgo,PAG-CEB,2025.0,9,1640.736,7.18,10000.0,6379.84,2960.06,93,2284
Cebu Pacific,PAG-MNL,2025.0,9,5337.456,53.21,10000.0,6379.84,4100.33,93,6191
Cebu Pacific,PPS-CEB,2025.0,9,3300.04,53.21,7925.51,4787.13,2960.06,315,2284
Philippine Airlines,PPS-CEB,2025.0,9,439.552,26.57,7925.51,4787.13,2960.06,315,2284
Cebgo,PPS-CRK,2025.0,9,364.608,7.18,10000.0,4787.13,3677.29,315,304
Cebgo,PPS-ENI,2025.0,9,60.768,7.18,10000.0,4787.13,8391.0,315,374
AirAsia,PPS-MNL,2025.0,9,3972.96,10.68,4072.66,4787.13,4100.33,315,6191
Cebu Pacific,PPS-MNL,2025.0,9,10528.056,53.21,4072.66,4787.13,4100.33,315,6191
Philippine Airlines,PPS-MNL,2025.0,9,4474.704000000001,26.57,4072.66,4787.13,4100.33,315,6191
AirAsia,RXS-MNL,2025.0,9,662.16,10.68,4923.73,5944.14,4100.33,76,6191
Cebu Pacific,RXS-MNL,2025.0,9,3767.616,53.21,4923.73,5944.14,4100.33,76,6191
Philippine Airlines,RXS-MNL,2025.0,9,1352.592,26.57,4923.73,5944.14,4100.33,76,6191
Cebu Pacific,SIN-ILO,2025.0,9,627.936,53.21,10000.0,10000.0,3835.58,7,644
Cebu Pacific,SJI-MNL,2025.0,9,784.9200000000001,53.21,10000.0,10000.0,4100.33,19,6191
Cebgo,SUG-CEB,2025.0,9,1093.824,7.18,10000.0,10000.0,2960.06,28,2284
Cebgo,SWL-CEB,2025.0,9,425.376,7.18,10000.0,10000.0,2960.06,7,2284
Cebgo,TAC-CEB,2025.0,9,1093.824,7.18,5031.04,3389.64,2960.06,506,2284
Philippine Airlines,TAC-CEB,2025.0,9,934.048,26.57,5031.04,3389.64,2960.06,506,2284
Cebu Pacific,TAC-DVO,2025.0,9,627.936,53.21,10000.0,3389.64,5516.79,506,957
Cebu Pacific,TAC-ILO,2025.0,9,470.952,53.21,10000.0,3389.64,3835.58,506,644
AirAsia,TAC-MNL,2025.0,9,6808.5,10.68,4012.79,3389.64,4100.33,506,6191
Cebu Pacific,TAC-MNL,2025.0,9,14285.544000000002,53.21,4012.79,3389.64,4100.33,506,6191
Philippine Airlines,TAC-MNL,2025.0,9,5203.52,26.57,4012.79,3389.64,4100.33,506,6191
Cebgo,TAG-CRK,2025.0,9,972.288,7.18,10000.0,3085.56,3677.29,304,304
Cebu Pacific,TAG-DVO,2025.0,9,1255.872,53.21,5765.61,3085.56,5516.79,304,957
Philippine Airlines,TAG-DVO,2025.0,9,549.44,26.57,5765.61,3085.56,5516.79,304,957
AirSWIFT,TAG-ENI,2025.0,9,425.376,2.36,10000.0,3085.56,8391.0,304,374
AirAsia,TAG-MNL,2025.0,9,2317.56,10.68,4153.43,3085.56,4100.33,304,6191
Cebu Pacific,TAG-MNL,2025.0,9,7393.4400000000005,53.21,4153.43,3085.56,4100.33,304,6191
Philippine Airlines,TAG-MNL,2025.0,9,3448.5440000000003,26.57,4153.43,3085.56,4100.33,304,6191
Cebu Pacific,TUG-MNL,2025.0,9,6382.328,53.21,8483.02,9139.32,4100.33,120,6191
Philippine Airlines,TUG-MNL,2025.0,9,575.296,26.57,8483.02,9139.32,4100.33,120,6191
Cebgo,USU-CEB,2025.0,9,729.216,7.18,5003.56,4018.16,2960.06,200,2284
Philippine Airlines,USU-CEB,2025.0,9,769.216,26.57,5003.56,4018.16,2960.06,200,2284
Philippine Airlines,USU-CRK,2025.0,9,549.44,26.57,10000.0,4018.16,3677.29,200,304
AirSWIFT,USU-ENI,2025.0,9,972.288,2.36,10000.0,4018.16,8391.0,200,374
Cebgo,USU-MNL,2025.0,9,4132.224,7.18,6992.5,4018.16,4100.33,200,6191
Philippine Airlines,USU-MNL,2025.0,9,934.048,26.57,6992.5,4018.16,4100.33,200,6191
Cebu Pacific,VRC-MNL,2025.0,9,1255.872,53.21,10000.0,10000.0,4100.33,29,6191
Cebgo,WNP-MNL,2025.0,9,2066.112,7.18,10000.0,10000.0,4100.33,66,6191
Cebu Pacific,ZAM-CEB,2025.0,9,313.968,53.21,6121.87,5607.69,2960.06,153,2284
Philippine Airlines,ZAM-CEB,2025.0,9,879.104,26.57,6121.87,5607.69,2960.06,153,2284
Cebu Pacific,ZAM-DVO,2025.0,9,784.9200000000001,53.21,10000.0,5607.69,5516.79,153,957
Cebu Pacific,ZAM-MNL,2025.0,9,8811.36,53.21,6887.95,5607.69,4100.33,153,6191
Philippine Airlines,ZAM-MNL,2025.0,9,2104.032,26.57,6887.95,5607.69,4100.33,153,6191
Philippine Airlines,ZAM-TWT,2025.0,9,1803.4560000000001,26.57,10000.0,5607.69,10000.0,153,21
Philippine Airlines,CBO-TWT,2025.0,10,549.44,39.04,10000.0,10000.0,6660.23,10,30
Cebgo,CEB-SUG,2025.0,10,1762.272,5.54,10000.0,5176.55,10000.0,72,31
Cebgo,CEB-TAC,2025.0,10,486.144,5.54,6545.2,5176.55,3620.83,72,260
Philippine Airlines,CEB-TAC,2025.0,10,1703.2640000000001,39.04,6545.2,5176.55,3620.83,72,260
Cebu Pacific,ILO-TAC,2025.0,10,1569.8400000000001,41.18,10000.0,10000.0,3620.83,13,260
AirAsia,MNL-TAC,2025.0,10,6405.84,14.24,3695.5,3738.86,3620.83,264,260
Cebu Pacific,MNL-TAC,2025.0,10,8791.104000000001,41.18,3695.5,3738.86,3620.83,264,260
Philippine Airlines,MNL-TAC,2025.0,10,14109.296,39.04,3695.5,3738.86,3620.83,264,260
Cebu Pacific,MNL-TUG,2025.0,10,7692.216,41.18,10000.0,3738.86,10000.0,264,58
Cebgo,SUG-CEB,2025.0,10,121.536,5.54,10000.0,10000.0,5176.55,31,72
Cebgo,TAC-CEB,2025.0,10,121.536,5.54,10000.0,3620.83,5176.55,260,72
Cebu Pacific,ZAM-TWT,2025.0,10,470.952,41.18,5955.21,5955.21,6660.23,20,30
Philippine Airlines,ZAM-TWT,2025.0,10,1202.304,39.04,5955.21,5955.21,6660.23,20,30
Philippine Airlines,CBO-TWT,2025.0,11,54.944,14.79,10000.0,10000.0,10000.0,1,6
Cebgo,CEB-SUG,2025.0,11,243.072,21.81,10000.0,5386.07,10000.0,13,4
Cebgo,CEB-TAC,2025.0,11,243.072,21.81,5018.68,5386.07,5134.99,13,41
Philippine Airlines,CEB-TAC,2025.0,11,274.72,14.79,5018.68,5386.07,5134.99,13,41
Cebu Pacific,ILO-TAC,2025.0,11,0.0,63.39,0.0,0.0,5134.99,3,41
AirAsia,MNL-TAC,2025.0,11,0.0,0.0,10000.0,10000.0,5134.99,38,41
Cebu Pacific,MNL-TAC,2025.0,11,1098.8880000000001,63.39,10000.0,10000.0,5134.99,38,41
Philippine Airlines,MNL-TAC,2025.0,11,0.0,14.79,10000.0,10000.0,5134.99,38,41
Cebu Pacific,MNL-TUG,2025.0,11,313.968,63.39,10000.0,10000.0,10000.0,38,9
Cebu Pacific,ZAM-TWT,2025.0,11,0.0,63.39,0.0,0.0,10000.0,5,6
Philippine Airlines,ZAM-TWT,2025.0,11,0.0,14.79,0.0,0.0,10000.0,5,6
