Airline,ROUTE,Year,Month,Passenger,OwnShfli,RouteHHI,AirHHI_From,AirHHI_To,AirFli_From,AirFli_To
Philippine Airlines,BCD-CEB,2022.0,9,934.048,30.69,10000.0,3604.7,3219.43,339,1144
AirAsia,BCD-MNL,2022.0,9,6621.599999999999,16.46,3654.38,3604.7,3843.84,339,3992
Cebu Pacific,BCD-MNL,2022.0,9,15026.576000000001,48.97,3654.38,3604.7,3843.84,339,3992
Philippine Airlines,BCD-MNL,2022.0,9,11846.896,30.69,3654.38,3604.7,3843.84,339,3992
Cebgo,BXU-CEB,2022.0,9,364.608,3.88,10000.0,6253.79,3219.43,137,1144
Cebu Pacific,BXU-MNL,2022.0,9,7535.232,48.97,6826.06,6253.79,3843.84,137,3992
Philippine Airlines,BXU-MNL,2022.0,9,1858.4,30.69,6826.06,6253.79,3843.84,137,3992
Philippine Airlines,CBO-MNL,2022.0,9,2404.608,30.69,10000.0,10000.0,3843.84,37,3992
Philippine Airlines,CEB-BCD,2022.0,9,1043.9360000000001,30.69,10000.0,3219.43,3604.7,1144,339
Cebgo,CEB-BXU,2022.0,9,425.376,3.88,10000.0,3219.43,6253.79,1144,137
Cebgo,CEB-CGM,2022.0,9,121.536,3.88,10000.0,3219.43,10000.0,1144,2
Cebgo,CEB-CGY,2022.0,9,3220.704,3.88,6031.56,3219.43,3825.21,1144,420
Philippine Airlines,CEB-CGY,2022.0,9,1208.768,30.69,6031.56,3219.43,3825.21,1144,420
Cebgo,CEB-CRK,2022.0,9,546.912,3.88,10000.0,3219.43,10000.0,1144,18
Cebgo,CEB-CYP,2022.0,9,850.752,3.88,10000.0,3219.43,5711.91,1144,33
Cebu Pacific,CEB-DVO,2022.0,9,3610.632,48.97,5325.43,3219.43,5261.98,1144,446
Philippine Airlines,CEB-DVO,2022.0,9,2142.8160000000003,30.69,5325.43,3219.43,5261.98,1144,446
Cebgo,CEB-IAO,2022.0,9,2369.952,3.88,5671.34,3219.43,5244.71,1144,175
Philippine Airlines,CEB-IAO,2022.0,9,1098.88,30.69,5671.34,3219.43,5244.71,1144,175
Cebgo,CEB-ILO,2022.0,9,1276.128,3.88,10000.0,3219.43,3253.12,1144,469
AirAsia,CEB-MNL,2022.0,9,2979.72,16.46,5460.5,3219.43,3843.84,1144,3992
Cebu Pacific,CEB-MNL,2022.0,9,25174.832000000002,48.97,5460.5,3219.43,3843.84,1144,3992
Philippine Airlines,CEB-MNL,2022.0,9,7698.624,30.69,5460.5,3219.43,3843.84,1144,3992
Cebu Pacific,CEB-MPH,2022.0,9,2040.7920000000001,48.97,10000.0,3219.43,3333.8,1144,484
Cebgo,CEB-PAG,2022.0,9,121.536,3.88,10000.0,3219.43,8218.63,1144,77
Philippine Airlines,CEB-PPS,2022.0,9,2087.8720000000003,30.69,10000.0,3219.43,3852.7,1144,184
Cebgo,CEB-TAC,2022.0,9,60.768,3.88,10000.0,3219.43,4671.25,1144,159
Cebgo,CEB-USU,2022.0,9,1093.824,3.88,5151.79,3219.43,5140.47,1144,93
Philippine Airlines,CEB-USU,2022.0,9,769.216,30.69,5151.79,3219.43,5140.47,1144,93
Cebgo,CGY-CEB,2022.0,9,4010.688,3.88,6530.0,3825.21,3219.43,420,1144
Philippine Airlines,CGY-CEB,2022.0,9,1153.824,30.69,6530.0,3825.21,3219.43,420,1144
AirAsia,CGY-MNL,2022.0,9,662.16,16.46,4802.63,3825.21,3843.84,420,3992
Cebu Pacific,CGY-MNL,2022.0,9,11738.352,48.97,4802.63,3825.21,3843.84,420,3992
Philippine Airlines,CGY-MNL,2022.0,9,8731.248,30.69,4802.63,3825.21,3843.84,420,3992
Cebgo,CRK-CEB,2022.0,9,546.912,3.88,10000.0,10000.0,3219.43,18,1144
Cebgo,CYP-CEB,2022.0,9,486.144,3.88,10000.0,5711.91,3219.43,33,1144
Philippine Airlines,CYP-MNL,2022.0,9,274.72,30.69,10000.0,5711.91,3843.84,33,3992
Cebu Pacific,CYZ-MNL,2022.0,9,3767.616,48.97,10000.0,10000.0,3843.84,49,3992
Cebu Pacific,DGT-MNL,2022.0,9,3453.648,48.97,5136.99,5000.79,3843.84,133,3992
Philippine Airlines,DGT-MNL,2022.0,9,4823.76,30.69,5136.99,5000.79,3843.84,133,3992
Cebgo,DPL-CEB,2022.0,9,60.768,3.88,10000.0,5104.89,3219.43,70,1144
Cebu Pacific,DPL-MNL,2022.0,9,3139.6800000000003,48.97,5195.04,5104.89,3843.84,70,3992
Philippine Airlines,DPL-MNL,2022.0,9,2104.032,30.69,5195.04,5104.89,3843.84,70,3992
Cebu Pacific,DVO-CEB,2022.0,9,3139.6800000000003,48.97,5228.9,5261.98,3219.43,446,1144
Philippine Airlines,DVO-CEB,2022.0,9,2032.928,30.69,5228.9,5261.98,3219.43,446,1144
Cebu Pacific,DVO-MNL,2022.0,9,17358.548,48.97,5289.48,5261.98,3843.84,446,3992
Philippine Airlines,DVO-MNL,2022.0,9,10625.2,30.69,5289.48,5261.98,3843.84,446,3992
Philippine Airlines,DVO-TAG,2022.0,9,769.216,30.69,10000.0,5261.98,3375.63,446,240
Philippine Airlines,EUQ-MNL,2022.0,9,384.608,30.69,10000.0,10000.0,3843.84,15,3992
Cebu Pacific,GES-MNL,2022.0,9,10057.104,48.97,5411.01,5472.66,3843.84,121,3992
Philippine Airlines,GES-MNL,2022.0,9,5575.2,30.69,5411.01,5472.66,3843.84,121,3992
Cebgo,IAO-CEB,2022.0,9,1519.2,3.88,5128.87,5244.71,3219.43,175,1144
Philippine Airlines,IAO-CEB,2022.0,9,1098.88,30.69,5128.87,5244.71,3219.43,175,1144
Philippine Airlines,IAO-MNL,2022.0,9,1428.544,30.69,10000.0,5244.71,3843.84,175,3992
Cebgo,ILO-CEB,2022.0,9,1276.128,3.88,10000.0,3253.12,3219.43,469,1144
AirAsia,ILO-MNL,2022.0,9,15446.84,16.46,3528.5,3253.12,3843.84,469,3992
Cebu Pacific,ILO-MNL,2022.0,9,8369.104000000001,48.97,3528.5,3253.12,3843.84,469,3992
Philippine Airlines,ILO-MNL,2022.0,9,12013.344000000001,30.69,3528.5,3253.12,3843.84,469,3992
AirAsia,KLO-MNL,2022.0,9,7283.759999999999,16.46,7721.88,7795.88,3843.84,106,3992
Cebu Pacific,KLO-MNL,2022.0,9,1098.8880000000001,48.97,7721.88,7795.88,3843.84,106,3992
Philippine Airlines,LAO-MNL,2022.0,9,1016.464,30.69,10000.0,10000.0,3843.84,22,3992
Cebu Pacific,LGP-MNL,2022.0,9,7064.280000000001,48.97,5048.44,5011.5,3843.84,194,3992
Philippine Airlines,LGP-MNL,2022.0,9,5798.2080000000005,30.69,5048.44,5011.5,3843.84,194,3992
AirAsia,MNL-BCD,2022.0,9,4469.58,16.46,3518.89,3843.84,3604.7,3992,339
Cebu Pacific,MNL-BCD,2022.0,9,7872.832,48.97,3518.89,3843.84,3604.7,3992,339
Philippine Airlines,MNL-BCD,2022.0,9,7777.808,30.69,3518.89,3843.84,3604.7,3992,339
Philippine Airlines,MNL-BSO,2022.0,9,879.104,30.69,10000.0,3843.84,10000.0,3992,16
Cebu Pacific,MNL-BXU,2022.0,9,7535.232,48.97,6715.67,3843.84,6253.79,3992,137
Philippine Airlines,MNL-BXU,2022.0,9,1968.2880000000002,30.69,6715.67,3843.84,6253.79,3992,137
Philippine Airlines,MNL-CBO,2022.0,9,3060.704,30.69,10000.0,3843.84,10000.0,3992,37
AirAsia,MNL-CEB,2022.0,9,7945.92,16.46,3756.03,3843.84,3219.43,3992,1144
Cebu Pacific,MNL-CEB,2022.0,9,19194.248,48.97,3756.03,3843.84,3219.43,3992,1144
Philippine Airlines,MNL-CEB,2022.0,9,12027.888,30.69,3756.03,3843.84,3219.43,3992,1144
AirAsia,MNL-CGY,2022.0,9,662.16,16.46,5023.48,3843.84,3825.21,3992,420
Cebu Pacific,MNL-CGY,2022.0,9,15109.288,48.97,5023.48,3843.84,3825.21,3992,420
Philippine Airlines,MNL-CGY,2022.0,9,9217.664,30.69,5023.48,3843.84,3825.21,3992,420
Philippine Airlines,MNL-CRM,2022.0,9,329.664,30.69,10000.0,3843.84,10000.0,3992,6
Philippine Airlines,MNL-CYP,2022.0,9,329.664,30.69,10000.0,3843.84,5711.91,3992,33
Cebu Pacific,MNL-CYZ,2022.0,9,3924.6000000000004,48.97,10000.0,3843.84,10000.0,3992,49
Cebu Pacific,MNL-DGT,2022.0,9,6593.328,48.97,5097.98,3843.84,5000.79,3992,133
Philippine Airlines,MNL-DGT,2022.0,9,4974.048000000001,30.69,5097.98,3843.84,5000.79,3992,133
Cebu Pacific,MNL-DPL,2022.0,9,3139.6800000000003,48.97,5134.71,3843.84,5104.89,3992,70
Philippine Airlines,MNL-DPL,2022.0,9,2254.32,30.69,5134.71,3843.84,5104.89,3992,70
Cebu Pacific,MNL-DVO,2022.0,9,18329.148,48.97,5394.64,3843.84,5261.98,3992,446
Philippine Airlines,MNL-DVO,2022.0,9,10289.072,30.69,5394.64,3843.84,5261.98,3992,446
Philippine Airlines,MNL-EUQ,2022.0,9,439.552,30.69,10000.0,3843.84,10000.0,3992,15
Cebu Pacific,MNL-GES,2022.0,9,10993.944,48.97,5534.77,3843.84,5472.66,3992,121
Philippine Airlines,MNL-GES,2022.0,9,5575.2,30.69,5534.77,3843.84,5472.66,3992,121
Philippine Airlines,MNL-IAO,2022.0,9,2472.48,30.69,10000.0,3843.84,5244.71,3992,175
AirAsia,MNL-ILO,2022.0,9,12084.42,16.46,3515.91,3843.84,3253.12,3992,469
Cebu Pacific,MNL-ILO,2022.0,9,8757.344000000001,48.97,3515.91,3843.84,3253.12,3992,469
Philippine Airlines,MNL-ILO,2022.0,9,15746.304,30.69,3515.91,3843.84,3253.12,3992,469
AirAsia,MNL-KLO,2022.0,9,7780.379999999999,16.46,7831.15,3843.84,7795.88,3992,106
Cebu Pacific,MNL-KLO,2022.0,9,1098.8880000000001,48.97,7831.15,3843.84,7795.88,3992,106
Philippine Airlines,MNL-LAO,2022.0,9,644.784,30.69,10000.0,3843.84,10000.0,3992,22
Cebgo,MNL-LGP,2022.0,9,60.768,3.88,4978.06,3843.84,5011.5,3992,194
Cebu Pacific,MNL-LGP,2022.0,9,7064.280000000001,48.97,4978.06,3843.84,5011.5,3992,194
Philippine Airlines,MNL-LGP,2022.0,9,6153.728,30.69,4978.06,3843.84,5011.5,3992,194
Philippine Airlines,MNL-MNL,2022.0,9,391.072,30.69,10000.0,3843.84,3843.84,3992,3992
AirAsia,MNL-MPH,2022.0,9,9766.859999999999,16.46,3195.52,3843.84,3333.8,3992,484
Cebgo,MNL-MPH,2022.0,9,1215.3600000000001,3.88,3195.52,3843.84,3333.8,3992,484
Cebu Pacific,MNL-MPH,2022.0,9,11773.800000000001,48.97,3195.52,3843.84,3333.8,3992,484
Philippine Airlines,MNL-MPH,2022.0,9,7323.712,30.69,3195.52,3843.84,3333.8,3992,484
Cebu Pacific,MNL-OZC,2022.0,9,3924.6000000000004,48.97,10000.0,3843.84,5201.04,3992,84
Cebu Pacific,MNL-PAG,2022.0,9,3296.664,48.97,10000.0,3843.84,8218.63,3992,77
AirAsia,MNL-PPS,2022.0,9,2317.56,16.46,5223.08,3843.84,3852.7,3992,184
Cebu Pacific,MNL-PPS,2022.0,9,6802.64,48.97,5223.08,3843.84,3852.7,3992,184
Philippine Airlines,MNL-PPS,2022.0,9,901.7280000000001,30.69,5223.08,3843.84,3852.7,3992,184
Cebu Pacific,MNL-RXS,2022.0,9,3139.6800000000003,48.97,10000.0,3843.84,7597.97,3992,60
AirAsia,MNL-TAG,2022.0,9,5793.9,16.46,3346.22,3843.84,3375.63,3992,240
Cebu Pacific,MNL-TAG,2022.0,9,5204.104,48.97,3346.22,3843.84,3375.63,3992,240
Philippine Airlines,MNL-TAG,2022.0,9,5014.448,30.69,3346.22,3843.84,3375.63,3992,240
Cebgo,MNL-WNP,2022.0,9,1154.592,3.88,10000.0,3843.84,10000.0,3992,38
Cebu Pacific,MPH-CEB,2022.0,9,2040.7920000000001,48.97,10000.0,3333.8,3219.43,484,1144
AirAsia,MPH-KLO,2022.0,9,165.54,16.46,10000.0,3333.8,7795.88,484,106
AirAsia,MPH-MNL,2022.0,9,13077.66,16.46,3278.17,3333.8,3843.84,484,3992
Cebgo,MPH-MNL,2022.0,9,1154.592,3.88,3278.17,3333.8,3843.84,484,3992
Cebu Pacific,MPH-MNL,2022.0,9,14913.480000000001,48.97,3278.17,3333.8,3843.84,484,3992
Philippine Airlines,MPH-MNL,2022.0,9,8826.592,30.69,3278.17,3333.8,3843.84,484,3992
Cebgo,OZC-CEB,2022.0,9,1093.824,3.88,10000.0,5201.04,3219.43,84,1144
Cebu Pacific,OZC-MNL,2022.0,9,3767.616,48.97,5183.96,5201.04,3843.84,84,3992
Philippine Airlines,OZC-MNL,2022.0,9,2554.896,30.69,5183.96,5201.04,3843.84,84,3992
Cebgo,PAG-CEB,2022.0,9,911.52,3.88,10000.0,8218.63,3219.43,77,1144
Cebu Pacific,PAG-MNL,2022.0,9,6122.376,48.97,10000.0,8218.63,3843.84,77,3992
Philippine Airlines,PPS-CEB,2022.0,9,1098.88,30.69,10000.0,3852.7,3219.43,184,1144
AirAsia,PPS-MNL,2022.0,9,4138.5,16.46,4090.2,3852.7,3843.84,184,3992
Cebu Pacific,PPS-MNL,2022.0,9,6294.552000000001,48.97,4090.2,3852.7,3843.84,184,3992
Philippine Airlines,PPS-MNL,2022.0,9,1612.768,30.69,4090.2,3852.7,3843.84,184,3992
AirAsia,RXS-MNL,2022.0,9,1324.32,16.46,6697.97,7597.97,3843.84,60,3992
Cebu Pacific,RXS-MNL,2022.0,9,5023.488,48.97,6697.97,7597.97,3843.84,60,3992
Cebgo,TAC-CEB,2022.0,9,121.536,3.88,8131.88,4671.25,3219.43,159,1144
Philippine Airlines,TAC-CEB,2022.0,9,1043.9360000000001,30.69,8131.88,4671.25,3219.43,159,1144
AirAsia,TAC-MNL,2022.0,9,7449.299999999999,16.46,5160.15,4671.25,3843.84,159,3992
Cebu Pacific,TAC-MNL,2022.0,9,13814.592,48.97,5160.15,4671.25,3843.84,159,3992
Philippine Airlines,TAC-MNL,2022.0,9,601.152,30.69,5160.15,4671.25,3843.84,159,3992
Philippine Airlines,TAG-DVO,2022.0,9,769.216,30.69,10000.0,3375.63,5261.98,240,446
AirAsia,TAG-MNL,2022.0,9,5793.9,16.46,3606.06,3375.63,3843.84,240,3992
Cebu Pacific,TAG-MNL,2022.0,9,9280.624,48.97,3606.06,3375.63,3843.84,240,3992
Philippine Airlines,TAG-MNL,2022.0,9,4864.160000000001,30.69,3606.06,3375.63,3843.84,240,3992
Cebu Pacific,TUG-MNL,2022.0,9,5337.456,48.97,10000.0,10000.0,3843.84,34,3992
Cebgo,USU-CEB,2022.0,9,1033.056,3.88,5342.68,5140.47,3219.43,93,1144
Philippine Airlines,USU-CEB,2022.0,9,604.384,30.69,5342.68,5140.47,3219.43,93,1144
Cebgo,USU-MNL,2022.0,9,1033.056,3.88,5032.41,5140.47,3843.84,93,3992
Philippine Airlines,USU-MNL,2022.0,9,879.104,30.69,5032.41,5140.47,3843.84,93,3992
Cebgo,WNP-MNL,2022.0,9,1154.592,3.88,10000.0,10000.0,3843.84,38,3992
Philippine Airlines,ZAM-CEB,2022.0,9,494.49600000000004,30.69,10000.0,6044.92,3219.43,97,1144
Cebu Pacific,ZAM-MNL,2022.0,9,11412.568000000001,48.97,6273.34,6044.92,3843.84,97,3992
Philippine Airlines,ZAM-MNL,2022.0,9,3757.2000000000003,30.69,6273.34,6044.92,3843.84,97,3992
Philippine Airlines,BCD-CEB,2022.0,10,1593.376,32.57,10000.0,3625.97,3044.35,559,1731
Cebu Pacific,BCD-DVO,2022.0,10,156.984,47.0,10000.0,3625.97,5087.17,559,693
AirAsia,BCD-MNL,2022.0,10,10936.800000000001,16.79,3615.36,3625.97,3757.57,559,6232
Cebu Pacific,BCD-MNL,2022.0,10,23444.632,47.0,3615.36,3625.97,3757.57,559,6232
Philippine Airlines,BCD-MNL,2022.0,10,19865.488,32.57,3615.36,3625.97,3757.57,559,6232
Cebgo,BXU-CEB,2022.0,10,546.912,3.63,7213.68,5959.34,3044.35,203,1731
Philippine Airlines,BXU-CEB,2022.0,10,109.888,32.57,7213.68,5959.34,3044.35,203,1731
Cebu Pacific,BXU-MNL,2022.0,10,10517.928,47.0,6571.95,5959.34,3757.57,203,6232
Philippine Airlines,BXU-MNL,2022.0,10,2960.512,32.57,6571.95,5959.34,3757.57,203,6232
Philippine Airlines,CBO-MNL,2022.0,10,3210.992,32.57,10000.0,10000.0,3757.57,45,6232
Philippine Airlines,CEB-BCD,2022.0,10,1648.3200000000002,32.57,10000.0,3044.35,3625.97,1731,559
Cebgo,CEB-BXU,2022.0,10,546.912,3.63,7213.68,3044.35,5959.34,1731,203
Philippine Airlines,CEB-BXU,2022.0,10,109.888,32.57,7213.68,3044.35,5959.34,1731,203
Cebgo,CEB-CGY,2022.0,10,4192.992,3.63,5333.14,3044.35,3578.55,1731,651
Philippine Airlines,CEB-CGY,2022.0,10,2472.48,32.57,5333.14,3044.35,3578.55,1731,651
Cebgo,CEB-CRK,2022.0,10,607.6800000000001,3.63,10000.0,3044.35,10000.0,1731,20
Cebgo,CEB-CYP,2022.0,10,1215.3600000000001,3.63,10000.0,3044.35,5243.83,1731,58
Cebu Pacific,CEB-DVO,2022.0,10,4395.552000000001,47.0,5140.93,3044.35,5087.17,1731,693
Philippine Airlines,CEB-DVO,2022.0,10,3131.808,32.57,5140.93,3044.35,5087.17,1731,693
Cebgo,CEB-IAO,2022.0,10,3342.2400000000002,3.63,5576.05,3044.35,5335.38,1731,262
Philippine Airlines,CEB-IAO,2022.0,10,1648.3200000000002,32.57,5576.05,3044.35,5335.38,1731,262
Cebgo,CEB-ILO,2022.0,10,1883.808,3.63,10000.0,3044.35,3247.42,1731,671
AirAsia,CEB-MNL,2022.0,10,7499.52,16.79,4512.28,3044.35,3757.57,1731,6232
Cebu Pacific,CEB-MNL,2022.0,10,32039.928,47.0,4512.28,3044.35,3757.57,1731,6232
Philippine Airlines,CEB-MNL,2022.0,10,13293.216,32.57,4512.28,3044.35,3757.57,1731,6232
Cebu Pacific,CEB-MPH,2022.0,10,4552.536,47.0,7930.74,3044.35,3428.32,1731,849
Philippine Airlines,CEB-MPH,2022.0,10,604.384,32.57,7930.74,3044.35,3428.32,1731,849
Cebgo,CEB-PAG,2022.0,10,546.912,3.63,10000.0,3044.35,7408.1,1731,132
Philippine Airlines,CEB-PPS,2022.0,10,2857.088,32.57,10000.0,3044.35,3552.99,1731,340
Cebgo,CEB-TAC,2022.0,10,60.768,3.63,6063.88,3044.35,4202.17,1731,277
Philippine Airlines,CEB-TAC,2022.0,10,164.832,32.57,6063.88,3044.35,4202.17,1731,277
Cebgo,CEB-USU,2022.0,10,1458.432,3.63,5586.55,3044.35,5330.06,1731,129
Philippine Airlines,CEB-USU,2022.0,10,714.272,32.57,5586.55,3044.35,5330.06,1731,129
Cebgo,CGY-CEB,2022.0,10,5772.96,3.63,5878.61,3578.55,3044.35,651,1731
Philippine Airlines,CGY-CEB,2022.0,10,2362.592,32.57,5878.61,3578.55,3044.35,651,1731
Cebgo,CGY-DVO,2022.0,10,60.768,3.63,10000.0,3578.55,5087.17,651,693
AirAsia,CGY-MNL,2022.0,10,2343.6000000000004,16.79,4395.87,3578.55,3757.57,651,6232
Cebu Pacific,CGY-MNL,2022.0,10,16245.312,47.0,4395.87,3578.55,3757.57,651,6232
Philippine Airlines,CGY-MNL,2022.0,10,12868.208,32.57,4395.87,3578.55,3757.57,651,6232
Cebgo,CRK-CEB,2022.0,10,607.6800000000001,3.63,10000.0,10000.0,3044.35,20,1731
Cebgo,CYP-CEB,2022.0,10,850.752,3.63,10000.0,5243.83,3044.35,58,1731
Philippine Airlines,CYP-MNL,2022.0,10,659.328,32.57,10000.0,5243.83,3757.57,58,6232
Cebu Pacific,CYZ-MNL,2022.0,10,3924.6000000000004,47.0,10000.0,10000.0,3757.57,52,6232
Cebu Pacific,DGT-MNL,2022.0,10,6750.312000000001,47.0,5016.91,5025.53,3757.57,221,6232
Philippine Airlines,DGT-MNL,2022.0,10,7583.888000000001,32.57,5016.91,5025.53,3757.57,221,6232
Cebu Pacific,DPL-MNL,2022.0,10,4395.552000000001,47.0,5048.56,5067.16,3757.57,106,6232
Philippine Airlines,DPL-MNL,2022.0,10,3606.9120000000003,32.57,5048.56,5067.16,3757.57,106,6232
Cebu Pacific,DVO-BCD,2022.0,10,156.984,47.0,10000.0,5087.17,3625.97,693,559
Cebu Pacific,DVO-CEB,2022.0,10,4552.536,47.0,5164.99,5087.17,3044.35,693,1731
Philippine Airlines,DVO-CEB,2022.0,10,3152.8160000000003,32.57,5164.99,5087.17,3044.35,693,1731
Cebgo,DVO-CGY,2022.0,10,60.768,3.63,10000.0,5087.17,3578.55,693,651
Cebu Pacific,DVO-MNL,2022.0,10,25805.3,47.0,5147.82,5087.17,3757.57,693,6232
Philippine Airlines,DVO-MNL,2022.0,10,18233.328,32.57,5147.82,5087.17,3757.57,693,6232
Philippine Airlines,DVO-TAG,2022.0,10,1043.9360000000001,32.57,10000.0,5087.17,3365.99,693,370
Philippine Airlines,EUQ-MNL,2022.0,10,549.44,32.57,10000.0,10000.0,3757.57,22,6232
Cebu Pacific,GES-MNL,2022.0,10,13264.304,47.0,5283.26,5296.56,3757.57,185,6232
Philippine Airlines,GES-MNL,2022.0,10,8164.032,32.57,5283.26,5296.56,3757.57,185,6232
Cebgo,IAO-CEB,2022.0,10,2066.112,3.63,5107.15,5335.38,3044.35,262,1731
Philippine Airlines,IAO-CEB,2022.0,10,1538.432,32.57,5107.15,5335.38,3044.35,262,1731
Cebgo,IAO-IAO,2022.0,10,60.768,3.63,10000.0,5335.38,5335.38,262,262
Philippine Airlines,IAO-MNL,2022.0,10,2527.424,32.57,10000.0,5335.38,3757.57,262,6232
Cebgo,ILO-CEB,2022.0,10,1823.04,3.63,10000.0,3247.42,3044.35,671,1731
AirAsia,ILO-MNL,2022.0,10,21141.120000000003,16.79,3507.38,3247.42,3757.57,671,6232
Cebu Pacific,ILO-MNL,2022.0,10,11814.312,47.0,3507.38,3247.42,3757.57,671,6232
Philippine Airlines,ILO-MNL,2022.0,10,18323.824,32.57,3507.38,3247.42,3757.57,671,6232
AirAsia,KLO-MNL,2022.0,10,12186.720000000001,16.79,8482.57,8596.98,3757.57,172,6232
Cebu Pacific,KLO-MNL,2022.0,10,1098.8880000000001,47.0,8482.57,8596.98,3757.57,172,6232
Philippine Airlines,LAO-MNL,2022.0,10,1000.3040000000001,32.57,10000.0,10000.0,3757.57,25,6232
Cebu Pacific,LGP-MNL,2022.0,10,11459.832,47.0,5165.56,5160.26,3757.57,288,6232
Philippine Airlines,LGP-MNL,2022.0,10,7931.328,32.57,5165.56,5160.26,3757.57,288,6232
AirAsia,MNL-BCD,2022.0,10,6718.320000000001,16.79,3595.53,3757.57,3625.97,6232,559
Cebu Pacific,MNL-BCD,2022.0,10,13804.464,47.0,3595.53,3757.57,3625.97,6232,559
Philippine Airlines,MNL-BCD,2022.0,10,12609.648000000001,32.57,3595.53,3757.57,3625.97,6232,559
Philippine Airlines,MNL-BSO,2022.0,10,1263.712,32.57,10000.0,3757.57,10000.0,6232,23
Cebu Pacific,MNL-BXU,2022.0,10,10674.912,47.0,6415.07,3757.57,5959.34,6232,203
Philippine Airlines,MNL-BXU,2022.0,10,3261.088,32.57,6415.07,3757.57,5959.34,6232,203
Philippine Airlines,MNL-CBO,2022.0,10,3361.28,32.57,10000.0,3757.57,10000.0,6232,45
AirAsia,MNL-CEB,2022.0,10,13124.16,16.79,3544.55,3757.57,3044.35,6232,1731
Cebgo,MNL-CEB,2022.0,10,60.768,3.63,3544.55,3757.57,3044.35,6232,1731
Cebu Pacific,MNL-CEB,2022.0,10,24952.016,47.0,3544.55,3757.57,3044.35,6232,1731
Philippine Airlines,MNL-CEB,2022.0,10,18532.288,32.57,3544.55,3757.57,3044.35,6232,1731
AirAsia,MNL-CGY,2022.0,10,2343.6000000000004,16.79,4638.35,3757.57,3578.55,6232,651
Cebu Pacific,MNL-CGY,2022.0,10,20678.0,47.0,4638.35,3757.57,3578.55,6232,651
Philippine Airlines,MNL-CGY,2022.0,10,13029.808,32.57,4638.35,3757.57,3578.55,6232,651
Philippine Airlines,MNL-CRM,2022.0,10,714.272,32.57,10000.0,3757.57,10000.0,6232,13
Philippine Airlines,MNL-CYP,2022.0,10,659.328,32.57,10000.0,3757.57,5243.83,6232,58
Cebu Pacific,MNL-CYZ,2022.0,10,4238.568,47.0,10000.0,3757.57,10000.0,6232,52
Cebu Pacific,MNL-DGT,2022.0,10,10988.880000000001,47.0,5145.18,3757.57,5025.53,6232,221
Philippine Airlines,MNL-DGT,2022.0,10,7789.120000000001,32.57,5145.18,3757.57,5025.53,6232,221
Cebu Pacific,MNL-DPL,2022.0,10,4709.52,47.0,5087.89,3757.57,5067.16,6232,106
Philippine Airlines,MNL-DPL,2022.0,10,3606.9120000000003,32.57,5087.89,3757.57,5067.16,6232,106
Cebu Pacific,MNL-DVO,2022.0,10,25623.84,47.0,5105.38,3757.57,5087.17,6232,693
Philippine Airlines,MNL-DVO,2022.0,10,19126.976000000002,32.57,5105.38,3757.57,5087.17,6232,693
Philippine Airlines,MNL-EUQ,2022.0,10,659.328,32.57,10000.0,3757.57,10000.0,6232,22
Cebu Pacific,MNL-GES,2022.0,10,13635.664,47.0,5309.9,3757.57,5296.56,6232,185
Philippine Airlines,MNL-GES,2022.0,10,8199.584,32.57,5309.9,3757.57,5296.56,6232,185
Philippine Airlines,MNL-IAO,2022.0,10,3681.248,32.57,10000.0,3757.57,5335.38,6232,262
AirAsia,MNL-ILO,2022.0,10,16717.68,16.79,3495.83,3757.57,3247.42,6232,671
Cebu Pacific,MNL-ILO,2022.0,10,11971.296,47.0,3495.83,3757.57,3247.42,6232,671
Philippine Airlines,MNL-ILO,2022.0,10,20906.192,32.57,3495.83,3757.57,3247.42,6232,671
AirAsia,MNL-KLO,2022.0,10,12499.2,16.79,8696.69,3757.57,8596.98,6232,172
Cebu Pacific,MNL-KLO,2022.0,10,941.904,47.0,8696.69,3757.57,8596.98,6232,172
Philippine Airlines,MNL-LAO,2022.0,10,754.672,32.57,10000.0,3757.57,10000.0,6232,25
Cebu Pacific,MNL-LGP,2022.0,10,11773.800000000001,47.0,5155.21,3757.57,5160.26,6232,288
Philippine Airlines,MNL-LGP,2022.0,10,8246.448,32.57,5155.21,3757.57,5160.26,6232,288
Cebgo,MNL-MBT,2022.0,10,60.768,3.63,10000.0,3757.57,10000.0,6232,1
Philippine Airlines,MNL-MNL,2022.0,10,150.288,32.57,10000.0,3757.57,3757.57,6232,6232
AirAsia,MNL-MPH,2022.0,10,14061.6,16.79,3291.31,3757.57,3428.32,6232,849
Cebgo,MNL-MPH,2022.0,10,1397.664,3.63,3291.31,3757.57,3428.32,6232,849
Cebu Pacific,MNL-MPH,2022.0,10,20250.936,47.0,3291.31,3757.57,3428.32,6232,849
Philippine Airlines,MNL-MPH,2022.0,10,12659.744,32.57,3291.31,3757.57,3428.32,6232,849
Cebu Pacific,MNL-OZC,2022.0,10,5808.408,47.0,10000.0,3757.57,5936.46,6232,123
Cebu Pacific,MNL-PAG,2022.0,10,4866.504,47.0,10000.0,3757.57,7408.1,6232,132
AirAsia,MNL-PPS,2022.0,10,2812.32,16.79,4688.79,3757.57,3552.99,6232,340
Cebu Pacific,MNL-PPS,2022.0,10,11301.16,47.0,4688.79,3757.57,3552.99,6232,340
Philippine Airlines,MNL-PPS,2022.0,10,3757.2000000000003,32.57,4688.79,3757.57,3552.99,6232,340
Cebu Pacific,MNL-RXS,2022.0,10,4395.552000000001,47.0,10000.0,3757.57,7230.15,6232,92
AirAsia,MNL-TAC,2022.0,10,624.96,16.79,3409.17,3757.57,4202.17,6232,277
Cebu Pacific,MNL-TAC,2022.0,10,470.952,47.0,3409.17,3757.57,4202.17,6232,277
Philippine Airlines,MNL-TAC,2022.0,10,450.86400000000003,32.57,3409.17,3757.57,4202.17,6232,277
AirAsia,MNL-TAG,2022.0,10,8436.960000000001,16.79,3391.11,3757.57,3365.99,6232,370
Cebu Pacific,MNL-TAG,2022.0,10,6765.504,47.0,3391.11,3757.57,3365.99,6232,370
Philippine Airlines,MNL-TAG,2022.0,10,9372.800000000001,32.57,3391.11,3757.57,3365.99,6232,370
Cebu Pacific,MNL-TUG,2022.0,10,156.984,47.0,10000.0,3757.57,10000.0,6232,53
Cebgo,MNL-USU,2022.0,10,60.768,3.63,10000.0,3757.57,5330.06,6232,129
Cebgo,MNL-WNP,2022.0,10,1458.432,3.63,10000.0,3757.57,10000.0,6232,47
Cebu Pacific,MPH-CEB,2022.0,10,4709.52,47.0,8128.77,3428.32,3044.35,849,1731
Philippine Airlines,MPH-CEB,2022.0,10,549.44,32.57,8128.77,3428.32,3044.35,849,1731
AirAsia,MPH-KLO,2022.0,10,156.24,16.79,10000.0,3428.32,8596.98,849,172
AirAsia,MPH-MNL,2022.0,10,18592.56,16.79,3284.97,3428.32,3757.57,849,6232
Cebgo,MPH-MNL,2022.0,10,1458.432,3.63,3284.97,3428.32,3757.57,849,6232
Cebu Pacific,MPH-MNL,2022.0,10,24332.52,47.0,3284.97,3428.32,3757.57,849,6232
Philippine Airlines,MPH-MNL,2022.0,10,15760.848000000002,32.57,3284.97,3428.32,3757.57,849,6232
AirAsia,MPH-MPH,2022.0,10,156.24,16.79,5000.03,3428.32,3428.32,849,849
Cebu Pacific,MPH-MPH,2022.0,10,156.984,47.0,5000.03,3428.32,3428.32,849,849
Cebgo,OZC-CEB,2022.0,10,1579.968,3.63,10000.0,5936.46,3044.35,123,1731
Cebu Pacific,OZC-MNL,2022.0,10,5808.408,47.0,5926.58,5936.46,3757.57,123,6232
Philippine Airlines,OZC-MNL,2022.0,10,2312.496,32.57,5926.58,5936.46,3757.57,123,6232
Cebgo,PAG-CEB,2022.0,10,2005.344,3.63,10000.0,7408.1,3044.35,132,1731
Cebu Pacific,PAG-MNL,2022.0,10,9262.056,47.0,10000.0,7408.1,3757.57,132,6232
Philippine Airlines,PPS-CEB,2022.0,10,1538.432,32.57,10000.0,3552.99,3044.35,340,1731
AirAsia,PPS-MNL,2022.0,10,7655.76,16.79,3347.63,3552.99,3757.57,340,6232
Cebu Pacific,PPS-MNL,2022.0,10,8991.976,47.0,3347.63,3552.99,3757.57,340,6232
Philippine Airlines,PPS-MNL,2022.0,10,8416.128,32.57,3347.63,3552.99,3757.57,340,6232
AirAsia,RXS-MNL,2022.0,10,2031.1200000000001,16.79,6308.39,7230.15,3757.57,92,6232
Cebu Pacific,RXS-MNL,2022.0,10,7692.216,47.0,6308.39,7230.15,3757.57,92,6232
Philippine Airlines,RXS-MNL,2022.0,10,300.576,32.57,6308.39,7230.15,3757.57,92,6232
Cebgo,TAC-CEB,2022.0,10,486.144,3.63,6138.56,4202.17,3044.35,277,1731
Philippine Airlines,TAC-CEB,2022.0,10,1373.6000000000001,32.57,6138.56,4202.17,3044.35,277,1731
AirAsia,TAC-MNL,2022.0,10,11718.0,16.79,4703.25,4202.17,3757.57,277,6232
Cebu Pacific,TAC-MNL,2022.0,10,21506.808,47.0,4703.25,4202.17,3757.57,277,6232
Philippine Airlines,TAC-MNL,2022.0,10,2705.184,32.57,4703.25,4202.17,3757.57,277,6232
Philippine Airlines,TAG-DVO,2022.0,10,1043.9360000000001,32.57,10000.0,3365.99,5087.17,370,693
AirAsia,TAG-MNL,2022.0,10,7812.0,16.79,3576.79,3365.99,3757.57,370,6232
Cebu Pacific,TAG-MNL,2022.0,10,13762.264000000001,47.0,3576.79,3365.99,3757.57,370,6232
Philippine Airlines,TAG-MNL,2022.0,10,8320.784000000001,32.57,3576.79,3365.99,3757.57,370,6232
Cebu Pacific,TUG-MNL,2022.0,10,8163.168000000001,47.0,10000.0,10000.0,3757.57,53,6232
Cebgo,USU-CEB,2022.0,10,1519.2,3.63,5778.95,5330.06,3044.35,129,1731
Philippine Airlines,USU-CEB,2022.0,10,659.328,32.57,5778.95,5330.06,3044.35,129,1731
Cebgo,USU-MNL,2022.0,10,1579.968,3.63,5012.67,5330.06,3757.57,129,6232
Philippine Airlines,USU-MNL,2022.0,10,1428.544,32.57,5012.67,5330.06,3757.57,129,6232
Cebgo,USU-USU,2022.0,10,60.768,3.63,10000.0,5330.06,5330.06,129,129
Cebgo,WNP-MNL,2022.0,10,1397.664,3.63,10000.0,10000.0,3757.57,47,6232
Philippine Airlines,ZAM-CEB,2022.0,10,659.328,32.57,10000.0,5688.74,3044.35,144,1731
Cebu Pacific,ZAM-MNL,2022.0,10,15291.592,47.0,5854.17,5688.74,3757.57,144,6232
Philippine Airlines,ZAM-MNL,2022.0,10,6347.648,32.57,5854.17,5688.74,3757.57,144,6232
Cebu Pacific,ZAM-TWT,2022.0,10,313.968,47.0,5621.51,5688.74,5621.51,144,3
Philippine Airlines,ZAM-TWT,2022.0,10,150.288,32.57,5621.51,5688.74,5621.51,144,3
Philippine Airlines,BCD-CEB,2022.0,11,1428.544,31.85,10000.0,3547.72,2885.18,636,2274
Cebu Pacific,BCD-DVO,2022.0,11,2040.7920000000001,45.83,10000.0,3547.72,5092.48,636,947
AirAsia,BCD-MNL,2022.0,11,13749.12,17.6,3512.66,3547.72,3639.47,636,7461
Cebu Pacific,BCD-MNL,2022.0,11,24379.784,45.83,3512.66,3547.72,3639.47,636,7461
Philippine Airlines,BCD-MNL,2022.0,11,18233.328,31.85,3512.66,3547.72,3639.47,636,7461
Cebgo,BXU-CEB,2022.0,11,1093.824,4.69,5548.74,4748.63,2885.18,336,2274
Philippine Airlines,BXU-CEB,2022.0,11,549.44,31.85,5548.74,4748.63,2885.18,336,2274
Cebu Pacific,BXU-MNL,2022.0,11,13343.640000000001,45.83,5297.92,4748.63,3639.47,336,7461
Philippine Airlines,BXU-MNL,2022.0,11,8107.472000000001,31.85,5297.92,4748.63,3639.47,336,7461
Philippine Airlines,CBO-MNL,2022.0,11,2554.896,31.85,10000.0,10000.0,3639.47,42,7461
Philippine Airlines,CBO-TWT,2022.0,11,1052.016,31.85,10000.0,10000.0,5300.33,42,49
Philippine Airlines,CEB-BCD,2022.0,11,1593.376,31.85,10000.0,2885.18,3547.72,2274,636
Cebgo,CEB-BXU,2022.0,11,1154.592,4.69,5630.58,2885.18,4748.63,2274,336
Philippine Airlines,CEB-BXU,2022.0,11,549.44,31.85,5630.58,2885.18,4748.63,2274,336
Cebgo,CEB-CEB,2022.0,11,60.768,4.69,10000.0,2885.18,2885.18,2274,2274
Cebgo,CEB-CGM,2022.0,11,60.768,4.69,10000.0,2885.18,10000.0,2274,1
Cebgo,CEB-CGY,2022.0,11,5955.264,4.69,5974.37,2885.18,3263.51,2274,743
Philippine Airlines,CEB-CGY,2022.0,11,2307.648,31.85,5974.37,2885.18,3263.51,2274,743
Cebgo,CEB-CRK,2022.0,11,243.072,4.69,10000.0,2885.18,10000.0,2274,8
Cebgo,CEB-CYP,2022.0,11,1033.056,4.69,10000.0,2885.18,5762.27,2274,49
Cebgo,CEB-DGT,2022.0,11,60.768,4.69,10000.0,2885.18,5123.72,2274,240
Cebgo,CEB-DPL,2022.0,11,60.768,4.69,10000.0,2885.18,4993.08,2274,115
Cebu Pacific,CEB-DVO,2022.0,11,6750.312000000001,45.83,5000.18,2885.18,5092.48,2274,947
Philippine Airlines,CEB-DVO,2022.0,11,6830.832,31.85,5000.18,2885.18,5092.48,2274,947
Cebgo,CEB-IAO,2022.0,11,3524.544,4.69,5153.88,2885.18,5391.54,2274,344
Philippine Airlines,CEB-IAO,2022.0,11,2472.48,31.85,5153.88,2885.18,5391.54,2274,344
Cebgo,CEB-ILO,2022.0,11,3159.936,4.69,10000.0,2885.18,3057.72,2274,811
AirAsia,CEB-MNL,2022.0,11,15311.52,17.6,3755.96,2885.18,3639.47,2274,7461
Cebu Pacific,CEB-MNL,2022.0,11,36825.408,45.83,3755.96,2885.18,3639.47,2274,7461
Philippine Airlines,CEB-MNL,2022.0,11,22914.88,31.85,3755.96,2885.18,3639.47,2274,7461
Cebu Pacific,CEB-MPH,2022.0,11,4552.536,45.83,8360.17,2885.18,3630.78,2274,815
Philippine Airlines,CEB-MPH,2022.0,11,450.86400000000003,31.85,8360.17,2885.18,3630.78,2274,815
Cebgo,CEB-OZC,2022.0,11,60.768,4.69,10000.0,2885.18,5903.25,2274,141
Cebgo,CEB-PAG,2022.0,11,729.216,4.69,10000.0,2885.18,7065.64,2274,139
Philippine Airlines,CEB-PPS,2022.0,11,3186.752,31.85,10000.0,2885.18,3355.62,2274,401
Cebgo,CEB-TAC,2022.0,11,1336.896,4.69,5012.67,2885.18,3159.43,2274,586
Philippine Airlines,CEB-TAC,2022.0,11,1208.768,31.85,5012.67,2885.18,3159.43,2274,586
Cebgo,CEB-USU,2022.0,11,1762.272,4.69,5022.99,2885.18,5770.11,2274,255
Philippine Airlines,CEB-USU,2022.0,11,1538.432,31.85,5022.99,2885.18,5770.11,2274,255
Philippine Airlines,CEB-ZAM,2022.0,11,54.944,31.85,10000.0,2885.18,5616.3,2274,186
Cebgo,CGY-CEB,2022.0,11,6076.8,4.69,6010.43,3263.51,2885.18,743,2274
Philippine Airlines,CGY-CEB,2022.0,11,2307.648,31.85,6010.43,3263.51,2885.18,743,2274
Cebgo,CGY-DVO,2022.0,11,1033.056,4.69,10000.0,3263.51,5092.48,743,947
AirAsia,CGY-MNL,2022.0,11,4530.96,17.6,4215.87,3263.51,3639.47,743,7461
Cebu Pacific,CGY-MNL,2022.0,11,19690.52,45.83,4215.87,3263.51,3639.47,743,7461
Philippine Airlines,CGY-MNL,2022.0,11,11867.904,31.85,4215.87,3263.51,3639.47,743,7461
Cebgo,CRK-CEB,2022.0,11,243.072,4.69,10000.0,10000.0,2885.18,8,2274
Cebgo,CYP-CEB,2022.0,11,972.288,4.69,10000.0,5762.27,2885.18,49,2274
Philippine Airlines,CYP-MNL,2022.0,11,439.552,31.85,10000.0,5762.27,3639.47,49,7461
Cebu Pacific,CYZ-MNL,2022.0,11,4552.536,45.83,10000.0,10000.0,3639.47,58,7461
Cebu Pacific,DGT-MNL,2022.0,11,8477.136,45.83,5018.12,5123.72,3639.47,240,7461
Philippine Airlines,DGT-MNL,2022.0,11,7514.400000000001,31.85,5018.12,5123.72,3639.47,240,7461
Cebu Pacific,DPL-MNL,2022.0,11,4709.52,45.83,5027.63,4993.08,3639.47,115,7461
Philippine Airlines,DPL-MNL,2022.0,11,4057.7760000000003,31.85,5027.63,4993.08,3639.47,115,7461
Cebu Pacific,DVO-BCD,2022.0,11,2040.7920000000001,45.83,10000.0,5092.48,3547.72,947,636
Cebu Pacific,DVO-CEB,2022.0,11,6750.312000000001,45.83,5000.02,5092.48,2885.18,947,2274
Philippine Airlines,DVO-CEB,2022.0,11,6720.944,31.85,5000.02,5092.48,2885.18,947,2274
Cebgo,DVO-CGY,2022.0,11,1033.056,4.69,10000.0,5092.48,3263.51,947,743
Cebgo,DVO-IAO,2022.0,11,607.6800000000001,4.69,10000.0,5092.48,5391.54,947,344
Cebu Pacific,DVO-MNL,2022.0,11,38009.54,45.83,5456.61,5092.48,3639.47,947,7461
Philippine Airlines,DVO-MNL,2022.0,11,20368.064000000002,31.85,5456.61,5092.48,3639.47,947,7461
Philippine Airlines,DVO-TAG,2022.0,11,1098.88,31.85,10000.0,5092.48,3363.47,947,383
Philippine Airlines,EUQ-MNL,2022.0,11,604.384,31.85,10000.0,10000.0,3639.47,23,7461
Cebu Pacific,GES-MNL,2022.0,11,13623.848,45.83,5105.5,5126.03,3639.47,180,7461
Philippine Airlines,GES-MNL,2022.0,11,10167.872,31.85,5105.5,5126.03,3639.47,180,7461
Cebgo,IAO-CEB,2022.0,11,2369.952,4.69,5012.67,5391.54,2885.18,344,2274
Philippine Airlines,IAO-CEB,2022.0,11,2142.8160000000003,31.85,5012.67,5391.54,2885.18,344,2274
Cebgo,IAO-DVO,2022.0,11,546.912,4.69,10000.0,5391.54,5092.48,344,947
Philippine Airlines,IAO-MNL,2022.0,11,3186.752,31.85,10000.0,5391.54,3639.47,344,7461
Cebgo,ILO-CEB,2022.0,11,3159.936,4.69,10000.0,3057.72,2885.18,811,2274
AirAsia,ILO-MNL,2022.0,11,23007.600000000002,17.6,3407.53,3057.72,3639.47,811,7461
Cebu Pacific,ILO-MNL,2022.0,11,20201.984,45.83,3407.53,3057.72,3639.47,811,7461
Philippine Airlines,ILO-MNL,2022.0,11,15865.888,31.85,3407.53,3057.72,3639.47,811,7461
AirAsia,KLO-MNL,2022.0,11,13436.640000000001,17.6,10000.0,10000.0,3639.47,172,7461
Philippine Airlines,LAO-MNL,2022.0,11,6323.408,31.85,10000.0,10000.0,3639.47,59,7461
Cebu Pacific,LGP-MNL,2022.0,11,10831.896,45.83,5000.56,5000.25,3639.47,289,7461
Philippine Airlines,LGP-MNL,2022.0,11,10604.192000000001,31.85,5000.56,5000.25,3639.47,289,7461
AirAsia,MNL-BCD,2022.0,11,9218.16,17.6,3478.13,3639.47,3547.72,7461,636
Cebu Pacific,MNL-BCD,2022.0,11,14540.432,45.83,3478.13,3639.47,3547.72,7461,636
Philippine Airlines,MNL-BCD,2022.0,11,10004.656,31.85,3478.13,3639.47,3547.72,7461,636
Philippine Airlines,MNL-BSO,2022.0,11,1648.3200000000002,31.85,10000.0,3639.47,10000.0,7461,30
Cebu Pacific,MNL-BXU,2022.0,11,13500.624000000002,45.83,5270.15,3639.47,4748.63,7461,336
Philippine Airlines,MNL-BXU,2022.0,11,8408.048,31.85,5270.15,3639.47,4748.63,7461,336
Philippine Airlines,MNL-CBO,2022.0,11,2705.184,31.85,10000.0,3639.47,10000.0,7461,42
AirAsia,MNL-CEB,2022.0,11,19842.48,17.6,3346.55,3639.47,2885.18,7461,2274
Cebgo,MNL-CEB,2022.0,11,607.6800000000001,4.69,3346.55,3639.47,2885.18,7461,2274
Cebu Pacific,MNL-CEB,2022.0,11,28213.232,45.83,3346.55,3639.47,2885.18,7461,2274
Philippine Airlines,MNL-CEB,2022.0,11,23226.768,31.85,3346.55,3639.47,2885.18,7461,2274
AirAsia,MNL-CGY,2022.0,11,4530.96,17.6,4622.76,3639.47,3263.51,7461,743
Cebu Pacific,MNL-CGY,2022.0,11,21768.448,45.83,4622.76,3639.47,3263.51,7461,743
Philippine Airlines,MNL-CGY,2022.0,11,8957.488000000001,31.85,4622.76,3639.47,3263.51,7461,743
Philippine Airlines,MNL-CRM,2022.0,11,659.328,31.85,10000.0,3639.47,10000.0,7461,12
Philippine Airlines,MNL-CYP,2022.0,11,439.552,31.85,10000.0,3639.47,5762.27,7461,49
Cebu Pacific,MNL-CYZ,2022.0,11,4552.536,45.83,10000.0,3639.47,10000.0,7461,58
Cebu Pacific,MNL-DGT,2022.0,11,13029.672,45.83,5312.92,3639.47,5123.72,7461,240
Philippine Airlines,MNL-DGT,2022.0,11,7814.976000000001,31.85,5312.92,3639.47,5123.72,7461,240
Cebu Pacific,MNL-DPL,2022.0,11,4709.52,45.83,5027.63,3639.47,4993.08,7461,115
Philippine Airlines,MNL-DPL,2022.0,11,4057.7760000000003,31.85,5027.63,3639.47,4993.08,7461,115
Cebu Pacific,MNL-DVO,2022.0,11,38769.14,45.83,5461.32,3639.47,5092.48,7461,947
Philippine Airlines,MNL-DVO,2022.0,11,20704.192,31.85,5461.32,3639.47,5092.48,7461,947
Philippine Airlines,MNL-EUQ,2022.0,11,659.328,31.85,10000.0,3639.47,10000.0,7461,23
Cebu Pacific,MNL-GES,2022.0,11,14387.668,45.83,5147.66,3639.47,5126.03,7461,180
Philippine Airlines,MNL-GES,2022.0,11,10167.872,31.85,5147.66,3639.47,5126.03,7461,180
Philippine Airlines,MNL-IAO,2022.0,11,4725.184,31.85,10000.0,3639.47,5391.54,7461,344
AirAsia,MNL-ILO,2022.0,11,18280.08,17.6,3370.6,3639.47,3057.72,7461,811
Cebu Pacific,MNL-ILO,2022.0,11,22668.152000000002,45.83,3370.6,3639.47,3057.72,7461,811
Philippine Airlines,MNL-ILO,2022.0,11,18210.704,31.85,3370.6,3639.47,3057.72,7461,811
AirAsia,MNL-KLO,2022.0,11,13436.640000000001,17.6,10000.0,3639.47,10000.0,7461,172
Philippine Airlines,MNL-LAO,2022.0,11,2626.0,31.85,10000.0,3639.47,10000.0,7461,59
Cebu Pacific,MNL-LGP,2022.0,11,10831.896,45.83,5000.06,3639.47,5000.25,7461,289
Philippine Airlines,MNL-LGP,2022.0,11,10754.480000000001,31.85,5000.06,3639.47,5000.25,7461,289
Philippine Airlines,MNL-MNL,2022.0,11,150.288,31.85,10000.0,3639.47,3639.47,7461,7461
AirAsia,MNL-MPH,2022.0,11,14217.84,17.6,3547.72,3639.47,3630.78,7461,815
Cebgo,MNL-MPH,2022.0,11,1762.272,4.69,3547.72,3639.47,3630.78,7461,815
Cebu Pacific,MNL-MPH,2022.0,11,22291.728000000003,45.83,3547.72,3639.47,3630.78,7461,815
Philippine Airlines,MNL-MPH,2022.0,11,8396.736,31.85,3547.72,3639.47,3630.78,7461,815
Cebu Pacific,MNL-OZC,2022.0,11,7378.2480000000005,45.83,10000.0,3639.47,5903.25,7461,141
Cebu Pacific,MNL-PAG,2022.0,11,4709.52,45.83,10000.0,3639.47,7065.64,7461,139
AirAsia,MNL-PPS,2022.0,11,4687.200000000001,17.6,3670.73,3639.47,3355.62,7461,401
AirSWIFT,MNL-PPS,2022.0,11,486.144,0.04,3670.73,3639.47,3355.62,7461,401
Cebu Pacific,MNL-PPS,2022.0,11,9835.976,45.83,3670.73,3639.47,3355.62,7461,401
Philippine Airlines,MNL-PPS,2022.0,11,4405.216,31.85,3670.73,3639.47,3355.62,7461,401
Cebgo,MNL-SJI,2022.0,11,60.768,4.69,10000.0,3639.47,10000.0,7461,1
AirAsia,MNL-TAC,2022.0,11,9061.92,17.6,3391.31,3639.47,3159.43,7461,586
Cebu Pacific,MNL-TAC,2022.0,11,8163.168000000001,45.83,3391.31,3639.47,3159.43,7461,586
Philippine Airlines,MNL-TAC,2022.0,11,11140.704000000002,31.85,3391.31,3639.47,3159.43,7461,586
AirAsia,MNL-TAG,2022.0,11,9530.640000000001,17.6,3480.88,3639.47,3363.47,7461,383
Cebu Pacific,MNL-TAG,2022.0,11,5592.344,45.83,3480.88,3639.47,3363.47,7461,383
Philippine Airlines,MNL-TAG,2022.0,11,7957.184,31.85,3480.88,3639.47,3363.47,7461,383
Cebu Pacific,MNL-TUG,2022.0,11,4866.504,45.83,10000.0,3639.47,10000.0,7461,91
Cebgo,MNL-USU,2022.0,11,1883.808,4.69,10000.0,3639.47,5770.11,7461,255
Cebgo,MNL-WNP,2022.0,11,3403.008,4.69,10000.0,3639.47,10000.0,7461,113
Cebu Pacific,MPH-CEB,2022.0,11,4552.536,45.83,8200.08,3630.78,2885.18,815,2274
Philippine Airlines,MPH-CEB,2022.0,11,505.80800000000005,31.85,8200.08,3630.78,2885.18,815,2274
AirAsia,MPH-MNL,2022.0,11,18280.08,17.6,3397.6,3630.78,3639.47,815,7461
Cebgo,MPH-MNL,2022.0,11,1701.504,4.69,3397.6,3630.78,3639.47,815,7461
Cebu Pacific,MPH-MNL,2022.0,11,26216.328,45.83,3397.6,3630.78,3639.47,815,7461
Philippine Airlines,MPH-MNL,2022.0,11,13191.408000000001,31.85,3397.6,3630.78,3639.47,815,7461
Cebgo,OZC-CEB,2022.0,11,1397.664,4.69,10000.0,5903.25,2885.18,141,2274
Cebu Pacific,OZC-MNL,2022.0,11,7221.264,45.83,5557.08,5903.25,3639.47,141,7461
Philippine Airlines,OZC-MNL,2022.0,11,3606.9120000000003,31.85,5557.08,5903.25,3639.47,141,7461
Cebgo,PAG-CEB,2022.0,11,2309.184,4.69,10000.0,7065.64,2885.18,139,2274
Cebu Pacific,PAG-MNL,2022.0,11,9262.056,45.83,10000.0,7065.64,3639.47,139,7461
Philippine Airlines,PPS-CEB,2022.0,11,1483.488,31.85,10000.0,3355.62,2885.18,401,2274
AirAsia,PPS-MNL,2022.0,11,9374.400000000001,17.6,3361.36,3355.62,3639.47,401,7461
Cebu Pacific,PPS-MNL,2022.0,11,9604.720000000001,45.83,3361.36,3355.62,3639.47,401,7461
Philippine Airlines,PPS-MNL,2022.0,11,11452.592,31.85,3361.36,3355.62,3639.47,401,7461
AirAsia,RXS-MNL,2022.0,11,2031.1200000000001,17.6,3666.72,3666.72,3639.47,70,7461
Cebu Pacific,RXS-MNL,2022.0,11,4709.52,45.83,3666.72,3666.72,3639.47,70,7461
Philippine Airlines,RXS-MNL,2022.0,11,3867.088,31.85,3666.72,3666.72,3639.47,70,7461
Cebgo,TAC-CEB,2022.0,11,1276.128,4.69,5027.85,3159.43,2885.18,586,2274
Philippine Airlines,TAC-CEB,2022.0,11,1098.88,31.85,5027.85,3159.43,2885.18,586,2274
AirAsia,TAC-MNL,2022.0,11,16828.56,17.6,3559.53,3159.43,3639.47,586,7461
Cebu Pacific,TAC-MNL,2022.0,11,21820.776,45.83,3559.53,3159.43,3639.47,586,7461
Philippine Airlines,TAC-MNL,2022.0,11,11219.888,31.85,3559.53,3159.43,3639.47,586,7461
Philippine Airlines,TAG-DVO,2022.0,11,1153.824,31.85,10000.0,3363.47,5092.48,383,947
AirAsia,TAG-MNL,2022.0,11,9374.400000000001,17.6,3727.43,3363.47,3639.47,383,7461
Cebu Pacific,TAG-MNL,2022.0,11,16896.88,45.83,3727.43,3363.47,3639.47,383,7461
Philippine Airlines,TAG-MNL,2022.0,11,7957.184,31.85,3727.43,3363.47,3639.47,383,7461
Cebu Pacific,TUG-MNL,2022.0,11,9419.04,45.83,10000.0,10000.0,3639.47,91,7461
Cebu Pacific,TWT-ZAM,2022.0,11,156.984,45.83,10000.0,5300.33,5616.3,49,186
Cebgo,USU-CEB,2022.0,11,1762.272,4.69,5103.66,5770.11,2885.18,255,2274
Philippine Airlines,USU-CEB,2022.0,11,1318.656,31.85,5103.66,5770.11,2885.18,255,2274
Cebgo,USU-MNL,2022.0,11,5043.744,4.69,6225.65,5770.11,3639.47,255,7461
Philippine Airlines,USU-MNL,2022.0,11,1703.2640000000001,31.85,6225.65,5770.11,3639.47,255,7461
Cebgo,WNP-MNL,2022.0,11,3463.776,4.69,10000.0,10000.0,3639.47,113,7461
Philippine Airlines,ZAM-CEB,2022.0,11,1373.6000000000001,31.85,10000.0,5616.3,2885.18,186,2274
Cebu Pacific,ZAM-MNL,2022.0,11,14741.304,45.83,5856.73,5616.3,3639.47,186,7461
Philippine Airlines,ZAM-MNL,2022.0,11,6110.0960000000005,31.85,5856.73,5616.3,3639.47,186,7461
Cebu Pacific,ZAM-TWT,2022.0,11,4552.536,45.83,5935.36,5616.3,5300.33,186,49
Philippine Airlines,ZAM-TWT,2022.0,11,1803.4560000000001,31.85,5935.36,5616.3,5300.33,186,49
Philippine Airlines,BCD-CEB,2022.0,12,1208.768,32.69,10000.0,3539.57,2841.8,678,2585
Cebu Pacific,BCD-DVO,2022.0,12,2060.136,45.47,10000.0,3539.57,5043.85,678,1072
AirAsia,BCD-MNL,2022.0,12,14530.320000000002,16.95,3517.03,3539.57,3673.8,678,8028
Cebu Pacific,BCD-MNL,2022.0,12,26328.504,45.47,3517.03,3539.57,3673.8,678,8028
Philippine Airlines,BCD-MNL,2022.0,12,20718.736,32.69,3517.03,3539.57,3673.8,678,8028
Philippine Airlines,BPA-CEB,2022.0,12,219.776,32.69,10000.0,10000.0,2841.8,8,2585
Cebgo,BXU-CEB,2022.0,12,1717.632,4.88,6755.14,4686.68,2841.8,351,2585
Philippine Airlines,BXU-CEB,2022.0,12,439.552,32.69,6755.14,4686.68,2841.8,351,2585
Cebu Pacific,BXU-MNL,2022.0,12,14262.480000000001,45.47,5496.58,4686.68,3673.8,351,8028
Philippine Airlines,BXU-MNL,2022.0,12,7427.136,32.69,5496.58,4686.68,3673.8,351,8028
Philippine Airlines,CBO-MNL,2022.0,12,3757.2000000000003,32.69,10000.0,10000.0,3673.8,59,8028
Philippine Airlines,CBO-TWT,2022.0,12,439.552,32.69,10000.0,10000.0,5823.42,59,47
Cebgo,CEB-BCD,2022.0,12,61.344,4.88,9041.33,2841.8,3539.57,2585,678
Philippine Airlines,CEB-BCD,2022.0,12,1153.824,32.69,9041.33,2841.8,3539.57,2585,678
Philippine Airlines,CEB-BPA,2022.0,12,219.776,32.69,10000.0,2841.8,10000.0,2585,8
Cebgo,CEB-BXU,2022.0,12,1901.664,4.88,6950.06,2841.8,4686.68,2585,351
Philippine Airlines,CEB-BXU,2022.0,12,439.552,32.69,6950.06,2841.8,4686.68,2585,351
Cebgo,CEB-CEB,2022.0,12,184.032,4.88,5027.85,2841.8,2841.8,2585,2585
Cebu Pacific,CEB-CEB,2022.0,12,158.472,45.47,5027.85,2841.8,2841.8,2585,2585
Cebgo,CEB-CGY,2022.0,12,6931.872,4.88,5741.76,2841.8,3229.96,2585,881
Philippine Airlines,CEB-CGY,2022.0,12,3076.864,32.69,5741.76,2841.8,3229.96,2585,881
Cebgo,CEB-CRK,2022.0,12,306.72,4.88,10000.0,2841.8,10000.0,2585,8
Cebgo,CEB-CYP,2022.0,12,1042.848,4.88,10000.0,2841.8,5055.74,2585,59
Cebgo,CEB-DGT,2022.0,12,61.344,4.88,10000.0,2841.8,5121.67,2585,243
Cebu Pacific,CEB-DVO,2022.0,12,6497.352000000001,45.47,5264.57,2841.8,5043.85,2585,1072
Philippine Airlines,CEB-DVO,2022.0,12,10379.568000000001,32.69,5264.57,2841.8,5043.85,2585,1072
Cebgo,CEB-IAO,2022.0,12,3619.2960000000003,4.88,5093.82,2841.8,5210.49,2585,342
Philippine Airlines,CEB-IAO,2022.0,12,2747.2000000000003,32.69,5093.82,2841.8,5210.49,2585,342
Cebgo,CEB-ILO,2022.0,12,3680.64,4.88,10000.0,2841.8,3041.59,2585,884
AirAsia,CEB-MNL,2022.0,12,18123.84,16.95,3828.13,2841.8,3673.8,2585,8028
Cebu Pacific,CEB-MNL,2022.0,12,42998.736000000004,45.47,3828.13,2841.8,3673.8,2585,8028
Philippine Airlines,CEB-MNL,2022.0,12,22856.704,32.69,3828.13,2841.8,3673.8,2585,8028
Cebgo,CEB-MPH,2022.0,12,61.344,4.88,5084.37,2841.8,3449.5,2585,844
Cebu Pacific,CEB-MPH,2022.0,12,1426.248,45.47,5084.37,2841.8,3449.5,2585,844
Philippine Airlines,CEB-MPH,2022.0,12,824.1600000000001,32.69,5084.37,2841.8,3449.5,2585,844
Cebgo,CEB-PAG,2022.0,12,981.504,4.88,10000.0,2841.8,6632.65,2585,150
Philippine Airlines,CEB-PPS,2022.0,12,3377.44,32.69,10000.0,2841.8,3452.74,2585,420
Cebgo,CEB-SUG,2022.0,12,61.344,4.88,10000.0,2841.8,10000.0,2585,10
Cebgo,CEB-TAC,2022.0,12,1840.32,4.88,5172.54,2841.8,3121.29,2585,640
Philippine Airlines,CEB-TAC,2022.0,12,1263.712,32.69,5172.54,2841.8,3121.29,2585,640
Cebgo,CEB-USU,2022.0,12,1901.664,4.88,5025.46,2841.8,5664.27,2585,266
Philippine Airlines,CEB-USU,2022.0,12,1648.3200000000002,32.69,5025.46,2841.8,5664.27,2585,266
Philippine Airlines,CEB-ZAM,2022.0,12,54.944,32.69,10000.0,2841.8,5754.62,2585,203
Cebgo,CGY-CEB,2022.0,12,6993.216,4.88,5915.33,3229.96,2841.8,881,2585
Philippine Airlines,CGY-CEB,2022.0,12,2802.1440000000002,32.69,5915.33,3229.96,2841.8,881,2585
Cebgo,CGY-DVO,2022.0,12,1042.848,4.88,10000.0,3229.96,5043.85,881,1072
AirAsia,CGY-MNL,2022.0,12,4843.4400000000005,16.95,4127.45,3229.96,3673.8,881,8028
Cebu Pacific,CGY-MNL,2022.0,12,21545.376,45.47,4127.45,3229.96,3673.8,881,8028
Philippine Airlines,CGY-MNL,2022.0,12,16809.632,32.69,4127.45,3229.96,3673.8,881,8028
Cebgo,CRK-CEB,2022.0,12,184.032,4.88,10000.0,10000.0,2841.8,8,2585
Cebgo,CYP-CEB,2022.0,12,858.816,4.88,10000.0,5055.74,2841.8,59,2585
Philippine Airlines,CYP-MNL,2022.0,12,769.216,32.69,10000.0,5055.74,3673.8,59,8028
Cebu Pacific,CYZ-MNL,2022.0,12,4595.688,45.47,10000.0,10000.0,3673.8,61,8028
Cebu Pacific,DGT-MNL,2022.0,12,8715.960000000001,45.47,5014.85,5121.67,3673.8,243,8028
Philippine Airlines,DGT-MNL,2022.0,12,7814.976000000001,32.69,5014.85,5121.67,3673.8,243,8028
Cebu Pacific,DPL-MNL,2022.0,12,4754.16,45.47,5204.08,5161.32,3673.8,104,8028
Philippine Airlines,DPL-MNL,2022.0,12,3156.0480000000002,32.69,5204.08,5161.32,3673.8,104,8028
Cebu Pacific,DRP-MNL,2022.0,12,3010.9680000000003,45.47,5035.67,5944.65,3673.8,81,8028
Philippine Airlines,DRP-MNL,2022.0,12,3566.512,32.69,5035.67,5944.65,3673.8,81,8028
Cebu Pacific,DVO-BCD,2022.0,12,2060.136,45.47,10000.0,5043.85,3539.57,1072,678
Cebu Pacific,DVO-CEB,2022.0,12,6497.352000000001,45.47,5270.35,5043.85,2841.8,1072,2585
Philippine Airlines,DVO-CEB,2022.0,12,10434.512,32.69,5270.35,5043.85,2841.8,1072,2585
Cebgo,DVO-CGY,2022.0,12,1104.192,4.88,10000.0,5043.85,3229.96,1072,881
Cebgo,DVO-IAO,2022.0,12,736.128,4.88,10000.0,5043.85,5210.49,1072,342
Cebu Pacific,DVO-MNL,2022.0,12,46044.636,45.47,5555.92,5043.85,3673.8,1072,8028
Philippine Airlines,DVO-MNL,2022.0,12,23016.688000000002,32.69,5555.92,5043.85,3673.8,1072,8028
Philippine Airlines,DVO-TAG,2022.0,12,1208.768,32.69,10000.0,5043.85,3361.17,1072,402
Philippine Airlines,EUQ-MNL,2022.0,12,714.272,32.69,10000.0,10000.0,3673.8,27,8028
Cebu Pacific,GES-MNL,2022.0,12,14595.612000000001,45.47,5165.27,5179.77,3673.8,184,8028
Philippine Airlines,GES-MNL,2022.0,12,10104.848,32.69,5165.27,5179.77,3673.8,184,8028
Cebgo,IAO-CEB,2022.0,12,2699.136,4.88,5000.67,5210.49,2841.8,342,2585
Philippine Airlines,IAO-CEB,2022.0,12,2637.312,32.69,5000.67,5210.49,2841.8,342,2585
Cebgo,IAO-DVO,2022.0,12,736.128,4.88,10000.0,5210.49,5043.85,342,1072
Philippine Airlines,IAO-MNL,2022.0,12,2747.2000000000003,32.69,10000.0,5210.49,3673.8,342,8028
Cebgo,ILO-CEB,2022.0,12,3619.2960000000003,4.88,10000.0,3041.59,2841.8,884,2585
AirAsia,ILO-MNL,2022.0,12,23956.8,16.95,3378.09,3041.59,3673.8,884,8028
Cebu Pacific,ILO-MNL,2022.0,12,22877.904000000002,45.47,3378.09,3041.59,3673.8,884,8028
Philippine Airlines,ILO-MNL,2022.0,12,18173.536,32.69,3378.09,3041.59,3673.8,884,8028
AirAsia,KLO-MNL,2022.0,12,13592.880000000001,16.95,10000.0,10000.0,3673.8,175,8028
Philippine Airlines,LAO-MNL,2022.0,12,8505.008,32.69,10000.0,10000.0,3673.8,73,8028
Cebu Pacific,LGP-MNL,2022.0,12,9191.376,45.47,5123.27,5347.09,3673.8,223,8028
Philippine Airlines,LGP-MNL,2022.0,12,6696.704000000001,32.69,5123.27,5347.09,3673.8,223,8028
AirAsia,MNL-BCD,2022.0,12,9686.880000000001,16.95,3450.08,3673.8,3539.57,8028,678
Cebu Pacific,MNL-BCD,2022.0,12,15378.6,45.47,3450.08,3673.8,3539.57,8028,678
Philippine Airlines,MNL-BCD,2022.0,12,12246.048,32.69,3450.08,3673.8,3539.57,8028,678
Philippine Airlines,MNL-BSO,2022.0,12,1593.376,32.69,10000.0,3673.8,10000.0,8028,29
Cebu Pacific,MNL-BXU,2022.0,12,14262.480000000001,45.47,5496.58,3673.8,4686.68,8028,351
Philippine Airlines,MNL-BXU,2022.0,12,7427.136,32.69,5496.58,3673.8,4686.68,8028,351
Philippine Airlines,MNL-CBO,2022.0,12,3907.4880000000003,32.69,10000.0,3673.8,10000.0,8028,59
AirAsia,MNL-CEB,2022.0,12,22811.04,16.95,3315.58,3673.8,2841.8,8028,2585
Cebgo,MNL-CEB,2022.0,12,1042.848,4.88,3315.58,3673.8,2841.8,8028,2585
Cebu Pacific,MNL-CEB,2022.0,12,32220.936,45.47,3315.58,3673.8,2841.8,8028,2585
Philippine Airlines,MNL-CEB,2022.0,12,27556.032,32.69,3315.58,3673.8,2841.8,8028,2585
AirAsia,MNL-CGY,2022.0,12,4843.4400000000005,16.95,4343.08,3673.8,3229.96,8028,881
Cebu Pacific,MNL-CGY,2022.0,12,23801.472,45.47,4343.08,3673.8,3229.96,8028,881
Philippine Airlines,MNL-CGY,2022.0,12,13584.096000000001,32.69,4343.08,3673.8,3229.96,8028,881
Philippine Airlines,MNL-CRM,2022.0,12,659.328,32.69,10000.0,3673.8,10000.0,8028,12
Philippine Airlines,MNL-CYP,2022.0,12,769.216,32.69,10000.0,3673.8,5055.74,8028,59
Cebu Pacific,MNL-CYZ,2022.0,12,5071.104,45.47,10000.0,3673.8,10000.0,8028,61
Cebu Pacific,MNL-DGT,2022.0,12,13153.176000000001,45.47,5324.07,3673.8,5121.67,8028,243
Philippine Airlines,MNL-DGT,2022.0,12,7814.976000000001,32.69,5324.07,3673.8,5121.67,8028,243
Cebu Pacific,MNL-DPL,2022.0,12,4754.16,45.47,5124.86,3673.8,5161.32,8028,104
Philippine Airlines,MNL-DPL,2022.0,12,3456.6240000000003,32.69,5124.86,3673.8,5161.32,8028,104
Cebu Pacific,MNL-DRP,2022.0,12,316.944,45.47,8854.39,3673.8,5944.65,8028,81
Philippine Airlines,MNL-DRP,2022.0,12,4878.704000000001,32.69,8854.39,3673.8,5944.65,8028,81
AirAsia,MNL-DVO,2022.0,12,156.24,16.95,5537.65,3673.8,5043.85,8028,1072
Cebu Pacific,MNL-DVO,2022.0,12,46986.948000000004,45.47,5537.65,3673.8,5043.85,8028,1072
Philippine Airlines,MNL-DVO,2022.0,12,23388.368000000002,32.69,5537.65,3673.8,5043.85,8028,1072
Philippine Airlines,MNL-EUQ,2022.0,12,769.216,32.69,10000.0,3673.8,10000.0,8028,27
Cebu Pacific,MNL-GES,2022.0,12,15541.332,45.47,5194.13,3673.8,5179.77,8028,184
Philippine Airlines,MNL-GES,2022.0,12,10424.816,32.69,5194.13,3673.8,5179.77,8028,184
Philippine Airlines,MNL-IAO,2022.0,12,3681.248,32.69,10000.0,3673.8,5210.49,8028,342
AirAsia,MNL-ILO,2022.0,12,18123.84,16.95,3402.82,3673.8,3041.59,8028,884
Cebu Pacific,MNL-ILO,2022.0,12,25834.344,45.47,3402.82,3673.8,3041.59,8028,884
Philippine Airlines,MNL-ILO,2022.0,12,21570.368000000002,32.69,3402.82,3673.8,3041.59,8028,884
AirAsia,MNL-KLO,2022.0,12,13749.12,16.95,10000.0,3673.8,10000.0,8028,175
Philippine Airlines,MNL-LAO,2022.0,12,3839.616,32.69,10000.0,3673.8,10000.0,8028,73
Cebu Pacific,MNL-LGP,2022.0,12,11885.400000000001,45.47,5648.95,3673.8,5347.09,8028,223
Philippine Airlines,MNL-LGP,2022.0,12,5589.744000000001,32.69,5648.95,3673.8,5347.09,8028,223
Philippine Airlines,MNL-MNL,2022.0,12,300.576,32.69,10000.0,3673.8,3673.8,8028,8028
AirAsia,MNL-MPH,2022.0,12,14842.800000000001,16.95,3444.92,3673.8,3449.5,8028,844
Cebgo,MNL-MPH,2022.0,12,2024.352,4.88,3444.92,3673.8,3449.5,8028,844
Cebu Pacific,MNL-MPH,2022.0,12,24246.216,45.47,3444.92,3673.8,3449.5,8028,844
Philippine Airlines,MNL-MPH,2022.0,12,10836.896,32.69,3444.92,3673.8,3449.5,8028,844
Cebu Pacific,MNL-OZC,2022.0,12,7289.712,45.47,10000.0,3673.8,5593.52,8028,142
Cebu Pacific,MNL-PAG,2022.0,12,4595.688,45.47,10000.0,3673.8,6632.65,8028,150
AirAsia,MNL-PPS,2022.0,12,4843.4400000000005,16.95,3770.96,3673.8,3452.74,8028,420
AirSWIFT,MNL-PPS,2022.0,12,122.688,0.01,3770.96,3673.8,3452.74,8028,420
Cebu Pacific,MNL-PPS,2022.0,12,10133.688,45.47,3770.96,3673.8,3452.74,8028,420
Philippine Airlines,MNL-PPS,2022.0,12,4776.896000000001,32.69,3770.96,3673.8,3452.74,8028,420
AirAsia,MNL-TAC,2022.0,12,9218.16,16.95,3388.08,3673.8,3121.29,8028,640
Cebu Pacific,MNL-TAC,2022.0,12,9032.904,45.47,3388.08,3673.8,3121.29,8028,640
Philippine Airlines,MNL-TAC,2022.0,12,11848.512,32.69,3388.08,3673.8,3121.29,8028,640
AirAsia,MNL-TAG,2022.0,12,9686.880000000001,16.95,3463.15,3673.8,3361.17,8028,402
Cebu Pacific,MNL-TAG,2022.0,12,5962.296,45.47,3463.15,3673.8,3361.17,8028,402
Philippine Airlines,MNL-TAG,2022.0,12,9031.824,32.69,3463.15,3673.8,3361.17,8028,402
Cebu Pacific,MNL-TUG,2022.0,12,4912.6320000000005,45.47,10000.0,3673.8,10000.0,8028,94
Cebgo,MNL-USU,2022.0,12,1778.976,4.88,10000.0,3673.8,5664.27,8028,266
Cebu Pacific,MNL-VRC,2022.0,12,158.472,45.47,10000.0,3673.8,10000.0,8028,2
Cebgo,MNL-WNP,2022.0,12,3557.952,4.88,10000.0,3673.8,10000.0,8028,113
Cebu Pacific,MPH-CEB,2022.0,12,1426.248,45.47,5281.64,3449.5,2841.8,844,2585
Philippine Airlines,MPH-CEB,2022.0,12,879.104,32.69,5281.64,3449.5,2841.8,844,2585
Cebu Pacific,MPH-ILO,2022.0,12,158.472,45.47,10000.0,3449.5,3041.59,844,884
AirAsia,MPH-MNL,2022.0,12,19373.760000000002,16.95,3420.52,3449.5,3673.8,844,8028
Cebgo,MPH-MNL,2022.0,12,1901.664,4.88,3420.52,3449.5,3673.8,844,8028
Cebu Pacific,MPH-MNL,2022.0,12,29000.376,45.47,3420.52,3449.5,3673.8,844,8028
Philippine Airlines,MPH-MNL,2022.0,12,14178.784000000001,32.69,3420.52,3449.5,3673.8,844,8028
Cebgo,OZC-CEB,2022.0,12,1533.6000000000001,4.88,10000.0,5593.52,2841.8,142,2585
Cebu Pacific,OZC-MNL,2022.0,12,6814.296,45.47,5305.63,5593.52,3673.8,142,8028
Philippine Airlines,OZC-MNL,2022.0,12,4112.72,32.69,5305.63,5593.52,3673.8,142,8028
Cebgo,PAG-CEB,2022.0,12,2821.824,4.88,8993.08,6632.65,2841.8,150,2585
Cebu Pacific,PAG-CEB,2022.0,12,158.472,45.47,8993.08,6632.65,2841.8,150,2585
Cebu Pacific,PAG-MNL,2022.0,12,9191.376,45.47,10000.0,6632.65,3673.8,150,8028
Philippine Airlines,PPS-CEB,2022.0,12,1688.72,32.69,10000.0,3452.74,2841.8,420,2585
AirAsia,PPS-MNL,2022.0,12,9686.880000000001,16.95,3451.36,3452.74,3673.8,420,8028
Cebu Pacific,PPS-MNL,2022.0,12,9816.744,45.47,3451.36,3452.74,3673.8,420,8028
Philippine Airlines,PPS-MNL,2022.0,12,14240.192000000001,32.69,3451.36,3452.74,3673.8,420,8028
AirAsia,RXS-MNL,2022.0,12,2031.1200000000001,16.95,3730.22,3730.22,3673.8,66,8028
Cebu Pacific,RXS-MNL,2022.0,12,4912.6320000000005,45.47,3730.22,3730.22,3673.8,66,8028
Philippine Airlines,RXS-MNL,2022.0,12,3306.3360000000002,32.69,3730.22,3730.22,3673.8,66,8028
Cebgo,SUG-CEB,2022.0,12,552.096,4.88,10000.0,10000.0,2841.8,10,2585
Cebgo,TAC-CEB,2022.0,12,1656.288,4.88,5064.4,3121.29,2841.8,640,2585
Philippine Airlines,TAC-CEB,2022.0,12,1318.656,32.69,5064.4,3121.29,2841.8,640,2585
AirAsia,TAC-MNL,2022.0,12,17848.32,16.95,3570.01,3121.29,3673.8,640,8028
Cebu Pacific,TAC-MNL,2022.0,12,23453.856,45.47,3570.01,3121.29,3673.8,640,8028
Philippine Airlines,TAC-MNL,2022.0,12,11884.064,32.69,3570.01,3121.29,3673.8,640,8028
Philippine Airlines,TAG-DVO,2022.0,12,1208.768,32.69,10000.0,3361.17,5043.85,402,1072
AirAsia,TAG-MNL,2022.0,12,9686.880000000001,16.95,3715.19,3361.17,3673.8,402,8028
Cebu Pacific,TAG-MNL,2022.0,12,17849.4,45.47,3715.19,3361.17,3673.8,402,8028
Philippine Airlines,TAG-MNL,2022.0,12,8731.248,32.69,3715.19,3361.17,3673.8,402,8028
Cebu Pacific,TUG-MNL,2022.0,12,9983.736,45.47,10000.0,10000.0,3673.8,94,8028
Cebgo,USU-CEB,2022.0,12,1901.664,4.88,5025.46,5664.27,2841.8,266,2585
Philippine Airlines,USU-CEB,2022.0,12,1648.3200000000002,32.69,5025.46,5664.27,2841.8,266,2585
Cebgo,USU-MNL,2022.0,12,5152.896,4.88,6265.77,5664.27,3673.8,266,8028
Philippine Airlines,USU-MNL,2022.0,12,1703.2640000000001,32.69,6265.77,5664.27,3673.8,266,8028
Cebu Pacific,VRC-MNL,2022.0,12,158.472,45.47,10000.0,10000.0,3673.8,2,8028
Cebgo,WNP-MNL,2022.0,12,3373.92,4.88,10000.0,10000.0,3673.8,113,8028
Philippine Airlines,ZAM-CEB,2022.0,12,1648.3200000000002,32.69,10000.0,5754.62,2841.8,203,2585
Cebu Pacific,ZAM-MNL,2022.0,12,17419.992000000002,45.47,6044.88,5754.62,3673.8,203,8028
Philippine Airlines,ZAM-MNL,2022.0,12,6489.856000000001,32.69,6044.88,5754.62,3673.8,203,8028
Cebu Pacific,ZAM-TWT,2022.0,12,4595.688,45.47,6285.94,5754.62,5823.42,203,47
Philippine Airlines,ZAM-TWT,2022.0,12,1502.88,32.69,6285.94,5754.62,5823.42,203,47
Philippine Airlines,BCD-CEB,2023.0,1,1398.4879999999998,33.13,10000.0,3520.21,2930.19,675,2407
Cebu Pacific,BCD-DVO,2023.0,1,2091.5699999999997,44.55,10000.0,3520.21,4972.28,675,1046
AirAsia,BCD-MNL,2023.0,1,14563.8,18.2,3499.33,3520.21,3612.55,675,7861
Cebu Pacific,BCD-MNL,2023.0,1,25642.059999999998,44.55,3499.33,3520.21,3612.55,675,7861
Philippine Airlines,BCD-MNL,2023.0,1,20719.454,33.13,3499.33,3520.21,3612.55,675,7861
Philippine Airlines,BPA-CEB,2023.0,1,322.72799999999995,33.13,10000.0,10000.0,2930.19,13,2407
Cebgo,BXU-CEB,2023.0,1,1245.6,4.11,5633.42,4816.59,2930.19,342,2407
Philippine Airlines,BXU-CEB,2023.0,1,591.668,33.13,5633.42,4816.59,2930.19,342,2407
Cebu Pacific,BXU-MNL,2023.0,1,13997.429999999998,44.55,5438.16,4816.59,3612.55,342,7861
Philippine Airlines,BXU-MNL,2023.0,1,7603.092000000001,33.13,5438.16,4816.59,3612.55,342,7861
Philippine Airlines,CBO-MNL,2023.0,1,4119.528,33.13,10000.0,10000.0,3612.55,65,7861
Philippine Airlines,CBO-TWT,2023.0,1,430.304,33.13,10000.0,10000.0,5872.27,65,50
Philippine Airlines,CEB-BCD,2023.0,1,1452.2759999999998,33.13,10000.0,2930.19,3520.21,2407,675
Philippine Airlines,CEB-BPA,2023.0,1,376.51599999999996,33.13,10000.0,2930.19,10000.0,2407,13
Cebgo,CEB-BXU,2023.0,1,1245.6,4.11,5303.69,2930.19,4816.59,2407,342
Philippine Airlines,CEB-BXU,2023.0,1,753.0319999999999,33.13,5303.69,2930.19,4816.59,2407,342
Cebgo,CEB-CEB,2023.0,1,62.28,4.11,10000.0,2930.19,2930.19,2407,2407
Cebgo,CEB-CGY,2023.0,1,4235.04,4.11,5249.13,2930.19,3378.57,2407,773
Philippine Airlines,CEB-CGY,2023.0,1,2689.3999999999996,33.13,5249.13,2930.19,3378.57,2407,773
Cebgo,CEB-CRK,2023.0,1,249.12,4.11,10000.0,2930.19,8158.84,2407,9
Cebgo,CEB-CYP,2023.0,1,1058.76,4.11,10000.0,2930.19,5489.32,2407,53
Cebu Pacific,CEB-DVO,2023.0,1,6113.82,44.55,5295.65,2930.19,4972.28,2407,1046
Philippine Airlines,CEB-DVO,2023.0,1,10042.536,33.13,5295.65,2930.19,4972.28,2407,1046
Cebgo,CEB-IAO,2023.0,1,3425.4,4.11,5007.29,2930.19,5496.99,2407,374
Philippine Airlines,CEB-IAO,2023.0,1,3173.4919999999997,33.13,5007.29,2930.19,5496.99,2407,374
Cebgo,CEB-ILO,2023.0,1,2864.88,4.11,10000.0,2930.19,3109.56,2407,850
AirAsia,CEB-MNL,2023.0,1,19094.76,18.2,3706.16,2930.19,3612.55,2407,7861
Cebu Pacific,CEB-MNL,2023.0,1,42231.03,44.55,3706.16,2930.19,3612.55,2407,7861
Philippine Airlines,CEB-MNL,2023.0,1,25830.896,33.13,3706.16,2930.19,3612.55,2407,7861
Philippine Airlines,CEB-MPH,2023.0,1,1452.2759999999998,33.13,10000.0,2930.19,3365.53,2407,800
Cebgo,CEB-OZC,2023.0,1,62.28,4.11,10000.0,2930.19,5476.82,2407,135
Cebgo,CEB-PAG,2023.0,1,809.64,4.11,10000.0,2930.19,6648.88,2407,124
Philippine Airlines,CEB-PPS,2023.0,1,3227.2799999999997,33.13,10000.0,2930.19,3428.37,2407,410
Cebgo,CEB-TAC,2023.0,1,1432.44,4.11,5013.5,2930.19,3211.78,2407,587
Philippine Airlines,CEB-TAC,2023.0,1,1290.9119999999998,33.13,5013.5,2930.19,3211.78,2407,587
Cebgo,CEB-USU,2023.0,1,1806.1200000000001,4.11,5015.84,2930.19,5721.18,2407,260
Philippine Airlines,CEB-USU,2023.0,1,1613.6399999999999,33.13,5015.84,2930.19,5721.18,2407,260
Philippine Airlines,CEB-ZAM,2023.0,1,53.788,33.13,10000.0,2930.19,5595.13,2407,199
Cebu Pacific,CGK-MNL,2023.0,1,160.89,44.55,10000.0,10000.0,3612.55,2,7861
Cebgo,CGY-CEB,2023.0,1,4546.4400000000005,4.11,5353.93,3378.57,2930.19,773,2407
Philippine Airlines,CGY-CEB,2023.0,1,2635.6119999999996,33.13,5353.93,3378.57,2930.19,773,2407
Cebgo,CGY-DVO,2023.0,1,1058.76,4.11,10000.0,3378.57,4972.28,773,1046
AirAsia,CGY-MNL,2023.0,1,5016.42,18.2,4086.23,3378.57,3612.55,773,7861
Cebu Pacific,CGY-MNL,2023.0,1,20984.899999999998,44.55,4086.23,3378.57,3612.55,773,7861
Philippine Airlines,CGY-MNL,2023.0,1,16315.166000000001,33.13,4086.23,3378.57,3612.55,773,7861
Cebgo,CRK-CEB,2023.0,1,249.12,4.11,10000.0,8158.84,2930.19,9,2407
Philippine Airlines,CRK-MNL,2023.0,1,56.952,33.13,10000.0,8158.84,3612.55,9,7861
Cebgo,CYP-CEB,2023.0,1,996.48,4.11,10000.0,5489.32,2930.19,53,2407
Philippine Airlines,CYP-MNL,2023.0,1,430.304,33.13,10000.0,5489.32,3612.55,53,7861
Cebu Pacific,CYZ-MNL,2023.0,1,4826.7,44.55,10000.0,10000.0,3612.55,60,7861
Cebu Pacific,DGT-MNL,2023.0,1,8688.06,44.55,5072.41,5265.16,3612.55,232,7861
Philippine Airlines,DGT-MNL,2023.0,1,6821.584,33.13,5072.41,5265.16,3612.55,232,7861
Cebu Pacific,DPL-MNL,2023.0,1,4665.8099999999995,44.55,5049.0,5068.48,3612.55,110,7861
Philippine Airlines,DPL-MNL,2023.0,1,3825.2760000000003,33.13,5049.0,5068.48,3612.55,110,7861
Cebu Pacific,DRP-MNL,2023.0,1,11101.41,44.55,5020.9,5032.22,3612.55,249,7861
Philippine Airlines,DRP-MNL,2023.0,1,9753.03,33.13,5020.9,5032.22,3612.55,249,7861
Cebu Pacific,DVO-BCD,2023.0,1,2091.5699999999997,44.55,10000.0,4972.28,3520.21,1046,675
Cebu Pacific,DVO-CEB,2023.0,1,6113.82,44.55,5283.45,4972.28,2930.19,1046,2407
Philippine Airlines,DVO-CEB,2023.0,1,9934.960000000001,33.13,5283.45,4972.28,2930.19,1046,2407
Cebgo,DVO-CGY,2023.0,1,1058.76,4.11,10000.0,4972.28,3378.57,1046,773
Cebgo,DVO-IAO,2023.0,1,747.36,4.11,10000.0,4972.28,5496.99,1046,374
Cebu Pacific,DVO-MNL,2023.0,1,40954.29,44.55,5434.87,4972.28,3612.55,1046,7861
Philippine Airlines,DVO-MNL,2023.0,1,22299.872,33.13,5434.87,4972.28,3612.55,1046,7861
Philippine Airlines,DVO-TAG,2023.0,1,1075.76,33.13,10000.0,4972.28,3376.93,1046,384
Philippine Airlines,EUQ-MNL,2023.0,1,699.2439999999999,33.13,10000.0,10000.0,3612.55,26,7861
Cebu Pacific,GES-MNL,2023.0,1,13316.675,44.55,5105.76,5105.76,3612.55,180,7861
Philippine Airlines,GES-MNL,2023.0,1,9934.960000000001,33.13,5105.76,5105.76,3612.55,180,7861
Cebgo,IAO-CEB,2023.0,1,2242.08,4.11,5120.45,5496.99,2930.19,374,2407
Philippine Airlines,IAO-CEB,2023.0,1,3065.9159999999997,33.13,5120.45,5496.99,2930.19,374,2407
Cebgo,IAO-DVO,2023.0,1,809.64,4.11,10000.0,5496.99,4972.28,374,1046
Philippine Airlines,IAO-MNL,2023.0,1,2904.5519999999997,33.13,10000.0,5496.99,3612.55,374,7861
Cebgo,ILO-CEB,2023.0,1,3051.7200000000003,4.11,10000.0,3109.56,2930.19,850,2407
AirAsia,ILO-MNL,2023.0,1,25383.12,18.2,3452.36,3109.56,3612.55,850,7861
Cebu Pacific,ILO-MNL,2023.0,1,22791.019999999997,44.55,3452.36,3109.56,3612.55,850,7861
Philippine Airlines,ILO-MNL,2023.0,1,15834.238000000001,33.13,3452.36,3109.56,3612.55,850,7861
AirAsia,KLO-MNL,2023.0,1,14887.439999999999,18.2,9788.46,9893.66,3612.55,186,7861
Cebu Pacific,KLO-MNL,2023.0,1,160.89,44.55,9788.46,9893.66,3612.55,186,7861
Philippine Airlines,LAO-MNL,2023.0,1,8098.258000000001,33.13,10000.0,10000.0,3612.55,68,7861
Cebu Pacific,LGP-MNL,2023.0,1,643.56,44.55,10000.0,10000.0,3612.55,41,7861
AirAsia,MNL-BCD,2023.0,1,9871.02,18.2,3424.65,3612.55,3520.21,7861,675
Cebu Pacific,MNL-BCD,2023.0,1,14931.63,44.55,3424.65,3612.55,3520.21,7861,675
Philippine Airlines,MNL-BCD,2023.0,1,13042.008,33.13,3424.65,3612.55,3520.21,7861,675
Philippine Airlines,MNL-BSO,2023.0,1,1506.0639999999999,33.13,10000.0,3612.55,10000.0,7861,28
Cebu Pacific,MNL-BXU,2023.0,1,13997.429999999998,44.55,5464.87,3612.55,4816.59,7861,342
Philippine Airlines,MNL-BXU,2023.0,1,7455.966,33.13,5464.87,3612.55,4816.59,7861,342
Philippine Airlines,MNL-CBO,2023.0,1,4266.654,33.13,10000.0,3612.55,10000.0,7861,65
AirAsia,MNL-CEB,2023.0,1,24434.82,18.2,3317.98,3612.55,2930.19,7861,2407
Cebgo,MNL-CEB,2023.0,1,622.8,4.11,3317.98,3612.55,2930.19,7861,2407
Cebu Pacific,MNL-CEB,2023.0,1,30776.699999999997,44.55,3317.98,3612.55,2930.19,7861,2407
Philippine Airlines,MNL-CEB,2023.0,1,25490.766,33.13,3317.98,3612.55,2930.19,7861,2407
Cebu Pacific,MNL-CGK,2023.0,1,160.89,44.55,10000.0,3612.55,10000.0,7861,2
AirAsia,MNL-CGY,2023.0,1,5178.24,18.2,4323.17,3612.55,3378.57,7861,773
Cebu Pacific,MNL-CGY,2023.0,1,23152.59,44.55,4323.17,3612.55,3378.57,7861,773
Philippine Airlines,MNL-CGY,2023.0,1,12342.764000000001,33.13,4323.17,3612.55,3378.57,7861,773
Philippine Airlines,MNL-CRM,2023.0,1,537.88,33.13,10000.0,3612.55,10000.0,7861,10
Philippine Airlines,MNL-CYP,2023.0,1,645.4559999999999,33.13,10000.0,3612.55,5489.32,7861,53
Cebu Pacific,MNL-CYZ,2023.0,1,4826.7,44.55,10000.0,3612.55,10000.0,7861,60
Cebu Pacific,MNL-DGT,2023.0,1,13353.869999999999,44.55,5493.58,3612.55,5265.16,7861,232
Philippine Airlines,MNL-DGT,2023.0,1,6968.71,33.13,5493.58,3612.55,5265.16,7861,232
Cebu Pacific,MNL-DPL,2023.0,1,4826.7,44.55,5091.19,3612.55,5068.48,7861,110
Philippine Airlines,MNL-DPL,2023.0,1,3678.15,33.13,5091.19,3612.55,5068.48,7861,110
Cebu Pacific,MNL-DRP,2023.0,1,5631.15,44.55,5377.75,3612.55,5032.22,7861,249
Philippine Airlines,MNL-DRP,2023.0,1,9900.156,33.13,5377.75,3612.55,5032.22,7861,249
Cebu Pacific,MNL-DVO,2023.0,1,42351.265,44.55,5450.57,3612.55,4972.28,7861,1046
Philippine Airlines,MNL-DVO,2023.0,1,22795.038,33.13,5450.57,3612.55,4972.28,7861,1046
AirSWIFT,MNL-ENI,2023.0,1,43.25,0.01,10000.0,3612.55,10000.0,7861,1
Philippine Airlines,MNL-EUQ,2023.0,1,699.2439999999999,33.13,10000.0,3612.55,10000.0,7861,26
Cebu Pacific,MNL-GES,2023.0,1,13316.675,44.55,5105.76,3612.55,5105.76,7861,180
Philippine Airlines,MNL-GES,2023.0,1,9934.960000000001,33.13,5105.76,3612.55,5105.76,7861,180
Philippine Airlines,MNL-IAO,2023.0,1,4733.344,33.13,10000.0,3612.55,5496.99,7861,374
AirAsia,MNL-ILO,2023.0,1,19580.219999999998,18.2,3375.59,3612.55,3109.56,7861,850
Cebu Pacific,MNL-ILO,2023.0,1,24683.64,44.55,3375.59,3612.55,3109.56,7861,850
Philippine Airlines,MNL-ILO,2023.0,1,19615.218,33.13,3375.59,3612.55,3109.56,7861,850
AirAsia,MNL-KLO,2023.0,1,15049.26,18.2,10000.0,3612.55,9893.66,7861,186
Philippine Airlines,MNL-LAO,2023.0,1,3820.53,33.13,10000.0,3612.55,10000.0,7861,68
Cebu Pacific,MNL-LGP,2023.0,1,5952.929999999999,44.55,10000.0,3612.55,10000.0,7861,41
Cebu Pacific,MNL-MNL,2023.0,1,198.95,44.55,5232.99,3612.55,3612.55,7861,7861
Philippine Airlines,MNL-MNL,2023.0,1,308.49,33.13,5232.99,3612.55,3612.55,7861,7861
AirAsia,MNL-MPH,2023.0,1,14078.34,18.2,3571.13,3612.55,3365.53,7861,800
Cebgo,MNL-MPH,2023.0,1,1681.56,4.11,3571.13,3612.55,3365.53,7861,800
Cebu Pacific,MNL-MPH,2023.0,1,22846.379999999997,44.55,3571.13,3612.55,3365.53,7861,800
Philippine Airlines,MNL-MPH,2023.0,1,8669.36,33.13,3571.13,3612.55,3365.53,7861,800
Cebu Pacific,MNL-OZC,2023.0,1,6596.49,44.55,10000.0,3612.55,5476.82,7861,135
Cebu Pacific,MNL-PAG,2023.0,1,3539.58,44.55,10000.0,3612.55,6648.88,7861,124
AirAsia,MNL-PPS,2023.0,1,4854.599999999999,18.2,3743.73,3612.55,3428.37,7861,410
AirSWIFT,MNL-PPS,2023.0,1,124.56,0.01,3743.73,3612.55,3428.37,7861,410
Cebu Pacific,MNL-PPS,2023.0,1,9949.23,44.55,3743.73,3612.55,3428.37,7861,410
Philippine Airlines,MNL-PPS,2023.0,1,4780.804,33.13,3743.73,3612.55,3428.37,7861,410
AirAsia,MNL-TAC,2023.0,1,10032.84,18.2,3520.18,3612.55,3211.78,7861,587
Cebu Pacific,MNL-TAC,2023.0,1,6596.49,44.55,3520.18,3612.55,3211.78,7861,587
Philippine Airlines,MNL-TAC,2023.0,1,12091.226,33.13,3520.18,3612.55,3211.78,7861,587
AirAsia,MNL-TAG,2023.0,1,9871.02,18.2,3477.64,3612.55,3376.93,7861,384
Cebu Pacific,MNL-TAG,2023.0,1,5854.32,44.55,3477.64,3612.55,3376.93,7861,384
Philippine Airlines,MNL-TAG,2023.0,1,7921.0740000000005,33.13,3477.64,3612.55,3376.93,7861,384
Cebu Pacific,MNL-TUG,2023.0,1,7079.16,44.55,10000.0,3612.55,10000.0,7861,100
Cebgo,MNL-USU,2023.0,1,1868.4,4.11,10000.0,3612.55,5721.18,7861,260
Cebu Pacific,MNL-VRC,2023.0,1,2413.35,44.55,10000.0,3612.55,10000.0,7861,30
Cebgo,MNL-WNP,2023.0,1,3176.28,4.11,10000.0,3612.55,10000.0,7861,99
Philippine Airlines,MPH-CEB,2023.0,1,1506.0639999999999,33.13,10000.0,3365.53,2930.19,800,2407
AirAsia,MPH-MNL,2023.0,1,18609.3,18.2,3342.15,3365.53,3612.55,800,7861
Cebgo,MPH-MNL,2023.0,1,1743.8400000000001,4.11,3342.15,3365.53,3612.55,800,7861
Cebu Pacific,MPH-MNL,2023.0,1,27351.3,44.55,3342.15,3365.53,3612.55,800,7861
Philippine Airlines,MPH-MNL,2023.0,1,15731.408000000001,33.13,3342.15,3365.53,3612.55,800,7861
Cebgo,OZC-CEB,2023.0,1,1619.28,4.11,10000.0,5476.82,2930.19,135,2407
Cebu Pacific,OZC-MNL,2023.0,1,6274.709999999999,44.55,5294.08,5476.82,3612.55,135,7861
Philippine Airlines,OZC-MNL,2023.0,1,3825.2760000000003,33.13,5294.08,5476.82,3612.55,135,7861
Cebu Pacific,OZC-OZC,2023.0,1,160.89,44.55,10000.0,5476.82,5476.82,135,135
Cebgo,PAG-CEB,2023.0,1,2366.64,4.11,10000.0,6648.88,2930.19,124,2407
Cebu Pacific,PAG-MNL,2023.0,1,8205.39,44.55,10000.0,6648.88,3612.55,124,7861
Philippine Airlines,PPS-CEB,2023.0,1,1613.6399999999999,33.13,10000.0,3428.37,2930.19,410,2407
AirAsia,PPS-MNL,2023.0,1,9871.02,18.2,3407.29,3428.37,3612.55,410,7861
Cebu Pacific,PPS-MNL,2023.0,1,10253.71,44.55,3407.29,3428.37,3612.55,410,7861
Philippine Airlines,PPS-MNL,2023.0,1,13598.872000000001,33.13,3407.29,3428.37,3612.55,410,7861
AirAsia,RXS-MNL,2023.0,1,2103.66,18.2,3614.78,3614.78,3612.55,67,7861
Cebu Pacific,RXS-MNL,2023.0,1,4504.92,44.55,3614.78,3614.78,3612.55,67,7861
Philippine Airlines,RXS-MNL,2023.0,1,3825.2760000000003,33.13,3614.78,3614.78,3612.55,67,7861
Cebgo,SUG-CEB,2023.0,1,249.12,4.11,10000.0,10000.0,2930.19,4,2407
Cebgo,TAC-CEB,2023.0,1,249.12,4.11,7288.09,3211.78,2930.19,587,2407
Philippine Airlines,TAC-CEB,2023.0,1,1290.9119999999998,33.13,7288.09,3211.78,2930.19,587,2407
AirAsia,TAC-MNL,2023.0,1,19294.86,18.2,3471.28,3211.78,3612.55,587,7861
Cebu Pacific,TAC-MNL,2023.0,1,20272.14,44.55,3471.28,3211.78,3612.55,587,7861
Philippine Airlines,TAC-MNL,2023.0,1,12361.748,33.13,3471.28,3211.78,3612.55,587,7861
Philippine Airlines,TAG-DVO,2023.0,1,1129.548,33.13,10000.0,3376.93,4972.28,384,1046
AirAsia,TAG-MNL,2023.0,1,9547.38,18.2,3771.23,3376.93,3612.55,384,7861
Cebu Pacific,TAG-MNL,2023.0,1,17791.32,44.55,3771.23,3376.93,3612.55,384,7861
Philippine Airlines,TAG-MNL,2023.0,1,8068.200000000001,33.13,3771.23,3376.93,3612.55,384,7861
Cebu Pacific,TUG-MNL,2023.0,1,9009.84,44.55,10000.0,10000.0,3612.55,100,7861
Cebgo,USU-CEB,2023.0,1,1806.1200000000001,4.11,5026.76,5721.18,2930.19,260,2407
Philippine Airlines,USU-CEB,2023.0,1,1559.8519999999999,33.13,5026.76,5721.18,2930.19,260,2407
Cebgo,USU-MNL,2023.0,1,5169.24,4.11,6373.94,5721.18,3612.55,260,7861
Philippine Airlines,USU-MNL,2023.0,1,1613.6399999999999,33.13,6373.94,5721.18,3612.55,260,7861
Cebu Pacific,VRC-MNL,2023.0,1,2413.35,44.55,10000.0,10000.0,3612.55,30,7861
Cebgo,WNP-MNL,2023.0,1,2989.44,4.11,10000.0,10000.0,3612.55,99,7861
Philippine Airlines,ZAM-CEB,2023.0,1,1452.2759999999998,33.13,10000.0,5595.13,2930.19,199,2407
Cebu Pacific,ZAM-MNL,2023.0,1,14386.679999999998,44.55,5761.28,5595.13,3612.55,199,7861
Philippine Airlines,ZAM-MNL,2023.0,1,6310.598,33.13,5761.28,5595.13,3612.55,199,7861
Cebu Pacific,ZAM-TWT,2023.0,1,4987.589999999999,44.55,6300.62,5595.13,5872.27,199,50
Philippine Airlines,ZAM-TWT,2023.0,1,1618.386,33.13,6300.62,5595.13,5872.27,199,50
Cebgo,BCD-CEB,2023.0,2,437.47200000000004,3.73,5889.59,3532.11,2981.79,612,2170
Philippine Airlines,BCD-CEB,2023.0,2,1075.76,32.5,5889.59,3532.11,2981.79,612,2170
Cebu Pacific,BCD-DVO,2023.0,2,1937.3760000000002,46.41,10000.0,3532.11,5075.55,612,913
AirAsia,BCD-MNL,2023.0,2,13269.24,17.35,3549.97,3532.11,3718.48,612,7261
Cebu Pacific,BCD-MNL,2023.0,2,24744.944,46.41,3549.97,3532.11,3718.48,612,7261
Philippine Airlines,BCD-MNL,2023.0,2,17637.718,32.5,3549.97,3532.11,3718.48,612,7261
Philippine Airlines,BPA-CEB,2023.0,2,430.304,32.5,10000.0,10000.0,2981.79,16,2170
Cebgo,BXU-CEB,2023.0,2,937.44,3.73,10000.0,5014.79,2981.79,298,2170
Cebu Pacific,BXU-MNL,2023.0,2,13723.08,46.41,5477.45,5014.79,3718.48,298,7261
Philippine Airlines,BXU-MNL,2023.0,2,7243.978,32.5,5477.45,5014.79,3718.48,298,7261
Philippine Airlines,CBO-MNL,2023.0,2,3678.15,32.5,10000.0,10000.0,3718.48,57,7261
Philippine Airlines,CBO-TWT,2023.0,2,430.304,32.5,10000.0,10000.0,5831.53,57,46
Cebgo,CEB-BCD,2023.0,2,437.47200000000004,3.73,5975.28,2981.79,3532.11,2170,612
Philippine Airlines,CEB-BCD,2023.0,2,1129.548,32.5,5975.28,2981.79,3532.11,2170,612
Philippine Airlines,CEB-BPA,2023.0,2,430.304,32.5,10000.0,2981.79,10000.0,2170,16
Cebgo,CEB-BXU,2023.0,2,999.936,3.73,10000.0,2981.79,5014.79,2170,298
Philippine Airlines,CEB-CEB,2023.0,2,53.788,32.5,10000.0,2981.79,2981.79,2170,2170
Cebgo,CEB-CGY,2023.0,2,3187.2960000000003,3.73,5010.77,2981.79,3526.76,2170,682
Philippine Airlines,CEB-CGY,2023.0,2,2904.5519999999997,32.5,5010.77,2981.79,3526.76,2170,682
Cebgo,CEB-CRK,2023.0,2,187.488,3.73,10000.0,2981.79,10000.0,2170,6
Cebgo,CEB-CYP,2023.0,2,749.952,3.73,10000.0,2981.79,5069.6,2170,46
Cebu Pacific,CEB-DVO,2023.0,2,5812.128000000001,46.41,5141.82,2981.79,5075.55,2170,913
Philippine Airlines,CEB-DVO,2023.0,2,8166.284000000001,32.5,5141.82,2981.79,5075.55,2170,913
Cebgo,CEB-IAO,2023.0,2,3374.784,3.73,5011.5,2981.79,5377.53,2170,359
Philippine Airlines,CEB-IAO,2023.0,2,3065.9159999999997,32.5,5011.5,2981.79,5377.53,2170,359
Cebgo,CEB-ILO,2023.0,2,3187.2960000000003,3.73,10000.0,2981.79,3078.92,2170,790
AirAsia,CEB-MNL,2023.0,2,16991.1,17.35,3785.57,2981.79,3718.48,2170,7261
Cebu Pacific,CEB-MNL,2023.0,2,40466.159999999996,46.41,3785.57,2981.79,3718.48,2170,7261
Philippine Airlines,CEB-MNL,2023.0,2,23317.098,32.5,3785.57,2981.79,3718.48,2170,7261
Philippine Airlines,CEB-MPH,2023.0,2,3383.898,32.5,10000.0,2981.79,3542.72,2170,703
Cebgo,CEB-PAG,2023.0,2,499.968,3.73,10000.0,2981.79,6931.55,2170,109
Philippine Airlines,CEB-PPS,2023.0,2,3119.7039999999997,32.5,10000.0,2981.79,3505.91,2170,410
Cebgo,CEB-TAC,2023.0,2,1062.432,3.73,5068.75,2981.79,3203.63,2170,569
Philippine Airlines,CEB-TAC,2023.0,2,1344.6999999999998,32.5,5068.75,2981.79,3203.63,2170,569
Cebgo,CEB-USU,2023.0,2,1749.8880000000001,3.73,5028.04,2981.79,5772.65,2170,244
Philippine Airlines,CEB-USU,2023.0,2,1506.0639999999999,32.5,5028.04,2981.79,5772.65,2170,244
Cebgo,CGY-CEB,2023.0,2,3187.2960000000003,3.73,5021.27,3526.76,2981.79,682,2170
Philippine Airlines,CGY-CEB,2023.0,2,2796.9759999999997,32.5,5021.27,3526.76,2981.79,682,2170
Cebgo,CGY-DVO,2023.0,2,749.952,3.73,10000.0,3526.76,5075.55,682,913
AirAsia,CGY-MNL,2023.0,2,4530.96,17.35,4109.56,3526.76,3718.48,682,7261
Cebu Pacific,CGY-MNL,2023.0,2,19510.904,46.41,4109.56,3526.76,3718.48,682,7261
Philippine Airlines,CGY-MNL,2023.0,2,14905.604000000001,32.5,4109.56,3526.76,3718.48,682,7261
Cebgo,CRK-CEB,2023.0,2,187.488,3.73,10000.0,10000.0,2981.79,6,2170
Cebgo,CYP-CEB,2023.0,2,749.952,3.73,10000.0,5069.6,2981.79,46,2170
Philippine Airlines,CYP-MNL,2023.0,2,591.668,32.5,10000.0,5069.6,3718.48,46,7261
Cebu Pacific,CYZ-MNL,2023.0,2,5973.576,46.41,10000.0,10000.0,3718.48,74,7261
Cebu Pacific,DGT-MNL,2023.0,2,8879.640000000001,46.41,5077.37,5215.98,3718.48,227,7261
Philippine Airlines,DGT-MNL,2023.0,2,6914.9220000000005,32.5,5077.37,5215.98,3718.48,227,7261
Cebu Pacific,DPL-MNL,2023.0,2,4359.0960000000005,46.41,5035.89,5028.04,3718.48,105,7261
Philippine Airlines,DPL-MNL,2023.0,2,3678.15,32.5,5035.89,5028.04,3718.48,105,7261
Cebu Pacific,DRP-MNL,2023.0,2,10655.568000000001,46.41,5030.54,5026.43,3718.48,268,7261
Philippine Airlines,DRP-MNL,2023.0,2,9110.738000000001,32.5,5030.54,5026.43,3718.48,268,7261
Cebu Pacific,DVO-BCD,2023.0,2,1937.3760000000002,46.41,10000.0,5075.55,3532.11,913,612
Cebu Pacific,DVO-CEB,2023.0,2,5812.128000000001,46.41,5152.71,5075.55,2981.79,913,2170
Philippine Airlines,DVO-CEB,2023.0,2,8273.86,32.5,5152.71,5075.55,2981.79,913,2170
Cebgo,DVO-CGY,2023.0,2,749.952,3.73,10000.0,5075.55,3526.76,913,682
Cebgo,DVO-IAO,2023.0,2,749.952,3.73,10000.0,5075.55,5377.53,913,359
Cebu Pacific,DVO-MNL,2023.0,2,38456.74,46.41,5547.97,5075.55,3718.48,913,7261
Philippine Airlines,DVO-MNL,2023.0,2,19327.294,32.5,5547.97,5075.55,3718.48,913,7261
Philippine Airlines,DVO-TAG,2023.0,2,1075.76,32.5,10000.0,5075.55,3469.71,913,334
Philippine Airlines,EUQ-MNL,2023.0,2,591.668,32.5,10000.0,10000.0,3718.48,23,7261
Cebu Pacific,GES-MNL,2023.0,2,12343.828,46.41,5133.91,5131.23,3718.48,171,7261
Philippine Airlines,GES-MNL,2023.0,2,8871.856,32.5,5133.91,5131.23,3718.48,171,7261
Cebgo,IAO-CEB,2023.0,2,2499.84,3.73,5006.67,5377.53,2981.79,359,2170
Philippine Airlines,IAO-CEB,2023.0,2,2689.3999999999996,32.5,5006.67,5377.53,2981.79,359,2170
Cebgo,IAO-DVO,2023.0,2,749.952,3.73,10000.0,5377.53,5075.55,359,913
Philippine Airlines,IAO-MNL,2023.0,2,2796.9759999999997,32.5,10000.0,5377.53,3718.48,359,7261
Cebgo,ILO-CEB,2023.0,2,3312.288,3.73,10000.0,3078.92,2981.79,790,2170
AirAsia,ILO-MNL,2023.0,2,23364.719999999998,17.35,3453.5,3078.92,3718.48,790,7261
Cebu Pacific,ILO-MNL,2023.0,2,21340.647999999997,46.41,3453.5,3078.92,3718.48,790,7261
Philippine Airlines,ILO-MNL,2023.0,2,14587.622000000001,32.5,3453.5,3078.92,3718.48,790,7261
AirAsia,KLO-MNL,2023.0,2,13431.06,17.35,10000.0,10000.0,3718.48,166,7261
Philippine Airlines,LAO-MNL,2023.0,2,7742.308,32.5,10000.0,10000.0,3718.48,66,7261
AirAsia,MNL-BCD,2023.0,2,8738.279999999999,17.35,3534.3,3718.48,3532.11,7261,612
Cebu Pacific,MNL-BCD,2023.0,2,14728.224,46.41,3534.3,3718.48,3532.11,7261,612
Philippine Airlines,MNL-BCD,2023.0,2,9368.604000000001,32.5,3534.3,3718.48,3532.11,7261,612
Philippine Airlines,MNL-BSO,2023.0,2,1290.9119999999998,32.5,10000.0,3718.48,10000.0,7261,24
Cebu Pacific,MNL-BXU,2023.0,2,13561.632000000001,46.41,5461.02,3718.48,5014.79,7261,298
Philippine Airlines,MNL-BXU,2023.0,2,7243.978,32.5,5461.02,3718.48,5014.79,7261,298
Philippine Airlines,MNL-CBO,2023.0,2,3531.0240000000003,32.5,10000.0,3718.48,10000.0,7261,57
AirAsia,MNL-CEB,2023.0,2,21522.059999999998,17.35,3373.1,3718.48,2981.79,7261,2170
Cebgo,MNL-CEB,2023.0,2,374.976,3.73,3373.1,3718.48,2981.79,7261,2170
Cebu Pacific,MNL-CEB,2023.0,2,30131.752,46.41,3373.1,3718.48,2981.79,7261,2170
Philippine Airlines,MNL-CEB,2023.0,2,23326.59,32.5,3373.1,3718.48,2981.79,7261,2170
AirAsia,MNL-CGY,2023.0,2,4530.96,17.35,4388.18,3718.48,3526.76,7261,682
Cebu Pacific,MNL-CGY,2023.0,2,21677.432,46.41,4388.18,3718.48,3526.76,7261,682
Philippine Airlines,MNL-CGY,2023.0,2,11374.58,32.5,4388.18,3718.48,3526.76,7261,682
Philippine Airlines,MNL-CRM,2023.0,2,645.4559999999999,32.5,10000.0,3718.48,10000.0,7261,12
Philippine Airlines,MNL-CYP,2023.0,2,591.668,32.5,10000.0,3718.48,5069.6,7261,46
Cebu Pacific,MNL-CYZ,2023.0,2,5973.576,46.41,10000.0,3718.48,10000.0,7261,74
Cebu Pacific,MNL-DGT,2023.0,2,12431.496000000001,46.41,5379.36,3718.48,5215.98,7261,227
Philippine Airlines,MNL-DGT,2023.0,2,7062.048000000001,32.5,5379.36,3718.48,5215.98,7261,227
Cebu Pacific,MNL-DPL,2023.0,2,4359.0960000000005,46.41,5021.27,3718.48,5028.04,7261,105
Philippine Airlines,MNL-DPL,2023.0,2,3825.2760000000003,32.5,5021.27,3718.48,5028.04,7261,105
Cebu Pacific,MNL-DRP,2023.0,2,10655.568000000001,46.41,5022.65,3718.48,5026.43,7261,268
Philippine Airlines,MNL-DRP,2023.0,2,9311.652,32.5,5022.65,3718.48,5026.43,7261,268
Cebu Pacific,MNL-DVO,2023.0,2,38456.74,46.41,5547.97,3718.48,5075.55,7261,913
Philippine Airlines,MNL-DVO,2023.0,2,19327.294,32.5,5547.97,3718.48,5075.55,7261,913
Philippine Airlines,MNL-EUQ,2023.0,2,645.4559999999999,32.5,10000.0,3718.48,10000.0,7261,23
Cebu Pacific,MNL-GES,2023.0,2,12743.108,46.41,5128.67,3718.48,5131.23,7261,171
Philippine Airlines,MNL-GES,2023.0,2,9219.896,32.5,5128.67,3718.48,5131.23,7261,171
Philippine Airlines,MNL-IAO,2023.0,2,4410.616,32.5,10000.0,3718.48,5377.53,7261,359
AirAsia,MNL-ILO,2023.0,2,17962.02,17.35,3399.48,3718.48,3078.92,7261,790
Cebu Pacific,MNL-ILO,2023.0,2,23554.048,46.41,3399.48,3718.48,3078.92,7261,790
Philippine Airlines,MNL-ILO,2023.0,2,17436.804,32.5,3399.48,3718.48,3078.92,7261,790
AirAsia,MNL-KLO,2023.0,2,13431.06,17.35,10000.0,3718.48,10000.0,7261,166
Philippine Airlines,MNL-LAO,2023.0,2,3638.6000000000004,32.5,10000.0,3718.48,10000.0,7261,66
Cebgo,MNL-MBT,2023.0,2,62.496,3.73,10000.0,3718.48,10000.0,7261,1
AirAsia,MNL-MPH,2023.0,2,12945.599999999999,17.35,3941.35,3718.48,3542.72,7261,703
Cebu Pacific,MNL-MPH,2023.0,2,22441.272,46.41,3941.35,3718.48,3542.72,7261,703
Philippine Airlines,MNL-MPH,2023.0,2,7634.732,32.5,3941.35,3718.48,3542.72,7261,703
Cebu Pacific,MNL-OZC,2023.0,2,6296.472000000001,46.41,10000.0,3718.48,6258.38,7261,110
Cebu Pacific,MNL-PAG,2023.0,2,4520.544,46.41,10000.0,3718.48,6931.55,7261,109
AirAsia,MNL-PPS,2023.0,2,4530.96,17.35,4151.33,3718.48,3505.91,7261,410
AirSWIFT,MNL-PPS,2023.0,2,62.496,0.0,4151.33,3718.48,3505.91,7261,410
Cebu Pacific,MNL-PPS,2023.0,2,11924.584,46.41,4151.33,3718.48,3505.91,7261,410
Philippine Airlines,MNL-PPS,2023.0,2,4451.7480000000005,32.5,4151.33,3718.48,3505.91,7261,410
AirAsia,MNL-TAC,2023.0,2,8900.1,17.35,3408.76,3718.48,3203.63,7261,569
Cebu Pacific,MNL-TAC,2023.0,2,8233.848,46.41,3408.76,3718.48,3203.63,7261,569
Philippine Airlines,MNL-TAC,2023.0,2,11564.42,32.5,3408.76,3718.48,3203.63,7261,569
AirAsia,MNL-TAG,2023.0,2,9223.74,17.35,3465.08,3718.48,3469.71,7261,334
Cebu Pacific,MNL-TAG,2023.0,2,5589.92,46.41,3465.08,3718.48,3469.71,7261,334
Philippine Airlines,MNL-TAG,2023.0,2,7626.822,32.5,3465.08,3718.48,3469.71,7261,334
Cebu Pacific,MNL-TUG,2023.0,2,8879.640000000001,46.41,10000.0,3718.48,10000.0,7261,107
Cebgo,MNL-USU,2023.0,2,1749.8880000000001,3.73,9421.36,3718.48,5772.65,7261,244
Philippine Airlines,MNL-USU,2023.0,2,53.788,32.5,9421.36,3718.48,5772.65,7261,244
Cebu Pacific,MNL-VRC,2023.0,2,4520.544,46.41,10000.0,3718.48,10000.0,7261,55
Cebgo,MNL-WNP,2023.0,2,2999.808,3.73,10000.0,3718.48,10000.0,7261,94
Philippine Airlines,MPH-CEB,2023.0,2,3383.898,32.5,10000.0,3542.72,2981.79,703,2170
AirAsia,MPH-MNL,2023.0,2,17476.559999999998,17.35,3553.88,3542.72,3718.48,703,7261
Cebu Pacific,MPH-MNL,2023.0,2,26638.920000000002,46.41,3553.88,3542.72,3718.48,703,7261
Philippine Airlines,MPH-MNL,2023.0,2,14843.906,32.5,3553.88,3542.72,3718.48,703,7261
Cebgo,OZC-CEB,2023.0,2,624.96,3.73,10000.0,6258.38,2981.79,110,2170
Cebu Pacific,OZC-MNL,2023.0,2,6296.472000000001,46.41,5515.05,6258.38,3718.48,110,7261
Philippine Airlines,OZC-MNL,2023.0,2,3236.772,32.5,5515.05,6258.38,3718.48,110,7261
Cebgo,PAG-CEB,2023.0,2,2062.368,3.73,10000.0,6931.55,2981.79,109,2170
Cebu Pacific,PAG-MNL,2023.0,2,6457.92,46.41,10000.0,6931.55,3718.48,109,7261
Philippine Airlines,PPS-CEB,2023.0,2,1452.2759999999998,32.5,10000.0,3505.91,2981.79,410,2170
AirAsia,PPS-MNL,2023.0,2,9061.92,17.35,3412.08,3505.91,3718.48,410,7261
Cebu Pacific,PPS-MNL,2023.0,2,12039.16,46.41,3412.08,3505.91,3718.48,410,7261
Philippine Airlines,PPS-MNL,2023.0,2,13250.832,32.5,3412.08,3505.91,3718.48,410,7261
Cebu Pacific,PPS-PPS,2023.0,2,199.64,46.41,10000.0,3505.91,3505.91,410,410
AirAsia,RXS-MNL,2023.0,2,1941.84,17.35,3610.05,3610.05,3718.48,63,7261
Cebu Pacific,RXS-MNL,2023.0,2,4036.2000000000003,46.41,3610.05,3610.05,3718.48,63,7261
Philippine Airlines,RXS-MNL,2023.0,2,3825.2760000000003,32.5,3610.05,3610.05,3718.48,63,7261
Cebgo,SUG-CEB,2023.0,2,312.48,3.73,10000.0,10000.0,2981.79,5,2170
Cebgo,TAC-CEB,2023.0,2,687.456,3.73,5696.37,3203.63,2981.79,569,2170
Philippine Airlines,TAC-CEB,2023.0,2,1506.0639999999999,32.5,5696.37,3203.63,2981.79,569,2170
AirAsia,TAC-MNL,2023.0,2,17553.12,17.35,3511.78,3203.63,3718.48,569,7261
Cebu Pacific,TAC-MNL,2023.0,2,20181.0,46.41,3511.78,3203.63,3718.48,569,7261
Philippine Airlines,TAC-MNL,2023.0,2,11192.65,32.5,3511.78,3203.63,3718.48,569,7261
Philippine Airlines,TAG-DVO,2023.0,2,1021.972,32.5,10000.0,3469.71,5075.55,334,913
AirAsia,TAG-MNL,2023.0,2,4530.96,17.35,4335.33,3469.71,3718.48,334,7261
Cebu Pacific,TAG-MNL,2023.0,2,16931.208,46.41,4335.33,3469.71,3718.48,334,7261
Philippine Airlines,TAG-MNL,2023.0,2,7479.696,32.5,4335.33,3469.71,3718.48,334,7261
Cebu Pacific,TUG-MNL,2023.0,2,8395.296,46.41,10000.0,10000.0,3718.48,107,7261
Cebgo,USU-CEB,2023.0,2,1749.8880000000001,3.73,5028.04,5772.65,2981.79,244,2170
Philippine Airlines,USU-CEB,2023.0,2,1506.0639999999999,32.5,5028.04,5772.65,2981.79,244,2170
Cebgo,USU-MNL,2023.0,2,4874.688,3.73,6610.72,5772.65,3718.48,244,7261
Philippine Airlines,USU-MNL,2023.0,2,1344.6999999999998,32.5,6610.72,5772.65,3718.48,244,7261
Cebu Pacific,VRC-MNL,2023.0,2,4359.0960000000005,46.41,10000.0,10000.0,3718.48,55,7261
Cebgo,WNP-MNL,2023.0,2,2874.8160000000003,3.73,10000.0,10000.0,3718.48,94,7261
Philippine Airlines,ZAM-CEB,2023.0,2,1344.6999999999998,32.5,10000.0,5461.3,2981.79,180,2170
Cebu Pacific,ZAM-MNL,2023.0,2,12308.24,46.41,5551.41,5461.3,3718.48,180,7261
Philippine Airlines,ZAM-MNL,2023.0,2,6171.3820000000005,32.5,5551.41,5461.3,3718.48,180,7261
Cebu Pacific,ZAM-TWT,2023.0,2,4520.544,46.41,6294.94,5461.3,5831.53,180,46
Philippine Airlines,ZAM-TWT,2023.0,2,1471.26,32.5,6294.94,5461.3,5831.53,180,46
Philippine Airlines,BCD-CEB,2023.0,3,484.092,32.72,10000.0,3520.78,2838.57,643,2317
Cebu Pacific,BCD-DVO,2023.0,3,2271.06,43.91,10000.0,3520.78,5018.3,643,932
AirAsia,BCD-MNL,2023.0,3,14887.439999999999,19.05,3450.34,3520.78,3549.92,643,7862
Cebu Pacific,BCD-MNL,2023.0,3,23353.66,43.91,3450.34,3520.78,3549.92,643,7862
Philippine Airlines,BCD-MNL,2023.0,3,17884.510000000002,32.72,3450.34,3520.78,3549.92,643,7862
Philippine Airlines,BPA-CEB,2023.0,3,484.092,32.72,10000.0,10000.0,2838.57,18,2317
Cebgo,BXU-CEB,2023.0,3,1113.552,4.3,10000.0,4710.04,2838.57,286,2317
Cebu Pacific,BXU-MNL,2023.0,3,11355.3,43.91,5286.54,4710.04,3549.92,286,7862
Philippine Airlines,BXU-MNL,2023.0,3,6968.71,32.72,5286.54,4710.04,3549.92,286,7862
Philippine Airlines,CBO-MNL,2023.0,3,4119.528,32.72,10000.0,10000.0,3549.92,64,7862
Philippine Airlines,CBO-TWT,2023.0,3,430.304,32.72,10000.0,10000.0,5557.97,64,52
Philippine Airlines,CEB-BCD,2023.0,3,537.88,32.72,10000.0,2838.57,3520.78,2317,643
Philippine Airlines,CEB-BPA,2023.0,3,484.092,32.72,10000.0,2838.57,10000.0,2317,18
Cebgo,CEB-BXU,2023.0,3,1172.1599999999999,4.3,10000.0,2838.57,4710.04,2317,286
Cebgo,CEB-CGY,2023.0,3,4747.248,4.3,5495.35,2838.57,3348.29,2317,751
Philippine Airlines,CEB-CGY,2023.0,3,2474.248,32.72,5495.35,2838.57,3348.29,2317,751
Cebgo,CEB-CRK,2023.0,3,117.216,4.3,10000.0,2838.57,3364.15,2317,6
Cebgo,CEB-CYP,2023.0,3,879.12,4.3,10000.0,2838.57,5117.45,2317,54
Cebgo,CEB-DGT,2023.0,3,58.608,4.3,10000.0,2838.57,5071.48,2317,199
Cebu Pacific,CEB-DVO,2023.0,3,6510.371999999999,43.91,5105.82,2838.57,5018.3,2317,932
Philippine Airlines,CEB-DVO,2023.0,3,4856.74,32.72,5105.82,2838.57,5018.3,2317,932
Cebgo,CEB-IAO,2023.0,3,3575.0879999999997,4.3,5017.71,2838.57,5369.84,2317,392
Philippine Airlines,CEB-IAO,2023.0,3,3173.4919999999997,32.72,5017.71,2838.57,5369.84,2317,392
Cebgo,CEB-ILO,2023.0,3,2637.3599999999997,4.3,9608.25,2838.57,3101.43,2317,839
Philippine Airlines,CEB-ILO,2023.0,3,53.788,32.72,9608.25,2838.57,3101.43,2317,839
AirAsia,CEB-MNL,2023.0,3,19903.86,19.05,3665.68,2838.57,3549.92,2317,7862
Cebu Pacific,CEB-MNL,2023.0,3,40483.476,43.91,3665.68,2838.57,3549.92,2317,7862
Philippine Airlines,CEB-MNL,2023.0,3,24047.982,32.72,3665.68,2838.57,3549.92,2317,7862
Cebu Pacific,CEB-MPH,2023.0,3,1362.636,43.91,5036.8,2838.57,3362.16,2317,812
Philippine Airlines,CEB-MPH,2023.0,3,1618.386,32.72,5036.8,2838.57,3362.16,2317,812
Cebgo,CEB-PAG,2023.0,3,586.0799999999999,4.3,10000.0,2838.57,7200.59,2317,134
Cebu Pacific,CEB-PPS,2023.0,3,454.212,43.91,7940.45,2838.57,3435.2,2317,438
Philippine Airlines,CEB-PPS,2023.0,3,3442.432,32.72,7940.45,2838.57,3435.2,2317,438
Cebgo,CEB-TAC,2023.0,3,879.12,4.3,5389.5,2838.57,3200.44,2317,608
Philippine Airlines,CEB-TAC,2023.0,3,1559.8519999999999,32.72,5389.5,2838.57,3200.44,2317,608
Cebgo,CEB-USU,2023.0,3,1699.6319999999998,4.3,5000.46,2838.57,5854.84,2317,273
Philippine Airlines,CEB-USU,2023.0,3,1667.4279999999999,32.72,5000.46,2838.57,5854.84,2317,273
Cebgo,CGY-CEB,2023.0,3,4747.248,4.3,5526.89,3348.29,2838.57,751,2317
Philippine Airlines,CGY-CEB,2023.0,3,2420.46,32.72,5526.89,3348.29,2838.57,751,2317
Cebgo,CGY-DVO,2023.0,3,820.512,4.3,10000.0,3348.29,5018.3,751,932
AirAsia,CGY-MNL,2023.0,3,5016.42,19.05,4089.93,3348.29,3549.92,751,7862
Cebu Pacific,CGY-MNL,2023.0,3,19827.412,43.91,4089.93,3348.29,3549.92,751,7862
Philippine Airlines,CGY-MNL,2023.0,3,13325.186,32.72,4089.93,3348.29,3549.92,751,7862
Cebgo,CRK-CEB,2023.0,3,117.216,4.3,10000.0,3364.15,2838.57,6,2317
AirAsia,CRK-MNL,2023.0,3,200.1,19.05,5005.53,3364.15,3549.92,6,7862
Cebu Pacific,CRK-MNL,2023.0,3,187.22,43.91,5005.53,3364.15,3549.92,6,7862
Cebgo,CYP-CEB,2023.0,3,879.12,4.3,10000.0,5117.45,2838.57,54,2317
Philippine Airlines,CYP-MNL,2023.0,3,645.4559999999999,32.72,10000.0,5117.45,3549.92,54,7862
Cebu Pacific,CYZ-MNL,2023.0,3,4390.716,43.91,10000.0,10000.0,3549.92,59,7862
Cebu Pacific,DGT-MNL,2023.0,3,6056.16,43.91,5005.55,5071.48,3549.92,199,7862
Philippine Airlines,DGT-MNL,2023.0,3,6473.544,32.72,5005.55,5071.48,3549.92,199,7862
Cebu Pacific,DPL-MNL,2023.0,3,3936.504,43.91,5002.58,5000.81,3549.92,111,7862
Philippine Airlines,DPL-MNL,2023.0,3,4119.528,32.72,5002.58,5000.81,3549.92,111,7862
Cebu Pacific,DRP-MNL,2023.0,3,10446.876,43.91,5000.0,5000.48,3549.92,290,7862
Philippine Airlines,DRP-MNL,2023.0,3,10449.11,32.72,5000.0,5000.48,3549.92,290,7862
Cebu Pacific,DVO-BCD,2023.0,3,2271.06,43.91,10000.0,5018.3,3520.78,932,643
Cebu Pacific,DVO-CEB,2023.0,3,6358.968,43.91,5082.6,5018.3,2838.57,932,2317
Philippine Airlines,DVO-CEB,2023.0,3,4910.528,32.72,5082.6,5018.3,2838.57,932,2317
Cebgo,DVO-CGY,2023.0,3,879.12,4.3,10000.0,5018.3,3348.29,932,751
Cebgo,DVO-IAO,2023.0,3,879.12,4.3,10000.0,5018.3,5369.84,932,392
Cebu Pacific,DVO-MNL,2023.0,3,35273.876,43.91,5273.68,5018.3,3549.92,932,7862
Philippine Airlines,DVO-MNL,2023.0,3,21898.044,32.72,5273.68,5018.3,3549.92,932,7862
Philippine Airlines,DVO-TAG,2023.0,3,914.396,32.72,10000.0,5018.3,3384.99,932,369
Philippine Airlines,EUQ-MNL,2023.0,3,591.668,32.72,10000.0,10000.0,3549.92,24,7862
Cebu Pacific,GES-MNL,2023.0,3,11639.386,43.91,5010.59,5012.13,3549.92,185,7862
Philippine Airlines,GES-MNL,2023.0,3,10615.220000000001,32.72,5010.59,5012.13,3549.92,185,7862
Cebgo,IAO-CEB,2023.0,3,2637.3599999999997,4.3,5028.23,5369.84,2838.57,392,2317
Philippine Airlines,IAO-CEB,2023.0,3,3065.9159999999997,32.72,5028.23,5369.84,2838.57,392,2317
Cebgo,IAO-DVO,2023.0,3,820.512,4.3,10000.0,5369.84,5018.3,392,932
Philippine Airlines,IAO-IAO,2023.0,3,53.788,32.72,10000.0,5369.84,5369.84,392,392
Philippine Airlines,IAO-MNL,2023.0,3,2743.1879999999996,32.72,10000.0,5369.84,3549.92,392,7862
Cebgo,ILO-CEB,2023.0,3,2695.968,4.3,10000.0,3101.43,2838.57,839,2317
AirAsia,ILO-MNL,2023.0,3,25353.539999999997,19.05,3425.36,3101.43,3549.92,839,7862
Cebu Pacific,ILO-MNL,2023.0,3,19571.816,43.91,3425.36,3101.43,3549.92,839,7862
Philippine Airlines,ILO-MNL,2023.0,3,17158.372,32.72,3425.36,3101.43,3549.92,839,7862
AirAsia,KLO-MNL,2023.0,3,15049.26,19.05,9088.0,9088.0,3549.92,196,7862
Cebu Pacific,KLO-MNL,2023.0,3,757.02,43.91,9088.0,9088.0,3549.92,196,7862
Philippine Airlines,LAO-MNL,2023.0,3,8547.546,32.72,10000.0,10000.0,3549.92,75,7862
AirAsia,MNL-BCD,2023.0,3,10032.84,19.05,3457.19,3549.92,3520.78,7862,643
Cebu Pacific,MNL-BCD,2023.0,3,15210.404,43.91,3457.19,3549.92,3520.78,7862,643
Philippine Airlines,MNL-BCD,2023.0,3,10661.098,32.72,3457.19,3549.92,3520.78,7862,643
Philippine Airlines,MNL-BSO,2023.0,3,1613.6399999999999,32.72,10000.0,3549.92,10000.0,7862,30
Cebu Pacific,MNL-BXU,2023.0,3,11355.3,43.91,5263.39,3549.92,4710.04,7862,286
Philippine Airlines,MNL-BXU,2023.0,3,7115.836,32.72,5263.39,3549.92,4710.04,7862,286
Philippine Airlines,MNL-CBO,2023.0,3,4119.528,32.72,10000.0,3549.92,10000.0,7862,64
AirAsia,MNL-CEB,2023.0,3,25082.1,19.05,3309.31,3549.92,2838.57,7862,2317
Cebgo,MNL-CEB,2023.0,3,761.904,4.3,3309.31,3549.92,2838.57,7862,2317
Cebu Pacific,MNL-CEB,2023.0,3,30660.124,43.91,3309.31,3549.92,2838.57,7862,2317
Philippine Airlines,MNL-CEB,2023.0,3,24193.526,32.72,3309.31,3549.92,2838.57,7862,2317
AirAsia,MNL-CGY,2023.0,3,4854.599999999999,19.05,4529.89,3549.92,3348.29,7862,751
Cebu Pacific,MNL-CGY,2023.0,3,22428.956,43.91,4529.89,3549.92,3348.29,7862,751
Philippine Airlines,MNL-CGY,2023.0,3,9779.924,32.72,4529.89,3549.92,3348.29,7862,751
Philippine Airlines,MNL-CRM,2023.0,3,645.4559999999999,32.72,10000.0,3549.92,10000.0,7862,12
Philippine Airlines,MNL-CYP,2023.0,3,645.4559999999999,32.72,10000.0,3549.92,5117.45,7862,54
Cebu Pacific,MNL-CYZ,2023.0,3,4542.12,43.91,10000.0,3549.92,10000.0,7862,59
Cebu Pacific,MNL-DGT,2023.0,3,10749.684,43.91,5335.49,3549.92,5071.48,7862,199
Philippine Airlines,MNL-DGT,2023.0,3,6326.418000000001,32.72,5335.49,3549.92,5071.48,7862,199
Cebu Pacific,MNL-DPL,2023.0,3,4239.312,43.91,5000.05,3549.92,5000.81,7862,111
Philippine Airlines,MNL-DPL,2023.0,3,4266.654,32.72,5000.05,3549.92,5000.81,7862,111
Cebu Pacific,MNL-DRP,2023.0,3,9992.664,43.91,5001.95,3549.92,5000.48,7862,290
Philippine Airlines,MNL-DRP,2023.0,3,10395.322,32.72,5001.95,3549.92,5000.48,7862,290
Cebu Pacific,MNL-DVO,2023.0,3,34899.436,43.91,5263.72,3549.92,5018.3,7862,932
Philippine Airlines,MNL-DVO,2023.0,3,21863.24,32.72,5263.72,3549.92,5018.3,7862,932
Philippine Airlines,MNL-EUQ,2023.0,3,699.2439999999999,32.72,10000.0,3549.92,10000.0,7862,24
Cebu Pacific,MNL-GES,2023.0,3,11790.789999999999,43.91,5013.76,3549.92,5012.13,7862,185
Philippine Airlines,MNL-GES,2023.0,3,10615.220000000001,32.72,5013.76,3549.92,5012.13,7862,185
Philippine Airlines,MNL-IAO,2023.0,3,4733.344,32.72,10000.0,3549.92,5369.84,7862,392
AirAsia,MNL-ILO,2023.0,3,19742.04,19.05,3338.5,3549.92,3101.43,7862,839
Cebu Pacific,MNL-ILO,2023.0,3,20934.452,43.91,3338.5,3549.92,3101.43,7862,839
Philippine Airlines,MNL-ILO,2023.0,3,19034.624,32.72,3338.5,3549.92,3101.43,7862,839
AirAsia,MNL-KLO,2023.0,3,15049.26,19.05,9088.0,3549.92,9088.0,7862,196
Cebu Pacific,MNL-KLO,2023.0,3,757.02,43.91,9088.0,3549.92,9088.0,7862,196
Philippine Airlines,MNL-LAO,2023.0,3,4296.712,32.72,10000.0,3549.92,10000.0,7862,75
Philippine Airlines,MNL-MNL,2023.0,3,107.576,32.72,10000.0,3549.92,3549.92,7862,7862
AirAsia,MNL-MPH,2023.0,3,14725.619999999999,19.05,3484.56,3549.92,3362.16,7862,812
Cebgo,MNL-MPH,2023.0,3,1816.848,4.3,3484.56,3549.92,3362.16,7862,812
Cebu Pacific,MNL-MPH,2023.0,3,21802.176,43.91,3484.56,3549.92,3362.16,7862,812
Philippine Airlines,MNL-MPH,2023.0,3,8697.836,32.72,3484.56,3549.92,3362.16,7862,812
Cebu Pacific,MNL-OZC,2023.0,3,6056.16,43.91,10000.0,3549.92,5305.72,7862,132
Cebu Pacific,MNL-PAG,2023.0,3,4390.716,43.91,10000.0,3549.92,7200.59,7862,134
AirAsia,MNL-PPS,2023.0,3,5016.42,19.05,3882.62,3549.92,3435.2,7862,438
AirSWIFT,MNL-PPS,2023.0,3,117.216,0.01,3882.62,3549.92,3435.2,7862,438
Cebu Pacific,MNL-PPS,2023.0,3,10684.564,43.91,3882.62,3549.92,3435.2,7862,438
Philippine Airlines,MNL-PPS,2023.0,3,4397.96,32.72,3882.62,3549.92,3435.2,7862,438
AirAsia,MNL-TAC,2023.0,3,9547.38,19.05,3379.56,3549.92,3200.44,7862,608
Cebu Pacific,MNL-TAC,2023.0,3,8478.624,43.91,3379.56,3549.92,3200.44,7862,608
Philippine Airlines,MNL-TAC,2023.0,3,11270.168,32.72,3379.56,3549.92,3200.44,7862,608
AirAsia,MNL-TAG,2023.0,3,10032.84,19.05,3541.81,3549.92,3384.99,7862,369
Cebu Pacific,MNL-TAG,2023.0,3,5294.256,43.91,3541.81,3549.92,3384.99,7862,369
Philippine Airlines,MNL-TAG,2023.0,3,8884.512,32.72,3541.81,3549.92,3384.99,7862,369
Cebu Pacific,MNL-TUG,2023.0,3,8175.816,43.91,10000.0,3549.92,10000.0,7862,113
Cebgo,MNL-USU,2023.0,3,1875.456,4.3,10000.0,3549.92,5854.84,7862,273
Cebu Pacific,MNL-VRC,2023.0,3,3785.1,43.91,10000.0,3549.92,10000.0,7862,50
Cebgo,MNL-WNP,2023.0,3,3223.44,4.3,10000.0,3549.92,10000.0,7862,108
Cebu Pacific,MPH-CEB,2023.0,3,1362.636,43.91,5036.8,3362.16,2838.57,812,2317
Philippine Airlines,MPH-CEB,2023.0,3,1618.386,32.72,5036.8,3362.16,2838.57,812,2317
AirAsia,MPH-MNL,2023.0,3,19580.219999999998,19.05,3317.75,3362.16,3549.92,812,7862
Cebgo,MPH-MNL,2023.0,3,1816.848,4.3,3317.75,3362.16,3549.92,812,7862
Cebu Pacific,MPH-MNL,2023.0,3,26495.7,43.91,3317.75,3362.16,3549.92,812,7862
Philippine Airlines,MPH-MNL,2023.0,3,15117.592,32.72,3317.75,3362.16,3549.92,812,7862
Cebgo,OZC-CEB,2023.0,3,1347.984,4.3,10000.0,5305.72,2838.57,132,2317
Cebu Pacific,OZC-MNL,2023.0,3,6056.16,43.91,5150.26,5305.72,3549.92,132,7862
Philippine Airlines,OZC-MNL,2023.0,3,4266.654,32.72,5150.26,5305.72,3549.92,132,7862
Cebgo,PAG-CEB,2023.0,3,2109.888,4.3,10000.0,7200.59,2838.57,134,2317
Cebu Pacific,PAG-MNL,2023.0,3,8932.836,43.91,10000.0,7200.59,3549.92,134,7862
Cebu Pacific,PPS-CEB,2023.0,3,454.212,43.91,6634.94,3435.2,2838.57,438,2317
Philippine Airlines,PPS-CEB,2023.0,3,1667.4279999999999,32.72,6634.94,3435.2,2838.57,438,2317
AirAsia,PPS-MNL,2023.0,3,10032.84,19.05,3387.18,3435.2,3549.92,438,7862
Cebu Pacific,PPS-MNL,2023.0,3,11433.444,43.91,3387.18,3435.2,3549.92,438,7862
Philippine Airlines,PPS-MNL,2023.0,3,13646.332,32.72,3387.18,3435.2,3549.92,438,7862
AirAsia,RXS-MNL,2023.0,3,2103.66,19.05,3619.01,3619.01,3549.92,71,7862
Cebu Pacific,RXS-MNL,2023.0,3,4390.716,43.91,3619.01,3619.01,3549.92,71,7862
Philippine Airlines,RXS-MNL,2023.0,3,4266.654,32.72,3619.01,3619.01,3549.92,71,7862
Cebgo,SUG-CEB,2023.0,3,234.432,4.3,10000.0,10000.0,2838.57,4,2317
Cebgo,TAC-CEB,2023.0,3,1054.944,4.3,5125.57,3200.44,2838.57,608,2317
Philippine Airlines,TAC-CEB,2023.0,3,1452.2759999999998,32.72,5125.57,3200.44,2838.57,608,2317
AirAsia,TAC-MNL,2023.0,3,18932.94,19.05,3546.66,3200.44,3549.92,608,7862
Cebu Pacific,TAC-MNL,2023.0,3,20590.944,43.91,3546.66,3200.44,3549.92,608,7862
Philippine Airlines,TAC-MNL,2023.0,3,10863.594000000001,32.72,3546.66,3200.44,3549.92,608,7862
Philippine Airlines,TAG-DVO,2023.0,3,914.396,32.72,10000.0,3384.99,5018.3,369,932
AirAsia,TAG-MNL,2023.0,3,5987.34,19.05,3933.16,3384.99,3549.92,369,7862
Cebu Pacific,TAG-MNL,2023.0,3,16507.92,43.91,3933.16,3384.99,3549.92,369,7862
Philippine Airlines,TAG-MNL,2023.0,3,8884.512,32.72,3933.16,3384.99,3549.92,369,7862
Cebu Pacific,TUG-MNL,2023.0,3,8932.836,43.91,10000.0,10000.0,3549.92,113,7862
Cebgo,USU-CEB,2023.0,3,2285.712,4.3,5211.39,5854.84,2838.57,273,2317
Philippine Airlines,USU-CEB,2023.0,3,1506.0639999999999,32.72,5211.39,5854.84,2838.57,273,2317
Cebgo,USU-MNL,2023.0,3,5157.504,4.3,6643.77,5854.84,3549.92,273,7862
Philippine Airlines,USU-MNL,2023.0,3,1398.4879999999998,32.72,6643.77,5854.84,3549.92,273,7862
Cebu Pacific,VRC-MNL,2023.0,3,3785.1,43.91,10000.0,10000.0,3549.92,50,7862
Cebgo,WNP-MNL,2023.0,3,3106.2239999999997,4.3,10000.0,10000.0,3549.92,108,7862
Philippine Airlines,ZAM-CEB,2023.0,3,1398.4879999999998,32.72,10000.0,5459.31,2838.57,193,2317
Cebu Pacific,ZAM-MNL,2023.0,3,12566.532,43.91,5646.36,5459.31,3549.92,193,7862
Philippine Airlines,ZAM-MNL,2023.0,3,5919.844,32.72,5646.36,5459.31,3549.92,193,7862
Cebu Pacific,ZAM-TWT,2023.0,3,4693.523999999999,43.91,5886.01,5459.31,5557.97,193,52
Philippine Airlines,ZAM-TWT,2023.0,3,1912.6380000000001,32.72,5886.01,5459.31,5557.97,193,52
Philippine Airlines,BCD-CEB,2023.0,4,268.94,32.98,10000.0,3564.44,2992.08,570,2528
Cebu Pacific,BCD-DVO,2023.0,4,3117.3599999999997,44.39,10000.0,3564.44,4775.03,570,958
AirAsia,BCD-MNL,2023.0,4,13585.439999999999,17.85,3442.67,3564.44,3587.14,570,7635
Cebu Pacific,BCD-MNL,2023.0,4,20849.440000000002,44.39,3442.67,3564.44,3587.14,570,7635
Philippine Airlines,BCD-MNL,2023.0,4,15843.73,32.98,3442.67,3564.44,3587.14,570,7635
Philippine Airlines,BPA-CEB,2023.0,4,376.51599999999996,32.98,10000.0,10000.0,2992.08,15,2528
Cebgo,BXU-CEB,2023.0,4,1568.7359999999999,4.77,10000.0,4996.56,2992.08,298,2528
Cebu Pacific,BXU-MNL,2023.0,4,13248.779999999999,44.39,5782.44,4996.56,3587.14,298,7635
Philippine Airlines,BXU-MNL,2023.0,4,5737.914,32.98,5782.44,4996.56,3587.14,298,7635
Philippine Airlines,CBO-MNL,2023.0,4,2354.016,32.98,10000.0,10000.0,3587.14,40,7635
Philippine Airlines,CBO-TWT,2023.0,4,376.51599999999996,32.98,10000.0,10000.0,6256.22,40,45
Philippine Airlines,CEB-BCD,2023.0,4,376.51599999999996,32.98,10000.0,2992.08,3564.44,2528,570
Philippine Airlines,CEB-BPA,2023.0,4,430.304,32.98,10000.0,2992.08,10000.0,2528,15
Cebgo,CEB-BXU,2023.0,4,1568.7359999999999,4.77,10000.0,2992.08,4996.56,2528,298
Cebgo,CEB-CEB,2023.0,4,120.672,4.77,5048.79,2992.08,2992.08,2528,2528
Philippine Airlines,CEB-CEB,2023.0,4,147.126,32.98,5048.79,2992.08,2992.08,2528,2528
Cebgo,CEB-CGY,2023.0,4,5671.584,4.77,6257.9,2992.08,3227.75,2528,710
Philippine Airlines,CEB-CGY,2023.0,4,1882.58,32.98,6257.9,2992.08,3227.75,2528,710
Cebgo,CEB-CRK,2023.0,4,603.36,4.77,10000.0,2992.08,3406.77,2528,60
Cebgo,CEB-CYP,2023.0,4,1146.384,4.77,10000.0,2992.08,5323.74,2528,60
Cebgo,CEB-DGT,2023.0,4,120.672,4.77,10000.0,2992.08,4974.46,2528,176
Cebu Pacific,CEB-DVO,2023.0,4,6115.724,44.39,5076.6,2992.08,4775.03,2528,958
Philippine Airlines,CEB-DVO,2023.0,4,7843.5560000000005,32.98,5076.6,2992.08,4775.03,2528,958
Cebgo,CEB-IAO,2023.0,4,3620.16,4.77,5108.8,2992.08,5365.77,2528,381
Philippine Airlines,CEB-IAO,2023.0,4,2689.3999999999996,32.98,5108.8,2992.08,5365.77,2528,381
Cebgo,CEB-ILO,2023.0,4,3016.7999999999997,4.77,10000.0,2992.08,3066.65,2528,789
AirAsia,CEB-MNL,2023.0,4,18371.22,17.85,3762.86,2992.08,3587.14,2528,7635
Cebu Pacific,CEB-MNL,2023.0,4,47130.796,44.39,3762.86,2992.08,3587.14,2528,7635
Philippine Airlines,CEB-MNL,2023.0,4,32622.422000000002,32.98,3762.86,2992.08,3587.14,2528,7635
Cebu Pacific,CEB-MPH,2023.0,4,4676.04,44.39,6358.93,2992.08,3430.74,2528,846
Philippine Airlines,CEB-MPH,2023.0,4,1471.26,32.98,6358.93,2992.08,3430.74,2528,846
Cebgo,CEB-OZC,2023.0,4,60.336,4.77,10000.0,2992.08,6263.8,2528,131
Cebgo,CEB-PAG,2023.0,4,784.3679999999999,4.77,10000.0,2992.08,6655.58,2528,134
Cebu Pacific,CEB-PPS,2023.0,4,1714.548,44.39,5063.88,2992.08,3619.8,2528,423
Philippine Airlines,CEB-PPS,2023.0,4,2151.52,32.98,5063.88,2992.08,3619.8,2528,423
Cebgo,CEB-TAC,2023.0,4,1689.408,4.77,5528.18,2992.08,3187.24,2528,539
Philippine Airlines,CEB-TAC,2023.0,4,860.608,32.98,5528.18,2992.08,3187.24,2528,539
Cebgo,CEB-USU,2023.0,4,1749.744,4.77,5062.24,2992.08,5477.33,2528,285
Philippine Airlines,CEB-USU,2023.0,4,1398.4879999999998,32.98,5062.24,2992.08,5477.33,2528,285
Cebgo,CGY-CEB,2023.0,4,5671.584,4.77,6312.5,3227.75,2992.08,710,2528
Philippine Airlines,CGY-CEB,2023.0,4,1828.792,32.98,6312.5,3227.75,2992.08,710,2528
Cebgo,CGY-DVO,2023.0,4,1146.384,4.77,10000.0,3227.75,4775.03,710,958
AirAsia,CGY-MNL,2023.0,4,4631.4,17.85,4025.19,3227.75,3587.14,710,7635
Cebu Pacific,CGY-MNL,2023.0,4,17170.62,44.39,4025.19,3227.75,3587.14,710,7635
Philippine Airlines,CGY-MNL,2023.0,4,12118.12,32.98,4025.19,3227.75,3587.14,710,7635
Cebgo,CRK-CEB,2023.0,4,603.36,4.77,6736.99,3406.77,2992.08,60,2528
Cebu Pacific,CRK-CEB,2023.0,4,155.868,44.39,6736.99,3406.77,2992.08,60,2528
Philippine Airlines,CRK-MNL,2023.0,4,147.126,32.98,10000.0,3406.77,3587.14,60,7635
Cebu Pacific,CRK-MPH,2023.0,4,779.3399999999999,44.39,10000.0,3406.77,3430.74,60,846
Philippine Airlines,CRK-USU,2023.0,4,753.0319999999999,32.98,10000.0,3406.77,5477.33,60,285
Cebgo,CYP-CEB,2023.0,4,1025.712,4.77,10000.0,5323.74,2992.08,60,2528
Philippine Airlines,CYP-MNL,2023.0,4,591.668,32.98,10000.0,5323.74,3587.14,60,7635
Cebu Pacific,CYZ-MNL,2023.0,4,4676.04,44.39,10000.0,10000.0,3587.14,60,7635
Cebu Pacific,DGT-MNL,2023.0,4,4052.5679999999998,44.39,5366.58,4974.46,3587.14,176,7635
Philippine Airlines,DGT-MNL,2023.0,4,7062.048000000001,32.98,5366.58,4974.46,3587.14,176,7635
Cebu Pacific,DPL-MNL,2023.0,4,4208.436,44.39,5022.61,5046.68,3587.14,103,7635
Philippine Airlines,DPL-MNL,2023.0,4,3678.15,32.98,5022.61,5046.68,3587.14,103,7635
Cebu Pacific,DRP-MNL,2023.0,4,9507.948,44.39,5039.76,5036.83,3587.14,260,7635
Philippine Airlines,DRP-MNL,2023.0,4,7951.1320000000005,32.98,5039.76,5036.83,3587.14,260,7635
Cebu Pacific,DVO-BCD,2023.0,4,3117.3599999999997,44.39,10000.0,4775.03,3564.44,958,570
Cebu Pacific,DVO-CEB,2023.0,4,5959.856,44.39,5073.39,4775.03,2992.08,958,2528
Philippine Airlines,DVO-CEB,2023.0,4,7603.092000000001,32.98,5073.39,4775.03,2992.08,958,2528
Cebgo,DVO-CGY,2023.0,4,1086.048,4.77,10000.0,4775.03,3227.75,958,710
Cebgo,DVO-IAO,2023.0,4,724.0319999999999,4.77,10000.0,4775.03,5365.77,958,381
Cebu Pacific,DVO-MNL,2023.0,4,28471.050000000003,44.39,5000.3,4775.03,3587.14,958,7635
Philippine Airlines,DVO-MNL,2023.0,4,28912.632,32.98,5000.3,4775.03,3587.14,958,7635
Philippine Airlines,DVO-TAG,2023.0,4,806.8199999999999,32.98,10000.0,4775.03,3426.82,958,356
Philippine Airlines,EUQ-MNL,2023.0,4,699.2439999999999,32.98,10000.0,10000.0,3587.14,26,7635
Cebu Pacific,GES-MNL,2023.0,4,10359.356,44.39,5005.02,5005.95,3587.14,179,7635
Philippine Airlines,GES-MNL,2023.0,4,9722.972,32.98,5005.02,5005.95,3587.14,179,7635
Cebgo,IAO-CEB,2023.0,4,2715.12,4.77,5000.11,5365.77,2992.08,381,2528
Philippine Airlines,IAO-CEB,2023.0,4,2689.3999999999996,32.98,5000.11,5365.77,2992.08,381,2528
Cebgo,IAO-DVO,2023.0,4,724.0319999999999,4.77,10000.0,5365.77,4775.03,381,958
Philippine Airlines,IAO-MNL,2023.0,4,3173.4919999999997,32.98,10000.0,5365.77,3587.14,381,7635
Cebgo,ILO-CEB,2023.0,4,3137.4719999999998,4.77,10000.0,3066.65,2992.08,789,2528
AirAsia,ILO-MNL,2023.0,4,23752.94,17.85,3495.81,3066.65,3587.14,789,7635
Cebu Pacific,ILO-MNL,2023.0,4,16766.704,44.39,3495.81,3066.65,3587.14,789,7635
Philippine Airlines,ILO-MNL,2023.0,4,14223.762,32.98,3495.81,3066.65,3587.14,789,7635
AirAsia,KLO-MNL,2023.0,4,13739.82,17.85,6211.17,6190.13,3587.14,236,7635
Cebu Pacific,KLO-MNL,2023.0,4,4676.04,44.39,6211.17,6190.13,3587.14,236,7635
Philippine Airlines,LAO-MNL,2023.0,4,7785.022,32.98,10000.0,10000.0,3587.14,78,7635
AirAsia,MNL-BCD,2023.0,4,8954.039999999999,17.85,3458.36,3587.14,3564.44,7635,570
Cebu Pacific,MNL-BCD,2023.0,4,12635.364,44.39,3458.36,3587.14,3564.44,7635,570
Philippine Airlines,MNL-BCD,2023.0,4,8240.638,32.98,3458.36,3587.14,3564.44,7635,570
Philippine Airlines,MNL-BSO,2023.0,4,1613.6399999999999,32.98,10000.0,3587.14,10000.0,7635,30
Cebu Pacific,MNL-BXU,2023.0,4,13092.912,44.39,5806.14,3587.14,4996.56,7635,298
Philippine Airlines,MNL-BXU,2023.0,4,5590.7880000000005,32.98,5806.14,3587.14,4996.56,7635,298
Philippine Airlines,MNL-CBO,2023.0,4,2501.1420000000003,32.98,10000.0,3587.14,10000.0,7635,40
AirAsia,MNL-CEB,2023.0,4,23002.62,17.85,3480.51,3587.14,2992.08,7635,2528
Cebu Pacific,MNL-CEB,2023.0,4,38174.252,44.39,3480.51,3587.14,2992.08,7635,2528
Philippine Airlines,MNL-CEB,2023.0,4,36885.912000000004,32.98,3480.51,3587.14,2992.08,7635,2528
AirAsia,MNL-CGY,2023.0,4,4631.4,17.85,4657.84,3587.14,3227.75,7635,710
Cebu Pacific,MNL-CGY,2023.0,4,22612.592,44.39,4657.84,3587.14,3227.75,7635,710
Philippine Airlines,MNL-CGY,2023.0,4,9121.812,32.98,4657.84,3587.14,3227.75,7635,710
Philippine Airlines,MNL-CRM,2023.0,4,753.0319999999999,32.98,10000.0,3587.14,10000.0,7635,14
Philippine Airlines,MNL-CYP,2023.0,4,699.2439999999999,32.98,10000.0,3587.14,5323.74,7635,60
Cebu Pacific,MNL-CYZ,2023.0,4,4676.04,44.39,10000.0,3587.14,10000.0,7635,60
Cebu Pacific,MNL-DGT,2023.0,4,8261.003999999999,44.39,5039.34,3587.14,4974.46,7635,176
Philippine Airlines,MNL-DGT,2023.0,4,6914.9220000000005,32.98,5039.34,3587.14,4974.46,7635,176
Cebu Pacific,MNL-DPL,2023.0,4,4364.304,44.39,5080.05,3587.14,5046.68,7635,103
Philippine Airlines,MNL-DPL,2023.0,4,3383.898,32.98,5080.05,3587.14,5046.68,7635,103
Cebu Pacific,MNL-DRP,2023.0,4,9507.948,44.39,5034.03,3587.14,5036.83,7635,260
Philippine Airlines,MNL-DRP,2023.0,4,8058.7080000000005,32.98,5034.03,3587.14,5036.83,7635,260
Cebu Pacific,MNL-DVO,2023.0,4,31144.27,44.39,5005.99,3587.14,4775.03,7635,958
Philippine Airlines,MNL-DVO,2023.0,4,29059.758,32.98,5005.99,3587.14,4775.03,7635,958
Philippine Airlines,MNL-EUQ,2023.0,4,699.2439999999999,32.98,10000.0,3587.14,10000.0,7635,26
Cebu Pacific,MNL-GES,2023.0,4,10671.092,44.39,5006.93,3587.14,5005.95,7635,179
Philippine Airlines,MNL-GES,2023.0,4,9904.902,32.98,5006.93,3587.14,5005.95,7635,179
Philippine Airlines,MNL-IAO,2023.0,4,5002.284,32.98,10000.0,3587.14,5365.77,7635,381
AirAsia,MNL-ILO,2023.0,4,18371.22,17.85,3343.37,3587.14,3066.65,7635,789
Cebu Pacific,MNL-ILO,2023.0,4,16959.444,44.39,3343.37,3587.14,3066.65,7635,789
Philippine Airlines,MNL-ILO,2023.0,4,16088.94,32.98,3343.37,3587.14,3066.65,7635,789
AirAsia,MNL-KLO,2023.0,4,13431.06,17.85,6168.92,3587.14,6190.13,7635,236
Cebu Pacific,MNL-KLO,2023.0,4,4676.04,44.39,6168.92,3587.14,6190.13,7635,236
Philippine Airlines,MNL-LAO,2023.0,4,4537.176,32.98,10000.0,3587.14,10000.0,7635,78
AirAsia,MNL-MNL,2023.0,4,154.38,17.85,10000.0,3587.14,3587.14,7635,7635
AirAsia,MNL-MPH,2023.0,4,14048.58,17.85,3319.31,3587.14,3430.74,7635,846
Cebgo,MNL-MPH,2023.0,4,1568.7359999999999,4.77,3319.31,3587.14,3430.74,7635,846
Cebu Pacific,MNL-MPH,2023.0,4,19639.368,44.39,3319.31,3587.14,3430.74,7635,846
Philippine Airlines,MNL-MPH,2023.0,4,10588.326000000001,32.98,3319.31,3587.14,3430.74,7635,846
Cebu Pacific,MNL-OZC,2023.0,4,7014.0599999999995,44.39,10000.0,3587.14,6263.8,7635,131
Cebu Pacific,MNL-PAG,2023.0,4,4052.5679999999998,44.39,10000.0,3587.14,6655.58,7635,134
AirAsia,MNL-PPS,2023.0,4,4631.4,17.85,4073.98,3587.14,3619.8,7635,423
AirSWIFT,MNL-PPS,2023.0,4,60.336,0.0,4073.98,3587.14,3619.8,7635,423
Cebu Pacific,MNL-PPS,2023.0,4,10568.856,44.39,4073.98,3587.14,3619.8,7635,423
Philippine Airlines,MNL-PPS,2023.0,4,3747.7580000000003,32.98,4073.98,3587.14,3619.8,7635,423
Cebu Pacific,MNL-RXS,2023.0,4,1246.944,44.39,10000.0,3587.14,4134.92,7635,86
AirAsia,MNL-TAC,2023.0,4,7255.86,17.85,3365.32,3587.14,3187.24,7635,539
Cebu Pacific,MNL-TAC,2023.0,4,9196.212,44.39,3365.32,3587.14,3187.24,7635,539
Philippine Airlines,MNL-TAC,2023.0,4,8680.434000000001,32.98,3365.32,3587.14,3187.24,7635,539
AirAsia,MNL-TAG,2023.0,4,9262.8,17.85,3475.38,3587.14,3426.82,7635,356
Cebu Pacific,MNL-TAG,2023.0,4,5745.328,44.39,3475.38,3587.14,3426.82,7635,356
Philippine Airlines,MNL-TAG,2023.0,4,6655.474,32.98,3475.38,3587.14,3426.82,7635,356
Cebu Pacific,MNL-TUG,2023.0,4,4676.04,44.39,10000.0,3587.14,10000.0,7635,88
Cebgo,MNL-USU,2023.0,4,1689.408,4.77,10000.0,3587.14,5477.33,7635,285
Cebgo,MNL-WNP,2023.0,4,3187.752,4.77,10000.0,3587.14,10000.0,7635,103
Cebu Pacific,MPH-CEB,2023.0,4,4520.172,44.39,6294.79,3430.74,2992.08,846,2528
Philippine Airlines,MPH-CEB,2023.0,4,1471.26,32.98,6294.79,3430.74,2992.08,846,2528
Cebu Pacific,MPH-CRK,2023.0,4,779.3399999999999,44.39,10000.0,3430.74,3406.77,846,60
AirAsia,MPH-MNL,2023.0,4,18216.84,17.85,3262.31,3430.74,3587.14,846,7635
Cebgo,MPH-MNL,2023.0,4,1684.3799999999999,4.77,3262.31,3430.74,3587.14,846,7635
Cebu Pacific,MPH-MNL,2023.0,4,24003.672,44.39,3262.31,3430.74,3587.14,846,7635
Philippine Airlines,MPH-MNL,2023.0,4,15483.034,32.98,3262.31,3430.74,3587.14,846,7635
Cebgo,OZC-CEB,2023.0,4,1267.056,4.77,10000.0,6263.8,2992.08,131,2528
Cebu Pacific,OZC-MNL,2023.0,4,7014.0599999999995,44.39,5924.76,6263.8,3587.14,131,7635
Philippine Airlines,OZC-MNL,2023.0,4,2795.3940000000002,32.98,5924.76,6263.8,3587.14,131,7635
Cebgo,PAG-CEB,2023.0,4,2534.112,4.77,10000.0,6655.58,2992.08,134,2528
Cebu Pacific,PAG-MNL,2023.0,4,8261.003999999999,44.39,10000.0,6655.58,3587.14,134,7635
Cebu Pacific,PPS-CEB,2023.0,4,1870.416,44.39,5430.23,3619.8,2992.08,423,2528
Philippine Airlines,PPS-CEB,2023.0,4,1021.972,32.98,5430.23,3619.8,2992.08,423,2528
AirAsia,PPS-MNL,2023.0,4,8954.039999999999,17.85,3460.13,3619.8,3587.14,423,7635
Cebu Pacific,PPS-MNL,2023.0,4,14530.92,44.39,3460.13,3619.8,3587.14,423,7635
Philippine Airlines,PPS-MNL,2023.0,4,13290.382,32.98,3460.13,3619.8,3587.14,423,7635
AirAsia,RXS-MNL,2023.0,4,2006.94,17.85,3883.53,4134.92,3587.14,86,7635
Cebu Pacific,RXS-MNL,2023.0,4,5922.9839999999995,44.39,3883.53,4134.92,3587.14,86,7635
Philippine Airlines,RXS-MNL,2023.0,4,3879.0640000000003,32.98,3883.53,4134.92,3587.14,86,7635
Cebgo,SUG-CEB,2023.0,4,422.352,4.77,10000.0,10000.0,2992.08,7,2528
Cebgo,TAC-CEB,2023.0,4,1025.712,4.77,5004.16,3187.24,2992.08,539,2528
Philippine Airlines,TAC-CEB,2023.0,4,968.184,32.98,5004.16,3187.24,2992.08,539,2528
AirAsia,TAC-MNL,2023.0,4,16673.04,17.85,3628.81,3187.24,3587.14,539,7635
Cebu Pacific,TAC-MNL,2023.0,4,19639.368,44.39,3628.81,3187.24,3587.14,539,7635
Philippine Airlines,TAC-MNL,2023.0,4,8974.686,32.98,3628.81,3187.24,3587.14,539,7635
Philippine Airlines,TAG-DVO,2023.0,4,860.608,32.98,10000.0,3426.82,4775.03,356,958
AirAsia,TAG-MNL,2023.0,4,9262.8,17.85,3866.93,3426.82,3587.14,356,7635
Cebu Pacific,TAG-MNL,2023.0,4,16121.444,44.39,3866.93,3426.82,3587.14,356,7635
Philippine Airlines,TAG-MNL,2023.0,4,6066.97,32.98,3866.93,3426.82,3587.14,356,7635
Cebu Pacific,TUG-MNL,2023.0,4,9040.344,44.39,10000.0,10000.0,3587.14,88,7635
Cebgo,USU-CEB,2023.0,4,2353.104,4.77,5371.84,5477.33,2992.08,285,2528
Philippine Airlines,USU-CEB,2023.0,4,1344.6999999999998,32.98,5371.84,5477.33,2992.08,285,2528
Philippine Airlines,USU-CRK,2023.0,4,753.0319999999999,32.98,10000.0,5477.33,3406.77,285,60
Cebgo,USU-MNL,2023.0,4,5007.888,4.77,6514.65,5477.33,3587.14,285,7635
Philippine Airlines,USU-MNL,2023.0,4,1452.2759999999998,32.98,6514.65,5477.33,3587.14,285,7635
Cebgo,WNP-MNL,2023.0,4,3011.772,4.77,10000.0,10000.0,3587.14,103,7635
Philippine Airlines,ZAM-CEB,2023.0,4,968.184,32.98,10000.0,6380.88,2992.08,197,2528
Cebu Pacific,ZAM-MNL,2023.0,4,17358.332,44.39,6643.27,6380.88,3587.14,197,7635
Philippine Airlines,ZAM-MNL,2023.0,4,4708.032,32.98,6643.27,6380.88,3587.14,197,7635
Cebu Pacific,ZAM-TWT,2023.0,4,4676.04,44.39,6786.91,6380.88,6256.22,197,45
Philippine Airlines,ZAM-TWT,2023.0,4,1177.008,32.98,6786.91,6380.88,6256.22,197,45
Philippine Airlines,BCD-CEB,2023.0,5,591.668,33.89,10000.0,3564.17,2993.11,550,2646
Cebu Pacific,BCD-DVO,2023.0,5,3772.224,43.79,10000.0,3564.17,4771.41,550,1049
AirAsia,BCD-MNL,2023.0,5,14202.96,17.65,3386.78,3564.17,3568.51,550,7948
Cebu Pacific,BCD-MNL,2023.0,5,18959.616,43.79,3386.78,3564.17,3568.51,550,7948
Philippine Airlines,BCD-MNL,2023.0,5,15236.242,33.89,3386.78,3564.17,3568.51,550,7948
Philippine Airlines,BPA-CEB,2023.0,5,430.304,33.89,10000.0,10000.0,2993.11,17,2646
Cebgo,BXU-CEB,2023.0,5,1928.4479999999999,4.67,10000.0,4706.73,2993.11,313,2646
Cebu Pacific,BXU-MNL,2023.0,5,13017.024000000001,43.79,5607.76,4706.73,3568.51,313,7948
Philippine Airlines,BXU-MNL,2023.0,5,6286.868,33.89,5607.76,4706.73,3568.51,313,7948
Philippine Airlines,CBO-MNL,2023.0,5,4119.528,33.89,10000.0,10000.0,3568.51,64,7948
Philippine Airlines,CBO-TWT,2023.0,5,484.092,33.89,10000.0,10000.0,5170.51,64,46
Philippine Airlines,CEB-BCD,2023.0,5,645.4559999999999,33.89,10000.0,2993.11,3564.17,2646,550
Philippine Airlines,CEB-BPA,2023.0,5,484.092,33.89,10000.0,2993.11,10000.0,2646,17
Cebgo,CEB-BXU,2023.0,5,1990.656,4.67,10000.0,2993.11,4706.73,2646,313
Cebgo,CEB-CGY,2023.0,5,5536.512,4.67,6637.62,2993.11,3250.8,2646,731
Philippine Airlines,CEB-CGY,2023.0,5,1506.0639999999999,33.89,6637.62,2993.11,3250.8,2646,731
Cebgo,CEB-CYP,2023.0,5,995.328,4.67,10000.0,2993.11,5016.4,2646,65
Cebgo,CEB-DGT,2023.0,5,124.416,4.67,10000.0,2993.11,5045.95,2646,183
Cebu Pacific,CEB-DVO,2023.0,5,7070.976000000001,43.79,5000.06,2993.11,4771.41,2646,1049
Philippine Airlines,CEB-DVO,2023.0,5,7024.08,33.89,5000.06,2993.11,4771.41,2646,1049
Cebgo,CEB-IAO,2023.0,5,3919.104,4.67,5085.61,2993.11,5272.09,2646,389
Philippine Airlines,CEB-IAO,2023.0,5,3012.1279999999997,33.89,5085.61,2993.11,5272.09,2646,389
Cebgo,CEB-ILO,2023.0,5,3421.44,4.67,10000.0,2993.11,3064.28,2646,788
AirAsia,CEB-MNL,2023.0,5,19143.12,17.65,3702.57,2993.11,3568.51,2646,7948
Cebu Pacific,CEB-MNL,2023.0,5,46656.864,43.79,3702.57,2993.11,3568.51,2646,7948
Philippine Airlines,CEB-MNL,2023.0,5,36781.5,33.89,3702.57,2993.11,3568.51,2646,7948
Cebu Pacific,CEB-MPH,2023.0,5,4981.8240000000005,43.79,5630.13,2993.11,3537.5,2646,961
Philippine Airlines,CEB-MPH,2023.0,5,2371.418,33.89,5630.13,2993.11,3537.5,2646,961
Cebgo,CEB-PAG,2023.0,5,497.664,4.67,10000.0,2993.11,6851.96,2646,114
Cebu Pacific,CEB-PPS,2023.0,5,321.408,43.79,8092.89,2993.11,3563.04,2646,470
Philippine Airlines,CEB-PPS,2023.0,5,2689.3999999999996,33.89,8092.89,2993.11,3563.04,2646,470
Cebgo,CEB-TAC,2023.0,5,1866.24,4.67,5175.94,2993.11,3145.14,2646,610
Philippine Airlines,CEB-TAC,2023.0,5,1276.674,33.89,5175.94,2993.11,3145.14,2646,610
Cebgo,CEB-USU,2023.0,5,1804.032,4.67,5040.52,2993.11,5590.96,2646,291
Philippine Airlines,CEB-USU,2023.0,5,1506.0639999999999,33.89,5040.52,2993.11,5590.96,2646,291
Cebgo,CGY-CEB,2023.0,5,5536.512,4.67,6707.61,3250.8,2993.11,731,2646
Philippine Airlines,CGY-CEB,2023.0,5,1452.2759999999998,33.89,6707.61,3250.8,2993.11,731,2646
Cebgo,CGY-DVO,2023.0,5,1057.536,4.67,10000.0,3250.8,4771.41,731,1049
AirAsia,CGY-MNL,2023.0,5,4785.78,17.65,4027.21,3250.8,3568.51,731,7948
Cebu Pacific,CGY-MNL,2023.0,5,18448.128,43.79,4027.21,3250.8,3568.51,731,7948
Philippine Airlines,CGY-MNL,2023.0,5,14554.4,33.89,4027.21,3250.8,3568.51,731,7948
Cebu Pacific,CRK-MPH,2023.0,5,3696.192,43.79,10000.0,7468.71,3537.5,70,961
Philippine Airlines,CRK-USU,2023.0,5,537.88,33.89,10000.0,7468.71,5590.96,70,291
Cebgo,CYP-CEB,2023.0,5,995.328,4.67,10000.0,5016.4,2993.11,65,2646
Philippine Airlines,CYP-MNL,2023.0,5,860.608,33.89,10000.0,5016.4,3568.51,65,7948
Cebu Pacific,CYZ-MNL,2023.0,5,4499.712,43.79,10000.0,10000.0,3568.51,56,7948
Cebgo,DGT-CEB,2023.0,5,62.208,4.67,10000.0,5045.95,2993.11,183,2646
Cebu Pacific,DGT-MNL,2023.0,5,3374.784,43.79,5795.08,5045.95,3568.51,183,7948
Philippine Airlines,DGT-MNL,2023.0,5,7851.466,33.89,5795.08,5045.95,3568.51,183,7948
Cebu Pacific,DPL-MNL,2023.0,5,4821.12,43.79,5119.29,5104.23,3568.51,109,7948
Philippine Airlines,DPL-MNL,2023.0,5,3531.0240000000003,33.89,5119.29,5104.23,3568.51,109,7948
Cebu Pacific,DRP-MNL,2023.0,5,8999.424,43.79,5004.02,5004.48,3568.51,271,7948
Philippine Airlines,DRP-MNL,2023.0,5,8503.25,33.89,5004.02,5004.48,3568.51,271,7948
Cebu Pacific,DVO-BCD,2023.0,5,3772.224,43.79,10000.0,4771.41,3564.17,1049,550
Cebu Pacific,DVO-CEB,2023.0,5,7070.976000000001,43.79,5004.76,4771.41,2993.11,1049,2646
Philippine Airlines,DVO-CEB,2023.0,5,6647.564,33.89,5004.76,4771.41,2993.11,1049,2646
Cebgo,DVO-CGY,2023.0,5,1057.536,4.67,10000.0,4771.41,3250.8,1049,731
Cebgo,DVO-IAO,2023.0,5,808.704,4.67,10000.0,4771.41,5272.09,1049,389
AirAsia,DVO-MNL,2023.0,5,154.38,17.65,4984.22,4771.41,3568.51,1049,7948
Cebu Pacific,DVO-MNL,2023.0,5,29180.736,43.79,4984.22,4771.41,3568.51,1049,7948
Philippine Airlines,DVO-MNL,2023.0,5,31828.258,33.89,4984.22,4771.41,3568.51,1049,7948
Philippine Airlines,DVO-TAG,2023.0,5,914.396,33.89,10000.0,4771.41,3475.82,1049,391
Philippine Airlines,EUQ-MNL,2023.0,5,645.4559999999999,33.89,10000.0,10000.0,3568.51,25,7948
Cebu Pacific,GES-MNL,2023.0,5,12075.264,43.79,5029.73,5029.73,3568.51,186,7948
Philippine Airlines,GES-MNL,2023.0,5,10346.28,33.89,5029.73,5029.73,3568.51,186,7948
Cebgo,IAO-CEB,2023.0,5,2861.5679999999998,4.67,5002.23,5272.09,2993.11,389,2646
Philippine Airlines,IAO-CEB,2023.0,5,2743.1879999999996,33.89,5002.23,5272.09,2993.11,389,2646
Cebgo,IAO-DVO,2023.0,5,870.912,4.67,10000.0,5272.09,4771.41,389,1049
Philippine Airlines,IAO-MNL,2023.0,5,3012.1279999999997,33.89,10000.0,5272.09,3568.51,389,7948
Cebu Pacific,ILO-BCD,2023.0,5,160.704,43.79,10000.0,3064.28,3564.17,788,550
Cebgo,ILO-CEB,2023.0,5,3421.44,4.67,10000.0,3064.28,2993.11,788,2646
Cebgo,ILO-ILO,2023.0,5,62.208,4.67,10000.0,3064.28,3064.28,788,788
AirAsia,ILO-MNL,2023.0,5,24451.8,17.65,3515.35,3064.28,3568.51,788,7948
Cebu Pacific,ILO-MNL,2023.0,5,17485.632,43.79,3515.35,3064.28,3568.51,788,7948
Philippine Airlines,ILO-MNL,2023.0,5,13972.224,33.89,3515.35,3064.28,3568.51,788,7948
AirAsia,KLO-MNL,2023.0,5,14357.34,17.65,6175.13,6175.13,3568.51,248,7948
Cebu Pacific,KLO-MNL,2023.0,5,4981.8240000000005,43.79,6175.13,6175.13,3568.51,248,7948
Philippine Airlines,LAO-MNL,2023.0,5,7313.586,33.89,10000.0,10000.0,3568.51,73,7948
AirAsia,MNL-BCD,2023.0,5,9571.56,17.65,3542.21,3568.51,3564.17,7948,550
Cebu Pacific,MNL-BCD,2023.0,5,13395.456,43.79,3542.21,3568.51,3564.17,7948,550
Philippine Airlines,MNL-BCD,2023.0,5,7277.2,33.89,3542.21,3568.51,3564.17,7948,550
Philippine Airlines,MNL-BSO,2023.0,5,1452.2759999999998,33.89,10000.0,3568.51,10000.0,7948,27
Cebu Pacific,MNL-BXU,2023.0,5,13017.024000000001,43.79,5607.76,3568.51,4706.73,7948,313
Philippine Airlines,MNL-BXU,2023.0,5,6286.868,33.89,5607.76,3568.51,4706.73,7948,313
Philippine Airlines,MNL-CBO,2023.0,5,3972.402,33.89,10000.0,3568.51,10000.0,7948,64
AirAsia,MNL-CEB,2023.0,5,23465.76,17.65,3439.08,3568.51,2993.11,7948,2646
Cebgo,MNL-CEB,2023.0,5,559.872,4.67,3439.08,3568.51,2993.11,7948,2646
Cebu Pacific,MNL-CEB,2023.0,5,39189.312,43.79,3439.08,3568.51,2993.11,7948,2646
Philippine Airlines,MNL-CEB,2023.0,5,36609.062,33.89,3439.08,3568.51,2993.11,7948,2646
AirAsia,MNL-CGY,2023.0,5,4785.78,17.65,4436.36,3568.51,3250.8,7948,731
Cebu Pacific,MNL-CGY,2023.0,5,22980.672,43.79,4436.36,3568.51,3250.8,7948,731
Philippine Airlines,MNL-CGY,2023.0,5,11436.278,33.89,4436.36,3568.51,3250.8,7948,731
Philippine Airlines,MNL-CRM,2023.0,5,968.184,33.89,10000.0,3568.51,10000.0,7948,18
Philippine Airlines,MNL-CYP,2023.0,5,914.396,33.89,10000.0,3568.51,5016.4,7948,65
Cebu Pacific,MNL-CYZ,2023.0,5,4499.712,43.79,10000.0,3568.51,10000.0,7948,56
Cebu Pacific,MNL-DGT,2023.0,5,8195.904,43.79,5002.3,3568.51,5045.95,7948,183
Philippine Airlines,MNL-DGT,2023.0,5,7851.466,33.89,5002.3,3568.51,5045.95,7948,183
Cebu Pacific,MNL-DPL,2023.0,5,4821.12,43.79,5090.42,3568.51,5104.23,7948,109
Philippine Airlines,MNL-DPL,2023.0,5,3678.15,33.89,5090.42,3568.51,5104.23,7948,109
Cebu Pacific,MNL-DRP,2023.0,5,8999.424,43.79,5004.97,3568.51,5004.48,7948,271
Philippine Airlines,MNL-DRP,2023.0,5,8449.462,33.89,5004.97,3568.51,5004.48,7948,271
Cebu Pacific,MNL-DVO,2023.0,5,31531.68,43.79,5000.03,3568.51,4771.41,7948,1049
Philippine Airlines,MNL-DVO,2023.0,5,31681.132,33.89,5000.03,3568.51,4771.41,7948,1049
Philippine Airlines,MNL-EUQ,2023.0,5,699.2439999999999,33.89,10000.0,3568.51,10000.0,7948,25
Cebu Pacific,MNL-GES,2023.0,5,12075.264,43.79,5029.73,3568.51,5029.73,7948,186
Philippine Airlines,MNL-GES,2023.0,5,10346.28,33.89,5029.73,3568.51,5029.73,7948,186
Philippine Airlines,MNL-IAO,2023.0,5,4840.92,33.89,10000.0,3568.51,5272.09,7948,389
AirAsia,MNL-ILO,2023.0,5,19297.5,17.65,3373.57,3568.51,3064.28,7948,788
Cebu Pacific,MNL-ILO,2023.0,5,17324.928,43.79,3373.57,3568.51,3064.28,7948,788
Philippine Airlines,MNL-ILO,2023.0,5,14707.854000000001,33.89,3373.57,3568.51,3064.28,7948,788
AirAsia,MNL-KLO,2023.0,5,14357.34,17.65,6175.13,3568.51,6175.13,7948,248
Cebu Pacific,MNL-KLO,2023.0,5,4981.8240000000005,43.79,6175.13,3568.51,6175.13,7948,248
Philippine Airlines,MNL-LAO,2023.0,5,3600.632,33.89,10000.0,3568.51,10000.0,7948,73
AirAsia,MNL-MPH,2023.0,5,14357.34,17.65,3319.28,3568.51,3537.5,7948,961
Cebgo,MNL-MPH,2023.0,5,1804.032,4.67,3319.28,3568.51,3537.5,7948,961
Cebu Pacific,MNL-MPH,2023.0,5,21373.632,43.79,3319.28,3568.51,3537.5,7948,961
Philippine Airlines,MNL-MPH,2023.0,5,11539.108,33.89,3319.28,3568.51,3537.5,7948,961
Cebu Pacific,MNL-OZC,2023.0,5,7231.68,43.79,10000.0,3568.51,6412.29,7948,129
Cebu Pacific,MNL-PAG,2023.0,5,4339.008,43.79,10000.0,3568.51,6851.96,7948,114
AirAsia,MNL-PPS,2023.0,5,4785.78,17.65,3728.05,3568.51,3563.04,7948,470
Cebu Pacific,MNL-PPS,2023.0,5,11019.456,43.79,3728.05,3568.51,3563.04,7948,470
Philippine Airlines,MNL-PPS,2023.0,5,6821.584,33.89,3728.05,3568.51,3563.04,7948,470
Cebu Pacific,MNL-RXS,2023.0,5,1124.928,43.79,10000.0,3568.51,4138.29,7948,84
AirAsia,MNL-TAC,2023.0,5,7564.62,17.65,3378.44,3568.51,3145.14,7948,610
Cebu Pacific,MNL-TAC,2023.0,5,9481.536,43.79,3378.44,3568.51,3145.14,7948,610
Philippine Airlines,MNL-TAC,2023.0,5,10004.568000000001,33.89,3378.44,3568.51,3145.14,7948,610
AirAsia,MNL-TAG,2023.0,5,9571.56,17.65,3388.66,3568.51,3475.82,7948,391
Cebu Pacific,MNL-TAG,2023.0,5,7361.28,43.79,3388.66,3568.51,3475.82,7948,391
Philippine Airlines,MNL-TAG,2023.0,5,7356.3,33.89,3388.66,3568.51,3475.82,7948,391
Cebu Pacific,MNL-TUG,2023.0,5,4178.304,43.79,10000.0,3568.51,10000.0,7948,80
Cebgo,MNL-USU,2023.0,5,1804.032,4.67,10000.0,3568.51,5590.96,7948,291
Cebgo,MNL-WNP,2023.0,5,3037.824,4.67,10000.0,3568.51,10000.0,7948,99
Cebu Pacific,MPH-CEB,2023.0,5,4981.8240000000005,43.79,5703.57,3537.5,2993.11,961,2646
Philippine Airlines,MPH-CEB,2023.0,5,2263.842,33.89,5703.57,3537.5,2993.11,961,2646
Cebu Pacific,MPH-CRK,2023.0,5,3696.192,43.79,10000.0,3537.5,7468.71,961,70
AirAsia,MPH-MNL,2023.0,5,19143.12,17.65,3267.83,3537.5,3568.51,961,7948
Cebgo,MPH-MNL,2023.0,5,1928.4479999999999,4.67,3267.83,3537.5,3568.51,961,7948
Cebu Pacific,MPH-MNL,2023.0,5,26034.048000000003,43.79,3267.83,3537.5,3568.51,961,7948
Philippine Airlines,MPH-MNL,2023.0,5,16286.69,33.89,3267.83,3537.5,3568.51,961,7948
Cebu Pacific,MPH-MPH,2023.0,5,160.704,43.79,10000.0,3537.5,3537.5,961,961
Cebgo,OZC-CEB,2023.0,5,870.912,4.67,10000.0,6412.29,2993.11,129,2646
Cebu Pacific,OZC-MNL,2023.0,5,7231.68,43.79,5701.44,6412.29,3568.51,129,7948
Philippine Airlines,OZC-MNL,2023.0,5,3290.56,33.89,5701.44,6412.29,3568.51,129,7948
Cebu Pacific,OZC-OZC,2023.0,5,160.704,43.79,10000.0,6412.29,6412.29,129,129
Cebgo,PAG-CEB,2023.0,5,2239.488,4.67,10000.0,6851.96,2993.11,114,2646
Cebu Pacific,PAG-MNL,2023.0,5,6910.272,43.79,10000.0,6851.96,3568.51,114,7948
Cebu Pacific,PPS-CEB,2023.0,5,321.408,43.79,6886.09,3563.04,2993.11,470,2646
Philippine Airlines,PPS-CEB,2023.0,5,1344.6999999999998,33.89,6886.09,3563.04,2993.11,470,2646
AirAsia,PPS-MNL,2023.0,5,9571.56,17.65,3489.65,3563.04,3568.51,470,7948
Cebu Pacific,PPS-MNL,2023.0,5,15277.248,43.79,3489.65,3563.04,3568.51,470,7948
Philippine Airlines,PPS-MNL,2023.0,5,16345.224,33.89,3489.65,3563.04,3568.51,470,7948
AirAsia,RXS-MNL,2023.0,5,1852.56,17.65,3925.46,4138.29,3568.51,84,7948
Cebu Pacific,RXS-MNL,2023.0,5,5946.048000000001,43.79,3925.46,4138.29,3568.51,84,7948
Philippine Airlines,RXS-MNL,2023.0,5,4119.528,33.89,3925.46,4138.29,3568.51,84,7948
Cebgo,SUG-CEB,2023.0,5,435.456,4.67,10000.0,10000.0,2993.11,7,2646
Cebgo,TAC-CEB,2023.0,5,1679.616,4.67,5092.89,3145.14,2993.11,610,2646
Philippine Airlines,TAC-CEB,2023.0,5,1276.674,33.89,5092.89,3145.14,2993.11,610,2646
AirAsia,TAC-MNL,2023.0,5,17908.079999999998,17.65,3627.97,3145.14,3568.51,610,7948
Cebu Pacific,TAC-MNL,2023.0,5,23141.376,43.79,3627.97,3145.14,3568.51,610,7948
Philippine Airlines,TAC-MNL,2023.0,5,10646.86,33.89,3627.97,3145.14,3568.51,610,7948
Philippine Airlines,TAG-DVO,2023.0,5,914.396,33.89,10000.0,3475.82,4771.41,391,1049
AirAsia,TAG-MNL,2023.0,5,9417.18,17.65,3959.07,3475.82,3568.51,391,7948
Cebu Pacific,TAG-MNL,2023.0,5,19085.76,43.79,3959.07,3475.82,3568.51,391,7948
Philippine Airlines,TAG-MNL,2023.0,5,7209.174,33.89,3959.07,3475.82,3568.51,391,7948
Cebu Pacific,TUG-MNL,2023.0,5,8678.016,43.79,10000.0,10000.0,3568.51,80,7948
Cebgo,USU-CEB,2023.0,5,2799.36,4.67,5680.03,5590.96,2993.11,291,2646
Philippine Airlines,USU-CEB,2023.0,5,1290.9119999999998,33.89,5680.03,5590.96,2993.11,291,2646
Philippine Airlines,USU-CRK,2023.0,5,753.0319999999999,33.89,10000.0,5590.96,7468.71,291,70
Cebgo,USU-MNL,2023.0,5,5158.08,4.67,6434.42,5590.96,3568.51,291,7948
Philippine Airlines,USU-MNL,2023.0,5,1559.8519999999999,33.89,6434.42,5590.96,3568.51,291,7948
Cebgo,WNP-MNL,2023.0,5,3105.216,4.67,10000.0,10000.0,3568.51,99,7948
Philippine Airlines,ZAM-CEB,2023.0,5,1183.336,33.89,10000.0,5709.02,2993.11,200,2646
Cebu Pacific,ZAM-MNL,2023.0,5,16459.2,43.79,6119.77,5709.02,3568.51,200,7948
Philippine Airlines,ZAM-MNL,2023.0,5,5885.04,33.89,6119.77,5709.02,3568.51,200,7948
Cebu Pacific,ZAM-TWT,2023.0,5,3696.192,43.79,5404.14,5709.02,5170.51,200,46
Philippine Airlines,ZAM-TWT,2023.0,5,2059.764,33.89,5404.14,5709.02,5170.51,200,46
Cebgo,BCD-CEB,2023.0,6,63.0,4.92,8122.93,3614.47,2954.72,559,2664
Philippine Airlines,BCD-CEB,2023.0,6,537.88,35.04,8122.93,3614.47,2954.72,559,2664
Cebu Pacific,BCD-DVO,2023.0,6,3417.75,42.35,10000.0,3614.47,4768.05,559,984
AirAsia,BCD-MNL,2023.0,6,13585.439999999999,17.68,3450.16,3614.47,3535.42,559,7695
Cebu Pacific,BCD-MNL,2023.0,6,20914.25,42.35,3450.16,3614.47,3535.42,559,7695
Philippine Airlines,BCD-MNL,2023.0,6,15413.426000000001,35.04,3450.16,3614.47,3535.42,559,7695
Philippine Airlines,BPA-CEB,2023.0,6,430.304,35.04,10000.0,10000.0,2954.72,16,2664
Cebgo,BXU-CEB,2023.0,6,1512.0,4.92,10000.0,4689.29,2954.72,294,2664
Cebu Pacific,BXU-MNL,2023.0,6,12369.0,42.35,5421.5,4689.29,3535.42,294,7695
Philippine Airlines,BXU-MNL,2023.0,6,6802.6,35.04,5421.5,4689.29,3535.42,294,7695
Philippine Airlines,CBO-MNL,2023.0,6,2206.89,35.04,10000.0,10000.0,3535.42,34,7695
Philippine Airlines,CBO-TWT,2023.0,6,268.94,35.04,10000.0,10000.0,5621.32,34,46
Cebgo,CEB-BCD,2023.0,6,63.0,4.92,5483.7,2954.72,3614.47,2664,559
Cebu Pacific,CEB-BCD,2023.0,6,162.75,42.35,5483.7,2954.72,3614.47,2664,559
Philippine Airlines,CEB-BCD,2023.0,6,537.88,35.04,5483.7,2954.72,3614.47,2664,559
Philippine Airlines,CEB-BPA,2023.0,6,430.304,35.04,10000.0,2954.72,10000.0,2664,16
Cebgo,CEB-BXU,2023.0,6,1575.0,4.92,10000.0,2954.72,4689.29,2664,294
Cebgo,CEB-CEB,2023.0,6,126.0,4.92,10000.0,2954.72,2954.72,2664,2664
Cebgo,CEB-CGY,2023.0,6,6363.0,4.92,6589.21,2954.72,3052.03,2664,731
Philippine Airlines,CEB-CGY,2023.0,6,1775.004,35.04,6589.21,2954.72,3052.03,2664,731
Cebgo,CEB-CYP,2023.0,6,1008.0,4.92,10000.0,2954.72,5001.35,2664,64
Cebu Pacific,CEB-DVO,2023.0,6,5696.25,42.35,5035.64,2954.72,4768.05,2664,984
Philippine Airlines,CEB-DVO,2023.0,6,4809.28,35.04,5035.64,2954.72,4768.05,2664,984
Cebgo,CEB-IAO,2023.0,6,3969.0,4.92,5082.4,2954.72,5309.66,2664,392
Philippine Airlines,CEB-IAO,2023.0,6,3065.9159999999997,35.04,5082.4,2954.72,5309.66,2664,392
Cebgo,CEB-ILO,2023.0,6,3213.0,4.92,10000.0,2954.72,3087.91,2664,733
AirAsia,CEB-MNL,2023.0,6,18216.84,17.68,3764.27,2954.72,3535.42,2664,7695
Cebu Pacific,CEB-MNL,2023.0,6,47542.25,42.35,3764.27,2954.72,3535.42,2664,7695
Philippine Airlines,CEB-MNL,2023.0,6,34283.522000000004,35.04,3764.27,2954.72,3535.42,2664,7695
Cebu Pacific,CEB-MPH,2023.0,6,4882.5,42.35,6236.86,2954.72,3328.23,2664,850
Philippine Airlines,CEB-MPH,2023.0,6,1638.952,35.04,6236.86,2954.72,3328.23,2664,850
Cebgo,CEB-PAG,2023.0,6,756.0,4.92,10000.0,2954.72,6901.52,2664,129
Cebu Pacific,CEB-PPS,2023.0,6,813.75,42.35,6433.36,2954.72,3569.33,2664,454
Philippine Airlines,CEB-PPS,2023.0,6,2689.3999999999996,35.04,6433.36,2954.72,3569.33,2664,454
Cebgo,CEB-TAC,2023.0,6,1701.0,4.92,5018.47,2954.72,3043.96,2664,620
Philippine Airlines,CEB-TAC,2023.0,6,1506.0639999999999,35.04,5018.47,2954.72,3043.96,2664,620
Cebgo,CEB-USU,2023.0,6,1764.0,4.92,5090.96,2954.72,5565.67,2664,283
Philippine Airlines,CEB-USU,2023.0,6,1344.6999999999998,35.04,5090.96,2954.72,5565.67,2664,283
Cebgo,CGY-CEB,2023.0,6,6363.0,4.92,6589.21,3052.03,2954.72,731,2664
Philippine Airlines,CGY-CEB,2023.0,6,1775.004,35.04,6589.21,3052.03,2954.72,731,2664
Cebgo,CGY-DVO,2023.0,6,1008.0,4.92,10000.0,3052.03,4768.05,731,984
AirAsia,CGY-MNL,2023.0,6,4631.4,17.68,3995.52,3052.03,3535.42,731,7695
Cebu Pacific,CGY-MNL,2023.0,6,16469.25,42.35,3995.52,3052.03,3535.42,731,7695
Philippine Airlines,CGY-MNL,2023.0,6,16484.440000000002,35.04,3995.52,3052.03,3535.42,731,7695
Cebu Pacific,CRK-CEB,2023.0,6,1627.5,42.35,10000.0,7172.34,2954.72,60,2664
Cebu Pacific,CRK-MPH,2023.0,6,2278.5,42.35,10000.0,7172.34,3328.23,60,850
Philippine Airlines,CRK-USU,2023.0,6,645.4559999999999,35.04,10000.0,7172.34,5565.67,60,283
Cebgo,CYP-CEB,2023.0,6,882.0,4.92,10000.0,5001.35,2954.72,64,2664
Philippine Airlines,CYP-MNL,2023.0,6,914.396,35.04,10000.0,5001.35,3535.42,64,7695
Cebu Pacific,CYZ-MNL,2023.0,6,4719.75,42.35,10000.0,10000.0,3535.42,58,7695
Cebu Pacific,DGT-MNL,2023.0,6,4394.25,42.35,5226.09,5003.08,3535.42,173,7695
Philippine Airlines,DGT-MNL,2023.0,6,6767.796,35.04,5226.09,5003.08,3535.42,173,7695
Cebu Pacific,DPL-MNL,2023.0,6,4882.5,42.35,5098.96,5098.96,3535.42,110,7695
Philippine Airlines,DPL-MNL,2023.0,6,3678.15,35.04,5098.96,5098.96,3535.42,110,7695
Cebgo,DRP-MNL,2023.0,6,63.0,4.92,4981.93,4983.69,3535.42,274,7695
Cebu Pacific,DRP-MNL,2023.0,6,8463.0,42.35,4981.93,4983.69,3535.42,274,7695
Philippine Airlines,DRP-MNL,2023.0,6,9504.656,35.04,4981.93,4983.69,3535.42,274,7695
Cebu Pacific,DVO-BCD,2023.0,6,3417.75,42.35,10000.0,4768.05,3614.47,984,559
Cebu Pacific,DVO-CEB,2023.0,6,5696.25,42.35,5040.51,4768.05,2954.72,984,2664
Philippine Airlines,DVO-CEB,2023.0,6,4755.492,35.04,5040.51,4768.05,2954.72,984,2664
Cebgo,DVO-CGY,2023.0,6,1008.0,4.92,10000.0,4768.05,3052.03,984,731
Cebgo,DVO-IAO,2023.0,6,819.0,4.92,10000.0,4768.05,5309.66,984,392
Cebu Pacific,DVO-MNL,2023.0,6,25923.625,42.35,5045.44,4768.05,3535.42,984,7695
Philippine Airlines,DVO-MNL,2023.0,6,31386.88,35.04,5045.44,4768.05,3535.42,984,7695
Philippine Airlines,DVO-TAG,2023.0,6,914.396,35.04,10000.0,4768.05,3392.86,984,380
AirSWIFT,ENI-MNL,2023.0,6,43.75,0.01,10000.0,10000.0,3535.42,2,7695
Philippine Airlines,EUQ-MNL,2023.0,6,591.668,35.04,10000.0,10000.0,3535.42,23,7695
Cebu Pacific,GES-MNL,2023.0,6,11873.75,42.35,5000.0,5000.06,3535.42,205,7695
Philippine Airlines,GES-MNL,2023.0,6,11863.418,35.04,5000.0,5000.06,3535.42,205,7695
Cebgo,IAO-CEB,2023.0,6,2772.0,4.92,5008.62,5309.66,2954.72,392,2664
Philippine Airlines,IAO-CEB,2023.0,6,3012.1279999999997,35.04,5008.62,5309.66,2954.72,392,2664
Cebgo,IAO-DVO,2023.0,6,819.0,4.92,10000.0,5309.66,4768.05,392,984
Philippine Airlines,IAO-MNL,2023.0,6,3012.1279999999997,35.04,10000.0,5309.66,3535.42,392,7695
Cebgo,ILO-CEB,2023.0,6,3339.0,4.92,10000.0,3087.91,2954.72,733,2664
AirAsia,ILO-MNL,2023.0,6,23870.8,17.68,3562.75,3087.91,3535.42,733,7695
Cebu Pacific,ILO-MNL,2023.0,6,13382.25,42.35,3562.75,3087.91,3535.42,733,7695
Philippine Airlines,ILO-MNL,2023.0,6,15158.724,35.04,3562.75,3087.91,3535.42,733,7695
AirAsia,KLO-MNL,2023.0,6,13739.82,17.68,6131.12,6141.43,3535.42,239,7695
Cebu Pacific,KLO-MNL,2023.0,6,4882.5,42.35,6131.12,6141.43,3535.42,239,7695
Philippine Airlines,LAO-MNL,2023.0,6,7694.848,35.04,10000.0,10000.0,3535.42,77,7695
AirAsia,MNL-BCD,2023.0,6,8954.039999999999,17.68,3561.43,3535.42,3614.47,7695,559
Cebu Pacific,MNL-BCD,2023.0,6,14054.25,42.35,3561.43,3535.42,3614.47,7695,559
Philippine Airlines,MNL-BCD,2023.0,6,7879.942,35.04,3561.43,3535.42,3614.47,7695,559
Philippine Airlines,MNL-BSO,2023.0,6,1398.4879999999998,35.04,10000.0,3535.42,10000.0,7695,26
Cebu Pacific,MNL-BXU,2023.0,6,12369.0,42.35,5393.46,3535.42,4689.29,7695,294
Philippine Airlines,MNL-BXU,2023.0,6,6949.726000000001,35.04,5393.46,3535.42,4689.29,7695,294
Philippine Airlines,MNL-CBO,2023.0,6,2059.764,35.04,10000.0,3535.42,10000.0,7695,34
AirAsia,MNL-CEB,2023.0,6,23002.62,17.68,3406.92,3535.42,2954.72,7695,2664
Cebgo,MNL-CEB,2023.0,6,693.0,4.92,3406.92,3535.42,2954.72,7695,2664
Cebu Pacific,MNL-CEB,2023.0,6,36965.25,42.35,3406.92,3535.42,2954.72,7695,2664
Philippine Airlines,MNL-CEB,2023.0,6,34220.242,35.04,3406.92,3535.42,2954.72,7695,2664
AirAsia,MNL-CGY,2023.0,6,4631.4,17.68,3998.54,3535.42,3052.03,7695,731
Cebu Pacific,MNL-CGY,2023.0,6,16670.5,42.35,3998.54,3535.42,3052.03,7695,731
Philippine Airlines,MNL-CGY,2023.0,6,11966.248,35.04,3998.54,3535.42,3052.03,7695,731
Philippine Airlines,MNL-CRM,2023.0,6,914.396,35.04,10000.0,3535.42,10000.0,7695,17
Philippine Airlines,MNL-CYP,2023.0,6,914.396,35.04,10000.0,3535.42,5001.35,7695,64
Cebu Pacific,MNL-CYZ,2023.0,6,4719.75,42.35,10000.0,3535.42,10000.0,7695,58
Cebu Pacific,MNL-DGT,2023.0,6,8625.75,42.35,5060.6,3535.42,5003.08,7695,173
Philippine Airlines,MNL-DGT,2023.0,6,6914.9220000000005,35.04,5060.6,3535.42,5003.08,7695,173
Cebu Pacific,MNL-DPL,2023.0,6,4882.5,42.35,5098.96,3535.42,5098.96,7695,110
Philippine Airlines,MNL-DPL,2023.0,6,3678.15,35.04,5098.96,3535.42,5098.96,7695,110
Cebgo,MNL-DRP,2023.0,6,63.0,4.92,4985.52,3535.42,4983.69,7695,274
Cebu Pacific,MNL-DRP,2023.0,6,8463.0,42.35,4985.52,3535.42,4983.69,7695,274
Philippine Airlines,MNL-DRP,2023.0,6,9612.232,35.04,4985.52,3535.42,4983.69,7695,274
Cebu Pacific,MNL-DVO,2023.0,6,24219.125,42.35,5086.78,3535.42,4768.05,7695,984
Philippine Airlines,MNL-DVO,2023.0,6,31568.81,35.04,5086.78,3535.42,4768.05,7695,984
AirSWIFT,MNL-ENI,2023.0,6,43.75,0.01,10000.0,3535.42,10000.0,7695,2
Philippine Airlines,MNL-EUQ,2023.0,6,645.4559999999999,35.04,10000.0,3535.42,10000.0,7695,23
Cebu Pacific,MNL-GES,2023.0,6,11873.75,42.35,5000.26,3535.42,5000.06,7695,205
Philippine Airlines,MNL-GES,2023.0,6,12045.348,35.04,5000.26,3535.42,5000.06,7695,205
Philippine Airlines,MNL-IAO,2023.0,6,4840.92,35.04,10000.0,3535.42,5309.66,7695,392
AirAsia,MNL-ILO,2023.0,6,18371.22,17.68,3389.72,3535.42,3087.91,7695,733
Cebu Pacific,MNL-ILO,2023.0,6,13382.25,42.35,3389.72,3535.42,3087.91,7695,733
Philippine Airlines,MNL-ILO,2023.0,6,15452.976,35.04,3389.72,3535.42,3087.91,7695,733
AirAsia,MNL-KLO,2023.0,6,13894.199999999999,17.68,6151.71,3535.42,6141.43,7695,239
Cebu Pacific,MNL-KLO,2023.0,6,4882.5,42.35,6151.71,3535.42,6141.43,7695,239
Philippine Airlines,MNL-LAO,2023.0,6,3991.386,35.04,10000.0,3535.42,10000.0,7695,77
AirAsia,MNL-MPH,2023.0,6,13894.199999999999,17.68,3144.36,3535.42,3328.23,7695,850
Cebgo,MNL-MPH,2023.0,6,1575.0,4.92,3144.36,3535.42,3328.23,7695,850
Cebu Pacific,MNL-MPH,2023.0,6,15624.0,42.35,3144.36,3535.42,3328.23,7695,850
Philippine Airlines,MNL-MPH,2023.0,6,11912.460000000001,35.04,3144.36,3535.42,3328.23,7695,850
Cebu Pacific,MNL-OZC,2023.0,6,6510.0,42.35,10000.0,3535.42,5989.41,7695,119
Cebu Pacific,MNL-PAG,2023.0,6,4719.75,42.35,10000.0,3535.42,6901.52,7695,129
AirAsia,MNL-PPS,2023.0,6,4631.4,17.68,3531.58,3535.42,3569.33,7695,454
Cebu Pacific,MNL-PPS,2023.0,6,8564.5,42.35,3531.58,3535.42,3569.33,7695,454
Philippine Airlines,MNL-PPS,2023.0,6,7851.466,35.04,3531.58,3535.42,3569.33,7695,454
Cebu Pacific,MNL-RXS,2023.0,6,3906.0,42.35,10000.0,3535.42,5285.03,7695,114
AirAsia,MNL-TAC,2023.0,6,7255.86,17.68,3527.48,3535.42,3043.96,7695,620
Cebu Pacific,MNL-TAC,2023.0,6,6672.75,42.35,3527.48,3535.42,3043.96,7695,620
Philippine Airlines,MNL-TAC,2023.0,6,11227.454,35.04,3527.48,3535.42,3043.96,7695,620
AirAsia,MNL-TAG,2023.0,6,9262.8,17.68,3453.6,3535.42,3392.86,7695,380
Cebu Pacific,MNL-TAG,2023.0,6,5768.0,42.35,3453.6,3535.42,3392.86,7695,380
Philippine Airlines,MNL-TAG,2023.0,6,7503.426,35.04,3453.6,3535.42,3392.86,7695,380
Cebu Pacific,MNL-TUG,2023.0,6,4557.0,42.35,10000.0,3535.42,10000.0,7695,86
Cebgo,MNL-USU,2023.0,6,1827.0,4.92,9413.68,3535.42,5565.67,7695,283
Philippine Airlines,MNL-USU,2023.0,6,56.952,35.04,9413.68,3535.42,5565.67,7695,283
Cebgo,MNL-WNP,2023.0,6,3276.0,4.92,10000.0,3535.42,10000.0,7695,104
Cebu Pacific,MPH-CEB,2023.0,6,4882.5,42.35,6118.96,3328.23,2954.72,850,2664
Philippine Airlines,MPH-CEB,2023.0,6,1746.528,35.04,6118.96,3328.23,2954.72,850,2664
Cebu Pacific,MPH-CRK,2023.0,6,2115.75,42.35,10000.0,3328.23,7172.34,850,60
AirAsia,MPH-MNL,2023.0,6,18371.22,17.68,3187.36,3328.23,3535.42,850,7695
Cebgo,MPH-MNL,2023.0,6,1575.0,4.92,3187.36,3328.23,3535.42,850,7695
Cebu Pacific,MPH-MNL,2023.0,6,20343.75,42.35,3187.36,3328.23,3535.42,850,7695
Philippine Airlines,MPH-MNL,2023.0,6,15978.2,35.04,3187.36,3328.23,3535.42,850,7695
Cebgo,OZC-CEB,2023.0,6,882.0,4.92,10000.0,5989.41,2954.72,119,2664
Cebu Pacific,OZC-MNL,2023.0,6,6510.0,42.35,5419.84,5989.41,3535.42,119,7695
Philippine Airlines,OZC-MNL,2023.0,6,3584.812,35.04,5419.84,5989.41,3535.42,119,7695
Cebgo,PAG-CEB,2023.0,6,2331.0,4.92,10000.0,6901.52,2954.72,129,2664
Cebu Pacific,PAG-MNL,2023.0,6,8300.25,42.35,10000.0,6901.52,3535.42,129,7695
Cebu Pacific,PPS-CEB,2023.0,6,813.75,42.35,5349.32,3569.33,2954.72,454,2664
Philippine Airlines,PPS-CEB,2023.0,6,1398.4879999999998,35.04,5349.32,3569.33,2954.72,454,2664
AirAsia,PPS-MNL,2023.0,6,9262.8,17.68,3482.41,3569.33,3535.42,454,7695
Cebu Pacific,PPS-MNL,2023.0,6,14966.0,42.35,3482.41,3569.33,3535.42,454,7695
Philippine Airlines,PPS-MNL,2023.0,6,15384.95,35.04,3482.41,3569.33,3535.42,454,7695
AirAsia,RXS-MNL,2023.0,6,1852.56,17.68,4509.23,5285.03,3535.42,114,7695
Cebu Pacific,RXS-MNL,2023.0,6,8463.0,42.35,4509.23,5285.03,3535.42,114,7695
Philippine Airlines,RXS-MNL,2023.0,6,3731.938,35.04,4509.23,5285.03,3535.42,114,7695
Cebgo,SUG-CEB,2023.0,6,315.0,4.92,10000.0,10000.0,2954.72,5,2664
Cebgo,TAC-CEB,2023.0,6,2646.0,4.92,5376.88,3043.96,2954.72,620,2664
Philippine Airlines,TAC-CEB,2023.0,6,1506.0639999999999,35.04,5376.88,3043.96,2954.72,620,2664
AirAsia,TAC-MNL,2023.0,6,17672.36,17.68,3604.06,3043.96,3535.42,620,7695
Cebu Pacific,TAC-MNL,2023.0,6,22947.75,42.35,3604.06,3043.96,3535.42,620,7695
Philippine Airlines,TAC-MNL,2023.0,6,10971.17,35.04,3604.06,3043.96,3535.42,620,7695
Philippine Airlines,TAG-DVO,2023.0,6,914.396,35.04,10000.0,3392.86,4768.05,380,984
AirAsia,TAG-MNL,2023.0,6,9262.8,17.68,3787.34,3392.86,3535.42,380,7695
Cebu Pacific,TAG-MNL,2023.0,6,17620.75,42.35,3787.34,3392.86,3535.42,380,7695
Philippine Airlines,TAG-MNL,2023.0,6,7944.804,35.04,3787.34,3392.86,3535.42,380,7695
Cebu Pacific,TUG-MNL,2023.0,6,9439.5,42.35,10000.0,10000.0,3535.42,86,7695
Cebgo,USU-CEB,2023.0,6,2583.0,4.92,5496.99,5565.67,2954.72,283,2664
Philippine Airlines,USU-CEB,2023.0,6,1344.6999999999998,35.04,5496.99,5565.67,2954.72,283,2664
Philippine Airlines,USU-CRK,2023.0,6,591.668,35.04,10000.0,5565.67,7172.34,283,60
Cebgo,USU-MNL,2023.0,6,4851.0,4.92,6250.23,5565.67,3535.42,283,7695
Philippine Airlines,USU-MNL,2023.0,6,1616.8039999999999,35.04,6250.23,5565.67,3535.42,283,7695
Cebgo,USU-USU,2023.0,6,126.0,4.92,10000.0,5565.67,5565.67,283,283
Cebu Pacific,VRC-MNL,2023.0,6,162.75,42.35,10000.0,10000.0,3535.42,1,7695
Cebgo,WNP-MNL,2023.0,6,3276.0,4.92,10000.0,10000.0,3535.42,104,7695
Cebu Pacific,ZAM-CEB,2023.0,6,813.75,42.35,5171.24,6151.85,2954.72,213,2664
Philippine Airlines,ZAM-CEB,2023.0,6,1183.336,35.04,5171.24,6151.85,2954.72,213,2664
Cebu Pacific,ZAM-MNL,2023.0,6,18095.0,42.35,6550.87,6151.85,3535.42,213,7695
Philippine Airlines,ZAM-MNL,2023.0,6,5149.41,35.04,6550.87,6151.85,3535.42,213,7695
Cebu Pacific,ZAM-TWT,2023.0,6,4557.0,42.35,5835.32,6151.85,5621.32,213,46
Philippine Airlines,ZAM-TWT,2023.0,6,1912.6380000000001,35.04,5835.32,6151.85,5621.32,213,46
Philippine Airlines,BCD-CEB,2023.0,7,824.1600000000001,34.77,10000.0,3598.26,2985.83,626,2726
Cebu Pacific,BCD-DVO,2023.0,7,3633.696,43.22,10000.0,3598.26,4788.89,626,1125
AirAsia,BCD-MNL,2023.0,7,15395.22,17.46,3453.67,3598.26,3568.18,626,8552
Cebu Pacific,BCD-MNL,2023.0,7,24293.904000000002,43.22,3453.67,3598.26,3568.18,626,8552
Philippine Airlines,BCD-MNL,2023.0,7,18516.128,34.77,3453.67,3598.26,3568.18,626,8552
Philippine Airlines,BPA-CEB,2023.0,7,439.552,34.77,10000.0,10000.0,2985.83,17,2726
Cebgo,BXU-CEB,2023.0,7,1406.592,4.55,10000.0,4691.4,2985.83,339,2726
Cebu Pacific,BXU-MNL,2023.0,7,14204.448,43.22,5228.26,4691.4,3568.18,339,8552
Philippine Airlines,BXU-MNL,2023.0,7,9203.12,34.77,5228.26,4691.4,3568.18,339,8552
Cebgo,CEB-BCD,2023.0,7,63.936,4.55,8663.81,2985.83,3598.26,2726,626
Philippine Airlines,CEB-BCD,2023.0,7,824.1600000000001,34.77,8663.81,2985.83,3598.26,2726,626
Philippine Airlines,CEB-BPA,2023.0,7,494.49600000000004,34.77,10000.0,2985.83,10000.0,2726,17
Cebgo,CEB-BXU,2023.0,7,1406.592,4.55,10000.0,2985.83,4691.4,2726,339
Cebgo,CEB-CEB,2023.0,7,63.936,4.55,10000.0,2985.83,2985.83,2726,2726
Cebgo,CEB-CGY,2023.0,7,7480.512,4.55,7040.81,2985.83,3167.0,2726,837
Philippine Airlines,CEB-CGY,2023.0,7,1648.3200000000002,34.77,7040.81,2985.83,3167.0,2726,837
Cebgo,CEB-CYP,2023.0,7,1086.912,4.55,10000.0,2985.83,5018.74,2726,69
Cebgo,CEB-DPL,2023.0,7,575.424,4.55,10000.0,2985.83,4563.68,2726,115
Cebu Pacific,CEB-DVO,2023.0,7,4955.04,43.22,5000.07,2985.83,4788.89,2726,1125
Philippine Airlines,CEB-DVO,2023.0,7,4993.4400000000005,34.77,5000.07,2985.83,4788.89,2726,1125
Cebgo,CEB-IAO,2023.0,7,3452.544,4.55,5002.67,2985.83,5534.43,2726,392
Philippine Airlines,CEB-IAO,2023.0,7,3296.6400000000003,34.77,5002.67,2985.83,5534.43,2726,392
Cebgo,CEB-ILO,2023.0,7,2749.248,4.55,10000.0,2985.83,3123.77,2726,791
AirAsia,CEB-MNL,2023.0,7,20361.42,17.46,3780.92,2985.83,3568.18,2726,8552
Cebu Pacific,CEB-MNL,2023.0,7,53780.832,43.22,3780.92,2985.83,3568.18,2726,8552
Philippine Airlines,CEB-MNL,2023.0,7,37572.0,34.77,3780.92,2985.83,3568.18,2726,8552
Cebu Pacific,CEB-MPH,2023.0,7,5120.2080000000005,43.22,6019.72,2985.83,3316.22,2726,962
Philippine Airlines,CEB-MPH,2023.0,7,1934.352,34.77,6019.72,2985.83,3316.22,2726,962
Cebgo,CEB-PAG,2023.0,7,575.424,4.55,10000.0,2985.83,7365.62,2726,133
Cebu Pacific,CEB-PPS,2023.0,7,825.84,43.22,6181.68,2985.83,3721.6,2726,424
Philippine Airlines,CEB-PPS,2023.0,7,2388.4480000000003,34.77,6181.68,2985.83,3721.6,2726,424
Cebgo,CEB-TAC,2023.0,7,1726.272,4.55,5209.81,2985.83,3138.61,2726,684
Philippine Airlines,CEB-TAC,2023.0,7,1139.28,34.77,5209.81,2985.83,3138.61,2726,684
Cebgo,CEB-USU,2023.0,7,1918.08,4.55,5257.29,2985.83,5600.29,2726,302
Philippine Airlines,CEB-USU,2023.0,7,1208.768,34.77,5257.29,2985.83,5600.29,2726,302
Cebgo,CGY-CEB,2023.0,7,7352.64,4.55,7008.17,3167.0,2985.83,837,2726
Philippine Airlines,CGY-CEB,2023.0,7,1648.3200000000002,34.77,7008.17,3167.0,2985.83,837,2726
Cebgo,CGY-DVO,2023.0,7,1150.848,4.55,10000.0,3167.0,4788.89,837,1125
AirAsia,CGY-MNL,2023.0,7,5131.74,17.46,4028.51,3167.0,3568.18,837,8552
Cebu Pacific,CGY-MNL,2023.0,7,19717.152000000002,43.22,4028.51,3167.0,3568.18,837,8552
Philippine Airlines,CGY-MNL,2023.0,7,18325.440000000002,34.77,4028.51,3167.0,3568.18,837,8552
Cebu Pacific,CRK-CEB,2023.0,7,2147.184,43.22,10000.0,6459.05,2985.83,74,2726
Cebu Pacific,CRK-MPH,2023.0,7,2147.184,43.22,10000.0,6459.05,3316.22,74,962
Philippine Airlines,CRK-USU,2023.0,7,988.9920000000001,34.77,10000.0,6459.05,5600.29,74,302
Cebgo,CYP-CEB,2023.0,7,1086.912,4.55,10000.0,5018.74,2985.83,69,2726
Philippine Airlines,CYP-MNL,2023.0,7,934.048,34.77,10000.0,5018.74,3568.18,69,8552
Cebu Pacific,CYZ-MNL,2023.0,7,4624.704,43.22,10000.0,10000.0,3568.18,57,8552
Cebu Pacific,DGT-MNL,2023.0,7,7432.56,43.22,5038.72,5015.43,3568.18,238,8552
Philippine Airlines,DGT-MNL,2023.0,7,8866.992,34.77,5038.72,5015.43,3568.18,238,8552
Cebgo,DPL-CEB,2023.0,7,575.424,4.55,10000.0,4563.68,2985.83,115,2726
Cebu Pacific,DPL-MNL,2023.0,7,2973.0240000000003,43.22,5210.64,4563.68,3568.18,115,8552
Philippine Airlines,DPL-MNL,2023.0,7,4508.64,34.77,5210.64,4563.68,3568.18,115,8552
Cebgo,DRP-MNL,2023.0,7,63.936,4.55,4969.98,4969.85,3568.18,307,8552
Cebu Pacific,DRP-MNL,2023.0,7,10405.584,43.22,4969.98,4969.85,3568.18,307,8552
Philippine Airlines,DRP-MNL,2023.0,7,10133.936000000002,34.77,4969.98,4969.85,3568.18,307,8552
Cebu Pacific,DVO-BCD,2023.0,7,3633.696,43.22,10000.0,4788.89,3598.26,1125,626
Cebu Pacific,DVO-CEB,2023.0,7,4955.04,43.22,5000.01,4788.89,2985.83,1125,2726
Philippine Airlines,DVO-CEB,2023.0,7,4938.496,34.77,5000.01,4788.89,2985.83,1125,2726
Cebgo,DVO-CGY,2023.0,7,1150.848,4.55,10000.0,4788.89,3167.0,1125,837
Cebgo,DVO-IAO,2023.0,7,831.168,4.55,10000.0,4788.89,5534.43,1125,392
Cebu Pacific,DVO-ILO,2023.0,7,165.168,43.22,10000.0,4788.89,3123.77,1125,791
Cebu Pacific,DVO-MNL,2023.0,7,35739.336,43.22,5000.15,4788.89,3568.18,1125,8552
Philippine Airlines,DVO-MNL,2023.0,7,36130.528,34.77,5000.15,4788.89,3568.18,1125,8552
Philippine Airlines,DVO-TAG,2023.0,7,714.272,34.77,10000.0,4788.89,3366.86,1125,391
Philippine Airlines,EUQ-MNL,2023.0,7,659.328,34.77,10000.0,10000.0,3568.18,24,8552
Cebu Pacific,GES-MNL,2023.0,7,12667.32,43.22,5003.9,5003.9,3568.18,204,8552
Philippine Airlines,GES-MNL,2023.0,7,11979.408,34.77,5003.9,5003.9,3568.18,204,8552
Cebgo,IAO-CEB,2023.0,7,2493.504,4.55,5085.09,5534.43,2985.83,392,2726
Philippine Airlines,IAO-CEB,2023.0,7,3241.6960000000004,34.77,5085.09,5534.43,2985.83,392,2726
Cebgo,IAO-DVO,2023.0,7,831.168,4.55,10000.0,5534.43,4788.89,392,1125
Philippine Airlines,IAO-MNL,2023.0,7,3351.5840000000003,34.77,10000.0,5534.43,3568.18,392,8552
Cebgo,ILO-CEB,2023.0,7,2941.056,4.55,10000.0,3123.77,2985.83,791,2726
AirAsia,ILO-MNL,2023.0,7,26667.96,17.46,3489.76,3123.77,3568.18,791,8552
Cebgo,ILO-MNL,2023.0,7,63.936,4.55,3489.76,3123.77,3568.18,791,8552
Cebu Pacific,ILO-MNL,2023.0,7,17214.768,43.22,3489.76,3123.77,3568.18,791,8552
Philippine Airlines,ILO-MNL,2023.0,7,17031.024,34.77,3489.76,3123.77,3568.18,791,8552
AirAsia,KLO-MNL,2023.0,7,15560.759999999998,17.46,6274.31,6274.31,3568.18,250,8552
Cebu Pacific,KLO-MNL,2023.0,7,5120.2080000000005,43.22,6274.31,6274.31,3568.18,250,8552
Philippine Airlines,LAO-MNL,2023.0,7,7936.176,34.77,10000.0,10000.0,3568.18,77,8552
AirAsia,MNL-BCD,2023.0,7,10263.48,17.46,3575.72,3568.18,3598.26,8552,626
Cebu Pacific,MNL-BCD,2023.0,7,16106.544,43.22,3575.72,3568.18,3598.26,8552,626
Philippine Airlines,MNL-BCD,2023.0,7,8787.808,34.77,3575.72,3568.18,3598.26,8552,626
Philippine Airlines,MNL-BSO,2023.0,7,1593.376,34.77,10000.0,3568.18,10000.0,8552,29
Cebu Pacific,MNL-BXU,2023.0,7,14369.616,43.22,5240.18,3568.18,4691.4,8552,339
Philippine Airlines,MNL-BXU,2023.0,7,9203.12,34.77,5240.18,3568.18,4691.4,8552,339
AirAsia,MNL-CEB,2023.0,7,25327.62,17.46,3445.78,3568.18,2985.83,8552,2726
Cebgo,MNL-CEB,2023.0,7,703.296,4.55,3445.78,3568.18,2985.83,8552,2726
Cebu Pacific,MNL-CEB,2023.0,7,44011.056000000004,43.22,3445.78,3568.18,2985.83,8552,2726
Philippine Airlines,MNL-CEB,2023.0,7,37418.48,34.77,3445.78,3568.18,2985.83,8552,2726
AirAsia,MNL-CGY,2023.0,7,5131.74,17.46,4394.96,3568.18,3167.0,8552,837
Cebu Pacific,MNL-CGY,2023.0,7,25435.872,43.22,4394.96,3568.18,3167.0,8552,837
Philippine Airlines,MNL-CGY,2023.0,7,13679.44,34.77,4394.96,3568.18,3167.0,8552,837
Philippine Airlines,MNL-CRM,2023.0,7,879.104,34.77,10000.0,3568.18,10000.0,8552,16
Philippine Airlines,MNL-CYP,2023.0,7,988.9920000000001,34.77,10000.0,3568.18,5018.74,8552,69
Cebu Pacific,MNL-CYZ,2023.0,7,4789.872,43.22,10000.0,3568.18,10000.0,8552,57
Cebu Pacific,MNL-DGT,2023.0,7,12387.6,43.22,5137.18,3568.18,5015.43,8552,238
Philippine Airlines,MNL-DGT,2023.0,7,8866.992,34.77,5137.18,3568.18,5015.43,8552,238
Cebu Pacific,MNL-DPL,2023.0,7,2973.0240000000003,43.22,5243.99,3568.18,4563.68,8552,115
Philippine Airlines,MNL-DPL,2023.0,7,4658.928,34.77,5243.99,3568.18,4563.68,8552,115
Cebgo,MNL-DRP,2023.0,7,63.936,4.55,4969.74,3568.18,4969.85,8552,307
Cebu Pacific,MNL-DRP,2023.0,7,10405.584,43.22,4969.74,3568.18,4969.85,8552,307
Philippine Airlines,MNL-DRP,2023.0,7,10188.880000000001,34.77,4969.74,3568.18,4969.85,8552,307
Cebu Pacific,MNL-DVO,2023.0,7,36391.128000000004,43.22,5000.0,3568.18,4788.89,8552,1125
Philippine Airlines,MNL-DVO,2023.0,7,36431.104,34.77,5000.0,3568.18,4788.89,8552,1125
Philippine Airlines,MNL-EUQ,2023.0,7,659.328,34.77,10000.0,3568.18,10000.0,8552,24
Cebu Pacific,MNL-GES,2023.0,7,12667.32,43.22,5003.9,3568.18,5003.9,8552,204
Philippine Airlines,MNL-GES,2023.0,7,11979.408,34.77,5003.9,3568.18,5003.9,8552,204
Philippine Airlines,MNL-IAO,2023.0,7,5109.792,34.77,10000.0,3568.18,5534.43,8552,392
AirAsia,MNL-ILO,2023.0,7,20692.5,17.46,3360.23,3568.18,3123.77,8552,791
Cebu Pacific,MNL-ILO,2023.0,7,17379.936,43.22,3360.23,3568.18,3123.77,8552,791
Philippine Airlines,MNL-ILO,2023.0,7,17031.024,34.77,3360.23,3568.18,3123.77,8552,791
AirAsia,MNL-KLO,2023.0,7,15560.759999999998,17.46,6274.31,3568.18,6274.31,8552,250
Cebu Pacific,MNL-KLO,2023.0,7,5120.2080000000005,43.22,6274.31,3568.18,6274.31,8552,250
Philippine Airlines,MNL-LAO,2023.0,7,4227.456,34.77,10000.0,3568.18,10000.0,8552,77
Philippine Airlines,MNL-MNL,2023.0,7,185.84,34.77,10000.0,3568.18,3568.18,8552,8552
AirAsia,MNL-MPH,2023.0,7,15395.22,17.46,3150.59,3568.18,3316.22,8552,962
Cebgo,MNL-MPH,2023.0,7,1918.08,4.55,3150.59,3568.18,3316.22,8552,962
Cebu Pacific,MNL-MPH,2023.0,7,19489.824,43.22,3150.59,3568.18,3316.22,8552,962
Philippine Airlines,MNL-MPH,2023.0,7,15023.952000000001,34.77,3150.59,3568.18,3316.22,8552,962
Cebu Pacific,MNL-OZC,2023.0,7,7597.728,43.22,10000.0,3568.18,6073.42,8552,131
Cebu Pacific,MNL-PAG,2023.0,7,5120.2080000000005,43.22,10000.0,3568.18,7365.62,8552,133
AirAsia,MNL-PPS,2023.0,7,5131.74,17.46,3680.36,3568.18,3721.6,8552,424
Cebu Pacific,MNL-PPS,2023.0,7,4576.752,43.22,3680.36,3568.18,3721.6,8552,424
Philippine Airlines,MNL-PPS,2023.0,7,9123.936000000002,34.77,3680.36,3568.18,3721.6,8552,424
Cebu Pacific,MNL-RXS,2023.0,7,4459.536,43.22,10000.0,3568.18,5182.42,8552,128
AirAsia,MNL-TAC,2023.0,7,8111.46,17.46,3448.37,3568.18,3138.61,8552,684
Cebu Pacific,MNL-TAC,2023.0,7,10240.416000000001,43.22,3448.37,3568.18,3138.61,8552,684
Philippine Airlines,MNL-TAC,2023.0,7,12834.272,34.77,3448.37,3568.18,3138.61,8552,684
AirAsia,MNL-TAG,2023.0,7,10263.48,17.46,3472.77,3568.18,3366.86,8552,391
Cebu Pacific,MNL-TAG,2023.0,7,6127.200000000001,43.22,3472.77,3568.18,3366.86,8552,391
Philippine Airlines,MNL-TAG,2023.0,7,9009.2,34.77,3472.77,3568.18,3366.86,8552,391
Cebu Pacific,MNL-TUG,2023.0,7,4624.704,43.22,10000.0,3568.18,10000.0,8552,84
Cebgo,MNL-USU,2023.0,7,1918.08,4.55,10000.0,3568.18,5600.29,8552,302
Cebgo,MNL-WNP,2023.0,7,3516.48,4.55,10000.0,3568.18,10000.0,8552,109
Cebu Pacific,MPH-CEB,2023.0,7,5120.2080000000005,43.22,6126.09,3316.22,2985.83,962,2726
Philippine Airlines,MPH-CEB,2023.0,7,1824.4640000000002,34.77,6126.09,3316.22,2985.83,962,2726
Cebu Pacific,MPH-CRK,2023.0,7,2147.184,43.22,10000.0,3316.22,6459.05,962,74
AirAsia,MPH-MNL,2023.0,7,20526.96,17.46,3173.27,3316.22,3568.18,962,8552
Cebgo,MPH-MNL,2023.0,7,2045.952,4.55,3173.27,3316.22,3568.18,962,8552
Cebu Pacific,MPH-MNL,2023.0,7,24610.032,43.22,3173.27,3316.22,3568.18,962,8552
Philippine Airlines,MPH-MNL,2023.0,7,19627.936,34.77,3173.27,3316.22,3568.18,962,8552
Philippine Airlines,MPH-MPH,2023.0,7,54.944,34.77,10000.0,3316.22,3316.22,962,962
Cebgo,OZC-CEB,2023.0,7,575.424,4.55,10000.0,6073.42,2985.83,131,2726
Cebu Pacific,OZC-MNL,2023.0,7,7432.56,43.22,5285.98,6073.42,3568.18,131,8552
Philippine Airlines,OZC-MNL,2023.0,7,4563.584000000001,34.77,5285.98,6073.42,3568.18,131,8552
Cebgo,PAG-CEB,2023.0,7,2173.824,4.55,10000.0,7365.62,2985.83,133,2726
Cebu Pacific,PAG-MNL,2023.0,7,9744.912,43.22,10000.0,7365.62,3568.18,133,8552
Cebu Pacific,PPS-CEB,2023.0,7,825.84,43.22,5166.28,3721.6,2985.83,424,2726
Philippine Airlines,PPS-CEB,2023.0,7,1194.2240000000002,34.77,5166.28,3721.6,2985.83,424,2726
AirAsia,PPS-MNL,2023.0,7,10263.48,17.46,3625.45,3721.6,3568.18,424,8552
Cebu Pacific,PPS-MNL,2023.0,7,10439.328000000001,43.22,3625.45,3721.6,3568.18,424,8552
Philippine Airlines,PPS-MNL,2023.0,7,18571.072,34.77,3625.45,3721.6,3568.18,424,8552
AirAsia,RXS-MNL,2023.0,7,2152.02,17.46,4425.79,5182.42,3568.18,128,8552
Cebu Pacific,RXS-MNL,2023.0,7,9579.744,43.22,4425.79,5182.42,3568.18,128,8552
Philippine Airlines,RXS-MNL,2023.0,7,4508.64,34.77,4425.79,5182.42,3568.18,128,8552
Cebgo,TAC-CEB,2023.0,7,2493.504,4.55,5694.82,3138.61,2985.83,684,2726
Philippine Airlines,TAC-CEB,2023.0,7,1139.28,34.77,5694.82,3138.61,2985.83,684,2726
AirAsia,TAC-MNL,2023.0,7,20085.52,17.46,3626.85,3138.61,3568.18,684,8552
Cebu Pacific,TAC-MNL,2023.0,7,27748.224000000002,43.22,3626.85,3138.61,3568.18,684,8552
Philippine Airlines,TAC-MNL,2023.0,7,13010.416000000001,34.77,3626.85,3138.61,3568.18,684,8552
Philippine Airlines,TAG-DVO,2023.0,7,714.272,34.77,10000.0,3366.86,4788.89,391,1125
AirAsia,TAG-MNL,2023.0,7,10097.939999999999,17.46,3708.37,3366.86,3568.18,391,8552
Cebu Pacific,TAG-MNL,2023.0,7,18399.36,43.22,3708.37,3366.86,3568.18,391,8552
Philippine Airlines,TAG-MNL,2023.0,7,9009.2,34.77,3708.37,3366.86,3568.18,391,8552
AirAsia,TAG-TAG,2023.0,7,165.54,17.46,10000.0,3366.86,3366.86,391,391
Cebu Pacific,TUG-MNL,2023.0,7,9249.408,43.22,10000.0,10000.0,3568.18,84,8552
Cebgo,USU-CEB,2023.0,7,2685.312,4.55,5718.87,5600.29,2985.83,302,2726
Philippine Airlines,USU-CEB,2023.0,7,1208.768,34.77,5718.87,5600.29,2985.83,302,2726
Philippine Airlines,USU-CRK,2023.0,7,934.048,34.77,10000.0,5600.29,6459.05,302,74
Cebgo,USU-MNL,2023.0,7,5818.176,4.55,6559.48,5600.29,3568.18,302,8552
Philippine Airlines,USU-MNL,2023.0,7,1648.3200000000002,34.77,6559.48,5600.29,3568.18,302,8552
Cebgo,WNP-MNL,2023.0,7,3452.544,4.55,10000.0,10000.0,3568.18,109,8552
Cebu Pacific,ZAM-CEB,2023.0,7,991.008,43.22,5198.05,5761.98,2985.83,232,2726
Philippine Airlines,ZAM-CEB,2023.0,7,1483.488,34.77,5198.05,5761.98,2985.83,232,2726
Cebu Pacific,ZAM-MNL,2023.0,7,19489.824,43.22,6056.68,5761.98,3568.18,232,8552
Philippine Airlines,ZAM-MNL,2023.0,7,7213.8240000000005,34.77,6056.68,5761.98,3568.18,232,8552
Cebu Pacific,ZAM-TWT,2023.0,7,3468.5280000000002,43.22,5498.76,5761.98,5498.76,232,33
Philippine Airlines,ZAM-TWT,2023.0,7,1803.4560000000001,34.77,5498.76,5761.98,5498.76,232,33
Philippine Airlines,BCD-CEB,2023.0,8,1043.9360000000001,36.39,10000.0,3499.13,3059.59,616,2747
Cebu Pacific,BCD-DVO,2023.0,8,2908.9139999999998,41.07,10000.0,3499.13,4821.32,616,1157
AirAsia,BCD-MNL,2023.0,8,15395.22,18.38,3387.53,3499.13,3510.34,616,8302
Cebu Pacific,BCD-MNL,2023.0,8,21087.594,41.07,3387.53,3499.13,3510.34,616,8302
Philippine Airlines,BCD-MNL,2023.0,8,18192.928,36.39,3387.53,3499.13,3510.34,616,8302
Philippine Airlines,BPA-CEB,2023.0,8,439.552,36.39,10000.0,10000.0,3059.59,16,2747
Cebgo,BXU-CEB,2023.0,8,1463.4,4.16,10000.0,4653.39,3059.59,344,2747
Cebu Pacific,BXU-MNL,2023.0,8,13307.184,41.07,5263.87,4653.39,3510.34,344,8302
Philippine Airlines,BXU-MNL,2023.0,8,8335.328000000001,36.39,5263.87,4653.39,3510.34,344,8302
Philippine Airlines,CEB-BCD,2023.0,8,1043.9360000000001,36.39,10000.0,3059.59,3499.13,2747,616
Philippine Airlines,CEB-BPA,2023.0,8,439.552,36.39,10000.0,3059.59,10000.0,2747,16
Cebgo,CEB-BXU,2023.0,8,1463.4,4.16,9302.45,3059.59,4653.39,2747,344
Philippine Airlines,CEB-BXU,2023.0,8,54.944,36.39,9302.45,3059.59,4653.39,2747,344
Cebgo,CEB-CEB,2023.0,8,175.608,4.16,10000.0,3059.59,3059.59,2747,2747
Cebgo,CEB-CGY,2023.0,8,6497.496,4.16,6282.87,3059.59,3206.26,2747,815
Philippine Airlines,CEB-CGY,2023.0,8,2128.272,36.39,6282.87,3059.59,3206.26,2747,815
Cebu Pacific,CEB-CRK,2023.0,8,1360.962,41.07,10000.0,3059.59,7340.41,2747,94
Cebgo,CEB-CYP,2023.0,8,995.1120000000001,4.16,10000.0,3059.59,5000.0,2747,64
Cebgo,CEB-DPL,2023.0,8,117.072,4.16,10000.0,3059.59,4974.83,2747,108
Cebu Pacific,CEB-DVO,2023.0,8,4687.758,41.07,5321.31,3059.59,4821.32,2747,1157
Philippine Airlines,CEB-DVO,2023.0,8,7871.536000000001,36.39,5321.31,3059.59,4821.32,2747,1157
Cebgo,CEB-IAO,2023.0,8,3629.232,4.16,5027.06,3059.59,5454.34,2747,394
Philippine Airlines,CEB-IAO,2023.0,8,3131.808,36.39,5027.06,3059.59,5454.34,2747,394
Cebgo,CEB-ILO,2023.0,8,2458.512,4.16,10000.0,3059.59,3172.17,2747,783
AirAsia,CEB-MNL,2023.0,8,20526.96,18.38,3645.95,3059.59,3510.34,2747,8302
Cebu Pacific,CEB-MNL,2023.0,8,45984.906,41.07,3645.95,3059.59,3510.34,2747,8302
Philippine Airlines,CEB-MNL,2023.0,8,40115.584,36.39,3645.95,3059.59,3510.34,2747,8302
Cebu Pacific,CEB-MPH,2023.0,8,4687.758,41.07,5211.07,3059.59,3281.43,2747,892
Philippine Airlines,CEB-MPH,2023.0,8,3089.7920000000004,36.39,5211.07,3059.59,3281.43,2747,892
Cebgo,CEB-PAG,2023.0,8,58.536,4.16,10000.0,3059.59,8012.04,2747,114
Cebu Pacific,CEB-PPS,2023.0,8,1360.962,41.07,5747.51,3059.59,3564.91,2747,499
Philippine Airlines,CEB-PPS,2023.0,8,3076.864,36.39,5747.51,3059.59,3564.91,2747,499
Cebgo,CEB-TAC,2023.0,8,1639.008,4.16,5000.04,3059.59,3155.22,2747,665
Philippine Airlines,CEB-TAC,2023.0,8,1648.3200000000002,36.39,5000.04,3059.59,3155.22,2747,665
Cebgo,CEB-USU,2023.0,8,1814.616,4.16,5160.14,3059.59,5488.68,2747,296
Philippine Airlines,CEB-USU,2023.0,8,1263.712,36.39,5160.14,3059.59,5488.68,2747,296
Cebgo,CGY-CEB,2023.0,8,6321.888,4.16,6437.72,3206.26,3059.59,815,2747
Philippine Airlines,CGY-CEB,2023.0,8,1908.496,36.39,6437.72,3206.26,3059.59,815,2747
Cebgo,CGY-DVO,2023.0,8,1053.6480000000001,4.16,10000.0,3206.26,4821.32,815,1157
AirAsia,CGY-MNL,2023.0,8,5131.74,18.38,3995.45,3206.26,3510.34,815,8302
Cebu Pacific,CGY-MNL,2023.0,8,18788.43,41.07,3995.45,3206.26,3510.34,815,8302
Philippine Airlines,CGY-MNL,2023.0,8,14396.944000000001,36.39,3995.45,3206.26,3510.34,815,8302
Cebu Pacific,CRK-CEB,2023.0,8,1814.616,41.07,10000.0,7340.41,3059.59,94,2747
Cebu Pacific,CRK-MNL,2023.0,8,151.218,41.07,10000.0,7340.41,3510.34,94,8302
Cebu Pacific,CRK-MPH,2023.0,8,3024.3599999999997,41.07,10000.0,7340.41,3281.43,94,892
Philippine Airlines,CRK-USU,2023.0,8,879.104,36.39,10000.0,7340.41,5488.68,94,296
Cebgo,CYP-CEB,2023.0,8,819.504,4.16,10000.0,5000.0,3059.59,64,2747
Philippine Airlines,CYP-MNL,2023.0,8,934.048,36.39,10000.0,5000.0,3510.34,64,8302
Cebu Pacific,CYZ-MNL,2023.0,8,4082.8859999999995,41.07,10000.0,10000.0,3510.34,54,8302
Cebu Pacific,DGT-MNL,2023.0,8,6502.374,41.07,5058.2,5006.95,3510.34,223,8302
Philippine Airlines,DGT-MNL,2023.0,8,8075.152000000001,36.39,5058.2,5006.95,3510.34,223,8302
Cebu Pacific,DPL-MNL,2023.0,8,4385.322,41.07,5047.43,4974.83,3510.34,108,8302
Philippine Airlines,DPL-MNL,2023.0,8,3606.9120000000003,36.39,5047.43,4974.83,3510.34,108,8302
Cebu Pacific,DRP-MNL,2023.0,8,6307.254,41.07,5208.82,5203.2,3510.34,254,8302
Philippine Airlines,DRP-MNL,2023.0,8,9547.328000000001,36.39,5208.82,5203.2,3510.34,254,8302
Cebu Pacific,DVO-BCD,2023.0,8,2908.9139999999998,41.07,10000.0,4821.32,3499.13,1157,616
Cebu Pacific,DVO-CEB,2023.0,8,4687.758,41.07,5329.61,4821.32,3059.59,1157,2747
Philippine Airlines,DVO-CEB,2023.0,8,7926.4800000000005,36.39,5329.61,4821.32,3059.59,1157,2747
Cebgo,DVO-CGY,2023.0,8,995.1120000000001,4.16,10000.0,4821.32,3206.26,1157,815
Cebgo,DVO-IAO,2023.0,8,760.9680000000001,4.16,10000.0,4821.32,5454.34,1157,394
Cebu Pacific,DVO-ILO,2023.0,8,302.436,41.07,10000.0,4821.32,3172.17,1157,783
Cebu Pacific,DVO-MNL,2023.0,8,35288.265,41.07,5004.79,4821.32,3510.34,1157,8302
Philippine Airlines,DVO-MNL,2023.0,8,37541.296,36.39,5004.79,4821.32,3510.34,1157,8302
Philippine Airlines,DVO-TAG,2023.0,8,1153.824,36.39,10000.0,4821.32,3341.86,1157,401
Philippine Airlines,EUQ-MNL,2023.0,8,659.328,36.39,10000.0,10000.0,3510.34,26,8302
Cebu Pacific,GES-MNL,2023.0,8,10996.638,41.07,5072.84,5072.84,3510.34,220,8302
Philippine Airlines,GES-MNL,2023.0,8,14015.568,36.39,5072.84,5072.84,3510.34,220,8302
Cebgo,IAO-CEB,2023.0,8,2634.12,4.16,5023.51,5454.34,3059.59,394,2747
Philippine Airlines,IAO-CEB,2023.0,8,3021.92,36.39,5023.51,5454.34,3059.59,394,2747
Cebgo,IAO-DVO,2023.0,8,702.432,4.16,10000.0,5454.34,4821.32,394,1157
Philippine Airlines,IAO-MNL,2023.0,8,3186.752,36.39,10000.0,5454.34,3510.34,394,8302
Cebgo,ILO-CEB,2023.0,8,2634.12,4.16,10000.0,3172.17,3059.59,783,2747
AirAsia,ILO-MNL,2023.0,8,25984.44,18.38,3537.83,3172.17,3510.34,783,8302
Cebu Pacific,ILO-MNL,2023.0,8,15474.642,41.07,3537.83,3172.17,3510.34,783,8302
Philippine Airlines,ILO-MNL,2023.0,8,16310.288,36.39,3537.83,3172.17,3510.34,783,8302
AirAsia,KLO-MNL,2023.0,8,15395.22,18.38,6421.3,6411.02,3510.34,247,8302
Cebu Pacific,KLO-MNL,2023.0,8,4687.758,41.07,6421.3,6411.02,3510.34,247,8302
Philippine Airlines,LAO-MNL,2023.0,8,7558.032000000001,36.39,10000.0,10000.0,3510.34,83,8302
AirAsia,MNL-BCD,2023.0,8,10263.48,18.38,3550.89,3510.34,3499.13,8302,616
Cebu Pacific,MNL-BCD,2023.0,8,15274.644,41.07,3550.89,3510.34,3499.13,8302,616
Philippine Airlines,MNL-BCD,2023.0,8,8430.672,36.39,3550.89,3510.34,3499.13,8302,616
Philippine Airlines,MNL-BSO,2023.0,8,1373.6000000000001,36.39,10000.0,3510.34,10000.0,8302,25
Cebu Pacific,MNL-BXU,2023.0,8,13307.184,41.07,5256.77,3510.34,4653.39,8302,344
Philippine Airlines,MNL-BXU,2023.0,8,8390.272,36.39,5256.77,3510.34,4653.39,8302,344
AirAsia,MNL-CEB,2023.0,8,25658.699999999997,18.38,3436.66,3510.34,3059.59,8302,2747
Cebu Pacific,MNL-CEB,2023.0,8,35285.826,41.07,3436.66,3510.34,3059.59,8302,2747
Philippine Airlines,MNL-CEB,2023.0,8,39850.56,36.39,3436.66,3510.34,3059.59,8302,2747
AirAsia,MNL-CGY,2023.0,8,5131.74,18.38,4562.9,3510.34,3206.26,8302,815
Cebu Pacific,MNL-CGY,2023.0,8,24593.25,41.07,4562.9,3510.34,3206.26,8302,815
Philippine Airlines,MNL-CGY,2023.0,8,10699.536,36.39,4562.9,3510.34,3206.26,8302,815
Philippine Airlines,MNL-CRM,2023.0,8,934.048,36.39,10000.0,3510.34,10000.0,8302,17
Philippine Airlines,MNL-CYP,2023.0,8,879.104,36.39,10000.0,3510.34,5000.0,8302,64
Cebu Pacific,MNL-CYZ,2023.0,8,4082.8859999999995,41.07,10000.0,3510.34,10000.0,8302,54
Cebu Pacific,MNL-DGT,2023.0,8,10736.478,41.07,5113.5,3510.34,5006.95,8302,223
Philippine Airlines,MNL-DGT,2023.0,8,7924.8640000000005,36.39,5113.5,3510.34,5006.95,8302,223
Cebu Pacific,MNL-DPL,2023.0,8,4385.322,41.07,5047.43,3510.34,4974.83,8302,108
Philippine Airlines,MNL-DPL,2023.0,8,3606.9120000000003,36.39,5047.43,3510.34,4974.83,8302,108
Cebu Pacific,MNL-DRP,2023.0,8,6307.254,41.07,5197.62,3510.34,5203.2,8302,254
Philippine Airlines,MNL-DRP,2023.0,8,9437.44,36.39,5197.62,3510.34,5203.2,8302,254
Cebu Pacific,MNL-DVO,2023.0,8,35137.047,41.07,5005.47,3510.34,4821.32,8302,1157
Philippine Airlines,MNL-DVO,2023.0,8,37541.296,36.39,5005.47,3510.34,4821.32,8302,1157
Philippine Airlines,MNL-EUQ,2023.0,8,769.216,36.39,10000.0,3510.34,10000.0,8302,26
Cebu Pacific,MNL-GES,2023.0,8,10996.638,41.07,5072.84,3510.34,5072.84,8302,220
Philippine Airlines,MNL-GES,2023.0,8,14015.568,36.39,5072.84,3510.34,5072.84,8302,220
Philippine Airlines,MNL-IAO,2023.0,8,5054.848,36.39,10000.0,3510.34,5454.34,8302,394
AirAsia,MNL-ILO,2023.0,8,20526.96,18.38,3386.93,3510.34,3172.17,8302,783
Cebu Pacific,MNL-ILO,2023.0,8,15474.642,41.07,3386.93,3510.34,3172.17,8302,783
Philippine Airlines,MNL-ILO,2023.0,8,16310.288,36.39,3386.93,3510.34,3172.17,8302,783
AirAsia,MNL-KLO,2023.0,8,15229.679999999998,18.38,6400.69,3510.34,6411.02,8302,247
Cebu Pacific,MNL-KLO,2023.0,8,4687.758,41.07,6400.69,3510.34,6411.02,8302,247
Philippine Airlines,MNL-LAO,2023.0,8,3867.088,36.39,10000.0,3510.34,10000.0,8302,83
AirAsia,MNL-MPH,2023.0,8,15395.22,18.38,3139.56,3510.34,3281.43,8302,892
Cebgo,MNL-MPH,2023.0,8,1697.544,4.16,3139.56,3510.34,3281.43,8302,892
Cebu Pacific,MNL-MPH,2023.0,8,15877.89,41.07,3139.56,3510.34,3281.43,8302,892
Philippine Airlines,MNL-MPH,2023.0,8,12263.824,36.39,3139.56,3510.34,3281.43,8302,892
Cebu Pacific,MNL-OZC,2023.0,8,6956.027999999999,41.07,10000.0,3510.34,5936.46,8302,136
Cebu Pacific,MNL-PAG,2023.0,8,4385.322,41.07,10000.0,3510.34,8012.04,8302,114
AirAsia,MNL-PPS,2023.0,8,5131.74,18.38,3568.73,3510.34,3564.91,8302,499
Cebu Pacific,MNL-PPS,2023.0,8,10110.468,41.07,3568.73,3510.34,3564.91,8302,499
Philippine Airlines,MNL-PPS,2023.0,8,7708.320000000001,36.39,3568.73,3510.34,3564.91,8302,499
Cebu Pacific,MNL-RXS,2023.0,8,4082.8859999999995,41.07,10000.0,3510.34,4955.01,8302,122
AirAsia,MNL-TAC,2023.0,8,7945.92,18.38,3463.72,3510.34,3155.22,8302,665
Cebu Pacific,MNL-TAC,2023.0,8,9224.297999999999,41.07,3463.72,3510.34,3155.22,8302,665
Philippine Airlines,MNL-TAC,2023.0,8,12598.336000000001,36.39,3463.72,3510.34,3155.22,8302,665
AirAsia,MNL-TAG,2023.0,8,10263.48,18.38,3558.46,3510.34,3341.86,8302,401
Cebu Pacific,MNL-TAG,2023.0,8,5260.11,41.07,3558.46,3510.34,3341.86,8302,401
Philippine Airlines,MNL-TAG,2023.0,8,8151.104,36.39,3558.46,3510.34,3341.86,8302,401
Cebu Pacific,MNL-TUG,2023.0,8,3931.6679999999997,41.07,10000.0,3510.34,10000.0,8302,73
Cebgo,MNL-USU,2023.0,8,1814.616,4.16,10000.0,3510.34,5488.68,8302,296
Cebgo,MNL-WNP,2023.0,8,2985.3360000000002,4.16,10000.0,3510.34,10000.0,8302,100
Cebu Pacific,MPH-CEB,2023.0,8,4687.758,41.07,5194.05,3281.43,3059.59,892,2747
Philippine Airlines,MPH-CEB,2023.0,8,3144.7360000000003,36.39,5194.05,3281.43,3059.59,892,2747
Cebu Pacific,MPH-CRK,2023.0,8,3024.3599999999997,41.07,10000.0,3281.43,7340.41,892,94
AirAsia,MPH-MNL,2023.0,8,20361.42,18.38,3191.3,3281.43,3510.34,892,8302
Cebgo,MPH-MNL,2023.0,8,1756.08,4.16,3191.3,3281.43,3510.34,892,8302
Cebu Pacific,MPH-MNL,2023.0,8,20414.43,41.07,3191.3,3281.43,3510.34,892,8302
Philippine Airlines,MPH-MNL,2023.0,8,15489.36,36.39,3191.3,3281.43,3510.34,892,8302
Cebgo,OZC-CEB,2023.0,8,995.1120000000001,4.16,10000.0,5936.46,3059.59,136,2747
Cebu Pacific,OZC-MNL,2023.0,8,6804.8099999999995,41.07,5392.34,5936.46,3510.34,136,8302
Philippine Airlines,OZC-MNL,2023.0,8,3826.688,36.39,5392.34,5936.46,3510.34,136,8302
Cebgo,PAG-CEB,2023.0,8,1580.472,4.16,10000.0,8012.04,3059.59,114,2747
Cebu Pacific,PAG-MNL,2023.0,8,8619.426,41.07,10000.0,8012.04,3510.34,114,8302
Cebu Pacific,PPS-CEB,2023.0,8,1360.962,41.07,5018.73,3564.91,3059.59,499,2747
Philippine Airlines,PPS-CEB,2023.0,8,1538.432,36.39,5018.73,3564.91,3059.59,499,2747
AirAsia,PPS-MNL,2023.0,8,10263.48,18.38,3535.86,3564.91,3510.34,499,8302
Cebu Pacific,PPS-MNL,2023.0,8,12258.414,41.07,3535.86,3564.91,3510.34,499,8302
Philippine Airlines,PPS-MNL,2023.0,8,18133.136000000002,36.39,3535.86,3564.91,3510.34,499,8302
AirAsia,RXS-MNL,2023.0,8,2317.56,18.38,4186.29,4955.01,3510.34,122,8302
Cebu Pacific,RXS-MNL,2023.0,8,8165.771999999999,41.07,4186.29,4955.01,3510.34,122,8302
Philippine Airlines,RXS-MNL,2023.0,8,4057.7760000000003,36.39,4186.29,4955.01,3510.34,122,8302
Cebgo,SUG-CEB,2023.0,8,409.752,4.16,10000.0,10000.0,3059.59,7,2747
Cebgo,TAC-CEB,2023.0,8,1229.256,4.16,5106.04,3155.22,3059.59,665,2747
Philippine Airlines,TAC-CEB,2023.0,8,1648.3200000000002,36.39,5106.04,3155.22,3059.59,665,2747
AirAsia,TAC-MNL,2023.0,8,19654.76,18.38,3533.57,3155.22,3510.34,665,8302
Cebu Pacific,TAC-MNL,2023.0,8,23438.789999999997,41.07,3533.57,3155.22,3510.34,665,8302
Philippine Airlines,TAC-MNL,2023.0,8,12488.448,36.39,3533.57,3155.22,3510.34,665,8302
Philippine Airlines,TAG-DVO,2023.0,8,1208.768,36.39,10000.0,3341.86,4821.32,401,1157
AirAsia,TAG-MNL,2023.0,8,10263.48,18.38,3603.48,3341.86,3510.34,401,8302
Cebu Pacific,TAG-MNL,2023.0,8,16380.324,41.07,3603.48,3341.86,3510.34,401,8302
Philippine Airlines,TAG-MNL,2023.0,8,8601.968,36.39,3603.48,3341.86,3510.34,401,8302
Cebu Pacific,TUG-MNL,2023.0,8,7107.245999999999,41.07,10000.0,10000.0,3510.34,73,8302
Cebgo,USU-CEB,2023.0,8,2399.976,4.16,5544.79,5488.68,3059.59,296,2747
Philippine Airlines,USU-CEB,2023.0,8,1208.768,36.39,5544.79,5488.68,3059.59,296,2747
Philippine Airlines,USU-CRK,2023.0,8,879.104,36.39,10000.0,5488.68,7340.41,296,94
Cebgo,USU-MNL,2023.0,8,5092.6320000000005,4.16,6369.58,5488.68,3510.34,296,8302
Philippine Airlines,USU-MNL,2023.0,8,1593.376,36.39,6369.58,5488.68,3510.34,296,8302
Cebgo,WNP-MNL,2023.0,8,2868.264,4.16,10000.0,10000.0,3510.34,100,8302
Cebu Pacific,ZAM-CEB,2023.0,8,756.0899999999999,41.07,5527.45,5231.58,3059.59,188,2747
Philippine Airlines,ZAM-CEB,2023.0,8,1483.488,36.39,5527.45,5231.58,3059.59,188,2747
Cebu Pacific,ZAM-MNL,2023.0,8,14588.472,41.07,5658.85,5231.58,3510.34,188,8302
Philippine Airlines,ZAM-MNL,2023.0,8,6817.904,36.39,5658.85,5231.58,3510.34,188,8302
Cebu Pacific,ZAM-TWT,2023.0,8,302.436,41.07,7540.22,5231.58,7540.22,188,14
Philippine Airlines,ZAM-TWT,2023.0,8,1803.4560000000001,36.39,7540.22,5231.58,7540.22,188,14
Philippine Airlines,BCD-CEB,2023.0,9,439.552,36.04,10000.0,3437.22,3054.78,476,2576
Cebu Pacific,BCD-DVO,2023.0,9,2354.76,41.75,10000.0,3437.22,4808.15,476,1026
AirAsia,BCD-MNL,2023.0,9,12746.58,17.2,3381.24,3437.22,3543.03,476,7454
Cebu Pacific,BCD-MNL,2023.0,9,17133.2,41.75,3381.24,3437.22,3543.03,476,7454
Philippine Airlines,BCD-MNL,2023.0,9,15594.400000000001,36.04,3381.24,3437.22,3543.03,476,7454
Philippine Airlines,BPA-CEB,2023.0,9,494.49600000000004,36.04,10000.0,10000.0,3054.78,20,2576
Cebgo,BXU-CEB,2023.0,9,1215.3600000000001,5.01,10000.0,4376.19,3054.78,257,2576
Cebu Pacific,BXU-MNL,2023.0,9,8588.544,41.75,5005.96,4376.19,3543.03,257,7454
Philippine Airlines,BXU-MNL,2023.0,9,8015.360000000001,36.04,5005.96,4376.19,3543.03,257,7454
Cebgo,CEB-BCD,2023.0,9,60.768,5.01,7643.49,3054.78,3437.22,2576,476
Philippine Airlines,CEB-BCD,2023.0,9,384.608,36.04,7643.49,3054.78,3437.22,2576,476
Philippine Airlines,CEB-BPA,2023.0,9,604.384,36.04,10000.0,3054.78,10000.0,2576,20
Cebgo,CEB-BXU,2023.0,9,1276.128,5.01,10000.0,3054.78,4376.19,2576,257
Cebgo,CEB-CEB,2023.0,9,60.768,5.01,10000.0,3054.78,3054.78,2576,2576
Cebgo,CEB-CGY,2023.0,9,6806.016,5.01,7205.41,3054.78,3366.88,2576,805
Philippine Airlines,CEB-CGY,2023.0,9,1373.6000000000001,36.04,7205.41,3054.78,3366.88,2576,805
Cebgo,CEB-CRK,2023.0,9,364.608,5.01,5027.85,3054.78,4101.45,2576,74
Cebu Pacific,CEB-CRK,2023.0,9,313.968,41.75,5027.85,3054.78,4101.45,2576,74
Cebgo,CEB-CYP,2023.0,9,1093.824,5.01,10000.0,3054.78,5061.67,2576,81
Cebgo,CEB-DGT,2023.0,9,60.768,5.01,10000.0,3054.78,5136.86,2576,192
Cebgo,CEB-DPL,2023.0,9,60.768,5.01,10000.0,3054.78,4973.11,2576,112
Cebgo,CEB-DRP,2023.0,9,60.768,5.01,10000.0,3054.78,4969.22,2576,293
Cebu Pacific,CEB-DVO,2023.0,9,5494.4400000000005,41.75,5000.18,3054.78,4808.15,2576,1026
Philippine Airlines,CEB-DVO,2023.0,9,5429.76,36.04,5000.18,3054.78,4808.15,2576,1026
Cebgo,CEB-IAO,2023.0,9,3524.544,5.01,5005.58,3054.78,5455.65,2576,392
Philippine Airlines,CEB-IAO,2023.0,9,3296.6400000000003,36.04,5005.58,3054.78,5455.65,2576,392
Cebgo,CEB-ILO,2023.0,9,2795.328,5.01,10000.0,3054.78,3120.25,2576,669
AirAsia,CEB-MNL,2023.0,9,14733.06,17.2,3931.17,3054.78,3543.03,2576,7454
Cebu Pacific,CEB-MNL,2023.0,9,47709.632000000005,41.75,3931.17,3054.78,3543.03,2576,7454
Philippine Airlines,CEB-MNL,2023.0,9,33139.312,36.04,3931.17,3054.78,3543.03,2576,7454
Cebu Pacific,CEB-MPH,2023.0,9,4709.52,41.75,5898.62,3054.78,3190.05,2576,766
Philippine Airlines,CEB-MPH,2023.0,9,1905.2640000000001,36.04,5898.62,3054.78,3190.05,2576,766
Cebgo,CEB-PAG,2023.0,9,486.144,5.01,10000.0,3054.78,7459.39,2576,125
Cebu Pacific,CEB-PPS,2023.0,9,1412.856,41.75,5236.29,3054.78,3511.45,2576,456
Philippine Airlines,CEB-PPS,2023.0,9,2197.76,36.04,5236.29,3054.78,3511.45,2576,456
Cebgo,CEB-TAC,2023.0,9,1640.736,5.01,5000.03,3054.78,3131.27,2576,591
Philippine Airlines,CEB-TAC,2023.0,9,1648.3200000000002,36.04,5000.03,3054.78,3131.27,2576,591
Cebgo,CEB-USU,2023.0,9,1823.04,5.01,5252.69,3054.78,5606.06,2576,287
Philippine Airlines,CEB-USU,2023.0,9,1153.824,36.04,5252.69,3054.78,5606.06,2576,287
Cebgo,CGY-CEB,2023.0,9,6866.784,5.01,7148.92,3366.88,3054.78,805,2576
Philippine Airlines,CGY-CEB,2023.0,9,1428.544,36.04,7148.92,3366.88,3054.78,805,2576
Cebgo,CGY-DVO,2023.0,9,911.52,5.01,10000.0,3366.88,4808.15,805,1026
AirAsia,CGY-MNL,2023.0,9,4966.2,17.2,4176.25,3366.88,3543.03,805,7454
Cebu Pacific,CGY-MNL,2023.0,9,21916.992000000002,41.75,4176.25,3366.88,3543.03,805,7454
Philippine Airlines,CGY-MNL,2023.0,9,14510.064,36.04,4176.25,3366.88,3543.03,805,7454
Cebgo,CRK-CEB,2023.0,9,364.608,5.01,6940.87,4101.45,3054.78,74,2576
Cebu Pacific,CRK-CEB,2023.0,9,1569.8400000000001,41.75,6940.87,4101.45,3054.78,74,2576
Cebu Pacific,CRK-MNL,2023.0,9,194.12,41.75,10000.0,4101.45,3543.03,74,7454
Cebu Pacific,CRK-MPH,2023.0,9,784.9200000000001,41.75,10000.0,4101.45,3190.05,74,766
Cebgo,CRK-PPS,2023.0,9,243.072,5.01,10000.0,4101.45,3511.45,74,456
Philippine Airlines,CRK-USU,2023.0,9,879.104,36.04,10000.0,4101.45,5606.06,74,287
Cebgo,CYP-CEB,2023.0,9,972.288,5.01,10000.0,5061.67,3054.78,81,2576
Philippine Airlines,CYP-MNL,2023.0,9,1318.656,36.04,10000.0,5061.67,3543.03,81,7454
Cebu Pacific,CYZ-MNL,2023.0,9,4395.552000000001,41.75,10000.0,10000.0,3543.03,56,7454
Cebgo,DGT-CEB,2023.0,9,60.768,5.01,10000.0,5136.86,3054.78,192,2576
Cebu Pacific,DGT-MNL,2023.0,9,3610.632,41.75,5828.15,5136.86,3543.03,192,7454
Philippine Airlines,DGT-MNL,2023.0,9,8566.416000000001,36.04,5828.15,5136.86,3543.03,192,7454
Cebu Pacific,DPL-MNL,2023.0,9,4081.5840000000003,41.75,5005.38,4973.11,3543.03,112,7454
Philippine Airlines,DPL-MNL,2023.0,9,4358.352000000001,36.04,5005.38,4973.11,3543.03,112,7454
Cebgo,DRP-CEB,2023.0,9,60.768,5.01,10000.0,4969.22,3054.78,293,2576
Cebu Pacific,DRP-MNL,2023.0,9,9373.464,41.75,5001.32,4969.22,3543.03,293,7454
Philippine Airlines,DRP-MNL,2023.0,9,9683.072,36.04,5001.32,4969.22,3543.03,293,7454
Cebu Pacific,DVO-BCD,2023.0,9,2354.76,41.75,10000.0,4808.15,3437.22,1026,476
Cebu Pacific,DVO-CEB,2023.0,9,5337.456,41.75,5001.11,4808.15,3054.78,1026,2576
Philippine Airlines,DVO-CEB,2023.0,9,5499.2480000000005,36.04,5001.11,4808.15,3054.78,1026,2576
Cebgo,DVO-CGY,2023.0,9,911.52,5.01,10000.0,4808.15,3366.88,1026,805
Cebgo,DVO-IAO,2023.0,9,789.984,5.01,10000.0,4808.15,5455.65,1026,392
Cebu Pacific,DVO-MNL,2023.0,9,31211.12,41.75,5014.21,4808.15,3543.03,1026,7454
Philippine Airlines,DVO-MNL,2023.0,9,34726.224,36.04,5014.21,4808.15,3543.03,1026,7454
Philippine Airlines,DVO-TAG,2023.0,9,988.9920000000001,36.04,10000.0,4808.15,3357.62,1026,359
Philippine Airlines,EUQ-MNL,2023.0,9,714.272,36.04,10000.0,10000.0,3543.03,25,7454
Cebu Pacific,GES-MNL,2023.0,9,9321.98,41.75,5180.52,5156.23,3543.03,197,7454
Philippine Airlines,GES-MNL,2023.0,9,13695.6,36.04,5180.52,5156.23,3543.03,197,7454
Cebgo,IAO-CEB,2023.0,9,2734.56,5.01,5043.43,5455.65,3054.78,392,2576
Philippine Airlines,IAO-CEB,2023.0,9,3296.6400000000003,36.04,5043.43,5455.65,3054.78,392,2576
Cebgo,IAO-DVO,2023.0,9,729.216,5.01,10000.0,5455.65,4808.15,392,1026
Philippine Airlines,IAO-MNL,2023.0,9,3021.92,36.04,10000.0,5455.65,3543.03,392,7454
Cebgo,ILO-CEB,2023.0,9,2734.56,5.01,10000.0,3120.25,3054.78,669,2576
Cebgo,ILO-ILO,2023.0,9,60.768,5.01,10000.0,3120.25,3120.25,669,669
AirAsia,ILO-MNL,2023.0,9,21466.8,17.2,3559.9,3120.25,3543.03,669,7454
Cebu Pacific,ILO-MNL,2023.0,9,16886.752,41.75,3559.9,3120.25,3543.03,669,7454
Philippine Airlines,ILO-MNL,2023.0,9,10990.416000000001,36.04,3559.9,3120.25,3543.03,669,7454
AirAsia,KLO-MNL,2023.0,9,12746.58,17.2,6828.49,6828.49,3543.03,194,7454
Cebu Pacific,KLO-MNL,2023.0,9,3139.6800000000003,41.75,6828.49,6828.49,3543.03,194,7454
Philippine Airlines,LAO-MNL,2023.0,9,5765.888000000001,36.04,10000.0,10000.0,3543.03,60,7454
AirAsia,MNL-BCD,2023.0,9,7945.92,17.2,3385.89,3543.03,3437.22,7454,476
Cebu Pacific,MNL-BCD,2023.0,9,9702.624,41.75,3385.89,3543.03,3437.22,7454,476
Philippine Airlines,MNL-BCD,2023.0,9,7223.52,36.04,3385.89,3543.03,3437.22,7454,476
Philippine Airlines,MNL-BSO,2023.0,9,1648.3200000000002,36.04,10000.0,3543.03,10000.0,7454,30
Cebu Pacific,MNL-BXU,2023.0,9,8431.560000000001,41.75,5004.13,3543.03,4376.19,7454,257
Philippine Airlines,MNL-BXU,2023.0,9,7960.416,36.04,5004.13,3543.03,4376.19,7454,257
AirAsia,MNL-CEB,2023.0,9,19699.26,17.2,3537.69,3543.03,3054.78,7454,2576
Cebu Pacific,MNL-CEB,2023.0,9,36936.816,41.75,3537.69,3543.03,3054.78,7454,2576
Philippine Airlines,MNL-CEB,2023.0,9,33360.704,36.04,3537.69,3543.03,3054.78,7454,2576
AirAsia,MNL-CGY,2023.0,9,4966.2,17.2,4792.96,3543.03,3366.88,7454,805
Cebu Pacific,MNL-CGY,2023.0,9,27406.368000000002,41.75,4792.96,3543.03,3366.88,7454,805
Philippine Airlines,MNL-CGY,2023.0,9,10752.864000000001,36.04,4792.96,3543.03,3366.88,7454,805
Philippine Airlines,MNL-CRM,2023.0,9,1098.88,36.04,10000.0,3543.03,10000.0,7454,20
Philippine Airlines,MNL-CYP,2023.0,9,1263.712,36.04,10000.0,3543.03,5061.67,7454,81
Cebu Pacific,MNL-CYZ,2023.0,9,4395.552000000001,41.75,10000.0,3543.03,10000.0,7454,56
Cebu Pacific,MNL-DGT,2023.0,9,8163.168000000001,41.75,5005.38,3543.03,5136.86,7454,192
Philippine Airlines,MNL-DGT,2023.0,9,8716.704000000002,36.04,5005.38,3543.03,5136.86,7454,192
Cebu Pacific,MNL-DPL,2023.0,9,4081.5840000000003,41.75,5012.36,3543.03,4973.11,7454,112
Philippine Airlines,MNL-DPL,2023.0,9,4508.64,36.04,5012.36,3543.03,4973.11,7454,112
Cebu Pacific,MNL-DRP,2023.0,9,9530.448,41.75,5000.32,3543.03,4969.22,7454,293
Philippine Airlines,MNL-DRP,2023.0,9,9683.072,36.04,5000.32,3543.03,4969.22,7454,293
Cebu Pacific,MNL-DVO,2023.0,9,28761.832000000002,41.75,5044.13,3543.03,4808.15,7454,1026
Philippine Airlines,MNL-DVO,2023.0,9,34726.224,36.04,5044.13,3543.03,4808.15,7454,1026
Philippine Airlines,MNL-EUQ,2023.0,9,659.328,36.04,10000.0,3543.03,10000.0,7454,25
Cebu Pacific,MNL-GES,2023.0,9,9710.22,41.75,5133.88,3543.03,5156.23,7454,197
Philippine Airlines,MNL-GES,2023.0,9,13509.76,36.04,5133.88,3543.03,5156.23,7454,197
Philippine Airlines,MNL-IAO,2023.0,9,4890.0160000000005,36.04,10000.0,3543.03,5455.65,7454,392
AirAsia,MNL-ILO,2023.0,9,15560.759999999998,17.2,3422.46,3543.03,3120.25,7454,669
Cebu Pacific,MNL-ILO,2023.0,9,16572.784,41.75,3422.46,3543.03,3120.25,7454,669
Philippine Airlines,MNL-ILO,2023.0,9,11140.704000000002,36.04,3422.46,3543.03,3120.25,7454,669
AirAsia,MNL-KLO,2023.0,9,12746.58,17.2,6828.49,3543.03,6828.49,7454,194
Cebu Pacific,MNL-KLO,2023.0,9,3139.6800000000003,41.75,6828.49,3543.03,6828.49,7454,194
Philippine Airlines,MNL-LAO,2023.0,9,3156.0480000000002,36.04,10000.0,3543.03,10000.0,7454,60
Philippine Airlines,MNL-MNL,2023.0,9,54.944,36.04,10000.0,3543.03,3543.03,7454,7454
AirAsia,MNL-MPH,2023.0,9,14236.439999999999,17.2,3110.93,3543.03,3190.05,7454,766
Cebgo,MNL-MPH,2023.0,9,1823.04,5.01,3110.93,3543.03,3190.05,7454,766
Cebu Pacific,MNL-MPH,2023.0,9,14285.544000000002,41.75,3110.93,3543.03,3190.05,7454,766
Philippine Airlines,MNL-MPH,2023.0,9,10815.888,36.04,3110.93,3543.03,3190.05,7454,766
Cebu Pacific,MNL-OZC,2023.0,9,5965.392000000001,41.75,10000.0,3543.03,5130.99,7454,131
Cebu Pacific,MNL-PAG,2023.0,9,4395.552000000001,41.75,10000.0,3543.03,7459.39,7454,125
AirAsia,MNL-PPS,2023.0,9,4635.12,17.2,3763.6,3543.03,3511.45,7454,456
Cebu Pacific,MNL-PPS,2023.0,9,10644.528,41.75,3763.6,3543.03,3511.45,7454,456
Philippine Airlines,MNL-PPS,2023.0,9,6092.320000000001,36.04,3763.6,3543.03,3511.45,7454,456
Cebu Pacific,MNL-RXS,2023.0,9,3924.6000000000004,41.75,10000.0,3543.03,4609.14,7454,106
AirAsia,MNL-TAC,2023.0,9,7945.92,17.2,3744.32,3543.03,3131.27,7454,591
Cebu Pacific,MNL-TAC,2023.0,9,5337.456,41.75,3744.32,3543.03,3131.27,7454,591
Philippine Airlines,MNL-TAC,2023.0,9,12679.136,36.04,3744.32,3543.03,3131.27,7454,591
AirAsia,MNL-TAG,2023.0,9,9766.859999999999,17.2,3571.12,3543.03,3357.62,7454,359
Cebu Pacific,MNL-TAG,2023.0,9,4895.2,41.75,3571.12,3543.03,3357.62,7454,359
Philippine Airlines,MNL-TAG,2023.0,9,8451.68,36.04,3571.12,3543.03,3357.62,7454,359
Cebu Pacific,MNL-TUG,2023.0,9,4395.552000000001,41.75,10000.0,3543.03,10000.0,7454,81
Cebgo,MNL-USU,2023.0,9,1823.04,5.01,10000.0,3543.03,5606.06,7454,287
Cebgo,MNL-WNP,2023.0,9,3585.312,5.01,10000.0,3543.03,10000.0,7454,116
Cebu Pacific,MPH-CEB,2023.0,9,4709.52,41.75,5898.62,3190.05,3054.78,766,2576
Philippine Airlines,MPH-CEB,2023.0,9,1905.2640000000001,36.04,5898.62,3190.05,3054.78,766,2576
Cebu Pacific,MPH-CRK,2023.0,9,784.9200000000001,41.75,10000.0,3190.05,4101.45,766,74
Cebu Pacific,MPH-ILO,2023.0,9,156.984,41.75,10000.0,3190.05,3120.25,766,669
AirAsia,MPH-MNL,2023.0,9,18706.02,17.2,3169.3,3190.05,3543.03,766,7454
Cebgo,MPH-MNL,2023.0,9,1823.04,5.01,3169.3,3190.05,3543.03,766,7454
Cebu Pacific,MPH-MNL,2023.0,9,14442.528,41.75,3169.3,3190.05,3543.03,766,7454
Philippine Airlines,MPH-MNL,2023.0,9,13356.240000000002,36.04,3169.3,3190.05,3543.03,766,7454
Cebu Pacific,MPH-MPH,2023.0,9,313.968,41.75,10000.0,3190.05,3190.05,766,766
Cebgo,OZC-CEB,2023.0,9,1579.968,5.01,10000.0,5130.99,3054.78,131,2576
Cebu Pacific,OZC-MNL,2023.0,9,5965.392000000001,41.75,5121.16,5130.99,3543.03,131,7454
Philippine Airlines,OZC-MNL,2023.0,9,4358.352000000001,36.04,5121.16,5130.99,3543.03,131,7454
Cebgo,PAG-CEB,2023.0,9,1883.808,5.01,10000.0,7459.39,3054.78,125,2576
Cebu Pacific,PAG-MNL,2023.0,9,9105.072,41.75,10000.0,7459.39,3543.03,125,7454
Cebu Pacific,PPS-CEB,2023.0,9,1412.856,41.75,5112.75,3511.45,3054.78,456,2576
Philippine Airlines,PPS-CEB,2023.0,9,1043.9360000000001,36.04,5112.75,3511.45,3054.78,456,2576
Cebgo,PPS-CRK,2023.0,9,243.072,5.01,10000.0,3511.45,4101.45,456,74
AirAsia,PPS-MNL,2023.0,9,9766.859999999999,17.2,3444.21,3511.45,3543.03,456,7454
Cebu Pacific,PPS-MNL,2023.0,9,14878.032000000001,41.75,3444.21,3511.45,3543.03,456,7454
Philippine Airlines,PPS-MNL,2023.0,9,14839.728000000001,36.04,3444.21,3511.45,3543.03,456,7454
AirAsia,RXS-MNL,2023.0,9,2152.02,17.2,3866.49,4609.14,3543.03,106,7454
Cebu Pacific,RXS-MNL,2023.0,9,6279.360000000001,41.75,3866.49,4609.14,3543.03,106,7454
Philippine Airlines,RXS-MNL,2023.0,9,4208.064,36.04,3866.49,4609.14,3543.03,106,7454
Cebgo,SUG-CEB,2023.0,9,668.448,5.01,10000.0,10000.0,3054.78,11,2576
Cebgo,TAC-CEB,2023.0,9,1215.3600000000001,5.01,5114.29,3131.27,3054.78,591,2576
Philippine Airlines,TAC-CEB,2023.0,9,1648.3200000000002,36.04,5114.29,3131.27,3054.78,591,2576
AirAsia,TAC-MNL,2023.0,9,17216.16,17.2,3432.62,3131.27,3543.03,591,7454
Cebu Pacific,TAC-MNL,2023.0,9,19936.968,41.75,3432.62,3131.27,3543.03,591,7454
Philippine Airlines,TAC-MNL,2023.0,9,12936.080000000002,36.04,3432.62,3131.27,3543.03,591,7454
Philippine Airlines,TAG-DVO,2023.0,9,988.9920000000001,36.04,10000.0,3357.62,4808.15,359,1026
AirAsia,TAG-MNL,2023.0,9,9766.859999999999,17.2,3373.53,3357.62,3543.03,359,7454
Cebu Pacific,TAG-MNL,2023.0,9,11078.344000000001,41.75,3373.53,3357.62,3543.03,359,7454
Philippine Airlines,TAG-MNL,2023.0,9,8451.68,36.04,3373.53,3357.62,3543.03,359,7454
Cebu Pacific,TUG-MNL,2023.0,9,8320.152,41.75,10000.0,10000.0,3543.03,81,7454
Cebgo,USU-CEB,2023.0,9,2430.7200000000003,5.01,5634.47,5606.06,3054.78,287,2576
Philippine Airlines,USU-CEB,2023.0,9,1153.824,36.04,5634.47,5606.06,3054.78,287,2576
Philippine Airlines,USU-CRK,2023.0,9,824.1600000000001,36.04,10000.0,5606.06,4101.45,287,74
Cebgo,USU-MNL,2023.0,9,5286.816,5.01,6577.91,5606.06,3543.03,287,7454
Philippine Airlines,USU-MNL,2023.0,9,1483.488,36.04,6577.91,5606.06,3543.03,287,7454
Cebgo,WNP-MNL,2023.0,9,3463.776,5.01,10000.0,10000.0,3543.03,116,7454
Cebu Pacific,ZAM-CEB,2023.0,9,941.904,41.75,5249.31,5425.0,3054.78,200,2576
Philippine Airlines,ZAM-CEB,2023.0,9,1483.488,36.04,5249.31,5425.0,3054.78,200,2576
Cebu Pacific,ZAM-MNL,2023.0,9,14239.968,41.75,5633.67,5425.0,3543.03,200,7454
Philippine Airlines,ZAM-MNL,2023.0,9,6762.960000000001,36.04,5633.67,5425.0,3543.03,200,7454
Cebu Pacific,ZAM-TWT,2023.0,9,3139.6800000000003,41.75,5365.36,5425.0,5365.36,200,32
Philippine Airlines,ZAM-TWT,2023.0,9,1803.4560000000001,36.04,5365.36,5425.0,5365.36,200,32
Philippine Airlines,BCD-CEB,2023.0,10,988.9920000000001,34.47,10000.0,3595.28,3088.43,623,2581
Cebu Pacific,BCD-DVO,2023.0,10,3296.664,44.58,10000.0,3595.28,4786.34,623,1061
AirAsia,BCD-MNL,2023.0,10,14530.320000000002,16.91,3466.46,3595.28,3613.72,623,8142
Cebu Pacific,BCD-MNL,2023.0,10,23333.224000000002,44.58,3466.46,3595.28,3613.72,623,8142
Philippine Airlines,BCD-MNL,2023.0,10,17302.512000000002,34.47,3466.46,3595.28,3613.72,623,8142
Philippine Airlines,BPA-CEB,2023.0,10,439.552,34.47,10000.0,10000.0,3088.43,16,2581
Cebgo,BXU-CEB,2023.0,10,729.216,4.04,6992.5,4986.08,3088.43,327,2581
Philippine Airlines,BXU-CEB,2023.0,10,164.832,34.47,6992.5,4986.08,3088.43,327,2581
Cebu Pacific,BXU-MNL,2023.0,10,14516.800000000001,44.58,5322.37,4986.08,3613.72,327,8142
Philippine Airlines,BXU-MNL,2023.0,10,8637.52,34.47,5322.37,4986.08,3613.72,327,8142
Philippine Airlines,CBO-MNL,2023.0,10,4208.064,34.47,10000.0,10000.0,3613.72,66,8142
Philippine Airlines,CBO-TWT,2023.0,10,494.49600000000004,34.47,10000.0,10000.0,5003.26,66,33
Cebgo,CEB-BCD,2023.0,10,60.768,4.04,8852.93,3088.43,3595.28,2581,623
Philippine Airlines,CEB-BCD,2023.0,10,934.048,34.47,8852.93,3088.43,3595.28,2581,623
Philippine Airlines,CEB-BPA,2023.0,10,439.552,34.47,10000.0,3088.43,10000.0,2581,16
Cebgo,CEB-BXU,2023.0,10,729.216,4.04,6992.5,3088.43,4986.08,2581,327
Philippine Airlines,CEB-BXU,2023.0,10,164.832,34.47,6992.5,3088.43,4986.08,2581,327
Cebgo,CEB-CEB,2023.0,10,121.536,4.04,5114.29,3088.43,3088.43,2581,2581
Philippine Airlines,CEB-CEB,2023.0,10,164.832,34.47,5114.29,3088.43,3088.43,2581,2581
Cebgo,CEB-CGY,2023.0,10,4679.136,4.04,6275.8,3088.43,3412.26,2581,750
Philippine Airlines,CEB-CGY,2023.0,10,1538.432,34.47,6275.8,3088.43,3412.26,2581,750
Cebgo,CEB-CRK,2023.0,10,60.768,4.04,9343.23,3088.43,6370.98,2581,80
Cebu Pacific,CEB-CRK,2023.0,10,1726.824,44.58,9343.23,3088.43,6370.98,2581,80
Cebgo,CEB-CYP,2023.0,10,1154.592,4.04,10000.0,3088.43,5012.46,2581,80
Cebgo,CEB-DRP,2023.0,10,60.768,4.04,10000.0,3088.43,4968.52,2581,285
Cebu Pacific,CEB-DVO,2023.0,10,5337.456,44.58,5012.2,3088.43,4786.34,2581,1061
Philippine Airlines,CEB-DVO,2023.0,10,4835.072,34.47,5012.2,3088.43,4786.34,2581,1061
Cebgo,CEB-IAO,2023.0,10,3767.616,4.04,5107.98,3088.43,5323.31,2581,389
Philippine Airlines,CEB-IAO,2023.0,10,2802.1440000000002,34.47,5107.98,3088.43,5323.31,2581,389
Cebgo,CEB-ILO,2023.0,10,1944.576,4.04,9465.53,3088.43,3180.11,2581,744
Philippine Airlines,CEB-ILO,2023.0,10,54.944,34.47,9465.53,3088.43,3180.11,2581,744
AirAsia,CEB-MNL,2023.0,10,18592.56,16.91,3787.39,3088.43,3613.72,2581,8142
Cebu Pacific,CEB-MNL,2023.0,10,48664.196,44.58,3787.39,3088.43,3613.72,2581,8142
Philippine Airlines,CEB-MNL,2023.0,10,32609.264,34.47,3787.39,3088.43,3613.72,2581,8142
Cebu Pacific,CEB-MPH,2023.0,10,4395.552000000001,44.58,5989.64,3088.43,3477.78,2581,842
Philippine Airlines,CEB-MPH,2023.0,10,1688.72,34.47,5989.64,3088.43,3477.78,2581,842
Cebgo,CEB-PAG,2023.0,10,607.6800000000001,4.04,10000.0,3088.43,7385.61,2581,134
Cebu Pacific,CEB-PPS,2023.0,10,2197.7760000000003,44.58,5232.6,3088.43,3587.6,2581,491
Philippine Airlines,CEB-PPS,2023.0,10,3406.5280000000002,34.47,5232.6,3088.43,3587.6,2581,491
Cebgo,CEB-TAC,2023.0,10,1762.272,4.04,5012.67,3088.43,3208.64,2581,639
Philippine Airlines,CEB-TAC,2023.0,10,1593.376,34.47,5012.67,3088.43,3208.64,2581,639
Cebgo,CEB-USU,2023.0,10,1762.272,4.04,5103.66,3088.43,5452.17,2581,295
Philippine Airlines,CEB-USU,2023.0,10,1318.656,34.47,5103.66,3088.43,5452.17,2581,295
Cebgo,CEB-ZAM,2023.0,10,60.768,4.04,10000.0,3088.43,5787.99,2581,220
Cebgo,CGY-CEB,2023.0,10,4679.136,4.04,6416.26,3412.26,3088.43,750,2581
Philippine Airlines,CGY-CEB,2023.0,10,1428.544,34.47,6416.26,3412.26,3088.43,750,2581
Cebgo,CGY-DVO,2023.0,10,1093.824,4.04,10000.0,3412.26,4786.34,750,1061
AirAsia,CGY-MNL,2023.0,10,4843.4400000000005,16.91,4082.42,3412.26,3613.72,750,8142
Cebu Pacific,CGY-MNL,2023.0,10,20375.848,44.58,4082.42,3412.26,3613.72,750,8142
Philippine Airlines,CGY-MNL,2023.0,10,16914.672000000002,34.47,4082.42,3412.26,3613.72,750,8142
Cebgo,CRK-CEB,2023.0,10,60.768,4.04,9343.23,6370.98,3088.43,80,2581
Cebu Pacific,CRK-CEB,2023.0,10,1726.824,44.58,9343.23,6370.98,3088.43,80,2581
Cebu Pacific,CRK-CRK,2023.0,10,156.984,44.58,10000.0,6370.98,6370.98,80,80
Cebu Pacific,CRK-MPH,2023.0,10,1412.856,44.58,10000.0,6370.98,3477.78,80,842
Philippine Airlines,CRK-USU,2023.0,10,988.9920000000001,34.47,10000.0,6370.98,5452.17,80,295
Cebgo,CYP-CEB,2023.0,10,1033.056,4.04,10000.0,5012.46,3088.43,80,2581
Philippine Airlines,CYP-MNL,2023.0,10,1263.712,34.47,10000.0,5012.46,3613.72,80,8142
Cebu Pacific,CYZ-MNL,2023.0,10,4709.52,44.58,10000.0,10000.0,3613.72,60,8142
Cebu Pacific,DGT-MNL,2023.0,10,7064.280000000001,44.58,5000.55,5081.27,3613.72,217,8142
Philippine Airlines,DGT-MNL,2023.0,10,7213.8240000000005,34.47,5000.55,5081.27,3613.72,217,8142
Cebu Pacific,DPL-MNL,2023.0,10,2354.76,44.58,5000.55,5000.55,3613.72,62,8142
Philippine Airlines,DPL-MNL,2023.0,10,2404.608,34.47,5000.55,5000.55,3613.72,62,8142
Cebgo,DRP-CEB,2023.0,10,60.768,4.04,10000.0,4968.52,3088.43,285,2581
Cebu Pacific,DRP-MNL,2023.0,10,9567.584,44.58,5000.06,4968.52,3613.72,285,8142
Philippine Airlines,DRP-MNL,2023.0,10,9503.696,34.47,5000.06,4968.52,3613.72,285,8142
Cebu Pacific,DVO-BCD,2023.0,10,3296.664,44.58,10000.0,4786.34,3595.28,1061,623
Cebu Pacific,DVO-CEB,2023.0,10,5494.4400000000005,44.58,5048.91,4786.34,3088.43,1061,2581
Philippine Airlines,DVO-CEB,2023.0,10,4505.408,34.47,5048.91,4786.34,3088.43,1061,2581
Cebgo,DVO-CGY,2023.0,10,1093.824,4.04,10000.0,4786.34,3412.26,1061,750
Cebgo,DVO-IAO,2023.0,10,789.984,4.04,10000.0,4786.34,5323.31,1061,389
Cebu Pacific,DVO-MNL,2023.0,10,32698.248,44.58,5000.42,4786.34,3613.72,1061,8142
Philippine Airlines,DVO-MNL,2023.0,10,33302.528,34.47,5000.42,4786.34,3613.72,1061,8142
Philippine Airlines,DVO-TAG,2023.0,10,1098.88,34.47,10000.0,4786.34,3345.98,1061,400
Philippine Airlines,EUQ-MNL,2023.0,10,604.384,34.47,10000.0,10000.0,3613.72,24,8142
Cebu Pacific,GES-MNL,2023.0,10,11998.304,44.58,5003.04,5003.31,3613.72,216,8142
Philippine Airlines,GES-MNL,2023.0,10,12604.8,34.47,5003.04,5003.31,3613.72,216,8142
Cebgo,IAO-CEB,2023.0,10,2916.864,4.04,5000.54,5323.31,3088.43,389,2581
Philippine Airlines,IAO-CEB,2023.0,10,2857.088,34.47,5000.54,5323.31,3088.43,389,2581
Cebgo,IAO-DVO,2023.0,10,789.984,4.04,10000.0,5323.31,4786.34,389,1061
Philippine Airlines,IAO-MNL,2023.0,10,3241.6960000000004,34.47,10000.0,5323.31,3613.72,389,8142
Cebu Pacific,ILO-BCD,2023.0,10,156.984,44.58,10000.0,3180.11,3595.28,744,623
Cebgo,ILO-CEB,2023.0,10,1944.576,4.04,10000.0,3180.11,3088.43,744,2581
AirAsia,ILO-MNL,2023.0,10,23237.760000000002,16.91,3463.71,3180.11,3613.72,744,8142
Cebu Pacific,ILO-MNL,2023.0,10,15002.944000000001,44.58,3463.71,3180.11,3613.72,744,8142
Philippine Airlines,ILO-MNL,2023.0,10,16383.008000000002,34.47,3463.71,3180.11,3613.72,744,8142
AirAsia,KLO-MNL,2023.0,10,14530.320000000002,16.91,6433.79,6423.5,3613.72,241,8142
Cebu Pacific,KLO-MNL,2023.0,10,4395.552000000001,44.58,6433.79,6423.5,3613.72,241,8142
Philippine Airlines,LAO-MNL,2023.0,10,5295.6320000000005,34.47,10000.0,10000.0,3613.72,52,8142
AirAsia,MNL-BCD,2023.0,10,9686.880000000001,16.91,3545.33,3613.72,3595.28,8142,623
Cebu Pacific,MNL-BCD,2023.0,10,15440.136,44.58,3545.33,3613.72,3595.28,8142,623
Philippine Airlines,MNL-BCD,2023.0,10,9052.832,34.47,3545.33,3613.72,3595.28,8142,623
Philippine Airlines,MNL-BSO,2023.0,10,1538.432,34.47,10000.0,3613.72,10000.0,8142,28
Cebu Pacific,MNL-BXU,2023.0,10,14359.816,44.58,5309.57,3613.72,4986.08,8142,327
Philippine Airlines,MNL-BXU,2023.0,10,8637.52,34.47,5309.57,3613.72,4986.08,8142,327
Philippine Airlines,MNL-CBO,2023.0,10,4358.352000000001,34.47,10000.0,3613.72,10000.0,8142,66
AirAsia,MNL-CEB,2023.0,10,23748.480000000003,16.91,3453.66,3613.72,3088.43,8142,2581
Cebgo,MNL-CEB,2023.0,10,121.536,4.04,3453.66,3613.72,3088.43,8142,2581
Cebu Pacific,MNL-CEB,2023.0,10,39023.184,44.58,3453.66,3613.72,3088.43,8142,2581
Philippine Airlines,MNL-CEB,2023.0,10,32993.872,34.47,3453.66,3613.72,3088.43,8142,2581
AirAsia,MNL-CGY,2023.0,10,4843.4400000000005,16.91,4488.7,3613.72,3412.26,8142,750
Cebu Pacific,MNL-CGY,2023.0,10,25431.408,44.58,4488.7,3613.72,3412.26,8142,750
Philippine Airlines,MNL-CGY,2023.0,10,12892.448,34.47,4488.7,3613.72,3412.26,8142,750
Philippine Airlines,MNL-CRM,2023.0,10,1098.88,34.47,10000.0,3613.72,10000.0,8142,20
Philippine Airlines,MNL-CYP,2023.0,10,1153.824,34.47,10000.0,3613.72,5012.46,8142,80
Cebu Pacific,MNL-CYZ,2023.0,10,4709.52,44.58,10000.0,3613.72,10000.0,8142,60
Cebu Pacific,MNL-DGT,2023.0,10,11773.800000000001,44.58,5265.46,3613.72,5081.27,8142,217
Philippine Airlines,MNL-DGT,2023.0,10,7364.112000000001,34.47,5265.46,3613.72,5081.27,8142,217
Cebu Pacific,MNL-DPL,2023.0,10,2354.76,44.58,5000.55,3613.72,5000.55,8142,62
Philippine Airlines,MNL-DPL,2023.0,10,2404.608,34.47,5000.55,3613.72,5000.55,8142,62
Cebu Pacific,MNL-DRP,2023.0,10,9567.584,44.58,5000.56,3613.72,4968.52,8142,285
Philippine Airlines,MNL-DRP,2023.0,10,9367.952000000001,34.47,5000.56,3613.72,4968.52,8142,285
Cebu Pacific,MNL-DVO,2023.0,10,33805.576,44.58,5000.02,3613.72,4786.34,8142,1061
Philippine Airlines,MNL-DVO,2023.0,10,33674.208,34.47,5000.02,3613.72,4786.34,8142,1061
Philippine Airlines,MNL-EUQ,2023.0,10,714.272,34.47,10000.0,3613.72,10000.0,8142,24
Cebu Pacific,MNL-GES,2023.0,10,11804.184000000001,44.58,5003.59,3613.72,5003.31,8142,216
Philippine Airlines,MNL-GES,2023.0,10,12454.512,34.47,5003.59,3613.72,5003.31,8142,216
Philippine Airlines,MNL-IAO,2023.0,10,4999.904,34.47,10000.0,3613.72,5323.31,8142,389
AirAsia,MNL-ILO,2023.0,10,19061.280000000002,16.91,3365.58,3613.72,3180.11,8142,744
Cebu Pacific,MNL-ILO,2023.0,10,15002.944000000001,44.58,3365.58,3613.72,3180.11,8142,744
Philippine Airlines,MNL-ILO,2023.0,10,16698.128,34.47,3365.58,3613.72,3180.11,8142,744
AirAsia,MNL-KLO,2023.0,10,14374.080000000002,16.91,6413.16,3613.72,6423.5,8142,241
Cebu Pacific,MNL-KLO,2023.0,10,4395.552000000001,44.58,6413.16,3613.72,6423.5,8142,241
Philippine Airlines,MNL-LAO,2023.0,10,2554.896,34.47,10000.0,3613.72,10000.0,8142,52
Cebu Pacific,MNL-MNL,2023.0,10,194.12,44.58,6561.27,3613.72,3613.72,8142,8142
Philippine Airlines,MNL-MNL,2023.0,10,54.944,34.47,6561.27,3613.72,3613.72,8142,8142
AirAsia,MNL-MPH,2023.0,10,12030.480000000001,16.91,3248.98,3613.72,3477.78,8142,842
Cebgo,MNL-MPH,2023.0,10,1823.04,4.04,3248.98,3613.72,3477.78,8142,842
Cebu Pacific,MNL-MPH,2023.0,10,18681.096,44.58,3248.98,3613.72,3477.78,8142,842
Philippine Airlines,MNL-MPH,2023.0,10,11376.640000000001,34.47,3248.98,3613.72,3477.78,8142,842
Cebu Pacific,MNL-OZC,2023.0,10,7692.216,44.58,10000.0,3613.72,6183.76,8142,145
Cebu Pacific,MNL-PAG,2023.0,10,4866.504,44.58,10000.0,3613.72,7385.61,8142,134
AirAsia,MNL-PPS,2023.0,10,4843.4400000000005,16.91,3736.98,3613.72,3587.6,8142,491
Cebu Pacific,MNL-PPS,2023.0,10,10690.104000000001,44.58,3736.98,3613.72,3587.6,8142,491
Philippine Airlines,MNL-PPS,2023.0,10,6113.328,34.47,3736.98,3613.72,3587.6,8142,491
Cebu Pacific,MNL-RXS,2023.0,10,3767.616,44.58,10000.0,3613.72,5096.33,8142,115
AirAsia,MNL-TAC,2023.0,10,7343.280000000001,16.91,3481.98,3613.72,3208.64,8142,639
Cebu Pacific,MNL-TAC,2023.0,10,8948.088,44.58,3481.98,3613.72,3208.64,8142,639
Philippine Airlines,MNL-TAC,2023.0,10,12160.400000000001,34.47,3481.98,3613.72,3208.64,8142,639
AirAsia,MNL-TAG,2023.0,10,9686.880000000001,16.91,3528.09,3613.72,3345.98,8142,400
Cebu Pacific,MNL-TAG,2023.0,10,5258.12,44.58,3528.09,3613.72,3345.98,8142,400
Philippine Airlines,MNL-TAG,2023.0,10,8799.12,34.47,3528.09,3613.72,3345.98,8142,400
Cebu Pacific,MNL-TUG,2023.0,10,5023.488,44.58,10000.0,3613.72,9616.55,8142,98
Cebgo,MNL-USU,2023.0,10,1883.808,4.04,10000.0,3613.72,5452.17,8142,295
Cebgo,MNL-WNP,2023.0,10,3403.008,4.04,10000.0,3613.72,10000.0,8142,112
Cebu Pacific,MPH-CEB,2023.0,10,4395.552000000001,44.58,5989.64,3477.78,3088.43,842,2581
Philippine Airlines,MPH-CEB,2023.0,10,1688.72,34.47,5989.64,3477.78,3088.43,842,2581
Cebu Pacific,MPH-CRK,2023.0,10,1569.8400000000001,44.58,10000.0,3477.78,6370.98,842,80
AirAsia,MPH-MNL,2023.0,10,14530.320000000002,16.91,3302.84,3477.78,3613.72,842,8142
Cebgo,MPH-MNL,2023.0,10,1762.272,4.04,3302.84,3477.78,3613.72,842,8142
Cebu Pacific,MPH-MNL,2023.0,10,23076.648,44.58,3302.84,3477.78,3613.72,842,8142
Philippine Airlines,MPH-MNL,2023.0,10,14287.056,34.47,3302.84,3477.78,3613.72,842,8142
Cebgo,MPH-MPH,2023.0,10,60.768,4.04,10000.0,3477.78,3477.78,842,842
Cebgo,OZC-CEB,2023.0,10,972.288,4.04,10000.0,6183.76,3088.43,145,2581
Cebu Pacific,OZC-MNL,2023.0,10,7692.216,44.58,5478.38,6183.76,3613.72,145,8142
Philippine Airlines,OZC-MNL,2023.0,10,4057.7760000000003,34.47,5478.38,6183.76,3613.72,145,8142
Cebu Pacific,OZC-OZC,2023.0,10,313.968,44.58,10000.0,6183.76,6183.76,145,145
Cebgo,PAG-CEB,2023.0,10,2005.344,4.04,10000.0,7385.61,3088.43,134,2581
Cebu Pacific,PAG-MNL,2023.0,10,9419.04,44.58,10000.0,7385.61,3613.72,134,8142
Cebu Pacific,PPS-CEB,2023.0,10,2197.7760000000003,44.58,5155.72,3587.6,3088.43,491,2581
Philippine Airlines,PPS-CEB,2023.0,10,1538.432,34.47,5155.72,3587.6,3088.43,491,2581
AirAsia,PPS-MNL,2023.0,10,9686.880000000001,16.91,3447.06,3587.6,3613.72,491,8142
Cebu Pacific,PPS-MNL,2023.0,10,14638.336000000001,44.58,3447.06,3587.6,3613.72,491,8142
Philippine Airlines,PPS-MNL,2023.0,10,14986.784000000001,34.47,3447.06,3587.6,3613.72,491,8142
AirAsia,RXS-MNL,2023.0,10,2031.1200000000001,16.91,4347.8,5096.33,3613.72,115,8142
Cebu Pacific,RXS-MNL,2023.0,10,8163.168000000001,44.58,4347.8,5096.33,3613.72,115,8142
Philippine Airlines,RXS-MNL,2023.0,10,3812.1440000000002,34.47,4347.8,5096.33,3613.72,115,8142
Cebgo,SUG-CEB,2023.0,10,729.216,4.04,10000.0,10000.0,3088.43,12,2581
Cebgo,TAC-CEB,2023.0,10,607.6800000000001,4.04,6002.75,3208.64,3088.43,639,2581
Philippine Airlines,TAC-CEB,2023.0,10,1593.376,34.47,6002.75,3208.64,3088.43,639,2581
AirAsia,TAC-MNL,2023.0,10,18822.72,16.91,3609.73,3208.64,3613.72,639,8142
Cebu Pacific,TAC-MNL,2023.0,10,24803.472,44.58,3609.73,3208.64,3613.72,639,8142
Philippine Airlines,TAC-MNL,2023.0,10,11788.720000000001,34.47,3609.73,3208.64,3613.72,639,8142
Philippine Airlines,TAG-DVO,2023.0,10,1098.88,34.47,10000.0,3345.98,4786.34,400,1061
AirAsia,TAG-MNL,2023.0,10,9530.640000000001,16.91,3652.32,3345.98,3613.72,400,8142
Cebu Pacific,TAG-MNL,2023.0,10,16885.064000000002,44.58,3652.32,3345.98,3613.72,400,8142
Philippine Airlines,TAG-MNL,2023.0,10,8854.064,34.47,3652.32,3345.98,3613.72,400,8142
Cebu Pacific,TUG-MNL,2023.0,10,10046.976,44.58,9435.92,9616.55,3613.72,98,8142
Philippine Airlines,TUG-MNL,2023.0,10,300.576,34.47,9435.92,9616.55,3613.72,98,8142
Cebgo,USU-CEB,2023.0,10,2309.184,4.04,5630.58,5452.17,3088.43,295,2581
Philippine Airlines,USU-CEB,2023.0,10,1098.88,34.47,5630.58,5452.17,3088.43,295,2581
Philippine Airlines,USU-CRK,2023.0,10,934.048,34.47,10000.0,5452.17,6370.98,295,80
Cebgo,USU-MNL,2023.0,10,5286.816,4.04,6314.11,5452.17,3613.72,295,8142
Philippine Airlines,USU-MNL,2023.0,10,1703.2640000000001,34.47,6314.11,5452.17,3613.72,295,8142
Cebgo,WNP-MNL,2023.0,10,3403.008,4.04,10000.0,10000.0,3613.72,112,8142
Cebu Pacific,ZAM-CEB,2023.0,10,2040.7920000000001,44.58,5190.92,5787.99,3088.43,220,2581
Philippine Airlines,ZAM-CEB,2023.0,10,1373.6000000000001,34.47,5190.92,5787.99,3088.43,220,2581
Cebu Pacific,ZAM-MNL,2023.0,10,18193.264,44.58,6131.87,5787.99,3613.72,220,8142
Philippine Airlines,ZAM-MNL,2023.0,10,6462.384,34.47,6131.87,5787.99,3613.72,220,8142
Cebu Pacific,ZAM-TWT,2023.0,10,2040.7920000000001,44.58,5055.06,5787.99,5003.26,220,33
Philippine Airlines,ZAM-TWT,2023.0,10,1653.1680000000001,34.47,5055.06,5787.99,5003.26,220,33
Philippine Airlines,BCD-CEB,2023.0,11,714.272,37.5,10000.0,3536.72,3291.14,563,2412
Cebu Pacific,BCD-DVO,2023.0,11,3296.664,42.49,10000.0,3536.72,4806.14,563,1153
AirAsia,BCD-MNL,2023.0,11,13124.16,16.31,3461.93,3536.72,3617.2,563,8091
Cebu Pacific,BCD-MNL,2023.0,11,21466.296000000002,42.49,3461.93,3536.72,3617.2,563,8091
Philippine Airlines,BCD-MNL,2023.0,11,17436.64,37.5,3461.93,3536.72,3617.2,563,8091
Philippine Airlines,BPA-CEB,2023.0,11,329.664,37.5,10000.0,10000.0,3291.14,14,2412
Philippine Airlines,BXU-CEB,2023.0,11,1538.432,37.5,10000.0,5042.6,3291.14,317,2412
Cebu Pacific,BXU-MNL,2023.0,11,11848.072,42.49,5179.68,5042.6,3617.2,317,8091
Philippine Airlines,BXU-MNL,2023.0,11,8071.920000000001,37.5,5179.68,5042.6,3617.2,317,8091
Philippine Airlines,CBO-MNL,2023.0,11,4263.008000000001,37.5,10000.0,10000.0,3617.2,66,8091
Philippine Airlines,CBO-TWT,2023.0,11,439.552,37.5,10000.0,10000.0,10000.0,66,18
Philippine Airlines,CEB-BAG,2023.0,11,54.944,37.5,10000.0,3291.14,10000.0,2412,1
Philippine Airlines,CEB-BCD,2023.0,11,824.1600000000001,37.5,10000.0,3291.14,3536.72,2412,563
Philippine Airlines,CEB-BPA,2023.0,11,439.552,37.5,10000.0,3291.14,10000.0,2412,14
Philippine Airlines,CEB-BXU,2023.0,11,1538.432,37.5,10000.0,3291.14,5042.6,2412,317
Cebgo,CEB-CEB,2023.0,11,364.608,3.69,5711.91,3291.14,3291.14,2412,2412
Philippine Airlines,CEB-CEB,2023.0,11,164.832,37.5,5711.91,3291.14,3291.14,2412,2412
Cebgo,CEB-CGY,2023.0,11,2430.7200000000003,3.69,5000.36,3291.14,3499.33,2412,643
Philippine Airlines,CEB-CGY,2023.0,11,2472.48,37.5,5000.36,3291.14,3499.33,2412,643
Cebgo,CEB-CRK,2023.0,11,850.752,3.69,10000.0,3291.14,3439.71,2412,73
Cebgo,CEB-CYP,2023.0,11,911.52,3.69,10000.0,3291.14,5039.27,2412,52
Cebgo,CEB-DRP,2023.0,11,60.768,3.69,10000.0,3291.14,4999.54,2412,293
Cebu Pacific,CEB-DVO,2023.0,11,2040.7920000000001,42.49,5864.15,3291.14,4806.14,2412,1153
Philippine Airlines,CEB-DVO,2023.0,11,4944.96,37.5,5864.15,3291.14,4806.14,2412,1153
Cebgo,CEB-IAO,2023.0,11,3585.312,3.69,5008.8,3291.14,5429.61,2412,390
Philippine Airlines,CEB-IAO,2023.0,11,3296.6400000000003,37.5,5008.8,3291.14,5429.61,2412,390
Cebgo,CEB-ILO,2023.0,11,1701.504,3.69,10000.0,3291.14,3148.31,2412,743
AirAsia,CEB-MNL,2023.0,11,14530.320000000002,16.31,3795.02,3291.14,3617.2,2412,8091
Cebgo,CEB-MNL,2023.0,11,60.768,3.69,3795.02,3291.14,3617.2,2412,8091
Cebu Pacific,CEB-MNL,2023.0,11,39983.656,42.49,3795.02,3291.14,3617.2,2412,8091
Philippine Airlines,CEB-MNL,2023.0,11,37736.832,37.5,3795.02,3291.14,3617.2,2412,8091
Cebu Pacific,CEB-MPH,2023.0,11,2040.7920000000001,42.49,5147.67,3291.14,3258.85,2412,853
Philippine Airlines,CEB-MPH,2023.0,11,2887.7920000000004,37.5,5147.67,3291.14,3258.85,2412,853
Cebgo,CEB-PAG,2023.0,11,546.912,3.69,10000.0,3291.14,7903.69,2412,116
Cebu Pacific,CEB-PPS,2023.0,11,2040.7920000000001,42.49,5204.93,3291.14,3672.48,2412,505
Philippine Airlines,CEB-PPS,2023.0,11,3076.864,37.5,5204.93,3291.14,3672.48,2412,505
Cebgo,CEB-TAC,2023.0,11,1519.2,3.69,5000.71,3291.14,3208.69,2412,640
Philippine Airlines,CEB-TAC,2023.0,11,1483.488,37.5,5000.71,3291.14,3208.69,2412,640
Cebgo,CEB-USU,2023.0,11,1883.808,3.69,5034.88,3291.14,5259.76,2412,295
Philippine Airlines,CEB-USU,2023.0,11,1593.376,37.5,5034.88,3291.14,5259.76,2412,295
Cebgo,CGY-CEB,2023.0,11,2552.256,3.69,5000.12,3499.33,3291.14,643,2412
Philippine Airlines,CGY-CEB,2023.0,11,2527.424,37.5,5000.12,3499.33,3291.14,643,2412
Cebgo,CGY-DVO,2023.0,11,972.288,3.69,10000.0,3499.33,4806.14,643,1153
AirAsia,CGY-MNL,2023.0,11,4687.200000000001,16.31,3987.91,3499.33,3617.2,643,8091
Cebu Pacific,CGY-MNL,2023.0,11,16844.552,42.49,3987.91,3499.33,3617.2,643,8091
Philippine Airlines,CGY-MNL,2023.0,11,12545.008000000002,37.5,3987.91,3499.33,3617.2,643,8091
Cebgo,CRK-CEB,2023.0,11,850.752,3.69,10000.0,3439.71,3291.14,73,2412
Cebu Pacific,CRK-MPH,2023.0,11,627.936,42.49,10000.0,3439.71,3258.85,73,853
Cebgo,CRK-PPS,2023.0,11,121.536,3.69,10000.0,3439.71,3672.48,73,505
Philippine Airlines,CRK-USU,2023.0,11,879.104,37.5,10000.0,3439.71,5259.76,73,295
Cebgo,CYP-CEB,2023.0,11,729.216,3.69,10000.0,5039.27,3291.14,52,2412
Philippine Airlines,CYP-MNL,2023.0,11,659.328,37.5,10000.0,5039.27,3617.2,52,8091
Cebu Pacific,CYZ-MNL,2023.0,11,4238.568,42.49,10000.0,10000.0,3617.2,57,8091
Cebgo,DGT-CEB,2023.0,11,60.768,3.69,10000.0,5062.77,3291.14,262,2412
Cebu Pacific,DGT-MNL,2023.0,11,9262.056,42.49,5007.61,5062.77,3617.2,262,8091
Philippine Airlines,DGT-MNL,2023.0,11,8566.416000000001,37.5,5007.61,5062.77,3617.2,262,8091
Cebgo,DPL-CEB,2023.0,11,60.768,3.69,10000.0,9406.13,3291.14,36,2412
Philippine Airlines,DPL-MNL,2023.0,11,934.048,37.5,10000.0,9406.13,3617.2,36,8091
Cebu Pacific,DRP-MNL,2023.0,11,9456.176000000001,42.49,5016.16,4999.54,3617.2,293,8091
Philippine Airlines,DRP-MNL,2023.0,11,10596.112000000001,37.5,5016.16,4999.54,3617.2,293,8091
Cebu Pacific,DVO-BCD,2023.0,11,3296.664,42.49,10000.0,4806.14,3536.72,1153,563
Cebu Pacific,DVO-CEB,2023.0,11,2040.7920000000001,42.49,5845.0,4806.14,3291.14,1153,2412
Philippine Airlines,DVO-CEB,2023.0,11,4890.0160000000005,37.5,5845.0,4806.14,3291.14,1153,2412
Cebgo,DVO-CGY,2023.0,11,1033.056,3.69,10000.0,4806.14,3499.33,1153,643
Cebgo,DVO-IAO,2023.0,11,789.984,3.69,10000.0,4806.14,5429.61,1153,390
Cebu Pacific,DVO-MNL,2023.0,11,41904.6,42.49,5042.42,4806.14,3617.2,1153,8091
Philippine Airlines,DVO-MNL,2023.0,11,34836.112,37.5,5042.42,4806.14,3617.2,1153,8091
Philippine Airlines,DVO-TAG,2023.0,11,1153.824,37.5,10000.0,4806.14,3338.23,1153,388
Philippine Airlines,EUQ-MNL,2023.0,11,659.328,37.5,10000.0,10000.0,3617.2,25,8091
Cebu Pacific,GES-MNL,2023.0,11,10644.528,42.49,5020.75,5020.75,3617.2,208,8091
Philippine Airlines,GES-MNL,2023.0,11,12110.304,37.5,5020.75,5020.75,3617.2,208,8091
Cebgo,IAO-CEB,2023.0,11,2673.792,3.69,5031.12,5429.61,3291.14,390,2412
Philippine Airlines,IAO-CEB,2023.0,11,3131.808,37.5,5031.12,5429.61,3291.14,390,2412
Cebgo,IAO-DVO,2023.0,11,789.984,3.69,10000.0,5429.61,4806.14,390,1153
Philippine Airlines,IAO-IAO,2023.0,11,54.944,37.5,10000.0,5429.61,5429.61,390,390
Philippine Airlines,IAO-MNL,2023.0,11,3076.864,37.5,10000.0,5429.61,3617.2,390,8091
Cebgo,ILO-CEB,2023.0,11,1701.504,3.69,10000.0,3148.31,3291.14,743,2412
AirAsia,ILO-MNL,2023.0,11,21473.760000000002,16.31,3380.81,3148.31,3617.2,743,8091
Cebu Pacific,ILO-MNL,2023.0,11,18777.312,42.49,3380.81,3148.31,3617.2,743,8091
Philippine Airlines,ILO-MNL,2023.0,11,15993.552000000001,37.5,3380.81,3148.31,3617.2,743,8091
AirAsia,KLO-MNL,2023.0,11,12967.92,16.31,10000.0,10000.0,3617.2,166,8091
Philippine Airlines,LAO-MNL,2023.0,11,5536.416,37.5,10000.0,10000.0,3617.2,56,8091
AirAsia,MNL-BCD,2023.0,11,8749.44,16.31,3391.6,3617.2,3536.72,8091,563
Cebu Pacific,MNL-BCD,2023.0,11,11458.144,42.49,3391.6,3617.2,3536.72,8091,563
Philippine Airlines,MNL-BCD,2023.0,11,8752.256000000001,37.5,3391.6,3617.2,3536.72,8091,563
Philippine Airlines,MNL-BSO,2023.0,11,1648.3200000000002,37.5,10000.0,3617.2,10000.0,8091,30
Cebu Pacific,MNL-BXU,2023.0,11,12005.056,42.49,5129.82,3617.2,5042.6,8091,317
Philippine Airlines,MNL-BXU,2023.0,11,8673.072,37.5,5129.82,3617.2,5042.6,8091,317
Philippine Airlines,MNL-CBO,2023.0,11,4263.008000000001,37.5,10000.0,3617.2,10000.0,8091,66
AirAsia,MNL-CEB,2023.0,11,19686.24,16.31,3486.21,3617.2,3291.14,8091,2412
Cebgo,MNL-CEB,2023.0,11,789.984,3.69,3486.21,3617.2,3291.14,8091,2412
Cebu Pacific,MNL-CEB,2023.0,11,29682.636000000002,42.49,3486.21,3617.2,3291.14,8091,2412
Philippine Airlines,MNL-CEB,2023.0,11,37738.448000000004,37.5,3486.21,3617.2,3291.14,8091,2412
AirAsia,MNL-CGY,2023.0,11,4687.200000000001,16.31,4377.18,3617.2,3499.33,8091,643
Cebu Pacific,MNL-CGY,2023.0,11,21702.616,42.49,4377.18,3617.2,3499.33,8091,643
Philippine Airlines,MNL-CGY,2023.0,11,11192.416000000001,37.5,4377.18,3617.2,3499.33,8091,643
Philippine Airlines,MNL-CRM,2023.0,11,824.1600000000001,37.5,10000.0,3617.2,10000.0,8091,15
Philippine Airlines,MNL-CYP,2023.0,11,714.272,37.5,10000.0,3617.2,5039.27,8091,52
Cebu Pacific,MNL-CYZ,2023.0,11,4709.52,42.49,10000.0,3617.2,10000.0,8091,57
Cebu Pacific,MNL-DGT,2023.0,11,13343.640000000001,42.49,5187.17,3617.2,5062.77,8091,262
Philippine Airlines,MNL-DGT,2023.0,11,9017.28,37.5,5187.17,3617.2,5062.77,8091,262
Philippine Airlines,MNL-DPL,2023.0,11,988.9920000000001,37.5,10000.0,3617.2,9406.13,8091,36
Cebu Pacific,MNL-DRP,2023.0,11,9456.176000000001,42.49,5013.34,3617.2,4999.54,8091,293
Philippine Airlines,MNL-DRP,2023.0,11,10486.224,37.5,5013.34,3617.2,4999.54,8091,293
Cebu Pacific,MNL-DVO,2023.0,11,34391.312,42.49,5000.21,3617.2,4806.14,8091,1153
Philippine Airlines,MNL-DVO,2023.0,11,34836.112,37.5,5000.21,3617.2,4806.14,8091,1153
Philippine Airlines,MNL-EUQ,2023.0,11,714.272,37.5,10000.0,3617.2,10000.0,8091,25
Cebu Pacific,MNL-GES,2023.0,11,10644.528,42.49,5020.75,3617.2,5020.75,8091,208
Philippine Airlines,MNL-GES,2023.0,11,12110.304,37.5,5020.75,3617.2,5020.75,8091,208
Philippine Airlines,MNL-IAO,2023.0,11,4725.184,37.5,10000.0,3617.2,5429.61,8091,390
AirAsia,MNL-ILO,2023.0,11,15936.480000000001,16.31,3350.99,3617.2,3148.31,8091,743
Cebu Pacific,MNL-ILO,2023.0,11,18620.328,42.49,3350.99,3617.2,3148.31,8091,743
Philippine Airlines,MNL-ILO,2023.0,11,18734.288,37.5,3350.99,3617.2,3148.31,8091,743
AirAsia,MNL-KLO,2023.0,11,12967.92,16.31,10000.0,3617.2,10000.0,8091,166
Philippine Airlines,MNL-LAO,2023.0,11,2926.576,37.5,10000.0,3617.2,10000.0,8091,56
Cebu Pacific,MNL-MNL,2023.0,11,156.984,42.49,5138.88,3617.2,3617.2,8091,8091
Philippine Airlines,MNL-MNL,2023.0,11,219.776,37.5,5138.88,3617.2,3617.2,8091,8091
AirAsia,MNL-MPH,2023.0,11,13124.16,16.31,3188.1,3617.2,3258.85,8091,853
Cebgo,MNL-MPH,2023.0,11,1823.04,3.69,3188.1,3617.2,3258.85,8091,853
Cebu Pacific,MNL-MPH,2023.0,11,17739.192000000003,42.49,3188.1,3617.2,3258.85,8091,853
Philippine Airlines,MNL-MPH,2023.0,11,11507.536,37.5,3188.1,3617.2,3258.85,8091,853
Cebu Pacific,MNL-OZC,2023.0,11,6750.312000000001,42.49,10000.0,3617.2,5735.87,8091,130
Cebu Pacific,MNL-PAG,2023.0,11,4709.52,42.49,10000.0,3617.2,7903.69,8091,116
AirAsia,MNL-PPS,2023.0,11,4687.200000000001,16.31,3670.62,3617.2,3672.48,8091,505
Cebu Pacific,MNL-PPS,2023.0,11,10533.12,42.49,3670.62,3617.2,3672.48,8091,505
Philippine Airlines,MNL-PPS,2023.0,11,7323.712,37.5,3670.62,3617.2,3672.48,8091,505
Cebu Pacific,MNL-RXS,2023.0,11,3610.632,42.49,10000.0,3617.2,5036.71,8091,114
AirAsia,MNL-TAC,2023.0,11,8593.2,16.31,3432.8,3617.2,3208.69,8091,640
Cebu Pacific,MNL-TAC,2023.0,11,9419.04,42.49,3432.8,3617.2,3208.69,8091,640
Philippine Airlines,MNL-TAC,2023.0,11,12687.216,37.5,3432.8,3617.2,3208.69,8091,640
AirAsia,MNL-TAG,2023.0,11,9061.92,16.31,3570.31,3617.2,3338.23,8091,388
Cebu Pacific,MNL-TAG,2023.0,11,4709.52,42.49,3570.31,3617.2,3338.23,8091,388
Philippine Airlines,MNL-TAG,2023.0,11,8902.544,37.5,3570.31,3617.2,3338.23,8091,388
Cebu Pacific,MNL-TUG,2023.0,11,4395.552000000001,42.49,10000.0,3617.2,7395.23,8091,167
Cebgo,MNL-USU,2023.0,11,1762.272,3.69,10000.0,3617.2,5259.76,8091,295
Cebgo,MNL-WNP,2023.0,11,3159.936,3.69,10000.0,3617.2,10000.0,8091,103
Cebu Pacific,MPH-CEB,2023.0,11,2040.7920000000001,42.49,5092.31,3258.85,3291.14,853,2412
Philippine Airlines,MPH-CEB,2023.0,11,2682.56,37.5,5092.31,3258.85,3291.14,853,2412
Cebu Pacific,MPH-CRK,2023.0,11,627.936,42.49,10000.0,3258.85,3439.71,853,73
AirAsia,MPH-MNL,2023.0,11,17811.36,16.31,3300.72,3258.85,3617.2,853,8091
Cebgo,MPH-MNL,2023.0,11,1823.04,3.69,3300.72,3258.85,3617.2,853,8091
Cebu Pacific,MPH-MNL,2023.0,11,22448.712,42.49,3300.72,3258.85,3617.2,853,8091
Philippine Airlines,MPH-MNL,2023.0,11,12265.44,37.5,3300.72,3258.85,3617.2,853,8091
Cebgo,OZC-CEB,2023.0,11,911.52,3.69,10000.0,5735.87,3291.14,130,2412
Cebu Pacific,OZC-MNL,2023.0,11,6750.312000000001,42.49,5231.82,5735.87,3617.2,130,8091
Philippine Airlines,OZC-MNL,2023.0,11,4358.352000000001,37.5,5231.82,5735.87,3617.2,130,8091
Cebgo,PAG-CEB,2023.0,11,1276.128,3.69,10000.0,7903.69,3291.14,116,2412
Cebu Pacific,PAG-MNL,2023.0,11,8791.104000000001,42.49,10000.0,7903.69,3617.2,116,8091
Cebu Pacific,PPS-CEB,2023.0,11,2040.7920000000001,42.49,5098.5,3672.48,3291.14,505,2412
Philippine Airlines,PPS-CEB,2023.0,11,1538.432,37.5,5098.5,3672.48,3291.14,505,2412
Cebgo,PPS-CRK,2023.0,11,121.536,3.69,10000.0,3672.48,3439.71,505,73
AirAsia,PPS-MNL,2023.0,11,8124.4800000000005,16.31,3618.62,3672.48,3617.2,505,8091
Cebu Pacific,PPS-MNL,2023.0,11,15308.472,42.49,3618.62,3672.48,3617.2,505,8091
Philippine Airlines,PPS-MNL,2023.0,11,17443.104,37.5,3618.62,3672.48,3617.2,505,8091
AirAsia,RXS-MNL,2023.0,11,2031.1200000000001,16.31,4326.22,5036.71,3617.2,114,8091
Cebu Pacific,RXS-MNL,2023.0,11,8163.168000000001,42.49,4326.22,5036.71,3617.2,114,8091
Philippine Airlines,RXS-MNL,2023.0,11,3907.4880000000003,37.5,4326.22,5036.71,3617.2,114,8091
Cebgo,SUG-CEB,2023.0,11,729.216,3.69,10000.0,10000.0,3291.14,12,2412
Cebgo,TAC-CEB,2023.0,11,850.752,3.69,5414.23,3208.69,3291.14,640,2412
Philippine Airlines,TAC-CEB,2023.0,11,1538.432,37.5,5414.23,3208.69,3291.14,640,2412
AirAsia,TAC-MNL,2023.0,11,17453.52,16.31,3588.81,3208.69,3617.2,640,8091
Cebu Pacific,TAC-MNL,2023.0,11,24489.504,42.49,3588.81,3208.69,3617.2,640,8091
Philippine Airlines,TAC-MNL,2023.0,11,12279.984,37.5,3588.81,3208.69,3617.2,640,8091
Philippine Airlines,TAG-DVO,2023.0,11,769.216,37.5,10000.0,3338.23,4806.14,388,1153
AirAsia,TAG-MNL,2023.0,11,9374.400000000001,16.31,3600.12,3338.23,3617.2,388,8091
Cebu Pacific,TAG-MNL,2023.0,11,15539.728000000001,42.49,3600.12,3338.23,3617.2,388,8091
Philippine Airlines,TAG-MNL,2023.0,11,8451.68,37.5,3600.12,3338.23,3617.2,388,8091
Cebu Pacific,TUG-MNL,2023.0,11,17383.024,42.49,6976.53,7395.23,3617.2,167,8091
Philippine Airlines,TUG-MNL,2023.0,11,3962.4320000000002,37.5,6976.53,7395.23,3617.2,167,8091
Cebgo,USU-CEB,2023.0,11,1762.272,3.69,5005.58,5259.76,3291.14,295,2412
Philippine Airlines,USU-CEB,2023.0,11,1648.3200000000002,37.5,5005.58,5259.76,3291.14,295,2412
Philippine Airlines,USU-CRK,2023.0,11,934.048,37.5,10000.0,5259.76,3439.71,295,73
Cebgo,USU-MNL,2023.0,11,5165.28,3.69,6396.53,5259.76,3617.2,295,8091
Philippine Airlines,USU-MNL,2023.0,11,1593.376,37.5,6396.53,5259.76,3617.2,295,8091
Cebgo,WNP-MNL,2023.0,11,3099.168,3.69,10000.0,10000.0,3617.2,103,8091
Philippine Airlines,ZAM-CEB,2023.0,11,1648.3200000000002,37.5,10000.0,5529.23,3291.14,205,2412
Cebu Pacific,ZAM-DVO,2023.0,11,941.904,42.49,10000.0,5529.23,4806.14,205,1153
Cebu Pacific,ZAM-MNL,2023.0,11,18238.84,42.49,6094.3,5529.23,3617.2,205,8091
Philippine Airlines,ZAM-MNL,2023.0,11,6612.6720000000005,37.5,6094.3,5529.23,3617.2,205,8091
Philippine Airlines,ZAM-TWT,2023.0,11,1502.88,37.5,10000.0,5529.23,10000.0,205,18
Philippine Airlines,BCD-CEB,2023.0,12,934.048,36.81,10000.0,3671.53,3216.94,634,2698
Cebu Pacific,BCD-DVO,2023.0,12,3486.384,44.06,10000.0,3671.53,4866.63,634,1241
AirAsia,BCD-MNL,2023.0,12,13592.880000000001,15.37,3564.13,3671.53,3671.4,634,8836
Cebu Pacific,BCD-MNL,2023.0,12,26214.336000000003,44.06,3564.13,3671.53,3671.4,634,8836
Philippine Airlines,BCD-MNL,2023.0,12,19097.888000000003,36.81,3564.13,3671.53,3671.4,634,8836
Philippine Airlines,BPA-CEB,2023.0,12,494.49600000000004,36.81,10000.0,10000.0,3216.94,18,2698
Philippine Airlines,BXU-CEB,2023.0,12,1483.488,36.81,10000.0,5096.74,3216.94,369,2698
Cebu Pacific,BXU-MNL,2023.0,12,14737.896,44.06,5236.98,5096.74,3671.4,369,8836
Philippine Airlines,BXU-MNL,2023.0,12,9468.144,36.81,5236.98,5096.74,3671.4,369,8836
Philippine Airlines,CBO-MNL,2023.0,12,4658.928,36.81,10000.0,10000.0,3671.4,70,8836
Philippine Airlines,CBO-TWT,2023.0,12,439.552,36.81,10000.0,10000.0,5336.02,70,31
Philippine Airlines,CEB-BCD,2023.0,12,988.9920000000001,36.81,10000.0,3216.94,3671.53,2698,634
Philippine Airlines,CEB-BPA,2023.0,12,494.49600000000004,36.81,10000.0,3216.94,10000.0,2698,18
Philippine Airlines,CEB-BXU,2023.0,12,1648.3200000000002,36.81,10000.0,3216.94,5096.74,2698,369
Philippine Airlines,CEB-CEB,2023.0,12,109.888,36.81,10000.0,3216.94,3216.94,2698,2698
Cebgo,CEB-CGY,2023.0,12,4478.112,3.76,5583.39,3216.94,3528.23,2698,803
Philippine Airlines,CEB-CGY,2023.0,12,2197.76,36.81,5583.39,3216.94,3528.23,2698,803
Cebgo,CEB-CRK,2023.0,12,306.72,3.76,10000.0,3216.94,4716.56,2698,73
Cebgo,CEB-CYP,2023.0,12,858.816,3.76,10000.0,3216.94,5082.67,2698,54
Cebgo,CEB-DPL,2023.0,12,61.344,3.76,10000.0,3216.94,5289.75,2698,72
Cebu Pacific,CEB-DVO,2023.0,12,5229.576,44.06,5002.52,3216.94,4866.63,2698,1241
Philippine Airlines,CEB-DVO,2023.0,12,4999.904,36.81,5002.52,3216.94,4866.63,2698,1241
Philippine Airlines,CEB-GES,2023.0,12,988.9920000000001,36.81,10000.0,3216.94,4989.61,2698,258
Cebgo,CEB-IAO,2023.0,12,3496.608,3.76,5033.57,3216.94,5556.76,2698,372
Philippine Airlines,CEB-IAO,2023.0,12,2966.976,36.81,5033.57,3216.94,5556.76,2698,372
Cebgo,CEB-ILO,2023.0,12,2699.136,3.76,10000.0,3216.94,3073.95,2698,838
AirAsia,CEB-MNL,2023.0,12,17186.4,15.37,3875.65,3216.94,3671.4,2698,8836
Cebgo,CEB-MNL,2023.0,12,184.032,3.76,3875.65,3216.94,3671.4,2698,8836
Cebu Pacific,CEB-MNL,2023.0,12,52749.876000000004,44.06,3875.65,3216.94,3671.4,2698,8836
Philippine Airlines,CEB-MNL,2023.0,12,36970.848,36.81,3875.65,3216.94,3671.4,2698,8836
Cebu Pacific,CEB-MPH,2023.0,12,3644.856,44.06,5041.22,3216.94,3315.18,2698,917
Philippine Airlines,CEB-MPH,2023.0,12,3038.0800000000004,36.81,5041.22,3216.94,3315.18,2698,917
Cebgo,CEB-PAG,2023.0,12,736.128,3.76,10000.0,3216.94,7222.88,2698,138
Cebu Pacific,CEB-PPS,2023.0,12,2377.08,44.06,5131.34,3216.94,3658.61,2698,554
Philippine Airlines,CEB-PPS,2023.0,12,3296.6400000000003,36.81,5131.34,3216.94,3658.61,2698,554
Cebgo,CEB-TAC,2023.0,12,1717.632,3.76,5007.04,3216.94,3213.05,2698,710
Philippine Airlines,CEB-TAC,2023.0,12,1593.376,36.81,5007.04,3216.94,3213.05,2698,710
AirAsia,CEB-TAG,2023.0,12,156.24,15.37,10000.0,3216.94,3349.71,2698,419
Cebgo,CEB-USU,2023.0,12,1840.32,3.76,5007.48,3216.94,5344.58,2698,304
Philippine Airlines,CEB-USU,2023.0,12,1703.2640000000001,36.81,5007.48,3216.94,5344.58,2698,304
Cebgo,CGY-CEB,2023.0,12,4416.768,3.76,5683.04,3528.23,3216.94,803,2698
Philippine Airlines,CGY-CEB,2023.0,12,2032.928,36.81,5683.04,3528.23,3216.94,803,2698
Cebgo,CGY-DVO,2023.0,12,858.816,3.76,10000.0,3528.23,4866.63,803,1241
AirAsia,CGY-MNL,2023.0,12,4687.200000000001,15.37,4154.75,3528.23,3671.4,803,8836
Cebu Pacific,CGY-MNL,2023.0,12,22003.752,44.06,4154.75,3528.23,3671.4,803,8836
Philippine Airlines,CGY-MNL,2023.0,12,18335.136000000002,36.81,4154.75,3528.23,3671.4,803,8836
Cebgo,CRK-CEB,2023.0,12,306.72,3.76,7423.19,4716.56,3216.94,73,2698
Philippine Airlines,CRK-CEB,2023.0,12,54.944,36.81,7423.19,4716.56,3216.94,73,2698
Cebu Pacific,CRK-MPH,2023.0,12,2218.608,44.06,10000.0,4716.56,3315.18,73,917
Cebgo,CRK-PPS,2023.0,12,184.032,3.76,10000.0,4716.56,3658.61,73,554
Philippine Airlines,CRK-USU,2023.0,12,824.1600000000001,36.81,10000.0,4716.56,5344.58,73,304
Cebgo,CYP-CEB,2023.0,12,920.16,3.76,10000.0,5082.67,3216.94,54,2698
Philippine Airlines,CYP-MNL,2023.0,12,659.328,36.81,10000.0,5082.67,3671.4,54,8836
Cebu Pacific,CYZ-MNL,2023.0,12,4912.6320000000005,44.06,10000.0,10000.0,3671.4,62,8836
Cebu Pacific,DGT-MNL,2023.0,12,7606.656000000001,44.06,5043.3,5004.68,3671.4,249,8836
Philippine Airlines,DGT-MNL,2023.0,12,9167.568000000001,36.81,5043.3,5004.68,3671.4,249,8836
Cebu Pacific,DPL-MNL,2023.0,12,2060.136,44.06,5339.16,5289.75,3671.4,72,8836
Philippine Airlines,DPL-MNL,2023.0,12,1208.768,36.81,5339.16,5289.75,3671.4,72,8836
Cebu Pacific,DRP-MNL,2023.0,12,7168.728,44.06,5274.18,5264.98,3671.4,285,8836
Philippine Airlines,DRP-MNL,2023.0,12,11552.784000000001,36.81,5274.18,5264.98,3671.4,285,8836
Cebu Pacific,DVO-BCD,2023.0,12,3486.384,44.06,10000.0,4866.63,3671.53,1241,634
Cebu Pacific,DVO-CEB,2023.0,12,5071.104,44.06,5004.36,4866.63,3216.94,1241,2698
Philippine Airlines,DVO-CEB,2023.0,12,4780.128000000001,36.81,5004.36,4866.63,3216.94,1241,2698
Cebgo,DVO-CGY,2023.0,12,858.816,3.76,10000.0,4866.63,3528.23,1241,803
Cebgo,DVO-IAO,2023.0,12,552.096,3.76,10000.0,4866.63,5556.76,1241,372
Cebu Pacific,DVO-MNL,2023.0,12,44240.952000000005,44.06,5027.37,4866.63,3671.4,1241,8836
Philippine Airlines,DVO-MNL,2023.0,12,38145.68,36.81,5027.37,4866.63,3671.4,1241,8836
Philippine Airlines,DVO-TAG,2023.0,12,1208.768,36.81,10000.0,4866.63,3349.71,1241,419
Philippine Airlines,EUQ-MNL,2023.0,12,769.216,36.81,10000.0,10000.0,3671.4,27,8836
Cebgo,GES-CEB,2023.0,12,61.344,3.76,8780.53,4989.61,3216.94,258,2698
Philippine Airlines,GES-CEB,2023.0,12,879.104,36.81,8780.53,4989.61,3216.94,258,2698
Cebu Pacific,GES-MNL,2023.0,12,14328.084,44.06,5005.52,4989.61,3671.4,258,8836
Philippine Airlines,GES-MNL,2023.0,12,13406.336,36.81,5005.52,4989.61,3671.4,258,8836
Cebgo,IAO-CEB,2023.0,12,2453.76,3.76,5053.83,5556.76,3216.94,372,2698
Philippine Airlines,IAO-CEB,2023.0,12,3021.92,36.81,5053.83,5556.76,3216.94,372,2698
Cebgo,IAO-DVO,2023.0,12,552.096,3.76,10000.0,5556.76,4866.63,372,1241
Philippine Airlines,IAO-MNL,2023.0,12,3076.864,36.81,10000.0,5556.76,3671.4,372,8836
Cebgo,ILO-CEB,2023.0,12,2637.792,3.76,10000.0,3073.95,3216.94,838,2698
AirAsia,ILO-MNL,2023.0,12,22916.88,15.37,3354.56,3073.95,3671.4,838,8836
Cebu Pacific,ILO-MNL,2023.0,12,19955.544,44.06,3354.56,3073.95,3671.4,838,8836
Philippine Airlines,ILO-MNL,2023.0,12,19062.336000000003,36.81,3354.56,3073.95,3671.4,838,8836
AirAsia,KLO-MNL,2023.0,12,12967.92,15.37,10000.0,10000.0,3671.4,165,8836
Philippine Airlines,LAO-MNL,2023.0,12,6711.2480000000005,36.81,10000.0,10000.0,3671.4,65,8836
Cebgo,MBT-MNL,2023.0,12,61.344,3.76,10000.0,10000.0,3671.4,1,8836
AirAsia,MNL-BCD,2023.0,12,8905.68,15.37,3539.99,3671.4,3671.53,8836,634
Cebu Pacific,MNL-BCD,2023.0,12,14906.592,44.06,3539.99,3671.4,3671.53,8836,634
Philippine Airlines,MNL-BCD,2023.0,12,9274.224,36.81,3539.99,3671.4,3671.53,8836,634
Philippine Airlines,MNL-BSO,2023.0,12,1593.376,36.81,10000.0,3671.4,10000.0,8836,29
Cebu Pacific,MNL-BXU,2023.0,12,14262.480000000001,44.06,5219.86,3671.4,5096.74,8836,369
Philippine Airlines,MNL-BXU,2023.0,12,9317.856,36.81,5219.86,3671.4,5096.74,8836,369
Philippine Airlines,MNL-CBO,2023.0,12,4658.928,36.81,10000.0,3671.4,10000.0,8836,70
AirAsia,MNL-CEB,2023.0,12,20154.960000000003,15.37,3530.81,3671.4,3216.94,8836,2698
Cebgo,MNL-CEB,2023.0,12,736.128,3.76,3530.81,3671.4,3216.94,8836,2698
Cebu Pacific,MNL-CEB,2023.0,12,40425.696,44.06,3530.81,3671.4,3216.94,8836,2698
Philippine Airlines,MNL-CEB,2023.0,12,37594.624,36.81,3530.81,3671.4,3216.94,8836,2698
AirAsia,MNL-CGY,2023.0,12,4687.200000000001,15.37,4509.27,3671.4,3528.23,8836,803
Cebu Pacific,MNL-CGY,2023.0,12,26674.416,44.06,4509.27,3671.4,3528.23,8836,803
Philippine Airlines,MNL-CGY,2023.0,12,14127.072,36.81,4509.27,3671.4,3528.23,8836,803
Philippine Airlines,MNL-CRM,2023.0,12,988.9920000000001,36.81,10000.0,3671.4,10000.0,8836,18
Philippine Airlines,MNL-CYP,2023.0,12,714.272,36.81,10000.0,3671.4,5082.67,8836,54
Cebu Pacific,MNL-CYZ,2023.0,12,4912.6320000000005,44.06,10000.0,3671.4,10000.0,8836,62
Cebu Pacific,MNL-DGT,2023.0,12,11885.400000000001,44.06,5083.33,3671.4,5004.68,8836,249
Philippine Airlines,MNL-DGT,2023.0,12,9167.568000000001,36.81,5083.33,3671.4,5004.68,8836,249
Cebu Pacific,MNL-DPL,2023.0,12,2218.608,44.06,5434.06,3671.4,5289.75,8836,72
Philippine Airlines,MNL-DPL,2023.0,12,1208.768,36.81,5434.06,3671.4,5289.75,8836,72
Cebgo,MNL-DRP,2023.0,12,61.344,3.76,5255.66,3671.4,5264.98,8836,285
Cebu Pacific,MNL-DRP,2023.0,12,6851.784000000001,44.06,5255.66,3671.4,5264.98,8836,285
Philippine Airlines,MNL-DRP,2023.0,12,11211.808,36.81,5255.66,3671.4,5264.98,8836,285
Cebu Pacific,MNL-DVO,2023.0,12,36381.252,44.06,5002.69,3671.4,4866.63,8836,1241
Philippine Airlines,MNL-DVO,2023.0,12,38110.128000000004,36.81,5002.69,3671.4,4866.63,8836,1241
Philippine Airlines,MNL-EUQ,2023.0,12,659.328,36.81,10000.0,3671.4,10000.0,8836,27
Cebu Pacific,MNL-GES,2023.0,12,14328.084,44.06,5002.03,3671.4,4989.61,8836,258
Philippine Airlines,MNL-GES,2023.0,12,13761.856,36.81,5002.03,3671.4,4989.61,8836,258
Philippine Airlines,MNL-IAO,2023.0,12,5054.848,36.81,10000.0,3671.4,5556.76,8836,372
AirAsia,MNL-ILO,2023.0,12,17342.64,15.37,3351.58,3671.4,3073.95,8836,838
Cebu Pacific,MNL-ILO,2023.0,12,20309.976000000002,44.06,3351.58,3671.4,3073.95,8836,838
Philippine Airlines,MNL-ILO,2023.0,12,20450.480000000003,36.81,3351.58,3671.4,3073.95,8836,838
AirAsia,MNL-KLO,2023.0,12,12811.68,15.37,10000.0,3671.4,10000.0,8836,165
Philippine Airlines,MNL-LAO,2023.0,12,3306.3360000000002,36.81,10000.0,3671.4,10000.0,8836,65
Cebu Pacific,MNL-MNL,2023.0,12,195.96,44.06,6579.4,3671.4,3671.4,8836,8836
Philippine Airlines,MNL-MNL,2023.0,12,54.944,36.81,6579.4,3671.4,3671.4,8836,8836
AirAsia,MNL-MPH,2023.0,12,13749.12,15.37,3148.02,3671.4,3315.18,8836,917
Cebgo,MNL-MPH,2023.0,12,1840.32,3.76,3148.02,3671.4,3315.18,8836,917
Cebu Pacific,MNL-MPH,2023.0,12,17114.976000000002,44.06,3148.02,3671.4,3315.18,8836,917
Philippine Airlines,MNL-MPH,2023.0,12,12053.744,36.81,3148.02,3671.4,3315.18,8836,917
Cebu Pacific,MNL-OZC,2023.0,12,7606.656000000001,44.06,10000.0,3671.4,5951.62,8836,139
Cebu Pacific,MNL-PAG,2023.0,12,5388.048000000001,44.06,10000.0,3671.4,7222.88,8836,138
AirAsia,MNL-PPS,2023.0,12,4687.200000000001,15.37,3679.11,3671.4,3658.61,8836,554
Cebu Pacific,MNL-PPS,2023.0,12,11070.888,44.06,3679.11,3671.4,3658.61,8836,554
Philippine Airlines,MNL-PPS,2023.0,12,9167.568000000001,36.81,3679.11,3671.4,3658.61,8836,554
Cebu Pacific,MNL-RXS,2023.0,12,4912.6320000000005,44.06,10000.0,3671.4,5337.71,8836,136
AirAsia,MNL-TAC,2023.0,12,9686.880000000001,15.37,3429.86,3671.4,3213.05,8836,710
Cebu Pacific,MNL-TAC,2023.0,12,9983.736,44.06,3429.86,3671.4,3213.05,8836,710
Philippine Airlines,MNL-TAC,2023.0,12,13862.048,36.81,3429.86,3671.4,3213.05,8836,710
AirAsia,MNL-TAG,2023.0,12,8905.68,15.37,3557.87,3671.4,3349.71,8836,419
Cebu Pacific,MNL-TAG,2023.0,12,5108.592000000001,44.06,3557.87,3671.4,3349.71,8836,419
Philippine Airlines,MNL-TAG,2023.0,12,9919.008000000002,36.81,3557.87,3671.4,3349.71,8836,419
Cebu Pacific,MNL-TUG,2023.0,12,4754.16,44.06,10000.0,3671.4,7259.6,8836,181
Cebgo,MNL-USU,2023.0,12,1901.664,3.76,10000.0,3671.4,5344.58,8836,304
Cebgo,MNL-WNP,2023.0,12,3741.984,3.76,10000.0,3671.4,10000.0,8836,123
Cebu Pacific,MPH-CEB,2023.0,12,3644.856,44.06,5049.84,3315.18,3216.94,917,2698
Philippine Airlines,MPH-CEB,2023.0,12,2983.1360000000004,36.81,5049.84,3315.18,3216.94,917,2698
Cebu Pacific,MPH-CRK,2023.0,12,2218.608,44.06,10000.0,3315.18,4716.56,917,73
AirAsia,MPH-MNL,2023.0,12,17811.36,15.37,3237.1,3315.18,3671.4,917,8836
Cebgo,MPH-MNL,2023.0,12,1840.32,3.76,3237.1,3315.18,3671.4,917,8836
Cebu Pacific,MPH-MNL,2023.0,12,22186.08,44.06,3237.1,3315.18,3671.4,917,8836
Philippine Airlines,MPH-MNL,2023.0,12,13947.696000000002,36.81,3237.1,3315.18,3671.4,917,8836
Cebgo,OZC-CEB,2023.0,12,736.128,3.76,10000.0,5951.62,3216.94,139,2698
Cebu Pacific,OZC-MNL,2023.0,12,7448.184,44.06,5265.38,5951.62,3671.4,139,8836
Philippine Airlines,OZC-MNL,2023.0,12,4658.928,36.81,5265.38,5951.62,3671.4,139,8836
Cebgo,PAG-CEB,2023.0,12,2147.04,3.76,10000.0,7222.88,3216.94,138,2698
Cebu Pacific,PAG-MNL,2023.0,12,9032.904,44.06,10000.0,7222.88,3671.4,138,8836
Cebu Pacific,PPS-CEB,2023.0,12,2377.08,44.06,5194.8,3658.61,3216.94,554,2698
Philippine Airlines,PPS-CEB,2023.0,12,1593.376,36.81,5194.8,3658.61,3216.94,554,2698
Cebgo,PPS-CRK,2023.0,12,184.032,3.76,10000.0,3658.61,4716.56,554,73
AirAsia,PPS-MNL,2023.0,12,9530.640000000001,15.37,3573.43,3658.61,3671.4,554,8836
Cebu Pacific,PPS-MNL,2023.0,12,16303.872000000001,44.06,3573.43,3658.61,3671.4,554,8836
Philippine Airlines,PPS-MNL,2023.0,12,19109.2,36.81,3573.43,3658.61,3671.4,554,8836
AirAsia,RXS-MNL,2023.0,12,2031.1200000000001,15.37,4517.65,5337.71,3671.4,136,8836
Cebu Pacific,RXS-MNL,2023.0,12,9825.264000000001,44.06,4517.65,5337.71,3671.4,136,8836
Philippine Airlines,RXS-MNL,2023.0,12,4508.64,36.81,4517.65,5337.71,3671.4,136,8836
Cebgo,SUG-CEB,2023.0,12,552.096,3.76,10000.0,10000.0,3216.94,9,2698
Cebgo,TAC-CEB,2023.0,12,981.504,3.76,5282.34,3213.05,3216.94,710,2698
Philippine Airlines,TAC-CEB,2023.0,12,1593.376,36.81,5282.34,3213.05,3216.94,710,2698
AirAsia,TAC-MNL,2023.0,12,18592.56,15.37,3599.29,3213.05,3671.4,710,8836
Cebu Pacific,TAC-MNL,2023.0,12,28049.544,44.06,3599.29,3213.05,3671.4,710,8836
Philippine Airlines,TAC-MNL,2023.0,12,14312.912,36.81,3599.29,3213.05,3671.4,710,8836
Philippine Airlines,TAG-DVO,2023.0,12,1208.768,36.81,10000.0,3349.71,4866.63,419,1241
AirAsia,TAG-MNL,2023.0,12,9686.880000000001,15.37,3600.79,3349.71,3671.4,419,8836
Cebu Pacific,TAG-MNL,2023.0,12,16770.768,44.06,3600.79,3349.71,3671.4,419,8836
Philippine Airlines,TAG-MNL,2023.0,12,9468.144,36.81,3600.79,3349.71,3671.4,419,8836
Cebu Pacific,TUG-MNL,2023.0,12,19016.64,44.06,6838.82,7259.6,3671.4,181,8836
Philippine Airlines,TUG-MNL,2023.0,12,4658.928,36.81,6838.82,7259.6,3671.4,181,8836
Cebgo,USU-CEB,2023.0,12,2208.384,3.76,5083.38,5344.58,3216.94,304,2698
Philippine Airlines,USU-CEB,2023.0,12,1703.2640000000001,36.81,5083.38,5344.58,3216.94,304,2698
Philippine Airlines,USU-CRK,2023.0,12,714.272,36.81,10000.0,5344.58,4716.56,304,73
Cebgo,USU-MNL,2023.0,12,5336.928,3.76,6394.22,5344.58,3671.4,304,8836
Philippine Airlines,USU-MNL,2023.0,12,1648.3200000000002,36.81,6394.22,5344.58,3671.4,304,8836
Cebgo,WNP-MNL,2023.0,12,3803.328,3.76,10000.0,10000.0,3671.4,123,8836
Philippine Airlines,ZAM-CEB,2023.0,12,1703.2640000000001,36.81,10000.0,5665.36,3216.94,228,2698
Cebu Pacific,ZAM-MNL,2023.0,12,19529.544,44.06,5986.93,5665.36,3671.4,228,8836
Philippine Airlines,ZAM-MNL,2023.0,12,7514.400000000001,36.81,5986.93,5665.36,3671.4,228,8836
Cebu Pacific,ZAM-TWT,2023.0,12,2535.552,44.06,5855.0,5665.36,5336.02,228,31
Philippine Airlines,ZAM-TWT,2023.0,12,1052.016,36.81,5855.0,5665.36,5336.02,228,31
Philippine Airlines,BCD-CEB,2024.0,1,430.304,37.16,10000.0,3770.65,3296.21,632,2622
Cebu Pacific,BCD-DVO,2024.0,1,3700.47,44.05,10000.0,3770.65,4809.51,632,1249
AirAsia,BCD-MNL,2024.0,1,14078.34,15.01,3632.7,3770.65,3690.73,632,8669
Cebu Pacific,BCD-MNL,2024.0,1,28937.71,44.05,3632.7,3770.65,3690.73,632,8669
Philippine Airlines,BCD-MNL,2024.0,1,18923.884000000002,37.16,3632.7,3770.65,3690.73,632,8669
Philippine Airlines,BPA-CEB,2024.0,1,484.092,37.16,10000.0,10000.0,3296.21,16,2622
Philippine Airlines,BXU-CEB,2024.0,1,1559.8519999999999,37.16,10000.0,5103.29,3296.21,361,2622
Cebu Pacific,BXU-MNL,2024.0,1,14839.939999999999,44.05,5342.9,5103.29,3690.73,361,8669
Philippine Airlines,BXU-MNL,2024.0,1,8680.434000000001,37.16,5342.9,5103.29,3690.73,361,8669
Philippine Airlines,CBO-MNL,2024.0,1,3531.0240000000003,37.16,10000.0,10000.0,3690.73,57,8669
Philippine Airlines,CBO-TWT,2024.0,1,430.304,37.16,10000.0,10000.0,5031.47,57,36
Philippine Airlines,CEB-BCD,2024.0,1,484.092,37.16,10000.0,3296.21,3770.65,2622,632
Philippine Airlines,CEB-BPA,2024.0,1,376.51599999999996,37.16,10000.0,3296.21,10000.0,2622,16
Philippine Airlines,CEB-BXU,2024.0,1,1559.8519999999999,37.16,10000.0,3296.21,5103.29,2622,361
Cebgo,CEB-CEB,2024.0,1,62.28,3.77,10000.0,3296.21,3296.21,2622,2622
Cebgo,CEB-CGY,2024.0,1,4297.32,3.77,6030.66,3296.21,3384.37,2622,748
Philippine Airlines,CEB-CGY,2024.0,1,1613.6399999999999,37.16,6030.66,3296.21,3384.37,2622,748
Cebgo,CEB-CRK,2024.0,1,560.52,3.77,10000.0,3296.21,3586.24,2622,59
Cebgo,CEB-CYP,2024.0,1,1058.76,3.77,10000.0,3296.21,5249.13,2622,59
Cebu Pacific,CEB-DGT,2024.0,1,160.89,44.05,10000.0,3296.21,5002.82,2622,235
Cebu Pacific,CEB-DVO,2024.0,1,4504.92,44.05,5016.62,3296.21,4809.51,2622,1249
Philippine Airlines,CEB-DVO,2024.0,1,5056.072,37.16,5016.62,3296.21,4809.51,2622,1249
Philippine Airlines,CEB-GES,2024.0,1,1506.0639999999999,37.16,10000.0,3296.21,5000.35,2622,278
Cebgo,CEB-IAO,2024.0,1,2553.48,3.77,5098.77,3296.21,5790.39,2622,376
Philippine Airlines,CEB-IAO,2024.0,1,3388.644,37.16,5098.77,3296.21,5790.39,2622,376
Cebgo,CEB-ILO,2024.0,1,2864.88,3.77,10000.0,3296.21,3060.37,2622,830
AirAsia,CEB-MNL,2024.0,1,14240.16,15.01,3996.46,3296.21,3690.73,2622,8669
Cebu Pacific,CEB-MNL,2024.0,1,51990.825,44.05,3996.46,3296.21,3690.73,2622,8669
Philippine Airlines,CEB-MNL,2024.0,1,39220.944,37.16,3996.46,3296.21,3690.73,2622,8669
Cebu Pacific,CEB-MPH,2024.0,1,4987.589999999999,44.05,5407.05,3296.21,3293.0,2622,885
Philippine Airlines,CEB-MPH,2024.0,1,2773.246,37.16,5407.05,3296.21,3293.0,2622,885
Cebgo,CEB-PAG,2024.0,1,747.36,3.77,10000.0,3296.21,7504.49,2622,143
Cebu Pacific,CEB-PPS,2024.0,1,643.56,44.05,7288.09,3296.21,3645.82,2622,507
Philippine Airlines,CEB-PPS,2024.0,1,3334.8559999999998,37.16,7288.09,3296.21,3645.82,2622,507
Cebgo,CEB-TAC,2024.0,1,1494.72,3.77,5001.04,3296.21,3247.16,2622,669
Philippine Airlines,CEB-TAC,2024.0,1,1452.2759999999998,37.16,5001.04,3296.21,3247.16,2622,669
Cebgo,CEB-USU,2024.0,1,1806.1200000000001,3.77,5002.9,3296.21,5407.45,2622,309
Philippine Airlines,CEB-USU,2024.0,1,1721.216,37.16,5002.9,3296.21,5407.45,2622,309
Cebgo,CGY-CEB,2024.0,1,4235.04,3.77,6065.58,3384.37,3296.21,748,2622
Philippine Airlines,CGY-CEB,2024.0,1,1559.8519999999999,37.16,6065.58,3384.37,3296.21,748,2622
Cebgo,CGY-DVO,2024.0,1,1058.76,3.77,10000.0,3384.37,4809.51,748,1249
AirAsia,CGY-MNL,2024.0,1,5016.42,15.01,4029.17,3384.37,3690.73,748,8669
Cebu Pacific,CGY-MNL,2024.0,1,19054.219999999998,44.05,4029.17,3384.37,3690.73,748,8669
Philippine Airlines,CGY-MNL,2024.0,1,18390.75,37.16,4029.17,3384.37,3690.73,748,8669
Cebgo,CRK-CEB,2024.0,1,498.24,3.77,10000.0,3586.24,3296.21,59,2622
Cebu Pacific,CRK-MPH,2024.0,1,482.66999999999996,44.05,10000.0,3586.24,3293.0,59,885
Philippine Airlines,CRK-USU,2024.0,1,968.184,37.16,10000.0,3586.24,5407.45,59,309
Cebgo,CYP-CEB,2024.0,1,1058.76,3.77,10000.0,5249.13,3296.21,59,2622
Philippine Airlines,CYP-MNL,2024.0,1,645.4559999999999,37.16,10000.0,5249.13,3690.73,59,8669
Cebu Pacific,CYZ-MNL,2024.0,1,4826.7,44.05,10000.0,10000.0,3690.73,61,8669
Cebu Pacific,DGT-MNL,2024.0,1,6596.49,44.05,5116.63,5002.82,3690.73,235,8669
Philippine Airlines,DGT-MNL,2024.0,1,8974.686,37.16,5116.63,5002.82,3690.73,235,8669
Cebu Pacific,DPL-MNL,2024.0,1,4826.7,44.05,5009.98,5014.01,3690.73,121,8669
Philippine Airlines,DPL-MNL,2024.0,1,4413.78,37.16,5009.98,5014.01,3690.73,121,8669
Cebu Pacific,DRP-MNL,2024.0,1,6435.599999999999,44.05,5319.42,5330.21,3690.73,268,8669
Philippine Airlines,DRP-MNL,2024.0,1,10789.24,37.16,5319.42,5330.21,3690.73,268,8669
Cebu Pacific,DVO-BCD,2024.0,1,3700.47,44.05,10000.0,4809.51,3770.65,1249,632
Cebu Pacific,DVO-CEB,2024.0,1,4504.92,44.05,5011.01,4809.51,3296.21,1249,2622
Philippine Airlines,DVO-CEB,2024.0,1,4948.496,37.16,5011.01,4809.51,3296.21,1249,2622
Cebgo,DVO-CGY,2024.0,1,996.48,3.77,10000.0,4809.51,3384.37,1249,748
Cebgo,DVO-DVO,2024.0,1,62.28,3.77,10000.0,4809.51,4809.51,1249,1249
Cebgo,DVO-IAO,2024.0,1,934.2,3.77,10000.0,4809.51,5790.39,1249,376
Cebu Pacific,DVO-MNL,2024.0,1,44412.56,44.05,5030.89,4809.51,3690.73,1249,8669
Philippine Airlines,DVO-MNL,2024.0,1,37939.524000000005,37.16,5030.89,4809.51,3690.73,1249,8669
Philippine Airlines,DVO-TAG,2024.0,1,1183.336,37.16,10000.0,4809.51,3397.68,1249,390
Philippine Airlines,EUQ-MNL,2024.0,1,645.4559999999999,37.16,10000.0,10000.0,3690.73,25,8669
Philippine Airlines,GES-CEB,2024.0,1,1559.8519999999999,37.16,10000.0,5000.35,3296.21,278,2622
Cebu Pacific,GES-MNL,2024.0,1,15166.045,44.05,5024.18,5000.35,3690.73,278,8669
Philippine Airlines,GES-MNL,2024.0,1,13193.880000000001,37.16,5024.18,5000.35,3690.73,278,8669
Cebgo,IAO-CEB,2024.0,1,1992.96,3.77,5224.92,5790.39,3296.21,376,2622
Philippine Airlines,IAO-CEB,2024.0,1,3065.9159999999997,37.16,5224.92,5790.39,3296.21,376,2622
Cebgo,IAO-DVO,2024.0,1,871.9200000000001,3.77,10000.0,5790.39,4809.51,376,1249
Philippine Airlines,IAO-MNL,2024.0,1,3227.2799999999997,37.16,10000.0,5790.39,3690.73,376,8669
Cebgo,ILO-CEB,2024.0,1,2802.6,3.77,10000.0,3060.37,3296.21,830,2622
AirAsia,ILO-MNL,2024.0,1,23356.02,15.01,3363.02,3060.37,3690.73,830,8669
Cebu Pacific,ILO-MNL,2024.0,1,19926.14,44.05,3363.02,3060.37,3690.73,830,8669
Philippine Airlines,ILO-MNL,2024.0,1,18757.774,37.16,3363.02,3060.37,3690.73,830,8669
AirAsia,KLO-MNL,2024.0,1,13916.519999999999,15.01,10000.0,10000.0,3690.73,172,8669
Philippine Airlines,LAO-MNL,2024.0,1,5885.04,37.16,10000.0,10000.0,3690.73,60,8669
AirAsia,MNL-BCD,2024.0,1,9385.56,15.01,3609.98,3690.73,3770.65,8669,632
Cebu Pacific,MNL-BCD,2024.0,1,16632.219999999998,44.05,3609.98,3690.73,3770.65,8669,632
Philippine Airlines,MNL-BCD,2024.0,1,9435.048,37.16,3609.98,3690.73,3770.65,8669,632
Philippine Airlines,MNL-BSO,2024.0,1,1613.6399999999999,37.16,10000.0,3690.73,10000.0,8669,30
Cebu Pacific,MNL-BXU,2024.0,1,12909.259999999998,44.05,5161.63,3690.73,5103.29,8669,361
Philippine Airlines,MNL-BXU,2024.0,1,8974.686,37.16,5161.63,3690.73,5103.29,8669,361
Philippine Airlines,MNL-CBO,2024.0,1,3678.15,37.16,10000.0,3690.73,10000.0,8669,57
AirAsia,MNL-CEB,2024.0,1,18609.3,15.01,3562.37,3690.73,3296.21,8669,2622
Cebgo,MNL-CEB,2024.0,1,809.64,3.77,3562.37,3690.73,3296.21,8669,2622
Cebu Pacific,MNL-CEB,2024.0,1,38108.439999999995,44.05,3562.37,3690.73,3296.21,8669,2622
Philippine Airlines,MNL-CEB,2024.0,1,38895.052,37.16,3562.37,3690.73,3296.21,8669,2622
AirAsia,MNL-CGY,2024.0,1,5016.42,15.01,4333.6,3690.73,3384.37,8669,748
Cebu Pacific,MNL-CGY,2024.0,1,24155.989999999998,44.05,4333.6,3690.73,3384.37,8669,748
Philippine Airlines,MNL-CGY,2024.0,1,13682.718,37.16,4333.6,3690.73,3384.37,8669,748
Philippine Airlines,MNL-CRM,2024.0,1,1021.972,37.16,10000.0,3690.73,10000.0,8669,19
Philippine Airlines,MNL-CYP,2024.0,1,699.2439999999999,37.16,10000.0,3690.73,5249.13,8669,59
Cebu Pacific,MNL-CYZ,2024.0,1,4987.589999999999,44.05,10000.0,3690.73,10000.0,8669,61
Cebu Pacific,MNL-DGT,2024.0,1,10779.63,44.05,5022.79,3690.73,5002.82,8669,235
Philippine Airlines,MNL-DGT,2024.0,1,9416.064,37.16,5022.79,3690.73,5002.82,8669,235
Cebu Pacific,MNL-DPL,2024.0,1,4987.589999999999,44.05,5018.63,3690.73,5014.01,8669,121
Philippine Airlines,MNL-DPL,2024.0,1,4413.78,37.16,5018.63,3690.73,5014.01,8669,121
Cebu Pacific,MNL-DRP,2024.0,1,6113.82,44.05,5341.63,3690.73,5330.21,8669,268
Philippine Airlines,MNL-DRP,2024.0,1,10441.2,37.16,5341.63,3690.73,5330.21,8669,268
Cebu Pacific,MNL-DVO,2024.0,1,37047.085,44.05,5001.02,3690.73,4809.51,8669,1249
Philippine Airlines,MNL-DVO,2024.0,1,38121.454,37.16,5001.02,3690.73,4809.51,8669,1249
Philippine Airlines,MNL-EUQ,2024.0,1,699.2439999999999,37.16,10000.0,3690.73,10000.0,8669,25
Cebu Pacific,MNL-GES,2024.0,1,14785.445,44.05,5016.18,3690.73,5000.35,8669,278
Philippine Airlines,MNL-GES,2024.0,1,13193.880000000001,37.16,5016.18,3690.73,5000.35,8669,278
Philippine Airlines,MNL-IAO,2024.0,1,5056.072,37.16,10000.0,3690.73,5790.39,8669,376
AirAsia,MNL-ILO,2024.0,1,17314.739999999998,15.01,3351.59,3690.73,3060.37,8669,830
Cebu Pacific,MNL-ILO,2024.0,1,20087.03,44.05,3351.59,3690.73,3060.37,8669,830
Philippine Airlines,MNL-ILO,2024.0,1,20553.344,37.16,3351.59,3690.73,3060.37,8669,830
AirAsia,MNL-KLO,2024.0,1,13916.519999999999,15.01,10000.0,3690.73,10000.0,8669,172
Philippine Airlines,MNL-LAO,2024.0,1,2942.52,37.16,10000.0,3690.73,10000.0,8669,60
Cebu Pacific,MNL-MNL,2024.0,1,321.78,44.05,5000.01,3690.73,3690.73,8669,8669
Philippine Airlines,MNL-MNL,2024.0,1,322.72799999999995,37.16,5000.01,3690.73,3690.73,8669,8669
AirAsia,MNL-MPH,2024.0,1,12136.5,15.01,3103.14,3690.73,3293.0,8669,885
Cebgo,MNL-MPH,2024.0,1,1930.68,3.77,3103.14,3690.73,3293.0,8669,885
Cebu Pacific,MNL-MPH,2024.0,1,15767.22,44.05,3103.14,3690.73,3293.0,8669,885
Philippine Airlines,MNL-MPH,2024.0,1,12309.542,37.16,3103.14,3690.73,3293.0,8669,885
Cebu Pacific,MNL-OZC,2024.0,1,7561.829999999999,44.05,10000.0,3690.73,6117.46,8669,138
Cebu Pacific,MNL-PAG,2024.0,1,5148.48,44.05,10000.0,3690.73,7504.49,8669,143
AirAsia,MNL-PPS,2024.0,1,4530.96,15.01,3619.81,3690.73,3645.82,8669,507
Cebu Pacific,MNL-PPS,2024.0,1,9771.039999999999,44.05,3619.81,3690.73,3645.82,8669,507
Philippine Airlines,MNL-PPS,2024.0,1,8386.182,37.16,3619.81,3690.73,3645.82,8669,507
Cebu Pacific,MNL-RXS,2024.0,1,4826.7,44.05,10000.0,3690.73,5297.84,8669,134
AirAsia,MNL-TAC,2024.0,1,9061.92,15.01,3422.18,3690.73,3247.16,8669,669
Cebu Pacific,MNL-TAC,2024.0,1,9331.619999999999,44.05,3422.18,3690.73,3247.16,8669,669
Philippine Airlines,MNL-TAC,2024.0,1,12788.888,37.16,3422.18,3690.73,3247.16,8669,669
AirAsia,MNL-TAG,2024.0,1,9061.92,15.01,3558.13,3690.73,3397.68,8669,390
Cebu Pacific,MNL-TAG,2024.0,1,4902.82,44.05,3558.13,3690.73,3397.68,8669,390
Philippine Airlines,MNL-TAG,2024.0,1,9268.938,37.16,3558.13,3690.73,3397.68,8669,390
Cebu Pacific,MNL-TUG,2024.0,1,4987.589999999999,44.05,10000.0,3690.73,7458.59,8669,180
Cebgo,MNL-USU,2024.0,1,1868.4,3.77,10000.0,3690.73,5407.45,8669,309
Cebgo,MNL-WNP,2024.0,1,3674.52,3.77,10000.0,3690.73,10000.0,8669,119
Cebu Pacific,MPH-CEB,2024.0,1,4987.589999999999,44.05,5298.85,3293.0,3296.21,885,2622
Philippine Airlines,MPH-CEB,2024.0,1,3027.948,37.16,5298.85,3293.0,3296.21,885,2622
Cebu Pacific,MPH-CRK,2024.0,1,643.56,44.05,10000.0,3293.0,3586.24,885,59
AirAsia,MPH-MNL,2024.0,1,16667.46,15.01,3211.55,3293.0,3690.73,885,8669
Cebgo,MPH-MNL,2024.0,1,1868.4,3.77,3211.55,3293.0,3690.73,885,8669
Cebu Pacific,MPH-MNL,2024.0,1,21398.37,44.05,3211.55,3293.0,3690.73,885,8669
Philippine Airlines,MPH-MNL,2024.0,1,14149.408,37.16,3211.55,3293.0,3690.73,885,8669
Cebgo,OZC-CEB,2024.0,1,560.52,3.77,6534.34,6117.46,3296.21,138,2622
Cebu Pacific,OZC-CEB,2024.0,1,160.89,44.05,6534.34,6117.46,3296.21,138,2622
Cebu Pacific,OZC-MNL,2024.0,1,7561.829999999999,44.05,5306.39,6117.46,3690.73,138,8669
Philippine Airlines,OZC-MNL,2024.0,1,4560.906,37.16,5306.39,6117.46,3690.73,138,8669
Cebgo,PAG-CEB,2024.0,1,1868.4,3.77,10000.0,7504.49,3296.21,143,2622
Cebu Pacific,PAG-MNL,2024.0,1,10136.07,44.05,10000.0,7504.49,3690.73,143,8669
Cebu Pacific,PPS-CEB,2024.0,1,643.56,44.05,5981.44,3645.82,3296.21,507,2622
Philippine Airlines,PPS-CEB,2024.0,1,1667.4279999999999,37.16,5981.44,3645.82,3296.21,507,2622
AirAsia,PPS-MNL,2024.0,1,9385.56,15.01,3542.8,3645.82,3690.73,507,8669
Cebu Pacific,PPS-MNL,2024.0,1,15528.48,44.05,3542.8,3645.82,3690.73,507,8669
Philippine Airlines,PPS-MNL,2024.0,1,17859.198,37.16,3542.8,3645.82,3690.73,507,8669
AirAsia,RXS-MNL,2024.0,1,2103.66,15.01,4477.89,5297.84,3690.73,134,8669
Cebu Pacific,RXS-MNL,2024.0,1,9653.4,44.05,4477.89,5297.84,3690.73,134,8669
Philippine Airlines,RXS-MNL,2024.0,1,4413.78,37.16,4477.89,5297.84,3690.73,134,8669
Cebgo,SUG-CEB,2024.0,1,560.52,3.77,10000.0,10000.0,3296.21,9,2622
Cebgo,TAC-CEB,2024.0,1,809.64,3.77,5355.57,3247.16,3296.21,669,2622
Philippine Airlines,TAC-CEB,2024.0,1,1398.4879999999998,37.16,5355.57,3247.16,3296.21,669,2622
AirAsia,TAC-MNL,2024.0,1,16904.1,15.01,3654.47,3247.16,3690.73,669,8669
Cebu Pacific,TAC-MNL,2024.0,1,27351.3,44.05,3654.47,3247.16,3690.73,669,8669
Philippine Airlines,TAC-MNL,2024.0,1,13309.366,37.16,3654.47,3247.16,3690.73,669,8669
Philippine Airlines,TAG-DVO,2024.0,1,1129.548,37.16,10000.0,3397.68,4809.51,390,1249
AirAsia,TAG-MNL,2024.0,1,6796.44,15.01,3860.81,3397.68,3690.73,390,8669
Cebu Pacific,TAG-MNL,2024.0,1,17237.719999999998,44.05,3860.81,3397.68,3690.73,390,8669
Philippine Airlines,TAG-MNL,2024.0,1,9416.064,37.16,3860.81,3397.68,3690.73,390,8669
Cebu Pacific,TUG-MNL,2024.0,1,19306.8,44.05,7035.3,7458.59,3690.73,180,8669
Philippine Airlines,TUG-MNL,2024.0,1,4266.654,37.16,7035.3,7458.59,3690.73,180,8669
Cebgo,USU-CEB,2024.0,1,2553.48,3.77,5427.07,5407.45,3296.21,309,2622
Philippine Airlines,USU-CEB,2024.0,1,1398.4879999999998,37.16,5427.07,5407.45,3296.21,309,2622
Philippine Airlines,USU-CRK,2024.0,1,914.396,37.16,10000.0,5407.45,3586.24,309,59
Cebgo,USU-MNL,2024.0,1,5480.64,3.77,6618.11,5407.45,3690.73,309,8669
Philippine Airlines,USU-MNL,2024.0,1,1506.0639999999999,37.16,6618.11,5407.45,3690.73,309,8669
Cebgo,WNP-MNL,2024.0,1,3736.8,3.77,10000.0,10000.0,3690.73,119,8669
Philippine Airlines,ZAM-CEB,2024.0,1,1721.216,37.16,10000.0,5643.73,3296.21,232,2622
Cebu Pacific,ZAM-MNL,2024.0,1,19780.82,44.05,6122.54,5643.73,3690.73,232,8669
Philippine Airlines,ZAM-MNL,2024.0,1,7062.048000000001,37.16,6122.54,5643.73,3690.73,232,8669
Cebu Pacific,ZAM-TWT,2024.0,1,2574.24,44.05,5173.64,5643.73,5031.47,232,36
Philippine Airlines,ZAM-TWT,2024.0,1,1765.5120000000002,37.16,5173.64,5643.73,5031.47,232,36
Philippine Airlines,BCD-CEB,2024.0,2,161.36399999999998,37.33,10000.0,3603.68,3127.63,545,2280
Cebu Pacific,BCD-DVO,2024.0,2,3228.96,43.18,10000.0,3603.68,4785.28,545,1059
AirAsia,BCD-MNL,2024.0,2,13107.42,15.74,3494.36,3603.68,3646.72,545,8148
Cebu Pacific,BCD-MNL,2024.0,2,22484.672,43.18,3494.36,3603.68,3646.72,545,8148
Philippine Airlines,BCD-MNL,2024.0,2,16946.384000000002,37.33,3494.36,3603.68,3646.72,545,8148
Philippine Airlines,BPA-CEB,2024.0,2,430.304,37.33,10000.0,10000.0,3127.63,16,2280
Philippine Airlines,BXU-CEB,2024.0,2,1344.6999999999998,37.33,10000.0,5024.13,3127.63,325,2280
Cebu Pacific,BXU-MNL,2024.0,2,12669.328000000001,43.18,5190.26,5024.13,3646.72,325,8148
Philippine Airlines,BXU-MNL,2024.0,2,8533.308,37.33,5190.26,5024.13,3646.72,325,8148
Philippine Airlines,CBO-MNL,2024.0,2,2501.1420000000003,37.33,10000.0,10000.0,3646.72,42,8148
Philippine Airlines,CBO-TWT,2024.0,2,376.51599999999996,37.33,10000.0,10000.0,5898.2,42,23
Philippine Airlines,CEB-BCD,2024.0,2,215.152,37.33,10000.0,3127.63,3603.68,2280,545
Philippine Airlines,CEB-BPA,2024.0,2,430.304,37.33,10000.0,3127.63,10000.0,2280,16
Cebgo,CEB-BXU,2024.0,2,62.496,3.76,9151.21,3127.63,5024.13,2280,325
Philippine Airlines,CEB-BXU,2024.0,2,1344.6999999999998,37.33,9151.21,3127.63,5024.13,2280,325
Cebgo,CEB-CEB,2024.0,2,62.496,3.76,10000.0,3127.63,3127.63,2280,2280
Cebgo,CEB-CGY,2024.0,2,3499.7760000000003,3.76,6062.95,3127.63,3298.78,2280,650
Philippine Airlines,CEB-CGY,2024.0,2,1290.9119999999998,37.33,6062.95,3127.63,3298.78,2280,650
Cebgo,CEB-CYP,2024.0,2,999.936,3.76,10000.0,3127.63,5156.58,2280,58
Cebgo,CEB-DPL,2024.0,2,62.496,3.76,10000.0,3127.63,4968.18,2280,115
Cebu Pacific,CEB-DVO,2024.0,2,1453.0320000000002,43.18,5799.13,3127.63,4785.28,2280,1059
Philippine Airlines,CEB-DVO,2024.0,2,3388.644,37.33,5799.13,3127.63,4785.28,2280,1059
Philippine Airlines,CEB-GES,2024.0,2,699.2439999999999,37.33,10000.0,3127.63,5009.01,2280,233
Cebgo,CEB-IAO,2024.0,2,2687.328,3.76,5027.72,3127.63,5774.54,2280,356
Philippine Airlines,CEB-IAO,2024.0,2,3119.7039999999997,37.33,5027.72,3127.63,5774.54,2280,356
Cebgo,CEB-ILO,2024.0,2,2062.368,3.76,10000.0,3127.63,3125.55,2280,773
AirAsia,CEB-MNL,2024.0,2,15858.359999999999,15.74,3787.36,3127.63,3646.72,2280,8148
Cebgo,CEB-MNL,2024.0,2,62.496,3.76,3787.36,3127.63,3646.72,2280,8148
Cebu Pacific,CEB-MNL,2024.0,2,43921.668,43.18,3787.36,3127.63,3646.72,2280,8148
Philippine Airlines,CEB-MNL,2024.0,2,34465.452,37.33,3787.36,3127.63,3646.72,2280,8148
Cebu Pacific,CEB-MPH,2024.0,2,4036.2000000000003,43.18,5189.95,3127.63,3444.37,2280,860
Philippine Airlines,CEB-MPH,2024.0,2,2719.458,37.33,5189.95,3127.63,3444.37,2280,860
Cebu Pacific,CEB-OZC,2024.0,2,161.448,43.18,10000.0,3127.63,6064.78,2280,129
Cebgo,CEB-PAG,2024.0,2,812.448,3.76,10000.0,3127.63,7169.11,2280,123
Cebu Pacific,CEB-PPS,2024.0,2,161.448,43.18,8892.23,3127.63,3688.62,2280,456
Philippine Airlines,CEB-PPS,2024.0,2,2581.8239999999996,37.33,8892.23,3127.63,3688.62,2280,456
Cebgo,CEB-TAC,2024.0,2,1187.424,3.76,5115.77,3127.63,3222.08,2280,630
Philippine Airlines,CEB-TAC,2024.0,2,1613.6399999999999,37.33,5115.77,3127.63,3222.08,2280,630
Cebgo,CEB-USU,2024.0,2,1874.88,3.76,5042.06,3127.63,5432.27,2280,299
Philippine Airlines,CEB-USU,2024.0,2,1559.8519999999999,37.33,5042.06,3127.63,5432.27,2280,299
Cebgo,CGY-CEB,2024.0,2,3562.272,3.76,6173.54,3298.78,3127.63,650,2280
Philippine Airlines,CGY-CEB,2024.0,2,1237.124,37.33,6173.54,3298.78,3127.63,650,2280
Cebgo,CGY-DVO,2024.0,2,999.936,3.76,10000.0,3298.78,4785.28,650,1059
AirAsia,CGY-MNL,2024.0,2,4692.78,15.74,4002.75,3298.78,3646.72,650,8148
Cebu Pacific,CGY-MNL,2024.0,2,15018.136,43.18,4002.75,3298.78,3646.72,650,8148
Philippine Airlines,CGY-MNL,2024.0,2,17580.766,37.33,4002.75,3298.78,3646.72,650,8148
Cebu Pacific,CRK-MPH,2024.0,2,1130.136,43.18,10000.0,5135.19,3444.37,41,860
Philippine Airlines,CRK-USU,2024.0,2,699.2439999999999,37.33,10000.0,5135.19,5432.27,41,299
Cebgo,CYP-CEB,2024.0,2,999.936,3.76,10000.0,5156.58,3127.63,58,2280
Philippine Airlines,CYP-MNL,2024.0,2,699.2439999999999,37.33,10000.0,5156.58,3646.72,58,8148
Cebu Pacific,CYZ-MNL,2024.0,2,4681.992,43.18,10000.0,10000.0,3646.72,58,8148
Cebu Pacific,DGT-MNL,2024.0,2,9041.088,43.18,5004.17,5045.11,3646.72,254,8148
Philippine Airlines,DGT-MNL,2024.0,2,8533.308,37.33,5004.17,5045.11,3646.72,254,8148
Cebu Pacific,DPL-MNL,2024.0,2,4520.544,43.18,5010.77,4968.18,3646.72,115,8148
Philippine Airlines,DPL-MNL,2024.0,2,4119.528,37.33,5010.77,4968.18,3646.72,115,8148
Cebu Pacific,DRP-MNL,2024.0,2,8756.384,43.18,5045.97,5078.62,3646.72,295,8148
Philippine Airlines,DRP-MNL,2024.0,2,10613.638,37.33,5045.97,5078.62,3646.72,295,8148
Cebu Pacific,DVO-BCD,2024.0,2,3228.96,43.18,10000.0,4785.28,3603.68,1059,545
Cebu Pacific,DVO-CEB,2024.0,2,1614.48,43.18,5579.46,4785.28,3127.63,1059,2280
Philippine Airlines,DVO-CEB,2024.0,2,3281.0679999999998,37.33,5579.46,4785.28,3127.63,1059,2280
Cebgo,DVO-CGY,2024.0,2,1062.432,3.76,10000.0,4785.28,3298.78,1059,650
Cebgo,DVO-IAO,2024.0,2,749.952,3.76,10000.0,4785.28,5774.54,1059,356
Cebu Pacific,DVO-MNL,2024.0,2,37376.948000000004,43.18,5003.75,4785.28,3646.72,1059,8148
Philippine Airlines,DVO-MNL,2024.0,2,35384.594000000005,37.33,5003.75,4785.28,3646.72,1059,8148
Philippine Airlines,DVO-TAG,2024.0,2,591.668,37.33,10000.0,4785.28,3351.26,1059,362
Philippine Airlines,EUQ-MNL,2024.0,2,699.2439999999999,37.33,10000.0,10000.0,3646.72,26,8148
Philippine Airlines,GES-CEB,2024.0,2,753.0319999999999,37.33,10000.0,5009.01,3127.63,233,2280
Cebu Pacific,GES-MNL,2024.0,2,12200.608,43.18,5000.01,5009.01,3646.72,233,8148
Philippine Airlines,GES-MNL,2024.0,2,12238.352,37.33,5000.01,5009.01,3646.72,233,8148
Cebgo,IAO-CEB,2024.0,2,1687.392,3.76,5328.59,5774.54,3127.63,356,2280
Philippine Airlines,IAO-CEB,2024.0,2,2850.7639999999997,37.33,5328.59,5774.54,3127.63,356,2280
Cebgo,IAO-DVO,2024.0,2,749.952,3.76,10000.0,5774.54,4785.28,356,1059
Cebgo,IAO-IAO,2024.0,2,62.496,3.76,5351.3,5774.54,5774.54,356,356
Philippine Airlines,IAO-IAO,2024.0,2,107.576,37.33,5351.3,5774.54,5774.54,356,356
Philippine Airlines,IAO-MNL,2024.0,2,3119.7039999999997,37.33,10000.0,5774.54,3646.72,356,8148
Cebgo,ILO-CEB,2024.0,2,1937.376,3.76,10000.0,3125.55,3127.63,773,2280
AirAsia,ILO-MNL,2024.0,2,21823.079999999998,15.74,3366.41,3125.55,3646.72,773,8148
Cebu Pacific,ILO-MNL,2024.0,2,19698.392,43.18,3366.41,3125.55,3646.72,773,8148
Philippine Airlines,ILO-MNL,2024.0,2,17066.616,37.33,3366.41,3125.55,3646.72,773,8148
Cebu Pacific,ILO-MPH,2024.0,2,161.448,43.18,10000.0,3125.55,3444.37,773,860
AirAsia,KLO-MNL,2024.0,2,11651.039999999999,15.74,10000.0,10000.0,3646.72,144,8148
Philippine Airlines,LAO-MNL,2024.0,2,5737.914,37.33,10000.0,10000.0,3646.72,58,8148
AirAsia,MNL-BCD,2024.0,2,8414.64,15.74,3440.44,3646.72,3603.68,8148,545
Cebu Pacific,MNL-BCD,2024.0,2,12306.503999999999,43.18,3440.44,3646.72,3603.68,8148,545
Philippine Airlines,MNL-BCD,2024.0,2,8750.042,37.33,3440.44,3646.72,3603.68,8148,545
Philippine Airlines,MNL-BSO,2024.0,2,1452.2759999999998,37.33,10000.0,3646.72,10000.0,8148,27
Cebu Pacific,MNL-BXU,2024.0,2,10893.4,43.18,5073.8,3646.72,5024.13,8148,325
Philippine Airlines,MNL-BXU,2024.0,2,8533.308,37.33,5073.8,3646.72,5024.13,8148,325
Philippine Airlines,MNL-CBO,2024.0,2,2648.268,37.33,10000.0,3646.72,10000.0,8148,42
AirAsia,MNL-CEB,2024.0,2,21522.059999999998,15.74,3392.99,3646.72,3127.63,8148,2280
Cebgo,MNL-CEB,2024.0,2,874.9440000000001,3.76,3392.99,3646.72,3127.63,8148,2280
Cebu Pacific,MNL-CEB,2024.0,2,34023.864,43.18,3392.99,3646.72,3127.63,8148,2280
Philippine Airlines,MNL-CEB,2024.0,2,33441.898,37.33,3392.99,3646.72,3127.63,8148,2280
AirAsia,MNL-CGY,2024.0,2,4692.78,15.74,4035.55,3646.72,3298.78,8148,650
Cebu Pacific,MNL-CGY,2024.0,2,18038.776,43.18,4035.55,3646.72,3298.78,8148,650
Philippine Airlines,MNL-CGY,2024.0,2,13461.238000000001,37.33,4035.55,3646.72,3298.78,8148,650
Philippine Airlines,MNL-CRM,2024.0,2,860.608,37.33,10000.0,3646.72,10000.0,8148,16
Philippine Airlines,MNL-CYP,2024.0,2,699.2439999999999,37.33,10000.0,3646.72,5156.58,8148,58
Cebu Pacific,MNL-CYZ,2024.0,2,4681.992,43.18,10000.0,3646.72,10000.0,8148,58
Cebu Pacific,MNL-DGT,2024.0,2,11785.704,43.18,5115.11,3646.72,5045.11,8148,254
Philippine Airlines,MNL-DGT,2024.0,2,8680.434000000001,37.33,5115.11,3646.72,5045.11,8148,254
Cebu Pacific,MNL-DPL,2024.0,2,4359.0960000000005,43.18,5000.57,3646.72,4968.18,8148,115
Philippine Airlines,MNL-DPL,2024.0,2,4266.654,37.33,5000.57,3646.72,4968.18,8148,115
Cebu Pacific,MNL-DRP,2024.0,2,7626.2480000000005,43.18,5123.22,3646.72,5078.62,8148,295
Philippine Airlines,MNL-DRP,2024.0,2,10466.512,37.33,5123.22,3646.72,5078.62,8148,295
Cebu Pacific,MNL-DVO,2024.0,2,32041.352000000003,43.18,5003.63,3646.72,4785.28,8148,1059
Philippine Airlines,MNL-DVO,2024.0,2,33816.832,37.33,5003.63,3646.72,4785.28,8148,1059
Philippine Airlines,MNL-EUQ,2024.0,2,699.2439999999999,37.33,10000.0,3646.72,10000.0,8148,26
Cebu Pacific,MNL-GES,2024.0,2,12039.16,43.18,5003.55,3646.72,5009.01,8148,233
Philippine Airlines,MNL-GES,2024.0,2,12698.714,37.33,5003.55,3646.72,5009.01,8148,233
Cebgo,MNL-IAO,2024.0,2,62.496,3.76,9736.95,3646.72,5774.54,8148,356
Philippine Airlines,MNL-IAO,2024.0,2,4625.768,37.33,9736.95,3646.72,5774.54,8148,356
AirAsia,MNL-ILO,2024.0,2,16020.179999999998,15.74,3352.56,3646.72,3125.55,8148,773
Cebu Pacific,MNL-ILO,2024.0,2,19214.048,43.18,3352.56,3646.72,3125.55,8148,773
Philippine Airlines,MNL-ILO,2024.0,2,18425.554,37.33,3352.56,3646.72,3125.55,8148,773
AirAsia,MNL-KLO,2024.0,2,11651.039999999999,15.74,10000.0,3646.72,10000.0,8148,144
Philippine Airlines,MNL-LAO,2024.0,2,2795.3940000000002,37.33,10000.0,3646.72,10000.0,8148,58
Philippine Airlines,MNL-MNL,2024.0,2,200.914,37.33,10000.0,3646.72,3646.72,8148,8148
AirAsia,MNL-MPH,2024.0,2,11003.76,15.74,3190.08,3646.72,3444.37,8148,860
Cebgo,MNL-MPH,2024.0,2,1874.88,3.76,3190.08,3646.72,3444.37,8148,860
Cebu Pacific,MNL-MPH,2024.0,2,17113.488,43.18,3190.08,3646.72,3444.37,8148,860
Philippine Airlines,MNL-MPH,2024.0,2,11653.012,37.33,3190.08,3646.72,3444.37,8148,860
Cebu Pacific,MNL-OZC,2024.0,2,6942.264,43.18,10000.0,3646.72,6064.78,8148,129
Cebu Pacific,MNL-PAG,2024.0,2,4520.544,43.18,10000.0,3646.72,7169.11,8148,123
AirAsia,MNL-PPS,2024.0,2,4854.599999999999,15.74,3569.22,3646.72,3688.62,8148,456
Cebu Pacific,MNL-PPS,2024.0,2,9660.84,43.18,3569.22,3646.72,3688.62,8148,456
Philippine Airlines,MNL-PPS,2024.0,2,7797.678,37.33,3569.22,3646.72,3688.62,8148,456
Cebu Pacific,MNL-RXS,2024.0,2,4681.992,43.18,10000.0,3646.72,5250.59,8148,128
AirAsia,MNL-TAC,2024.0,2,6796.44,15.74,3567.81,3646.72,3222.08,8148,630
Cebu Pacific,MNL-TAC,2024.0,2,8718.192000000001,43.18,3567.81,3646.72,3222.08,8148,630
Philippine Airlines,MNL-TAC,2024.0,2,12799.962,37.33,3567.81,3646.72,3222.08,8148,630
AirAsia,MNL-TAG,2024.0,2,8900.1,15.74,3560.54,3646.72,3351.26,8148,362
Cebu Pacific,MNL-TAG,2024.0,2,4720.184,43.18,3560.54,3646.72,3351.26,8148,362
Philippine Airlines,MNL-TAG,2024.0,2,8827.56,37.33,3560.54,3646.72,3351.26,8148,362
Cebu Pacific,MNL-TUG,2024.0,2,4520.544,43.18,10000.0,3646.72,7455.46,8148,172
Cebgo,MNL-USU,2024.0,2,1812.384,3.76,9440.16,3646.72,5432.27,8148,299
Philippine Airlines,MNL-USU,2024.0,2,53.788,37.33,9440.16,3646.72,5432.27,8148,299
Cebgo,MNL-WNP,2024.0,2,3437.28,3.76,10000.0,3646.72,10000.0,8148,110
Cebu Pacific,MPH-CEB,2024.0,2,4036.2000000000003,43.18,5172.0,3444.37,3127.63,860,2280
Philippine Airlines,MPH-CEB,2024.0,2,2773.246,37.33,5172.0,3444.37,3127.63,860,2280
Cebu Pacific,MPH-CRK,2024.0,2,968.6880000000001,43.18,10000.0,3444.37,5135.19,860,41
Cebu Pacific,MPH-ILO,2024.0,2,161.448,43.18,10000.0,3444.37,3125.55,860,773
AirAsia,MPH-MNL,2024.0,2,13592.88,15.74,3364.04,3444.37,3646.72,860,8148
Cebgo,MPH-MNL,2024.0,2,1812.384,3.76,3364.04,3444.37,3646.72,860,8148
Cebu Pacific,MPH-MNL,2024.0,2,23248.512000000002,43.18,3364.04,3444.37,3646.72,860,8148
Philippine Airlines,MPH-MNL,2024.0,2,12997.712,37.33,3364.04,3444.37,3646.72,860,8148
Cebgo,OZC-CEB,2024.0,2,749.952,3.76,10000.0,6064.78,3127.63,129,2280
Cebu Pacific,OZC-MNL,2024.0,2,6942.264,43.18,5370.19,6064.78,3646.72,129,8148
Philippine Airlines,OZC-MNL,2024.0,2,3972.402,37.33,5370.19,6064.78,3646.72,129,8148
Cebgo,PAG-CEB,2024.0,2,1812.384,3.76,10000.0,7169.11,3127.63,123,2280
Cebu Pacific,PAG-MNL,2024.0,2,8233.848,43.18,10000.0,7169.11,3646.72,123,8148
Cebu Pacific,PPS-CEB,2024.0,2,161.448,43.18,8023.89,3688.62,3127.63,456,2280
Philippine Airlines,PPS-CEB,2024.0,2,1290.9119999999998,37.33,8023.89,3688.62,3127.63,456,2280
AirAsia,PPS-MNL,2024.0,2,6958.259999999999,15.74,3688.12,3688.62,3646.72,456,8148
Cebu Pacific,PPS-MNL,2024.0,2,15106.672,43.18,3688.12,3688.62,3646.72,456,8148
Philippine Airlines,PPS-MNL,2024.0,2,16419.578,37.33,3688.12,3688.62,3646.72,456,8148
AirAsia,RXS-MNL,2024.0,2,2103.66,15.74,4425.17,5250.59,3646.72,128,8148
Cebu Pacific,RXS-MNL,2024.0,2,9202.536,43.18,4425.17,5250.59,3646.72,128,8148
Philippine Airlines,RXS-MNL,2024.0,2,4266.654,37.33,4425.17,5250.59,3646.72,128,8148
Cebgo,SUG-CEB,2024.0,2,562.464,3.76,10000.0,10000.0,3127.63,9,2280
Cebgo,TAC-CEB,2024.0,2,874.9440000000001,3.76,5223.95,3222.08,3127.63,630,2280
Philippine Airlines,TAC-CEB,2024.0,2,1344.6999999999998,37.33,5223.95,3222.08,3127.63,630,2280
AirAsia,TAC-MNL,2024.0,2,18609.3,15.74,3531.16,3222.08,3646.72,630,8148
Cebu Pacific,TAC-MNL,2024.0,2,24217.2,43.18,3531.16,3222.08,3646.72,630,8148
Philippine Airlines,TAC-MNL,2024.0,2,13094.214,37.33,3531.16,3222.08,3646.72,630,8148
Philippine Airlines,TAG-DVO,2024.0,2,645.4559999999999,37.33,10000.0,3351.26,4785.28,362,1059
AirAsia,TAG-MNL,2024.0,2,8252.82,15.74,3685.35,3351.26,3646.72,362,8148
Cebu Pacific,TAG-MNL,2024.0,2,15764.616,43.18,3685.35,3351.26,3646.72,362,8148
Philippine Airlines,TAG-MNL,2024.0,2,8386.182,37.33,3685.35,3351.26,3646.72,362,8148
Cebu Pacific,TUG-MNL,2024.0,2,17833.928,43.18,7039.29,7455.46,3646.72,172,8148
Philippine Airlines,TUG-MNL,2024.0,2,3932.8520000000003,37.33,7039.29,7455.46,3646.72,172,8148
Cebgo,USU-CEB,2024.0,2,2499.84,3.76,5232.07,5432.27,3127.63,299,2280
Philippine Airlines,USU-CEB,2024.0,2,1613.6399999999999,37.33,5232.07,5432.27,3127.63,299,2280
Philippine Airlines,USU-CRK,2024.0,2,806.8199999999999,37.33,10000.0,5432.27,5135.19,299,41
Cebgo,USU-MNL,2024.0,2,5249.664,3.76,6535.34,5432.27,3646.72,299,8148
Philippine Airlines,USU-MNL,2024.0,2,1506.0639999999999,37.33,6535.34,5432.27,3646.72,299,8148
Cebgo,WNP-MNL,2024.0,2,3437.28,3.76,10000.0,10000.0,3646.72,110,8148
Philippine Airlines,ZAM-CEB,2024.0,2,1290.9119999999998,37.33,10000.0,5485.57,3127.63,192,2280
Cebu Pacific,ZAM-DVO,2024.0,2,161.448,43.18,10000.0,5485.57,4785.28,192,1059
Cebu Pacific,ZAM-MNL,2024.0,2,17189.872,43.18,5985.18,5485.57,3646.72,192,8148
Philippine Airlines,ZAM-MNL,2024.0,2,6620.67,37.33,5985.18,5485.57,3646.72,192,8148
Cebu Pacific,ZAM-TWT,2024.0,2,807.24,43.18,5559.14,5485.57,5898.2,192,23
Philippine Airlines,ZAM-TWT,2024.0,2,1618.386,37.33,5559.14,5485.57,5898.2,192,23
Cebgo,BCD-CEB,2024.0,3,58.608,3.32,7668.99,3600.1,3210.88,629,2562
Philippine Airlines,BCD-CEB,2024.0,3,376.51599999999996,35.85,7668.99,3600.1,3210.88,629,2562
Cebu Pacific,BCD-DVO,2024.0,3,3482.292,43.61,10000.0,3600.1,4848.99,629,1146
AirAsia,BCD-MNL,2024.0,3,14887.439999999999,17.22,3503.58,3600.1,3584.74,629,8897
Cebu Pacific,BCD-MNL,2024.0,3,25741.936,43.61,3503.58,3600.1,3584.74,629,8897
Philippine Airlines,BCD-MNL,2024.0,3,18878.006,35.85,3503.58,3600.1,3584.74,629,8897
Philippine Airlines,BPA-CEB,2024.0,3,484.092,35.85,10000.0,10000.0,3210.88,18,2562
Cebgo,BXU-CEB,2024.0,3,58.608,3.32,9278.92,5004.64,3210.88,354,2562
Philippine Airlines,BXU-CEB,2024.0,3,1506.0639999999999,35.85,9278.92,5004.64,3210.88,354,2562
Cebu Pacific,BXU-MNL,2024.0,3,12586.068,43.61,5140.28,5004.64,3584.74,354,8897
Philippine Airlines,BXU-MNL,2024.0,3,8974.686,35.85,5140.28,5004.64,3584.74,354,8897
Philippine Airlines,CBO-MNL,2024.0,3,2501.1420000000003,35.85,10000.0,10000.0,3584.74,35,8897
Philippine Airlines,CBO-TWT,2024.0,3,107.576,35.85,10000.0,10000.0,5223.22,35,33
Cebgo,CEB-BCD,2024.0,3,58.608,3.32,7889.91,3210.88,3600.1,2562,629
Philippine Airlines,CEB-BCD,2024.0,3,430.304,35.85,7889.91,3210.88,3600.1,2562,629
Philippine Airlines,CEB-BPA,2024.0,3,484.092,35.85,10000.0,3210.88,10000.0,2562,18
Cebgo,CEB-BXU,2024.0,3,58.608,3.32,9301.98,3210.88,5004.64,2562,354
Philippine Airlines,CEB-BXU,2024.0,3,1559.8519999999999,35.85,9301.98,3210.88,5004.64,2562,354
Cebgo,CEB-CEB,2024.0,3,58.608,3.32,10000.0,3210.88,3210.88,2562,2562
Cebgo,CEB-CGY,2024.0,3,3164.832,3.32,5687.89,3210.88,3447.17,2562,723
Philippine Airlines,CEB-CGY,2024.0,3,1452.2759999999998,35.85,5687.89,3210.88,3447.17,2562,723
Cebu Pacific,CEB-CRK,2024.0,3,1968.252,43.61,10000.0,3210.88,7277.65,2562,96
Cebgo,CEB-CYP,2024.0,3,1054.944,3.32,10000.0,3210.88,5245.31,2562,61
Cebu Pacific,CEB-DGT,2024.0,3,151.404,43.61,10000.0,3210.88,5080.46,2562,277
Cebu Pacific,CEB-DVO,2024.0,3,3330.888,43.61,5052.06,3210.88,4848.99,2562,1146
Philippine Airlines,CEB-DVO,2024.0,3,4087.888,35.85,5052.06,3210.88,4848.99,2562,1146
Philippine Airlines,CEB-GES,2024.0,3,1365.2659999999998,35.85,10000.0,3210.88,5015.02,2562,265
Cebgo,CEB-IAO,2024.0,3,2578.752,3.32,5125.57,3210.88,5957.76,2562,371
Philippine Airlines,CEB-IAO,2024.0,3,3550.008,35.85,5125.57,3210.88,5957.76,2562,371
Cebgo,CEB-ILO,2024.0,3,1523.808,3.32,10000.0,3210.88,3206.07,2562,854
AirAsia,CEB-MNL,2024.0,3,18285.66,17.22,3708.94,3210.88,3584.74,2562,8897
Cebgo,CEB-MNL,2024.0,3,58.608,3.32,3708.94,3210.88,3584.74,2562,8897
Cebu Pacific,CEB-MNL,2024.0,3,45332.474,43.61,3708.94,3210.88,3584.74,2562,8897
Philippine Airlines,CEB-MNL,2024.0,3,38857.084,35.85,3708.94,3210.88,3584.74,2562,8897
Cebgo,CEB-MPH,2024.0,3,58.608,3.32,4953.85,3210.88,3359.0,2562,989
Cebu Pacific,CEB-MPH,2024.0,3,3482.292,43.61,4953.85,3210.88,3359.0,2562,989
Philippine Airlines,CEB-MPH,2024.0,3,2880.822,35.85,4953.85,3210.88,3359.0,2562,989
Cebgo,CEB-PAG,2024.0,3,761.904,3.32,10000.0,3210.88,7411.03,2562,129
Cebu Pacific,CEB-PPS,2024.0,3,2573.868,43.61,5018.22,3210.88,3627.87,2562,542
Philippine Airlines,CEB-PPS,2024.0,3,2904.5519999999997,35.85,5018.22,3210.88,3627.87,2562,542
Cebgo,CEB-TAC,2024.0,3,1054.944,3.32,5253.08,3210.88,3249.13,2562,683
Philippine Airlines,CEB-TAC,2024.0,3,1667.4279999999999,35.85,5253.08,3210.88,3249.13,2562,683
Cebgo,CEB-USU,2024.0,3,1816.848,3.32,5028.96,3210.88,5355.67,2562,318
Philippine Airlines,CEB-USU,2024.0,3,1559.8519999999999,35.85,5028.96,3210.88,5355.67,2562,318
Cebgo,CGY-CEB,2024.0,3,3282.048,3.32,5746.88,3447.17,3210.88,723,2562
Philippine Airlines,CGY-CEB,2024.0,3,1452.2759999999998,35.85,5746.88,3447.17,3210.88,723,2562
Cebgo,CGY-DVO,2024.0,3,1054.944,3.32,10000.0,3447.17,4848.99,723,1146
Cebu Pacific,CGY-ILO,2024.0,3,757.02,43.61,10000.0,3447.17,3206.07,723,854
AirAsia,CGY-MNL,2024.0,3,5016.42,17.22,4005.37,3447.17,3584.74,723,8897
Cebu Pacific,CGY-MNL,2024.0,3,18062.66,43.61,4005.37,3447.17,3584.74,723,8897
Philippine Airlines,CGY-MNL,2024.0,3,18150.286,35.85,4005.37,3447.17,3584.74,723,8897
Cebu Pacific,CRK-CEB,2024.0,3,302.808,43.61,10000.0,7277.65,3210.88,96,2562
Cebu Pacific,CRK-CRK,2024.0,3,151.404,43.61,10000.0,7277.65,7277.65,96,96
Cebu Pacific,CRK-MNL,2024.0,3,187.22,43.61,10000.0,7277.65,3584.74,96,8897
Cebu Pacific,CRK-MPH,2024.0,3,3330.888,43.61,10000.0,7277.65,3359.0,96,989
Philippine Airlines,CRK-USU,2024.0,3,914.396,35.85,10000.0,7277.65,5355.67,96,318
Cebgo,CYP-CEB,2024.0,3,1054.944,3.32,10000.0,5245.31,3210.88,61,2562
Philippine Airlines,CYP-MNL,2024.0,3,645.4559999999999,35.85,10000.0,5245.31,3584.74,61,8897
Cebu Pacific,CYZ-MNL,2024.0,3,4542.12,43.61,10000.0,10000.0,3584.74,60,8897
Cebu Pacific,DGT-MNL,2024.0,3,9387.047999999999,43.61,5004.72,5080.46,3584.74,277,8897
Philippine Airlines,DGT-MNL,2024.0,3,8827.56,35.85,5004.72,5080.46,3584.74,277,8897
Cebu Pacific,DPL-MNL,2024.0,3,4542.12,43.61,5000.02,5000.19,3584.74,123,8897
Philippine Airlines,DPL-MNL,2024.0,3,4560.906,35.85,5000.02,5000.19,3584.74,123,8897
Cebu Pacific,DRP-MNL,2024.0,3,8613.748,43.61,5052.19,5049.98,3584.74,299,8897
Philippine Airlines,DRP-MNL,2024.0,3,10574.088,35.85,5052.19,5049.98,3584.74,299,8897
Cebu Pacific,DVO-BCD,2024.0,3,3482.292,43.61,10000.0,4848.99,3600.1,1146,629
Cebu Pacific,DVO-CEB,2024.0,3,3330.888,43.61,5028.29,4848.99,3210.88,1146,2562
Philippine Airlines,DVO-CEB,2024.0,3,3872.736,35.85,5028.29,4848.99,3210.88,1146,2562
Cebgo,DVO-CGY,2024.0,3,1054.944,3.32,10000.0,4848.99,3447.17,1146,723
Cebgo,DVO-IAO,2024.0,3,703.2959999999999,3.32,10000.0,4848.99,5957.76,1146,371
Cebu Pacific,DVO-MNL,2024.0,3,42016.238,43.61,5071.6,4848.99,3584.74,1146,8897
Philippine Airlines,DVO-MNL,2024.0,3,33035.324,35.85,5071.6,4848.99,3584.74,1146,8897
Philippine Airlines,DVO-TAG,2024.0,3,860.608,35.85,10000.0,4848.99,3333.67,1146,404
Philippine Airlines,EUQ-MNL,2024.0,3,645.4559999999999,35.85,10000.0,10000.0,3584.74,24,8897
Philippine Airlines,GES-CEB,2024.0,3,1365.2659999999998,35.85,10000.0,5015.02,3210.88,265,2562
Cebu Pacific,GES-MNL,2024.0,3,14892.13,43.61,5055.02,5015.02,3584.74,265,8897
Philippine Airlines,GES-MNL,2024.0,3,12064.332,35.85,5055.02,5015.02,3584.74,265,8897
Cebgo,IAO-CEB,2024.0,3,1699.6319999999998,3.32,5527.49,5957.76,3210.88,371,2562
Philippine Airlines,IAO-CEB,2024.0,3,3334.8559999999998,35.85,5527.49,5957.76,3210.88,371,2562
Cebgo,IAO-DVO,2024.0,3,761.904,3.32,10000.0,5957.76,4848.99,371,1146
Philippine Airlines,IAO-MNL,2024.0,3,3012.1279999999997,35.85,10000.0,5957.76,3584.74,371,8897
Cebgo,ILO-CEB,2024.0,3,1406.5919999999999,3.32,10000.0,3206.07,3210.88,854,2562
Cebu Pacific,ILO-CGY,2024.0,3,757.02,43.61,10000.0,3206.07,3447.17,854,723
AirAsia,ILO-MNL,2024.0,3,25391.82,17.22,3397.5,3206.07,3584.74,854,8897
Cebu Pacific,ILO-MNL,2024.0,3,20970.268,43.61,3397.5,3206.07,3584.74,854,8897
Philippine Airlines,ILO-MNL,2024.0,3,18142.376,35.85,3397.5,3206.07,3584.74,854,8897
AirAsia,KLO-MNL,2024.0,3,14078.34,17.22,9789.46,9794.1,3584.74,180,8897
Cebu Pacific,KLO-MNL,2024.0,3,151.404,43.61,9789.46,9794.1,3584.74,180,8897
Philippine Airlines,LAO-MNL,2024.0,3,6655.474,35.85,10000.0,10000.0,3584.74,69,8897
AirAsia,MNL-BCD,2024.0,3,10032.84,17.22,3475.59,3584.74,3600.1,8897,629
Cebu Pacific,MNL-BCD,2024.0,3,14170.112,43.61,3475.59,3584.74,3600.1,8897,629
Philippine Airlines,MNL-BCD,2024.0,3,8862.364,35.85,3475.59,3584.74,3600.1,8897,629
Philippine Airlines,MNL-BSO,2024.0,3,1667.4279999999999,35.85,10000.0,3584.74,10000.0,8897,31
Cebu Pacific,MNL-BXU,2024.0,3,11980.452,43.61,5102.87,3584.74,5004.64,8897,354
Philippine Airlines,MNL-BXU,2024.0,3,8974.686,35.85,5102.87,3584.74,5004.64,8897,354
Philippine Airlines,MNL-CBO,2024.0,3,2354.016,35.85,10000.0,3584.74,10000.0,8897,35
AirAsia,MNL-CEB,2024.0,3,24758.46,17.22,3379.81,3584.74,3210.88,8897,2562
Cebgo,MNL-CEB,2024.0,3,820.512,3.32,3379.81,3584.74,3210.88,8897,2562
Cebu Pacific,MNL-CEB,2024.0,3,35365.858,43.61,3379.81,3584.74,3210.88,8897,2562
Philippine Airlines,MNL-CEB,2024.0,3,38050.264,35.85,3379.81,3584.74,3210.88,8897,2562
AirAsia,MNL-CGY,2024.0,3,4854.599999999999,17.22,4201.46,3584.74,3447.17,8897,723
Cebu Pacific,MNL-CGY,2024.0,3,21385.408,43.61,4201.46,3584.74,3447.17,8897,723
Philippine Airlines,MNL-CGY,2024.0,3,13442.254,35.85,4201.46,3584.74,3447.17,8897,723
Philippine Airlines,MNL-CRM,2024.0,3,968.184,35.85,10000.0,3584.74,10000.0,8897,18
Philippine Airlines,MNL-CYP,2024.0,3,699.2439999999999,35.85,10000.0,3584.74,5245.31,8897,61
Cebu Pacific,MNL-CYZ,2024.0,3,4542.12,43.61,10000.0,3584.74,10000.0,8897,60
Cebu Pacific,MNL-DGT,2024.0,3,13626.36,43.61,5196.06,3584.74,5080.46,8897,277
Philippine Airlines,MNL-DGT,2024.0,3,9121.812,35.85,5196.06,3584.74,5080.46,8897,277
Cebu Pacific,MNL-DPL,2024.0,3,4693.523999999999,43.61,5001.03,3584.74,5000.19,8897,123
Philippine Airlines,MNL-DPL,2024.0,3,4560.906,35.85,5001.03,3584.74,5000.19,8897,123
Cebu Pacific,MNL-DRP,2024.0,3,8613.748,43.61,5047.8,3584.74,5049.98,8897,299
Philippine Airlines,MNL-DRP,2024.0,3,10480.75,35.85,5047.8,3584.74,5049.98,8897,299
Cebu Pacific,MNL-DVO,2024.0,3,33977.174,43.61,5030.79,3584.74,4848.99,8897,1146
Philippine Airlines,MNL-DVO,2024.0,3,29032.864,35.85,5030.79,3584.74,4848.99,8897,1146
Philippine Airlines,MNL-EUQ,2024.0,3,645.4559999999999,35.85,10000.0,3584.74,10000.0,8897,24
Cebu Pacific,MNL-GES,2024.0,3,14896.2,43.61,5062.59,3584.74,5015.02,8897,265
Philippine Airlines,MNL-GES,2024.0,3,11898.222,35.85,5062.59,3584.74,5015.02,8897,265
Philippine Airlines,MNL-IAO,2024.0,3,4787.132,35.85,10000.0,3584.74,5957.76,8897,371
AirAsia,MNL-ILO,2024.0,3,19742.04,17.22,3336.42,3584.74,3206.07,8897,854
Cebu Pacific,MNL-ILO,2024.0,3,21121.672,43.61,3336.42,3584.74,3206.07,8897,854
Philippine Airlines,MNL-ILO,2024.0,3,19903.142,35.85,3336.42,3584.74,3206.07,8897,854
AirAsia,MNL-KLO,2024.0,3,14725.619999999999,17.22,9798.53,3584.74,9794.1,8897,180
Cebu Pacific,MNL-KLO,2024.0,3,151.404,43.61,9798.53,3584.74,9794.1,8897,180
Philippine Airlines,MNL-LAO,2024.0,3,3565.828,35.85,10000.0,3584.74,10000.0,8897,69
Cebu Pacific,MNL-MNL,2024.0,3,490.028,43.61,6448.18,3584.74,3584.74,8897,8897
Philippine Airlines,MNL-MNL,2024.0,3,147.126,35.85,6448.18,3584.74,3584.74,8897,8897
AirAsia,MNL-MPH,2024.0,3,14240.16,17.22,3165.07,3584.74,3359.0,8897,989
Cebgo,MNL-MPH,2024.0,3,1758.24,3.32,3165.07,3584.74,3359.0,8897,989
Cebu Pacific,MNL-MPH,2024.0,3,17714.268,43.61,3165.07,3584.74,3359.0,8897,989
Philippine Airlines,MNL-MPH,2024.0,3,12496.218,35.85,3165.07,3584.74,3359.0,8897,989
Cebu Pacific,MNL-OZC,2024.0,3,7267.392,43.61,10000.0,3584.74,5954.02,8897,141
Cebu Pacific,MNL-PAG,2024.0,3,4693.523999999999,43.61,10000.0,3584.74,7411.03,8897,129
AirAsia,MNL-PPS,2024.0,3,5178.24,17.22,3578.11,3584.74,3627.87,8897,542
Cebu Pacific,MNL-PPS,2024.0,3,10469.668,43.61,3578.11,3584.74,3627.87,8897,542
Philippine Airlines,MNL-PPS,2024.0,3,8715.238000000001,35.85,3578.11,3584.74,3627.87,8897,542
Cebu Pacific,MNL-RXS,2024.0,3,4542.12,43.61,10000.0,3584.74,5287.04,8897,136
AirAsia,MNL-TAC,2024.0,3,9385.56,17.22,3486.72,3584.74,3249.13,8897,683
Cebu Pacific,MNL-TAC,2024.0,3,8630.028,43.61,3486.72,3584.74,3249.13,8897,683
Philippine Airlines,MNL-TAC,2024.0,3,13787.130000000001,35.85,3486.72,3584.74,3249.13,8897,683
AirAsia,MNL-TAG,2024.0,3,10032.84,17.22,3611.51,3584.74,3333.67,8897,404
Cebu Pacific,MNL-TAG,2024.0,3,4757.016,43.61,3611.51,3584.74,3333.67,8897,404
Philippine Airlines,MNL-TAG,2024.0,3,9121.812,35.85,3611.51,3584.74,3333.67,8897,404
Cebu Pacific,MNL-TUG,2024.0,3,4693.523999999999,43.61,10000.0,3584.74,7558.34,8897,166
Cebgo,MNL-USU,2024.0,3,1816.848,3.32,10000.0,3584.74,5355.67,8897,318
Cebgo,MNL-WNP,2024.0,3,3633.696,3.32,10000.0,3584.74,10000.0,8897,122
Cebu Pacific,MPH-CEB,2024.0,3,3482.292,43.61,5053.93,3359.0,3210.88,989,2562
Philippine Airlines,MPH-CEB,2024.0,3,2827.034,35.85,5053.93,3359.0,3210.88,989,2562
Cebu Pacific,MPH-CRK,2024.0,3,3330.888,43.61,10000.0,3359.0,7277.65,989,96
AirAsia,MPH-MNL,2024.0,3,19094.76,17.22,3263.04,3359.0,3584.74,989,8897
Cebgo,MPH-MNL,2024.0,3,1816.848,3.32,3263.04,3359.0,3584.74,989,8897
Cebu Pacific,MPH-MNL,2024.0,3,23467.62,43.61,3263.04,3359.0,3584.74,989,8897
Philippine Airlines,MPH-MNL,2024.0,3,14256.984,35.85,3263.04,3359.0,3584.74,989,8897
AirAsia,MPH-MPH,2024.0,3,161.82,17.22,5005.53,3359.0,3359.0,989,989
Cebu Pacific,MPH-MPH,2024.0,3,151.404,43.61,5005.53,3359.0,3359.0,989,989
Cebgo,OZC-CEB,2024.0,3,703.2959999999999,3.32,10000.0,5954.02,3210.88,141,2562
Cebu Pacific,OZC-MNL,2024.0,3,7418.796,43.61,5284.56,5954.02,3584.74,141,8897
Philippine Airlines,OZC-MNL,2024.0,3,4560.906,35.85,5284.56,5954.02,3584.74,141,8897
Cebgo,PAG-CEB,2024.0,3,1641.024,3.32,10000.0,7411.03,3210.88,129,2562
Cebu Pacific,PAG-MNL,2024.0,3,8630.028,43.61,10000.0,7411.03,3584.74,129,8897
Cebu Pacific,PPS-CEB,2024.0,3,2573.868,43.61,5388.03,3627.87,3210.88,542,2562
Philippine Airlines,PPS-CEB,2024.0,3,1452.2759999999998,35.85,5388.03,3627.87,3210.88,542,2562
AirAsia,PPS-MNL,2024.0,3,9871.02,17.22,3536.83,3627.87,3584.74,542,8897
Cebu Pacific,PPS-MNL,2024.0,3,15496.932,43.61,3536.83,3627.87,3584.74,542,8897
Philippine Airlines,PPS-MNL,2024.0,3,18629.632,35.85,3536.83,3627.87,3584.74,542,8897
AirAsia,RXS-MNL,2024.0,3,2103.66,17.22,4481.49,5287.04,3584.74,136,8897
Cebu Pacific,RXS-MNL,2024.0,3,9387.047999999999,43.61,4481.49,5287.04,3584.74,136,8897
Philippine Airlines,RXS-MNL,2024.0,3,4173.316,35.85,4481.49,5287.04,3584.74,136,8897
Cebgo,SUG-CEB,2024.0,3,703.2959999999999,3.32,10000.0,10000.0,3210.88,12,2562
Cebgo,TAC-CEB,2024.0,3,703.2959999999999,3.32,5716.24,3249.13,3210.88,683,2562
Philippine Airlines,TAC-CEB,2024.0,3,1559.8519999999999,35.85,5716.24,3249.13,3210.88,683,2562
AirAsia,TAC-MNL,2024.0,3,18809.399999999998,17.22,3646.28,3249.13,3584.74,683,8897
Cebu Pacific,TAC-MNL,2024.0,3,26949.912,43.61,3646.28,3249.13,3584.74,683,8897
Philippine Airlines,TAC-MNL,2024.0,3,12428.192000000001,35.85,3646.28,3249.13,3584.74,683,8897
Philippine Airlines,TAG-DVO,2024.0,3,860.608,35.85,10000.0,3333.67,4848.99,404,1146
AirAsia,TAG-MNL,2024.0,3,10032.84,17.22,3541.14,3333.67,3584.74,404,8897
Cebu Pacific,TAG-MNL,2024.0,3,15676.012,43.61,3541.14,3333.67,3584.74,404,8897
Philippine Airlines,TAG-MNL,2024.0,3,9121.812,35.85,3541.14,3333.67,3584.74,404,8897
Cebu Pacific,TUG-MNL,2024.0,3,15542.516,43.61,7077.64,7558.34,3584.74,166,8897
Philippine Airlines,TUG-MNL,2024.0,3,3358.5860000000002,35.85,7077.64,7558.34,3584.74,166,8897
Cebgo,USU-CEB,2024.0,3,2520.144,3.32,5276.99,5355.67,3210.88,318,2562
Philippine Airlines,USU-CEB,2024.0,3,1559.8519999999999,35.85,5276.99,5355.67,3210.88,318,2562
Philippine Airlines,USU-CRK,2024.0,3,914.396,35.85,10000.0,5355.67,7277.65,318,96
Cebgo,USU-MNL,2024.0,3,5274.719999999999,3.32,6350.03,5355.67,3584.74,318,8897
Philippine Airlines,USU-MNL,2024.0,3,1667.4279999999999,35.85,6350.03,5355.67,3584.74,318,8897
Cebgo,WNP-MNL,2024.0,3,3516.48,3.32,10000.0,10000.0,3584.74,122,8897
Cebu Pacific,ZAM-CEB,2024.0,3,151.404,43.61,8057.01,5699.9,3210.88,215,2562
Philippine Airlines,ZAM-CEB,2024.0,3,1237.124,35.85,8057.01,5699.9,3210.88,215,2562
Cebu Pacific,ZAM-MNL,2024.0,3,17777.76,43.61,6086.38,5699.9,3584.74,215,8897
Philippine Airlines,ZAM-MNL,2024.0,3,6473.544,35.85,6086.38,5699.9,3584.74,215,8897
Cebu Pacific,ZAM-TWT,2024.0,3,2876.676,43.61,5286.47,5699.9,5223.22,215,33
Philippine Airlines,ZAM-TWT,2024.0,3,1765.5120000000002,35.85,5286.47,5699.9,5223.22,215,33
Cebgo,BCD-CEB,2024.0,4,1267.056,4.0,5053.64,3581.33,3007.25,719,2782
Philippine Airlines,BCD-CEB,2024.0,4,1559.8519999999999,35.18,5053.64,3581.33,3007.25,719,2782
Cebu Pacific,BCD-DVO,2024.0,4,3273.228,45.12,10000.0,3581.33,4864.95,719,1167
AirAsia,BCD-MNL,2024.0,4,10189.08,15.7,3723.55,3581.33,3674.68,719,8913
Cebu Pacific,BCD-MNL,2024.0,4,25627.716,45.12,3723.55,3581.33,3674.68,719,8913
Philippine Airlines,BCD-MNL,2024.0,4,22102.122,35.18,3723.55,3581.33,3674.68,719,8913
Philippine Airlines,BPA-CEB,2024.0,4,537.88,35.18,10000.0,10000.0,3007.25,19,2782
Cebgo,BXU-CEB,2024.0,4,2473.776,4.0,5295.62,4189.35,3007.25,424,2782
Philippine Airlines,BXU-CEB,2024.0,4,1506.0639999999999,35.18,5295.62,4189.35,3007.25,424,2782
Cebu Pacific,BXU-MNL,2024.0,4,12038.707999999999,45.12,5145.17,4189.35,3674.68,424,8913
Philippine Airlines,BXU-MNL,2024.0,4,8533.308,35.18,5145.17,4189.35,3674.68,424,8913
Philippine Airlines,CBO-MNL,2024.0,4,3531.0240000000003,35.18,10000.0,10000.0,3674.68,53,8913
Philippine Airlines,CBO-TWT,2024.0,4,268.94,35.18,10000.0,10000.0,10000.0,53,14
Cebgo,CEB-BCD,2024.0,4,1146.384,4.0,5116.71,3007.25,3581.33,2782,719
Philippine Airlines,CEB-BCD,2024.0,4,1559.8519999999999,35.18,5116.71,3007.25,3581.33,2782,719
Philippine Airlines,CEB-BPA,2024.0,4,484.092,35.18,10000.0,3007.25,10000.0,2782,19
Cebgo,CEB-BXU,2024.0,4,2413.44,4.0,5197.22,3007.25,4189.35,2782,424
Philippine Airlines,CEB-BXU,2024.0,4,1613.6399999999999,35.18,5197.22,3007.25,4189.35,2782,424
Cebgo,CEB-CGY,2024.0,4,2594.448,4.0,5050.39,3007.25,3865.11,2782,884
Philippine Airlines,CEB-CGY,2024.0,4,3173.4919999999997,35.18,5050.39,3007.25,3865.11,2782,884
Cebgo,CEB-CRK,2024.0,4,784.3679999999999,4.0,5929.64,3007.25,6404.49,2782,135
Cebu Pacific,CEB-CRK,2024.0,4,311.736,45.12,5929.64,3007.25,6404.49,2782,135
Cebgo,CEB-CYP,2024.0,4,1508.3999999999999,4.0,10000.0,3007.25,5734.89,2782,75
Cebu Pacific,CEB-DGT,2024.0,4,155.868,45.12,10000.0,3007.25,5065.56,2782,268
Cebgo,CEB-DRP,2024.0,4,784.3679999999999,4.0,10000.0,3007.25,4691.12,2782,321
Cebgo,CEB-DVO,2024.0,4,60.336,4.0,4988.74,3007.25,4864.95,2782,1167
Cebu Pacific,CEB-DVO,2024.0,4,4052.5679999999998,45.12,4988.74,3007.25,4864.95,2782,1167
Philippine Airlines,CEB-DVO,2024.0,4,5002.284,35.18,4988.74,3007.25,4864.95,2782,1167
Philippine Airlines,CEB-GES,2024.0,4,1559.8519999999999,35.18,10000.0,3007.25,5026.51,2782,318
Cebgo,CEB-IAO,2024.0,4,3559.824,4.0,5028.54,3007.25,5595.96,2782,423
Philippine Airlines,CEB-IAO,2024.0,4,4141.6759999999995,35.18,5028.54,3007.25,5595.96,2782,423
Cebgo,CEB-ILO,2024.0,4,1508.3999999999999,4.0,10000.0,3007.25,3185.35,2782,822
AirAsia,CEB-MNL,2024.0,4,18371.22,15.7,3656.94,3007.25,3674.68,2782,8913
Cebu Pacific,CEB-MNL,2024.0,4,41624.298,45.12,3656.94,3007.25,3674.68,2782,8913
Philippine Airlines,CEB-MNL,2024.0,4,31753.904000000002,35.18,3656.94,3007.25,3674.68,2782,8913
Cebu Pacific,CEB-MPH,2024.0,4,4676.04,45.12,6185.32,3007.25,3476.43,2782,1074
Philippine Airlines,CEB-MPH,2024.0,4,1613.6399999999999,35.18,6185.32,3007.25,3476.43,2782,1074
Cebgo,CEB-PAG,2024.0,4,724.0319999999999,4.0,10000.0,3007.25,6715.09,2782,69
Cebu Pacific,CEB-PPS,2024.0,4,2026.2839999999999,45.12,10000.0,3007.25,3841.86,2782,400
Cebgo,CEB-TAC,2024.0,4,1810.08,4.0,5082.28,3007.25,3196.22,2782,657
Philippine Airlines,CEB-TAC,2024.0,4,1398.4879999999998,35.18,5082.28,3007.25,3196.22,2782,657
Cebgo,CEB-USU,2024.0,4,1810.08,4.0,5008.41,3007.25,5360.09,2782,308
Philippine Airlines,CEB-USU,2024.0,4,1667.4279999999999,35.18,5008.41,3007.25,5360.09,2782,308
Cebgo,CGY-CEB,2024.0,4,2594.448,4.0,5034.69,3865.11,3007.25,884,2782
Philippine Airlines,CGY-CEB,2024.0,4,3065.9159999999997,35.18,5034.69,3865.11,3007.25,884,2782
Cebgo,CGY-DVO,2024.0,4,1025.712,4.0,10000.0,3865.11,4864.95,884,1167
AirAsia,CGY-MNL,2024.0,4,4631.4,15.7,4301.09,3865.11,3674.68,884,8913
Cebu Pacific,CGY-MNL,2024.0,4,27432.768,45.12,4301.09,3865.11,3674.68,884,8913
Philippine Airlines,CGY-MNL,2024.0,4,22358.406,35.18,4301.09,3865.11,3674.68,884,8913
Cebgo,CRK-CEB,2024.0,4,724.0319999999999,4.0,5509.28,6404.49,3007.25,135,2782
Cebu Pacific,CRK-CEB,2024.0,4,1402.812,45.12,5509.28,6404.49,3007.25,135,2782
Cebu Pacific,CRK-CRK,2024.0,4,311.736,45.12,10000.0,6404.49,6404.49,135,135
Cebu Pacific,CRK-MNL,2024.0,4,192.74,45.12,10000.0,6404.49,3674.68,135,8913
Cebu Pacific,CRK-MPH,2024.0,4,4676.04,45.12,10000.0,6404.49,3476.43,135,1074
Philippine Airlines,CRK-USU,2024.0,4,914.396,35.18,10000.0,6404.49,5360.09,135,308
Cebgo,CYP-CEB,2024.0,4,1508.3999999999999,4.0,10000.0,5734.89,3007.25,75,2782
Philippine Airlines,CYP-MNL,2024.0,4,645.4559999999999,35.18,10000.0,5734.89,3674.68,75,8913
Cebu Pacific,CYZ-MNL,2024.0,4,4676.04,45.12,10000.0,10000.0,3674.68,60,8913
Cebu Pacific,DGT-MNL,2024.0,4,8884.476,45.12,5000.67,5065.56,3674.68,268,8913
Philippine Airlines,DGT-MNL,2024.0,4,8680.434000000001,35.18,5000.67,5065.56,3674.68,268,8913
Cebgo,DPL-CEB,2024.0,4,60.336,4.0,10000.0,4971.22,3007.25,121,2782
Cebu Pacific,DPL-MNL,2024.0,4,4676.04,45.12,5004.16,4971.22,3674.68,121,8913
Philippine Airlines,DPL-MNL,2024.0,4,4413.78,35.18,5004.16,4971.22,3674.68,121,8913
Cebgo,DRP-CEB,2024.0,4,724.0319999999999,4.0,10000.0,4691.12,3007.25,321,2782
Cebu Pacific,DRP-MNL,2024.0,4,10052.648,45.12,5026.78,4691.12,3674.68,321,8913
Philippine Airlines,DRP-MNL,2024.0,4,11640.356,35.18,5026.78,4691.12,3674.68,321,8913
Cebu Pacific,DVO-BCD,2024.0,4,3273.228,45.12,10000.0,4864.95,3581.33,1167,719
Cebu Pacific,DVO-CEB,2024.0,4,4052.5679999999998,45.12,5049.54,4864.95,3007.25,1167,2782
Philippine Airlines,DVO-CEB,2024.0,4,4948.496,35.18,5049.54,4864.95,3007.25,1167,2782
Cebgo,DVO-CGY,2024.0,4,1025.712,4.0,10000.0,4864.95,3865.11,1167,884
Cebgo,DVO-IAO,2024.0,4,784.3679999999999,4.0,10000.0,4864.95,5595.96,1167,423
Cebu Pacific,DVO-MNL,2024.0,4,43669.018000000004,45.12,5078.2,4864.95,3674.68,1167,8913
Philippine Airlines,DVO-MNL,2024.0,4,33960.794,35.18,5078.2,4864.95,3674.68,1167,8913
Philippine Airlines,DVO-TAG,2024.0,4,968.184,35.18,10000.0,4864.95,3570.44,1167,457
Philippine Airlines,EUQ-MNL,2024.0,4,699.2439999999999,35.18,10000.0,10000.0,3674.68,26,8913
Philippine Airlines,GES-CEB,2024.0,4,1559.8519999999999,35.18,10000.0,5026.51,3007.25,318,2782
Cebu Pacific,GES-MNL,2024.0,4,16220.328000000001,45.12,5074.15,5026.51,3674.68,318,8913
Philippine Airlines,GES-MNL,2024.0,4,12698.714,35.18,5074.15,5026.51,3674.68,318,8913
Cebgo,IAO-CEB,2024.0,4,2594.448,4.0,5249.74,5595.96,3007.25,423,2782
Philippine Airlines,IAO-CEB,2024.0,4,4087.888,35.18,5249.74,5595.96,3007.25,423,2782
Cebgo,IAO-DVO,2024.0,4,784.3679999999999,4.0,10000.0,5595.96,4864.95,423,1167
Philippine Airlines,IAO-MNL,2024.0,4,3119.7039999999997,35.18,10000.0,5595.96,3674.68,423,8913
Cebgo,ILO-CEB,2024.0,4,1568.7359999999999,4.0,10000.0,3185.35,3007.25,822,2782
AirAsia,ILO-MNL,2024.0,4,23696.5,15.7,3395.21,3185.35,3674.68,822,8913
Cebu Pacific,ILO-MNL,2024.0,4,21268.440000000002,45.12,3395.21,3185.35,3674.68,822,8913
Philippine Airlines,ILO-MNL,2024.0,4,16905.252,35.18,3395.21,3185.35,3674.68,822,8913
AirAsia,KLO-MNL,2024.0,4,13894.199999999999,15.7,6232.04,6253.08,3674.68,239,8913
Cebu Pacific,KLO-MNL,2024.0,4,4676.04,45.12,6232.04,6253.08,3674.68,239,8913
Philippine Airlines,LAO-MNL,2024.0,4,7772.366,35.18,10000.0,10000.0,3674.68,84,8913
Cebgo,MBT-MNL,2024.0,4,60.336,4.0,10000.0,10000.0,3674.68,1,8913
AirAsia,MNL-BCD,2024.0,4,8027.76,15.7,3537.44,3674.68,3581.33,8913,719
Cebu Pacific,MNL-BCD,2024.0,4,15092.380000000001,45.12,3537.44,3674.68,3581.33,8913,719
Philippine Airlines,MNL-BCD,2024.0,4,13410.614,35.18,3537.44,3674.68,3581.33,8913,719
Philippine Airlines,MNL-BSO,2024.0,4,1613.6399999999999,35.18,10000.0,3674.68,10000.0,8913,30
Cebu Pacific,MNL-BXU,2024.0,4,12194.576,45.12,5141.7,3674.68,4189.35,8913,424
Philippine Airlines,MNL-BXU,2024.0,4,8680.434000000001,35.18,5141.7,3674.68,4189.35,8913,424
Philippine Airlines,MNL-CBO,2024.0,4,3531.0240000000003,35.18,10000.0,3674.68,10000.0,8913,53
AirAsia,MNL-CEB,2024.0,4,23311.38,15.7,3330.92,3674.68,3007.25,8913,2782
Cebgo,MNL-CEB,2024.0,4,965.376,4.0,3330.92,3674.68,3007.25,8913,2782
Cebu Pacific,MNL-CEB,2024.0,4,32458.254,45.12,3330.92,3674.68,3007.25,8913,2782
Philippine Airlines,MNL-CEB,2024.0,4,32168.388000000003,35.18,3330.92,3674.68,3007.25,8913,2782
AirAsia,MNL-CGY,2024.0,4,4477.0199999999995,15.7,4500.16,3674.68,3865.11,8913,884
Cebu Pacific,MNL-CGY,2024.0,4,29799.28,45.12,4500.16,3674.68,3865.11,8913,884
Philippine Airlines,MNL-CGY,2024.0,4,18204.074,35.18,4500.16,3674.68,3865.11,8913,884
Philippine Airlines,MNL-CRM,2024.0,4,914.396,35.18,10000.0,3674.68,10000.0,8913,17
Philippine Airlines,MNL-CYP,2024.0,4,699.2439999999999,35.18,10000.0,3674.68,5734.89,8913,75
Cebu Pacific,MNL-CYZ,2024.0,4,4676.04,45.12,10000.0,3674.68,10000.0,8913,60
Cebu Pacific,MNL-DGT,2024.0,4,12625.307999999999,45.12,5187.01,3674.68,5065.56,8913,268
Philippine Airlines,MNL-DGT,2024.0,4,8533.308,35.18,5187.01,3674.68,5065.56,8913,268
Cebu Pacific,MNL-DPL,2024.0,4,4676.04,45.12,5004.16,3674.68,4971.22,8913,121
Philippine Airlines,MNL-DPL,2024.0,4,4413.78,35.18,5004.16,3674.68,4971.22,8913,121
Cebgo,MNL-DRP,2024.0,4,60.336,4.0,4994.42,3674.68,4691.12,8913,321
Cebu Pacific,MNL-DRP,2024.0,4,10052.648,45.12,4994.42,3674.68,4691.12,8913,321
Philippine Airlines,MNL-DRP,2024.0,4,11493.23,35.18,4994.42,3674.68,4691.12,8913,321
Cebu Pacific,MNL-DVO,2024.0,4,37857.488,45.12,5069.8,3674.68,4864.95,8913,1167
Philippine Airlines,MNL-DVO,2024.0,4,29857.086,35.18,5069.8,3674.68,4864.95,8913,1167
Philippine Airlines,MNL-EUQ,2024.0,4,699.2439999999999,35.18,10000.0,3674.68,10000.0,8913,26
Cebu Pacific,MNL-GES,2024.0,4,16413.068,45.12,5097.8,3674.68,5026.51,8913,318
Philippine Airlines,MNL-GES,2024.0,4,12385.478000000001,35.18,5097.8,3674.68,5026.51,8913,318
Philippine Airlines,MNL-IAO,2024.0,4,4518.192,35.18,10000.0,3674.68,5595.96,8913,423
AirAsia,MNL-ILO,2024.0,4,18371.22,15.7,3348.83,3674.68,3185.35,8913,822
Cebu Pacific,MNL-ILO,2024.0,4,21268.440000000002,45.12,3348.83,3674.68,3185.35,8913,822
Philippine Airlines,MNL-ILO,2024.0,4,21353.836,35.18,3348.83,3674.68,3185.35,8913,822
AirAsia,MNL-KLO,2024.0,4,13739.82,15.7,6274.67,3674.68,6253.08,8913,239
Cebu Pacific,MNL-KLO,2024.0,4,4520.172,45.12,6274.67,3674.68,6253.08,8913,239
Philippine Airlines,MNL-LAO,2024.0,4,4119.528,35.18,10000.0,3674.68,10000.0,8913,84
AirAsia,MNL-MNL,2024.0,4,154.38,15.7,5300.71,3674.68,3674.68,8913,8913
Philippine Airlines,MNL-MNL,2024.0,4,254.702,35.18,5300.71,3674.68,3674.68,8913,8913
AirAsia,MNL-MPH,2024.0,4,15901.14,15.7,3204.03,3674.68,3476.43,8913,1074
Cebgo,MNL-MPH,2024.0,4,1810.08,4.0,3204.03,3674.68,3476.43,8913,1074
Cebu Pacific,MNL-MPH,2024.0,4,20886.311999999998,45.12,3204.03,3674.68,3476.43,8913,1074
Philippine Airlines,MNL-MPH,2024.0,4,14359.814,35.18,3204.03,3674.68,3476.43,8913,1074
Cebu Pacific,MNL-OZC,2024.0,4,7637.532,45.12,10000.0,3674.68,5603.55,8913,152
Cebu Pacific,MNL-PAG,2024.0,4,2026.2839999999999,45.12,10000.0,3674.68,6715.09,8913,69
AirAsia,MNL-PPS,2024.0,4,4477.0199999999995,15.7,4659.29,3674.68,3841.86,8913,400
Cebu Pacific,MNL-PPS,2024.0,4,15358.864,45.12,4659.29,3674.68,3841.86,8913,400
Philippine Airlines,MNL-PPS,2024.0,4,4518.192,35.18,4659.29,3674.68,3841.86,8913,400
Cebu Pacific,MNL-RXS,2024.0,4,1402.812,45.12,10000.0,3674.68,4084.13,8913,90
AirAsia,MNL-TAC,2024.0,4,9262.8,15.7,3391.42,3674.68,3196.22,8913,657
Cebu Pacific,MNL-TAC,2024.0,4,9100.68,45.12,3391.42,3674.68,3196.22,8913,657
Philippine Airlines,MNL-TAC,2024.0,4,12013.708,35.18,3391.42,3674.68,3196.22,8913,657
AirAsia,MNL-TAG,2024.0,4,9417.18,15.7,3371.23,3674.68,3570.44,8913,457
Cebu Pacific,MNL-TAG,2024.0,4,11334.788,45.12,3371.23,3674.68,3570.44,8913,457
Philippine Airlines,MNL-TAG,2024.0,4,8881.348,35.18,3371.23,3674.68,3570.44,8913,457
Cebu Pacific,MNL-TUG,2024.0,4,4676.04,45.12,10000.0,3674.68,7531.26,8913,165
Cebgo,MNL-USU,2024.0,4,1810.08,4.0,10000.0,3674.68,5360.09,8913,308
Cebgo,MNL-WNP,2024.0,4,3559.824,4.0,10000.0,3674.68,10000.0,8913,118
Cebu Pacific,MPH-CEB,2024.0,4,4676.04,45.12,6185.32,3476.43,3007.25,1074,2782
Philippine Airlines,MPH-CEB,2024.0,4,1613.6399999999999,35.18,6185.32,3476.43,3007.25,1074,2782
Cebu Pacific,MPH-CRK,2024.0,4,4831.907999999999,45.12,10000.0,3476.43,6404.49,1074,135
AirAsia,MPH-MNL,2024.0,4,20532.54,15.7,3252.62,3476.43,3674.68,1074,8913
Cebgo,MPH-MNL,2024.0,4,1749.744,4.0,3252.62,3476.43,3674.68,1074,8913
Cebu Pacific,MPH-MNL,2024.0,4,26965.164,45.12,3252.62,3476.43,3674.68,1074,8913
Philippine Airlines,MPH-MNL,2024.0,4,18666.018,35.18,3252.62,3476.43,3674.68,1074,8913
Cebgo,OZC-CEB,2024.0,4,1568.7359999999999,4.0,10000.0,5603.55,3007.25,152,2782
Cebu Pacific,OZC-MNL,2024.0,4,7325.795999999999,45.12,5307.65,5603.55,3674.68,152,8913
Philippine Airlines,OZC-MNL,2024.0,4,4413.78,35.18,5307.65,5603.55,3674.68,152,8913
Cebgo,PAG-CEB,2024.0,4,905.04,4.0,10000.0,6715.09,3007.25,69,2782
Cebu Pacific,PAG-MNL,2024.0,4,4208.436,45.12,10000.0,6715.09,3674.68,69,8913
Cebu Pacific,PPS-CEB,2024.0,4,2182.152,45.12,10000.0,3841.86,3007.25,400,2782
AirAsia,PPS-MNL,2024.0,4,9108.42,15.7,3442.28,3841.86,3674.68,400,8913
Cebu Pacific,PPS-MNL,2024.0,4,13904.096,45.12,3442.28,3841.86,3674.68,400,8913
Philippine Airlines,PPS-MNL,2024.0,4,13689.046,35.18,3442.28,3841.86,3674.68,400,8913
AirAsia,RXS-MNL,2024.0,4,2006.94,15.7,3845.39,4084.13,3674.68,90,8913
Cebu Pacific,RXS-MNL,2024.0,4,5922.9839999999995,45.12,3845.39,4084.13,3674.68,90,8913
Philippine Airlines,RXS-MNL,2024.0,4,4413.78,35.18,3845.39,4084.13,3674.68,90,8913
Cebgo,TAC-CEB,2024.0,4,784.3679999999999,4.0,5395.75,3196.22,3007.25,657,2782
Philippine Airlines,TAC-CEB,2024.0,4,1398.4879999999998,35.18,5395.75,3196.22,3007.25,657,2782
AirAsia,TAC-MNL,2024.0,4,18172.02,15.7,3611.08,3196.22,3674.68,657,8913
Cebu Pacific,TAC-MNL,2024.0,4,25310.951999999997,45.12,3611.08,3196.22,3674.68,657,8913
Philippine Airlines,TAC-MNL,2024.0,4,12203.548,35.18,3611.08,3196.22,3674.68,657,8913
Philippine Airlines,TAG-DVO,2024.0,4,968.184,35.18,10000.0,3570.44,4864.95,457,1167
AirAsia,TAG-MNL,2024.0,4,8954.039999999999,15.7,3967.61,3570.44,3674.68,457,8913
Cebu Pacific,TAG-MNL,2024.0,4,21022.068,45.12,3967.61,3570.44,3674.68,457,8913
Philippine Airlines,TAG-MNL,2024.0,4,9028.474,35.18,3967.61,3570.44,3674.68,457,8913
Cebu Pacific,TUG-MNL,2024.0,4,17145.48,45.12,7091.32,7531.26,3674.68,165,8913
Philippine Airlines,TUG-MNL,2024.0,4,3678.15,35.18,7091.32,7531.26,3674.68,165,8913
Cebgo,USU-CEB,2024.0,4,2473.776,4.0,5221.41,5360.09,3007.25,308,2782
Philippine Airlines,USU-CEB,2024.0,4,1613.6399999999999,35.18,5221.41,5360.09,3007.25,308,2782
Philippine Airlines,USU-CRK,2024.0,4,860.608,35.18,10000.0,5360.09,6404.49,308,135
Cebgo,USU-MNL,2024.0,4,5188.896,4.0,6582.85,5360.09,3674.68,308,8913
Philippine Airlines,USU-MNL,2024.0,4,1452.2759999999998,35.18,6582.85,5360.09,3674.68,308,8913
Cebgo,WNP-MNL,2024.0,4,3559.824,4.0,10000.0,10000.0,3674.68,118,8913
Cebu Pacific,ZAM-CEB,2024.0,4,4676.04,45.12,6248.59,5912.0,3007.25,233,2782
Philippine Airlines,ZAM-CEB,2024.0,4,1559.8519999999999,35.18,6248.59,5912.0,3007.25,233,2782
Cebu Pacific,ZAM-MNL,2024.0,4,18999.136,45.12,6167.22,5912.0,3674.68,233,8913
Philippine Airlines,ZAM-MNL,2024.0,4,6620.67,35.18,6167.22,5912.0,3674.68,233,8913
Philippine Airlines,ZAM-TWT,2024.0,4,1324.134,35.18,10000.0,5912.0,10000.0,233,14
Cebgo,BCD-CEB,2024.0,5,1119.744,3.83,5108.23,3516.92,3113.66,737,2751
Philippine Airlines,BCD-CEB,2024.0,5,1506.0639999999999,34.93,5108.23,3516.92,3113.66,737,2751
Cebu Pacific,BCD-DVO,2024.0,5,2892.672,46.34,10000.0,3516.92,4907.3,737,1211
AirAsia,BCD-MNL,2024.0,5,11269.74,14.91,3688.16,3516.92,3737.91,737,9170
Cebu Pacific,BCD-MNL,2024.0,5,26960.256,46.34,3688.16,3516.92,3737.91,737,9170
Philippine Airlines,BCD-MNL,2024.0,5,21855.33,34.93,3688.16,3516.92,3737.91,737,9170
Philippine Airlines,BPA-CEB,2024.0,5,376.51599999999996,34.93,10000.0,10000.0,3113.66,14,2751
Cebgo,BXU-CEB,2024.0,5,2115.072,3.83,5141.43,4391.85,3113.66,423,2751
Philippine Airlines,BXU-CEB,2024.0,5,1506.0639999999999,34.93,5141.43,4391.85,3113.66,423,2751
Cebu Pacific,BXU-MNL,2024.0,5,13934.592,46.34,5217.86,4391.85,3737.91,423,9170
Philippine Airlines,BXU-MNL,2024.0,5,9121.812,34.93,5217.86,4391.85,3737.91,423,9170
Philippine Airlines,CBO-MNL,2024.0,5,4560.906,34.93,10000.0,10000.0,3737.91,69,9170
Philippine Airlines,CBO-TWT,2024.0,5,430.304,34.93,10000.0,10000.0,10000.0,69,21
Cebgo,CEB-BCD,2024.0,5,1181.952,3.83,5072.69,3113.66,3516.92,2751,737
Philippine Airlines,CEB-BCD,2024.0,5,1506.0639999999999,34.93,5072.69,3113.66,3516.92,2751,737
Philippine Airlines,CEB-BPA,2024.0,5,376.51599999999996,34.93,10000.0,3113.66,10000.0,2751,14
Cebgo,CEB-BXU,2024.0,5,2115.072,3.83,5172.6,3113.66,4391.85,2751,423
Philippine Airlines,CEB-BXU,2024.0,5,1452.2759999999998,34.93,5172.6,3113.66,4391.85,2751,423
AirAsia,CEB-CEB,2024.0,5,154.38,14.91,5905.52,3113.66,3113.66,2751,2751
Cebgo,CEB-CEB,2024.0,5,62.208,3.83,5905.52,3113.66,3113.66,2751,2751
Cebgo,CEB-CGY,2024.0,5,2674.944,3.83,5023.19,3113.66,3918.99,2751,903
Philippine Airlines,CEB-CGY,2024.0,5,3065.9159999999997,34.93,5023.19,3113.66,3918.99,2751,903
Cebgo,CEB-CRK,2024.0,5,808.704,3.83,10000.0,3113.66,6580.34,2751,145
Cebgo,CEB-CYP,2024.0,5,1119.744,3.83,10000.0,3113.66,5452.48,2751,60
Cebgo,CEB-DGT,2024.0,5,995.328,3.83,10000.0,3113.66,4593.9,2751,310
Cebu Pacific,CEB-DPL,2024.0,5,160.704,46.34,10000.0,3113.66,4981.42,2751,126
Cebgo,CEB-DRP,2024.0,5,435.456,3.83,10000.0,3113.66,4841.4,2751,311
Cebu Pacific,CEB-DVO,2024.0,5,5019.84,46.34,5000.02,3113.66,4907.3,2751,1211
Philippine Airlines,CEB-DVO,2024.0,5,5002.284,34.93,5000.02,3113.66,4907.3,2751,1211
Philippine Airlines,CEB-GES,2024.0,5,1506.0639999999999,34.93,10000.0,3113.66,5102.35,2751,328
Cebgo,CEB-IAO,2024.0,5,3794.688,3.83,5000.05,3113.66,5450.89,2751,422
Philippine Airlines,CEB-IAO,2024.0,5,3818.948,34.93,5000.05,3113.66,5450.89,2751,422
Cebgo,CEB-ILO,2024.0,5,1555.2,3.83,10000.0,3113.66,3191.84,2751,855
AirAsia,CEB-MNL,2024.0,5,15283.619999999999,14.91,3815.65,3113.66,3737.91,2751,9170
Cebu Pacific,CEB-MNL,2024.0,5,43583.616,46.34,3815.65,3113.66,3737.91,2751,9170
Philippine Airlines,CEB-MNL,2024.0,5,33492.522000000004,34.93,3815.65,3113.66,3737.91,2751,9170
Cebu Pacific,CEB-MPH,2024.0,5,4660.416,46.34,6179.11,3113.66,3626.55,2751,1084
Philippine Airlines,CEB-MPH,2024.0,5,1613.6399999999999,34.93,6179.11,3113.66,3626.55,2751,1084
Cebgo,CEB-PAG,2024.0,5,373.248,3.83,10000.0,3113.66,7363.79,2751,68
Cebu Pacific,CEB-PPS,2024.0,5,2249.856,46.34,10000.0,3113.66,3854.25,2751,420
Cebgo,CEB-TAC,2024.0,5,1430.7839999999999,3.83,5029.17,3113.66,3242.42,2751,673
Philippine Airlines,CEB-TAC,2024.0,5,1667.4279999999999,34.93,5029.17,3113.66,3242.42,2751,673
Cebgo,CEB-USU,2024.0,5,1928.4479999999999,3.83,5055.83,3113.66,5446.47,2751,320
Philippine Airlines,CEB-USU,2024.0,5,1559.8519999999999,34.93,5055.83,3113.66,5446.47,2751,320
Cebgo,CGY-CEB,2024.0,5,2674.944,3.83,5023.19,3918.99,3113.66,903,2751
Philippine Airlines,CGY-CEB,2024.0,5,3065.9159999999997,34.93,5023.19,3918.99,3113.66,903,2751
Cebgo,CGY-DVO,2024.0,5,933.12,3.83,10000.0,3918.99,4907.3,903,1211
AirAsia,CGY-MNL,2024.0,5,4785.78,14.91,4342.59,3918.99,3737.91,903,9170
Cebu Pacific,CGY-MNL,2024.0,5,29341.44,46.34,4342.59,3918.99,3737.91,903,9170
Philippine Airlines,CGY-MNL,2024.0,5,21956.578,34.93,4342.59,3918.99,3737.91,903,9170
Cebgo,CRK-CEB,2024.0,5,808.704,3.83,5976.2,6580.34,3113.66,145,2751
Cebu Pacific,CRK-CEB,2024.0,5,2089.152,46.34,5976.2,6580.34,3113.66,145,2751
Cebu Pacific,CRK-MNL,2024.0,5,160.704,46.34,10000.0,6580.34,3737.91,145,9170
Cebu Pacific,CRK-MPH,2024.0,5,5624.64,46.34,10000.0,6580.34,3626.55,145,1084
Philippine Airlines,CRK-USU,2024.0,5,860.608,34.93,10000.0,6580.34,5446.47,145,320
Cebgo,CYP-CEB,2024.0,5,1057.536,3.83,10000.0,5452.48,3113.66,60,2751
Cebgo,CYP-CYP,2024.0,5,62.208,3.83,10000.0,5452.48,5452.48,60,60
Philippine Airlines,CYP-MNL,2024.0,5,591.668,34.93,10000.0,5452.48,3737.91,60,9170
Cebu Pacific,CYZ-MNL,2024.0,5,4981.8240000000005,46.34,10000.0,10000.0,3737.91,62,9170
Cebgo,DGT-CEB,2024.0,5,995.328,3.83,10000.0,4593.9,3113.66,310,2751
Cebu Pacific,DGT-MNL,2024.0,5,9320.832,46.34,5001.79,4593.9,3737.91,310,9170
Philippine Airlines,DGT-MNL,2024.0,5,8974.686,34.93,5001.79,4593.9,3737.91,310,9170
Cebgo,DPL-CEB,2024.0,5,62.208,3.83,10000.0,4981.42,3113.66,126,2751
Cebu Pacific,DPL-MNL,2024.0,5,4981.8240000000005,46.34,5009.73,4981.42,3737.91,126,9170
Philippine Airlines,DPL-MNL,2024.0,5,4560.906,34.93,5009.73,4981.42,3737.91,126,9170
Cebgo,DRP-CEB,2024.0,5,435.456,3.83,10000.0,4841.4,3113.66,311,2751
Cebu Pacific,DRP-MNL,2024.0,5,10212.48,46.34,5022.46,4841.4,3737.91,311,9170
Philippine Airlines,DRP-MNL,2024.0,5,11679.906,34.93,5022.46,4841.4,3737.91,311,9170
Cebu Pacific,DVO-BCD,2024.0,5,2731.9680000000003,46.34,10000.0,4907.3,3516.92,1211,737
Cebu Pacific,DVO-CEB,2024.0,5,5019.84,46.34,5000.26,4907.3,3113.66,1211,2751
Philippine Airlines,DVO-CEB,2024.0,5,4948.496,34.93,5000.26,4907.3,3113.66,1211,2751
Cebgo,DVO-CGY,2024.0,5,933.12,3.83,10000.0,4907.3,3918.99,1211,903
Cebgo,DVO-IAO,2024.0,5,808.704,3.83,10000.0,4907.3,5450.89,1211,422
Cebu Pacific,DVO-MNL,2024.0,5,47529.504,46.34,5092.78,4907.3,3737.91,1211,9170
Philippine Airlines,DVO-MNL,2024.0,5,36132.880000000005,34.93,5092.78,4907.3,3737.91,1211,9170
Philippine Airlines,DVO-TAG,2024.0,5,860.608,34.93,10000.0,4907.3,3565.48,1211,466
Philippine Airlines,EUQ-MNL,2024.0,5,591.668,34.93,10000.0,10000.0,3737.91,22,9170
Philippine Airlines,GES-CEB,2024.0,5,1452.2759999999998,34.93,10000.0,5102.35,3113.66,328,2751
Cebu Pacific,GES-MNL,2024.0,5,17814.816,46.34,5214.44,5102.35,3737.91,328,9170
Philippine Airlines,GES-MNL,2024.0,5,11702.054,34.93,5214.44,5102.35,3737.91,328,9170
Cebgo,IAO-CEB,2024.0,5,2737.152,3.83,5136.13,5450.89,3113.66,422,2751
Philippine Airlines,IAO-CEB,2024.0,5,3818.948,34.93,5136.13,5450.89,3113.66,422,2751
Cebgo,IAO-DVO,2024.0,5,808.704,3.83,10000.0,5450.89,4907.3,422,1211
Cebgo,IAO-IAO,2024.0,5,62.208,3.83,10000.0,5450.89,5450.89,422,422
Philippine Airlines,IAO-MNL,2024.0,5,3065.9159999999997,34.93,10000.0,5450.89,3737.91,422,9170
Cebgo,ILO-CEB,2024.0,5,1492.992,3.83,10000.0,3191.84,3113.66,855,2751
AirAsia,ILO-MNL,2024.0,5,24395.36,14.91,3375.25,3191.84,3737.91,855,9170
Cebu Pacific,ILO-MNL,2024.0,5,21840.192,46.34,3375.25,3191.84,3737.91,855,9170
Philippine Airlines,ILO-MNL,2024.0,5,18487.252,34.93,3375.25,3191.84,3737.91,855,9170
AirAsia,KLO-MNL,2024.0,5,13739.82,14.91,6094.19,6083.9,3737.91,239,9170
Cebu Pacific,KLO-MNL,2024.0,5,4981.8240000000005,46.34,6094.19,6083.9,3737.91,239,9170
Philippine Airlines,LAO-MNL,2024.0,5,7802.424,34.93,10000.0,10000.0,3737.91,83,9170
AirAsia,MNL-BCD,2024.0,5,9417.18,14.91,3454.33,3737.91,3516.92,9170,737
Cebu Pacific,MNL-BCD,2024.0,5,15218.496000000001,46.34,3454.33,3737.91,3516.92,9170,737
Philippine Airlines,MNL-BCD,2024.0,5,12958.162,34.93,3454.33,3737.91,3516.92,9170,737
Philippine Airlines,MNL-BSO,2024.0,5,1667.4279999999999,34.93,10000.0,3737.91,10000.0,9170,31
Cebu Pacific,MNL-BXU,2024.0,5,14256.0,46.34,5258.42,3737.91,4391.85,9170,423
Philippine Airlines,MNL-BXU,2024.0,5,8974.686,34.93,5258.42,3737.91,4391.85,9170,423
Philippine Airlines,MNL-CBO,2024.0,5,4413.78,34.93,10000.0,3737.91,10000.0,9170,69
AirAsia,MNL-CEB,2024.0,5,19451.88,14.91,3404.0,3737.91,3113.66,9170,2751
Cebgo,MNL-CEB,2024.0,5,1617.408,3.83,3404.0,3737.91,3113.66,9170,2751
Cebu Pacific,MNL-CEB,2024.0,5,36057.312,46.34,3404.0,3737.91,3113.66,9170,2751
Philippine Airlines,MNL-CEB,2024.0,5,31632.09,34.93,3404.0,3737.91,3113.66,9170,2751
AirAsia,MNL-CGY,2024.0,5,4785.78,14.91,4598.29,3737.91,3918.99,9170,903
Cebu Pacific,MNL-CGY,2024.0,5,32631.552,46.34,4598.29,3737.91,3918.99,9170,903
Philippine Airlines,MNL-CGY,2024.0,5,17969.938000000002,34.93,4598.29,3737.91,3918.99,9170,903
Philippine Airlines,MNL-CRM,2024.0,5,968.184,34.93,10000.0,3737.91,10000.0,9170,18
Philippine Airlines,MNL-CYP,2024.0,5,645.4559999999999,34.93,10000.0,3737.91,5452.48,9170,60
Cebu Pacific,MNL-CYZ,2024.0,5,4981.8240000000005,46.34,10000.0,3737.91,10000.0,9170,62
Cebu Pacific,MNL-DGT,2024.0,5,12213.504,46.34,5129.48,3737.91,4593.9,9170,310
Philippine Airlines,MNL-DGT,2024.0,5,8827.56,34.93,5129.48,3737.91,4593.9,9170,310
Cebu Pacific,MNL-DPL,2024.0,5,4981.8240000000005,46.34,5009.73,3737.91,4981.42,9170,126
Philippine Airlines,MNL-DPL,2024.0,5,4560.906,34.93,5009.73,3737.91,4981.42,9170,126
Cebu Pacific,MNL-DRP,2024.0,5,9891.072,46.34,5043.83,3737.91,4841.4,9170,311
Philippine Airlines,MNL-DRP,2024.0,5,11934.608,34.93,5043.83,3737.91,4841.4,9170,311
Cebu Pacific,MNL-DVO,2024.0,5,42523.488,46.34,5079.56,3737.91,4907.3,9170,1211
Philippine Airlines,MNL-DVO,2024.0,5,32997.356,34.93,5079.56,3737.91,4907.3,9170,1211
Philippine Airlines,MNL-EUQ,2024.0,5,591.668,34.93,10000.0,3737.91,10000.0,9170,22
Cebu Pacific,MNL-GES,2024.0,5,17814.816,46.34,5186.3,3737.91,5102.35,9170,328
Philippine Airlines,MNL-GES,2024.0,5,12050.094000000001,34.93,5186.3,3737.91,5102.35,9170,328
Cebgo,MNL-IAO,2024.0,5,62.208,3.83,9746.73,3737.91,5450.89,9170,422
Philippine Airlines,MNL-IAO,2024.0,5,4787.132,34.93,9746.73,3737.91,5450.89,9170,422
AirAsia,MNL-ILO,2024.0,5,19297.5,14.91,3351.97,3737.91,3191.84,9170,855
Cebu Pacific,MNL-ILO,2024.0,5,23003.136,46.34,3351.97,3737.91,3191.84,9170,855
Philippine Airlines,MNL-ILO,2024.0,5,22323.602,34.93,3351.97,3737.91,3191.84,9170,855
AirAsia,MNL-KLO,2024.0,5,13585.439999999999,14.91,6073.58,3737.91,6083.9,9170,239
Cebu Pacific,MNL-KLO,2024.0,5,4981.8240000000005,46.34,6073.58,3737.91,6083.9,9170,239
Philippine Airlines,MNL-LAO,2024.0,5,3860.08,34.93,10000.0,3737.91,10000.0,9170,83
Cebgo,MNL-MNL,2024.0,5,124.416,3.83,5083.58,3737.91,3737.91,9170,9170
Philippine Airlines,MNL-MNL,2024.0,5,161.36399999999998,34.93,5083.58,3737.91,3737.91,9170,9170
AirAsia,MNL-MPH,2024.0,5,14820.48,14.91,3266.86,3737.91,3626.55,9170,1084
Cebgo,MNL-MPH,2024.0,5,1866.24,3.83,3266.86,3737.91,3626.55,9170,1084
Cebu Pacific,MNL-MPH,2024.0,5,22819.968,46.34,3266.86,3737.91,3626.55,9170,1084
Philippine Airlines,MNL-MPH,2024.0,5,14707.854000000001,34.93,3266.86,3737.91,3626.55,9170,1084
Cebu Pacific,MNL-OZC,2024.0,5,7070.976000000001,46.34,10000.0,3737.91,6049.62,9170,136
Cebu Pacific,MNL-PAG,2024.0,5,2410.56,46.34,10000.0,3737.91,7363.79,9170,68
AirAsia,MNL-PPS,2024.0,5,4785.78,14.91,4641.71,3737.91,3854.25,9170,420
Cebu Pacific,MNL-PPS,2024.0,5,16118.784,46.34,4641.71,3737.91,3854.25,9170,420
Philippine Airlines,MNL-PPS,2024.0,5,4734.926,34.93,4641.71,3737.91,3854.25,9170,420
AirAsia,MNL-TAC,2024.0,5,9725.94,14.91,3419.73,3737.91,3242.42,9170,673
Cebu Pacific,MNL-TAC,2024.0,5,9642.24,46.34,3419.73,3737.91,3242.42,9170,673
Philippine Airlines,MNL-TAC,2024.0,5,13415.36,34.93,3419.73,3737.91,3242.42,9170,673
AirAsia,MNL-TAG,2024.0,5,9725.94,14.91,3357.74,3737.91,3565.48,9170,466
Cebu Pacific,MNL-TAG,2024.0,5,11162.880000000001,46.34,3357.74,3737.91,3565.48,9170,466
Philippine Airlines,MNL-TAG,2024.0,5,9121.812,34.93,3357.74,3737.91,3565.48,9170,466
Cebu Pacific,MNL-TUG,2024.0,5,4981.8240000000005,46.34,10000.0,3737.91,7577.45,9170,171
Cebgo,MNL-USU,2024.0,5,2052.864,3.83,10000.0,3737.91,5446.47,9170,320
Cebgo,MNL-WNP,2024.0,5,3048.192,3.83,10000.0,3737.91,10000.0,9170,97
Cebu Pacific,MPH-CEB,2024.0,5,4981.8240000000005,46.34,6303.98,3626.55,3113.66,1084,2751
Philippine Airlines,MPH-CEB,2024.0,5,1613.6399999999999,34.93,6303.98,3626.55,3113.66,1084,2751
Cebu Pacific,MPH-CRK,2024.0,5,5785.344,46.34,10000.0,3626.55,6580.34,1084,145
AirAsia,MPH-MNL,2024.0,5,19297.5,14.91,3324.86,3626.55,3737.91,1084,9170
Cebgo,MPH-MNL,2024.0,5,1804.032,3.83,3324.86,3626.55,3737.91,1084,9170
Cebu Pacific,MPH-MNL,2024.0,5,29408.832000000002,46.34,3324.86,3626.55,3737.91,1084,9170
Philippine Airlines,MPH-MNL,2024.0,5,18425.554,34.93,3324.86,3626.55,3737.91,1084,9170
Cebu Pacific,MPH-MPH,2024.0,5,160.704,46.34,10000.0,3626.55,3626.55,1084,1084
Cebgo,OZC-CEB,2024.0,5,559.872,3.83,10000.0,6049.62,3113.66,136,2751
Cebu Pacific,OZC-MNL,2024.0,5,7713.792,46.34,5329.89,6049.62,3737.91,136,9170
Philippine Airlines,OZC-MNL,2024.0,5,4560.906,34.93,5329.89,6049.62,3737.91,136,9170
Cebgo,PAG-CEB,2024.0,5,995.328,3.83,10000.0,7363.79,3113.66,68,2751
Cebu Pacific,PAG-MNL,2024.0,5,4981.8240000000005,46.34,10000.0,7363.79,3737.91,68,9170
Cebu Pacific,PPS-CEB,2024.0,5,2249.856,46.34,10000.0,3854.25,3113.66,420,2751
AirAsia,PPS-MNL,2024.0,5,9417.18,14.91,3469.79,3854.25,3737.91,420,9170
Cebu Pacific,PPS-MNL,2024.0,5,15215.04,46.34,3469.79,3854.25,3737.91,420,9170
Philippine Airlines,PPS-MNL,2024.0,5,14927.752,34.93,3469.79,3854.25,3737.91,420,9170
AirAsia,RXS-MNL,2024.0,5,2006.94,14.91,3706.22,3706.22,3737.91,74,9170
Cebu Pacific,RXS-MNL,2024.0,5,4821.12,46.34,3706.22,3706.22,3737.91,74,9170
Philippine Airlines,RXS-MNL,2024.0,5,4560.906,34.93,3706.22,3706.22,3737.91,74,9170
Cebgo,SUG-CEB,2024.0,5,186.624,3.83,10000.0,10000.0,3113.66,3,2751
Cebgo,TAC-CEB,2024.0,5,622.0799999999999,3.83,6042.34,3242.42,3113.66,673,2751
Philippine Airlines,TAC-CEB,2024.0,5,1667.4279999999999,34.93,6042.34,3242.42,3113.66,673,2751
AirAsia,TAC-MNL,2024.0,5,17209.22,14.91,3608.98,3242.42,3737.91,673,9170
Cebu Pacific,TAC-MNL,2024.0,5,26355.456000000002,46.34,3608.98,3242.42,3737.91,673,9170
Philippine Airlines,TAC-MNL,2024.0,5,13345.752,34.93,3608.98,3242.42,3737.91,673,9170
Philippine Airlines,TAG-DVO,2024.0,5,914.396,34.93,10000.0,3565.48,4907.3,466,1211
AirAsia,TAG-MNL,2024.0,5,9571.56,14.91,3974.72,3565.48,3737.91,466,9170
Cebu Pacific,TAG-MNL,2024.0,5,22123.584,46.34,3974.72,3565.48,3737.91,466,9170
Philippine Airlines,TAG-MNL,2024.0,5,9268.938,34.93,3974.72,3565.48,3737.91,466,9170
Cebu Pacific,TUG-MNL,2024.0,5,18320.256,46.34,7142.07,7577.45,3737.91,171,9170
Philippine Airlines,TUG-MNL,2024.0,5,3825.2760000000003,34.93,7142.07,7577.45,3737.91,171,9170
Cebgo,USU-CEB,2024.0,5,2674.944,3.83,5390.79,5446.47,3113.66,320,2751
Philippine Airlines,USU-CEB,2024.0,5,1506.0639999999999,34.93,5390.79,5446.47,3113.66,320,2751
Philippine Airlines,USU-CRK,2024.0,5,968.184,34.93,10000.0,5446.47,6580.34,320,145
Cebgo,USU-MNL,2024.0,5,5598.72,3.83,6403.01,5446.47,3737.91,320,9170
Philippine Airlines,USU-MNL,2024.0,5,1721.216,34.93,6403.01,5446.47,3737.91,320,9170
Cebgo,WNP-MNL,2024.0,5,2985.984,3.83,10000.0,10000.0,3737.91,97,9170
Cebu Pacific,ZAM-CEB,2024.0,5,2731.9680000000003,46.34,5521.13,5791.65,3113.66,223,2751
Philippine Airlines,ZAM-CEB,2024.0,5,1398.4879999999998,34.93,5521.13,5791.65,3113.66,223,2751
Cebu Pacific,ZAM-MNL,2024.0,5,19643.904000000002,46.34,6314.8,5791.65,3737.91,223,9170
Philippine Airlines,ZAM-MNL,2024.0,5,6326.418000000001,34.93,6314.8,5791.65,3737.91,223,9170
Philippine Airlines,ZAM-TWT,2024.0,5,1912.6380000000001,34.93,10000.0,5791.65,10000.0,223,21
Cebgo,BCD-CEB,2024.0,6,756.0,3.77,5549.74,3614.01,3154.47,700,2848
Philippine Airlines,BCD-CEB,2024.0,6,1506.0639999999999,34.67,5549.74,3614.01,3154.47,700,2848
Cebu Pacific,BCD-DVO,2024.0,6,3580.5,46.72,10000.0,3614.01,4858.32,700,1231
AirAsia,BCD-MNL,2024.0,6,11887.26,14.84,3600.74,3614.01,3746.32,700,8940
Cebu Pacific,BCD-MNL,2024.0,6,24853.5,46.72,3600.74,3614.01,3746.32,700,8940
Philippine Airlines,BCD-MNL,2024.0,6,21599.046000000002,34.67,3600.74,3614.01,3746.32,700,8940
Philippine Airlines,BPA-CEB,2024.0,6,322.72799999999995,34.67,10000.0,10000.0,3154.47,14,2848
Cebgo,BXU-CEB,2024.0,6,2205.0,3.77,5177.36,4333.9,3154.47,421,2848
Philippine Airlines,BXU-CEB,2024.0,6,1506.0639999999999,34.67,5177.36,4333.9,3154.47,421,2848
Cebu Pacific,BXU-MNL,2024.0,6,13662.25,46.72,5231.07,4333.9,3746.32,421,8940
Philippine Airlines,BXU-MNL,2024.0,6,8827.56,34.67,5231.07,4333.9,3746.32,421,8940
Philippine Airlines,CBO-MNL,2024.0,6,4413.78,34.67,10000.0,10000.0,3746.32,68,8940
Philippine Airlines,CBO-TWT,2024.0,6,430.304,34.67,10000.0,10000.0,10000.0,68,19
Cebgo,CEB-BCD,2024.0,6,819.0,3.77,5388.7,3154.47,3614.01,2848,700
Philippine Airlines,CEB-BCD,2024.0,6,1452.2759999999998,34.67,5388.7,3154.47,3614.01,2848,700
Philippine Airlines,CEB-BPA,2024.0,6,430.304,34.67,10000.0,3154.47,10000.0,2848,14
Cebgo,CEB-BXU,2024.0,6,2205.0,3.77,5146.82,3154.47,4333.9,2848,421
Philippine Airlines,CEB-BXU,2024.0,6,1559.8519999999999,34.67,5146.82,3154.47,4333.9,2848,421
Cebgo,CEB-CEB,2024.0,6,63.0,3.77,5341.46,3154.47,3154.47,2848,2848
Philippine Airlines,CEB-CEB,2024.0,6,107.576,34.67,5341.46,3154.47,3154.47,2848,2848
Cebgo,CEB-CGM,2024.0,6,315.0,3.77,10000.0,3154.47,10000.0,2848,10
Cebgo,CEB-CGY,2024.0,6,2394.0,3.77,5118.87,3154.47,3947.04,2848,877
Philippine Airlines,CEB-CGY,2024.0,6,3266.83,34.67,5118.87,3154.47,3947.04,2848,877
Cebu Pacific,CEB-CRK,2024.0,6,2766.75,46.72,10000.0,3154.47,8423.29,2848,144
Cebgo,CEB-CYP,2024.0,6,1008.0,3.77,10000.0,3154.47,5286.62,2848,55
Cebgo,CEB-DGT,2024.0,6,567.0,3.77,10000.0,3154.47,4990.25,2848,310
Cebgo,CEB-DRP,2024.0,6,189.0,3.77,10000.0,3154.47,4921.66,2848,304
Cebu Pacific,CEB-DVO,2024.0,6,5859.0,46.72,5031.11,3154.47,4858.32,2848,1231
Philippine Airlines,CEB-DVO,2024.0,6,5002.284,34.67,5031.11,3154.47,4858.32,2848,1231
Philippine Airlines,CEB-GES,2024.0,6,1613.6399999999999,34.67,10000.0,3154.47,5028.19,2848,329
Cebgo,CEB-IAO,2024.0,6,5607.0,3.77,5133.08,3154.47,5108.94,2848,469
Philippine Airlines,CEB-IAO,2024.0,6,4034.1,34.67,5133.08,3154.47,5108.94,2848,469
Cebgo,CEB-ILO,2024.0,6,1134.0,3.77,10000.0,3154.47,3209.94,2848,763
AirAsia,CEB-MNL,2024.0,6,18216.84,14.84,3921.96,3154.47,3746.32,2848,8940
Cebu Pacific,CEB-MNL,2024.0,6,54655.125,46.72,3921.96,3154.47,3746.32,2848,8940
Philippine Airlines,CEB-MNL,2024.0,6,33720.33,34.67,3921.96,3154.47,3746.32,2848,8940
Cebu Pacific,CEB-MPH,2024.0,6,4719.75,46.72,6202.63,3154.47,3513.24,2848,1032
Philippine Airlines,CEB-MPH,2024.0,6,1613.6399999999999,34.67,6202.63,3154.47,3513.24,2848,1032
Cebgo,CEB-PAG,2024.0,6,1134.0,3.77,10000.0,3154.47,7163.2,2848,138
Cebu Pacific,CEB-PPS,2024.0,6,2278.5,46.72,10000.0,3154.47,4158.17,2848,429
Cebgo,CEB-SUG,2024.0,6,630.0,3.77,10000.0,3154.47,10000.0,2848,24
Cebgo,CEB-TAC,2024.0,6,1512.0,3.77,5000.02,3154.47,3208.78,2848,649
Philippine Airlines,CEB-TAC,2024.0,6,1506.0639999999999,34.67,5000.02,3154.47,3208.78,2848,649
Cebgo,CEB-USU,2024.0,6,1827.0,3.77,5010.43,3154.47,5362.57,2848,293
Philippine Airlines,CEB-USU,2024.0,6,1667.4279999999999,34.67,5010.43,3154.47,5362.57,2848,293
Philippine Airlines,CEB-ZAM,2024.0,6,53.788,34.67,10000.0,3154.47,5995.65,2848,244
Cebgo,CGM-CEB,2024.0,6,315.0,3.77,10000.0,10000.0,3154.47,10,2848
Cebgo,CGY-CEB,2024.0,6,2394.0,3.77,5106.69,3947.04,3154.47,877,2848
Philippine Airlines,CGY-CEB,2024.0,6,3213.042,34.67,5106.69,3947.04,3154.47,877,2848
Cebgo,CGY-DVO,2024.0,6,1134.0,3.77,10000.0,3947.04,4858.32,877,1231
Cebu Pacific,CGY-ILO,2024.0,6,2604.0,46.72,10000.0,3947.04,3209.94,877,763
AirAsia,CGY-MNL,2024.0,6,4631.4,14.84,4308.34,3947.04,3746.32,877,8940
Cebu Pacific,CGY-MNL,2024.0,6,27088.25,46.72,4308.34,3947.04,3746.32,877,8940
Philippine Airlines,CGY-MNL,2024.0,6,20662.502,34.67,4308.34,3947.04,3746.32,877,8940
Cebu Pacific,CRK-CEB,2024.0,6,488.25,46.72,10000.0,8423.29,3154.47,144,2848
Cebu Pacific,CRK-MNL,2024.0,6,162.75,46.72,10000.0,8423.29,3746.32,144,8940
Cebu Pacific,CRK-MPH,2024.0,6,7486.5,46.72,10000.0,8423.29,3513.24,144,1032
Philippine Airlines,CRK-USU,2024.0,6,860.608,34.67,10000.0,8423.29,5362.57,144,293
Cebgo,CYP-CEB,2024.0,6,1008.0,3.77,10000.0,5286.62,3154.47,55,2848
Philippine Airlines,CYP-MNL,2024.0,6,537.88,34.67,10000.0,5286.62,3746.32,55,8940
Cebu Pacific,CYZ-MNL,2024.0,6,4394.25,46.72,10000.0,10000.0,3746.32,56,8940
Cebgo,DGT-CEB,2024.0,6,567.0,3.77,10000.0,4990.25,3154.47,310,2848
Cebu Pacific,DGT-MNL,2024.0,6,11555.25,46.72,5140.34,4990.25,3746.32,310,8940
Philippine Airlines,DGT-MNL,2024.0,6,8239.056,34.67,5140.34,4990.25,3746.32,310,8940
Cebu Pacific,DPL-MNL,2024.0,6,4882.5,46.72,5022.65,5028.85,3746.32,117,8940
Philippine Airlines,DPL-MNL,2024.0,6,4266.654,34.67,5022.65,5028.85,3746.32,117,8940
Cebgo,DRP-CEB,2024.0,6,189.0,3.77,10000.0,4921.66,3154.47,304,2848
Cebu Pacific,DRP-MNL,2024.0,6,10843.0,46.72,5003.13,4921.66,3746.32,304,8940
Philippine Airlines,DRP-MNL,2024.0,6,11399.892,34.67,5003.13,4921.66,3746.32,304,8940
Cebu Pacific,DVO-BCD,2024.0,6,3255.0,46.72,10000.0,4858.32,3614.01,1231,700
Cebu Pacific,DVO-CEB,2024.0,6,5859.0,46.72,5040.2,4858.32,3154.47,1231,2848
Philippine Airlines,DVO-CEB,2024.0,6,4894.708,34.67,5040.2,4858.32,3154.47,1231,2848
Cebgo,DVO-CGY,2024.0,6,1134.0,3.77,10000.0,4858.32,3947.04,1231,877
Cebgo,DVO-IAO,2024.0,6,756.0,3.77,10000.0,4858.32,5108.94,1231,469
Cebu Pacific,DVO-MNL,2024.0,6,44357.25,46.72,5033.5,4858.32,3746.32,1231,8940
Philippine Airlines,DVO-MNL,2024.0,6,37645.272000000004,34.67,5033.5,4858.32,3746.32,1231,8940
Philippine Airlines,DVO-TAG,2024.0,6,806.8199999999999,34.67,10000.0,4858.32,3368.85,1231,372
Philippine Airlines,EUQ-MNL,2024.0,6,645.4559999999999,34.67,10000.0,10000.0,3746.32,24,8940
Philippine Airlines,GES-CEB,2024.0,6,1559.8519999999999,34.67,10000.0,5028.19,3154.47,329,2848
Cebu Pacific,GES-MNL,2024.0,6,16717.75,46.72,5091.92,5028.19,3746.32,329,8940
Philippine Airlines,GES-MNL,2024.0,6,12725.608,34.67,5091.92,5028.19,3746.32,329,8940
Cebgo,IAO-CEB,2024.0,6,4347.0,3.77,5020.91,5108.94,3154.47,469,2848
Philippine Airlines,IAO-CEB,2024.0,6,3818.948,34.67,5020.91,5108.94,3154.47,469,2848
Cebgo,IAO-DVO,2024.0,6,756.0,3.77,10000.0,5108.94,4858.32,469,1231
Philippine Airlines,IAO-MNL,2024.0,6,2958.3399999999997,34.67,10000.0,5108.94,3746.32,469,8940
Cebgo,ILO-CEB,2024.0,6,1323.0,3.77,10000.0,3209.94,3154.47,763,2848
Cebu Pacific,ILO-CGY,2024.0,6,2604.0,46.72,10000.0,3209.94,3947.04,763,877
AirAsia,ILO-MNL,2024.0,6,23314.7,14.84,3460.54,3209.94,3746.32,763,8940
Cebu Pacific,ILO-MNL,2024.0,6,14735.0,46.72,3460.54,3209.94,3746.32,763,8940
Philippine Airlines,ILO-MNL,2024.0,6,17251.71,34.67,3460.54,3209.94,3746.32,763,8940
AirAsia,KLO-KLO,2024.0,6,154.38,14.84,10000.0,6172.16,6172.16,242,242
AirAsia,KLO-MNL,2024.0,6,13894.199999999999,14.84,6151.71,6172.16,3746.32,242,8940
Cebu Pacific,KLO-MNL,2024.0,6,4882.5,46.72,6151.71,6172.16,3746.32,242,8940
Philippine Airlines,LAO-MNL,2024.0,6,8292.844000000001,34.67,10000.0,10000.0,3746.32,85,8940
AirAsia,MNL-BCD,2024.0,6,7410.24,14.84,3643.06,3746.32,3614.01,8940,700
Cebu Pacific,MNL-BCD,2024.0,6,16576.0,46.72,3643.06,3746.32,3614.01,8940,700
Philippine Airlines,MNL-BCD,2024.0,6,13488.132,34.67,3643.06,3746.32,3614.01,8940,700
Philippine Airlines,MNL-BSO,2024.0,6,1559.8519999999999,34.67,10000.0,3746.32,10000.0,8940,29
Cebu Pacific,MNL-BXU,2024.0,6,13336.75,46.72,5206.95,3746.32,4333.9,8940,421
Philippine Airlines,MNL-BXU,2024.0,6,8827.56,34.67,5206.95,3746.32,4333.9,8940,421
Philippine Airlines,MNL-CBO,2024.0,6,4413.78,34.67,10000.0,3746.32,10000.0,8940,68
AirAsia,MNL-CEB,2024.0,6,22693.86,14.84,3544.4,3746.32,3154.47,8940,2848
Cebu Pacific,MNL-CEB,2024.0,6,43114.75,46.72,3544.4,3746.32,3154.47,8940,2848
Philippine Airlines,MNL-CEB,2024.0,6,33679.198000000004,34.67,3544.4,3746.32,3154.47,8940,2848
AirAsia,MNL-CGY,2024.0,6,4631.4,14.84,4470.81,3746.32,3947.04,8940,877
Cebu Pacific,MNL-CGY,2024.0,6,29760.5,46.72,4470.81,3746.32,3947.04,8940,877
Philippine Airlines,MNL-CGY,2024.0,6,18370.184,34.67,4470.81,3746.32,3947.04,8940,877
Philippine Airlines,MNL-CRM,2024.0,6,914.396,34.67,10000.0,3746.32,10000.0,8940,17
Philippine Airlines,MNL-CYP,2024.0,6,699.2439999999999,34.67,10000.0,3746.32,5286.62,8940,55
Cebu Pacific,MNL-CYZ,2024.0,6,4719.75,46.72,10000.0,3746.32,10000.0,8940,56
Cebu Pacific,MNL-DGT,2024.0,6,14484.75,46.72,5377.72,3746.32,4990.25,8940,310
Philippine Airlines,MNL-DGT,2024.0,6,8239.056,34.67,5377.72,3746.32,4990.25,8940,310
Cebu Pacific,MNL-DPL,2024.0,6,4882.5,46.72,5035.92,3746.32,5028.85,8940,117
Philippine Airlines,MNL-DPL,2024.0,6,4119.528,34.67,5035.92,3746.32,5028.85,8940,117
Cebu Pacific,MNL-DRP,2024.0,6,11044.25,46.72,5004.77,3746.32,4921.66,8940,304
Philippine Airlines,MNL-DRP,2024.0,6,11747.932,34.67,5004.77,3746.32,4921.66,8940,304
Cebu Pacific,MNL-DVO,2024.0,6,42054.25,46.72,5020.55,3746.32,4858.32,8940,1231
Philippine Airlines,MNL-DVO,2024.0,6,36987.16,34.67,5020.55,3746.32,4858.32,8940,1231
Philippine Airlines,MNL-EUQ,2024.0,6,645.4559999999999,34.67,10000.0,3746.32,10000.0,8940,24
Cebu Pacific,MNL-GES,2024.0,6,16555.0,46.72,5085.52,3746.32,5028.19,8940,329
Philippine Airlines,MNL-GES,2024.0,6,12725.608,34.67,5085.52,3746.32,5028.19,8940,329
Philippine Airlines,MNL-IAO,2024.0,6,4625.768,34.67,10000.0,3746.32,5108.94,8940,469
AirAsia,MNL-ILO,2024.0,6,18216.84,14.84,3366.08,3746.32,3209.94,8940,763
Cebu Pacific,MNL-ILO,2024.0,6,16765.0,46.72,3366.08,3746.32,3209.94,8940,763
Philippine Airlines,MNL-ILO,2024.0,6,21224.112,34.67,3366.08,3746.32,3209.94,8940,763
AirAsia,MNL-KLO,2024.0,6,13894.199999999999,14.84,6151.71,3746.32,6172.16,8940,242
Cebu Pacific,MNL-KLO,2024.0,6,4882.5,46.72,6151.71,3746.32,6172.16,8940,242
Philippine Airlines,MNL-LAO,2024.0,6,4119.528,34.67,10000.0,3746.32,10000.0,8940,85
Cebgo,MNL-MBT,2024.0,6,63.0,3.77,10000.0,3746.32,10000.0,8940,1
Cebu Pacific,MNL-MNL,2024.0,6,162.75,46.72,5208.29,3746.32,3746.32,8940,8940
Philippine Airlines,MNL-MNL,2024.0,6,107.576,34.67,5208.29,3746.32,3746.32,8940,8940
AirAsia,MNL-MPH,2024.0,6,14511.72,14.84,3126.22,3746.32,3513.24,8940,1032
Cebgo,MNL-MPH,2024.0,6,1953.0,3.77,3126.22,3746.32,3513.24,8940,1032
Cebu Pacific,MNL-MPH,2024.0,6,18228.0,46.72,3126.22,3746.32,3513.24,8940,1032
Philippine Airlines,MNL-MPH,2024.0,6,14747.404,34.67,3126.22,3746.32,3513.24,8940,1032
Cebu Pacific,MNL-OZC,2024.0,6,7323.75,46.72,10000.0,3746.32,6576.79,8940,126
Cebu Pacific,MNL-PAG,2024.0,6,4882.5,46.72,10000.0,3746.32,7163.2,8940,138
AirAsia,MNL-PPS,2024.0,6,4631.4,14.84,4815.3,3746.32,4158.17,8940,429
Cebu Pacific,MNL-PPS,2024.0,6,15921.5,46.72,4815.3,3746.32,4158.17,8940,429
Philippine Airlines,MNL-PPS,2024.0,6,4042.01,34.67,4815.3,3746.32,4158.17,8940,429
Cebu Pacific,MNL-RXS,2024.0,6,4557.0,46.72,10000.0,3746.32,5288.67,8940,132
AirAsia,MNL-TAC,2024.0,6,9262.8,14.84,3406.69,3746.32,3208.78,8940,649
Cebu Pacific,MNL-TAC,2024.0,6,9765.0,46.72,3406.69,3746.32,3208.78,8940,649
Philippine Airlines,MNL-TAC,2024.0,6,12826.856,34.67,3406.69,3746.32,3208.78,8940,649
AirAsia,MNL-TAG,2024.0,6,8490.9,14.84,3427.36,3746.32,3368.85,8940,372
Cebu Pacific,MNL-TAG,2024.0,6,5661.25,46.72,3427.36,3746.32,3368.85,8940,372
Philippine Airlines,MNL-TAG,2024.0,6,8049.216,34.67,3427.36,3746.32,3368.85,8940,372
Cebu Pacific,MNL-TUG,2024.0,6,4882.5,46.72,10000.0,3746.32,7801.48,8940,153
Cebgo,MNL-USU,2024.0,6,1953.0,3.77,10000.0,3746.32,5362.57,8940,293
Cebgo,MNL-WNP,2024.0,6,3024.0,3.77,10000.0,3746.32,10000.0,8940,97
Cebu Pacific,MPH-CEB,2024.0,6,4882.5,46.72,6329.99,3513.24,3154.47,1032,2848
Philippine Airlines,MPH-CEB,2024.0,6,1559.8519999999999,34.67,6329.99,3513.24,3154.47,1032,2848
Cebu Pacific,MPH-CRK,2024.0,6,7323.75,46.72,10000.0,3513.24,8423.29,1032,144
AirAsia,MPH-MNL,2024.0,6,18834.36,14.84,3198.44,3513.24,3746.32,1032,8940
Cebgo,MPH-MNL,2024.0,6,1890.0,3.77,3198.44,3513.24,3746.32,1032,8940
Cebu Pacific,MPH-MNL,2024.0,6,24412.5,46.72,3198.44,3513.24,3746.32,1032,8940
Philippine Airlines,MPH-MNL,2024.0,6,18866.932,34.67,3198.44,3513.24,3746.32,1032,8940
Cebu Pacific,MPH-MPH,2024.0,6,162.75,46.72,10000.0,3513.24,3513.24,1032,1032
Cebgo,OZC-CEB,2024.0,6,189.0,3.77,10000.0,6576.79,3154.47,126,2848
Cebu Pacific,OZC-MNL,2024.0,6,7812.0,46.72,5530.79,6576.79,3746.32,126,8940
Philippine Airlines,OZC-MNL,2024.0,6,3972.402,34.67,5530.79,6576.79,3746.32,126,8940
Cebgo,PAG-CEB,2024.0,6,1890.0,3.77,10000.0,7163.2,3154.47,138,2848
Cebu Pacific,PAG-MNL,2024.0,6,9765.0,46.72,10000.0,7163.2,3746.32,138,8940
Cebu Pacific,PPS-CEB,2024.0,6,2278.5,46.72,10000.0,4158.17,3154.47,429,2848
AirAsia,PPS-MNL,2024.0,6,8954.039999999999,14.84,3687.88,4158.17,3746.32,429,8940
Cebu Pacific,PPS-MNL,2024.0,6,20401.5,46.72,3687.88,4158.17,3746.32,429,8940
Philippine Airlines,PPS-MNL,2024.0,6,13801.368,34.67,3687.88,4158.17,3746.32,429,8940
AirAsia,RXS-MNL,2024.0,6,2006.94,14.84,4507.07,5288.67,3746.32,132,8940
Cebu Pacific,RXS-MNL,2024.0,6,9602.25,46.72,4507.07,5288.67,3746.32,132,8940
Philippine Airlines,RXS-MNL,2024.0,6,4413.78,34.67,4507.07,5288.67,3746.32,132,8940
Cebgo,SUG-CEB,2024.0,6,882.0,3.77,10000.0,10000.0,3154.47,24,2848
Cebgo,TAC-CEB,2024.0,6,630.0,3.77,5901.5,3208.78,3154.47,649,2848
Philippine Airlines,TAC-CEB,2024.0,6,1559.8519999999999,34.67,5901.5,3208.78,3154.47,649,2848
AirAsia,TAC-MNL,2024.0,6,18289.88,14.84,3527.0,3208.78,3746.32,649,8940
Cebu Pacific,TAC-MNL,2024.0,6,23761.5,46.72,3527.0,3208.78,3746.32,649,8940
Philippine Airlines,TAC-MNL,2024.0,6,12939.178,34.67,3527.0,3208.78,3746.32,649,8940
Philippine Airlines,TAG-DVO,2024.0,6,806.8199999999999,34.67,10000.0,3368.85,4858.32,372,1231
AirAsia,TAG-MNL,2024.0,6,8645.279999999999,14.84,3677.88,3368.85,3746.32,372,8940
Cebu Pacific,TAG-MNL,2024.0,6,15986.25,46.72,3677.88,3368.85,3746.32,372,8940
Philippine Airlines,TAG-MNL,2024.0,6,8343.468,34.67,3677.88,3368.85,3746.32,372,8940
Cebu Pacific,TUG-MNL,2024.0,6,16600.5,46.72,7354.17,7801.48,3746.32,153,8940
Philippine Airlines,TUG-MNL,2024.0,6,3089.646,34.67,7354.17,7801.48,3746.32,153,8940
Cebgo,USU-CEB,2024.0,6,1890.0,3.77,5031.11,5362.57,3154.47,293,2848
Philippine Airlines,USU-CEB,2024.0,6,1613.6399999999999,34.67,5031.11,5362.57,3154.47,293,2848
Philippine Airlines,USU-CRK,2024.0,6,860.608,34.67,10000.0,5362.57,8423.29,293,144
Cebgo,USU-MNL,2024.0,6,5355.0,3.77,6791.48,5362.57,3746.32,293,8940
Philippine Airlines,USU-MNL,2024.0,6,1344.6999999999998,34.67,6791.48,5362.57,3746.32,293,8940
Cebgo,WNP-MNL,2024.0,6,3087.0,3.77,10000.0,10000.0,3746.32,97,8940
Cebu Pacific,ZAM-CEB,2024.0,6,1464.75,46.72,5011.7,5995.65,3154.47,244,2848
Philippine Airlines,ZAM-CEB,2024.0,6,1613.6399999999999,34.67,5011.7,5995.65,3154.47,244,2848
Cebu Pacific,ZAM-MNL,2024.0,6,24164.0,46.72,6623.77,5995.65,3746.32,244,8940
Philippine Airlines,ZAM-MNL,2024.0,6,6620.67,34.67,6623.77,5995.65,3746.32,244,8940
Philippine Airlines,ZAM-TWT,2024.0,6,1525.048,34.67,10000.0,5995.65,10000.0,244,19
Cebgo,BCD-CEB,2024.0,7,1342.656,3.75,5582.52,3459.44,3049.34,713,2786
Philippine Airlines,BCD-CEB,2024.0,7,659.328,33.47,5582.52,3459.44,3049.34,713,2786
Cebu Pacific,BCD-DVO,2024.0,7,3468.5280000000002,46.84,10000.0,3459.44,4897.18,713,1267
AirAsia,BCD-MNL,2024.0,7,14401.98,15.93,3552.18,3459.44,3702.13,713,9045
Cebu Pacific,BCD-MNL,2024.0,7,27826.368000000002,46.84,3552.18,3459.44,3702.13,713,9045
Philippine Airlines,BCD-MNL,2024.0,7,22237.776,33.47,3552.18,3459.44,3702.13,713,9045
Philippine Airlines,BPA-CEB,2024.0,7,439.552,33.47,10000.0,10000.0,3049.34,17,2786
Philippine Airlines,BSO-CRK,2024.0,7,714.272,33.47,10000.0,10000.0,7949.75,49,219
Cebgo,BXU-CEB,2024.0,7,1342.656,3.75,5012.42,4594.49,3049.34,386,2786
Philippine Airlines,BXU-CEB,2024.0,7,1483.488,33.47,5012.42,4594.49,3049.34,386,2786
Cebu Pacific,BXU-MNL,2024.0,7,13934.496000000001,46.84,5229.5,4594.49,3702.13,386,9045
Philippine Airlines,BXU-MNL,2024.0,7,9017.28,33.47,5229.5,4594.49,3702.13,386,9045
Philippine Airlines,CBO-MNL,2024.0,7,4809.216,33.47,10000.0,10000.0,3702.13,72,9045
Philippine Airlines,CBO-TWT,2024.0,7,439.552,33.47,10000.0,10000.0,5334.31,72,28
Cebgo,CEB-BCD,2024.0,7,1342.656,3.75,5582.52,3049.34,3459.44,2786,713
Philippine Airlines,CEB-BCD,2024.0,7,659.328,33.47,5582.52,3049.34,3459.44,2786,713
Philippine Airlines,CEB-BPA,2024.0,7,494.49600000000004,33.47,10000.0,3049.34,10000.0,2786,17
Cebgo,CEB-BXU,2024.0,7,1342.656,3.75,5004.8,3049.34,4594.49,2786,386
Philippine Airlines,CEB-BXU,2024.0,7,1428.544,33.47,5004.8,3049.34,4594.49,2786,386
Cebgo,CEB-CEB,2024.0,7,63.936,3.75,10000.0,3049.34,3049.34,2786,2786
Cebgo,CEB-CGM,2024.0,7,575.424,3.75,10000.0,3049.34,10000.0,2786,18
Cebgo,CEB-CGY,2024.0,7,2557.44,3.75,5015.31,3049.34,3937.99,2786,883
Philippine Airlines,CEB-CGY,2024.0,7,2857.088,33.47,5015.31,3049.34,3937.99,2786,883
Cebu Pacific,CEB-CRK,2024.0,7,4789.872,46.84,10000.0,3049.34,7949.75,2786,219
Cebgo,CEB-CYP,2024.0,7,895.104,3.75,10000.0,3049.34,5063.13,2786,54
Cebgo,CEB-DGT,2024.0,7,767.232,3.75,10000.0,3049.34,4754.11,2786,294
Cebgo,CEB-DPL,2024.0,7,63.936,3.75,10000.0,3049.34,4950.8,2786,116
Cebgo,CEB-DRP,2024.0,7,575.424,3.75,10000.0,3049.34,4746.58,2786,304
Cebgo,CEB-DVO,2024.0,7,63.936,3.75,5080.04,3049.34,4897.18,2786,1267
Cebu Pacific,CEB-DVO,2024.0,7,7102.224,46.84,5080.04,3049.34,4897.18,2786,1267
Philippine Airlines,CEB-DVO,2024.0,7,5109.792,33.47,5080.04,3049.34,4897.18,2786,1267
Philippine Airlines,CEB-GES,2024.0,7,1263.712,33.47,10000.0,3049.34,5174.21,2786,331
Cebgo,CEB-IAO,2024.0,7,5946.048,3.75,5276.71,3049.34,5062.42,2786,479
Philippine Airlines,CEB-IAO,2024.0,7,3681.248,33.47,5276.71,3049.34,5062.42,2786,479
Cebgo,CEB-ILO,2024.0,7,1278.72,3.75,7973.88,3049.34,3253.88,2786,868
Cebu Pacific,CEB-ILO,2024.0,7,165.168,46.84,7973.88,3049.34,3253.88,2786,868
AirAsia,CEB-MNL,2024.0,7,20030.34,15.93,3798.91,3049.34,3702.13,2786,9045
Cebu Pacific,CEB-MNL,2024.0,7,51752.64,46.84,3798.91,3049.34,3702.13,2786,9045
Philippine Airlines,CEB-MNL,2024.0,7,32820.96,33.47,3798.91,3049.34,3702.13,2786,9045
Cebu Pacific,CEB-MPH,2024.0,7,5120.2080000000005,46.84,6664.36,3049.34,3492.73,2786,1071
Philippine Airlines,CEB-MPH,2024.0,7,1373.6000000000001,33.47,6664.36,3049.34,3492.73,2786,1071
Cebgo,CEB-PAG,2024.0,7,831.168,3.75,10000.0,3049.34,7139.19,2786,134
Cebu Pacific,CEB-PPS,2024.0,7,2312.352,46.84,10000.0,3049.34,4005.24,2786,433
Cebgo,CEB-SUG,2024.0,7,959.04,3.75,10000.0,3049.34,10000.0,2786,42
Cebgo,CEB-TAC,2024.0,7,1470.528,3.75,5026.89,3049.34,3234.41,2786,688
Philippine Airlines,CEB-TAC,2024.0,7,1703.2640000000001,33.47,5026.89,3049.34,3234.41,2786,688
Cebgo,CEB-USU,2024.0,7,1918.08,3.75,5368.65,3049.34,5608.35,2786,278
Philippine Airlines,CEB-USU,2024.0,7,1098.88,33.47,5368.65,3049.34,5608.35,2786,278
Cebgo,CGM-CEB,2024.0,7,575.424,3.75,10000.0,10000.0,3049.34,18,2786
Cebgo,CGY-CEB,2024.0,7,2557.44,3.75,5027.48,3937.99,3049.34,883,2786
Philippine Airlines,CGY-CEB,2024.0,7,2966.976,33.47,5027.48,3937.99,3049.34,883,2786
Cebgo,CGY-DVO,2024.0,7,1022.976,3.75,10000.0,3937.99,4897.18,883,1267
Cebu Pacific,CGY-ILO,2024.0,7,2973.0240000000003,46.84,10000.0,3937.99,3253.88,883,868
AirAsia,CGY-MNL,2024.0,7,5131.74,15.93,4257.72,3937.99,3702.13,883,9045
Cebu Pacific,CGY-MNL,2024.0,7,28046.592,46.84,4257.72,3937.99,3702.13,883,9045
Philippine Airlines,CGY-MNL,2024.0,7,22216.768,33.47,4257.72,3937.99,3702.13,883,9045
Philippine Airlines,CRK-BSO,2024.0,7,714.272,33.47,10000.0,7949.75,10000.0,219,49
Cebu Pacific,CRK-CEB,2024.0,7,1982.016,46.84,10000.0,7949.75,3049.34,219,2786
Philippine Airlines,CRK-CRK,2024.0,7,54.944,33.47,10000.0,7949.75,7949.75,219,219
Cebu Pacific,CRK-MNL,2024.0,7,204.24,46.84,10000.0,7949.75,3702.13,219,9045
Cebu Pacific,CRK-MPH,2024.0,7,9579.744,46.84,10000.0,7949.75,3492.73,219,1071
Philippine Airlines,CRK-USU,2024.0,7,1043.9360000000001,33.47,10000.0,7949.75,5608.35,219,278
Cebgo,CYP-CEB,2024.0,7,895.104,3.75,10000.0,5063.13,3049.34,54,2786
Philippine Airlines,CYP-MNL,2024.0,7,714.272,33.47,10000.0,5063.13,3702.13,54,9045
Cebu Pacific,CYZ-MNL,2024.0,7,4789.872,46.84,10000.0,10000.0,3702.13,58,9045
Cebgo,DGT-CEB,2024.0,7,767.232,3.75,10000.0,4754.11,3049.34,294,2786
Cebu Pacific,DGT-MNL,2024.0,7,9910.08,46.84,5020.52,4754.11,3702.13,294,9045
Philippine Airlines,DGT-MNL,2024.0,7,8716.704000000002,33.47,5020.52,4754.11,3702.13,294,9045
Cebgo,DPL-CEB,2024.0,7,63.936,3.75,10000.0,4950.8,3049.34,116,2786
Cebu Pacific,DPL-MNL,2024.0,7,4789.872,46.84,5020.9,4950.8,3702.13,116,9045
Philippine Airlines,DPL-MNL,2024.0,7,4208.064,33.47,5020.9,4950.8,3702.13,116,9045
Cebgo,DRP-CEB,2024.0,7,575.424,3.75,10000.0,4746.58,3049.34,304,2786
Cebu Pacific,DRP-MNL,2024.0,7,10547.664,46.84,5000.04,4746.58,3702.13,304,9045
Philippine Airlines,DRP-MNL,2024.0,7,10607.424,33.47,5000.04,4746.58,3702.13,304,9045
Cebu Pacific,DVO-BCD,2024.0,7,3468.5280000000002,46.84,10000.0,4897.18,3459.44,1267,713
Cebu Pacific,DVO-CEB,2024.0,7,7102.224,46.84,5150.88,4897.18,3049.34,1267,2786
Philippine Airlines,DVO-CEB,2024.0,7,4999.904,33.47,5150.88,4897.18,3049.34,1267,2786
Cebgo,DVO-CGY,2024.0,7,959.04,3.75,10000.0,4897.18,3937.99,1267,883
Cebgo,DVO-IAO,2024.0,7,895.104,3.75,10000.0,4897.18,5062.42,1267,479
Cebu Pacific,DVO-MNL,2024.0,7,49558.392,46.84,5079.2,4897.18,3702.13,1267,9045
Philippine Airlines,DVO-MNL,2024.0,7,38478.576,33.47,5079.2,4897.18,3702.13,1267,9045
Philippine Airlines,DVO-TAG,2024.0,7,1153.824,33.47,10000.0,4897.18,3353.0,1267,405
Cebgo,DVO-ZAM,2024.0,7,63.936,3.75,10000.0,4897.18,6234.67,1267,239
Philippine Airlines,EUQ-MNL,2024.0,7,659.328,33.47,10000.0,10000.0,3702.13,24,9045
Philippine Airlines,GES-CEB,2024.0,7,1318.656,33.47,10000.0,5174.21,3049.34,331,2786
Cebu Pacific,GES-MNL,2024.0,7,20621.136000000002,46.84,5235.7,5174.21,3702.13,331,9045
Philippine Airlines,GES-MNL,2024.0,7,13264.128,33.47,5235.7,5174.21,3702.13,331,9045
Cebgo,IAO-CEB,2024.0,7,4731.264,3.75,5087.4,5062.42,3049.34,479,2786
Philippine Airlines,IAO-CEB,2024.0,7,3626.304,33.47,5087.4,5062.42,3049.34,479,2786
Cebgo,IAO-DVO,2024.0,7,895.104,3.75,10000.0,5062.42,4897.18,479,1267
Philippine Airlines,IAO-IAO,2024.0,7,109.888,33.47,10000.0,5062.42,5062.42,479,479
Philippine Airlines,IAO-MNL,2024.0,7,3021.92,33.47,10000.0,5062.42,3702.13,479,9045
Cebgo,ILO-CEB,2024.0,7,1406.592,3.75,10000.0,3253.88,3049.34,868,2786
Cebu Pacific,ILO-CGY,2024.0,7,2973.0240000000003,46.84,10000.0,3253.88,3937.99,868,883
AirAsia,ILO-MNL,2024.0,7,25945.28,15.93,3413.65,3253.88,3702.13,868,9045
Cebu Pacific,ILO-MNL,2024.0,7,22654.656000000003,46.84,3413.65,3253.88,3702.13,868,9045
Philippine Airlines,ILO-MNL,2024.0,7,17614.4,33.47,3413.65,3253.88,3702.13,868,9045
AirAsia,KLO-MNL,2024.0,7,15395.22,15.93,6315.97,6347.79,3702.13,245,9045
Cebu Pacific,KLO-MNL,2024.0,7,4955.04,46.84,6315.97,6347.79,3702.13,245,9045
Philippine Airlines,LAO-MNL,2024.0,7,8196.352,33.47,10000.0,10000.0,3702.13,86,9045
AirAsia,MNL-BCD,2024.0,7,9270.24,15.93,3475.73,3702.13,3459.44,9045,713
Cebu Pacific,MNL-BCD,2024.0,7,15641.232,46.84,3475.73,3702.13,3459.44,9045,713
Philippine Airlines,MNL-BCD,2024.0,7,13458.048,33.47,3475.73,3702.13,3459.44,9045,713
Philippine Airlines,MNL-BSO,2024.0,7,1263.712,33.47,10000.0,3702.13,10000.0,9045,49
Cebu Pacific,MNL-BXU,2024.0,7,13438.992,46.84,5193.85,3702.13,4594.49,9045,386
Philippine Airlines,MNL-BXU,2024.0,7,9017.28,33.47,5193.85,3702.13,4594.49,9045,386
Philippine Airlines,MNL-CBO,2024.0,7,4809.216,33.47,10000.0,3702.13,10000.0,9045,72
AirAsia,MNL-CEB,2024.0,7,24996.539999999997,15.93,3431.3,3702.13,3049.34,9045,2786
Cebgo,MNL-CEB,2024.0,7,63.936,3.75,3431.3,3702.13,3049.34,9045,2786
Cebu Pacific,MNL-CEB,2024.0,7,38737.224,46.84,3431.3,3702.13,3049.34,9045,2786
Philippine Airlines,MNL-CEB,2024.0,7,34373.936,33.47,3431.3,3702.13,3049.34,9045,2786
AirAsia,MNL-CGY,2024.0,7,5131.74,15.93,4439.85,3702.13,3937.99,9045,883
Cebu Pacific,MNL-CGY,2024.0,7,30992.976000000002,46.84,4439.85,3702.13,3937.99,9045,883
Philippine Airlines,MNL-CGY,2024.0,7,18886.192000000003,33.47,4439.85,3702.13,3937.99,9045,883
Philippine Airlines,MNL-CRM,2024.0,7,934.048,33.47,10000.0,3702.13,10000.0,9045,17
Philippine Airlines,MNL-CYP,2024.0,7,714.272,33.47,10000.0,3702.13,5063.13,9045,54
Cebu Pacific,MNL-CYZ,2024.0,7,4789.872,46.84,10000.0,3702.13,10000.0,9045,58
Cebu Pacific,MNL-DGT,2024.0,7,13543.776,46.84,5217.75,3702.13,4754.11,9045,294
Philippine Airlines,MNL-DGT,2024.0,7,8866.992,33.47,5217.75,3702.13,4754.11,9045,294
Cebu Pacific,MNL-DPL,2024.0,7,4789.872,46.84,5020.9,3702.13,4950.8,9045,116
Philippine Airlines,MNL-DPL,2024.0,7,4208.064,33.47,5020.9,3702.13,4950.8,9045,116
Cebu Pacific,MNL-DRP,2024.0,7,10382.496000000001,46.84,5002.06,3702.13,4746.58,9045,304
Philippine Airlines,MNL-DRP,2024.0,7,10812.656,33.47,5002.06,3702.13,4746.58,9045,304
Cebu Pacific,MNL-DVO,2024.0,7,45560.616,46.84,5033.15,3702.13,4897.18,9045,1267
Philippine Airlines,MNL-DVO,2024.0,7,38699.968,33.47,5033.15,3702.13,4897.18,9045,1267
Philippine Airlines,MNL-ENI,2024.0,7,150.288,33.47,10000.0,3702.13,10000.0,9045,1
Philippine Airlines,MNL-EUQ,2024.0,7,659.328,33.47,10000.0,3702.13,10000.0,9045,24
Cebu Pacific,MNL-GES,2024.0,7,21851.016,46.84,5298.99,3702.13,5174.21,9045,331
Philippine Airlines,MNL-GES,2024.0,7,13264.128,33.47,5298.99,3702.13,5174.21,9045,331
Philippine Airlines,MNL-IAO,2024.0,7,5054.848,33.47,10000.0,3702.13,5062.42,9045,479
AirAsia,MNL-ILO,2024.0,7,20195.879999999997,15.93,3349.26,3702.13,3253.88,9045,868
Cebu Pacific,MNL-ILO,2024.0,7,23936.928,46.84,3349.26,3702.13,3253.88,9045,868
Philippine Airlines,MNL-ILO,2024.0,7,22249.088000000003,33.47,3349.26,3702.13,3253.88,9045,868
AirAsia,MNL-KLO,2024.0,7,15395.22,15.93,6380.25,3702.13,6347.79,9045,245
Cebu Pacific,MNL-KLO,2024.0,7,4789.872,46.84,6380.25,3702.13,6347.79,9045,245
Philippine Airlines,MNL-LAO,2024.0,7,4369.664000000001,33.47,10000.0,3702.13,10000.0,9045,86
Cebgo,MNL-MBT,2024.0,7,63.936,3.75,10000.0,3702.13,10000.0,9045,1
Philippine Airlines,MNL-MNL,2024.0,7,54.944,33.47,10000.0,3702.13,3702.13,9045,9045
AirAsia,MNL-MPH,2024.0,7,17547.239999999998,15.93,3125.4,3702.13,3492.73,9045,1071
Cebgo,MNL-MPH,2024.0,7,1854.144,3.75,3125.4,3702.13,3492.73,9045,1071
Cebu Pacific,MNL-MPH,2024.0,7,17342.64,46.84,3125.4,3702.13,3492.73,9045,1071
Philippine Airlines,MNL-MPH,2024.0,7,15133.840000000002,33.47,3125.4,3702.13,3492.73,9045,1071
Cebu Pacific,MNL-OZC,2024.0,7,7597.728,46.84,10000.0,3702.13,6290.41,9045,127
Cebu Pacific,MNL-PAG,2024.0,7,4789.872,46.84,10000.0,3702.13,7139.19,9045,134
AirAsia,MNL-PPS,2024.0,7,5131.74,15.93,4606.91,3702.13,4005.24,9045,433
Cebu Pacific,MNL-PPS,2024.0,7,15584.400000000001,46.84,4606.91,3702.13,4005.24,9045,433
Philippine Airlines,MNL-PPS,2024.0,7,4258.16,33.47,4606.91,3702.13,4005.24,9045,433
Cebu Pacific,MNL-RXS,2024.0,7,4955.04,46.84,10000.0,3702.13,5286.63,9045,131
AirAsia,MNL-TAC,2024.0,7,10263.48,15.93,3405.12,3702.13,3234.41,9045,688
Cebu Pacific,MNL-TAC,2024.0,7,9744.912,46.84,3405.12,3702.13,3234.41,9045,688
Philippine Airlines,MNL-TAC,2024.0,7,13446.736,33.47,3405.12,3702.13,3234.41,9045,688
AirAsia,MNL-TAG,2024.0,7,9932.4,15.93,3438.22,3702.13,3353.0,9045,405
Cebu Pacific,MNL-TAG,2024.0,7,6418.464,46.84,3438.22,3702.13,3353.0,9045,405
Philippine Airlines,MNL-TAG,2024.0,7,9167.568000000001,33.47,3438.22,3702.13,3353.0,9045,405
Cebu Pacific,MNL-TUG,2024.0,7,4459.536,46.84,10000.0,3702.13,7784.81,9045,138
Cebgo,MNL-USU,2024.0,7,1854.144,3.75,10000.0,3702.13,5608.35,9045,278
Cebgo,MNL-WNP,2024.0,7,2429.568,3.75,10000.0,3702.13,10000.0,9045,79
Cebu Pacific,MPH-CEB,2024.0,7,5120.2080000000005,46.84,6588.9,3492.73,3049.34,1071,2786
Philippine Airlines,MPH-CEB,2024.0,7,1428.544,33.47,6588.9,3492.73,3049.34,1071,2786
Cebu Pacific,MPH-CRK,2024.0,7,9414.576000000001,46.84,10000.0,3492.73,7949.75,1071,219
Cebu Pacific,MPH-ILO,2024.0,7,165.168,46.84,10000.0,3492.73,3253.88,1071,868
AirAsia,MPH-MNL,2024.0,7,22182.36,15.93,3185.26,3492.73,3702.13,1071,9045
Cebgo,MPH-MNL,2024.0,7,1918.08,3.75,3185.26,3492.73,3702.13,1071,9045
Cebu Pacific,MPH-MNL,2024.0,7,24114.528000000002,46.84,3185.26,3492.73,3702.13,1071,9045
Philippine Airlines,MPH-MNL,2024.0,7,18836.096,33.47,3185.26,3492.73,3702.13,1071,9045
Cebu Pacific,MPH-MPH,2024.0,7,165.168,46.84,10000.0,3492.73,3492.73,1071,1071
Cebgo,OZC-CEB,2024.0,7,383.616,3.75,10000.0,6290.41,3049.34,127,2786
Cebu Pacific,OZC-MNL,2024.0,7,7597.728,46.84,5367.04,6290.41,3702.13,127,9045
Philippine Airlines,OZC-MNL,2024.0,7,4358.352000000001,33.47,5367.04,6290.41,3702.13,127,9045
Cebgo,PAG-CEB,2024.0,7,2173.824,3.75,10000.0,7139.19,3049.34,134,2786
Cebu Pacific,PAG-MNL,2024.0,7,9579.744,46.84,10000.0,7139.19,3702.13,134,9045
Cebu Pacific,PPS-CEB,2024.0,7,2312.352,46.84,10000.0,4005.24,3049.34,433,2786
AirAsia,PPS-MNL,2024.0,7,10263.48,15.93,3585.61,4005.24,3702.13,433,9045
Cebu Pacific,PPS-MNL,2024.0,7,20305.008,46.84,3585.61,4005.24,3702.13,433,9045
Philippine Airlines,PPS-MNL,2024.0,7,14377.552000000001,33.47,3585.61,4005.24,3702.13,433,9045
AirAsia,RXS-MNL,2024.0,7,2152.02,15.93,4445.58,5286.63,3702.13,131,9045
Cebu Pacific,RXS-MNL,2024.0,7,9579.744,46.84,4445.58,5286.63,3702.13,131,9045
Philippine Airlines,RXS-MNL,2024.0,7,4413.296,33.47,4445.58,5286.63,3702.13,131,9045
Cebgo,SUG-CEB,2024.0,7,1726.272,3.75,10000.0,10000.0,3049.34,42,2786
Cebgo,TAC-CEB,2024.0,7,511.488,3.75,6385.26,3234.41,3049.34,688,2786
Philippine Airlines,TAC-CEB,2024.0,7,1648.3200000000002,33.47,6385.26,3234.41,3049.34,688,2786
AirAsia,TAC-MNL,2024.0,7,20235.039999999997,15.93,3576.67,3234.41,3702.13,688,9045
Cebu Pacific,TAC-MNL,2024.0,7,27252.72,46.84,3576.67,3234.41,3702.13,688,9045
Philippine Airlines,TAC-MNL,2024.0,7,13747.312000000002,33.47,3576.67,3234.41,3702.13,688,9045
Philippine Airlines,TAG-DVO,2024.0,7,1153.824,33.47,10000.0,3353.0,4897.18,405,1267
AirAsia,TAG-MNL,2024.0,7,9932.4,15.93,3645.86,3353.0,3702.13,405,9045
Cebu Pacific,TAG-MNL,2024.0,7,17122.416,46.84,3645.86,3353.0,3702.13,405,9045
Philippine Airlines,TAG-MNL,2024.0,7,8866.992,33.47,3645.86,3353.0,3702.13,405,9045
Cebu Pacific,TUG-MNL,2024.0,7,15195.456,46.84,7336.68,7784.81,3702.13,138,9045
Philippine Airlines,TUG-MNL,2024.0,7,2855.472,33.47,7336.68,7784.81,3702.13,138,9045
Cebgo,USU-CEB,2024.0,7,2621.376,3.75,5837.41,5608.35,3049.34,278,2786
Philippine Airlines,USU-CEB,2024.0,7,1098.88,33.47,5837.41,5608.35,3049.34,278,2786
Philippine Airlines,USU-CRK,2024.0,7,824.1600000000001,33.47,10000.0,5608.35,7949.75,278,219
Cebgo,USU-MNL,2024.0,7,4987.008,3.75,6538.25,5608.35,3702.13,278,9045
Philippine Airlines,USU-MNL,2024.0,7,1428.544,33.47,6538.25,5608.35,3702.13,278,9045
Cebgo,WNP-MNL,2024.0,7,2621.376,3.75,10000.0,10000.0,3702.13,79,9045
Cebu Pacific,ZAM-CEB,2024.0,7,2147.184,46.84,5597.63,6234.67,3049.34,239,2786
Philippine Airlines,ZAM-CEB,2024.0,7,1043.9360000000001,33.47,5597.63,6234.67,3049.34,239,2786
Cebgo,ZAM-DVO,2024.0,7,63.936,3.75,10000.0,6234.67,4897.18,239,1267
Cebu Pacific,ZAM-MNL,2024.0,7,23523.120000000003,46.84,6757.75,6234.67,3702.13,239,9045
Philippine Airlines,ZAM-MNL,2024.0,7,6011.52,33.47,6757.75,6234.67,3702.13,239,9045
Cebu Pacific,ZAM-TWT,2024.0,7,1321.344,46.84,5119.02,6234.67,5334.31,239,28
Philippine Airlines,ZAM-TWT,2024.0,7,1803.4560000000001,33.47,5119.02,6234.67,5334.31,239,28
Cebgo,BCD-CEB,2024.0,8,1639.008,3.6,5455.34,3393.56,3196.24,741,2787
Philippine Airlines,BCD-CEB,2024.0,8,879.104,33.23,5455.34,3393.56,3196.24,741,2787
Cebu Pacific,BCD-DVO,2024.0,8,3326.796,47.27,10000.0,3393.56,4932.39,741,1300
AirAsia,BCD-MNL,2024.0,8,14567.519999999999,15.91,3525.47,3393.56,3704.37,741,9379
Cebu Pacific,BCD-MNL,2024.0,8,26752.578,47.27,3525.47,3393.56,3704.37,741,9379
Philippine Airlines,BCD-MNL,2024.0,8,20849.632,33.23,3525.47,3393.56,3704.37,741,9379
Philippine Airlines,BPA-CEB,2024.0,8,384.608,33.23,10000.0,10000.0,3196.24,16,2787
Philippine Airlines,BSO-CRK,2024.0,8,879.104,33.23,10000.0,10000.0,7822.72,63,218
Cebgo,BXU-CEB,2024.0,8,1697.544,3.6,5229.16,4488.58,3196.24,401,2787
Philippine Airlines,BXU-CEB,2024.0,8,1098.88,33.23,5229.16,4488.58,3196.24,401,2787
Cebu Pacific,BXU-MNL,2024.0,8,13673.034,47.27,5194.55,4488.58,3704.37,401,9379
Philippine Airlines,BXU-MNL,2024.0,8,9167.568000000001,33.23,5194.55,4488.58,3704.37,401,9379
Philippine Airlines,CBO-MNL,2024.0,8,4658.928,33.23,10000.0,10000.0,3704.37,71,9379
Philippine Airlines,CBO-TWT,2024.0,8,494.49600000000004,33.23,10000.0,10000.0,5251.37,71,29
Cebgo,CEB-BCD,2024.0,8,1521.9360000000001,3.6,5286.49,3196.24,3393.56,2787,741
Philippine Airlines,CEB-BCD,2024.0,8,934.048,33.23,5286.49,3196.24,3393.56,2787,741
Philippine Airlines,CEB-BPA,2024.0,8,494.49600000000004,33.23,10000.0,3196.24,10000.0,2787,16
Cebgo,CEB-BXU,2024.0,8,1639.008,3.6,5114.12,3196.24,4488.58,2787,401
Philippine Airlines,CEB-BXU,2024.0,8,1208.768,33.23,5114.12,3196.24,4488.58,2787,401
Cebgo,CEB-CEB,2024.0,8,117.072,3.6,5005.01,3196.24,3196.24,2787,2787
Philippine Airlines,CEB-CEB,2024.0,8,109.888,33.23,5005.01,3196.24,3196.24,2787,2787
Cebgo,CEB-CGM,2024.0,8,175.608,3.6,10000.0,3196.24,10000.0,2787,6
Cebgo,CEB-CGY,2024.0,8,2517.0480000000002,3.6,4661.57,3196.24,3936.81,2787,884
Cebu Pacific,CEB-CGY,2024.0,8,186.99,47.27,4661.57,3196.24,3936.81,2787,884
Philippine Airlines,CEB-CGY,2024.0,8,2197.76,33.23,4661.57,3196.24,3936.81,2787,884
Cebu Pacific,CEB-CRK,2024.0,8,4687.758,47.27,10000.0,3196.24,7822.72,2787,218
Cebgo,CEB-CYP,2024.0,8,819.504,3.6,10000.0,3196.24,5012.4,2787,55
Cebgo,CEB-DGT,2024.0,8,702.432,3.6,10000.0,3196.24,4699.96,2787,301
Cebgo,CEB-DVO,2024.0,8,58.536,3.6,5192.84,3196.24,4932.39,2787,1300
Cebu Pacific,CEB-DVO,2024.0,8,7560.9,47.27,5192.84,3196.24,4932.39,2787,1300
Philippine Airlines,CEB-DVO,2024.0,8,4835.072,33.23,5192.84,3196.24,4932.39,2787,1300
Philippine Airlines,CEB-GES,2024.0,8,1538.432,33.23,10000.0,3196.24,5320.59,2787,335
Cebgo,CEB-IAO,2024.0,8,5560.92,3.6,5573.49,3196.24,5077.04,2787,464
Philippine Airlines,CEB-IAO,2024.0,8,2747.2000000000003,33.23,5573.49,3196.24,5077.04,2787,464
Cebgo,CEB-ILO,2024.0,8,1229.256,3.6,10000.0,3196.24,3270.2,2787,884
AirAsia,CEB-MNL,2024.0,8,20195.879999999997,15.91,3924.78,3196.24,3704.37,2787,9379
Cebu Pacific,CEB-MNL,2024.0,8,58909.167,47.27,3924.78,3196.24,3704.37,2787,9379
Philippine Airlines,CEB-MNL,2024.0,8,34651.888,33.23,3924.78,3196.24,3704.37,2787,9379
Cebu Pacific,CEB-MPH,2024.0,8,4687.758,47.27,8273.68,3196.24,3484.24,2787,1050
Philippine Airlines,CEB-MPH,2024.0,8,494.49600000000004,33.23,8273.68,3196.24,3484.24,2787,1050
Cebgo,CEB-PAG,2024.0,8,995.1120000000001,3.6,10000.0,3196.24,7148.2,2787,144
Cebu Pacific,CEB-PPS,2024.0,8,1965.8339999999998,47.27,7013.12,3196.24,3712.27,2787,421
Philippine Airlines,CEB-PPS,2024.0,8,439.552,33.23,7013.12,3196.24,3712.27,2787,421
Cebgo,CEB-SUG,2024.0,8,351.216,3.6,10000.0,3196.24,10000.0,2787,22
Cebgo,CEB-TAC,2024.0,8,1580.472,3.6,5062.02,3196.24,3195.72,2787,695
Philippine Airlines,CEB-TAC,2024.0,8,1263.712,33.23,5062.02,3196.24,3195.72,2787,695
Cebgo,CEB-USU,2024.0,8,1814.616,3.6,6090.36,3196.24,6026.19,2787,269
Philippine Airlines,CEB-USU,2024.0,8,659.328,33.23,6090.36,3196.24,6026.19,2787,269
Cebgo,CGM-CEB,2024.0,8,175.608,3.6,10000.0,10000.0,3196.24,6,2787
Cebgo,CGY-CEB,2024.0,8,2517.0480000000002,3.6,5022.93,3936.81,3196.24,884,2787
Philippine Airlines,CGY-CEB,2024.0,8,2197.76,33.23,5022.93,3936.81,3196.24,884,2787
Cebgo,CGY-DVO,2024.0,8,1053.6480000000001,3.6,10000.0,3936.81,4932.39,884,1300
Cebu Pacific,CGY-ILO,2024.0,8,2721.924,47.27,10000.0,3936.81,3270.2,884,884
AirAsia,CGY-MNL,2024.0,8,5131.74,15.91,4247.13,3936.81,3704.37,884,9379
Cebu Pacific,CGY-MNL,2024.0,8,27583.464,47.27,4247.13,3936.81,3704.37,884,9379
Philippine Airlines,CGY-MNL,2024.0,8,21880.640000000003,33.23,4247.13,3936.81,3704.37,884,9379
Philippine Airlines,CRK-BSO,2024.0,8,879.104,33.23,10000.0,7822.72,10000.0,218,63
Cebu Pacific,CRK-CEB,2024.0,8,1814.616,47.27,10000.0,7822.72,3196.24,218,2787
Philippine Airlines,CRK-CRK,2024.0,8,54.944,33.23,10000.0,7822.72,7822.72,218,218
Philippine Airlines,CRK-MNL,2024.0,8,150.288,33.23,10000.0,7822.72,3704.37,218,9379
Cebu Pacific,CRK-MPH,2024.0,8,8165.771999999999,47.27,10000.0,7822.72,3484.24,218,1050
Philippine Airlines,CRK-USU,2024.0,8,714.272,33.23,10000.0,7822.72,6026.19,218,269
Cebgo,CYP-CEB,2024.0,8,819.504,3.6,10000.0,5012.4,3196.24,55,2787
Philippine Airlines,CYP-MNL,2024.0,8,714.272,33.23,10000.0,5012.4,3704.37,55,9379
Cebu Pacific,CYZ-MNL,2024.0,8,4687.758,47.27,10000.0,10000.0,3704.37,62,9379
Cebgo,DGT-CEB,2024.0,8,760.9680000000001,3.6,10000.0,4699.96,3196.24,301,2787
Cebu Pacific,DGT-MNL,2024.0,8,8619.426,47.27,5000.0,4699.96,3704.37,301,9379
Philippine Airlines,DGT-MNL,2024.0,8,8621.36,33.23,5000.0,4699.96,3704.37,301,9379
Cebu Pacific,DPL-MNL,2024.0,8,4687.758,47.27,5000.05,5001.9,3704.37,122,9379
Philippine Airlines,DPL-MNL,2024.0,8,4658.928,33.23,5000.05,5001.9,3704.37,122,9379
Cebu Pacific,DRP-MNL,2024.0,8,10404.774,47.27,5014.18,5005.48,3704.37,293,9379
Philippine Airlines,DRP-MNL,2024.0,8,11575.408000000001,33.23,5014.18,5005.48,3704.37,293,9379
Cebu Pacific,DVO-BCD,2024.0,8,2873.142,47.27,10000.0,4932.39,3393.56,1300,741
Cebu Pacific,DVO-CEB,2024.0,8,7560.9,47.27,5253.86,4932.39,3196.24,1300,2787
Philippine Airlines,DVO-CEB,2024.0,8,4780.128000000001,33.23,5253.86,4932.39,3196.24,1300,2787
Cebgo,DVO-CGY,2024.0,8,995.1120000000001,3.6,10000.0,4932.39,3936.81,1300,884
Cebgo,DVO-IAO,2024.0,8,760.9680000000001,3.6,10000.0,4932.39,5077.04,1300,464
Cebu Pacific,DVO-ILO,2024.0,8,302.436,47.27,10000.0,4932.39,3270.2,1300,884
Cebu Pacific,DVO-MNL,2024.0,8,50951.523,47.27,5076.23,4932.39,3704.37,1300,9379
Philippine Airlines,DVO-MNL,2024.0,8,39751.984000000004,33.23,5076.23,4932.39,3704.37,1300,9379
Philippine Airlines,DVO-TAG,2024.0,8,1263.712,33.23,10000.0,4932.39,3335.1,1300,406
Philippine Airlines,EUQ-MNL,2024.0,8,769.216,33.23,10000.0,10000.0,3704.37,28,9379
Philippine Airlines,GES-CEB,2024.0,8,1318.656,33.23,10000.0,5320.59,3196.24,335,2787
Cebu Pacific,GES-MNL,2024.0,8,24076.995000000003,47.27,5443.0,5320.59,3704.37,335,9379
Philippine Airlines,GES-MNL,2024.0,8,13031.423999999999,33.23,5443.0,5320.59,3704.37,335,9379
Cebgo,IAO-CEB,2024.0,8,4390.2,3.6,5243.76,5077.04,3196.24,464,2787
Philippine Airlines,IAO-CEB,2024.0,8,2802.1440000000002,33.23,5243.76,5077.04,3196.24,464,2787
Cebgo,IAO-DVO,2024.0,8,760.9680000000001,3.6,10000.0,5077.04,4932.39,464,1300
Philippine Airlines,IAO-MNL,2024.0,8,3626.304,33.23,10000.0,5077.04,3704.37,464,9379
Cebgo,ILO-CEB,2024.0,8,1229.256,3.6,8058.55,3270.2,3196.24,884,2787
Philippine Airlines,ILO-CEB,2024.0,8,150.288,33.23,8058.55,3270.2,3196.24,884,2787
Cebu Pacific,ILO-CGY,2024.0,8,2721.924,47.27,10000.0,3270.2,3936.81,884,884
Cebu Pacific,ILO-DVO,2024.0,8,302.436,47.27,10000.0,3270.2,4932.39,884,1300
AirAsia,ILO-MNL,2024.0,8,26441.899999999998,15.91,3431.04,3270.2,3704.37,884,9379
Cebu Pacific,ILO-MNL,2024.0,8,22033.926,47.27,3431.04,3270.2,3704.37,884,9379
Philippine Airlines,ILO-MNL,2024.0,8,17255.648,33.23,3431.04,3270.2,3704.37,884,9379
AirAsia,KLO-MNL,2024.0,8,15395.22,15.91,6484.0,6484.0,3704.37,248,9379
Cebu Pacific,KLO-MNL,2024.0,8,4536.54,47.27,6484.0,6484.0,3704.37,248,9379
Philippine Airlines,LAO-MNL,2024.0,8,7994.352000000001,33.23,10000.0,10000.0,3704.37,84,9379
Cebu Pacific,MNL-BAG,2024.0,8,186.99,47.27,10000.0,3704.37,10000.0,9379,1
AirAsia,MNL-BCD,2024.0,8,9435.779999999999,15.91,3455.24,3704.37,3393.56,9379,741
Cebu Pacific,MNL-BCD,2024.0,8,15230.742,47.27,3455.24,3704.37,3393.56,9379,741
Philippine Airlines,MNL-BCD,2024.0,8,12457.744,33.23,3455.24,3704.37,3393.56,9379,741
Philippine Airlines,MNL-BSO,2024.0,8,1703.2640000000001,33.23,10000.0,3704.37,10000.0,9379,63
Cebu Pacific,MNL-BXU,2024.0,8,13521.815999999999,47.27,5155.45,3704.37,4488.58,9379,401
Philippine Airlines,MNL-BXU,2024.0,8,9468.144,33.23,5155.45,3704.37,4488.58,9379,401
Philippine Airlines,MNL-CBO,2024.0,8,4658.928,33.23,10000.0,3704.37,10000.0,9379,71
AirAsia,MNL-CEB,2024.0,8,25327.62,15.91,3548.35,3704.37,3196.24,9379,2787
Cebu Pacific,MNL-CEB,2024.0,8,47386.518000000004,47.27,3548.35,3704.37,3196.24,9379,2787
Philippine Airlines,MNL-CEB,2024.0,8,34283.44,33.23,3548.35,3704.37,3196.24,9379,2787
AirAsia,MNL-CGY,2024.0,8,5131.74,15.91,4480.56,3704.37,3936.81,9379,884
Cebu Pacific,MNL-CGY,2024.0,8,30619.206000000002,47.27,4480.56,3704.37,3936.81,9379,884
Philippine Airlines,MNL-CGY,2024.0,8,17467.344,33.23,4480.56,3704.37,3936.81,9379,884
Philippine Airlines,MNL-CRM,2024.0,8,988.9920000000001,33.23,10000.0,3704.37,10000.0,9379,18
Philippine Airlines,MNL-CYP,2024.0,8,769.216,33.23,10000.0,3704.37,5012.4,9379,55
Cebu Pacific,MNL-CYZ,2024.0,8,4687.758,47.27,10000.0,3704.37,10000.0,9379,62
Cebu Pacific,MNL-DGT,2024.0,8,12399.875999999998,47.27,5177.18,3704.37,4699.96,9379,301
Philippine Airlines,MNL-DGT,2024.0,8,8471.072,33.23,5177.18,3704.37,4699.96,9379,301
Cebu Pacific,MNL-DPL,2024.0,8,4687.758,47.27,5006.63,3704.37,5001.9,9379,122
Philippine Airlines,MNL-DPL,2024.0,8,4358.352000000001,33.23,5006.63,3704.37,5001.9,9379,122
Cebgo,MNL-DRP,2024.0,8,58.536,3.6,4997.5,3704.37,5005.48,9379,293
Cebu Pacific,MNL-DRP,2024.0,8,10253.556,47.27,4997.5,3704.37,5005.48,9379,293
Philippine Airlines,MNL-DRP,2024.0,8,11780.640000000001,33.23,4997.5,3704.37,5005.48,9379,293
Cebu Pacific,MNL-DVO,2024.0,8,49177.557,47.27,5049.54,3704.37,4932.39,9379,1300
Philippine Airlines,MNL-DVO,2024.0,8,40273.952000000005,33.23,5049.54,3704.37,4932.39,9379,1300
Philippine Airlines,MNL-EUQ,2024.0,8,769.216,33.23,10000.0,3704.37,10000.0,9379,28
Cebu Pacific,MNL-GES,2024.0,8,24455.04,47.27,5464.33,3704.37,5320.59,9379,335
Philippine Airlines,MNL-GES,2024.0,8,13031.423999999999,33.23,5464.33,3704.37,5320.59,9379,335
Philippine Airlines,MNL-IAO,2024.0,8,5549.344,33.23,10000.0,3704.37,5077.04,9379,464
AirAsia,MNL-ILO,2024.0,8,20692.5,15.91,3349.56,3704.37,3270.2,9379,884
Cebu Pacific,MNL-ILO,2024.0,8,24035.532,47.27,3349.56,3704.37,3270.2,9379,884
Philippine Airlines,MNL-ILO,2024.0,8,20912.656000000003,33.23,3349.56,3704.37,3270.2,9379,884
AirAsia,MNL-KLO,2024.0,8,15395.22,15.91,6484.0,3704.37,6484.0,9379,248
Cebu Pacific,MNL-KLO,2024.0,8,4536.54,47.27,6484.0,3704.37,6484.0,9379,248
Philippine Airlines,MNL-LAO,2024.0,8,3867.088,33.23,10000.0,3704.37,10000.0,9379,84
Cebgo,MNL-MNL,2024.0,8,58.536,3.6,5005.01,3704.37,3704.37,9379,9379
Philippine Airlines,MNL-MNL,2024.0,8,54.944,33.23,5005.01,3704.37,3704.37,9379,9379
AirAsia,MNL-MPH,2024.0,8,17050.62,15.91,3123.7,3704.37,3484.24,9379,1050
Cebgo,MNL-MPH,2024.0,8,1814.616,3.6,3123.7,3704.37,3484.24,9379,1050
Cebu Pacific,MNL-MPH,2024.0,8,16936.415999999997,47.27,3123.7,3704.37,3484.24,9379,1050
Philippine Airlines,MNL-MPH,2024.0,8,14833.264000000001,33.23,3123.7,3704.37,3484.24,9379,1050
Cebu Pacific,MNL-OZC,2024.0,8,7409.682,47.27,10000.0,3704.37,6153.44,9379,137
Cebu Pacific,MNL-PAG,2024.0,8,4838.976,47.27,10000.0,3704.37,7148.2,9379,144
AirAsia,MNL-PPS,2024.0,8,5131.74,15.91,4522.47,3704.37,3712.27,9379,421
Cebu Pacific,MNL-PPS,2024.0,8,14980.338,47.27,4522.47,3704.37,3712.27,9379,421
Philippine Airlines,MNL-PPS,2024.0,8,4279.168000000001,33.23,4522.47,3704.37,3712.27,9379,421
Cebu Pacific,MNL-RXS,2024.0,8,4536.54,47.27,10000.0,3704.37,5074.24,9379,136
AirAsia,MNL-TAC,2024.0,8,8939.16,15.91,3483.72,3704.37,3195.72,9379,695
Cebu Pacific,MNL-TAC,2024.0,8,9224.297999999999,47.27,3483.72,3704.37,3195.72,9379,695
Philippine Airlines,MNL-TAC,2024.0,8,13889.52,33.23,3483.72,3704.37,3195.72,9379,695
AirAsia,MNL-TAG,2024.0,8,9932.4,15.91,3505.72,3704.37,3335.1,9379,406
Cebu Pacific,MNL-TAG,2024.0,8,5582.058,47.27,3505.72,3704.37,3335.1,9379,406
Philippine Airlines,MNL-TAG,2024.0,8,8807.2,33.23,3505.72,3704.37,3335.1,9379,406
Cebu Pacific,MNL-TUG,2024.0,8,4687.758,47.27,10000.0,3704.37,7574.38,9379,162
Cebgo,MNL-USU,2024.0,8,1814.616,3.6,10000.0,3704.37,6026.19,9379,269
Cebu Pacific,MNL-VRC,2024.0,8,302.436,47.27,10000.0,3704.37,10000.0,9379,4
Cebgo,MNL-WNP,2024.0,8,3219.48,3.6,10000.0,3704.37,10000.0,9379,111
Cebu Pacific,MPH-CEB,2024.0,8,4687.758,47.27,8273.68,3484.24,3196.24,1050,2787
Philippine Airlines,MPH-CEB,2024.0,8,494.49600000000004,33.23,8273.68,3484.24,3196.24,1050,2787
Cebu Pacific,MPH-CRK,2024.0,8,9224.297999999999,47.27,10000.0,3484.24,7822.72,1050,218
AirAsia,MPH-MNL,2024.0,8,22016.82,15.91,3184.33,3484.24,3704.37,1050,9379
Cebgo,MPH-MNL,2024.0,8,1814.616,3.6,3184.33,3484.24,3704.37,1050,9379
Cebu Pacific,MPH-MNL,2024.0,8,23287.572,47.27,3184.33,3484.24,3704.37,1050,9379
Philippine Airlines,MPH-MNL,2024.0,8,18821.552,33.23,3184.33,3484.24,3704.37,1050,9379
Cebu Pacific,MPH-MPH,2024.0,8,453.654,47.27,10000.0,3484.24,3484.24,1050,1050
Cebgo,OZC-CEB,2024.0,8,292.68,3.6,7233.64,6153.44,3196.24,137,2787
Philippine Airlines,OZC-CEB,2024.0,8,58.176,33.23,7233.64,6153.44,3196.24,137,2787
Cebu Pacific,OZC-MNL,2024.0,8,7409.682,47.27,5259.75,6153.44,3704.37,137,9379
Philippine Airlines,OZC-MNL,2024.0,8,4658.928,33.23,5259.75,6153.44,3704.37,137,9379
Cebgo,PAG-CEB,2024.0,8,1931.688,3.6,10000.0,7148.2,3196.24,144,2787
Cebu Pacific,PAG-MNL,2024.0,8,9224.297999999999,47.27,10000.0,7148.2,3704.37,144,9379
Cebu Pacific,PPS-CEB,2024.0,8,1965.8339999999998,47.27,8191.11,3712.27,3196.24,421,2787
Philippine Airlines,PPS-CEB,2024.0,8,219.776,33.23,8191.11,3712.27,3196.24,421,2787
AirAsia,PPS-MNL,2024.0,8,10263.48,15.91,3397.85,3712.27,3704.37,421,9379
Cebu Pacific,PPS-MNL,2024.0,8,14022.624,47.27,3397.85,3712.27,3704.37,421,9379
Philippine Airlines,PPS-MNL,2024.0,8,14046.272,33.23,3397.85,3712.27,3704.37,421,9379
AirAsia,RXS-MNL,2024.0,8,2317.56,15.91,4300.41,5074.24,3704.37,136,9379
Cebu Pacific,RXS-MNL,2024.0,8,9224.297999999999,47.27,4300.41,5074.24,3704.37,136,9379
Philippine Airlines,RXS-MNL,2024.0,8,4508.64,33.23,4300.41,5074.24,3704.37,136,9379
Cebgo,SUG-CEB,2024.0,8,936.576,3.6,10000.0,10000.0,3196.24,22,2787
Cebgo,TAC-CEB,2024.0,8,995.1120000000001,3.6,5027.27,3195.72,3196.24,695,2787
Philippine Airlines,TAC-CEB,2024.0,8,1153.824,33.23,5027.27,3195.72,3196.24,695,2787
AirAsia,TAC-MNL,2024.0,8,20313.36,15.91,3544.94,3195.72,3704.37,695,9379
Cebu Pacific,TAC-MNL,2024.0,8,26916.803999999996,47.27,3544.94,3195.72,3704.37,695,9379
Philippine Airlines,TAC-MNL,2024.0,8,14269.28,33.23,3544.94,3195.72,3704.37,695,9379
Philippine Airlines,TAG-DVO,2024.0,8,1153.824,33.23,10000.0,3335.1,4932.39,406,1300
AirAsia,TAG-MNL,2024.0,8,9932.4,15.91,3531.94,3335.1,3704.37,406,9379
Cebu Pacific,TAG-MNL,2024.0,8,15425.862000000001,47.27,3531.94,3335.1,3704.37,406,9379
Philippine Airlines,TAG-MNL,2024.0,8,9107.776,33.23,3531.94,3335.1,3704.37,406,9379
Cebu Pacific,TUG-MNL,2024.0,8,16331.543999999998,47.27,7116.64,7574.38,3704.37,162,9379
Philippine Airlines,TUG-MNL,2024.0,8,3456.6240000000003,33.23,7116.64,7574.38,3704.37,162,9379
Cebgo,USU-CEB,2024.0,8,2224.368,3.6,6639.84,6026.19,3196.24,269,2787
Philippine Airlines,USU-CEB,2024.0,8,604.384,33.23,6639.84,6026.19,3196.24,269,2787
Philippine Airlines,USU-CRK,2024.0,8,659.328,33.23,10000.0,6026.19,7822.72,269,218
Cebgo,USU-MNL,2024.0,8,5385.312,3.6,6476.2,6026.19,3704.37,269,9379
Philippine Airlines,USU-MNL,2024.0,8,1593.376,33.23,6476.2,6026.19,3704.37,269,9379
Cebu Pacific,VRC-MNL,2024.0,8,302.436,47.27,10000.0,10000.0,3704.37,4,9379
Cebgo,WNP-MNL,2024.0,8,3278.016,3.6,10000.0,10000.0,3704.37,111,9379
Cebu Pacific,ZAM-CEB,2024.0,8,4687.758,47.27,7976.77,6409.62,3196.24,263,2787
Philippine Airlines,ZAM-CEB,2024.0,8,604.384,33.23,7976.77,6409.62,3196.24,263,2787
Cebu Pacific,ZAM-MNL,2024.0,8,23394.888,47.27,6520.74,6409.62,3704.37,263,9379
Philippine Airlines,ZAM-MNL,2024.0,8,6762.960000000001,33.23,6520.74,6409.62,3704.37,263,9379
Cebu Pacific,ZAM-TWT,2024.0,8,1360.962,47.27,5046.99,6409.62,5251.37,263,29
Philippine Airlines,ZAM-TWT,2024.0,8,1653.1680000000001,33.23,5046.99,6409.62,5251.37,263,29
Cebgo,BCD-CEB,2024.0,9,1701.504,3.42,5231.54,3384.18,3217.24,725,2638
Philippine Airlines,BCD-CEB,2024.0,9,1098.88,36.25,5231.54,3384.18,3217.24,725,2638
Cebu Pacific,BCD-DVO,2024.0,9,2115.0640000000003,44.81,10000.0,3384.18,4851.3,725,1243
AirAsia,BCD-MNL,2024.0,9,13739.82,15.52,3564.46,3384.18,3682.57,725,8722
Cebu Pacific,BCD-MNL,2024.0,9,27058.64,44.81,3564.46,3384.18,3682.57,725,8722
Philippine Airlines,BCD-MNL,2024.0,9,21366.752,36.25,3564.46,3384.18,3682.57,725,8722
Philippine Airlines,BPA-CEB,2024.0,9,714.272,36.25,10000.0,10000.0,3217.24,26,2638
Philippine Airlines,BSO-CRK,2024.0,9,604.384,36.25,10000.0,10000.0,7009.71,46,123
Cebgo,BXU-CEB,2024.0,9,1762.272,3.42,5268.8,4445.69,3217.24,388,2638
Philippine Airlines,BXU-CEB,2024.0,9,1098.88,36.25,5268.8,4445.69,3217.24,388,2638
Cebu Pacific,BXU-MNL,2024.0,9,13178.216,44.81,5168.68,4445.69,3682.57,388,8722
Philippine Airlines,BXU-MNL,2024.0,9,9088.384,36.25,5168.68,4445.69,3682.57,388,8722
Philippine Airlines,CBO-CBO,2024.0,9,150.288,36.25,10000.0,10000.0,10000.0,97,97
Philippine Airlines,CBO-MNL,2024.0,9,6312.0960000000005,36.25,10000.0,10000.0,3682.57,97,8722
Philippine Airlines,CBO-TAG,2024.0,9,300.576,36.25,10000.0,10000.0,3414.36,97,368
Philippine Airlines,CBO-TWT,2024.0,9,494.49600000000004,36.25,10000.0,10000.0,7516.46,97,20
Cebgo,CEB-BCD,2024.0,9,1762.272,3.42,5268.8,3217.24,3384.18,2638,725
Philippine Airlines,CEB-BCD,2024.0,9,1098.88,36.25,5268.8,3217.24,3384.18,2638,725
Philippine Airlines,CEB-BPA,2024.0,9,714.272,36.25,10000.0,3217.24,10000.0,2638,26
Cebgo,CEB-BXU,2024.0,9,1762.272,3.42,5268.8,3217.24,4445.69,2638,388
Philippine Airlines,CEB-BXU,2024.0,9,1098.88,36.25,5268.8,3217.24,4445.69,2638,388
Cebgo,CEB-CEB,2024.0,9,121.536,3.42,5711.91,3217.24,3217.24,2638,2638
Philippine Airlines,CEB-CEB,2024.0,9,54.944,36.25,5711.91,3217.24,3217.24,2638,2638
Cebgo,CEB-CGM,2024.0,9,60.768,3.42,10000.0,3217.24,10000.0,2638,2
Cebgo,CEB-CGY,2024.0,9,3524.544,3.42,5194.78,3217.24,3872.63,2638,881
Philippine Airlines,CEB-CGY,2024.0,9,2362.592,36.25,5194.78,3217.24,3872.63,2638,881
Cebu Pacific,CEB-CRK,2024.0,9,1883.808,44.81,10000.0,3217.24,7009.71,2638,123
Cebgo,CEB-CYP,2024.0,9,850.752,3.42,10000.0,3217.24,5108.99,2638,51
Cebgo,CEB-DGT,2024.0,9,789.984,3.42,10000.0,3217.24,4714.8,2638,292
Cebu Pacific,CEB-DVO,2024.0,9,6750.312000000001,44.81,5043.02,3217.24,4851.3,2638,1243
Philippine Airlines,CEB-DVO,2024.0,9,5604.2880000000005,36.25,5043.02,3217.24,4851.3,2638,1243
Philippine Airlines,CEB-GES,2024.0,9,1373.6000000000001,36.25,10000.0,3217.24,5001.5,2638,259
Cebgo,CEB-IAO,2024.0,9,4922.208,3.42,5862.86,3217.24,5068.82,2638,408
Philippine Airlines,CEB-IAO,2024.0,9,2032.928,36.25,5862.86,3217.24,5068.82,2638,408
AirAsia,CEB-MNL,2024.0,9,17547.239999999998,15.52,3916.73,3217.24,3682.57,2638,8722
Cebu Pacific,CEB-MNL,2024.0,9,53875.896,44.81,3916.73,3217.24,3682.57,2638,8722
Philippine Airlines,CEB-MNL,2024.0,9,34960.544,36.25,3916.73,3217.24,3682.57,2638,8722
Cebu Pacific,CEB-MPH,2024.0,9,4395.552000000001,44.81,7874.66,3217.24,3393.18,2638,936
Philippine Airlines,CEB-MPH,2024.0,9,604.384,36.25,7874.66,3217.24,3393.18,2638,936
Cebgo,CEB-PAG,2024.0,9,972.288,3.42,10000.0,3217.24,7325.75,2638,130
Cebu Pacific,CEB-PPS,2024.0,9,2040.7920000000001,44.81,5035.7,3217.24,3607.19,2638,439
Philippine Airlines,CEB-PPS,2024.0,9,2417.536,36.25,5035.7,3217.24,3607.19,2638,439
Cebgo,CEB-TAC,2024.0,9,1762.272,3.42,5268.8,3217.24,3196.93,2638,667
Philippine Airlines,CEB-TAC,2024.0,9,1098.88,36.25,5268.8,3217.24,3196.93,2638,667
Cebgo,CEB-USU,2024.0,9,486.144,3.42,5747.21,3217.24,5265.61,2638,203
Philippine Airlines,CEB-USU,2024.0,9,1098.88,36.25,5747.21,3217.24,5265.61,2638,203
Cebgo,CGM-CEB,2024.0,9,60.768,3.42,10000.0,10000.0,3217.24,2,2638
Cebgo,CGY-CEB,2024.0,9,3585.312,3.42,5235.04,3872.63,3217.24,881,2638
Philippine Airlines,CGY-CEB,2024.0,9,2307.648,36.25,5235.04,3872.63,3217.24,881,2638
Cebgo,CGY-DVO,2024.0,9,789.984,3.42,10000.0,3872.63,4851.3,881,1243
Cebu Pacific,CGY-ILO,2024.0,9,2226.472,44.81,10000.0,3872.63,3351.17,881,723
AirAsia,CGY-MNL,2024.0,9,4800.66,15.52,4304.82,3872.63,3682.57,881,8722
Cebu Pacific,CGY-MNL,2024.0,9,27247.696,44.81,4304.82,3872.63,3682.57,881,8722
Philippine Airlines,CGY-MNL,2024.0,9,19855.792,36.25,4304.82,3872.63,3682.57,881,8722
Philippine Airlines,CRK-BSO,2024.0,9,714.272,36.25,10000.0,7009.71,10000.0,123,46
Cebu Pacific,CRK-CEB,2024.0,9,156.984,44.81,10000.0,7009.71,3217.24,123,2638
Cebu Pacific,CRK-MNL,2024.0,9,156.984,44.81,10000.0,7009.71,3682.57,123,8722
Cebu Pacific,CRK-MPH,2024.0,9,4866.504,44.81,10000.0,7009.71,3393.18,123,936
Philippine Airlines,CRK-USU,2024.0,9,659.328,36.25,10000.0,7009.71,5265.61,123,203
Cebgo,CYP-CEB,2024.0,9,850.752,3.42,10000.0,5108.99,3217.24,51,2638
Philippine Airlines,CYP-MNL,2024.0,9,604.384,36.25,10000.0,5108.99,3682.57,51,8722
Cebu Pacific,CYZ-MNL,2024.0,9,3924.6000000000004,44.81,10000.0,10000.0,3682.57,51,8722
Cebgo,DGT-CEB,2024.0,9,668.448,3.42,10000.0,4714.8,3217.24,292,2638
Cebu Pacific,DGT-MNL,2024.0,9,9262.056,44.81,5000.9,4714.8,3682.57,292,8722
Philippine Airlines,DGT-MNL,2024.0,9,9017.28,36.25,5000.9,4714.8,3682.57,292,8722
Cebu Pacific,DPL-MNL,2024.0,9,4552.536,44.81,5000.67,5000.13,3682.57,120,8722
Philippine Airlines,DPL-MNL,2024.0,9,4658.928,36.25,5000.67,5000.13,3682.57,120,8722
Cebu Pacific,DRP-MNL,2024.0,9,9905.184000000001,44.81,5045.17,5035.24,3682.57,287,8722
Philippine Airlines,DRP-MNL,2024.0,9,11985.872000000001,36.25,5045.17,5035.24,3682.57,287,8722
Cebu Pacific,DVO-BCD,2024.0,9,2115.0640000000003,44.81,10000.0,4851.3,3384.18,1243,725
Cebu Pacific,DVO-CEB,2024.0,9,6436.344,44.81,5035.23,4851.3,3217.24,1243,2638
Philippine Airlines,DVO-CEB,2024.0,9,5439.456,36.25,5035.23,4851.3,3217.24,1243,2638
Cebgo,DVO-CGY,2024.0,9,729.216,3.42,10000.0,4851.3,3872.63,1243,881
Cebgo,DVO-IAO,2024.0,9,789.984,3.42,10000.0,4851.3,5068.82,1243,408
Cebu Pacific,DVO-MNL,2024.0,9,39646.056,44.81,5006.64,4851.3,3682.57,1243,8722
Philippine Airlines,DVO-MNL,2024.0,9,42644.624,36.25,5006.64,4851.3,3682.57,1243,8722
Philippine Airlines,DVO-TAG,2024.0,9,824.1600000000001,36.25,10000.0,4851.3,3414.36,1243,368
Philippine Airlines,EUQ-MNL,2024.0,9,604.384,36.25,10000.0,10000.0,3682.57,23,8722
Philippine Airlines,GES-CEB,2024.0,9,1318.656,36.25,10000.0,5001.5,3217.24,259,2638
Cebu Pacific,GES-GES,2024.0,9,194.12,44.81,10000.0,5001.5,5001.5,259,259
Cebu Pacific,GES-MNL,2024.0,9,13540.292,44.81,5000.2,5001.5,3682.57,259,8722
Philippine Airlines,GES-MNL,2024.0,9,13370.784,36.25,5000.2,5001.5,3682.57,259,8722
Cebgo,IAO-CEB,2024.0,9,3889.152,3.42,5491.23,5068.82,3217.24,408,2638
Philippine Airlines,IAO-CEB,2024.0,9,2032.928,36.25,5491.23,5068.82,3217.24,408,2638
Cebgo,IAO-DVO,2024.0,9,729.216,3.42,10000.0,5068.82,4851.3,408,1243
Philippine Airlines,IAO-IAO,2024.0,9,54.944,36.25,10000.0,5068.82,5068.82,408,408
Philippine Airlines,IAO-MNL,2024.0,9,3681.248,36.25,10000.0,5068.82,3682.57,408,8722
Cebu Pacific,ILO-CGY,2024.0,9,2226.472,44.81,10000.0,3351.17,3872.63,723,881
Cebu Pacific,ILO-KLO,2024.0,9,156.984,44.81,10000.0,3351.17,6742.7,723,207
AirAsia,ILO-MNL,2024.0,9,24952.039999999997,15.52,3450.33,3351.17,3682.57,723,8722
Cebu Pacific,ILO-MNL,2024.0,9,16616.672000000002,44.81,3450.33,3351.17,3682.57,723,8722
Philippine Airlines,ILO-MNL,2024.0,9,17696.816000000003,36.25,3450.33,3351.17,3682.57,723,8722
AirAsia,KLO-MNL,2024.0,9,13408.74,15.52,6742.7,6742.7,3682.57,207,8722
Cebu Pacific,KLO-MNL,2024.0,9,3453.648,44.81,6742.7,6742.7,3682.57,207,8722
Philippine Airlines,LAO-MNL,2024.0,9,7133.024,36.25,10000.0,10000.0,3682.57,79,8722
AirAsia,MNL-BCD,2024.0,9,8939.16,15.52,3501.47,3682.57,3384.18,8722,725
Cebu Pacific,MNL-BCD,2024.0,9,15679.832,44.81,3501.47,3682.57,3384.18,8722,725
Philippine Airlines,MNL-BCD,2024.0,9,12152.320000000002,36.25,3501.47,3682.57,3384.18,8722,725
Philippine Airlines,MNL-BSO,2024.0,9,1208.768,36.25,10000.0,3682.57,10000.0,8722,46
Cebu Pacific,MNL-BXU,2024.0,9,13178.216,44.81,5183.78,3682.57,4445.69,8722,388
Philippine Airlines,MNL-BXU,2024.0,9,8938.096000000001,36.25,5183.78,3682.57,4445.69,8722,388
Philippine Airlines,MNL-CBO,2024.0,9,6312.0960000000005,36.25,10000.0,3682.57,10000.0,8722,97
AirAsia,MNL-CEB,2024.0,9,22678.98,15.52,3537.19,3682.57,3217.24,8722,2638
Cebgo,MNL-CEB,2024.0,9,60.768,3.42,3537.19,3682.57,3217.24,8722,2638
Cebu Pacific,MNL-CEB,2024.0,9,43141.06,44.81,3537.19,3682.57,3217.24,8722,2638
Philippine Airlines,MNL-CEB,2024.0,9,36174.16,36.25,3537.19,3682.57,3217.24,8722,2638
AirAsia,MNL-CGY,2024.0,9,4800.66,15.52,4507.02,3682.57,3872.63,8722,881
Cebu Pacific,MNL-CGY,2024.0,9,30944.416,44.81,4507.02,3682.57,3872.63,8722,881
Philippine Airlines,MNL-CGY,2024.0,9,18222.016,36.25,4507.02,3682.57,3872.63,8722,881
Philippine Airlines,MNL-CRM,2024.0,9,934.048,36.25,10000.0,3682.57,10000.0,8722,17
Philippine Airlines,MNL-CYP,2024.0,9,659.328,36.25,10000.0,3682.57,5108.99,8722,51
Cebu Pacific,MNL-CYZ,2024.0,9,4081.5840000000003,44.81,10000.0,3682.57,10000.0,8722,51
Cebu Pacific,MNL-DGT,2024.0,9,12715.704000000002,44.81,5159.0,3682.57,4714.8,8722,292
Philippine Airlines,MNL-DGT,2024.0,9,8866.992,36.25,5159.0,3682.57,4714.8,8722,292
Cebu Pacific,MNL-DPL,2024.0,9,4709.52,44.81,5002.37,3682.57,5000.13,8722,120
Philippine Airlines,MNL-DPL,2024.0,9,4508.64,36.25,5002.37,3682.57,5000.13,8722,120
Cebu Pacific,MNL-DRP,2024.0,9,10099.304,44.81,5026.5,3682.57,5035.24,8722,287
Philippine Airlines,MNL-DRP,2024.0,9,11685.296,36.25,5026.5,3682.57,5035.24,8722,287
Cebu Pacific,MNL-DVO,2024.0,9,41843.832,44.81,5000.02,3682.57,4851.3,8722,1243
Philippine Airlines,MNL-DVO,2024.0,9,42007.92,36.25,5000.02,3682.57,4851.3,8722,1243
Philippine Airlines,MNL-EUQ,2024.0,9,659.328,36.25,10000.0,3682.57,10000.0,8722,23
Cebu Pacific,MNL-GES,2024.0,9,14358.128,44.81,5008.51,3682.57,5001.5,8722,259
Philippine Airlines,MNL-GES,2024.0,9,13220.496,36.25,5008.51,3682.57,5001.5,8722,259
Philippine Airlines,MNL-IAO,2024.0,9,5219.68,36.25,10000.0,3682.57,5068.82,8722,408
AirAsia,MNL-ILO,2024.0,9,19202.64,15.52,3361.81,3682.57,3351.17,8722,723
Cebu Pacific,MNL-ILO,2024.0,9,16422.552,44.81,3361.81,3682.57,3351.17,8722,723
Philippine Airlines,MNL-ILO,2024.0,9,20587.84,36.25,3361.81,3682.57,3351.17,8722,723
AirAsia,MNL-KLO,2024.0,9,13408.74,15.52,6832.05,3682.57,6742.7,8722,207
Cebu Pacific,MNL-KLO,2024.0,9,3296.664,44.81,6832.05,3682.57,6742.7,8722,207
Philippine Airlines,MNL-LAO,2024.0,9,4358.352000000001,36.25,10000.0,3682.57,10000.0,8722,79
Cebgo,MNL-MBT,2024.0,9,182.304,3.42,10000.0,3682.57,10000.0,8722,3
Cebu Pacific,MNL-MNL,2024.0,9,351.10400000000004,44.81,10000.0,3682.57,3682.57,8722,8722
AirAsia,MNL-MPH,2024.0,9,16057.38,15.52,3146.81,3682.57,3393.18,8722,936
Cebgo,MNL-MPH,2024.0,9,1762.272,3.42,3146.81,3682.57,3393.18,8722,936
Cebu Pacific,MNL-MPH,2024.0,9,17896.176,44.81,3146.81,3682.57,3393.18,8722,936
Philippine Airlines,MNL-MPH,2024.0,9,13832.960000000001,36.25,3146.81,3682.57,3393.18,8722,936
Cebu Pacific,MNL-OZC,2024.0,9,7378.2480000000005,44.81,10000.0,3682.57,6438.68,8722,125
Cebu Pacific,MNL-PAG,2024.0,9,5023.488,44.81,10000.0,3682.57,7325.75,8722,130
AirAsia,MNL-PPS,2024.0,9,4966.2,15.52,4023.14,3682.57,3607.19,8722,439
Cebu Pacific,MNL-PPS,2024.0,9,11264.024000000001,44.81,4023.14,3682.57,3607.19,8722,439
Philippine Airlines,MNL-PPS,2024.0,9,4358.352000000001,36.25,4023.14,3682.57,3607.19,8722,439
Cebu Pacific,MNL-RXS,2024.0,9,2825.712,44.81,10000.0,3682.57,4604.28,8722,107
AirAsia,MNL-TAC,2024.0,9,8773.619999999999,15.52,3477.55,3682.57,3196.93,8722,667
Cebu Pacific,MNL-TAC,2024.0,9,9105.072,44.81,3477.55,3682.57,3196.93,8722,667
Philippine Airlines,MNL-TAC,2024.0,9,13553.392000000002,36.25,3477.55,3682.57,3196.93,8722,667
AirAsia,MNL-TAG,2024.0,9,7614.839999999999,15.52,3367.9,3682.57,3414.36,8722,368
Cebu Pacific,MNL-TAG,2024.0,9,6588.264,44.81,3367.9,3682.57,3414.36,8722,368
Philippine Airlines,MNL-TAG,2024.0,9,8471.072,36.25,3367.9,3682.57,3414.36,8722,368
Cebu Pacific,MNL-TUG,2024.0,9,4081.5840000000003,44.81,10000.0,3682.57,7656.46,8722,135
Cebgo,MNL-USU,2024.0,9,1640.736,3.42,10000.0,3682.57,5265.61,8722,203
Cebu Pacific,MNL-VRC,2024.0,9,156.984,44.81,10000.0,3682.57,10000.0,8722,2
Cebgo,MNL-WNP,2024.0,9,3038.4,3.42,10000.0,3682.57,10000.0,8722,99
Cebu Pacific,MPH-CEB,2024.0,9,4709.52,44.81,7983.99,3393.18,3217.24,936,2638
Philippine Airlines,MPH-CEB,2024.0,9,604.384,36.25,7983.99,3393.18,3217.24,936,2638
Cebu Pacific,MPH-CRK,2024.0,9,4709.52,44.81,10000.0,3393.18,7009.71,936,123
AirAsia,MPH-MNL,2024.0,9,20361.42,15.52,3185.13,3393.18,3682.57,936,8722
Cebgo,MPH-MNL,2024.0,9,1823.04,3.42,3185.13,3393.18,3682.57,936,8722
Cebu Pacific,MPH-MNL,2024.0,9,23076.648,44.81,3185.13,3393.18,3682.57,936,8722
Philippine Airlines,MPH-MNL,2024.0,9,17945.68,36.25,3185.13,3393.18,3682.57,936,8722
AirAsia,MPH-MPH,2024.0,9,165.54,15.52,6071.67,3393.18,3393.18,936,936
Cebgo,MPH-MPH,2024.0,9,60.768,3.42,6071.67,3393.18,3393.18,936,936
Cebgo,OZC-CEB,2024.0,9,60.768,3.42,10000.0,6438.68,3217.24,125,2638
Cebu Pacific,OZC-MNL,2024.0,9,7378.2480000000005,44.81,5331.03,6438.68,3682.57,125,8722
Philippine Airlines,OZC-MNL,2024.0,9,4358.352000000001,36.25,5331.03,6438.68,3682.57,125,8722
Cebgo,PAG-CEB,2024.0,9,1579.968,3.42,10000.0,7325.75,3217.24,130,2638
Cebu Pacific,PAG-MNL,2024.0,9,8477.136,44.81,10000.0,7325.75,3682.57,130,8722
Cebu Pacific,PPS-CEB,2024.0,9,2040.7920000000001,44.81,5276.5,3607.19,3217.24,439,2638
Philippine Airlines,PPS-CEB,2024.0,9,1263.712,36.25,5276.5,3607.19,3217.24,439,2638
AirAsia,PPS-MNL,2024.0,9,8773.619999999999,15.52,3473.33,3607.19,3682.57,439,8722
Cebu Pacific,PPS-MNL,2024.0,9,13598.528,44.81,3473.33,3607.19,3682.57,439,8722
Philippine Airlines,PPS-MNL,2024.0,9,14521.376,36.25,3473.33,3607.19,3682.57,439,8722
AirAsia,RXS-MNL,2024.0,9,1986.48,15.52,4089.59,4604.28,3682.57,107,8722
Cebu Pacific,RXS-MNL,2024.0,9,7378.2480000000005,44.81,4089.59,4604.28,3682.57,107,8722
Philippine Airlines,RXS-MNL,2024.0,9,4508.64,36.25,4089.59,4604.28,3682.57,107,8722
Cebgo,SUG-CEB,2024.0,9,729.216,3.42,10000.0,10000.0,3217.24,12,2638
Cebgo,TAC-CEB,2024.0,9,1033.056,3.42,5015.25,3196.93,3217.24,667,2638
Philippine Airlines,TAC-CEB,2024.0,9,1153.824,36.25,5015.25,3196.93,3217.24,667,2638
AirAsia,TAC-MNL,2024.0,9,19280.96,15.52,3602.82,3196.93,3682.57,667,8722
Cebu Pacific,TAC-MNL,2024.0,9,27472.2,44.81,3602.82,3196.93,3682.57,667,8722
Philippine Airlines,TAC-MNL,2024.0,9,13545.312000000002,36.25,3602.82,3196.93,3682.57,667,8722
Philippine Airlines,TAG-DVO,2024.0,9,714.272,36.25,10000.0,3414.36,4851.3,368,1243
AirAsia,TAG-MNL,2024.0,9,7614.839999999999,15.52,3727.19,3414.36,3682.57,368,8722
Cebu Pacific,TAG-MNL,2024.0,9,15873.952000000001,44.81,3727.19,3414.36,3682.57,368,8722
Philippine Airlines,TAG-MNL,2024.0,9,8621.36,36.25,3727.19,3414.36,3682.57,368,8722
Philippine Airlines,TAG-TAG,2024.0,9,150.288,36.25,10000.0,3414.36,3414.36,368,368
Cebu Pacific,TUG-MNL,2024.0,9,14128.560000000001,44.81,7202.8,7656.46,3682.57,135,8722
Philippine Airlines,TUG-MNL,2024.0,9,2855.472,36.25,7202.8,7656.46,3682.57,135,8722
Cebgo,USU-CEB,2024.0,9,850.752,3.42,5001.34,5265.61,3217.24,203,2638
Philippine Airlines,USU-CEB,2024.0,9,879.104,36.25,5001.34,5265.61,3217.24,203,2638
Philippine Airlines,USU-CRK,2024.0,9,659.328,36.25,10000.0,5265.61,7009.71,203,123
Cebgo,USU-MNL,2024.0,9,4314.528,3.42,6495.57,5265.61,3682.57,203,8722
Philippine Airlines,USU-MNL,2024.0,9,1263.712,36.25,6495.57,5265.61,3682.57,203,8722
Cebu Pacific,VRC-MNL,2024.0,9,156.984,44.81,10000.0,10000.0,3682.57,2,8722
Cebgo,WNP-MNL,2024.0,9,2977.632,3.42,10000.0,10000.0,3682.57,99,8722
Cebu Pacific,ZAM-CEB,2024.0,9,4552.536,44.81,7655.49,6323.84,3217.24,250,2638
Philippine Airlines,ZAM-CEB,2024.0,9,714.272,36.25,7655.49,6323.84,3217.24,250,2638
Cebu Pacific,ZAM-MNL,2024.0,9,23150.920000000002,44.81,6458.54,6323.84,3682.57,250,8722
Philippine Airlines,ZAM-MNL,2024.0,9,6913.2480000000005,36.25,6458.54,6323.84,3682.57,250,8722
Cebu Pacific,ZAM-TWT,2024.0,9,313.968,44.81,6941.98,6323.84,7516.46,250,20
Philippine Airlines,ZAM-TWT,2024.0,9,1352.592,36.25,6941.98,6323.84,7516.46,250,20
Cebgo,BCD-CEB,2024.0,10,1519.2,3.74,5024.97,3485.49,3234.99,771,3021
Philippine Airlines,BCD-CEB,2024.0,10,1318.656,34.98,5024.97,3485.49,3234.99,771,3021
Cebu Pacific,BCD-DVO,2024.0,10,3610.632,47.25,10000.0,3485.49,4914.47,771,1386
AirAsia,BCD-MNL,2024.0,10,13592.880000000001,14.03,3593.7,3485.49,3772.39,771,9148
Cebu Pacific,BCD-MNL,2024.0,10,28177.784,47.25,3593.7,3485.49,3772.39,771,9148
Philippine Airlines,BCD-MNL,2024.0,10,23317.264000000003,34.98,3593.7,3485.49,3772.39,771,9148
Philippine Airlines,BPA-CEB,2024.0,10,714.272,34.98,10000.0,10000.0,3234.99,25,3021
Philippine Airlines,BSO-CRK,2024.0,10,549.44,34.98,10000.0,10000.0,8404.24,41,228
Cebgo,BXU-CEB,2024.0,10,1215.3600000000001,3.74,5090.57,4660.28,3234.99,393,3021
Philippine Airlines,BXU-CEB,2024.0,10,1593.376,34.98,5090.57,4660.28,3234.99,393,3021
Cebu Pacific,BXU-MNL,2024.0,10,13917.560000000001,47.25,5224.26,4660.28,3772.39,393,9148
Philippine Airlines,BXU-MNL,2024.0,10,9052.832,34.98,5224.26,4660.28,3772.39,393,9148
Philippine Airlines,CBO-MNL,2024.0,10,6462.384,34.98,10000.0,10000.0,3772.39,97,9148
Philippine Airlines,CBO-TWT,2024.0,10,494.49600000000004,34.98,10000.0,10000.0,5027.87,97,38
Cebgo,CEB-BCD,2024.0,10,1640.736,3.74,5059.22,3234.99,3485.49,3021,771
Philippine Airlines,CEB-BCD,2024.0,10,1318.656,34.98,5059.22,3234.99,3485.49,3021,771
Philippine Airlines,CEB-BPA,2024.0,10,659.328,34.98,10000.0,3234.99,10000.0,3021,25
Cebgo,CEB-BXU,2024.0,10,1093.824,3.74,5228.54,3234.99,4660.28,3021,393
Philippine Airlines,CEB-BXU,2024.0,10,1688.72,34.98,5228.54,3234.99,4660.28,3021,393
Cebgo,CEB-CEB,2024.0,10,243.072,3.74,5231.53,3234.99,3234.99,3021,3021
Cebu Pacific,CEB-CEB,2024.0,10,156.984,47.25,5231.53,3234.99,3234.99,3021,3021
Cebgo,CEB-CGM,2024.0,10,850.752,3.74,10000.0,3234.99,10000.0,3021,27
Cebgo,CEB-CGY,2024.0,10,2126.88,3.74,5080.99,3234.99,3998.33,3021,877
Philippine Airlines,CEB-CGY,2024.0,10,2747.2000000000003,34.98,5080.99,3234.99,3998.33,3021,877
Cebu Pacific,CEB-CRK,2024.0,10,4709.52,47.25,10000.0,3234.99,8404.24,3021,228
Cebgo,CEB-CYP,2024.0,10,850.752,3.74,10000.0,3234.99,5039.27,3021,52
Cebgo,CEB-DGT,2024.0,10,668.448,3.74,10000.0,3234.99,4753.63,3021,297
Cebgo,CEB-DRP,2024.0,10,243.072,3.74,10000.0,3234.99,4916.59,3021,290
Cebu Pacific,CEB-DVO,2024.0,10,6593.328,47.25,5002.08,3234.99,4914.47,3021,1386
Philippine Airlines,CEB-DVO,2024.0,10,6868.0,34.98,5002.08,3234.99,4914.47,3021,1386
Philippine Airlines,CEB-GES,2024.0,10,1593.376,34.98,10000.0,3234.99,5079.18,3021,337
Cebgo,CEB-IAO,2024.0,10,5651.424,3.74,5411.46,3234.99,5056.84,3021,474
Philippine Airlines,CEB-IAO,2024.0,10,3131.808,34.98,5411.46,3234.99,5056.84,3021,474
Cebgo,CEB-ILO,2024.0,10,972.288,3.74,10000.0,3234.99,3313.48,3021,879
Philippine Airlines,CEB-MBT,2024.0,10,150.288,34.98,10000.0,3234.99,10000.0,3021,1
AirAsia,CEB-MNL,2024.0,10,17030.16,14.03,3931.7,3234.99,3772.39,3021,9148
Cebgo,CEB-MNL,2024.0,10,121.536,3.74,3931.7,3234.99,3772.39,3021,9148
Cebu Pacific,CEB-MNL,2024.0,10,54966.344000000005,47.25,3931.7,3234.99,3772.39,3021,9148
Philippine Airlines,CEB-MNL,2024.0,10,36912.672,34.98,3931.7,3234.99,3772.39,3021,9148
Cebgo,CEB-MPH,2024.0,10,60.768,3.74,7192.74,3234.99,3596.39,3021,1033
Cebu Pacific,CEB-MPH,2024.0,10,4709.52,47.25,7192.74,3234.99,3596.39,3021,1033
Philippine Airlines,CEB-MPH,2024.0,10,879.104,34.98,7192.74,3234.99,3596.39,3021,1033
Cebu Pacific,CEB-OZC,2024.0,10,156.984,47.25,10000.0,3234.99,6197.82,3021,133
Cebgo,CEB-PAG,2024.0,10,668.448,3.74,10000.0,3234.99,7198.72,3021,132
Cebu Pacific,CEB-PPS,2024.0,10,2697.424,47.25,5011.32,3234.99,3790.24,3021,507
Philippine Airlines,CEB-PPS,2024.0,10,2966.976,34.98,5011.32,3234.99,3790.24,3021,507
Cebgo,CEB-SUG,2024.0,10,1640.736,3.74,10000.0,3234.99,10000.0,3021,66
Cebgo,CEB-TAC,2024.0,10,1458.432,3.74,5004.49,3234.99,3231.4,3021,687
Philippine Airlines,CEB-TAC,2024.0,10,1373.6000000000001,34.98,5004.49,3234.99,3231.4,3021,687
Cebgo,CEB-USU,2024.0,10,1701.504,3.74,5183.96,3234.99,5635.69,3021,279
Philippine Airlines,CEB-USU,2024.0,10,1153.824,34.98,5183.96,3234.99,5635.69,3021,279
Cebgo,CGM-CEB,2024.0,10,789.984,3.74,10000.0,10000.0,3234.99,27,3021
Cebgo,CGY-CEB,2024.0,10,2126.88,3.74,5068.82,3998.33,3234.99,877,3021
Philippine Airlines,CGY-CEB,2024.0,10,2692.2560000000003,34.98,5068.82,3998.33,3234.99,877,3021
Cebgo,CGY-DVO,2024.0,10,1093.824,3.74,10000.0,3998.33,4914.47,877,1386
Cebu Pacific,CGY-ILO,2024.0,10,3139.6800000000003,47.25,10000.0,3998.33,3313.48,877,879
AirAsia,CGY-MNL,2024.0,10,4687.200000000001,14.03,4274.99,3998.33,3772.39,877,9148
Cebu Pacific,CGY-MNL,2024.0,10,26797.0,47.25,4274.99,3998.33,3772.39,877,9148
Philippine Airlines,CGY-MNL,2024.0,10,24008.912,34.98,4274.99,3998.33,3772.39,877,9148
Philippine Airlines,CRK-BSO,2024.0,10,604.384,34.98,10000.0,8404.24,10000.0,228,41
Cebu Pacific,CRK-CEB,2024.0,10,2511.744,47.25,10000.0,8404.24,3234.99,228,3021
Cebu Pacific,CRK-DVO,2024.0,10,1255.872,47.25,10000.0,8404.24,4914.47,228,1386
Cebu Pacific,CRK-MPH,2024.0,10,9262.056,47.25,10000.0,8404.24,3596.39,228,1033
Philippine Airlines,CRK-USU,2024.0,10,824.1600000000001,34.98,10000.0,8404.24,5635.69,228,279
Cebgo,CYP-CEB,2024.0,10,789.984,3.74,10000.0,5039.27,3234.99,52,3021
Philippine Airlines,CYP-MNL,2024.0,10,659.328,34.98,10000.0,5039.27,3772.39,52,9148
Cebu Pacific,CYZ-MNL,2024.0,10,4081.5840000000003,47.25,10000.0,10000.0,3772.39,52,9148
Cebgo,DGT-CEB,2024.0,10,729.216,3.74,10000.0,4753.63,3234.99,297,3021
Cebu Pacific,DGT-MNL,2024.0,10,9419.04,47.25,5000.15,4753.63,3772.39,297,9148
Philippine Airlines,DGT-MNL,2024.0,10,9317.856,34.98,5000.15,4753.63,3772.39,297,9148
Cebu Pacific,DPL-MNL,2024.0,10,4552.536,47.25,5000.12,5000.06,3772.39,119,9148
Philippine Airlines,DPL-MNL,2024.0,10,4508.64,34.98,5000.12,5000.06,3772.39,119,9148
Cebgo,DRP-CEB,2024.0,10,243.072,3.74,10000.0,4916.59,3234.99,290,3021
Cebu Pacific,DRP-MNL,2024.0,10,10099.304,47.25,5018.97,4916.59,3772.39,290,9148
Philippine Airlines,DRP-MNL,2024.0,10,11425.12,34.98,5018.97,4916.59,3772.39,290,9148
Cebu Pacific,DVO-BCD,2024.0,10,3610.632,47.25,10000.0,4914.47,3485.49,1386,771
Cebu Pacific,DVO-CEB,2024.0,10,6593.328,47.25,5000.0,4914.47,3234.99,1386,3021
Philippine Airlines,DVO-CEB,2024.0,10,6593.280000000001,34.98,5000.0,4914.47,3234.99,1386,3021
Cebgo,DVO-CGY,2024.0,10,1033.056,3.74,10000.0,4914.47,3998.33,1386,877
Cebu Pacific,DVO-CRK,2024.0,10,1255.872,47.25,10000.0,4914.47,8404.24,1386,228
Philippine Airlines,DVO-DVO,2024.0,10,54.944,34.98,10000.0,4914.47,4914.47,1386,1386
Cebgo,DVO-IAO,2024.0,10,972.288,3.74,10000.0,4914.47,5056.84,1386,474
Cebu Pacific,DVO-ILO,2024.0,10,784.9200000000001,47.25,10000.0,4914.47,3313.48,1386,879
Cebu Pacific,DVO-MNL,2024.0,10,50643.376,47.25,5057.57,4914.47,3772.39,1386,9148
Philippine Airlines,DVO-MNL,2024.0,10,40828.24,34.98,5057.57,4914.47,3772.39,1386,9148
Cebu Pacific,DVO-MPH,2024.0,10,784.9200000000001,47.25,10000.0,4914.47,3596.39,1386,1033
Philippine Airlines,DVO-TAG,2024.0,10,1098.88,34.98,10000.0,4914.47,3434.83,1386,383
Philippine Airlines,EUQ-MNL,2024.0,10,659.328,34.98,10000.0,10000.0,3772.39,26,9148
Philippine Airlines,GES-CEB,2024.0,10,1538.432,34.98,10000.0,5079.18,3234.99,337,3021
Cebu Pacific,GES-MNL,2024.0,10,19942.032,47.25,5171.68,5079.18,3772.39,337,9148
Philippine Airlines,GES-MNL,2024.0,10,13706.912,34.98,5171.68,5079.18,3772.39,337,9148
Cebgo,IAO-CEB,2024.0,10,4557.6,3.74,5188.09,5056.84,3234.99,474,3021
Philippine Airlines,IAO-CEB,2024.0,10,3076.864,34.98,5188.09,5056.84,3234.99,474,3021
Cebgo,IAO-DVO,2024.0,10,972.288,3.74,10000.0,5056.84,4914.47,474,1386
Philippine Airlines,IAO-MNL,2024.0,10,3736.192,34.98,10000.0,5056.84,3772.39,474,9148
Cebgo,ILO-CEB,2024.0,10,911.52,3.74,7493.32,3313.48,3234.99,879,3021
Cebu Pacific,ILO-CEB,2024.0,10,156.984,47.25,7493.32,3313.48,3234.99,879,3021
Cebu Pacific,ILO-CGY,2024.0,10,3139.6800000000003,47.25,10000.0,3313.48,3998.33,879,877
Cebu Pacific,ILO-DVO,2024.0,10,784.9200000000001,47.25,10000.0,3313.48,4914.47,879,1386
AirAsia,ILO-MNL,2024.0,10,23936.64,14.03,3367.16,3313.48,3772.39,879,9148
Cebgo,ILO-MNL,2024.0,10,60.768,3.74,3367.16,3313.48,3772.39,879,9148
Cebu Pacific,ILO-MNL,2024.0,10,22357.56,47.25,3367.16,3313.48,3772.39,879,9148
Philippine Airlines,ILO-MNL,2024.0,10,18322.208000000002,34.98,3367.16,3313.48,3772.39,879,9148
Cebu Pacific,ILO-TAC,2024.0,10,470.952,47.25,10000.0,3313.48,3231.4,879,687
AirAsia,KLO-MNL,2024.0,10,14217.84,14.03,6461.75,6402.77,3772.39,239,9148
Cebu Pacific,KLO-MNL,2024.0,10,4238.568,47.25,6461.75,6402.77,3772.39,239,9148
Philippine Airlines,LAO-MNL,2024.0,10,6943.952,34.98,10000.0,10000.0,3772.39,74,9148
AirAsia,MNL-BCD,2024.0,10,8749.44,14.03,3537.32,3772.39,3485.49,9148,771
Cebu Pacific,MNL-BCD,2024.0,10,16522.144,47.25,3537.32,3772.39,3485.49,9148,771
Philippine Airlines,MNL-BCD,2024.0,10,13616.416000000001,34.98,3537.32,3772.39,3485.49,9148,771
Philippine Airlines,MNL-BSO,2024.0,10,1098.88,34.98,10000.0,3772.39,10000.0,9148,41
Cebu Pacific,MNL-BXU,2024.0,10,13917.560000000001,47.25,5224.26,3772.39,4660.28,9148,393
Philippine Airlines,MNL-BXU,2024.0,10,9052.832,34.98,5224.26,3772.39,4660.28,9148,393
Philippine Airlines,MNL-CBO,2024.0,10,6762.960000000001,34.98,10000.0,3772.39,10000.0,9148,97
AirAsia,MNL-CEB,2024.0,10,20311.2,14.03,3607.55,3772.39,3234.99,9148,3021
Cebgo,MNL-CEB,2024.0,10,425.376,3.74,3607.55,3772.39,3234.99,9148,3021
Cebu Pacific,MNL-CEB,2024.0,10,45053.564,47.25,3607.55,3772.39,3234.99,9148,3021
Philippine Airlines,MNL-CEB,2024.0,10,36679.968,34.98,3607.55,3772.39,3234.99,9148,3021
AirAsia,MNL-CGY,2024.0,10,4687.200000000001,14.03,4519.77,3772.39,3998.33,9148,877
Cebu Pacific,MNL-CGY,2024.0,10,30679.4,47.25,4519.77,3772.39,3998.33,9148,877
Philippine Airlines,MNL-CGY,2024.0,10,17997.392,34.98,4519.77,3772.39,3998.33,9148,877
Philippine Airlines,MNL-CRM,2024.0,10,934.048,34.98,10000.0,3772.39,10000.0,9148,17
Philippine Airlines,MNL-CYP,2024.0,10,714.272,34.98,10000.0,3772.39,5039.27,9148,52
Cebu Pacific,MNL-CYZ,2024.0,10,4081.5840000000003,47.25,10000.0,3772.39,10000.0,9148,52
Cebu Pacific,MNL-DGT,2024.0,10,13971.576000000001,47.25,5199.64,3772.39,4753.63,9148,297
Philippine Airlines,MNL-DGT,2024.0,10,9317.856,34.98,5199.64,3772.39,4753.63,9148,297
Cebu Pacific,MNL-DPL,2024.0,10,4552.536,47.25,5000.67,3772.39,5000.06,9148,119
Philippine Airlines,MNL-DPL,2024.0,10,4658.928,34.98,5000.67,3772.39,5000.06,9148,119
Cebu Pacific,MNL-DRP,2024.0,10,9785.336000000001,47.25,5037.11,3772.39,4916.59,9148,290
Philippine Airlines,MNL-DRP,2024.0,10,11630.352,34.98,5037.11,3772.39,4916.59,9148,290
Cebu Pacific,MNL-DVO,2024.0,10,49958.048,47.25,5050.13,3772.39,4914.47,9148,1386
Philippine Airlines,MNL-DVO,2024.0,10,40863.792,34.98,5050.13,3772.39,4914.47,9148,1386
Philippine Airlines,MNL-EUQ,2024.0,10,769.216,34.98,10000.0,3772.39,10000.0,9148,26
Cebu Pacific,MNL-GES,2024.0,10,19785.048,47.25,5146.16,3772.39,5079.18,9148,337
Philippine Airlines,MNL-GES,2024.0,10,14007.488,34.98,5146.16,3772.39,5079.18,9148,337
Philippine Airlines,MNL-IAO,2024.0,10,5109.792,34.98,10000.0,3772.39,5056.84,9148,474
AirAsia,MNL-ILO,2024.0,10,18436.32,14.03,3378.87,3772.39,3313.48,9148,879
Cebu Pacific,MNL-ILO,2024.0,10,24592.472,47.25,3378.87,3772.39,3313.48,9148,879
Philippine Airlines,MNL-ILO,2024.0,10,22434.928,34.98,3378.87,3772.39,3313.48,9148,879
AirAsia,MNL-KLO,2024.0,10,14374.080000000002,14.03,6346.43,3772.39,6402.77,9148,239
Cebu Pacific,MNL-KLO,2024.0,10,4552.536,47.25,6346.43,3772.39,6402.77,9148,239
Philippine Airlines,MNL-LAO,2024.0,10,4128.88,34.98,10000.0,3772.39,10000.0,9148,74
Cebu Pacific,MNL-MNL,2024.0,10,194.12,47.25,6561.27,3772.39,3772.39,9148,9148
Philippine Airlines,MNL-MNL,2024.0,10,54.944,34.98,6561.27,3772.39,3772.39,9148,9148
AirAsia,MNL-MPH,2024.0,10,15467.76,14.03,3139.19,3772.39,3596.39,9148,1033
Cebgo,MNL-MPH,2024.0,10,2005.344,3.74,3139.19,3772.39,3596.39,9148,1033
Cebu Pacific,MNL-MPH,2024.0,10,18524.112,47.25,3139.19,3772.39,3596.39,9148,1033
Philippine Airlines,MNL-MPH,2024.0,10,13396.640000000001,34.98,3139.19,3772.39,3596.39,9148,1033
Cebu Pacific,MNL-OZC,2024.0,10,7064.280000000001,47.25,10000.0,3772.39,6197.82,9148,133
Cebu Pacific,MNL-PAG,2024.0,10,4552.536,47.25,10000.0,3772.39,7198.72,9148,132
AirAsia,MNL-PPS,2024.0,10,4843.4400000000005,14.03,4583.64,3772.39,3790.24,9148,507
Cebu Pacific,MNL-PPS,2024.0,10,16376.976,47.25,4583.64,3772.39,3790.24,9148,507
Philippine Airlines,MNL-PPS,2024.0,10,5109.792,34.98,4583.64,3772.39,3790.24,9148,507
Cebu Pacific,MNL-RXS,2024.0,10,5023.488,47.25,10000.0,3772.39,5163.24,9148,136
AirAsia,MNL-TAC,2024.0,10,8749.44,14.03,3461.8,3772.39,3231.4,9148,687
Cebu Pacific,MNL-TAC,2024.0,10,9576.024000000001,47.25,3461.8,3772.39,3231.4,9148,687
Philippine Airlines,MNL-TAC,2024.0,10,13525.920000000002,34.98,3461.8,3772.39,3231.4,9148,687
AirAsia,MNL-TAG,2024.0,10,7499.52,14.03,3435.43,3772.39,3434.83,9148,383
Cebu Pacific,MNL-TAG,2024.0,10,5980.584,47.25,3435.43,3772.39,3434.83,9148,383
Philippine Airlines,MNL-TAG,2024.0,10,9222.512,34.98,3435.43,3772.39,3434.83,9148,383
Cebu Pacific,MNL-TUG,2024.0,10,4081.5840000000003,47.25,10000.0,3772.39,7612.22,9148,139
Cebgo,MNL-USU,2024.0,10,1823.04,3.74,10000.0,3772.39,5635.69,9148,279
Cebu Pacific,MNL-VRC,2024.0,10,470.952,47.25,10000.0,3772.39,10000.0,9148,6
Cebgo,MNL-WNP,2024.0,10,2795.328,3.74,10000.0,3772.39,10000.0,9148,94
Cebu Pacific,MPH-CEB,2024.0,10,4709.52,47.25,7056.06,3596.39,3234.99,1033,3021
Philippine Airlines,MPH-CEB,2024.0,10,1029.392,34.98,7056.06,3596.39,3234.99,1033,3021
Cebu Pacific,MPH-CRK,2024.0,10,9105.072,47.25,10000.0,3596.39,8404.24,1033,228
Cebu Pacific,MPH-DVO,2024.0,10,784.9200000000001,47.25,10000.0,3596.39,4914.47,1033,1386
AirAsia,MPH-MNL,2024.0,10,19998.72,14.03,3191.96,3596.39,3772.39,1033,9148
Cebgo,MPH-MNL,2024.0,10,1823.04,3.74,3191.96,3596.39,3772.39,1033,9148
Cebu Pacific,MPH-MNL,2024.0,10,23861.568000000003,47.25,3191.96,3596.39,3772.39,1033,9148
Philippine Airlines,MPH-MNL,2024.0,10,18491.888000000003,34.98,3191.96,3596.39,3772.39,1033,9148
Cebgo,MPH-MPH,2024.0,10,60.768,3.74,10000.0,3596.39,3596.39,1033,1033
Cebgo,OZC-CEB,2024.0,10,243.072,3.74,10000.0,6197.82,3234.99,133,3021
Cebu Pacific,OZC-MNL,2024.0,10,7535.232,47.25,5278.19,6197.82,3772.39,133,9148
Philippine Airlines,OZC-MNL,2024.0,10,4658.928,34.98,5278.19,6197.82,3772.39,133,9148
Cebgo,PAG-CEB,2024.0,10,2066.112,3.74,10000.0,7198.72,3234.99,132,3021
Cebu Pacific,PAG-MNL,2024.0,10,8948.088,47.25,10000.0,7198.72,3772.39,132,9148
Cebu Pacific,PPS-CEB,2024.0,10,2697.424,47.25,5421.52,3790.24,3234.99,507,3021
Philippine Airlines,PPS-CEB,2024.0,10,1483.488,34.98,5421.52,3790.24,3234.99,507,3021
AirAsia,PPS-MNL,2024.0,10,9374.400000000001,14.03,3480.63,3790.24,3772.39,507,9148
Cebu Pacific,PPS-MNL,2024.0,10,15448.576000000001,47.25,3480.63,3790.24,3772.39,507,9148
Philippine Airlines,PPS-MNL,2024.0,10,15185.552000000001,34.98,3480.63,3790.24,3772.39,507,9148
AirAsia,RXS-MNL,2024.0,10,2187.36,14.03,4326.98,5163.24,3772.39,136,9148
Cebu Pacific,RXS-MNL,2024.0,10,9262.056,47.25,4326.98,5163.24,3772.39,136,9148
Philippine Airlines,RXS-MNL,2024.0,10,4658.928,34.98,4326.98,5163.24,3772.39,136,9148
Cebgo,SUG-CEB,2024.0,10,2369.952,3.74,10000.0,10000.0,3234.99,66,3021
Cebgo,SWL-CEB,2024.0,10,243.072,3.74,10000.0,10000.0,3234.99,4,3021
Cebgo,TAC-CEB,2024.0,10,1033.056,3.74,5050.43,3231.4,3234.99,687,3021
Philippine Airlines,TAC-CEB,2024.0,10,1263.712,34.98,5050.43,3231.4,3234.99,687,3021
Cebu Pacific,TAC-DVO,2024.0,10,313.968,47.25,10000.0,3231.4,4914.47,687,1386
Cebu Pacific,TAC-ILO,2024.0,10,470.952,47.25,10000.0,3231.4,3313.48,687,879
AirAsia,TAC-MNL,2024.0,10,18748.800000000003,14.03,3583.64,3231.4,3772.39,687,9148
Cebu Pacific,TAC-MNL,2024.0,10,26844.264000000003,47.25,3583.64,3231.4,3772.39,687,9148
Philippine Airlines,TAC-MNL,2024.0,10,13695.6,34.98,3583.64,3231.4,3772.39,687,9148
Philippine Airlines,TAG-AAV,2024.0,10,150.288,34.98,10000.0,3434.83,10000.0,383,1
Philippine Airlines,TAG-DVO,2024.0,10,1098.88,34.98,10000.0,3434.83,4914.47,383,1386
AirAsia,TAG-MNL,2024.0,10,7343.280000000001,14.03,3790.62,3434.83,3772.39,383,9148
Cebu Pacific,TAG-MNL,2024.0,10,16893.504,47.25,3790.62,3434.83,3772.39,383,9148
Philippine Airlines,TAG-MNL,2024.0,10,9222.512,34.98,3790.62,3434.83,3772.39,383,9148
Cebu Pacific,TUG-MNL,2024.0,10,14599.512,47.25,7168.37,7612.22,3772.39,139,9148
Philippine Airlines,TUG-MNL,2024.0,10,3005.76,34.98,7168.37,7612.22,3772.39,139,9148
Cebgo,USU-CEB,2024.0,10,2369.952,3.74,5671.34,5635.69,3234.99,279,3021
Philippine Airlines,USU-CEB,2024.0,10,1098.88,34.98,5671.34,5635.69,3234.99,279,3021
Philippine Airlines,USU-CRK,2024.0,10,714.272,34.98,10000.0,5635.69,8404.24,279,228
Cebgo,USU-MNL,2024.0,10,5226.048,3.74,6555.69,5635.69,3772.39,279,9148
Philippine Airlines,USU-MNL,2024.0,10,1483.488,34.98,6555.69,5635.69,3772.39,279,9148
Cebu Pacific,VRC-MNL,2024.0,10,470.952,47.25,10000.0,10000.0,3772.39,6,9148
Cebgo,WNP-MNL,2024.0,10,2916.864,3.74,10000.0,10000.0,3772.39,94,9148
Cebu Pacific,ZAM-CEB,2024.0,10,4866.504,47.25,7298.05,6375.7,3234.99,277,3021
Philippine Airlines,ZAM-CEB,2024.0,10,934.048,34.98,7298.05,6375.7,3234.99,277,3021
Cebu Pacific,ZAM-DVO,2024.0,10,784.9200000000001,47.25,10000.0,6375.7,4914.47,277,1386
Cebu Pacific,ZAM-MNL,2024.0,10,23588.112,47.25,6412.99,6375.7,3772.39,277,9148
Philippine Airlines,ZAM-MNL,2024.0,10,7213.8240000000005,34.98,6412.99,6375.7,3772.39,277,9148
Cebu Pacific,ZAM-TWT,2024.0,10,2668.728,47.25,5187.17,6375.7,5027.87,277,38
Philippine Airlines,ZAM-TWT,2024.0,10,1803.4560000000001,34.98,5187.17,6375.7,5027.87,277,38
Cebgo,BCD-CEB,2024.0,11,1397.664,5.0,5197.67,3530.36,2950.66,745,3310
Philippine Airlines,BCD-CEB,2024.0,11,934.048,33.43,5197.67,3530.36,2950.66,745,3310
Cebu Pacific,BCD-DVO,2024.0,11,4709.52,48.04,10000.0,3530.36,5088.4,745,1643
AirAsia,BCD-MNL,2024.0,11,13280.400000000001,13.53,3585.49,3530.36,3767.07,745,9264
Cebu Pacific,BCD-MNL,2024.0,11,27132.912,48.04,3585.49,3530.36,3767.07,745,9264
Philippine Airlines,BCD-MNL,2024.0,11,21841.856,33.43,3585.49,3530.36,3767.07,745,9264
Philippine Airlines,BPA-CEB,2024.0,11,714.272,33.43,10000.0,10000.0,2950.66,25,3310
Philippine Airlines,BSO-CRK,2024.0,11,384.608,33.43,10000.0,10000.0,8649.7,27,253
Cebgo,BXU-CEB,2024.0,11,1701.504,5.0,6510.52,4595.73,2950.66,372,3310
Philippine Airlines,BXU-CEB,2024.0,11,494.49600000000004,33.43,6510.52,4595.73,2950.66,372,3310
Cebu Pacific,BXU-MNL,2024.0,11,14380.072,48.04,5316.06,4595.73,3767.07,372,9264
Philippine Airlines,BXU-MNL,2024.0,11,8601.968,33.43,5316.06,4595.73,3767.07,372,9264
Philippine Airlines,CBO-MNL,2024.0,11,6312.0960000000005,33.43,10000.0,10000.0,3767.07,92,9264
Philippine Airlines,CBO-TWT,2024.0,11,439.552,33.43,10000.0,10000.0,5739.96,92,49
Cebgo,CEB-BCD,2024.0,11,1458.432,5.0,5307.12,2950.66,3530.36,3310,745
Philippine Airlines,CEB-BCD,2024.0,11,879.104,33.43,5307.12,2950.66,3530.36,3310,745
Philippine Airlines,CEB-BPA,2024.0,11,659.328,33.43,10000.0,2950.66,10000.0,3310,25
Cebgo,CEB-BXU,2024.0,11,1701.504,5.0,6510.52,2950.66,4595.73,3310,372
Philippine Airlines,CEB-BXU,2024.0,11,494.49600000000004,33.43,6510.52,2950.66,4595.73,3310,372
Cebgo,CEB-CEB,2024.0,11,121.536,5.0,10000.0,2950.66,2950.66,3310,3310
Cebgo,CEB-CGM,2024.0,11,1640.736,5.0,10000.0,2950.66,10000.0,3310,54
Cebgo,CEB-CGY,2024.0,11,5043.744,5.0,5414.98,2950.66,3803.71,3310,968
Philippine Airlines,CEB-CGY,2024.0,11,2787.6000000000004,33.43,5414.98,2950.66,3803.71,3310,968
Cebu Pacific,CEB-CRK,2024.0,11,3924.6000000000004,48.04,10000.0,2950.66,8649.7,3310,253
Cebgo,CEB-CYP,2024.0,11,1640.736,5.0,10000.0,2950.66,5845.14,3310,76
Cebgo,CEB-DGT,2024.0,11,1762.272,5.0,10000.0,2950.66,4417.1,3310,319
Cebgo,CEB-DPL,2024.0,11,1154.592,5.0,10000.0,2950.66,4074.62,3310,158
Cebgo,CEB-DRP,2024.0,11,1640.736,5.0,10000.0,2950.66,4334.16,3310,341
Cebu Pacific,CEB-DVO,2024.0,11,4432.688,48.04,5370.0,2950.66,5088.4,3310,1643
Philippine Airlines,CEB-DVO,2024.0,11,7745.488,33.43,5370.0,2950.66,5088.4,3310,1643
Philippine Airlines,CEB-GES,2024.0,11,824.1600000000001,33.43,10000.0,2950.66,5154.14,3310,307
Cebgo,CEB-IAO,2024.0,11,5104.512,5.0,5423.97,2950.66,5001.64,3310,465
Philippine Airlines,CEB-IAO,2024.0,11,2802.1440000000002,33.43,5423.97,2950.66,5001.64,3310,465
Cebgo,CEB-ILO,2024.0,11,2613.024,5.0,10000.0,2950.66,3387.03,3310,998
AirAsia,CEB-MNL,2024.0,11,19842.48,13.53,3637.86,2950.66,3767.07,3310,9264
Cebgo,CEB-MNL,2024.0,11,243.072,5.0,3637.86,2950.66,3767.07,3310,9264
Cebu Pacific,CEB-MNL,2024.0,11,45188.604,48.04,3637.86,2950.66,3767.07,3310,9264
Philippine Airlines,CEB-MNL,2024.0,11,38184.464,33.43,3637.86,2950.66,3767.07,3310,9264
Cebu Pacific,CEB-MPH,2024.0,11,4709.52,48.04,5444.15,2950.66,3772.76,3310,1073
Philippine Airlines,CEB-MPH,2024.0,11,2546.8160000000003,33.43,5444.15,2950.66,3772.76,3310,1073
Cebgo,CEB-PAG,2024.0,11,486.144,5.0,10000.0,2950.66,8028.0,3310,119
Cebu Pacific,CEB-PPS,2024.0,11,5629.4800000000005,48.04,5341.52,2950.66,3924.8,3310,592
Philippine Airlines,CEB-PPS,2024.0,11,3296.6400000000003,33.43,5341.52,2950.66,3924.8,3310,592
Cebgo,CEB-SUG,2024.0,11,1215.3600000000001,5.0,10000.0,2950.66,10000.0,3310,63
Cebgo,CEB-TAC,2024.0,11,1336.896,5.0,5005.49,2950.66,3286.41,3310,719
Philippine Airlines,CEB-TAC,2024.0,11,1428.544,33.43,5005.49,2950.66,3286.41,3310,719
Cebgo,CEB-USU,2024.0,11,1336.896,5.0,5111.87,2950.66,5959.57,3310,285
Philippine Airlines,CEB-USU,2024.0,11,988.9920000000001,33.43,5111.87,2950.66,5959.57,3310,285
Cebgo,CGM-CEB,2024.0,11,1640.736,5.0,10000.0,10000.0,2950.66,54,3310
Cebgo,CGY-CEB,2024.0,11,4922.208,5.0,5464.41,3803.71,2950.66,968,3310
Philippine Airlines,CGY-CEB,2024.0,11,2622.768,33.43,5464.41,3803.71,2950.66,968,3310
Cebgo,CGY-DVO,2024.0,11,972.288,5.0,10000.0,3803.71,5088.4,968,1643
Cebu Pacific,CGY-ILO,2024.0,11,4709.52,48.04,10000.0,3803.71,3387.03,968,998
AirAsia,CGY-MNL,2024.0,11,4687.200000000001,13.53,4262.58,3803.71,3767.07,968,9264
Cebu Pacific,CGY-MNL,2024.0,11,25679.544,48.04,4262.58,3803.71,3767.07,968,9264
Philippine Airlines,CGY-MNL,2024.0,11,20025.472,33.43,4262.58,3803.71,3767.07,968,9264
Philippine Airlines,CRK-BSO,2024.0,11,384.608,33.43,10000.0,8649.7,10000.0,253,27
Cebu Pacific,CRK-CEB,2024.0,11,4395.552000000001,48.04,10000.0,8649.7,2950.66,253,3310
Cebu Pacific,CRK-CRK,2024.0,11,156.984,48.04,6159.14,8649.7,8649.7,253,253
Philippine Airlines,CRK-CRK,2024.0,11,54.944,33.43,6159.14,8649.7,8649.7,253,253
Cebu Pacific,CRK-DVO,2024.0,11,4552.536,48.04,10000.0,8649.7,5088.4,253,1643
Cebu Pacific,CRK-MNL,2024.0,11,156.984,48.04,10000.0,8649.7,3767.07,253,9264
Cebu Pacific,CRK-MPH,2024.0,11,7221.264,48.04,10000.0,8649.7,3772.76,253,1073
Philippine Airlines,CRK-USU,2024.0,11,824.1600000000001,33.43,10000.0,8649.7,5959.57,253,285
Cebgo,CYP-CEB,2024.0,11,1519.2,5.0,10000.0,5845.14,2950.66,76,3310
Philippine Airlines,CYP-MNL,2024.0,11,659.328,33.43,10000.0,5845.14,3767.07,76,9264
Cebu Pacific,CYZ-MNL,2024.0,11,5965.392000000001,48.04,10000.0,10000.0,3767.07,79,9264
Cebgo,DGT-CEB,2024.0,11,1579.968,5.0,10000.0,4417.1,2950.66,319,3310
Cebu Pacific,DGT-MNL,2024.0,11,9419.04,48.04,5015.81,4417.1,3767.07,319,9264
Philippine Airlines,DGT-MNL,2024.0,11,8416.128,33.43,5015.81,4417.1,3767.07,319,9264
Cebgo,DPL-CEB,2024.0,11,1154.592,5.0,10000.0,4074.62,2950.66,158,3310
Cebu Pacific,DPL-MNL,2024.0,11,4709.52,48.04,5002.37,4074.62,3767.07,158,9264
Philippine Airlines,DPL-MNL,2024.0,11,4508.64,33.43,5002.37,4074.62,3767.07,158,9264
Cebgo,DRP-CEB,2024.0,11,1640.736,5.0,10000.0,4334.16,2950.66,341,3310
Cebu Pacific,DRP-MNL,2024.0,11,10413.272,48.04,5005.18,4334.16,3767.07,341,9264
Philippine Airlines,DRP-MNL,2024.0,11,9763.872000000001,33.43,5005.18,4334.16,3767.07,341,9264
Cebu Pacific,DVO-BCD,2024.0,11,4552.536,48.04,10000.0,5088.4,3530.36,1643,745
Cebgo,DVO-CEB,2024.0,11,121.536,5.0,5265.37,5088.4,2950.66,1643,3310
Cebu Pacific,DVO-CEB,2024.0,11,4432.688,48.04,5265.37,5088.4,2950.66,1643,3310
Philippine Airlines,DVO-CEB,2024.0,11,7745.488,33.43,5265.37,5088.4,2950.66,1643,3310
Cebgo,DVO-CGY,2024.0,11,789.984,5.0,10000.0,5088.4,3803.71,1643,968
Cebu Pacific,DVO-CRK,2024.0,11,4552.536,48.04,10000.0,5088.4,8649.7,1643,253
Cebgo,DVO-IAO,2024.0,11,1762.272,5.0,10000.0,5088.4,5001.64,1643,465
Cebu Pacific,DVO-ILO,2024.0,11,4709.52,48.04,10000.0,5088.4,3387.03,1643,998
Cebu Pacific,DVO-MNL,2024.0,11,57480.62,48.04,5133.56,5088.4,3767.07,1643,9264
Philippine Airlines,DVO-MNL,2024.0,11,41330.816,33.43,5133.56,5088.4,3767.07,1643,9264
Cebu Pacific,DVO-MPH,2024.0,11,4709.52,48.04,10000.0,5088.4,3772.76,1643,1073
Philippine Airlines,DVO-TAG,2024.0,11,934.048,33.43,10000.0,5088.4,3375.51,1643,382
Philippine Airlines,EUQ-MNL,2024.0,11,659.328,33.43,10000.0,10000.0,3767.07,24,9264
Philippine Airlines,GES-CEB,2024.0,11,824.1600000000001,33.43,10000.0,5154.14,2950.66,307,3310
Cebu Pacific,GES-MNL,2024.0,11,19813.744,48.04,5215.91,5154.14,3767.07,307,9264
Philippine Airlines,GES-MNL,2024.0,11,12995.872,33.43,5215.91,5154.14,3767.07,307,9264
Cebgo,IAO-CEB,2024.0,11,4982.976,5.0,5418.26,5001.64,2950.66,465,3310
Philippine Airlines,IAO-CEB,2024.0,11,2747.2000000000003,33.43,5418.26,5001.64,2950.66,465,3310
Cebgo,IAO-DVO,2024.0,11,1701.504,5.0,10000.0,5001.64,5088.4,465,1643
Cebgo,IAO-IAO,2024.0,11,60.768,5.0,5012.67,5001.64,5001.64,465,465
Philippine Airlines,IAO-IAO,2024.0,11,54.944,33.43,5012.67,5001.64,5001.64,465,465
Philippine Airlines,IAO-MNL,2024.0,11,2802.1440000000002,33.43,10000.0,5001.64,3767.07,465,9264
Cebgo,ILO-CEB,2024.0,11,2613.024,5.0,10000.0,3387.03,2950.66,998,3310
Cebu Pacific,ILO-CGY,2024.0,11,4709.52,48.04,10000.0,3387.03,3803.71,998,968
Cebu Pacific,ILO-DVO,2024.0,11,4709.52,48.04,10000.0,3387.03,5088.4,998,1643
AirAsia,ILO-MNL,2024.0,11,22325.52,13.53,3361.18,3387.03,3767.07,998,9264
Cebu Pacific,ILO-MNL,2024.0,11,20970.024,48.04,3361.18,3387.03,3767.07,998,9264
Philippine Airlines,ILO-MNL,2024.0,11,17872.960000000003,33.43,3361.18,3387.03,3767.07,998,9264
Cebu Pacific,ILO-TAC,2024.0,11,2511.744,48.04,10000.0,3387.03,3286.41,998,719
AirAsia,KLO-MNL,2024.0,11,12811.68,13.53,6027.14,6078.64,3767.07,223,9264
Cebu Pacific,KLO-MNL,2024.0,11,4552.536,48.04,6027.14,6078.64,3767.07,223,9264
Philippine Airlines,KLO-MNL,2024.0,11,150.288,33.43,6027.14,6078.64,3767.07,223,9264
Philippine Airlines,LAO-MNL,2024.0,11,6777.504000000001,33.43,10000.0,10000.0,3767.07,73,9264
AirAsia,MNL-BCD,2024.0,11,8749.44,13.53,3517.39,3767.07,3530.36,9264,745
Cebu Pacific,MNL-BCD,2024.0,11,15857.072,48.04,3517.39,3767.07,3530.36,9264,745
Philippine Airlines,MNL-BCD,2024.0,11,12449.664,33.43,3517.39,3767.07,3530.36,9264,745
Philippine Airlines,MNL-BSO,2024.0,11,714.272,33.43,10000.0,3767.07,10000.0,9264,27
Cebu Pacific,MNL-BXU,2024.0,11,14380.072,48.04,5258.42,3767.07,4595.73,9264,372
Philippine Airlines,MNL-BXU,2024.0,11,9052.832,33.43,5258.42,3767.07,4595.73,9264,372
Philippine Airlines,MNL-CBO,2024.0,11,6312.0960000000005,33.43,10000.0,3767.07,10000.0,9264,92
AirAsia,MNL-CEB,2024.0,11,24685.920000000002,13.53,3430.02,3767.07,2950.66,9264,3310
Cebgo,MNL-CEB,2024.0,11,2005.344,5.0,3430.02,3767.07,2950.66,9264,3310
Cebu Pacific,MNL-CEB,2024.0,11,42970.572,48.04,3430.02,3767.07,2950.66,9264,3310
Philippine Airlines,MNL-CEB,2024.0,11,46954.496,33.43,3430.02,3767.07,2950.66,9264,3310
AirAsia,MNL-CGY,2024.0,11,4687.200000000001,13.53,4595.42,3767.07,3803.71,9264,968
Cebu Pacific,MNL-CGY,2024.0,11,30689.528000000002,48.04,4595.42,3767.07,3803.71,9264,968
Philippine Airlines,MNL-CGY,2024.0,11,16455.728000000003,33.43,4595.42,3767.07,3803.71,9264,968
Philippine Airlines,MNL-CRM,2024.0,11,934.048,33.43,10000.0,3767.07,10000.0,9264,17
Philippine Airlines,MNL-CYP,2024.0,11,659.328,33.43,10000.0,3767.07,5845.14,9264,76
Cebu Pacific,MNL-CYZ,2024.0,11,6436.344,48.04,10000.0,3767.07,10000.0,9264,79
Cebu Pacific,MNL-DGT,2024.0,11,13814.592,48.04,5237.91,3767.07,4417.1,9264,319
Philippine Airlines,MNL-DGT,2024.0,11,8866.992,33.43,5237.91,3767.07,4417.1,9264,319
Cebu Pacific,MNL-DPL,2024.0,11,4709.52,48.04,5002.37,3767.07,4074.62,9264,158
Philippine Airlines,MNL-DPL,2024.0,11,4508.64,33.43,5002.37,3767.07,4074.62,9264,158
Cebu Pacific,MNL-DRP,2024.0,11,10256.288,48.04,5003.02,3767.07,4334.16,9264,341
Philippine Airlines,MNL-DRP,2024.0,11,9763.872000000001,33.43,5003.02,3767.07,4334.16,9264,341
Cebu Pacific,MNL-DVO,2024.0,11,55348.676,48.04,5090.33,3767.07,5088.4,9264,1643
Philippine Airlines,MNL-DVO,2024.0,11,42232.544,33.43,5090.33,3767.07,5088.4,9264,1643
Philippine Airlines,MNL-EUQ,2024.0,11,659.328,33.43,10000.0,3767.07,10000.0,9264,24
Cebu Pacific,MNL-GES,2024.0,11,19813.744,48.04,5204.61,3767.07,5154.14,9264,307
Philippine Airlines,MNL-GES,2024.0,11,13146.16,33.43,5204.61,3767.07,5154.14,9264,307
Philippine Airlines,MNL-IAO,2024.0,11,4725.184,33.43,10000.0,3767.07,5001.64,9264,465
AirAsia,MNL-ILO,2024.0,11,17655.120000000003,13.53,3394.54,3767.07,3387.03,9264,998
Cebu Pacific,MNL-ILO,2024.0,11,24609.352000000003,48.04,3394.54,3767.07,3387.03,9264,998
Philippine Airlines,MNL-ILO,2024.0,11,20728.432,33.43,3394.54,3767.07,3387.03,9264,998
AirAsia,MNL-KLO,2024.0,11,12811.68,13.53,6131.17,3767.07,6078.64,9264,223
Cebu Pacific,MNL-KLO,2024.0,11,4552.536,48.04,6131.17,3767.07,6078.64,9264,223
Philippine Airlines,MNL-LAO,2024.0,11,3907.4880000000003,33.43,10000.0,3767.07,10000.0,9264,73
Cebu Pacific,MNL-MNL,2024.0,11,156.984,48.04,8091.31,3767.07,3767.07,9264,9264
Philippine Airlines,MNL-MNL,2024.0,11,1312.192,33.43,8091.31,3767.07,3767.07,9264,9264
AirAsia,MNL-MPH,2024.0,11,13592.880000000001,13.53,3253.05,3767.07,3772.76,9264,1073
Cebgo,MNL-MPH,2024.0,11,1762.272,5.0,3253.05,3767.07,3772.76,9264,1073
Cebu Pacific,MNL-MPH,2024.0,11,20721.888000000003,48.04,3253.05,3767.07,3772.76,9264,1073
Philippine Airlines,MNL-MPH,2024.0,11,13491.984,33.43,3253.05,3767.07,3772.76,9264,1073
Cebu Pacific,MNL-OZC,2024.0,11,7221.264,48.04,10000.0,3767.07,5688.26,9264,143
Cebu Pacific,MNL-PAG,2024.0,11,4709.52,48.04,10000.0,3767.07,8028.0,9264,119
AirAsia,MNL-PPS,2024.0,11,4687.200000000001,13.53,4274.19,3767.07,3924.8,9264,592
Cebu Pacific,MNL-PPS,2024.0,11,16988.032,48.04,4274.19,3767.07,3924.8,9264,592
Philippine Airlines,MNL-PPS,2024.0,11,7806.896000000001,33.43,4274.19,3767.07,3924.8,9264,592
Cebu Pacific,MNL-RXS,2024.0,11,4709.52,48.04,10000.0,3767.07,5221.07,9264,132
AirAsia,MNL-TAC,2024.0,11,9374.400000000001,13.53,3418.94,3767.07,3286.41,9264,719
Cebu Pacific,MNL-TAC,2024.0,11,8948.088,48.04,3418.94,3767.07,3286.41,9264,719
Philippine Airlines,MNL-TAC,2024.0,11,12651.664,33.43,3418.94,3767.07,3286.41,9264,719
AirAsia,MNL-TAG,2024.0,11,9374.400000000001,13.53,3458.22,3767.07,3375.51,9264,382
Cebu Pacific,MNL-TAG,2024.0,11,5786.464,48.04,3458.22,3767.07,3375.51,9264,382
Philippine Airlines,MNL-TAG,2024.0,11,8485.616,33.43,3458.22,3767.07,3375.51,9264,382
Cebu Pacific,MNL-TUG,2024.0,11,4081.5840000000003,48.04,10000.0,3767.07,7379.92,9264,143
Cebgo,MNL-USU,2024.0,11,1883.808,5.0,10000.0,3767.07,5959.57,9264,285
Cebu Pacific,MNL-VRC,2024.0,11,313.968,48.04,10000.0,3767.07,10000.0,9264,4
Cebgo,MNL-WNP,2024.0,11,2856.096,5.0,10000.0,3767.07,10000.0,9264,96
Cebu Pacific,MPH-CEB,2024.0,11,4709.52,48.04,5344.11,3772.76,2950.66,1073,3310
Philippine Airlines,MPH-CEB,2024.0,11,2752.0480000000002,33.43,5344.11,3772.76,2950.66,1073,3310
Cebu Pacific,MPH-CRK,2024.0,11,7064.280000000001,48.04,10000.0,3772.76,8649.7,1073,253
Cebu Pacific,MPH-DVO,2024.0,11,4709.52,48.04,10000.0,3772.76,5088.4,1073,1643
AirAsia,MPH-MNL,2024.0,11,17967.600000000002,13.53,3241.4,3772.76,3767.07,1073,9264
Cebgo,MPH-MNL,2024.0,11,1762.272,5.0,3241.4,3772.76,3767.07,1073,9264
Cebu Pacific,MPH-MNL,2024.0,11,25274.424000000003,48.04,3241.4,3772.76,3767.07,1073,9264
Philippine Airlines,MPH-MNL,2024.0,11,18451.488,33.43,3241.4,3772.76,3767.07,1073,9264
AirAsia,MPH-MPH,2024.0,11,156.24,13.53,5000.03,3772.76,3772.76,1073,1073
Cebu Pacific,MPH-MPH,2024.0,11,156.984,48.04,5000.03,3772.76,3772.76,1073,1073
Cebgo,OZC-CEB,2024.0,11,1215.3600000000001,5.0,10000.0,5688.26,2950.66,143,3310
Cebu Pacific,OZC-MNL,2024.0,11,7378.2480000000005,48.04,5291.39,5688.26,3767.07,143,9264
Philippine Airlines,OZC-MNL,2024.0,11,4508.64,33.43,5291.39,5688.26,3767.07,143,9264
Cebgo,PAG-CEB,2024.0,11,1276.128,5.0,10000.0,8028.0,2950.66,119,3310
Cebu Pacific,PAG-MNL,2024.0,11,9419.04,48.04,10000.0,8028.0,3767.07,119,9264
Cebu Pacific,PPS-CEB,2024.0,11,5629.4800000000005,48.04,6561.27,3924.8,2950.66,592,3310
Philippine Airlines,PPS-CEB,2024.0,11,1593.376,33.43,6561.27,3924.8,2950.66,592,3310
AirAsia,PPS-MNL,2024.0,11,9374.400000000001,13.53,3570.23,3924.8,3767.07,592,9264
Cebu Pacific,PPS-MNL,2024.0,11,16836.112,48.04,3570.23,3924.8,3767.07,592,9264
Philippine Airlines,PPS-MNL,2024.0,11,18522.592,33.43,3570.23,3924.8,3767.07,592,9264
AirAsia,RXS-MNL,2024.0,11,2031.1200000000001,13.53,4414.9,5221.07,3767.07,132,9264
Cebu Pacific,RXS-MNL,2024.0,11,9262.056,48.04,4414.9,5221.07,3767.07,132,9264
Philippine Airlines,RXS-MNL,2024.0,11,4508.64,33.43,4414.9,5221.07,3767.07,132,9264
Cebu Pacific,SIN-ILO,2024.0,11,470.952,48.04,10000.0,10000.0,3387.03,3,998
Cebgo,SUG-CEB,2024.0,11,2613.024,5.0,10000.0,10000.0,2950.66,63,3310
Cebgo,SWL-CEB,2024.0,11,911.52,5.0,10000.0,10000.0,2950.66,15,3310
Cebgo,TAC-CEB,2024.0,11,1579.968,5.0,5024.41,3286.41,2950.66,719,3310
Philippine Airlines,TAC-CEB,2024.0,11,1373.6000000000001,33.43,5024.41,3286.41,2950.66,719,3310
Cebu Pacific,TAC-DVO,2024.0,11,1883.808,48.04,10000.0,3286.41,5088.4,719,1643
Cebu Pacific,TAC-ILO,2024.0,11,2511.744,48.04,10000.0,3286.41,3387.03,719,998
AirAsia,TAC-MNL,2024.0,11,18510.24,13.53,3605.57,3286.41,3767.07,719,9264
Cebu Pacific,TAC-MNL,2024.0,11,26844.264000000003,48.04,3605.57,3286.41,3767.07,719,9264
Philippine Airlines,TAC-MNL,2024.0,11,13280.288,33.43,3605.57,3286.41,3767.07,719,9264
Philippine Airlines,TAG-DVO,2024.0,11,879.104,33.43,10000.0,3375.51,5088.4,382,1643
AirAsia,TAG-MNL,2024.0,11,8280.720000000001,13.53,3771.07,3375.51,3767.07,382,9264
Cebu Pacific,TAG-MNL,2024.0,11,17045.424,48.04,3771.07,3375.51,3767.07,382,9264
Philippine Airlines,TAG-MNL,2024.0,11,8485.616,33.43,3771.07,3375.51,3767.07,382,9264
Cebu Pacific,TUG-MNL,2024.0,11,14756.496000000001,48.04,6924.63,7379.92,3767.07,143,9264
Philippine Airlines,TUG-MNL,2024.0,11,3456.6240000000003,33.43,6924.63,7379.92,3767.07,143,9264
Cebgo,USU-CEB,2024.0,11,2187.648,5.0,6150.6,5959.57,2950.66,285,3310
Philippine Airlines,USU-CEB,2024.0,11,769.216,33.43,6150.6,5959.57,2950.66,285,3310
Philippine Airlines,USU-CRK,2024.0,11,824.1600000000001,33.43,10000.0,5959.57,8649.7,285,253
Cebgo,USU-MNL,2024.0,11,6684.4800000000005,5.0,7247.62,5959.57,3767.07,285,9264
Philippine Airlines,USU-MNL,2024.0,11,1318.656,33.43,7247.62,5959.57,3767.07,285,9264
Cebu Pacific,VRC-MNL,2024.0,11,313.968,48.04,10000.0,10000.0,3767.07,4,9264
Cebgo,WNP-MNL,2024.0,11,2977.632,5.0,10000.0,10000.0,3767.07,96,9264
Cebu Pacific,ZAM-CEB,2024.0,11,4709.52,48.04,7348.83,6806.65,2950.66,297,3310
Philippine Airlines,ZAM-CEB,2024.0,11,879.104,33.43,7348.83,6806.65,2950.66,297,3310
Cebu Pacific,ZAM-DVO,2024.0,11,4238.568,48.04,10000.0,6806.65,5088.4,297,1643
Cebu Pacific,ZAM-MNL,2024.0,11,23652.256,48.04,6541.74,6806.65,3767.07,297,9264
Philippine Airlines,ZAM-MNL,2024.0,11,6762.960000000001,33.43,6541.74,6806.65,3767.07,297,9264
Cebu Pacific,ZAM-TWT,2024.0,11,4709.52,48.04,6153.71,6806.65,5739.96,297,49
Philippine Airlines,ZAM-TWT,2024.0,11,1653.1680000000001,33.43,6153.71,6806.65,5739.96,297,49
Cebgo,BCD-CEB,2024.0,12,1717.632,5.47,5015.14,3492.01,2977.58,807,3768
Philippine Airlines,BCD-CEB,2024.0,12,1538.432,34.81,5015.14,3492.01,2977.58,807,3768
Cebu Pacific,BCD-DVO,2024.0,12,4912.6320000000005,46.27,10000.0,3492.01,4906.76,807,1712
AirAsia,BCD-MNL,2024.0,12,14061.6,13.46,3576.8,3492.01,3737.15,807,9676
Cebu Pacific,BCD-MNL,2024.0,12,28369.896,46.27,3576.8,3492.01,3737.15,807,9676
Philippine Airlines,BCD-MNL,2024.0,12,23574.208000000002,34.81,3576.8,3492.01,3737.15,807,9676
Philippine Airlines,BPA-CEB,2024.0,12,549.44,34.81,10000.0,10000.0,2977.58,21,3768
Philippine Airlines,BSO-CRK,2024.0,12,988.9920000000001,34.81,10000.0,10000.0,7739.89,63,319
Cebgo,BXU-CEB,2024.0,12,2760.48,5.47,5280.48,4314.78,2977.58,463,3768
Philippine Airlines,BXU-CEB,2024.0,12,1703.2640000000001,34.81,5280.48,4314.78,2977.58,463,3768
Cebu Pacific,BXU-MNL,2024.0,12,15504.696,46.27,5310.61,4314.78,3737.15,463,9676
Philippine Airlines,BXU-MNL,2024.0,12,9317.856,34.81,5310.61,4314.78,3737.15,463,9676
Philippine Airlines,CBO-MNL,2024.0,12,6462.384,34.81,10000.0,10000.0,3737.15,97,9676
Philippine Airlines,CBO-TWT,2024.0,12,439.552,34.81,10000.0,10000.0,5643.98,97,50
Cebgo,CEB-BCD,2024.0,12,1717.632,5.47,5015.14,2977.58,3492.01,3768,807
Philippine Airlines,CEB-BCD,2024.0,12,1538.432,34.81,5015.14,2977.58,3492.01,3768,807
Philippine Airlines,CEB-BPA,2024.0,12,604.384,34.81,10000.0,2977.58,10000.0,3768,21
Cebgo,CEB-BXU,2024.0,12,2760.48,5.47,5318.17,2977.58,4314.78,3768,463
Philippine Airlines,CEB-BXU,2024.0,12,1648.3200000000002,34.81,5318.17,2977.58,4314.78,3768,463
Cebgo,CEB-CEB,2024.0,12,306.72,5.47,5196.49,2977.58,2977.58,3768,3768
Philippine Airlines,CEB-CEB,2024.0,12,205.23200000000003,34.81,5196.49,2977.58,2977.58,3768,3768
Cebgo,CEB-CGM,2024.0,12,1778.976,5.47,10000.0,2977.58,10000.0,3768,57
Cebgo,CEB-CGY,2024.0,12,7852.032,5.47,5893.06,2977.58,3598.75,3768,1116
Philippine Airlines,CEB-CGY,2024.0,12,3186.752,34.81,5893.06,2977.58,3598.75,3768,1116
Cebu Pacific,CEB-CRK,2024.0,12,4912.6320000000005,46.27,10000.0,2977.58,7739.89,3768,319
Cebgo,CEB-CYP,2024.0,12,1901.664,5.47,10000.0,2977.58,5851.12,3768,82
Cebgo,CEB-DGT,2024.0,12,1840.32,5.47,10000.0,2977.58,4383.4,3768,338
Cebgo,CEB-DPL,2024.0,12,1717.632,5.47,10000.0,2977.58,3814.04,3768,174
Cebgo,CEB-DRP,2024.0,12,1717.632,5.47,10000.0,2977.58,4359.29,3768,349
Cebgo,CEB-DVO,2024.0,12,61.344,5.47,6328.26,2977.58,4906.76,3768,1712
Cebu Pacific,CEB-DVO,2024.0,12,3486.384,46.27,6328.26,2977.58,4906.76,3768,1712
Philippine Airlines,CEB-DVO,2024.0,12,11210.192000000001,34.81,6328.26,2977.58,4906.76,3768,1712
Philippine Airlines,CEB-GES,2024.0,12,1593.376,34.81,10000.0,2977.58,5097.41,3768,327
Cebgo,CEB-IAO,2024.0,12,5520.96,5.47,5199.84,2977.58,5035.96,3768,546
Philippine Airlines,CEB-IAO,2024.0,12,3681.248,34.81,5199.84,2977.58,5035.96,3768,546
Cebgo,CEB-ILO,2024.0,12,2944.512,5.47,10000.0,2977.58,3349.97,3768,1044
AirAsia,CEB-MNL,2024.0,12,22186.08,13.46,3602.95,2977.58,3737.15,3768,9676
Cebu Pacific,CEB-MNL,2024.0,12,46376.064,46.27,3602.95,2977.58,3737.15,3768,9676
Philippine Airlines,CEB-MNL,2024.0,12,41298.496,34.81,3602.95,2977.58,3737.15,3768,9676
Cebu Pacific,CEB-MPH,2024.0,12,4912.6320000000005,46.27,5060.83,2977.58,3706.31,3768,1135
Philippine Airlines,CEB-MPH,2024.0,12,3936.576,34.81,5060.83,2977.58,3706.31,3768,1135
Cebgo,CEB-PAG,2024.0,12,122.688,5.47,10000.0,2977.58,8114.26,3768,120
Cebu Pacific,CEB-PPS,2024.0,12,6074.76,46.27,5092.13,2977.58,3906.27,3768,602
Philippine Airlines,CEB-PPS,2024.0,12,7983.040000000001,34.81,5092.13,2977.58,3906.27,3768,602
Cebgo,CEB-SUG,2024.0,12,1533.6000000000001,5.47,10000.0,2977.58,10000.0,3768,66
Cebgo,CEB-TAC,2024.0,12,1594.944,5.47,5005.39,2977.58,3304.62,3768,770
Philippine Airlines,CEB-TAC,2024.0,12,1703.2640000000001,34.81,5005.39,2977.58,3304.62,3768,770
Cebgo,CEB-USU,2024.0,12,1717.632,5.47,5000.09,2977.58,5506.74,3768,347
Philippine Airlines,CEB-USU,2024.0,12,1703.2640000000001,34.81,5000.09,2977.58,5506.74,3768,347
Cebgo,CGM-CEB,2024.0,12,1717.632,5.47,10000.0,10000.0,2977.58,57,3768
Cebgo,CGY-CEB,2024.0,12,7852.032,5.47,5923.39,3598.75,2977.58,1116,3768
Philippine Airlines,CGY-CEB,2024.0,12,3131.808,34.81,5923.39,3598.75,2977.58,1116,3768
Cebgo,CGY-CGY,2024.0,12,61.344,5.47,10000.0,3598.75,3598.75,1116,1116
Cebgo,CGY-DVO,2024.0,12,981.504,5.47,10000.0,3598.75,4906.76,1116,1712
Cebu Pacific,CGY-ILO,2024.0,12,4912.6320000000005,46.27,10000.0,3598.75,3349.97,1116,1044
AirAsia,CGY-MNL,2024.0,12,4843.4400000000005,13.46,4280.13,3598.75,3737.15,1116,9676
Cebu Pacific,CGY-MNL,2024.0,12,27589.464,46.27,4280.13,3598.75,3737.15,1116,9676
Philippine Airlines,CGY-MNL,2024.0,12,22184.448,34.81,4280.13,3598.75,3737.15,1116,9676
Philippine Airlines,CRK-BSO,2024.0,12,934.048,34.81,10000.0,7739.89,10000.0,319,63
Cebu Pacific,CRK-CEB,2024.0,12,4912.6320000000005,46.27,10000.0,7739.89,2977.58,319,3768
Philippine Airlines,CRK-CRK,2024.0,12,54.944,34.81,10000.0,7739.89,7739.89,319,319
Cebu Pacific,CRK-DVO,2024.0,12,4912.6320000000005,46.27,10000.0,7739.89,4906.76,319,1712
Philippine Airlines,CRK-IAO,2024.0,12,714.272,34.81,10000.0,7739.89,5035.96,319,546
Cebu Pacific,CRK-MPH,2024.0,12,7923.6,46.27,10000.0,7739.89,3706.31,319,1135
Philippine Airlines,CRK-USU,2024.0,12,934.048,34.81,10000.0,7739.89,5506.74,319,347
Cebgo,CYP-CEB,2024.0,12,1533.6000000000001,5.47,10000.0,5851.12,2977.58,82,3768
Philippine Airlines,CYP-MNL,2024.0,12,714.272,34.81,10000.0,5851.12,3737.15,82,9676
Cebu Pacific,CYZ-MNL,2024.0,12,6972.768,46.27,10000.0,10000.0,3737.15,92,9676
Cebgo,DGT-CEB,2024.0,12,1840.32,5.47,10000.0,4383.4,2977.58,338,3768
Cebgo,DGT-ILO,2024.0,12,61.344,5.47,10000.0,4383.4,3349.97,338,1044
Cebu Pacific,DGT-MNL,2024.0,12,9825.264000000001,46.27,5006.0,4383.4,3737.15,338,9676
Philippine Airlines,DGT-MNL,2024.0,12,9167.568000000001,34.81,5006.0,4383.4,3737.15,338,9676
Cebgo,DPL-CEB,2024.0,12,1656.288,5.47,10000.0,3814.04,2977.58,174,3768
Cebu Pacific,DPL-MNL,2024.0,12,4754.16,46.27,5009.43,3814.04,3737.15,174,9676
Philippine Airlines,DPL-MNL,2024.0,12,4358.352000000001,34.81,5009.43,3814.04,3737.15,174,9676
Cebgo,DRP-CEB,2024.0,12,1594.944,5.47,10000.0,4359.29,2977.58,349,3768
Cebu Pacific,DRP-MNL,2024.0,12,10782.912,46.27,5006.92,4359.29,3737.15,349,9676
Philippine Airlines,DRP-MNL,2024.0,12,10009.504,34.81,5006.92,4359.29,3737.15,349,9676
Cebu Pacific,DVO-BCD,2024.0,12,4912.6320000000005,46.27,10000.0,4906.76,3492.01,1712,807
Cebgo,DVO-CEB,2024.0,12,61.344,5.47,6302.29,4906.76,2977.58,1712,3768
Cebu Pacific,DVO-CEB,2024.0,12,3486.384,46.27,6302.29,4906.76,2977.58,1712,3768
Philippine Airlines,DVO-CEB,2024.0,12,11059.904,34.81,6302.29,4906.76,2977.58,1712,3768
Cebgo,DVO-CGY,2024.0,12,1104.192,5.47,7891.03,4906.76,3598.75,1712,1116
Philippine Airlines,DVO-CGY,2024.0,12,150.288,34.81,7891.03,4906.76,3598.75,1712,1116
Cebu Pacific,DVO-CRK,2024.0,12,4912.6320000000005,46.27,10000.0,4906.76,7739.89,1712,319
Cebu Pacific,DVO-DVO,2024.0,12,158.472,46.27,10000.0,4906.76,4906.76,1712,1712
Cebgo,DVO-IAO,2024.0,12,1840.32,5.47,10000.0,4906.76,5035.96,1712,546
Cebu Pacific,DVO-ILO,2024.0,12,4595.688,46.27,10000.0,4906.76,3349.97,1712,1044
Cebu Pacific,DVO-MNL,2024.0,12,53716.044,46.27,5048.1,4906.76,3737.15,1712,9676
Philippine Airlines,DVO-MNL,2024.0,12,44120.032,34.81,5048.1,4906.76,3737.15,1712,9676
Cebu Pacific,DVO-MPH,2024.0,12,4754.16,46.27,10000.0,4906.76,3706.31,1712,1135
Philippine Airlines,DVO-TAG,2024.0,12,1593.376,34.81,10000.0,4906.76,3361.86,1712,425
Philippine Airlines,EUQ-MNL,2024.0,12,714.272,34.81,10000.0,10000.0,3737.15,26,9676
Philippine Airlines,GES-CEB,2024.0,12,1648.3200000000002,34.81,10000.0,5097.41,2977.58,327,3768
Cebu Pacific,GES-MNL,2024.0,12,18791.712,46.27,5196.96,5097.41,3737.15,327,9676
Philippine Airlines,GES-MNL,2024.0,12,12567.632,34.81,5196.96,5097.41,3737.15,327,9676
Cebgo,IAO-CEB,2024.0,12,5030.2080000000005,5.47,5143.83,5035.96,2977.58,546,3768
Philippine Airlines,IAO-CEB,2024.0,12,3571.36,34.81,5143.83,5035.96,2977.58,546,3768
Philippine Airlines,IAO-CRK,2024.0,12,659.328,34.81,10000.0,5035.96,7739.89,546,319
Cebgo,IAO-DVO,2024.0,12,1901.664,5.47,10000.0,5035.96,4906.76,546,1712
Cebgo,IAO-IAO,2024.0,12,61.344,5.47,6046.78,5035.96,5035.96,546,546
Philippine Airlines,IAO-IAO,2024.0,12,164.832,34.81,6046.78,5035.96,5035.96,546,546
Philippine Airlines,IAO-MNL,2024.0,12,3131.808,34.81,10000.0,5035.96,3737.15,546,9676
Cebgo,ILO-CEB,2024.0,12,2637.792,5.47,9600.24,3349.97,2977.58,1044,3768
Philippine Airlines,ILO-CEB,2024.0,12,54.944,34.81,9600.24,3349.97,2977.58,1044,3768
Cebu Pacific,ILO-CGY,2024.0,12,4912.6320000000005,46.27,10000.0,3349.97,3598.75,1044,1116
Cebu Pacific,ILO-DVO,2024.0,12,4754.16,46.27,9405.92,3349.97,4906.76,1044,1712
Philippine Airlines,ILO-DVO,2024.0,12,150.288,34.81,9405.92,3349.97,4906.76,1044,1712
AirAsia,ILO-MNL,2024.0,12,23427.600000000002,13.46,3381.84,3349.97,3737.15,1044,9676
Cebu Pacific,ILO-MNL,2024.0,12,20981.352000000003,46.27,3381.84,3349.97,3737.15,1044,9676
Philippine Airlines,ILO-MNL,2024.0,12,17378.464,34.81,3381.84,3349.97,3737.15,1044,9676
Cebu Pacific,ILO-TAC,2024.0,12,2852.496,46.27,10000.0,3349.97,3304.62,1044,770
AirAsia,KLO-MNL,2024.0,12,14061.6,13.46,6162.48,6172.74,3737.15,243,9676
Cebu Pacific,KLO-MNL,2024.0,12,4912.6320000000005,46.27,6162.48,6172.74,3737.15,243,9676
Philippine Airlines,LAO-MNL,2024.0,12,8731.248000000001,34.81,10000.0,10000.0,3737.15,91,9676
AirAsia,MNL-BCD,2024.0,12,9374.400000000001,13.46,3511.07,3737.15,3492.01,9676,807
Cebu Pacific,MNL-BCD,2024.0,12,16828.704,46.27,3511.07,3737.15,3492.01,9676,807
Philippine Airlines,MNL-BCD,2024.0,12,13367.552000000001,34.81,3511.07,3737.15,3492.01,9676,807
Philippine Airlines,MNL-BSO,2024.0,12,1538.432,34.81,10000.0,3737.15,10000.0,9676,63
Cebu Pacific,MNL-BXU,2024.0,12,15504.696,46.27,5349.95,3737.15,4314.78,9676,463
Philippine Airlines,MNL-BXU,2024.0,12,9017.28,34.81,5349.95,3737.15,4314.78,9676,463
Philippine Airlines,MNL-CBO,2024.0,12,6913.2480000000005,34.81,10000.0,3737.15,10000.0,9676,97
AirAsia,MNL-CEB,2024.0,12,26873.280000000002,13.46,3476.3,3737.15,2977.58,9676,3768
Cebgo,MNL-CEB,2024.0,12,1288.224,5.47,3476.3,3737.15,2977.58,9676,3768
Cebu Pacific,MNL-CEB,2024.0,12,44753.856,46.27,3476.3,3737.15,2977.58,9676,3768
Philippine Airlines,MNL-CEB,2024.0,12,51623.12,34.81,3476.3,3737.15,2977.58,9676,3768
AirAsia,MNL-CGY,2024.0,12,4843.4400000000005,13.46,4563.1,3737.15,3598.75,9676,1116
Cebu Pacific,MNL-CGY,2024.0,12,32684.424000000003,46.27,4563.1,3737.15,3598.75,9676,1116
Philippine Airlines,MNL-CGY,2024.0,12,18611.472,34.81,4563.1,3737.15,3598.75,9676,1116
Philippine Airlines,MNL-CRM,2024.0,12,988.9920000000001,34.81,10000.0,3737.15,10000.0,9676,18
Philippine Airlines,MNL-CYP,2024.0,12,714.272,34.81,10000.0,3737.15,5851.12,9676,82
Cebu Pacific,MNL-CYZ,2024.0,12,7606.656000000001,46.27,10000.0,3737.15,10000.0,9676,92
Cebu Pacific,MNL-DGT,2024.0,12,14737.896,46.27,5271.48,3737.15,4383.4,9676,338
Philippine Airlines,MNL-DGT,2024.0,12,9167.568000000001,34.81,5271.48,3737.15,4383.4,9676,338
Cebu Pacific,MNL-DPL,2024.0,12,4754.16,46.27,5003.51,3737.15,3814.04,9676,174
Philippine Airlines,MNL-DPL,2024.0,12,4508.64,34.81,5003.51,3737.15,3814.04,9676,174
Cebu Pacific,MNL-DRP,2024.0,12,11174.832,46.27,5007.07,3737.15,4359.29,9676,349
Philippine Airlines,MNL-DRP,2024.0,12,10365.024000000001,34.81,5007.07,3737.15,4359.29,9676,349
Cebu Pacific,MNL-DVO,2024.0,12,52122.804000000004,46.27,5015.89,3737.15,4906.76,9676,1712
Philippine Airlines,MNL-DVO,2024.0,12,46560.192,34.81,5015.89,3737.15,4906.76,9676,1712
Philippine Airlines,MNL-EUQ,2024.0,12,714.272,34.81,10000.0,3737.15,10000.0,9676,26
Cebu Pacific,MNL-GES,2024.0,12,18791.712,46.27,5196.96,3737.15,5097.41,9676,327
Philippine Airlines,MNL-GES,2024.0,12,12567.632,34.81,5196.96,3737.15,5097.41,9676,327
Philippine Airlines,MNL-IAO,2024.0,12,4999.904,34.81,10000.0,3737.15,5035.96,9676,546
AirAsia,MNL-ILO,2024.0,12,19061.280000000002,13.46,3365.76,3737.15,3349.97,9676,1044
Cebu Pacific,MNL-ILO,2024.0,12,24012.768,46.27,3365.76,3737.15,3349.97,9676,1044
Philippine Airlines,MNL-ILO,2024.0,12,23275.248000000003,34.81,3365.76,3737.15,3349.97,9676,1044
AirAsia,MNL-KLO,2024.0,12,14217.84,13.46,6182.96,3737.15,6172.74,9676,243
Cebu Pacific,MNL-KLO,2024.0,12,4912.6320000000005,46.27,6182.96,3737.15,6172.74,9676,243
Philippine Airlines,MNL-LAO,2024.0,12,4658.928,34.81,10000.0,3737.15,10000.0,9676,91
AirAsia,MNL-MNL,2024.0,12,468.72,13.46,3874.02,3737.15,3737.15,9676,9676
Cebgo,MNL-MNL,2024.0,12,61.344,5.47,3874.02,3737.15,3737.15,9676,9676
Cebu Pacific,MNL-MNL,2024.0,12,1342.752,46.27,3874.02,3737.15,3737.15,9676,9676
Philippine Airlines,MNL-MNL,2024.0,12,1743.6640000000002,34.81,3874.02,3737.15,3737.15,9676,9676
AirAsia,MNL-MPH,2024.0,12,14530.320000000002,13.46,3219.21,3737.15,3706.31,9676,1135
Cebgo,MNL-MPH,2024.0,12,1963.008,5.47,3219.21,3737.15,3706.31,9676,1135
Cebu Pacific,MNL-MPH,2024.0,12,21869.136000000002,46.27,3219.21,3737.15,3706.31,9676,1135
Philippine Airlines,MNL-MPH,2024.0,12,15379.472000000002,34.81,3219.21,3737.15,3706.31,9676,1135
Cebu Pacific,MNL-OZC,2024.0,12,7606.656000000001,46.27,10000.0,3737.15,5618.48,9676,152
Cebu Pacific,MNL-PAG,2024.0,12,4912.6320000000005,46.27,10000.0,3737.15,8114.26,9676,120
AirAsia,MNL-PPS,2024.0,12,4530.96,13.46,4297.76,3737.15,3906.27,9676,602
Cebu Pacific,MNL-PPS,2024.0,12,17578.464,46.27,4297.76,3737.15,3906.27,9676,602
Philippine Airlines,MNL-PPS,2024.0,12,8404.816,34.81,4297.76,3737.15,3906.27,9676,602
Cebu Pacific,MNL-RXS,2024.0,12,4912.6320000000005,46.27,10000.0,3737.15,5398.5,9676,128
AirAsia,MNL-TAC,2024.0,12,9374.400000000001,13.46,3496.51,3737.15,3304.62,9676,770
Cebu Pacific,MNL-TAC,2024.0,12,9666.792000000001,46.27,3496.51,3737.15,3304.62,9676,770
Philippine Airlines,MNL-TAC,2024.0,12,14810.640000000001,34.81,3496.51,3737.15,3304.62,9676,770
AirAsia,MNL-TAG,2024.0,12,9686.880000000001,13.46,3453.61,3737.15,3361.86,9676,425
Cebu Pacific,MNL-TAG,2024.0,12,6074.76,46.27,3453.61,3737.15,3361.86,9676,425
Philippine Airlines,MNL-TAG,2024.0,12,9017.28,34.81,3453.61,3737.15,3361.86,9676,425
Cebu Pacific,MNL-TUG,2024.0,12,4595.688,46.27,10000.0,3737.15,7358.32,9676,171
Cebgo,MNL-USU,2024.0,12,1778.976,5.47,10000.0,3737.15,5506.74,9676,347
Cebgo,MNL-WNP,2024.0,12,3251.232,5.47,10000.0,3737.15,10000.0,9676,105
Cebu Pacific,MPH-CEB,2024.0,12,4754.16,46.27,5044.25,3706.31,2977.58,1135,3768
Philippine Airlines,MPH-CEB,2024.0,12,3936.5760000000005,34.81,5044.25,3706.31,2977.58,1135,3768
Cebu Pacific,MPH-CRK,2024.0,12,7765.128000000001,46.27,10000.0,3706.31,7739.89,1135,319
Cebu Pacific,MPH-DVO,2024.0,12,4754.16,46.27,10000.0,3706.31,4906.76,1135,1712
AirAsia,MPH-MNL,2024.0,12,19373.760000000002,13.46,3237.29,3706.31,3737.15,1135,9676
Cebgo,MPH-MNL,2024.0,12,1901.664,5.47,3237.29,3706.31,3737.15,1135,9676
Cebu Pacific,MPH-MNL,2024.0,12,26623.296000000002,46.27,3237.29,3706.31,3737.15,1135,9676
Philippine Airlines,MPH-MNL,2024.0,12,18986.384000000002,34.81,3237.29,3706.31,3737.15,1135,9676
Cebgo,OZC-CEB,2024.0,12,1656.288,5.47,10000.0,5618.48,2977.58,152,3768
Cebu Pacific,OZC-MNL,2024.0,12,7606.656000000001,46.27,5368.52,5618.48,3737.15,152,9676
Philippine Airlines,OZC-MNL,2024.0,12,4358.352000000001,34.81,5368.52,5618.48,3737.15,152,9676
Cebgo,PAG-CEB,2024.0,12,1594.944,5.47,10000.0,8114.26,2977.58,120,3768
Cebu Pacific,PAG-MNL,2024.0,12,9666.792000000001,46.27,10000.0,8114.26,3737.15,120,9676
Cebu Pacific,PPS-CEB,2024.0,12,6074.76,46.27,5242.6,3906.27,2977.58,602,3768
Philippine Airlines,PPS-CEB,2024.0,12,3881.6320000000005,34.81,5242.6,3906.27,2977.58,602,3768
AirAsia,PPS-MNL,2024.0,12,9686.880000000001,13.46,3534.39,3906.27,3737.15,602,9676
Cebu Pacific,PPS-MNL,2024.0,12,16678.752,46.27,3534.39,3906.27,3737.15,602,9676
Philippine Airlines,PPS-MNL,2024.0,12,17926.288,34.81,3534.39,3906.27,3737.15,602,9676
AirAsia,RXS-MNL,2024.0,12,1718.64,13.46,4535.18,5398.5,3737.15,128,9676
Cebu Pacific,RXS-MNL,2024.0,12,9032.904,46.27,4535.18,5398.5,3737.15,128,9676
Philippine Airlines,RXS-MNL,2024.0,12,4358.352000000001,34.81,4535.18,5398.5,3737.15,128,9676
Cebu Pacific,SIN-ILO,2024.0,12,1901.6640000000002,46.27,10000.0,10000.0,3349.97,12,1044
Cebgo,SUG-CEB,2024.0,12,2515.1040000000003,5.47,10000.0,10000.0,2977.58,66,3768
Cebgo,SWL-CEB,2024.0,12,1226.88,5.47,10000.0,10000.0,2977.58,20,3768
Cebgo,TAC-CEB,2024.0,12,1963.008,5.47,5025.1,3304.62,2977.58,770,3768
Philippine Airlines,TAC-CEB,2024.0,12,1703.2640000000001,34.81,5025.1,3304.62,2977.58,770,3768
Cebu Pacific,TAC-DVO,2024.0,12,2060.136,46.27,10000.0,3304.62,4906.76,770,1712
Cebu Pacific,TAC-ILO,2024.0,12,2852.496,46.27,10000.0,3304.62,3349.97,770,1044
AirAsia,TAC-MNL,2024.0,12,18584.16,13.46,3715.66,3304.62,3737.15,770,9676
Cebu Pacific,TAC-MNL,2024.0,12,29158.848,46.27,3715.66,3304.62,3737.15,770,9676
Philippine Airlines,TAC-MNL,2024.0,12,12671.056,34.81,3715.66,3304.62,3737.15,770,9676
Cebu Pacific,TAC-TAC,2024.0,12,158.472,46.27,10000.0,3304.62,3304.62,770,770
Philippine Airlines,TAG-DVO,2024.0,12,1593.376,34.81,10000.0,3361.86,4906.76,425,1712
AirAsia,TAG-MNL,2024.0,12,9686.880000000001,13.46,3722.9,3361.86,3737.15,425,9676
Cebu Pacific,TAG-MNL,2024.0,12,18111.816000000003,46.27,3722.9,3361.86,3737.15,425,9676
Philippine Airlines,TAG-MNL,2024.0,12,8866.992,34.81,3722.9,3361.86,3737.15,425,9676
Philippine Airlines,TBH-MNL,2024.0,12,150.288,34.81,10000.0,10000.0,3737.15,2,9676
Philippine Airlines,TBH-MPH,2024.0,12,150.288,34.81,10000.0,10000.0,3706.31,2,1135
Cebu Pacific,TUG-MNL,2024.0,12,18065.808,46.27,6935.37,7358.32,3737.15,171,9676
Philippine Airlines,TUG-MNL,2024.0,12,4208.064,34.81,6935.37,7358.32,3737.15,171,9676
Cebgo,USU-CEB,2024.0,12,2576.448,5.47,5277.91,5506.74,2977.58,347,3768
Philippine Airlines,USU-CEB,2024.0,12,1593.376,34.81,5277.91,5506.74,2977.58,347,3768
Philippine Airlines,USU-CRK,2024.0,12,934.048,34.81,10000.0,5506.74,7739.89,347,319
Cebgo,USU-MNL,2024.0,12,7422.624,5.47,6963.88,5506.74,3737.15,347,9676
Philippine Airlines,USU-MNL,2024.0,12,1703.2640000000001,34.81,6963.88,5506.74,3737.15,347,9676
Philippine Airlines,USU-USU,2024.0,12,54.944,34.81,10000.0,5506.74,5506.74,347,347
Cebgo,WNP-MNL,2024.0,12,3189.888,5.47,10000.0,10000.0,3737.15,105,9676
Cebu Pacific,ZAM-CEB,2024.0,12,4120.272,46.27,5977.95,6870.7,2977.58,308,3768
Philippine Airlines,ZAM-CEB,2024.0,12,1593.376,34.81,5977.95,6870.7,2977.58,308,3768
Cebu Pacific,ZAM-DVO,2024.0,12,4754.16,46.27,10000.0,6870.7,4906.76,308,1712
Cebu Pacific,ZAM-MNL,2024.0,12,25418.568000000003,46.27,6906.33,6870.7,3737.15,308,9676
Philippine Airlines,ZAM-MNL,2024.0,12,6011.52,34.81,6906.33,6870.7,3737.15,308,9676
Cebu Pacific,ZAM-TWT,2024.0,12,4754.16,46.27,6012.35,6870.7,5643.98,308,50
Philippine Airlines,ZAM-TWT,2024.0,12,1803.4560000000001,34.81,6012.35,6870.7,5643.98,308,50
Cebgo,BCD-CEB,2025.0,1,1930.68,4.96,5197.19,3407.96,2912.9,811,3521
Philippine Airlines,BCD-CEB,2025.0,1,1290.9119999999998,32.71,5197.19,3407.96,2912.9,811,3521
Cebu Pacific,BCD-DVO,2025.0,1,4665.8099999999995,47.98,10000.0,3407.96,5118.57,811,1660
AirAsia,BCD-MNL,2025.0,1,16667.46,14.36,3503.8,3407.96,3750.57,811,9651
Cebu Pacific,BCD-MNL,2025.0,1,28662.64,47.98,3503.8,3407.96,3750.57,811,9651
Philippine Airlines,BCD-MNL,2025.0,1,20740.02,32.71,3503.8,3407.96,3750.57,811,9651
Philippine Airlines,BPA-CEB,2025.0,1,699.2439999999999,32.71,10000.0,10000.0,2912.9,27,3521
Philippine Airlines,BSO-CRK,2025.0,1,806.8199999999999,32.71,10000.0,10000.0,7825.39,61,309
Cebgo,BXU-CEB,2025.0,1,1992.96,4.96,5039.55,4618.85,2912.9,431,3521
Philippine Airlines,BXU-CEB,2025.0,1,1667.4279999999999,32.71,5039.55,4618.85,2912.9,431,3521
Cebu Pacific,BXU-MNL,2025.0,1,16370.989999999998,47.98,5572.68,4618.85,3750.57,431,9651
Philippine Airlines,BXU-MNL,2025.0,1,8091.93,32.71,5572.68,4618.85,3750.57,431,9651
Philippine Airlines,CBO-MNL,2025.0,1,5149.41,32.71,10000.0,10000.0,3750.57,92,9651
Philippine Airlines,CBO-TWT,2025.0,1,484.092,32.71,10000.0,10000.0,5610.38,92,50
Cebgo,CEB-BCD,2025.0,1,1930.68,4.96,5197.19,2912.9,3407.96,3521,811
Philippine Airlines,CEB-BCD,2025.0,1,1290.9119999999998,32.71,5197.19,2912.9,3407.96,3521,811
Philippine Airlines,CEB-BPA,2025.0,1,753.0319999999999,32.71,10000.0,2912.9,10000.0,3521,27
Cebgo,CEB-BXU,2025.0,1,1992.96,4.96,5039.55,2912.9,4618.85,3521,431
Philippine Airlines,CEB-BXU,2025.0,1,1667.4279999999999,32.71,5039.55,2912.9,4618.85,3521,431
Cebgo,CEB-CGM,2025.0,1,1806.1200000000001,4.96,10000.0,2912.9,10000.0,3521,59
Cebgo,CEB-CGY,2025.0,1,4484.16,4.96,5146.48,2912.9,3832.73,3521,998
Philippine Airlines,CEB-CGY,2025.0,1,3173.4919999999997,32.71,5146.48,2912.9,3832.73,3521,998
Cebu Pacific,CEB-CRK,2025.0,1,4987.589999999999,47.98,10000.0,2912.9,7825.39,3521,309
Cebgo,CEB-CYP,2025.0,1,1743.8400000000001,4.96,10000.0,2912.9,5789.06,3521,82
Cebgo,CEB-DGT,2025.0,1,1868.4,4.96,8540.04,2912.9,4371.96,3521,330
Cebu Pacific,CEB-DGT,2025.0,1,160.89,47.98,8540.04,2912.9,4371.96,3521,330
Cebgo,CEB-DPL,2025.0,1,1681.56,4.96,10000.0,2912.9,3853.04,3521,174
Cebgo,CEB-DRP,2025.0,1,1681.56,4.96,10000.0,2912.9,4391.31,3521,355
Cebu Pacific,CEB-DVO,2025.0,1,3217.7999999999997,47.98,5616.32,2912.9,5118.57,3521,1660
Philippine Airlines,CEB-DVO,2025.0,1,6699.7699999999995,32.71,5616.32,2912.9,5118.57,3521,1660
Philippine Airlines,CEB-GES,2025.0,1,1344.6999999999998,32.71,10000.0,2912.9,5218.02,3521,323
Cebgo,CEB-IAO,2025.0,1,5854.32,4.96,5194.24,2912.9,5016.9,3521,566
Philippine Airlines,CEB-IAO,2025.0,1,3926.524,32.71,5194.24,2912.9,5016.9,3521,566
Cebgo,CEB-ILO,2025.0,1,1432.44,4.96,10000.0,2912.9,3480.53,3521,999
AirAsia,CEB-MNL,2025.0,1,22654.8,14.36,3620.83,2912.9,3750.57,3521,9651
Cebu Pacific,CEB-MNL,2025.0,1,48594.835,47.98,3620.83,2912.9,3750.57,3521,9651
Philippine Airlines,CEB-MNL,2025.0,1,37189.656,32.71,3620.83,2912.9,3750.57,3521,9651
Cebu Pacific,CEB-MPH,2025.0,1,4826.7,47.98,5614.6,2912.9,3750.63,3521,1127
Philippine Airlines,CEB-MPH,2025.0,1,2320.794,32.71,5614.6,2912.9,3750.63,3521,1127
Cebgo,CEB-PAG,2025.0,1,1183.32,4.96,10000.0,2912.9,6846.29,3521,150
Cebu Pacific,CEB-PPS,2025.0,1,6366.4,47.98,5672.99,2912.9,3857.42,3521,576
Philippine Airlines,CEB-PPS,2025.0,1,2948.848,32.71,5672.99,2912.9,3857.42,3521,576
Cebgo,CEB-SUG,2025.0,1,1743.8400000000001,4.96,10000.0,2912.9,8248.72,3521,69
Cebgo,CEB-TAC,2025.0,1,1619.28,4.96,4559.66,2912.9,3288.94,3521,757
Cebu Pacific,CEB-TAC,2025.0,1,160.89,47.98,4559.66,2912.9,3288.94,3521,757
Philippine Airlines,CEB-TAC,2025.0,1,1613.6399999999999,32.71,4559.66,2912.9,3288.94,3521,757
Cebgo,CEB-USU,2025.0,1,1930.68,4.96,5040.01,2912.9,5644.07,3521,351
Philippine Airlines,CEB-USU,2025.0,1,1613.6399999999999,32.71,5040.01,2912.9,5644.07,3521,351
Cebgo,CGM-CEB,2025.0,1,1868.4,4.96,10000.0,10000.0,2912.9,59,3521
Cebgo,CGY-CEB,2025.0,1,4421.88,4.96,5135.07,3832.73,2912.9,998,3521
Philippine Airlines,CGY-CEB,2025.0,1,3173.4919999999997,32.71,5135.07,3832.73,2912.9,998,3521
Cebgo,CGY-DVO,2025.0,1,1058.76,4.96,10000.0,3832.73,5118.57,998,1660
Cebu Pacific,CGY-ILO,2025.0,1,4826.7,47.98,10000.0,3832.73,3480.53,998,999
AirAsia,CGY-MNL,2025.0,1,5016.42,14.36,4248.15,3832.73,3750.57,998,9651
Cebu Pacific,CGY-MNL,2025.0,1,27320.16,47.98,4248.15,3832.73,3750.57,998,9651
Philippine Airlines,CGY-MNL,2025.0,1,22752.324,32.71,4248.15,3832.73,3750.57,998,9651
Philippine Airlines,CRK-BSO,2025.0,1,968.184,32.71,10000.0,7825.39,10000.0,309,61
Cebu Pacific,CRK-CEB,2025.0,1,4987.589999999999,47.98,10000.0,7825.39,2912.9,309,3521
Cebu Pacific,CRK-DVO,2025.0,1,4826.7,47.98,10000.0,7825.39,5118.57,309,1660
Philippine Airlines,CRK-IAO,2025.0,1,645.4559999999999,32.71,10000.0,7825.39,5016.9,309,566
Cebu Pacific,CRK-MPH,2025.0,1,7722.719999999999,47.98,10000.0,7825.39,3750.63,309,1127
Philippine Airlines,CRK-USU,2025.0,1,914.396,32.71,10000.0,7825.39,5644.07,309,351
Cebgo,CYP-CEB,2025.0,1,1806.1200000000001,4.96,10000.0,5789.06,2912.9,82,3521
Philippine Airlines,CYP-MNL,2025.0,1,591.668,32.71,10000.0,5789.06,3750.57,82,9651
Philippine Airlines,CYP-TAC,2025.0,1,294.252,32.71,10000.0,5789.06,3288.94,82,757
Cebu Pacific,CYZ-MNL,2025.0,1,7883.61,47.98,10000.0,10000.0,3750.57,98,9651
Cebgo,DGT-CEB,2025.0,1,1868.4,4.96,10000.0,4371.96,2912.9,330,3521
Cebu Pacific,DGT-MNL,2025.0,1,9492.509999999998,47.98,5003.93,4371.96,3750.57,330,9651
Philippine Airlines,DGT-MNL,2025.0,1,8974.686,32.71,5003.93,4371.96,3750.57,330,9651
Cebgo,DPL-CEB,2025.0,1,1619.28,4.96,10000.0,3853.04,2912.9,174,3521
Cebu Pacific,DPL-MNL,2025.0,1,4987.589999999999,47.98,5045.43,3853.04,3750.57,174,9651
Philippine Airlines,DPL-MNL,2025.0,1,4119.528,32.71,5045.43,3853.04,3750.57,174,9651
Cebgo,DRP-CEB,2025.0,1,1619.28,4.96,10000.0,4391.31,2912.9,355,3521
Cebu Pacific,DRP-MNL,2025.0,1,11565.05,47.98,5086.49,4391.31,3750.57,355,9651
Philippine Airlines,DRP-MNL,2025.0,1,8876.602,32.71,5086.49,4391.31,3750.57,355,9651
Cebu Pacific,DVO-BCD,2025.0,1,4826.7,47.98,10000.0,5118.57,3407.96,1660,811
Cebu Pacific,DVO-CEB,2025.0,1,3217.7999999999997,47.98,5616.32,5118.57,2912.9,1660,3521
Philippine Airlines,DVO-CEB,2025.0,1,6699.7699999999995,32.71,5616.32,5118.57,2912.9,1660,3521
Cebgo,DVO-CGY,2025.0,1,996.48,4.96,10000.0,5118.57,3832.73,1660,998
Cebu Pacific,DVO-CRK,2025.0,1,4665.8099999999995,47.98,10000.0,5118.57,7825.39,1660,309
Cebgo,DVO-IAO,2025.0,1,1930.68,4.96,10000.0,5118.57,5016.9,1660,566
Cebu Pacific,DVO-ILO,2025.0,1,4987.589999999999,47.98,10000.0,5118.57,3480.53,1660,999
Cebu Pacific,DVO-MNL,2025.0,1,60018.89,47.98,5171.26,5118.57,3750.57,1660,9651
Philippine Airlines,DVO-MNL,2025.0,1,41272.798,32.71,5171.26,5118.57,3750.57,1660,9651
Cebu Pacific,DVO-MPH,2025.0,1,4826.7,47.98,10000.0,5118.57,3750.63,1660,1127
Philippine Airlines,DVO-TAG,2025.0,1,1452.2759999999998,32.71,10000.0,5118.57,3358.27,1660,427
Philippine Airlines,EUQ-MNL,2025.0,1,645.4559999999999,32.71,10000.0,10000.0,3750.57,26,9651
Philippine Airlines,GES-CEB,2025.0,1,1344.6999999999998,32.71,10000.0,5218.02,2912.9,323,3521
Cebu Pacific,GES-MNL,2025.0,1,21450.27,47.98,5335.75,5218.02,3750.57,323,9651
Philippine Airlines,GES-MNL,2025.0,1,12621.196,32.71,5335.75,5218.02,3750.57,323,9651
Cebgo,IAO-CEB,2025.0,1,5605.2,4.96,5206.6,5016.9,2912.9,566,3521
Philippine Airlines,IAO-CEB,2025.0,1,3711.372,32.71,5206.6,5016.9,2912.9,566,3521
Philippine Airlines,IAO-CRK,2025.0,1,699.2439999999999,32.71,10000.0,5016.9,7825.39,566,309
Cebgo,IAO-DVO,2025.0,1,1930.68,4.96,10000.0,5016.9,5118.57,566,1660
Philippine Airlines,IAO-MNL,2025.0,1,3173.4919999999997,32.71,10000.0,5016.9,3750.57,566,9651
Cebgo,ILO-CEB,2025.0,1,1432.44,4.96,10000.0,3480.53,2912.9,999,3521
Cebu Pacific,ILO-CGY,2025.0,1,4665.8099999999995,47.98,10000.0,3480.53,3832.73,999,998
Cebu Pacific,ILO-DVO,2025.0,1,4987.589999999999,47.98,10000.0,3480.53,5118.57,999,1660
AirAsia,ILO-MNL,2025.0,1,24770.64,14.36,3446.01,3480.53,3750.57,999,9651
Cebu Pacific,ILO-MNL,2025.0,1,21453.73,47.98,3446.01,3480.53,3750.57,999,9651
Philippine Airlines,ILO-MNL,2025.0,1,15604.848,32.71,3446.01,3480.53,3750.57,999,9651
Cebu Pacific,ILO-TAC,2025.0,1,2574.24,47.98,10000.0,3480.53,3288.94,999,757
AirAsia,KLO-MNL,2025.0,1,15049.26,14.36,6260.81,6260.81,3750.57,248,9651
Cebu Pacific,KLO-MNL,2025.0,1,4987.589999999999,47.98,6260.81,6260.81,3750.57,248,9651
Philippine Airlines,LAO-MNL,2025.0,1,7425.908,32.71,10000.0,10000.0,3750.57,82,9651
AirAsia,MNL-BCD,2025.0,1,10032.84,14.36,3482.84,3750.57,3407.96,9651,811
Cebu Pacific,MNL-BCD,2025.0,1,17152.949999999997,47.98,3482.84,3750.57,3407.96,9651,811
Philippine Airlines,MNL-BCD,2025.0,1,14886.62,32.71,3482.84,3750.57,3407.96,9651,811
Philippine Airlines,MNL-BSO,2025.0,1,1506.0639999999999,32.71,10000.0,3750.57,10000.0,9651,61
Cebu Pacific,MNL-BXU,2025.0,1,16768.89,47.98,5481.28,3750.57,4618.85,9651,431
Philippine Airlines,MNL-BXU,2025.0,1,8827.56,32.71,5481.28,3750.57,4618.85,9651,431
Philippine Airlines,MNL-CBO,2025.0,1,7062.048000000001,32.71,10000.0,3750.57,10000.0,9651,92
AirAsia,MNL-CEB,2025.0,1,27833.039999999997,14.36,3470.27,3750.57,2912.9,9651,3521
Cebgo,MNL-CEB,2025.0,1,435.96000000000004,4.96,3470.27,3750.57,2912.9,9651,3521
Cebu Pacific,MNL-CEB,2025.0,1,44424.67,47.98,3470.27,3750.57,2912.9,9651,3521
Philippine Airlines,MNL-CEB,2025.0,1,48219.36,32.71,3470.27,3750.57,2912.9,9651,3521
AirAsia,MNL-CGY,2025.0,1,5016.42,14.36,4549.47,3750.57,3832.73,9651,998
Cebu Pacific,MNL-CGY,2025.0,1,32293.91,47.98,4549.47,3750.57,3832.73,9651,998
Philippine Airlines,MNL-CGY,2025.0,1,18018.98,32.71,4549.47,3750.57,3832.73,9651,998
Philippine Airlines,MNL-CRM,2025.0,1,860.608,32.71,10000.0,3750.57,10000.0,9651,16
Philippine Airlines,MNL-CYP,2025.0,1,645.4559999999999,32.71,10000.0,3750.57,5789.06,9651,82
Cebu Pacific,MNL-CYZ,2025.0,1,7883.61,47.98,10000.0,3750.57,10000.0,9651,98
Cebu Pacific,MNL-DGT,2025.0,1,14319.21,47.98,5281.45,3750.57,4371.96,9651,330
Philippine Airlines,MNL-DGT,2025.0,1,8827.56,32.71,5281.45,3750.57,4371.96,9651,330
Cebu Pacific,MNL-DPL,2025.0,1,4987.589999999999,47.98,5009.98,3750.57,3853.04,9651,174
Philippine Airlines,MNL-DPL,2025.0,1,4560.906,32.71,5009.98,3750.57,3853.04,9651,174
Cebu Pacific,MNL-DRP,2025.0,1,11764.0,47.98,5000.32,3750.57,4391.31,9651,355
Philippine Airlines,MNL-DRP,2025.0,1,11578.658,32.71,5000.32,3750.57,4391.31,9651,355
Cebu Pacific,MNL-DVO,2025.0,1,60302.61,47.98,5152.1,3750.57,5118.57,9651,1660
Philippine Airlines,MNL-DVO,2025.0,1,42391.272000000004,32.71,5152.1,3750.57,5118.57,9651,1660
Philippine Airlines,MNL-EUQ,2025.0,1,753.0319999999999,32.71,10000.0,3750.57,10000.0,9651,26
Cebu Pacific,MNL-GES,2025.0,1,21450.27,47.98,5321.87,3750.57,5218.02,9651,323
Philippine Airlines,MNL-GES,2025.0,1,12768.322,32.71,5321.87,3750.57,5218.02,9651,323
Philippine Airlines,MNL-IAO,2025.0,1,5056.072,32.71,10000.0,3750.57,5016.9,9651,566
AirAsia,MNL-ILO,2025.0,1,20389.32,14.36,3362.78,3750.57,3480.53,9651,999
Cebu Pacific,MNL-ILO,2025.0,1,25610.92,47.98,3362.78,3750.57,3480.53,9651,999
Philippine Airlines,MNL-ILO,2025.0,1,24128.664,32.71,3362.78,3750.57,3480.53,9651,999
AirAsia,MNL-KLO,2025.0,1,15049.26,14.36,6260.81,3750.57,6260.81,9651,248
Cebu Pacific,MNL-KLO,2025.0,1,4987.589999999999,47.98,6260.81,3750.57,6260.81,9651,248
Philippine Airlines,MNL-LAO,2025.0,1,4708.032,32.71,10000.0,3750.57,10000.0,9651,82
AirAsia,MNL-MNL,2025.0,1,200.1,14.36,4758.0,3750.57,3750.57,9651,9651
Cebu Pacific,MNL-MNL,2025.0,1,1676.37,47.98,4758.0,3750.57,3750.57,9651,9651
Philippine Airlines,MNL-MNL,2025.0,1,2515.38,32.71,4758.0,3750.57,3750.57,9651,9651
AirAsia,MNL-MPH,2025.0,1,15049.26,14.36,3225.46,3750.57,3750.63,9651,1127
Cebgo,MNL-MPH,2025.0,1,1930.68,4.96,3225.46,3750.57,3750.63,9651,1127
Cebu Pacific,MNL-MPH,2025.0,1,22041.929999999997,47.98,3225.46,3750.57,3750.63,9651,1127
Philippine Airlines,MNL-MPH,2025.0,1,14948.318000000001,32.71,3225.46,3750.57,3750.63,9651,1127
Cebu Pacific,MNL-OZC,2025.0,1,7722.719999999999,47.98,10000.0,3750.57,5737.37,9651,149
Cebu Pacific,MNL-PAG,2025.0,1,4987.589999999999,47.98,10000.0,3750.57,6846.29,9651,150
AirAsia,MNL-PPS,2025.0,1,5825.5199999999995,14.36,4062.73,3750.57,3857.42,9651,576
Cebu Pacific,MNL-PPS,2025.0,1,18121.75,47.98,4062.73,3750.57,3857.42,9651,576
Philippine Airlines,MNL-PPS,2025.0,1,9268.938,32.71,4062.73,3750.57,3857.42,9651,576
Cebu Pacific,MNL-RXS,2025.0,1,4987.589999999999,47.98,10000.0,3750.57,5416.7,9651,135
AirAsia,MNL-TAC,2025.0,1,10032.84,14.36,3472.48,3750.57,3288.94,9651,757
Cebu Pacific,MNL-TAC,2025.0,1,9653.4,47.98,3472.48,3750.57,3288.94,9651,757
Philippine Airlines,MNL-TAC,2025.0,1,14817.012,32.71,3472.48,3750.57,3288.94,9651,757
AirAsia,MNL-TAG,2025.0,1,10032.84,14.36,3463.03,3750.57,3358.27,9651,427
Cebu Pacific,MNL-TAG,2025.0,1,6167.45,47.98,3463.03,3750.57,3358.27,9651,427
Philippine Airlines,MNL-TAG,2025.0,1,9303.742,32.71,3463.03,3750.57,3358.27,9651,427
Cebu Pacific,MNL-TUG,2025.0,1,4987.589999999999,47.98,10000.0,3750.57,7754.84,9651,158
Cebgo,MNL-USU,2025.0,1,1868.4,4.96,10000.0,3750.57,5644.07,9651,351
Cebgo,MNL-WNP,2025.0,1,2740.32,4.96,10000.0,3750.57,10000.0,9651,87
Cebu Pacific,MPH-CEB,2025.0,1,4826.7,47.98,5614.6,3750.63,2912.9,1127,3521
Philippine Airlines,MPH-CEB,2025.0,1,2320.794,32.71,5614.6,3750.63,2912.9,1127,3521
Cebu Pacific,MPH-CRK,2025.0,1,7722.719999999999,47.98,10000.0,3750.63,7825.39,1127,309
Cebu Pacific,MPH-DVO,2025.0,1,4826.7,47.98,10000.0,3750.63,5118.57,1127,1660
AirAsia,MPH-MNL,2025.0,1,20065.68,14.36,3244.42,3750.63,3750.57,1127,9651
Cebgo,MPH-MNL,2025.0,1,1930.68,4.96,3244.42,3750.63,3750.57,1127,9651
Cebu Pacific,MPH-MNL,2025.0,1,26868.629999999997,47.98,3244.42,3750.63,3750.57,1127,9651
Philippine Airlines,MPH-MNL,2025.0,1,18238.878,32.71,3244.42,3750.63,3750.57,1127,9651
Cebgo,MPH-MPH,2025.0,1,62.28,4.96,10000.0,3750.63,3750.63,1127,1127
Cebgo,OZC-CEB,2025.0,1,1432.44,4.96,10000.0,5737.37,2912.9,149,3521
Cebu Pacific,OZC-MNL,2025.0,1,7722.719999999999,47.98,5371.67,5737.37,3750.57,149,9651
Philippine Airlines,OZC-MNL,2025.0,1,4413.78,32.71,5371.67,5737.37,3750.57,149,9651
Cebgo,PAG-CEB,2025.0,1,2428.92,4.96,10000.0,6846.29,2912.9,150,3521
Cebu Pacific,PAG-MNL,2025.0,1,9814.289999999999,47.98,10000.0,6846.29,3750.57,150,9651
Cebu Pacific,PPS-CEB,2025.0,1,6167.45,47.98,6750.62,3857.42,2912.9,576,3521
Philippine Airlines,PPS-CEB,2025.0,1,1582.0,32.71,6750.62,3857.42,2912.9,576,3521
AirAsia,PPS-MNL,2025.0,1,10680.119999999999,14.36,3487.55,3857.42,3750.57,576,9651
Cebu Pacific,PPS-MNL,2025.0,1,16962.649999999998,47.98,3487.55,3857.42,3750.57,576,9651
Philippine Airlines,PPS-MNL,2025.0,1,18175.598,32.71,3487.55,3857.42,3750.57,576,9651
AirAsia,RXS-MNL,2025.0,1,2103.66,14.36,4571.31,5416.7,3750.57,135,9651
Cebu Pacific,RXS-MNL,2025.0,1,9975.179999999998,47.98,4571.31,5416.7,3750.57,135,9651
Philippine Airlines,RXS-MNL,2025.0,1,4266.654,32.71,4571.31,5416.7,3750.57,135,9651
Cebu Pacific,SIN-ILO,2025.0,1,2451.41,47.98,10000.0,10000.0,3480.53,15,999
Philippine Airlines,SUG-BXU,2025.0,1,294.252,32.71,10000.0,8248.72,4618.85,69,431
Cebgo,SUG-CEB,2025.0,1,2366.64,4.96,8897.95,8248.72,2912.9,69,3521
Philippine Airlines,SUG-CEB,2025.0,1,147.126,32.71,8897.95,8248.72,2912.9,69,3521
Cebgo,SWL-CEB,2025.0,1,1183.32,4.96,10000.0,10000.0,2912.9,19,3521
AirAsia,TAC-CEB,2025.0,1,161.82,14.36,4575.76,3288.94,2912.9,757,3521
Cebgo,TAC-CEB,2025.0,1,1370.16,4.96,4575.76,3288.94,2912.9,757,3521
Philippine Airlines,TAC-CEB,2025.0,1,1667.4279999999999,32.71,4575.76,3288.94,2912.9,757,3521
Cebu Pacific,TAC-DVO,2025.0,1,1769.79,47.98,10000.0,3288.94,5118.57,757,1660
Cebu Pacific,TAC-ILO,2025.0,1,2574.24,47.98,10000.0,3288.94,3480.53,757,999
AirAsia,TAC-MNL,2025.0,1,19294.86,14.36,3691.6,3288.94,3750.57,757,9651
Cebu Pacific,TAC-MNL,2025.0,1,28477.53,47.98,3691.6,3288.94,3750.57,757,9651
Philippine Airlines,TAC-MNL,2025.0,1,12420.282000000001,32.71,3691.6,3288.94,3750.57,757,9651
Philippine Airlines,TAG-DVO,2025.0,1,1452.2759999999998,32.71,10000.0,3358.27,5118.57,427,1660
AirAsia,TAG-MNL,2025.0,1,10032.84,14.36,3703.53,3358.27,3750.57,427,9651
Cebu Pacific,TAG-MNL,2025.0,1,18426.23,47.98,3703.53,3358.27,3750.57,427,9651
Philippine Airlines,TAG-MNL,2025.0,1,9156.616,32.71,3703.53,3358.27,3750.57,427,9651
Philippine Airlines,TBH-MNL,2025.0,1,147.126,32.71,10000.0,10000.0,3750.57,2,9651
Philippine Airlines,TBH-MPH,2025.0,1,147.126,32.71,10000.0,10000.0,3750.63,2,1127
Cebu Pacific,TUG-MNL,2025.0,1,16893.449999999997,47.98,7301.25,7754.84,3750.57,158,9651
Philippine Airlines,TUG-MNL,2025.0,1,3236.772,32.71,7301.25,7754.84,3750.57,158,9651
Cebgo,USU-CEB,2025.0,1,3051.7200000000003,4.96,5475.08,5644.07,2912.9,351,3521
Philippine Airlines,USU-CEB,2025.0,1,1613.6399999999999,32.71,5475.08,5644.07,2912.9,351,3521
Philippine Airlines,USU-CRK,2025.0,1,914.396,32.71,10000.0,5644.07,7825.39,351,309
Cebgo,USU-MNL,2025.0,1,7286.76,4.96,7031.4,5644.07,3750.57,351,9651
Philippine Airlines,USU-MNL,2025.0,1,1613.6399999999999,32.71,7031.4,5644.07,3750.57,351,9651
Cebgo,WNP-MNL,2025.0,1,2678.04,4.96,10000.0,10000.0,3750.57,87,9651
Cebu Pacific,ZAM-CEB,2025.0,1,4420.15,47.98,6208.98,6809.37,2912.9,287,3521
Philippine Airlines,ZAM-CEB,2025.0,1,1506.0639999999999,32.71,6208.98,6809.37,2912.9,287,3521
Cebu Pacific,ZAM-DVO,2025.0,1,3378.6899999999996,47.98,10000.0,6809.37,5118.57,287,1660
Cebu Pacific,ZAM-MNL,2025.0,1,24341.1,47.98,6864.16,6809.37,3750.57,287,9651
Philippine Airlines,ZAM-MNL,2025.0,1,5885.04,32.71,6864.16,6809.37,3750.57,287,9651
Cebu Pacific,ZAM-TWT,2025.0,1,4665.8099999999995,47.98,6016.84,6809.37,5610.38,287,50
Philippine Airlines,ZAM-TWT,2025.0,1,1765.5120000000002,32.71,6016.84,6809.37,5610.38,287,50
Cebgo,BCD-CEB,2025.0,2,999.936,4.98,5203.95,3408.23,2888.86,690,2984
Philippine Airlines,BCD-CEB,2025.0,2,1506.0639999999999,33.42,5203.95,3408.23,2888.86,690,2984
Cebu Pacific,BCD-DVO,2025.0,2,4558.736,46.75,10000.0,3408.23,4931.57,690,1422
AirAsia,BCD-MNL,2025.0,2,15049.26,14.86,3421.64,3408.23,3694.03,690,8582
Cebu Pacific,BCD-MNL,2025.0,2,22602.719999999998,46.75,3421.64,3408.23,3694.03,690,8582
Philippine Airlines,BCD-MNL,2025.0,2,19422.214,33.42,3421.64,3408.23,3694.03,690,8582
Philippine Airlines,BPA-CEB,2025.0,2,484.092,33.42,10000.0,10000.0,2888.86,19,2984
Philippine Airlines,BSO-CRK,2025.0,2,753.0319999999999,33.42,10000.0,10000.0,7686.51,53,253
Cebgo,BXU-CEB,2025.0,2,1562.4,4.98,5001.69,4627.1,2888.86,376,2984
Philippine Airlines,BXU-CEB,2025.0,2,1506.0639999999999,33.42,5001.69,4627.1,2888.86,376,2984
Cebu Pacific,BXU-MNL,2025.0,2,14269.92,46.75,5570.85,4627.1,3694.03,376,8582
Philippine Airlines,BXU-MNL,2025.0,2,7062.048000000001,33.42,5570.85,4627.1,3694.03,376,8582
Philippine Airlines,CBO-MNL,2025.0,2,5443.662,33.42,10000.0,10000.0,3694.03,85,8582
Philippine Airlines,CBO-TWT,2025.0,2,376.51599999999996,33.42,10000.0,10000.0,5307.9,85,36
Cebgo,CEB-BCD,2025.0,2,937.44,4.98,5270.77,2888.86,3408.23,2984,690
Philippine Airlines,CEB-BCD,2025.0,2,1506.0639999999999,33.42,5270.77,2888.86,3408.23,2984,690
Philippine Airlines,CEB-BPA,2025.0,2,537.88,33.42,10000.0,2888.86,10000.0,2984,19
Cebgo,CEB-BXU,2025.0,2,1624.896,4.98,5007.2,2888.86,4627.1,2984,376
Philippine Airlines,CEB-BXU,2025.0,2,1506.0639999999999,33.42,5007.2,2888.86,4627.1,2984,376
Philippine Airlines,CEB-CEB,2025.0,2,53.788,33.42,10000.0,2888.86,2888.86,2984,2984
Cebgo,CEB-CGM,2025.0,2,1437.4080000000001,4.98,10000.0,2888.86,10000.0,2984,46
Cebgo,CEB-CGY,2025.0,2,4312.224,4.98,5347.07,2888.86,3715.27,2984,880
Philippine Airlines,CEB-CGY,2025.0,2,2513.798,33.42,5347.07,2888.86,3715.27,2984,880
Cebu Pacific,CEB-CRK,2025.0,2,3713.304,46.75,10000.0,2888.86,7686.51,2984,253
Cebgo,CEB-CYP,2025.0,2,1562.4,4.98,10000.0,2888.86,6086.43,2984,74
Cebgo,CEB-DGT,2025.0,2,1562.4,4.98,9317.62,2888.86,4405.48,2984,296
Cebu Pacific,CEB-DGT,2025.0,2,57.288,46.75,9317.62,2888.86,4405.48,2984,296
Cebgo,CEB-DPL,2025.0,2,1562.4,4.98,10000.0,2888.86,3825.36,2984,161
Cebgo,CEB-DRP,2025.0,2,1374.912,4.98,10000.0,2888.86,4445.96,2984,316
Cebu Pacific,CEB-DVO,2025.0,2,1975.568,46.75,5825.41,2888.86,4931.57,2984,1422
Philippine Airlines,CEB-DVO,2025.0,2,4679.556,33.42,5825.41,2888.86,4931.57,2984,1422
Philippine Airlines,CEB-GES,2025.0,2,699.2439999999999,33.42,10000.0,2888.86,5383.61,2984,245
Cebgo,CEB-IAO,2025.0,2,5249.664,4.98,5216.15,2888.86,5009.33,2984,501
Philippine Airlines,CEB-IAO,2025.0,2,3442.432,33.42,5216.15,2888.86,5009.33,2984,501
Cebgo,CEB-ILO,2025.0,2,1124.928,4.98,10000.0,2888.86,3447.11,2984,838
AirAsia,CEB-MNL,2025.0,2,19580.219999999998,14.86,3573.53,2888.86,3694.03,2984,8582
Cebu Pacific,CEB-MNL,2025.0,2,39128.572,46.75,3573.53,2888.86,3694.03,2984,8582
Philippine Airlines,CEB-MNL,2025.0,2,34484.436,33.42,3573.53,2888.86,3694.03,2984,8582
Cebu Pacific,CEB-MPH,2025.0,2,4520.544,46.75,6250.98,2888.86,3745.18,2984,1011
Philippine Airlines,CEB-MPH,2025.0,2,1506.0639999999999,33.42,6250.98,2888.86,3745.18,2984,1011
Cebgo,CEB-PAG,2025.0,2,1437.4080000000001,4.98,10000.0,2888.86,6459.39,2984,147
Cebu Pacific,CEB-PPS,2025.0,2,5589.92,46.75,6951.75,2888.86,3731.49,2984,523
Philippine Airlines,CEB-PPS,2025.0,2,1290.9119999999998,33.42,6951.75,2888.86,3731.49,2984,523
Cebgo,CEB-SUG,2025.0,2,1374.912,4.98,10000.0,2888.86,7295.73,2984,53
Cebgo,CEB-TAC,2025.0,2,1249.92,4.98,5043.19,2888.86,3341.04,2984,664
Philippine Airlines,CEB-TAC,2025.0,2,1506.0639999999999,33.42,5043.19,2888.86,3341.04,2984,664
Cebgo,CEB-USU,2025.0,2,1749.8880000000001,4.98,5028.04,2888.86,5685.46,2984,316
Philippine Airlines,CEB-USU,2025.0,2,1506.0639999999999,33.42,5028.04,2888.86,5685.46,2984,316
Cebgo,CGM-CEB,2025.0,2,1437.4080000000001,4.98,10000.0,10000.0,2888.86,46,2984
Cebgo,CGY-CEB,2025.0,2,4249.728,4.98,5280.81,3715.27,2888.86,880,2984
Philippine Airlines,CGY-CEB,2025.0,2,2621.374,33.42,5280.81,3715.27,2888.86,880,2984
Cebgo,CGY-CGY,2025.0,2,62.496,4.98,10000.0,3715.27,3715.27,880,880
Cebgo,CGY-DVO,2025.0,2,999.936,4.98,10000.0,3715.27,4931.57,880,1422
Cebu Pacific,CGY-ILO,2025.0,2,3228.96,46.75,10000.0,3715.27,3447.11,880,838
AirAsia,CGY-MNL,2025.0,2,4530.96,14.86,4237.97,3715.27,3694.03,880,8582
Cebu Pacific,CGY-MNL,2025.0,2,24255.392,46.75,4237.97,3715.27,3694.03,880,8582
Philippine Airlines,CGY-MNL,2025.0,2,20134.114,33.42,4237.97,3715.27,3694.03,880,8582
Philippine Airlines,CRK-BSO,2025.0,2,699.2439999999999,33.42,10000.0,7686.51,10000.0,253,53
Cebu Pacific,CRK-CEB,2025.0,2,3551.856,46.75,10000.0,7686.51,2888.86,253,2984
Cebu Pacific,CRK-DVO,2025.0,2,3228.96,46.75,10000.0,7686.51,4931.57,253,1422
Philippine Airlines,CRK-IAO,2025.0,2,591.668,33.42,10000.0,7686.51,5009.33,253,501
Cebu Pacific,CRK-MPH,2025.0,2,7103.712,46.75,10000.0,7686.51,3745.18,253,1011
Philippine Airlines,CRK-USU,2025.0,2,806.8199999999999,33.42,10000.0,7686.51,5685.46,253,316
Cebgo,CYP-CEB,2025.0,2,1437.4080000000001,4.98,10000.0,6086.43,2888.86,74,2984
Cebgo,CYP-CYP,2025.0,2,124.992,4.98,10000.0,6086.43,6086.43,74,74
Philippine Airlines,CYP-MNL,2025.0,2,537.88,33.42,10000.0,6086.43,3694.03,74,8582
Cebu Pacific,CYZ-MNL,2025.0,2,7103.712,46.75,10000.0,10000.0,3694.03,88,8582
Cebgo,DGT-CEB,2025.0,2,1624.896,4.98,10000.0,4405.48,2888.86,296,2984
Cebu Pacific,DGT-MNL,2025.0,2,8556.744,46.75,5006.88,4405.48,3694.03,296,8582
Philippine Airlines,DGT-MNL,2025.0,2,7944.804,33.42,5006.88,4405.48,3694.03,296,8582
Cebgo,DPL-CEB,2025.0,2,1562.4,4.98,10000.0,3825.36,2888.86,161,2984
Cebu Pacific,DPL-MNL,2025.0,2,4520.544,46.75,5010.77,3825.36,3694.03,161,8582
Philippine Airlines,DPL-MNL,2025.0,2,4119.528,33.42,5010.77,3825.36,3694.03,161,8582
Cebgo,DRP-CEB,2025.0,2,1374.912,4.98,10000.0,4445.96,2888.86,316,2984
Cebu Pacific,DRP-MNL,2025.0,2,10560.088,46.75,5130.72,4445.96,3694.03,316,8582
Philippine Airlines,DRP-MNL,2025.0,2,7620.494,33.42,5130.72,4445.96,3694.03,316,8582
Cebu Pacific,DVO-BCD,2025.0,2,4596.928,46.75,10000.0,4931.57,3408.23,1422,690
Cebu Pacific,DVO-CEB,2025.0,2,1975.568,46.75,5766.55,4931.57,2888.86,1422,2984
Philippine Airlines,DVO-CEB,2025.0,2,4518.192,33.42,5766.55,4931.57,2888.86,1422,2984
Cebgo,DVO-CGY,2025.0,2,937.44,4.98,10000.0,4931.57,3715.27,1422,880
Cebu Pacific,DVO-CRK,2025.0,2,3228.96,46.75,10000.0,4931.57,7686.51,1422,253
Cebgo,DVO-IAO,2025.0,2,1687.392,4.98,10000.0,4931.57,5009.33,1422,501
Cebu Pacific,DVO-ILO,2025.0,2,4520.544,46.75,10000.0,4931.57,3447.11,1422,838
Cebu Pacific,DVO-MNL,2025.0,2,47264.335999999996,46.75,5035.89,4931.57,3694.03,1422,8582
Philippine Airlines,DVO-MNL,2025.0,2,39880.638,33.42,5035.89,4931.57,3694.03,1422,8582
Cebu Pacific,DVO-MPH,2025.0,2,3228.96,46.75,10000.0,4931.57,3745.18,1422,1011
Philippine Airlines,DVO-TAG,2025.0,2,860.608,33.42,10000.0,4931.57,3357.94,1422,356
Philippine Airlines,EUQ-MNL,2025.0,2,484.092,33.42,10000.0,10000.0,3694.03,21,8582
Philippine Airlines,GES-CEB,2025.0,2,753.0319999999999,33.42,10000.0,5383.61,2888.86,245,2984
Cebu Pacific,GES-MNL,2025.0,2,18214.98,46.75,5481.56,5383.61,3694.03,245,8582
Philippine Airlines,GES-MNL,2025.0,2,9586.92,33.42,5481.56,5383.61,3694.03,245,8582
Cebgo,IAO-CEB,2025.0,2,4937.184,4.98,5236.43,5009.33,2888.86,501,2984
Philippine Airlines,IAO-CEB,2025.0,2,3173.4919999999997,33.42,5236.43,5009.33,2888.86,501,2984
Philippine Airlines,IAO-CRK,2025.0,2,591.668,33.42,10000.0,5009.33,7686.51,501,253
Cebgo,IAO-DVO,2025.0,2,1687.392,4.98,10000.0,5009.33,4931.57,501,1422
Cebgo,IAO-IAO,2025.0,2,124.992,4.98,5080.67,5009.33,5009.33,501,501
Philippine Airlines,IAO-IAO,2025.0,2,161.36399999999998,33.42,5080.67,5009.33,5009.33,501,501
Philippine Airlines,IAO-MNL,2025.0,2,2687.8179999999998,33.42,10000.0,5009.33,3694.03,501,8582
Philippine Airlines,ILO-BCD,2025.0,2,147.126,33.42,10000.0,3447.11,3408.23,838,690
Cebgo,ILO-CEB,2025.0,2,1124.928,4.98,10000.0,3447.11,2888.86,838,2984
Cebu Pacific,ILO-CGY,2025.0,2,3067.512,46.75,10000.0,3447.11,3715.27,838,880
Cebu Pacific,ILO-DVO,2025.0,2,4520.544,46.75,10000.0,3447.11,4931.57,838,1422
AirAsia,ILO-MNL,2025.0,2,20619.0,14.86,3436.58,3447.11,3694.03,838,8582
Cebu Pacific,ILO-MNL,2025.0,2,16328.815999999999,46.75,3436.58,3447.11,3694.03,838,8582
Philippine Airlines,ILO-MNL,2025.0,2,13424.852,33.42,3436.58,3447.11,3694.03,838,8582
Cebu Pacific,ILO-PPS,2025.0,2,199.64,46.75,10000.0,3447.11,3731.49,838,523
Cebu Pacific,ILO-TAC,2025.0,2,2583.168,46.75,10000.0,3447.11,3341.04,838,664
AirAsia,KLO-MNL,2025.0,2,13592.88,14.86,6254.32,6265.46,3694.03,225,8582
Cebu Pacific,KLO-MNL,2025.0,2,4520.544,46.75,6254.32,6265.46,3694.03,225,8582
Philippine Airlines,LAO-MNL,2025.0,2,6864.298000000001,33.42,10000.0,10000.0,3694.03,75,8582
AirAsia,MNL-BCD,2025.0,2,8738.279999999999,14.86,3422.69,3694.03,3408.23,8582,690
Cebu Pacific,MNL-BCD,2025.0,2,12697.104,46.75,3422.69,3694.03,3408.23,8582,690
Philippine Airlines,MNL-BCD,2025.0,2,12678.148000000001,33.42,3422.69,3694.03,3408.23,8582,690
Philippine Airlines,MNL-BSO,2025.0,2,1398.4879999999998,33.42,10000.0,3694.03,10000.0,8582,53
Cebu Pacific,MNL-BXU,2025.0,2,14269.92,46.75,5405.35,3694.03,4627.1,8582,376
Philippine Airlines,MNL-BXU,2025.0,2,7944.804,33.42,5405.35,3694.03,4627.1,8582,376
Philippine Airlines,MNL-CBO,2025.0,2,6032.166,33.42,10000.0,3694.03,10000.0,8582,85
AirAsia,MNL-CEB,2025.0,2,24111.18,14.86,3475.2,3694.03,2888.86,8582,2984
Cebgo,MNL-CEB,2025.0,2,437.47200000000004,4.98,3475.2,3694.03,2888.86,8582,2984
Cebu Pacific,MNL-CEB,2025.0,2,36554.084,46.75,3475.2,3694.03,2888.86,8582,2984
Philippine Airlines,MNL-CEB,2025.0,2,42960.792,33.42,3475.2,3694.03,2888.86,8582,2984
AirAsia,MNL-CGY,2025.0,2,4530.96,14.86,4440.22,3694.03,3715.27,8582,880
Cebu Pacific,MNL-CGY,2025.0,2,27411.44,46.75,4440.22,3694.03,3715.27,8582,880
Philippine Airlines,MNL-CGY,2025.0,2,16721.74,33.42,4440.22,3694.03,3715.27,8582,880
Philippine Airlines,MNL-CRM,2025.0,2,860.608,33.42,10000.0,3694.03,10000.0,8582,16
Philippine Airlines,MNL-CYP,2025.0,2,645.4559999999999,33.42,10000.0,3694.03,6086.43,8582,74
Cebu Pacific,MNL-CYZ,2025.0,2,7103.712,46.75,10000.0,3694.03,10000.0,8582,88
Cebu Pacific,MNL-DGT,2025.0,2,13030.416000000001,46.75,5273.32,3694.03,4405.48,8582,296
Philippine Airlines,MNL-DGT,2025.0,2,8091.93,33.42,5273.32,3694.03,4405.48,8582,296
Cebu Pacific,MNL-DPL,2025.0,2,4520.544,46.75,5020.83,3694.03,3825.36,8582,161
Philippine Airlines,MNL-DPL,2025.0,2,3972.402,33.42,5020.83,3694.03,3825.36,8582,161
Cebgo,MNL-DRP,2025.0,2,124.992,4.98,4990.86,3694.03,4445.96,8582,316
Cebu Pacific,MNL-DRP,2025.0,2,10959.367999999999,46.75,4990.86,3694.03,4445.96,8582,316
Philippine Airlines,MNL-DRP,2025.0,2,8905.078,33.42,4990.86,3694.03,4445.96,8582,316
Cebu Pacific,MNL-DVO,2025.0,2,44949.38,46.75,5016.52,3694.03,4931.57,8582,1422
Philippine Airlines,MNL-DVO,2025.0,2,40062.568,33.42,5016.52,3694.03,4931.57,8582,1422
Philippine Airlines,MNL-EUQ,2025.0,2,645.4559999999999,33.42,10000.0,3694.03,10000.0,8582,21
Cebu Pacific,MNL-GES,2025.0,2,18214.98,46.75,5481.56,3694.03,5383.61,8582,245
Philippine Airlines,MNL-GES,2025.0,2,9586.92,33.42,5481.56,3694.03,5383.61,8582,245
Philippine Airlines,MNL-IAO,2025.0,2,4249.2519999999995,33.42,10000.0,3694.03,5009.33,8582,501
AirAsia,MNL-ILO,2025.0,2,17314.739999999998,14.86,3353.91,3694.03,3447.11,8582,838
Cebu Pacific,MNL-ILO,2025.0,2,20899.703999999998,46.75,3353.91,3694.03,3447.11,8582,838
Philippine Airlines,MNL-ILO,2025.0,2,20017.046000000002,33.42,3353.91,3694.03,3447.11,8582,838
AirAsia,MNL-KLO,2025.0,2,13754.699999999999,14.86,6276.55,3694.03,6265.46,8582,225
Cebu Pacific,MNL-KLO,2025.0,2,4520.544,46.75,6276.55,3694.03,6265.46,8582,225
Philippine Airlines,MNL-LAO,2025.0,2,4622.604,33.42,10000.0,3694.03,10000.0,8582,75
AirAsia,MNL-MNL,2025.0,2,200.1,14.86,5077.83,3694.03,3694.03,8582,8582
Cebu Pacific,MNL-MNL,2025.0,2,1159.648,46.75,5077.83,3694.03,3694.03,8582,8582
Philippine Airlines,MNL-MNL,2025.0,2,2433.116,33.42,5077.83,3694.03,3694.03,8582,8582
AirAsia,MNL-MPH,2025.0,2,13592.88,14.86,3246.09,3694.03,3745.18,8582,1011
Cebgo,MNL-MPH,2025.0,2,1624.896,4.98,3246.09,3694.03,3745.18,8582,1011
Cebu Pacific,MNL-MPH,2025.0,2,20181.0,46.75,3246.09,3694.03,3745.18,8582,1011
Philippine Airlines,MNL-MPH,2025.0,2,13663.734,33.42,3246.09,3694.03,3745.18,8582,1011
Cebu Pacific,MNL-OZC,2025.0,2,7103.712,46.75,10000.0,3694.03,6052.24,8582,127
Cebu Pacific,MNL-PAG,2025.0,2,4520.544,46.75,10000.0,3694.03,6459.39,8582,147
AirAsia,MNL-PPS,2025.0,2,6634.62,14.86,3840.91,3694.03,3731.49,8582,523
Cebu Pacific,MNL-PPS,2025.0,2,16064.944,46.75,3840.91,3694.03,3731.49,8582,523
Philippine Airlines,MNL-PPS,2025.0,2,8568.112000000001,33.42,3840.91,3694.03,3731.49,8582,523
Cebu Pacific,MNL-RXS,2025.0,2,4520.544,46.75,10000.0,3694.03,5468.84,8582,121
AirAsia,MNL-TAC,2025.0,2,9061.92,14.86,3391.01,3694.03,3341.04,8582,664
Cebu Pacific,MNL-TAC,2025.0,2,8718.192000000001,46.75,3391.01,3694.03,3341.04,8582,664
Philippine Airlines,MNL-TAC,2025.0,2,11607.134,33.42,3391.01,3694.03,3341.04,8582,664
AirAsia,MNL-TAG,2025.0,2,8900.1,14.86,3451.37,3694.03,3357.94,8582,356
Cebu Pacific,MNL-TAG,2025.0,2,5551.728,46.75,3451.37,3694.03,3357.94,8582,356
Philippine Airlines,MNL-TAG,2025.0,2,7867.286,33.42,3451.37,3694.03,3357.94,8582,356
Cebu Pacific,MNL-TUG,2025.0,2,4520.544,46.75,10000.0,3694.03,7573.17,8582,161
Cebgo,MNL-USU,2025.0,2,1687.392,4.98,10000.0,3694.03,5685.46,8582,316
Cebgo,MNL-WNP,2025.0,2,2624.832,4.98,10000.0,3694.03,10000.0,8582,82
Cebu Pacific,MPH-CEB,2025.0,2,4520.544,46.75,6319.46,3745.18,2888.86,1011,2984
Philippine Airlines,MPH-CEB,2025.0,2,1452.2759999999998,33.42,6319.46,3745.18,2888.86,1011,2984
Cebu Pacific,MPH-CRK,2025.0,2,7103.712,46.75,10000.0,3745.18,7686.51,1011,253
Cebu Pacific,MPH-DVO,2025.0,2,3390.4080000000004,46.75,10000.0,3745.18,4931.57,1011,1422
AirAsia,MPH-MNL,2025.0,2,18123.84,14.86,3236.71,3745.18,3694.03,1011,8582
Cebgo,MPH-MNL,2025.0,2,1749.8880000000001,4.98,3236.71,3745.18,3694.03,1011,8582
Cebu Pacific,MPH-MNL,2025.0,2,24378.648,46.75,3236.71,3745.18,3694.03,1011,8582
Philippine Airlines,MPH-MNL,2025.0,2,17087.182,33.42,3236.71,3745.18,3694.03,1011,8582
Philippine Airlines,MPH-MPH,2025.0,2,53.788,33.42,10000.0,3745.18,3745.18,1011,1011
Cebgo,OZC-CEB,2025.0,2,874.9440000000001,4.98,10000.0,6052.24,2888.86,127,2984
Cebu Pacific,OZC-MNL,2025.0,2,6942.264,46.75,5418.99,6052.24,3694.03,127,8582
Philippine Airlines,OZC-MNL,2025.0,2,3825.2760000000003,33.42,5418.99,6052.24,3694.03,127,8582
Cebgo,PAG-CEB,2025.0,2,2437.344,4.98,10000.0,6459.39,2888.86,147,2984
Cebu Pacific,PAG-MNL,2025.0,2,8879.640000000001,46.75,10000.0,6459.39,3694.03,147,8582
Cebgo,PAG-PAG,2025.0,2,62.496,4.98,10000.0,6459.39,6459.39,147,147
Cebu Pacific,PPS-CEB,2025.0,2,5589.92,46.75,8533.06,3731.49,2888.86,523,2984
Philippine Airlines,PPS-CEB,2025.0,2,484.092,33.42,8533.06,3731.49,2888.86,523,2984
AirAsia,PPS-MNL,2025.0,2,11003.76,14.86,3438.42,3731.49,3694.03,523,8582
Cebu Pacific,PPS-MNL,2025.0,2,14672.672,46.75,3438.42,3731.49,3694.03,523,8582
Philippine Airlines,PPS-MNL,2025.0,2,17180.52,33.42,3438.42,3731.49,3694.03,523,8582
AirAsia,RXS-MNL,2025.0,2,1941.84,14.86,4607.68,5468.84,3694.03,121,8582
Cebu Pacific,RXS-MNL,2025.0,2,9041.088,46.75,4607.68,5468.84,3694.03,121,8582
Philippine Airlines,RXS-MNL,2025.0,2,3678.15,33.42,4607.68,5468.84,3694.03,121,8582
Cebu Pacific,SIN-ILO,2025.0,2,1937.3760000000002,46.75,10000.0,10000.0,3447.11,12,838
Philippine Airlines,SUG-BXU,2025.0,2,441.37800000000004,33.42,10000.0,7295.73,4627.1,53,376
Cebgo,SUG-CEB,2025.0,2,1687.392,4.98,10000.0,7295.73,2888.86,53,2984
Philippine Airlines,SUG-TAG,2025.0,2,147.126,33.42,10000.0,7295.73,3357.94,53,356
Cebgo,SWL-CEB,2025.0,2,937.44,4.98,10000.0,10000.0,2888.86,15,2984
Cebgo,TAC-CEB,2025.0,2,1062.432,4.98,5120.16,3341.04,2888.86,664,2984
Philippine Airlines,TAC-CEB,2025.0,2,1452.2759999999998,33.42,5120.16,3341.04,2888.86,664,2984
Cebu Pacific,TAC-DVO,2025.0,2,1937.3760000000002,46.75,10000.0,3341.04,4931.57,664,1422
Cebu Pacific,TAC-ILO,2025.0,2,2583.168,46.75,10000.0,3341.04,3447.11,664,838
AirAsia,TAC-MNL,2025.0,2,17791.5,14.86,3674.34,3341.04,3694.03,664,8582
Cebu Pacific,TAC-MNL,2025.0,2,25347.336000000003,46.75,3674.34,3341.04,3694.03,664,8582
Philippine Airlines,TAC-MNL,2025.0,2,11173.666000000001,33.42,3674.34,3341.04,3694.03,664,8582
Philippine Airlines,TAG-DVO,2025.0,2,860.608,33.42,10000.0,3357.94,4931.57,356,1422
AirAsia,TAG-MNL,2025.0,2,8900.1,14.86,3668.42,3357.94,3694.03,356,8582
Cebu Pacific,TAG-MNL,2025.0,2,15580.599999999999,46.75,3668.42,3357.94,3694.03,356,8582
Philippine Airlines,TAG-MNL,2025.0,2,7867.286,33.42,3668.42,3357.94,3694.03,356,8582
Philippine Airlines,TBH-MNL,2025.0,2,441.37800000000004,33.42,10000.0,10000.0,3694.03,4,8582
Philippine Airlines,TBH-MPH,2025.0,2,147.126,33.42,10000.0,10000.0,3745.18,4,1011
Cebu Pacific,TUG-MNL,2025.0,2,16455.544,46.75,7133.37,7573.17,3694.03,161,8582
Philippine Airlines,TUG-MNL,2025.0,2,3451.924,33.42,7133.37,7573.17,3694.03,161,8582
Cebgo,USU-CEB,2025.0,2,2687.328,4.98,5616.05,5685.46,2888.86,316,2984
Philippine Airlines,USU-CEB,2025.0,2,1290.9119999999998,33.42,5616.05,5685.46,2888.86,316,2984
Philippine Airlines,USU-CRK,2025.0,2,860.608,33.42,10000.0,5685.46,7686.51,316,253
Cebgo,USU-MNL,2025.0,2,6749.568,4.98,7085.71,5685.46,3694.03,316,8582
Philippine Airlines,USU-MNL,2025.0,2,1452.2759999999998,33.42,7085.71,5685.46,3694.03,316,8582
Cebgo,WNP-MNL,2025.0,2,2499.84,4.98,10000.0,10000.0,3694.03,82,8582
Cebu Pacific,ZAM-CEB,2025.0,2,3228.96,46.75,6676.9,6598.49,2888.86,238,2984
Philippine Airlines,ZAM-CEB,2025.0,2,860.608,33.42,6676.9,6598.49,2888.86,238,2984
Cebu Pacific,ZAM-DVO,2025.0,2,1775.928,46.75,10000.0,6598.49,4931.57,238,1422
Cebu Pacific,ZAM-MNL,2025.0,2,22055.88,46.75,6627.25,6598.49,3694.03,238,8582
Philippine Airlines,ZAM-MNL,2025.0,2,6032.166,33.42,6627.25,6598.49,3694.03,238,8582
Cebu Pacific,ZAM-TWT,2025.0,2,3067.512,46.75,5618.44,6598.49,5307.9,238,36
Philippine Airlines,ZAM-TWT,2025.0,2,1471.26,33.42,5618.44,6598.49,5307.9,238,36
Cebgo,BCD-CEB,2025.0,3,1699.6319999999998,4.39,5160.36,3344.76,2943.76,784,3098
Philippine Airlines,BCD-CEB,2025.0,3,1183.336,35.5,5160.36,3344.76,2943.76,784,3098
Cebu Pacific,BCD-DVO,2025.0,3,4462.348,44.88,10000.0,3344.76,4905.37,784,1509
AirAsia,BCD-MNL,2025.0,3,16182.0,15.23,3432.45,3344.76,3638.22,784,9510
Cebu Pacific,BCD-MNL,2025.0,3,24753.739999999998,44.88,3432.45,3344.76,3638.22,784,9510
Philippine Airlines,BCD-MNL,2025.0,3,22745.996,35.5,3432.45,3344.76,3638.22,784,9510
Philippine Airlines,BPA-CEB,2025.0,3,591.668,35.5,10000.0,10000.0,2943.76,22,3098
Philippine Airlines,BSO-CRK,2025.0,3,860.608,35.5,10000.0,10000.0,6665.09,63,312
Cebgo,BXU-CEB,2025.0,3,703.2959999999999,4.39,5716.24,4857.04,2943.76,379,3098
Philippine Airlines,BXU-CEB,2025.0,3,1559.8519999999999,35.5,5716.24,4857.04,2943.76,379,3098
Cebu Pacific,BXU-MNL,2025.0,3,14533.155999999999,44.88,5298.26,4857.04,3638.22,379,9510
Philippine Airlines,BXU-MNL,2025.0,3,8827.56,35.5,5298.26,4857.04,3638.22,379,9510
Philippine Airlines,CBO-MNL,2025.0,3,6473.544,35.5,10000.0,10000.0,3638.22,91,9510
Philippine Airlines,CBO-TWT,2025.0,3,53.788,35.5,10000.0,10000.0,5749.53,91,37
Cebgo,CEB-BCD,2025.0,3,1699.6319999999998,4.39,5124.01,2943.76,3344.76,3098,784
Philippine Airlines,CEB-BCD,2025.0,3,1237.124,35.5,5124.01,2943.76,3344.76,3098,784
Philippine Airlines,CEB-BPA,2025.0,3,591.668,35.5,10000.0,2943.76,10000.0,3098,22
Cebgo,CEB-BXU,2025.0,3,703.2959999999999,4.39,5771.89,2943.76,4857.04,3098,379
Philippine Airlines,CEB-BXU,2025.0,3,1613.6399999999999,35.5,5771.89,2943.76,4857.04,3098,379
Cebgo,CEB-CGM,2025.0,3,1347.984,4.39,10000.0,2943.76,10000.0,3098,50
Cebgo,CEB-CGY,2025.0,3,2461.536,4.39,5000.35,2943.76,3952.52,3098,902
Philippine Airlines,CEB-CGY,2025.0,3,2420.46,35.5,5000.35,2943.76,3952.52,3098,902
Cebu Pacific,CEB-CRK,2025.0,3,3179.484,44.88,10000.0,2943.76,6665.09,3098,312
Philippine Airlines,CEB-CRM,2025.0,3,537.88,35.5,10000.0,2943.76,10000.0,3098,36
Cebgo,CEB-CYP,2025.0,3,1347.984,4.39,10000.0,2943.76,5722.58,3098,70
Cebgo,CEB-DGT,2025.0,3,1523.808,4.39,10000.0,2943.76,4310.52,3098,298
Cebgo,CEB-DPL,2025.0,3,1406.5919999999999,4.39,8285.48,2943.76,3941.36,3098,168
Philippine Airlines,CEB-DPL,2025.0,3,147.126,35.5,8285.48,2943.76,3941.36,3098,168
Cebgo,CEB-DRP,2025.0,3,1582.416,4.39,10000.0,2943.76,4413.97,3098,368
Cebu Pacific,CEB-DVO,2025.0,3,2119.656,44.88,5427.93,2943.76,4905.37,3098,1509
Philippine Airlines,CEB-DVO,2025.0,3,3872.736,35.5,5427.93,2943.76,4905.37,3098,1509
Philippine Airlines,CEB-GES,2025.0,3,537.88,35.5,10000.0,2943.76,5224.77,3098,280
Cebgo,CEB-IAO,2025.0,3,5391.936,4.39,5038.87,2943.76,5059.43,3098,582
Philippine Airlines,CEB-IAO,2025.0,3,4518.192,35.5,5038.87,2943.76,5059.43,3098,582
Cebgo,CEB-ILO,2025.0,3,937.728,4.39,10000.0,2943.76,3412.2,3098,964
AirAsia,CEB-MNL,2025.0,3,22169.34,15.23,3522.77,2943.76,3638.22,3098,9510
Cebu Pacific,CEB-MNL,2025.0,3,39068.744,44.88,3522.77,2943.76,3638.22,3098,9510
Philippine Airlines,CEB-MNL,2025.0,3,39095.966,35.5,3522.77,2943.76,3638.22,3098,9510
Cebu Pacific,CEB-MPH,2025.0,3,4693.523999999999,44.88,6192.26,2943.76,3682.4,3098,1143
Philippine Airlines,CEB-MPH,2025.0,3,1613.6399999999999,35.5,6192.26,2943.76,3682.4,3098,1143
Cebgo,CEB-PAG,2025.0,3,1289.376,4.39,10000.0,2943.76,7038.63,3098,146
Cebu Pacific,CEB-PPS,2025.0,3,5803.82,44.88,6147.69,2943.76,3657.18,3098,598
Philippine Airlines,CEB-PPS,2025.0,3,2043.944,35.5,6147.69,2943.76,3657.18,3098,598
Cebgo,CEB-SUG,2025.0,3,527.472,4.39,10000.0,2943.76,10000.0,3098,41
Cebgo,CEB-TAC,2025.0,3,996.3359999999999,4.39,5140.99,2943.76,3242.68,3098,678
Philippine Airlines,CEB-TAC,2025.0,3,1398.4879999999998,35.5,5140.99,2943.76,3242.68,3098,678
Cebgo,CEB-USU,2025.0,3,1816.848,4.39,5017.54,2943.76,5345.57,3098,373
Philippine Airlines,CEB-USU,2025.0,3,1613.6399999999999,35.5,5017.54,2943.76,5345.57,3098,373
Cebgo,CGM-CEB,2025.0,3,1582.416,4.39,10000.0,10000.0,2943.76,50,3098
Cebgo,CGY-CEB,2025.0,3,2520.144,4.39,5000.73,3952.52,2943.76,902,3098
Philippine Airlines,CGY-CEB,2025.0,3,2581.8239999999996,35.5,5000.73,3952.52,2943.76,902,3098
Philippine Airlines,CGY-CGY,2025.0,3,147.126,35.5,10000.0,3952.52,3952.52,902,902
Cebgo,CGY-DVO,2025.0,3,937.728,4.39,10000.0,3952.52,4905.37,902,1509
Cebu Pacific,CGY-ILO,2025.0,3,4542.12,44.88,10000.0,3952.52,3412.2,902,964
AirAsia,CGY-MNL,2025.0,3,4854.599999999999,15.23,4213.24,3952.52,3638.22,902,9510
Cebu Pacific,CGY-MNL,2025.0,3,25056.548,44.88,4213.24,3952.52,3638.22,902,9510
Philippine Airlines,CGY-MNL,2025.0,3,21787.304,35.5,4213.24,3952.52,3638.22,902,9510
Philippine Airlines,CRK-BSO,2025.0,3,860.608,35.5,10000.0,6665.09,10000.0,312,63
Cebu Pacific,CRK-CEB,2025.0,3,3179.484,44.88,10000.0,6665.09,2943.76,312,3098
Cebu Pacific,CRK-DVO,2025.0,3,3099.712,44.88,10000.0,6665.09,4905.37,312,1509
Cebgo,CRK-ENI,2025.0,3,117.216,4.39,10000.0,6665.09,10000.0,312,4
Cebgo,CRK-IAO,2025.0,3,117.216,4.39,7540.9,6665.09,5059.43,312,582
Philippine Airlines,CRK-IAO,2025.0,3,699.2439999999999,35.5,7540.9,6665.09,5059.43,312,582
Cebgo,CRK-MBT,2025.0,3,117.216,4.39,10000.0,6665.09,10000.0,312,4
Cebu Pacific,CRK-MPH,2025.0,3,7570.2,44.88,10000.0,6665.09,3682.4,312,1143
Cebgo,CRK-TAG,2025.0,3,117.216,4.39,10000.0,6665.09,3405.5,312,466
Philippine Airlines,CRK-USU,2025.0,3,1559.8519999999999,35.5,10000.0,6665.09,5345.57,312,373
Philippine Airlines,CRM-CEB,2025.0,3,537.88,35.5,10000.0,10000.0,2943.76,36,3098
Cebgo,CYP-CEB,2025.0,3,1289.376,4.39,10000.0,5722.58,2943.76,70,3098
Cebgo,CYP-CYP,2025.0,3,58.608,4.39,10000.0,5722.58,5722.58,70,70
Philippine Airlines,CYP-MNL,2025.0,3,645.4559999999999,35.5,10000.0,5722.58,3638.22,70,9510
Cebu Pacific,CYZ-MNL,2025.0,3,8932.836,44.88,10000.0,10000.0,3638.22,119,9510
Cebgo,DGT-CEB,2025.0,3,1582.416,4.39,10000.0,4310.52,2943.76,298,3098
Cebu Pacific,DGT-MNL,2025.0,3,6964.584,44.88,5089.92,4310.52,3638.22,298,9510
Philippine Airlines,DGT-MNL,2025.0,3,9121.812,35.5,5089.92,4310.52,3638.22,298,9510
Cebgo,DPL-CEB,2025.0,3,1347.984,4.39,10000.0,3941.36,2943.76,168,3098
Cebu Pacific,DPL-MNL,2025.0,3,4542.12,44.88,5001.03,3941.36,3638.22,168,9510
Philippine Airlines,DPL-MNL,2025.0,3,4413.78,35.5,5001.03,3941.36,3638.22,168,9510
Cebgo,DRP-CEB,2025.0,3,1582.416,4.39,10000.0,4413.97,2943.76,368,3098
Cebu Pacific,DRP-MNL,2025.0,3,11337.392,44.88,5024.94,4413.97,3638.22,368,9510
Philippine Airlines,DRP-MNL,2025.0,3,9841.622,35.5,5024.94,4413.97,3638.22,368,9510
Cebu Pacific,DVO-BCD,2025.0,3,4310.9439999999995,44.88,10000.0,4905.37,3344.76,1509,784
Cebu Pacific,DVO-CEB,2025.0,3,2119.656,44.88,5465.21,4905.37,2943.76,1509,3098
Philippine Airlines,DVO-CEB,2025.0,3,3980.312,35.5,5465.21,4905.37,2943.76,1509,3098
Cebgo,DVO-CGY,2025.0,3,996.3359999999999,4.39,10000.0,4905.37,3952.52,1509,902
Cebu Pacific,DVO-CRK,2025.0,3,3099.712,44.88,10000.0,4905.37,6665.09,1509,312
Cebgo,DVO-IAO,2025.0,3,1699.6319999999998,4.39,10000.0,4905.37,5059.43,1509,582
Cebu Pacific,DVO-ILO,2025.0,3,4577.936,44.88,10000.0,4905.37,3412.2,1509,964
Cebu Pacific,DVO-MNL,2025.0,3,47416.314,44.88,5003.71,4905.37,3638.22,1509,9510
Philippine Airlines,DVO-MNL,2025.0,3,44900.324,35.5,5003.71,4905.37,3638.22,1509,9510
Cebu Pacific,DVO-MPH,2025.0,3,4390.716,44.88,10000.0,4905.37,3682.4,1509,1143
Philippine Airlines,DVO-TAG,2025.0,3,860.608,35.5,10000.0,4905.37,3405.5,1509,466
Cebgo,ENI-CRK,2025.0,3,117.216,4.39,10000.0,10000.0,6665.09,4,312
Philippine Airlines,EUQ-MNL,2025.0,3,645.4559999999999,35.5,10000.0,10000.0,3638.22,24,9510
Philippine Airlines,GES-CEB,2025.0,3,537.88,35.5,10000.0,5224.77,2943.76,280,3098
Cebu Pacific,GES-MNL,2025.0,3,18770.84,44.88,5259.96,5224.77,3638.22,280,9510
Philippine Airlines,GES-MNL,2025.0,3,11800.138,35.5,5259.96,5224.77,3638.22,280,9510
Cebgo,IAO-CEB,2025.0,3,5216.112,4.39,5040.29,5059.43,2943.76,582,3098
Philippine Airlines,IAO-CEB,2025.0,3,4356.8279999999995,35.5,5040.29,5059.43,2943.76,582,3098
Cebgo,IAO-CRK,2025.0,3,117.216,4.39,7540.9,5059.43,6665.09,582,312
Philippine Airlines,IAO-CRK,2025.0,3,699.2439999999999,35.5,7540.9,5059.43,6665.09,582,312
Cebgo,IAO-DVO,2025.0,3,1816.848,4.39,10000.0,5059.43,4905.37,582,1509
Cebgo,IAO-IAO,2025.0,3,58.608,4.39,10000.0,5059.43,5059.43,582,582
Philippine Airlines,IAO-MNL,2025.0,3,3119.7039999999997,35.5,10000.0,5059.43,3638.22,582,9510
Cebgo,ILO-CEB,2025.0,3,820.512,4.39,10000.0,3412.2,2943.76,964,3098
Cebu Pacific,ILO-CGY,2025.0,3,4542.12,44.88,10000.0,3412.2,3952.52,964,902
Cebu Pacific,ILO-DVO,2025.0,3,4577.936,44.88,10000.0,3412.2,4905.37,964,1509
AirAsia,ILO-MNL,2025.0,3,23817.12,15.23,3390.33,3412.2,3638.22,964,9510
Cebu Pacific,ILO-MNL,2025.0,3,18173.364,44.88,3390.33,3412.2,3638.22,964,9510
Philippine Airlines,ILO-MNL,2025.0,3,18311.65,35.5,3390.33,3412.2,3638.22,964,9510
Cebu Pacific,ILO-TAC,2025.0,3,2573.868,44.88,10000.0,3412.2,3242.68,964,678
AirAsia,KLO-MNL,2025.0,3,14240.16,15.23,6271.16,6292.43,3638.22,240,9510
Cebu Pacific,KLO-MNL,2025.0,3,4693.523999999999,44.88,6271.16,6292.43,3638.22,240,9510
Philippine Airlines,LAO-MNL,2025.0,3,8360.87,35.5,10000.0,10000.0,3638.22,92,9510
Cebgo,MBT-CRK,2025.0,3,117.216,4.39,10000.0,10000.0,6665.09,4,312
AirAsia,MNL-BCD,2025.0,3,9547.38,15.23,3446.63,3638.22,3344.76,9510,784
Cebu Pacific,MNL-BCD,2025.0,3,15117.608,44.88,3446.63,3638.22,3344.76,9510,784
Philippine Airlines,MNL-BCD,2025.0,3,13605.2,35.5,3446.63,3638.22,3344.76,9510,784
Philippine Airlines,MNL-BSO,2025.0,3,1667.4279999999999,35.5,10000.0,3638.22,10000.0,9510,63
Cebu Pacific,MNL-BXU,2025.0,3,14533.155999999999,44.88,5261.66,3638.22,4857.04,9510,379
Philippine Airlines,MNL-BXU,2025.0,3,9121.812,35.5,5261.66,3638.22,4857.04,9510,379
Philippine Airlines,MNL-CBO,2025.0,3,6767.796,35.5,10000.0,3638.22,10000.0,9510,91
AirAsia,MNL-CEB,2025.0,3,27185.76,15.23,3486.27,3638.22,2943.76,9510,3098
Cebgo,MNL-CEB,2025.0,3,468.864,4.39,3486.27,3638.22,2943.76,9510,3098
Cebu Pacific,MNL-CEB,2025.0,3,36546.972,44.88,3486.27,3638.22,2943.76,9510,3098
Philippine Airlines,MNL-CEB,2025.0,3,48549.998,35.5,3486.27,3638.22,2943.76,9510,3098
AirAsia,MNL-CGY,2025.0,3,4854.599999999999,15.23,4421.84,3638.22,3952.52,9510,902
Cebu Pacific,MNL-CGY,2025.0,3,28952.352,44.88,4421.84,3638.22,3952.52,9510,902
Philippine Airlines,MNL-CGY,2025.0,3,17898.748,35.5,4421.84,3638.22,3952.52,9510,902
Philippine Airlines,MNL-CRM,2025.0,3,860.608,35.5,10000.0,3638.22,10000.0,9510,36
Philippine Airlines,MNL-CYP,2025.0,3,591.668,35.5,10000.0,3638.22,5722.58,9510,70
Cebu Pacific,MNL-CYZ,2025.0,3,9084.24,44.88,10000.0,3638.22,10000.0,9510,119
Cebu Pacific,MNL-DGT,2025.0,3,11658.108,44.88,5095.46,3638.22,4310.52,9510,298
Philippine Airlines,MNL-DGT,2025.0,3,8827.56,35.5,5095.46,3638.22,4310.52,9510,298
Cebu Pacific,MNL-DPL,2025.0,3,4693.523999999999,44.88,5011.35,3638.22,3941.36,9510,168
Philippine Airlines,MNL-DPL,2025.0,3,4266.654,35.5,5011.35,3638.22,3941.36,9510,168
Cebu Pacific,MNL-DRP,2025.0,3,11899.052,44.88,5046.69,3638.22,4413.97,9510,368
Philippine Airlines,MNL-DRP,2025.0,3,9802.072,35.5,5046.69,3638.22,4413.97,9510,368
Cebu Pacific,MNL-DVO,2025.0,3,46559.986,44.88,5001.65,3638.22,4905.37,9510,1509
Philippine Airlines,MNL-DVO,2025.0,3,44900.324,35.5,5001.65,3638.22,4905.37,9510,1509
Philippine Airlines,MNL-EUQ,2025.0,3,645.4559999999999,35.5,10000.0,3638.22,10000.0,9510,24
Cebu Pacific,MNL-GES,2025.0,3,18958.06,44.88,5284.75,3638.22,5224.77,9510,280
Philippine Airlines,MNL-GES,2025.0,3,11653.012,35.5,5284.75,3638.22,5224.77,9510,280
Philippine Airlines,MNL-IAO,2025.0,3,4625.768,35.5,10000.0,3638.22,5059.43,9510,582
AirAsia,MNL-ILO,2025.0,3,19580.219999999998,15.23,3342.73,3638.22,3412.2,9510,964
Cebu Pacific,MNL-ILO,2025.0,3,21292.612,44.88,3342.73,3638.22,3412.2,9510,964
Philippine Airlines,MNL-ILO,2025.0,3,22287.216,35.5,3342.73,3638.22,3412.2,9510,964
AirAsia,MNL-KLO,2025.0,3,14563.8,15.23,6313.52,3638.22,6292.43,9510,240
Cebu Pacific,MNL-KLO,2025.0,3,4693.523999999999,44.88,6313.52,3638.22,6292.43,9510,240
Philippine Airlines,MNL-LAO,2025.0,3,4708.032,35.5,10000.0,3638.22,10000.0,9510,92
Cebu Pacific,MNL-MNL,2025.0,3,605.616,44.88,5598.62,3638.22,3638.22,9510,9510
Philippine Airlines,MNL-MNL,2025.0,3,294.252,35.5,5598.62,3638.22,3638.22,9510,9510
AirAsia,MNL-MPH,2025.0,3,15211.08,15.23,3197.74,3638.22,3682.4,9510,1143
Cebgo,MNL-MPH,2025.0,3,1758.24,4.39,3197.74,3638.22,3682.4,9510,1143
Cebu Pacific,MNL-MPH,2025.0,3,20742.347999999998,44.88,3197.74,3638.22,3682.4,9510,1143
Philippine Airlines,MNL-MPH,2025.0,3,15350.146,35.5,3197.74,3638.22,3682.4,9510,1143
Cebu Pacific,MNL-OZC,2025.0,3,7267.392,44.88,10000.0,3638.22,5843.51,9510,143
Cebu Pacific,MNL-PAG,2025.0,3,4844.928,44.88,10000.0,3638.22,7038.63,9510,146
AirAsia,MNL-PPS,2025.0,3,7120.08,15.23,3726.27,3638.22,3657.18,9510,598
Cebu Pacific,MNL-PPS,2025.0,3,15902.304,44.88,3726.27,3638.22,3657.18,9510,598
Philippine Airlines,MNL-PPS,2025.0,3,9442.958,35.5,3726.27,3638.22,3657.18,9510,598
Cebu Pacific,MNL-RXS,2025.0,3,4844.928,44.88,10000.0,3638.22,5373.8,9510,135
Cebu Pacific,MNL-SJI,2025.0,3,302.808,44.88,10000.0,3638.22,10000.0,9510,4
AirAsia,MNL-TAC,2025.0,3,9709.199999999999,15.23,3533.23,3638.22,3242.68,9510,678
Cebu Pacific,MNL-TAC,2025.0,3,7115.987999999999,44.88,3533.23,3638.22,3242.68,9510,678
Philippine Airlines,MNL-TAC,2025.0,3,13078.394,35.5,3533.23,3638.22,3242.68,9510,678
AirAsia,MNL-TAG,2025.0,3,10032.84,15.23,3686.17,3638.22,3405.5,9510,466
Cebu Pacific,MNL-TAG,2025.0,3,5955.224,44.88,3686.17,3638.22,3405.5,9510,466
Philippine Airlines,MNL-TAG,2025.0,3,13891.542000000001,35.5,3686.17,3638.22,3405.5,9510,466
Cebu Pacific,MNL-TUG,2025.0,3,5299.139999999999,44.88,9474.31,3638.22,7613.89,9510,171
Philippine Airlines,MNL-TUG,2025.0,3,147.126,35.5,9474.31,3638.22,7613.89,9510,171
Cebgo,MNL-USU,2025.0,3,1816.848,4.39,10000.0,3638.22,5345.57,9510,373
Cebu Pacific,MNL-VRC,2025.0,3,151.404,44.88,10000.0,3638.22,10000.0,9510,2
Cebgo,MNL-WNP,2025.0,3,2813.1839999999997,4.39,10000.0,3638.22,10000.0,9510,98
Cebu Pacific,MPH-CEB,2025.0,3,4693.523999999999,44.88,6192.26,3682.4,2943.76,1143,3098
Philippine Airlines,MPH-CEB,2025.0,3,1613.6399999999999,35.5,6192.26,3682.4,2943.76,1143,3098
Cebu Pacific,MPH-CRK,2025.0,3,7570.2,44.88,10000.0,3682.4,6665.09,1143,312
Cebu Pacific,MPH-DVO,2025.0,3,4390.716,44.88,10000.0,3682.4,4905.37,1143,1509
AirAsia,MPH-MNL,2025.0,3,20065.68,15.23,3206.7,3682.4,3638.22,1143,9510
Cebgo,MPH-MNL,2025.0,3,1816.848,4.39,3206.7,3682.4,3638.22,1143,9510
Cebu Pacific,MPH-MNL,2025.0,3,25435.872,44.88,3206.7,3682.4,3638.22,1143,9510
Philippine Airlines,MPH-MNL,2025.0,3,19911.052,35.5,3206.7,3682.4,3638.22,1143,9510
Cebgo,OZC-CEB,2025.0,3,1230.768,4.39,10000.0,5843.51,2943.76,143,3098
Cebu Pacific,OZC-MNL,2025.0,3,7115.987999999999,44.88,5401.87,5843.51,3638.22,143,9510
Philippine Airlines,OZC-MNL,2025.0,3,3972.402,35.5,5401.87,5843.51,3638.22,143,9510
Cebgo,PAG-CEB,2025.0,3,1699.6319999999998,4.39,10000.0,7038.63,2943.76,146,3098
Cebu Pacific,PAG-MNL,2025.0,3,9235.644,44.88,10000.0,7038.63,3638.22,146,9510
Cebgo,PAG-PAG,2025.0,3,58.608,4.39,10000.0,7038.63,7038.63,146,146
Cebu Pacific,PPS-CEB,2025.0,3,5803.82,44.88,7549.43,3657.18,2943.76,598,3098
Philippine Airlines,PPS-CEB,2025.0,3,968.184,35.5,7549.43,3657.18,2943.76,598,3098
AirAsia,PPS-MNL,2025.0,3,12136.5,15.23,3453.67,3657.18,3638.22,598,9510
Cebu Pacific,PPS-MNL,2025.0,3,15783.46,44.88,3453.67,3657.18,3638.22,598,9510
Philippine Airlines,PPS-MNL,2025.0,3,19491.822,35.5,3453.67,3657.18,3638.22,598,9510
AirAsia,RXS-MNL,2025.0,3,1941.84,15.23,4526.41,5373.8,3638.22,135,9510
Cebu Pacific,RXS-MNL,2025.0,3,9387.047999999999,44.88,4526.41,5373.8,3638.22,135,9510
Philippine Airlines,RXS-MNL,2025.0,3,4266.654,35.5,4526.41,5373.8,3638.22,135,9510
Cebu Pacific,SIN-ILO,2025.0,3,1968.252,44.88,10000.0,10000.0,3412.2,13,964
Cebu Pacific,SJI-MNL,2025.0,3,302.808,44.88,10000.0,10000.0,3638.22,4,9510
Cebgo,SUG-CEB,2025.0,3,1875.456,4.39,10000.0,10000.0,2943.76,41,3098
Cebgo,SWL-CEB,2025.0,3,820.512,4.39,10000.0,10000.0,2943.76,14,3098
Cebgo,TAC-CEB,2025.0,3,879.12,4.39,5302.19,3242.68,2943.76,678,3098
Philippine Airlines,TAC-CEB,2025.0,3,1452.2759999999998,35.5,5302.19,3242.68,2943.76,678,3098
Cebu Pacific,TAC-DVO,2025.0,3,1968.252,44.88,10000.0,3242.68,4905.37,678,1509
Cebu Pacific,TAC-ILO,2025.0,3,2573.868,44.88,10000.0,3242.68,3412.2,678,964
AirAsia,TAC-MNL,2025.0,3,19695.059999999998,15.23,3476.63,3242.68,3638.22,678,9510
Cebu Pacific,TAC-MNL,2025.0,3,21802.176,44.88,3476.63,3242.68,3638.22,678,9510
Philippine Airlines,TAC-MNL,2025.0,3,12973.982,35.5,3476.63,3242.68,3638.22,678,9510
Cebgo,TAG-CRK,2025.0,3,117.216,4.39,10000.0,3405.5,6665.09,466,312
Philippine Airlines,TAG-DVO,2025.0,3,860.608,35.5,10000.0,3405.5,4905.37,466,1509
AirAsia,TAG-MNL,2025.0,3,10032.84,15.23,3457.83,3405.5,3638.22,466,9510
Cebu Pacific,TAG-MNL,2025.0,3,16332.096,44.88,3457.83,3405.5,3638.22,466,9510
Philippine Airlines,TAG-MNL,2025.0,3,13891.542000000001,35.5,3457.83,3405.5,3638.22,466,9510
Cebu Pacific,TUG-MNL,2025.0,3,16421.636,44.88,7188.61,7613.89,3638.22,171,9510
Philippine Airlines,TUG-MNL,2025.0,3,3344.348,35.5,7188.61,7613.89,3638.22,171,9510
Cebgo,USU-CEB,2025.0,3,2813.1839999999997,4.39,5457.91,5345.57,2943.76,373,3098
Philippine Airlines,USU-CEB,2025.0,3,1506.0639999999999,35.5,5457.91,5345.57,2943.76,373,3098
Philippine Airlines,USU-CRK,2025.0,3,1452.2759999999998,35.5,10000.0,5345.57,6665.09,373,312
Cebgo,USU-MNL,2025.0,3,6915.744,4.39,6869.45,5345.57,3638.22,373,9510
Philippine Airlines,USU-MNL,2025.0,3,1667.4279999999999,35.5,6869.45,5345.57,3638.22,373,9510
Cebu Pacific,VRC-MNL,2025.0,3,151.404,44.88,10000.0,10000.0,3638.22,2,9510
Cebgo,WNP-MNL,2025.0,3,2930.3999999999996,4.39,10000.0,10000.0,3638.22,98,9510
Cebu Pacific,ZAM-CEB,2025.0,3,3028.08,44.88,7265.24,6650.57,2943.76,271,3098
Philippine Airlines,ZAM-CEB,2025.0,3,591.668,35.5,7265.24,6650.57,2943.76,271,3098
Cebu Pacific,ZAM-DVO,2025.0,3,4239.312,44.88,10000.0,6650.57,4905.37,271,1509
Cebu Pacific,ZAM-MNL,2025.0,3,22718.739999999998,44.88,6422.08,6650.57,3638.22,271,9510
Philippine Airlines,ZAM-MNL,2025.0,3,6914.9220000000005,35.5,6422.08,6650.57,3638.22,271,9510
Cebu Pacific,ZAM-TWT,2025.0,3,3785.1,44.88,5803.94,6650.57,5749.53,271,37
Philippine Airlines,ZAM-TWT,2025.0,3,1618.386,35.5,5803.94,6650.57,5749.53,271,37
Cebgo,BCD-CEB,2025.0,4,1749.744,5.87,5008.19,3339.23,2909.1,782,3666
Philippine Airlines,BCD-CEB,2025.0,4,1613.6399999999999,34.08,5008.19,3339.23,2909.1,782,3666
Cebu Pacific,BCD-DVO,2025.0,4,2026.2839999999999,46.17,10000.0,3339.23,4991.46,782,1559
AirAsia,BCD-MNL,2025.0,4,15901.14,13.89,3483.73,3339.23,3734.38,782,10050
Cebu Pacific,BCD-MNL,2025.0,4,27132.764,46.17,3483.73,3339.23,3734.38,782,10050
Philippine Airlines,BCD-MNL,2025.0,4,21743.008,34.08,3483.73,3339.23,3734.38,782,10050
Philippine Airlines,BPA-CEB,2025.0,4,699.2439999999999,34.08,10000.0,10000.0,2909.1,26,3666
Philippine Airlines,BSO-CRK,2025.0,4,753.0319999999999,34.08,10000.0,10000.0,4515.62,60,554
Cebgo,BXU-CEB,2025.0,4,1749.744,5.87,5008.19,5025.39,2909.1,465,3666
Philippine Airlines,BXU-CEB,2025.0,4,1613.6399999999999,34.08,5008.19,5025.39,2909.1,465,3666
Cebu Pacific,BXU-MNL,2025.0,4,20948.324,46.17,5886.67,5025.39,3734.38,465,10050
Philippine Airlines,BXU-MNL,2025.0,4,8533.308,34.08,5886.67,5025.39,3734.38,465,10050
Philippine Airlines,CBO-MNL,2025.0,4,6767.796,34.08,10000.0,10000.0,3734.38,101,10050
Philippine Airlines,CBO-TWT,2025.0,4,430.304,34.08,10000.0,10000.0,10000.0,101,19
Cebgo,CEB-BCD,2025.0,4,1810.08,5.87,5016.46,2909.1,3339.23,3666,782
Philippine Airlines,CEB-BCD,2025.0,4,1613.6399999999999,34.08,5016.46,2909.1,3339.23,3666,782
Philippine Airlines,CEB-BPA,2025.0,4,699.2439999999999,34.08,10000.0,2909.1,10000.0,3666,26
Cebgo,CEB-BXU,2025.0,4,1689.408,5.87,5002.14,2909.1,5025.39,3666,465
Philippine Airlines,CEB-BXU,2025.0,4,1760.7659999999998,34.08,5002.14,2909.1,5025.39,3666,465
Cebgo,CEB-CGM,2025.0,4,1810.08,5.87,10000.0,2909.1,10000.0,3666,57
Cebgo,CEB-CGY,2025.0,4,5611.248,5.87,5363.76,2909.1,3756.72,3666,1010
Philippine Airlines,CEB-CGY,2025.0,4,3227.2799999999997,34.08,5363.76,2909.1,3756.72,3666,1010
Cebgo,CEB-CRK,2025.0,4,543.024,5.87,7165.13,2909.1,4515.62,3666,554
Cebu Pacific,CEB-CRK,2025.0,4,2632.996,46.17,7165.13,2909.1,4515.62,3666,554
Philippine Airlines,CEB-CRM,2025.0,4,699.2439999999999,34.08,10000.0,2909.1,10000.0,3666,43
Cebgo,CEB-CYP,2025.0,4,1327.392,5.87,10000.0,2909.1,5480.33,3666,70
Cebgo,CEB-DGT,2025.0,4,1508.3999999999999,5.87,8302.32,2909.1,4471.38,3666,320
Cebu Pacific,CEB-DGT,2025.0,4,155.868,46.17,8302.32,2909.1,4471.38,3666,320
Cebgo,CEB-DPL,2025.0,4,1749.744,5.87,10000.0,2909.1,3769.85,3666,175
Cebgo,CEB-DRP,2025.0,4,1810.08,5.87,10000.0,2909.1,4587.73,3666,447
Cebu Pacific,CEB-DVO,2025.0,4,7071.044,46.17,5175.25,2909.1,4991.46,3666,1559
Philippine Airlines,CEB-DVO,2025.0,4,4840.92,34.08,5175.25,2909.1,4991.46,3666,1559
Philippine Airlines,CEB-GES,2025.0,4,1075.76,34.08,10000.0,2909.1,5029.78,3666,307
Cebgo,CEB-IAO,2025.0,4,5430.24,5.87,5176.77,2909.1,5007.72,3666,607
Philippine Airlines,CEB-IAO,2025.0,4,3711.372,34.08,5176.77,2909.1,5007.72,3666,607
Cebgo,CEB-ILO,2025.0,4,3439.152,5.87,10000.0,2909.1,3237.04,3666,1039
AirAsia,CEB-MNL,2025.0,4,23157.0,13.89,3602.52,2909.1,3734.38,3666,10050
Cebgo,CEB-MNL,2025.0,4,181.00799999999998,5.87,3602.52,2909.1,3734.38,3666,10050
Cebu Pacific,CEB-MNL,2025.0,4,45350.884,46.17,3602.52,2909.1,3734.38,3666,10050
Philippine Airlines,CEB-MNL,2025.0,4,48673.394,34.08,3602.52,2909.1,3734.38,3666,10050
Cebgo,CEB-MPH,2025.0,4,60.336,5.87,6132.04,2909.1,3713.49,3666,1202
Cebu Pacific,CEB-MPH,2025.0,4,4831.907999999999,46.17,6132.04,2909.1,3713.49,3666,1202
Philippine Airlines,CEB-MPH,2025.0,4,1613.6399999999999,34.08,6132.04,2909.1,3713.49,3666,1202
Cebgo,CEB-PAG,2025.0,4,1629.072,5.87,10000.0,2909.1,6614.81,3666,154
Cebu Pacific,CEB-PPS,2025.0,4,5560.968,46.17,6069.38,2909.1,3792.81,3666,600
Philippine Airlines,CEB-PPS,2025.0,4,2043.944,34.08,6069.38,2909.1,3792.81,3666,600
Cebgo,CEB-SUG,2025.0,4,844.704,5.87,10000.0,2909.1,10000.0,3666,46
Cebgo,CEB-TAC,2025.0,4,422.352,5.87,6711.79,2909.1,3280.75,3666,720
Philippine Airlines,CEB-TAC,2025.0,4,1613.6399999999999,34.08,6711.79,2909.1,3280.75,3666,720
Cebgo,CEB-USU,2025.0,4,1810.08,5.87,5027.57,2909.1,5293.47,3666,352
Philippine Airlines,CEB-USU,2025.0,4,1559.8519999999999,34.08,5027.57,2909.1,5293.47,3666,352
Cebgo,CGM-CEB,2025.0,4,1629.072,5.87,10000.0,10000.0,2909.1,57,3666
Cebgo,CGY-CEB,2025.0,4,5550.912,5.87,5415.84,3756.72,2909.1,1010,3666
Philippine Airlines,CGY-CEB,2025.0,4,3065.9159999999997,34.08,5415.84,3756.72,2909.1,1010,3666
Cebgo,CGY-DVO,2025.0,4,965.376,5.87,10000.0,3756.72,4991.46,1010,1559
Cebu Pacific,CGY-ILO,2025.0,4,3273.228,46.17,10000.0,3756.72,3237.04,1010,1039
AirAsia,CGY-MNL,2025.0,4,4631.4,13.89,4339.01,3756.72,3734.38,1010,10050
Cebu Pacific,CGY-MNL,2025.0,4,28047.86,46.17,4339.01,3756.72,3734.38,1010,10050
Philippine Airlines,CGY-MNL,2025.0,4,20759.004,34.08,4339.01,3756.72,3734.38,1010,10050
Philippine Airlines,CRK-BSO,2025.0,4,860.608,34.08,10000.0,4515.62,10000.0,554,60
Cebgo,CRK-CEB,2025.0,4,543.024,5.87,7165.13,4515.62,2909.1,554,3666
Cebu Pacific,CRK-CEB,2025.0,4,2632.996,46.17,7165.13,4515.62,2909.1,554,3666
Cebu Pacific,CRK-DVO,2025.0,4,3596.696,46.17,10000.0,4515.62,4991.46,554,1559
Cebgo,CRK-ENI,2025.0,4,1689.408,5.87,10000.0,4515.62,10000.0,554,56
Cebgo,CRK-IAO,2025.0,4,1810.08,5.87,6124.73,4515.62,5007.72,554,607
Philippine Airlines,CRK-IAO,2025.0,4,645.4559999999999,34.08,6124.73,4515.62,5007.72,554,607
Cebgo,CRK-MBT,2025.0,4,1810.08,5.87,10000.0,4515.62,10000.0,554,58
Cebu Pacific,CRK-MPH,2025.0,4,9352.08,46.17,10000.0,4515.62,3713.49,554,1202
Cebgo,CRK-TAG,2025.0,4,1810.08,5.87,10000.0,4515.62,3248.82,554,590
Cebgo,CRK-USU,2025.0,4,60.336,5.87,9259.3,4515.62,5293.47,554,352
Philippine Airlines,CRK-USU,2025.0,4,1506.0639999999999,34.08,9259.3,4515.62,5293.47,554,352
Philippine Airlines,CRM-CEB,2025.0,4,699.2439999999999,34.08,10000.0,10000.0,2909.1,43,3666
Philippine Airlines,CRM-MNL,2025.0,4,53.788,34.08,10000.0,10000.0,3734.38,43,10050
Cebgo,CYP-CEB,2025.0,4,1327.392,5.87,10000.0,5480.33,2909.1,70,3666
Philippine Airlines,CYP-MNL,2025.0,4,699.2439999999999,34.08,10000.0,5480.33,3734.38,70,10050
Cebu Pacific,CYZ-MNL,2025.0,4,9352.08,46.17,10000.0,10000.0,3734.38,120,10050
Cebgo,DGT-CEB,2025.0,4,1508.3999999999999,5.87,10000.0,4471.38,2909.1,320,3666
Cebu Pacific,DGT-MNL,2025.0,4,9352.08,46.17,5004.16,4471.38,3734.38,320,10050
Philippine Airlines,DGT-MNL,2025.0,4,8827.56,34.08,5004.16,4471.38,3734.38,320,10050
Cebu Pacific,DMK-ILO,2025.0,4,2026.2839999999999,46.17,10000.0,10000.0,3237.04,13,1039
Cebgo,DPL-CEB,2025.0,4,1749.744,5.87,10000.0,3769.85,2909.1,175,3666
Cebu Pacific,DPL-MNL,2025.0,4,4676.04,46.17,5020.02,3769.85,3734.38,175,10050
Philippine Airlines,DPL-MNL,2025.0,4,4119.528,34.08,5020.02,3769.85,3734.38,175,10050
Cebgo,DRP-CEB,2025.0,4,1810.08,5.87,10000.0,4587.73,2909.1,447,3666
Cebu Pacific,DRP-MNL,2025.0,4,17787.388,46.17,5107.33,4587.73,3734.38,447,10050
Philippine Airlines,DRP-MNL,2025.0,4,13241.34,34.08,5107.33,4587.73,3734.38,447,10050
Cebu Pacific,DVO-BCD,2025.0,4,2026.2839999999999,46.17,10000.0,4991.46,3339.23,1559,782
Cebu Pacific,DVO-CEB,2025.0,4,7071.044,46.17,5155.92,4991.46,2909.1,1559,3666
Philippine Airlines,DVO-CEB,2025.0,4,4948.496,34.08,5155.92,4991.46,2909.1,1559,3666
Cebgo,DVO-CGY,2025.0,4,965.376,5.87,10000.0,4991.46,3756.72,1559,1010
Cebu Pacific,DVO-CRK,2025.0,4,3596.696,46.17,10000.0,4991.46,4515.62,1559,554
Cebu Pacific,DVO-DGT,2025.0,4,192.74,46.17,10000.0,4991.46,4471.38,1559,320
Cebgo,DVO-IAO,2025.0,4,1810.08,5.87,10000.0,4991.46,5007.72,1559,607
Cebu Pacific,DVO-ILO,2025.0,4,4208.436,46.17,10000.0,4991.46,3237.04,1559,1039
Cebu Pacific,DVO-MNL,2025.0,4,51164.090000000004,46.17,5061.1,4991.46,3734.38,1559,10050
Philippine Airlines,DVO-MNL,2025.0,4,40978.546,34.08,5061.1,4991.46,3734.38,1559,10050
Cebu Pacific,DVO-MPH,2025.0,4,3117.3599999999997,46.17,10000.0,4991.46,3713.49,1559,1202
Philippine Airlines,DVO-TAG,2025.0,4,1559.8519999999999,34.08,10000.0,4991.46,3248.82,1559,590
Cebgo,ENI-CRK,2025.0,4,1689.408,5.87,10000.0,10000.0,4515.62,56,554
Philippine Airlines,EUQ-MNL,2025.0,4,645.4559999999999,34.08,10000.0,10000.0,3734.38,24,10050
Philippine Airlines,GES-CEB,2025.0,4,1075.76,34.08,10000.0,5029.78,2909.1,307,3666
Cebu Pacific,GES-MNL,2025.0,4,14300.470000000001,46.17,5008.67,5029.78,3734.38,307,10050
Philippine Airlines,GES-MNL,2025.0,4,15543.150000000001,34.08,5008.67,5029.78,3734.38,307,10050
Cebgo,IAO-CEB,2025.0,4,5309.568,5.87,5156.94,5007.72,2909.1,607,3666
Philippine Airlines,IAO-CEB,2025.0,4,3711.372,34.08,5156.94,5007.72,2909.1,607,3666
Cebgo,IAO-CRK,2025.0,4,1810.08,5.87,6124.73,5007.72,4515.62,607,554
Philippine Airlines,IAO-CRK,2025.0,4,645.4559999999999,34.08,6124.73,5007.72,4515.62,607,554
Cebgo,IAO-DVO,2025.0,4,1810.08,5.87,10000.0,5007.72,4991.46,607,1559
Philippine Airlines,IAO-MNL,2025.0,4,3227.2799999999997,34.08,10000.0,5007.72,3734.38,607,10050
Cebgo,ILO-CEB,2025.0,4,3378.816,5.87,10000.0,3237.04,2909.1,1039,3666
Cebu Pacific,ILO-CGY,2025.0,4,3273.228,46.17,10000.0,3237.04,3756.72,1039,1010
Cebu Pacific,ILO-DVO,2025.0,4,4208.436,46.17,10000.0,3237.04,4991.46,1039,1559
AirAsia,ILO-MNL,2025.0,4,23814.36,13.89,3381.92,3237.04,3734.38,1039,10050
Cebu Pacific,ILO-MNL,2025.0,4,19357.8,46.17,3381.92,3237.04,3734.38,1039,10050
Philippine Airlines,ILO-MNL,2025.0,4,18060.112,34.08,3381.92,3237.04,3734.38,1039,10050
Cebu Pacific,ILO-TAC,2025.0,4,2493.888,46.17,10000.0,3237.04,3280.75,1039,720
AirAsia,KLO-MNL,2025.0,4,9725.94,13.89,5667.65,5954.35,3734.38,211,10050
Cebu Pacific,KLO-MNL,2025.0,4,4520.172,46.17,5667.65,5954.35,3734.38,211,10050
Philippine Airlines,LAO-MNL,2025.0,4,8386.182,34.08,10000.0,10000.0,3734.38,88,10050
Cebgo,MBT-CRK,2025.0,4,1689.408,5.87,10000.0,10000.0,4515.62,58,554
AirAsia,MNL-BCD,2025.0,4,9262.8,13.89,3522.26,3734.38,3339.23,10050,782
Cebu Pacific,MNL-BCD,2025.0,4,16867.264,46.17,3522.26,3734.38,3339.23,10050,782
Philippine Airlines,MNL-BCD,2025.0,4,12992.966,34.08,3522.26,3734.38,3339.23,10050,782
Philippine Airlines,MNL-BSO,2025.0,4,1613.6399999999999,34.08,10000.0,3734.38,10000.0,10050,60
Cebu Pacific,MNL-BXU,2025.0,4,20755.584,46.17,5812.86,3734.38,5025.39,10050,465
Philippine Airlines,MNL-BXU,2025.0,4,8827.56,34.08,5812.86,3734.38,5025.39,10050,465
Philippine Airlines,MNL-CBO,2025.0,4,6914.9220000000005,34.08,10000.0,3734.38,10000.0,10050,101
AirAsia,MNL-CEB,2025.0,4,27942.78,13.89,3427.02,3734.38,2909.1,10050,3666
Cebgo,MNL-CEB,2025.0,4,2353.104,5.87,3427.02,3734.38,2909.1,10050,3666
Cebu Pacific,MNL-CEB,2025.0,4,39924.834,46.17,3427.02,3734.38,2909.1,10050,3666
Philippine Airlines,MNL-CEB,2025.0,4,53639.292,34.08,3427.02,3734.38,2909.1,10050,3666
AirAsia,MNL-CGY,2025.0,4,4631.4,13.89,4688.71,3734.38,3756.72,10050,1010
Cebu Pacific,MNL-CGY,2025.0,4,32103.780000000002,46.17,4688.71,3734.38,3756.72,10050,1010
Philippine Airlines,MNL-CGY,2025.0,4,16240.812,34.08,4688.71,3734.38,3756.72,10050,1010
Philippine Airlines,MNL-CRM,2025.0,4,860.608,34.08,10000.0,3734.38,10000.0,10050,43
Philippine Airlines,MNL-CYP,2025.0,4,699.2439999999999,34.08,10000.0,3734.38,5480.33,10050,70
Cebu Pacific,MNL-CYZ,2025.0,4,9352.08,46.17,10000.0,3734.38,10000.0,10050,120
Cebu Pacific,MNL-DGT,2025.0,4,13716.384,46.17,5235.14,3734.38,4471.38,10050,320
Philippine Airlines,MNL-DGT,2025.0,4,8827.56,34.08,5235.14,3734.38,4471.38,10050,320
Cebu Pacific,MNL-DPL,2025.0,4,4676.04,46.17,5010.48,3734.38,3769.85,10050,175
Philippine Airlines,MNL-DPL,2025.0,4,4266.654,34.08,5010.48,3734.38,3769.85,10050,175
Cebu Pacific,MNL-DRP,2025.0,4,17787.388,46.17,5099.55,3734.38,4587.73,10050,447
Philippine Airlines,MNL-DRP,2025.0,4,13388.466,34.08,5099.55,3734.38,4587.73,10050,447
Cebu Pacific,MNL-DVO,2025.0,4,49265.182,46.17,5038.4,3734.38,4991.46,10050,1559
Philippine Airlines,MNL-DVO,2025.0,4,41326.586,34.08,5038.4,3734.38,4991.46,10050,1559
Philippine Airlines,MNL-EUQ,2025.0,4,645.4559999999999,34.08,10000.0,3734.38,10000.0,10050,24
Cebu Pacific,MNL-GES,2025.0,4,14300.470000000001,46.17,5010.74,3734.38,5029.78,10050,307
Philippine Airlines,MNL-GES,2025.0,4,15690.276,34.08,5010.74,3734.38,5029.78,10050,307
Philippine Airlines,MNL-IAO,2025.0,4,4679.556,34.08,10000.0,3734.38,5007.72,10050,607
AirAsia,MNL-ILO,2025.0,4,18525.6,13.89,3360.85,3734.38,3237.04,10050,1039
Cebu Pacific,MNL-ILO,2025.0,4,22835.5,46.17,3360.85,3734.38,3237.04,10050,1039
Philippine Airlines,MNL-ILO,2025.0,4,22361.57,34.08,3360.85,3734.38,3237.04,10050,1039
AirAsia,MNL-KLO,2025.0,4,13739.82,13.89,6211.17,3734.38,5954.35,10050,211
Cebu Pacific,MNL-KLO,2025.0,4,4676.04,46.17,6211.17,3734.38,5954.35,10050,211
Philippine Airlines,MNL-LAO,2025.0,4,4560.906,34.08,10000.0,3734.38,10000.0,10050,88
Cebu Pacific,MNL-MNL,2025.0,4,311.736,46.17,5643.46,3734.38,3734.38,10050,10050
Philippine Airlines,MNL-MNL,2025.0,4,147.126,34.08,5643.46,3734.38,3734.38,10050,10050
AirAsia,MNL-MPH,2025.0,4,18371.22,13.89,3250.39,3734.38,3713.49,10050,1202
Cebgo,MNL-MPH,2025.0,4,1810.08,5.87,3250.39,3734.38,3713.49,10050,1202
Cebu Pacific,MNL-MPH,2025.0,4,23224.332,46.17,3250.39,3734.38,3713.49,10050,1202
Philippine Airlines,MNL-MPH,2025.0,4,14560.728000000001,34.08,3250.39,3734.38,3713.49,10050,1202
Cebu Pacific,MNL-OZC,2025.0,4,7169.928,46.17,10000.0,3734.38,5567.38,10050,146
Cebu Pacific,MNL-PAG,2025.0,4,4676.04,46.17,10000.0,3734.38,6614.81,10050,154
AirAsia,MNL-PPS,2025.0,4,6638.34,13.89,3833.73,3734.38,3792.81,10050,600
Cebu Pacific,MNL-PPS,2025.0,4,16092.952000000001,46.17,3833.73,3734.38,3792.81,10050,600
Philippine Airlines,MNL-PPS,2025.0,4,8699.418,34.08,3833.73,3734.38,3792.81,10050,600
Cebu Pacific,MNL-RXS,2025.0,4,4676.04,46.17,10000.0,3734.38,5289.36,10050,131
Cebu Pacific,MNL-SJI,2025.0,4,4676.04,46.17,10000.0,3734.38,10000.0,10050,60
AirAsia,MNL-TAC,2025.0,4,9262.8,13.89,3507.72,3734.38,3280.75,10050,720
Cebu Pacific,MNL-TAC,2025.0,4,8105.1359999999995,46.17,3507.72,3734.38,3280.75,10050,720
Philippine Airlines,MNL-TAC,2025.0,4,13589.380000000001,34.08,3507.72,3734.38,3280.75,10050,720
AirAsia,MNL-TAG,2025.0,4,9262.8,13.89,3437.79,3734.38,3248.82,10050,590
Cebu Pacific,MNL-TAG,2025.0,4,10912.436,46.17,3437.79,3734.38,3248.82,10050,590
Philippine Airlines,MNL-TAG,2025.0,4,14138.334,34.08,3437.79,3734.38,3248.82,10050,590
Cebu Pacific,MNL-TUG,2025.0,4,9196.212,46.17,10000.0,3734.38,8010.38,10050,229
Cebgo,MNL-USU,2025.0,4,1749.744,5.87,10000.0,3734.38,5293.47,10050,352
Cebgo,MNL-WNP,2025.0,4,3258.144,5.87,10000.0,3734.38,10000.0,10050,111
Cebu Pacific,MPH-CEB,2025.0,4,4676.04,46.17,6314.65,3713.49,2909.1,1202,3666
Philippine Airlines,MPH-CEB,2025.0,4,1506.0639999999999,34.08,6314.65,3713.49,2909.1,1202,3666
Cebu Pacific,MPH-CRK,2025.0,4,9352.08,46.17,10000.0,3713.49,4515.62,1202,554
Cebu Pacific,MPH-DVO,2025.0,4,3117.3599999999997,46.17,10000.0,3713.49,4991.46,1202,1559
AirAsia,MPH-MNL,2025.0,4,23002.62,13.89,3251.26,3713.49,3734.38,1202,10050
Cebgo,MPH-MNL,2025.0,4,1810.08,5.87,3251.26,3713.49,3734.38,1202,10050
Cebu Pacific,MPH-MNL,2025.0,4,27900.372,46.17,3251.26,3713.49,3734.38,1202,10050
Philippine Airlines,MPH-MNL,2025.0,4,18974.508,34.08,3251.26,3713.49,3734.38,1202,10050
Cebgo,OZC-CEB,2025.0,4,1448.0639999999999,5.87,10000.0,5567.38,2909.1,146,3666
Cebu Pacific,OZC-MNL,2025.0,4,7169.928,46.17,5283.06,5567.38,3734.38,146,10050
Philippine Airlines,OZC-MNL,2025.0,4,4413.78,34.08,5283.06,5567.38,3734.38,146,10050
Cebgo,PAG-CEB,2025.0,4,2232.432,5.87,10000.0,6614.81,2909.1,154,3666
Cebu Pacific,PAG-MNL,2025.0,4,9352.08,46.17,10000.0,6614.81,3734.38,154,10050
Cebu Pacific,PPS-CEB,2025.0,4,5560.968,46.17,7474.05,3792.81,2909.1,600,3666
Philippine Airlines,PPS-CEB,2025.0,4,968.184,34.08,7474.05,3792.81,2909.1,600,3666
AirAsia,PPS-MNL,2025.0,4,11269.74,13.89,3492.55,3792.81,3734.38,600,10050
Cebu Pacific,PPS-MNL,2025.0,4,19205.284,46.17,3492.55,3792.81,3734.38,600,10050
Philippine Airlines,PPS-MNL,2025.0,4,18354.364,34.08,3492.55,3792.81,3734.38,600,10050
AirAsia,RXS-MNL,2025.0,4,2006.94,13.89,4462.84,5289.36,3734.38,131,10050
Cebu Pacific,RXS-MNL,2025.0,4,9196.212,46.17,4462.84,5289.36,3734.38,131,10050
Philippine Airlines,RXS-MNL,2025.0,4,4266.654,34.08,4462.84,5289.36,3734.38,131,10050
Cebu Pacific,SIN-ILO,2025.0,4,2026.2839999999999,46.17,10000.0,10000.0,3237.04,13,1039
Cebu Pacific,SJI-MNL,2025.0,4,4676.04,46.17,10000.0,10000.0,3734.38,60,10050
Cebgo,SUG-CEB,2025.0,4,1930.752,5.87,10000.0,10000.0,2909.1,46,3666
Cebgo,SWL-CEB,2025.0,4,784.3679999999999,5.87,10000.0,10000.0,2909.1,13,3666
Cebgo,TAC-CEB,2025.0,4,1930.752,5.87,5100.02,3280.75,2909.1,720,3666
Philippine Airlines,TAC-CEB,2025.0,4,1452.2759999999998,34.08,5100.02,3280.75,2909.1,720,3666
Cebu Pacific,TAC-DVO,2025.0,4,2026.2839999999999,46.17,10000.0,3280.75,4991.46,720,1559
Cebu Pacific,TAC-ILO,2025.0,4,2493.888,46.17,10000.0,3280.75,3237.04,720,1039
AirAsia,TAC-MNL,2025.0,4,18598.64,13.89,3546.09,3280.75,3734.38,720,10050
Cebu Pacific,TAC-MNL,2025.0,4,26029.956,46.17,3546.09,3280.75,3734.38,720,10050
Philippine Airlines,TAC-MNL,2025.0,4,14041.832,34.08,3546.09,3280.75,3734.38,720,10050
Cebgo,TAG-CRK,2025.0,4,1810.08,5.87,10000.0,3248.82,4515.62,590,554
Philippine Airlines,TAG-DVO,2025.0,4,1613.6399999999999,34.08,10000.0,3248.82,4991.46,590,1559
AirAsia,TAG-MNL,2025.0,4,9262.8,13.89,3756.48,3248.82,3734.38,590,10050
Cebu Pacific,TAG-MNL,2025.0,4,22366.22,46.17,3756.48,3248.82,3734.38,590,10050
Philippine Airlines,TAG-MNL,2025.0,4,13991.208,34.08,3756.48,3248.82,3734.38,590,10050
Cebu Pacific,TUG-MNL,2025.0,4,22289.124,46.17,7432.35,8010.38,3734.38,229,10050
Philippine Airlines,TUG-MNL,2025.0,4,3972.402,34.08,7432.35,8010.38,3734.38,229,10050
Cebgo,USU-CEB,2025.0,4,2292.768,5.87,5214.43,5293.47,2909.1,352,3666
Philippine Airlines,USU-CEB,2025.0,4,1506.0639999999999,34.08,5214.43,5293.47,2909.1,352,3666
Philippine Airlines,USU-CRK,2025.0,4,1559.8519999999999,34.08,10000.0,5293.47,4515.62,352,554
Cebgo,USU-MNL,2025.0,4,6697.296,5.87,6935.55,5293.47,3734.38,352,10050
Philippine Airlines,USU-MNL,2025.0,4,1559.8519999999999,34.08,6935.55,5293.47,3734.38,352,10050
Cebgo,WNP-MNL,2025.0,4,3439.152,5.87,10000.0,10000.0,3734.38,111,10050
Philippine Airlines,ZAM-CEB,2025.0,4,1559.8519999999999,34.08,10000.0,5748.96,2909.1,212,3666
Cebu Pacific,ZAM-DVO,2025.0,4,2981.6040000000003,46.17,10000.0,5748.96,4991.46,212,1559
Cebu Pacific,ZAM-MNL,2025.0,4,19857.248,46.17,6168.5,5748.96,3734.38,212,10050
Philippine Airlines,ZAM-MNL,2025.0,4,6914.9220000000005,34.08,6168.5,5748.96,3734.38,212,10050
Philippine Airlines,ZAM-TWT,2025.0,4,1618.386,34.08,10000.0,5748.96,10000.0,212,19
Cebgo,BCD-CEB,2025.0,5,1617.408,5.61,5120.1,3368.31,2979.99,762,3740
Philippine Airlines,BCD-CEB,2025.0,5,1183.336,33.95,5120.1,3368.31,2979.99,762,3740
Cebu Pacific,BCD-DVO,2025.0,5,2089.152,46.9,10000.0,3368.31,4861.86,762,1626
AirAsia,BCD-MNL,2025.0,5,16209.9,13.54,3488.63,3368.31,3787.86,762,10530
Cebu Pacific,BCD-MNL,2025.0,5,27910.656,46.9,3488.63,3368.31,3787.86,762,10530
Philippine Airlines,BCD-MNL,2025.0,5,22288.798000000003,33.95,3488.63,3368.31,3787.86,762,10530
Philippine Airlines,BPA-CEB,2025.0,5,699.2439999999999,33.95,10000.0,10000.0,2979.99,26,3740
Philippine Airlines,BSO-CRK,2025.0,5,1559.8519999999999,33.95,10000.0,10000.0,4183.29,89,638
Cebgo,BXU-CEB,2025.0,5,1804.032,5.61,5026.35,5128.14,2979.99,482,3740
Philippine Airlines,BXU-CEB,2025.0,5,1559.8519999999999,33.95,5026.35,5128.14,2979.99,482,3740
Cebu Pacific,BXU-MNL,2025.0,5,23086.08,46.9,5968.64,5128.14,3787.86,482,10530
Philippine Airlines,BXU-MNL,2025.0,5,8974.686,33.95,5968.64,5128.14,3787.86,482,10530
Philippine Airlines,CBO-MNL,2025.0,5,7062.048000000001,33.95,10000.0,10000.0,3787.86,107,10530
Philippine Airlines,CBO-TWT,2025.0,5,484.092,33.95,10000.0,10000.0,10000.0,107,18
Cebgo,CEB-BCD,2025.0,5,1679.616,5.61,5150.24,2979.99,3368.31,3740,762
Philippine Airlines,CEB-BCD,2025.0,5,1183.336,33.95,5150.24,2979.99,3368.31,3740,762
Philippine Airlines,CEB-BPA,2025.0,5,699.2439999999999,33.95,10000.0,2979.99,10000.0,3740,26
Cebgo,CEB-BXU,2025.0,5,1866.24,5.61,5004.23,2979.99,5128.14,3740,482
Philippine Airlines,CEB-BXU,2025.0,5,1760.7659999999998,33.95,5004.23,2979.99,5128.14,3740,482
Cebgo,CEB-CEB,2025.0,5,62.208,5.61,10000.0,2979.99,2979.99,3740,3740
Cebgo,CEB-CGM,2025.0,5,1866.24,5.61,10000.0,2979.99,10000.0,3740,59
Cebgo,CEB-CGY,2025.0,5,5971.968,5.61,5391.64,2979.99,3798.7,3740,1052
Philippine Airlines,CEB-CGY,2025.0,5,3360.1679999999997,33.95,5391.64,2979.99,3798.7,3740,1052
Cebgo,CEB-CRK,2025.0,5,559.872,5.61,6889.55,2979.99,4183.29,3740,638
Cebu Pacific,CEB-CRK,2025.0,5,2346.624,46.9,6889.55,2979.99,4183.29,3740,638
Philippine Airlines,CEB-CRM,2025.0,5,699.2439999999999,33.95,10000.0,2979.99,10000.0,3740,44
Cebgo,CEB-CYP,2025.0,5,1679.616,5.61,10000.0,2979.99,5755.48,3740,83
Cebgo,CEB-DGT,2025.0,5,1555.2,5.61,10000.0,2979.99,4813.1,3740,377
Cebgo,CEB-DPL,2025.0,5,1866.24,5.61,8645.31,2979.99,3775.52,3740,185
Philippine Airlines,CEB-DPL,2025.0,5,147.126,33.95,8645.31,2979.99,3775.52,3740,185
Cebgo,CEB-DRP,2025.0,5,1741.824,5.61,10000.0,2979.99,4669.3,3740,504
Cebu Pacific,CEB-DVO,2025.0,5,3395.52,46.9,5973.4,2979.99,4861.86,3740,1626
Philippine Airlines,CEB-DVO,2025.0,5,8757.952,33.95,5973.4,2979.99,4861.86,3740,1626
Philippine Airlines,CEB-GES,2025.0,5,1613.6399999999999,33.95,10000.0,2979.99,5054.11,3740,348
Cebgo,CEB-IAO,2025.0,5,5785.344,5.61,5196.08,2979.99,5000.08,3740,657
Philippine Airlines,CEB-IAO,2025.0,5,3872.736,33.95,5196.08,2979.99,5000.08,3740,657
Cebgo,CEB-ILO,2025.0,5,2612.736,5.61,10000.0,2979.99,3313.78,3740,1021
AirAsia,CEB-MNL,2025.0,5,23774.52,13.54,3641.83,2979.99,3787.86,3740,10530
Cebu Pacific,CEB-MNL,2025.0,5,50143.968,46.9,3641.83,2979.99,3787.86,3740,10530
Philippine Airlines,CEB-MNL,2025.0,5,51206.176,33.95,3641.83,2979.99,3787.86,3740,10530
Cebu Pacific,CEB-MPH,2025.0,5,4981.8240000000005,46.9,5444.11,2979.99,3707.01,3740,1239
Philippine Airlines,CEB-MPH,2025.0,5,2694.146,33.95,5444.11,2979.99,3707.01,3740,1239
Cebgo,CEB-OZC,2025.0,5,62.208,5.61,10000.0,2979.99,5694.39,3740,154
Cebgo,CEB-PAG,2025.0,5,1555.2,5.61,10000.0,2979.99,6900.27,3740,150
Cebu Pacific,CEB-PPS,2025.0,5,6084.288,46.9,5155.13,2979.99,3745.13,3740,617
Philippine Airlines,CEB-PPS,2025.0,5,4261.908,33.95,5155.13,2979.99,3745.13,3740,617
Cebu Pacific,CEB-SJI,2025.0,5,57.024,46.9,10000.0,2979.99,10000.0,3740,63
Cebgo,CEB-SUG,2025.0,5,1119.744,5.61,7700.68,2979.99,9029.1,3740,54
Cebu Pacific,CEB-SUG,2025.0,5,171.072,46.9,7700.68,2979.99,9029.1,3740,54
Cebgo,CEB-TAC,2025.0,5,373.248,5.61,7071.02,2979.99,3397.83,3740,749
Philippine Airlines,CEB-TAC,2025.0,5,1721.216,33.95,7071.02,2979.99,3397.83,3740,749
Cebgo,CEB-USU,2025.0,5,1928.4479999999999,5.61,5075.62,2979.99,5392.65,3740,368
Philippine Airlines,CEB-USU,2025.0,5,1506.0639999999999,33.95,5075.62,2979.99,5392.65,3740,368
Philippine Airlines,CEB-ZAM,2025.0,5,107.576,33.95,10000.0,2979.99,6127.36,3740,238
Cebgo,CGM-CEB,2025.0,5,1804.032,5.61,10000.0,10000.0,2979.99,59,3740
Cebgo,CGY-CEB,2025.0,5,5971.968,5.61,5351.88,3798.7,2979.99,1052,3740
Philippine Airlines,CGY-CEB,2025.0,5,3467.7439999999997,33.95,5351.88,3798.7,2979.99,1052,3740
Cebgo,CGY-DVO,2025.0,5,1119.744,5.61,10000.0,3798.7,4861.86,1052,1626
Cebu Pacific,CGY-ILO,2025.0,5,3856.896,46.9,10000.0,3798.7,3313.78,1052,1021
AirAsia,CGY-MNL,2025.0,5,4785.78,13.54,4364.94,3798.7,3787.86,1052,10530
Cebu Pacific,CGY-MNL,2025.0,5,29797.632,46.9,4364.94,3798.7,3787.86,1052,10530
Philippine Airlines,CGY-MNL,2025.0,5,21521.528000000002,33.95,4364.94,3798.7,3787.86,1052,10530
Philippine Airlines,CRK-BSO,2025.0,5,1559.8519999999999,33.95,10000.0,4183.29,10000.0,638,89
Cebgo,CRK-CEB,2025.0,5,497.664,5.61,7243.92,4183.29,2979.99,638,3740
Cebu Pacific,CRK-CEB,2025.0,5,2517.696,46.9,7243.92,4183.29,2979.99,638,3740
Cebu Pacific,CRK-CRK,2025.0,5,57.024,46.9,5004.26,4183.29,4183.29,638,638
Philippine Airlines,CRK-CRK,2025.0,5,53.788,33.95,5004.26,4183.29,4183.29,638,638
Cebu Pacific,CRK-DVO,2025.0,5,4304.448,46.9,10000.0,4183.29,4861.86,638,1626
Cebgo,CRK-ENI,2025.0,5,1928.4479999999999,5.61,10000.0,4183.29,10000.0,638,60
Cebgo,CRK-IAO,2025.0,5,1928.4479999999999,5.61,5055.83,4183.29,5000.08,638,657
Philippine Airlines,CRK-IAO,2025.0,5,1559.8519999999999,33.95,5055.83,4183.29,5000.08,638,657
Cebgo,CRK-MBT,2025.0,5,1928.4479999999999,5.61,10000.0,4183.29,10000.0,638,60
Philippine Airlines,CRK-MNL,2025.0,5,329.05600000000004,33.95,10000.0,4183.29,3787.86,638,10530
Cebu Pacific,CRK-MPH,2025.0,5,10020.672,46.9,10000.0,4183.29,3707.01,638,1239
Cebgo,CRK-TAG,2025.0,5,1804.032,5.61,10000.0,4183.29,3272.67,638,612
Philippine Airlines,CRK-USU,2025.0,5,1506.0639999999999,33.95,10000.0,4183.29,5392.65,638,368
Philippine Airlines,CRM-CEB,2025.0,5,753.0319999999999,33.95,10000.0,10000.0,2979.99,44,3740
Philippine Airlines,CRM-MNL,2025.0,5,53.788,33.95,10000.0,10000.0,3787.86,44,10530
Cebgo,CYP-CEB,2025.0,5,1741.824,5.61,10000.0,5755.48,2979.99,83,3740
Philippine Airlines,CYP-MNL,2025.0,5,753.0319999999999,33.95,10000.0,5755.48,3787.86,83,10530
Cebu Pacific,CYZ-MNL,2025.0,5,9963.648000000001,46.9,10000.0,10000.0,3787.86,125,10530
Cebgo,DGT-CEB,2025.0,5,1617.408,5.61,10000.0,4813.1,2979.99,377,3740
Cebu Pacific,DGT-MNL,2025.0,5,13659.84,46.9,5198.4,4813.1,3787.86,377,10530
Philippine Airlines,DGT-MNL,2025.0,5,9121.812,33.95,5198.4,4813.1,3787.86,377,10530
Cebu Pacific,DMK-ILO,2025.0,5,2249.856,46.9,10000.0,10000.0,3313.78,14,1021
Cebgo,DPL-CEB,2025.0,5,1741.824,5.61,10000.0,3775.52,2979.99,185,3740
Cebgo,DPL-DPL,2025.0,5,62.208,5.61,10000.0,3775.52,3775.52,185,185
Cebu Pacific,DPL-MNL,2025.0,5,4981.8240000000005,46.9,5009.73,3775.52,3787.86,185,10530
Philippine Airlines,DPL-MNL,2025.0,5,4560.906,33.95,5009.73,3775.52,3787.86,185,10530
Cebgo,DRP-CEB,2025.0,5,1741.824,5.61,10000.0,4669.3,2979.99,504,3740
Cebu Pacific,DRP-MNL,2025.0,5,21028.032,46.9,5103.31,4669.3,3787.86,504,10530
Philippine Airlines,DRP-MNL,2025.0,5,15742.482,33.95,5103.31,4669.3,3787.86,504,10530
Cebu Pacific,DVO-BCD,2025.0,5,2089.152,46.9,10000.0,4861.86,3368.31,1626,762
Cebu Pacific,DVO-CEB,2025.0,5,3395.52,46.9,5962.47,4861.86,2979.99,1626,3740
Philippine Airlines,DVO-CEB,2025.0,5,8704.163999999999,33.95,5962.47,4861.86,2979.99,1626,3740
Cebgo,DVO-CGY,2025.0,5,1119.744,5.61,10000.0,4861.86,3798.7,1626,1052
Cebu Pacific,DVO-CRK,2025.0,5,4304.448,46.9,10000.0,4861.86,4183.29,1626,638
Cebu Pacific,DVO-DGT,2025.0,5,198.72,46.9,10000.0,4861.86,4813.1,1626,377
Cebgo,DVO-IAO,2025.0,5,1928.4479999999999,5.61,10000.0,4861.86,5000.08,1626,657
Cebu Pacific,DVO-ILO,2025.0,5,3856.896,46.9,10000.0,4861.86,3313.78,1626,1021
Cebu Pacific,DVO-MNL,2025.0,5,53231.904,46.9,5058.95,4861.86,3787.86,1626,10530
Philippine Airlines,DVO-MNL,2025.0,5,42804.174,33.95,5058.95,4861.86,3787.86,1626,10530
Cebu Pacific,DVO-MPH,2025.0,5,3053.376,46.9,10000.0,4861.86,3707.01,1626,1239
Cebu Pacific,DVO-TAG,2025.0,5,160.704,46.9,8306.43,4861.86,3272.67,1626,612
Philippine Airlines,DVO-TAG,2025.0,5,1559.8519999999999,33.95,8306.43,4861.86,3272.67,1626,612
Cebgo,ENI-CRK,2025.0,5,1804.032,5.61,10000.0,10000.0,4183.29,60,638
Philippine Airlines,EUQ-MNL,2025.0,5,753.0319999999999,33.95,10000.0,10000.0,3787.86,27,10530
Philippine Airlines,GES-CEB,2025.0,5,1613.6399999999999,33.95,10000.0,5054.11,2979.99,348,3740
Cebu Pacific,GES-MNL,2025.0,5,21493.728,46.9,5115.16,5054.11,3787.86,348,10530
Philippine Airlines,GES-MNL,2025.0,5,15829.492,33.95,5115.16,5054.11,3787.86,348,10530
Cebgo,IAO-CEB,2025.0,5,5598.72,5.61,5234.97,5000.08,2979.99,657,3740
Philippine Airlines,IAO-CEB,2025.0,5,3603.796,33.95,5234.97,5000.08,2979.99,657,3740
Cebgo,IAO-CRK,2025.0,5,1866.24,5.61,5015.83,5000.08,4183.29,657,638
Philippine Airlines,IAO-CRK,2025.0,5,1667.4279999999999,33.95,5015.83,5000.08,4183.29,657,638
Cebgo,IAO-DVO,2025.0,5,1928.4479999999999,5.61,10000.0,5000.08,4861.86,657,1626
Philippine Airlines,IAO-MNL,2025.0,5,3227.2799999999997,33.95,10000.0,5000.08,3787.86,657,10530
Cebgo,ILO-CEB,2025.0,5,2674.944,5.61,10000.0,3313.78,2979.99,1021,3740
Cebu Pacific,ILO-CGY,2025.0,5,4017.6000000000004,46.9,10000.0,3313.78,3798.7,1021,1052
Cebu Pacific,ILO-DVO,2025.0,5,3856.896,46.9,10000.0,3313.78,4861.86,1021,1626
AirAsia,ILO-MNL,2025.0,5,24333.94,13.54,3377.47,3313.78,3787.86,1021,10530
Cebu Pacific,ILO-MNL,2025.0,5,19809.792,46.9,3377.47,3313.78,3787.86,1021,10530
Philippine Airlines,ILO-MNL,2025.0,5,18776.758,33.95,3377.47,3313.78,3787.86,1021,10530
Cebu Pacific,ILO-TAC,2025.0,5,2410.56,46.9,10000.0,3313.78,3397.83,1021,749
AirAsia,KLO-MNL,2025.0,5,14202.96,13.54,6155.11,6175.13,3787.86,248,10530
Cebu Pacific,KLO-MNL,2025.0,5,4981.8240000000005,46.9,6155.11,6175.13,3787.86,248,10530
Philippine Airlines,LAO-MNL,2025.0,5,8680.434000000001,33.95,10000.0,10000.0,3787.86,89,10530
Cebgo,MBT-CRK,2025.0,5,1804.032,5.61,10000.0,10000.0,4183.29,60,638
AirAsia,MNL-BCD,2025.0,5,9571.56,13.54,3536.39,3787.86,3368.31,10530,762
Cebu Pacific,MNL-BCD,2025.0,5,17817.408,46.9,3536.39,3787.86,3368.31,10530,762
Philippine Airlines,MNL-BCD,2025.0,5,13538.756000000001,33.95,3536.39,3787.86,3368.31,10530,762
Philippine Airlines,MNL-BSO,2025.0,5,1667.4279999999999,33.95,10000.0,3787.86,10000.0,10530,89
Cebu Pacific,MNL-BXU,2025.0,5,23086.08,46.9,5939.9,3787.86,5128.14,10530,482
Philippine Airlines,MNL-BXU,2025.0,5,9121.812,33.95,5939.9,3787.86,5128.14,10530,482
Philippine Airlines,MNL-CBO,2025.0,5,7356.3,33.95,10000.0,3787.86,10000.0,10530,107
AirAsia,MNL-CEB,2025.0,5,28714.68,13.54,3405.22,3787.86,2979.99,10530,3740
Cebgo,MNL-CEB,2025.0,5,2612.736,5.61,3405.22,3787.86,2979.99,10530,3740
Cebu Pacific,MNL-CEB,2025.0,5,44223.840000000004,46.9,3405.22,3787.86,2979.99,10530,3740
Philippine Airlines,MNL-CEB,2025.0,5,54597.984000000004,33.95,3405.22,3787.86,2979.99,10530,3740
AirAsia,MNL-CGY,2025.0,5,4631.4,13.54,4783.61,3787.86,3798.7,10530,1052
Cebu Pacific,MNL-CGY,2025.0,5,34689.6,46.9,4783.61,3787.86,3798.7,10530,1052
Philippine Airlines,MNL-CGY,2025.0,5,16821.406,33.95,4783.61,3787.86,3798.7,10530,1052
Philippine Airlines,MNL-CRM,2025.0,5,860.608,33.95,10000.0,3787.86,10000.0,10530,44
Philippine Airlines,MNL-CYP,2025.0,5,753.0319999999999,33.95,10000.0,3787.86,5755.48,10530,83
Cebu Pacific,MNL-CYZ,2025.0,5,10124.352,46.9,10000.0,3787.86,10000.0,10530,125
Cebu Pacific,MNL-DGT,2025.0,5,18641.664,46.9,5587.87,3787.86,4813.1,10530,377
Philippine Airlines,MNL-DGT,2025.0,5,9121.812,33.95,5587.87,3787.86,4813.1,10530,377
Cebu Pacific,MNL-DPL,2025.0,5,4981.8240000000005,46.9,5009.73,3787.86,3775.52,10530,185
Philippine Airlines,MNL-DPL,2025.0,5,4560.906,33.95,5009.73,3787.86,3775.52,10530,185
Cebu Pacific,MNL-DRP,2025.0,5,21188.736,46.9,5089.67,3787.86,4669.3,10530,504
Philippine Airlines,MNL-DRP,2025.0,5,16183.86,33.95,5089.67,3787.86,4669.3,10530,504
Cebu Pacific,MNL-DVO,2025.0,5,49117.536,46.9,5016.89,3787.86,4861.86,10530,1626
Philippine Airlines,MNL-DVO,2025.0,5,43721.734000000004,33.95,5016.89,3787.86,4861.86,10530,1626
Philippine Airlines,MNL-EUQ,2025.0,5,699.2439999999999,33.95,10000.0,3787.86,10000.0,10530,27
Cebu Pacific,MNL-GES,2025.0,5,21493.728,46.9,5115.16,3787.86,5054.11,10530,348
Philippine Airlines,MNL-GES,2025.0,5,15829.492,33.95,5115.16,3787.86,5054.11,10530,348
Philippine Airlines,MNL-IAO,2025.0,5,4948.496,33.95,10000.0,3787.86,5000.08,10530,657
AirAsia,MNL-ILO,2025.0,5,18679.98,13.54,3375.54,3787.86,3313.78,10530,1021
Cebu Pacific,MNL-ILO,2025.0,5,24473.664,46.9,3375.54,3787.86,3313.78,10530,1021
Philippine Airlines,MNL-ILO,2025.0,5,23225.342,33.95,3375.54,3787.86,3313.78,10530,1021
AirAsia,MNL-KLO,2025.0,5,14511.72,13.54,6194.99,3787.86,6175.13,10530,248
Cebu Pacific,MNL-KLO,2025.0,5,4981.8240000000005,46.9,6194.99,3787.86,6175.13,10530,248
Philippine Airlines,MNL-LAO,2025.0,5,4413.78,33.95,10000.0,3787.86,10000.0,10530,89
Cebu Pacific,MNL-MNL,2025.0,5,198.72,46.9,10000.0,3787.86,3787.86,10530,10530
AirAsia,MNL-MPH,2025.0,5,18988.739999999998,13.54,3261.3,3787.86,3707.01,10530,1239
Cebgo,MNL-MPH,2025.0,5,1866.24,5.61,3261.3,3787.86,3707.01,10530,1239
Cebu Pacific,MNL-MPH,2025.0,5,24748.416,46.9,3261.3,3787.86,3707.01,10530,1239
Philippine Airlines,MNL-MPH,2025.0,5,15403.934000000001,33.95,3261.3,3787.86,3707.01,10530,1239
Cebu Pacific,MNL-OZC,2025.0,5,7874.496,46.9,10000.0,3787.86,5694.39,10530,154
Cebu Pacific,MNL-PAG,2025.0,5,5142.528,46.9,10000.0,3787.86,6900.27,10530,150
AirAsia,MNL-PPS,2025.0,5,6947.099999999999,13.54,3814.33,3787.86,3745.13,10530,617
Cebu Pacific,MNL-PPS,2025.0,5,16574.976,46.9,3814.33,3787.86,3745.13,10530,617
Philippine Airlines,MNL-PPS,2025.0,5,9082.262,33.95,3814.33,3787.86,3745.13,10530,617
Cebu Pacific,MNL-RXS,2025.0,5,4981.8240000000005,46.9,10000.0,3787.86,5276.45,10530,137
Cebu Pacific,MNL-SJI,2025.0,5,4981.8240000000005,46.9,10000.0,3787.86,10000.0,10530,63
AirAsia,MNL-TAC,2025.0,5,9725.94,13.54,3446.09,3787.86,3397.83,10530,749
Cebu Pacific,MNL-TAC,2025.0,5,9802.944000000001,46.9,3446.09,3787.86,3397.83,10530,749
Philippine Airlines,MNL-TAC,2025.0,5,14143.08,33.95,3446.09,3787.86,3397.83,10530,749
AirAsia,MNL-TAG,2025.0,5,9725.94,13.54,3417.3,3787.86,3272.67,10530,612
Cebu Pacific,MNL-TAG,2025.0,5,11847.168,46.9,3417.3,3787.86,3272.67,10530,612
Philippine Airlines,MNL-TAG,2025.0,5,14378.798,33.95,3417.3,3787.86,3272.67,10530,612
Cebu Pacific,MNL-TUG,2025.0,5,9963.648000000001,46.9,10000.0,3787.86,7947.07,10530,247
Cebgo,MNL-USU,2025.0,5,1990.656,5.61,10000.0,3787.86,5392.65,10530,368
Cebgo,MNL-WNP,2025.0,5,3048.192,5.61,10000.0,3787.86,10000.0,10530,100
Cebu Pacific,MPH-CEB,2025.0,5,4981.8240000000005,46.9,5444.11,3707.01,2979.99,1239,3740
Philippine Airlines,MPH-CEB,2025.0,5,2694.146,33.95,5444.11,3707.01,2979.99,1239,3740
Cebu Pacific,MPH-CRK,2025.0,5,9963.648000000001,46.9,10000.0,3707.01,4183.29,1239,638
Cebu Pacific,MPH-DVO,2025.0,5,3053.376,46.9,10000.0,3707.01,4861.86,1239,1626
AirAsia,MPH-MNL,2025.0,5,23620.14,13.54,3267.55,3707.01,3787.86,1239,10530
Cebgo,MPH-MNL,2025.0,5,1804.032,5.61,3267.55,3707.01,3787.86,1239,10530
Cebu Pacific,MPH-MNL,2025.0,5,29569.536,46.9,3267.55,3707.01,3787.86,1239,10530
Philippine Airlines,MPH-MNL,2025.0,5,19763.926,33.95,3267.55,3707.01,3787.86,1239,10530
Cebgo,OZC-CEB,2025.0,5,1555.2,5.61,10000.0,5694.39,2979.99,154,3740
Cebu Pacific,OZC-MNL,2025.0,5,7874.496,46.9,5396.57,5694.39,3787.86,154,10530
Philippine Airlines,OZC-MNL,2025.0,5,4413.78,33.95,5396.57,5694.39,3787.86,154,10530
Cebgo,PAG-CEB,2025.0,5,1990.656,5.61,10000.0,6900.27,2979.99,150,3740
Cebu Pacific,PAG-MNL,2025.0,5,9802.944000000001,46.9,10000.0,6900.27,3787.86,150,10530
Cebu Pacific,PPS-CEB,2025.0,5,6084.288,46.9,6205.31,3745.13,2979.99,617,3740
Philippine Airlines,PPS-CEB,2025.0,5,2077.166,33.95,6205.31,3745.13,2979.99,617,3740
Cebgo,PPS-CRK,2025.0,5,62.208,5.61,10000.0,3745.13,4183.29,617,638
AirAsia,PPS-MNL,2025.0,5,11732.88,13.54,3469.22,3745.13,3787.86,617,10530
Cebu Pacific,PPS-MNL,2025.0,5,18883.584,46.9,3469.22,3745.13,3787.86,617,10530
Philippine Airlines,PPS-MNL,2025.0,5,18640.706000000002,33.95,3469.22,3745.13,3787.86,617,10530
AirAsia,RXS-MNL,2025.0,5,2161.3199999999997,13.54,4451.82,5276.45,3787.86,137,10530
Cebu Pacific,RXS-MNL,2025.0,5,9802.944000000001,46.9,4451.82,5276.45,3787.86,137,10530
Philippine Airlines,RXS-MNL,2025.0,5,4560.906,33.95,4451.82,5276.45,3787.86,137,10530
Cebu Pacific,SIN-ILO,2025.0,5,2249.856,46.9,10000.0,10000.0,3313.78,14,1021
Cebu Pacific,SJI-MNL,2025.0,5,4981.8240000000005,46.9,10000.0,10000.0,3787.86,63,10530
Cebgo,SUG-CEB,2025.0,5,2052.864,5.61,10000.0,9029.1,2979.99,54,3740
Cebgo,SWL-CEB,2025.0,5,1057.536,5.61,10000.0,10000.0,2979.99,17,3740
Cebgo,TAC-CEB,2025.0,5,995.328,5.61,5318.55,3397.83,2979.99,749,3740
Philippine Airlines,TAC-CEB,2025.0,5,1667.4279999999999,33.95,5318.55,3397.83,2979.99,749,3740
Cebu Pacific,TAC-DVO,2025.0,5,2249.856,46.9,10000.0,3397.83,4861.86,749,1626
Cebu Pacific,TAC-ILO,2025.0,5,2410.56,46.9,10000.0,3397.83,3313.78,749,1021
AirAsia,TAC-MNL,2025.0,5,19252.68,13.54,3618.08,3397.83,3787.86,749,10530
Cebu Pacific,TAC-MNL,2025.0,5,29730.24,46.9,3618.08,3397.83,3787.86,749,10530
Philippine Airlines,TAC-MNL,2025.0,5,14900.858,33.95,3618.08,3397.83,3787.86,749,10530
Cebgo,TAG-CRK,2025.0,5,1804.032,5.61,10000.0,3272.67,4183.29,612,638
Cebu Pacific,TAG-DVO,2025.0,5,160.704,46.9,8396.43,3272.67,4861.86,612,1626
Philippine Airlines,TAG-DVO,2025.0,5,1667.4279999999999,33.95,8396.43,3272.67,4861.86,612,1626
AirAsia,TAG-MNL,2025.0,5,9571.56,13.54,3800.23,3272.67,3787.86,612,10530
Cebu Pacific,TAG-MNL,2025.0,5,23825.664,46.9,3800.23,3272.67,3787.86,612,10530
Philippine Airlines,TAG-MNL,2025.0,5,14196.868,33.95,3800.23,3272.67,3787.86,612,10530
Cebu Pacific,TUG-MNL,2025.0,5,24748.416,46.9,7372.05,7947.07,3787.86,247,10530
Philippine Airlines,TUG-MNL,2025.0,5,4560.906,33.95,7372.05,7947.07,3787.86,247,10530
Cebgo,USU-CEB,2025.0,5,2426.112,5.61,5236.16,5392.65,2979.99,368,3740
Philippine Airlines,USU-CEB,2025.0,5,1559.8519999999999,33.95,5236.16,5392.65,2979.99,368,3740
Philippine Airlines,USU-CRK,2025.0,5,1667.4279999999999,33.95,10000.0,5392.65,4183.29,368,638
Cebgo,USU-MNL,2025.0,5,7527.168,5.61,7156.18,5392.65,3787.86,368,10530
Philippine Airlines,USU-MNL,2025.0,5,1559.8519999999999,33.95,7156.18,5392.65,3787.86,368,10530
Cebgo,WNP-MNL,2025.0,5,3172.6079999999997,5.61,10000.0,10000.0,3787.86,100,10530
Philippine Airlines,ZAM-CEB,2025.0,5,1667.4279999999999,33.95,10000.0,6127.36,2979.99,238,3740
Cebu Pacific,ZAM-DVO,2025.0,5,3348.864,46.9,10000.0,6127.36,4861.86,238,1626
Cebu Pacific,ZAM-MNL,2025.0,5,25187.328,46.9,6579.42,6127.36,3787.86,238,10530
Philippine Airlines,ZAM-MNL,2025.0,5,7062.048000000001,33.95,6579.42,6127.36,3787.86,238,10530
Philippine Airlines,ZAM-TWT,2025.0,5,1324.134,33.95,10000.0,6127.36,10000.0,238,18
Cebgo,BCD-CEB,2025.0,6,1890.0,5.83,5045.79,3270.94,2949.88,743,3719
Philippine Airlines,BCD-CEB,2025.0,6,1559.8519999999999,34.69,5045.79,3270.94,2949.88,743,3719
Cebu Pacific,BCD-DVO,2025.0,6,1953.0,45.91,10000.0,3270.94,4930.36,743,1624
AirAsia,BCD-MNL,2025.0,6,15746.76,13.57,3420.39,3270.94,3752.53,743,9965
Cebu Pacific,BCD-MNL,2025.0,6,23101.75,45.91,3420.39,3270.94,3752.53,743,9965
Philippine Airlines,BCD-MNL,2025.0,6,22296.708000000002,34.69,3420.39,3270.94,3752.53,743,9965
Philippine Airlines,BPA-CEB,2025.0,6,699.2439999999999,34.69,10000.0,10000.0,2949.88,26,3719
Philippine Airlines,BSO-CRK,2025.0,6,1452.2759999999998,34.69,10000.0,10000.0,3868.82,85,521
Cebgo,BXU-CEB,2025.0,6,2457.0,5.83,5249.42,4559.39,2949.88,438,3719
Philippine Airlines,BXU-CEB,2025.0,6,1559.8519999999999,34.69,5249.42,4559.39,2949.88,438,3719
Cebu Pacific,BXU-MNL,2025.0,6,17573.5,45.91,5548.71,4559.39,3752.53,438,9965
Philippine Airlines,BXU-MNL,2025.0,6,8827.56,34.69,5548.71,4559.39,3752.53,438,9965
Philippine Airlines,CBO-MNL,2025.0,6,6914.9220000000005,34.69,10000.0,10000.0,3752.53,102,9965
Philippine Airlines,CBO-TWT,2025.0,6,376.51599999999996,34.69,10000.0,10000.0,10000.0,102,17
Cebgo,CEB-BCD,2025.0,6,1890.0,5.83,5031.11,2949.88,3270.94,3719,743
Philippine Airlines,CEB-BCD,2025.0,6,1613.6399999999999,34.69,5031.11,2949.88,3270.94,3719,743
Philippine Airlines,CEB-BPA,2025.0,6,699.2439999999999,34.69,10000.0,2949.88,10000.0,3719,26
Cebgo,CEB-BXU,2025.0,6,2520.0,5.83,5240.38,2949.88,4559.39,3719,438
Philippine Airlines,CEB-BXU,2025.0,6,1613.6399999999999,34.69,5240.38,2949.88,4559.39,3719,438
Philippine Airlines,CEB-CBO,2025.0,6,147.126,34.69,10000.0,2949.88,10000.0,3719,102
Cebgo,CEB-CGM,2025.0,6,1890.0,5.83,10000.0,2949.88,10000.0,3719,59
Cebgo,CEB-CGY,2025.0,6,6489.0,5.83,5602.4,2949.88,3782.61,3719,1010
Philippine Airlines,CEB-CGY,2025.0,6,3145.0159999999996,34.69,5602.4,2949.88,3782.61,3719,1010
Cebgo,CEB-CRK,2025.0,6,504.0,5.83,6190.72,2949.88,3868.82,3719,521
Cebu Pacific,CEB-CRK,2025.0,6,1464.75,45.91,6190.72,2949.88,3868.82,3719,521
Philippine Airlines,CEB-CRM,2025.0,6,645.4559999999999,34.69,10000.0,2949.88,10000.0,3719,43
Cebgo,CEB-CYP,2025.0,6,945.0,5.83,10000.0,2949.88,5208.29,3719,55
Cebgo,CEB-DGT,2025.0,6,1701.0,5.83,10000.0,2949.88,4689.21,3719,354
Cebgo,CEB-DPL,2025.0,6,1890.0,5.83,10000.0,2949.88,3759.11,3719,179
Cebgo,CEB-DRP,2025.0,6,1638.0,5.83,7024.79,2949.88,4645.52,3719,481
Cebu Pacific,CEB-DRP,2025.0,6,364.0,45.91,7024.79,2949.88,4645.52,3719,481
Cebu Pacific,CEB-DVO,2025.0,6,7182.0,45.91,5021.75,2949.88,4930.36,3719,1624
Philippine Airlines,CEB-DVO,2025.0,6,6293.196,34.69,5021.75,2949.88,4930.36,3719,1624
Philippine Airlines,CEB-GES,2025.0,6,1290.9119999999998,34.69,10000.0,2949.88,5000.23,3719,327
Cebgo,CEB-IAO,2025.0,6,5670.0,5.83,5232.74,2949.88,5001.06,3719,637
Philippine Airlines,CEB-IAO,2025.0,6,3657.584,34.69,5232.74,2949.88,5001.06,3719,637
Cebgo,CEB-ILO,2025.0,6,3591.0,5.83,10000.0,2949.88,3234.31,3719,994
AirAsia,CEB-MNL,2025.0,6,23157.0,13.57,3635.82,2949.88,3752.53,3719,9965
Cebu Pacific,CEB-MNL,2025.0,6,48618.5,45.91,3635.82,2949.88,3752.53,3719,9965
Philippine Airlines,CEB-MNL,2025.0,6,49238.168000000005,34.69,3635.82,2949.88,3752.53,3719,9965
Cebgo,CEB-MPH,2025.0,6,63.0,5.83,6147.18,2949.88,3617.44,3719,1155
Cebu Pacific,CEB-MPH,2025.0,6,4882.5,45.91,6147.18,2949.88,3617.44,3719,1155
Philippine Airlines,CEB-MPH,2025.0,6,1613.6399999999999,34.69,6147.18,2949.88,3617.44,3719,1155
Cebgo,CEB-PAG,2025.0,6,1260.0,5.83,10000.0,2949.88,6911.86,3719,140
Cebu Pacific,CEB-PPS,2025.0,6,5922.0,45.91,5642.31,2949.88,3780.1,3719,586
Philippine Airlines,CEB-PPS,2025.0,6,2796.9759999999997,34.69,5642.31,2949.88,3780.1,3719,586
Cebgo,CEB-SUG,2025.0,6,1008.0,5.83,10000.0,2949.88,10000.0,3719,46
Cebgo,CEB-TAC,2025.0,6,441.0,5.83,6628.65,2949.88,3357.49,3719,718
Philippine Airlines,CEB-TAC,2025.0,6,1613.6399999999999,34.69,6628.65,2949.88,3357.49,3719,718
Cebgo,CEB-USU,2025.0,6,1890.0,5.83,5019.57,2949.88,5301.63,3719,347
Philippine Airlines,CEB-USU,2025.0,6,1667.4279999999999,34.69,5019.57,2949.88,5301.63,3719,347
Cebgo,CGM-CEB,2025.0,6,1827.0,5.83,10000.0,10000.0,2949.88,59,3719
Cebgo,CGY-CEB,2025.0,6,6552.0,5.83,5591.3,3782.61,2949.88,1010,3719
Philippine Airlines,CGY-CEB,2025.0,6,3198.8039999999996,34.69,5591.3,3782.61,2949.88,1010,3719
Cebgo,CGY-DVO,2025.0,6,819.0,5.83,10000.0,3782.61,4930.36,1010,1624
Cebu Pacific,CGY-ILO,2025.0,6,1953.0,45.91,10000.0,3782.61,3234.31,1010,994
AirAsia,CGY-MNL,2025.0,6,4631.4,13.57,4475.76,3782.61,3752.53,1010,9965
Cebu Pacific,CGY-MNL,2025.0,6,31358.25,45.91,4475.76,3782.61,3752.53,1010,9965
Philippine Airlines,CGY-MNL,2025.0,6,20170.5,34.69,4475.76,3782.61,3752.53,1010,9965
Philippine Airlines,CRK-BSO,2025.0,6,1452.2759999999998,34.69,10000.0,3868.82,10000.0,521,85
Cebgo,CRK-CEB,2025.0,6,504.0,5.83,6190.72,3868.82,2949.88,521,3719
Cebu Pacific,CRK-CEB,2025.0,6,1464.75,45.91,6190.72,3868.82,2949.88,521,3719
Cebu Pacific,CRK-DVO,2025.0,6,1464.75,45.91,10000.0,3868.82,4930.36,521,1624
Cebgo,CRK-ENI,2025.0,6,1512.0,5.83,10000.0,3868.82,10000.0,521,48
Cebgo,CRK-IAO,2025.0,6,1890.0,5.83,5031.11,3868.82,5001.06,521,637
Philippine Airlines,CRK-IAO,2025.0,6,1613.6399999999999,34.69,5031.11,3868.82,5001.06,521,637
Cebu Pacific,CRK-ILO,2025.0,6,2278.5,45.91,10000.0,3868.82,3234.31,521,994
Cebgo,CRK-MBT,2025.0,6,1071.0,5.83,10000.0,3868.82,10000.0,521,34
AirAsia,CRK-MNL,2025.0,6,154.38,13.57,3798.26,3868.82,3752.53,521,9965
Cebu Pacific,CRK-MNL,2025.0,6,162.75,45.91,3798.26,3868.82,3752.53,521,9965
Philippine Airlines,CRK-MNL,2025.0,6,329.05600000000004,34.69,3798.26,3868.82,3752.53,521,9965
Cebu Pacific,CRK-MPH,2025.0,6,6835.5,45.91,10000.0,3868.82,3617.44,521,1155
Cebgo,CRK-TAG,2025.0,6,1260.0,5.83,10000.0,3868.82,3302.09,521,558
Cebu Pacific,CRK-TBH,2025.0,6,57.75,45.91,10000.0,3868.82,10000.0,521,1
Philippine Airlines,CRK-USU,2025.0,6,1506.0639999999999,34.69,10000.0,3868.82,5301.63,521,347
Philippine Airlines,CRM-CEB,2025.0,6,645.4559999999999,34.69,10000.0,10000.0,2949.88,43,3719
Philippine Airlines,CRM-MNL,2025.0,6,53.788,34.69,10000.0,10000.0,3752.53,43,9965
Cebgo,CYP-CEB,2025.0,6,1008.0,5.83,10000.0,5208.29,2949.88,55,3719
Philippine Airlines,CYP-MNL,2025.0,6,645.4559999999999,34.69,10000.0,5208.29,3752.53,55,9965
Cebu Pacific,CYZ-MNL,2025.0,6,7323.75,45.91,10000.0,10000.0,3752.53,91,9965
Cebgo,DGT-CEB,2025.0,6,1701.0,5.83,10000.0,4689.21,2949.88,354,3719
Cebu Pacific,DGT-MNL,2025.0,6,14159.25,45.91,5287.72,4689.21,3752.53,354,9965
Philippine Airlines,DGT-MNL,2025.0,6,8680.434000000001,34.69,5287.72,4689.21,3752.53,354,9965
Cebu Pacific,DMK-ILO,2025.0,6,1953.0,45.91,10000.0,10000.0,3234.31,12,994
Cebgo,DPL-CEB,2025.0,6,1827.0,5.83,10000.0,3759.11,2949.88,179,3719
Cebu Pacific,DPL-MNL,2025.0,6,4882.5,45.91,5012.71,3759.11,3752.53,179,9965
Philippine Airlines,DPL-MNL,2025.0,6,4413.78,34.69,5012.71,3759.11,3752.53,179,9965
Cebgo,DRP-CEB,2025.0,6,1638.0,5.83,6317.58,4645.52,2949.88,481,3719
Cebu Pacific,DRP-CEB,2025.0,6,526.75,45.91,6317.58,4645.52,2949.88,481,3719
Cebu Pacific,DRP-MNL,2025.0,6,19283.25,45.91,5051.1,4645.52,3752.53,481,9965
Philippine Airlines,DRP-MNL,2025.0,6,15742.482,34.69,5051.1,4645.52,3752.53,481,9965
Cebu Pacific,DVO-BCD,2025.0,6,1953.0,45.91,10000.0,4930.36,3270.94,1624,743
Cebu Pacific,DVO-CEB,2025.0,6,7182.0,45.91,5031.11,4930.36,2949.88,1624,3719
Philippine Airlines,DVO-CEB,2025.0,6,6131.831999999999,34.69,5031.11,4930.36,2949.88,1624,3719
Cebgo,DVO-CGY,2025.0,6,756.0,5.83,10000.0,4930.36,3782.61,1624,1010
Cebu Pacific,DVO-CRK,2025.0,6,1302.0,45.91,10000.0,4930.36,3868.82,1624,521
Cebgo,DVO-IAO,2025.0,6,1890.0,5.83,10000.0,4930.36,5001.06,1624,637
Cebu Pacific,DVO-ILO,2025.0,6,5344.5,45.91,10000.0,4930.36,3234.31,1624,994
Cebu Pacific,DVO-MNL,2025.0,6,52338.125,45.91,5041.73,4930.36,3752.53,1624,9965
Philippine Airlines,DVO-MNL,2025.0,6,43576.19,34.69,5041.73,4930.36,3752.53,1624,9965
Cebu Pacific,DVO-MPH,2025.0,6,1953.0,45.91,10000.0,4930.36,3617.44,1624,1155
Cebu Pacific,DVO-TAG,2025.0,6,1991.5,45.91,5073.87,4930.36,3302.09,1624,558
Philippine Airlines,DVO-TAG,2025.0,6,1559.8519999999999,34.69,5073.87,4930.36,3302.09,1624,558
Cebgo,ENI-CRK,2025.0,6,1512.0,5.83,10000.0,10000.0,3868.82,48,521
Philippine Airlines,EUQ-MNL,2025.0,6,537.88,34.69,10000.0,10000.0,3752.53,20,9965
Philippine Airlines,GES-CEB,2025.0,6,1398.4879999999998,34.69,10000.0,5000.23,2949.88,327,3719
Cebu Pacific,GES-MNL,2025.0,6,17522.75,45.91,5012.51,5000.23,3752.53,327,9965
Philippine Airlines,GES-MNL,2025.0,6,15853.222,34.69,5012.51,5000.23,3752.53,327,9965
Cebgo,IAO-CEB,2025.0,6,5544.0,5.83,5224.92,5001.06,2949.88,637,3719
Philippine Airlines,IAO-CEB,2025.0,6,3603.796,34.69,5224.92,5001.06,2949.88,637,3719
Cebgo,IAO-CRK,2025.0,6,1890.0,5.83,5031.11,5001.06,3868.82,637,521
Philippine Airlines,IAO-CRK,2025.0,6,1613.6399999999999,34.69,5031.11,5001.06,3868.82,637,521
Cebgo,IAO-DVO,2025.0,6,1890.0,5.83,10000.0,5001.06,4930.36,637,1624
Philippine Airlines,IAO-MNL,2025.0,6,3012.1279999999997,34.69,10000.0,5001.06,3752.53,637,9965
Cebgo,ILO-CEB,2025.0,6,3528.0,5.83,10000.0,3234.31,2949.88,994,3719
Cebu Pacific,ILO-CGY,2025.0,6,1953.0,45.91,10000.0,3234.31,3782.61,994,1010
Cebu Pacific,ILO-CRK,2025.0,6,2278.5,45.91,10000.0,3234.31,3868.82,994,521
Cebu Pacific,ILO-DVO,2025.0,6,5344.5,45.91,10000.0,3234.31,4930.36,994,1624
AirAsia,ILO-MNL,2025.0,6,20280.22,13.57,3349.1,3234.31,3752.53,994,9965
Cebu Pacific,ILO-MNL,2025.0,6,17158.75,45.91,3349.1,3234.31,3752.53,994,9965
Philippine Airlines,ILO-MNL,2025.0,6,18442.956000000002,34.69,3349.1,3234.31,3752.53,994,9965
Cebu Pacific,ILO-TAC,2025.0,6,1953.0,45.91,10000.0,3234.31,3357.49,994,718
AirAsia,KLO-MNL,2025.0,6,13894.199999999999,13.57,6151.71,6151.71,3752.53,240,9965
Cebu Pacific,KLO-MNL,2025.0,6,4882.5,45.91,6151.71,6151.71,3752.53,240,9965
Philippine Airlines,LAO-MNL,2025.0,6,8386.182,34.69,10000.0,10000.0,3752.53,86,9965
Cebgo,MBT-CRK,2025.0,6,1071.0,5.83,10000.0,10000.0,3868.82,34,521
AirAsia,MNL-BCD,2025.0,6,9262.8,13.57,3503.18,3752.53,3270.94,9965,743
Cebu Pacific,MNL-BCD,2025.0,6,16434.25,45.91,3503.18,3752.53,3270.94,9965,743
Philippine Airlines,MNL-BCD,2025.0,6,13329.932,34.69,3503.18,3752.53,3270.94,9965,743
Philippine Airlines,MNL-BSO,2025.0,6,1667.4279999999999,34.69,10000.0,3752.53,10000.0,9965,85
Cebu Pacific,MNL-BXU,2025.0,6,17573.5,45.91,5548.71,3752.53,4559.39,9965,438
Philippine Airlines,MNL-BXU,2025.0,6,8827.56,34.69,5548.71,3752.53,4559.39,9965,438
Philippine Airlines,MNL-CBO,2025.0,6,6914.9220000000005,34.69,10000.0,3752.53,10000.0,9965,102
AirAsia,MNL-CEB,2025.0,6,24546.42,13.57,3496.5,3752.53,2949.88,9965,3719
Cebgo,MNL-CEB,2025.0,6,2268.0,5.83,3496.5,3752.53,2949.88,9965,3719
Cebu Pacific,MNL-CEB,2025.0,6,42756.0,45.91,3496.5,3752.53,2949.88,9965,3719
Philippine Airlines,MNL-CEB,2025.0,6,53400.41,34.69,3496.5,3752.53,2949.88,9965,3719
AirAsia,MNL-CGY,2025.0,6,4631.4,13.57,4881.65,3752.53,3782.61,9965,1010
Cebu Pacific,MNL-CGY,2025.0,6,35546.0,45.91,4881.65,3752.53,3782.61,9965,1010
Philippine Airlines,MNL-CGY,2025.0,6,16016.168,34.69,4881.65,3752.53,3782.61,9965,1010
Philippine Airlines,MNL-CRM,2025.0,6,968.184,34.69,10000.0,3752.53,10000.0,9965,43
Philippine Airlines,MNL-CYP,2025.0,6,645.4559999999999,34.69,10000.0,3752.53,5208.29,9965,55
Cebu Pacific,MNL-CYZ,2025.0,6,7486.5,45.91,10000.0,3752.53,10000.0,9965,91
Cebu Pacific,MNL-DGT,2025.0,6,15461.25,45.91,5394.46,3752.53,4689.21,9965,354
Philippine Airlines,MNL-DGT,2025.0,6,8680.434000000001,34.69,5394.46,3752.53,4689.21,9965,354
Cebu Pacific,MNL-DPL,2025.0,6,4882.5,45.91,5012.71,3752.53,3759.11,9965,179
Philippine Airlines,MNL-DPL,2025.0,6,4413.78,34.69,5012.71,3752.53,3759.11,9965,179
Cebu Pacific,MNL-DRP,2025.0,6,19283.25,45.91,5051.1,3752.53,4645.52,9965,481
Philippine Airlines,MNL-DRP,2025.0,6,15742.482,34.69,5051.1,3752.53,4645.52,9965,481
Cebu Pacific,MNL-DVO,2025.0,6,49177.625,45.91,5016.27,3752.53,4930.36,9965,1624
Philippine Airlines,MNL-DVO,2025.0,6,43870.442,34.69,5016.27,3752.53,4930.36,9965,1624
Philippine Airlines,MNL-EUQ,2025.0,6,537.88,34.69,10000.0,3752.53,10000.0,9965,20
Cebu Pacific,MNL-GES,2025.0,6,17522.75,45.91,5009.83,3752.53,5000.23,9965,327
Philippine Airlines,MNL-GES,2025.0,6,16035.152,34.69,5009.83,3752.53,5000.23,9965,327
Philippine Airlines,MNL-IAO,2025.0,6,4733.344,34.69,10000.0,3752.53,5001.06,9965,637
AirAsia,MNL-ILO,2025.0,6,18371.22,13.57,3363.34,3752.53,3234.31,9965,994
Cebu Pacific,MNL-ILO,2025.0,6,21183.75,45.91,3363.34,3752.53,3234.31,9965,994
Philippine Airlines,MNL-ILO,2025.0,6,23212.686,34.69,3363.34,3752.53,3234.31,9965,994
AirAsia,MNL-KLO,2025.0,6,13894.199999999999,13.57,6151.71,3752.53,6151.71,9965,240
Cebu Pacific,MNL-KLO,2025.0,6,4882.5,45.91,6151.71,3752.53,6151.71,9965,240
Philippine Airlines,MNL-LAO,2025.0,6,4266.654,34.69,10000.0,3752.53,10000.0,9965,86
Cebu Pacific,MNL-MNL,2025.0,6,162.75,45.91,5414.0,3752.53,3752.53,9965,9965
Philippine Airlines,MNL-MNL,2025.0,6,294.252,34.69,5414.0,3752.53,3752.53,9965,9965
AirAsia,MNL-MPH,2025.0,6,18525.6,13.57,3272.71,3752.53,3617.44,9965,1155
Cebgo,MNL-MPH,2025.0,6,1764.0,5.83,3272.71,3752.53,3617.44,9965,1155
Cebu Pacific,MNL-MPH,2025.0,6,24249.75,45.91,3272.71,3752.53,3617.44,9965,1155
Philippine Airlines,MNL-MPH,2025.0,6,14911.932,34.69,3272.71,3752.53,3617.44,9965,1155
Cebu Pacific,MNL-OZC,2025.0,6,7486.5,45.91,10000.0,3752.53,5947.99,9965,135
Cebu Pacific,MNL-PAG,2025.0,6,4882.5,45.91,10000.0,3752.53,6911.86,9965,140
AirAsia,MNL-PPS,2025.0,6,6483.96,13.57,3813.65,3752.53,3780.1,9965,586
Cebu Pacific,MNL-PPS,2025.0,6,15158.5,45.91,3813.65,3752.53,3780.1,9965,586
Philippine Airlines,MNL-PPS,2025.0,6,8110.914000000001,34.69,3813.65,3752.53,3780.1,9965,586
Cebu Pacific,MNL-RXS,2025.0,6,5045.25,45.91,10000.0,3752.53,5453.5,9965,133
Cebu Pacific,MNL-SJI,2025.0,6,2766.75,45.91,10000.0,3752.53,10000.0,9965,34
AirAsia,MNL-TAC,2025.0,6,9108.42,13.57,3432.02,3752.53,3357.49,9965,718
Cebu Pacific,MNL-TAC,2025.0,6,9765.0,45.91,3432.02,3752.53,3357.49,9965,718
Philippine Airlines,MNL-TAC,2025.0,6,13310.948,34.69,3432.02,3752.53,3357.49,9965,718
AirAsia,MNL-TAG,2025.0,6,9262.8,13.57,3474.72,3752.53,3302.09,9965,558
Cebu Pacific,MNL-TAG,2025.0,6,8816.5,45.91,3474.72,3752.53,3302.09,9965,558
Philippine Airlines,MNL-TAG,2025.0,6,13643.168,34.69,3474.72,3752.53,3302.09,9965,558
Cebu Pacific,MNL-TUG,2025.0,6,9602.25,45.91,10000.0,3752.53,8036.04,9965,232
Cebgo,MNL-USU,2025.0,6,1890.0,5.83,10000.0,3752.53,5301.63,9965,347
Cebgo,MNL-WNP,2025.0,6,3528.0,5.83,10000.0,3752.53,10000.0,9965,113
Cebu Pacific,MPH-CEB,2025.0,6,4882.5,45.91,6266.05,3617.44,2949.88,1155,3719
Philippine Airlines,MPH-CEB,2025.0,6,1613.6399999999999,34.69,6266.05,3617.44,2949.88,1155,3719
Cebu Pacific,MPH-CRK,2025.0,6,6835.5,45.91,10000.0,3617.44,3868.82,1155,521
Cebu Pacific,MPH-DVO,2025.0,6,1953.0,45.91,10000.0,3617.44,4930.36,1155,1624
AirAsia,MPH-MNL,2025.0,6,23157.0,13.57,3267.3,3617.44,3752.53,1155,9965
Cebgo,MPH-MNL,2025.0,6,1827.0,5.83,3267.3,3617.44,3752.53,1155,9965
Cebu Pacific,MPH-MNL,2025.0,6,29132.25,45.91,3267.3,3617.44,3752.53,1155,9965
Philippine Airlines,MPH-MNL,2025.0,6,19268.760000000002,34.69,3267.3,3617.44,3752.53,1155,9965
Cebgo,OZC-CEB,2025.0,6,945.0,5.83,10000.0,5947.99,2949.88,135,3719
Cebu Pacific,OZC-MNL,2025.0,6,7323.75,45.91,5347.85,5947.99,3752.53,135,9965
Philippine Airlines,OZC-MNL,2025.0,6,4266.654,34.69,5347.85,5947.99,3752.53,135,9965
Cebgo,PAG-CEB,2025.0,6,2079.0,5.83,10000.0,6911.86,2949.88,140,3719
Cebu Pacific,PAG-MNL,2025.0,6,9276.75,45.91,10000.0,6911.86,3752.53,140,9965
Cebu Pacific,PPS-CEB,2025.0,6,5922.0,45.91,6983.87,3780.1,2949.88,586,3719
Philippine Airlines,PPS-CEB,2025.0,6,1344.6999999999998,34.69,6983.87,3780.1,2949.88,586,3719
AirAsia,PPS-MNL,2025.0,6,11115.36,13.57,3476.23,3780.1,3752.53,586,9965
Cebu Pacific,PPS-MNL,2025.0,6,18292.75,45.91,3476.23,3780.1,3752.53,586,9965
Philippine Airlines,PPS-MNL,2025.0,6,17688.342,34.69,3476.23,3780.1,3752.53,586,9965
AirAsia,RXS-MNL,2025.0,6,1852.56,13.57,4601.82,5453.5,3752.53,133,9965
Cebu Pacific,RXS-MNL,2025.0,6,9765.0,45.91,4601.82,5453.5,3752.53,133,9965
Philippine Airlines,RXS-MNL,2025.0,6,4413.78,34.69,4601.82,5453.5,3752.53,133,9965
Cebu Pacific,SIN-ILO,2025.0,6,1953.0,45.91,10000.0,10000.0,3234.31,12,994
Cebu Pacific,SJI-MNL,2025.0,6,2766.75,45.91,10000.0,10000.0,3752.53,34,9965
Cebgo,SUG-CEB,2025.0,6,1890.0,5.83,10000.0,10000.0,2949.88,46,3719
Cebgo,SWL-CEB,2025.0,6,693.0,5.83,10000.0,10000.0,2949.88,11,3719
Cebgo,TAC-CEB,2025.0,6,1575.0,5.83,5000.12,3357.49,2949.88,718,3719
Philippine Airlines,TAC-CEB,2025.0,6,1559.8519999999999,34.69,5000.12,3357.49,2949.88,718,3719
Cebu Pacific,TAC-DVO,2025.0,6,1953.0,45.91,10000.0,3357.49,4930.36,718,1624
Cebu Pacific,TAC-ILO,2025.0,6,1953.0,45.91,10000.0,3357.49,3234.31,718,994
AirAsia,TAC-MNL,2025.0,6,18253.36,13.57,3643.03,3357.49,3752.53,718,9965
Cebu Pacific,TAC-MNL,2025.0,6,28481.25,45.91,3643.03,3357.49,3752.53,718,9965
Philippine Airlines,TAC-MNL,2025.0,6,13790.294,34.69,3643.03,3357.49,3752.53,718,9965
Cebgo,TAG-CRK,2025.0,6,1260.0,5.83,10000.0,3302.09,3868.82,558,521
Cebu Pacific,TAG-DVO,2025.0,6,1991.5,45.91,5096.32,3302.09,4930.36,558,1624
Philippine Airlines,TAG-DVO,2025.0,6,1506.0639999999999,34.69,5096.32,3302.09,4930.36,558,1624
AirAsia,TAG-MNL,2025.0,6,9262.8,13.57,3622.44,3302.09,3752.53,558,9965
Cebu Pacific,TAG-MNL,2025.0,6,19405.75,45.91,3622.44,3302.09,3752.53,558,9965
Philippine Airlines,TAG-MNL,2025.0,6,13643.168,34.69,3622.44,3302.09,3752.53,558,9965
Cebu Pacific,TUG-MNL,2025.0,6,23598.75,45.91,7469.34,8036.04,3752.53,232,9965
Philippine Airlines,TUG-MNL,2025.0,6,4119.528,34.69,7469.34,8036.04,3752.53,232,9965
Cebgo,USU-CEB,2025.0,6,2268.0,5.83,5171.12,5301.63,2949.88,347,3719
Philippine Airlines,USU-CEB,2025.0,6,1559.8519999999999,34.69,5171.12,5301.63,2949.88,347,3719
Philippine Airlines,USU-CRK,2025.0,6,1559.8519999999999,34.69,10000.0,5301.63,3868.82,347,521
Cebgo,USU-MNL,2025.0,6,6741.0,5.83,7083.32,5301.63,3752.53,347,9965
Philippine Airlines,USU-MNL,2025.0,6,1452.2759999999998,34.69,7083.32,5301.63,3752.53,347,9965
Cebgo,WNP-MNL,2025.0,6,3591.0,5.83,10000.0,10000.0,3752.53,113,9965
Philippine Airlines,ZAM-CEB,2025.0,6,1452.2759999999998,34.69,10000.0,5687.05,2949.88,203,3719
Cebu Pacific,ZAM-DVO,2025.0,6,1464.75,45.91,10000.0,5687.05,4930.36,203,1624
Cebu Pacific,ZAM-MNL,2025.0,6,19643.75,45.91,6188.34,5687.05,3752.53,203,9965
Philippine Airlines,ZAM-MNL,2025.0,6,6767.796,34.69,6188.34,5687.05,3752.53,203,9965
Philippine Airlines,ZAM-TWT,2025.0,6,1471.26,34.69,10000.0,5687.05,10000.0,203,17
Cebgo,BCD-CEB,2025.0,7,1662.336,5.16,5028.61,3266.49,2880.79,744,3706
Philippine Airlines,BCD-CEB,2025.0,7,1428.544,34.24,5028.61,3266.49,2880.79,744,3706
Cebu Pacific,BCD-DVO,2025.0,7,2390.496,44.86,10000.0,3266.49,4988.83,744,1645
AirAsia,BCD-MNL,2025.0,7,17547.239999999998,14.51,3386.82,3266.49,3627.74,744,10466
Cebu Pacific,BCD-MNL,2025.0,7,23571.072,44.86,3386.82,3266.49,3627.74,744,10466
Philippine Airlines,BCD-MNL,2025.0,7,22950.432,34.24,3386.82,3266.49,3627.74,744,10466
Philippine Airlines,BPA-CEB,2025.0,7,659.328,34.24,10000.0,10000.0,2880.79,25,3706
Philippine Airlines,BSO-CRK,2025.0,7,824.1600000000001,34.24,10000.0,10000.0,4320.9,51,502
Cebgo,BXU-CEB,2025.0,7,2877.12,5.16,5328.39,4587.84,2880.79,479,3706
Philippine Airlines,BXU-CEB,2025.0,7,1703.2640000000001,34.24,5328.39,4587.84,2880.79,479,3706
Cebu Pacific,BXU-MNL,2025.0,7,19885.872,44.86,5648.78,4587.84,3627.74,479,10466
Philippine Airlines,BXU-MNL,2025.0,7,9353.408000000001,34.24,5648.78,4587.84,3627.74,479,10466
Philippine Airlines,CBO-MNL,2025.0,7,7063.536,34.24,10000.0,10000.0,3627.74,100,10466
Philippine Airlines,CBO-TWT,2025.0,7,329.664,34.24,10000.0,10000.0,10000.0,100,19
Cebgo,CEB-BCD,2025.0,7,1598.4,5.16,5001.83,2880.79,3266.49,3706,744
Philippine Airlines,CEB-BCD,2025.0,7,1538.432,34.24,5001.83,2880.79,3266.49,3706,744
Philippine Airlines,CEB-BPA,2025.0,7,714.272,34.24,10000.0,2880.79,10000.0,3706,25
Cebgo,CEB-BXU,2025.0,7,2941.056,5.16,5396.72,2880.79,4587.84,3706,479
Philippine Airlines,CEB-BXU,2025.0,7,1648.3200000000002,34.24,5396.72,2880.79,4587.84,3706,479
Cebgo,CEB-CEB,2025.0,7,127.872,5.16,10000.0,2880.79,2880.79,3706,3706
Cebgo,CEB-CGM,2025.0,7,1022.976,5.16,10000.0,2880.79,10000.0,3706,30
Cebgo,CEB-CGY,2025.0,7,5882.112,5.16,5462.63,2880.79,3704.56,3706,971
Philippine Airlines,CEB-CGY,2025.0,7,3138.272,34.24,5462.63,2880.79,3704.56,3706,971
Cebgo,CEB-CRK,2025.0,7,575.424,5.16,7252.77,2880.79,4320.9,3706,502
Cebu Pacific,CEB-CRK,2025.0,7,2925.072,44.86,7252.77,2880.79,4320.9,3706,502
Philippine Airlines,CEB-CRM,2025.0,7,714.272,34.24,10000.0,2880.79,10000.0,3706,43
Cebgo,CEB-CYP,2025.0,7,959.04,5.16,10000.0,2880.79,5131.68,3706,57
Cebgo,CEB-DGT,2025.0,7,1854.144,5.16,10000.0,2880.79,4605.13,3706,364
Cebgo,CEB-DPL,2025.0,7,1022.976,5.16,10000.0,2880.79,4170.06,3706,148
Cebgo,CEB-DRP,2025.0,7,1790.208,5.16,10000.0,2880.79,4594.03,3706,509
Cebu Pacific,CEB-DVO,2025.0,7,6723.936000000001,44.86,5001.66,2880.79,4988.83,3706,1645
Philippine Airlines,CEB-DVO,2025.0,7,6483.392000000001,34.24,5001.66,2880.79,4988.83,3706,1645
AirSWIFT,CEB-ENI,2025.0,7,1342.656,1.23,10000.0,2880.79,8160.48,3706,470
Philippine Airlines,CEB-GES,2025.0,7,2157.36,34.24,10000.0,2880.79,5005.75,3706,343
Cebgo,CEB-IAO,2025.0,7,5178.816,5.16,5168.74,2880.79,5006.4,3706,603
Philippine Airlines,CEB-IAO,2025.0,7,3571.36,34.24,5168.74,2880.79,5006.4,3706,603
Cebgo,CEB-ILO,2025.0,7,3772.224,5.16,9196.22,2880.79,3218.33,3706,1055
Cebu Pacific,CEB-ILO,2025.0,7,165.168,44.86,9196.22,2880.79,3218.33,3706,1055
AirAsia,CEB-MNL,2025.0,7,28969.5,14.51,3498.51,2880.79,3627.74,3706,10466
Cebgo,CEB-MNL,2025.0,7,255.744,5.16,3498.51,2880.79,3627.74,3706,10466
Cebu Pacific,CEB-MNL,2025.0,7,48953.664000000004,44.86,3498.51,2880.79,3627.74,3706,10466
Philippine Airlines,CEB-MNL,2025.0,7,51109.232,34.24,3498.51,2880.79,3627.74,3706,10466
Cebu Pacific,CEB-MPH,2025.0,7,4955.04,44.86,6192.57,2880.79,3454.22,3706,1201
Philippine Airlines,CEB-MPH,2025.0,7,1703.2640000000001,34.24,6192.57,2880.79,3454.22,3706,1201
Cebgo,CEB-PAG,2025.0,7,1214.784,5.16,10000.0,2880.79,6520.22,3706,145
Cebu Pacific,CEB-PPS,2025.0,7,6127.200000000001,44.86,6113.95,2880.79,3710.64,3706,583
Philippine Airlines,CEB-PPS,2025.0,7,2197.76,34.24,6113.95,2880.79,3710.64,3706,583
Cebu Pacific,CEB-SJI,2025.0,7,58.608,44.86,10000.0,2880.79,10000.0,3706,29
Cebgo,CEB-SUG,2025.0,7,639.36,5.16,10000.0,2880.79,10000.0,3706,45
Cebgo,CEB-TAC,2025.0,7,1662.336,5.16,5002.24,2880.79,3218.33,3706,719
Philippine Airlines,CEB-TAC,2025.0,7,1593.376,34.24,5002.24,2880.79,3218.33,3706,719
Cebgo,CEB-USU,2025.0,7,1086.912,5.16,5147.89,2880.79,4220.33,3706,338
Philippine Airlines,CEB-USU,2025.0,7,1538.432,34.24,5147.89,2880.79,4220.33,3706,338
Cebgo,CGM-CEB,2025.0,7,895.104,5.16,10000.0,10000.0,2880.79,30,3706
Cebgo,CGY-CEB,2025.0,7,5882.112,5.16,5438.93,3704.56,2880.79,971,3706
Philippine Airlines,CGY-CEB,2025.0,7,3193.2160000000003,34.24,5438.93,3704.56,2880.79,971,3706
Cebgo,CGY-DVO,2025.0,7,895.104,5.16,10000.0,3704.56,4988.83,971,1645
Cebu Pacific,CGY-ILO,2025.0,7,1651.68,44.86,10000.0,3704.56,3218.33,971,1055
AirAsia,CGY-MNL,2025.0,7,5131.74,14.51,4327.81,3704.56,3627.74,971,10466
Cebu Pacific,CGY-MNL,2025.0,7,30007.296000000002,44.86,4327.81,3704.56,3627.74,971,10466
Philippine Airlines,CGY-MNL,2025.0,7,21612.384000000002,34.24,4327.81,3704.56,3627.74,971,10466
Philippine Airlines,CRK-BSO,2025.0,7,934.048,34.24,10000.0,4320.9,10000.0,502,51
Cebgo,CRK-CEB,2025.0,7,575.424,5.16,7176.96,4320.9,2880.79,502,3706
Cebu Pacific,CRK-CEB,2025.0,7,2807.856,44.86,7176.96,4320.9,2880.79,502,3706
Cebu Pacific,CRK-DVO,2025.0,7,1982.016,44.86,10000.0,4320.9,4988.83,502,1645
Cebgo,CRK-ENI,2025.0,7,1470.528,5.16,10000.0,4320.9,8160.48,502,470
Cebgo,CRK-IAO,2025.0,7,1982.016,5.16,5079.38,4320.9,5006.4,502,603
Philippine Airlines,CRK-IAO,2025.0,7,1538.432,34.24,5079.38,4320.9,5006.4,502,603
Cebu Pacific,CRK-ILO,2025.0,7,2642.688,44.86,10000.0,4320.9,3218.33,502,1055
Cebgo,CRK-MBT,2025.0,7,1086.912,5.16,10000.0,4320.9,10000.0,502,33
Cebu Pacific,CRK-MPH,2025.0,7,6500.16,44.86,10000.0,4320.9,3454.22,502,1201
Cebgo,CRK-TAG,2025.0,7,1214.784,5.16,10000.0,4320.9,3225.16,502,591
Cebu Pacific,CRK-TBH,2025.0,7,58.608,44.86,10000.0,4320.9,10000.0,502,1
Philippine Airlines,CRK-USU,2025.0,7,1263.712,34.24,10000.0,4320.9,4220.33,502,338
Philippine Airlines,CRM-CEB,2025.0,7,714.272,34.24,10000.0,10000.0,2880.79,43,3706
Cebgo,CYP-CEB,2025.0,7,1022.976,5.16,10000.0,5131.68,2880.79,57,3706
Philippine Airlines,CYP-MNL,2025.0,7,714.272,34.24,10000.0,5131.68,3627.74,57,10466
Cebu Pacific,CYZ-MNL,2025.0,7,7267.392,44.86,10000.0,10000.0,3627.74,88,10466
Cebgo,DGT-CEB,2025.0,7,1854.144,5.16,10000.0,4605.13,2880.79,364,3706
Cebu Pacific,DGT-MNL,2025.0,7,12717.936,44.86,5119.04,4605.13,3627.74,364,10466
Philippine Airlines,DGT-MNL,2025.0,7,9317.856,34.24,5119.04,4605.13,3627.74,364,10466
Cebu Pacific,DMK-ILO,2025.0,7,1651.68,44.86,10000.0,10000.0,3218.33,10,1055
Cebgo,DPL-CEB,2025.0,7,959.04,5.16,10000.0,4170.06,2880.79,148,3706
Cebu Pacific,DPL-MNL,2025.0,7,4624.704,44.86,5000.81,4170.06,3627.74,148,10466
Philippine Airlines,DPL-MNL,2025.0,7,4508.64,34.24,5000.81,4170.06,3627.74,148,10466
Cebgo,DRP-CEB,2025.0,7,1790.208,5.16,10000.0,4594.03,2880.79,509,3706
Cebu Pacific,DRP-MNL,2025.0,7,19939.152000000002,44.86,5014.76,4594.03,3627.74,509,10466
Philippine Airlines,DRP-MNL,2025.0,7,17884.272,34.24,5014.76,4594.03,3627.74,509,10466
Cebu Pacific,DVO-BCD,2025.0,7,2390.496,44.86,10000.0,4988.83,3266.49,1645,744
Cebu Pacific,DVO-CEB,2025.0,7,6850.032,44.86,5003.78,4988.83,2880.79,1645,3706
Philippine Airlines,DVO-CEB,2025.0,7,6483.392000000001,34.24,5003.78,4988.83,2880.79,1645,3706
Cebgo,DVO-CGY,2025.0,7,831.168,5.16,10000.0,4988.83,3704.56,1645,971
Cebu Pacific,DVO-CRK,2025.0,7,1982.016,44.86,10000.0,4988.83,4320.9,1645,502
Cebgo,DVO-IAO,2025.0,7,1406.592,5.16,10000.0,4988.83,5006.4,1645,603
Cebu Pacific,DVO-ILO,2025.0,7,5276.496,44.86,10000.0,4988.83,3218.33,1645,1055
Cebu Pacific,DVO-MNL,2025.0,7,57704.016,44.86,5046.15,4988.83,3627.74,1645,10466
Philippine Airlines,DVO-MNL,2025.0,7,47587.968,34.24,5046.15,4988.83,3627.74,1645,10466
Cebu Pacific,DVO-MPH,2025.0,7,2312.352,44.86,10000.0,4988.83,3454.22,1645,1201
Cebu Pacific,DVO-TAG,2025.0,7,2390.496,44.86,5200.17,4988.83,3225.16,1645,591
Philippine Airlines,DVO-TAG,2025.0,7,1593.376,34.24,5200.17,4988.83,3225.16,1645,591
AirSWIFT,ENI-CEB,2025.0,7,1278.72,1.23,10000.0,8160.48,2880.79,470,3706
Cebgo,ENI-CRK,2025.0,7,1342.656,5.16,10000.0,8160.48,4320.9,470,502
AirSWIFT,ENI-MNL,2025.0,7,8199.792,1.23,10000.0,8160.48,3627.74,470,10466
AirSWIFT,ENI-MPH,2025.0,7,1083.36,1.23,10000.0,8160.48,3454.22,470,1201
AirSWIFT,ENI-TAG,2025.0,7,438.67199999999997,1.23,10000.0,8160.48,3225.16,470,591
AirSWIFT,ENI-USU,2025.0,7,1220.112,1.23,10000.0,8160.48,4220.33,470,338
Philippine Airlines,EUQ-MNL,2025.0,7,604.384,34.24,10000.0,10000.0,3627.74,23,10466
Philippine Airlines,GES-CEB,2025.0,7,2157.36,34.24,10000.0,5005.75,2880.79,343,3706
Cebu Pacific,GES-MNL,2025.0,7,21944.256,44.86,5037.57,5005.75,3627.74,343,10466
Philippine Airlines,GES-MNL,2025.0,7,18443.408,34.24,5037.57,5005.75,3627.74,343,10466
Cebgo,IAO-CEB,2025.0,7,5178.816,5.16,5197.53,5006.4,2880.79,603,3706
Philippine Airlines,IAO-CEB,2025.0,7,3461.472,34.24,5197.53,5006.4,2880.79,603,3706
Cebgo,IAO-CRK,2025.0,7,1982.016,5.16,5079.38,5006.4,4320.9,603,502
Philippine Airlines,IAO-CRK,2025.0,7,1538.432,34.24,5079.38,5006.4,4320.9,603,502
Cebgo,IAO-DVO,2025.0,7,1406.592,5.16,10000.0,5006.4,4988.83,603,1645
Philippine Airlines,IAO-MNL,2025.0,7,3296.6400000000003,34.24,10000.0,5006.4,3627.74,603,10466
Cebgo,ILO-CEB,2025.0,7,3708.288,5.16,8854.91,3218.33,2880.79,1055,3706
Philippine Airlines,ILO-CEB,2025.0,7,240.784,34.24,8854.91,3218.33,2880.79,1055,3706
Cebu Pacific,ILO-CGY,2025.0,7,1651.68,44.86,10000.0,3218.33,3704.56,1055,971
Cebu Pacific,ILO-CRK,2025.0,7,2477.52,44.86,10000.0,3218.33,4320.9,1055,502
Cebu Pacific,ILO-DVO,2025.0,7,5276.496,44.86,10000.0,3218.33,4988.83,1055,1645
AirAsia,ILO-MNL,2025.0,7,25566.14,14.51,3410.85,3218.33,3627.74,1055,10466
Cebu Pacific,ILO-MNL,2025.0,7,18287.472,44.86,3410.85,3218.33,3627.74,1055,10466
Philippine Airlines,ILO-MNL,2025.0,7,19338.672000000002,34.24,3410.85,3218.33,3627.74,1055,10466
Cebu Pacific,ILO-TAC,2025.0,7,1651.68,44.86,10000.0,3218.33,3218.33,1055,719
AirAsia,KLO-MNL,2025.0,7,15395.22,14.51,6380.25,6390.45,3627.74,245,10466
Cebu Pacific,KLO-MNL,2025.0,7,4789.872,44.86,6380.25,6390.45,3627.74,245,10466
AirAsia,KLO-MPH,2025.0,7,165.54,14.51,10000.0,6390.45,3454.22,245,1201
Philippine Airlines,LAO-MNL,2025.0,7,8566.416000000001,34.24,10000.0,10000.0,3627.74,85,10466
Cebgo,MBT-CRK,2025.0,7,1022.976,5.16,10000.0,10000.0,4320.9,33,502
AirAsia,MNL-BCD,2025.0,7,10263.48,14.51,3441.76,3627.74,3266.49,10466,744
Cebu Pacific,MNL-BCD,2025.0,7,16143.84,44.86,3441.76,3627.74,3266.49,10466,744
Philippine Airlines,MNL-BCD,2025.0,7,13782.864000000001,34.24,3441.76,3627.74,3266.49,10466,744
Philippine Airlines,MNL-BSO,2025.0,7,1043.9360000000001,34.24,10000.0,3627.74,10000.0,10466,51
Cebu Pacific,MNL-BXU,2025.0,7,19885.872,44.86,5623.97,3627.74,4587.84,10466,479
Philippine Airlines,MNL-BXU,2025.0,7,9503.696,34.24,5623.97,3627.74,4587.84,10466,479
Philippine Airlines,MNL-CBO,2025.0,7,7063.536,34.24,10000.0,3627.74,10000.0,10466,100
AirAsia,MNL-CEB,2025.0,7,29300.579999999998,14.51,3411.61,3627.74,2880.79,10466,3706
Cebgo,MNL-CEB,2025.0,7,2621.376,5.16,3411.61,3627.74,2880.79,10466,3706
Cebu Pacific,MNL-CEB,2025.0,7,43251.816,44.86,3411.61,3627.74,2880.79,10466,3706
Philippine Airlines,MNL-CEB,2025.0,7,55915.216,34.24,3411.61,3627.74,2880.79,10466,3706
AirAsia,MNL-CGY,2025.0,7,5131.74,14.51,4697.9,3627.74,3704.56,10466,971
Cebu Pacific,MNL-CGY,2025.0,7,34383.36,44.86,4697.9,3627.74,3704.56,10466,971
Philippine Airlines,MNL-CGY,2025.0,7,16846.8,34.24,4697.9,3627.74,3704.56,10466,971
Philippine Airlines,MNL-CRM,2025.0,7,934.048,34.24,10000.0,3627.74,10000.0,10466,43
Philippine Airlines,MNL-CYP,2025.0,7,714.272,34.24,10000.0,3627.74,5131.68,10466,57
Cebu Pacific,MNL-CYZ,2025.0,7,7267.392,44.86,10000.0,3627.74,10000.0,10466,88
Cebu Pacific,MNL-DGT,2025.0,7,17342.64,44.86,5453.0,3627.74,4605.13,10466,364
Philippine Airlines,MNL-DGT,2025.0,7,9317.856,34.24,5453.0,3627.74,4605.13,10466,364
Cebu Pacific,MNL-DPL,2025.0,7,4624.704,44.86,5000.07,3627.74,4170.06,10466,148
Philippine Airlines,MNL-DPL,2025.0,7,4658.928,34.24,5000.07,3627.74,4170.06,10466,148
Cebu Pacific,MNL-DRP,2025.0,7,20104.32,44.86,5017.08,3627.74,4594.03,10466,509
Philippine Airlines,MNL-DRP,2025.0,7,17884.272,34.24,5017.08,3627.74,4594.03,10466,509
Cebu Pacific,MNL-DVO,2025.0,7,55752.192,44.86,5028.35,3627.74,4988.83,10466,1645
Philippine Airlines,MNL-DVO,2025.0,7,47943.488000000005,34.24,5028.35,3627.74,4988.83,10466,1645
AirSWIFT,MNL-ENI,2025.0,7,8372.064,1.23,10000.0,3627.74,8160.48,10466,470
Philippine Airlines,MNL-EUQ,2025.0,7,659.328,34.24,10000.0,3627.74,10000.0,10466,23
Cebu Pacific,MNL-GES,2025.0,7,22148.496,44.86,5041.66,3627.74,5005.75,10466,343
Philippine Airlines,MNL-GES,2025.0,7,18443.408,34.24,5041.66,3627.74,5005.75,10466,343
Philippine Airlines,MNL-IAO,2025.0,7,4999.904,34.24,10000.0,3627.74,5006.4,10466,603
AirAsia,MNL-ILO,2025.0,7,20195.879999999997,14.51,3371.63,3627.74,3218.33,10466,1055
Cebu Pacific,MNL-ILO,2025.0,7,26309.664,44.86,3371.63,3627.74,3218.33,10466,1055
Philippine Airlines,MNL-ILO,2025.0,7,23937.808,34.24,3371.63,3627.74,3218.33,10466,1055
AirAsia,MNL-KLO,2025.0,7,15395.22,14.51,6380.25,3627.74,6390.45,10466,245
Cebu Pacific,MNL-KLO,2025.0,7,4789.872,44.86,6380.25,3627.74,6390.45,10466,245
Philippine Airlines,MNL-LAO,2025.0,7,4208.064,34.24,10000.0,3627.74,10000.0,10466,85
Cebu Pacific,MNL-MNL,2025.0,7,165.168,44.86,10000.0,3627.74,3627.74,10466,10466
AirAsia,MNL-MPH,2025.0,7,20030.34,14.51,3238.25,3627.74,3454.22,10466,1201
Cebgo,MNL-MPH,2025.0,7,1918.08,5.16,3238.25,3627.74,3454.22,10466,1201
Cebu Pacific,MNL-MPH,2025.0,7,24279.696,44.86,3238.25,3627.74,3454.22,10466,1201
Philippine Airlines,MNL-MPH,2025.0,7,15584.704000000002,34.24,3238.25,3627.74,3454.22,10466,1201
Cebu Pacific,MNL-OZC,2025.0,7,7928.064,44.86,10000.0,3627.74,5920.48,10466,141
Cebu Pacific,MNL-PAG,2025.0,7,4459.536,44.86,10000.0,3627.74,6520.22,10466,145
AirAsia,MNL-PPS,2025.0,7,7449.299999999999,14.51,3822.67,3627.74,3710.64,10466,583
Cebu Pacific,MNL-PPS,2025.0,7,16491.936,44.86,3822.67,3627.74,3710.64,10466,583
Philippine Airlines,MNL-PPS,2025.0,7,8176.960000000001,34.24,3822.67,3627.74,3710.64,10466,583
Cebu Pacific,MNL-RXS,2025.0,7,4955.04,44.86,10000.0,3627.74,5199.57,10466,135
Cebu Pacific,MNL-SJI,2025.0,7,2312.352,44.86,10000.0,3627.74,10000.0,10466,29
AirAsia,MNL-TAC,2025.0,7,10097.939999999999,14.51,3445.79,3627.74,3218.33,10466,719
Cebu Pacific,MNL-TAC,2025.0,7,9249.408,44.86,3445.79,3627.74,3218.33,10466,719
Philippine Airlines,MNL-TAC,2025.0,7,13933.152000000002,34.24,3445.79,3627.74,3218.33,10466,719
AirAsia,MNL-TAG,2025.0,7,10263.48,14.51,3454.84,3627.74,3225.16,10466,591
Cebu Pacific,MNL-TAG,2025.0,7,9647.232,44.86,3454.84,3627.74,3225.16,10466,591
Philippine Airlines,MNL-TAG,2025.0,7,14581.168000000001,34.24,3454.84,3627.74,3225.16,10466,591
Cebu Pacific,MNL-TUG,2025.0,7,8588.736,44.86,10000.0,3627.74,7939.67,10466,210
Cebgo,MNL-USU,2025.0,7,1854.144,5.16,10000.0,3627.74,4220.33,10466,338
Cebu Pacific,MNL-VRC,2025.0,7,3964.032,44.86,10000.0,3627.74,10000.0,10466,48
Cebgo,MNL-WNP,2025.0,7,2749.248,5.16,10000.0,3627.74,10000.0,10466,87
Cebu Pacific,MPH-CEB,2025.0,7,4789.872,44.86,6129.86,3454.22,2880.79,1201,3706
Philippine Airlines,MPH-CEB,2025.0,7,1703.2640000000001,34.24,6129.86,3454.22,2880.79,1201,3706
Cebu Pacific,MPH-CRK,2025.0,7,6441.552000000001,44.86,10000.0,3454.22,4320.9,1201,502
Cebu Pacific,MPH-DVO,2025.0,7,2312.352,44.86,10000.0,3454.22,4988.83,1201,1645
AirSWIFT,MPH-ENI,2025.0,7,1019.424,1.23,10000.0,3454.22,8160.48,1201,470
AirAsia,MPH-MNL,2025.0,7,24996.539999999997,14.51,3240.19,3454.22,3627.74,1201,10466
Cebgo,MPH-MNL,2025.0,7,1918.08,5.16,3240.19,3454.22,3627.74,1201,10466
Cebu Pacific,MPH-MNL,2025.0,7,28904.4,44.86,3240.19,3454.22,3627.74,1201,10466
Philippine Airlines,MPH-MNL,2025.0,7,20148.288,34.24,3240.19,3454.22,3627.74,1201,10466
Cebgo,OZC-CEB,2025.0,7,959.04,5.16,10000.0,5920.48,2880.79,141,3706
Cebu Pacific,OZC-MNL,2025.0,7,7762.896000000001,44.86,5312.2,5920.48,3627.74,141,10466
Philippine Airlines,OZC-MNL,2025.0,7,4658.928,34.24,5312.2,5920.48,3627.74,141,10466
Cebgo,PAG-CEB,2025.0,7,2749.248,5.16,10000.0,6520.22,2880.79,145,3706
Cebu Pacific,PAG-MNL,2025.0,7,9249.408,44.86,10000.0,6520.22,3627.74,145,10466
Cebu Pacific,PPS-CEB,2025.0,7,6331.4400000000005,44.86,7479.61,3710.64,2880.79,583,3706
Philippine Airlines,PPS-CEB,2025.0,7,1098.88,34.24,7479.61,3710.64,2880.79,583,3706
Cebgo,PPS-CRK,2025.0,7,63.936,5.16,10000.0,3710.64,4320.9,583,502
AirSWIFT,PPS-ENI,2025.0,7,88.8,1.23,10000.0,3710.64,8160.48,583,470
AirAsia,PPS-MNL,2025.0,7,12581.039999999999,14.51,3397.88,3710.64,3627.74,583,10466
Cebu Pacific,PPS-MNL,2025.0,7,17086.896,44.86,3397.88,3710.64,3627.74,583,10466
Philippine Airlines,PPS-MNL,2025.0,7,17312.208000000002,34.24,3397.88,3710.64,3627.74,583,10466
AirAsia,RXS-MNL,2025.0,7,2317.56,14.51,4393.61,5199.57,3627.74,135,10466
Cebu Pacific,RXS-MNL,2025.0,7,9910.08,44.86,4393.61,5199.57,3627.74,135,10466
Philippine Airlines,RXS-MNL,2025.0,7,4658.928,34.24,4393.61,5199.57,3627.74,135,10466
Cebu Pacific,SIN-ILO,2025.0,7,1486.5120000000002,44.86,10000.0,10000.0,3218.33,9,1055
Cebu Pacific,SJI-MNL,2025.0,7,2312.352,44.86,10000.0,10000.0,3627.74,29,10466
Cebgo,SUG-CEB,2025.0,7,2237.76,5.16,10000.0,10000.0,2880.79,45,3706
Cebgo,SWL-CEB,2025.0,7,639.36,5.16,10000.0,10000.0,2880.79,10,3706
Cebgo,TAC-CEB,2025.0,7,1278.72,5.16,5042.49,3218.33,2880.79,719,3706
Philippine Airlines,TAC-CEB,2025.0,7,1538.432,34.24,5042.49,3218.33,2880.79,719,3706
Cebu Pacific,TAC-DVO,2025.0,7,1651.68,44.86,10000.0,3218.33,4988.83,719,1645
Cebu Pacific,TAC-ILO,2025.0,7,1651.68,44.86,10000.0,3218.33,3218.33,719,1055
AirAsia,TAC-MNL,2025.0,7,20566.12,14.51,3531.98,3218.33,3627.74,719,10466
Cebu Pacific,TAC-MNL,2025.0,7,26922.384000000002,44.86,3531.98,3218.33,3627.74,719,10466
Philippine Airlines,TAC-MNL,2025.0,7,14556.928,34.24,3531.98,3218.33,3627.74,719,10466
Cebgo,TAG-CRK,2025.0,7,1214.784,5.16,10000.0,3225.16,4320.9,591,502
Cebu Pacific,TAG-DVO,2025.0,7,2390.496,44.86,5274.08,3225.16,4988.83,591,1645
Philippine Airlines,TAG-DVO,2025.0,7,1483.488,34.24,5274.08,3225.16,4988.83,591,1645
AirSWIFT,TAG-ENI,2025.0,7,438.67199999999997,1.23,10000.0,3225.16,8160.48,591,470
AirAsia,TAG-MNL,2025.0,7,10263.48,14.51,3532.03,3225.16,3627.74,591,10466
Cebu Pacific,TAG-MNL,2025.0,7,18964.128,44.86,3532.03,3225.16,3627.74,591,10466
Philippine Airlines,TAG-MNL,2025.0,7,14430.880000000001,34.24,3532.03,3225.16,3627.74,591,10466
Cebu Pacific,TUG-MNL,2025.0,7,21427.440000000002,44.86,7365.85,7939.67,3627.74,210,10466
Philippine Airlines,TUG-MNL,2025.0,7,3962.4320000000002,34.24,7365.85,7939.67,3627.74,210,10466
Cebgo,USU-CEB,2025.0,7,959.04,5.16,5193.34,4220.33,2880.79,338,3706
Philippine Airlines,USU-CEB,2025.0,7,1428.544,34.24,5193.34,4220.33,2880.79,338,3706
Philippine Airlines,USU-CRK,2025.0,7,1318.656,34.24,10000.0,4220.33,4320.9,338,502
AirSWIFT,USU-ENI,2025.0,7,1156.176,1.23,10000.0,4220.33,8160.48,338,470
Cebgo,USU-MNL,2025.0,7,7032.96,5.16,7123.03,4220.33,3627.74,338,10466
Philippine Airlines,USU-MNL,2025.0,7,1483.488,34.24,7123.03,4220.33,3627.74,338,10466
Cebu Pacific,VRC-MNL,2025.0,7,3964.032,44.86,10000.0,10000.0,3627.74,48,10466
Cebgo,WNP-MNL,2025.0,7,2813.184,5.16,10000.0,10000.0,3627.74,87,10466
Philippine Airlines,ZAM-CEB,2025.0,7,1538.432,34.24,10000.0,5560.41,2880.79,216,3706
Cebu Pacific,ZAM-DVO,2025.0,7,1816.848,44.86,10000.0,5560.41,4988.83,216,1645
Cebu Pacific,ZAM-MNL,2025.0,7,19363.728,44.86,6083.15,5560.41,3627.74,216,10466
Philippine Airlines,ZAM-MNL,2025.0,7,7063.536,34.24,6083.15,5560.41,3627.74,216,10466
Philippine Airlines,ZAM-TWT,2025.0,7,1953.7440000000001,34.24,10000.0,5560.41,10000.0,216,19
Cebgo,BCD-CEB,2025.0,8,1873.152,5.44,5020.38,3224.23,2899.27,761,4050
Philippine Airlines,BCD-CEB,2025.0,8,1648.3200000000002,35.3,5020.38,3224.23,2899.27,761,4050
Cebu Pacific,BCD-DVO,2025.0,8,1360.962,43.1,10000.0,3224.23,4954.51,761,1602
AirAsia,BCD-MNL,2025.0,8,16719.54,14.35,3405.74,3224.23,3578.25,761,10944
Cebu Pacific,BCD-MNL,2025.0,8,23565.618000000002,43.1,3405.74,3224.23,3578.25,761,10944
Philippine Airlines,BCD-MNL,2025.0,8,23040.928,35.3,3405.74,3224.23,3578.25,761,10944
Philippine Airlines,BPA-CEB,2025.0,8,714.272,35.3,10000.0,10000.0,2899.27,26,4050
Philippine Airlines,BSO-CRK,2025.0,8,824.1600000000001,35.3,10000.0,10000.0,4094.11,58,475
Cebgo,BXU-CEB,2025.0,8,2985.3360000000002,5.44,5373.86,4531.68,2899.27,507,4050
Philippine Airlines,BXU-CEB,2025.0,8,1703.2640000000001,35.3,5373.86,4531.68,2899.27,507,4050
Cebu Pacific,BXU-MNL,2025.0,8,19399.806,43.1,5610.4,4531.68,3578.25,507,10944
Philippine Airlines,BXU-MNL,2025.0,8,9353.408000000001,35.3,5610.4,4531.68,3578.25,507,10944
Philippine Airlines,CBO-MNL,2025.0,8,8265.84,35.3,10000.0,10000.0,3578.25,123,10944
Philippine Airlines,CBO-TWT,2025.0,8,494.49600000000004,35.3,10000.0,10000.0,10000.0,123,22
Cebgo,CEB-BCD,2025.0,8,1814.616,5.44,5001.99,2899.27,3224.23,4050,761
Philippine Airlines,CEB-BCD,2025.0,8,1743.6640000000002,35.3,5001.99,2899.27,3224.23,4050,761
Philippine Airlines,CEB-BPA,2025.0,8,714.272,35.3,10000.0,2899.27,10000.0,4050,26
Cebgo,CEB-BXU,2025.0,8,3043.8720000000003,5.44,5398.76,2899.27,4531.68,4050,507
Philippine Airlines,CEB-BXU,2025.0,8,1703.2640000000001,35.3,5398.76,2899.27,4531.68,4050,507
Cebgo,CEB-CGM,2025.0,8,1814.616,5.44,10000.0,2899.27,10000.0,4050,62
Cebgo,CEB-CGY,2025.0,8,7375.536,5.44,5677.53,2899.27,3525.7,4050,1067
Philippine Airlines,CEB-CGY,2025.0,8,3406.5280000000002,35.3,5677.53,2899.27,3525.7,4050,1067
Cebgo,CEB-CRK,2025.0,8,526.8240000000001,5.44,6167.67,2899.27,4094.11,4050,475
Cebu Pacific,CEB-CRK,2025.0,8,1512.1799999999998,43.1,6167.67,2899.27,4094.11,4050,475
Philippine Airlines,CEB-CRM,2025.0,8,714.272,35.3,10000.0,2899.27,10000.0,4050,46
Cebgo,CEB-CYP,2025.0,8,1053.6480000000001,5.44,10000.0,2899.27,5150.9,4050,63
Cebgo,CEB-DGT,2025.0,8,1756.08,5.44,10000.0,2899.27,4572.15,4050,385
Cebgo,CEB-DPL,2025.0,8,1756.08,5.44,10000.0,2899.27,3771.32,4050,179
Cebgo,CEB-DRP,2025.0,8,1463.4,5.44,5022.01,2899.27,4640.3,4050,510
Cebu Pacific,CEB-DRP,2025.0,8,1281.288,43.1,5022.01,2899.27,4640.3,4050,510
Cebgo,CEB-DVO,2025.0,8,58.536,5.44,5187.18,2899.27,4954.51,4050,1602
Cebu Pacific,CEB-DVO,2025.0,8,4830.846,43.1,5187.18,2899.27,4954.51,4050,1602
Philippine Airlines,CEB-DVO,2025.0,8,7514.400000000001,35.3,5187.18,2899.27,4954.51,4050,1602
AirSWIFT,CEB-ENI,2025.0,8,1760.958,1.81,10000.0,2899.27,8340.42,4050,715
Philippine Airlines,CEB-GES,2025.0,8,2026.4640000000002,35.3,10000.0,2899.27,5000.07,4050,340
Cebgo,CEB-IAO,2025.0,8,4507.272,5.44,5025.99,2899.27,5154.22,4050,587
Philippine Airlines,CEB-IAO,2025.0,8,3901.0240000000003,35.3,5025.99,2899.27,5154.22,4050,587
Cebgo,CEB-ILO,2025.0,8,3629.232,5.44,10000.0,2899.27,3157.84,4050,1033
AirAsia,CEB-MNL,2025.0,8,30293.82,14.35,3553.32,2899.27,3578.25,4050,10944
Cebu Pacific,CEB-MNL,2025.0,8,52737.684,43.1,3553.32,2899.27,3578.25,4050,10944
Philippine Airlines,CEB-MNL,2025.0,8,58284.272,35.3,3553.32,2899.27,3578.25,4050,10944
Cebu Pacific,CEB-MPH,2025.0,8,4990.1939999999995,43.1,5540.36,2899.27,3398.89,4050,1206
Philippine Airlines,CEB-MPH,2025.0,8,2520.96,35.3,5540.36,2899.27,3398.89,4050,1206
Cebgo,CEB-OZC,2025.0,8,58.536,5.44,10000.0,2899.27,5683.63,4050,144
Cebgo,CEB-PAG,2025.0,8,1756.08,5.44,10000.0,2899.27,6190.72,4050,170
Cebu Pacific,CEB-PPS,2025.0,8,5796.6900000000005,43.1,6106.33,2899.27,3873.8,4050,535
Philippine Airlines,CEB-PPS,2025.0,8,2087.8720000000003,35.3,6106.33,2899.27,3873.8,4050,535
Cebgo,CEB-SUG,2025.0,8,1287.792,5.44,10000.0,2899.27,10000.0,4050,63
Cebgo,CEB-TAC,2025.0,8,117.072,5.44,8724.79,2899.27,3222.07,4050,723
Philippine Airlines,CEB-TAC,2025.0,8,1593.376,35.3,8724.79,2899.27,3222.07,4050,723
Cebgo,CEB-USU,2025.0,8,1053.6480000000001,5.44,5174.89,2899.27,3982.31,4050,381
Philippine Airlines,CEB-USU,2025.0,8,1538.432,35.3,5174.89,2899.27,3982.31,4050,381
Cebgo,CGM-CEB,2025.0,8,1814.616,5.44,10000.0,10000.0,2899.27,62,4050
Cebgo,CGY-CEB,2025.0,8,7434.072,5.44,5639.96,3525.7,2899.27,1067,4050
Philippine Airlines,CGY-CEB,2025.0,8,3516.416,35.3,5639.96,3525.7,2899.27,1067,4050
Cebgo,CGY-DVO,2025.0,8,760.9680000000001,5.44,10000.0,3525.7,4954.51,1067,1602
Cebu Pacific,CGY-ILO,2025.0,8,2117.0519999999997,43.1,10000.0,3525.7,3157.84,1067,1033
AirAsia,CGY-MNL,2025.0,8,5131.74,14.35,4254.55,3525.7,3578.25,1067,10944
Cebu Pacific,CGY-MNL,2025.0,8,27492.408,43.1,4254.55,3525.7,3578.25,1067,10944
Philippine Airlines,CGY-MNL,2025.0,8,20932.048000000003,35.3,4254.55,3525.7,3578.25,1067,10944
Philippine Airlines,CRK-BSO,2025.0,8,824.1600000000001,35.3,10000.0,4094.11,10000.0,475,58
Cebgo,CRK-CEB,2025.0,8,526.8240000000001,5.44,5773.26,4094.11,2899.27,475,4050
Cebu Pacific,CRK-CEB,2025.0,8,1209.744,43.1,5773.26,4094.11,2899.27,475,4050
Cebu Pacific,CRK-DVO,2025.0,8,1512.1799999999998,43.1,10000.0,4094.11,4954.51,475,1602
Cebgo,CRK-ENI,2025.0,8,1814.616,5.44,10000.0,4094.11,8340.42,475,715
Cebgo,CRK-IAO,2025.0,8,1580.472,5.44,5040.78,4094.11,5154.22,475,587
Philippine Airlines,CRK-IAO,2025.0,8,1318.656,35.3,5040.78,4094.11,5154.22,475,587
Cebu Pacific,CRK-ILO,2025.0,8,1058.5259999999998,43.1,10000.0,4094.11,3157.84,475,1033
Cebgo,CRK-MBT,2025.0,8,1053.6480000000001,5.44,10000.0,4094.11,10000.0,475,36
Cebu Pacific,CRK-MPH,2025.0,8,6956.027999999999,43.1,10000.0,4094.11,3398.89,475,1206
Cebgo,CRK-TAG,2025.0,8,1053.6480000000001,5.44,10000.0,4094.11,3191.78,475,600
Cebu Pacific,CRK-TBH,2025.0,8,53.658,43.1,10000.0,4094.11,10000.0,475,1
Philippine Airlines,CRK-USU,2025.0,8,1098.88,35.3,10000.0,4094.11,3982.31,475,381
Philippine Airlines,CRM-CEB,2025.0,8,714.272,35.3,10000.0,10000.0,2899.27,46,4050
Philippine Airlines,CRM-MNL,2025.0,8,54.944,35.3,10000.0,10000.0,3578.25,46,10944
Cebgo,CYP-CEB,2025.0,8,1053.6480000000001,5.44,10000.0,5150.9,2899.27,63,4050
Philippine Airlines,CYP-MNL,2025.0,8,769.216,35.3,10000.0,5150.9,3578.25,63,10944
Cebu Pacific,CYZ-MNL,2025.0,8,6956.027999999999,43.1,10000.0,10000.0,3578.25,96,10944
Cebgo,DGT-CEB,2025.0,8,1873.152,5.44,10000.0,4572.15,2899.27,385,4050
Cebu Pacific,DGT-MNL,2025.0,8,12248.658,43.1,5103.49,4572.15,3578.25,385,10944
Philippine Airlines,DGT-MNL,2025.0,8,9167.568000000001,35.3,5103.49,4572.15,3578.25,385,10944
Cebu Pacific,DMK-ILO,2025.0,8,1360.962,43.1,10000.0,10000.0,3157.84,9,1033
Cebgo,DPL-CEB,2025.0,8,1697.544,5.44,10000.0,3771.32,2899.27,179,4050
Cebu Pacific,DPL-MNL,2025.0,8,4385.322,43.1,5000.96,3771.32,3578.25,179,10944
Philippine Airlines,DPL-MNL,2025.0,8,4508.64,35.3,5000.96,3771.32,3578.25,179,10944
Cebgo,DRP-CEB,2025.0,8,1463.4,5.44,5022.01,4640.3,2899.27,510,4050
Cebu Pacific,DRP-CEB,2025.0,8,1281.288,43.1,5022.01,4640.3,2899.27,510,4050
Cebu Pacific,DRP-MNL,2025.0,8,17287.632,43.1,5002.92,4640.3,3578.25,510,10944
Philippine Airlines,DRP-MNL,2025.0,8,18144.448,35.3,5002.92,4640.3,3578.25,510,10944
Cebu Pacific,DVO-BCD,2025.0,8,1360.962,43.1,10000.0,4954.51,3224.23,1602,761
Philippine Airlines,DVO-CBO,2025.0,8,150.288,35.3,10000.0,4954.51,10000.0,1602,123
Cebgo,DVO-CEB,2025.0,8,58.536,5.44,5202.71,4954.51,2899.27,1602,4050
Cebu Pacific,DVO-CEB,2025.0,8,4830.846,43.1,5202.71,4954.51,2899.27,1602,4050
Philippine Airlines,DVO-CEB,2025.0,8,7624.2880000000005,35.3,5202.71,4954.51,2899.27,1602,4050
Cebgo,DVO-CGY,2025.0,8,819.504,5.44,10000.0,4954.51,3525.7,1602,1067
Cebu Pacific,DVO-CRK,2025.0,8,1512.1799999999998,43.1,10000.0,4954.51,4094.11,1602,475
Cebgo,DVO-IAO,2025.0,8,819.504,5.44,10000.0,4954.51,5154.22,1602,587
Cebu Pacific,DVO-ILO,2025.0,8,4902.389999999999,43.1,10000.0,4954.51,3157.84,1602,1033
Cebu Pacific,DVO-MNL,2025.0,8,58006.737,43.1,5026.03,4954.51,3578.25,1602,10944
Philippine Airlines,DVO-MNL,2025.0,8,50199.424,35.3,5026.03,4954.51,3578.25,1602,10944
Cebu Pacific,DVO-MPH,2025.0,8,1360.962,43.1,10000.0,4954.51,3398.89,1602,1206
Cebu Pacific,DVO-TAG,2025.0,8,1360.962,43.1,5056.76,4954.51,3191.78,1602,600
Philippine Airlines,DVO-TAG,2025.0,8,1098.88,35.3,5056.76,4954.51,3191.78,1602,600
AirSWIFT,ENI-CEB,2025.0,8,1720.308,1.81,10000.0,8340.42,2899.27,715,4050
Cebgo,ENI-CRK,2025.0,8,1814.616,5.44,10000.0,8340.42,4094.11,715,475
AirSWIFT,ENI-MNL,2025.0,8,12126.708,1.81,10000.0,8340.42,3578.25,715,10944
AirSWIFT,ENI-MPH,2025.0,8,1689.414,1.81,10000.0,8340.42,3398.89,715,1206
AirSWIFT,ENI-TAG,2025.0,8,707.3100000000001,1.81,10000.0,8340.42,3191.78,715,600
AirSWIFT,ENI-USU,2025.0,8,1684.536,1.81,10000.0,8340.42,3982.31,715,381
Philippine Airlines,EUQ-MNL,2025.0,8,714.272,35.3,10000.0,10000.0,3578.25,25,10944
Philippine Airlines,GES-CEB,2025.0,8,2026.4640000000002,35.3,10000.0,5000.07,2899.27,340,4050
Cebu Pacific,GES-MNL,2025.0,8,19680.291,43.1,5014.03,5000.07,3578.25,340,10944
Philippine Airlines,GES-MNL,2025.0,8,17700.048,35.3,5014.03,5000.07,3578.25,340,10944
Cebgo,IAO-CEB,2025.0,8,4448.736,5.44,5077.89,5154.22,2899.27,587,4050
Philippine Airlines,IAO-CEB,2025.0,8,3461.472,35.3,5077.89,5154.22,2899.27,587,4050
Cebgo,IAO-CRK,2025.0,8,1580.472,5.44,5040.78,5154.22,4094.11,587,475
Philippine Airlines,IAO-CRK,2025.0,8,1318.656,35.3,5040.78,5154.22,4094.11,587,475
Cebgo,IAO-DVO,2025.0,8,702.432,5.44,10000.0,5154.22,4954.51,587,1602
Philippine Airlines,IAO-MNL,2025.0,8,4340.576,35.3,10000.0,5154.22,3578.25,587,10944
Cebgo,ILO-CEB,2025.0,8,3746.304,5.44,10000.0,3157.84,2899.27,1033,4050
Cebu Pacific,ILO-CGY,2025.0,8,2117.0519999999997,43.1,10000.0,3157.84,3525.7,1033,1067
Cebu Pacific,ILO-CRK,2025.0,8,1663.398,43.1,10000.0,3157.84,4094.11,1033,475
Cebu Pacific,ILO-DVO,2025.0,8,4866.6179999999995,43.1,10000.0,3157.84,4954.51,1033,1602
AirAsia,ILO-MNL,2025.0,8,23910.739999999998,14.35,3387.61,3157.84,3578.25,1033,10944
Cebu Pacific,ILO-MNL,2025.0,8,17650.23,43.1,3387.61,3157.84,3578.25,1033,10944
Philippine Airlines,ILO-MNL,2025.0,8,19702.272,35.3,3387.61,3157.84,3578.25,1033,10944
Cebu Pacific,ILO-TAC,2025.0,8,1360.962,43.1,10000.0,3157.84,3222.07,1033,723
AirAsia,KLO-MNL,2025.0,8,14070.9,14.35,6377.0,6377.0,3578.25,228,10944
Cebu Pacific,KLO-MNL,2025.0,8,4385.322,43.1,6377.0,6377.0,3578.25,228,10944
Philippine Airlines,LAO-MNL,2025.0,8,8471.072,35.3,10000.0,10000.0,3578.25,86,10944
Cebgo,MBT-CRK,2025.0,8,1053.6480000000001,5.44,10000.0,10000.0,4094.11,36,475
AirAsia,MNL-BCD,2025.0,8,10263.48,14.35,3400.32,3578.25,3224.23,10944,761
Cebu Pacific,MNL-BCD,2025.0,8,14442.132000000001,43.1,3400.32,3578.25,3224.23,10944,761
Philippine Airlines,MNL-BCD,2025.0,8,13651.968,35.3,3400.32,3578.25,3224.23,10944,761
Philippine Airlines,MNL-BSO,2025.0,8,1538.432,35.3,10000.0,3578.25,10000.0,10944,58
Cebu Pacific,MNL-BXU,2025.0,8,19399.806,43.1,5610.4,3578.25,4531.68,10944,507
Philippine Airlines,MNL-BXU,2025.0,8,9353.408000000001,35.3,5610.4,3578.25,4531.68,10944,507
Philippine Airlines,MNL-CBO,2025.0,8,8416.128,35.3,10000.0,3578.25,10000.0,10944,123
AirAsia,MNL-CEB,2025.0,8,30293.82,14.35,3453.41,3578.25,2899.27,10944,4050
Cebgo,MNL-CEB,2025.0,8,2458.512,5.44,3453.41,3578.25,2899.27,10944,4050
Cebu Pacific,MNL-CEB,2025.0,8,46737.744,43.1,3453.41,3578.25,2899.27,10944,4050
Philippine Airlines,MNL-CEB,2025.0,8,60470.72,35.3,3453.41,3578.25,2899.27,10944,4050
AirAsia,MNL-CGY,2025.0,8,5131.74,14.35,4584.6,3578.25,3525.7,10944,1067
Cebu Pacific,MNL-CGY,2025.0,8,31980.168,43.1,4584.6,3578.25,3525.7,10944,1067
Philippine Airlines,MNL-CGY,2025.0,8,16723.984,35.3,4584.6,3578.25,3525.7,10944,1067
Philippine Airlines,MNL-CRM,2025.0,8,1043.9360000000001,35.3,10000.0,3578.25,10000.0,10944,46
Philippine Airlines,MNL-CYP,2025.0,8,714.272,35.3,10000.0,3578.25,5150.9,10944,63
Cebu Pacific,MNL-CYZ,2025.0,8,6956.027999999999,43.1,10000.0,3578.25,10000.0,10944,96
Cebu Pacific,MNL-DGT,2025.0,8,16633.98,43.1,5397.37,3578.25,4572.15,10944,385
Philippine Airlines,MNL-DGT,2025.0,8,9317.856,35.3,5397.37,3578.25,4572.15,10944,385
Cebu Pacific,MNL-DPL,2025.0,8,4385.322,43.1,5000.96,3578.25,3771.32,10944,179
Philippine Airlines,MNL-DPL,2025.0,8,4508.64,35.3,5000.96,3578.25,3771.32,10944,179
Cebu Pacific,MNL-DRP,2025.0,8,17287.632,43.1,5005.25,3578.25,4640.3,10944,510
Philippine Airlines,MNL-DRP,2025.0,8,18445.024,35.3,5005.25,3578.25,4640.3,10944,510
Cebu Pacific,MNL-DVO,2025.0,8,58786.404,43.1,5031.04,3578.25,4954.51,10944,1602
Philippine Airlines,MNL-DVO,2025.0,8,50199.424,35.3,5031.04,3578.25,4954.51,10944,1602
AirSWIFT,MNL-ENI,2025.0,8,12009.636,1.81,10000.0,3578.25,8340.42,10944,715
Philippine Airlines,MNL-EUQ,2025.0,8,659.328,35.3,10000.0,3578.25,10000.0,10944,25
Cebu Pacific,MNL-GES,2025.0,8,19489.236,43.1,5011.57,3578.25,5000.07,10944,340
Philippine Airlines,MNL-GES,2025.0,8,17700.048,35.3,5011.57,3578.25,5000.07,10944,340
Philippine Airlines,MNL-IAO,2025.0,8,5109.792,35.3,10000.0,3578.25,5154.22,10944,587
AirAsia,MNL-ILO,2025.0,8,17878.32,14.35,3388.4,3578.25,3157.84,10944,1033
Cebu Pacific,MNL-ILO,2025.0,8,23037.168,43.1,3388.4,3578.25,3157.84,10944,1033
Philippine Airlines,MNL-ILO,2025.0,8,24361.2,35.3,3388.4,3578.25,3157.84,10944,1033
AirAsia,MNL-KLO,2025.0,8,14070.9,14.35,6377.0,3578.25,6377.0,10944,228
Cebu Pacific,MNL-KLO,2025.0,8,4385.322,43.1,6377.0,3578.25,6377.0,10944,228
Philippine Airlines,MNL-LAO,2025.0,8,4358.352000000001,35.3,10000.0,3578.25,10000.0,10944,86
Philippine Airlines,MNL-MNL,2025.0,8,150.288,35.3,10000.0,3578.25,3578.25,10944,10944
AirAsia,MNL-MPH,2025.0,8,20195.879999999997,14.35,3265.45,3578.25,3398.89,10944,1206
Cebgo,MNL-MPH,2025.0,8,1873.152,5.44,3265.45,3578.25,3398.89,10944,1206
Cebu Pacific,MNL-MPH,2025.0,8,23136.354,43.1,3265.45,3578.25,3398.89,10944,1206
Philippine Airlines,MNL-MPH,2025.0,8,13818.416000000001,35.3,3265.45,3578.25,3398.89,10944,1206
Cebu Pacific,MNL-OZC,2025.0,8,7107.245999999999,43.1,10000.0,3578.25,5683.63,10944,144
Cebu Pacific,MNL-PAG,2025.0,8,4687.758,43.1,10000.0,3578.25,6190.72,10944,170
AirAsia,MNL-PPS,2025.0,8,5793.9,14.35,3831.91,3578.25,3873.8,10944,535
Cebu Pacific,MNL-PPS,2025.0,8,13221.006000000001,43.1,3831.91,3578.25,3873.8,10944,535
Philippine Airlines,MNL-PPS,2025.0,8,6678.928000000001,35.3,3831.91,3578.25,3873.8,10944,535
Cebu Pacific,MNL-RXS,2025.0,8,4838.976,43.1,10000.0,3578.25,5096.84,10944,135
Cebu Pacific,MNL-SJI,2025.0,8,3024.3599999999997,43.1,10000.0,3578.25,10000.0,10944,40
AirAsia,MNL-TAC,2025.0,8,10263.48,14.35,3625.63,3578.25,3222.07,10944,723
Cebu Pacific,MNL-TAC,2025.0,8,7863.335999999999,43.1,3625.63,3578.25,3222.07,10944,723
Philippine Airlines,MNL-TAC,2025.0,8,15872.352,35.3,3625.63,3578.25,3222.07,10944,723
AirAsia,MNL-TAG,2025.0,8,11422.26,14.35,3438.1,3578.25,3191.78,10944,600
Cebu Pacific,MNL-TAG,2025.0,8,9409.662,43.1,3438.1,3578.25,3191.78,10944,600
Philippine Airlines,MNL-TAG,2025.0,8,14485.824,35.3,3438.1,3578.25,3191.78,10944,600
Cebu Pacific,MNL-TUG,2025.0,8,8165.771999999999,43.1,10000.0,3578.25,7703.81,10944,222
Cebgo,MNL-USU,2025.0,8,1873.152,5.44,9415.7,3578.25,3982.31,10944,381
Philippine Airlines,MNL-USU,2025.0,8,58.176,35.3,9415.7,3578.25,3982.31,10944,381
Cebu Pacific,MNL-VRC,2025.0,8,4082.8859999999995,43.1,10000.0,3578.25,10000.0,10944,54
Cebgo,MNL-WNP,2025.0,8,3160.944,5.44,10000.0,3578.25,10000.0,10944,114
Cebu Pacific,MPH-CEB,2025.0,8,4838.976,43.1,5527.61,3398.89,2899.27,1206,4050
Philippine Airlines,MPH-CEB,2025.0,8,2466.016,35.3,5527.61,3398.89,2899.27,1206,4050
Cebu Pacific,MPH-CRK,2025.0,8,6804.8099999999995,43.1,10000.0,3398.89,4094.11,1206,475
Cebu Pacific,MPH-DVO,2025.0,8,1360.962,43.1,10000.0,3398.89,4954.51,1206,1602
AirSWIFT,MPH-ENI,2025.0,8,1788.6,1.81,10000.0,3398.89,8340.42,1206,715
AirAsia,MPH-MNL,2025.0,8,25327.62,14.35,3291.1,3398.89,3578.25,1206,10944
Cebgo,MPH-MNL,2025.0,8,1873.152,5.44,3291.1,3398.89,3578.25,1206,10944
Cebu Pacific,MPH-MNL,2025.0,8,27672.893999999997,43.1,3291.1,3398.89,3578.25,1206,10944
Philippine Airlines,MPH-MNL,2025.0,8,16974.464,35.3,3291.1,3398.89,3578.25,1206,10944
Cebgo,OZC-CEB,2025.0,8,1053.6480000000001,5.44,10000.0,5683.63,2899.27,144,4050
Cebu Pacific,OZC-MNL,2025.0,8,7107.245999999999,43.1,5250.23,5683.63,3578.25,144,10944
Philippine Airlines,OZC-MNL,2025.0,8,4508.64,35.3,5250.23,5683.63,3578.25,144,10944
Cebgo,PAG-CEB,2025.0,8,2926.8,5.44,10000.0,6190.72,2899.27,170,4050
Cebu Pacific,PAG-MNL,2025.0,8,8921.862,43.1,10000.0,6190.72,3578.25,170,10944
Cebu Pacific,PPS-CEB,2025.0,8,5796.6900000000005,43.1,7413.62,3873.8,2899.27,535,4050
Philippine Airlines,PPS-CEB,2025.0,8,1043.9360000000001,35.3,7413.62,3873.8,2899.27,535,4050
Cebgo,PPS-CRK,2025.0,8,175.608,5.44,10000.0,3873.8,4094.11,535,475
AirSWIFT,PPS-ENI,2025.0,8,175.608,1.81,10000.0,3873.8,8340.42,535,715
AirAsia,PPS-MNL,2025.0,8,12415.5,14.35,3526.42,3873.8,3578.25,535,10944
AirSWIFT,PPS-MNL,2025.0,8,58.536,1.81,3526.42,3873.8,3578.25,535,10944
Cebu Pacific,PPS-MNL,2025.0,8,19355.904000000002,43.1,3526.42,3873.8,3578.25,535,10944
Philippine Airlines,PPS-MNL,2025.0,8,11365.328000000001,35.3,3526.42,3873.8,3578.25,535,10944
AirAsia,RXS-MNL,2025.0,8,2152.02,14.35,4279.89,5096.84,3578.25,135,10944
Cebu Pacific,RXS-MNL,2025.0,8,8921.862,43.1,4279.89,5096.84,3578.25,135,10944
Philippine Airlines,RXS-MNL,2025.0,8,4658.928,35.3,4279.89,5096.84,3578.25,135,10944
Cebu Pacific,SIN-ILO,2025.0,8,1360.962,43.1,10000.0,10000.0,3157.84,9,1033
Cebu Pacific,SJI-MNL,2025.0,8,3024.3599999999997,43.1,10000.0,10000.0,3578.25,40,10944
Cebgo,SUG-CEB,2025.0,8,2399.976,5.44,10000.0,10000.0,2899.27,63,4050
Cebgo,SWL-CEB,2025.0,8,702.432,5.44,10000.0,10000.0,2899.27,12,4050
Cebgo,TAC-CEB,2025.0,8,1990.2240000000002,5.44,5081.96,3222.07,2899.27,723,4050
Philippine Airlines,TAC-CEB,2025.0,8,1538.432,35.3,5081.96,3222.07,2899.27,723,4050
Cebu Pacific,TAC-DVO,2025.0,8,1360.962,43.1,10000.0,3222.07,4954.51,723,1602
Cebu Pacific,TAC-ILO,2025.0,8,1360.962,43.1,10000.0,3222.07,3157.84,723,1033
AirAsia,TAC-MNL,2025.0,8,21623.44,14.35,3425.97,3222.07,3578.25,723,10944
Cebu Pacific,TAC-MNL,2025.0,8,25555.841999999997,43.1,3425.97,3222.07,3578.25,723,10944
Philippine Airlines,TAC-MNL,2025.0,8,16853.264,35.3,3425.97,3222.07,3578.25,723,10944
Philippine Airlines,TAG-CEB,2025.0,8,54.944,35.3,10000.0,3191.78,2899.27,600,4050
Cebgo,TAG-CRK,2025.0,8,1053.6480000000001,5.44,10000.0,3191.78,4094.11,600,475
Cebu Pacific,TAG-DVO,2025.0,8,1360.962,43.1,5033.92,3191.78,4954.51,600,1602
Philippine Airlines,TAG-DVO,2025.0,8,1153.824,35.3,5033.92,3191.78,4954.51,600,1602
AirSWIFT,TAG-ENI,2025.0,8,707.3100000000001,1.81,10000.0,3191.78,8340.42,600,715
AirAsia,TAG-MNL,2025.0,8,9270.24,14.35,3660.3,3191.78,3578.25,600,10944
Cebu Pacific,TAG-MNL,2025.0,8,20601.420000000002,43.1,3660.3,3191.78,3578.25,600,10944
Philippine Airlines,TAG-MNL,2025.0,8,14485.824,35.3,3660.3,3191.78,3578.25,600,10944
Cebu Pacific,TUG-MNL,2025.0,8,20414.43,43.1,7100.39,7703.81,3578.25,222,10944
Philippine Airlines,TUG-MNL,2025.0,8,4358.352000000001,35.3,7100.39,7703.81,3578.25,222,10944
Cebgo,USU-CEB,2025.0,8,1112.184,5.44,5129.3,3982.31,2899.27,381,4050
Philippine Airlines,USU-CEB,2025.0,8,1538.432,35.3,5129.3,3982.31,2899.27,381,4050
Philippine Airlines,USU-CRK,2025.0,8,1098.88,35.3,10000.0,3982.31,4094.11,381,475
AirSWIFT,USU-ENI,2025.0,8,1743.0720000000001,1.81,10000.0,3982.31,8340.42,381,715
Cebgo,USU-MNL,2025.0,8,7199.928,5.44,6905.8,3982.31,3578.25,381,10944
Philippine Airlines,USU-MNL,2025.0,8,1703.2640000000001,35.3,6905.8,3982.31,3578.25,381,10944
Cebu Pacific,VRC-MNL,2025.0,8,4082.8859999999995,43.1,10000.0,10000.0,3578.25,54,10944
Cebgo,WNP-MNL,2025.0,8,3512.16,5.44,10000.0,10000.0,3578.25,114,10944
Philippine Airlines,ZAM-CEB,2025.0,8,1648.3200000000002,35.3,10000.0,5193.16,2899.27,224,4050
Cebu Pacific,ZAM-DVO,2025.0,8,1512.1799999999998,43.1,10000.0,5193.16,4954.51,224,1602
Cebu Pacific,ZAM-MNL,2025.0,8,14819.364,43.1,5564.72,5193.16,3578.25,224,10944
Philippine Airlines,ZAM-MNL,2025.0,8,7364.112000000001,35.3,5564.72,5193.16,3578.25,224,10944
Philippine Airlines,ZAM-TWT,2025.0,8,1953.7440000000001,35.3,10000.0,5193.16,10000.0,224,22
Cebgo,BCD-CEB,2025.0,9,1154.592,7.18,5091.75,3946.65,2960.06,414,2284
Philippine Airlines,BCD-CEB,2025.0,9,879.104,26.57,5091.75,3946.65,2960.06,414,2284
Cebu Pacific,BCD-DVO,2025.0,9,1255.872,53.21,10000.0,3946.65,5516.79,414,957
AirAsia,BCD-MNL,2025.0,9,4469.58,10.68,4297.1,3946.65,4100.33,414,6191
Cebu Pacific,BCD-MNL,2025.0,9,14778.44,53.21,4297.1,3946.65,4100.33,414,6191
Philippine Airlines,BCD-MNL,2025.0,9,6047.072,26.57,4297.1,3946.65,4100.33,414,6191
Philippine Airlines,BPA-CEB,2025.0,9,549.44,26.57,10000.0,10000.0,2960.06,20,2284
Philippine Airlines,BSO-CRK,2025.0,9,604.384,26.57,10000.0,10000.0,3677.29,33,304
Cebgo,BXU-CEB,2025.0,9,1397.664,7.18,5259.38,5198.13,2960.06,282,2284
Philippine Airlines,BXU-CEB,2025.0,9,879.104,26.57,5259.38,5198.13,2960.06,282,2284
Cebu Pacific,BXU-MNL,2025.0,9,10462.224,53.21,6735.25,5198.13,4100.33,282,6191
Philippine Airlines,BXU-MNL,2025.0,9,2705.184,26.57,6735.25,5198.13,4100.33,282,6191
Philippine Airlines,CBO-MNL,2025.0,9,2705.184,26.57,10000.0,10000.0,4100.33,74,6191
Philippine Airlines,CBO-TWT,2025.0,9,494.49600000000004,26.57,10000.0,10000.0,10000.0,74,21
Cebgo,CEB-BCD,2025.0,9,972.288,7.18,5012.67,2960.06,3946.65,2284,414
Philippine Airlines,CEB-BCD,2025.0,9,879.104,26.57,5012.67,2960.06,3946.65,2284,414
Philippine Airlines,CEB-BPA,2025.0,9,549.44,26.57,10000.0,2960.06,10000.0,2284,20
Cebgo,CEB-BXU,2025.0,9,1397.664,7.18,5259.38,2960.06,5198.13,2284,282
Philippine Airlines,CEB-BXU,2025.0,9,879.104,26.57,5259.38,2960.06,5198.13,2284,282
Cebgo,CEB-CGM,2025.0,9,850.752,7.18,10000.0,2960.06,10000.0,2284,29
Cebgo,CEB-CGY,2025.0,9,3646.08,7.18,5563.63,2960.06,4041.15,2284,606
Philippine Airlines,CEB-CGY,2025.0,9,1813.152,26.57,5563.63,2960.06,4041.15,2284,606
Cebgo,CEB-CRK,2025.0,9,303.84000000000003,7.18,5232.6,2960.06,3677.29,2284,304
Cebu Pacific,CEB-CRK,2025.0,9,470.952,53.21,5232.6,2960.06,3677.29,2284,304
Philippine Airlines,CEB-CRM,2025.0,9,329.664,26.57,10000.0,2960.06,10000.0,2284,21
Cebgo,CEB-CYP,2025.0,9,729.216,7.18,10000.0,2960.06,5478.62,2284,38
Cebgo,CEB-DGT,2025.0,9,972.288,7.18,10000.0,2960.06,4591.49,2284,236
Cebgo,CEB-DPL,2025.0,9,972.288,7.18,10000.0,2960.06,3817.19,2284,99
Cebgo,CEB-DRP,2025.0,9,546.912,7.18,6801.48,2960.06,5351.64,2284,301
Cebu Pacific,CEB-DRP,2025.0,9,2189.3360000000002,53.21,6801.48,2960.06,5351.64,2284,301
Cebu Pacific,CEB-DVO,2025.0,9,4407.368,53.21,5072.25,2960.06,5516.79,2284,957
Philippine Airlines,CEB-DVO,2025.0,9,3461.472,26.57,5072.25,2960.06,5516.79,2284,957
AirSWIFT,CEB-ENI,2025.0,9,1033.056,2.36,10000.0,2960.06,8391.0,2284,374
Philippine Airlines,CEB-GES,2025.0,9,659.328,26.57,10000.0,2960.06,5188.67,2284,196
Cebgo,CEB-IAO,2025.0,9,2916.864,7.18,5159.45,2960.06,5059.09,2284,373
Philippine Airlines,CEB-IAO,2025.0,9,2032.928,26.57,5159.45,2960.06,5059.09,2284,373
Cebgo,CEB-ILO,2025.0,9,2005.344,7.18,10000.0,2960.06,3835.58,2284,644
AirAsia,CEB-MNL,2025.0,9,9932.4,10.68,3943.17,2960.06,4100.33,2284,6191
Cebu Pacific,CEB-MNL,2025.0,9,29740.872,53.21,3943.17,2960.06,4100.33,2284,6191
Philippine Airlines,CEB-MNL,2025.0,9,17548.144,26.57,3943.17,2960.06,4100.33,2284,6191
Cebu Pacific,CEB-MPH,2025.0,9,2668.728,53.21,6272.24,2960.06,4282.42,2284,641
Philippine Airlines,CEB-MPH,2025.0,9,879.104,26.57,6272.24,2960.06,4282.42,2284,641
Cebgo,CEB-PAG,2025.0,9,850.752,7.18,10000.0,2960.06,6379.84,2284,93
Cebu Pacific,CEB-PPS,2025.0,9,3105.92,53.21,6561.27,2960.06,4787.13,2284,315
Philippine Airlines,CEB-PPS,2025.0,9,879.104,26.57,6561.27,2960.06,4787.13,2284,315
Cebgo,CEB-SUG,2025.0,9,607.6800000000001,7.18,10000.0,2960.06,10000.0,2284,28
Cebgo,CEB-TAC,2025.0,9,182.304,7.18,8157.47,2960.06,3389.64,2284,506
Philippine Airlines,CEB-TAC,2025.0,9,1593.376,26.57,8157.47,2960.06,3389.64,2284,506
Cebgo,CEB-USU,2025.0,9,425.376,7.18,5414.23,2960.06,4018.16,2284,200
Philippine Airlines,CEB-USU,2025.0,9,769.216,26.57,5414.23,2960.06,4018.16,2284,200
Cebgo,CGM-CEB,2025.0,9,911.52,7.18,10000.0,10000.0,2960.06,29,2284
Cebgo,CGY-CEB,2025.0,9,3949.92,7.18,5687.35,4041.15,2960.06,606,2284
Philippine Airlines,CGY-CEB,2025.0,9,1813.152,26.57,5687.35,4041.15,2960.06,606,2284
Cebgo,CGY-DVO,2025.0,9,425.376,7.18,10000.0,4041.15,5516.79,606,957
Cebu Pacific,CGY-ILO,2025.0,9,627.936,53.21,10000.0,4041.15,3835.58,606,644
AirAsia,CGY-MNL,2025.0,9,1655.3999999999999,10.68,5142.0,4041.15,4100.33,606,6191
Cebu Pacific,CGY-MNL,2025.0,9,17153.456000000002,53.21,5142.0,4041.15,4100.33,606,6191
Philippine Airlines,CGY-MNL,2025.0,9,7280.080000000001,26.57,5142.0,4041.15,4100.33,606,6191
Philippine Airlines,CRK-BSO,2025.0,9,604.384,26.57,10000.0,3677.29,10000.0,304,33
Cebgo,CRK-CEB,2025.0,9,303.84000000000003,7.18,5604.91,3677.29,2960.06,304,2284
Cebu Pacific,CRK-CEB,2025.0,9,627.936,53.21,5604.91,3677.29,2960.06,304,2284
Cebu Pacific,CRK-DVO,2025.0,9,784.9200000000001,53.21,10000.0,3677.29,5516.79,304,957
Cebgo,CRK-ENI,2025.0,9,972.288,7.18,10000.0,3677.29,8391.0,304,374
Cebgo,CRK-IAO,2025.0,9,850.752,7.18,5001.34,3677.29,5059.09,304,373
Philippine Airlines,CRK-IAO,2025.0,9,879.104,26.57,5001.34,3677.29,5059.09,304,373
Cebu Pacific,CRK-ILO,2025.0,9,784.9200000000001,53.21,10000.0,3677.29,3835.58,304,644
Cebgo,CRK-MBT,2025.0,9,546.912,7.18,10000.0,3677.29,10000.0,304,18
Cebu Pacific,CRK-MPH,2025.0,9,2825.712,53.21,10000.0,3677.29,4282.42,304,641
Cebgo,CRK-PPS,2025.0,9,364.608,7.18,10000.0,3677.29,4787.13,304,315
Cebgo,CRK-TAG,2025.0,9,972.288,7.18,10000.0,3677.29,3085.56,304,304
Philippine Airlines,CRK-USU,2025.0,9,549.44,26.57,10000.0,3677.29,4018.16,304,200
Philippine Airlines,CRM-CEB,2025.0,9,329.664,26.57,10000.0,10000.0,2960.06,21,2284
Cebgo,CYP-CEB,2025.0,9,729.216,7.18,10000.0,5478.62,2960.06,38,2284
Philippine Airlines,CYP-MNL,2025.0,9,384.608,26.57,10000.0,5478.62,4100.33,38,6191
Cebu Pacific,CYZ-MNL,2025.0,9,2354.76,53.21,10000.0,10000.0,4100.33,50,6191
Cebgo,DGT-CEB,2025.0,9,1033.056,7.18,10000.0,4591.49,2960.06,236,2284
Cebgo,DGT-ILO,2025.0,9,425.376,7.18,10000.0,4591.49,3835.58,236,644
Cebu Pacific,DGT-MNL,2025.0,9,5180.472000000001,53.21,5492.66,4591.49,4100.33,236,6191
Philippine Airlines,DGT-MNL,2025.0,9,2705.184,26.57,5492.66,4591.49,4100.33,236,6191
Cebu Pacific,DMK-ILO,2025.0,9,627.936,53.21,10000.0,10000.0,3835.58,7,644
Cebgo,DPL-CEB,2025.0,9,1154.592,7.18,10000.0,3817.19,2960.06,99,2284
Cebu Pacific,DPL-MNL,2025.0,9,2511.744,53.21,5449.88,3817.19,4100.33,99,6191
Philippine Airlines,DPL-MNL,2025.0,9,1352.592,26.57,5449.88,3817.19,4100.33,99,6191
Cebgo,DRP-CEB,2025.0,9,546.912,7.18,6801.48,5351.64,2960.06,301,2284
Cebu Pacific,DRP-CEB,2025.0,9,2189.3360000000002,53.21,6801.48,5351.64,2960.06,301,2284
Cebu Pacific,DRP-MNL,2025.0,9,9462.928,53.21,5371.21,5351.64,4100.33,301,6191
Philippine Airlines,DRP-MNL,2025.0,9,5410.368,26.57,5371.21,5351.64,4100.33,301,6191
Cebu Pacific,DVO-BCD,2025.0,9,1098.8880000000001,53.21,10000.0,5516.79,3946.65,957,414
Cebu Pacific,DVO-CEB,2025.0,9,4407.368,53.21,5129.17,5516.79,2960.06,957,2284
Philippine Airlines,DVO-CEB,2025.0,9,3186.752,26.57,5129.17,5516.79,2960.06,957,2284
Cebgo,DVO-CGY,2025.0,9,425.376,7.18,10000.0,5516.79,4041.15,957,606
Cebu Pacific,DVO-CRK,2025.0,9,627.936,53.21,10000.0,5516.79,3677.29,957,304
Cebgo,DVO-IAO,2025.0,9,972.288,7.18,10000.0,5516.79,5059.09,957,373
Cebu Pacific,DVO-ILO,2025.0,9,2697.424,53.21,10000.0,5516.79,3835.58,957,644
Cebu Pacific,DVO-MNL,2025.0,9,29543.376,53.21,5663.47,5516.79,4100.33,957,6191
Philippine Airlines,DVO-MNL,2025.0,9,13766.704,26.57,5663.47,5516.79,4100.33,957,6191
Cebu Pacific,DVO-MPH,2025.0,9,1255.872,53.21,10000.0,5516.79,4282.42,957,641
Cebu Pacific,DVO-TAG,2025.0,9,1098.8880000000001,53.21,5555.57,5516.79,3085.56,957,304
Philippine Airlines,DVO-TAG,2025.0,9,549.44,26.57,5555.57,5516.79,3085.56,957,304
AirSWIFT,ENI-CEB,2025.0,9,972.288,2.36,10000.0,8391.0,2960.06,374,2284
Cebgo,ENI-CRK,2025.0,9,972.288,7.18,10000.0,8391.0,3677.29,374,304
AirSWIFT,ENI-MNL,2025.0,9,7109.856,2.36,10000.0,8391.0,4100.33,374,6191
AirSWIFT,ENI-MPH,2025.0,9,1033.056,2.36,10000.0,8391.0,4282.42,374,641
AirSWIFT,ENI-TAG,2025.0,9,425.376,2.36,10000.0,8391.0,3085.56,374,304
AirSWIFT,ENI-USU,2025.0,9,972.288,2.36,10000.0,8391.0,4018.16,374,200
Philippine Airlines,EUQ-MNL,2025.0,9,384.608,26.57,10000.0,10000.0,4100.33,14,6191
Philippine Airlines,GES-CEB,2025.0,9,659.328,26.57,10000.0,5188.67,2960.06,196,2284
Cebu Pacific,GES-MNL,2025.0,9,9087.348,53.21,5306.3,5188.67,4100.33,196,6191
Philippine Airlines,GES-MNL,2025.0,9,5481.472,26.57,5306.3,5188.67,4100.33,196,6191
Cebgo,IAO-CEB,2025.0,9,2916.864,7.18,5137.19,5059.09,2960.06,373,2284
Philippine Airlines,IAO-CEB,2025.0,9,2087.8720000000003,26.57,5137.19,5059.09,2960.06,373,2284
Cebgo,IAO-CRK,2025.0,9,850.752,7.18,5001.34,5059.09,3677.29,373,304
Philippine Airlines,IAO-CRK,2025.0,9,879.104,26.57,5001.34,5059.09,3677.29,373,304
Cebgo,IAO-DVO,2025.0,9,1033.056,7.18,10000.0,5059.09,5516.79,373,957
Philippine Airlines,IAO-MNL,2025.0,9,3076.864,26.57,10000.0,5059.09,4100.33,373,6191
Cebgo,ILO-CEB,2025.0,9,2126.88,7.18,10000.0,3835.58,2960.06,644,2284
Cebu Pacific,ILO-CGY,2025.0,9,627.936,53.21,10000.0,3835.58,4041.15,644,606
Cebu Pacific,ILO-CRK,2025.0,9,784.9200000000001,53.21,10000.0,3835.58,3677.29,644,304
Cebgo,ILO-DGT,2025.0,9,425.376,7.18,10000.0,3835.58,4591.49,644,236
Cebu Pacific,ILO-DVO,2025.0,9,2697.424,53.21,10000.0,3835.58,5516.79,644,957
AirAsia,ILO-MNL,2025.0,9,9975.119999999999,10.68,3625.14,3835.58,4100.33,644,6191
Cebu Pacific,ILO-MNL,2025.0,9,12457.44,53.21,3625.14,3835.58,4100.33,644,6191
Philippine Airlines,ILO-MNL,2025.0,9,5730.336,26.57,3625.14,3835.58,4100.33,644,6191
Cebu Pacific,ILO-TAC,2025.0,9,1883.808,53.21,10000.0,3835.58,3389.64,644,506
AirAsia,KLO-MNL,2025.0,9,3972.96,10.68,5326.99,5326.99,4100.33,113,6191
Cebu Pacific,KLO-MNL,2025.0,9,2354.76,53.21,5326.99,5326.99,4100.33,113,6191
Philippine Airlines,LAO-MNL,2025.0,9,1803.4560000000001,26.57,10000.0,10000.0,4100.33,34,6191
Cebgo,MBT-CRK,2025.0,9,546.912,7.18,10000.0,10000.0,3677.29,18,304
AirAsia,MNL-BCD,2025.0,9,2979.72,10.68,4320.88,4100.33,3946.65,6191,414
Cebu Pacific,MNL-BCD,2025.0,9,8661.128,53.21,4320.88,4100.33,3946.65,6191,414
Philippine Airlines,MNL-BCD,2025.0,9,3041.3120000000004,26.57,4320.88,4100.33,3946.65,6191,414
Philippine Airlines,MNL-BSO,2025.0,9,604.384,26.57,10000.0,4100.33,10000.0,6191,33
Cebu Pacific,MNL-BXU,2025.0,9,10073.984,53.21,6772.44,4100.33,5198.13,6191,282
Philippine Airlines,MNL-BXU,2025.0,9,2554.896,26.57,6772.44,4100.33,5198.13,6191,282
Philippine Airlines,MNL-CBO,2025.0,9,2705.184,26.57,10000.0,4100.33,10000.0,6191,74
AirAsia,MNL-CEB,2025.0,9,9766.859999999999,10.68,3614.41,4100.33,2960.06,6191,2284
Cebgo,MNL-CEB,2025.0,9,1458.432,7.18,3614.41,4100.33,2960.06,6191,2284
Cebu Pacific,MNL-CEB,2025.0,9,25758.88,53.21,3614.41,4100.33,2960.06,6191,2284
Philippine Airlines,MNL-CEB,2025.0,9,16389.472,26.57,3614.41,4100.33,2960.06,6191,2284
AirAsia,MNL-CGY,2025.0,9,1655.3999999999999,10.68,5650.82,4100.33,4041.15,6191,606
Cebu Pacific,MNL-CGY,2025.0,9,18586.568,53.21,5650.82,4100.33,4041.15,6191,606
Philippine Airlines,MNL-CGY,2025.0,9,5722.256,26.57,5650.82,4100.33,4041.15,6191,606
Philippine Airlines,MNL-CRM,2025.0,9,494.49600000000004,26.57,10000.0,4100.33,10000.0,6191,21
Philippine Airlines,MNL-CYP,2025.0,9,384.608,26.57,10000.0,4100.33,5478.62,6191,38
Cebu Pacific,MNL-CYZ,2025.0,9,2354.76,53.21,10000.0,4100.33,10000.0,6191,50
Cebu Pacific,MNL-DGT,2025.0,9,8006.184,53.21,6224.6,4100.33,4591.49,6191,236
Philippine Airlines,MNL-DGT,2025.0,9,2705.184,26.57,6224.6,4100.33,4591.49,6191,236
Cebu Pacific,MNL-DPL,2025.0,9,2511.744,53.21,5449.88,4100.33,3817.19,6191,99
Philippine Airlines,MNL-DPL,2025.0,9,1352.592,26.57,5449.88,4100.33,3817.19,6191,99
Cebu Pacific,MNL-DRP,2025.0,9,9462.928,53.21,5407.44,4100.33,5351.64,6191,301
Philippine Airlines,MNL-DRP,2025.0,9,5260.08,26.57,5407.44,4100.33,5351.64,6191,301
Cebu Pacific,MNL-DVO,2025.0,9,28398.912,53.21,5565.71,4100.33,5516.79,6191,957
Philippine Airlines,MNL-DVO,2025.0,9,14102.832,26.57,5565.71,4100.33,5516.79,6191,957
AirSWIFT,MNL-ENI,2025.0,9,6806.016,2.36,10000.0,4100.33,8391.0,6191,374
Philippine Airlines,MNL-EUQ,2025.0,9,384.608,26.57,10000.0,4100.33,10000.0,6191,14
Cebu Pacific,MNL-GES,2025.0,9,8893.228,53.21,5313.55,4100.33,5188.67,6191,196
Philippine Airlines,MNL-GES,2025.0,9,5331.184,26.57,5313.55,4100.33,5188.67,6191,196
Philippine Airlines,MNL-IAO,2025.0,9,2912.032,26.57,10000.0,4100.33,5059.09,6191,373
AirAsia,MNL-ILO,2025.0,9,5959.44,10.68,4193.46,4100.33,3835.58,6191,644
Cebu Pacific,MNL-ILO,2025.0,9,16228.432,53.21,4193.46,4100.33,3835.58,6191,644
Philippine Airlines,MNL-ILO,2025.0,9,6145.648,26.57,4193.46,4100.33,3835.58,6191,644
AirAsia,MNL-KLO,2025.0,9,3972.96,10.68,5326.99,4100.33,5326.99,6191,113
Cebu Pacific,MNL-KLO,2025.0,9,2354.76,53.21,5326.99,4100.33,5326.99,6191,113
Philippine Airlines,MNL-LAO,2025.0,9,1052.016,26.57,10000.0,4100.33,10000.0,6191,34
AirAsia,MNL-MPH,2025.0,9,5959.44,10.68,4021.93,4100.33,4282.42,6191,641
Cebgo,MNL-MPH,2025.0,9,972.288,7.18,4021.93,4100.33,4282.42,6191,641
Cebu Pacific,MNL-MPH,2025.0,9,13657.608,53.21,4021.93,4100.33,4282.42,6191,641
Philippine Airlines,MNL-MPH,2025.0,9,3650.5440000000003,26.57,4021.93,4100.33,4282.42,6191,641
Cebu Pacific,MNL-OZC,2025.0,9,2511.744,53.21,10000.0,4100.33,5911.33,6191,79
Cebu Pacific,MNL-PAG,2025.0,9,2668.728,53.21,10000.0,4100.33,6379.84,6191,93
AirAsia,MNL-PPS,2025.0,9,1324.32,10.68,5705.32,4100.33,4787.13,6191,315
Cebu Pacific,MNL-PPS,2025.0,9,8401.176,53.21,5705.32,4100.33,4787.13,6191,315
Philippine Airlines,MNL-PPS,2025.0,9,1777.6000000000001,26.57,5705.32,4100.33,4787.13,6191,315
Cebu Pacific,MNL-RXS,2025.0,9,2197.7760000000003,53.21,10000.0,4100.33,5944.14,6191,76
Cebu Pacific,MNL-SJI,2025.0,9,784.9200000000001,53.21,10000.0,4100.33,10000.0,6191,19
AirAsia,MNL-TAC,2025.0,9,6952.679999999999,10.68,3821.52,4100.33,3389.64,6191,506
Cebu Pacific,MNL-TAC,2025.0,9,7849.200000000001,53.21,3821.52,4100.33,3389.64,6191,506
Philippine Airlines,MNL-TAC,2025.0,9,15587.936,26.57,3821.52,4100.33,3389.64,6191,506
AirAsia,MNL-TAG,2025.0,9,3641.8799999999997,10.68,3339.73,4100.33,3085.56,6191,304
Cebu Pacific,MNL-TAG,2025.0,9,3271.344,53.21,3339.73,4100.33,3085.56,6191,304
Philippine Airlines,MNL-TAG,2025.0,9,3448.5440000000003,26.57,3339.73,4100.33,3085.56,6191,304
Cebu Pacific,MNL-TUG,2025.0,9,5808.408,53.21,10000.0,4100.33,9139.32,6191,120
Cebgo,MNL-USU,2025.0,9,972.288,7.18,10000.0,4100.33,4018.16,6191,200
Cebu Pacific,MNL-VRC,2025.0,9,1255.872,53.21,10000.0,4100.33,10000.0,6191,29
Cebgo,MNL-WNP,2025.0,9,1944.576,7.18,10000.0,4100.33,10000.0,6191,66
Cebu Pacific,MPH-CEB,2025.0,9,2511.744,53.21,6159.14,4282.42,2960.06,641,2284
Philippine Airlines,MPH-CEB,2025.0,9,879.104,26.57,6159.14,4282.42,2960.06,641,2284
Cebu Pacific,MPH-CRK,2025.0,9,2668.728,53.21,10000.0,4282.42,3677.29,641,304
Cebu Pacific,MPH-DVO,2025.0,9,1255.872,53.21,10000.0,4282.42,5516.79,641,957
AirSWIFT,MPH-ENI,2025.0,9,972.288,2.36,10000.0,4282.42,8391.0,641,374
AirAsia,MPH-MNL,2025.0,9,7614.839999999999,10.68,3919.82,4282.42,4100.33,641,6191
Cebgo,MPH-MNL,2025.0,9,1093.824,7.18,3919.82,4282.42,4100.33,641,6191
Cebu Pacific,MPH-MNL,2025.0,9,16640.304,53.21,3919.82,4282.42,4100.33,641,6191
Philippine Airlines,MPH-MNL,2025.0,9,5003.136,26.57,3919.82,4282.42,4100.33,641,6191
Cebgo,OZC-CEB,2025.0,9,546.912,7.18,10000.0,5911.33,2960.06,79,2284
Cebu Pacific,OZC-MNL,2025.0,9,2982.6960000000004,53.21,5706.91,5911.33,4100.33,79,6191
Philippine Airlines,OZC-MNL,2025.0,9,1352.592,26.57,5706.91,5911.33,4100.33,79,6191
Cebgo,PAG-CEB,2025.0,9,1640.736,7.18,10000.0,6379.84,2960.06,93,2284
Cebu Pacific,PAG-MNL,2025.0,9,5337.456,53.21,10000.0,6379.84,4100.33,93,6191
Cebu Pacific,PPS-CEB,2025.0,9,3300.04,53.21,7925.51,4787.13,2960.06,315,2284
Philippine Airlines,PPS-CEB,2025.0,9,439.552,26.57,7925.51,4787.13,2960.06,315,2284
Cebgo,PPS-CRK,2025.0,9,364.608,7.18,10000.0,4787.13,3677.29,315,304
Cebgo,PPS-ENI,2025.0,9,60.768,7.18,10000.0,4787.13,8391.0,315,374
AirAsia,PPS-MNL,2025.0,9,3972.96,10.68,4072.66,4787.13,4100.33,315,6191
Cebu Pacific,PPS-MNL,2025.0,9,10528.056,53.21,4072.66,4787.13,4100.33,315,6191
Philippine Airlines,PPS-MNL,2025.0,9,4474.704000000001,26.57,4072.66,4787.13,4100.33,315,6191
AirAsia,RXS-MNL,2025.0,9,662.16,10.68,4923.73,5944.14,4100.33,76,6191
Cebu Pacific,RXS-MNL,2025.0,9,3767.616,53.21,4923.73,5944.14,4100.33,76,6191
Philippine Airlines,RXS-MNL,2025.0,9,1352.592,26.57,4923.73,5944.14,4100.33,76,6191
Cebu Pacific,SIN-ILO,2025.0,9,627.936,53.21,10000.0,10000.0,3835.58,7,644
Cebu Pacific,SJI-MNL,2025.0,9,784.9200000000001,53.21,10000.0,10000.0,4100.33,19,6191
Cebgo,SUG-CEB,2025.0,9,1093.824,7.18,10000.0,10000.0,2960.06,28,2284
Cebgo,SWL-CEB,2025.0,9,425.376,7.18,10000.0,10000.0,2960.06,7,2284
Cebgo,TAC-CEB,2025.0,9,1093.824,7.18,5031.04,3389.64,2960.06,506,2284
Philippine Airlines,TAC-CEB,2025.0,9,934.048,26.57,5031.04,3389.64,2960.06,506,2284
Cebu Pacific,TAC-DVO,2025.0,9,627.936,53.21,10000.0,3389.64,5516.79,506,957
Cebu Pacific,TAC-ILO,2025.0,9,470.952,53.21,10000.0,3389.64,3835.58,506,644
AirAsia,TAC-MNL,2025.0,9,6808.5,10.68,4012.79,3389.64,4100.33,506,6191
Cebu Pacific,TAC-MNL,2025.0,9,14285.544000000002,53.21,4012.79,3389.64,4100.33,506,6191
Philippine Airlines,TAC-MNL,2025.0,9,5203.52,26.57,4012.79,3389.64,4100.33,506,6191
Cebgo,TAG-CRK,2025.0,9,972.288,7.18,10000.0,3085.56,3677.29,304,304
Cebu Pacific,TAG-DVO,2025.0,9,1255.872,53.21,5765.61,3085.56,5516.79,304,957
Philippine Airlines,TAG-DVO,2025.0,9,549.44,26.57,5765.61,3085.56,5516.79,304,957
AirSWIFT,TAG-ENI,2025.0,9,425.376,2.36,10000.0,3085.56,8391.0,304,374
AirAsia,TAG-MNL,2025.0,9,2317.56,10.68,4153.43,3085.56,4100.33,304,6191
Cebu Pacific,TAG-MNL,2025.0,9,7393.4400000000005,53.21,4153.43,3085.56,4100.33,304,6191
Philippine Airlines,TAG-MNL,2025.0,9,3448.5440000000003,26.57,4153.43,3085.56,4100.33,304,6191
Cebu Pacific,TUG-MNL,2025.0,9,6382.328,53.21,8483.02,9139.32,4100.33,120,6191
Philippine Airlines,TUG-MNL,2025.0,9,575.296,26.57,8483.02,9139.32,4100.33,120,6191
Cebgo,USU-CEB,2025.0,9,729.216,7.18,5003.56,4018.16,2960.06,200,2284
Philippine Airlines,USU-CEB,2025.0,9,769.216,26.57,5003.56,4018.16,2960.06,200,2284
Philippine Airlines,USU-CRK,2025.0,9,549.44,26.57,10000.0,4018.16,3677.29,200,304
AirSWIFT,USU-ENI,2025.0,9,972.288,2.36,10000.0,4018.16,8391.0,200,374
Cebgo,USU-MNL,2025.0,9,4132.224,7.18,6992.5,4018.16,4100.33,200,6191
Philippine Airlines,USU-MNL,2025.0,9,934.048,26.57,6992.5,4018.16,4100.33,200,6191
Cebu Pacific,VRC-MNL,2025.0,9,1255.872,53.21,10000.0,10000.0,4100.33,29,6191
Cebgo,WNP-MNL,2025.0,9,2066.112,7.18,10000.0,10000.0,4100.33,66,6191
Cebu Pacific,ZAM-CEB,2025.0,9,313.968,53.21,6121.87,5607.69,2960.06,153,2284
Philippine Airlines,ZAM-CEB,2025.0,9,879.104,26.57,6121.87,5607.69,2960.06,153,2284
Cebu Pacific,ZAM-DVO,2025.0,9,784.9200000000001,53.21,10000.0,5607.69,5516.79,153,957
Cebu Pacific,ZAM-MNL,2025.0,9,8811.36,53.21,6887.95,5607.69,4100.33,153,6191
Philippine Airlines,ZAM-MNL,2025.0,9,2104.032,26.57,6887.95,5607.69,4100.33,153,6191
Philippine Airlines,ZAM-TWT,2025.0,9,1803.4560000000001,26.57,10000.0,5607.69,10000.0,153,21
Philippine Airlines,CBO-TWT,2025.0,10,549.44,39.04,10000.0,10000.0,6660.23,10,30
Cebgo,CEB-SUG,2025.0,10,1762.272,5.54,10000.0,5176.55,10000.0,72,31
Cebgo,CEB-TAC,2025.0,10,486.144,5.54,6545.2,5176.55,3620.83,72,260
Philippine Airlines,CEB-TAC,2025.0,10,1703.2640000000001,39.04,6545.2,5176.55,3620.83,72,260
Cebu Pacific,ILO-TAC,2025.0,10,1569.8400000000001,41.18,10000.0,10000.0,3620.83,13,260
AirAsia,MNL-TAC,2025.0,10,6405.84,14.24,3695.5,3738.86,3620.83,264,260
Cebu Pacific,MNL-TAC,2025.0,10,8791.104000000001,41.18,3695.5,3738.86,3620.83,264,260
Philippine Airlines,MNL-TAC,2025.0,10,14109.296,39.04,3695.5,3738.86,3620.83,264,260
Cebu Pacific,MNL-TUG,2025.0,10,7692.216,41.18,10000.0,3738.86,10000.0,264,58
Cebgo,SUG-CEB,2025.0,10,121.536,5.54,10000.0,10000.0,5176.55,31,72
Cebgo,TAC-CEB,2025.0,10,121.536,5.54,10000.0,3620.83,5176.55,260,72
Cebu Pacific,ZAM-TWT,2025.0,10,470.952,41.18,5955.21,5955.21,6660.23,20,30
Philippine Airlines,ZAM-TWT,2025.0,10,1202.304,39.04,5955.21,5955.21,6660.23,20,30
Philippine Airlines,CBO-TWT,2025.0,11,54.944,14.79,10000.0,10000.0,10000.0,1,6
Cebgo,CEB-SUG,2025.0,11,243.072,21.81,10000.0,5386.07,10000.0,13,4
Cebgo,CEB-TAC,2025.0,11,243.072,21.81,5018.68,5386.07,5134.99,13,41
Philippine Airlines,CEB-TAC,2025.0,11,274.72,14.79,5018.68,5386.07,5134.99,13,41
Cebu Pacific,ILO-TAC,2025.0,11,0.0,63.39,0.0,0.0,5134.99,3,41
AirAsia,MNL-TAC,2025.0,11,0.0,0.0,10000.0,10000.0,5134.99,38,41
Cebu Pacific,MNL-TAC,2025.0,11,1098.8880000000001,63.39,10000.0,10000.0,5134.99,38,41
Philippine Airlines,MNL-TAC,2025.0,11,0.0,14.79,10000.0,10000.0,5134.99,38,41
Cebu Pacific,MNL-TUG,2025.0,11,313.968,63.39,10000.0,10000.0,10000.0,38,9
Cebu Pacific,ZAM-TWT,2025.0,11,0.0,63.39,0.0,0.0,10000.0,5,6
Philippine Airlines,ZAM-TWT,2025.0,11,0.0,14.79,0.0,0.0,10000.0,5,6
