Airport,Model,Window,Split,RMSE,MAE,R2,MAPE
MNL,V01_Simple,3,Train,32783.61541990145,29137.208984375,0.48191773891448975,7.078474998474121
MNL,V01_Simple,3,Test,139744.39203059277,92496.8203125,-0.10964548587799072,37.70139694213867
MNL,V01_Simple,6,Train,30594.314765982257,26225.029296875,0.5426316261291504,6.322603702545166
MNL,V01_Simple,6,Test,151851.93967809566,93220.515625,-0.31025612354278564,40.233116149902344
MNL,V01_Simple,12,Train,29135.866007379977,24664.794921875,0.6030724048614502,5.5705766677856445
MNL,V01_Simple,12,Test,183630.19255013595,118428.6015625,-0.6429466009140015,54.92108917236328
MNL,V02_Deep,3,Train,35158.222480665885,30887.00390625,0.4041473865509033,7.569492816925049
MNL,V02_Deep,3,Test,144426.3625796897,94850.9296875,-0.18524575233459473,38.965633392333984
MNL,V02_Deep,6,Train,29242.45899373033,25341.4140625,0.5821576714515686,5.983258247375488
MNL,V02_Deep,6,Test,148751.71689765467,96046.859375,-0.25730156898498535,40.210575103759766
MNL,V02_Deep,12,Train,30554.038161918957,26529.900390625,0.5634914636611938,5.935949325561523
MNL,V02_Deep,12,Test,180361.62926742484,118170.359375,-0.5849791765213013,54.420806884765625
MNL,V03_Wide,3,Train,34926.57624216837,30363.908203125,0.4119732975959778,7.44759464263916
MNL,V03_Wide,3,Test,145904.71498892692,94205.8203125,-0.20963430404663086,39.08747863769531
MNL,V03_Wide,6,Train,28652.903238589977,24627.2109375,0.5988360643386841,5.840790271759033
MNL,V03_Wide,6,Test,154810.9201316238,91737.0859375,-0.36181676387786865,40.41020584106445
MNL,V03_Wide,12,Train,32086.63771728038,27778.09765625,0.5186024308204651,6.085400581359863
MNL,V03_Wide,12,Test,183537.70097721068,121255.3515625,-0.6412919759750366,55.622135162353516
MNL,V04_Triple,3,Train,41103.88010881698,34860.90234375,0.18557578325271606,8.709023475646973
MNL,V04_Triple,3,Test,147322.40475908612,95044.5859375,-0.23325562477111816,39.5764274597168
MNL,V04_Triple,6,Train,32498.30321724505,27128.509765625,0.48393309116363525,6.62405252456665
MNL,V04_Triple,6,Test,156006.38345913927,92591.4296875,-0.38293004035949707,40.90123748779297
MNL,V04_Triple,12,Train,31952.829233105476,27825.18359375,0.5226091146469116,6.288936138153076
MNL,V04_Triple,12,Test,183013.3519063568,118506.140625,-0.6319273710250854,55.0311279296875
MNL,V05_Bidir,3,Train,33473.091760397634,28381.12890625,0.45989692211151123,7.000059127807617
MNL,V05_Bidir,3,Test,137260.62707127634,87795.2109375,-0.07055115699768066,36.40726089477539
MNL,V05_Bidir,6,Train,29002.820276655853,25414.568359375,0.5889779329299927,6.050693035125732
MNL,V05_Bidir,6,Test,148392.56736103733,91480.2578125,-0.25123751163482666,39.23677444458008
MNL,V05_Bidir,12,Train,33162.74150307842,29033.603515625,0.4857712984085083,6.328822135925293
MNL,V05_Bidir,12,Test,173273.05914076776,118889.375,-0.4628417491912842,53.22092056274414
MNL,V06_Pyramid,3,Train,39681.36610551608,33872.484375,0.2409711480140686,8.428759574890137
MNL,V06_Pyramid,3,Test,149039.00289521532,95527.3203125,-0.2621626853942871,39.932586669921875
MNL,V06_Pyramid,6,Train,39258.746184767544,31746.171875,0.2468915581703186,7.909609317779541
MNL,V06_Pyramid,6,Test,162575.30006738417,92110.6953125,-0.5018432140350342,41.854400634765625
MNL,V06_Pyramid,12,Train,33647.840227866036,28229.80078125,0.4706171751022339,6.168875694274902
MNL,V06_Pyramid,12,Test,177474.09447015077,120682.078125,-0.5346354246139526,54.425228118896484
MNL,V07_DenseLSTM,3,Train,36075.16242513677,31243.8125,0.3726619482040405,7.698077201843262
MNL,V07_DenseLSTM,3,Test,146835.41632726078,94609.6640625,-0.22511577606201172,39.34242248535156
MNL,V07_DenseLSTM,6,Train,29561.102009228274,24982.3046875,0.5730019807815552,6.000368595123291
MNL,V07_DenseLSTM,6,Test,155510.74211127666,91763.984375,-0.3741567134857178,40.57175827026367
MNL,V07_DenseLSTM,12,Train,29902.653795273756,25517.626953125,0.5819050669670105,5.692817687988281
MNL,V07_DenseLSTM,12,Test,184120.2139473013,119193.8359375,-0.6517267227172852,55.27266311645508
MNL,V08_Lite,3,Train,32891.61449366692,29575.326171875,0.478498637676239,7.075963973999023
MNL,V08_Lite,3,Test,136092.7081661615,99665.375,-0.05241048336029053,38.22843551635742
MNL,V08_Lite,6,Train,31982.58826299085,27134.396484375,0.500182032585144,6.618166923522949
MNL,V08_Lite,6,Test,151376.99354921805,91145.671875,-0.30207276344299316,39.75973129272461
MNL,V08_Lite,12,Train,29210.998476601242,24999.82421875,0.6010226011276245,5.575998783111572
MNL,V08_Lite,12,Test,175476.9712070504,114866.7734375,-0.500291109085083,52.74705123901367
MNL,V09_BiDeep,3,Train,33957.92031323473,28712.52734375,0.4441377520561218,7.098053455352783
MNL,V09_BiDeep,3,Test,137513.99730936484,87882.2109375,-0.07450711727142334,36.4838752746582
MNL,V09_BiDeep,6,Train,29089.976830516727,24992.662109375,0.5865038633346558,5.99434232711792
MNL,V09_BiDeep,6,Test,147209.75272039554,88356.8046875,-0.231370210647583,38.43708801269531
MNL,V09_BiDeep,12,Train,29693.85337068936,25469.30859375,0.5877234935760498,5.733367919921875
MNL,V09_BiDeep,12,Test,181526.20456562188,117313.046875,-0.605513334274292,54.395477294921875
MNL,V10_Mixed,3,Train,33528.76830424881,28260.859375,0.4580986499786377,6.974452018737793
MNL,V10_Mixed,3,Test,138213.55302574346,87456.7109375,-0.08546721935272217,36.47622299194336
MNL,V10_Mixed,6,Train,28710.408426213653,25713.509765625,0.5972241163253784,5.975472450256348
MNL,V10_Mixed,6,Test,144042.5679304559,93857.359375,-0.17895495891571045,38.9317512512207
MNL,V10_Mixed,12,Train,30432.21871635389,26548.63671875,0.5669653415679932,5.856196880340576
MNL,V10_Mixed,12,Test,173769.25794857962,115995.4375,-0.47123193740844727,52.7078742980957
CEB,V01_Simple,3,Train,22035.966237040753,17069.32421875,0.510799765586853,13.15019416809082
CEB,V01_Simple,3,Test,32230.445234281204,20551.048828125,0.14280962944030762,28.558116912841797
CEB,V01_Simple,6,Train,21963.332351899608,18874.42578125,0.5253190994262695,15.256494522094727
CEB,V01_Simple,6,Test,46032.871733143045,37461.66796875,-0.7485610246658325,44.66911697387695
CEB,V01_Simple,12,Train,29723.360240726484,23438.794921875,0.18514251708984375,16.748416900634766
CEB,V01_Simple,12,Test,51170.69911580259,38386.45703125,-0.9932454824447632,53.328208923339844
CEB,V02_Deep,3,Train,20893.918732492475,18181.685546875,0.5601928234100342,15.173893928527832
CEB,V02_Deep,3,Test,40186.779915788225,27992.650390625,-0.33263468742370605,36.7843017578125
CEB,V02_Deep,6,Train,24553.603075719864,21167.572265625,0.4067527651786804,18.500940322875977
CEB,V02_Deep,6,Test,62271.31551525148,56698.59765625,-2.199784755706787,61.824947357177734
CEB,V02_Deep,12,Train,33738.269783733725,26144.97265625,-0.049860239028930664,17.903085708618164
CEB,V02_Deep,12,Test,51572.51981433523,37786.63671875,-1.024672508239746,53.28364562988281
CEB,V03_Wide,3,Train,20136.533961930985,17325.7734375,0.5915001630783081,13.938376426696777
CEB,V03_Wide,3,Test,36817.355907234836,23033.119140625,-0.11853575706481934,32.201786041259766
CEB,V03_Wide,6,Train,23313.61284743315,20161.119140625,0.4651593565940857,17.28192138671875
CEB,V03_Wide,6,Test,62371.22823866787,57114.9296875,-2.2100608348846436,61.863040924072266
CEB,V03_Wide,12,Train,31268.46027549166,24087.525390625,0.09822356700897217,16.649023056030273
CEB,V03_Wide,12,Test,50588.953734980525,38023.62890625,-0.9481817483901978,52.7567138671875
CEB,V04_Triple,3,Train,23468.34872759479,19449.638671875,0.4451347589492798,16.28606605529785
CEB,V04_Triple,3,Test,37486.97736547987,21647.26953125,-0.159592866897583,31.803194046020508
CEB,V04_Triple,6,Train,24656.855273939538,20949.251953125,0.40175288915634155,17.853641510009766
CEB,V04_Triple,6,Test,53195.15165877432,45438.47265625,-1.335010290145874,52.3716926574707
CEB,V04_Triple,12,Train,30425.4882623106,24673.69140625,0.14619052410125732,18.263818740844727
CEB,V04_Triple,12,Test,63293.35889333098,51827.7578125,-2.0495402812957764,68.07378387451172
CEB,V05_Bidir,3,Train,19217.377136331586,16564.3203125,0.6279419660568237,13.474384307861328
CEB,V05_Bidir,3,Test,35407.920469860976,22173.37890625,-0.034535765647888184,30.9052677154541
CEB,V05_Bidir,6,Train,22031.190253819695,19156.46875,0.5223814249038696,16.126331329345703
CEB,V05_Bidir,6,Test,50803.22761400106,43379.72265625,-1.1297435760498047,49.93507385253906
CEB,V05_Bidir,12,Train,31475.089833072758,24742.296875,0.0862659215927124,17.445405960083008
CEB,V05_Bidir,12,Test,54654.14985158949,42065.0546875,-1.2738633155822754,57.505001068115234
CEB,V06_Pyramid,3,Train,23192.65400940565,19849.529296875,0.4580947160720825,16.875934600830078
CEB,V06_Pyramid,3,Test,40008.37032422091,26025.962890625,-0.3208284378051758,35.68374252319336
CEB,V06_Pyramid,6,Train,26284.22005690867,22922.0234375,0.32017767429351807,20.143083572387695
CEB,V06_Pyramid,6,Test,59902.822638002624,53336.75,-1.961005687713623,59.42806625366211
CEB,V06_Pyramid,12,Train,30357.84023938462,24657.353515625,0.1499829888343811,18.35792350769043
CEB,V06_Pyramid,12,Test,63025.30183981668,51445.12890625,-2.0237643718719482,67.71966552734375
CEB,V07_DenseLSTM,3,Train,22765.492483142112,19768.603515625,0.47787249088287354,17.129240036010742
CEB,V07_DenseLSTM,3,Test,43630.179646662014,32550.080078125,-0.5707919597625732,41.05563735961914
CEB,V07_DenseLSTM,6,Train,25147.0007754404,21599.986328125,0.3777317404747009,19.0224666595459
CEB,V07_DenseLSTM,6,Test,64513.0614992034,59277.58984375,-2.4343137741088867,64.04913330078125
CEB,V07_DenseLSTM,12,Train,33875.279954562735,26259.240234375,-0.05840444564819336,17.981124877929688
CEB,V07_DenseLSTM,12,Test,52331.17923379904,38725.52734375,-1.0846786499023438,54.28059768676758
CEB,V08_Lite,3,Train,21314.066716607602,16654.1171875,0.5423271656036377,12.920671463012695
CEB,V08_Lite,3,Test,32374.915721898025,19621.05859375,0.13510781526565552,28.021060943603516
CEB,V08_Lite,6,Train,21655.393415959916,18358.337890625,0.5385364294052124,14.653243064880371
CEB,V08_Lite,6,Test,42285.46795295046,32352.705078125,-0.47545838356018066,40.18864059448242
CEB,V08_Lite,12,Train,28300.67023941306,22852.5625,0.26128095388412476,17.10761833190918
CEB,V08_Lite,12,Test,59141.188084109366,47894.47265625,-1.6625523567199707,63.38230514526367
CEB,V09_BiDeep,3,Train,19358.275956293215,16848.96484375,0.6224662065505981,14.047898292541504
CEB,V09_BiDeep,3,Test,37254.60937924326,25441.203125,-0.14526164531707764,33.715267181396484
CEB,V09_BiDeep,6,Train,21725.75467043665,18875.5,0.5355328321456909,16.037981033325195
CEB,V09_BiDeep,6,Test,55599.64316432256,49620.88671875,-1.5508720874786377,55.03850555419922
CEB,V09_BiDeep,12,Train,31462.86496808579,24340.08984375,0.0869755744934082,16.885507583618164
CEB,V09_BiDeep,12,Test,50873.272511211624,37424.43359375,-0.9701415300369263,52.61323547363281
CEB,V10_Mixed,3,Train,20047.706302717026,17034.365234375,0.595096230506897,14.65182113647461
CEB,V10_Mixed,3,Test,40743.68191511415,31054.693359375,-0.36982548236846924,38.46223831176758
CEB,V10_Mixed,6,Train,21781.994766320186,18631.658203125,0.5331250429153442,15.96786117553711
CEB,V10_Mixed,6,Test,55375.76191800886,49502.33984375,-1.5303704738616943,54.79463195800781
CEB,V10_Mixed,12,Train,33458.49249443256,25936.439453125,-0.032520294189453125,17.499263763427734
CEB,V10_Mixed,12,Test,43715.94711315311,28433.75390625,-0.45478177070617676,42.92240905761719
DVO,V01_Simple,3,Train,14113.736287744645,11861.9833984375,0.5325745344161987,14.966599464416504
DVO,V01_Simple,3,Test,25249.1191133473,17765.767578125,0.1159622073173523,44.21922302246094
DVO,V01_Simple,6,Train,16009.266816441033,13202.6484375,0.45042848587036133,16.51668357849121
DVO,V01_Simple,6,Test,27900.09032243444,15858.404296875,-0.07941770553588867,46.02339553833008
DVO,V01_Simple,12,Train,17615.95458668079,14410.056640625,0.38090217113494873,16.95965576171875
DVO,V01_Simple,12,Test,37196.41617145394,26618.462890625,-0.7618954181671143,73.41960906982422
DVO,V02_Deep,3,Train,14389.365517631415,13293.9501953125,0.5141394138336182,18.31302833557129
DVO,V02_Deep,3,Test,29448.68784852731,17522.919921875,-0.20256972312927246,49.14100646972656
DVO,V02_Deep,6,Train,15996.218053027409,14693.8046875,0.4513239860534668,20.22296905517578
DVO,V02_Deep,6,Test,35876.59203436135,26998.19921875,-0.7848457098007202,63.55950164794922
DVO,V02_Deep,12,Train,19379.683382346575,16133.111328125,0.25072669982910156,19.57636260986328
DVO,V02_Deep,12,Test,45732.77231920234,36451.26953125,-1.6633789539337158,92.46369934082031
DVO,V03_Wide,3,Train,13408.430184029747,12265.751953125,0.5781245231628418,16.201068878173828
DVO,V03_Wide,3,Test,27374.693130700114,16248.873046875,-0.03914666175842285,45.70292663574219
DVO,V03_Wide,6,Train,16220.068557191737,14891.40625,0.43586021661758423,20.641695022583008
DVO,V03_Wide,6,Test,38225.72620631294,30194.232421875,-1.0262351036071777,68.27952575683594
DVO,V03_Wide,12,Train,19868.28789805503,15915.3935546875,0.21246880292892456,18.397939682006836
DVO,V03_Wide,12,Test,39686.69137128969,29092.41796875,-1.0057079792022705,78.94976806640625
DVO,V04_Triple,3,Train,15735.82918056751,13797.48828125,0.41895782947540283,18.827781677246094
DVO,V04_Triple,3,Test,27298.051505556217,17013.568359375,-0.03333616256713867,46.277584075927734
DVO,V04_Triple,6,Train,16991.0442292403,14876.9404296875,0.3809559941291809,20.069889068603516
DVO,V04_Triple,6,Test,31435.908130671207,19613.42578125,-0.37034642696380615,53.230918884277344
DVO,V04_Triple,12,Train,20396.099234902736,16501.3046875,0.1700705885887146,20.13028335571289
DVO,V04_Triple,12,Test,42854.281839741525,32329.23046875,-1.3386561870574951,85.83265686035156
DVO,V05_Bidir,3,Train,12605.960494940478,11484.4912109375,0.6271103620529175,15.183774948120117
DVO,V05_Bidir,3,Test,26334.307357513695,16047.2724609375,0.03833872079849243,44.13840866088867
DVO,V05_Bidir,6,Train,14615.640389664764,13581.0361328125,0.5419456362724304,18.327533721923828
DVO,V05_Bidir,6,Test,31944.252440775632,22026.767578125,-0.41502392292022705,55.37250518798828
DVO,V05_Bidir,12,Train,18714.144383326748,15171.728515625,0.30130624771118164,17.832529067993164
DVO,V05_Bidir,12,Test,39554.24912699014,29169.93359375,-0.992343544960022,78.67942810058594
DVO,V06_Pyramid,3,Train,15460.263904603957,14075.3564453125,0.4391300082206726,19.529361724853516
DVO,V06_Pyramid,3,Test,29054.899758904692,16846.294921875,-0.17062318325042725,48.26395034790039
DVO,V06_Pyramid,6,Train,16779.53420092465,14916.8076171875,0.3962722420692444,20.2832088470459
DVO,V06_Pyramid,6,Test,33361.4906141797,22802.00390625,-0.5433671474456787,57.89323425292969
DVO,V06_Pyramid,12,Train,20268.50719712727,16735.580078125,0.18042171001434326,21.132524490356445
DVO,V06_Pyramid,12,Test,43175.511577745085,32603.73828125,-1.3738479614257812,86.49958038330078
DVO,V07_DenseLSTM,3,Train,15483.429594246876,13993.025390625,0.4374479651451111,19.840496063232422
DVO,V07_DenseLSTM,3,Test,31583.962512642393,20372.06640625,-0.38328468799591064,53.82931900024414
DVO,V07_DenseLSTM,6,Train,16068.345527776031,14757.9189453125,0.4463648200035095,20.503652572631836
DVO,V07_DenseLSTM,6,Test,37992.48936303069,30000.625,-1.0015840530395508,67.825927734375
DVO,V07_DenseLSTM,12,Train,19245.17186205413,16151.9638671875,0.26109182834625244,19.657920837402344
DVO,V07_DenseLSTM,12,Test,46145.62826530808,37005.71875,-1.711683988571167,93.37835693359375
DVO,V08_Lite,3,Train,13528.125369022864,11531.71875,0.5705589056015015,14.642618179321289
DVO,V08_Lite,3,Test,24877.821126457195,17079.279296875,0.1417713165283203,43.17627716064453
DVO,V08_Lite,6,Train,17007.608650248276,14258.6796875,0.37974846363067627,18.119400024414062
DVO,V08_Lite,6,Test,27675.085112786917,16349.220703125,-0.06207764148712158,46.29521179199219
DVO,V08_Lite,12,Train,18341.701556834905,15217.6982421875,0.32883983850479126,18.77842903137207
DVO,V08_Lite,12,Test,41404.84068318582,31433.94140625,-1.1831328868865967,82.97463989257812
DVO,V09_BiDeep,3,Train,13910.09072580046,12539.7099609375,0.5459660887718201,17.621431350708008
DVO,V09_BiDeep,3,Test,29214.043746116353,18367.955078125,-0.18348205089569092,49.142208099365234
DVO,V09_BiDeep,6,Train,14521.015391493806,13459.5732421875,0.5478575229644775,18.120058059692383
DVO,V09_BiDeep,6,Test,34206.415304734874,25487.80859375,-0.6225327253341675,60.36043167114258
DVO,V09_BiDeep,12,Train,19432.283242069112,15651.6875,0.24665385484695435,18.27828598022461
DVO,V09_BiDeep,12,Test,38548.502850305355,27503.8125,-0.8923128843307495,76.12580871582031
DVO,V10_Mixed,3,Train,13875.558943696647,12474.4423828125,0.5482175350189209,17.54938316345215
DVO,V10_Mixed,3,Test,29244.63547387794,18609.025390625,-0.18596196174621582,49.33587646484375
DVO,V10_Mixed,6,Train,13920.055172304455,12844.0712890625,0.5845074653625488,17.000957489013672
DVO,V10_Mixed,6,Test,31713.6417334875,22263.052734375,-0.3946671485900879,55.15270233154297
DVO,V10_Mixed,12,Train,19735.276841230276,15514.9189453125,0.22297793626785278,17.234020233154297
DVO,V10_Mixed,12,Test,34548.10536049698,23203.765625,-0.5199397802352905,67.16097259521484
MPH,V01_Simple,3,Train,7955.101005015586,5892.77197265625,0.06310772895812988,11.763262748718262
MPH,V01_Simple,3,Test,18509.86158781313,14899.5556640625,0.037427425384521484,42.02869415283203
MPH,V01_Simple,6,Train,7770.100900245762,5531.50439453125,0.03602474927902222,11.484051704406738
MPH,V01_Simple,6,Test,22621.35203740042,14125.9423828125,-0.4376866817474365,48.884395599365234
MPH,V01_Simple,12,Train,6287.226097413708,5169.033203125,0.43780243396759033,9.415741920471191
MPH,V01_Simple,12,Test,27295.378656468572,18382.50390625,-1.0477077960968018,67.78759002685547
MPH,V02_Deep,3,Train,8843.985074614271,6605.52099609375,-0.15796196460723877,13.815421104431152
MPH,V02_Deep,3,Test,20515.221275920958,14555.3193359375,-0.18244123458862305,45.80659866333008
MPH,V02_Deep,6,Train,8296.70151325212,5859.96875,-0.09906518459320068,12.372759819030762
MPH,V02_Deep,6,Test,24964.36884842074,15852.970703125,-0.7509281635284424,54.44392013549805
MPH,V02_Deep,12,Train,6405.531047462029,5327.83544921875,0.4164459705352783,9.868060111999512
MPH,V02_Deep,12,Test,28140.918535115376,19452.353515625,-1.1765379905700684,70.58224487304688
MPH,V03_Wide,3,Train,8118.929239745842,6112.95849609375,0.024121403694152832,12.31568717956543
MPH,V03_Wide,3,Test,19018.315382809276,14297.6962890625,-0.016181468963623047,42.62113571166992
MPH,V03_Wide,6,Train,7636.56964873627,5520.90673828125,0.06887245178222656,11.441650390625
MPH,V03_Wide,6,Test,23221.74567081467,14619.03125,-0.5150147676467896,50.43506622314453
MPH,V03_Wide,12,Train,6132.6711961428355,5028.9970703125,0.4651029706001282,9.178943634033203
MPH,V03_Wide,12,Test,28033.966825977375,19519.650390625,-1.1600253582000732,70.42955780029297
MPH,V04_Triple,3,Train,8386.887384482994,6220.9501953125,-0.04135763645172119,12.900445938110352
MPH,V04_Triple,3,Test,19614.55867461718,14655.1748046875,-0.08089685440063477,44.1960334777832
MPH,V04_Triple,6,Train,9541.108111744674,7095.10009765625,-0.45348381996154785,15.100939750671387
MPH,V04_Triple,6,Test,24344.194544079703,14994.4580078125,-0.6650142669677734,52.67032241821289
MPH,V04_Triple,12,Train,7429.393784152244,6103.7255859375,0.21498578786849976,11.63762092590332
MPH,V04_Triple,12,Test,28924.601570289607,20171.109375,-1.299452781677246,72.89849090576172
MPH,V05_Bidir,3,Train,7781.297578167795,5611.25341796875,0.10359901189804077,11.601842880249023
MPH,V05_Bidir,3,Test,18238.465724945177,13235.568359375,0.06544739007949829,40.34852981567383
MPH,V05_Bidir,6,Train,8199.054091784003,6001.35791015625,-0.07334685325622559,12.51849365234375
MPH,V05_Bidir,6,Test,22982.053520083882,15094.4150390625,-0.4839005470275879,50.49285888671875
MPH,V05_Bidir,12,Train,6103.619909529099,5006.8916015625,0.47015875577926636,9.113608360290527
MPH,V05_Bidir,12,Test,27249.806164448215,18749.822265625,-1.0408756732940674,68.11898803710938
MPH,V06_Pyramid,3,Train,8605.297438206306,6405.64892578125,-0.09630155563354492,13.34508228302002
MPH,V06_Pyramid,3,Test,19994.70569925949,14537.0517578125,-0.1232001781463623,44.83624267578125
MPH,V06_Pyramid,6,Train,9288.105511889924,6689.91259765625,-0.37742137908935547,14.297099113464355
MPH,V06_Pyramid,6,Test,25405.780759504323,15814.0576171875,-0.8133941888809204,55.175750732421875
MPH,V06_Pyramid,12,Train,6652.242930019919,5661.22021484375,0.37062859535217285,10.491470336914062
MPH,V06_Pyramid,12,Test,27713.379873266993,18420.578125,-1.1109051704406738,68.62572479248047
MPH,V07_DenseLSTM,3,Train,8810.446526709075,6574.92236328125,-0.14919590950012207,13.72119140625
MPH,V07_DenseLSTM,3,Test,20498.550192635576,14581.814453125,-0.18052029609680176,45.79806900024414
MPH,V07_DenseLSTM,6,Train,8690.317370499193,6283.0390625,-0.20582377910614014,13.299627304077148
MPH,V07_DenseLSTM,6,Test,25117.77060170747,15957.732421875,-0.772512674331665,54.81563949584961
MPH,V07_DenseLSTM,12,Train,6178.677204709759,5131.7099609375,0.45704758167266846,9.328206062316895
MPH,V07_DenseLSTM,12,Test,27609.161378064346,18675.86328125,-1.0950586795806885,68.7027587890625
MPH,V08_Lite,3,Train,7928.137990726448,5907.5224609375,0.06944793462753296,11.753676414489746
MPH,V08_Lite,3,Test,18382.87115768372,15060.2890625,0.050589919090270996,41.90256881713867
MPH,V08_Lite,6,Train,7350.926200146482,5285.14306640625,0.13722670078277588,10.865619659423828
MPH,V08_Lite,6,Test,21503.811011074293,13761.3701171875,-0.2991461753845215,46.7064323425293
MPH,V08_Lite,12,Train,6196.29308538581,5016.81005859375,0.45394712686538696,9.214361190795898
MPH,V08_Lite,12,Test,26757.193275827718,18418.541015625,-0.9677542448043823,66.87976837158203
MPH,V09_BiDeep,3,Train,8074.661107439742,5795.18505859375,0.03473430871963501,12.166319847106934
MPH,V09_BiDeep,3,Test,18742.565886238735,13196.4736328125,0.013072490692138672,41.26605224609375
MPH,V09_BiDeep,6,Train,8249.761208665375,5978.14892578125,-0.08666408061981201,12.549712181091309
MPH,V09_BiDeep,6,Test,23358.804078976304,15348.841796875,-0.5329513549804688,51.38674545288086
MPH,V09_BiDeep,12,Train,6229.054181816048,5188.1796875,0.4481576681137085,9.598283767700195
MPH,V09_BiDeep,12,Test,27815.711243827653,19400.166015625,-1.1265230178833008,69.95924377441406
MPH,V10_Mixed,3,Train,8048.090705254259,5677.99755859375,0.0410764217376709,11.95003890991211
MPH,V10_Mixed,3,Test,18586.273644816487,13348.0634765625,0.029463648796081543,41.2575798034668
MPH,V10_Mixed,6,Train,7975.757268121943,5719.421875,-0.015678882598876953,11.945586204528809
MPH,V10_Mixed,6,Test,23112.533742538915,15330.935546875,-0.5007979869842529,50.95547866821289
MPH,V10_Mixed,12,Train,6043.051877983507,4817.2421875,0.4806221127510071,8.753931045532227
MPH,V10_Mixed,12,Test,26321.34343075976,18220.44140625,-0.9041705131530762,65.84516143798828
ILO,V01_Simple,3,Train,11187.04608017684,7937.34912109375,0.5184619426727295,14.564196586608887
ILO,V01_Simple,3,Test,9759.978278664354,8013.08837890625,0.4675934314727783,18.817359924316406
ILO,V01_Simple,6,Train,10744.973894803095,8224.3076171875,0.5660607814788818,15.561871528625488
ILO,V01_Simple,6,Test,18080.193804271014,15436.6611328125,-0.8270561695098877,36.55996322631836
ILO,V01_Simple,12,Train,10449.818371627327,7405.6669921875,0.5514411926269531,11.693279266357422
ILO,V01_Simple,12,Test,26260.064280195507,24794.615234375,-5.104485034942627,60.46255111694336
ILO,V02_Deep,3,Train,10602.716255752579,8217.1171875,0.5674523115158081,16.635990142822266
ILO,V02_Deep,3,Test,12012.701944192238,9787.2119140625,0.19345778226852417,23.86042594909668
ILO,V02_Deep,6,Train,10460.359076054703,9354.330078125,0.5887448787689209,20.096731185913086
ILO,V02_Deep,6,Test,29322.941189450965,28205.35546875,-3.8057456016540527,61.41997528076172
ILO,V02_Deep,12,Train,10579.384103056283,8222.9794921875,0.5402489900588989,13.92196273803711
ILO,V02_Deep,12,Test,35992.85973634215,34274.04296875,-10.46806526184082,83.04933166503906
ILO,V03_Wide,3,Train,9980.117033381923,7465.55078125,0.6167598366737366,14.452012062072754
ILO,V03_Wide,3,Test,11450.261132393443,9306.689453125,0.26721513271331787,22.680377960205078
ILO,V03_Wide,6,Train,9301.539227461228,8141.888671875,0.6748170256614685,16.835229873657227
ILO,V03_Wide,6,Test,28454.370490313082,27600.5,-3.525261402130127,59.5506591796875
ILO,V03_Wide,12,Train,11114.42090259317,7848.36572265625,0.4925706386566162,12.268099784851074
ILO,V03_Wide,12,Test,33338.249024206416,31734.86328125,-8.838820457458496,76.9051513671875
ILO,V04_Triple,3,Train,11750.185700660224,9364.845703125,0.4687619209289551,19.54159927368164
ILO,V04_Triple,3,Test,12267.135280904015,10084.0244140625,0.15893018245697021,24.446388244628906
ILO,V04_Triple,6,Train,11341.995238933932,9627.7587890625,0.5164993405342102,19.727170944213867
ILO,V04_Triple,6,Test,21918.727700302315,19464.72265625,-1.6851985454559326,45.03425216674805
ILO,V04_Triple,12,Train,11268.979013202572,8757.369140625,0.47835981845855713,14.981710433959961
ILO,V04_Triple,12,Test,34273.23620552923,32086.26171875,-9.398427963256836,78.73092651367188
ILO,V05_Bidir,3,Train,9351.411016525795,7265.13330078125,0.6635240316390991,14.467881202697754
ILO,V05_Bidir,3,Test,11438.013114173284,9093.2255859375,0.26878201961517334,22.343608856201172
ILO,V05_Bidir,6,Train,10127.902053238864,8534.9501953125,0.614470899105072,17.692773818969727
ILO,V05_Bidir,6,Test,20793.80215352642,19144.70703125,-1.4166486263275146,43.304161071777344
ILO,V05_Bidir,12,Train,11528.550299148632,7949.86083984375,0.4540519714355469,12.313566207885742
ILO,V05_Bidir,12,Test,28656.136236415405,26738.11328125,-6.2693023681640625,65.74571990966797
ILO,V06_Pyramid,3,Train,11821.554550904038,9942.4208984375,0.4622889757156372,21.75377082824707
ILO,V06_Pyramid,3,Test,14538.439531118875,11634.0361328125,-0.18135738372802734,28.51531219482422
ILO,V06_Pyramid,6,Train,11005.733414906977,9488.3330078125,0.544743537902832,19.742172241210938
ILO,V06_Pyramid,6,Test,24381.98810597692,22380.494140625,-2.3226451873779297,50.6550178527832
ILO,V06_Pyramid,12,Train,11107.548784497865,8590.6806640625,0.4931979775428772,14.604525566101074
ILO,V06_Pyramid,12,Test,34891.51369602643,32779.828125,-9.77698040008545,80.2362289428711
ILO,V07_DenseLSTM,3,Train,10771.922391105498,9035.841796875,0.5535362958908081,19.58257484436035
ILO,V07_DenseLSTM,3,Test,15743.168169082104,13614.947265625,-0.3852558135986328,31.924846649169922
ILO,V07_DenseLSTM,6,Train,11505.440799899845,10506.18359375,0.5024638175964355,23.131622314453125
ILO,V07_DenseLSTM,6,Test,33735.28194635403,32884.71484375,-5.360838413238525,70.53815460205078
ILO,V07_DenseLSTM,12,Train,11218.484033059012,7889.29541015625,0.4830241799354553,12.386993408203125
ILO,V07_DenseLSTM,12,Test,32218.408650956055,30353.712890625,-8.188943862915039,74.14054870605469
ILO,V08_Lite,3,Train,11026.615437204655,7772.56494140625,0.5321741104125977,14.1827392578125
ILO,V08_Lite,3,Test,9472.215369173147,7758.625,0.49852555990219116,18.210268020629883
ILO,V08_Lite,6,Train,11766.351346105555,9010.2900390625,0.4796425700187683,16.671144485473633
ILO,V08_Lite,6,Test,15588.5363007564,12392.744140625,-0.35817694664001465,30.54113006591797
ILO,V08_Lite,12,Train,10936.882554000476,8625.0361328125,0.5086522102355957,15.04172134399414
ILO,V08_Lite,12,Test,32345.275265485066,30545.119140625,-8.261453628540039,74.48552703857422
ILO,V09_BiDeep,3,Train,9753.656545111684,8144.48486328125,0.6339548230171204,17.56220245361328
ILO,V09_BiDeep,3,Test,14062.096571990964,12114.755859375,-0.10521268844604492,28.468204498291016
ILO,V09_BiDeep,6,Train,9533.796725334561,8428.8291015625,0.6583747863769531,17.766637802124023
ILO,V09_BiDeep,6,Test,26153.752159107113,25169.478515625,-2.82308292388916,54.78740310668945
ILO,V09_BiDeep,12,Train,11527.224470790876,7956.8154296875,0.4541775584220886,12.282292366027832
ILO,V09_BiDeep,12,Test,27414.85495128508,25439.37890625,-5.653181076049805,62.79001235961914
ILO,V10_Mixed,3,Train,9563.288973987976,7937.91357421875,0.6481040716171265,17.035493850708008
ILO,V10_Mixed,3,Test,14461.827823618976,12742.390625,-0.16893959045410156,29.543012619018555
ILO,V10_Mixed,6,Train,9749.361414985086,8660.4404296875,0.6427514553070068,18.398601531982422
ILO,V10_Mixed,6,Test,26172.928915197856,25247.017578125,-2.828691244125366,54.83283996582031
ILO,V10_Mixed,12,Train,13005.693522453925,8788.7001953125,0.30518537759780884,12.923563957214355
ILO,V10_Mixed,12,Test,23096.173882268897,21114.021484375,-3.72212553024292,52.59150314331055
BCD,V01_Simple,3,Train,3679.515593118203,3030.20263671875,0.41031545400619507,8.395710945129395
BCD,V01_Simple,3,Test,10901.740044598386,7160.44287109375,-0.046134233474731445,39.59667205810547
BCD,V01_Simple,6,Train,4025.3055784623357,3047.052001953125,0.3225575089454651,8.76132583618164
BCD,V01_Simple,6,Test,13970.516382725444,10027.7158203125,-0.7179902791976929,52.37986373901367
BCD,V01_Simple,12,Train,3357.8938339381725,2807.350830078125,0.3210242986679077,7.010046482086182
BCD,V01_Simple,12,Test,15794.813325899107,11903.1689453125,-1.121030569076538,67.2164306640625
BCD,V02_Deep,3,Train,4055.000863131844,3201.39990234375,0.28382301330566406,9.193624496459961
BCD,V02_Deep,3,Test,12501.832185723819,8789.9345703125,-0.37576138973236084,46.46453094482422
BCD,V02_Deep,6,Train,3854.650567820642,2910.5234375,0.3787810206413269,8.32040786743164
BCD,V02_Deep,6,Test,14114.588764820603,10407.443359375,-0.7536067962646484,53.33918762207031
BCD,V02_Deep,12,Train,3416.2906784991233,2899.269775390625,0.2972029447555542,7.224557399749756
BCD,V02_Deep,12,Test,16752.37630904941,12938.767578125,-1.3860018253326416,71.83354949951172
BCD,V03_Wide,3,Train,3731.3246977447566,3002.505615234375,0.3935925364494324,8.434414863586426
BCD,V03_Wide,3,Test,11587.60165003958,7950.3671875,-0.1819058656692505,42.7574577331543
BCD,V03_Wide,6,Train,3752.4012312118225,2854.760986328125,0.4113010764122009,8.063668251037598
BCD,V03_Wide,6,Test,13793.530077539977,10122.181640625,-0.6747369766235352,52.03651809692383
BCD,V03_Wide,12,Train,4128.705366092378,3504.06640625,-0.026474356651306152,8.544110298156738
BCD,V03_Wide,12,Test,15294.454419821584,11120.8955078125,-0.9887762069702148,64.39252471923828
BCD,V04_Triple,3,Train,4302.753536980709,3300.917236328125,0.1936354637145996,9.563517570495605
BCD,V04_Triple,3,Test,12765.725361294595,8748.1669921875,-0.43445444107055664,47.16033935546875
BCD,V04_Triple,6,Train,4304.10943169432,3121.57421875,0.22546452283859253,9.122834205627441
BCD,V04_Triple,6,Test,14994.499791590248,11296.083984375,-0.9790635108947754,57.0584831237793
BCD,V04_Triple,12,Train,3597.665493066302,2986.8427734375,0.22059732675552368,7.42802619934082
BCD,V04_Triple,12,Test,16427.307996138625,12250.4716796875,-1.2943029403686523,69.76189422607422
BCD,V05_Bidir,3,Train,3783.2791332387833,3086.570556640625,0.3765878677368164,8.681445121765137
BCD,V05_Bidir,3,Test,11048.139390865776,7345.4912109375,-0.07441997528076172,40.25477981567383
BCD,V05_Bidir,6,Train,3849.8245414564026,2918.424072265625,0.38033556938171387,8.268966674804688
BCD,V05_Bidir,6,Test,13110.79372120544,9443.9775390625,-0.5130516290664673,49.09463119506836
BCD,V05_Bidir,12,Train,3902.6352635110547,3311.299560546875,0.08285874128341675,8.113859176635742
BCD,V05_Bidir,12,Test,15218.988665479714,11054.111328125,-0.9691987037658691,64.00981140136719
BCD,V06_Pyramid,3,Train,4375.555507589865,3336.91845703125,0.16611754894256592,9.69516372680664
BCD,V06_Pyramid,3,Test,12998.39313146052,9088.865234375,-0.4872196912765503,48.26823806762695
BCD,V06_Pyramid,6,Train,3771.535894035744,3005.647705078125,0.40528184175491333,8.313755989074707
BCD,V06_Pyramid,6,Test,13196.09760497398,8679.5068359375,-0.5328047275543213,48.10803985595703
BCD,V06_Pyramid,12,Train,3598.707406833737,2987.96826171875,0.2201458215713501,7.42658805847168
BCD,V06_Pyramid,12,Test,16276.250182397664,12088.1611328125,-1.2523021697998047,69.02648162841797
BCD,V07_DenseLSTM,3,Train,3990.237085688017,3172.223388671875,0.3065168857574463,9.082518577575684
BCD,V07_DenseLSTM,3,Test,12369.660302530543,8652.607421875,-0.3468254804611206,45.91511154174805
BCD,V07_DenseLSTM,6,Train,3781.4864802085435,2891.76953125,0.4021396040916443,8.207033157348633
BCD,V07_DenseLSTM,6,Test,13923.086439435761,10120.9091796875,-0.7063449621200562,52.39602279663086
BCD,V07_DenseLSTM,12,Train,3322.7970145646873,2937.51611328125,0.33514344692230225,7.359139442443848
BCD,V07_DenseLSTM,12,Test,17557.662714609825,13929.642578125,-1.6209053993225098,75.8294677734375
BCD,V08_Lite,3,Train,3735.9360272895465,3074.476806640625,0.3920927047729492,8.437417030334473
BCD,V08_Lite,3,Test,10780.38218246459,6747.14404296875,-0.022972822189331055,38.506141662597656
BCD,V08_Lite,6,Train,3831.0092664988424,2922.958984375,0.38637775182724,8.284773826599121
BCD,V08_Lite,6,Test,13260.046455423902,9365.318359375,-0.5476967096328735,49.399295806884766
BCD,V08_Lite,12,Train,3257.9993861264,2725.303466796875,0.3608212471008301,6.8755269050598145
BCD,V08_Lite,12,Test,16000.782980841906,12162.888671875,-1.1767091751098633,68.25650024414062
BCD,V09_BiDeep,3,Train,4013.616324463513,3165.67919921875,0.2983667254447937,9.05508804321289
BCD,V09_BiDeep,3,Test,11573.075995602898,8111.29931640625,-0.17894458770751953,42.7697868347168
BCD,V09_BiDeep,6,Train,3753.521013661706,2920.9716796875,0.4109496474266052,8.19299030303955
BCD,V09_BiDeep,6,Test,12861.836882809546,8989.814453125,-0.45613551139831543,47.71552276611328
BCD,V09_BiDeep,12,Train,3361.5029376753487,2919.49658203125,0.31956392526626587,7.288143634796143
BCD,V09_BiDeep,12,Test,16576.523157767435,12920.3251953125,-1.336172103881836,71.21526336669922
BCD,V10_Mixed,3,Train,3953.344154004303,3153.33740234375,0.3192812204360962,8.984904289245605
BCD,V10_Mixed,3,Test,11263.96022720251,7753.3681640625,-0.11680662631988525,41.406368255615234
BCD,V10_Mixed,6,Train,3992.425828991692,2928.911376953125,0.333579421043396,8.41326904296875
BCD,V10_Mixed,6,Test,13268.965897913824,9742.4794921875,-0.5497796535491943,49.950687408447266
BCD,V10_Mixed,12,Train,4417.153381987091,3840.313720703125,-0.1749117374420166,9.323312759399414
BCD,V10_Mixed,12,Test,14107.036542094871,9772.6279296875,-0.6919578313827515,58.38958740234375
CGY,V01_Simple,3,Train,6055.529043774788,4954.37939453125,0.15103751420974731,14.204504013061523
CGY,V01_Simple,3,Test,13808.378905577583,12544.0625,-0.05445659160614014,50.457054138183594
CGY,V01_Simple,6,Train,6015.912233402346,5023.01416015625,0.18195176124572754,14.85764217376709
CGY,V01_Simple,6,Test,14296.255733582831,11082.021484375,-0.13028490543365479,54.17775344848633
CGY,V01_Simple,12,Train,5975.465504879096,4419.47705078125,0.3575093746185303,14.131781578063965
CGY,V01_Simple,12,Test,19498.14596314224,12926.7705078125,-0.7176971435546875,80.37090301513672
CGY,V02_Deep,3,Train,5656.865386413221,4487.51171875,0.2591402530670166,13.619635581970215
CGY,V02_Deep,3,Test,13673.785137993063,11026.4638671875,-0.03400075435638428,51.39854049682617
CGY,V02_Deep,6,Train,5884.731769588143,4849.96240234375,0.21723878383636475,14.990007400512695
CGY,V02_Deep,6,Test,14929.220743227022,10091.1044921875,-0.23258709907531738,55.08298873901367
CGY,V02_Deep,12,Train,5820.0013745702845,4222.3466796875,0.39050590991973877,13.377830505371094
CGY,V02_Deep,12,Test,19808.766544133938,13136.2216796875,-0.7728615999221802,81.71025848388672
CGY,V03_Wide,3,Train,5529.550976345186,4402.35498046875,0.2921128273010254,13.322872161865234
CGY,V03_Wide,3,Test,13533.96675036554,10471.1142578125,-0.012962937355041504,50.57619857788086
CGY,V03_Wide,6,Train,5864.5845547660065,4921.1171875,0.2225894331932068,15.387680053710938
CGY,V03_Wide,6,Test,15592.561816455947,9527.884765625,-0.34455418586730957,55.860836029052734
CGY,V03_Wide,12,Train,5485.27428666972,4206.92724609375,0.4585977792739868,12.903329849243164
CGY,V03_Wide,12,Test,19580.057609721174,13082.6640625,-0.7321596145629883,80.85086059570312
CGY,V04_Triple,3,Train,5886.045191807484,4824.201171875,0.19789451360702515,14.461244583129883
CGY,V04_Triple,3,Test,13808.026651190967,12169.6298828125,-0.054402828216552734,51.41813659667969
CGY,V04_Triple,6,Train,6097.303994389652,5084.40625,0.15966659784317017,15.614263534545898
CGY,V04_Triple,6,Test,14519.69751751048,10898.3115234375,-0.1658923625946045,54.932125091552734
CGY,V04_Triple,12,Train,6589.690736294079,4956.20849609375,0.21863597631454468,15.853777885437012
CGY,V04_Triple,12,Test,19657.404101254062,12962.919921875,-0.7458716630935669,81.09638214111328
CGY,V05_Bidir,3,Train,5413.263710553921,4269.18994140625,0.3215736746788025,12.752551078796387
CGY,V05_Bidir,3,Test,12918.71758341361,10755.060546875,0.0770416259765625,48.60444641113281
CGY,V05_Bidir,6,Train,5618.623140948323,4687.25341796875,0.2864314317703247,14.39327621459961
CGY,V05_Bidir,6,Test,14597.165752295889,9665.126953125,-0.1783665418624878,53.32151794433594
CGY,V05_Bidir,12,Train,5735.740928598501,4227.7333984375,0.40802639722824097,13.330480575561523
CGY,V05_Bidir,12,Test,19681.41864805482,13100.775390625,-0.7501399517059326,81.19203186035156
CGY,V06_Pyramid,3,Train,5819.954295353186,4657.21533203125,0.21580612659454346,14.200840950012207
CGY,V06_Pyramid,3,Test,13798.589493132984,11663.548828125,-0.05296206474304199,51.90452194213867
CGY,V06_Pyramid,6,Train,6103.570430493942,5051.44921875,0.1579384207725525,15.62939739227295
CGY,V06_Pyramid,6,Test,14667.016601886016,10650.21875,-0.18967103958129883,55.1722526550293
CGY,V06_Pyramid,12,Train,6103.17917154658,4389.18212890625,0.32975196838378906,14.073690414428711
CGY,V06_Pyramid,12,Test,20567.747178531732,13698.736328125,-0.9113200902938843,84.9382553100586
CGY,V07_DenseLSTM,3,Train,5819.7030852097605,4861.861328125,0.21587377786636353,15.211952209472656
CGY,V07_DenseLSTM,3,Test,14107.002516480956,10027.6826171875,-0.10055768489837646,51.93535614013672
CGY,V07_DenseLSTM,6,Train,6241.795574992824,5091.5859375,0.11936694383621216,16.37042236328125
CGY,V07_DenseLSTM,6,Test,16285.517983779331,9287.1259765625,-0.46671760082244873,57.23783493041992
CGY,V07_DenseLSTM,12,Train,5553.180350033664,4167.76513671875,0.445110023021698,12.978923797607422
CGY,V07_DenseLSTM,12,Test,19910.719123125615,13257.8857421875,-0.7911578416824341,82.13493347167969
CGY,V08_Lite,3,Train,5813.055994913519,4714.63525390625,0.2176639437675476,13.68844223022461
CGY,V08_Lite,3,Test,13442.165896908133,11974.3818359375,0.0007323622703552246,49.85865783691406
CGY,V08_Lite,6,Train,5679.228116566546,4665.4892578125,0.27095460891723633,13.944992065429688
CGY,V08_Lite,6,Test,13702.82073151364,10623.1806640625,-0.03839671611785889,51.80741500854492
CGY,V08_Lite,12,Train,5468.301930215632,4276.4375,0.46194297075271606,13.337464332580566
CGY,V08_Lite,12,Test,18704.78612548136,12521.6845703125,-0.5807583332061768,77.13973236083984
CGY,V09_BiDeep,3,Train,5313.535169733988,4164.3837890625,0.34634071588516235,12.638121604919434
CGY,V09_BiDeep,3,Test,12917.112990138316,10203.2451171875,0.07727086544036865,48.411495208740234
CGY,V09_BiDeep,6,Train,5679.85686439368,4750.84521484375,0.27079319953918457,14.864726066589355
CGY,V09_BiDeep,6,Test,14866.523467172814,9325.4013671875,-0.22225606441497803,53.556640625
CGY,V09_BiDeep,12,Train,5562.520831421668,4164.98291015625,0.44324177503585815,12.96953296661377
CGY,V09_BiDeep,12,Test,19204.081232904635,12809.650390625,-0.6662764549255371,79.3100357055664
CGY,V10_Mixed,3,Train,5338.567598148402,4224.91455078125,0.3401673436164856,12.965835571289062
CGY,V10_Mixed,3,Test,13096.678052086338,9978.201171875,0.05143815279006958,48.8326416015625
CGY,V10_Mixed,6,Train,5548.868172879943,4673.1484375,0.30403923988342285,14.469385147094727
CGY,V10_Mixed,6,Test,14802.074989676279,9303.1318359375,-0.21168160438537598,53.27192687988281
CGY,V10_Mixed,12,Train,5384.324284439042,4197.0263671875,0.4783421754837036,12.99439525604248
CGY,V10_Mixed,12,Test,19292.604178803856,12985.169921875,-0.681673526763916,79.68013763427734
PPS,V01_Simple,3,Train,8584.212951692194,5853.05908203125,0.4334908723831177,15.080001831054688
PPS,V01_Simple,3,Test,10231.082836142028,9588.4267578125,0.15937793254852295,24.951566696166992
PPS,V01_Simple,6,Train,7231.60175894663,5667.2109375,0.5854368805885315,16.185083389282227
PPS,V01_Simple,6,Test,14883.322747290002,11458.9697265625,-0.7789239883422852,35.68641662597656
PPS,V01_Simple,12,Train,7901.8797763570155,6073.36279296875,0.5639946460723877,16.815841674804688
PPS,V01_Simple,12,Test,22042.80925834999,18514.20703125,-3.071141242980957,59.89841079711914
PPS,V02_Deep,3,Train,7954.341707520491,6308.537109375,0.5135766267776489,18.660341262817383
PPS,V02_Deep,3,Test,10612.292871948079,7680.8330078125,0.09556770324707031,24.464889526367188
PPS,V02_Deep,6,Train,7542.671410050951,6221.11572265625,0.5490046739578247,18.38995361328125
PPS,V02_Deep,6,Test,17514.181682282502,14480.9072265625,-1.4634132385253906,43.427371978759766
PPS,V02_Deep,12,Train,7814.145634680736,5960.3671875,0.5736228227615356,16.226518630981445
PPS,V02_Deep,12,Test,23243.96386161362,19708.615234375,-3.526918411254883,63.428382873535156
PPS,V03_Wide,3,Train,7617.919138452442,5325.42822265625,0.5538523197174072,14.418262481689453
PPS,V03_Wide,3,Test,9838.26936000433,7743.4521484375,0.22268861532211304,23.4725284576416
PPS,V03_Wide,6,Train,7536.047505158125,6071.46484375,0.549796462059021,17.49858856201172
PPS,V03_Wide,6,Test,16742.729048754267,13509.828125,-1.2511794567108154,41.08106231689453
PPS,V03_Wide,12,Train,7768.028063801005,5624.8642578125,0.5786408185958862,14.424928665161133
PPS,V03_Wide,12,Test,21375.762723233995,17745.712890625,-2.828472375869751,57.77369689941406
PPS,V04_Triple,3,Train,8745.674588046368,6941.3310546875,0.4119793772697449,20.43526840209961
PPS,V04_Triple,3,Test,10279.997665369385,8856.2119140625,0.15132063627243042,24.902069091796875
PPS,V04_Triple,6,Train,9049.353126052712,7961.4765625,0.3508325219154358,24.890527725219727
PPS,V04_Triple,6,Test,16677.744691654203,13060.8759765625,-1.2337381839752197,40.35329055786133
PPS,V04_Triple,12,Train,8614.338744210145,6872.6337890625,0.48182690143585205,19.81003189086914
PPS,V04_Triple,12,Test,24301.457404855373,20256.00390625,-3.9481959342956543,65.8510971069336
PPS,V05_Bidir,3,Train,7493.2644421506975,5632.09619140625,0.5683338046073914,15.975147247314453
PPS,V05_Bidir,3,Test,9347.796745757794,7783.57421875,0.2982602119445801,22.59334373474121
PPS,V05_Bidir,6,Train,7576.987000120826,6470.86767578125,0.5448917150497437,19.18004608154297
PPS,V05_Bidir,6,Test,16678.0804650895,13831.2412109375,-1.233828067779541,41.376060485839844
PPS,V05_Bidir,12,Train,7764.911847535682,5798.94189453125,0.5789787769317627,15.756389617919922
PPS,V05_Bidir,12,Test,22354.939677843016,18707.09765625,-3.187253952026367,60.63569641113281
PPS,V06_Pyramid,3,Train,8599.102743891364,6798.56591796875,0.4315239191055298,20.348480224609375
PPS,V06_Pyramid,3,Test,10306.06112925787,8500.2666015625,0.14701181650161743,24.917926788330078
PPS,V06_Pyramid,6,Train,8506.88521140376,7414.330078125,0.4263291358947754,22.504186630249023
PPS,V06_Pyramid,6,Test,15782.424655292989,11898.0390625,-1.0003457069396973,37.49131393432617
PPS,V06_Pyramid,12,Train,8307.701487174416,6593.0087890625,0.5180602669715881,18.716068267822266
PPS,V06_Pyramid,12,Test,24944.07055795024,21000.443359375,-4.213350772857666,67.88834381103516
PPS,V07_DenseLSTM,3,Train,8133.333879781402,6670.06787109375,0.49143892526626587,20.22850227355957
PPS,V07_DenseLSTM,3,Test,11136.651202224122,7578.08837890625,0.003982841968536377,24.911617279052734
PPS,V07_DenseLSTM,6,Train,8140.311296258885,7182.98046875,0.4747045040130615,22.04864501953125
PPS,V07_DenseLSTM,6,Test,20810.20903306836,18384.75,-2.4778473377227783,52.94272994995117
PPS,V07_DenseLSTM,12,Train,7813.593539466971,5812.76904296875,0.5736830830574036,15.598074913024902
PPS,V07_DenseLSTM,12,Test,22850.308006676845,19203.20703125,-3.374882221221924,62.1131706237793
PPS,V08_Lite,3,Train,9091.173741602346,6265.09716796875,0.3646020293235779,15.978315353393555
PPS,V08_Lite,3,Test,11135.336546328539,10752.6787109375,0.004217922687530518,26.29450798034668
PPS,V08_Lite,6,Train,7492.347829619231,5667.15771484375,0.5550025701522827,15.56734848022461
PPS,V08_Lite,6,Test,12614.028381131859,8362.408203125,-0.2778068780899048,28.055004119873047
PPS,V08_Lite,12,Train,7735.715351536664,6065.1796875,0.5821388959884644,16.587390899658203
PPS,V08_Lite,12,Test,21256.741424780987,18031.958984375,-2.785956859588623,57.9981575012207
PPS,V09_BiDeep,3,Train,7295.505191554592,5855.8818359375,0.5908178687095642,17.339319229125977
PPS,V09_BiDeep,3,Test,10279.5116615528,7075.06689453125,0.1514008641242981,23.05525779724121
PPS,V09_BiDeep,6,Train,8060.4721946049785,7141.75244140625,0.48495805263519287,21.825069427490234
PPS,V09_BiDeep,6,Test,18821.066494755287,16445.041015625,-1.8447628021240234,47.65749740600586
PPS,V09_BiDeep,12,Train,7633.503782667563,6036.72314453125,0.5931082963943481,16.529516220092773
PPS,V09_BiDeep,12,Test,22905.782675996907,19576.8984375,-3.3961501121520996,62.705169677734375
PPS,V10_Mixed,3,Train,7621.135873345915,6400.62158203125,0.5534754395484924,19.80445098876953
PPS,V10_Mixed,3,Test,11494.134156168528,8187.02587890625,-0.060987114906311035,26.370052337646484
PPS,V10_Mixed,6,Train,7960.094220547895,7010.89111328125,0.49770593643188477,21.3256778717041
PPS,V10_Mixed,6,Test,19599.739590106805,17441.94140625,-2.085021495819092,49.921321868896484
PPS,V10_Mixed,12,Train,7488.460188850576,5289.7578125,0.6084240674972534,13.306376457214355
PPS,V10_Mixed,12,Test,19129.126692036938,15935.474609375,-2.06600284576416,51.730899810791016
TAG,V01_Simple,3,Train,3483.2141765903516,2609.207763671875,0.39075160026550293,8.91395092010498
TAG,V01_Simple,3,Test,9048.925682090665,7330.8779296875,0.16041076183319092,35.07194519042969
TAG,V01_Simple,6,Train,3827.8019802492395,3106.309814453125,0.31848257780075073,11.033727645874023
TAG,V01_Simple,6,Test,12165.360660498314,9496.857421875,-0.5174795389175415,48.34247970581055
TAG,V01_Simple,12,Train,4002.531573891704,3284.53125,0.433559775352478,11.20858383178711
TAG,V01_Simple,12,Test,16764.513950604116,14271.1015625,-2.8509280681610107,76.24905395507812
TAG,V02_Deep,3,Train,4068.3604805867435,3419.05029296875,0.1688624620437622,12.117905616760254
TAG,V02_Deep,3,Test,10625.104234782828,8729.623046875,-0.15754854679107666,42.60057830810547
TAG,V02_Deep,6,Train,4223.611724578858,3554.912109375,0.17025238275527954,12.712563514709473
TAG,V02_Deep,6,Test,13730.308081030083,10517.767578125,-0.9330068826675415,54.092185974121094
TAG,V02_Deep,12,Train,4232.965863316169,3371.27587890625,0.3664599657058716,11.646151542663574
TAG,V02_Deep,12,Test,16898.530113592722,14365.0048828125,-2.912742853164673,76.8433837890625
TAG,V03_Wide,3,Train,3577.7135156409604,2809.792236328125,0.35724544525146484,9.721449851989746
TAG,V03_Wide,3,Test,9782.908769890477,8070.6005859375,0.018684029579162598,38.99407958984375
TAG,V03_Wide,6,Train,4169.020748329276,3514.357666015625,0.19156306982040405,12.525389671325684
TAG,V03_Wide,6,Test,13857.186438812174,10610.4345703125,-0.9688968658447266,54.52467727661133
TAG,V03_Wide,12,Train,3578.7592822094084,2980.38427734375,0.5471550822257996,9.855559349060059
TAG,V03_Wide,12,Test,16304.095681760458,13912.1689453125,-2.6423099040985107,74.16464233398438
TAG,V04_Triple,3,Train,4290.259665801127,3578.291015625,0.07572495937347412,12.81708812713623
TAG,V04_Triple,3,Test,10594.66318483037,8538.828125,-0.15092527866363525,42.191490173339844
TAG,V04_Triple,6,Train,5360.959055989889,4567.02978515625,-0.33678948879241943,16.620098114013672
TAG,V04_Triple,6,Test,14175.053015773874,10739.607421875,-1.0602610111236572,55.734580993652344
TAG,V04_Triple,12,Train,4339.628785967759,3290.014404296875,0.3341296315193176,11.359928131103516
TAG,V04_Triple,12,Test,16696.635349674496,13857.3544921875,-2.8198065757751465,75.3753662109375
TAG,V05_Bidir,3,Train,3463.262046106243,2769.551025390625,0.39771121740341187,9.680780410766602
TAG,V05_Bidir,3,Test,9399.403385321857,7890.9453125,0.09411430358886719,37.813514709472656
TAG,V05_Bidir,6,Train,4162.346693873541,3511.882568359375,0.19414931535720825,12.540876388549805
TAG,V05_Bidir,6,Test,12527.530642548834,9717.328125,-0.6091768741607666,49.492183685302734
TAG,V05_Bidir,12,Train,3788.041446446963,3202.69873046875,0.4926426410675049,10.755109786987305
TAG,V05_Bidir,12,Test,16186.611751691582,13810.1484375,-2.5900075435638428,73.61885070800781
TAG,V06_Pyramid,3,Train,4239.921225683326,3541.322021484375,0.09728717803955078,12.648884773254395
TAG,V06_Pyramid,3,Test,10662.632695540065,8616.3388671875,-0.16574013233184814,42.50376510620117
TAG,V06_Pyramid,6,Train,4456.558313317576,3708.2734375,0.07620155811309814,13.374776840209961
TAG,V06_Pyramid,6,Test,13724.891256399811,10481.5751953125,-0.9314820766448975,54.20063018798828
TAG,V06_Pyramid,12,Train,4512.17109604678,3500.54345703125,0.2801274061203003,12.201545715332031
TAG,V06_Pyramid,12,Test,17108.319379763754,14408.3623046875,-3.0104966163635254,77.6036148071289
TAG,V07_DenseLSTM,3,Train,4272.004681645375,3652.197265625,0.08357387781143188,12.99307632446289
TAG,V07_DenseLSTM,3,Test,10824.948221585173,8849.0712890625,-0.2015019655227661,43.35295104980469
TAG,V07_DenseLSTM,6,Train,4234.013462425456,3558.08203125,0.16616040468215942,12.734646797180176
TAG,V07_DenseLSTM,6,Test,13754.97582695077,10535.748046875,-0.9399588108062744,54.224281311035156
TAG,V07_DenseLSTM,12,Train,4006.512074111346,3188.55322265625,0.4324325919151306,10.927309036254883
TAG,V07_DenseLSTM,12,Test,17148.611605608192,14600.845703125,-3.029409408569336,78.01904296875
TAG,V08_Lite,3,Train,3615.8564683903037,2660.380859375,0.34346723556518555,8.894472122192383
TAG,V08_Lite,3,Test,9001.524315359038,7384.25341796875,0.1691838502883911,34.62803649902344
TAG,V08_Lite,6,Train,3731.082952709575,2983.971923828125,0.3524879217147827,10.580724716186523
TAG,V08_Lite,6,Test,11745.633401396453,9217.8271484375,-0.41457414627075195,46.73480987548828
TAG,V08_Lite,12,Train,4274.690164210735,3439.393798828125,0.35390883684158325,11.850982666015625
TAG,V08_Lite,12,Test,16328.392939906855,13767.1640625,-2.6531739234924316,74.05792236328125
TAG,V09_BiDeep,3,Train,3769.003714511303,3136.9462890625,0.28667545318603516,11.06600284576416
TAG,V09_BiDeep,3,Test,9937.257971895466,8319.666015625,-0.012525439262390137,39.99489974975586
TAG,V09_BiDeep,6,Train,4142.861330047145,3508.469970703125,0.201676607131958,12.533349990844727
TAG,V09_BiDeep,6,Test,12796.20506243941,9931.517578125,-0.6789401769638062,50.541866302490234
TAG,V09_BiDeep,12,Train,3758.3238285171756,3077.90771484375,0.5005719661712646,10.404702186584473
TAG,V09_BiDeep,12,Test,16273.308206999583,13899.4296875,-2.6285669803619385,74.06658935546875
TAG,V10_Mixed,3,Train,3667.988140656946,3010.872802734375,0.3243996500968933,10.631551742553711
TAG,V10_Mixed,3,Test,9671.494196865342,8104.48388671875,0.0409085750579834,38.955162048339844
TAG,V10_Mixed,6,Train,3477.4857296615896,2664.599853515625,0.43751782178878784,9.303370475769043
TAG,V10_Mixed,6,Test,11251.25450783156,8941.3896484375,-0.2980000972747803,44.884254455566406
TAG,V10_Mixed,12,Train,3571.822503988685,3010.904296875,0.5489088892936707,9.998234748840332
TAG,V10_Mixed,12,Test,15237.536808815263,12995.34765625,-2.181361198425293,69.2658920288086
TAC,V01_Simple,3,Train,3242.563646252761,2566.481689453125,0.31635522842407227,9.342450141906738
TAC,V01_Simple,3,Test,12180.442028103906,8158.7802734375,-0.013524413108825684,1109.7589111328125
TAC,V01_Simple,6,Train,3141.7189562403573,2445.535888671875,0.19236665964126587,8.687854766845703
TAC,V01_Simple,6,Test,14000.630271527065,8228.353515625,-0.33907008171081543,1291.4815673828125
TAC,V01_Simple,12,Train,2691.648286830952,1910.130126953125,0.31777065992355347,6.083314895629883
TAC,V01_Simple,12,Test,16525.59421019408,11028.927734375,-0.6321456432342529,1804.7969970703125
TAC,V02_Deep,3,Train,3403.568715333951,2704.215087890625,0.24677878618240356,10.046936988830566
TAC,V02_Deep,3,Test,12753.891327747779,8228.4404296875,-0.11120331287384033,1168.27978515625
TAC,V02_Deep,6,Train,3287.076968980191,2593.587158203125,0.11590421199798584,9.202498435974121
TAC,V02_Deep,6,Test,14888.974175543459,9145.978515625,-0.5143898725509644,1372.0975341796875
TAC,V02_Deep,12,Train,2802.287190849646,2045.667724609375,0.26053255796432495,6.459558010101318
TAC,V02_Deep,12,Test,16949.51657127719,11274.373046875,-0.7169568538665771,1858.9185791015625
TAC,V03_Wide,3,Train,3312.394753044993,2645.513916015625,0.2865925431251526,9.524735450744629
TAC,V03_Wide,3,Test,12366.516728650797,8321.9912109375,-0.044727206230163574,1127.0882568359375
TAC,V03_Wide,6,Train,3146.145260473521,2357.865478515625,0.19008934497833252,8.294289588928223
TAC,V03_Wide,6,Test,14343.630223900782,8316.2451171875,-0.4054851531982422,1333.7332763671875
TAC,V03_Wide,12,Train,2671.802387902219,1884.2291259765625,0.3277938961982727,6.033783435821533
TAC,V03_Wide,12,Test,17293.512309533886,11646.318359375,-0.7873563766479492,1884.0076904296875
TAC,V04_Triple,3,Train,3491.589895735179,2742.732177734375,0.20731621980667114,10.104911804199219
TAC,V04_Triple,3,Test,12627.116852235113,8454.0732421875,-0.08922231197357178,1161.1953125
TAC,V04_Triple,6,Train,3420.381703845347,2868.276611328125,0.04274266958236694,10.302555084228516
TAC,V04_Triple,6,Test,14519.460045056772,8385.9931640625,-0.44015443325042725,1357.3134765625
TAC,V04_Triple,12,Train,2626.7450390169197,2009.9202880859375,0.350274920463562,6.505128860473633
TAC,V04_Triple,12,Test,17750.518189619143,11959.662109375,-0.8830715417861938,1938.0802001953125
TAC,V05_Bidir,3,Train,3152.4347733141126,2500.01123046875,0.35383158922195435,9.207682609558105
TAC,V05_Bidir,3,Test,11989.598825648838,7878.54931640625,0.017986536026000977,1088.86962890625
TAC,V05_Bidir,6,Train,3175.241093208514,2478.036865234375,0.17503982782363892,8.792991638183594
TAC,V05_Bidir,6,Test,14214.904290919443,8485.7548828125,-0.3803715705871582,1306.465087890625
TAC,V05_Bidir,12,Train,2627.332677831264,1885.588134765625,0.34998422861099243,6.110466480255127
TAC,V05_Bidir,12,Test,17201.54318658649,11614.931640625,-0.7683961391448975,1868.0257568359375
TAC,V06_Pyramid,3,Train,3500.490108541945,2742.560791015625,0.20326995849609375,10.201539039611816
TAC,V06_Pyramid,3,Test,12823.566430599561,8394.4189453125,-0.12337756156921387,1180.4161376953125
TAC,V06_Pyramid,6,Train,3459.096991990829,2898.3642578125,0.020949602127075195,10.375138282775879
TAC,V06_Pyramid,6,Test,15053.940879384374,9212.5986328125,-0.5481339693069458,1398.8863525390625
TAC,V06_Pyramid,12,Train,2611.5149817682454,2037.2666015625,0.35778743028640747,6.660756587982178
TAC,V06_Pyramid,12,Test,17915.78700476203,12107.6435546875,-0.9182999134063721,1952.4586181640625
TAC,V07_DenseLSTM,3,Train,3408.900409222892,2736.931640625,0.24441707134246826,10.148658752441406
TAC,V07_DenseLSTM,3,Test,12888.96954764034,8213.6640625,-0.13486576080322266,1177.785400390625
TAC,V07_DenseLSTM,6,Train,3310.9818785369393,2649.510009765625,0.10299849510192871,9.439384460449219
TAC,V07_DenseLSTM,6,Test,14780.617037187589,8898.455078125,-0.4924274682998657,1368.253662109375
TAC,V07_DenseLSTM,12,Train,2645.062381116937,1893.1041259765625,0.34118175506591797,6.095623970031738
TAC,V07_DenseLSTM,12,Test,17382.516273543366,11712.125,-0.8058016300201416,1892.8616943359375
TAC,V08_Lite,3,Train,3407.7646632360047,2698.122314453125,0.24492043256759644,9.613141059875488
TAC,V08_Lite,3,Test,11946.287121947136,8471.8154296875,0.02506864070892334,1081.77099609375
TAC,V08_Lite,6,Train,3018.778395311587,2217.751220703125,0.25433796644210815,7.7371320724487305
TAC,V08_Lite,6,Test,13305.951149767536,7663.359375,-0.20948362350463867,1241.1402587890625
TAC,V08_Lite,12,Train,2744.5325649370607,2083.20703125,0.2906990051269531,6.695281028747559
TAC,V08_Lite,12,Test,17099.872280224787,11287.716796875,-0.7475534677505493,1882.90673828125
TAC,V09_BiDeep,3,Train,3249.0727908127883,2604.301513671875,0.31360769271850586,9.713373184204102
TAC,V09_BiDeep,3,Test,12309.143918242244,7862.85986328125,-0.03505599498748779,1113.47900390625
TAC,V09_BiDeep,6,Train,3212.059619621031,2555.101806640625,0.15579724311828613,9.105711936950684
TAC,V09_BiDeep,6,Test,14186.731265517084,8621.0693359375,-0.3749053478240967,1296.121826171875
TAC,V09_BiDeep,12,Train,2688.6445469790165,1933.909912109375,0.31929248571395874,6.155289173126221
TAC,V09_BiDeep,12,Test,16711.049278845418,11187.857421875,-0.6689839363098145,1824.0245361328125
TAC,V10_Mixed,3,Train,3218.439528715741,2574.4599609375,0.32648974657058716,9.60348129272461
TAC,V10_Mixed,3,Test,12185.758901274881,7809.6728515625,-0.014409422874450684,1099.7659912109375
TAC,V10_Mixed,6,Train,3181.698760096562,2525.822998046875,0.17168092727661133,9.009560585021973
TAC,V10_Mixed,6,Test,13909.27747943796,8465.0849609375,-0.3216524124145508,1266.1051025390625
TAC,V10_Mixed,12,Train,2840.208971185043,2106.2734375,0.24038350582122803,6.646811008453369
TAC,V10_Mixed,12,Test,16069.812693370137,10650.0751953125,-0.5433568954467773,1758.6483154296875
ZAM,V01_Simple,3,Train,7782.071446600834,5494.0693359375,0.2814912796020508,17.12088394165039
ZAM,V01_Simple,3,Test,7888.393752849815,6510.34619140625,-0.3833024501800537,47.24097442626953
ZAM,V01_Simple,6,Train,6853.699730802335,4980.74169921875,0.4630788564682007,17.2526912689209
ZAM,V01_Simple,6,Test,15133.48710641404,14871.642578125,-4.091174602508545,87.31169128417969
ZAM,V01_Simple,12,Train,9482.346123191242,7180.89990234375,-0.02429831027984619,20.685379028320312
ZAM,V01_Simple,12,Test,17010.936717300432,16387.75390625,-7.670270919799805,115.35978698730469
ZAM,V02_Deep,3,Train,6850.894248198551,4845.4375,0.44315266609191895,16.16425323486328
ZAM,V02_Deep,3,Test,9204.250322541211,8044.16796875,-0.8832885026931763,54.82280731201172
ZAM,V02_Deep,6,Train,7020.0239315831395,5157.39697265625,0.4367028474807739,18.203197479248047
ZAM,V02_Deep,6,Test,16335.552883205391,16116.828125,-4.932088851928711,94.04314422607422
ZAM,V02_Deep,12,Train,9597.675551924018,7264.59521484375,-0.049365997314453125,20.797948837280273
ZAM,V02_Deep,12,Test,17666.40563329168,16987.69921875,-8.351314544677734,119.8343505859375
ZAM,V03_Wide,3,Train,6641.393227328133,4708.28369140625,0.47668880224227905,15.834715843200684
ZAM,V03_Wide,3,Test,9420.482790175884,8363.552734375,-0.9728147983551025,55.96820068359375
ZAM,V03_Wide,6,Train,6420.536737687901,4952.83349609375,0.5288023948669434,17.769886016845703
ZAM,V03_Wide,6,Test,18161.13740931443,17960.912109375,-6.332061290740967,100.80097961425781
ZAM,V03_Wide,12,Train,9758.682288096074,7380.42041015625,-0.08486878871917725,20.68329620361328
ZAM,V03_Wide,12,Test,14449.948927245383,13844.400390625,-5.256174564361572,98.3206558227539
ZAM,V04_Triple,3,Train,8057.409757484101,5733.001953125,0.22974854707717896,18.136367797851562
ZAM,V04_Triple,3,Test,8475.03533915936,7001.6787109375,-0.5966988801956177,50.962806701660156
ZAM,V04_Triple,6,Train,7609.867278737521,5676.59765625,0.3380662202835083,19.555978775024414
ZAM,V04_Triple,6,Test,15292.83283110098,14951.8212890625,-4.198952674865723,89.92589569091797
ZAM,V04_Triple,12,Train,10264.078721444024,7624.3876953125,-0.2001481056213379,21.33937644958496
ZAM,V04_Triple,12,Test,17387.997699562766,16400.90234375,-8.05889892578125,118.54219055175781
ZAM,V05_Bidir,3,Train,6921.318371524315,4942.8818359375,0.4316455125808716,16.047466278076172
ZAM,V05_Bidir,3,Test,8107.551048251254,6776.97314453125,-0.46123266220092773,47.9354133605957
ZAM,V05_Bidir,6,Train,6262.684727814422,4765.2021484375,0.5516868233680725,17.108983993530273
ZAM,V05_Bidir,6,Test,16285.521422416907,16025.408203125,-4.895808219909668,91.5618896484375
ZAM,V05_Bidir,12,Train,9589.433768476636,7163.22021484375,-0.04756450653076172,20.169219970703125
ZAM,V05_Bidir,12,Test,15550.153182525244,14877.5595703125,-6.245120048522949,105.76783752441406
ZAM,V06_Pyramid,3,Train,7858.944712873351,5582.01611328125,0.2672259211540222,17.73393440246582
ZAM,V06_Pyramid,3,Test,8547.623295396212,7087.22998046875,-0.6241670846939087,51.237548828125
ZAM,V06_Pyramid,6,Train,7476.490888110545,5536.33154296875,0.3610660433769226,19.12554931640625
ZAM,V06_Pyramid,6,Test,15617.328836904217,15320.6201171875,-4.421925067901611,91.35624694824219
ZAM,V06_Pyramid,12,Train,9833.789910304165,7484.40380859375,-0.10163247585296631,21.568510055541992
ZAM,V06_Pyramid,12,Test,19905.76197988914,19041.91015625,-10.872272491455078,135.09857177734375
ZAM,V07_DenseLSTM,3,Train,6368.214506437421,4776.234375,0.5188539028167725,17.346738815307617
ZAM,V07_DenseLSTM,3,Test,11036.899927062852,10193.4580078125,-1.7079098224639893,65.36978149414062
ZAM,V07_DenseLSTM,6,Train,6939.185831205272,5629.42626953125,0.44960129261016846,20.981903076171875
ZAM,V07_DenseLSTM,6,Test,20121.72398180633,19978.73828125,-8.000576972961426,112.19380950927734
ZAM,V07_DenseLSTM,12,Train,10484.443714379891,7797.59912109375,-0.25223445892333984,21.458702087402344
ZAM,V07_DenseLSTM,12,Test,15777.891874391838,14959.2890625,-6.458889961242676,107.57515716552734
ZAM,V08_Lite,3,Train,7276.587936663722,5163.05322265625,0.37180107831954956,16.453779220581055
ZAM,V08_Lite,3,Test,8033.195130208154,6698.27197265625,-0.43455302715301514,47.78901672363281
ZAM,V08_Lite,6,Train,7139.839774112582,5133.84228515625,0.41731035709381104,17.219717025756836
ZAM,V08_Lite,6,Test,13059.218353331871,12632.3564453125,-2.7911794185638428,77.01732635498047
ZAM,V08_Lite,12,Train,9187.606870126736,6868.63525390625,0.03838843107223511,19.413118362426758
ZAM,V08_Lite,12,Test,14059.561301832999,13445.8154296875,-4.92270040512085,95.74071502685547
ZAM,V09_BiDeep,3,Train,6658.077800686922,4767.38671875,0.4740561842918396,15.781545639038086
ZAM,V09_BiDeep,3,Test,8372.6851129133,7061.1201171875,-0.5583661794662476,49.2437629699707
ZAM,V09_BiDeep,6,Train,6376.160286567458,4820.13720703125,0.5352934002876282,17.428417205810547
ZAM,V09_BiDeep,6,Test,16231.392300107838,15991.1396484375,-4.856680870056152,92.01580047607422
ZAM,V09_BiDeep,12,Train,9950.524810280109,7461.3642578125,-0.12794208526611328,20.740144729614258
ZAM,V09_BiDeep,12,Test,15287.805336280286,14503.560546875,-6.002716541290283,104.26766967773438
ZAM,V10_Mixed,3,Train,6379.487753730702,4599.29443359375,0.5171488523483276,15.483333587646484
ZAM,V10_Mixed,3,Test,8744.3545216328,7580.4501953125,-0.6997908353805542,51.41022872924805
ZAM,V10_Mixed,6,Train,6365.45646438651,5001.3046875,0.5368523001670837,18.81363868713379
ZAM,V10_Mixed,6,Test,17787.891611992694,17540.958984375,-6.033782482147217,99.07377624511719
ZAM,V10_Mixed,12,Train,9438.483776539535,7093.42041015625,-0.014844059944152832,19.902137756347656
ZAM,V10_Mixed,12,Test,13342.948399810291,12682.134765625,-4.334329605102539,91.06422424316406
GES,V01_Simple,3,Train,5051.364964046847,3989.9375,0.3615153431892395,13.877044677734375
GES,V01_Simple,3,Test,8138.276476011368,6228.8427734375,0.04101043939590454,38.046424865722656
GES,V01_Simple,6,Train,4836.43174251431,3853.8046875,0.4650677442550659,14.879761695861816
GES,V01_Simple,6,Test,11963.517208580426,10333.7412109375,-1.0723674297332764,58.24683380126953
GES,V01_Simple,12,Train,5279.544487926965,4340.64013671875,0.2950654625892639,13.847920417785645
GES,V01_Simple,12,Test,12769.150950630978,11049.455078125,-1.7916309833526611,69.86711883544922
GES,V02_Deep,3,Train,4657.965650367121,3701.7275390625,0.45709288120269775,13.959627151489258
GES,V02_Deep,3,Test,9590.521987879492,7788.5302734375,-0.3317831754684448,46.090309143066406
GES,V02_Deep,6,Train,5280.202458239646,4271.291015625,0.36239778995513916,17.067005157470703
GES,V02_Deep,6,Test,14700.068571268639,13479.0185546875,-2.1288716793060303,72.4560317993164
GES,V02_Deep,12,Train,5032.204487101056,3967.500732421875,0.35956883430480957,13.226337432861328
GES,V02_Deep,12,Test,16350.20587026353,14566.404296875,-3.5769948959350586,90.29411315917969
GES,V03_Wide,3,Train,4673.9584936111705,3669.3759765625,0.45335841178894043,13.305229187011719
GES,V03_Wide,3,Test,8754.10715036091,6928.83154296875,-0.10961616039276123,41.645389556884766
GES,V03_Wide,6,Train,4999.695990757838,4034.574951171875,0.4283425807952881,15.621654510498047
GES,V03_Wide,6,Test,13289.09026231668,11868.03125,-1.557051658630371,65.36534881591797
GES,V03_Wide,12,Train,5040.260310737928,3952.491455078125,0.3575167655944824,13.125346183776855
GES,V03_Wide,12,Test,16815.703137246448,15132.7001953125,-3.841322898864746,93.02796936035156
GES,V04_Triple,3,Train,5117.973427050984,4142.1337890625,0.3445659279823303,15.205100059509277
GES,V04_Triple,3,Test,9075.102644047614,6946.2646484375,-0.19248270988464355,42.755897521972656
GES,V04_Triple,6,Train,5584.8031299232025,4604.81103515625,0.2867128849029541,18.103782653808594
GES,V04_Triple,6,Test,13733.960827088447,12144.5107421875,-1.73111891746521,67.643310546875
GES,V04_Triple,12,Train,5156.923113640536,4148.2646484375,0.32743048667907715,14.34747314453125
GES,V04_Triple,12,Test,17383.765299842264,15457.8251953125,-4.173943519592285,95.97390747070312
GES,V05_Bidir,3,Train,4530.303742576209,3553.20947265625,0.48644423484802246,13.273250579833984
GES,V05_Bidir,3,Test,8822.264108492785,7135.89404296875,-0.12696170806884766,42.176090240478516
GES,V05_Bidir,6,Train,4976.242156487162,4112.10205078125,0.4336933493614197,16.22169303894043
GES,V05_Bidir,6,Test,13338.219971195556,12023.9677734375,-1.575993537902832,65.26660919189453
GES,V05_Bidir,12,Train,5288.095876589228,4315.6689453125,0.29277998208999634,13.919000625610352
GES,V05_Bidir,12,Test,15519.489682331698,13568.689453125,-3.1237168312072754,85.36148071289062
GES,V06_Pyramid,3,Train,4984.732289702226,4023.401611328125,0.37824875116348267,15.343668937683105
GES,V06_Pyramid,3,Test,9819.230927114404,7865.2333984375,-0.39605963230133057,47.174217224121094
GES,V06_Pyramid,6,Train,5824.206383705852,4707.21533203125,0.22424936294555664,19.071941375732422
GES,V06_Pyramid,6,Test,15165.770933256244,13857.5908203125,-2.330258846282959,74.93145751953125
GES,V06_Pyramid,12,Train,5103.951606353649,4053.860595703125,0.34117668867111206,13.741439819335938
GES,V06_Pyramid,12,Test,17444.40769989053,15541.439453125,-4.210104465484619,96.34361267089844
GES,V07_DenseLSTM,3,Train,4901.92105199584,4108.07763671875,0.3987354636192322,15.93030834197998
GES,V07_DenseLSTM,3,Test,10731.1960190838,8847.166015625,-0.6674209833145142,51.50899124145508
GES,V07_DenseLSTM,6,Train,5735.855472377246,4643.869140625,0.24760651588439941,18.88475227355957
GES,V07_DenseLSTM,6,Test,16016.644342683021,14940.1943359375,-2.7144291400909424,78.94561767578125
GES,V07_DenseLSTM,12,Train,4994.641128249356,3898.98828125,0.3690943121910095,13.197896957397461
GES,V07_DenseLSTM,12,Test,17768.839241773785,16025.3203125,-4.405702114105225,98.3404769897461
GES,V08_Lite,3,Train,5457.194150843453,4265.361328125,0.25480180978775024,14.397562980651855
GES,V08_Lite,3,Test,7807.614232273519,5736.3671875,0.11735570430755615,35.252708435058594
GES,V08_Lite,6,Train,4667.083671844764,3640.594970703125,0.5018733143806458,13.893119812011719
GES,V08_Lite,6,Test,11461.044629526577,9817.6767578125,-0.9019427299499512,55.475616455078125
GES,V08_Lite,12,Train,5048.299515678522,4097.59423828125,0.3554655909538269,13.308683395385742
GES,V08_Lite,12,Test,13527.229428083196,11826.4326171875,-2.13293719291687,74.26946258544922
GES,V09_BiDeep,3,Train,4502.9523648379845,3558.7451171875,0.4926266074180603,13.580266952514648
GES,V09_BiDeep,3,Test,9248.678175825991,7639.72998046875,-0.23853516578674316,44.39655685424805
GES,V09_BiDeep,6,Train,5146.0649043711055,4235.2060546875,0.39438146352767944,16.899490356445312
GES,V09_BiDeep,6,Test,14029.23632989337,12832.623046875,-1.8498177528381348,68.64778137207031
GES,V09_BiDeep,12,Train,5256.462118193186,4338.82470703125,0.3012160062789917,13.92694091796875
GES,V09_BiDeep,12,Test,14494.445832800922,12660.046875,-2.596973419189453,79.65644073486328
GES,V10_Mixed,3,Train,4562.162425867803,3641.505615234375,0.47919583320617676,14.0227632522583
GES,V10_Mixed,3,Test,9516.568709361583,7903.03564453125,-0.3113234043121338,45.73027038574219
GES,V10_Mixed,6,Train,5216.405850775033,4284.01611328125,0.3777120113372803,17.13404655456543
GES,V10_Mixed,6,Test,13760.077325364127,12505.125,-1.741515874862671,67.30558013916016
GES,V10_Mixed,12,Train,4918.769561587532,3893.047607421875,0.38811635971069336,12.913976669311523
GES,V10_Mixed,12,Test,14720.040217336364,13122.044921875,-2.709812641143799,81.19303131103516
BXU,V01_Simple,3,Train,2224.5881641328583,1831.2037353515625,-0.10212337970733643,9.234867095947266
BXU,V01_Simple,3,Test,9522.133374407229,8035.04052734375,-0.0860745906829834,63.8308219909668
BXU,V01_Simple,6,Train,2175.6243931340723,1619.7825927734375,-0.0889596939086914,8.478310585021973
BXU,V01_Simple,6,Test,10708.950275353789,8141.58447265625,-0.3736780881881714,72.92523956298828
BXU,V01_Simple,12,Train,3267.305923846128,2908.823486328125,0.12335681915283203,13.699142456054688
BXU,V01_Simple,12,Test,12149.802961365258,8621.2451171875,-0.6157821416854858,94.02264404296875
BXU,V02_Deep,3,Train,2539.133218245943,2116.962646484375,-0.43582653999328613,10.979743003845215
BXU,V02_Deep,3,Test,10024.274138310464,7423.95751953125,-0.20364117622375488,66.69833374023438
BXU,V02_Deep,6,Train,2611.449884642629,2111.692138671875,-0.5689437389373779,11.042290687561035
BXU,V02_Deep,6,Test,11320.943070257,7777.640625,-0.5351696014404297,75.8528060913086
BXU,V02_Deep,12,Train,4038.1988559257456,3700.84619140625,-0.3391174077987671,17.906490325927734
BXU,V02_Deep,12,Test,13025.703205585485,8654.599609375,-0.8571487665176392,99.1695785522461
BXU,V03_Wide,3,Train,2334.787463560656,1927.9833984375,-0.21401965618133545,9.825263023376465
BXU,V03_Wide,3,Test,9846.566101946404,7601.48095703125,-0.16134369373321533,65.56925964355469
BXU,V03_Wide,6,Train,2247.668013742243,1728.8824462890625,-0.16227340698242188,9.039587020874023
BXU,V03_Wide,6,Test,11251.988268746107,7822.03369140625,-0.5165255069732666,75.21101379394531
BXU,V03_Wide,12,Train,3123.3462824349144,2737.281982421875,0.19890588521957397,12.81472396850586
BXU,V03_Wide,12,Test,12818.745024377386,8984.2607421875,-0.7986031770706177,99.20364379882812
BXU,V04_Triple,3,Train,2629.1551875079567,2160.86669921875,-0.5394423007965088,11.290268898010254
BXU,V04_Triple,3,Test,9883.229836445169,7778.60986328125,-0.17000842094421387,66.92218780517578
BXU,V04_Triple,6,Train,2532.7076420305602,2039.216796875,-0.47575438022613525,10.666511535644531
BXU,V04_Triple,6,Test,10712.27557524544,8239.1826171875,-0.3745313882827759,73.53388214111328
BXU,V04_Triple,12,Train,4145.271040595536,3813.093017578125,-0.41107189655303955,18.443809509277344
BXU,V04_Triple,12,Test,12844.95792130126,8647.2421875,-0.8059666156768799,98.26727294921875
BXU,V05_Bidir,3,Train,2304.655180281857,1883.410888671875,-0.182886004447937,9.774807929992676
BXU,V05_Bidir,3,Test,9426.095267925102,7171.9130859375,-0.0642772912979126,62.030696868896484
BXU,V05_Bidir,6,Train,2333.8141528407955,1793.7525634765625,-0.25307345390319824,9.394474983215332
BXU,V05_Bidir,6,Test,10679.143411341567,7561.90478515625,-0.366041898727417,71.11898803710938
BXU,V05_Bidir,12,Train,3477.9964059785916,3139.24072265625,0.006651759147644043,15.009875297546387
BXU,V05_Bidir,12,Test,12958.293097472368,8623.7314453125,-0.8379764556884766,98.57982635498047
BXU,V06_Pyramid,3,Train,2725.9357109073576,2259.913818359375,-0.6548635959625244,11.789851188659668
BXU,V06_Pyramid,3,Test,10099.864157502318,7582.03369140625,-0.22186219692230225,67.90233612060547
BXU,V06_Pyramid,6,Train,2802.34446490791,2338.185302734375,-0.806704044342041,12.198806762695312
BXU,V06_Pyramid,6,Test,11234.185328718768,7976.14697265625,-0.5117303133010864,76.16290283203125
BXU,V06_Pyramid,12,Train,4166.284195779256,3833.35888671875,-0.42541396617889404,18.537715911865234
BXU,V06_Pyramid,12,Test,12735.986180897025,8600.71875,-0.7754544019699097,97.4920883178711
BXU,V07_DenseLSTM,3,Train,2464.2268564399665,2047.1082763671875,-0.35236024856567383,10.571416854858398
BXU,V07_DenseLSTM,3,Test,9965.523368092616,7536.25732421875,-0.1895737648010254,66.52821350097656
BXU,V07_DenseLSTM,6,Train,2307.3687394952717,1782.4749755859375,-0.22483611106872559,9.333273887634277
BXU,V07_DenseLSTM,6,Test,11054.138410568234,8075.4931640625,-0.4636625051498413,74.99456787109375
BXU,V07_DenseLSTM,12,Train,3916.5059683345307,3572.376953125,-0.25962376594543457,17.281768798828125
BXU,V07_DenseLSTM,12,Test,13342.992767741425,8782.587890625,-0.9487262964248657,101.32698822021484
BXU,V08_Lite,3,Train,2184.240142475181,1807.7525634765625,-0.06250691413879395,9.062859535217285
BXU,V08_Lite,3,Test,9258.76104022563,7901.14404296875,-0.026826143264770508,61.605125427246094
BXU,V08_Lite,6,Train,1966.3002695417606,1478.9525146484375,0.11050474643707275,7.619266986846924
BXU,V08_Lite,6,Test,10008.90123839775,8327.736328125,-0.19995224475860596,68.36334991455078
BXU,V08_Lite,12,Train,3068.714062926033,2573.34765625,0.2266855239868164,11.820481300354004
BXU,V08_Lite,12,Test,11431.592365020719,8711.03125,-0.4304009675979614,89.9458999633789
BXU,V09_BiDeep,3,Train,2402.10053911155,1970.1541748046875,-0.2850302457809448,10.249673843383789
BXU,V09_BiDeep,3,Test,9593.42733333609,6940.62060546875,-0.10239887237548828,62.513816833496094
BXU,V09_BiDeep,6,Train,2049.0850397189474,1557.7025146484375,0.03402942419052124,8.093189239501953
BXU,V09_BiDeep,6,Test,10308.115249646757,7844.00244140625,-0.27276933193206787,69.62887573242188
BXU,V09_BiDeep,12,Train,3680.9016558446656,3329.374267578125,-0.1126323938369751,16.065736770629883
BXU,V09_BiDeep,12,Test,13076.312018302408,8610.4501953125,-0.8716080188751221,98.9283676147461
BXU,V10_Mixed,3,Train,2235.1720291735937,1859.638916015625,-0.11263549327850342,9.543614387512207
BXU,V10_Mixed,3,Test,9372.121211337379,7130.02880859375,-0.0521240234375,61.349517822265625
BXU,V10_Mixed,6,Train,2522.6201656214516,1990.486328125,-0.46402227878570557,10.425532341003418
BXU,V10_Mixed,6,Test,11041.662555974077,7443.76220703125,-0.4603605270385742,72.92451477050781
BXU,V10_Mixed,12,Train,3783.8389236329813,3437.12548828125,-0.17573249340057373,16.630781173706055
BXU,V10_Mixed,12,Test,13272.966812284283,8776.265625,-0.9283255338668823,100.1811294555664
CRK,V01_Simple,3,Train,7863.770088195611,5824.83203125,0.3128599524497986,375.9420471191406
CRK,V01_Simple,3,Test,10598.595756042401,8870.908203125,-0.019888758659362793,47.64258575439453
CRK,V01_Simple,6,Train,7578.6650539524435,6179.20947265625,0.19562536478042603,51.60087966918945
CRK,V01_Simple,6,Test,11773.316949780976,9625.9462890625,-0.2585017681121826,79.1994400024414
CRK,V01_Simple,12,Train,7393.309948865934,6554.0791015625,0.4768691658973694,48.011661529541016
CRK,V01_Simple,12,Test,20645.901481892237,18790.927734375,-5.914540767669678,161.87054443359375
CRK,V02_Deep,3,Train,7338.8677600839765,5634.7646484375,0.4015308618545532,370.6120300292969
CRK,V02_Deep,3,Test,9632.285710048265,7853.57373046875,0.15760678052902222,49.86027145385742
CRK,V02_Deep,6,Train,7603.5297066559815,6397.009765625,0.19033867120742798,55.5457649230957
CRK,V02_Deep,6,Test,14522.333696758245,11607.3271484375,-0.9148244857788086,97.86138916015625
CRK,V02_Deep,12,Train,7512.837014071316,6589.7197265625,0.4598175883293152,47.98680114746094
CRK,V02_Deep,12,Test,23188.71725645901,21079.203125,-7.722662925720215,182.0703125
CRK,V03_Wide,3,Train,7483.964190186909,5569.7744140625,0.3776323199272156,345.9060363769531
CRK,V03_Wide,3,Test,9836.666915169995,8007.89111328125,0.12147915363311768,48.00651550292969
CRK,V03_Wide,6,Train,7262.705556471362,5942.85888671875,0.26129716634750366,45.54658126831055
CRK,V03_Wide,6,Test,12424.004507404205,10322.8740234375,-0.4014556407928467,84.50782775878906
CRK,V03_Wide,12,Train,6957.3874406992745,5902.1591796875,0.5367398858070374,41.187278747558594
CRK,V03_Wide,12,Test,22114.567868262766,20215.359375,-6.93327522277832,173.26004028320312
CRK,V04_Triple,3,Train,7921.034023408813,6169.18017578125,0.3028160333633423,481.7398681640625
CRK,V04_Triple,3,Test,10479.067515766848,8773.27734375,0.002985656261444092,50.063968658447266
CRK,V04_Triple,6,Train,7970.330231552517,6682.96337890625,0.11033695936203003,62.20526123046875
CRK,V04_Triple,6,Test,12979.044648971665,10564.0771484375,-0.5294722318649292,88.50645446777344
CRK,V04_Triple,12,Train,8723.68087449329,7866.83984375,0.27166348695755005,59.08028030395508
CRK,V04_Triple,12,Test,23969.209582295367,21613.041015625,-8.319723129272461,188.6859588623047
CRK,V05_Bidir,3,Train,6767.856972483978,5196.66796875,0.4910372495651245,330.3563232421875
CRK,V05_Bidir,3,Test,9198.000652315697,7453.82958984375,0.2318553328514099,46.39736557006836
CRK,V05_Bidir,6,Train,7165.416666182086,6119.55810546875,0.28095543384552,52.170658111572266
CRK,V05_Bidir,6,Test,12474.995791582456,10429.693359375,-0.4129830598831177,84.53555297851562
CRK,V05_Bidir,12,Train,7137.274269635433,6187.41162109375,0.512474536895752,43.94758605957031
CRK,V05_Bidir,12,Test,21891.977708740706,19907.767578125,-6.77437686920166,171.6296844482422
CRK,V06_Pyramid,3,Train,7625.805924622,5967.4775390625,0.35381758213043213,439.165771484375
CRK,V06_Pyramid,3,Test,9921.676068084464,8221.080078125,0.10622912645339966,51.28544998168945
CRK,V06_Pyramid,6,Train,7927.798937914609,6665.35791015625,0.11980646848678589,60.77791976928711
CRK,V06_Pyramid,6,Test,14129.412160454518,11331.615234375,-0.8126097917556763,96.03112030029297
CRK,V06_Pyramid,12,Train,8635.001331789128,7784.0517578125,0.2863959074020386,58.577789306640625
CRK,V06_Pyramid,12,Test,24693.948732432404,22340.55859375,-8.891830444335938,194.28729248046875
CRK,V07_DenseLSTM,3,Train,7174.280730498354,5882.65087890625,0.42807328701019287,375.849365234375
CRK,V07_DenseLSTM,3,Test,9521.138167257106,7884.9619140625,0.17693555355072021,54.95821762084961
CRK,V07_DenseLSTM,6,Train,7426.508466298278,6189.81787109375,0.22759997844696045,51.911949157714844
CRK,V07_DenseLSTM,6,Test,13058.596555526172,10686.4736328125,-0.5482786893844604,88.91275787353516
CRK,V07_DenseLSTM,12,Train,7275.383701221537,6306.109375,0.49342429637908936,44.95500564575195
CRK,V07_DenseLSTM,12,Test,22686.533097853448,20565.70703125,-7.348950386047363,178.142578125
CRK,V08_Lite,3,Train,7265.745385024168,5365.78173828125,0.4133974313735962,332.02142333984375
CRK,V08_Lite,3,Test,9741.7961382899,7817.54931640625,0.13834339380264282,45.11282730102539
CRK,V08_Lite,6,Train,7461.121899553713,5847.35400390625,0.2203831672668457,45.538368225097656
CRK,V08_Lite,6,Test,10211.572650674332,8347.052734375,0.05323672294616699,61.43819808959961
CRK,V08_Lite,12,Train,6819.744276730617,5896.9873046875,0.5548886060714722,41.3351936340332
CRK,V08_Lite,12,Test,19791.345179143333,18148.041015625,-5.353985786437988,154.7425994873047
CRK,V09_BiDeep,3,Train,6663.741291496842,5479.04150390625,0.506576418876648,359.294189453125
CRK,V09_BiDeep,3,Test,9077.755229130162,7617.7099609375,0.2518079876899719,50.483558654785156
CRK,V09_BiDeep,6,Train,7315.709398274374,6359.77978515625,0.25047552585601807,53.783935546875
CRK,V09_BiDeep,6,Test,14085.859576184905,11452.296875,-0.80145263671875,94.18048858642578
CRK,V09_BiDeep,12,Train,6768.031619311482,5774.8486328125,0.5616133809089661,39.52256393432617
CRK,V09_BiDeep,12,Test,20997.484801756615,19112.005859375,-6.15204381942749,164.60888671875
CRK,V10_Mixed,3,Train,6560.205484586591,5479.58203125,0.5217901468276978,335.2337951660156
CRK,V10_Mixed,3,Test,9048.007957556183,7768.42529296875,0.2567034959793091,52.60096740722656
CRK,V10_Mixed,6,Train,7527.40672476252,6639.10595703125,0.20646941661834717,56.951385498046875
CRK,V10_Mixed,6,Test,14805.629199733457,11888.576171875,-0.9902602434158325,97.63096618652344
CRK,V10_Mixed,12,Train,6657.786719323472,5666.1611328125,0.5757788419723511,38.521690368652344
CRK,V10_Mixed,12,Test,19719.280311410963,18066.46875,-5.307797431945801,154.1986083984375
TUG,V01_Simple,3,Train,2904.0110192628404,2359.931884765625,0.4756154417991638,20.707334518432617
TUG,V01_Simple,3,Test,9139.940918846249,7365.5390625,-0.033086180686950684,689566336.0
TUG,V01_Simple,6,Train,3057.525960642035,2308.872314453125,0.3578660488128662,17.360300064086914
TUG,V01_Simple,6,Test,10389.167050346241,7838.0400390625,-0.3347846269607544,847007424.0
TUG,V01_Simple,12,Train,3828.165879373568,3369.016357421875,-0.6738885641098022,20.229307174682617
TUG,V01_Simple,12,Test,12356.247974203172,8623.181640625,-0.7186875343322754,1270954240.0
TUG,V02_Deep,3,Train,2898.220143467366,2366.10888671875,0.4777047038078308,20.455730438232422
TUG,V02_Deep,3,Test,9490.202526816802,7386.6875,-0.11378335952758789,733331520.0
TUG,V02_Deep,6,Train,3246.5306097432685,2474.119873046875,0.2760237455368042,18.633039474487305
TUG,V02_Deep,6,Test,10715.769687707925,8046.06005859375,-0.42002665996551514,890009024.0
TUG,V02_Deep,12,Train,4056.6377703709263,3612.770751953125,-0.8796522617340088,21.74480438232422
TUG,V02_Deep,12,Test,12549.00091640765,8738.845703125,-0.7727276086807251,1302082944.0
TUG,V03_Wide,3,Train,2762.2119759352286,2192.847900390625,0.5255751609802246,17.806589126586914
TUG,V03_Wide,3,Test,9703.62365304838,7545.53662109375,-0.16444134712219238,745449920.0
TUG,V03_Wide,6,Train,3186.182041252508,2389.6728515625,0.3026890158653259,17.707599639892578
TUG,V03_Wide,6,Test,10703.078061940872,8027.05908203125,-0.41666483879089355,882435072.0
TUG,V03_Wide,12,Train,4159.251374947179,3636.32421875,-0.9759474992752075,21.576126098632812
TUG,V03_Wide,12,Test,12936.999961351163,9025.576171875,-0.8840432167053223,1335870592.0
TUG,V04_Triple,3,Train,3121.9586800596835,2596.89208984375,0.39395105838775635,23.272584915161133
TUG,V04_Triple,3,Test,9496.526101685817,7572.1142578125,-0.11526811122894287,734832512.0
TUG,V04_Triple,6,Train,3293.1577551037544,2652.520263671875,0.2550787329673767,20.76764488220215
TUG,V04_Triple,6,Test,10414.77680989852,8374.0322265625,-0.3413733243942261,856117696.0
TUG,V04_Triple,12,Train,3896.1262813209737,3531.02978515625,-0.7338482141494751,21.208711624145508
TUG,V04_Triple,12,Test,11655.577892151037,8259.1943359375,-0.5292952060699463,1223415808.0
TUG,V05_Bidir,3,Train,2664.9203552826866,2193.975341796875,0.5584073066711426,19.079803466796875
TUG,V05_Bidir,3,Test,8848.867950195663,6721.16064453125,0.03166604042053223,666448512.0
TUG,V05_Bidir,6,Train,2966.196048814036,2192.51025390625,0.3956548571586609,16.01669692993164
TUG,V05_Bidir,6,Test,10209.717723815875,7639.8193359375,-0.2890721559524536,825824704.0
TUG,V05_Bidir,12,Train,3950.8456056900022,3482.22119140625,-0.7828924655914307,20.804536819458008
TUG,V05_Bidir,12,Test,12451.953099815306,8658.0419921875,-0.7454148530960083,1280637696.0
TUG,V06_Pyramid,3,Train,3123.9470225981745,2630.16748046875,0.3931788206100464,23.35243034362793
TUG,V06_Pyramid,3,Test,9727.867597783184,7524.82177734375,-0.1702672243118286,766178432.0
TUG,V06_Pyramid,6,Train,3332.426293258412,2655.972900390625,0.2372075319290161,20.71763038635254
TUG,V06_Pyramid,6,Test,10656.641872560042,8278.7236328125,-0.40439891815185547,887855808.0
TUG,V06_Pyramid,12,Train,4164.932172316855,3773.870361328125,-0.9813487529754639,22.86952781677246
TUG,V06_Pyramid,12,Test,12094.790283423687,8440.3359375,-0.6467224359512329,1271204992.0
TUG,V07_DenseLSTM,3,Train,2859.3961775172043,2335.820068359375,0.4916040897369385,19.60430335998535
TUG,V07_DenseLSTM,3,Test,9727.825245140868,7493.87744140625,-0.17025697231292725,754445568.0
TUG,V07_DenseLSTM,6,Train,3171.078207802513,2433.179443359375,0.3092844486236572,18.56314468383789
TUG,V07_DenseLSTM,6,Test,10490.687680033183,8088.48388671875,-0.3609985113143921,861695616.0
TUG,V07_DenseLSTM,12,Train,4132.353566673597,3679.04833984375,-0.9504731893539429,22.02322769165039
TUG,V07_DenseLSTM,12,Test,12732.033301872878,8869.99609375,-0.8248167037963867,1319347456.0
TUG,V08_Lite,3,Train,2953.205038597896,2427.359375,0.4576987624168396,20.850019454956055
TUG,V08_Lite,3,Test,9125.303282631214,7620.34130859375,-0.029779791831970215,674630976.0
TUG,V08_Lite,6,Train,2917.468937281081,2200.033203125,0.41534751653671265,16.28697395324707
TUG,V08_Lite,6,Test,10016.417323574333,7499.34912109375,-0.2407221794128418,805634048.0
TUG,V08_Lite,12,Train,3626.3454055012467,3132.534423828125,-0.5020464658737183,18.542402267456055
TUG,V08_Lite,12,Test,11894.784066976585,8396.65234375,-0.5927104949951172,1224150656.0
TUG,V09_BiDeep,3,Train,2516.693763651033,2006.4580078125,0.6061651706695557,16.895051956176758
TUG,V09_BiDeep,3,Test,8707.83095839601,6641.56982421875,0.06228750944137573,645947712.0
TUG,V09_BiDeep,6,Train,2961.3883568353544,2161.622802734375,0.3976123332977295,15.861356735229492
TUG,V09_BiDeep,6,Test,10055.422019985039,7617.12939453125,-0.2504040002822876,809462656.0
TUG,V09_BiDeep,12,Train,3982.030386624391,3513.612060546875,-0.811149001121521,21.191640853881836
TUG,V09_BiDeep,12,Test,12583.26380554743,8808.3193359375,-0.7824209928512573,1289044608.0
TUG,V10_Mixed,3,Train,2559.9499995117094,2072.624267578125,0.5925105810165405,17.393524169921875
TUG,V10_Mixed,3,Test,8873.064408647106,6804.52197265625,0.026363134384155273,661855232.0
TUG,V10_Mixed,6,Train,2909.7173402239605,2273.4423828125,0.41845017671585083,16.922237396240234
TUG,V10_Mixed,6,Test,10130.30424024866,7447.62060546875,-0.2690967321395874,817774528.0
TUG,V10_Mixed,12,Train,3753.580424075126,3275.89013671875,-0.6092981100082397,19.609346389770508
TUG,V10_Mixed,12,Test,12366.755435440615,8714.74609375,-0.7216118574142456,1254878976.0
DRP,V01_Simple,3,Train,3542.4446361234777,2779.55615234375,0.4257349967956543,22.68770408630371
DRP,V01_Simple,3,Test,9702.403001318797,9136.517578125,-0.48086750507354736,48.95921325683594
DRP,V01_Simple,6,Train,3245.875074613932,2857.426513671875,0.5636886954307556,25.418134689331055
DRP,V01_Simple,6,Test,9643.979676461373,8582.2626953125,-0.46308696269989014,55.595008850097656
DRP,V01_Simple,12,Train,4318.1204244439505,3536.897705078125,0.5637866258621216,33.0767936706543
DRP,V01_Simple,12,Test,12390.621614753636,8869.322265625,-1.00124192237854,79.75040435791016
DRP,V02_Deep,3,Train,3376.5458681913387,2863.484619140625,0.47826313972473145,27.133760452270508
DRP,V02_Deep,3,Test,9098.092986994583,7694.36669921875,-0.3021419048309326,50.90498352050781
DRP,V02_Deep,6,Train,3611.764527208273,3129.950927734375,0.45977872610092163,31.687740325927734
DRP,V02_Deep,6,Test,10589.75580454998,7761.79150390625,-0.7641254663467407,60.732608795166016
DRP,V02_Deep,12,Train,5317.99247837001,4410.21630859375,0.3383856415748596,42.48343276977539
DRP,V02_Deep,12,Test,13939.45135218743,9756.6669921875,-1.532822608947754,89.1354751586914
DRP,V03_Wide,3,Train,3301.1123882715656,2739.573486328125,0.5013144016265869,24.68076515197754
DRP,V03_Wide,3,Test,9046.498991322555,8020.6650390625,-0.2874152660369873,50.054054260253906
DRP,V03_Wide,6,Train,3300.409065555359,2981.621337890625,0.5489046573638916,28.056739807128906
DRP,V03_Wide,6,Test,10680.174904934844,8129.28125,-0.7943795919418335,61.396873474121094
DRP,V03_Wide,12,Train,4570.761205751182,3746.860107421875,0.5112502574920654,35.91715621948242
DRP,V03_Wide,12,Test,14774.157979390906,10620.904296875,-1.8452398777008057,94.93106079101562
DRP,V04_Triple,3,Train,3609.32403643674,3098.018798828125,0.4038466811180115,28.918699264526367
DRP,V04_Triple,3,Test,9517.935490430686,8907.4833984375,-0.42509257793426514,50.1945915222168
DRP,V04_Triple,6,Train,3897.9742174621933,3426.378173828125,0.37076807022094727,33.25005340576172
DRP,V04_Triple,6,Test,9889.856621812067,8971.0830078125,-0.5386419296264648,56.883602142333984
DRP,V04_Triple,12,Train,5751.733825552083,4810.12744140625,0.22606045007705688,46.06163024902344
DRP,V04_Triple,12,Test,12630.937257385138,8931.15625,-1.0796229839324951,81.24574279785156
DRP,V05_Bidir,3,Train,3103.8983552945156,2544.995361328125,0.5591192245483398,23.048688888549805
DRP,V05_Bidir,3,Test,8481.131528280881,7760.02197265625,-0.13152766227722168,46.464393615722656
DRP,V05_Bidir,6,Train,3289.441745950215,2914.766845703125,0.5518976449966431,27.97800064086914
DRP,V05_Bidir,6,Test,9776.164483067989,7923.0869140625,-0.5034693479537964,56.57963180541992
DRP,V05_Bidir,12,Train,4312.737645626035,3508.01513671875,0.564873456954956,33.57217025756836
DRP,V05_Bidir,12,Test,14761.126786258561,10748.251953125,-1.8402230739593506,94.9383544921875
DRP,V06_Pyramid,3,Train,3770.9228313504373,3247.057861328125,0.3492690324783325,32.14641571044922
DRP,V06_Pyramid,3,Test,9167.210699007632,8036.34619140625,-0.32200169563293457,51.40740203857422
DRP,V06_Pyramid,6,Train,4071.984774038331,3431.452392578125,0.3133346438407898,35.369346618652344
DRP,V06_Pyramid,6,Test,10152.32229590846,8091.31298828125,-0.6213933229446411,59.28522872924805
DRP,V06_Pyramid,12,Train,5784.817888231228,4807.4560546875,0.2171313762664795,46.37575912475586
DRP,V06_Pyramid,12,Test,13415.084047444503,9295.5029296875,-1.3458499908447266,85.69520568847656
DRP,V07_DenseLSTM,3,Train,3657.745207091385,3189.4775390625,0.38774389028549194,31.496313095092773
DRP,V07_DenseLSTM,3,Test,9175.03089913053,7467.5439453125,-0.3242582082748413,52.0760612487793
DRP,V07_DenseLSTM,6,Train,3724.822009170371,3143.42578125,0.42542874813079834,32.52119064331055
DRP,V07_DenseLSTM,6,Test,11125.52272929232,7829.1494140625,-0.9471455812454224,63.41790008544922
DRP,V07_DenseLSTM,12,Train,4703.83885778414,3829.72119140625,0.4823760390281677,37.02225112915039
DRP,V07_DenseLSTM,12,Test,15317.935108884618,11033.8759765625,-2.0585379600524902,98.45443725585938
DRP,V08_Lite,3,Train,3449.2358574037817,2699.322265625,0.45555758476257324,21.996074676513672
DRP,V08_Lite,3,Test,9594.479662806107,9068.2734375,-0.4481062889099121,46.9139518737793
DRP,V08_Lite,6,Train,3549.6153312718266,2986.036865234375,0.4782103896141052,25.05613899230957
DRP,V08_Lite,6,Test,10045.739395385488,9487.947265625,-0.5875279903411865,54.173439025878906
DRP,V08_Lite,12,Train,4084.1612357986064,3215.04345703125,0.6097748279571533,28.425312042236328
DRP,V08_Lite,12,Test,10560.204922254114,8255.142578125,-0.45364415645599365,69.02982330322266
DRP,V09_BiDeep,3,Train,3072.8019786507557,2540.720703125,0.5679088830947876,24.34340476989746
DRP,V09_BiDeep,3,Test,8376.65374717136,6888.2802734375,-0.10382115840911865,47.01387405395508
DRP,V09_BiDeep,6,Train,3432.523707128619,2935.1220703125,0.5120673179626465,30.175907135009766
DRP,V09_BiDeep,6,Test,9930.024773382995,7190.57470703125,-0.5511659383773804,56.65171813964844
DRP,V09_BiDeep,12,Train,4707.983432426244,3875.665283203125,0.4814634919166565,37.165164947509766
DRP,V09_BiDeep,12,Test,14228.762982072616,10228.419921875,-1.6390507221221924,91.39511108398438
DRP,V10_Mixed,3,Train,3318.261141019495,2923.0654296875,0.49611973762512207,28.673973083496094
DRP,V10_Mixed,3,Test,8649.497557661947,6723.65185546875,-0.17689943313598633,49.17223358154297
DRP,V10_Mixed,6,Train,3735.7155940997436,3194.656005859375,0.42206305265426636,33.063743591308594
DRP,V10_Mixed,6,Test,10857.422898644043,7483.0771484375,-0.8544327020645142,61.199398040771484
DRP,V10_Mixed,12,Train,4469.0381515489435,3689.154296875,0.5327625274658203,35.05464553833008
DRP,V10_Mixed,12,Test,13820.930214714204,10023.3115234375,-1.4899349212646484,88.8299560546875
DGT,V01_Simple,3,Train,2171.282570279603,1843.1162109375,0.3517431616783142,15.277902603149414
DGT,V01_Simple,3,Test,6460.193495554138,5750.1337890625,-0.23223650455474854,51.20418167114258
DGT,V01_Simple,6,Train,2097.7854990441706,1700.0462646484375,0.4437826871871948,14.647711753845215
DGT,V01_Simple,6,Test,6449.912247465077,5152.3232421875,-0.2283174991607666,52.14351272583008
DGT,V01_Simple,12,Train,1889.0385782190897,1486.537353515625,0.21336102485656738,9.428313255310059
DGT,V01_Simple,12,Test,7329.219057989739,6248.82275390625,-0.2747262716293335,68.60710144042969
DGT,V02_Deep,3,Train,2192.4582094078783,1806.7164306640625,0.33903712034225464,15.627821922302246
DGT,V02_Deep,3,Test,6674.02127656183,5172.35595703125,-0.3151588439941406,52.432640075683594
DGT,V02_Deep,6,Train,2223.4231491103983,1756.08349609375,0.375163197517395,15.244525909423828
DGT,V02_Deep,6,Test,6586.9637922186885,5285.27587890625,-0.28107213973999023,53.76911163330078
DGT,V02_Deep,12,Train,1914.0946946272015,1514.7080078125,0.19235479831695557,9.674822807312012
DGT,V02_Deep,12,Test,7418.865951073654,6126.07421875,-0.30610036849975586,69.20834350585938
DGT,V03_Wide,3,Train,2068.6669620796865,1769.1844482421875,0.41156893968582153,14.823810577392578
DGT,V03_Wide,3,Test,6647.765037965767,5231.68310546875,-0.30483126640319824,52.251220703125
DGT,V03_Wide,6,Train,2198.559869550975,1792.6080322265625,0.38905948400497437,15.165619850158691
DGT,V03_Wide,6,Test,6682.079317098833,5398.19873046875,-0.3183366060256958,54.30318069458008
DGT,V03_Wide,12,Train,2290.243436842468,1805.9068603515625,-0.15626418590545654,11.344256401062012
DGT,V03_Wide,12,Test,7274.810787917442,6462.8623046875,-0.2558706998825073,68.23641967773438
DGT,V04_Triple,3,Train,2282.563033083643,1841.4537353515625,0.28359270095825195,16.078750610351562
DGT,V04_Triple,3,Test,6545.097096300406,5470.17578125,-0.26483893394470215,52.10663604736328
DGT,V04_Triple,6,Train,2323.464331553209,1754.8062744140625,0.3176701068878174,15.52016544342041
DGT,V04_Triple,6,Test,6351.391028743231,5356.3671875,-0.1910794973373413,51.767581939697266
DGT,V04_Triple,12,Train,1855.673597376435,1497.941650390625,0.2409035563468933,9.699421882629395
DGT,V04_Triple,12,Test,7110.38367459872,6107.35986328125,-0.19974124431610107,66.78544616699219
DGT,V05_Bidir,3,Train,1976.0700265931873,1629.804931640625,0.46306824684143066,13.952262878417969
DGT,V05_Bidir,3,Test,6094.4781564954355,4813.1171875,-0.09667038917541504,47.712059020996094
DGT,V05_Bidir,6,Train,2066.581113820602,1723.0400390625,0.4602069854736328,14.556595802307129
DGT,V05_Bidir,6,Test,6474.743547044933,5190.64599609375,-0.2377934455871582,52.35588455200195
DGT,V05_Bidir,12,Train,1911.5271381803607,1513.6517333984375,0.19452005624771118,9.639738082885742
DGT,V05_Bidir,12,Test,7337.799125078309,6187.24462890625,-0.27771246433258057,68.54460906982422
DGT,V06_Pyramid,3,Train,2351.1919317656734,1894.231201171875,0.239865243434906,16.647462844848633
DGT,V06_Pyramid,3,Test,6782.381292731927,5255.16748046875,-0.3582115173339844,53.28482437133789
DGT,V06_Pyramid,6,Train,2328.8210536664255,1785.1611328125,0.31452029943466187,15.728928565979004
DGT,V06_Pyramid,6,Test,6424.530177374841,5299.8525390625,-0.21866905689239502,52.502079010009766
DGT,V06_Pyramid,12,Train,2036.0859510344842,1630.549560546875,0.08612668514251709,10.35781478881836
DGT,V06_Pyramid,12,Test,7026.4930086067825,6202.1533203125,-0.17159831523895264,66.03892517089844
DGT,V07_DenseLSTM,3,Train,2173.2624093744407,1815.635986328125,0.35056036710739136,15.56972885131836
DGT,V07_DenseLSTM,3,Test,6739.051862094549,5231.01171875,-0.3409130573272705,52.9917106628418
DGT,V07_DenseLSTM,6,Train,2206.694020474973,1774.90234375,0.3845304250717163,15.226917266845703
DGT,V07_DenseLSTM,6,Test,6664.130250827935,5318.03369140625,-0.3112635612487793,54.34788513183594
DGT,V07_DenseLSTM,12,Train,2071.6509117126852,1633.3565673828125,0.05392199754714966,10.329569816589355
DGT,V07_DenseLSTM,12,Test,7306.428402441236,6209.65966796875,-0.26681089401245117,68.37608337402344
DGT,V08_Lite,3,Train,2041.4301971901955,1734.7750244140625,0.42696189880371094,14.318035125732422
DGT,V08_Lite,3,Test,6244.967253717188,5442.7041015625,-0.1514984369277954,49.54781723022461
DGT,V08_Lite,6,Train,2194.563851884925,1683.7510986328125,0.3912782669067383,14.828519821166992
DGT,V08_Lite,6,Test,6359.755341206138,5248.4306640625,-0.19421863555908203,51.65306854248047
DGT,V08_Lite,12,Train,1708.406860206315,1370.6627197265625,0.3566069006919861,8.815796852111816
DGT,V08_Lite,12,Test,7281.870364130358,6120.87158203125,-0.2583092451095581,68.03894805908203
DGT,V09_BiDeep,3,Train,2050.3772823556155,1640.0635986328125,0.42192792892456055,14.23179817199707
DGT,V09_BiDeep,3,Test,6281.719509815764,4815.15869140625,-0.16509175300598145,49.262229919433594
DGT,V09_BiDeep,6,Train,2054.996958635219,1698.9976806640625,0.46624159812927246,14.507458686828613
DGT,V09_BiDeep,6,Test,6372.154109875247,5066.5888671875,-0.19887959957122803,51.43880844116211
DGT,V09_BiDeep,12,Train,1941.7329244775142,1514.85498046875,0.1688627004623413,9.553092002868652
DGT,V09_BiDeep,12,Test,7112.093081505613,6066.27783203125,-0.20031821727752686,66.46375274658203
DGT,V10_Mixed,3,Train,1961.5572257775198,1602.6427001953125,0.47092604637145996,13.700346946716309
DGT,V10_Mixed,3,Test,6211.388572614017,4766.31689453125,-0.13914871215820312,48.63837814331055
DGT,V10_Mixed,6,Train,2044.4481529253806,1713.0928955078125,0.4717073440551758,14.334104537963867
DGT,V10_Mixed,6,Test,6302.269749859966,5233.3486328125,-0.17272722721099854,51.1624641418457
DGT,V10_Mixed,12,Train,2080.3136782706592,1635.054443359375,0.04599332809448242,10.289071083068848
DGT,V10_Mixed,12,Test,7005.132404173386,6116.455078125,-0.16448581218719482,65.37249755859375
PAG,V01_Simple,3,Train,1859.5972682277204,1220.1895751953125,-0.3111884593963623,14.758849143981934
PAG,V01_Simple,3,Test,4563.46666471883,2451.653076171875,-0.19285929203033447,2307681792.0
PAG,V01_Simple,6,Train,1882.746929356147,1209.0484619140625,-0.2610055208206177,15.347613334655762
PAG,V01_Simple,6,Test,4793.019924849051,2474.73095703125,-0.315885066986084,2420158976.0
PAG,V01_Simple,12,Train,2086.88847330182,1174.3427734375,-0.32629895210266113,16.358301162719727
PAG,V01_Simple,12,Test,5929.994603707494,3683.1875,-0.6391099691390991,3527093248.0
PAG,V02_Deep,3,Train,1949.0683030617474,1316.3515625,-0.44039440155029297,15.876884460449219
PAG,V02_Deep,3,Test,4703.212944360483,2466.180419921875,-0.26703548431396484,2373733376.0
PAG,V02_Deep,6,Train,1936.982253403474,1243.95703125,-0.33470213413238525,15.889694213867188
PAG,V02_Deep,6,Test,4894.893665852201,2558.126708984375,-0.37241673469543457,2470530048.0
PAG,V02_Deep,12,Train,2197.0950138762773,1211.588623046875,-0.470078706741333,17.024507522583008
PAG,V02_Deep,12,Test,6108.681690839686,3936.319580078125,-0.7393800020217896,3617129216.0
PAG,V03_Wide,3,Train,1888.5343523484025,1251.2711181640625,-0.35231268405914307,14.809486389160156
PAG,V03_Wide,3,Test,4504.966592550937,2467.743408203125,-0.16247236728668213,2274008320.0
PAG,V03_Wide,6,Train,1898.4074905035536,1231.9822998046875,-0.2820706367492676,15.551712036132812
PAG,V03_Wide,6,Test,4818.518859566703,2492.380615234375,-0.32992327213287354,2431120384.0
PAG,V03_Wide,12,Train,2115.775507940292,1207.8994140625,-0.36327064037323,16.72008514404297
PAG,V03_Wide,12,Test,6030.946194420905,3862.218017578125,-0.6953929662704468,3567946496.0
PAG,V04_Triple,3,Train,1893.5481905671163,1235.73095703125,-0.35950255393981934,15.136358261108398
PAG,V04_Triple,3,Test,4678.560034882528,2495.64306640625,-0.25378739833831787,2378713344.0
PAG,V04_Triple,6,Train,1882.8935179664304,1189.27099609375,-0.2612018585205078,15.279440879821777
PAG,V04_Triple,6,Test,4781.193365677653,2514.89892578125,-0.30939924716949463,2432806912.0
PAG,V04_Triple,12,Train,2335.9849100540014,1397.3990478515625,-0.6618162393569946,18.983922958374023
PAG,V04_Triple,12,Test,6255.848783338676,4136.95068359375,-0.8241980075836182,3693471232.0
PAG,V05_Bidir,3,Train,1818.1597839573947,1216.67626953125,-0.25340497493743896,14.579150199890137
PAG,V05_Bidir,3,Test,4431.558416629527,2376.974853515625,-0.12489616870880127,2218329600.0
PAG,V05_Bidir,6,Train,1867.3922994379086,1211.9271240234375,-0.24052119255065918,15.265271186828613
PAG,V05_Bidir,6,Test,4749.155293312696,2486.01953125,-0.2919098138809204,2384801024.0
PAG,V05_Bidir,12,Train,2085.9168248039036,1180.849365234375,-0.3250640630722046,16.394254684448242
PAG,V05_Bidir,12,Test,5922.327245264314,3695.35302734375,-0.6348741054534912,3515273216.0
PAG,V06_Pyramid,3,Train,1939.2991001905818,1287.6868896484375,-0.425991415977478,15.636836051940918
PAG,V06_Pyramid,3,Test,4719.007098956305,2483.109375,-0.27555954456329346,2394713856.0
PAG,V06_Pyramid,6,Train,2053.445762614635,1297.4171142578125,-0.5000286102294922,16.772035598754883
PAG,V06_Pyramid,6,Test,5054.117727160696,2785.973876953125,-0.4631544351577759,2543979520.0
PAG,V06_Pyramid,12,Train,2374.0203242600937,1431.1146240234375,-0.7163734436035156,19.37190818786621
PAG,V06_Pyramid,12,Test,6331.949146984679,4246.3212890625,-0.868849515914917,3727117312.0
PAG,V07_DenseLSTM,3,Train,1948.2310566254712,1310.4490966796875,-0.4391571283340454,15.768891334533691
PAG,V07_DenseLSTM,3,Test,4692.266616465863,2463.670654296875,-0.2611445188522339,2369321472.0
PAG,V07_DenseLSTM,6,Train,1899.886838735402,1219.84033203125,-0.2840695381164551,15.522770881652832
PAG,V07_DenseLSTM,6,Test,4825.739943262587,2486.251220703125,-0.3339124917984009,2441878528.0
PAG,V07_DenseLSTM,12,Train,2137.479122705062,1192.8609619140625,-0.3913830518722534,16.665817260742188
PAG,V07_DenseLSTM,12,Test,6047.887895786429,3847.850830078125,-0.7049316167831421,3586886912.0
PAG,V08_Lite,3,Train,1779.2047380782235,1218.7178955078125,-0.2002706527709961,14.311959266662598
PAG,V08_Lite,3,Test,4359.22493110874,2599.19580078125,-0.08847391605377197,2200699136.0
PAG,V08_Lite,6,Train,1825.4681591306928,1162.6553955078125,-0.18544554710388184,14.751039505004883
PAG,V08_Lite,6,Test,4670.303202148657,2490.057861328125,-0.2493659257888794,2367314944.0
PAG,V08_Lite,12,Train,2119.3733743727175,1168.77099609375,-0.36791110038757324,16.42173194885254
PAG,V08_Lite,12,Test,5963.213563172126,3662.969482421875,-0.6575255393981934,3563533568.0
PAG,V09_BiDeep,3,Train,1858.8591259156785,1252.6036376953125,-0.310147762298584,14.924857139587402
PAG,V09_BiDeep,3,Test,4453.9708126569485,2357.63671875,-0.13630318641662598,2220980224.0
PAG,V09_BiDeep,6,Train,1811.607228402448,1166.5186767578125,-0.1675114631652832,14.594348907470703
PAG,V09_BiDeep,6,Test,4610.446833008706,2462.54248046875,-0.21754634380340576,2326878720.0
PAG,V09_BiDeep,12,Train,2185.6524197593726,1229.3126220703125,-0.4548060894012451,17.136219024658203
PAG,V09_BiDeep,12,Test,6106.258428858052,3986.17041015625,-0.7380002737045288,3604149504.0
PAG,V10_Mixed,3,Train,1858.5558237513342,1260.003173828125,-0.30972015857696533,14.904266357421875
PAG,V10_Mixed,3,Test,4411.3097828196105,2343.361083984375,-0.1146399974822998,2193173504.0
PAG,V10_Mixed,6,Train,1928.0897282025026,1300.5128173828125,-0.3224753141403198,16.24468994140625
PAG,V10_Mixed,6,Test,4843.06080903389,2695.52001953125,-0.3435051441192627,2407801856.0
PAG,V10_Mixed,12,Train,1977.0412236470943,1170.2822265625,-0.19034922122955322,15.8742036819458
PAG,V10_Mixed,12,Test,5710.323283317679,3516.340576171875,-0.5199205875396729,3398520320.0
OZC,V01_Simple,3,Train,589.8708280208473,428.1396789550781,-0.27939271926879883,4.635208606719971
OZC,V01_Simple,3,Test,3564.7036342450688,2197.92431640625,-0.1935940980911255,136.1341552734375
OZC,V01_Simple,6,Train,569.7693338097445,424.335693359375,-0.2624455690383911,4.721545219421387
OZC,V01_Simple,6,Test,3802.850115373994,2349.520263671875,-0.35840165615081787,144.38449096679688
OZC,V01_Simple,12,Train,530.8789292296315,324.6595458984375,-0.09120869636535645,3.6516048908233643
OZC,V01_Simple,12,Test,4579.196872815145,3097.22509765625,-0.6098912954330444,206.23672485351562
OZC,V02_Deep,3,Train,585.8786403769982,414.4422302246094,-0.26213371753692627,4.556001663208008
OZC,V02_Deep,3,Test,3667.658381038234,2248.69384765625,-0.26353585720062256,139.8485107421875
OZC,V02_Deep,6,Train,560.9440145861261,407.215576171875,-0.22363972663879395,4.532995700836182
OZC,V02_Deep,6,Test,3849.855192081905,2334.310302734375,-0.3921903371810913,146.83721923828125
OZC,V02_Deep,12,Train,532.1812132629261,315.9804382324219,-0.09656894207000732,3.557023048400879
OZC,V02_Deep,12,Test,4532.185786130131,3076.913330078125,-0.5770061016082764,203.83193969726562
OZC,V03_Wide,3,Train,596.7370913978785,423.56561279296875,-0.30935096740722656,4.6611647605896
OZC,V03_Wide,3,Test,3680.2028476702203,2258.88427734375,-0.27219390869140625,140.09091186523438
OZC,V03_Wide,6,Train,561.8666434306276,412.4837951660156,-0.22766828536987305,4.5897932052612305
OZC,V03_Wide,6,Test,3852.5422775097486,2365.544189453125,-0.39413440227508545,146.71258544921875
OZC,V03_Wide,12,Train,515.9073015087109,297.77532958984375,-0.030528903007507324,3.331040620803833
OZC,V03_Wide,12,Test,4443.125026375017,3023.98095703125,-0.5156363248825073,199.19894409179688
OZC,V04_Triple,3,Train,588.4859545902519,421.0772705078125,-0.27339231967926025,4.669036865234375
OZC,V04_Triple,3,Test,3769.057309195497,2289.396728515625,-0.334367036819458,144.22850036621094
OZC,V04_Triple,6,Train,533.1545273183001,365.11376953125,-0.10540318489074707,4.053335189819336
OZC,V04_Triple,6,Test,3801.578882517105,2253.242431640625,-0.3574937582015991,145.4792022705078
OZC,V04_Triple,12,Train,558.1210666154791,341.77069091796875,-0.20607316493988037,3.86041259765625
OZC,V04_Triple,12,Test,4559.120090543788,3081.774658203125,-0.5958056449890137,205.43942260742188
OZC,V05_Bidir,3,Train,583.5194941045244,413.7138977050781,-0.2519897222518921,4.527283668518066
OZC,V05_Bidir,3,Test,3437.3744340702833,2151.778076171875,-0.10984790325164795,129.36830139160156
OZC,V05_Bidir,6,Train,553.0062443137509,405.0770568847656,-0.18925392627716064,4.502558708190918
OZC,V05_Bidir,6,Test,3746.6642497026605,2311.978271484375,-0.31855833530426025,142.0235595703125
OZC,V05_Bidir,12,Train,521.3550253905682,299.6672058105469,-0.05240762233734131,3.36306095123291
OZC,V05_Bidir,12,Test,4433.062823827337,3024.98193359375,-0.5087792873382568,198.56582641601562
OZC,V06_Pyramid,3,Train,611.7697687856111,448.15057373046875,-0.3761509656906128,4.9810638427734375
OZC,V06_Pyramid,3,Test,3813.6149517223157,2333.289306640625,-0.3661031723022461,145.9376678466797
OZC,V06_Pyramid,6,Train,573.2699789366263,421.70361328125,-0.27800607681274414,4.698096752166748
OZC,V06_Pyramid,6,Test,3870.9386458583917,2311.866455078125,-0.40748047828674316,147.9864501953125
OZC,V06_Pyramid,12,Train,566.239514251699,352.0969543457031,-0.2414156198501587,3.9814319610595703
OZC,V06_Pyramid,12,Test,4580.932001241668,3104.30322265625,-0.6111116409301758,206.40789794921875
OZC,V07_DenseLSTM,3,Train,648.6260478889203,489.076171875,-0.5469589233398438,5.453040599822998
OZC,V07_DenseLSTM,3,Test,3803.2217921125766,2361.219970703125,-0.358667254447937,144.7059326171875
OZC,V07_DenseLSTM,6,Train,566.4643909814632,416.5096130371094,-0.24784255027770996,4.637839317321777
OZC,V07_DenseLSTM,6,Test,3853.365022937744,2343.99609375,-0.3947298526763916,146.9447784423828
OZC,V07_DenseLSTM,12,Train,526.3437268078721,308.84002685546875,-0.07264435291290283,3.470531940460205
OZC,V07_DenseLSTM,12,Test,4516.328154596386,3068.76171875,-0.5659897327423096,202.96388244628906
OZC,V08_Lite,3,Train,582.1777810514585,419.5267639160156,-0.2462388277053833,4.57712459564209
OZC,V08_Lite,3,Test,3542.6988299882337,2194.140625,-0.17890357971191406,134.57431030273438
OZC,V08_Lite,6,Train,525.729493180666,365.0242614746094,-0.0748286247253418,4.0526509284973145
OZC,V08_Lite,6,Test,3811.2903326826204,2272.345703125,-0.36443817615509033,145.59324645996094
OZC,V08_Lite,12,Train,523.0523993827005,311.44390869140625,-0.05927133560180664,3.5007081031799316
OZC,V08_Lite,12,Test,4511.41818057249,3065.450439453125,-0.5625866651535034,202.84954833984375
OZC,V09_BiDeep,3,Train,594.8989935274727,427.3118591308594,-0.3012971878051758,4.731441497802734
OZC,V09_BiDeep,3,Test,3520.5341924202357,2206.75830078125,-0.16419827938079834,132.42445373535156
OZC,V09_BiDeep,6,Train,559.9064933093739,408.5076599121094,-0.2191174030303955,4.542736530303955
OZC,V09_BiDeep,6,Test,3747.1094192724076,2304.057861328125,-0.31887173652648926,142.025390625
OZC,V09_BiDeep,12,Train,521.719333070953,301.34197998046875,-0.05387890338897705,3.3820462226867676
OZC,V09_BiDeep,12,Test,4429.639262964874,3015.583251953125,-0.506449818611145,198.58802795410156
OZC,V10_Mixed,3,Train,597.3196642083701,432.3733825683594,-0.3119088411331177,4.791247367858887
OZC,V10_Mixed,3,Test,3477.3410819187698,2191.939208984375,-0.13580656051635742,130.337890625
OZC,V10_Mixed,6,Train,612.9157007696898,480.91015625,-0.46088504791259766,5.3511810302734375
OZC,V10_Mixed,6,Test,3758.8915919456895,2378.373779296875,-0.3271787166595459,141.88148498535156
OZC,V10_Mixed,12,Train,510.50954937199754,299.0278625488281,-0.009077668190002441,3.335240125656128
OZC,V10_Mixed,12,Test,4342.091431556917,2965.356201171875,-0.4474910497665405,194.0791778564453
USU,V01_Simple,3,Train,1059.6309499066172,755.4436645507812,0.5102564692497253,8.784978866577148
USU,V01_Simple,3,Test,3390.016666625697,2815.979248046875,0.0070473551750183105,41.85933303833008
USU,V01_Simple,6,Train,1152.1720249164184,909.6298828125,0.42256003618240356,11.207673072814941
USU,V01_Simple,6,Test,4055.4888731199844,2438.12548828125,-0.4210563898086548,45.560787200927734
USU,V01_Simple,12,Train,1722.2356110590677,1438.7750244140625,0.24894732236862183,18.11983299255371
USU,V01_Simple,12,Test,5535.585605877665,3652.40185546875,-1.2057578563690186,71.87167358398438
USU,V02_Deep,3,Train,1265.5026175397663,1031.9727783203125,0.30146926641464233,13.094457626342773
USU,V02_Deep,3,Test,3781.872155427785,2419.966064453125,-0.23577260971069336,43.325748443603516
USU,V02_Deep,6,Train,1445.133428095828,1238.5052490234375,0.09157705307006836,15.685052871704102
USU,V02_Deep,6,Test,4570.883940771194,2701.281982421875,-0.8051998615264893,51.25786590576172
USU,V02_Deep,12,Train,2186.3862879189487,1867.877685546875,-0.2104281187057495,23.58818817138672
USU,V02_Deep,12,Test,5891.436157678364,4022.47998046875,-1.4984638690948486,77.49594116210938
USU,V03_Wide,3,Train,1092.3887243101697,776.0546875,0.4795082211494446,9.163680076599121
USU,V03_Wide,3,Test,3520.169456148383,2834.77685546875,-0.07066106796264648,43.291847229003906
USU,V03_Wide,6,Train,1179.9258980969948,938.900390625,0.3944058418273926,11.517555236816406
USU,V03_Wide,6,Test,4286.1089580177495,2496.095458984375,-0.5872718095779419,47.71015167236328
USU,V03_Wide,12,Train,1666.5225771047928,1383.9559326171875,0.2967533469200134,17.416715621948242
USU,V03_Wide,12,Test,5827.872682205746,3911.104248046875,-1.4448421001434326,76.1356201171875
USU,V04_Triple,3,Train,1339.0222645647084,1126.519287109375,0.21794909238815308,14.25296401977539
USU,V04_Triple,3,Test,3617.6821308677745,2702.40234375,-0.1307997703552246,43.76128387451172
USU,V04_Triple,6,Train,1486.2320646520852,1313.28466796875,0.039172470569610596,16.38286781311035
USU,V04_Triple,6,Test,4140.106520368769,2582.112060546875,-0.48097550868988037,47.46563720703125
USU,V04_Triple,12,Train,2254.060780014594,1909.8294677734375,-0.2865198850631714,24.116823196411133
USU,V04_Triple,12,Test,5568.399051792176,3550.47998046875,-1.2319858074188232,71.79652404785156
USU,V05_Bidir,3,Train,1042.636921464035,759.0663452148438,0.5258392095565796,9.208372116088867
USU,V05_Bidir,3,Test,3347.287110482159,2659.903564453125,0.0319209098815918,40.918460845947266
USU,V05_Bidir,6,Train,1296.0534807638148,1071.5753173828125,0.26933538913726807,13.630719184875488
USU,V05_Bidir,6,Test,4307.149173177079,2554.2109375,-0.602893590927124,48.12445831298828
USU,V05_Bidir,12,Train,1943.9627697052226,1657.788330078125,0.043111979961395264,20.905128479003906
USU,V05_Bidir,12,Test,6172.707995685524,4318.77783203125,-1.7427244186401367,81.7287826538086
USU,V06_Pyramid,3,Train,1293.6711811739488,1053.9842529296875,0.2700262665748596,13.305769920349121
USU,V06_Pyramid,3,Test,3668.2386781669484,2653.03076171875,-0.16262602806091309,43.931053161621094
USU,V06_Pyramid,6,Train,1885.2584040390855,1665.5230712890625,-0.5460159778594971,21.34954833984375
USU,V06_Pyramid,6,Test,4741.229798269643,2875.611572265625,-0.9422578811645508,53.77265167236328
USU,V06_Pyramid,12,Train,2179.272240909795,1848.956298828125,-0.20256412029266357,23.288976669311523
USU,V06_Pyramid,12,Test,5465.453320631327,3448.748046875,-1.1502211093902588,70.26075744628906
USU,V07_DenseLSTM,3,Train,1323.3750413242649,1114.4287109375,0.23611974716186523,14.145048141479492
USU,V07_DenseLSTM,3,Test,3907.705592799949,2355.51171875,-0.31937599182128906,43.787391662597656
USU,V07_DenseLSTM,6,Train,1609.423266266522,1384.9583740234375,-0.12671160697937012,17.745580673217773
USU,V07_DenseLSTM,6,Test,4779.775517741393,2948.550048828125,-0.9739669561386108,54.42782211303711
USU,V07_DenseLSTM,12,Train,1874.941599090489,1586.4320068359375,0.109855055809021,20.017953872680664
USU,V07_DenseLSTM,12,Test,6069.76869411018,4183.95166015625,-1.6520092487335205,80.03179168701172
USU,V08_Lite,3,Train,1140.724660029755,810.6161499023438,0.4324278235435486,9.187832832336426
USU,V08_Lite,3,Test,3456.904974106173,3108.033935546875,-0.03252303600311279,42.778785705566406
USU,V08_Lite,6,Train,1090.5897487139698,831.9586791992188,0.4826374053955078,9.920724868774414
USU,V08_Lite,6,Test,3758.2353571856033,2626.463623046875,-0.22037363052368164,44.590980529785156
USU,V08_Lite,12,Train,1453.190713567906,1240.822998046875,0.4652750492095947,15.109012603759766
USU,V08_Lite,12,Test,4970.5037974032375,3167.705810546875,-0.7784086465835571,63.77912139892578
USU,V09_BiDeep,3,Train,1107.9342827983978,858.7861938476562,0.46458882093429565,10.917271614074707
USU,V09_BiDeep,3,Test,3513.828396492919,2296.908447265625,-0.06680727005004883,40.246185302734375
USU,V09_BiDeep,6,Train,1308.9224575963237,1077.3009033203125,0.25475335121154785,13.762493133544922
USU,V09_BiDeep,6,Test,4348.558841731361,2619.91064453125,-0.6338628530502319,48.878807067871094
USU,V09_BiDeep,12,Train,1841.303342743938,1564.638427734375,0.14150863885879517,19.718183517456055
USU,V09_BiDeep,12,Test,5640.660067758028,3855.164794921875,-1.2902905941009521,74.04705047607422
USU,V10_Mixed,3,Train,1261.0773667781054,1059.9815673828125,0.30634599924087524,13.489044189453125
USU,V10_Mixed,3,Test,3922.166875593133,2484.78466796875,-0.3291592597961426,44.47813034057617
USU,V10_Mixed,6,Train,1534.7523415847913,1317.0855712890625,-0.024586915969848633,16.913740158081055
USU,V10_Mixed,6,Test,4739.357340399645,3063.31689453125,-0.9407241344451904,54.5830078125
USU,V10_Mixed,12,Train,1723.432331134588,1463.7337646484375,0.2479032278060913,18.42032814025879
USU,V10_Mixed,12,Test,5680.509308151867,4015.42724609375,-1.3227648735046387,75.22052764892578
RXS,V01_Simple,3,Train,1703.14899524381,1244.5897216796875,0.19324058294296265,19.405681610107422
RXS,V01_Simple,3,Test,3967.114820622161,2383.134033203125,-0.20879125595092773,754141184.0
RXS,V01_Simple,6,Train,1548.239484059233,1058.0528564453125,-0.0918269157409668,15.020855903625488
RXS,V01_Simple,6,Test,4299.554860680347,2462.280029296875,-0.4198704957962036,841662080.0
RXS,V01_Simple,12,Train,1487.620079186887,993.9976806640625,-0.2984815835952759,14.056539535522461
RXS,V01_Simple,12,Test,5268.391215541989,3460.47021484375,-0.7822767496109009,1232148608.0
RXS,V02_Deep,3,Train,1755.050782741058,1289.211181640625,0.1433209776878357,20.369413375854492
RXS,V02_Deep,3,Test,4078.2297630221865,2458.945556640625,-0.27745354175567627,790230912.0
RXS,V02_Deep,6,Train,1601.1593455993068,1066.6439208984375,-0.16774117946624756,15.048904418945312
RXS,V02_Deep,6,Test,4376.1537907162265,2531.171875,-0.4709126949310303,856880192.0
RXS,V02_Deep,12,Train,1510.6765868312118,1034.729248046875,-0.33904361724853516,14.43948745727539
RXS,V02_Deep,12,Test,5222.3140464740345,3428.48876953125,-0.7512375116348267,1221313792.0
RXS,V03_Wide,3,Train,1715.3235117609738,1331.9697265625,0.1816655397415161,19.972686767578125
RXS,V03_Wide,3,Test,3891.1070404192174,2401.502685546875,-0.16291534900665283,755993344.0
RXS,V03_Wide,6,Train,1654.472121251972,1137.7613525390625,-0.24679887294769287,15.680475234985352
RXS,V03_Wide,6,Test,4355.218708629912,2482.779052734375,-0.45687294006347656,855693696.0
RXS,V03_Wide,12,Train,1517.5545294980343,1055.3275146484375,-0.3512643575668335,14.64239501953125
RXS,V03_Wide,12,Test,5251.9244092046865,3479.762451171875,-0.7711528539657593,1222840192.0
RXS,V04_Triple,3,Train,1888.6107989736795,1404.2586669921875,0.007972538471221924,23.19021987915039
RXS,V04_Triple,3,Test,4291.3573610222675,2537.507568359375,-0.41446149349212646,836615168.0
RXS,V04_Triple,6,Train,1496.4817907345214,1063.2677001953125,-0.020047426223754883,15.189373016357422
RXS,V04_Triple,6,Test,4233.79215361359,2442.6484375,-0.37676823139190674,842993088.0
RXS,V04_Triple,12,Train,1509.5612773253029,995.0900268554688,-0.3370671272277832,14.073551177978516
RXS,V04_Triple,12,Test,5267.544779116738,3447.992919921875,-0.7817040681838989,1240542848.0
RXS,V05_Bidir,3,Train,1668.837095105451,1225.371337890625,0.22541934251785278,19.050840377807617
RXS,V05_Bidir,3,Test,3872.2115128179657,2319.259033203125,-0.15164828300476074,724804032.0
RXS,V05_Bidir,6,Train,1573.0706436775176,1069.0872802734375,-0.1271299123764038,14.874892234802246
RXS,V05_Bidir,6,Test,4170.033093393864,2412.651611328125,-0.3356133699417114,805767360.0
RXS,V05_Bidir,12,Train,1506.2947088800386,1105.6962890625,-0.33128678798675537,14.991135597229004
RXS,V05_Bidir,12,Test,5024.448626466391,3323.51513671875,-0.621048092842102,1173452160.0
RXS,V06_Pyramid,3,Train,1896.4607826158706,1412.4989013671875,-0.0002913475036621094,23.116018295288086
RXS,V06_Pyramid,3,Test,4331.820171706116,2554.8828125,-0.44126081466674805,842596608.0
RXS,V06_Pyramid,6,Train,1521.8679311950823,1034.5245361328125,-0.05494892597198486,15.158719062805176
RXS,V06_Pyramid,6,Test,4336.748321035013,2469.869873046875,-0.44454193115234375,860095872.0
RXS,V06_Pyramid,12,Train,1544.5016995782166,1043.0228271484375,-0.39967918395996094,14.532275199890137
RXS,V06_Pyramid,12,Test,5276.630364162341,3457.02734375,-0.7878557443618774,1241028608.0
RXS,V07_DenseLSTM,3,Train,1778.9791314121703,1305.8553466796875,0.11980181932449341,20.494491577148438
RXS,V07_DenseLSTM,3,Test,4133.107063699173,2480.43505859375,-0.3120640516281128,798303488.0
RXS,V07_DenseLSTM,6,Train,1596.1455134166183,1075.6822509765625,-0.1604393720626831,15.063838958740234
RXS,V07_DenseLSTM,6,Test,4335.105765722446,2477.61181640625,-0.4434480667114258,850235328.0
RXS,V07_DenseLSTM,12,Train,1501.3586347039138,1031.682373046875,-0.3225759267807007,14.390669822692871
RXS,V07_DenseLSTM,12,Test,5230.339759518496,3434.64111328125,-0.7566244602203369,1222628096.0
RXS,V08_Lite,3,Train,1652.610208125316,1334.7158203125,0.24040931463241577,19.96847152709961
RXS,V08_Lite,3,Test,3728.132106028433,2384.325927734375,-0.06754040718078613,723270400.0
RXS,V08_Lite,6,Train,1544.9677990171833,1037.2257080078125,-0.08721733093261719,14.545254707336426
RXS,V08_Lite,6,Test,4137.175848329389,2394.909423828125,-0.3146486282348633,797862784.0
RXS,V08_Lite,12,Train,1439.414203764851,941.7421875,-0.2156912088394165,13.464936256408691
RXS,V08_Lite,12,Test,5154.917846096095,3378.283935546875,-0.706328272819519,1206746624.0
RXS,V09_BiDeep,3,Train,1658.479951642467,1217.373291015625,0.23500388860702515,19.013551712036133
RXS,V09_BiDeep,3,Test,3860.500874238989,2313.731689453125,-0.14469313621520996,724286144.0
RXS,V09_BiDeep,6,Train,1541.8115967912552,1052.0294189453125,-0.08277976512908936,14.607392311096191
RXS,V09_BiDeep,6,Test,4085.226921481841,2376.257080078125,-0.2818409204483032,789978624.0
RXS,V09_BiDeep,12,Train,1485.356691168825,1010.4597778320312,-0.294533371925354,14.173746109008789
RXS,V09_BiDeep,12,Test,5129.8177355535745,3379.710205078125,-0.6897521018981934,1192655616.0
RXS,V10_Mixed,3,Train,1690.1952549927478,1242.7569580078125,0.20546597242355347,19.457183837890625
RXS,V10_Mixed,3,Test,3919.2486524843,2375.77734375,-0.17979729175567627,727123968.0
RXS,V10_Mixed,6,Train,1520.0719555336846,1033.2801513671875,-0.052460551261901855,14.469836235046387
RXS,V10_Mixed,6,Test,4080.3154289834015,2376.991943359375,-0.27876055240631104,790166720.0
RXS,V10_Mixed,12,Train,1455.6759598207288,994.8267822265625,-0.2433149814605713,13.984827995300293
RXS,V10_Mixed,12,Test,5075.362844171833,3339.08740234375,-0.6540677547454834,1177560576.0
DPL,V01_Simple,3,Train,1760.3077145771986,1173.5006103515625,0.1712450385093689,363.1383056640625
DPL,V01_Simple,3,Test,1988.1737222888748,1436.809326171875,0.18730860948562622,34.19353485107422
DPL,V01_Simple,6,Train,1967.89678337051,1462.3470458984375,0.07665681838989258,471.2170104980469
DPL,V01_Simple,6,Test,2795.2092050506703,1927.8133544921875,-0.6063700914382935,48.173583984375
DPL,V01_Simple,12,Train,2132.0167682267415,1266.8851318359375,0.15001261234283447,607.5171508789062
DPL,V01_Simple,12,Test,3485.472995161489,2545.993896484375,-1.289289951324463,68.24749755859375
DPL,V02_Deep,3,Train,1932.7786991789826,1408.2476806640625,0.0008902549743652344,426.8209533691406
DPL,V02_Deep,3,Test,2465.291260683005,1628.6578369140625,-0.2495495080947876,41.82782745361328
DPL,V02_Deep,6,Train,2348.64184157568,1765.0208740234375,-0.3152010440826416,544.8626098632812
DPL,V02_Deep,6,Test,3492.294804279845,2778.119873046875,-1.5074877738952637,62.6706657409668
DPL,V02_Deep,12,Train,2137.7747776601727,1334.020263671875,0.14541518688201904,597.886474609375
DPL,V02_Deep,12,Test,3361.6550983109496,2409.13427734375,-1.1295294761657715,65.61952209472656
DPL,V03_Wide,3,Train,1810.8030677022832,1219.8623046875,0.1230165958404541,394.9051513671875
DPL,V03_Wide,3,Test,2160.101965185903,1483.0694580078125,0.040675580501556396,37.2769660949707
DPL,V03_Wide,6,Train,2124.081213136635,1589.8818359375,-0.07572376728057861,503.926513671875
DPL,V03_Wide,6,Test,3001.6112339875062,2118.21630859375,-0.8523621559143066,52.2028694152832
DPL,V03_Wide,12,Train,2098.8289592055853,1267.838134765625,0.17626917362213135,596.931884765625
DPL,V03_Wide,12,Test,3665.91257397118,2780.445556640625,-1.532454013824463,72.4992904663086
DPL,V04_Triple,3,Train,1871.4020145334887,1276.3638916015625,0.06333750486373901,422.78948974609375
DPL,V04_Triple,3,Test,2204.3340264125127,1499.739990234375,0.0009854435920715332,37.7977180480957
DPL,V04_Triple,6,Train,2397.9566301332475,1738.4613037109375,-0.37101173400878906,557.5198364257812
DPL,V04_Triple,6,Test,3329.510624701474,2528.206787109375,-1.2791757583618164,59.12506103515625
DPL,V04_Triple,12,Train,2509.5167861562513,1423.7027587890625,-0.177636981010437,700.7792358398438
DPL,V04_Triple,12,Test,4055.4003501504017,3144.72412109375,-2.099165916442871,80.7297134399414
DPL,V05_Bidir,3,Train,1697.8113116598088,1102.64501953125,0.22904717922210693,366.0035705566406
DPL,V05_Bidir,3,Test,2039.5991027650507,1413.257568359375,0.14472335577011108,35.30351638793945
DPL,V05_Bidir,6,Train,2175.1997609415093,1659.6461181640625,-0.12812399864196777,506.1981201171875
DPL,V05_Bidir,6,Test,3258.069827367118,2589.701416015625,-1.1824171543121338,58.32863998413086
DPL,V05_Bidir,12,Train,2199.1314194472325,1230.992431640625,0.09565609693527222,627.0964965820312
DPL,V05_Bidir,12,Test,3712.0715240954073,2777.380859375,-1.5966298580169678,73.11715698242188
DPL,V06_Pyramid,3,Train,2030.4564142083916,1511.779052734375,-0.10264647006988525,450.4294738769531
DPL,V06_Pyramid,3,Test,2541.5036887637993,1677.751220703125,-0.3280012607574463,43.15436935424805
DPL,V06_Pyramid,6,Train,2442.2386247048016,1780.3936767578125,-0.4221149682998657,563.4108276367188
DPL,V06_Pyramid,6,Test,3424.3494272635203,2643.885009765625,-1.4108664989471436,61.06231689453125
DPL,V06_Pyramid,12,Train,2312.7826313771902,1294.9931640625,-0.00023233890533447266,649.1748046875
DPL,V06_Pyramid,12,Test,3575.778097141935,2564.18701171875,-1.4094531536102295,69.76727294921875
DPL,V07_DenseLSTM,3,Train,2013.032289855282,1508.8966064453125,-0.08380317687988281,442.34814453125
DPL,V07_DenseLSTM,3,Test,2587.2705695384857,1712.114990234375,-0.3762606382369995,43.75439453125
DPL,V07_DenseLSTM,6,Train,2363.222693696047,1780.7222900390625,-0.331581711769104,546.337158203125
DPL,V07_DenseLSTM,6,Test,3563.887764787213,2875.21435546875,-1.6113495826721191,64.13349151611328
DPL,V07_DenseLSTM,12,Train,2162.186046574161,1284.690185546875,0.12578684091567993,610.99462890625
DPL,V07_DenseLSTM,12,Test,3584.5620374042905,2628.5654296875,-1.4213054180145264,70.24412536621094
DPL,V08_Lite,3,Train,1751.9200181515137,1178.486083984375,0.179124116897583,361.911376953125
DPL,V08_Lite,3,Test,1977.4520221739895,1553.177001953125,0.196050226688385,34.73969268798828
DPL,V08_Lite,6,Train,1872.917977381818,1335.883544921875,0.16363465785980225,437.47906494140625
DPL,V08_Lite,6,Test,2405.75840432908,1479.56640625,-0.18992900848388672,40.07086944580078
DPL,V08_Lite,12,Train,2093.9038898669633,1265.977294921875,0.1801304817199707,598.8703002929688
DPL,V08_Lite,12,Test,3386.908619966001,2453.92919921875,-1.1616449356079102,66.16829681396484
DPL,V09_BiDeep,3,Train,1820.2087105604126,1297.834228515625,0.11388248205184937,397.05059814453125
DPL,V09_BiDeep,3,Test,2383.903416667714,1563.432861328125,-0.16840744018554688,40.0992546081543
DPL,V09_BiDeep,6,Train,2056.7034302494853,1548.2310791015625,-0.00856029987335205,491.2655334472656
DPL,V09_BiDeep,6,Test,2983.4138164190363,2218.962158203125,-0.829970121383667,52.549190521240234
DPL,V09_BiDeep,12,Train,2176.0682434151736,1194.8304443359375,0.11452513933181763,622.386474609375
DPL,V09_BiDeep,12,Test,3733.639243419214,2819.7041015625,-1.6268911361694336,73.76204681396484
DPL,V10_Mixed,3,Train,1792.8008115794682,1254.3995361328125,0.14036709070205688,394.6205749511719
DPL,V10_Mixed,3,Test,2312.3514006309683,1492.513671875,-0.09932136535644531,38.81863784790039
DPL,V10_Mixed,6,Train,2182.3707292758486,1661.7364501953125,-0.1355743408203125,507.6615295410156
DPL,V10_Mixed,6,Test,3304.369077448825,2651.359130859375,-1.244884967803955,59.271175384521484
DPL,V10_Mixed,12,Train,2027.3151580353756,1283.4451904296875,0.2314470410346985,576.19482421875
DPL,V10_Mixed,12,Test,3325.8902567583314,2422.990478515625,-1.0844581127166748,65.04733276367188
IAO,V01_Simple,3,Train,1033.8971781565128,872.1769409179688,0.661136269569397,15.527961730957031
IAO,V01_Simple,3,Test,3579.77764672612,3158.025634765625,-0.026162266731262207,66.70661926269531
IAO,V01_Simple,6,Train,1010.4921758727279,881.2499389648438,0.6190134286880493,15.780256271362305
IAO,V01_Simple,6,Test,4162.825002327146,3408.943603515625,-0.3876509666442871,85.20613098144531
IAO,V01_Simple,12,Train,1398.5476842067274,1135.80126953125,0.6321600675582886,20.881725311279297
IAO,V01_Simple,12,Test,5349.269856718765,3988.28759765625,-1.0397822856903076,126.23643493652344
IAO,V02_Deep,3,Train,1023.5409737768196,897.6526489257812,0.6678909063339233,17.50868034362793
IAO,V02_Deep,3,Test,3707.4738030092676,3181.575927734375,-0.10067760944366455,73.58363342285156
IAO,V02_Deep,6,Train,1155.6578754112309,944.0778198242188,0.5016869306564331,18.439159393310547
IAO,V02_Deep,6,Test,4609.387161000906,3435.44970703125,-0.7013368606567383,94.97942352294922
IAO,V02_Deep,12,Train,1593.8894252739115,1252.693115234375,0.5222280025482178,23.98745346069336
IAO,V02_Deep,12,Test,6270.028389090436,4701.35595703125,-1.8024234771728516,147.4439239501953
IAO,V03_Wide,3,Train,1001.0590329745794,866.028076171875,0.6823201179504395,15.82479190826416
IAO,V03_Wide,3,Test,3669.982697506897,3209.136474609375,-0.07852935791015625,71.29322052001953
IAO,V03_Wide,6,Train,1047.6010094496855,876.57080078125,0.5905172824859619,16.903409957885742
IAO,V03_Wide,6,Test,4752.210433051129,3435.93017578125,-0.8084031343460083,96.89737701416016
IAO,V03_Wide,12,Train,1484.3942367174564,1167.182861328125,0.5856161713600159,22.36781883239746
IAO,V03_Wide,12,Test,6723.373557969243,5098.17724609375,-2.2223243713378906,157.24319458007812
IAO,V04_Triple,3,Train,1210.9009042857306,1061.0904541015625,0.5351770520210266,20.35468864440918
IAO,V04_Triple,3,Test,3782.386812582764,3317.56982421875,-0.14560747146606445,68.54466247558594
IAO,V04_Triple,6,Train,1192.6755635964041,995.0310668945312,0.46925199031829834,18.77460479736328
IAO,V04_Triple,6,Test,4326.782407286042,3487.95361328125,-0.4991118907928467,88.80735778808594
IAO,V04_Triple,12,Train,2018.4212890276401,1637.955810546875,0.23382508754730225,30.97931480407715
IAO,V04_Triple,12,Test,5635.165303697842,4093.89697265625,-1.2636439800262451,133.29966735839844
IAO,V05_Bidir,3,Train,904.7170137672884,786.3140869140625,0.7405247688293457,14.85731029510498
IAO,V05_Bidir,3,Test,3388.678651037894,2919.8359375,0.08047252893447876,67.02616882324219
IAO,V05_Bidir,6,Train,983.0885323814941,835.9077758789062,0.6393972635269165,15.909795761108398
IAO,V05_Bidir,6,Test,4428.075654276923,3279.609375,-0.5701241493225098,90.38257598876953
IAO,V05_Bidir,12,Train,1513.6238799649007,1193.682373046875,0.5691360235214233,22.84321403503418
IAO,V05_Bidir,12,Test,6471.604437850015,4906.52880859375,-1.985511302947998,151.5066680908203
IAO,V06_Pyramid,3,Train,1168.3043267916112,1026.765869140625,0.5673046112060547,20.460853576660156
IAO,V06_Pyramid,3,Test,3752.0824884322574,3267.69921875,-0.12732386589050293,72.84735870361328
IAO,V06_Pyramid,6,Train,1344.3606751909995,1031.535400390625,0.32566553354263306,20.777528762817383
IAO,V06_Pyramid,6,Test,4776.672691319764,3452.30419921875,-0.8270686864852905,98.38904571533203
IAO,V06_Pyramid,12,Train,1825.253954933395,1465.043212890625,0.37345701456069946,27.791160583496094
IAO,V06_Pyramid,12,Test,6063.89709675222,4468.0322265625,-1.6211895942687988,143.2349853515625
IAO,V07_DenseLSTM,3,Train,1091.6784668573434,969.1148681640625,0.6222018003463745,19.723379135131836
IAO,V07_DenseLSTM,3,Test,3828.0770629651647,3141.358154296875,-0.17345178127288818,77.13994598388672
IAO,V07_DenseLSTM,6,Train,1169.0413273276527,938.8778686523438,0.490078330039978,18.588687896728516
IAO,V07_DenseLSTM,6,Test,4952.123382954023,3507.02001953125,-0.9637529850006104,100.90619659423828
IAO,V07_DenseLSTM,12,Train,1602.0391693089155,1252.6529541015625,0.517329752445221,24.116018295288086
IAO,V07_DenseLSTM,12,Test,6673.740480420257,5029.8017578125,-2.174924612045288,156.40602111816406
IAO,V08_Lite,3,Train,1180.109211047859,953.5480346679688,0.5585162043571472,16.33831214904785
IAO,V08_Lite,3,Test,3740.1113619784105,3362.005859375,-0.12014174461364746,64.48860168457031
IAO,V08_Lite,6,Train,1192.1219002266505,1038.68115234375,0.46974462270736694,17.263662338256836
IAO,V08_Lite,6,Test,4126.877754428885,3630.445068359375,-0.3637888431549072,77.91224670410156
IAO,V08_Lite,12,Train,1292.1419233195709,1075.4453125,0.686003565788269,19.0886173248291
IAO,V08_Lite,12,Test,5053.055709172421,3769.97314453125,-0.8201323747634888,119.65885162353516
IAO,V09_BiDeep,3,Train,923.2325682080328,816.8307495117188,0.729795515537262,16.04176139831543
IAO,V09_BiDeep,3,Test,3440.3653875715004,2892.709228515625,0.052207887172698975,68.94200134277344
IAO,V09_BiDeep,6,Train,1154.4029300898364,934.7052612304688,0.5027685165405273,18.534469604492188
IAO,V09_BiDeep,6,Test,4559.845392115833,3271.330810546875,-0.6649613380432129,92.88137817382812
IAO,V09_BiDeep,12,Train,1539.630637523169,1221.552734375,0.5542027950286865,23.233253479003906
IAO,V09_BiDeep,12,Test,5958.414554224974,4482.4755859375,-1.5307905673980713,140.19851684570312
IAO,V10_Mixed,3,Train,918.8692439623823,820.5621337890625,0.7323435544967651,16.29879379272461
IAO,V10_Mixed,3,Test,3491.880009393221,2849.217529296875,0.023611724376678467,70.15452575683594
IAO,V10_Mixed,6,Train,1020.3720216176059,847.52490234375,0.6115270256996155,16.514545440673828
IAO,V10_Mixed,6,Test,4582.200126576752,3325.421630859375,-0.6813263893127441,93.09745788574219
IAO,V10_Mixed,12,Train,1295.5027016567738,1059.2918701171875,0.6843680739402771,19.68675994873047
IAO,V10_Mixed,12,Test,5858.280293738087,4461.5888671875,-1.4464430809020996,137.4786376953125
CYZ,V01_Simple,3,Train,1136.7137392501245,682.6031494140625,0.11309581995010376,11.090675354003906
CYZ,V01_Simple,3,Test,3170.0212933038792,2788.498046875,0.12394535541534424,1046857600.0
CYZ,V01_Simple,6,Train,1299.1714667433241,746.685791015625,-0.06644737720489502,11.858726501464844
CYZ,V01_Simple,6,Test,3600.9986114965386,3108.65576171875,-0.13045358657836914,1244600064.0
CYZ,V01_Simple,12,Train,1552.4658611383375,1227.134765625,0.2914978265762329,19.436613082885742
CYZ,V01_Simple,12,Test,4265.833798919034,2869.92138671875,-0.9726935625076294,2232846848.0
CYZ,V02_Deep,3,Train,1135.318237323791,693.3902587890625,0.11527204513549805,11.419329643249512
CYZ,V02_Deep,3,Test,3226.4429330146227,2825.83203125,0.09248298406600952,1080033792.0
CYZ,V02_Deep,6,Train,1239.653378973332,742.4622192382812,0.029027342796325684,12.075338363647461
CYZ,V02_Deep,6,Test,3574.221873359291,2897.614501953125,-0.11370408535003662,1307323008.0
CYZ,V02_Deep,12,Train,1608.0439981542793,1309.85693359375,0.2398611307144165,21.208982467651367
CYZ,V02_Deep,12,Test,4535.420156942463,3081.457275390625,-1.2299072742462158,2389114112.0
CYZ,V03_Wide,3,Train,1090.74395483083,678.9335327148438,0.18337976932525635,11.26278305053711
CYZ,V03_Wide,3,Test,3109.9893890494222,2598.552734375,0.15681159496307373,1096239488.0
CYZ,V03_Wide,6,Train,1259.4761311751804,728.052001953125,-0.0022737979888916016,11.56751823425293
CYZ,V03_Wide,6,Test,3518.6942180303195,2928.298828125,-0.07936882972717285,1253913344.0
CYZ,V03_Wide,12,Train,1574.5818492539536,1253.87841796875,0.2711677551269531,19.961021423339844
CYZ,V03_Wide,12,Test,4660.729985742577,3213.839111328125,-1.3548305034637451,2432924160.0
CYZ,V04_Triple,3,Train,1188.8907119664111,707.87353515625,0.029806435108184814,11.541337013244629
CYZ,V04_Triple,3,Test,3383.743784626726,3082.542724609375,0.0018362998962402344,1048301568.0
CYZ,V04_Triple,6,Train,1294.307874889124,751.305908203125,-0.05847752094268799,12.050227165222168
CYZ,V04_Triple,6,Test,3591.413231584469,3217.957763671875,-0.12444329261779785,1175322496.0
CYZ,V04_Triple,12,Train,1760.8181337094413,1383.0091552734375,0.08856421709060669,21.91040802001953
CYZ,V04_Triple,12,Test,4063.227904019168,2868.958251953125,-0.789757251739502,2178832384.0
CYZ,V05_Bidir,3,Train,1144.3183560530697,686.5352783203125,0.10118937492370605,11.2162504196167
CYZ,V05_Bidir,3,Test,3227.8190779534098,2913.311279296875,0.09170866012573242,1021644672.0
CYZ,V05_Bidir,6,Train,1169.468255233976,706.8319702148438,0.13586151599884033,11.518878936767578
CYZ,V05_Bidir,6,Test,3409.468433641819,2650.877685546875,-0.013398289680480957,1267063808.0
CYZ,V05_Bidir,12,Train,1539.7358539697645,1275.486083984375,0.30306941270828247,20.882768630981445
CYZ,V05_Bidir,12,Test,4595.182912572686,3158.413818359375,-1.2890610694885254,2392466432.0
CYZ,V06_Pyramid,3,Train,1172.5654565950679,708.438232421875,0.05626797676086426,11.635247230529785
CYZ,V06_Pyramid,3,Test,3342.97382580241,3013.195068359375,0.02574467658996582,1064172992.0
CYZ,V06_Pyramid,6,Train,1279.4858342318605,757.5604858398438,-0.03437364101409912,12.271698951721191
CYZ,V06_Pyramid,6,Test,3620.187702316,3093.10546875,-0.14253365993499756,1269918976.0
CYZ,V06_Pyramid,12,Train,1743.6242427770956,1402.159912109375,0.10627710819244385,22.590065002441406
CYZ,V06_Pyramid,12,Test,4204.413871159689,2918.036865234375,-0.9162964820861816,2255212288.0
CYZ,V07_DenseLSTM,3,Train,1081.0523807845761,705.0941772460938,0.19782710075378418,12.015708923339844
CYZ,V07_DenseLSTM,3,Test,3147.6338732451077,2628.960693359375,0.1362755298614502,1118758912.0
CYZ,V07_DenseLSTM,6,Train,1248.357270576016,736.959228515625,0.015344619750976562,11.87820816040039
CYZ,V07_DenseLSTM,6,Test,3559.0951097153893,2926.343017578125,-0.10429728031158447,1287538944.0
CYZ,V07_DenseLSTM,12,Train,1608.6744543256725,1317.850830078125,0.23926496505737305,21.43028450012207
CYZ,V07_DenseLSTM,12,Test,4696.294709662076,3213.397216796875,-1.3909058570861816,2472855808.0
CYZ,V08_Lite,3,Train,1168.5009092850548,689.9461669921875,0.06279927492141724,11.143948554992676
CYZ,V08_Lite,3,Test,3256.3585490544497,2931.006591796875,0.07557594776153564,1033447104.0
CYZ,V08_Lite,6,Train,1216.6363466541677,704.6471557617188,0.06474930047988892,11.202816009521484
CYZ,V08_Lite,6,Test,3377.8509440175126,2866.692626953125,0.005309998989105225,1178566400.0
CYZ,V08_Lite,12,Train,1661.1226625388024,1251.393798828125,0.1888512372970581,19.215314865112305
CYZ,V08_Lite,12,Test,3800.132892413106,2603.975341796875,-0.5654865503311157,2022417792.0
CYZ,V09_BiDeep,3,Train,1078.8306169181517,668.1635131835938,0.20112091302871704,11.055545806884766
CYZ,V09_BiDeep,3,Test,3055.342861284147,2626.35888671875,0.18618309497833252,1039207808.0
CYZ,V09_BiDeep,6,Train,1174.8125914374598,719.1387329101562,0.1279454231262207,11.813497543334961
CYZ,V09_BiDeep,6,Test,3466.77991802191,2672.451416015625,-0.04775404930114746,1296827648.0
CYZ,V09_BiDeep,12,Train,1363.1796470018176,1175.25439453125,0.4537351131439209,19.80597686767578
CYZ,V09_BiDeep,12,Test,4948.577169247743,3755.6875,-1.654681921005249,2492091136.0
CYZ,V10_Mixed,3,Train,1037.3787278520801,661.2653198242188,0.2613322138786316,11.129338264465332
CYZ,V10_Mixed,3,Test,2990.862250254933,2465.50732421875,0.22017055749893188,1059496832.0
CYZ,V10_Mixed,6,Train,1141.5854654821076,700.5493774414062,0.17657631635665894,11.509767532348633
CYZ,V10_Mixed,6,Test,3353.1242148181746,2582.537841796875,0.01981937885284424,1249616640.0
CYZ,V10_Mixed,12,Train,1286.5047123893485,1138.37939453125,0.5134584903717041,19.60130500793457
CYZ,V10_Mixed,12,Test,5077.326461830084,4020.753173828125,-1.7946147918701172,2504758272.0
KLO,V01_Simple,3,Train,581.5633563937811,390.1611022949219,-0.7979316711425781,9.39404296875
KLO,V01_Simple,3,Test,1641.5842195878956,1018.7262573242188,-0.19174635410308838,82.32929229736328
KLO,V01_Simple,6,Train,587.6526397456239,356.0296325683594,-0.6804118156433105,9.045149803161621
KLO,V01_Simple,6,Test,1856.2505892254958,1169.7391357421875,-0.523809552192688,94.17658996582031
KLO,V01_Simple,12,Train,400.6257995311835,271.54071044921875,-0.3478391170501709,6.409847736358643
KLO,V01_Simple,12,Test,2126.0034101571896,1419.3394775390625,-0.7352441549301147,126.072021484375
KLO,V02_Deep,3,Train,619.6389069450046,409.351806640625,-1.0410633087158203,9.839669227600098
KLO,V02_Deep,3,Test,1725.5649075013087,1070.499755859375,-0.3168008327484131,86.98728942871094
KLO,V02_Deep,6,Train,534.4606217954696,318.0462951660156,-0.38997113704681396,8.065033912658691
KLO,V02_Deep,6,Test,1807.795273254137,1067.7869873046875,-0.4452931880950928,91.20939636230469
KLO,V02_Deep,12,Train,367.7328981407565,253.24072265625,-0.13559961318969727,5.898475646972656
KLO,V02_Deep,12,Test,2080.931281902408,1391.932373046875,-0.6624482870101929,124.18761444091797
KLO,V03_Wide,3,Train,617.093666917754,413.685546875,-1.0243301391601562,9.898411750793457
KLO,V03_Wide,3,Test,1704.7239512601445,1056.87890625,-0.2851848602294922,85.95211791992188
KLO,V03_Wide,6,Train,581.1053852357591,348.3271179199219,-0.6431761980056763,8.847612380981445
KLO,V03_Wide,6,Test,1868.2478422307893,1153.150146484375,-0.5435705184936523,94.69090270996094
KLO,V03_Wide,12,Train,421.19255914011586,280.6999816894531,-0.4897782802581787,6.653326034545898
KLO,V03_Wide,12,Test,2154.695686170091,1447.8314208984375,-0.7823975086212158,127.72852325439453
KLO,V04_Triple,3,Train,555.3751266036318,367.2832336425781,-0.639653205871582,8.778411865234375
KLO,V04_Triple,3,Test,1719.9936773139605,1038.2091064453125,-0.3083115816116333,87.12924194335938
KLO,V04_Triple,6,Train,541.9201682443642,330.2635498046875,-0.42904186248779297,8.350203514099121
KLO,V04_Triple,6,Test,1849.8291813029657,1090.157470703125,-0.5132850408554077,93.58586120605469
KLO,V04_Triple,12,Train,361.58844440191945,255.3006591796875,-0.09796714782714844,5.926793098449707
KLO,V04_Triple,12,Test,2075.1395133821725,1385.1363525390625,-0.6532071828842163,124.11489868164062
KLO,V05_Bidir,3,Train,553.9550974582687,369.4810485839844,-0.6312789916992188,8.952699661254883
KLO,V05_Bidir,3,Test,1591.6882546529016,987.8665161132812,-0.12040102481842041,79.48639678955078
KLO,V05_Bidir,6,Train,573.5187170005876,342.2187805175781,-0.6005510091781616,8.714669227600098
KLO,V05_Bidir,6,Test,1819.0770324535463,1134.1004638671875,-0.4633885622024536,91.9715576171875
KLO,V05_Bidir,12,Train,405.4924282585311,274.791748046875,-0.3807840347290039,6.487648010253906
KLO,V05_Bidir,12,Test,2138.993454875447,1427.1314697265625,-0.7565138339996338,126.83837127685547
KLO,V06_Pyramid,3,Train,574.2123681618152,379.17816162109375,-0.7527672052383423,9.066353797912598
KLO,V06_Pyramid,3,Test,1731.063257076413,1048.9107666015625,-0.32520592212677,87.6449203491211
KLO,V06_Pyramid,6,Train,549.606421678277,334.2665710449219,-0.46986663341522217,8.458734512329102
KLO,V06_Pyramid,6,Test,1858.5291227204377,1102.7113037109375,-0.5275528430938721,94.0756607055664
KLO,V06_Pyramid,12,Train,373.140284444068,277.58428955078125,-0.16924238204956055,6.189752578735352
KLO,V06_Pyramid,12,Test,1965.6679526308608,1347.884521484375,-0.483381986618042,118.36759948730469
KLO,V07_DenseLSTM,3,Train,608.16303837869,411.5748596191406,-0.9661616086959839,9.677597045898438
KLO,V07_DenseLSTM,3,Test,1651.138168052571,1014.5087890625,-0.2056584358215332,83.45621490478516
KLO,V07_DenseLSTM,6,Train,582.9306348100089,356.2646789550781,-0.6535148620605469,9.013303756713867
KLO,V07_DenseLSTM,6,Test,1880.254570530278,1156.106689453125,-0.5634744167327881,95.3935317993164
KLO,V07_DenseLSTM,12,Train,363.5128737403945,250.1217041015625,-0.10968542098999023,5.7911882400512695
KLO,V07_DenseLSTM,12,Test,2052.534287167939,1379.220458984375,-0.6173853874206543,122.66352081298828
KLO,V08_Lite,3,Train,568.8174135871722,381.5786437988281,-0.7199859619140625,9.192068099975586
KLO,V08_Lite,3,Test,1639.5022110384602,1012.8145751953125,-0.18872523307800293,82.27792358398438
KLO,V08_Lite,6,Train,547.3275984271212,320.2077331542969,-0.45770299434661865,8.184409141540527
KLO,V08_Lite,6,Test,1804.5385836828207,1096.8431396484375,-0.4400906562805176,91.13370513916016
KLO,V08_Lite,12,Train,369.0767620021613,250.5590362548828,-0.1439148187637329,5.8549113273620605
KLO,V08_Lite,12,Test,2097.2456937612246,1398.061279296875,-0.6886175870895386,124.99010467529297
KLO,V09_BiDeep,3,Train,556.8121878156045,374.984375,-0.6481494903564453,9.031170845031738
KLO,V09_BiDeep,3,Test,1585.2967387842568,981.6392211914062,-0.11142098903656006,79.24128723144531
KLO,V09_BiDeep,6,Train,568.6042670434333,337.5245361328125,-0.5732384920120239,8.60353946685791
KLO,V09_BiDeep,6,Test,1799.1743245166656,1120.2191162109375,-0.4315415620803833,90.84838104248047
KLO,V09_BiDeep,12,Train,370.15433858729796,257.8737487792969,-0.150604248046875,6.020906448364258
KLO,V09_BiDeep,12,Test,2062.8225808343286,1374.168212890625,-0.6336404085159302,122.62647247314453
KLO,V10_Mixed,3,Train,591.9526480217822,396.1955261230469,-0.8627434968948364,9.634047508239746
KLO,V10_Mixed,3,Test,1628.9366930608446,1054.892578125,-0.17345356941223145,81.52392578125
KLO,V10_Mixed,6,Train,549.2153209352412,323.1402587890625,-0.46777546405792236,8.245965957641602
KLO,V10_Mixed,6,Test,1763.4688117457592,1085.180908203125,-0.3752861022949219,88.86851501464844
KLO,V10_Mixed,12,Train,371.23183878137394,247.22802734375,-0.15731263160705566,5.775204181671143
KLO,V10_Mixed,12,Test,2009.8911662077626,1343.635009765625,-0.5508784055709839,118.77899169921875
LAO,V01_Simple,3,Train,1058.3992630382922,777.7372436523438,0.6060066819190979,16.095584869384766
LAO,V01_Simple,3,Test,969.2668298770984,612.2759399414062,-0.5179144144058228,19.553314208984375
LAO,V01_Simple,6,Train,1197.562994167739,880.9915161132812,-0.08193826675415039,20.86370277404785
LAO,V01_Simple,6,Test,1100.4080493162526,753.4183349609375,-0.9564470052719116,23.28070831298828
LAO,V01_Simple,12,Train,1031.0424942746056,749.3805541992188,-3.1690893173217773,18.062545776367188
LAO,V01_Simple,12,Test,1156.7392208272356,757.0380859375,-0.8096685409545898,25.551254272460938
LAO,V02_Deep,3,Train,1070.355548404361,792.7742309570312,0.5970548391342163,16.83087730407715
LAO,V02_Deep,3,Test,1028.0465091619153,658.0621948242188,-0.7075998783111572,20.858154296875
LAO,V02_Deep,6,Train,1229.6053736870215,863.0973510742188,-0.14061009883880615,20.31911849975586
LAO,V02_Deep,6,Test,1027.7264957176108,646.9750366210938,-0.7065367698669434,20.711200714111328
LAO,V02_Deep,12,Train,1060.3957398066063,765.4129028320312,-3.4098520278930664,18.388437271118164
LAO,V02_Deep,12,Test,1138.137843145548,740.5388793945312,-0.7519344091415405,25.068620681762695
LAO,V03_Wide,3,Train,1039.174311653247,750.21240234375,0.6201897859573364,15.94588565826416
LAO,V03_Wide,3,Test,984.2785746423621,632.1039428710938,-0.5652965307235718,20.042448043823242
LAO,V03_Wide,6,Train,1343.3537787939556,962.2758178710938,-0.36140239238739014,22.795888900756836
LAO,V03_Wide,6,Test,1123.8844469072433,791.3657836914062,-1.040816307067871,24.184646606445312
LAO,V03_Wide,12,Train,1009.8784580334408,725.1393432617188,-2.999689817428589,17.463642120361328
LAO,V03_Wide,12,Test,1146.2186200721048,740.2000122070312,-0.7769001722335815,25.130125045776367
LAO,V04_Triple,3,Train,1123.4553840718374,817.3358154296875,0.5560833215713501,16.671981811523438
LAO,V04_Triple,3,Test,943.7858271345252,580.6993408203125,-0.4391547441482544,18.76287078857422
LAO,V04_Triple,6,Train,1266.436289356871,1009.25830078125,-0.20996379852294922,24.851776123046875
LAO,V04_Triple,6,Test,1220.8589701517535,927.7001953125,-1.4081945419311523,27.437240600585938
LAO,V04_Triple,12,Train,1194.5717852017099,873.70458984375,-4.596449375152588,20.88542938232422
LAO,V04_Triple,12,Test,1148.1469309282675,760.6207885742188,-0.7828840017318726,25.537687301635742
LAO,V05_Bidir,3,Train,964.4192877063379,704.8331298828125,0.672869086265564,14.457358360290527
LAO,V05_Bidir,3,Test,947.7092776796057,620.0305786132812,-0.4511450529098511,19.48679542541504
LAO,V05_Bidir,6,Train,1162.1720505157573,847.9046020507812,-0.018935203552246094,20.27876853942871
LAO,V05_Bidir,6,Test,1088.1456129581188,728.12060546875,-0.9130864143371582,22.689434051513672
LAO,V05_Bidir,12,Train,1138.4655791898147,848.4072265625,-4.0830912590026855,20.471696853637695
LAO,V05_Bidir,12,Test,1259.5912531452416,887.5426635742188,-1.1457908153533936,28.980976104736328
LAO,V06_Pyramid,3,Train,1080.5381760955972,793.729736328125,0.5893516540527344,16.13359832763672
LAO,V06_Pyramid,3,Test,881.7754816278348,559.5664672851562,-0.25625157356262207,17.826751708984375
LAO,V06_Pyramid,6,Train,1099.617888177525,815.025634765625,0.08780157566070557,20.4643611907959
LAO,V06_Pyramid,6,Test,949.2331773594937,550.84765625,-0.4558156728744507,18.256223678588867
LAO,V06_Pyramid,12,Train,1225.450427393944,860.9783935546875,-4.8895158767700195,20.263320922851562
LAO,V06_Pyramid,12,Test,1028.2121619588052,636.2594604492188,-0.4298602342605591,21.991701126098633
LAO,V07_DenseLSTM,3,Train,1042.8413709668407,756.0551147460938,0.6175044775009155,15.947418212890625
LAO,V07_DenseLSTM,3,Test,975.2143033713154,617.5963134765625,-0.5365995168685913,19.700040817260742
LAO,V07_DenseLSTM,6,Train,1274.348068621756,957.9850463867188,-0.2251291275024414,22.835758209228516
LAO,V07_DenseLSTM,6,Test,1158.687080276638,839.9866943359375,-1.1691665649414062,25.35158348083496
LAO,V07_DenseLSTM,12,Train,1048.931003450656,757.0123291015625,-3.315011501312256,18.199846267700195
LAO,V07_DenseLSTM,12,Test,1145.1703475902614,745.84375,-0.7736515998840332,25.23435401916504
LAO,V08_Lite,3,Train,1022.9300745896564,755.461669921875,0.6319712400436401,15.420373916625977
LAO,V08_Lite,3,Test,902.7626695316992,574.5020141601562,-0.31676340103149414,18.291929244995117
LAO,V08_Lite,6,Train,1148.7558487337508,824.9638671875,0.004454314708709717,19.65509605407715
LAO,V08_Lite,6,Test,1013.4773677788764,622.3343505859375,-0.6595436334609985,20.120473861694336
LAO,V08_Lite,12,Train,883.993990364188,632.20166015625,-2.0646913051605225,15.340553283691406
LAO,V08_Lite,12,Test,1074.030958585459,652.84033203125,-0.5601333379745483,22.748212814331055
LAO,V09_BiDeep,3,Train,952.277959684041,685.4591064453125,0.681053876876831,14.532488822937012
LAO,V09_BiDeep,3,Test,975.2520507540602,648.6218872070312,-0.536718487739563,20.255794525146484
LAO,V09_BiDeep,6,Train,1174.1750295420186,843.4558715820312,-0.04009115695953369,20.562753677368164
LAO,V09_BiDeep,6,Test,1066.3117508496284,694.4362182617188,-0.8370836973190308,21.87615394592285
LAO,V09_BiDeep,12,Train,980.1740597975444,705.736572265625,-2.767857789993286,17.004314422607422
LAO,V09_BiDeep,12,Test,1098.54892926988,687.9832763671875,-0.6321759223937988,23.67792510986328
LAO,V10_Mixed,3,Train,945.8806742924818,682.91162109375,0.6853247880935669,14.97182846069336
LAO,V10_Mixed,3,Test,982.8728618188621,661.5866088867188,-0.5608288049697876,20.544187545776367
LAO,V10_Mixed,6,Train,993.8519444565171,708.59814453125,0.25484079122543335,16.900638580322266
LAO,V10_Mixed,6,Test,980.4106601317634,587.67529296875,-0.5530184507369995,19.1844425201416
LAO,V10_Mixed,12,Train,868.7987396399698,612.6763916015625,-1.9602367877960205,14.894732475280762
LAO,V10_Mixed,12,Test,1095.5956142665048,668.5361328125,-0.6234118938446045,23.242671966552734
WNP,V01_Simple,3,Train,320.5389748142962,273.7294921875,-0.0027370452880859375,8.555059432983398
WNP,V01_Simple,3,Test,1215.9716279584816,903.033203125,-0.04394114017486572,947523392.0
WNP,V01_Simple,6,Train,400.7198600643597,333.7881774902344,-0.4480031728744507,10.1604642868042
WNP,V01_Simple,6,Test,1247.8331719424677,913.7022705078125,-0.0993657112121582,967959680.0
WNP,V01_Simple,12,Train,361.8674006110526,305.92218017578125,-0.07439613342285156,9.782919883728027
WNP,V01_Simple,12,Test,1454.4036578611867,1056.556396484375,-0.21603024005889893,1405133952.0
WNP,V02_Deep,3,Train,371.3454002004064,317.3678283691406,-0.34580302238464355,9.807059288024902
WNP,V02_Deep,3,Test,1213.132206315536,924.6997680664062,-0.03907144069671631,930483392.0
WNP,V02_Deep,6,Train,358.8760558152355,298.1754150390625,-0.16138648986816406,9.20257568359375
WNP,V02_Deep,6,Test,1277.3241072648711,911.3268432617188,-0.15194404125213623,1006239232.0
WNP,V02_Deep,12,Train,376.9518371091989,318.3070373535156,-0.16583538055419922,10.125311851501465
WNP,V02_Deep,12,Test,1448.3696869238875,1047.7437744140625,-0.2059612274169922,1400798080.0
WNP,V03_Wide,3,Train,333.10094894416017,287.5958251953125,-0.08287203311920166,8.987072944641113
WNP,V03_Wide,3,Test,1219.336653676908,918.0157470703125,-0.04972708225250244,942984576.0
WNP,V03_Wide,6,Train,350.3935176162653,291.5984191894531,-0.10713326930999756,9.07981014251709
WNP,V03_Wide,6,Test,1300.0920640477734,918.7053833007812,-0.19337618350982666,1028399232.0
WNP,V03_Wide,12,Train,378.4519041437102,318.56854248046875,-0.17513275146484375,10.142643928527832
WNP,V03_Wide,12,Test,1447.4808288885902,1048.417236328125,-0.20448148250579834,1397928576.0
WNP,V04_Triple,3,Train,310.38026072867456,257.3033142089844,0.059814393520355225,8.110566139221191
WNP,V04_Triple,3,Test,1246.4015203777633,904.6316528320312,-0.09684455394744873,982241472.0
WNP,V04_Triple,6,Train,428.8493325166777,354.3804931640625,-0.6584304571151733,10.765765190124512
WNP,V04_Triple,6,Test,1271.819316962909,949.5816040039062,-0.1420365571975708,985084032.0
WNP,V04_Triple,12,Train,392.36649799645227,333.4952392578125,-0.2631337642669678,10.671820640563965
WNP,V04_Triple,12,Test,1448.4363983275207,1041.8590087890625,-0.20607221126556396,1405627776.0
WNP,V05_Bidir,3,Train,303.67937707802946,257.3648681640625,0.09997200965881348,8.08846378326416
WNP,V05_Bidir,3,Test,1199.2235508861556,890.5350341796875,-0.015381932258605957,930992704.0
WNP,V05_Bidir,6,Train,399.06517716408183,334.95556640625,-0.4360694885253906,10.215940475463867
WNP,V05_Bidir,6,Test,1252.0321980684043,923.5537109375,-0.10677707195281982,967161408.0
WNP,V05_Bidir,12,Train,370.6834060219044,311.3892517089844,-0.12738382816314697,9.964191436767578
WNP,V05_Bidir,12,Test,1461.0164270123728,1057.4749755859375,-0.22711336612701416,1414277632.0
WNP,V06_Pyramid,3,Train,361.99780947196354,305.88323974609375,-0.2789020538330078,9.463850021362305
WNP,V06_Pyramid,3,Test,1222.7260016046114,921.2506713867188,-0.05557096004486084,945564800.0
WNP,V06_Pyramid,6,Train,375.8246973324132,309.1416015625,-0.2736743688583374,9.494105339050293
WNP,V06_Pyramid,6,Test,1281.6481576470198,909.16015625,-0.15975642204284668,1012998208.0
WNP,V06_Pyramid,12,Train,398.40280731315136,333.5799560546875,-0.3022977113723755,10.451601028442383
WNP,V06_Pyramid,12,Test,1424.8935925184028,1029.3046875,-0.16718411445617676,1377496960.0
WNP,V07_DenseLSTM,3,Train,356.4609791933754,304.1890563964844,-0.24007904529571533,9.425132751464844
WNP,V07_DenseLSTM,3,Test,1216.4542736987692,919.4022827148438,-0.044770121574401855,938812672.0
WNP,V07_DenseLSTM,6,Train,330.3791027932911,271.740966796875,0.015732944011688232,8.636855125427246
WNP,V07_DenseLSTM,6,Test,1314.3257777278814,908.5482788085938,-0.2196500301361084,1049989888.0
WNP,V07_DenseLSTM,12,Train,377.9575869062559,319.46307373046875,-0.1720649003982544,10.251039505004883
WNP,V07_DenseLSTM,12,Test,1458.4735170718734,1053.205322265625,-0.2228454351425171,1411924352.0
WNP,V08_Lite,3,Train,329.8545844383552,281.17108154296875,-0.06186783313751221,8.744437217712402
WNP,V08_Lite,3,Test,1207.252562639649,899.4490966796875,-0.02902376651763916,939118592.0
WNP,V08_Lite,6,Train,322.42140515170513,270.443603515625,0.06257718801498413,8.498356819152832
WNP,V08_Lite,6,Test,1267.3240509041088,900.4605102539062,-0.13397765159606934,1002846208.0
WNP,V08_Lite,12,Train,355.34285820176547,301.0326232910156,-0.036002278327941895,9.675552368164062
WNP,V08_Lite,12,Test,1465.1197903243271,1063.0062255859375,-0.2340158224105835,1416141312.0
WNP,V09_BiDeep,3,Train,310.51016488997584,265.2432556152344,0.059027254581451416,8.313937187194824
WNP,V09_BiDeep,3,Test,1196.282523068861,894.7318725585938,-0.010407686233520508,925602688.0
WNP,V09_BiDeep,6,Train,312.5497585385406,257.5462646484375,0.11910098791122437,8.226613998413086
WNP,V09_BiDeep,6,Test,1289.630276474618,894.9905395507812,-0.1742473840713501,1029160704.0
WNP,V09_BiDeep,12,Train,368.1728958655159,311.6807556152344,-0.11216485500335693,9.946151733398438
WNP,V09_BiDeep,12,Test,1448.0035825231926,1050.0010986328125,-0.2053515911102295,1400610944.0
WNP,V10_Mixed,3,Train,288.7821951748411,239.36749267578125,0.1861090064048767,7.591089725494385
WNP,V10_Mixed,3,Test,1203.1456167064732,882.73046875,-0.022034525871276855,936198720.0
WNP,V10_Mixed,6,Train,341.7469824299843,285.29443359375,-0.053166866302490234,8.824188232421875
WNP,V10_Mixed,6,Test,1245.6667893140605,901.5430297851562,-0.09555172920227051,977796096.0
WNP,V10_Mixed,12,Train,354.45506150286525,297.2455139160156,-0.03083193302154541,9.653596878051758
WNP,V10_Mixed,12,Test,1470.675270071541,1069.353271484375,-0.2433919906616211,1419172608.0
TWT,V01_Simple,3,Train,1378.9631521545455,1075.10498046875,0.36048251390457153,68.5093994140625
TWT,V01_Simple,3,Test,1863.0754144693124,1516.0362548828125,-30.951583862304688,3.6011431217193604
TWT,V01_Simple,6,Train,1607.0770827810345,1254.4495849609375,0.056354641914367676,79.89623260498047
TWT,V01_Simple,6,Test,2313.1356423694656,2044.44140625,-48.253116607666016,28.68378448486328
TWT,V01_Simple,12,Train,1865.6593338549244,1544.47998046875,-0.23655807971954346,65.4234848022461
TWT,V01_Simple,12,Test,1610.7859106659705,1535.91748046875,-17.27857780456543,61.74341583251953
TWT,V02_Deep,3,Train,1444.66047049125,1084.0614013671875,0.2980944514274597,72.99263763427734
TWT,V02_Deep,3,Test,2188.156987055545,1867.5616455078125,-43.074607849121094,28.7021427154541
TWT,V02_Deep,6,Train,1689.465226040477,1347.6053466796875,-0.04287898540496826,88.33409881591797
TWT,V02_Deep,6,Test,2595.486852210968,2308.05029296875,-61.01106262207031,8.489249229431152
TWT,V02_Deep,12,Train,1742.585507227694,1479.275634765625,-0.07879269123077393,65.91071319580078
TWT,V02_Deep,12,Test,1457.2355677789367,1377.5546875,-13.959815979003906,47.505943298339844
TWT,V03_Wide,3,Train,1411.685118927022,1080.407958984375,0.3297716975212097,67.49254608154297
TWT,V03_Wide,3,Test,1943.606891837956,1604.3760986328125,-33.77349853515625,4.768614292144775
TWT,V03_Wide,6,Train,1671.3937297955858,1310.3946533203125,-0.02068781852722168,77.06256866455078
TWT,V03_Wide,6,Test,2272.2114778338746,2027.717529296875,-46.5257568359375,24.561119079589844
TWT,V03_Wide,12,Train,1883.7316024317265,1556.1026611328125,-0.26063060760498047,63.369197845458984
TWT,V03_Wide,12,Test,1452.5875188779505,1359.794189453125,-13.864535331726074,38.68712615966797
TWT,V04_Triple,3,Train,1503.156678460366,1150.3470458984375,0.24010145664215088,78.7113265991211
TWT,V04_Triple,3,Test,2404.8760882839683,2175.847412109375,-52.23741149902344,70.23356628417969
TWT,V04_Triple,6,Train,1756.2830068072742,1443.5579833984375,-0.12700128555297852,97.71102905273438
TWT,V04_Triple,6,Test,2826.9455247669703,2580.884765625,-72.56417846679688,24.048534393310547
TWT,V04_Triple,12,Train,1676.295692889533,1493.3232421875,0.0017230510711669922,78.19718933105469
TWT,V04_Triple,12,Test,1663.4323701311093,1613.7962646484375,-18.4929256439209,85.89490509033203
TWT,V05_Bidir,3,Train,1352.865662214841,1065.94287109375,0.38445979356765747,71.73591613769531
TWT,V05_Bidir,3,Test,1866.0843362506423,1564.962646484375,-31.054874420166016,12.364164352416992
TWT,V05_Bidir,6,Train,1592.426842903623,1245.93701171875,0.07348090410232544,82.96602630615234
TWT,V05_Bidir,6,Test,2366.2637215661316,2077.624267578125,-50.541587829589844,14.701568603515625
TWT,V05_Bidir,12,Train,1701.0428419061057,1445.5152587890625,-0.027969717979431152,65.5553207397461
TWT,V05_Bidir,12,Test,1371.5740045655575,1309.271728515625,-12.252726554870605,53.182518005371094
TWT,V06_Pyramid,3,Train,1496.8279794284979,1142.3486328125,0.24648678302764893,77.20392608642578
TWT,V06_Pyramid,3,Test,2373.5777846955007,2127.516845703125,-50.86071014404297,62.39666748046875
TWT,V06_Pyramid,6,Train,1772.1733126305678,1456.74609375,-0.14748704433441162,98.15117645263672
TWT,V06_Pyramid,6,Test,2854.6684571067094,2593.308349609375,-74.01409149169922,17.87226104736328
TWT,V06_Pyramid,12,Train,1696.5705113551867,1495.5877685546875,-0.022571444511413574,75.23210906982422
TWT,V06_Pyramid,12,Test,1609.8292611329937,1553.385498046875,-17.256872177124023,75.60265350341797
TWT,V07_DenseLSTM,3,Train,1485.7636925164109,1105.7626953125,0.2575852870941162,76.08976745605469
TWT,V07_DenseLSTM,3,Test,2306.010516021122,1972.7386474609375,-47.950157165527344,34.67977523803711
TWT,V07_DenseLSTM,6,Train,1687.3268800087315,1343.5074462890625,-0.04024076461791992,85.99636840820312
TWT,V07_DenseLSTM,6,Test,2533.8563495194435,2258.87548828125,-58.10108947753906,13.096213340759277
TWT,V07_DenseLSTM,12,Train,1770.9016065270255,1485.4444580078125,-0.11413717269897461,64.6255874633789
TWT,V07_DenseLSTM,12,Test,1450.7268867709042,1372.4241943359375,-13.826480865478516,47.68573760986328
TWT,V08_Lite,3,Train,1405.3397720836053,1108.3189697265625,0.33578336238861084,68.9626693725586
TWT,V08_Lite,3,Test,1900.2943193095116,1652.4984130859375,-32.240936279296875,25.27840805053711
TWT,V08_Lite,6,Train,1563.128353654939,1222.2730712890625,0.10726058483123779,76.10848999023438
TWT,V08_Lite,6,Test,2117.5685349003465,1870.857666015625,-40.27684020996094,19.719268798828125
TWT,V08_Lite,12,Train,1791.5530971757437,1507.8822021484375,-0.1402738094329834,62.01062774658203
TWT,V08_Lite,12,Test,1080.6464500473778,967.259765625,-7.226858139038086,4.679203987121582
TWT,V09_BiDeep,3,Train,1367.4008190724473,1046.6124267578125,0.3711619973182678,73.74105834960938
TWT,V09_BiDeep,3,Test,1973.9143851747979,1650.789794921875,-34.86642837524414,15.679513931274414
TWT,V09_BiDeep,6,Train,1618.074472946162,1261.238525390625,0.0433955192565918,86.94680786132812
TWT,V09_BiDeep,6,Test,2486.9579811488575,2188.427978515625,-55.933570861816406,11.418405532836914
TWT,V09_BiDeep,12,Train,1744.3952390441796,1468.191650390625,-0.08103466033935547,62.9371452331543
TWT,V09_BiDeep,12,Test,1303.6584100139116,1215.30517578125,-10.972762107849121,31.196090698242188
TWT,V10_Mixed,3,Train,1375.3434116612475,1039.2796630859375,0.36383557319641113,73.49673461914062
TWT,V10_Mixed,3,Test,1973.8844951009671,1597.059814453125,-34.86534118652344,3.4149606227874756
TWT,V10_Mixed,6,Train,1605.824009659838,1242.86181640625,0.05782562494277954,85.99059295654297
TWT,V10_Mixed,6,Test,2435.253580225271,2122.47119140625,-53.59085464477539,23.8569278717041
TWT,V10_Mixed,12,Train,1733.0590728535483,1467.68408203125,-0.06702983379364014,61.6699104309082
TWT,V10_Mixed,12,Test,1194.9054878943355,1078.676025390625,-9.058514595031738,9.557297706604004
ENI,V01_Simple,3,Train,23.27129479898129,9.903972625732422,0.004905819892883301,91.68822479248047
ENI,V01_Simple,3,Test,10149.668368966544,7177.30517578125,-1.0041818618774414,101.84722137451172
ENI,V01_Simple,6,Train,25.01944068338409,8.050047874450684,-0.030826687812805176,96.48619079589844
ENI,V01_Simple,6,Test,10124.551940703352,7144.0048828125,-0.9942748546600342,100.83402252197266
ENI,V01_Simple,12,Train,557.016101652367,181.73336791992188,-0.13432180881500244,100.41448974609375
ENI,V01_Simple,12,Test,11916.409526363215,9283.2119140625,-1.5435419082641602,100.4455795288086
ENI,V02_Deep,3,Train,23.270045017515276,10.190979957580566,0.0050127506256103516,91.3911361694336
ENI,V02_Deep,3,Test,10138.95024151909,7157.64404296875,-0.9999511241912842,101.03849029541016
ENI,V02_Deep,6,Train,24.99489327725578,8.211539268493652,-0.028804898262023926,96.28050994873047
ENI,V02_Deep,6,Test,10125.71854240478,7142.63525390625,-0.994734525680542,100.56800842285156
ENI,V02_Deep,12,Train,552.2669757463323,180.87088012695312,-0.11506164073944092,99.65131378173828
ENI,V02_Deep,12,Test,11891.602415149944,9254.8798828125,-1.5329625606536865,99.80595397949219
ENI,V03_Wide,3,Train,23.519783944934662,8.081259727478027,-0.016458749771118164,95.56460571289062
ENI,V03_Wide,3,Test,10092.170826933123,7111.2021484375,-0.9815388917922974,99.93017578125
ENI,V03_Wide,6,Train,24.784036679304155,8.879244804382324,-0.01152026653289795,94.4514389038086
ENI,V03_Wide,6,Test,10111.932357368694,7128.96875,-0.9893064498901367,100.50028228759766
ENI,V03_Wide,12,Train,551.8408964547662,180.2078857421875,-0.1133418083190918,99.8394775390625
ENI,V03_Wide,12,Test,11884.56410643655,9249.8115234375,-1.5299651622772217,99.62732696533203
ENI,V04_Triple,3,Train,23.302044771378835,10.117000579833984,0.0022742748260498047,91.88864135742188
ENI,V04_Triple,3,Test,10117.859457414894,7132.5556640625,-0.9916393756866455,100.34425354003906
ENI,V04_Triple,6,Train,25.065016774739426,8.184985160827637,-0.03458571434020996,96.78221130371094
ENI,V04_Triple,6,Test,10108.4669460804,7123.06396484375,-0.9879432916641235,100.11104583740234
ENI,V04_Triple,12,Train,553.133629876181,180.95999145507812,-0.11856400966644287,99.85317993164062
ENI,V04_Triple,12,Test,11899.489736959313,9261.2294921875,-1.5363240242004395,100.00126647949219
ENI,V05_Bidir,3,Train,23.255874383892234,10.142939567565918,0.006224095821380615,91.18122863769531
ENI,V05_Bidir,3,Test,10120.533582771217,7144.0634765625,-0.992692232131958,101.0619888305664
ENI,V05_Bidir,6,Train,25.031236589025745,8.039111137390137,-0.03179895877838135,96.57490539550781
ENI,V05_Bidir,6,Test,10118.087566333867,7134.52001953125,-0.9917291402816772,100.48419189453125
ENI,V05_Bidir,12,Train,557.1908055145921,181.88766479492188,-0.13503336906433105,100.41211700439453
ENI,V05_Bidir,12,Test,11918.769063959584,9287.3447265625,-1.5445492267608643,100.59992218017578
ENI,V06_Pyramid,3,Train,23.29696538589106,9.969945907592773,0.0027091503143310547,92.01543426513672
ENI,V06_Pyramid,3,Test,10136.817251978058,7154.34716796875,-0.9991097450256348,100.84028625488281
ENI,V06_Pyramid,6,Train,25.105722499981827,7.958024501800537,-0.0379488468170166,97.11241912841797
ENI,V06_Pyramid,6,Test,10113.069959216144,7128.28564453125,-0.9897541999816895,100.181640625
ENI,V06_Pyramid,12,Train,553.1900667944066,181.05931091308594,-0.11879241466522217,99.83617401123047
ENI,V06_Pyramid,12,Test,11902.384971088777,9265.294921875,-1.5375580787658691,100.04325103759766
ENI,V07_DenseLSTM,3,Train,23.522992512812067,8.175312995910645,-0.016736149787902832,95.56503295898438
ENI,V07_DenseLSTM,3,Test,10120.48734004445,7135.97509765625,-0.9926739931106567,100.51970672607422
ENI,V07_DenseLSTM,6,Train,24.746402980013453,9.23337173461914,-0.008450627326965332,93.98416137695312
ENI,V07_DenseLSTM,6,Test,10116.404499623372,7131.8154296875,-0.991066575050354,100.30158996582031
ENI,V07_DenseLSTM,12,Train,553.0569308398549,180.82186889648438,-0.11825394630432129,99.8867416381836
ENI,V07_DenseLSTM,12,Test,11897.161342101737,9259.5302734375,-1.5353314876556396,99.9620590209961
ENI,V08_Lite,3,Train,23.432024099893052,8.597247123718262,-0.008887410163879395,94.53074645996094
ENI,V08_Lite,3,Test,10125.22868877538,7146.28955078125,-0.9945415258407593,100.84815979003906
ENI,V08_Lite,6,Train,24.921665604527846,8.379947662353516,-0.022785544395446777,95.68878173828125
ENI,V08_Lite,6,Test,10125.3428583925,7144.625,-0.9945865869522095,100.7796859741211
ENI,V08_Lite,12,Train,557.5189178404621,181.8892059326172,-0.13637053966522217,100.47391510009766
ENI,V08_Lite,12,Test,11919.524822743564,9286.796875,-1.5448718070983887,100.56474304199219
ENI,V09_BiDeep,3,Train,23.25628642751111,10.156157493591309,0.006188929080963135,91.18949127197266
ENI,V09_BiDeep,3,Test,10144.886002316634,7168.72119140625,-1.002293586730957,101.53643035888672
ENI,V09_BiDeep,6,Train,25.010299392122313,8.115452766418457,-0.03007352352142334,96.41184997558594
ENI,V09_BiDeep,6,Test,10126.224172908676,7144.06298828125,-0.9949337244033813,100.73657989501953
ENI,V09_BiDeep,12,Train,554.8797730139386,181.39669799804688,-0.12563741207122803,100.10344696044922
ENI,V09_BiDeep,12,Test,11912.265275756748,9277.4677734375,-1.5417728424072266,100.30914306640625
ENI,V10_Mixed,3,Train,23.260992917412324,10.075392723083496,0.005786597728729248,91.35767364501953
ENI,V10_Mixed,3,Test,10140.996006310228,7164.69287109375,-1.000758171081543,101.42308807373047
ENI,V10_Mixed,6,Train,24.955058482152598,8.250526428222656,-0.025528311729431152,95.9713134765625
ENI,V10_Mixed,6,Test,10135.469599382162,7155.41259765625,-0.9985781908035278,100.95072937011719
ENI,V10_Mixed,12,Train,552.9907888021282,180.7686309814453,-0.11798655986785889,99.89122772216797
ENI,V10_Mixed,12,Test,11894.97171076922,9257.888671875,-1.5343983173370361,99.9129867553711
CGM,V01_Simple,3,Train,488.1175415563346,345.86907958984375,0.8402875661849976,38.86886978149414
CGM,V01_Simple,3,Test,945.1440035782907,746.6741333007812,-0.9342509508132935,54.95698928833008
CGM,V01_Simple,6,Train,550.8317574359706,434.6254577636719,0.8016260862350464,51.15803909301758
CGM,V01_Simple,6,Test,1707.6289848793267,1643.808837890625,-5.313990116119385,102.00460815429688
CGM,V01_Simple,12,Train,786.9019157429977,696.3502807617188,0.5574987530708313,39.067832946777344
CGM,V01_Simple,12,Test,1142.073990597807,859.0390625,-1.3111159801483154,74.65170288085938
CGM,V02_Deep,3,Train,512.0354907132903,348.0274658203125,0.8242521286010742,37.9077033996582
CGM,V02_Deep,3,Test,1048.1060895729975,857.9591674804688,-1.3786325454711914,61.526554107666016
CGM,V02_Deep,6,Train,561.5075411336877,443.1956787109375,0.7938621044158936,52.881752014160156
CGM,V02_Deep,6,Test,1831.0251909790863,1772.9674072265625,-6.259479522705078,109.04656982421875
CGM,V02_Deep,12,Train,772.9539523800884,722.7353515625,0.5730465650558472,40.99885940551758
CGM,V02_Deep,12,Test,1676.3833839548756,1454.1138916015625,-3.979433536529541,113.4109878540039
CGM,V03_Wide,3,Train,481.023404446187,354.8465270996094,0.8448962569236755,42.476966857910156
CGM,V03_Wide,3,Test,998.3000237904434,799.9634399414062,-1.1579382419586182,58.543975830078125
CGM,V03_Wide,6,Train,566.4422135134351,521.5337524414062,0.7902230024337769,88.9240951538086
CGM,V03_Wide,6,Test,1549.2048767028846,1467.3704833984375,-4.19678258895874,93.53932189941406
CGM,V03_Wide,12,Train,800.3427781269723,730.9237060546875,0.5422531962394714,41.38309097290039
CGM,V03_Wide,12,Test,1553.861158533799,1314.893310546875,-3.2781667709350586,104.75919342041016
CGM,V04_Triple,3,Train,548.6966374965314,395.2365417480469,0.7981845140457153,44.13037109375
CGM,V04_Triple,3,Test,1024.1000317351816,807.66748046875,-1.270918846130371,59.47915267944336
CGM,V04_Triple,6,Train,601.4728017541607,487.9410095214844,0.7634741067886353,59.43865966796875
CGM,V04_Triple,6,Test,1824.5360369145906,1765.2867431640625,-6.208115577697754,108.83771514892578
CGM,V04_Triple,12,Train,883.0436356715335,799.5797119140625,0.442766010761261,45.30080032348633
CGM,V04_Triple,12,Test,1609.6419632949435,1330.0577392578125,-3.590836524963379,108.01805114746094
CGM,V05_Bidir,3,Train,435.7302060908791,292.15606689453125,0.8727302551269531,32.14957046508789
CGM,V05_Bidir,3,Test,875.0158212855354,693.5889282226562,-0.6578631401062012,50.82627487182617
CGM,V05_Bidir,6,Train,497.9415753881172,408.5983581542969,0.8378924131393433,51.48078918457031
CGM,V05_Bidir,6,Test,1373.7563921598328,1284.8507080078125,-3.0863566398620605,82.89068603515625
CGM,V05_Bidir,12,Train,786.2763509097804,694.8115234375,0.5582020282745361,38.9625358581543
CGM,V05_Bidir,12,Test,1244.2476642533834,968.56103515625,-1.743133306503296,82.12899780273438
CGM,V06_Pyramid,3,Train,519.1504177500004,342.7629089355469,0.8193340301513672,37.395240783691406
CGM,V06_Pyramid,3,Test,1206.2962944484245,1028.5640869140625,-2.1508290767669678,71.77449798583984
CGM,V06_Pyramid,6,Train,576.369835695797,450.6852111816406,0.782805323600769,55.61884689331055
CGM,V06_Pyramid,6,Test,2259.035966955816,2212.48583984375,-10.05002212524414,133.1881103515625
CGM,V06_Pyramid,12,Train,922.9959371524882,820.8079833984375,0.39120250940322876,46.310909271240234
CGM,V06_Pyramid,12,Test,1343.0600787008748,1009.1947021484375,-2.1961278915405273,87.89726257324219
CGM,V07_DenseLSTM,3,Train,502.50881522118596,333.9721374511719,0.8307310342788696,35.79039001464844
CGM,V07_DenseLSTM,3,Test,1025.4226567615913,830.912109375,-1.2767882347106934,60.15561294555664
CGM,V07_DenseLSTM,6,Train,614.5116201098235,569.8788452148438,0.7531080842018127,109.34073638916016
CGM,V07_DenseLSTM,6,Test,1625.1277642080945,1545.296875,-4.718628406524658,98.1069564819336
CGM,V07_DenseLSTM,12,Train,794.8230542076645,737.4464721679688,0.548545241355896,41.818477630615234
CGM,V07_DenseLSTM,12,Test,1718.0027648406158,1490.9906005859375,-4.229751110076904,116.2169189453125
CGM,V08_Lite,3,Train,462.29612060345045,340.3795471191406,0.8567382097244263,39.99476623535156
CGM,V08_Lite,3,Test,899.9191977616657,702.462890625,-0.7535731792449951,52.18916702270508
CGM,V08_Lite,6,Train,525.0759171300851,436.5677490234375,0.8197435140609741,55.34928512573242
CGM,V08_Lite,6,Test,1544.0189441843,1472.7257080078125,-4.162048816680908,92.72958374023438
CGM,V08_Lite,12,Train,751.9987533234347,676.6306762695312,0.5958826541900635,37.94424819946289
CGM,V08_Lite,12,Test,1235.809855924446,960.1716918945312,-1.7060546875,81.6463623046875
CGM,V09_BiDeep,3,Train,433.96777674154566,279.1781005859375,0.8737577199935913,29.550317764282227
CGM,V09_BiDeep,3,Test,868.5343977068496,694.8877563476562,-0.6333937644958496,50.46321105957031
CGM,V09_BiDeep,6,Train,492.65027846840803,430.4510803222656,0.8413193225860596,62.842899322509766
CGM,V09_BiDeep,6,Test,1424.5769986209941,1340.6005859375,-3.394289970397949,85.9919662475586
CGM,V09_BiDeep,12,Train,736.9556465622609,668.7483520507812,0.6118889451026917,37.587135314941406
CGM,V09_BiDeep,12,Test,1384.7622088286494,1153.9892578125,-2.3976893424987793,92.95255279541016
CGM,V10_Mixed,3,Train,438.2452224497148,285.3388366699219,0.8712568283081055,30.641647338867188
CGM,V10_Mixed,3,Test,886.0716675303415,717.22265625,-0.7000219821929932,51.600311279296875
CGM,V10_Mixed,6,Train,486.16064410336634,418.4707946777344,0.8454723358154297,59.160186767578125
CGM,V10_Mixed,6,Test,1398.9183768183188,1314.9437255859375,-3.2374205589294434,84.37077331542969
CGM,V10_Mixed,12,Train,766.0562560935065,662.3607788085938,0.5806326866149902,36.92401123046875
CGM,V10_Mixed,12,Test,1122.225746006569,840.5359497070312,-1.2314836978912354,73.18141174316406
SUG,V01_Simple,3,Train,701.5401360578024,470.25347900390625,0.23284822702407837,48.076419830322266
SUG,V01_Simple,3,Test,1016.4045392952552,944.5361328125,-0.8765178918838501,111.2984390258789
SUG,V01_Simple,6,Train,631.7087194664958,445.3087463378906,0.3935203552246094,49.82489776611328
SUG,V01_Simple,6,Test,744.9439995731223,581.7594604492188,-0.008014440536499023,141.65859985351562
SUG,V01_Simple,12,Train,630.2461076833398,445.6617736816406,0.4242513179779053,45.698509216308594
SUG,V01_Simple,12,Test,1134.8470711950577,772.4913330078125,-0.8077394962310791,267.6307373046875
SUG,V02_Deep,3,Train,667.1063914399261,459.1631164550781,0.306308388710022,51.94334411621094
SUG,V02_Deep,3,Test,936.6272604403525,852.9730834960938,-0.5935038328170776,117.77678680419922
SUG,V02_Deep,6,Train,635.1347544025598,457.0050354003906,0.3869240880012512,54.22312545776367
SUG,V02_Deep,6,Test,776.0461084884067,539.6683959960938,-0.09394264221191406,154.63229370117188
SUG,V02_Deep,12,Train,654.7928346049612,524.2315673828125,0.3785296082496643,60.81686019897461
SUG,V02_Deep,12,Test,1493.674495999714,1137.7047119140625,-2.1316492557525635,346.56866455078125
SUG,V03_Wide,3,Train,623.4635614853526,415.1749267578125,0.3941035270690918,44.69602584838867
SUG,V03_Wide,3,Test,863.3205155097381,799.6889038085938,-0.35382843017578125,123.73504638671875
SUG,V03_Wide,6,Train,603.1982727511743,448.4672546386719,0.44702863693237305,52.51984405517578
SUG,V03_Wide,6,Test,851.0958377292184,602.4495849609375,-0.3157593011856079,172.3423309326172
SUG,V03_Wide,12,Train,670.4946634761533,445.16326904296875,0.34836673736572266,44.692344665527344
SUG,V03_Wide,12,Test,1229.100178992746,842.4627075195312,-1.1204874515533447,290.01922607421875
SUG,V04_Triple,3,Train,742.818828853981,512.3153076171875,0.1399136185646057,56.8978385925293
SUG,V04_Triple,3,Test,1093.6636823082313,1027.876220703125,-1.1726367473602295,108.50694274902344
SUG,V04_Triple,6,Train,687.8527276968523,512.72021484375,0.28092634677886963,59.270294189453125
SUG,V04_Triple,6,Test,743.0447076051346,595.4078979492188,-0.0028810501098632812,135.8389129638672
SUG,V04_Triple,12,Train,665.5053296180279,491.27130126953125,0.3580285906791687,53.90415954589844
SUG,V04_Triple,12,Test,1423.2885336431261,1050.8199462890625,-1.8434593677520752,332.039794921875
SUG,V05_Bidir,3,Train,603.9923685362257,408.5784912109375,0.4313576817512512,46.65557861328125
SUG,V05_Bidir,3,Test,837.7954329667833,779.8998413085938,-0.27495694160461426,123.51753997802734
SUG,V05_Bidir,6,Train,585.1333982520567,456.7167663574219,0.4796539545059204,54.760986328125
SUG,V05_Bidir,6,Test,850.2878556700666,586.8175659179688,-0.3132622241973877,171.60427856445312
SUG,V05_Bidir,12,Train,660.4526146893508,454.76556396484375,0.3677396774291992,43.38938522338867
SUG,V05_Bidir,12,Test,1153.49891634106,782.42822265625,-0.8676502704620361,272.6197814941406
SUG,V06_Pyramid,3,Train,701.5742120403229,494.7486267089844,0.23277366161346436,58.658485412597656
SUG,V06_Pyramid,3,Test,996.1082082284032,925.0261840820312,-0.8023227453231812,114.79232025146484
SUG,V06_Pyramid,6,Train,665.4537690553717,523.8067016601562,0.3269950747489929,69.04621124267578
SUG,V06_Pyramid,6,Test,795.4679833280533,555.5363159179688,-0.14938342571258545,160.30120849609375
SUG,V06_Pyramid,12,Train,671.8021239546657,512.585693359375,0.34582287073135376,58.19813537597656
SUG,V06_Pyramid,12,Test,1403.5745883279592,1010.9226684570312,-1.7652356624603271,328.5632629394531
SUG,V07_DenseLSTM,3,Train,636.4221770963045,448.969482421875,0.36865484714508057,55.297386169433594
SUG,V07_DenseLSTM,3,Test,870.0789116511214,799.1229858398438,-0.37510788440704346,126.14555358886719
SUG,V07_DenseLSTM,6,Train,626.0693601750528,502.4463195800781,0.404300332069397,64.67545318603516
SUG,V07_DenseLSTM,6,Test,914.0871471036008,665.2089233398438,-0.517730712890625,184.3055877685547
SUG,V07_DenseLSTM,12,Train,682.0234141875189,465.4703063964844,0.3257651925086975,44.29917526245117
SUG,V07_DenseLSTM,12,Test,1210.9222724849024,816.2066650390625,-1.0582289695739746,286.4244689941406
SUG,V08_Lite,3,Train,748.2476194415857,497.46868896484375,0.1272960901260376,49.463417053222656
SUG,V08_Lite,3,Test,1114.9011727503025,1046.7618408203125,-1.2578351497650146,106.56755065917969
SUG,V08_Lite,6,Train,678.1957681967649,479.973876953125,0.30097514390945435,50.883644104003906
SUG,V08_Lite,6,Test,767.9688714394614,660.3897705078125,-0.0712893009185791,132.20236206054688
SUG,V08_Lite,12,Train,648.3301628028731,451.3389587402344,0.3907366394996643,44.07988357543945
SUG,V08_Lite,12,Test,1030.4267319901983,734.6817016601562,-0.4903743267059326,245.57928466796875
SUG,V09_BiDeep,3,Train,596.1000073393725,414.97320556640625,0.4461215138435364,50.5045280456543
SUG,V09_BiDeep,3,Test,818.8392317787418,758.9070434570312,-0.21791458129882812,126.86502838134766
SUG,V09_BiDeep,6,Train,587.8514108599213,474.78271484375,0.47480863332748413,59.68226623535156
SUG,V09_BiDeep,6,Test,944.2052875302065,671.1593017578125,-0.6193934679031372,188.03463745117188
SUG,V09_BiDeep,12,Train,622.0450395670719,476.7579040527344,0.43913769721984863,52.15862274169922
SUG,V09_BiDeep,12,Test,1273.0184601960805,883.8377075195312,-1.2747337818145752,296.9263610839844
SUG,V10_Mixed,3,Train,594.6466650457228,416.42779541015625,0.44881898164749146,51.22552490234375
SUG,V10_Mixed,3,Test,816.0361511599839,756.4907836914062,-0.20959031581878662,126.69139862060547
SUG,V10_Mixed,6,Train,574.531711483361,466.4175720214844,0.49833881855010986,57.69655227661133
SUG,V10_Mixed,6,Test,905.560047705286,628.2201538085938,-0.48954641819000244,181.0362091064453
SUG,V10_Mixed,12,Train,642.2692435809145,426.86328125,0.40207481384277344,39.404903411865234
SUG,V10_Mixed,12,Test,1093.3629315099356,757.9413452148438,-0.6779918670654297,258.5147705078125
CYP,V01_Simple,3,Train,275.79461901023376,188.62991333007812,-0.04696989059448242,15.76687240600586
CYP,V01_Simple,3,Test,464.20605944451006,313.9260559082031,0.1292581558227539,1598350720.0
CYP,V01_Simple,6,Train,279.95236760027586,199.2223663330078,-0.038471221923828125,17.432373046875
CYP,V01_Simple,6,Test,518.6343545794089,401.8215026855469,-0.08690202236175537,1905945856.0
CYP,V01_Simple,12,Train,291.97578559702515,260.5352783203125,0.1577928066253662,24.865861892700195
CYP,V01_Simple,12,Test,888.1880783370153,792.043212890625,-3.9590096473693848,3629125888.0
CYP,V02_Deep,3,Train,266.6650813754962,182.99644470214844,0.021197736263275146,15.5443696975708
CYP,V02_Deep,3,Test,459.6221613999917,321.4109191894531,0.14636987447738647,1620211968.0
CYP,V02_Deep,6,Train,283.67996106968855,209.0728302001953,-0.06631004810333252,18.990062713623047
CYP,V02_Deep,6,Test,566.6734895422584,444.3966369628906,-0.2975783348083496,2049668352.0
CYP,V02_Deep,12,Train,301.2442167494672,269.45928955078125,0.10347425937652588,26.313785552978516
CYP,V02_Deep,12,Test,983.55153652465,874.8165893554688,-5.08105993270874,4007441920.0
CYP,V03_Wide,3,Train,255.51645770135826,174.81336975097656,0.10132968425750732,15.286083221435547
CYP,V03_Wide,3,Test,459.8199885553041,336.46368408203125,0.14563488960266113,1660519936.0
CYP,V03_Wide,6,Train,289.23367229197225,205.4352569580078,-0.10846984386444092,17.534244537353516
CYP,V03_Wide,6,Test,515.7517874423704,401.7165832519531,-0.07485342025756836,1891801216.0
CYP,V03_Wide,12,Train,285.1224106633851,250.9262237548828,0.19686603546142578,23.686126708984375
CYP,V03_Wide,12,Test,913.3150811740711,819.2476806640625,-4.243561267852783,3697429504.0
CYP,V04_Triple,3,Train,273.1162040917748,186.96673583984375,-0.026733040809631348,15.83568000793457
CYP,V04_Triple,3,Test,471.53328686848823,318.5007629394531,0.10155290365219116,1629912576.0
CYP,V04_Triple,6,Train,285.50249013800214,211.2693634033203,-0.08005523681640625,19.01108741760254
CYP,V04_Triple,6,Test,548.4480661375333,430.20562744140625,-0.2154548168182373,2014084224.0
CYP,V04_Triple,12,Train,308.152280739572,275.8335876464844,0.06188499927520752,27.15677261352539
CYP,V04_Triple,12,Test,941.0330427248557,812.4177856445312,-4.566661357879639,3966712320.0
CYP,V05_Bidir,3,Train,263.2597042370898,180.50677490234375,0.046037256717681885,15.289495468139648
CYP,V05_Bidir,3,Test,460.73863930649446,320.4851379394531,0.142217755317688,1599719296.0
CYP,V05_Bidir,6,Train,272.1493156338998,199.8102264404297,0.018612205982208252,18.13040542602539
CYP,V05_Bidir,6,Test,556.4461451928659,444.7102966308594,-0.2511634826660156,1979977344.0
CYP,V05_Bidir,12,Train,289.1803340910305,256.76397705078125,0.17384254932403564,24.45732879638672
CYP,V05_Bidir,12,Test,899.2343965841164,795.4153442382812,-4.083126068115234,3705250304.0
CYP,V06_Pyramid,3,Train,268.76684540229286,184.48873901367188,0.005707859992980957,15.770508766174316
CYP,V06_Pyramid,3,Test,466.97406914088924,324.2226867675781,0.1188429594039917,1645654144.0
CYP,V06_Pyramid,6,Train,286.0659752356089,208.63470458984375,-0.08432281017303467,18.569948196411133
CYP,V06_Pyramid,6,Test,541.0825087267191,423.50518798828125,-0.18302738666534424,1990047744.0
CYP,V06_Pyramid,12,Train,304.0362591451881,271.78118896484375,0.08677858114242554,26.700157165527344
CYP,V06_Pyramid,12,Test,967.263213918528,841.0496215820312,-4.881314277648926,4042069504.0
CYP,V07_DenseLSTM,3,Train,252.14356029849344,174.87330627441406,0.12489855289459229,15.798176765441895
CYP,V07_DenseLSTM,3,Test,472.0406993840679,351.9018859863281,0.09961825609207153,1719691008.0
CYP,V07_DenseLSTM,6,Train,286.4351748214594,203.5598602294922,-0.08712339401245117,17.79102325439453
CYP,V07_DenseLSTM,6,Test,541.0810359825966,424.97076416015625,-0.18302083015441895,1974823424.0
CYP,V07_DenseLSTM,12,Train,306.42159733364093,275.0058288574219,0.07239294052124023,26.99962043762207
CYP,V07_DenseLSTM,12,Test,982.5092238752774,875.8102416992188,-5.068178653717041,3994301952.0
CYP,V08_Lite,3,Train,261.80371941590136,179.4774169921875,0.05656009912490845,15.285503387451172
CYP,V08_Lite,3,Test,454.7454129785148,322.6478576660156,0.16438841819763184,1609773952.0
CYP,V08_Lite,6,Train,276.2943261949112,194.4506378173828,-0.01150977611541748,16.64902687072754
CYP,V08_Lite,6,Test,497.01310973655416,382.9039611816406,0.0018323659896850586,1817900544.0
CYP,V08_Lite,12,Train,299.4941829568648,257.3824462890625,0.11386048793792725,23.701448440551758
CYP,V08_Lite,12,Test,760.4156757984412,631.7361450195312,-2.6348557472229004,3344589312.0
CYP,V09_BiDeep,3,Train,254.42891013503163,173.37713623046875,0.10896337032318115,14.830777168273926
CYP,V09_BiDeep,3,Test,449.9431387686671,323.7314147949219,0.18194401264190674,1591755392.0
CYP,V09_BiDeep,6,Train,269.6803808446213,203.2572784423828,0.03633767366409302,18.702173233032227
CYP,V09_BiDeep,6,Test,565.5581866616378,457.7071838378906,-0.29247570037841797,1992595584.0
CYP,V09_BiDeep,12,Train,291.30089415842855,260.90777587890625,0.16168171167373657,25.095457077026367
CYP,V09_BiDeep,12,Test,907.0844434229924,810.5221557617188,-4.172261714935303,3693002752.0
CYP,V10_Mixed,3,Train,251.38983981557408,171.69940185546875,0.13012254238128662,14.764664649963379
CYP,V10_Mixed,3,Test,451.0836951165493,325.317626953125,0.17779135704040527,1594487552.0
CYP,V10_Mixed,6,Train,270.0039351565084,204.5072479248047,0.03402400016784668,18.85744285583496
CYP,V10_Mixed,6,Test,572.4990720516497,466.4830627441406,-0.32439446449279785,2003689984.0
CYP,V10_Mixed,12,Train,288.18554136181086,255.8944549560547,0.17951685190200806,24.365413665771484
CYP,V10_Mixed,12,Test,903.0170264175532,817.9367065429688,-4.125980377197266,3608866816.0
LGP,V01_Simple,3,Train,62.97554437599666,20.065629959106445,0.7315149903297424,36.15170669555664
LGP,V01_Simple,3,Test,0.6292473241334626,0.62924724817276,0.0,
LGP,V01_Simple,6,Train,6.776690800679032,2.151947259902954,0.0,
LGP,V01_Simple,6,Test,0.03491972293399171,0.034919723868370056,0.0,
LGP,V01_Simple,12,Train,3.4218932547583143,0.9754540324211121,0.0,
LGP,V01_Simple,12,Test,0.01315841157242598,0.013158412650227547,0.0,
LGP,V02_Deep,3,Train,119.71412889149718,25.41216278076172,0.029787302017211914,96.62458801269531
LGP,V02_Deep,3,Test,1.9856192825326322,1.9856194257736206,0.0,
LGP,V02_Deep,6,Train,29.199350177379806,13.426036834716797,0.0,
LGP,V02_Deep,6,Test,4.523277055863003,4.5232768058776855,0.0,
LGP,V02_Deep,12,Train,17.638043710613147,6.562193393707275,0.0,
LGP,V02_Deep,12,Test,0.1511254564626251,0.1511254608631134,0.0,
LGP,V03_Wide,3,Train,101.73380264967244,35.46310806274414,0.29934102296829224,53.4312744140625
LGP,V03_Wide,3,Test,1.9539225056371294,1.9539225101470947,0.0,
LGP,V03_Wide,6,Train,11.912717009065814,3.9544782638549805,0.0,
LGP,V03_Wide,6,Test,0.0540774089212796,0.05407741293311119,0.0,
LGP,V03_Wide,12,Train,10.127994424224813,3.941382646560669,0.0,
LGP,V03_Wide,12,Test,0.4477926422635739,0.4477926194667816,0.0,
LGP,V04_Triple,3,Train,87.48430941906811,28.970401763916016,0.48187267780303955,58.003902435302734
LGP,V04_Triple,3,Test,1.9173893878968185,1.9173892736434937,0.0,
LGP,V04_Triple,6,Train,19.984762872506455,7.534475803375244,0.0,
LGP,V04_Triple,6,Test,1.073906593050736,1.0739065408706665,0.0,
LGP,V04_Triple,12,Train,13.685575166991235,5.006752967834473,0.0,
LGP,V04_Triple,12,Test,0.1044021601873541,0.10440216213464737,0.0,
LGP,V05_Bidir,3,Train,64.51043474823473,20.559486389160156,0.7182680368423462,40.228904724121094
LGP,V05_Bidir,3,Test,0.33939531490298896,0.33939531445503235,0.0,
LGP,V05_Bidir,6,Train,65.0471583737522,22.51869010925293,0.0,
LGP,V05_Bidir,6,Test,0.5137407960090465,0.5137407779693604,0.0,
LGP,V05_Bidir,12,Train,29.610726181241635,9.858570098876953,0.0,
LGP,V05_Bidir,12,Test,1.1211750386504267,1.1211750507354736,0.0,
LGP,V06_Pyramid,3,Train,85.87602062257398,28.110151290893555,0.500747799873352,52.40740966796875
LGP,V06_Pyramid,3,Test,0.5448504985700974,0.5448504686355591,0.0,
LGP,V06_Pyramid,6,Train,6.622890784433131,2.4140515327453613,0.0,
LGP,V06_Pyramid,6,Test,0.156141636942418,0.15614163875579834,0.0,
LGP,V06_Pyramid,12,Train,8.81372581235158,4.791216850280762,0.0,
LGP,V06_Pyramid,12,Test,2.0685930129124164,2.0685930252075195,0.0,
LGP,V07_DenseLSTM,3,Train,83.46586011470498,36.65227508544922,0.5283781886100769,34.19203567504883
LGP,V07_DenseLSTM,3,Test,11.709717873449438,11.709717750549316,0.0,
LGP,V07_DenseLSTM,6,Train,1.3983680665238218,0.5183688998222351,0.0,
LGP,V07_DenseLSTM,6,Test,0.018112409183720916,0.018112407997250557,0.0,
LGP,V07_DenseLSTM,12,Train,23.61903136409546,9.797080993652344,0.0,
LGP,V07_DenseLSTM,12,Test,1.7358037201761658,1.7358038425445557,0.0,
LGP,V08_Lite,3,Train,83.07648960446029,24.88804054260254,0.5327681303024292,58.35276794433594
LGP,V08_Lite,3,Test,0.5281212056040595,0.5281211733818054,0.0,
LGP,V08_Lite,6,Train,30.458951749842257,10.774786949157715,0.0,
LGP,V08_Lite,6,Test,0.5953274402095344,0.5953274369239807,0.0,
LGP,V08_Lite,12,Train,13.795527322167851,5.308856964111328,0.0,
LGP,V08_Lite,12,Test,0.3542095770739812,0.3542095720767975,0.0,
LGP,V09_BiDeep,3,Train,64.65340284934739,21.07071304321289,0.7170178890228271,43.27516555786133
LGP,V09_BiDeep,3,Test,2.44423722583343,2.444236993789673,0.0,
LGP,V09_BiDeep,6,Train,42.49671402738099,19.65593910217285,0.0,
LGP,V09_BiDeep,6,Test,6.518633324080927,6.5186333656311035,0.0,
LGP,V09_BiDeep,12,Train,27.741050033003326,11.324895858764648,0.0,
LGP,V09_BiDeep,12,Test,0.5852536597872782,0.5852536559104919,0.0,
LGP,V10_Mixed,3,Train,70.9623855028141,20.677608489990234,0.6590956449508667,50.41763687133789
LGP,V10_Mixed,3,Test,0.2507305646640002,0.25073057413101196,0.0,
LGP,V10_Mixed,6,Train,4.629739549532866,1.439763069152832,0.0,
LGP,V10_Mixed,6,Test,0.034108887300333644,0.03410888463258743,0.0,
LGP,V10_Mixed,12,Train,5.35037160278067,1.8498661518096924,0.0,
LGP,V10_Mixed,12,Test,0.07099080072582628,0.07099080085754395,0.0,
VRC,V01_Simple,3,Train,1127.3412305065401,509.2696838378906,0.026110053062438965,69.3156509399414
VRC,V01_Simple,3,Test,2047.274468653385,1303.2818603515625,-0.3584533929824829,77.61294555664062
VRC,V01_Simple,6,Train,155.85335279718882,99.8924331665039,-0.5154200792312622,92.59564208984375
VRC,V01_Simple,6,Test,2102.051616873382,1273.2891845703125,-0.4321197271347046,87.74510955810547
VRC,V01_Simple,12,Train,141.38817218697963,91.06177520751953,-0.10444986820220947,85.32296752929688
VRC,V01_Simple,12,Test,2646.5919594829875,1956.5634765625,-1.1031420230865479,105.90103912353516
VRC,V02_Deep,3,Train,1176.490490824299,503.13336181640625,-0.06065940856933594,60.8444938659668
VRC,V02_Deep,3,Test,2113.874050174229,1348.533447265625,-0.44827425479888916,91.16207122802734
VRC,V02_Deep,6,Train,127.56393540961136,95.01116943359375,-0.01521158218383789,72.24274444580078
VRC,V02_Deep,6,Test,2171.2671415558243,1339.223388671875,-0.5279849767684937,97.92732238769531
VRC,V02_Deep,12,Train,140.31400333270375,117.03077697753906,-0.08773195743560791,65.98709869384766
VRC,V02_Deep,12,Test,2553.420255265474,1846.419189453125,-0.9576690196990967,97.1495132446289
VRC,V03_Wide,3,Train,1158.1529475850762,512.9252319335938,-0.027852773666381836,61.15764236450195
VRC,V03_Wide,3,Test,2085.7558581962558,1340.4775390625,-0.41000139713287354,86.67890167236328
VRC,V03_Wide,6,Train,133.68984482515864,110.0164794921875,-0.1150583028793335,56.400657653808594
VRC,V03_Wide,6,Test,2183.9672616593866,1363.0216064453125,-0.5459122657775879,100.02051544189453
VRC,V03_Wide,12,Train,141.324786617564,81.75179290771484,-0.10345983505249023,88.67420959472656
VRC,V03_Wide,12,Test,2599.3924290110563,1863.4664306640625,-1.0287957191467285,100.15670013427734
VRC,V04_Triple,3,Train,1170.91406601851,524.689697265625,-0.0506284236907959,55.36323165893555
VRC,V04_Triple,3,Test,2094.722177282706,1358.750244140625,-0.4221501350402832,90.92455291748047
VRC,V04_Triple,6,Train,127.6883909966466,92.54019165039062,-0.01719343662261963,74.08257293701172
VRC,V04_Triple,6,Test,2170.0866342153254,1336.6986083984375,-0.5263240337371826,97.47550201416016
VRC,V04_Triple,12,Train,133.3504180134993,105.58442687988281,0.017554163932800293,66.85689544677734
VRC,V04_Triple,12,Test,2551.795446347532,1845.924560546875,-0.9551782608032227,96.57173156738281
VRC,V05_Bidir,3,Train,1179.3930112562139,497.6429443359375,-0.06589937210083008,59.53353500366211
VRC,V05_Bidir,3,Test,2113.499704281976,1336.1937255859375,-0.44776129722595215,92.65242004394531
VRC,V05_Bidir,6,Train,127.26272729205712,90.5994873046875,-0.010422945022583008,77.55110168457031
VRC,V05_Bidir,6,Test,2172.64792361763,1336.2630615234375,-0.5299291610717773,98.31230926513672
VRC,V05_Bidir,12,Train,135.26943598795702,94.81885528564453,-0.010925650596618652,76.27384948730469
VRC,V05_Bidir,12,Test,2612.6765012147985,1909.1646728515625,-1.0495848655700684,102.78825378417969
VRC,V06_Pyramid,3,Train,1184.452563423289,499.5695495605469,-0.07506430149078369,58.177364349365234
VRC,V06_Pyramid,3,Test,2124.1552438557783,1351.2393798828125,-0.46239638328552246,93.33151245117188
VRC,V06_Pyramid,6,Train,127.03373306306283,86.85692596435547,-0.0067899227142333984,79.61515808105469
VRC,V06_Pyramid,6,Test,2172.538607251894,1335.1566162109375,-0.5297751426696777,97.98490142822266
VRC,V06_Pyramid,12,Train,132.32509092194118,102.12779235839844,0.032604098320007324,68.20415496826172
VRC,V06_Pyramid,12,Test,2555.2434326302455,1846.2447509765625,-0.960465669631958,96.87555694580078
VRC,V07_DenseLSTM,3,Train,1168.793662286034,520.4066772460938,-0.046826720237731934,55.42380905151367
VRC,V07_DenseLSTM,3,Test,2095.0803087232716,1356.0552978515625,-0.42263638973236084,90.060302734375
VRC,V07_DenseLSTM,6,Train,126.42232592460677,104.26622772216797,0.0028780698776245117,64.01886749267578
VRC,V07_DenseLSTM,6,Test,2152.012894942779,1339.8492431640625,-0.5010056495666504,96.54292297363281
VRC,V07_DenseLSTM,12,Train,140.3654131855494,112.20870208740234,-0.08852922916412354,71.40428161621094
VRC,V07_DenseLSTM,12,Test,2559.813372103521,1847.9759521484375,-0.9674842357635498,97.39379119873047
VRC,V08_Lite,3,Train,1185.0545873503042,516.7046508789062,-0.07615745067596436,52.55224609375
VRC,V08_Lite,3,Test,2115.383771328503,1361.7808837890625,-0.4503437280654907,93.71672058105469
VRC,V08_Lite,6,Train,126.41315648623168,93.38043212890625,0.0030226707458496094,74.37378692626953
VRC,V08_Lite,6,Test,2165.8894246936984,1337.3134765625,-0.5204254388809204,97.86325073242188
VRC,V08_Lite,12,Train,146.92901267491388,115.26881408691406,-0.192710280418396,74.37098693847656
VRC,V08_Lite,12,Test,2471.644391897831,1799.354248046875,-0.8342841863632202,84.74836730957031
VRC,V09_BiDeep,3,Train,1168.1462344244405,498.7295227050781,-0.045667290687561035,55.461883544921875
VRC,V09_BiDeep,3,Test,2097.913963917491,1332.6868896484375,-0.42648744583129883,90.32111358642578
VRC,V09_BiDeep,6,Train,130.09400897764277,103.99358367919922,-0.05588185787200928,63.34272003173828
VRC,V09_BiDeep,6,Test,2155.4010067734494,1337.4427490234375,-0.5057357549667358,96.02413940429688
VRC,V09_BiDeep,12,Train,131.43067177936436,104.43238830566406,0.04563760757446289,63.7423210144043
VRC,V09_BiDeep,12,Test,2570.529711946547,1851.0791015625,-0.9839919805526733,98.57872009277344
VRC,V10_Mixed,3,Train,1167.221326484399,506.72833251953125,-0.04401206970214844,56.955711364746094
VRC,V10_Mixed,3,Test,2097.158911480005,1342.3197021484375,-0.4254608154296875,89.60469055175781
VRC,V10_Mixed,6,Train,126.8702315914277,91.33712005615234,-0.004199981689453125,76.32980346679688
VRC,V10_Mixed,6,Test,2178.5728126459303,1342.4239501953125,-0.5382848978042603,99.20878601074219
VRC,V10_Mixed,12,Train,135.68712574798687,112.21748352050781,-0.01717841625213623,62.87397003173828
VRC,V10_Mixed,12,Test,2529.5885040852,1843.1195068359375,-0.9212965965270996,93.66603088378906
SJI,V01_Simple,3,Train,58.27542908263847,11.21511173248291,-0.03846156597137451,100.0
SJI,V01_Simple,3,Test,3149.1203533685402,2657.215087890625,-2.4722888469696045,99.7330093383789
SJI,V01_Simple,6,Train,61.81042834938434,12.617000579833984,-0.04347836971282959,100.0
SJI,V01_Simple,6,Test,3149.482655929383,2657.65283203125,-2.473087787628174,99.85118865966797
SJI,V01_Simple,12,Train,1529.1676657580751,497.9898376464844,-0.11843180656433105,99.9940185546875
SJI,V01_Simple,12,Test,2133.3937751854437,1789.182373046875,-2.3709018230438232,99.75603485107422
SJI,V02_Deep,3,Train,58.27542908263847,11.21511173248291,-0.03846156597137451,100.0
SJI,V02_Deep,3,Test,3149.5312349618,2657.673828125,-2.4731950759887695,99.85254669189453
SJI,V02_Deep,6,Train,61.81042834938434,12.617000579833984,-0.04347836971282959,100.0
SJI,V02_Deep,6,Test,3149.7693566354983,2657.985595703125,-2.473720073699951,99.94463348388672
SJI,V02_Deep,12,Train,1529.3688240578203,498.052978515625,-0.11872613430023193,100.00265502929688
SJI,V02_Deep,12,Test,2134.2175381155503,1790.185546875,-2.3735055923461914,100.1505355834961
SJI,V03_Wide,3,Train,58.27542908263847,11.21511173248291,-0.03846156597137451,100.0
SJI,V03_Wide,3,Test,3149.0154016771653,2657.072021484375,-2.472057342529297,99.6893081665039
SJI,V03_Wide,6,Train,61.81042834938434,12.617000579833984,-0.04347836971282959,100.0
SJI,V03_Wide,6,Test,3149.8242808131376,2658.062744140625,-2.473841428756714,99.97290802001953
SJI,V03_Wide,12,Train,1529.184913605938,497.99493408203125,-0.11845695972442627,99.99465942382812
SJI,V03_Wide,12,Test,2133.582550547318,1789.3974609375,-2.3714985847473145,99.82320404052734
SJI,V04_Triple,3,Train,58.27542908263847,11.21511173248291,-0.03846156597137451,100.0
SJI,V04_Triple,3,Test,3149.893172791738,2658.16015625,-2.4739933013916016,100.00481414794922
SJI,V04_Triple,6,Train,61.81042834938434,12.617000579833984,-0.04347836971282959,100.0
SJI,V04_Triple,6,Test,3149.891585435918,2658.159423828125,-2.473989725112915,100.0081787109375
SJI,V04_Triple,12,Train,1529.2823480312588,498.02581787109375,-0.118599534034729,99.99894714355469
SJI,V04_Triple,12,Test,2133.725497808938,1789.5413818359375,-2.371950387954712,99.86067199707031
SJI,V05_Bidir,3,Train,58.27542908263847,11.21511173248291,-0.03846156597137451,100.0
SJI,V05_Bidir,3,Test,3150.0741261119556,2658.258056640625,-2.4743924140930176,99.9882583618164
SJI,V05_Bidir,6,Train,61.81042834938434,12.617000579833984,-0.04347836971282959,100.0
SJI,V05_Bidir,6,Test,3150.264909495708,2658.735595703125,-2.474813222885132,100.23033905029297
SJI,V05_Bidir,12,Train,1529.2081284115645,498.00225830078125,-0.11849105358123779,99.99565887451172
SJI,V05_Bidir,12,Test,2133.738737521536,1789.6119384765625,-2.371992349624634,99.93051147460938
SJI,V06_Pyramid,3,Train,58.27542908263847,11.21511173248291,-0.03846156597137451,100.0
SJI,V06_Pyramid,3,Test,3149.8061845135803,2658.036865234375,-2.473801374435425,99.96479797363281
SJI,V06_Pyramid,6,Train,61.81042834938434,12.617000579833984,-0.04347836971282959,100.0
SJI,V06_Pyramid,6,Test,3149.9617457994627,2658.27294921875,-2.474144697189331,100.05162048339844
SJI,V06_Pyramid,12,Train,1529.3138167165037,498.03564453125,-0.11864566802978516,100.00028991699219
SJI,V06_Pyramid,12,Test,2133.981021471372,1789.8883056640625,-2.372757911682129,100.02621459960938
SJI,V07_DenseLSTM,3,Train,58.27542908263847,11.21511173248291,-0.03846156597137451,100.0
SJI,V07_DenseLSTM,3,Test,3149.766023056316,2657.993408203125,-2.473712921142578,99.95420837402344
SJI,V07_DenseLSTM,6,Train,61.81042834938434,12.617000579833984,-0.04347836971282959,100.0
SJI,V07_DenseLSTM,6,Test,3149.6979220236344,2657.879638671875,-2.473562479019165,99.90711975097656
SJI,V07_DenseLSTM,12,Train,1529.316105322899,498.03643798828125,-0.11864900588989258,100.00039672851562
SJI,V07_DenseLSTM,12,Test,2133.9277166764577,1789.8160400390625,-2.372589588165283,99.99281311035156
SJI,V08_Lite,3,Train,58.27542908263847,11.21511173248291,-0.03846156597137451,100.0
SJI,V08_Lite,3,Test,3150.1063474111475,2658.41015625,-2.474463701248169,100.07271575927734
SJI,V08_Lite,6,Train,61.81042834938434,12.617000579833984,-0.04347836971282959,100.0
SJI,V08_Lite,6,Test,3150.801644026485,2659.265625,-2.4759974479675293,100.31585693359375
SJI,V08_Lite,12,Train,1529.1894912011396,497.9961853027344,-0.11846375465393066,99.99481964111328
SJI,V08_Lite,12,Test,2133.655431413423,1789.495361328125,-2.3717291355133057,99.87384033203125
SJI,V09_BiDeep,3,Train,58.27542908263847,11.21511173248291,-0.03846156597137451,100.0
SJI,V09_BiDeep,3,Test,3149.893172791738,2658.12939453125,-2.4739933013916016,99.98725128173828
SJI,V09_BiDeep,6,Train,61.81042834938434,12.617000579833984,-0.04347836971282959,100.0
SJI,V09_BiDeep,6,Test,3149.8719021572924,2658.056640625,-2.4739460945129395,99.9277114868164
SJI,V09_BiDeep,12,Train,1529.2810402277273,498.0252990722656,-0.11859762668609619,99.99885559082031
SJI,V09_BiDeep,12,Test,2133.830007287366,1789.6826171875,-2.3722805976867676,99.92501068115234
SJI,V10_Mixed,3,Train,58.27542908263847,11.21511173248291,-0.03846156597137451,100.0
SJI,V10_Mixed,3,Test,3150.0176189983445,2658.311767578125,-2.4742679595947266,100.04829406738281
SJI,V10_Mixed,6,Train,61.81042834938434,12.617000579833984,-0.04347836971282959,100.0
SJI,V10_Mixed,6,Test,3149.9539679176264,2658.204833984375,-2.4741275310516357,99.99922180175781
SJI,V10_Mixed,12,Train,1529.2169564845924,498.0052795410156,-0.11850392818450928,99.99613189697266
SJI,V10_Mixed,12,Test,2133.4660765992976,1789.2427978515625,-2.3711307048797607,99.7582778930664
MBT,V01_Simple,3,Train,287.51175247718135,136.27981567382812,-0.18376433849334717,91.26697540283203
MBT,V01_Simple,3,Test,1788.6369111700676,1696.3177490234375,-9.093269348144531,96.78468322753906
MBT,V01_Simple,6,Train,272.29933838975813,133.8935089111328,0.025169432163238525,86.33451843261719
MBT,V01_Simple,6,Test,1503.1047036051746,1359.1185302734375,-6.127971649169922,73.38151550292969
MBT,V01_Simple,12,Train,263.5778466601471,191.57583618164062,0.8743820190429688,53.99161148071289
MBT,V01_Simple,12,Test,2630.9851766971246,2559.583740234375,-51.23063659667969,204.1441650390625
MBT,V02_Deep,3,Train,284.7426744009405,134.6146240234375,-0.1610720157623291,91.0706558227539
MBT,V02_Deep,3,Test,1771.6200213364039,1676.0540771484375,-8.902130126953125,95.33222961425781
MBT,V02_Deep,6,Train,303.4480495076546,147.98728942871094,-0.21061110496520996,93.89204406738281
MBT,V02_Deep,6,Test,1699.7783679056513,1581.233642578125,-8.115323066711426,87.8206558227539
MBT,V02_Deep,12,Train,252.6604920021134,187.04620361328125,0.8845726251602173,58.9489631652832
MBT,V02_Deep,12,Test,2736.734276468945,2646.483154296875,-55.513702392578125,212.51995849609375
MBT,V03_Wide,3,Train,278.9140912763283,129.18336486816406,-0.11402511596679688,92.68550872802734
MBT,V03_Wide,3,Test,1713.6259801952117,1611.5142822265625,-8.264448165893555,91.06703186035156
MBT,V03_Wide,6,Train,290.7620778875746,146.59832763671875,-0.11150515079498291,86.49595642089844
MBT,V03_Wide,6,Test,1666.4420932033613,1553.7906494140625,-7.761286735534668,86.76763153076172
MBT,V03_Wide,12,Train,250.0488077356099,196.18663024902344,0.8869466185569763,61.080265045166016
MBT,V03_Wide,12,Test,4328.168203755487,4171.265625,-140.35031127929688,334.22235107421875
MBT,V04_Triple,3,Train,291.3770243387423,138.14691162109375,-0.21580708026885986,91.93922424316406
MBT,V04_Triple,3,Test,1826.46694467762,1737.7484130859375,-9.524733543395996,99.5031509399414
MBT,V04_Triple,6,Train,307.57761977669963,152.20248413085938,-0.24378526210784912,92.78410339355469
MBT,V04_Triple,6,Test,1801.4484450019656,1708.1798095703125,-9.238377571105957,97.35282897949219
MBT,V04_Triple,12,Train,237.88562443430666,180.17498779296875,0.8976776599884033,62.10449981689453
MBT,V04_Triple,12,Test,1850.2191086463247,1771.8558349609375,-24.83061981201172,144.053955078125
MBT,V05_Bidir,3,Train,314.2776564003556,147.55738830566406,-0.4144287109375,97.40247344970703
MBT,V05_Bidir,3,Test,2006.5254172324856,1933.258056640625,-11.702136993408203,112.53899383544922
MBT,V05_Bidir,6,Train,301.37295208760855,149.42965698242188,-0.19411039352416992,91.55122375488281
MBT,V05_Bidir,6,Test,1770.5833784377396,1679.599365234375,-8.890544891357422,95.9451675415039
MBT,V05_Bidir,12,Train,303.3745622164126,208.09243774414062,0.8335850238800049,53.70854187011719
MBT,V05_Bidir,12,Test,2014.701156499395,1947.854736328125,-29.62737464904785,156.83457946777344
MBT,V06_Pyramid,3,Train,290.97507141935716,137.78829956054688,-0.2124549150466919,92.0385971069336
MBT,V06_Pyramid,3,Test,1822.7429879168374,1733.5592041015625,-9.48185920715332,99.21819305419922
MBT,V06_Pyramid,6,Train,280.5103189946851,138.10752868652344,-0.03450751304626465,83.5318832397461
MBT,V06_Pyramid,6,Test,1388.6511891040168,1204.4200439453125,-5.083784580230713,61.65503692626953
MBT,V06_Pyramid,12,Train,224.75258966806143,166.1643829345703,0.9086636900901794,68.73857879638672
MBT,V06_Pyramid,12,Test,2163.7831453267213,2088.95556640625,-34.32775115966797,168.33290100097656
MBT,V07_DenseLSTM,3,Train,293.98182341770723,137.81626892089844,-0.23764193058013916,94.04722595214844
MBT,V07_DenseLSTM,3,Test,1842.4623469694027,1755.293701171875,-9.709882736206055,100.66999053955078
MBT,V07_DenseLSTM,6,Train,305.508963145928,154.61837768554688,-0.2271111011505127,88.52765655517578
MBT,V07_DenseLSTM,6,Test,1795.6261442739133,1700.9754638671875,-9.172303199768066,96.81126403808594
MBT,V07_DenseLSTM,12,Train,255.1438472950112,191.92086791992188,0.8822925090789795,55.58470916748047
MBT,V07_DenseLSTM,12,Test,4258.806640363002,4077.795654296875,-135.8561553955078,329.3758850097656
MBT,V08_Lite,3,Train,305.5244722194934,140.8040771484375,-0.3367372751235962,98.70906066894531
MBT,V08_Lite,3,Test,1943.5357598974092,1864.7628173828125,-10.917153358459473,107.91374206542969
MBT,V08_Lite,6,Train,262.6438742622793,130.69801330566406,0.09307688474655151,82.69058990478516
MBT,V08_Lite,6,Test,1410.5921628876292,1257.9619140625,-5.277553081512451,67.29246520996094
MBT,V08_Lite,12,Train,261.0700486698924,174.9103240966797,0.8767610192298889,46.30681610107422
MBT,V08_Lite,12,Test,1770.6820013768706,1713.6552734375,-22.657543182373047,137.9961395263672
MBT,V09_BiDeep,3,Train,288.46281714460184,135.84371948242188,-0.19160890579223633,92.3563003540039
MBT,V09_BiDeep,3,Test,1799.9182620330291,1708.2220458984375,-9.220991134643555,97.52421569824219
MBT,V09_BiDeep,6,Train,311.8730711363198,153.76707458496094,-0.27876782417297363,94.15096282958984
MBT,V09_BiDeep,6,Test,1827.3500622486104,1736.701171875,-9.534914016723633,99.267578125
MBT,V09_BiDeep,12,Train,304.537059013349,189.1483917236328,0.8323072195053101,39.805450439453125
MBT,V09_BiDeep,12,Test,1786.739908324656,1716.260009765625,-23.088579177856445,139.2436981201172
MBT,V10_Mixed,3,Train,289.03268089439297,136.28390502929688,-0.19632160663604736,92.2809829711914
MBT,V10_Mixed,3,Test,1801.0513596230398,1709.676513671875,-9.233864784240723,97.6390151977539
MBT,V10_Mixed,6,Train,304.4997819169991,150.630615234375,-0.2190173864364624,92.36149597167969
MBT,V10_Mixed,6,Test,1779.8930445394747,1685.0242919921875,-8.994826316833496,95.86741638183594
MBT,V10_Mixed,12,Train,307.37243288883275,183.66441345214844,0.8291701078414917,47.898406982421875
MBT,V10_Mixed,12,Test,1928.3327643329612,1875.2984619140625,-27.05772590637207,150.0319061279297
SWL,V01_Simple,3,Train,459.4079920125465,203.45701599121094,-0.3258044719696045,102.89384460449219
SWL,V01_Simple,3,Test,719.5624755710932,649.5226440429688,-4.550144195556641,105.38629150390625
SWL,V01_Simple,6,Train,492.23852513288716,239.3559112548828,-0.3955347537994385,103.35086822509766
SWL,V01_Simple,6,Test,770.4271948081791,702.7359008789062,-5.362539291381836,113.46126556396484
SWL,V01_Simple,12,Train,326.5883063966008,244.0401153564453,0.5274757146835327,35.03664016723633
SWL,V01_Simple,12,Test,683.441520907239,631.7096557617188,-5.61790657043457,91.69795989990234
SWL,V02_Deep,3,Train,446.5347830796611,197.80589294433594,-0.2525440454483032,100.30754852294922
SWL,V02_Deep,3,Test,689.8698926246891,618.3468627929688,-4.101544380187988,100.57872772216797
SWL,V02_Deep,6,Train,464.79825932871137,227.19549560546875,-0.24428093433380127,97.77369689941406
SWL,V02_Deep,6,Test,664.3215053722106,596.8194580078125,-3.7306838035583496,96.3663330078125
SWL,V02_Deep,12,Train,352.5066488734645,253.8577117919922,0.44949978590011597,39.267669677734375
SWL,V02_Deep,12,Test,904.5160999119917,850.1525268554688,-10.591791152954102,126.91921997070312
SWL,V03_Wide,3,Train,452.2357481170634,200.34912109375,-0.2847309112548828,101.48807525634766
SWL,V03_Wide,3,Test,704.5748718198797,633.8143920898438,-4.321346759796143,102.951416015625
SWL,V03_Wide,6,Train,485.42738900890214,242.59771728515625,-0.3571817874908447,101.37134552001953
SWL,V03_Wide,6,Test,748.5967288867886,679.5326538085938,-5.007075786590576,109.96002197265625
SWL,V03_Wide,12,Train,341.08415154841185,251.7632293701172,0.48459815979003906,35.66510009765625
SWL,V03_Wide,12,Test,836.7490289806137,778.0025634765625,-8.91992473602295,114.54951477050781
SWL,V04_Triple,3,Train,443.65139749582664,196.49639892578125,-0.2364201545715332,99.6917724609375
SWL,V04_Triple,3,Test,681.7755770779708,610.8558959960938,-3.982532501220703,99.27696228027344
SWL,V04_Triple,6,Train,462.4590353479971,227.7938232421875,-0.2317880392074585,97.11795043945312
SWL,V04_Triple,6,Test,650.6232348679226,585.6890869140625,-3.537602424621582,94.10595703125
SWL,V04_Triple,12,Train,376.6581673082372,290.7498474121094,0.37148207426071167,40.23295974731445
SWL,V04_Triple,12,Test,1275.3203029043332,1195.828857421875,-22.043926239013672,180.3915557861328
SWL,V05_Bidir,3,Train,457.15555681299554,202.59034729003906,-0.31283581256866455,102.55697631835938
SWL,V05_Bidir,3,Test,721.0433196070816,651.2545166015625,-4.573012351989746,105.58943939208984
SWL,V05_Bidir,6,Train,516.7498790517517,249.8333740234375,-0.5379784107208252,108.20967102050781
SWL,V05_Bidir,6,Test,887.5409145498589,825.4378662109375,-7.443918228149414,132.11422729492188
SWL,V05_Bidir,12,Train,346.92751854674196,287.7552795410156,0.4667874574661255,31.474224090576172
SWL,V05_Bidir,12,Test,850.1085224840415,796.0618896484375,-9.239214897155762,118.2313461303711
SWL,V06_Pyramid,3,Train,446.55322331162273,197.84176635742188,-0.25264739990234375,100.33663177490234
SWL,V06_Pyramid,3,Test,691.1570009773467,619.6995849609375,-4.120598316192627,100.7773666381836
SWL,V06_Pyramid,6,Train,466.45221821211226,227.1351776123047,-0.2531520128250122,98.21376037597656
SWL,V06_Pyramid,6,Test,677.1840361009702,607.2765502929688,-3.915647029876709,98.47576904296875
SWL,V06_Pyramid,12,Train,426.6476883800028,382.9455261230469,0.19357925653457642,50.518096923828125
SWL,V06_Pyramid,12,Test,496.8410208507345,356.44268798828125,-2.49746036529541,40.808624267578125
SWL,V07_DenseLSTM,3,Train,447.9983956444487,198.4929656982422,-0.26076841354370117,100.64148712158203
SWL,V07_DenseLSTM,3,Test,695.0235382704675,623.7611694335938,-4.178050518035889,101.39886474609375
SWL,V07_DenseLSTM,6,Train,457.9191897868007,230.7943115234375,-0.20772242546081543,95.76820373535156
SWL,V07_DenseLSTM,6,Test,649.1639093865277,584.4522094726562,-3.5172696113586426,93.83921813964844
SWL,V07_DenseLSTM,12,Train,351.7131621612987,263.6077575683594,0.4519752860069275,36.878414154052734
SWL,V07_DenseLSTM,12,Test,914.4847251321369,857.8850708007812,-10.848703384399414,127.85205841064453
SWL,V08_Lite,3,Train,417.99099123067236,185.01312255859375,-0.09752953052520752,94.42704010009766
SWL,V08_Lite,3,Test,623.7657813634859,561.6632080078125,-3.170713424682617,89.83090209960938
SWL,V08_Lite,6,Train,467.44926195256744,228.17320251464844,-0.2585151195526123,98.2449951171875
SWL,V08_Lite,6,Test,664.9870769421012,597.8405151367188,-3.7401676177978516,96.477294921875
SWL,V08_Lite,12,Train,325.07429439283567,247.413818359375,0.5318466424942017,34.027828216552734
SWL,V08_Lite,12,Test,660.1992123594212,608.427734375,-5.175440311431885,87.95968627929688
SWL,V09_BiDeep,3,Train,444.22483398049684,196.78602600097656,-0.23961853981018066,99.8404541015625
SWL,V09_BiDeep,3,Test,684.6536761385278,613.18701171875,-4.024688720703125,99.73285675048828
SWL,V09_BiDeep,6,Train,474.26026280408524,232.20436096191406,-0.29545676708221436,99.55865478515625
SWL,V09_BiDeep,6,Test,681.0115867222819,611.1168212890625,-3.971372127532959,99.02168273925781
SWL,V09_BiDeep,12,Train,343.69475692465835,293.23077392578125,0.47667837142944336,30.783971786499023
SWL,V09_BiDeep,12,Test,704.5051454744671,651.5679321289062,-6.0321197509765625,94.71989440917969
SWL,V10_Mixed,3,Train,441.7828758281606,195.66366577148438,-0.22602736949920654,99.30789947509766
SWL,V10_Mixed,3,Test,677.1754296340056,607.0192260742188,-3.9155220985412598,98.53022003173828
SWL,V10_Mixed,6,Train,457.3611298798795,223.3272705078125,-0.20478057861328125,96.22006225585938
SWL,V10_Mixed,6,Test,627.9812895301898,566.8772583007812,-3.2272768020629883,90.40714263916016
SWL,V10_Mixed,12,Train,334.07308799871925,273.47625732421875,0.50556880235672,29.645231246948242
SWL,V10_Mixed,12,Test,635.6700205295197,579.9146728515625,-4.7250776290893555,82.85548400878906
BPA,V01_Simple,3,Train,0.0,0.0,1.0,
BPA,V01_Simple,3,Test,0.0,0.0,1.0,
BPA,V01_Simple,6,Train,0.0,0.0,1.0,
BPA,V01_Simple,6,Test,0.0,0.0,1.0,
BPA,V01_Simple,12,Train,0.0,0.0,1.0,
BPA,V01_Simple,12,Test,0.0,0.0,1.0,
BPA,V02_Deep,3,Train,0.0,0.0,1.0,
BPA,V02_Deep,3,Test,0.0,0.0,1.0,
BPA,V02_Deep,6,Train,0.0,0.0,1.0,
BPA,V02_Deep,6,Test,0.0,0.0,1.0,
BPA,V02_Deep,12,Train,0.0,0.0,1.0,
BPA,V02_Deep,12,Test,0.0,0.0,1.0,
BPA,V03_Wide,3,Train,0.0,0.0,1.0,
BPA,V03_Wide,3,Test,0.0,0.0,1.0,
BPA,V03_Wide,6,Train,0.0,0.0,1.0,
BPA,V03_Wide,6,Test,0.0,0.0,1.0,
BPA,V03_Wide,12,Train,0.0,0.0,1.0,
BPA,V03_Wide,12,Test,0.0,0.0,1.0,
BPA,V04_Triple,3,Train,0.0,0.0,1.0,
BPA,V04_Triple,3,Test,0.0,0.0,1.0,
BPA,V04_Triple,6,Train,0.0,0.0,1.0,
BPA,V04_Triple,6,Test,0.0,0.0,1.0,
BPA,V04_Triple,12,Train,0.0,0.0,1.0,
BPA,V04_Triple,12,Test,0.0,0.0,1.0,
BPA,V05_Bidir,3,Train,0.0,0.0,1.0,
BPA,V05_Bidir,3,Test,0.0,0.0,1.0,
BPA,V05_Bidir,6,Train,0.0,0.0,1.0,
BPA,V05_Bidir,6,Test,0.0,0.0,1.0,
BPA,V05_Bidir,12,Train,0.0,0.0,1.0,
BPA,V05_Bidir,12,Test,0.0,0.0,1.0,
BPA,V06_Pyramid,3,Train,0.0,0.0,1.0,
BPA,V06_Pyramid,3,Test,0.0,0.0,1.0,
BPA,V06_Pyramid,6,Train,0.0,0.0,1.0,
BPA,V06_Pyramid,6,Test,0.0,0.0,1.0,
BPA,V06_Pyramid,12,Train,0.0,0.0,1.0,
BPA,V06_Pyramid,12,Test,0.0,0.0,1.0,
BPA,V07_DenseLSTM,3,Train,0.0,0.0,1.0,
BPA,V07_DenseLSTM,3,Test,0.0,0.0,1.0,
BPA,V07_DenseLSTM,6,Train,0.0,0.0,1.0,
BPA,V07_DenseLSTM,6,Test,0.0,0.0,1.0,
BPA,V07_DenseLSTM,12,Train,0.0,0.0,1.0,
BPA,V07_DenseLSTM,12,Test,0.0,0.0,1.0,
BPA,V08_Lite,3,Train,0.0,0.0,1.0,
BPA,V08_Lite,3,Test,0.0,0.0,1.0,
BPA,V08_Lite,6,Train,0.0,0.0,1.0,
BPA,V08_Lite,6,Test,0.0,0.0,1.0,
BPA,V08_Lite,12,Train,0.0,0.0,1.0,
BPA,V08_Lite,12,Test,0.0,0.0,1.0,
BPA,V09_BiDeep,3,Train,0.0,0.0,1.0,
BPA,V09_BiDeep,3,Test,0.0,0.0,1.0,
BPA,V09_BiDeep,6,Train,0.0,0.0,1.0,
BPA,V09_BiDeep,6,Test,0.0,0.0,1.0,
BPA,V09_BiDeep,12,Train,0.0,0.0,1.0,
BPA,V09_BiDeep,12,Test,0.0,0.0,1.0,
BPA,V10_Mixed,3,Train,0.0,0.0,1.0,
BPA,V10_Mixed,3,Test,0.0,0.0,1.0,
BPA,V10_Mixed,6,Train,0.0,0.0,1.0,
BPA,V10_Mixed,6,Test,0.0,0.0,1.0,
BPA,V10_Mixed,12,Train,0.0,0.0,1.0,
BPA,V10_Mixed,12,Test,0.0,0.0,1.0,
BSO,V01_Simple,3,Train,0.0,0.0,1.0,
BSO,V01_Simple,3,Test,0.0,0.0,1.0,
BSO,V01_Simple,6,Train,0.0,0.0,1.0,
BSO,V01_Simple,6,Test,0.0,0.0,1.0,
BSO,V01_Simple,12,Train,0.0,0.0,1.0,
BSO,V01_Simple,12,Test,0.0,0.0,1.0,
BSO,V02_Deep,3,Train,0.0,0.0,1.0,
BSO,V02_Deep,3,Test,0.0,0.0,1.0,
BSO,V02_Deep,6,Train,0.0,0.0,1.0,
BSO,V02_Deep,6,Test,0.0,0.0,1.0,
BSO,V02_Deep,12,Train,0.0,0.0,1.0,
BSO,V02_Deep,12,Test,0.0,0.0,1.0,
BSO,V03_Wide,3,Train,0.0,0.0,1.0,
BSO,V03_Wide,3,Test,0.0,0.0,1.0,
BSO,V03_Wide,6,Train,0.0,0.0,1.0,
BSO,V03_Wide,6,Test,0.0,0.0,1.0,
BSO,V03_Wide,12,Train,0.0,0.0,1.0,
BSO,V03_Wide,12,Test,0.0,0.0,1.0,
BSO,V04_Triple,3,Train,0.0,0.0,1.0,
BSO,V04_Triple,3,Test,0.0,0.0,1.0,
BSO,V04_Triple,6,Train,0.0,0.0,1.0,
BSO,V04_Triple,6,Test,0.0,0.0,1.0,
BSO,V04_Triple,12,Train,0.0,0.0,1.0,
BSO,V04_Triple,12,Test,0.0,0.0,1.0,
BSO,V05_Bidir,3,Train,0.0,0.0,1.0,
BSO,V05_Bidir,3,Test,0.0,0.0,1.0,
BSO,V05_Bidir,6,Train,0.0,0.0,1.0,
BSO,V05_Bidir,6,Test,0.0,0.0,1.0,
BSO,V05_Bidir,12,Train,0.0,0.0,1.0,
BSO,V05_Bidir,12,Test,0.0,0.0,1.0,
BSO,V06_Pyramid,3,Train,0.0,0.0,1.0,
BSO,V06_Pyramid,3,Test,0.0,0.0,1.0,
BSO,V06_Pyramid,6,Train,0.0,0.0,1.0,
BSO,V06_Pyramid,6,Test,0.0,0.0,1.0,
BSO,V06_Pyramid,12,Train,0.0,0.0,1.0,
BSO,V06_Pyramid,12,Test,0.0,0.0,1.0,
BSO,V07_DenseLSTM,3,Train,0.0,0.0,1.0,
BSO,V07_DenseLSTM,3,Test,0.0,0.0,1.0,
BSO,V07_DenseLSTM,6,Train,0.0,0.0,1.0,
BSO,V07_DenseLSTM,6,Test,0.0,0.0,1.0,
BSO,V07_DenseLSTM,12,Train,0.0,0.0,1.0,
BSO,V07_DenseLSTM,12,Test,0.0,0.0,1.0,
BSO,V08_Lite,3,Train,0.0,0.0,1.0,
BSO,V08_Lite,3,Test,0.0,0.0,1.0,
BSO,V08_Lite,6,Train,0.0,0.0,1.0,
BSO,V08_Lite,6,Test,0.0,0.0,1.0,
BSO,V08_Lite,12,Train,0.0,0.0,1.0,
BSO,V08_Lite,12,Test,0.0,0.0,1.0,
BSO,V09_BiDeep,3,Train,0.0,0.0,1.0,
BSO,V09_BiDeep,3,Test,0.0,0.0,1.0,
BSO,V09_BiDeep,6,Train,0.0,0.0,1.0,
BSO,V09_BiDeep,6,Test,0.0,0.0,1.0,
BSO,V09_BiDeep,12,Train,0.0,0.0,1.0,
BSO,V09_BiDeep,12,Test,0.0,0.0,1.0,
BSO,V10_Mixed,3,Train,0.0,0.0,1.0,
BSO,V10_Mixed,3,Test,0.0,0.0,1.0,
BSO,V10_Mixed,6,Train,0.0,0.0,1.0,
BSO,V10_Mixed,6,Test,0.0,0.0,1.0,
BSO,V10_Mixed,12,Train,0.0,0.0,1.0,
BSO,V10_Mixed,12,Test,0.0,0.0,1.0,
CRM,V01_Simple,3,Train,0.0,0.0,1.0,
CRM,V01_Simple,3,Test,0.0,0.0,1.0,
CRM,V01_Simple,6,Train,0.0,0.0,1.0,
CRM,V01_Simple,6,Test,0.0,0.0,1.0,
CRM,V01_Simple,12,Train,0.0,0.0,1.0,
CRM,V01_Simple,12,Test,0.0,0.0,1.0,
CRM,V02_Deep,3,Train,0.0,0.0,1.0,
CRM,V02_Deep,3,Test,0.0,0.0,1.0,
CRM,V02_Deep,6,Train,0.0,0.0,1.0,
CRM,V02_Deep,6,Test,0.0,0.0,1.0,
CRM,V02_Deep,12,Train,0.0,0.0,1.0,
CRM,V02_Deep,12,Test,0.0,0.0,1.0,
CRM,V03_Wide,3,Train,0.0,0.0,1.0,
CRM,V03_Wide,3,Test,0.0,0.0,1.0,
CRM,V03_Wide,6,Train,0.0,0.0,1.0,
CRM,V03_Wide,6,Test,0.0,0.0,1.0,
CRM,V03_Wide,12,Train,0.0,0.0,1.0,
CRM,V03_Wide,12,Test,0.0,0.0,1.0,
CRM,V04_Triple,3,Train,0.0,0.0,1.0,
CRM,V04_Triple,3,Test,0.0,0.0,1.0,
CRM,V04_Triple,6,Train,0.0,0.0,1.0,
CRM,V04_Triple,6,Test,0.0,0.0,1.0,
CRM,V04_Triple,12,Train,0.0,0.0,1.0,
CRM,V04_Triple,12,Test,0.0,0.0,1.0,
CRM,V05_Bidir,3,Train,0.0,0.0,1.0,
CRM,V05_Bidir,3,Test,0.0,0.0,1.0,
CRM,V05_Bidir,6,Train,0.0,0.0,1.0,
CRM,V05_Bidir,6,Test,0.0,0.0,1.0,
CRM,V05_Bidir,12,Train,0.0,0.0,1.0,
CRM,V05_Bidir,12,Test,0.0,0.0,1.0,
CRM,V06_Pyramid,3,Train,0.0,0.0,1.0,
CRM,V06_Pyramid,3,Test,0.0,0.0,1.0,
CRM,V06_Pyramid,6,Train,0.0,0.0,1.0,
CRM,V06_Pyramid,6,Test,0.0,0.0,1.0,
CRM,V06_Pyramid,12,Train,0.0,0.0,1.0,
CRM,V06_Pyramid,12,Test,0.0,0.0,1.0,
CRM,V07_DenseLSTM,3,Train,0.0,0.0,1.0,
CRM,V07_DenseLSTM,3,Test,0.0,0.0,1.0,
CRM,V07_DenseLSTM,6,Train,0.0,0.0,1.0,
CRM,V07_DenseLSTM,6,Test,0.0,0.0,1.0,
CRM,V07_DenseLSTM,12,Train,0.0,0.0,1.0,
CRM,V07_DenseLSTM,12,Test,0.0,0.0,1.0,
CRM,V08_Lite,3,Train,0.0,0.0,1.0,
CRM,V08_Lite,3,Test,0.0,0.0,1.0,
CRM,V08_Lite,6,Train,0.0,0.0,1.0,
CRM,V08_Lite,6,Test,0.0,0.0,1.0,
CRM,V08_Lite,12,Train,0.0,0.0,1.0,
CRM,V08_Lite,12,Test,0.0,0.0,1.0,
CRM,V09_BiDeep,3,Train,0.0,0.0,1.0,
CRM,V09_BiDeep,3,Test,0.0,0.0,1.0,
CRM,V09_BiDeep,6,Train,0.0,0.0,1.0,
CRM,V09_BiDeep,6,Test,0.0,0.0,1.0,
CRM,V09_BiDeep,12,Train,0.0,0.0,1.0,
CRM,V09_BiDeep,12,Test,0.0,0.0,1.0,
CRM,V10_Mixed,3,Train,0.0,0.0,1.0,
CRM,V10_Mixed,3,Test,0.0,0.0,1.0,
CRM,V10_Mixed,6,Train,0.0,0.0,1.0,
CRM,V10_Mixed,6,Test,0.0,0.0,1.0,
CRM,V10_Mixed,12,Train,0.0,0.0,1.0,
CRM,V10_Mixed,12,Test,0.0,0.0,1.0,
CBO,V01_Simple,3,Train,0.0,0.0,1.0,
CBO,V01_Simple,3,Test,0.0,0.0,1.0,
CBO,V01_Simple,6,Train,0.0,0.0,1.0,
CBO,V01_Simple,6,Test,0.0,0.0,1.0,
CBO,V01_Simple,12,Train,0.0,0.0,1.0,
CBO,V01_Simple,12,Test,0.0,0.0,1.0,
CBO,V02_Deep,3,Train,0.0,0.0,1.0,
CBO,V02_Deep,3,Test,0.0,0.0,1.0,
CBO,V02_Deep,6,Train,0.0,0.0,1.0,
CBO,V02_Deep,6,Test,0.0,0.0,1.0,
CBO,V02_Deep,12,Train,0.0,0.0,1.0,
CBO,V02_Deep,12,Test,0.0,0.0,1.0,
CBO,V03_Wide,3,Train,0.0,0.0,1.0,
CBO,V03_Wide,3,Test,0.0,0.0,1.0,
CBO,V03_Wide,6,Train,0.0,0.0,1.0,
CBO,V03_Wide,6,Test,0.0,0.0,1.0,
CBO,V03_Wide,12,Train,0.0,0.0,1.0,
CBO,V03_Wide,12,Test,0.0,0.0,1.0,
CBO,V04_Triple,3,Train,0.0,0.0,1.0,
CBO,V04_Triple,3,Test,0.0,0.0,1.0,
CBO,V04_Triple,6,Train,0.0,0.0,1.0,
CBO,V04_Triple,6,Test,0.0,0.0,1.0,
CBO,V04_Triple,12,Train,0.0,0.0,1.0,
CBO,V04_Triple,12,Test,0.0,0.0,1.0,
CBO,V05_Bidir,3,Train,0.0,0.0,1.0,
CBO,V05_Bidir,3,Test,0.0,0.0,1.0,
CBO,V05_Bidir,6,Train,0.0,0.0,1.0,
CBO,V05_Bidir,6,Test,0.0,0.0,1.0,
CBO,V05_Bidir,12,Train,0.0,0.0,1.0,
CBO,V05_Bidir,12,Test,0.0,0.0,1.0,
CBO,V06_Pyramid,3,Train,0.0,0.0,1.0,
CBO,V06_Pyramid,3,Test,0.0,0.0,1.0,
CBO,V06_Pyramid,6,Train,0.0,0.0,1.0,
CBO,V06_Pyramid,6,Test,0.0,0.0,1.0,
CBO,V06_Pyramid,12,Train,0.0,0.0,1.0,
CBO,V06_Pyramid,12,Test,0.0,0.0,1.0,
CBO,V07_DenseLSTM,3,Train,0.0,0.0,1.0,
CBO,V07_DenseLSTM,3,Test,0.0,0.0,1.0,
CBO,V07_DenseLSTM,6,Train,0.0,0.0,1.0,
CBO,V07_DenseLSTM,6,Test,0.0,0.0,1.0,
CBO,V07_DenseLSTM,12,Train,0.0,0.0,1.0,
CBO,V07_DenseLSTM,12,Test,0.0,0.0,1.0,
CBO,V08_Lite,3,Train,0.0,0.0,1.0,
CBO,V08_Lite,3,Test,0.0,0.0,1.0,
CBO,V08_Lite,6,Train,0.0,0.0,1.0,
CBO,V08_Lite,6,Test,0.0,0.0,1.0,
CBO,V08_Lite,12,Train,0.0,0.0,1.0,
CBO,V08_Lite,12,Test,0.0,0.0,1.0,
CBO,V09_BiDeep,3,Train,0.0,0.0,1.0,
CBO,V09_BiDeep,3,Test,0.0,0.0,1.0,
CBO,V09_BiDeep,6,Train,0.0,0.0,1.0,
CBO,V09_BiDeep,6,Test,0.0,0.0,1.0,
CBO,V09_BiDeep,12,Train,0.0,0.0,1.0,
CBO,V09_BiDeep,12,Test,0.0,0.0,1.0,
CBO,V10_Mixed,3,Train,0.0,0.0,1.0,
CBO,V10_Mixed,3,Test,0.0,0.0,1.0,
CBO,V10_Mixed,6,Train,0.0,0.0,1.0,
CBO,V10_Mixed,6,Test,0.0,0.0,1.0,
CBO,V10_Mixed,12,Train,0.0,0.0,1.0,
CBO,V10_Mixed,12,Test,0.0,0.0,1.0,
EUQ,V01_Simple,3,Train,0.0,0.0,1.0,
EUQ,V01_Simple,3,Test,0.0,0.0,1.0,
EUQ,V01_Simple,6,Train,0.0,0.0,1.0,
EUQ,V01_Simple,6,Test,0.0,0.0,1.0,
EUQ,V01_Simple,12,Train,0.0,0.0,1.0,
EUQ,V01_Simple,12,Test,0.0,0.0,1.0,
EUQ,V02_Deep,3,Train,0.0,0.0,1.0,
EUQ,V02_Deep,3,Test,0.0,0.0,1.0,
EUQ,V02_Deep,6,Train,0.0,0.0,1.0,
EUQ,V02_Deep,6,Test,0.0,0.0,1.0,
EUQ,V02_Deep,12,Train,0.0,0.0,1.0,
EUQ,V02_Deep,12,Test,0.0,0.0,1.0,
EUQ,V03_Wide,3,Train,0.0,0.0,1.0,
EUQ,V03_Wide,3,Test,0.0,0.0,1.0,
EUQ,V03_Wide,6,Train,0.0,0.0,1.0,
EUQ,V03_Wide,6,Test,0.0,0.0,1.0,
EUQ,V03_Wide,12,Train,0.0,0.0,1.0,
EUQ,V03_Wide,12,Test,0.0,0.0,1.0,
EUQ,V04_Triple,3,Train,0.0,0.0,1.0,
EUQ,V04_Triple,3,Test,0.0,0.0,1.0,
EUQ,V04_Triple,6,Train,0.0,0.0,1.0,
EUQ,V04_Triple,6,Test,0.0,0.0,1.0,
EUQ,V04_Triple,12,Train,0.0,0.0,1.0,
EUQ,V04_Triple,12,Test,0.0,0.0,1.0,
EUQ,V05_Bidir,3,Train,0.0,0.0,1.0,
EUQ,V05_Bidir,3,Test,0.0,0.0,1.0,
EUQ,V05_Bidir,6,Train,0.0,0.0,1.0,
EUQ,V05_Bidir,6,Test,0.0,0.0,1.0,
EUQ,V05_Bidir,12,Train,0.0,0.0,1.0,
EUQ,V05_Bidir,12,Test,0.0,0.0,1.0,
EUQ,V06_Pyramid,3,Train,0.0,0.0,1.0,
EUQ,V06_Pyramid,3,Test,0.0,0.0,1.0,
EUQ,V06_Pyramid,6,Train,0.0,0.0,1.0,
EUQ,V06_Pyramid,6,Test,0.0,0.0,1.0,
EUQ,V06_Pyramid,12,Train,0.0,0.0,1.0,
EUQ,V06_Pyramid,12,Test,0.0,0.0,1.0,
EUQ,V07_DenseLSTM,3,Train,0.0,0.0,1.0,
EUQ,V07_DenseLSTM,3,Test,0.0,0.0,1.0,
EUQ,V07_DenseLSTM,6,Train,0.0,0.0,1.0,
EUQ,V07_DenseLSTM,6,Test,0.0,0.0,1.0,
EUQ,V07_DenseLSTM,12,Train,0.0,0.0,1.0,
EUQ,V07_DenseLSTM,12,Test,0.0,0.0,1.0,
EUQ,V08_Lite,3,Train,0.0,0.0,1.0,
EUQ,V08_Lite,3,Test,0.0,0.0,1.0,
EUQ,V08_Lite,6,Train,0.0,0.0,1.0,
EUQ,V08_Lite,6,Test,0.0,0.0,1.0,
EUQ,V08_Lite,12,Train,0.0,0.0,1.0,
EUQ,V08_Lite,12,Test,0.0,0.0,1.0,
EUQ,V09_BiDeep,3,Train,0.0,0.0,1.0,
EUQ,V09_BiDeep,3,Test,0.0,0.0,1.0,
EUQ,V09_BiDeep,6,Train,0.0,0.0,1.0,
EUQ,V09_BiDeep,6,Test,0.0,0.0,1.0,
EUQ,V09_BiDeep,12,Train,0.0,0.0,1.0,
EUQ,V09_BiDeep,12,Test,0.0,0.0,1.0,
EUQ,V10_Mixed,3,Train,0.0,0.0,1.0,
EUQ,V10_Mixed,3,Test,0.0,0.0,1.0,
EUQ,V10_Mixed,6,Train,0.0,0.0,1.0,
EUQ,V10_Mixed,6,Test,0.0,0.0,1.0,
EUQ,V10_Mixed,12,Train,0.0,0.0,1.0,
EUQ,V10_Mixed,12,Test,0.0,0.0,1.0,
TBH,V01_Simple,3,Train,0.0,0.0,1.0,
TBH,V01_Simple,3,Test,0.0,0.0,1.0,
TBH,V01_Simple,6,Train,0.0,0.0,1.0,
TBH,V01_Simple,6,Test,0.0,0.0,1.0,
TBH,V01_Simple,12,Train,0.0,0.0,1.0,
TBH,V01_Simple,12,Test,0.0,0.0,1.0,
TBH,V02_Deep,3,Train,0.0,0.0,1.0,
TBH,V02_Deep,3,Test,0.0,0.0,1.0,
TBH,V02_Deep,6,Train,0.0,0.0,1.0,
TBH,V02_Deep,6,Test,0.0,0.0,1.0,
TBH,V02_Deep,12,Train,0.0,0.0,1.0,
TBH,V02_Deep,12,Test,0.0,0.0,1.0,
TBH,V03_Wide,3,Train,0.0,0.0,1.0,
TBH,V03_Wide,3,Test,0.0,0.0,1.0,
TBH,V03_Wide,6,Train,0.0,0.0,1.0,
TBH,V03_Wide,6,Test,0.0,0.0,1.0,
TBH,V03_Wide,12,Train,0.0,0.0,1.0,
TBH,V03_Wide,12,Test,0.0,0.0,1.0,
TBH,V04_Triple,3,Train,0.0,0.0,1.0,
TBH,V04_Triple,3,Test,0.0,0.0,1.0,
TBH,V04_Triple,6,Train,0.0,0.0,1.0,
TBH,V04_Triple,6,Test,0.0,0.0,1.0,
TBH,V04_Triple,12,Train,0.0,0.0,1.0,
TBH,V04_Triple,12,Test,0.0,0.0,1.0,
TBH,V05_Bidir,3,Train,0.0,0.0,1.0,
TBH,V05_Bidir,3,Test,0.0,0.0,1.0,
TBH,V05_Bidir,6,Train,0.0,0.0,1.0,
TBH,V05_Bidir,6,Test,0.0,0.0,1.0,
TBH,V05_Bidir,12,Train,0.0,0.0,1.0,
TBH,V05_Bidir,12,Test,0.0,0.0,1.0,
TBH,V06_Pyramid,3,Train,0.0,0.0,1.0,
TBH,V06_Pyramid,3,Test,0.0,0.0,1.0,
TBH,V06_Pyramid,6,Train,0.0,0.0,1.0,
TBH,V06_Pyramid,6,Test,0.0,0.0,1.0,
TBH,V06_Pyramid,12,Train,0.0,0.0,1.0,
TBH,V06_Pyramid,12,Test,0.0,0.0,1.0,
TBH,V07_DenseLSTM,3,Train,0.0,0.0,1.0,
TBH,V07_DenseLSTM,3,Test,0.0,0.0,1.0,
TBH,V07_DenseLSTM,6,Train,0.0,0.0,1.0,
TBH,V07_DenseLSTM,6,Test,0.0,0.0,1.0,
TBH,V07_DenseLSTM,12,Train,0.0,0.0,1.0,
TBH,V07_DenseLSTM,12,Test,0.0,0.0,1.0,
TBH,V08_Lite,3,Train,0.0,0.0,1.0,
TBH,V08_Lite,3,Test,0.0,0.0,1.0,
TBH,V08_Lite,6,Train,0.0,0.0,1.0,
TBH,V08_Lite,6,Test,0.0,0.0,1.0,
TBH,V08_Lite,12,Train,0.0,0.0,1.0,
TBH,V08_Lite,12,Test,0.0,0.0,1.0,
TBH,V09_BiDeep,3,Train,0.0,0.0,1.0,
TBH,V09_BiDeep,3,Test,0.0,0.0,1.0,
TBH,V09_BiDeep,6,Train,0.0,0.0,1.0,
TBH,V09_BiDeep,6,Test,0.0,0.0,1.0,
TBH,V09_BiDeep,12,Train,0.0,0.0,1.0,
TBH,V09_BiDeep,12,Test,0.0,0.0,1.0,
TBH,V10_Mixed,3,Train,0.0,0.0,1.0,
TBH,V10_Mixed,3,Test,0.0,0.0,1.0,
TBH,V10_Mixed,6,Train,0.0,0.0,1.0,
TBH,V10_Mixed,6,Test,0.0,0.0,1.0,
TBH,V10_Mixed,12,Train,0.0,0.0,1.0,
TBH,V10_Mixed,12,Test,0.0,0.0,1.0,
